esp_abeast_id,serial_port,chip,threshold,dac,hits_per_s,count0,count1,dt_s,mu_est,sigma_est,r2_est
1,COM12,1,0,255,121708.22426235324,0,1217756,10.00553584098816,,,
1,COM12,1,0,254,138469.42037807408,0,1385421,10.005248785018921,,,
1,COM12,1,0,253,149750.06749335045,0,1498294,10.005297660827637,,,
1,COM12,1,0,252,158465.846582121,0,1585575,10.005783796310425,,,
1,COM12,1,0,251,154481.2739188159,0,1545621,10.005232095718384,253,1,-16.13387630864202
1,COM12,1,0,250,131692.74982039296,0,1317624,10.00528883934021,252,2,-14.073959546199816
1,COM12,1,0,249,104014.78409575157,0,1040699,10.005298852920532,252,2,-5.054918798588998
1,COM12,1,0,248,72775.71026778109,0,728169,10.005659818649292,252,2,-0.9709589112478392
1,COM12,1,0,247,62034.06770508876,0,620679,10.005453824996948,252,2,-0.0314087949995101
1,COM12,1,0,246,39192.40389639243,0,392152,10.005816459655762,251,2,0.4256641762428236
1,COM12,1,0,245,21751.181709572807,0,217632,10.005525350570679,251,3,0.636105281917049
1,COM12,1,0,244,10965.397180827404,0,109714,10.005474328994751,251,3,0.7388931317755469
1,COM12,1,0,243,5323.916864975189,0,53268,10.005415439605713,251,3,0.7946470317310431
1,COM12,1,0,242,5326.623239099471,0,53292,10.00483751296997,251,3,0.8278782146815151
1,COM12,1,0,241,2292.475390694297,0,22938,10.005778074264526,251,3,0.8498274948921153
1,COM12,1,0,240,1081.4924264332215,0,10820,10.004693269729614,251,3,0.8651773884588145
1,COM12,1,0,239,491.97671459343434,0,4922,10.004538536071777,251,3,0.8763954111378782
1,COM12,1,0,238,129.8307557581351,0,1299,10.005333423614502,251,3,0.8848268840002229
1,COM12,1,0,237,53.47357240480473,0,535,10.004942178726196,251,3,0.8914338183626356
1,COM12,1,0,236,22.188138617418296,0,222,10.005345821380615,251,3,0.896750134961542
1,COM12,1,0,235,8.896022531735,0,89,10.004471063613892,251,3,0.9011214501649016
1,COM12,1,0,234,4.697467538452638,0,47,10.005391120910645,251,3,0.9047834252337135
1,COM12,1,0,233,3.1986096131690194,0,32,10.00434684753418,251,3,0.90789756462371
1,COM12,1,0,232,1.4991839440196535,0,15,10.005443334579468,251,3,0.9105762477513465
1,COM12,1,0,231,1.399352120904068,0,14,10.004629850387573,251,3,0.9129074508441298
1,COM12,1,0,230,1.0994250324228716,0,11,10.005229711532593,251,3,0.9149540900491816
1,COM12,1,0,229,1.2992927205230003,0,13,10.005443572998047,251,3,0.9167668530416114
1,COM12,1,0,228,0.899546870558711,0,9,10.005037307739258,251,3,0.9183817525349935
1,COM12,1,0,227,1.0995351039044228,0,11,10.004228115081787,251,3,0.9198316706708027
1,COM12,1,0,226,0.9994509851765998,0,10,10.0054931640625,251,3,0.9211397417736095
1,COM12,1,0,225,0.8995335589558189,0,9,10.00518536567688,251,3,0.9223257890653617
1,COM12,1,0,224,0.6996840973436499,0,7,10.004514932632446,251,3,0.9234054919355049
1,COM12,1,0,223,0.8995951043038595,0,9,10.00450086593628,251,3,0.9243947599704451
1,COM12,1,0,222,0.5997460915720929,0,6,10.004233598709106,251,3,0.9253016966470792
1,COM12,1,0,221,0.4997787977790363,0,5,10.004426002502441,251,3,0.9261370356679992
1,COM12,1,0,220,0.5997467490512741,0,6,10.004222631454468,251,3,0.9269103432448069
1,COM12,1,0,219,0.39982537267203383,0,4,10.004367589950562,251,3,0.9276261280585973
1,COM12,1,0,218,0.3997767645930401,0,4,10.005584001541138,251,3,0.9282919088090128
1,COM12,1,0,217,0.3998221044513399,0,4,10.004449367523193,251,3,0.9289128180486572
1,COM12,1,0,216,0.19988809175084846,0,2,10.005598545074463,251,3,0.9294913062724874
1,COM12,1,0,215,0.1999124671826408,0,2,10.0043785572052,251,3,0.93003316676611
1,COM12,1,0,214,0.0,0,0,10.00449514389038,251,3,0.93003316676611
1,COM12,1,0,213,0.29982723654144444,0,3,10.005762100219727,251,3,0.9305431408280189
1,COM12,1,0,212,0.19989372658231117,0,2,10.005316495895386,251,3,0.9310216918816101
1,COM12,1,0,211,0.19989490788903566,0,2,10.005257368087769,251,3,0.9314726728071674
1,COM12,1,0,210,0.09994378629058882,0,1,10.005624532699585,251,3,0.9318970434460783
1,COM12,1,0,209,0.09995724361163053,0,1,10.004277467727661,251,3,0.9322982274608643
1,COM12,1,0,208,0.19991332950630802,0,2,10.004335403442383,251,3,0.9326796228660474
1,COM12,1,0,207,0.0,0,0,10.004947185516357,251,3,0.9326796228660474
1,COM12,1,0,206,0.09994912353068876,0,1,10.005090236663818,251,3,0.933039915056164
1,COM12,1,0,205,0.09995800352244204,0,1,10.004201412200928,251,3,0.9333820657355493
1,COM12,1,0,204,0.0,0,0,10.004259586334229,251,3,0.9333820657355493
1,COM12,1,0,203,0.19990873212071944,0,2,10.004565477371216,251,3,0.9337094420909657
1,COM12,1,0,202,0.0,0,0,10.005673170089722,251,3,0.9337094420909657
1,COM12,1,0,201,0.09994843044321008,0,1,10.005159616470337,251,3,0.9340194130132851
1,COM12,1,0,200,0.09995536889675383,0,1,10.004465103149414,251,3,0.9343149319093522
1,COM12,1,0,199,0.0,0,0,10.00431752204895,251,3,0.9343149319093522
1,COM12,1,0,198,0.09995427792605664,0,1,10.004574298858643,251,3,0.9345971014152453
1,COM12,1,0,197,0.0,0,0,10.004665851593018,251,3,0.9345971014152453
1,COM12,1,0,196,0.09995507352242364,0,1,10.004494667053223,251,3,0.9348668421581249
1,COM12,1,0,195,0.09994966419323079,0,1,10.005036115646362,251,3,0.935124890521714
1,COM12,1,0,194,0.0,0,0,10.004843473434448,251,3,0.935124890521714
1,COM12,1,0,193,0.0,0,0,10.00410532951355,251,3,0.935124890521714
1,COM12,1,0,192,0.0,0,0,10.0057954788208,251,3,0.935124890521714
1,COM12,1,0,191,0.0,0,0,10.00462031364441,251,3,0.935124890521714
1,COM12,1,0,190,0.0,0,0,10.005976676940918,251,3,0.935124890521714
1,COM12,1,0,189,0.09995152440287106,0,1,10.004849910736084,251,3,0.9353725548590496
1,COM12,1,0,188,0.0,0,0,10.004365682601929,251,3,0.9353725548590496
1,COM12,1,0,187,0.0,0,0,10.005456447601318,251,3,0.9353725548590496
1,COM12,1,0,186,0.0,0,0,10.004773378372192,251,3,0.9353725548590496
1,COM12,1,0,185,0.0,0,0,10.004446744918823,251,3,0.9353725548590496
1,COM12,1,0,184,0.0,0,0,10.005251407623291,251,3,0.9353725548590496
1,COM12,1,0,183,0.0,0,0,10.004457473754883,251,3,0.9353725548590496
1,COM12,1,0,182,0.0,0,0,10.004258632659912,251,3,0.9353725548590496
1,COM12,1,0,181,0.0,0,0,10.004115104675293,251,3,0.9353725548590496
1,COM12,1,0,180,0.0,0,0,10.004462003707886,251,3,0.9353725548590496
1,COM12,1,0,179,0.0,0,0,10.004393100738525,251,3,0.9353725548590496
1,COM12,1,0,178,0.0,0,0,10.005120515823364,251,3,0.9353725548590496
1,COM12,1,0,177,0.0,0,0,10.00478982925415,251,3,0.9353725548590496
1,COM12,1,0,176,0.0,0,0,10.004846096038818,251,3,0.9353725548590496
1,COM12,1,0,175,0.0,0,0,10.004380702972412,251,3,0.9353725548590496
1,COM12,1,0,174,0.0,0,0,10.004623413085938,251,3,0.9353725548590496
1,COM12,1,0,173,0.0,0,0,10.005252122879028,251,3,0.9353725548590496
1,COM12,1,0,172,0.0,0,0,10.004627466201782,251,3,0.9353725548590496
1,COM12,1,0,171,0.0,0,0,10.00413203239441,251,3,0.9353725548590496
1,COM12,1,0,170,0.0,0,0,10.005056142807007,251,3,0.9353725548590496
1,COM12,1,0,169,0.0,0,0,10.00437068939209,251,3,0.9353725548590496
1,COM12,1,0,168,0.0,0,0,10.004603147506714,251,3,0.9353725548590496
1,COM12,1,0,167,0.0,0,0,10.004598617553711,251,3,0.9353725548590496
1,COM12,1,0,166,0.0,0,0,10.00432538986206,251,3,0.9353725548590496
1,COM12,1,0,165,0.0,0,0,10.004164218902588,251,3,0.9353725548590496
1,COM12,1,0,164,0.0,0,0,10.005363941192627,251,3,0.9353725548590496
1,COM12,1,0,163,0.0,0,0,10.00428581237793,251,3,0.9353725548590496
1,COM12,1,0,162,0.0,0,0,10.005445718765259,251,3,0.9353725548590496
1,COM12,1,0,161,0.0,0,0,10.004699230194092,251,3,0.9353725548590496
1,COM12,1,0,160,0.0,0,0,10.004639625549316,251,3,0.9353725548590496
1,COM12,1,0,159,0.0,0,0,10.005006074905396,251,3,0.9353725548590496
1,COM12,1,0,158,0.0,0,0,10.005469799041748,251,3,0.9353725548590496
1,COM12,1,0,157,0.0,0,0,10.005444765090942,251,3,0.9353725548590496
1,COM12,1,0,156,0.0,0,0,10.005194664001465,251,3,0.9353725548590496
1,COM12,1,0,155,0.0,0,0,10.005367755889893,251,3,0.9353725548590496
1,COM12,1,0,154,0.0,0,0,10.005616664886475,251,3,0.9353725548590496
1,COM12,1,0,153,0.0,0,0,10.0055091381073,251,3,0.9353725548590496
1,COM12,1,0,152,0.0,0,0,10.00464153289795,251,3,0.9353725548590496
1,COM12,1,0,151,0.0,0,0,10.005697250366211,251,3,0.9353725548590496
1,COM12,1,0,150,0.0,0,0,10.004526138305664,251,3,0.9353725548590496
1,COM12,1,0,149,0.0,0,0,10.005228519439697,251,3,0.9353725548590496
1,COM12,1,0,148,0.0,0,0,10.004954099655151,251,3,0.9353725548590496
1,COM12,1,0,147,0.0,0,0,10.005570650100708,251,3,0.9353725548590496
1,COM12,1,0,146,0.0,0,0,10.005815744400024,251,3,0.9353725548590496
1,COM12,1,0,145,0.0,0,0,10.004906177520752,251,3,0.9353725548590496
1,COM12,1,0,144,0.0,0,0,10.005794286727905,251,3,0.9353725548590496
1,COM12,1,0,143,0.0,0,0,10.005076885223389,251,3,0.9353725548590496
1,COM12,1,0,142,0.0,0,0,10.00523066520691,251,3,0.9353725548590496
1,COM12,1,0,141,0.0,0,0,10.005189418792725,251,3,0.9353725548590496
1,COM12,1,0,140,0.0,0,0,10.00536584854126,251,3,0.9353725548590496
1,COM12,1,0,139,0.0,0,0,10.004510164260864,251,3,0.9353725548590496
1,COM12,1,0,138,0.0,0,0,10.005712032318115,251,3,0.9353725548590496
1,COM12,1,0,137,0.0,0,0,10.004782438278198,251,3,0.9353725548590496
1,COM12,1,0,136,0.0,0,0,10.00423264503479,251,3,0.9353725548590496
1,COM12,1,0,135,0.0,0,0,10.004944324493408,251,3,0.9353725548590496
1,COM12,1,0,134,0.0,0,0,10.005030632019043,251,3,0.9353725548590496
1,COM12,1,0,133,0.0,0,0,10.00485372543335,251,3,0.9353725548590496
1,COM12,1,0,132,0.0,0,0,10.005431413650513,251,3,0.9353725548590496
1,COM12,1,0,131,0.0,0,0,10.005109786987305,251,3,0.9353725548590496
1,COM12,1,0,130,0.0,0,0,10.005302667617798,251,3,0.9353725548590496
1,COM12,1,0,129,0.0,0,0,10.005588293075562,251,3,0.9353725548590496
1,COM12,1,0,128,0.0,0,0,10.00548267364502,251,3,0.9353725548590496
1,COM12,1,0,127,0.0,0,0,10.00568151473999,251,3,0.9353725548590496
1,COM12,1,0,126,0.0,0,0,10.00596809387207,251,3,0.9353725548590496
1,COM12,1,0,125,0.0,0,0,10.005719423294067,251,3,0.9353725548590496
1,COM12,1,0,124,0.0,0,0,10.004170656204224,251,3,0.9353725548590496
1,COM12,1,0,123,0.0,0,0,10.004687070846558,251,3,0.9353725548590496
1,COM12,1,0,122,0.0,0,0,10.005287408828735,251,3,0.9353725548590496
1,COM12,1,0,121,0.0,0,0,10.005195140838623,251,3,0.9353725548590496
1,COM12,1,0,120,0.0,0,0,10.00513505935669,251,3,0.9353725548590496
1,COM12,1,0,119,0.0,0,0,10.005701541900635,251,3,0.9353725548590496
1,COM12,1,0,118,0.0,0,0,10.005805492401123,251,3,0.9353725548590496
1,COM12,1,0,117,0.0,0,0,10.005191087722778,251,3,0.9353725548590496
1,COM12,1,0,116,0.0,0,0,10.005345106124878,251,3,0.9353725548590496
1,COM12,1,0,115,0.0,0,0,10.005596160888672,251,3,0.9353725548590496
1,COM12,1,0,114,0.0,0,0,10.004796028137207,251,3,0.9353725548590496
1,COM12,1,0,113,0.0,0,0,10.005151271820068,251,3,0.9353725548590496
1,COM12,1,0,112,0.0,0,0,10.004902362823486,251,3,0.9353725548590496
1,COM12,1,0,111,0.0,0,0,10.004814147949219,251,3,0.9353725548590496
1,COM12,1,0,110,0.0,0,0,10.00517749786377,251,3,0.9353725548590496
1,COM12,1,0,109,0.0,0,0,10.005630731582642,251,3,0.9353725548590496
1,COM12,1,0,108,0.0,0,0,10.005373001098633,251,3,0.9353725548590496
1,COM12,1,0,107,0.0,0,0,10.005360841751099,251,3,0.9353725548590496
1,COM12,1,0,106,0.0,0,0,10.004951238632202,251,3,0.9353725548590496
1,COM12,1,0,105,0.0,0,0,10.005133628845215,251,3,0.9353725548590496
1,COM12,1,0,104,0.0,0,0,10.005616903305054,251,3,0.9353725548590496
1,COM12,1,0,103,0.0,0,0,10.004649877548218,251,3,0.9353725548590496
1,COM12,1,0,102,0.0,0,0,10.005208253860474,251,3,0.9353725548590496
1,COM12,1,0,101,0.0,0,0,10.004413366317749,251,3,0.9353725548590496
1,COM12,1,0,100,0.0,0,0,10.00512981414795,251,3,0.9353725548590496
1,COM12,1,0,99,0.0,0,0,10.005582571029663,251,3,0.9353725548590496
1,COM12,1,0,98,0.0,0,0,10.00521969795227,251,3,0.9353725548590496
1,COM12,1,0,97,0.0,0,0,10.005492925643921,251,3,0.9353725548590496
1,COM12,1,0,96,0.0,0,0,10.00487494468689,251,3,0.9353725548590496
1,COM12,1,0,95,0.0,0,0,10.005427360534668,251,3,0.9353725548590496
1,COM12,1,0,94,0.0,0,0,10.005425214767456,251,3,0.9353725548590496
1,COM12,1,0,93,0.0,0,0,10.00564956665039,251,3,0.9353725548590496
1,COM12,1,0,92,0.0,0,0,10.005744934082031,251,3,0.9353725548590496
1,COM12,1,0,91,0.0,0,0,10.00546932220459,251,3,0.9353725548590496
1,COM12,1,0,90,0.0,0,0,10.004326343536377,251,3,0.9353725548590496
1,COM12,1,0,89,0.0,0,0,10.004914999008179,251,3,0.9353725548590496
1,COM12,1,0,88,0.0,0,0,10.005308628082275,251,3,0.9353725548590496
1,COM12,1,0,87,0.0,0,0,10.00525689125061,251,3,0.9353725548590496
1,COM12,1,0,86,0.0,0,0,10.005384683609009,251,3,0.9353725548590496
1,COM12,1,0,85,0.0,0,0,10.004909992218018,251,3,0.9353725548590496
1,COM12,1,0,84,0.0,0,0,10.00452184677124,251,3,0.9353725548590496
1,COM12,1,0,83,0.0,0,0,10.005515098571777,251,3,0.9353725548590496
1,COM12,1,0,82,0.0,0,0,10.004433155059814,251,3,0.9353725548590496
1,COM12,1,1,255,65655.67910570408,0,656920,10.005532026290894,,,
1,COM12,1,1,254,68290.74417527484,0,683285,10.005528688430786,,,
1,COM12,1,1,253,74085.99999966638,0,741246,10.005210161209106,,,
1,COM12,1,1,252,85363.77574852979,0,854122,10.005672693252563,,,
1,COM12,1,1,251,90522.7967970249,0,905804,10.00636339187622,253,1,-8.474799418264341
1,COM12,1,1,250,106523.9180357839,0,1065803,10.005292892456055,252,2,-4.026285624886395
1,COM12,1,1,249,127402.92935814268,0,1274709,10.005335092544556,252,2,-2.2421011851654042
1,COM12,1,1,248,141625.55936623795,0,1416966,10.005016088485718,251,2,-1.4876286791932163
1,COM12,1,1,247,146892.47740642304,0,1469766,10.00572681427002,250,3,-1.0051326365149196
1,COM12,1,1,246,138668.64617876688,0,1387435,10.005398035049438,250,3,-0.728586810915099
1,COM12,1,1,245,112586.83293979058,0,1126570,10.006232261657715,249,3,-0.48549263552886157
1,COM12,1,1,244,81495.1999579504,0,815466,10.006307125091553,249,3,-0.09500426815625262
1,COM12,1,1,243,70639.90987998215,0,706835,10.006170749664307,249,3,0.23983503453508692
1,COM12,1,1,242,42158.7695260053,0,421786,10.004703760147095,248,3,0.553694442236273
1,COM12,1,1,241,20913.16651866466,0,209250,10.005658388137817,248,4,0.7321445364861148
1,COM12,1,1,240,10982.05356079343,0,109878,10.005232572555542,248,4,0.8182849155580038
1,COM12,1,1,239,7726.754982494899,0,77311,10.00562334060669,248,4,0.8647857034713862
1,COM12,1,1,238,3863.711090876069,0,38659,10.005665302276611,248,4,0.8912241346465075
1,COM12,1,1,237,1443.4953630068994,0,14443,10.005574226379395,248,4,0.907189805103083
1,COM12,1,1,236,574.7813990415021,0,5751,10.005542993545532,248,4,0.9178378511624823
1,COM12,1,1,235,404.56336591110477,0,4048,10.005849123001099,248,4,0.9256502016485324
1,COM12,1,1,234,152.11651606361227,0,1522,10.005488157272339,248,4,0.931433927751895
1,COM12,1,1,233,55.57137764760682,0,556,10.005150556564331,248,4,0.935916676550713
1,COM12,1,1,232,24.487807777170882,0,245,10.004978895187378,248,4,0.9395183426088982
1,COM12,1,1,231,6.796090667735566,0,68,10.005752325057983,248,4,0.9424737456406663
1,COM12,1,1,230,2.698743894617302,0,27,10.00465440750122,248,4,0.9449522860654117
1,COM12,1,1,229,1.9989207849222526,0,20,10.005398988723755,248,4,0.9470640194485646
1,COM12,1,1,228,0.7996434656989089,0,8,10.004458665847778,248,4,0.9488832585408407
1,COM12,1,1,227,0.7995677042763263,0,8,10.005406618118286,248,4,0.9504685022628221
1,COM12,1,1,226,0.6995971853250122,0,7,10.005757808685303,248,4,0.9518619993920405
1,COM12,1,1,225,0.7995927595965743,0,8,10.005093097686768,248,4,0.9530970373923155
1,COM12,1,1,224,0.5996590169059466,0,6,10.005686283111572,248,4,0.9541985341290821
1,COM12,1,1,223,0.29984919264986637,0,3,10.005029439926147,248,4,0.9551865910081062
1,COM12,1,1,222,0.49973136322387196,0,5,10.005375623703003,248,4,0.9560791360425434
1,COM12,1,1,221,0.29983783194499797,0,3,10.005408525466919,248,4,0.9568883197239954
1,COM12,1,1,220,0.5997211227231599,0,6,10.004650115966797,248,4,0.9576268425848551
1,COM12,1,1,219,0.19989071145546206,0,2,10.005467414855957,248,4,0.9583013853387728
1,COM12,1,1,218,0.1999128673761248,0,2,10.004358530044556,248,4,0.9589210197360812
1,COM12,1,1,217,0.09995588104186706,0,1,10.004413843154907,248,4,0.9594917959417393
1,COM12,1,1,216,0.4997155497372156,0,5,10.00569224357605,248,4,0.9600213030140663
1,COM12,1,1,215,0.2998283224822823,0,3,10.005725860595703,248,4,0.960511679968146
1,COM12,1,1,214,0.2998609115115772,0,3,10.004638433456421,248,4,0.9609678260654798
1,COM12,1,1,213,0.199906878933892,0,2,10.004658222198486,248,4,0.9613927323402801
1,COM12,1,1,212,0.19988880144586238,0,2,10.005563020706177,248,4,0.9617899040343858
1,COM12,1,1,211,0.1998969942632434,0,2,10.005152940750122,248,4,0.9621619853639303
1,COM12,1,1,210,0.29983134458273075,0,3,10.005625009536743,248,4,0.9625118603274266
1,COM12,1,1,209,0.19989502220978225,0,2,10.00525164604187,248,4,0.9628404366217411
1,COM12,1,1,208,0.09994742060099694,0,1,10.005260705947876,248,4,0.9631494756507233
1,COM12,1,1,207,0.19989309782797385,0,2,10.005347967147827,248,4,0.9634418147753214
1,COM12,1,1,206,0.19988593888136896,0,2,10.005706310272217,248,4,0.9637182614228387
1,COM12,1,1,205,0.09994385059129397,0,1,10.00561809539795,248,4,0.9639793975859664
1,COM12,1,1,204,0.09994843282493754,0,1,10.005159378051758,248,4,0.9642270373982091
1,COM12,1,1,203,0.19988923012314433,0,2,10.005541563034058,248,4,0.9644629562233982
1,COM12,1,1,202,0.0,0,0,10.004843950271606,248,4,0.9644629562233982
1,COM12,1,1,201,0.2998591750614557,0,3,10.004696369171143,248,4,0.9646882329903114
1,COM12,1,1,200,0.1999101708652902,0,2,10.004493474960327,248,4,0.9649020113189238
1,COM12,1,1,199,0.0999481660721683,0,1,10.005186080932617,248,4,0.9651049956768253
1,COM12,1,1,198,0.09995676718441265,0,1,10.004325151443481,248,4,0.9652987195484636
1,COM12,1,1,197,0.0,0,0,10.005176067352295,248,4,0.9652987195484636
1,COM12,1,1,196,0.09995205318188621,0,1,10.004796981811523,248,4,0.9654838457002671
1,COM12,1,1,195,0.09994535810931195,0,1,10.005467176437378,248,4,0.96566090932406
1,COM12,1,1,194,0.0,0,0,10.004829168319702,248,4,0.96566090932406
1,COM12,1,1,193,0.09994870196087094,0,1,10.00513243675232,248,4,0.9658304710520349
1,COM12,1,1,192,0.0,0,0,10.005546808242798,248,4,0.9658304710520349
1,COM12,1,1,191,0.0,0,0,10.004585981369019,248,4,0.9658304710520349
1,COM12,1,1,190,0.09994625597340526,0,1,10.005377292633057,248,4,0.9659930508166227
1,COM12,1,1,189,0.09994320996944424,0,1,10.005682229995728,248,4,0.9661490088281048
1,COM12,1,1,188,0.0,0,0,10.004737377166748,248,4,0.9661490088281048
1,COM12,1,1,187,0.0999472205403388,0,1,10.00528073310852,248,4,0.9662987905659355
1,COM12,1,1,186,0.09994993095399679,0,1,10.005009412765503,248,4,0.9664427263313181
1,COM12,1,1,185,0.0,0,0,10.00552487373352,248,4,0.9664427263313181
1,COM12,1,1,184,0.0,0,0,10.005239486694336,248,4,0.9664427263313181
1,COM12,1,1,183,0.0,0,0,10.005225658416748,248,4,0.9664427263313181
1,COM12,1,1,182,0.0,0,0,10.00435209274292,248,4,0.9664427263313181
1,COM12,1,1,181,0.09994567962377778,0,1,10.0054349899292,248,4,0.9665813366168933
1,COM12,1,1,180,0.0,0,0,10.005497694015503,248,4,0.9665813366168933
1,COM12,1,1,179,0.0,0,0,10.005584478378296,248,4,0.9665813366168933
1,COM12,1,1,178,0.0,0,0,10.005496978759766,248,4,0.9665813366168933
1,COM12,1,1,177,0.0,0,0,10.00521469116211,248,4,0.9665813366168933
1,COM12,1,1,176,0.0,0,0,10.005720853805542,248,4,0.9665813366168933
1,COM12,1,1,175,0.0,0,0,10.005372524261475,248,4,0.9665813366168933
1,COM12,1,1,174,0.0,0,0,10.005494117736816,248,4,0.9665813366168933
1,COM12,1,1,173,0.0,0,0,10.005376100540161,248,4,0.9665813366168933
1,COM12,1,1,172,0.0,0,0,10.005300760269165,248,4,0.9665813366168933
1,COM12,1,1,171,0.0,0,0,10.005655288696289,248,4,0.9665813366168933
1,COM12,1,1,170,0.0,0,0,10.005681991577148,248,4,0.9665813366168933
1,COM12,1,1,169,0.0,0,0,10.00569486618042,248,4,0.9665813366168933
1,COM12,1,1,168,0.0,0,0,10.004384279251099,248,4,0.9665813366168933
1,COM12,1,1,167,0.0,0,0,10.004980564117432,248,4,0.9665813366168933
1,COM12,1,1,166,0.0,0,0,10.00515341758728,248,4,0.9665813366168933
1,COM12,1,1,165,0.0,0,0,10.005496263504028,248,4,0.9665813366168933
1,COM12,1,1,164,0.0,0,0,10.004664897918701,248,4,0.9665813366168933
1,COM12,1,1,163,0.0,0,0,10.00490927696228,248,4,0.9665813366168933
1,COM12,1,1,162,0.0,0,0,10.005533695220947,248,4,0.9665813366168933
1,COM12,1,1,161,0.0,0,0,10.004173755645752,248,4,0.9665813366168933
1,COM12,1,1,160,0.0,0,0,10.005215167999268,248,4,0.9665813366168933
1,COM12,1,1,159,0.0,0,0,10.006047010421753,248,4,0.9665813366168933
1,COM12,1,1,158,0.0,0,0,10.005542516708374,248,4,0.9665813366168933
1,COM12,1,1,157,0.0,0,0,10.005502700805664,248,4,0.9665813366168933
1,COM12,1,1,156,0.0,0,0,10.004753112792969,248,4,0.9665813366168933
1,COM12,1,1,155,0.0,0,0,10.005589962005615,248,4,0.9665813366168933
1,COM12,1,1,154,0.0,0,0,10.005426406860352,248,4,0.9665813366168933
1,COM12,1,1,153,0.0,0,0,10.00560450553894,248,4,0.9665813366168933
1,COM12,1,1,152,0.0,0,0,10.005563259124756,248,4,0.9665813366168933
1,COM12,1,1,151,0.0,0,0,10.005184650421143,248,4,0.9665813366168933
1,COM12,1,1,150,0.0,0,0,10.00544023513794,248,4,0.9665813366168933
1,COM12,1,1,149,0.0,0,0,10.005744934082031,248,4,0.9665813366168933
1,COM12,1,1,148,0.0,0,0,10.005605697631836,248,4,0.9665813366168933
1,COM12,1,1,147,0.0,0,0,10.005367994308472,248,4,0.9665813366168933
1,COM12,1,1,146,0.0,0,0,10.004926443099976,248,4,0.9665813366168933
1,COM12,1,1,145,0.0,0,0,10.0053391456604,248,4,0.9665813366168933
1,COM12,1,1,144,0.0,0,0,10.005159139633179,248,4,0.9665813366168933
1,COM12,1,1,143,0.0,0,0,10.005560159683228,248,4,0.9665813366168933
1,COM12,1,1,142,0.0,0,0,10.005541801452637,248,4,0.9665813366168933
1,COM12,1,1,141,0.0,0,0,10.005642414093018,248,4,0.9665813366168933
1,COM12,1,1,140,0.0,0,0,10.0053231716156,248,4,0.9665813366168933
1,COM12,1,1,139,0.0,0,0,10.00562858581543,248,4,0.9665813366168933
1,COM12,1,1,138,0.0,0,0,10.00516676902771,248,4,0.9665813366168933
1,COM12,1,1,137,0.0,0,0,10.005254983901978,248,4,0.9665813366168933
1,COM12,1,1,136,0.0,0,0,10.004256248474121,248,4,0.9665813366168933
1,COM12,1,1,135,0.0,0,0,10.005345344543457,248,4,0.9665813366168933
1,COM12,1,1,134,0.0,0,0,10.005511283874512,248,4,0.9665813366168933
1,COM12,1,1,133,0.0,0,0,10.00551176071167,248,4,0.9665813366168933
1,COM12,1,1,132,0.0,0,0,10.005264043807983,248,4,0.9665813366168933
1,COM12,1,1,131,0.0,0,0,10.004583835601807,248,4,0.9665813366168933
1,COM12,1,1,130,0.0,0,0,10.004501104354858,248,4,0.9665813366168933
1,COM12,1,1,129,0.0,0,0,10.005226373672485,248,4,0.9665813366168933
1,COM12,1,1,128,0.0,0,0,10.005321025848389,248,4,0.9665813366168933
1,COM12,1,1,127,0.0,0,0,10.004101991653442,248,4,0.9665813366168933
1,COM12,1,1,126,0.0,0,0,10.004646062850952,248,4,0.9665813366168933
1,COM12,1,1,125,0.0,0,0,10.005302906036377,248,4,0.9665813366168933
1,COM12,1,1,124,0.0,0,0,10.005618810653687,248,4,0.9665813366168933
1,COM12,1,1,123,0.0,0,0,10.005401849746704,248,4,0.9665813366168933
1,COM12,1,1,122,0.0,0,0,10.005220651626587,248,4,0.9665813366168933
1,COM12,1,1,121,0.0,0,0,10.005439519882202,248,4,0.9665813366168933
1,COM12,1,1,120,0.0,0,0,10.005333662033081,248,4,0.9665813366168933
1,COM12,1,1,119,0.0,0,0,10.005114316940308,248,4,0.9665813366168933
1,COM12,1,1,118,0.0,0,0,10.0055570602417,248,4,0.9665813366168933
1,COM12,1,1,117,0.0,0,0,10.004343509674072,248,4,0.9665813366168933
1,COM12,1,1,116,0.0,0,0,10.005949974060059,248,4,0.9665813366168933
1,COM12,1,1,115,0.0,0,0,10.005563735961914,248,4,0.9665813366168933
1,COM12,1,1,114,0.0,0,0,10.005892038345337,248,4,0.9665813366168933
1,COM12,1,1,113,0.0,0,0,10.005559206008911,248,4,0.9665813366168933
1,COM12,1,1,112,0.0,0,0,10.005534410476685,248,4,0.9665813366168933
1,COM12,1,1,111,0.0,0,0,10.005231857299805,248,4,0.9665813366168933
1,COM12,1,1,110,0.0,0,0,10.005681276321411,248,4,0.9665813366168933
1,COM12,1,1,109,0.0,0,0,10.004608154296875,248,4,0.9665813366168933
1,COM12,1,1,108,0.0,0,0,10.004572629928589,248,4,0.9665813366168933
1,COM12,1,1,107,0.0,0,0,10.005244970321655,248,4,0.9665813366168933
1,COM12,1,1,106,0.0,0,0,10.005228281021118,248,4,0.9665813366168933
1,COM12,1,1,105,0.0,0,0,10.005549192428589,248,4,0.9665813366168933
1,COM12,1,1,104,0.0,0,0,10.005432605743408,248,4,0.9665813366168933
1,COM12,1,1,103,0.0,0,0,10.004526138305664,248,4,0.9665813366168933
1,COM12,1,1,102,0.0,0,0,10.005631923675537,248,4,0.9665813366168933
1,COM12,1,1,101,0.0,0,0,10.00575041770935,248,4,0.9665813366168933
1,COM12,1,1,100,0.0,0,0,10.005563735961914,248,4,0.9665813366168933
1,COM12,1,1,99,0.0,0,0,10.004741191864014,248,4,0.9665813366168933
1,COM12,1,1,98,0.0,0,0,10.004148244857788,248,4,0.9665813366168933
1,COM12,1,1,97,0.0,0,0,10.00407600402832,248,4,0.9665813366168933
1,COM12,1,1,96,0.0,0,0,10.005454778671265,248,4,0.9665813366168933
1,COM12,1,1,95,0.0,0,0,10.004730939865112,248,4,0.9665813366168933
1,COM12,1,1,94,0.0,0,0,10.004859924316406,248,4,0.9665813366168933
1,COM12,1,1,93,0.0,0,0,10.005455255508423,248,4,0.9665813366168933
1,COM12,1,1,92,0.0,0,0,10.005744457244873,248,4,0.9665813366168933
1,COM12,1,1,91,0.0,0,0,10.005139827728271,248,4,0.9665813366168933
1,COM12,1,1,90,0.0,0,0,10.005653619766235,248,4,0.9665813366168933
1,COM12,1,1,89,0.0,0,0,10.005921363830566,248,4,0.9665813366168933
1,COM12,1,1,88,0.0,0,0,10.005271434783936,248,4,0.9665813366168933
1,COM12,1,1,87,0.0,0,0,10.0051851272583,248,4,0.9665813366168933
1,COM12,1,1,86,0.0,0,0,10.005106210708618,248,4,0.9665813366168933
1,COM12,1,1,85,0.0,0,0,10.004310369491577,248,4,0.9665813366168933
1,COM12,1,1,84,0.0,0,0,10.005503177642822,248,4,0.9665813366168933
1,COM12,1,1,83,0.0,0,0,10.005629777908325,248,4,0.9665813366168933
1,COM12,1,1,82,0.0,0,0,10.00443434715271,248,4,0.9665813366168933
1,COM12,1,1,81,0.0,0,0,10.006031513214111,248,4,0.9665813366168933
1,COM12,1,1,80,0.0,0,0,10.005860805511475,248,4,0.9665813366168933
1,COM12,1,1,79,0.0,0,0,10.004787683486938,248,4,0.9665813366168933
1,COM12,1,1,78,0.0,0,0,10.004605531692505,248,4,0.9665813366168933
1,COM12,1,1,77,0.0,0,0,10.00523567199707,248,4,0.9665813366168933
1,COM12,1,1,76,0.0,0,0,10.005460262298584,248,4,0.9665813366168933
1,COM12,1,1,75,0.0,0,0,10.005991220474243,248,4,0.9665813366168933
1,COM12,1,1,74,0.0,0,0,10.005334854125977,248,4,0.9665813366168933
1,COM12,1,1,73,0.0,0,0,10.005398750305176,248,4,0.9665813366168933
1,COM12,1,1,72,0.0,0,0,10.004482746124268,248,4,0.9665813366168933
1,COM12,1,1,71,0.0,0,0,10.005530595779419,248,4,0.9665813366168933
1,COM12,1,1,70,0.0,0,0,10.005671262741089,248,4,0.9665813366168933
1,COM12,1,1,69,0.0,0,0,10.004848957061768,248,4,0.9665813366168933
1,COM12,1,1,68,0.0,0,0,10.004364490509033,248,4,0.9665813366168933
1,COM12,1,1,67,0.0,0,0,10.00520944595337,248,4,0.9665813366168933
1,COM12,1,1,66,0.0,0,0,10.004194021224976,248,4,0.9665813366168933
1,COM12,1,1,65,0.0,0,0,10.005164623260498,248,4,0.9665813366168933
1,COM12,1,1,64,0.0,0,0,10.005613565444946,248,4,0.9665813366168933
1,COM12,1,1,63,0.0,0,0,10.005380630493164,248,4,0.9665813366168933
1,COM12,1,1,62,0.0,0,0,10.00522780418396,248,4,0.9665813366168933
1,COM12,1,1,61,0.0,0,0,10.005718469619751,248,4,0.9665813366168933
1,COM12,1,1,60,0.0,0,0,10.00540280342102,248,4,0.9665813366168933
1,COM12,1,1,59,0.0,0,0,10.005400896072388,248,4,0.9665813366168933
1,COM12,1,1,58,0.0,0,0,10.005476951599121,248,4,0.9665813366168933
1,COM12,1,1,57,0.0,0,0,10.00553846359253,248,4,0.9665813366168933
1,COM12,1,1,56,0.0,0,0,10.005796432495117,248,4,0.9665813366168933
1,COM12,1,1,55,0.0,0,0,10.005226612091064,248,4,0.9665813366168933
1,COM12,1,1,54,0.0,0,0,10.005496263504028,248,4,0.9665813366168933
1,COM12,1,1,53,0.0,0,0,10.004730463027954,248,4,0.9665813366168933
1,COM12,1,1,52,0.0,0,0,10.004246473312378,248,4,0.9665813366168933
1,COM12,1,1,51,0.0,0,0,10.00429892539978,248,4,0.9665813366168933
1,COM12,1,1,50,0.0,0,0,10.005391836166382,248,4,0.9665813366168933
1,COM12,1,1,49,0.0,0,0,10.005473136901855,248,4,0.9665813366168933
1,COM12,1,1,48,0.0,0,0,10.00510311126709,248,4,0.9665813366168933
1,COM12,1,1,47,0.0,0,0,10.00545859336853,248,4,0.9665813366168933
1,COM12,1,1,46,0.0,0,0,10.0054292678833,248,4,0.9665813366168933
1,COM12,1,1,45,0.0,0,0,10.005674600601196,248,4,0.9665813366168933
1,COM12,1,1,44,0.0,0,0,10.005691766738892,248,4,0.9665813366168933
1,COM12,1,1,43,0.0,0,0,10.005575895309448,248,4,0.9665813366168933
1,COM12,1,1,42,0.0,0,0,10.005664348602295,248,4,0.9665813366168933
1,COM12,1,1,41,0.0,0,0,10.00463056564331,248,4,0.9665813366168933
1,COM12,1,1,40,0.0,0,0,10.005520105361938,248,4,0.9665813366168933
1,COM12,1,1,39,0.0,0,0,10.005282878875732,248,4,0.9665813366168933
1,COM12,1,1,38,0.0,0,0,10.005565166473389,248,4,0.9665813366168933
1,COM12,1,1,37,0.0,0,0,10.005722761154175,248,4,0.9665813366168933
1,COM12,1,1,36,0.0,0,0,10.005296468734741,248,4,0.9665813366168933
1,COM12,1,1,35,0.0,0,0,10.004218816757202,248,4,0.9665813366168933
1,COM12,1,1,34,0.0,0,0,10.00419807434082,248,4,0.9665813366168933
1,COM12,1,1,33,0.0,0,0,10.005295753479004,248,4,0.9665813366168933
1,COM12,1,1,32,0.0,0,0,10.005309343338013,248,4,0.9665813366168933
1,COM12,1,1,31,0.0,0,0,10.00540018081665,248,4,0.9665813366168933
1,COM12,1,1,30,0.0,0,0,10.005457878112793,248,4,0.9665813366168933
1,COM12,1,1,29,0.0,0,0,10.004537105560303,248,4,0.9665813366168933
1,COM12,1,1,28,0.0,0,0,10.005712270736694,248,4,0.9665813366168933
1,COM12,1,1,27,0.0,0,0,10.00542140007019,248,4,0.9665813366168933
1,COM12,1,1,26,0.0,0,0,10.005444526672363,248,4,0.9665813366168933
1,COM12,1,1,25,0.0,0,0,10.005495309829712,248,4,0.9665813366168933
1,COM12,1,1,24,0.0,0,0,10.0051109790802,248,4,0.9665813366168933
1,COM12,1,1,23,0.0,0,0,10.005533218383789,248,4,0.9665813366168933
1,COM12,1,1,22,0.0,0,0,10.005542278289795,248,4,0.9665813366168933
1,COM12,1,1,21,0.0,0,0,10.005360841751099,248,4,0.9665813366168933
1,COM12,1,1,20,0.0,0,0,10.005287885665894,248,4,0.9665813366168933
1,COM12,1,1,19,0.0,0,0,10.004260063171387,248,4,0.9665813366168933
1,COM12,1,1,18,0.0,0,0,10.004751205444336,248,4,0.9665813366168933
1,COM12,1,1,17,0.0,0,0,10.005325555801392,248,4,0.9665813366168933
1,COM12,1,1,16,0.0,0,0,10.004583358764648,248,4,0.9665813366168933
1,COM12,1,1,15,0.0,0,0,10.00577974319458,248,4,0.9665813366168933
1,COM12,1,1,14,0.0,0,0,10.005236387252808,248,4,0.9665813366168933
1,COM12,1,1,13,0.0,0,0,10.00477147102356,248,4,0.9665813366168933
1,COM12,1,1,12,0.0,0,0,10.005407333374023,248,4,0.9665813366168933
1,COM12,1,1,11,0.0,0,0,10.005194187164307,248,4,0.9665813366168933
1,COM12,1,1,10,0.0,0,0,10.005542755126953,248,4,0.9665813366168933
1,COM12,1,1,9,0.0,0,0,10.005630016326904,248,4,0.9665813366168933
1,COM12,1,1,8,0.0,0,0,10.005393028259277,248,4,0.9665813366168933
1,COM12,1,1,7,0.0,0,0,10.005175590515137,248,4,0.9665813366168933
1,COM12,1,1,6,0.0,0,0,10.00547170639038,248,4,0.9665813366168933
1,COM12,1,1,5,0.0,0,0,10.004419088363647,248,4,0.9665813366168933
1,COM12,1,1,4,0.0,0,0,10.005097150802612,248,4,0.9665813366168933
1,COM12,1,1,3,0.0,0,0,10.004690647125244,248,4,0.9665813366168933
1,COM12,1,1,2,0.0,0,0,10.00412368774414,248,4,0.9665813366168933
1,COM12,1,1,1,0.0,0,0,10.005308628082275,248,4,0.9665813366168933
1,COM12,1,1,0,0.0,0,0,10.005127429962158,248,4,0.9665813366168933
1,COM12,1,2,255,68713.84622493901,0,687492,10.005145072937012,,,
1,COM12,1,2,254,67979.45503574728,0,680137,10.005037546157837,,,
1,COM12,1,2,253,71468.12712091503,0,715088,10.005691051483154,,,
1,COM12,1,2,252,77585.0623649036,0,776290,10.0056631565094,,,
1,COM12,1,2,251,83103.1647405625,0,831474,10.005322933197021,253,1,-24.929585891638038
1,COM12,1,2,250,99123.87668702616,0,991743,10.005086898803711,252,2,-7.25577328840266
1,COM12,1,2,249,110128.39863072026,0,1101979,10.006310939788818,252,2,-4.014344316611876
1,COM12,1,2,248,131572.15442091608,0,1316458,10.005597352981567,251,2,-2.377102989907045
1,COM12,1,2,247,153543.3711650471,0,1536230,10.005186080932617,250,3,-1.6452634167455238
1,COM12,1,2,246,148171.41413936694,0,1482629,10.006174325942993,250,3,-1.0354574716915095
1,COM12,1,2,245,134252.06773791698,0,1343219,10.005201578140259,249,3,-0.7246033054538079
1,COM12,1,2,244,101903.33137481535,0,1019709,10.006630659103394,249,3,-0.42160222563757865
1,COM12,1,2,243,81139.20151043563,0,811819,10.00526237487793,248,3,-0.07686075976344409
1,COM12,1,2,242,48095.22350522802,0,481204,10.005234718322754,248,4,0.3114563937016085
1,COM12,1,2,241,33694.24353248803,0,337146,10.006041526794434,248,4,0.556587105118164
1,COM12,1,2,240,16269.602406025186,0,162785,10.005468845367432,248,4,0.6973257036996823
1,COM12,1,2,239,8985.623773455385,0,89906,10.005537986755371,248,4,0.7733807220945996
1,COM12,1,2,238,4375.608136197468,0,43779,10.005237817764282,248,4,0.8174732178518762
1,COM12,1,2,237,1992.3179010561541,0,19935,10.005933284759521,248,4,0.8451396367322024
1,COM12,1,2,236,837.6573958585973,0,8381,10.005283832550049,248,4,0.8637604911377629
1,COM12,1,2,235,522.3739198215302,0,5227,10.006242275238037,248,4,0.8772089561083773
1,COM12,1,2,234,200.79209523614352,0,2009,10.00537395477295,248,4,0.8872280898415604
1,COM12,1,2,233,90.95086753948428,0,910,10.005402088165283,248,4,0.8950116964796081
1,COM12,1,2,232,28.084648974838323,0,281,10.005465984344482,248,4,0.9012236002658183
1,COM12,1,2,231,7.096180115827199,0,71,10.005383014678955,248,4,0.9063081374352531
1,COM12,1,2,230,2.598604203364906,0,26,10.005371332168579,248,4,0.9105547958988122
1,COM12,1,2,229,1.9988494343306293,0,20,10.005756139755249,248,4,0.9141575332639577
1,COM12,1,2,228,1.2992810794045728,0,13,10.005533218383789,248,4,0.9172520901053247
1,COM12,1,2,227,1.2992926586016056,0,13,10.005444049835205,248,4,0.9199396164598398
1,COM12,1,2,226,1.299416729956272,0,13,10.004488706588745,248,4,0.9222955418460808
1,COM12,1,2,225,0.9994789932082294,0,10,10.005212783813477,248,4,0.9243772240494147
1,COM12,1,2,224,0.7996650191691684,0,8,10.004189014434814,248,4,0.9262299548910735
1,COM12,1,2,223,0.9994509851765998,0,10,10.0054931640625,248,4,0.9278902272925034
1,COM12,1,2,222,0.3997886535211915,0,4,10.005286455154419,248,4,0.929385088103434
1,COM12,1,2,221,0.8995538802084394,0,9,10.004959344863892,248,4,0.9307400779361757
1,COM12,1,2,220,0.5996780931409105,0,6,10.005367994308472,248,4,0.9319725192275274
1,COM12,1,2,219,0.599671748550535,0,6,10.005473852157593,248,4,0.9330988528051202
1,COM12,1,2,218,0.09994671801055155,0,1,10.005331039428711,248,4,0.9341309802931966
1,COM12,1,2,217,0.6996787116054173,0,7,10.004591941833496,248,4,0.9350827930300748
1,COM12,1,2,216,0.29984240470381507,0,3,10.005255937576294,248,4,0.9359610235103057
1,COM12,1,2,215,0.3997787079271806,0,4,10.005535364151001,248,4,0.9367750430745553
1,COM12,1,2,214,0.19988558166193673,0,2,10.00572419166565,248,4,0.937530830740943
1,COM12,1,2,213,0.2998415973159474,0,3,10.005282878875732,248,4,0.9382352198192659
1,COM12,1,2,212,0.2998567955143226,0,3,10.004775762557983,248,4,0.9388930448543191
1,COM12,1,2,211,0.09994638934451407,0,1,10.005363941192627,248,4,0.9395080979804112
1,COM12,1,2,210,0.09994847093259224,0,1,10.005155563354492,248,4,0.9400849736886202
1,COM12,1,2,209,0.39978362350375274,0,4,10.005412340164185,248,4,0.9406282468962675
1,COM12,1,2,208,0.09994831135698212,0,1,10.005171537399292,248,4,0.9411387105061044
1,COM12,1,2,207,0.0,0,0,10.004852771759033,248,4,0.9411387105061044
1,COM12,1,2,206,0.09994552482025824,0,1,10.00545048713684,248,4,0.9416202179548269
1,COM12,1,2,205,0.19989516034752547,0,2,10.005244731903076,248,4,0.9420755927801265
1,COM12,1,2,204,0.0,0,0,10.005527019500732,248,4,0.9420755927801265
1,COM12,1,2,203,0.0,0,0,10.004514455795288,248,4,0.9420755927801265
1,COM12,1,2,202,0.09995082651841146,0,1,10.00491976737976,248,4,0.942506138391131
1,COM12,1,2,201,0.09995689820144484,0,1,10.00431203842163,248,4,0.9429141777685675
1,COM12,1,2,200,0.09994225500565035,0,1,10.005777835845947,248,4,0.9433014350573973
1,COM12,1,2,199,0.09994525570143498,0,1,10.00547742843628,248,4,0.9436694630349242
1,COM12,1,2,198,0.0,0,0,10.005130529403687,248,4,0.9436694630349242
1,COM12,1,2,197,0.09994739916588813,0,1,10.005262851715088,248,4,0.9440196852141349
1,COM12,1,2,196,0.0,0,0,10.005005836486816,248,4,0.9440196852141349
1,COM12,1,2,195,0.09994274082036225,0,1,10.00572919845581,248,4,0.9443533714125132
1,COM12,1,2,194,0.09994590825754532,0,1,10.005412101745605,248,4,0.9446716511536095
1,COM12,1,2,193,0.0,0,0,10.00516653060913,248,4,0.9446716511536095
1,COM12,1,2,192,0.09994321235092289,0,1,10.005681991577148,248,4,0.9449755949363069
1,COM12,1,2,191,0.0,0,0,10.004533529281616,248,4,0.9449755949363069
1,COM12,1,2,190,0.0999566623710342,0,1,10.004335641860962,248,4,0.9452661583725028
1,COM12,1,2,189,0.09994522712253003,0,1,10.005480289459229,248,4,0.9455441896775321
1,COM12,1,2,188,0.09994623453879597,0,1,10.005379438400269,248,4,0.9458104871296649
1,COM12,1,2,187,0.09994724912038379,0,1,10.005277872085571,248,4,0.9460657826901879
1,COM12,1,2,186,0.0,0,0,10.005694389343262,248,4,0.9460657826901879
1,COM12,1,2,185,0.099949821391367,0,1,10.005020380020142,248,4,0.9463107740877934
1,COM12,1,2,184,0.09994474366519804,0,1,10.005528688430786,248,4,0.9465460550566591
1,COM12,1,2,183,0.09995429221809522,0,1,10.004572868347168,248,4,0.9467721962936855
1,COM12,1,2,182,0.0,0,0,10.005486488342285,248,4,0.9467721962936855
1,COM12,1,2,181,0.0,0,0,10.005081176757812,248,4,0.9467721962936855
1,COM12,1,2,180,0.0,0,0,10.004241704940796,248,4,0.9467721962936855
1,COM12,1,2,179,0.0,0,0,10.005505800247192,248,4,0.9467721962936855
1,COM12,1,2,178,0.0,0,0,10.00485873222351,248,4,0.9467721962936855
1,COM12,1,2,177,0.0,0,0,10.004237174987793,248,4,0.9467721962936855
1,COM12,1,2,176,0.0,0,0,10.00532054901123,248,4,0.9467721962936855
1,COM12,1,2,175,0.0,0,0,10.004624605178833,248,4,0.9467721962936855
1,COM12,1,2,174,0.0,0,0,10.004333972930908,248,4,0.9467721962936855
1,COM12,1,2,173,0.0,0,0,10.005502462387085,248,4,0.9467721962936855
1,COM12,1,2,172,0.0,0,0,10.005542516708374,248,4,0.9467721962936855
1,COM12,1,2,171,0.0,0,0,10.005228757858276,248,4,0.9467721962936855
1,COM12,1,2,170,0.0,0,0,10.00554871559143,248,4,0.9467721962936855
1,COM12,1,2,169,0.0,0,0,10.005396366119385,248,4,0.9467721962936855
1,COM12,1,2,168,0.0,0,0,10.005902290344238,248,4,0.9467721962936855
1,COM12,1,2,167,0.0,0,0,10.005404472351074,248,4,0.9467721962936855
1,COM12,1,2,166,0.0,0,0,10.005554914474487,248,4,0.9467721962936855
1,COM12,1,2,165,0.0,0,0,10.004799127578735,248,4,0.9467721962936855
1,COM12,1,2,164,0.0,0,0,10.005170345306396,248,4,0.9467721962936855
1,COM12,1,2,163,0.0,0,0,10.004797458648682,248,4,0.9467721962936855
1,COM12,1,2,162,0.0,0,0,10.005537748336792,248,4,0.9467721962936855
1,COM12,1,2,161,0.0,0,0,10.005739450454712,248,4,0.9467721962936855
1,COM12,1,2,160,0.0,0,0,10.005360841751099,248,4,0.9467721962936855
1,COM12,1,2,159,0.0,0,0,10.00493311882019,248,4,0.9467721962936855
1,COM12,1,2,158,0.0,0,0,10.005576848983765,248,4,0.9467721962936855
1,COM12,1,2,157,0.0,0,0,10.004388809204102,248,4,0.9467721962936855
1,COM12,1,2,156,0.0,0,0,10.005581378936768,248,4,0.9467721962936855
1,COM12,1,2,155,0.0,0,0,10.005578517913818,248,4,0.9467721962936855
1,COM12,1,2,154,0.0,0,0,10.005555391311646,248,4,0.9467721962936855
1,COM12,1,2,153,0.0,0,0,10.005687713623047,248,4,0.9467721962936855
1,COM12,1,2,152,0.0,0,0,10.00491213798523,248,4,0.9467721962936855
1,COM12,1,2,151,0.0,0,0,10.005337953567505,248,4,0.9467721962936855
1,COM12,1,2,150,0.0,0,0,10.004750967025757,248,4,0.9467721962936855
1,COM12,1,2,149,0.0,0,0,10.005300760269165,248,4,0.9467721962936855
1,COM12,1,2,148,0.0,0,0,10.005223035812378,248,4,0.9467721962936855
1,COM12,1,2,147,0.0,0,0,10.005248785018921,248,4,0.9467721962936855
1,COM12,1,2,146,0.0,0,0,10.004411458969116,248,4,0.9467721962936855
1,COM12,1,2,145,0.0,0,0,10.00574803352356,248,4,0.9467721962936855
1,COM12,1,2,144,0.0,0,0,10.005487442016602,248,4,0.9467721962936855
1,COM12,1,2,143,0.0,0,0,10.00527572631836,248,4,0.9467721962936855
1,COM12,1,2,142,0.0,0,0,10.005652666091919,248,4,0.9467721962936855
1,COM12,1,2,141,0.0,0,0,10.005420207977295,248,4,0.9467721962936855
1,COM12,1,2,140,0.0,0,0,10.005537509918213,248,4,0.9467721962936855
1,COM12,1,2,139,0.0,0,0,10.00572419166565,248,4,0.9467721962936855
1,COM12,1,2,138,0.0,0,0,10.005139589309692,248,4,0.9467721962936855
1,COM12,1,2,137,0.0,0,0,10.005444526672363,248,4,0.9467721962936855
1,COM12,1,2,136,0.0,0,0,10.005287885665894,248,4,0.9467721962936855
1,COM12,1,2,135,0.0,0,0,10.005214929580688,248,4,0.9467721962936855
1,COM12,1,2,134,0.0,0,0,10.00513744354248,248,4,0.9467721962936855
1,COM12,1,2,133,0.0,0,0,10.005703210830688,248,4,0.9467721962936855
1,COM12,1,2,132,0.0,0,0,10.005329370498657,248,4,0.9467721962936855
1,COM12,1,2,131,0.0,0,0,10.005181074142456,248,4,0.9467721962936855
1,COM12,1,2,130,0.0,0,0,10.005094528198242,248,4,0.9467721962936855
1,COM12,1,2,129,0.0,0,0,10.004699230194092,248,4,0.9467721962936855
1,COM12,1,2,128,0.0,0,0,10.005338430404663,248,4,0.9467721962936855
1,COM12,1,2,127,0.0,0,0,10.004699230194092,248,4,0.9467721962936855
1,COM12,1,2,126,0.0,0,0,10.00552749633789,248,4,0.9467721962936855
1,COM12,1,2,125,0.0,0,0,10.004562377929688,248,4,0.9467721962936855
1,COM12,1,2,124,0.0,0,0,10.004395961761475,248,4,0.9467721962936855
1,COM12,1,2,123,0.0,0,0,10.005391120910645,248,4,0.9467721962936855
1,COM12,1,2,122,0.0,0,0,10.004547595977783,248,4,0.9467721962936855
1,COM12,1,2,121,0.0,0,0,10.005661964416504,248,4,0.9467721962936855
1,COM12,1,2,120,0.0,0,0,10.005218505859375,248,4,0.9467721962936855
1,COM12,1,2,119,0.0,0,0,10.00582218170166,248,4,0.9467721962936855
1,COM12,1,2,118,0.0,0,0,10.005260229110718,248,4,0.9467721962936855
1,COM12,1,2,117,0.0,0,0,10.005150556564331,248,4,0.9467721962936855
1,COM12,1,2,116,0.0,0,0,10.005944728851318,248,4,0.9467721962936855
1,COM12,1,2,115,0.0,0,0,10.005598783493042,248,4,0.9467721962936855
1,COM12,1,2,114,0.0,0,0,10.005329847335815,248,4,0.9467721962936855
1,COM12,1,2,113,0.0,0,0,10.004524946212769,248,4,0.9467721962936855
1,COM12,1,2,112,0.0,0,0,10.005378007888794,248,4,0.9467721962936855
1,COM12,1,2,111,0.0,0,0,10.004667520523071,248,4,0.9467721962936855
1,COM12,1,2,110,0.0,0,0,10.005541563034058,248,4,0.9467721962936855
1,COM12,1,2,109,0.0,0,0,10.00564455986023,248,4,0.9467721962936855
1,COM12,1,2,108,0.0,0,0,10.00468397140503,248,4,0.9467721962936855
1,COM12,1,2,107,0.0,0,0,10.004531621932983,248,4,0.9467721962936855
1,COM12,1,2,106,0.0,0,0,10.005275964736938,248,4,0.9467721962936855
1,COM12,1,2,105,0.0,0,0,10.00572395324707,248,4,0.9467721962936855
1,COM12,1,2,104,0.0,0,0,10.005326747894287,248,4,0.9467721962936855
1,COM12,1,2,103,0.0,0,0,10.005154371261597,248,4,0.9467721962936855
1,COM12,1,2,102,0.0,0,0,10.005647420883179,248,4,0.9467721962936855
1,COM12,1,2,101,0.0,0,0,10.00515866279602,248,4,0.9467721962936855
1,COM12,1,2,100,0.0,0,0,10.004363059997559,248,4,0.9467721962936855
1,COM12,1,2,99,0.0,0,0,10.005150318145752,248,4,0.9467721962936855
1,COM12,1,2,98,0.0,0,0,10.005413055419922,248,4,0.9467721962936855
1,COM12,1,2,97,0.0,0,0,10.005042791366577,248,4,0.9467721962936855
1,COM12,1,2,96,0.0,0,0,10.005114793777466,248,4,0.9467721962936855
1,COM12,1,2,95,0.0,0,0,10.005181550979614,248,4,0.9467721962936855
1,COM12,1,2,94,0.0,0,0,10.005809307098389,248,4,0.9467721962936855
1,COM12,1,2,93,0.0,0,0,10.005370378494263,248,4,0.9467721962936855
1,COM12,1,2,92,0.0,0,0,10.004371643066406,248,4,0.9467721962936855
1,COM12,1,2,91,0.0,0,0,10.004530906677246,248,4,0.9467721962936855
1,COM12,1,2,90,0.0,0,0,10.004406929016113,248,4,0.9467721962936855
1,COM12,1,2,89,0.0,0,0,10.004530668258667,248,4,0.9467721962936855
1,COM12,1,2,88,0.0,0,0,10.005156755447388,248,4,0.9467721962936855
1,COM12,1,2,87,0.0,0,0,10.005526065826416,248,4,0.9467721962936855
1,COM12,1,2,86,0.0,0,0,10.005493640899658,248,4,0.9467721962936855
1,COM12,1,2,85,0.0,0,0,10.005784034729004,248,4,0.9467721962936855
1,COM12,1,2,84,0.0,0,0,10.00548791885376,248,4,0.9467721962936855
1,COM12,1,2,83,0.0,0,0,10.005554914474487,248,4,0.9467721962936855
1,COM12,1,2,82,0.0,0,0,10.006017208099365,248,4,0.9467721962936855
1,COM12,1,2,81,0.0,0,0,10.005959033966064,248,4,0.9467721962936855
1,COM12,1,2,80,0.0,0,0,10.005279541015625,248,4,0.9467721962936855
1,COM12,1,2,79,0.0,0,0,10.004642963409424,248,4,0.9467721962936855
1,COM12,1,2,78,0.0,0,0,10.005172967910767,248,4,0.9467721962936855
1,COM12,1,2,77,0.0,0,0,10.005247354507446,248,4,0.9467721962936855
1,COM12,1,2,76,0.0,0,0,10.00465202331543,248,4,0.9467721962936855
1,COM12,1,2,75,0.0,0,0,10.004747152328491,248,4,0.9467721962936855
1,COM12,1,2,74,0.0,0,0,10.005253791809082,248,4,0.9467721962936855
1,COM12,1,2,73,0.0,0,0,10.00413203239441,248,4,0.9467721962936855
1,COM12,1,2,72,0.0,0,0,10.00429391860962,248,4,0.9467721962936855
1,COM12,1,2,71,0.0,0,0,10.005323886871338,248,4,0.9467721962936855
1,COM12,1,2,70,0.0,0,0,10.004806280136108,248,4,0.9467721962936855
1,COM12,1,2,69,0.0,0,0,10.005331993103027,248,4,0.9467721962936855
1,COM12,1,2,68,0.0,0,0,10.004730939865112,248,4,0.9467721962936855
1,COM12,1,2,67,0.0,0,0,10.004515409469604,248,4,0.9467721962936855
1,COM12,1,2,66,0.0,0,0,10.0056312084198,248,4,0.9467721962936855
1,COM12,1,2,65,0.0,0,0,10.00539755821228,248,4,0.9467721962936855
1,COM12,1,2,64,0.0,0,0,10.005589008331299,248,4,0.9467721962936855
1,COM12,1,2,63,0.0,0,0,10.005385875701904,248,4,0.9467721962936855
1,COM12,1,2,62,0.0,0,0,10.005549430847168,248,4,0.9467721962936855
1,COM12,1,2,61,0.0,0,0,10.005448579788208,248,4,0.9467721962936855
1,COM12,1,2,60,0.0,0,0,10.005413293838501,248,4,0.9467721962936855
1,COM12,1,2,59,0.0,0,0,10.005648612976074,248,4,0.9467721962936855
1,COM12,1,2,58,0.0,0,0,10.005257368087769,248,4,0.9467721962936855
1,COM12,1,2,57,0.0,0,0,10.004182815551758,248,4,0.9467721962936855
1,COM12,1,2,56,0.0,0,0,10.004462480545044,248,4,0.9467721962936855
1,COM12,1,2,55,0.0,0,0,10.005239725112915,248,4,0.9467721962936855
1,COM12,1,2,54,0.0,0,0,10.005345821380615,248,4,0.9467721962936855
1,COM12,1,2,53,0.0,0,0,10.00418496131897,248,4,0.9467721962936855
1,COM12,1,2,52,0.0,0,0,10.005677938461304,248,4,0.9467721962936855
1,COM12,1,2,51,0.0,0,0,10.005245208740234,248,4,0.9467721962936855
1,COM12,1,2,50,0.0,0,0,10.005276918411255,248,4,0.9467721962936855
1,COM12,1,2,49,0.0,0,0,10.005351543426514,248,4,0.9467721962936855
1,COM12,1,2,48,0.0,0,0,10.005374193191528,248,4,0.9467721962936855
1,COM12,1,2,47,0.0,0,0,10.005162477493286,248,4,0.9467721962936855
1,COM12,1,2,46,0.0,0,0,10.005399942398071,248,4,0.9467721962936855
1,COM12,1,2,45,0.0,0,0,10.005100011825562,248,4,0.9467721962936855
1,COM12,1,2,44,0.0,0,0,10.004541158676147,248,4,0.9467721962936855
1,COM12,1,2,43,0.0,0,0,10.005449533462524,248,4,0.9467721962936855
1,COM12,1,2,42,0.0,0,0,10.006028413772583,248,4,0.9467721962936855
1,COM12,1,2,41,0.0,0,0,10.005897283554077,248,4,0.9467721962936855
1,COM12,1,2,40,0.0,0,0,10.00429368019104,248,4,0.9467721962936855
1,COM12,1,2,39,0.0,0,0,10.004378080368042,248,4,0.9467721962936855
1,COM12,1,2,38,0.0,0,0,10.005497694015503,248,4,0.9467721962936855
1,COM12,1,2,37,0.0,0,0,10.005577325820923,248,4,0.9467721962936855
1,COM12,1,2,36,0.0,0,0,10.005507230758667,248,4,0.9467721962936855
1,COM12,1,2,35,0.0,0,0,10.005406379699707,248,4,0.9467721962936855
1,COM12,1,2,34,0.0,0,0,10.005483150482178,248,4,0.9467721962936855
1,COM12,1,2,33,0.0,0,0,10.005262613296509,248,4,0.9467721962936855
1,COM12,1,2,32,0.0,0,0,10.005316734313965,248,4,0.9467721962936855
1,COM12,1,2,31,0.0,0,0,10.005595684051514,248,4,0.9467721962936855
1,COM12,1,2,30,0.0,0,0,10.00517201423645,248,4,0.9467721962936855
1,COM12,1,2,29,0.0,0,0,10.005476951599121,248,4,0.9467721962936855
1,COM12,1,2,28,0.0,0,0,10.0043625831604,248,4,0.9467721962936855
1,COM12,1,2,27,0.0,0,0,10.005677461624146,248,4,0.9467721962936855
1,COM12,1,2,26,0.0,0,0,10.005734920501709,248,4,0.9467721962936855
1,COM12,1,2,25,0.0,0,0,10.005796909332275,248,4,0.9467721962936855
1,COM12,1,2,24,0.0,0,0,10.00531816482544,248,4,0.9467721962936855
1,COM12,1,2,23,0.0,0,0,10.00556492805481,248,4,0.9467721962936855
1,COM12,1,2,22,0.0,0,0,10.004364252090454,248,4,0.9467721962936855
1,COM12,1,2,21,0.0,0,0,10.005198001861572,248,4,0.9467721962936855
1,COM12,1,2,20,0.0,0,0,10.004753351211548,248,4,0.9467721962936855
1,COM12,1,2,19,0.0,0,0,10.005148887634277,248,4,0.9467721962936855
1,COM12,1,2,18,0.0,0,0,10.00551152229309,248,4,0.9467721962936855
1,COM12,1,2,17,0.0,0,0,10.004455089569092,248,4,0.9467721962936855
1,COM12,1,2,16,0.0,0,0,10.005393266677856,248,4,0.9467721962936855
1,COM12,1,2,15,0.0,0,0,10.005468368530273,248,4,0.9467721962936855
1,COM12,1,2,14,0.0,0,0,10.005268573760986,248,4,0.9467721962936855
1,COM12,1,2,13,0.0,0,0,10.005519390106201,248,4,0.9467721962936855
1,COM12,1,2,12,0.0,0,0,10.005232095718384,248,4,0.9467721962936855
1,COM12,1,2,11,0.0,0,0,10.005101442337036,248,4,0.9467721962936855
1,COM12,1,2,10,0.0,0,0,10.005159378051758,248,4,0.9467721962936855
1,COM12,1,2,9,0.0,0,0,10.005788564682007,248,4,0.9467721962936855
1,COM12,1,2,8,0.0,0,0,10.005676746368408,248,4,0.9467721962936855
1,COM12,1,2,7,0.0,0,0,10.005401849746704,248,4,0.9467721962936855
1,COM12,1,2,6,0.0,0,0,10.004575729370117,248,4,0.9467721962936855
1,COM12,1,2,5,0.0,0,0,10.005324363708496,248,4,0.9467721962936855
1,COM12,1,2,4,0.0,0,0,10.004541397094727,248,4,0.9467721962936855
1,COM12,1,2,3,0.0,0,0,10.005218267440796,248,4,0.9467721962936855
1,COM12,1,2,2,0.0,0,0,10.005445718765259,248,4,0.9467721962936855
1,COM12,1,2,1,0.0,0,0,10.005248308181763,248,4,0.9467721962936855
1,COM12,1,2,0,0.0,0,0,10.005711555480957,248,4,0.9467721962936855
1,COM12,2,0,255,179412.5383588166,0,1795244,10.006234884262085,,,
1,COM12,2,0,254,179413.98195029775,0,1795312,10.00653338432312,,,
1,COM12,2,0,253,165404.4665844204,0,1655072,10.006211042404175,,,
1,COM12,2,0,252,130156.34642789724,0,1302278,10.005489826202393,,,
1,COM12,2,0,251,79668.4711012627,0,797136,10.005664587020874,253,1,-0.756835776173074
1,COM12,2,0,250,50410.79004100412,0,504393,10.005655527114868,253,2,0.24473438184272167
1,COM12,2,0,249,28320.07802961161,0,283331,10.004598140716553,253,2,0.5455794496882092
1,COM12,2,0,248,14108.833045540534,0,141181,10.006568193435669,253,2,0.669722033279466
1,COM12,2,0,247,7364.421417591352,0,73685,10.00553822517395,253,2,0.7314966377486825
1,COM12,2,0,246,3264.7476196324346,0,32666,10.005673885345459,253,2,0.7689057961346748
1,COM12,2,0,245,3267.180142060362,0,32689,10.005264043807983,253,2,0.7903620917462666
1,COM12,2,0,244,1455.2726295679884,0,14561,10.005685329437256,253,2,0.8064131501419105
1,COM12,2,0,243,622.1715219930884,0,6225,10.005279541015625,253,2,0.8189241010529167
1,COM12,2,0,242,190.69672479382297,0,1908,10.005415678024292,253,2,0.8289635071732327
1,COM12,2,0,241,72.96268978665961,0,730,10.00511360168457,253,2,0.8369531502721466
1,COM12,2,0,240,29.184045958762443,0,292,10.00546669960022,253,2,0.8434111918099629
1,COM12,2,0,239,8.994883753259145,0,90,10.005687952041626,253,2,0.8487248249698338
1,COM12,2,0,238,6.197183396647208,0,62,10.004544973373413,253,2,0.8531571250490416
1,COM12,2,0,237,3.497755227679761,0,35,10.006417751312256,253,2,0.8569112651218269
1,COM12,2,0,236,1.399233279741566,0,14,10.005479574203491,253,2,0.8601316314500762
1,COM12,2,0,235,1.3992360471372738,0,14,10.005459785461426,253,2,0.8629230380026363
1,COM12,2,0,234,0.7995793648079755,0,8,10.005260705947876,253,2,0.8653662012461191
1,COM12,2,0,233,0.6995937846414767,0,7,10.00580644607544,253,2,0.8675222668271472
1,COM12,2,0,232,0.7995662753129977,0,8,10.005424499511719,253,2,0.8694390829565635
1,COM12,2,0,231,0.29986179046313205,0,3,10.004609107971191,253,2,0.8711542443575178
1,COM12,2,0,230,0.5996292975500709,0,6,10.006182193756104,253,2,0.8726983002352495
1,COM12,2,0,229,0.299836745935275,0,3,10.005444765090942,253,2,0.8740952679932937
1,COM12,2,0,228,0.5997297693988831,0,6,10.00450587272644,253,2,0.8753658655804187
1,COM12,2,0,227,0.3998238290742607,0,4,10.004406213760376,253,2,0.8765259390811097
1,COM12,2,0,226,0.39977736473833186,0,4,10.005568981170654,253,2,0.8775895870869913
1,COM12,2,0,225,0.39976970587650806,0,4,10.005760669708252,253,2,0.8785684024997167
1,COM12,2,0,224,0.29983385947399055,0,3,10.0055410861969,253,2,0.8794718848730784
1,COM12,2,0,223,0.49974540329509715,0,5,10.005094528198242,253,2,0.8803093757164562
1,COM12,2,0,222,0.19989568432001123,0,2,10.005218505859375,253,2,0.8810862019713899
1,COM12,2,0,221,0.19989212612450533,0,2,10.005396604537964,253,2,0.8818096184565687
1,COM12,2,0,220,0.3997718682368696,0,4,10.005706548690796,253,2,0.8824859878132403
1,COM12,2,0,219,0.09994701809882142,0,1,10.005300998687744,253,2,0.8831173887434176
1,COM12,2,0,218,0.19988881097200423,0,2,10.005562543869019,253,2,0.8837100378212165
1,COM12,2,0,217,0.2998273865722761,0,3,10.005757093429565,253,2,0.8842676299410719
1,COM12,2,0,216,0.1998923166538526,0,2,10.0053870677948,253,2,0.8847919862181011
1,COM12,2,0,215,0.09994763733428041,0,1,10.005239009857178,253,2,0.8852857949361485
1,COM12,2,0,214,0.09994437690758338,0,1,10.005565404891968,253,2,0.8857522795554535
1,COM12,2,0,213,0.09994647270163783,0,1,10.005355596542358,253,2,0.8861936619845194
1,COM12,2,0,212,0.1998879631489356,0,2,10.005604982376099,253,2,0.8866129149393239
1,COM12,2,0,211,0.199886729531586,0,2,10.005666732788086,253,2,0.887010902199918
1,COM12,2,0,210,0.1999078317248846,0,2,10.004610538482666,253,2,0.8873892320478527
1,COM12,2,0,209,0.19988956830318638,0,2,10.005524635314941,253,2,0.8877493555330348
1,COM12,2,0,208,0.09995325605589064,0,1,10.004676580429077,253,2,0.8880913197564634
1,COM12,2,0,207,0.19989799935859984,0,2,10.005102634429932,253,2,0.8884188558714041
1,COM12,2,0,206,0.0,0,0,10.004781723022461,253,2,0.8884188558714041
1,COM12,2,0,205,0.0999467275371356,0,1,10.005330085754395,253,2,0.8887304402730859
1,COM12,2,0,204,0.09995660996442741,0,1,10.004340887069702,253,2,0.889028323676827
1,COM12,2,0,203,0.09994640363429683,0,1,10.005362510681152,253,2,0.8893134061733008
1,COM12,2,0,202,0.0,0,0,10.005264520645142,253,2,0.8893134061733008
1,COM12,2,0,201,0.09994451979984045,0,1,10.005551099777222,253,2,0.8895866051798298
1,COM12,2,0,200,0.0,0,0,10.005299091339111,253,2,0.8895866051798298
1,COM12,2,0,199,0.09994781357962146,0,1,10.005221366882324,253,2,0.8898486820878301
1,COM12,2,0,198,0.0,0,0,10.005808591842651,253,2,0.8898486820878301
1,COM12,2,0,197,0.0,0,0,10.005142450332642,253,2,0.8898486820878301
1,COM12,2,0,196,0.0,0,0,10.005242109298706,253,2,0.8898486820878301
1,COM12,2,0,195,0.09994512471492148,0,1,10.00549054145813,253,2,0.8901005467375115
1,COM12,2,0,194,0.0,0,0,10.004310131072998,253,2,0.8901005467375115
1,COM12,2,0,193,0.0,0,0,10.004611015319824,253,2,0.8901005467375115
1,COM12,2,0,192,0.0,0,0,10.004918098449707,253,2,0.8901005467375115
1,COM12,2,0,191,0.0,0,0,10.005364179611206,253,2,0.8901005467375115
1,COM12,2,0,190,0.0,0,0,10.006099462509155,253,2,0.8901005467375115
1,COM12,2,0,189,0.0,0,0,10.00549602508545,253,2,0.8901005467375115
1,COM12,2,0,188,0.09994910685836854,0,1,10.005091905593872,253,2,0.8903432264942704
1,COM12,2,0,187,0.0,0,0,10.004091262817383,253,2,0.8903432264942704
1,COM12,2,0,186,0.09995562854175999,0,1,10.004439115524292,253,2,0.8905767485940211
1,COM12,2,0,185,0.0,0,0,10.005404949188232,253,2,0.8905767485940211
1,COM12,2,0,184,0.0,0,0,10.005800724029541,253,2,0.8905767485940211
1,COM12,2,0,183,0.0,0,0,10.005691528320312,253,2,0.8905767485940211
1,COM12,2,0,182,0.0,0,0,10.004749774932861,253,2,0.8905767485940211
1,COM12,2,0,181,0.0,0,0,10.00558352470398,253,2,0.8905767485940211
1,COM12,2,0,180,0.0,0,0,10.005651712417603,253,2,0.8905767485940211
1,COM12,2,0,179,0.0,0,0,10.005545616149902,253,2,0.8905767485940211
1,COM12,2,0,178,0.0,0,0,10.005415678024292,253,2,0.8905767485940211
1,COM12,2,0,177,0.0,0,0,10.00522756576538,253,2,0.8905767485940211
1,COM12,2,0,176,0.0,0,0,10.004812240600586,253,2,0.8905767485940211
1,COM12,2,0,175,0.0,0,0,10.004241228103638,253,2,0.8905767485940211
1,COM12,2,0,174,0.0,0,0,10.004873037338257,253,2,0.8905767485940211
1,COM12,2,0,173,0.0,0,0,10.00585412979126,253,2,0.8905767485940211
1,COM12,2,0,172,0.0,0,0,10.005446434020996,253,2,0.8905767485940211
1,COM12,2,0,171,0.0,0,0,10.005736112594604,253,2,0.8905767485940211
1,COM12,2,0,170,0.0,0,0,10.005390167236328,253,2,0.8905767485940211
1,COM12,2,0,169,0.0,0,0,10.005213737487793,253,2,0.8905767485940211
1,COM12,2,0,168,0.0,0,0,10.005124807357788,253,2,0.8905767485940211
1,COM12,2,0,167,0.0,0,0,10.005783796310425,253,2,0.8905767485940211
1,COM12,2,0,166,0.0,0,0,10.00553011894226,253,2,0.8905767485940211
1,COM12,2,0,165,0.0,0,0,10.005645990371704,253,2,0.8905767485940211
1,COM12,2,0,164,0.0,0,0,10.00544548034668,253,2,0.8905767485940211
1,COM12,2,0,163,0.0,0,0,10.005273342132568,253,2,0.8905767485940211
1,COM12,2,0,162,0.0,0,0,10.005483150482178,253,2,0.8905767485940211
1,COM12,2,0,161,0.0,0,0,10.005605697631836,253,2,0.8905767485940211
1,COM12,2,0,160,0.0,0,0,10.005311727523804,253,2,0.8905767485940211
1,COM12,2,0,159,0.0,0,0,10.00421690940857,253,2,0.8905767485940211
1,COM12,2,0,158,0.0,0,0,10.005309581756592,253,2,0.8905767485940211
1,COM12,2,0,157,0.0,0,0,10.005627393722534,253,2,0.8905767485940211
1,COM12,2,0,156,0.0,0,0,10.004502058029175,253,2,0.8905767485940211
1,COM12,2,0,155,0.0,0,0,10.00517201423645,253,2,0.8905767485940211
1,COM12,2,0,154,0.0,0,0,10.00541090965271,253,2,0.8905767485940211
1,COM12,2,0,153,0.0,0,0,10.005370378494263,253,2,0.8905767485940211
1,COM12,2,0,152,0.0,0,0,10.00525450706482,253,2,0.8905767485940211
1,COM12,2,0,151,0.0,0,0,10.005488634109497,253,2,0.8905767485940211
1,COM12,2,0,150,0.0,0,0,10.0052170753479,253,2,0.8905767485940211
1,COM12,2,0,149,0.0,0,0,10.005706310272217,253,2,0.8905767485940211
1,COM12,2,0,148,0.0,0,0,10.005768537521362,253,2,0.8905767485940211
1,COM12,2,0,147,0.0,0,0,10.005337953567505,253,2,0.8905767485940211
1,COM12,2,0,146,0.0,0,0,10.005741834640503,253,2,0.8905767485940211
1,COM12,2,0,145,0.0,0,0,10.00534462928772,253,2,0.8905767485940211
1,COM12,2,0,144,0.0,0,0,10.004621028900146,253,2,0.8905767485940211
1,COM12,2,0,143,0.0,0,0,10.004544973373413,253,2,0.8905767485940211
1,COM12,2,0,142,0.0,0,0,10.004639863967896,253,2,0.8905767485940211
1,COM12,2,0,141,0.0,0,0,10.005255699157715,253,2,0.8905767485940211
1,COM12,2,0,140,0.0,0,0,10.00442886352539,253,2,0.8905767485940211
1,COM12,2,0,139,0.0,0,0,10.00549864768982,253,2,0.8905767485940211
1,COM12,2,0,138,0.0,0,0,10.005522727966309,253,2,0.8905767485940211
1,COM12,2,0,137,0.0,0,0,10.005209684371948,253,2,0.8905767485940211
1,COM12,2,0,136,0.0,0,0,10.005793809890747,253,2,0.8905767485940211
1,COM12,2,0,135,0.0,0,0,10.00482439994812,253,2,0.8905767485940211
1,COM12,2,0,134,0.0,0,0,10.004828214645386,253,2,0.8905767485940211
1,COM12,2,0,133,0.0,0,0,10.00565505027771,253,2,0.8905767485940211
1,COM12,2,0,132,0.0,0,0,10.005672216415405,253,2,0.8905767485940211
1,COM12,2,0,131,0.0,0,0,10.0042405128479,253,2,0.8905767485940211
1,COM12,2,0,130,0.0,0,0,10.005362749099731,253,2,0.8905767485940211
1,COM12,2,0,129,0.0,0,0,10.005305528640747,253,2,0.8905767485940211
1,COM12,2,0,128,0.0,0,0,10.004701614379883,253,2,0.8905767485940211
1,COM12,2,0,127,0.0,0,0,10.005531311035156,253,2,0.8905767485940211
1,COM12,2,0,126,0.0,0,0,10.004735708236694,253,2,0.8905767485940211
1,COM12,2,0,125,0.0,0,0,10.004176378250122,253,2,0.8905767485940211
1,COM12,2,0,124,0.0,0,0,10.004841327667236,253,2,0.8905767485940211
1,COM12,2,0,123,0.0,0,0,10.005088806152344,253,2,0.8905767485940211
1,COM12,2,0,122,0.0,0,0,10.005349159240723,253,2,0.8905767485940211
1,COM12,2,0,121,0.0,0,0,10.005577564239502,253,2,0.8905767485940211
1,COM12,2,0,120,0.0,0,0,10.005042314529419,253,2,0.8905767485940211
1,COM12,2,0,119,0.0,0,0,10.005574226379395,253,2,0.8905767485940211
1,COM12,2,0,118,0.0,0,0,10.005329608917236,253,2,0.8905767485940211
1,COM12,2,0,117,0.0,0,0,10.00476622581482,253,2,0.8905767485940211
1,COM12,2,0,116,0.0,0,0,10.005410432815552,253,2,0.8905767485940211
1,COM12,2,0,115,0.0,0,0,10.005475759506226,253,2,0.8905767485940211
1,COM12,2,0,114,0.0,0,0,10.00583028793335,253,2,0.8905767485940211
1,COM12,2,0,113,0.0,0,0,10.005587339401245,253,2,0.8905767485940211
1,COM12,2,0,112,0.0,0,0,10.004526376724243,253,2,0.8905767485940211
1,COM12,2,0,111,0.0,0,0,10.005219221115112,253,2,0.8905767485940211
1,COM12,2,0,110,0.0,0,0,10.00523591041565,253,2,0.8905767485940211
1,COM12,2,0,109,0.0,0,0,10.004498958587646,253,2,0.8905767485940211
1,COM12,2,0,108,0.0,0,0,10.0047287940979,253,2,0.8905767485940211
1,COM12,2,0,107,0.0,0,0,10.005385398864746,253,2,0.8905767485940211
1,COM12,2,0,106,0.0,0,0,10.00546407699585,253,2,0.8905767485940211
1,COM12,2,0,105,0.0,0,0,10.005713701248169,253,2,0.8905767485940211
1,COM12,2,0,104,0.0,0,0,10.005497455596924,253,2,0.8905767485940211
1,COM12,2,0,103,0.0,0,0,10.00553035736084,253,2,0.8905767485940211
1,COM12,2,0,102,0.0,0,0,10.005465030670166,253,2,0.8905767485940211
1,COM12,2,0,101,0.0,0,0,10.005783081054688,253,2,0.8905767485940211
1,COM12,2,0,100,0.0,0,0,10.005442142486572,253,2,0.8905767485940211
1,COM12,2,0,99,0.0,0,0,10.00537919998169,253,2,0.8905767485940211
1,COM12,2,0,98,0.0,0,0,10.005273342132568,253,2,0.8905767485940211
1,COM12,2,0,97,0.0,0,0,10.005283117294312,253,2,0.8905767485940211
1,COM12,2,0,96,0.0,0,0,10.004330158233643,253,2,0.8905767485940211
1,COM12,2,0,95,0.0,0,0,10.005403757095337,253,2,0.8905767485940211
1,COM12,2,0,94,0.0,0,0,10.004296064376831,253,2,0.8905767485940211
1,COM12,2,0,93,0.0,0,0,10.00511121749878,253,2,0.8905767485940211
1,COM12,2,0,92,0.0,0,0,10.005134582519531,253,2,0.8905767485940211
1,COM12,2,0,91,0.0,0,0,10.004788875579834,253,2,0.8905767485940211
1,COM12,2,0,90,0.0,0,0,10.004074573516846,253,2,0.8905767485940211
1,COM12,2,0,89,0.0,0,0,10.005474328994751,253,2,0.8905767485940211
1,COM12,2,0,88,0.0,0,0,10.005502223968506,253,2,0.8905767485940211
1,COM12,2,0,87,0.0,0,0,10.005393743515015,253,2,0.8905767485940211
1,COM12,2,0,86,0.0,0,0,10.005236625671387,253,2,0.8905767485940211
1,COM12,2,0,85,0.0,0,0,10.005549430847168,253,2,0.8905767485940211
1,COM12,2,0,84,0.0,0,0,10.004152059555054,253,2,0.8905767485940211
1,COM12,2,0,83,0.0,0,0,10.004075288772583,253,2,0.8905767485940211
1,COM12,2,0,82,0.0,0,0,10.005198240280151,253,2,0.8905767485940211
1,COM12,2,0,81,0.0,0,0,10.00413203239441,253,2,0.8905767485940211
1,COM12,2,0,80,0.0,0,0,10.00407338142395,253,2,0.8905767485940211
1,COM12,2,0,79,0.0,0,0,10.005500793457031,253,2,0.8905767485940211
1,COM12,2,0,78,0.0,0,0,10.00445294380188,253,2,0.8905767485940211
1,COM12,2,0,77,0.0,0,0,10.004408359527588,253,2,0.8905767485940211
1,COM12,2,0,76,0.0,0,0,10.004330396652222,253,2,0.8905767485940211
1,COM12,2,0,75,0.0,0,0,10.005274534225464,253,2,0.8905767485940211
1,COM12,2,0,74,0.0,0,0,10.004552125930786,253,2,0.8905767485940211
1,COM12,2,0,73,0.0,0,0,10.004230499267578,253,2,0.8905767485940211
1,COM12,2,0,72,0.0,0,0,10.005313158035278,253,2,0.8905767485940211
1,COM12,2,0,71,0.0,0,0,10.004884958267212,253,2,0.8905767485940211
1,COM12,2,0,70,0.0,0,0,10.004785537719727,253,2,0.8905767485940211
1,COM12,2,0,69,0.0,0,0,10.004404783248901,253,2,0.8905767485940211
1,COM12,2,0,68,0.0,0,0,10.005043506622314,253,2,0.8905767485940211
1,COM12,2,0,67,0.0,0,0,10.004472255706787,253,2,0.8905767485940211
1,COM12,2,0,66,0.0,0,0,10.004191875457764,253,2,0.8905767485940211
1,COM12,2,0,65,0.0,0,0,10.005463123321533,253,2,0.8905767485940211
1,COM12,2,0,64,0.0,0,0,10.005492687225342,253,2,0.8905767485940211
1,COM12,2,0,63,0.0,0,0,10.00525689125061,253,2,0.8905767485940211
1,COM12,2,0,62,0.0,0,0,10.00547480583191,253,2,0.8905767485940211
1,COM12,2,0,61,0.0,0,0,10.005484580993652,253,2,0.8905767485940211
1,COM12,2,0,60,0.0,0,0,10.005186796188354,253,2,0.8905767485940211
1,COM12,2,0,59,0.0,0,0,10.004497766494751,253,2,0.8905767485940211
1,COM12,2,0,58,0.0,0,0,10.005791425704956,253,2,0.8905767485940211
1,COM12,2,0,57,0.0,0,0,10.005398035049438,253,2,0.8905767485940211
1,COM12,2,0,56,0.0,0,0,10.005496978759766,253,2,0.8905767485940211
1,COM12,2,0,55,0.0,0,0,10.005106687545776,253,2,0.8905767485940211
1,COM12,2,0,54,0.0,0,0,10.005219221115112,253,2,0.8905767485940211
1,COM12,2,0,53,0.0,0,0,10.0056893825531,253,2,0.8905767485940211
1,COM12,2,0,52,0.0,0,0,10.0051589012146,253,2,0.8905767485940211
1,COM12,2,0,51,0.0,0,0,10.005347490310669,253,2,0.8905767485940211
1,COM12,2,0,50,0.0,0,0,10.00437331199646,253,2,0.8905767485940211
1,COM12,2,0,49,0.0,0,0,10.004186391830444,253,2,0.8905767485940211
1,COM12,2,0,48,0.0,0,0,10.005689859390259,253,2,0.8905767485940211
1,COM12,2,0,47,0.0,0,0,10.005129337310791,253,2,0.8905767485940211
1,COM12,2,0,46,0.0,0,0,10.0055832862854,253,2,0.8905767485940211
1,COM12,2,0,45,0.0,0,0,10.004605054855347,253,2,0.8905767485940211
1,COM12,2,0,44,0.0,0,0,10.005347967147827,253,2,0.8905767485940211
1,COM12,2,0,43,0.0,0,0,10.00532841682434,253,2,0.8905767485940211
1,COM12,2,0,42,0.0,0,0,10.005804300308228,253,2,0.8905767485940211
1,COM12,2,0,41,0.0,0,0,10.005501747131348,253,2,0.8905767485940211
1,COM12,2,0,40,0.0,0,0,10.00532865524292,253,2,0.8905767485940211
1,COM12,2,0,39,0.0,0,0,10.005134105682373,253,2,0.8905767485940211
1,COM12,2,0,38,0.0,0,0,10.0046706199646,253,2,0.8905767485940211
1,COM12,2,0,37,0.0,0,0,10.005530834197998,253,2,0.8905767485940211
1,COM12,2,0,36,0.0,0,0,10.00507640838623,253,2,0.8905767485940211
1,COM12,2,0,35,0.0,0,0,10.00454568862915,253,2,0.8905767485940211
1,COM12,2,0,34,0.0,0,0,10.005234956741333,253,2,0.8905767485940211
1,COM12,2,0,33,0.0,0,0,10.004039287567139,253,2,0.8905767485940211
1,COM12,2,0,32,0.0,0,0,10.005468368530273,253,2,0.8905767485940211
1,COM12,2,0,31,0.0,0,0,10.005687475204468,253,2,0.8905767485940211
1,COM12,2,0,30,0.0,0,0,10.0055513381958,253,2,0.8905767485940211
1,COM12,2,0,29,0.0,0,0,10.00569772720337,253,2,0.8905767485940211
1,COM12,2,0,28,0.0,0,0,10.005520343780518,253,2,0.8905767485940211
1,COM12,2,0,27,0.0,0,0,10.004555463790894,253,2,0.8905767485940211
1,COM12,2,0,26,0.0,0,0,10.00548791885376,253,2,0.8905767485940211
1,COM12,2,0,25,0.0,0,0,10.004612684249878,253,2,0.8905767485940211
1,COM12,2,0,24,0.0,0,0,10.00476622581482,253,2,0.8905767485940211
1,COM12,2,0,23,0.0,0,0,10.005727529525757,253,2,0.8905767485940211
1,COM12,2,0,22,0.0,0,0,10.005994081497192,253,2,0.8905767485940211
1,COM12,2,0,21,0.0,0,0,10.005357265472412,253,2,0.8905767485940211
1,COM12,2,0,20,0.0,0,0,10.005310773849487,253,2,0.8905767485940211
1,COM12,2,0,19,0.0,0,0,10.005736827850342,253,2,0.8905767485940211
1,COM12,2,0,18,0.0,0,0,10.005389213562012,253,2,0.8905767485940211
1,COM12,2,0,17,0.0,0,0,10.005414724349976,253,2,0.8905767485940211
1,COM12,2,0,16,0.0,0,0,10.004258871078491,253,2,0.8905767485940211
1,COM12,2,0,15,0.0,0,0,10.00413203239441,253,2,0.8905767485940211
1,COM12,2,0,14,0.0,0,0,10.005447626113892,253,2,0.8905767485940211
1,COM12,2,0,13,0.0,0,0,10.005425453186035,253,2,0.8905767485940211
1,COM12,2,0,12,0.0,0,0,10.00529170036316,253,2,0.8905767485940211
1,COM12,2,0,11,0.0,0,0,10.004509925842285,253,2,0.8905767485940211
1,COM12,2,0,10,0.0,0,0,10.005272388458252,253,2,0.8905767485940211
1,COM12,2,0,9,0.0,0,0,10.005600452423096,253,2,0.8905767485940211
1,COM12,2,0,8,0.0,0,0,10.0050790309906,253,2,0.8905767485940211
1,COM12,2,0,7,0.0,0,0,10.00527834892273,253,2,0.8905767485940211
1,COM12,2,0,6,0.0,0,0,10.005719184875488,253,2,0.8905767485940211
1,COM12,2,0,5,0.0,0,0,10.005413055419922,253,2,0.8905767485940211
1,COM12,2,0,4,0.0,0,0,10.005331993103027,253,2,0.8905767485940211
1,COM12,2,0,3,0.0,0,0,10.005603313446045,253,2,0.8905767485940211
1,COM12,2,0,2,0.0,0,0,10.004199504852295,253,2,0.8905767485940211
1,COM12,2,0,1,0.0,0,0,10.005815267562866,253,2,0.8905767485940211
1,COM12,2,0,0,0.0,0,0,10.005865812301636,253,2,0.8905767485940211
1,COM12,2,1,255,76251.63546395754,0,762928,10.005398511886597,,,
1,COM12,2,1,254,75243.21413894492,0,752822,10.005181312561035,,,
1,COM12,2,1,253,76571.42933787161,0,766134,10.005481243133545,,,
1,COM12,2,1,252,84394.89840620718,0,844426,10.00565218925476,,,
1,COM12,2,1,251,99262.60127539883,0,993229,10.006074666976929,253,1,-12.471681169926342
1,COM12,2,1,250,121495.72464747576,0,1215632,10.005553722381592,252,2,-4.168139629439057
1,COM12,2,1,249,142811.9172386737,0,1428915,10.00557255744934,252,2,-2.2694403479542165
1,COM12,2,1,248,162239.38982910622,0,1623280,10.005461692810059,251,2,-1.4423636633572983
1,COM12,2,1,247,165718.40350223647,0,1658068,10.00533413887024,250,3,-0.8746177482500415
1,COM12,2,1,246,144130.24231600526,0,1442079,10.005388021469116,250,3,-0.5747235486871884
1,COM12,2,1,245,107001.4667757625,0,1070589,10.005367517471313,249,3,-0.24488410349411827
1,COM12,2,1,244,69761.74582739436,0,698019,10.00575590133667,249,3,0.18333225919212137
1,COM12,2,1,243,36510.76666946099,0,365308,10.005486965179443,249,3,0.5198740539724211
1,COM12,2,1,242,18023.266372852017,0,180329,10.005345106124878,249,3,0.6919446213203984
1,COM12,2,1,241,8690.889978501766,0,86956,10.005419492721558,249,3,0.7771389632793447
1,COM12,2,1,240,4016.699519256316,0,40190,10.005727291107178,249,3,0.8234971881241576
1,COM12,2,1,239,4959.999913833011,0,49626,10.005242109298706,249,3,0.8540860413084211
1,COM12,2,1,238,2118.8102607978362,0,21199,10.005143165588379,249,3,0.8733012051314071
1,COM12,2,1,237,921.3031166600712,0,9218,10.005393266677856,249,3,0.8864273501272484
1,COM12,2,1,236,342.3130880750872,0,3425,10.005460262298584,249,3,0.8959062675916319
1,COM12,2,1,235,101.44435234883208,0,1015,10.005485534667969,249,3,0.9030886843812246
1,COM12,2,1,234,35.68154970526677,0,357,10.005170822143555,249,3,0.9087705079717686
1,COM12,2,1,233,11.693408228298429,0,117,10.005637168884277,249,3,0.9133888258274886
1,COM12,2,1,232,4.097844635236312,0,41,10.00525975227356,249,3,0.917223614639867
1,COM12,2,1,231,1.9989492217912184,0,20,10.005256652832031,249,3,0.9204618477632283
1,COM12,2,1,230,0.7996377678492276,0,8,10.00452995300293,249,3,0.9232327680193306
1,COM12,2,1,229,0.2998334379409784,0,3,10.005555152893066,249,3,0.9256311103147438
1,COM12,2,1,228,0.4997064169519775,0,5,10.00587511062622,249,3,0.927728229519033
1,COM12,2,1,227,0.6996221746950384,0,7,10.00540041923523,249,3,0.9295777110981328
1,COM12,2,1,226,0.3997789460821739,0,4,10.005529403686523,249,3,0.9312201257427322
1,COM12,2,1,225,0.2998473563015044,0,3,10.005090713500977,249,3,0.9326886384391517
1,COM12,2,1,224,0.49977798787426775,0,5,10.00444221496582,249,3,0.9340101288472884
1,COM12,2,1,223,0.49974405760523277,0,5,10.00512146949768,249,3,0.9352053207452614
1,COM12,2,1,222,0.19988859663403233,0,2,10.005573272705078,249,3,0.9362907324413947
1,COM12,2,1,221,0.2998334379409784,0,3,10.005555152893066,249,3,0.9372816934488505
1,COM12,2,1,220,0.29986424869646433,0,3,10.00452709197998,249,3,0.9381898308397962
1,COM12,2,1,219,0.29986172614942896,0,3,10.004611253738403,249,3,0.9390251295393898
1,COM12,2,1,218,0.39977778388849317,0,4,10.005558490753174,249,3,0.9397963570306876
1,COM12,2,1,217,0.39976948678403207,0,4,10.005766153335571,249,3,0.9405103888191036
1,COM12,2,1,216,0.29983046580965184,0,3,10.005654335021973,249,3,0.9411730264177373
1,COM12,2,1,215,0.09994892584496415,0,1,10.005110025405884,249,3,0.9417891728257411
1,COM12,2,1,214,0.09994548195167607,0,1,10.005454778671265,249,3,0.9423641434656544
1,COM12,2,1,213,0.19989152119623496,0,2,10.00542688369751,249,3,0.9429023459112618
1,COM12,2,1,212,0.19989439344729426,0,2,10.005283117294312,249,3,0.9434068847221891
1,COM12,2,1,211,0.19989117824640087,0,2,10.005444049835205,249,3,0.9438808333916984
1,COM12,2,1,210,0.2998421617724949,0,3,10.005264043807983,249,3,0.944327365372185
1,COM12,2,1,209,0.29983884651382064,0,3,10.005374670028687,249,3,0.9447484338846707
1,COM12,2,1,208,0.09995419693791517,0,1,10.004582405090332,249,3,0.9451451711742365
1,COM12,2,1,207,0.09994472461278814,0,1,10.005530595779419,249,3,0.945520448387456
1,COM12,2,1,206,0.09995540462763794,0,1,10.004461526870728,249,3,0.9458759662099306
1,COM12,2,1,205,0.1998962749831978,0,2,10.005188941955566,249,3,0.9462138114068905
1,COM12,2,1,204,0.1998910496405165,0,2,10.00545048713684,249,3,0.9465348131829058
1,COM12,2,1,203,0.09995342993908239,0,1,10.004659175872803,249,3,0.946839607647071
1,COM12,2,1,202,0.0999456581894157,0,1,10.005437135696411,249,3,0.9471299004928747
1,COM12,2,1,201,0.0,0,0,10.005674600601196,249,3,0.9471299004928747
1,COM12,2,1,200,0.2998361100516547,0,3,10.005465984344482,249,3,0.9474080786711139
1,COM12,2,1,199,0.09995331084094058,0,1,10.004671096801758,249,3,0.9476723429242065
1,COM12,2,1,198,0.09994473890209488,0,1,10.005529165267944,249,3,0.9479248865981162
1,COM12,2,1,197,0.09994724673871275,0,1,10.00527811050415,249,3,0.9481664776629826
1,COM12,2,1,196,0.09994677755173163,0,1,10.005325078964233,249,3,0.9483978185278398
1,COM12,2,1,195,0.0,0,0,10.00548529624939,249,3,0.9483978185278398
1,COM12,2,1,194,0.0,0,0,10.005748748779297,249,3,0.9483978185278398
1,COM12,2,1,193,0.0,0,0,10.005422830581665,249,3,0.9483978185278398
1,COM12,2,1,192,0.0,0,0,10.00589632987976,249,3,0.9483978185278398
1,COM12,2,1,191,0.0,0,0,10.005052089691162,249,3,0.9483978185278398
1,COM12,2,1,190,0.0,0,0,10.005836725234985,249,3,0.9483978185278398
1,COM12,2,1,189,0.09994500801813501,0,1,10.005502223968506,249,3,0.9486197290978197
1,COM12,2,1,188,0.0,0,0,10.005277633666992,249,3,0.9486197290978197
1,COM12,2,1,187,0.0,0,0,10.004163026809692,249,3,0.9486197290978197
1,COM12,2,1,186,0.0999573436619233,0,1,10.004267454147339,249,3,0.9488326892528023
1,COM12,2,1,185,0.0999521556036936,0,1,10.004786729812622,249,3,0.9490371797976719
1,COM12,2,1,184,0.0,0,0,10.005518674850464,249,3,0.9490371797976719
1,COM12,2,1,183,0.0,0,0,10.004322528839111,249,3,0.9490371797976719
1,COM12,2,1,182,0.0,0,0,10.005475521087646,249,3,0.9490371797976719
1,COM12,2,1,181,0.0,0,0,10.00503945350647,249,3,0.9490371797976719
1,COM12,2,1,180,0.0,0,0,10.00612187385559,249,3,0.9490371797976719
1,COM12,2,1,179,0.0,0,0,10.005296468734741,249,3,0.9490371797976719
1,COM12,2,1,178,0.0,0,0,10.005740880966187,249,3,0.9490371797976719
1,COM12,2,1,177,0.0,0,0,10.00542664527893,249,3,0.9490371797976719
1,COM12,2,1,176,0.0,0,0,10.005277872085571,249,3,0.9490371797976719
1,COM12,2,1,175,0.0,0,0,10.005351066589355,249,3,0.9490371797976719
1,COM12,2,1,174,0.0,0,0,10.005096435546875,249,3,0.9490371797976719
1,COM12,2,1,173,0.0,0,0,10.00514817237854,249,3,0.9490371797976719
1,COM12,2,1,172,0.0,0,0,10.005506992340088,249,3,0.9490371797976719
1,COM12,2,1,171,0.0,0,0,10.004603624343872,249,3,0.9490371797976719
1,COM12,2,1,170,0.0,0,0,10.00428318977356,249,3,0.9490371797976719
1,COM12,2,1,169,0.0,0,0,10.005529880523682,249,3,0.9490371797976719
1,COM12,2,1,168,0.0,0,0,10.004676818847656,249,3,0.9490371797976719
1,COM12,2,1,167,0.0,0,0,10.004289388656616,249,3,0.9490371797976719
1,COM12,2,1,166,0.0,0,0,10.005774974822998,249,3,0.9490371797976719
1,COM12,2,1,165,0.0,0,0,10.005197763442993,249,3,0.9490371797976719
1,COM12,2,1,164,0.0,0,0,10.005383253097534,249,3,0.9490371797976719
1,COM12,2,1,163,0.0,0,0,10.005059957504272,249,3,0.9490371797976719
1,COM12,2,1,162,0.0,0,0,10.005338191986084,249,3,0.9490371797976719
1,COM12,2,1,161,0.0,0,0,10.004647493362427,249,3,0.9490371797976719
1,COM12,2,1,160,0.0,0,0,10.005671501159668,249,3,0.9490371797976719
1,COM12,2,1,159,0.0,0,0,10.005253314971924,249,3,0.9490371797976719
1,COM12,2,1,158,0.0,0,0,10.005137205123901,249,3,0.9490371797976719
1,COM12,2,1,157,0.0,0,0,10.005335330963135,249,3,0.9490371797976719
1,COM12,2,1,156,0.0,0,0,10.005504608154297,249,3,0.9490371797976719
1,COM12,2,1,155,0.0,0,0,10.005619525909424,249,3,0.9490371797976719
1,COM12,2,1,154,0.0,0,0,10.005240440368652,249,3,0.9490371797976719
1,COM12,2,1,153,0.0,0,0,10.004835844039917,249,3,0.9490371797976719
1,COM12,2,1,152,0.0,0,0,10.004449844360352,249,3,0.9490371797976719
1,COM12,2,1,151,0.0,0,0,10.004417181015015,249,3,0.9490371797976719
1,COM12,2,1,150,0.0,0,0,10.005635738372803,249,3,0.9490371797976719
1,COM12,2,1,149,0.0,0,0,10.004327774047852,249,3,0.9490371797976719
1,COM12,2,1,148,0.0,0,0,10.005299806594849,249,3,0.9490371797976719
1,COM12,2,1,147,0.0,0,0,10.005532503128052,249,3,0.9490371797976719
1,COM12,2,1,146,0.0,0,0,10.005268573760986,249,3,0.9490371797976719
1,COM12,2,1,145,0.0,0,0,10.005578756332397,249,3,0.9490371797976719
1,COM12,2,1,144,0.0,0,0,10.005220651626587,249,3,0.9490371797976719
1,COM12,2,1,143,0.0,0,0,10.004731893539429,249,3,0.9490371797976719
1,COM12,2,1,142,0.0,0,0,10.00534987449646,249,3,0.9490371797976719
1,COM12,2,1,141,0.0,0,0,10.005776405334473,249,3,0.9490371797976719
1,COM12,2,1,140,0.0,0,0,10.005656003952026,249,3,0.9490371797976719
1,COM12,2,1,139,0.0,0,0,10.005470037460327,249,3,0.9490371797976719
1,COM12,2,1,138,0.0,0,0,10.005406379699707,249,3,0.9490371797976719
1,COM12,2,1,137,0.0,0,0,10.004947185516357,249,3,0.9490371797976719
1,COM12,2,1,136,0.0,0,0,10.004298686981201,249,3,0.9490371797976719
1,COM12,2,1,135,0.0,0,0,10.00451111793518,249,3,0.9490371797976719
1,COM12,2,1,134,0.0,0,0,10.006136417388916,249,3,0.9490371797976719
1,COM12,2,1,133,0.0,0,0,10.00571584701538,249,3,0.9490371797976719
1,COM12,2,1,132,0.0,0,0,10.00533127784729,249,3,0.9490371797976719
1,COM12,2,1,131,0.0,0,0,10.00551724433899,249,3,0.9490371797976719
1,COM12,2,1,130,0.0,0,0,10.004375219345093,249,3,0.9490371797976719
1,COM12,2,1,129,0.0,0,0,10.005770206451416,249,3,0.9490371797976719
1,COM12,2,1,128,0.0,0,0,10.005522012710571,249,3,0.9490371797976719
1,COM12,2,1,127,0.0,0,0,10.0054771900177,249,3,0.9490371797976719
1,COM12,2,1,126,0.0,0,0,10.005509614944458,249,3,0.9490371797976719
1,COM12,2,1,125,0.0,0,0,10.004963874816895,249,3,0.9490371797976719
1,COM12,2,1,124,0.0,0,0,10.005236387252808,249,3,0.9490371797976719
1,COM12,2,1,123,0.0,0,0,10.005287647247314,249,3,0.9490371797976719
1,COM12,2,1,122,0.0,0,0,10.005242586135864,249,3,0.9490371797976719
1,COM12,2,1,121,0.0,0,0,10.005009889602661,249,3,0.9490371797976719
1,COM12,2,1,120,0.0,0,0,10.005488872528076,249,3,0.9490371797976719
1,COM12,2,1,119,0.0,0,0,10.004990100860596,249,3,0.9490371797976719
1,COM12,2,1,118,0.0,0,0,10.004081726074219,249,3,0.9490371797976719
1,COM12,2,1,117,0.0,0,0,10.004896402359009,249,3,0.9490371797976719
1,COM12,2,1,116,0.0,0,0,10.005369663238525,249,3,0.9490371797976719
1,COM12,2,1,115,0.0,0,0,10.00576376914978,249,3,0.9490371797976719
1,COM12,2,1,114,0.0,0,0,10.005653619766235,249,3,0.9490371797976719
1,COM12,2,1,113,0.0,0,0,10.005276679992676,249,3,0.9490371797976719
1,COM12,2,1,112,0.0,0,0,10.005446195602417,249,3,0.9490371797976719
1,COM12,2,1,111,0.0,0,0,10.005605220794678,249,3,0.9490371797976719
1,COM12,2,1,110,0.0,0,0,10.00581693649292,249,3,0.9490371797976719
1,COM12,2,1,109,0.0,0,0,10.005306720733643,249,3,0.9490371797976719
1,COM12,2,1,108,0.0,0,0,10.005181312561035,249,3,0.9490371797976719
1,COM12,2,1,107,0.0,0,0,10.004813432693481,249,3,0.9490371797976719
1,COM12,2,1,106,0.0,0,0,10.005699634552002,249,3,0.9490371797976719
1,COM12,2,1,105,0.0,0,0,10.005404472351074,249,3,0.9490371797976719
1,COM12,2,1,104,0.0,0,0,10.005486249923706,249,3,0.9490371797976719
1,COM12,2,1,103,0.0,0,0,10.00532841682434,249,3,0.9490371797976719
1,COM12,2,1,102,0.0,0,0,10.004639148712158,249,3,0.9490371797976719
1,COM12,2,1,101,0.0,0,0,10.005362272262573,249,3,0.9490371797976719
1,COM12,2,1,100,0.0,0,0,10.004292726516724,249,3,0.9490371797976719
1,COM12,2,1,99,0.0,0,0,10.005429983139038,249,3,0.9490371797976719
1,COM12,2,1,98,0.0,0,0,10.005383253097534,249,3,0.9490371797976719
1,COM12,2,1,97,0.0,0,0,10.005400896072388,249,3,0.9490371797976719
1,COM12,2,1,96,0.0,0,0,10.005741596221924,249,3,0.9490371797976719
1,COM12,2,1,95,0.0,0,0,10.00553297996521,249,3,0.9490371797976719
1,COM12,2,1,94,0.0,0,0,10.005386114120483,249,3,0.9490371797976719
1,COM12,2,1,93,0.0,0,0,10.004623651504517,249,3,0.9490371797976719
1,COM12,2,1,92,0.0,0,0,10.005670070648193,249,3,0.9490371797976719
1,COM12,2,1,91,0.0,0,0,10.005568265914917,249,3,0.9490371797976719
1,COM12,2,1,90,0.0,0,0,10.005463600158691,249,3,0.9490371797976719
1,COM12,2,1,89,0.0,0,0,10.005692958831787,249,3,0.9490371797976719
1,COM12,2,1,88,0.0,0,0,10.005534648895264,249,3,0.9490371797976719
1,COM12,2,1,87,0.0,0,0,10.005434513092041,249,3,0.9490371797976719
1,COM12,2,1,86,0.0,0,0,10.005314111709595,249,3,0.9490371797976719
1,COM12,2,1,85,0.0,0,0,10.005419492721558,249,3,0.9490371797976719
1,COM12,2,1,84,0.0,0,0,10.00426721572876,249,3,0.9490371797976719
1,COM12,2,1,83,0.0,0,0,10.00508999824524,249,3,0.9490371797976719
1,COM12,2,1,82,0.0,0,0,10.005206108093262,249,3,0.9490371797976719
1,COM12,2,1,81,0.0,0,0,10.005099296569824,249,3,0.9490371797976719
1,COM12,2,1,80,0.0,0,0,10.005429744720459,249,3,0.9490371797976719
1,COM12,2,1,79,0.0,0,0,10.004659414291382,249,3,0.9490371797976719
1,COM12,2,1,78,0.0,0,0,10.005555868148804,249,3,0.9490371797976719
1,COM12,2,1,77,0.0,0,0,10.005033254623413,249,3,0.9490371797976719
1,COM12,2,1,76,0.0,0,0,10.00543999671936,249,3,0.9490371797976719
1,COM12,2,1,75,0.0,0,0,10.005393505096436,249,3,0.9490371797976719
1,COM12,2,1,74,0.0,0,0,10.005353212356567,249,3,0.9490371797976719
1,COM12,2,1,73,0.0,0,0,10.005215883255005,249,3,0.9490371797976719
1,COM12,2,1,72,0.0,0,0,10.005603075027466,249,3,0.9490371797976719
1,COM12,2,1,71,0.0,0,0,10.005085229873657,249,3,0.9490371797976719
1,COM12,2,1,70,0.0,0,0,10.005128145217896,249,3,0.9490371797976719
1,COM12,2,1,69,0.0,0,0,10.00559949874878,249,3,0.9490371797976719
1,COM12,2,1,68,0.0,0,0,10.004273653030396,249,3,0.9490371797976719
1,COM12,2,1,67,0.0,0,0,10.004973649978638,249,3,0.9490371797976719
1,COM12,2,1,66,0.0,0,0,10.005648851394653,249,3,0.9490371797976719
1,COM12,2,1,65,0.0,0,0,10.005205154418945,249,3,0.9490371797976719
1,COM12,2,1,64,0.0,0,0,10.005421161651611,249,3,0.9490371797976719
1,COM12,2,1,63,0.0,0,0,10.005475997924805,249,3,0.9490371797976719
1,COM12,2,1,62,0.0,0,0,10.005625009536743,249,3,0.9490371797976719
1,COM12,2,1,61,0.0,0,0,10.005352020263672,249,3,0.9490371797976719
1,COM12,2,1,60,0.0,0,0,10.005384922027588,249,3,0.9490371797976719
1,COM12,2,1,59,0.0,0,0,10.006054639816284,249,3,0.9490371797976719
1,COM12,2,1,58,0.0,0,0,10.005087852478027,249,3,0.9490371797976719
1,COM12,2,1,57,0.0,0,0,10.00519347190857,249,3,0.9490371797976719
1,COM12,2,1,56,0.0,0,0,10.00440263748169,249,3,0.9490371797976719
1,COM12,2,1,55,0.0,0,0,10.00540804862976,249,3,0.9490371797976719
1,COM12,2,1,54,0.0,0,0,10.004971742630005,249,3,0.9490371797976719
1,COM12,2,1,53,0.0,0,0,10.00587773323059,249,3,0.9490371797976719
1,COM12,2,1,52,0.0,0,0,10.005323648452759,249,3,0.9490371797976719
1,COM12,2,1,51,0.0,0,0,10.00527834892273,249,3,0.9490371797976719
1,COM12,2,1,50,0.0,0,0,10.004242658615112,249,3,0.9490371797976719
1,COM12,2,1,49,0.0,0,0,10.004204273223877,249,3,0.9490371797976719
1,COM12,2,1,48,0.0,0,0,10.005312204360962,249,3,0.9490371797976719
1,COM12,2,1,47,0.0,0,0,10.004126071929932,249,3,0.9490371797976719
1,COM12,2,1,46,0.0,0,0,10.005301237106323,249,3,0.9490371797976719
1,COM12,2,1,45,0.0,0,0,10.005496978759766,249,3,0.9490371797976719
1,COM12,2,1,44,0.0,0,0,10.005820512771606,249,3,0.9490371797976719
1,COM12,2,1,43,0.0,0,0,10.00538158416748,249,3,0.9490371797976719
1,COM12,2,1,42,0.0,0,0,10.005157947540283,249,3,0.9490371797976719
1,COM12,2,1,41,0.0,0,0,10.005506753921509,249,3,0.9490371797976719
1,COM12,2,1,40,0.0,0,0,10.004539728164673,249,3,0.9490371797976719
1,COM12,2,1,39,0.0,0,0,10.004541397094727,249,3,0.9490371797976719
1,COM12,2,1,38,0.0,0,0,10.00469446182251,249,3,0.9490371797976719
1,COM12,2,1,37,0.0,0,0,10.005235195159912,249,3,0.9490371797976719
1,COM12,2,1,36,0.0,0,0,10.005432367324829,249,3,0.9490371797976719
1,COM12,2,1,35,0.0,0,0,10.005528450012207,249,3,0.9490371797976719
1,COM12,2,1,34,0.0,0,0,10.005643844604492,249,3,0.9490371797976719
1,COM12,2,1,33,0.0,0,0,10.004291534423828,249,3,0.9490371797976719
1,COM12,2,1,32,0.0,0,0,10.004210948944092,249,3,0.9490371797976719
1,COM12,2,1,31,0.0,0,0,10.00577425956726,249,3,0.9490371797976719
1,COM12,2,1,30,0.0,0,0,10.005707025527954,249,3,0.9490371797976719
1,COM12,2,1,29,0.0,0,0,10.005281448364258,249,3,0.9490371797976719
1,COM12,2,1,28,0.0,0,0,10.005177736282349,249,3,0.9490371797976719
1,COM12,2,1,27,0.0,0,0,10.005379676818848,249,3,0.9490371797976719
1,COM12,2,1,26,0.0,0,0,10.00605058670044,249,3,0.9490371797976719
1,COM12,2,1,25,0.0,0,0,10.005275964736938,249,3,0.9490371797976719
1,COM12,2,1,24,0.0,0,0,10.00565791130066,249,3,0.9490371797976719
1,COM12,2,1,23,0.0,0,0,10.005470037460327,249,3,0.9490371797976719
1,COM12,2,1,22,0.0,0,0,10.00546646118164,249,3,0.9490371797976719
1,COM12,2,1,21,0.0,0,0,10.005740404129028,249,3,0.9490371797976719
1,COM12,2,1,20,0.0,0,0,10.005715608596802,249,3,0.9490371797976719
1,COM12,2,1,19,0.0,0,0,10.005324602127075,249,3,0.9490371797976719
1,COM12,2,1,18,0.0,0,0,10.004677534103394,249,3,0.9490371797976719
1,COM12,2,1,17,0.0,0,0,10.005207777023315,249,3,0.9490371797976719
1,COM12,2,1,16,0.0,0,0,10.004653215408325,249,3,0.9490371797976719
1,COM12,2,1,15,0.0,0,0,10.004505395889282,249,3,0.9490371797976719
1,COM12,2,1,14,0.0,0,0,10.005367279052734,249,3,0.9490371797976719
1,COM12,2,1,13,0.0,0,0,10.005634307861328,249,3,0.9490371797976719
1,COM12,2,1,12,0.0,0,0,10.00561237335205,249,3,0.9490371797976719
1,COM12,2,1,11,0.0,0,0,10.005533695220947,249,3,0.9490371797976719
1,COM12,2,1,10,0.0,0,0,10.005698919296265,249,3,0.9490371797976719
1,COM12,2,1,9,0.0,0,0,10.00568437576294,249,3,0.9490371797976719
1,COM12,2,1,8,0.0,0,0,10.004454135894775,249,3,0.9490371797976719
1,COM12,2,1,7,0.0,0,0,10.00551176071167,249,3,0.9490371797976719
1,COM12,2,1,6,0.0,0,0,10.00568175315857,249,3,0.9490371797976719
1,COM12,2,1,5,0.0,0,0,10.00600552558899,249,3,0.9490371797976719
1,COM12,2,1,4,0.0,0,0,10.0053071975708,249,3,0.9490371797976719
1,COM12,2,1,3,0.0,0,0,10.00541377067566,249,3,0.9490371797976719
1,COM12,2,1,2,0.0,0,0,10.005236625671387,249,3,0.9490371797976719
1,COM12,2,1,1,0.0,0,0,10.005577087402344,249,3,0.9490371797976719
1,COM12,2,1,0,0.0,0,0,10.005383968353271,249,3,0.9490371797976719
1,COM12,2,2,255,72378.37184816087,0,724148,10.005033016204834,,,
1,COM12,2,2,254,80073.65472015034,0,801124,10.004838705062866,,,
1,COM12,2,2,253,81284.15277263509,0,813291,10.005529642105103,,,
1,COM12,2,2,252,80773.51140720473,0,808241,10.006263017654419,,,
1,COM12,2,2,251,78666.26237342776,0,787072,10.00520396232605,253,1,-92.61160213334095
1,COM12,2,2,250,83156.7864105212,0,832086,10.00623083114624,252,2,-85.89408676739065
1,COM12,2,2,249,92308.83743895909,0,923682,10.006430864334106,252,2,-31.899692262543454
1,COM12,2,2,248,105097.78653185235,0,1051540,10.005348682403564,251,2,-11.460793629057079
1,COM12,2,2,247,135216.85851474546,0,1353014,10.00625228881836,251,3,-4.317346383741044
1,COM12,2,2,246,156887.45105947388,0,1569734,10.005478382110596,250,3,-2.7612304267785794
1,COM12,2,2,245,172039.07757317848,0,1721332,10.005470991134644,249,3,-1.9076379003121602
1,COM12,2,2,244,175332.95814903657,0,1754150,10.004679203033447,248,3,-1.2324966080436073
1,COM12,2,2,243,143852.8855837316,0,1439420,10.006194829940796,248,4,-0.9035084452141575
1,COM12,2,2,242,112651.94592045434,0,1127139,10.005499601364136,247,4,-0.6265975343285846
1,COM12,2,2,241,76157.31825593671,0,761978,10.00531554222107,247,4,-0.28208143821111986
1,COM12,2,2,240,45789.90296440759,0,458154,10.005568265914917,247,4,0.06490142653619801
1,COM12,2,2,239,41068.06460550936,0,410902,10.005389928817749,247,4,0.2918642338655597
1,COM12,2,2,238,23606.505376685625,0,236199,10.005674123764038,247,4,0.4565420049438018
1,COM12,2,2,237,10788.413502008962,0,107945,10.00564169883728,247,4,0.5664436464805382
1,COM12,2,2,236,5120.312824108975,0,51230,10.005248069763184,247,4,0.6382717396064832
1,COM12,2,2,235,1549.7192291501883,0,15506,10.005683422088623,247,4,0.6871538985098244
1,COM12,2,2,234,633.8601371616214,0,6342,10.005361795425415,247,4,0.7218210757808736
1,COM12,2,2,233,261.8551223285495,0,2620,10.00553274154663,247,4,0.7474999400204019
1,COM12,2,2,232,102.44209046447486,0,1025,10.005652904510498,247,4,0.7672231385756455
1,COM12,2,2,231,25.18673318633352,0,252,10.00526738166809,247,4,0.7828255530635899
1,COM12,2,2,230,8.795224627245991,0,88,10.00542950630188,247,4,0.7954781130001976
1,COM12,2,2,229,3.6980862864768986,0,37,10.0051748752594,247,4,0.8059454833684517
1,COM12,2,2,228,2.0990815057069243,0,21,10.004375696182251,247,4,0.814749137463006
1,COM12,2,2,227,0.899475965626334,0,9,10.005825996398926,247,4,0.8222563353383135
1,COM12,2,2,226,0.5996842806747946,0,6,10.00526475906372,247,4,0.8287340557125914
1,COM12,2,2,225,0.899536860025114,0,9,10.005148649215698,247,4,0.8343807981324797
1,COM12,2,2,224,0.5996770356998581,0,6,10.005385637283325,247,4,0.8393465079837428
1,COM12,2,2,223,0.5996792220347983,0,6,10.005349159240723,247,4,0.8437475340234042
1,COM12,2,2,222,0.4997347689702023,0,5,10.00530743598938,247,4,0.84767494986771
1,COM12,2,2,221,0.19988898244271272,0,2,10.005553960800171,247,4,0.8512011236560365
1,COM12,2,2,220,0.299842418993905,0,3,10.005255460739136,247,4,0.8543848146503039
1,COM12,2,2,219,0.499778547661107,0,5,10.004431009292603,247,4,0.8572737270672175
1,COM12,2,2,218,0.1999083557638019,0,2,10.004584312438965,247,4,0.8599065979190481
1,COM12,2,2,217,0.0999461583269263,0,1,10.0053870677948,247,4,0.8623161332400079
1,COM12,2,2,216,0.39978784375604814,0,4,10.005306720733643,247,4,0.8645299581902139
1,COM12,2,2,215,0.09994925929121762,0,1,10.00507664680481,247,4,0.8665704676416519
1,COM12,2,2,214,0.2998334379409784,0,3,10.005555152893066,247,4,0.8684576898365579
1,COM12,2,2,213,0.199878637569833,0,2,10.00607180595398,247,4,0.8702080071396168
1,COM12,2,2,212,0.09994597494259123,0,1,10.00540542602539,247,4,0.8718357715376936
1,COM12,2,2,211,0.29986082576048184,0,3,10.00464129447937,247,4,0.8733537363477129
1,COM12,2,2,210,0.1998906019028025,0,2,10.005472898483276,247,4,0.8747723526875655
1,COM12,2,2,209,0.0,0,0,10.005422353744507,247,4,0.8747723526875655
1,COM12,2,2,208,0.19989160693387736,0,2,10.005422592163086,247,4,0.8761011708309238
1,COM12,2,2,207,0.39982794536147526,0,4,10.004303216934204,247,4,0.8773487085824005
1,COM12,2,2,206,0.2998450269581223,0,3,10.005168437957764,247,4,0.8785218639944234
1,COM12,2,2,205,0.09994248600519401,0,1,10.005754709243774,247,4,0.8796269368579114
1,COM12,2,2,204,0.09994724912038379,0,1,10.005277872085571,247,4,0.8806699118901957
1,COM12,2,2,203,0.09994774689212202,0,1,10.005228042602539,247,4,0.8816558813965844
1,COM12,2,2,202,0.0,0,0,10.005446672439575,247,4,0.8816558813965844
1,COM12,2,2,201,0.09995583816440047,0,1,10.004418134689331,247,4,0.882589400442988
1,COM12,2,2,200,0.09995724599377803,0,1,10.004277229309082,247,4,0.8834745429765692
1,COM12,2,2,199,0.099944531707547,0,1,10.005549907684326,247,4,0.884314975504315
1,COM12,2,2,198,0.29986593518217713,0,3,10.004470825195312,247,4,0.8851143285503422
1,COM12,2,2,197,0.09994840424421558,0,1,10.005162239074707,247,4,0.8858749367368451
1,COM12,2,2,196,0.0999534751964507,0,1,10.0046546459198,247,4,0.8865998341320682
1,COM12,2,2,195,0.0,0,0,10.005457162857056,247,4,0.8865998341320682
1,COM12,2,2,194,0.09994482940113247,0,1,10.005520105361938,247,4,0.887291483836849
1,COM12,2,2,193,0.0,0,0,10.005393028259277,247,4,0.887291483836849
1,COM12,2,2,192,0.09995443037467898,0,1,10.00455904006958,247,4,0.8879521236793557
1,COM12,2,2,191,0.09995835846906828,0,1,10.004165887832642,247,4,0.888583790091917
1,COM12,2,2,190,0.09994595588971189,0,1,10.005407333374023,247,4,0.8891883491475441
1,COM12,2,2,189,0.09994300278123552,0,1,10.00570297241211,247,4,0.889767510108524
1,COM12,2,2,188,0.0,0,0,10.005304098129272,247,4,0.889767510108524
1,COM12,2,2,187,0.0,0,0,10.00571608543396,247,4,0.889767510108524
1,COM12,2,2,186,0.0,0,0,10.00560212135315,247,4,0.889767510108524
1,COM12,2,2,185,0.09994524855670721,0,1,10.005478143692017,247,4,0.8903228568901349
1,COM12,2,2,184,0.09995194123270892,0,1,10.004808187484741,247,4,0.8908558161138725
1,COM12,2,2,183,0.0,0,0,10.004094123840332,247,4,0.8908558161138725
1,COM12,2,2,182,0.0,0,0,10.005266189575195,247,4,0.8908558161138725
1,COM12,2,2,181,0.0,0,0,10.005311489105225,247,4,0.8908558161138725
1,COM12,2,2,180,0.09994559864956928,0,1,10.005443096160889,247,4,0.8913677317093446
1,COM12,2,2,179,0.0,0,0,10.005719661712646,247,4,0.8913677317093446
1,COM12,2,2,178,0.0,0,0,10.005935192108154,247,4,0.8913677317093446
1,COM12,2,2,177,0.0,0,0,10.004726886749268,247,4,0.8913677317093446
1,COM12,2,2,176,0.0,0,0,10.005246877670288,247,4,0.8913677317093446
1,COM12,2,2,175,0.0,0,0,10.005506992340088,247,4,0.8913677317093446
1,COM12,2,2,174,0.0,0,0,10.005284786224365,247,4,0.8913677317093446
1,COM12,2,2,173,0.0,0,0,10.005279779434204,247,4,0.8913677317093446
1,COM12,2,2,172,0.0,0,0,10.004949569702148,247,4,0.8913677317093446
1,COM12,2,2,171,0.0,0,0,10.004706859588623,247,4,0.8913677317093446
1,COM12,2,2,170,0.0,0,0,10.004560947418213,247,4,0.8913677317093446
1,COM12,2,2,169,0.0,0,0,10.005275249481201,247,4,0.8913677317093446
1,COM12,2,2,168,0.0,0,0,10.004711627960205,247,4,0.8913677317093446
1,COM12,2,2,167,0.0,0,0,10.004398822784424,247,4,0.8913677317093446
1,COM12,2,2,166,0.0,0,0,10.004313230514526,247,4,0.8913677317093446
1,COM12,2,2,165,0.0,0,0,10.004276037216187,247,4,0.8913677317093446
1,COM12,2,2,164,0.0,0,0,10.00589656829834,247,4,0.8913677317093446
1,COM12,2,2,163,0.0,0,0,10.005269050598145,247,4,0.8913677317093446
1,COM12,2,2,162,0.0,0,0,10.00422978401184,247,4,0.8913677317093446
1,COM12,2,2,161,0.0,0,0,10.005502700805664,247,4,0.8913677317093446
1,COM12,2,2,160,0.0,0,0,10.004637002944946,247,4,0.8913677317093446
1,COM12,2,2,159,0.0,0,0,10.00531530380249,247,4,0.8913677317093446
1,COM12,2,2,158,0.0,0,0,10.005382776260376,247,4,0.8913677317093446
1,COM12,2,2,157,0.0,0,0,10.005238056182861,247,4,0.8913677317093446
1,COM12,2,2,156,0.0,0,0,10.005443334579468,247,4,0.8913677317093446
1,COM12,2,2,155,0.0,0,0,10.005361795425415,247,4,0.8913677317093446
1,COM12,2,2,154,0.0,0,0,10.005119800567627,247,4,0.8913677317093446
1,COM12,2,2,153,0.0,0,0,10.005535364151001,247,4,0.8913677317093446
1,COM12,2,2,152,0.0,0,0,10.004743337631226,247,4,0.8913677317093446
1,COM12,2,2,151,0.0,0,0,10.005574226379395,247,4,0.8913677317093446
1,COM12,2,2,150,0.0,0,0,10.005505084991455,247,4,0.8913677317093446
1,COM12,2,2,149,0.0,0,0,10.005628824234009,247,4,0.8913677317093446
1,COM12,2,2,148,0.0,0,0,10.00420880317688,247,4,0.8913677317093446
1,COM12,2,2,147,0.0,0,0,10.00516939163208,247,4,0.8913677317093446
1,COM12,2,2,146,0.0,0,0,10.005672454833984,247,4,0.8913677317093446
1,COM12,2,2,145,0.0,0,0,10.004273891448975,247,4,0.8913677317093446
1,COM12,2,2,144,0.0,0,0,10.005727529525757,247,4,0.8913677317093446
1,COM12,2,2,143,0.0,0,0,10.00427770614624,247,4,0.8913677317093446
1,COM12,2,2,142,0.0,0,0,10.005543947219849,247,4,0.8913677317093446
1,COM12,2,2,141,0.0,0,0,10.005266666412354,247,4,0.8913677317093446
1,COM12,2,2,140,0.0,0,0,10.004416704177856,247,4,0.8913677317093446
1,COM12,2,2,139,0.0,0,0,10.005201816558838,247,4,0.8913677317093446
1,COM12,2,2,138,0.0,0,0,10.005560636520386,247,4,0.8913677317093446
1,COM12,2,2,137,0.0,0,0,10.005360841751099,247,4,0.8913677317093446
1,COM12,2,2,136,0.0,0,0,10.005637884140015,247,4,0.8913677317093446
1,COM12,2,2,135,0.0,0,0,10.005701780319214,247,4,0.8913677317093446
1,COM12,2,2,134,0.0,0,0,10.005454540252686,247,4,0.8913677317093446
1,COM12,2,2,133,0.0,0,0,10.00518012046814,247,4,0.8913677317093446
1,COM12,2,2,132,0.0,0,0,10.00549578666687,247,4,0.8913677317093446
1,COM12,2,2,131,0.0,0,0,10.004551887512207,247,4,0.8913677317093446
1,COM12,2,2,130,0.0,0,0,10.004149913787842,247,4,0.8913677317093446
1,COM12,2,2,129,0.0,0,0,10.005866765975952,247,4,0.8913677317093446
1,COM12,2,2,128,0.0,0,0,10.005462646484375,247,4,0.8913677317093446
1,COM12,2,2,127,0.0,0,0,10.004469633102417,247,4,0.8913677317093446
1,COM12,2,2,126,0.0,0,0,10.005356311798096,247,4,0.8913677317093446
1,COM12,2,2,125,0.0,0,0,10.005144596099854,247,4,0.8913677317093446
1,COM12,2,2,124,0.0,0,0,10.00560975074768,247,4,0.8913677317093446
1,COM12,2,2,123,0.0,0,0,10.005271196365356,247,4,0.8913677317093446
1,COM12,2,2,122,0.0,0,0,10.004378318786621,247,4,0.8913677317093446
1,COM12,2,2,121,0.0,0,0,10.005682706832886,247,4,0.8913677317093446
1,COM12,2,2,120,0.0,0,0,10.005546569824219,247,4,0.8913677317093446
1,COM12,2,2,119,0.0,0,0,10.005571842193604,247,4,0.8913677317093446
1,COM12,2,2,118,0.0,0,0,10.005182981491089,247,4,0.8913677317093446
1,COM12,2,2,117,0.0,0,0,10.005163431167603,247,4,0.8913677317093446
1,COM12,2,2,116,0.0,0,0,10.005337715148926,247,4,0.8913677317093446
1,COM12,2,2,115,0.0,0,0,10.00522232055664,247,4,0.8913677317093446
1,COM12,2,2,114,0.0,0,0,10.0053071975708,247,4,0.8913677317093446
1,COM12,2,2,113,0.0,0,0,10.004343271255493,247,4,0.8913677317093446
1,COM12,2,2,112,0.0,0,0,10.004170417785645,247,4,0.8913677317093446
1,COM12,2,2,111,0.0,0,0,10.00533413887024,247,4,0.8913677317093446
1,COM12,2,2,110,0.0,0,0,10.005692481994629,247,4,0.8913677317093446
1,COM12,2,2,109,0.0,0,0,10.005775690078735,247,4,0.8913677317093446
1,COM12,2,2,108,0.0,0,0,10.005390167236328,247,4,0.8913677317093446
1,COM12,2,2,107,0.0,0,0,10.004786014556885,247,4,0.8913677317093446
1,COM12,2,2,106,0.0,0,0,10.005246877670288,247,4,0.8913677317093446
1,COM12,2,2,105,0.0,0,0,10.00548768043518,247,4,0.8913677317093446
1,COM12,2,2,104,0.0,0,0,10.005595922470093,247,4,0.8913677317093446
1,COM12,2,2,103,0.0,0,0,10.005494594573975,247,4,0.8913677317093446
1,COM12,2,2,102,0.0,0,0,10.005846738815308,247,4,0.8913677317093446
1,COM12,2,2,101,0.0,0,0,10.00586462020874,247,4,0.8913677317093446
1,COM12,2,2,100,0.0,0,0,10.00540018081665,247,4,0.8913677317093446
1,COM12,2,2,99,0.0,0,0,10.005736351013184,247,4,0.8913677317093446
1,COM12,2,2,98,0.0,0,0,10.005412101745605,247,4,0.8913677317093446
1,COM12,2,2,97,0.0,0,0,10.005510807037354,247,4,0.8913677317093446
1,COM12,2,2,96,0.0,0,0,10.005364418029785,247,4,0.8913677317093446
1,COM12,2,2,95,0.0,0,0,10.004619836807251,247,4,0.8913677317093446
1,COM12,2,2,94,0.0,0,0,10.004782915115356,247,4,0.8913677317093446
1,COM12,2,2,93,0.0,0,0,10.00574803352356,247,4,0.8913677317093446
1,COM12,2,2,92,0.0,0,0,10.00430965423584,247,4,0.8913677317093446
1,COM12,2,2,91,0.0,0,0,10.005397319793701,247,4,0.8913677317093446
1,COM12,2,2,90,0.0,0,0,10.005496978759766,247,4,0.8913677317093446
1,COM12,2,2,89,0.0,0,0,10.005495071411133,247,4,0.8913677317093446
1,COM12,2,2,88,0.0,0,0,10.005112648010254,247,4,0.8913677317093446
1,COM12,2,2,87,0.0,0,0,10.005621910095215,247,4,0.8913677317093446
1,COM12,2,2,86,0.0,0,0,10.005344867706299,247,4,0.8913677317093446
1,COM12,2,2,85,0.0,0,0,10.004514217376709,247,4,0.8913677317093446
1,COM12,2,2,84,0.0,0,0,10.00549840927124,247,4,0.8913677317093446
1,COM12,2,2,83,0.0,0,0,10.005341529846191,247,4,0.8913677317093446
1,COM12,2,2,82,0.0,0,0,10.005495548248291,247,4,0.8913677317093446
1,COM12,2,2,81,0.0,0,0,10.004121780395508,247,4,0.8913677317093446
1,COM12,2,2,80,0.0,0,0,10.00485110282898,247,4,0.8913677317093446
1,COM12,2,2,79,0.0,0,0,10.005208253860474,247,4,0.8913677317093446
1,COM12,2,2,78,0.0,0,0,10.004301309585571,247,4,0.8913677317093446
1,COM12,2,2,77,0.0,0,0,10.004055500030518,247,4,0.8913677317093446
1,COM12,2,2,76,0.0,0,0,10.005294561386108,247,4,0.8913677317093446
1,COM12,2,2,75,0.0,0,0,10.004277467727661,247,4,0.8913677317093446
1,COM12,2,2,74,0.0,0,0,10.0052809715271,247,4,0.8913677317093446
1,COM12,2,2,73,0.0,0,0,10.005650043487549,247,4,0.8913677317093446
1,COM12,2,2,72,0.0,0,0,10.005438327789307,247,4,0.8913677317093446
1,COM12,2,2,71,0.0,0,0,10.005777359008789,247,4,0.8913677317093446
1,COM12,2,2,70,0.0,0,0,10.005664825439453,247,4,0.8913677317093446
1,COM12,2,2,69,0.0,0,0,10.004632949829102,247,4,0.8913677317093446
1,COM12,2,2,68,0.0,0,0,10.005288124084473,247,4,0.8913677317093446
1,COM12,2,2,67,0.0,0,0,10.005374908447266,247,4,0.8913677317093446
1,COM12,2,2,66,0.0,0,0,10.00562071800232,247,4,0.8913677317093446
1,COM12,2,2,65,0.0,0,0,10.00474214553833,247,4,0.8913677317093446
1,COM12,2,2,64,0.0,0,0,10.005056858062744,247,4,0.8913677317093446
1,COM12,2,2,63,0.0,0,0,10.005611896514893,247,4,0.8913677317093446
1,COM12,2,2,62,0.0,0,0,10.00558352470398,247,4,0.8913677317093446
1,COM12,2,2,61,0.0,0,0,10.004472255706787,247,4,0.8913677317093446
1,COM12,2,2,60,0.0,0,0,10.004456996917725,247,4,0.8913677317093446
1,COM12,2,2,59,0.0,0,0,10.006155252456665,247,4,0.8913677317093446
1,COM12,2,2,58,0.0,0,0,10.004276514053345,247,4,0.8913677317093446
1,COM12,2,2,57,0.0,0,0,10.00614857673645,247,4,0.8913677317093446
1,COM12,2,2,56,0.0,0,0,10.005512237548828,247,4,0.8913677317093446
1,COM12,2,2,55,0.0,0,0,10.005665063858032,247,4,0.8913677317093446
1,COM12,2,2,54,0.0,0,0,10.005197048187256,247,4,0.8913677317093446
1,COM12,2,2,53,0.0,0,0,10.005168676376343,247,4,0.8913677317093446
1,COM12,2,2,52,0.0,0,0,10.00527834892273,247,4,0.8913677317093446
1,COM12,2,2,51,0.0,0,0,10.005683898925781,247,4,0.8913677317093446
1,COM12,2,2,50,0.0,0,0,10.00436019897461,247,4,0.8913677317093446
1,COM12,2,2,49,0.0,0,0,10.005427837371826,247,4,0.8913677317093446
1,COM12,2,2,48,0.0,0,0,10.005307674407959,247,4,0.8913677317093446
1,COM12,2,2,47,0.0,0,0,10.005203247070312,247,4,0.8913677317093446
1,COM12,2,2,46,0.0,0,0,10.005228996276855,247,4,0.8913677317093446
1,COM12,2,2,45,0.0,0,0,10.005076169967651,247,4,0.8913677317093446
1,COM12,2,2,44,0.0,0,0,10.005486011505127,247,4,0.8913677317093446
1,COM12,2,2,43,0.0,0,0,10.004185914993286,247,4,0.8913677317093446
1,COM12,2,2,42,0.0,0,0,10.004243612289429,247,4,0.8913677317093446
1,COM12,2,2,41,0.0,0,0,10.005590200424194,247,4,0.8913677317093446
1,COM12,2,2,40,0.0,0,0,10.005482912063599,247,4,0.8913677317093446
1,COM12,2,2,39,0.0,0,0,10.004515171051025,247,4,0.8913677317093446
1,COM12,2,2,38,0.0,0,0,10.004771709442139,247,4,0.8913677317093446
1,COM12,2,2,37,0.0,0,0,10.004124402999878,247,4,0.8913677317093446
1,COM12,2,2,36,0.0,0,0,10.00529170036316,247,4,0.8913677317093446
1,COM12,2,2,35,0.0,0,0,10.004313945770264,247,4,0.8913677317093446
1,COM12,2,2,34,0.0,0,0,10.005364656448364,247,4,0.8913677317093446
1,COM12,2,2,33,0.0,0,0,10.005681991577148,247,4,0.8913677317093446
1,COM12,2,2,32,0.0,0,0,10.005287885665894,247,4,0.8913677317093446
1,COM12,2,2,31,0.0,0,0,10.005748748779297,247,4,0.8913677317093446
1,COM12,2,2,30,0.0,0,0,10.005930423736572,247,4,0.8913677317093446
1,COM12,2,2,29,0.0,0,0,10.004554986953735,247,4,0.8913677317093446
1,COM12,2,2,28,0.0,0,0,10.004696130752563,247,4,0.8913677317093446
1,COM12,2,2,27,0.0,0,0,10.004244089126587,247,4,0.8913677317093446
1,COM12,2,2,26,0.0,0,0,10.004632234573364,247,4,0.8913677317093446
1,COM12,2,2,25,0.0,0,0,10.004340410232544,247,4,0.8913677317093446
1,COM12,2,2,24,0.0,0,0,10.005229473114014,247,4,0.8913677317093446
1,COM12,2,2,23,0.0,0,0,10.00570011138916,247,4,0.8913677317093446
1,COM12,2,2,22,0.0,0,0,10.005443334579468,247,4,0.8913677317093446
1,COM12,2,2,21,0.0,0,0,10.005181789398193,247,4,0.8913677317093446
1,COM12,2,2,20,0.0,0,0,10.0054452419281,247,4,0.8913677317093446
1,COM12,2,2,19,0.0,0,0,10.004911184310913,247,4,0.8913677317093446
1,COM12,2,2,18,0.0,0,0,10.005256414413452,247,4,0.8913677317093446
1,COM12,2,2,17,0.0,0,0,10.005482912063599,247,4,0.8913677317093446
1,COM12,2,2,16,0.0,0,0,10.005620002746582,247,4,0.8913677317093446
1,COM12,2,2,15,0.0,0,0,10.005728006362915,247,4,0.8913677317093446
1,COM12,2,2,14,0.0,0,0,10.005187511444092,247,4,0.8913677317093446
1,COM12,2,2,13,0.0,0,0,10.005690574645996,247,4,0.8913677317093446
1,COM12,2,2,12,0.0,0,0,10.00520133972168,247,4,0.8913677317093446
1,COM12,2,2,11,0.0,0,0,10.004311800003052,247,4,0.8913677317093446
1,COM12,2,2,10,0.0,0,0,10.0054292678833,247,4,0.8913677317093446
1,COM12,2,2,9,0.0,0,0,10.005542516708374,247,4,0.8913677317093446
1,COM12,2,2,8,0.0,0,0,10.004724502563477,247,4,0.8913677317093446
1,COM12,2,2,7,0.0,0,0,10.004176139831543,247,4,0.8913677317093446
1,COM12,2,2,6,0.0,0,0,10.004623651504517,247,4,0.8913677317093446
1,COM12,2,2,5,0.0,0,0,10.005220174789429,247,4,0.8913677317093446
1,COM12,2,2,4,0.0,0,0,10.005551815032959,247,4,0.8913677317093446
1,COM12,2,2,3,0.0,0,0,10.005181312561035,247,4,0.8913677317093446
1,COM12,2,2,2,0.0,0,0,10.005501985549927,247,4,0.8913677317093446
1,COM12,2,2,1,0.0,0,0,10.005531311035156,247,4,0.8913677317093446
1,COM12,2,2,0,0.0,0,0,10.005571842193604,247,4,0.8913677317093446
1,COM12,3,0,255,177088.1955558398,0,1771815,10.005268812179565,,,
1,COM12,3,0,254,186064.57416734987,0,1861847,10.006456136703491,,,
1,COM12,3,0,253,173499.06169680558,0,1736128,10.006555557250977,,,
1,COM12,3,0,252,142721.40769736317,0,1427962,10.005240440368652,,,
1,COM12,3,0,251,98361.03158045882,0,984184,10.005832433700562,253,1,-1.6983148856864987
1,COM12,3,0,250,56804.746142261836,0,568366,10.005607604980469,253,2,0.09875182395599302
1,COM12,3,0,249,30080.658810157354,0,300999,10.006396532058716,253,2,0.5311062456732385
1,COM12,3,0,248,15759.100936688315,0,157667,10.004822015762329,253,2,0.6823801337044211
1,COM12,3,0,247,8043.362678581573,0,80476,10.005268096923828,253,2,0.7521407597416674
1,COM12,3,0,246,3747.766309518703,0,37498,10.005426406860352,253,2,0.7913219373994491
1,COM12,3,0,245,3751.5067651686245,0,37535,10.005313158035278,253,2,0.8138572323780014
1,COM12,3,0,244,1543.1189333864036,0,15440,10.005709648132324,253,2,0.8299338152054083
1,COM12,3,0,243,596.0632358908438,0,5964,10.00564980506897,253,2,0.8420716739326426
1,COM12,3,0,242,231.67875031833083,0,2318,10.005233526229858,253,2,0.8514307839906089
1,COM12,3,0,241,86.15334417677805,0,862,10.005415439605713,253,2,0.8587937382298609
1,COM12,3,0,240,32.28304685616365,0,323,10.005251407623291,253,2,0.8646986746531248
1,COM12,3,0,239,12.593106119403657,0,126,10.005474328994751,253,2,0.8695246219971018
1,COM12,3,0,238,10.294497727154557,0,103,10.005344867706299,253,2,0.8735371574853572
1,COM12,3,0,237,4.397305089775736,0,44,10.006128549575806,253,2,0.876925374721775
1,COM12,3,0,236,2.898368421154216,0,29,10.005629301071167,253,2,0.8798239702973689
1,COM12,3,0,235,2.7985609873577513,0,28,10.005141973495483,253,2,0.8823324640727122
1,COM12,3,0,234,2.3987092859774775,0,24,10.005380868911743,253,2,0.8845245980607096
1,COM12,3,0,233,1.7990671607825113,0,18,10.0051851272583,253,2,0.8864563146998137
1,COM12,3,0,232,1.7989655196817111,0,18,10.00575041770935,253,2,0.8881722223281779
1,COM12,3,0,231,1.5991615114221764,0,16,10.005243301391602,253,2,0.8897063805064555
1,COM12,3,0,230,1.7989858812766812,0,18,10.005637168884277,253,2,0.891087340361888
1,COM12,3,0,229,1.7991635396713355,0,18,10.00464916229248,253,2,0.8923368976172237
1,COM12,3,0,228,1.3992115744030609,0,14,10.005634784698486,253,2,0.8934717477670826
1,COM12,3,0,227,1.3992812272538857,0,14,10.005136728286743,253,2,0.8945082460339006
1,COM12,3,0,226,1.599301414460794,0,16,10.00436806678772,253,2,0.8954598467925303
1,COM12,3,0,225,1.3993987092128413,0,14,10.004296779632568,253,2,0.8963351104847548
1,COM12,3,0,224,1.2992951354619908,0,13,10.005424976348877,253,2,0.897143284302026
1,COM12,3,0,223,1.1993337517639135,0,12,10.005555152893066,253,2,0.8978918080924426
1,COM12,3,0,222,1.4991799429552264,0,15,10.005470037460327,253,2,0.8985898465911186
1,COM12,3,0,221,1.0994021876884792,0,11,10.00543761253357,253,2,0.8992379627003649
1,COM12,3,0,220,1.0993960836942598,0,11,10.0054931640625,253,2,0.8998438196265333
1,COM12,3,0,219,1.4992140598595574,0,15,10.005242347717285,253,2,0.900415178025607
1,COM12,3,0,218,0.9994581775655392,0,10,10.005421161651611,253,2,0.9009475926511409
1,COM12,3,0,217,0.7995850046642652,0,8,10.005190134048462,253,2,0.9014467340531662
1,COM12,3,0,216,1.2992805840424584,0,13,10.005537033081055,253,2,0.901922850306198
1,COM12,3,0,215,0.8994962842768408,0,9,10.005599975585938,253,2,0.9023686272373791
1,COM12,3,0,214,0.8994942266502066,0,9,10.005622863769531,253,2,0.9027907206651373
1,COM12,3,0,213,0.7995991046530784,0,8,10.005013704299927,253,2,0.9031898122783688
1,COM12,3,0,212,0.8996177866707212,0,9,10.00424861907959,253,2,0.9035703284053509
1,COM12,3,0,211,0.8996100899737922,0,9,10.004334211349487,253,2,0.903932544490453
1,COM12,3,0,210,0.6996842474118469,0,7,10.004512786865234,253,2,0.9042748040354593
1,COM12,3,0,209,0.7995973516544272,0,8,10.005035638809204,253,2,0.9046029999411325
1,COM12,3,0,208,0.4997168595512572,0,5,10.005666017532349,253,2,0.9049116013569877
1,COM12,3,0,207,0.4997440218790519,0,5,10.005122184753418,253,2,0.9052066022123808
1,COM12,3,0,206,0.899517482665956,0,9,10.005364179611206,253,2,0.9054965311484238
1,COM12,3,0,205,0.7995700096812637,0,8,10.005377769470215,253,2,0.9057730299782814
1,COM12,3,0,204,0.5996688620921393,0,6,10.005522012710571,253,2,0.9060346841732743
1,COM12,3,0,203,0.29984827090021166,0,3,10.005060195922852,253,2,0.9062797373209095
1,COM12,3,0,202,0.49973275647812354,0,5,10.005347728729248,253,2,0.906519600320792
1,COM12,3,0,201,0.4997243494379855,0,5,10.005516052246094,253,2,0.9067505512493379
1,COM12,3,0,200,0.49973081545082376,0,5,10.005386590957642,253,2,0.9069731614430233
1,COM12,3,0,199,0.39978343297527713,0,4,10.005417108535767,253,2,0.9071854125410463
1,COM12,3,0,198,0.3998245722865155,0,4,10.004387617111206,253,2,0.9073902508366886
1,COM12,3,0,197,0.49973528102698667,0,5,10.005297183990479,253,2,0.9075908707748361
1,COM12,3,0,196,0.499777225613354,0,5,10.004457473754883,253,2,0.9077850281008513
1,COM12,3,0,195,0.49971791931491616,0,5,10.005644798278809,253,2,0.9079731053390738
1,COM12,3,0,194,0.49979324549192117,0,5,10.004136800765991,253,2,0.9081554642692425
1,COM12,3,0,193,0.29986472748497145,0,3,10.00451111793518,253,2,0.9083261174930134
1,COM12,3,0,192,0.2998319590124963,0,3,10.00560450553894,253,2,0.9084915126515488
1,COM12,3,0,191,0.3997628474433402,0,4,10.005932331085205,253,2,0.9086553212600115
1,COM12,3,0,190,0.29982515755823336,0,3,10.005831480026245,253,2,0.9088110320931382
1,COM12,3,0,189,0.3997303873858655,0,4,10.006744861602783,253,2,0.908965899735864
1,COM12,3,0,188,0.1998830478220796,0,2,10.005851030349731,253,2,0.9091092117612766
1,COM12,3,0,187,0.19989009700948868,0,2,10.005498170852661,253,2,0.9092484300054108
1,COM12,3,0,186,0.299872624142844,0,3,10.004247665405273,253,2,0.9093877258085038
1,COM12,3,0,185,0.3997913591132252,0,4,10.005218744277954,253,2,0.9095275066316093
1,COM12,3,0,184,0.19988998269437552,0,2,10.00550389289856,253,2,0.90965558414682
1,COM12,3,0,183,0.1998888157350755,0,2,10.00556230545044,253,2,0.9097803204504425
1,COM12,3,0,182,0.2998430906296675,0,3,10.0052330493927,253,2,0.9099063248391828
1,COM12,3,0,181,0.19988192380842681,0,2,10.0059072971344,253,2,0.9100248348029806
1,COM12,3,0,180,0.09995422075794315,0,1,10.004580020904541,253,2,0.9101357560371472
1,COM12,3,0,179,0.1998862722873243,0,2,10.00568962097168,253,2,0.9102486498650489
1,COM12,3,0,178,0.09994867814347325,0,1,10.00513482093811,253,2,0.9103539496350617
1,COM12,3,0,177,0.09994874006873086,0,1,10.005128622055054,253,2,0.910456628656777
1,COM12,3,0,176,0.29986276946401924,0,3,10.004576444625854,253,2,0.9105672988527646
1,COM12,3,0,175,0.09995543083030252,0,1,10.004458904266357,253,2,0.9106650438505668
1,COM12,3,0,174,0.19989539375311166,0,2,10.0052330493927,253,2,0.9107660126990406
1,COM12,3,0,173,0.09994779452604112,0,1,10.005223274230957,253,2,0.9108592438716357
1,COM12,3,0,172,0.0,0,0,10.005518436431885,253,2,0.9108592438716357
1,COM12,3,0,171,0.09994460791693599,0,1,10.005542278289795,253,2,0.9109505293083289
1,COM12,3,0,170,0.0,0,0,10.005208730697632,253,2,0.9109505293083289
1,COM12,3,0,169,0.0,0,0,10.00430965423584,253,2,0.9109505293083289
1,COM12,3,0,168,0.09994404349390584,0,1,10.005598783493042,253,2,0.9110401318117101
1,COM12,3,0,167,0.09994426497560073,0,1,10.005576610565186,253,2,0.91112779908941
1,COM12,3,0,166,0.09994690854257754,0,1,10.005311965942383,253,2,0.9112136099906513
1,COM12,3,0,165,0.09994647746490623,0,1,10.0053551197052,253,2,0.9112976391750263
1,COM12,3,0,164,0.0999479207561463,0,1,10.005210638046265,253,2,0.9113799580470489
1,COM12,3,0,163,0.0,0,0,10.005714178085327,253,2,0.9113799580470489
1,COM12,3,0,162,0.09994826848600953,0,1,10.005175828933716,253,2,0.9114608154727084
1,COM12,3,0,161,0.0,0,0,10.005849599838257,253,2,0.9114608154727084
1,COM12,3,0,160,0.09994362911143567,0,1,10.005640268325806,253,2,0.9115402808838983
1,COM12,3,0,159,0.0,0,0,10.004530429840088,253,2,0.9115402808838983
1,COM12,3,0,158,0.0,0,0,10.00505805015564,253,2,0.9115402808838983
1,COM12,3,0,157,0.09995591677311733,0,1,10.00441026687622,253,2,0.9116186133438618
1,COM12,3,0,156,0.09994285274893099,0,1,10.005717992782593,253,2,0.9116954919310298
1,COM12,3,0,155,0.09994648937307926,0,1,10.005353927612305,253,2,0.9117709741310889
1,COM12,3,0,154,0.0,0,0,10.005621671676636,253,2,0.9117709741310889
1,COM12,3,0,153,0.09994592969201466,0,1,10.005409955978394,253,2,0.9118453111469567
1,COM12,3,0,152,0.0,0,0,10.00551962852478,253,2,0.9118453111469567
1,COM12,3,0,151,0.0,0,0,10.00548267364502,253,2,0.9118453111469567
1,COM12,3,0,150,0.0,0,0,10.005728006362915,253,2,0.9118453111469567
1,COM12,3,0,149,0.0,0,0,10.005552768707275,253,2,0.9118453111469567
1,COM12,3,0,148,0.09995020962524628,0,1,10.004981517791748,253,2,0.9119191774968376
1,COM12,3,0,147,0.09995748182694257,0,1,10.004253625869751,253,2,0.9119918058223249
1,COM12,3,0,146,0.0,0,0,10.005289316177368,253,2,0.9119918058223249
1,COM12,3,0,145,0.0,0,0,10.004493236541748,253,2,0.9119918058223249
1,COM12,3,0,144,0.0,0,0,10.005516290664673,253,2,0.9119918058223249
1,COM12,3,0,143,0.0,0,0,10.005551099777222,253,2,0.9119918058223249
1,COM12,3,0,142,0.0,0,0,10.005388021469116,253,2,0.9119918058223249
1,COM12,3,0,141,0.0,0,0,10.005401372909546,253,2,0.9119918058223249
1,COM12,3,0,140,0.0,0,0,10.004472494125366,253,2,0.9119918058223249
1,COM12,3,0,139,0.0,0,0,10.005269050598145,253,2,0.9119918058223249
1,COM12,3,0,138,0.0,0,0,10.005398035049438,253,2,0.9119918058223249
1,COM12,3,0,137,0.0,0,0,10.00406527519226,253,2,0.9119918058223249
1,COM12,3,0,136,0.0,0,0,10.005526065826416,253,2,0.9119918058223249
1,COM12,3,0,135,0.0,0,0,10.00538182258606,253,2,0.9119918058223249
1,COM12,3,0,134,0.0,0,0,10.00550627708435,253,2,0.9119918058223249
1,COM12,3,0,133,0.0,0,0,10.005303382873535,253,2,0.9119918058223249
1,COM12,3,0,132,0.0,0,0,10.005293130874634,253,2,0.9119918058223249
1,COM12,3,0,131,0.0,0,0,10.00560474395752,253,2,0.9119918058223249
1,COM12,3,0,130,0.0,0,0,10.004198551177979,253,2,0.9119918058223249
1,COM12,3,0,129,0.0,0,0,10.005835056304932,253,2,0.9119918058223249
1,COM12,3,0,128,0.0,0,0,10.005361318588257,253,2,0.9119918058223249
1,COM12,3,0,127,0.0,0,0,10.005266189575195,253,2,0.9119918058223249
1,COM12,3,0,126,0.0,0,0,10.005241632461548,253,2,0.9119918058223249
1,COM12,3,0,125,0.0,0,0,10.005170583724976,253,2,0.9119918058223249
1,COM12,3,0,124,0.0,0,0,10.005451917648315,253,2,0.9119918058223249
1,COM12,3,0,123,0.0,0,0,10.004481315612793,253,2,0.9119918058223249
1,COM12,3,0,122,0.0,0,0,10.00559949874878,253,2,0.9119918058223249
1,COM12,3,0,121,0.0,0,0,10.00452184677124,253,2,0.9119918058223249
1,COM12,3,0,120,0.0,0,0,10.0052490234375,253,2,0.9119918058223249
1,COM12,3,0,119,0.0,0,0,10.004616260528564,253,2,0.9119918058223249
1,COM12,3,0,118,0.0,0,0,10.005544185638428,253,2,0.9119918058223249
1,COM12,3,0,117,0.0,0,0,10.005373477935791,253,2,0.9119918058223249
1,COM12,3,0,116,0.0,0,0,10.005094051361084,253,2,0.9119918058223249
1,COM12,3,0,115,0.0,0,0,10.005707740783691,253,2,0.9119918058223249
1,COM12,3,0,114,0.0,0,0,10.005590677261353,253,2,0.9119918058223249
1,COM12,3,0,113,0.0,0,0,10.005457162857056,253,2,0.9119918058223249
1,COM12,3,0,112,0.0,0,0,10.00520396232605,253,2,0.9119918058223249
1,COM12,3,0,111,0.0,0,0,10.005365133285522,253,2,0.9119918058223249
1,COM12,3,0,110,0.0,0,0,10.005770444869995,253,2,0.9119918058223249
1,COM12,3,0,109,0.0,0,0,10.005492448806763,253,2,0.9119918058223249
1,COM12,3,0,108,0.0,0,0,10.00527811050415,253,2,0.9119918058223249
1,COM12,3,0,107,0.0,0,0,10.004388809204102,253,2,0.9119918058223249
1,COM12,3,0,106,0.0,0,0,10.004302263259888,253,2,0.9119918058223249
1,COM12,3,0,105,0.0,0,0,10.004169464111328,253,2,0.9119918058223249
1,COM12,3,0,104,0.0,0,0,10.00574803352356,253,2,0.9119918058223249
1,COM12,3,0,103,0.0,0,0,10.005738735198975,253,2,0.9119918058223249
1,COM12,3,0,102,0.0,0,0,10.005402565002441,253,2,0.9119918058223249
1,COM12,3,0,101,0.0,0,0,10.005447626113892,253,2,0.9119918058223249
1,COM12,3,0,100,0.0,0,0,10.00446343421936,253,2,0.9119918058223249
1,COM12,3,0,99,0.0,0,0,10.005807399749756,253,2,0.9119918058223249
1,COM12,3,0,98,0.0,0,0,10.004585266113281,253,2,0.9119918058223249
1,COM12,3,0,97,0.0,0,0,10.005358934402466,253,2,0.9119918058223249
1,COM12,3,0,96,0.0,0,0,10.005615472793579,253,2,0.9119918058223249
1,COM12,3,0,95,0.0,0,0,10.005464553833008,253,2,0.9119918058223249
1,COM12,3,0,94,0.0,0,0,10.004201889038086,253,2,0.9119918058223249
1,COM12,3,0,93,0.0,0,0,10.005502939224243,253,2,0.9119918058223249
1,COM12,3,0,92,0.0,0,0,10.005134105682373,253,2,0.9119918058223249
1,COM12,3,0,91,0.0,0,0,10.005430698394775,253,2,0.9119918058223249
1,COM12,3,0,90,0.0,0,0,10.004076480865479,253,2,0.9119918058223249
1,COM12,3,0,89,0.0,0,0,10.00541877746582,253,2,0.9119918058223249
1,COM12,3,0,88,0.0,0,0,10.005691766738892,253,2,0.9119918058223249
1,COM12,3,0,87,0.0,0,0,10.005118370056152,253,2,0.9119918058223249
1,COM12,3,0,86,0.0,0,0,10.005960941314697,253,2,0.9119918058223249
1,COM12,3,0,85,0.0,0,0,10.005496978759766,253,2,0.9119918058223249
1,COM12,3,0,84,0.0,0,0,10.004885911941528,253,2,0.9119918058223249
1,COM12,3,0,83,0.0,0,0,10.00544786453247,253,2,0.9119918058223249
1,COM12,3,0,82,0.0,0,0,10.004441022872925,253,2,0.9119918058223249
1,COM12,3,0,81,0.0,0,0,10.005542516708374,253,2,0.9119918058223249
1,COM12,3,0,80,0.0,0,0,10.005265474319458,253,2,0.9119918058223249
1,COM12,3,0,79,0.0,0,0,10.005290269851685,253,2,0.9119918058223249
1,COM12,3,0,78,0.0,0,0,10.00520658493042,253,2,0.9119918058223249
1,COM12,3,0,77,0.0,0,0,10.005205154418945,253,2,0.9119918058223249
1,COM12,3,0,76,0.0,0,0,10.00578260421753,253,2,0.9119918058223249
1,COM12,3,0,75,0.0,0,0,10.004224300384521,253,2,0.9119918058223249
1,COM12,3,0,74,0.0,0,0,10.00462031364441,253,2,0.9119918058223249
1,COM12,3,0,73,0.0,0,0,10.004447937011719,253,2,0.9119918058223249
1,COM12,3,0,72,0.0,0,0,10.004255771636963,253,2,0.9119918058223249
1,COM12,3,0,71,0.0,0,0,10.005542993545532,253,2,0.9119918058223249
1,COM12,3,0,70,0.0,0,0,10.006495714187622,253,2,0.9119918058223249
1,COM12,3,0,69,0.0,0,0,10.005417585372925,253,2,0.9119918058223249
1,COM12,3,0,68,0.0,0,0,10.005453824996948,253,2,0.9119918058223249
1,COM12,3,0,67,0.0,0,0,10.005195617675781,253,2,0.9119918058223249
1,COM12,3,0,66,0.0,0,0,10.004618167877197,253,2,0.9119918058223249
1,COM12,3,0,65,0.0,0,0,10.005729913711548,253,2,0.9119918058223249
1,COM12,3,0,64,0.0,0,0,10.005385637283325,253,2,0.9119918058223249
1,COM12,3,0,63,0.0,0,0,10.005465984344482,253,2,0.9119918058223249
1,COM12,3,0,62,0.0,0,0,10.005631446838379,253,2,0.9119918058223249
1,COM12,3,0,61,0.0,0,0,10.00570559501648,253,2,0.9119918058223249
1,COM12,3,0,60,0.0,0,0,10.004736423492432,253,2,0.9119918058223249
1,COM12,3,0,59,0.0,0,0,10.005812883377075,253,2,0.9119918058223249
1,COM12,3,0,58,0.0,0,0,10.005566835403442,253,2,0.9119918058223249
1,COM12,3,0,57,0.0,0,0,10.005655765533447,253,2,0.9119918058223249
1,COM12,3,0,56,0.0,0,0,10.005532503128052,253,2,0.9119918058223249
1,COM12,3,0,55,0.0,0,0,10.004312515258789,253,2,0.9119918058223249
1,COM12,3,0,54,0.0,0,0,10.004461288452148,253,2,0.9119918058223249
1,COM12,3,0,53,0.0,0,0,10.004375219345093,253,2,0.9119918058223249
1,COM12,3,0,52,0.0,0,0,10.005815744400024,253,2,0.9119918058223249
1,COM12,3,0,51,0.0,0,0,10.005324125289917,253,2,0.9119918058223249
1,COM12,3,0,50,0.0,0,0,10.004530906677246,253,2,0.9119918058223249
1,COM12,3,0,49,0.0,0,0,10.00438928604126,253,2,0.9119918058223249
1,COM12,3,0,48,0.0,0,0,10.005485773086548,253,2,0.9119918058223249
1,COM12,3,0,47,0.0,0,0,10.005527019500732,253,2,0.9119918058223249
1,COM12,3,0,46,0.0,0,0,10.004834175109863,253,2,0.9119918058223249
1,COM12,3,0,45,0.0,0,0,10.005552768707275,253,2,0.9119918058223249
1,COM12,3,0,44,0.0,0,0,10.00550627708435,253,2,0.9119918058223249
1,COM12,3,0,43,0.0,0,0,10.005243062973022,253,2,0.9119918058223249
1,COM12,3,0,42,0.0,0,0,10.004641771316528,253,2,0.9119918058223249
1,COM12,3,0,41,0.0,0,0,10.004804134368896,253,2,0.9119918058223249
1,COM12,3,0,40,0.0,0,0,10.005230188369751,253,2,0.9119918058223249
1,COM12,3,0,39,0.0,0,0,10.005266666412354,253,2,0.9119918058223249
1,COM12,3,0,38,0.0,0,0,10.005701541900635,253,2,0.9119918058223249
1,COM12,3,0,37,0.0,0,0,10.004114866256714,253,2,0.9119918058223249
1,COM12,3,0,36,0.0,0,0,10.005276918411255,253,2,0.9119918058223249
1,COM12,3,0,35,0.0,0,0,10.005146026611328,253,2,0.9119918058223249
1,COM12,3,0,34,0.0,0,0,10.004358291625977,253,2,0.9119918058223249
1,COM12,3,0,33,0.0,0,0,10.005439281463623,253,2,0.9119918058223249
1,COM12,3,0,32,0.0,0,0,10.005127191543579,253,2,0.9119918058223249
1,COM12,3,0,31,0.0,0,0,10.004679203033447,253,2,0.9119918058223249
1,COM12,3,0,30,0.0,0,0,10.005809307098389,253,2,0.9119918058223249
1,COM12,3,0,29,0.0,0,0,10.005187511444092,253,2,0.9119918058223249
1,COM12,3,0,28,0.0,0,0,10.005389213562012,253,2,0.9119918058223249
1,COM12,3,0,27,0.0,0,0,10.005336999893188,253,2,0.9119918058223249
1,COM12,3,0,26,0.0,0,0,10.005343914031982,253,2,0.9119918058223249
1,COM12,3,0,25,0.0,0,0,10.00419020652771,253,2,0.9119918058223249
1,COM12,3,0,24,0.0,0,0,10.00424575805664,253,2,0.9119918058223249
1,COM12,3,0,23,0.0,0,0,10.00535798072815,253,2,0.9119918058223249
1,COM12,3,0,22,0.0,0,0,10.005788087844849,253,2,0.9119918058223249
1,COM12,3,0,21,0.0,0,0,10.005462408065796,253,2,0.9119918058223249
1,COM12,3,0,20,0.0,0,0,10.005265712738037,253,2,0.9119918058223249
1,COM12,3,0,19,0.0,0,0,10.005111694335938,253,2,0.9119918058223249
1,COM12,3,0,18,0.0,0,0,10.005603790283203,253,2,0.9119918058223249
1,COM12,3,0,17,0.0,0,0,10.005490779876709,253,2,0.9119918058223249
1,COM12,3,0,16,0.0,0,0,10.004510164260864,253,2,0.9119918058223249
1,COM12,3,0,15,0.0,0,0,10.005486011505127,253,2,0.9119918058223249
1,COM12,3,0,14,0.0,0,0,10.005428314208984,253,2,0.9119918058223249
1,COM12,3,0,13,0.0,0,0,10.005429983139038,253,2,0.9119918058223249
1,COM12,3,0,12,0.0,0,0,10.00531816482544,253,2,0.9119918058223249
1,COM12,3,0,11,0.0,0,0,10.00541353225708,253,2,0.9119918058223249
1,COM12,3,0,10,0.0,0,0,10.005689859390259,253,2,0.9119918058223249
1,COM12,3,0,9,0.0,0,0,10.005373239517212,253,2,0.9119918058223249
1,COM12,3,0,8,0.0,0,0,10.005455493927002,253,2,0.9119918058223249
1,COM12,3,0,7,0.0,0,0,10.004562854766846,253,2,0.9119918058223249
1,COM12,3,0,6,0.0,0,0,10.00542950630188,253,2,0.9119918058223249
1,COM12,3,0,5,0.0,0,0,10.005607843399048,253,2,0.9119918058223249
1,COM12,3,0,4,0.0,0,0,10.005373477935791,253,2,0.9119918058223249
1,COM12,3,0,3,0.0,0,0,10.004597425460815,253,2,0.9119918058223249
1,COM12,3,0,2,0.0,0,0,10.005044221878052,253,2,0.9119918058223249
1,COM12,3,0,1,0.0,0,0,10.005517959594727,253,2,0.9119918058223249
1,COM12,3,0,0,0.0,0,0,10.00550389289856,253,2,0.9119918058223249
1,COM12,3,1,255,54263.361577552176,0,542933,10.00551724433899,,,
1,COM12,3,1,254,68016.62116097756,0,680522,10.005230903625488,,,
1,COM12,3,1,253,76050.27384295296,0,760922,10.005512952804565,,,
1,COM12,3,1,252,76597.36930681946,0,766415,10.00576138496399,,,
1,COM12,3,1,251,75090.25886169689,0,751294,10.005212545394897,253,1,-8.464009645256734
1,COM12,3,1,250,75190.88680629428,0,752342,10.005760431289673,252,2,-10.164015418514452
1,COM12,3,1,249,80766.86563988494,0,808116,10.005538702011108,252,2,-9.914192810845897
1,COM12,3,1,248,90541.44845333409,0,905902,10.00538444519043,251,2,-7.017919213398228
1,COM12,3,1,247,105082.43984803912,0,1051421,10.005677461624146,251,3,-4.300098488692769
1,COM12,3,1,246,126368.48664518968,0,1264494,10.006402969360352,250,3,-2.878854991634829
1,COM12,3,1,245,151289.79375775045,0,1513675,10.005136251449585,249,3,-2.248490081223024
1,COM12,3,1,244,162552.5296330073,0,1626556,10.006340742111206,248,3,-1.5715565500869282
1,COM12,3,1,243,153867.95595910403,0,1539475,10.00516963005066,248,4,-1.0404559740340975
1,COM12,3,1,242,126652.15089029192,0,1267188,10.00526237487793,247,4,-0.7613014291371547
1,COM12,3,1,241,84716.47181137755,0,847624,10.00542140007019,247,4,-0.474168892615874
1,COM12,3,1,240,53808.160670832345,0,538410,10.006103038787842,247,4,-0.14054787752037434
1,COM12,3,1,239,41194.106669866116,0,412162,10.00536322593689,246,4,0.12541350002651808
1,COM12,3,1,238,22354.38608427763,0,223684,10.006268978118896,246,4,0.33044200649312716
1,COM12,3,1,237,9468.511884400194,0,94737,10.005479335784912,246,4,0.4687306553060865
1,COM12,3,1,236,4205.851952997889,0,42082,10.005582809448242,246,4,0.5585877190908457
1,COM12,3,1,235,1553.6396334703775,0,15545,10.005537748336792,246,4,0.6193144062713032
1,COM12,3,1,234,639.8516463197777,0,6402,10.005444288253784,246,4,0.6622592038112396
1,COM12,3,1,233,203.68858643650947,0,2038,10.005469799041748,246,4,0.6939509199549823
1,COM12,3,1,232,73.05910101671523,0,731,10.005598068237305,246,4,0.7182221549266044
1,COM12,3,1,231,25.086564648111093,0,251,10.005355596542358,246,4,0.737384675390227
1,COM12,3,1,230,9.394906197504104,0,94,10.005421876907349,246,4,0.752894907843552
1,COM12,3,1,229,2.998366816323144,0,30,10.005446910858154,246,4,0.7657055127231758
1,COM12,3,1,228,1.9987825180108514,0,20,10.006091117858887,246,4,0.7764663634931835
1,COM12,3,1,227,1.1993898825041507,0,12,10.005086898803711,246,4,0.785632755941199
1,COM12,3,1,226,0.8995898090577548,0,9,10.004559755325317,246,4,0.793534794671474
1,COM12,3,1,225,1.2994178447551539,0,13,10.004480123519897,246,4,0.800417801491599
1,COM12,3,1,224,1.299298231550752,0,13,10.005401134490967,246,4,0.8064667435382815
1,COM12,3,1,223,0.8994875608619024,0,9,10.005697011947632,246,4,0.8118241610125082
1,COM12,3,1,222,0.7995672470075055,0,8,10.005412340164185,246,4,0.8166024390212943
1,COM12,3,1,221,0.5996607029961704,0,6,10.005658149719238,246,4,0.8208905294725207
1,COM12,3,1,220,0.3997714014698779,0,4,10.005718231201172,246,4,0.8247601163526443
1,COM12,3,1,219,0.699591334169424,0,7,10.005841493606567,246,4,0.8282702115922628
1,COM12,3,1,218,0.4997182289096424,0,5,10.005638599395752,246,4,0.8314681348275719
1,COM12,3,1,217,0.59973034108871,0,6,10.004496335983276,246,4,0.8343941210679366
1,COM12,3,1,216,0.5996761354489282,0,6,10.005400657653809,246,4,0.8370813479474177
1,COM12,3,1,215,0.39977363053023596,0,4,10.005662441253662,246,4,0.8395575971564978
1,COM12,3,1,214,0.7995785074043581,0,8,10.005271434783936,246,4,0.8418476683465195
1,COM12,3,1,213,0.599673734792996,0,6,10.005440711975098,246,4,0.8439709822215858
1,COM12,3,1,212,0.4997214915850808,0,5,10.005573272705078,246,4,0.845945214773196
1,COM12,3,1,211,0.3997663433097306,0,4,10.005844831466675,246,4,0.8477855029461883
1,COM12,3,1,210,0.6996109217557699,0,7,10.005561351776123,246,4,0.8495057315062933
1,COM12,3,1,209,0.499783657262772,0,5,10.004328727722168,246,4,0.8511164719891531
1,COM12,3,1,208,0.4997906131588357,0,5,10.004189491271973,246,4,0.8526281701878019
1,COM12,3,1,207,0.3997833567639378,0,4,10.0054190158844,246,4,0.8540494969610043
1,COM12,3,1,206,0.5996742492176491,0,6,10.00543212890625,246,4,0.8553889068918459
1,COM12,3,1,205,0.3997860146515625,0,4,10.00535249710083,246,4,0.8566525280525211
1,COM12,3,1,204,0.699611571915741,0,7,10.005552053451538,246,4,0.8578476323480053
1,COM12,3,1,203,0.49973697201265926,0,5,10.005263328552246,246,4,0.8589786614259606
1,COM12,3,1,202,0.5996815227051197,0,6,10.005310773849487,246,4,0.8600512492932723
1,COM12,3,1,201,0.6996381294827223,0,7,10.00517225265503,246,4,0.8610698653878268
1,COM12,3,1,200,0.2998396753216162,0,3,10.00534701347351,246,4,0.8620373197574303
1,COM12,3,1,199,0.3997791556588026,0,4,10.005524158477783,246,4,0.8629584504249874
1,COM12,3,1,198,0.19989212612450533,0,2,10.005396604537964,246,4,0.8638357875797738
1,COM12,3,1,197,0.39977375436765133,0,4,10.005659341812134,246,4,0.8646733480614736
1,COM12,3,1,196,0.49971731203406733,0,5,10.005656957626343,246,4,0.8654736032716109
1,COM12,3,1,195,0.19988692481362694,0,2,10.005656957626343,246,4,0.8662379384893393
1,COM12,3,1,194,0.29983210904805413,0,3,10.00559949874878,246,4,0.8669697169798007
1,COM12,3,1,193,0.19988923012314433,0,2,10.005541563034058,246,4,0.8676704458594018
1,COM12,3,1,192,0.19990269628888527,0,2,10.004867553710938,246,4,0.8683423138420043
1,COM12,3,1,191,0.0999578034194149,0,1,10.004221439361572,246,4,0.8689867670423206
1,COM12,3,1,190,0.199890435192464,0,2,10.005481243133545,246,4,0.8696060261875689
1,COM12,3,1,189,0.19989264055457656,0,2,10.005370855331421,246,4,0.8702012722238517
1,COM12,3,1,188,0.19989065429753775,0,2,10.005470275878906,246,4,0.8707738782259743
1,COM12,3,1,187,0.19989377421537668,0,2,10.005314111709595,246,4,0.8713251146477088
1,COM12,3,1,186,0.2998376033107183,0,3,10.00541615486145,246,4,0.8718564983851297
1,COM12,3,1,185,0.2998422832381058,0,3,10.005259990692139,246,4,0.8723687879757027
1,COM12,3,1,184,0.09995253909185997,0,1,10.004748344421387,246,4,0.8728622898341217
1,COM12,3,1,183,0.09995198172493559,0,1,10.004804134368896,246,4,0.8733386450899592
1,COM12,3,1,182,0.19989613208049387,0,2,10.00519609451294,246,4,0.8737991030767246
1,COM12,3,1,181,0.19989480309513286,0,2,10.005262613296509,246,4,0.8742441211105542
1,COM12,3,1,180,0.19989284061143045,0,2,10.005360841751099,246,4,0.8746744656592266
1,COM12,3,1,179,0.2998422832381058,0,3,10.005259990692139,246,4,0.875091245837333
1,COM12,3,1,178,0.19989481262184675,0,2,10.00526213645935,246,4,0.8754943460381232
1,COM12,3,1,177,0.3997825374938745,0,4,10.005439519882202,246,4,0.8758856045167087
1,COM12,3,1,176,0.19989427912726687,0,2,10.00528883934021,246,4,0.8762639763531532
1,COM12,3,1,175,0.0999469371224441,0,1,10.005309104919434,246,4,0.8766304101187044
1,COM12,3,1,174,0.19990632155537197,0,2,10.004686117172241,246,4,0.8769862749575335
1,COM12,3,1,173,0.19991072350116013,0,2,10.004465818405151,246,4,0.8773316351061612
1,COM12,3,1,172,0.1998854292487009,0,2,10.00573182106018,246,4,0.8776669512905789
1,COM12,3,1,171,0.09995276537507773,0,1,10.004725694656372,246,4,0.8779922018308937
1,COM12,3,1,170,0.09994437214451518,0,1,10.005565881729126,246,4,0.8783082455910692
1,COM12,3,1,169,0.09995544035854759,0,1,10.004457950592041,246,4,0.8786154693663768
1,COM12,3,1,168,0.09994544860947092,0,1,10.005458116531372,246,4,0.8789142384292707
1,COM12,3,1,167,0.0,0,0,10.00562596321106,246,4,0.8789142384292707
1,COM12,3,1,166,0.09994168108357142,0,1,10.00583529472351,246,4,0.8792049082794575
1,COM12,3,1,165,0.09994287418208977,0,1,10.00571584701538,246,4,0.879487795942022
1,COM12,3,1,164,0.09994613212912296,0,1,10.00538969039917,246,4,0.8797632110541327
1,COM12,3,1,163,0.0,0,0,10.005425691604614,246,4,0.8797632110541327
1,COM12,3,1,162,0.09994602257482135,0,1,10.005400657653809,246,4,0.880031457304105
1,COM12,3,1,161,0.09995596203273766,0,1,10.004405736923218,246,4,0.8802928028135704
1,COM12,3,1,160,0.09994633694867887,0,1,10.005369186401367,246,4,0.8805475115948964
1,COM12,3,1,159,0.19989526037842426,0,2,10.005239725112915,246,4,0.8807963982144785
1,COM12,3,1,158,0.09994690377926803,0,1,10.005312442779541,246,4,0.8810385722912681
1,COM12,3,1,157,0.09994602019320876,0,1,10.005400896072388,246,4,0.8812748255879094
1,COM12,3,1,156,0.09995696966542533,0,1,10.004304885864258,246,4,0.8815053738596011
1,COM12,3,1,155,0.0,0,0,10.005172491073608,246,4,0.8815053738596011
1,COM12,3,1,154,0.0,0,0,10.00512170791626,246,4,0.8815053738596011
1,COM12,3,1,153,0.09995484246468869,0,1,10.004517793655396,246,4,0.8817304440698215
1,COM12,3,1,152,0.09994086903081253,0,1,10.005916595458984,246,4,0.8819502101644673
1,COM12,3,1,151,0.09994577488772047,0,1,10.005425453186035,246,4,0.882164858748477
1,COM12,3,1,150,0.0,0,0,10.005738019943237,246,4,0.882164858748477
1,COM12,3,1,149,0.09994531285929392,0,1,10.00547170639038,246,4,0.8823745788152151
1,COM12,3,1,148,0.09994511280707363,0,1,10.005491733551025,246,4,0.8825795289720924
1,COM12,3,1,147,0.09994582013815687,0,1,10.005420923233032,246,4,0.8827798712906507
1,COM12,3,1,146,0.09994520330678837,0,1,10.00548267364502,246,4,0.8829757605856243
1,COM12,3,1,145,0.09994491037409452,0,1,10.005511999130249,246,4,0.8831673448413345
1,COM12,3,1,144,0.0999585347522222,0,1,10.004148244857788,246,4,0.8833547656710468
1,COM12,3,1,143,0.09994340286958317,0,1,10.00566291809082,246,4,0.883538158266058
1,COM12,3,1,142,0.0,0,0,10.005668640136719,246,4,0.883538158266058
1,COM12,3,1,141,0.09994021654050347,0,1,10.005981922149658,246,4,0.8837176639920663
1,COM12,3,1,140,0.0,0,0,10.005526781082153,246,4,0.8837176639920663
1,COM12,3,1,139,0.0,0,0,10.004172325134277,246,4,0.8837176639920663
1,COM12,3,1,138,0.0,0,0,10.005122661590576,246,4,0.8837176639920663
1,COM12,3,1,137,0.0,0,0,10.005329132080078,246,4,0.8837176639920663
1,COM12,3,1,136,0.0,0,0,10.005252838134766,246,4,0.8837176639920663
1,COM12,3,1,135,0.0,0,0,10.005214214324951,246,4,0.8837176639920663
1,COM12,3,1,134,0.0,0,0,10.005423069000244,246,4,0.8837176639920663
1,COM12,3,1,133,0.0,0,0,10.00557541847229,246,4,0.8837176639920663
1,COM12,3,1,132,0.09994500087344266,0,1,10.005502939224243,246,4,0.883893492429962
1,COM12,3,1,131,0.0,0,0,10.005522966384888,246,4,0.883893492429962
1,COM12,3,1,130,0.0,0,0,10.005492448806763,246,4,0.883893492429962
1,COM12,3,1,129,0.0,0,0,10.00518536567688,246,4,0.883893492429962
1,COM12,3,1,128,0.0,0,0,10.005404472351074,246,4,0.883893492429962
1,COM12,3,1,127,0.0,0,0,10.005544662475586,246,4,0.883893492429962
1,COM12,3,1,126,0.0,0,0,10.005448818206787,246,4,0.883893492429962
1,COM12,3,1,125,0.0,0,0,10.00512409210205,246,4,0.883893492429962
1,COM12,3,1,124,0.0,0,0,10.005266189575195,246,4,0.883893492429962
1,COM12,3,1,123,0.0,0,0,10.005526542663574,246,4,0.883893492429962
1,COM12,3,1,122,0.0,0,0,10.00435185432434,246,4,0.883893492429962
1,COM12,3,1,121,0.0,0,0,10.004227876663208,246,4,0.883893492429962
1,COM12,3,1,120,0.0,0,0,10.005939245223999,246,4,0.883893492429962
1,COM12,3,1,119,0.0,0,0,10.00533127784729,246,4,0.883893492429962
1,COM12,3,1,118,0.0,0,0,10.004525899887085,246,4,0.883893492429962
1,COM12,3,1,117,0.0,0,0,10.005202293395996,246,4,0.883893492429962
1,COM12,3,1,116,0.0,0,0,10.00550127029419,246,4,0.883893492429962
1,COM12,3,1,115,0.0,0,0,10.004820823669434,246,4,0.883893492429962
1,COM12,3,1,114,0.0,0,0,10.00654935836792,246,4,0.883893492429962
1,COM12,3,1,113,0.0,0,0,10.005702018737793,246,4,0.883893492429962
1,COM12,3,1,112,0.0,0,0,10.005342483520508,246,4,0.883893492429962
1,COM12,3,1,111,0.0,0,0,10.004171133041382,246,4,0.883893492429962
1,COM12,3,1,110,0.0,0,0,10.005434513092041,246,4,0.883893492429962
1,COM12,3,1,109,0.0,0,0,10.005426168441772,246,4,0.883893492429962
1,COM12,3,1,108,0.0,0,0,10.005563974380493,246,4,0.883893492429962
1,COM12,3,1,107,0.0,0,0,10.005288124084473,246,4,0.883893492429962
1,COM12,3,1,106,0.0,0,0,10.004384517669678,246,4,0.883893492429962
1,COM12,3,1,105,0.0,0,0,10.004168033599854,246,4,0.883893492429962
1,COM12,3,1,104,0.0,0,0,10.004539489746094,246,4,0.883893492429962
1,COM12,3,1,103,0.0,0,0,10.005675077438354,246,4,0.883893492429962
1,COM12,3,1,102,0.0,0,0,10.005633354187012,246,4,0.883893492429962
1,COM12,3,1,101,0.0,0,0,10.005382537841797,246,4,0.883893492429962
1,COM12,3,1,100,0.0,0,0,10.005170106887817,246,4,0.883893492429962
1,COM12,3,1,99,0.0,0,0,10.00537109375,246,4,0.883893492429962
1,COM12,3,1,98,0.0,0,0,10.005417585372925,246,4,0.883893492429962
1,COM12,3,1,97,0.0,0,0,10.005642890930176,246,4,0.883893492429962
1,COM12,3,1,96,0.0,0,0,10.00539755821228,246,4,0.883893492429962
1,COM12,3,1,95,0.0,0,0,10.005224704742432,246,4,0.883893492429962
1,COM12,3,1,94,0.0,0,0,10.005248546600342,246,4,0.883893492429962
1,COM12,3,1,93,0.0,0,0,10.00535774230957,246,4,0.883893492429962
1,COM12,3,1,92,0.0,0,0,10.005331039428711,246,4,0.883893492429962
1,COM12,3,1,91,0.0,0,0,10.004555463790894,246,4,0.883893492429962
1,COM12,3,1,90,0.0,0,0,10.00420880317688,246,4,0.883893492429962
1,COM12,3,1,89,0.0,0,0,10.005157232284546,246,4,0.883893492429962
1,COM12,3,1,88,0.0,0,0,10.005088806152344,246,4,0.883893492429962
1,COM12,3,1,87,0.0,0,0,10.005555152893066,246,4,0.883893492429962
1,COM12,3,1,86,0.0,0,0,10.004239082336426,246,4,0.883893492429962
1,COM12,3,1,85,0.0,0,0,10.004966735839844,246,4,0.883893492429962
1,COM12,3,1,84,0.0,0,0,10.00548529624939,246,4,0.883893492429962
1,COM12,3,1,83,0.0,0,0,10.005370855331421,246,4,0.883893492429962
1,COM12,3,1,82,0.0,0,0,10.00516390800476,246,4,0.883893492429962
1,COM12,3,1,81,0.0,0,0,10.005399942398071,246,4,0.883893492429962
1,COM12,3,1,80,0.0,0,0,10.005297422409058,246,4,0.883893492429962
1,COM12,3,1,79,0.0,0,0,10.005184650421143,246,4,0.883893492429962
1,COM12,3,1,78,0.0,0,0,10.005458354949951,246,4,0.883893492429962
1,COM12,3,1,77,0.0,0,0,10.005626916885376,246,4,0.883893492429962
1,COM12,3,1,76,0.0,0,0,10.005554914474487,246,4,0.883893492429962
1,COM12,3,1,75,0.0,0,0,10.004425048828125,246,4,0.883893492429962
1,COM12,3,1,74,0.0,0,0,10.005542516708374,246,4,0.883893492429962
1,COM12,3,1,73,0.0,0,0,10.004439115524292,246,4,0.883893492429962
1,COM12,3,1,72,0.0,0,0,10.004248142242432,246,4,0.883893492429962
1,COM12,3,1,71,0.0,0,0,10.004379749298096,246,4,0.883893492429962
1,COM12,3,1,70,0.0,0,0,10.005558013916016,246,4,0.883893492429962
1,COM12,3,1,69,0.0,0,0,10.005594730377197,246,4,0.883893492429962
1,COM12,3,1,68,0.0,0,0,10.005287885665894,246,4,0.883893492429962
1,COM12,3,1,67,0.0,0,0,10.004639863967896,246,4,0.883893492429962
1,COM12,3,1,66,0.0,0,0,10.005290269851685,246,4,0.883893492429962
1,COM12,3,1,65,0.0,0,0,10.005264043807983,246,4,0.883893492429962
1,COM12,3,1,64,0.0,0,0,10.005292177200317,246,4,0.883893492429962
1,COM12,3,1,63,0.0,0,0,10.00584077835083,246,4,0.883893492429962
1,COM12,3,1,62,0.0,0,0,10.005380153656006,246,4,0.883893492429962
1,COM12,3,1,61,0.0,0,0,10.004323959350586,246,4,0.883893492429962
1,COM12,3,1,60,0.0,0,0,10.005208253860474,246,4,0.883893492429962
1,COM12,3,1,59,0.0,0,0,10.005561113357544,246,4,0.883893492429962
1,COM12,3,1,58,0.0,0,0,10.005533695220947,246,4,0.883893492429962
1,COM12,3,1,57,0.0,0,0,10.005186319351196,246,4,0.883893492429962
1,COM12,3,1,56,0.0,0,0,10.005250692367554,246,4,0.883893492429962
1,COM12,3,1,55,0.0,0,0,10.004289627075195,246,4,0.883893492429962
1,COM12,3,1,54,0.0,0,0,10.004590511322021,246,4,0.883893492429962
1,COM12,3,1,53,0.0,0,0,10.005586862564087,246,4,0.883893492429962
1,COM12,3,1,52,0.0,0,0,10.004247188568115,246,4,0.883893492429962
1,COM12,3,1,51,0.0,0,0,10.005347967147827,246,4,0.883893492429962
1,COM12,3,1,50,0.0,0,0,10.00565791130066,246,4,0.883893492429962
1,COM12,3,1,49,0.0,0,0,10.005120992660522,246,4,0.883893492429962
1,COM12,3,1,48,0.0,0,0,10.005329370498657,246,4,0.883893492429962
1,COM12,3,1,47,0.0,0,0,10.004945039749146,246,4,0.883893492429962
1,COM12,3,1,46,0.0,0,0,10.005428314208984,246,4,0.883893492429962
1,COM12,3,1,45,0.0,0,0,10.005280256271362,246,4,0.883893492429962
1,COM12,3,1,44,0.0,0,0,10.005396366119385,246,4,0.883893492429962
1,COM12,3,1,43,0.0,0,0,10.004805564880371,246,4,0.883893492429962
1,COM12,3,1,42,0.0,0,0,10.005641460418701,246,4,0.883893492429962
1,COM12,3,1,41,0.0,0,0,10.005302429199219,246,4,0.883893492429962
1,COM12,3,1,40,0.0,0,0,10.00523829460144,246,4,0.883893492429962
1,COM12,3,1,39,0.0,0,0,10.005049228668213,246,4,0.883893492429962
1,COM12,3,1,38,0.0,0,0,10.004443407058716,246,4,0.883893492429962
1,COM12,3,1,37,0.0,0,0,10.004106044769287,246,4,0.883893492429962
1,COM12,3,1,36,0.0,0,0,10.004602909088135,246,4,0.883893492429962
1,COM12,3,1,35,0.0,0,0,10.005317687988281,246,4,0.883893492429962
1,COM12,3,1,34,0.0,0,0,10.004842519760132,246,4,0.883893492429962
1,COM12,3,1,33,0.0,0,0,10.005443572998047,246,4,0.883893492429962
1,COM12,3,1,32,0.0,0,0,10.005048274993896,246,4,0.883893492429962
1,COM12,3,1,31,0.0,0,0,10.005419969558716,246,4,0.883893492429962
1,COM12,3,1,30,0.0,0,0,10.0053231716156,246,4,0.883893492429962
1,COM12,3,1,29,0.0,0,0,10.005251169204712,246,4,0.883893492429962
1,COM12,3,1,28,0.0,0,0,10.005046129226685,246,4,0.883893492429962
1,COM12,3,1,27,0.0,0,0,10.004093885421753,246,4,0.883893492429962
1,COM12,3,1,26,0.0,0,0,10.005058288574219,246,4,0.883893492429962
1,COM12,3,1,25,0.0,0,0,10.004170656204224,246,4,0.883893492429962
1,COM12,3,1,24,0.0,0,0,10.005374193191528,246,4,0.883893492429962
1,COM12,3,1,23,0.0,0,0,10.00545883178711,246,4,0.883893492429962
1,COM12,3,1,22,0.0,0,0,10.004615783691406,246,4,0.883893492429962
1,COM12,3,1,21,0.0,0,0,10.004296064376831,246,4,0.883893492429962
1,COM12,3,1,20,0.0,0,0,10.00442385673523,246,4,0.883893492429962
1,COM12,3,1,19,0.0,0,0,10.005064249038696,246,4,0.883893492429962
1,COM12,3,1,18,0.0,0,0,10.005260467529297,246,4,0.883893492429962
1,COM12,3,1,17,0.0,0,0,10.004894018173218,246,4,0.883893492429962
1,COM12,3,1,16,0.0,0,0,10.005610227584839,246,4,0.883893492429962
1,COM12,3,1,15,0.0,0,0,10.005403280258179,246,4,0.883893492429962
1,COM12,3,1,14,0.0,0,0,10.005290508270264,246,4,0.883893492429962
1,COM12,3,1,13,0.0,0,0,10.00493311882019,246,4,0.883893492429962
1,COM12,3,1,12,0.0,0,0,10.005387544631958,246,4,0.883893492429962
1,COM12,3,1,11,0.0,0,0,10.004311084747314,246,4,0.883893492429962
1,COM12,3,1,10,0.0,0,0,10.005196571350098,246,4,0.883893492429962
1,COM12,3,1,9,0.0,0,0,10.005074262619019,246,4,0.883893492429962
1,COM12,3,1,8,0.0,0,0,10.004287004470825,246,4,0.883893492429962
1,COM12,3,1,7,0.0,0,0,10.005342721939087,246,4,0.883893492429962
1,COM12,3,1,6,0.0,0,0,10.005600452423096,246,4,0.883893492429962
1,COM12,3,1,5,0.0,0,0,10.005537271499634,246,4,0.883893492429962
1,COM12,3,1,4,0.0,0,0,10.004793167114258,246,4,0.883893492429962
1,COM12,3,1,3,0.0,0,0,10.004435777664185,246,4,0.883893492429962
1,COM12,3,1,2,0.0,0,0,10.004321575164795,246,4,0.883893492429962
1,COM12,3,1,1,0.0,0,0,10.005637168884277,246,4,0.883893492429962
1,COM12,3,1,0,0.0,0,0,10.005273818969727,246,4,0.883893492429962
1,COM12,3,2,255,78701.0024710824,0,787521,10.006492614746094,,,
1,COM12,3,2,254,81832.13395627464,0,818754,10.005287170410156,,,
1,COM12,3,2,253,91295.30597448326,0,913528,10.006297588348389,,,
1,COM12,3,2,252,104666.45053532578,0,1047215,10.00525951385498,,,
1,COM12,3,2,251,133583.46497353358,0,1336573,10.005527257919312,253,1,-3.177444713584963
1,COM12,3,2,250,155185.84887757717,0,1552807,10.006112098693848,252,2,-1.7183767050580605
1,COM12,3,2,249,170975.7286938723,0,1710645,10.005192041397095,251,2,-1.0589383087457231
1,COM12,3,2,248,164515.6503264222,0,1646065,10.00552225112915,251,2,-0.6980580909170391
1,COM12,3,2,247,138948.89313474423,0,1390220,10.005261421203613,250,2,-0.4529893941454286
1,COM12,3,2,246,102884.14816469754,0,1029414,10.00556468963623,250,3,-0.05615198890898232
1,COM12,3,2,245,62033.44599426923,0,620665,10.00532841682434,250,3,0.43064327227697297
1,COM12,3,2,244,33715.21246763962,0,337334,10.005394458770752,250,3,0.7078216072751335
1,COM12,3,2,243,14334.365533573246,0,143417,10.005116701126099,250,3,0.8247577330700322
1,COM12,3,2,242,7016.590736882385,0,70211,10.006426572799683,250,3,0.8770285093220945
1,COM12,3,2,241,2497.268755719444,0,24986,10.005330801010132,249,3,0.9030143407624299
1,COM12,3,2,240,1156.9617586810025,0,11576,10.005516529083252,249,3,0.918337592954265
1,COM12,3,2,239,472.49981425880065,0,4728,10.00635313987732,249,3,0.9281700630138024
1,COM12,3,2,238,183.98937749572545,0,1841,10.006012439727783,249,3,0.9349763882863967
1,COM12,3,2,237,57.069571904266,0,571,10.005331754684448,249,3,0.9399551240372912
1,COM12,3,2,236,21.88818311647202,0,219,10.005398750305176,249,3,0.9437947357758215
1,COM12,3,2,235,7.49629626875931,0,75,10.004940748214722,249,3,0.9468518592906333
1,COM12,3,2,234,4.097693089796796,0,41,10.005629777908325,249,3,0.9493530581849123
1,COM12,3,2,233,2.39867413375099,0,24,10.00552749633789,249,3,0.9514380256599473
1,COM12,3,2,232,1.99908989378162,0,20,10.004552602767944,249,3,0.9532045232744047
1,COM12,3,2,231,1.4992190614210623,0,15,10.005208969116211,249,3,0.9547197768008138
1,COM12,3,2,230,1.8989246545220801,0,19,10.00566291809082,249,3,0.9560364163290265
1,COM12,3,2,229,1.4991635459589354,0,15,10.005579471588135,249,3,0.9571890362816471
1,COM12,3,2,228,1.199364445825269,0,12,10.005299091339111,249,3,0.9582064863842763
1,COM12,3,2,227,0.899600721191747,0,9,10.004438400268555,249,3,0.9591109218530202
1,COM12,3,2,226,1.2994388714590104,0,13,10.004318237304688,249,3,0.9599230009622572
1,COM12,3,2,225,1.0993934901721694,0,11,10.005516767501831,249,3,0.9606541313919706
1,COM12,3,2,224,1.1993448117334544,0,12,10.005462884902954,249,3,0.9613171989153508
1,COM12,3,2,223,1.0993918135583403,0,11,10.005532026290894,249,3,0.9619205314171133
1,COM12,3,2,222,0.8995132814902443,0,9,10.00541090965271,249,3,0.962471237599714
1,COM12,3,2,221,0.6996362955620662,0,7,10.00519847869873,249,3,0.9629756589782091
1,COM12,3,2,220,0.599652515545122,0,6,10.005794763565063,249,3,0.9634397528247719
1,COM12,3,2,219,1.1994604820858232,0,12,10.00449800491333,249,3,0.9638728737401434
1,COM12,3,2,218,0.8994624418013422,0,9,10.005976438522339,249,3,0.9642728030586388
1,COM12,3,2,217,0.7995527861508585,0,8,10.005593299865723,249,3,0.9646442336829419
1,COM12,3,2,216,1.0994391798674281,0,11,10.005100965499878,249,3,0.9649932117792673
1,COM12,3,2,215,0.5996810511377149,0,6,10.005318641662598,249,3,0.9653157225776954
1,COM12,3,2,214,0.6996160730563751,0,7,10.00548768043518,249,3,0.9656188993365391
1,COM12,3,2,213,0.6996909505236292,0,7,10.004416942596436,249,3,0.9659038109233732
1,COM12,3,2,212,0.6995850663734395,0,7,10.00593113899231,249,3,0.9661721440660942
1,COM12,3,2,211,0.7995624266638365,0,8,10.005472660064697,249,3,0.9664264051694013
1,COM12,3,2,210,0.8996214957109735,0,9,10.004207372665405,249,3,0.9666679990616047
1,COM12,3,2,209,0.5997170352905178,0,6,10.00471830368042,249,3,0.9668937663734929
1,COM12,3,2,208,0.6996387796932636,0,7,10.005162954330444,249,3,0.9671091078225182
1,COM12,3,2,207,0.6996128722393083,0,7,10.005533456802368,249,3,0.967313850838288
1,COM12,3,2,206,0.6996204242140432,0,7,10.005425453186035,249,3,0.967508840331171
1,COM12,3,2,205,0.3997730494480036,0,4,10.005676984786987,249,3,0.9676909439116528
1,COM12,3,2,204,0.5996516439448271,0,6,10.005809307098389,249,3,0.9678673094519005
1,COM12,3,2,203,0.2998752397791351,0,3,10.004160404205322,249,3,0.9680317478340572
1,COM12,3,2,202,0.9994333856945412,0,10,10.005669355392456,249,3,0.9681990550836258
1,COM12,3,2,201,0.39977204922844534,0,4,10.005702018737793,249,3,0.9683508603535359
1,COM12,3,2,200,0.3997761835016969,0,4,10.005598545074463,249,3,0.9684963908345535
1,COM12,3,2,199,0.6995579461144491,0,7,10.006319046020508,249,3,0.9686409177956505
1,COM12,3,2,198,0.4997325897635304,0,5,10.005351066589355,249,3,0.9687767897446727
1,COM12,3,2,197,0.399767943617743,0,4,10.005804777145386,249,3,0.9689058821713926
1,COM12,3,2,196,0.399770391732768,0,4,10.005743503570557,249,3,0.9690302033842988
1,COM12,3,2,195,0.3997776695747256,0,4,10.005561351776123,249,3,0.969150056358757
1,COM12,3,2,194,0.0999450223075228,0,1,10.005500793457031,249,3,0.9692600022140125
1,COM12,3,2,193,0.2998297299304673,0,3,10.00567889213562,249,3,0.9693697908105966
1,COM12,3,2,192,0.1999098183233143,0,2,10.00451111793518,249,3,0.9694738033133096
1,COM12,3,2,191,0.29986649258416853,0,3,10.004452228546143,249,3,0.9695763272106523
1,COM12,3,2,190,0.19989006366756717,0,2,10.005499839782715,249,3,0.9696733717493368
1,COM12,3,2,189,0.09994341001404707,0,1,10.005662202835083,249,3,0.9697650046648048
1,COM12,3,2,188,0.39978754843075337,0,4,10.005314111709595,249,3,0.9698604317351963
1,COM12,3,2,187,0.19989219280973555,0,2,10.005393266677856,249,3,0.9699484183307617
1,COM12,3,2,186,0.2998384678359218,0,3,10.005387306213379,249,3,0.9700361322395226
1,COM12,3,2,185,0.39979457919654215,0,4,10.005138158798218,249,3,0.9701238455645074
1,COM12,3,2,184,0.19989556999850733,0,2,10.005224227905273,249,3,0.9702041439244347
1,COM12,3,2,183,0.2998615403544415,0,3,10.00461745262146,249,3,0.9702847801801885
1,COM12,3,2,182,0.29984706334528577,0,3,10.00510048866272,249,3,0.970363303982074
1,COM12,3,2,181,0.0999488210480297,0,1,10.005120515823364,249,3,0.9704342802242278
1,COM12,3,2,180,0.19989309306469852,0,2,10.005348205566406,249,3,0.9705060758748495
1,COM12,3,2,179,0.19989206420254566,0,2,10.005399703979492,249,3,0.9705760070576295
1,COM12,3,2,178,0.09994897586176033,0,1,10.005105018615723,249,3,0.9706411688914917
1,COM12,3,2,177,0.19991026614711876,0,2,10.004488706588745,249,3,0.9707076489907969
1,COM12,3,2,176,0.299828315337909,0,3,10.005726099014282,249,3,0.9707756721924445
1,COM12,3,2,175,0.0999481660721683,0,1,10.005186080932617,249,3,0.9708357835020361
1,COM12,3,2,174,0.09995479958811312,0,1,10.00452208518982,249,3,0.9708943679477826
1,COM12,3,2,173,0.19991100934849867,0,2,10.004451513290405,249,3,0.9709548798781799
1,COM12,3,2,172,0.09994510804393529,0,1,10.005492210388184,249,3,0.9710106021997463
1,COM12,3,2,171,0.09995598108943217,0,1,10.004403829574585,249,3,0.9710649903510943
1,COM12,3,2,170,0.09994643221387463,0,1,10.005359649658203,249,3,0.9711181010513567
1,COM12,3,2,169,0.19988789170349996,0,2,10.005608558654785,249,3,0.971173704699463
1,COM12,3,2,168,0.0999445364706304,0,1,10.005549430847168,249,3,0.9712244144727329
1,COM12,3,2,167,0.09994646317510235,0,1,10.005356550216675,249,3,0.9712740025740401
1,COM12,3,2,166,0.09995393491835661,0,1,10.004608631134033,249,3,0.9713225158623001
1,COM12,3,2,165,0.09994527951720159,0,1,10.005475044250488,249,3,0.9713699980424301
1,COM12,3,2,164,0.0,0,0,10.004395008087158,249,3,0.9713699980424301
1,COM12,3,2,163,0.0999433433324238,0,1,10.005668878555298,249,3,0.9714165885580595
1,COM12,3,2,162,0.09995940664831542,0,1,10.004060983657837,249,3,0.9714622321535935
1,COM12,3,2,161,0.09994974517402708,0,1,10.005028009414673,249,3,0.9715069660078387
1,COM12,3,2,160,0.0999453890698742,0,1,10.00546407699585,249,3,0.971550826850372
1,COM12,3,2,159,0.09994520330678837,0,1,10.00548267364502,249,3,0.9715938496934982
1,COM12,3,2,158,0.09994642745061053,0,1,10.005360126495361,249,3,0.9716360678490508
1,COM12,3,2,157,0.09994481273024482,0,1,10.005521774291992,249,3,0.9716775129374036
1,COM12,3,2,156,0.09995756282040733,0,1,10.004245519638062,249,3,0.9717182160066176
1,COM12,3,2,155,0.0,0,0,10.005528688430786,249,3,0.9717182160066176
1,COM12,3,2,154,0.0,0,0,10.00555968284607,249,3,0.9717182160066176
1,COM12,3,2,153,0.0,0,0,10.00535774230957,249,3,0.9717182160066176
1,COM12,3,2,152,0.09994647746490623,0,1,10.0053551197052,249,3,0.9717585249096465
1,COM12,3,2,151,0.09994811843789507,0,1,10.0051908493042,249,3,0.9717981502739497
1,COM12,3,2,150,0.09994291942989962,0,1,10.005711317062378,249,3,0.9718371183042872
1,COM12,3,2,149,0.09994225500565035,0,1,10.005777835845947,249,3,0.9718754547008079
1,COM12,3,2,148,0.0999419978115385,0,1,10.00580358505249,249,3,0.9719131838777968
1,COM12,3,2,147,0.0999457820325235,0,1,10.005424737930298,249,3,0.9719503294551881
1,COM12,3,2,146,0.0,0,0,10.005289077758789,249,3,0.9719503294551881
1,COM12,3,2,145,0.0,0,0,10.005571126937866,249,3,0.9719503294551881
1,COM12,3,2,144,0.0,0,0,10.005488157272339,249,3,0.9719503294551881
1,COM12,3,2,143,0.09994460791693599,0,1,10.005542278289795,249,3,0.9719872598915258
1,COM12,3,2,142,0.09995291305520397,0,1,10.004710912704468,249,3,0.9720236531402837
1,COM12,3,2,141,0.09994563199187453,0,1,10.005439758300781,249,3,0.9720595288715952
1,COM12,3,2,140,0.0,0,0,10.004225015640259,249,3,0.9720595288715952
1,COM12,3,2,139,0.0,0,0,10.004202127456665,249,3,0.9720595288715952
1,COM12,3,2,138,0.09994248600519401,0,1,10.005754709243774,249,3,0.9720951488831335
1,COM12,3,2,137,0.0,0,0,10.005397081375122,249,3,0.9720951488831335
1,COM12,3,2,136,0.0,0,0,10.005269289016724,249,3,0.9720951488831335
1,COM12,3,2,135,0.0,0,0,10.005411148071289,249,3,0.9720951488831335
1,COM12,3,2,134,0.0,0,0,10.004117727279663,249,3,0.9720951488831335
1,COM12,3,2,133,0.0,0,0,10.00540542602539,249,3,0.9720951488831335
1,COM12,3,2,132,0.0,0,0,10.005424499511719,249,3,0.9720951488831335
1,COM12,3,2,131,0.0,0,0,10.004479169845581,249,3,0.9720951488831335
1,COM12,3,2,130,0.0,0,0,10.004690647125244,249,3,0.9720951488831335
1,COM12,3,2,129,0.0,0,0,10.005353927612305,249,3,0.9720951488831335
1,COM12,3,2,128,0.0,0,0,10.005418062210083,249,3,0.9720951488831335
1,COM12,3,2,127,0.0,0,0,10.005361080169678,249,3,0.9720951488831335
1,COM12,3,2,126,0.0,0,0,10.004706621170044,249,3,0.9720951488831335
1,COM12,3,2,125,0.0,0,0,10.005603075027466,249,3,0.9720951488831335
1,COM12,3,2,124,0.0,0,0,10.005366563796997,249,3,0.9720951488831335
1,COM12,3,2,123,0.0,0,0,10.00549054145813,249,3,0.9720951488831335
1,COM12,3,2,122,0.0,0,0,10.004341125488281,249,3,0.9720951488831335
1,COM12,3,2,121,0.0,0,0,10.004528999328613,249,3,0.9720951488831335
1,COM12,3,2,120,0.0,0,0,10.004537105560303,249,3,0.9720951488831335
1,COM12,3,2,119,0.0,0,0,10.005495548248291,249,3,0.9720951488831335
1,COM12,3,2,118,0.0,0,0,10.005205154418945,249,3,0.9720951488831335
1,COM12,3,2,117,0.0,0,0,10.005138874053955,249,3,0.9720951488831335
1,COM12,3,2,116,0.0,0,0,10.004314661026001,249,3,0.9720951488831335
1,COM12,3,2,115,0.0,0,0,10.005337476730347,249,3,0.9720951488831335
1,COM12,3,2,114,0.0,0,0,10.004351615905762,249,3,0.9720951488831335
1,COM12,3,2,113,0.0,0,0,10.005551099777222,249,3,0.9720951488831335
1,COM12,3,2,112,0.0,0,0,10.006094694137573,249,3,0.9720951488831335
1,COM12,3,2,111,0.0,0,0,10.005468845367432,249,3,0.9720951488831335
1,COM12,3,2,110,0.0,0,0,10.004375219345093,249,3,0.9720951488831335
1,COM12,3,2,109,0.0,0,0,10.004134893417358,249,3,0.9720951488831335
1,COM12,3,2,108,0.0,0,0,10.005179643630981,249,3,0.9720951488831335
1,COM12,3,2,107,0.0,0,0,10.004514932632446,249,3,0.9720951488831335
1,COM12,3,2,106,0.0,0,0,10.005185604095459,249,3,0.9720951488831335
1,COM12,3,2,105,0.0,0,0,10.004353046417236,249,3,0.9720951488831335
1,COM12,3,2,104,0.0,0,0,10.004489660263062,249,3,0.9720951488831335
1,COM12,3,2,103,0.0,0,0,10.005460262298584,249,3,0.9720951488831335
1,COM12,3,2,102,0.0,0,0,10.005717039108276,249,3,0.9720951488831335
1,COM12,3,2,101,0.0,0,0,10.005045890808105,249,3,0.9720951488831335
1,COM12,3,2,100,0.0,0,0,10.005401611328125,249,3,0.9720951488831335
1,COM12,3,2,99,0.0,0,0,10.005452632904053,249,3,0.9720951488831335
1,COM12,3,2,98,0.0,0,0,10.005717515945435,249,3,0.9720951488831335
1,COM12,3,2,97,0.0,0,0,10.005115032196045,249,3,0.9720951488831335
1,COM12,3,2,96,0.0,0,0,10.005483150482178,249,3,0.9720951488831335
1,COM12,3,2,95,0.0,0,0,10.005363702774048,249,3,0.9720951488831335
1,COM12,3,2,94,0.0,0,0,10.00484323501587,249,3,0.9720951488831335
1,COM12,3,2,93,0.0,0,0,10.005672931671143,249,3,0.9720951488831335
1,COM12,3,2,92,0.0,0,0,10.005393743515015,249,3,0.9720951488831335
1,COM12,3,2,91,0.0,0,0,10.005253791809082,249,3,0.9720951488831335
1,COM12,3,2,90,0.0,0,0,10.005256175994873,249,3,0.9720951488831335
1,COM12,3,2,89,0.0,0,0,10.005408525466919,249,3,0.9720951488831335
1,COM12,3,2,88,0.0,0,0,10.005526065826416,249,3,0.9720951488831335
1,COM12,3,2,87,0.0,0,0,10.00435757637024,249,3,0.9720951488831335
1,COM12,3,2,86,0.0,0,0,10.00562858581543,249,3,0.9720951488831335
1,COM12,3,2,85,0.0,0,0,10.005516290664673,249,3,0.9720951488831335
1,COM12,3,2,84,0.0,0,0,10.00458574295044,249,3,0.9720951488831335
1,COM12,3,2,83,0.0,0,0,10.005407571792603,249,3,0.9720951488831335
1,COM12,3,2,82,0.0,0,0,10.005269765853882,249,3,0.9720951488831335
1,COM12,3,2,81,0.0,0,0,10.005447387695312,249,3,0.9720951488831335
1,COM12,3,2,80,0.0,0,0,10.005960464477539,249,3,0.9720951488831335
1,COM12,3,2,79,0.0,0,0,10.005468130111694,249,3,0.9720951488831335
1,COM12,3,2,78,0.0,0,0,10.005631923675537,249,3,0.9720951488831335
1,COM12,3,2,77,0.0,0,0,10.00576400756836,249,3,0.9720951488831335
1,COM12,3,2,76,0.0,0,0,10.005481958389282,249,3,0.9720951488831335
1,COM12,3,2,75,0.0,0,0,10.005277395248413,249,3,0.9720951488831335
1,COM12,3,2,74,0.0,0,0,10.005681991577148,249,3,0.9720951488831335
1,COM12,3,2,73,0.0,0,0,10.004998207092285,249,3,0.9720951488831335
1,COM12,3,2,72,0.0,0,0,10.005308389663696,249,3,0.9720951488831335
1,COM12,3,2,71,0.0,0,0,10.004963397979736,249,3,0.9720951488831335
1,COM12,3,2,70,0.0,0,0,10.004302501678467,249,3,0.9720951488831335
1,COM12,3,2,69,0.0,0,0,10.004210472106934,249,3,0.9720951488831335
1,COM12,3,2,68,0.0,0,0,10.004449367523193,249,3,0.9720951488831335
1,COM12,3,2,67,0.0,0,0,10.005427122116089,249,3,0.9720951488831335
1,COM12,3,2,66,0.0,0,0,10.004631280899048,249,3,0.9720951488831335
1,COM12,3,2,65,0.0,0,0,10.005456686019897,249,3,0.9720951488831335
1,COM12,3,2,64,0.0,0,0,10.005765914916992,249,3,0.9720951488831335
1,COM12,3,2,63,0.0,0,0,10.005386352539062,249,3,0.9720951488831335
1,COM12,3,2,62,0.0,0,0,10.005216598510742,249,3,0.9720951488831335
1,COM12,3,2,61,0.0,0,0,10.004446268081665,249,3,0.9720951488831335
1,COM12,3,2,60,0.0,0,0,10.005530595779419,249,3,0.9720951488831335
1,COM12,3,2,59,0.0,0,0,10.005487203598022,249,3,0.9720951488831335
1,COM12,3,2,58,0.0,0,0,10.005281448364258,249,3,0.9720951488831335
1,COM12,3,2,57,0.0,0,0,10.005624055862427,249,3,0.9720951488831335
1,COM12,3,2,56,0.0,0,0,10.004558086395264,249,3,0.9720951488831335
1,COM12,3,2,55,0.0,0,0,10.005681037902832,249,3,0.9720951488831335
1,COM12,3,2,54,0.0,0,0,10.005341529846191,249,3,0.9720951488831335
1,COM12,3,2,53,0.0,0,0,10.005645036697388,249,3,0.9720951488831335
1,COM12,3,2,52,0.0,0,0,10.00447940826416,249,3,0.9720951488831335
1,COM12,3,2,51,0.0,0,0,10.004213809967041,249,3,0.9720951488831335
1,COM12,3,2,50,0.0,0,0,10.004263877868652,249,3,0.9720951488831335
1,COM12,3,2,49,0.0,0,0,10.00529432296753,249,3,0.9720951488831335
1,COM12,3,2,48,0.0,0,0,10.005505561828613,249,3,0.9720951488831335
1,COM12,3,2,47,0.0,0,0,10.005388736724854,249,3,0.9720951488831335
1,COM12,3,2,46,0.0,0,0,10.005527257919312,249,3,0.9720951488831335
1,COM12,3,2,45,0.0,0,0,10.00488829612732,249,3,0.9720951488831335
1,COM12,3,2,44,0.0,0,0,10.004236698150635,249,3,0.9720951488831335
1,COM12,3,2,43,0.0,0,0,10.005304336547852,249,3,0.9720951488831335
1,COM12,3,2,42,0.0,0,0,10.005468130111694,249,3,0.9720951488831335
1,COM12,3,2,41,0.0,0,0,10.005767345428467,249,3,0.9720951488831335
1,COM12,3,2,40,0.0,0,0,10.005563259124756,249,3,0.9720951488831335
1,COM12,3,2,39,0.0,0,0,10.00566029548645,249,3,0.9720951488831335
1,COM12,3,2,38,0.0,0,0,10.005263805389404,249,3,0.9720951488831335
1,COM12,3,2,37,0.0,0,0,10.004447221755981,249,3,0.9720951488831335
1,COM12,3,2,36,0.0,0,0,10.004364490509033,249,3,0.9720951488831335
1,COM12,3,2,35,0.0,0,0,10.005255222320557,249,3,0.9720951488831335
1,COM12,3,2,34,0.0,0,0,10.004359006881714,249,3,0.9720951488831335
1,COM12,3,2,33,0.0,0,0,10.004413604736328,249,3,0.9720951488831335
1,COM12,3,2,32,0.0,0,0,10.00581669807434,249,3,0.9720951488831335
1,COM12,3,2,31,0.0,0,0,10.005517959594727,249,3,0.9720951488831335
1,COM12,3,2,30,0.0,0,0,10.005648374557495,249,3,0.9720951488831335
1,COM12,3,2,29,0.0,0,0,10.004792928695679,249,3,0.9720951488831335
1,COM12,3,2,28,0.0,0,0,10.005216360092163,249,3,0.9720951488831335
1,COM12,3,2,27,0.0,0,0,10.005386352539062,249,3,0.9720951488831335
1,COM12,3,2,26,0.0,0,0,10.005511045455933,249,3,0.9720951488831335
1,COM12,3,2,25,0.0,0,0,10.005250215530396,249,3,0.9720951488831335
1,COM12,3,2,24,0.0,0,0,10.005614757537842,249,3,0.9720951488831335
1,COM12,3,2,23,0.0,0,0,10.005492687225342,249,3,0.9720951488831335
1,COM12,3,2,22,0.0,0,0,10.005449533462524,249,3,0.9720951488831335
1,COM12,3,2,21,0.0,0,0,10.00553297996521,249,3,0.9720951488831335
1,COM12,3,2,20,0.0,0,0,10.005502700805664,249,3,0.9720951488831335
1,COM12,3,2,19,0.0,0,0,10.004355430603027,249,3,0.9720951488831335
1,COM12,3,2,18,0.0,0,0,10.00536823272705,249,3,0.9720951488831335
1,COM12,3,2,17,0.0,0,0,10.004582166671753,249,3,0.9720951488831335
1,COM12,3,2,16,0.0,0,0,10.004302978515625,249,3,0.9720951488831335
1,COM12,3,2,15,0.0,0,0,10.005373477935791,249,3,0.9720951488831335
1,COM12,3,2,14,0.0,0,0,10.00556206703186,249,3,0.9720951488831335
1,COM12,3,2,13,0.0,0,0,10.004598140716553,249,3,0.9720951488831335
1,COM12,3,2,12,0.0,0,0,10.005404472351074,249,3,0.9720951488831335
1,COM12,3,2,11,0.0,0,0,10.005528688430786,249,3,0.9720951488831335
1,COM12,3,2,10,0.0,0,0,10.005402565002441,249,3,0.9720951488831335
1,COM12,3,2,9,0.0,0,0,10.005474328994751,249,3,0.9720951488831335
1,COM12,3,2,8,0.0,0,0,10.005429983139038,249,3,0.9720951488831335
1,COM12,3,2,7,0.0,0,0,10.00539231300354,249,3,0.9720951488831335
1,COM12,3,2,6,0.0,0,0,10.00479769706726,249,3,0.9720951488831335
1,COM12,3,2,5,0.0,0,0,10.005249977111816,249,3,0.9720951488831335
1,COM12,3,2,4,0.0,0,0,10.004514694213867,249,3,0.9720951488831335
1,COM12,3,2,3,0.0,0,0,10.005436420440674,249,3,0.9720951488831335
1,COM12,3,2,2,0.0,0,0,10.005120754241943,249,3,0.9720951488831335
1,COM12,3,2,1,0.0,0,0,10.005231142044067,249,3,0.9720951488831335
1,COM12,3,2,0,0.0,0,0,10.004578590393066,249,3,0.9720951488831335
