source,analysis_mode,chip,threshold,dac,hits_per_s,vth_bl,mu_user_dac,target_hits_requested,target_dac_for_hits,target_hits_found,n_sigma_from_mu,sigma_ref
noise_scan_raw,gaussian,1,0,255,121708.22426235324,,252,2.0,232,1.4991839440196535,6.666666666666667,3.0
noise_scan_raw,gaussian,1,0,254,138469.42037807408,,252,2.0,232,1.4991839440196535,6.666666666666667,3.0
noise_scan_raw,gaussian,1,0,253,149750.06749335045,,252,2.0,232,1.4991839440196535,6.666666666666667,3.0
noise_scan_raw,gaussian,1,0,252,158465.846582121,,252,2.0,232,1.4991839440196535,6.666666666666667,3.0
noise_scan_raw,gaussian,1,0,251,154481.2739188159,,252,2.0,232,1.4991839440196535,6.666666666666667,3.0
noise_scan_raw,gaussian,1,0,250,131692.74982039296,,252,2.0,232,1.4991839440196535,6.666666666666667,3.0
noise_scan_raw,gaussian,1,0,249,104014.78409575157,,252,2.0,232,1.4991839440196535,6.666666666666667,3.0
noise_scan_raw,gaussian,1,0,248,72775.71026778109,,252,2.0,232,1.4991839440196535,6.666666666666667,3.0
noise_scan_raw,gaussian,1,0,247,62034.06770508876,,252,2.0,232,1.4991839440196535,6.666666666666667,3.0
noise_scan_raw,gaussian,1,0,246,39192.40389639243,,252,2.0,232,1.4991839440196535,6.666666666666667,3.0
noise_scan_raw,gaussian,1,0,245,21751.181709572807,,252,2.0,232,1.4991839440196535,6.666666666666667,3.0
noise_scan_raw,gaussian,1,0,244,10965.397180827404,,252,2.0,232,1.4991839440196535,6.666666666666667,3.0
noise_scan_raw,gaussian,1,0,243,5323.916864975189,,252,2.0,232,1.4991839440196535,6.666666666666667,3.0
noise_scan_raw,gaussian,1,0,242,5326.623239099471,,252,2.0,232,1.4991839440196535,6.666666666666667,3.0
noise_scan_raw,gaussian,1,0,241,2292.475390694297,,252,2.0,232,1.4991839440196535,6.666666666666667,3.0
noise_scan_raw,gaussian,1,0,240,1081.4924264332215,,252,2.0,232,1.4991839440196535,6.666666666666667,3.0
noise_scan_raw,gaussian,1,0,239,491.97671459343434,,252,2.0,232,1.4991839440196535,6.666666666666667,3.0
noise_scan_raw,gaussian,1,0,238,129.8307557581351,,252,2.0,232,1.4991839440196535,6.666666666666667,3.0
noise_scan_raw,gaussian,1,0,237,53.47357240480473,,252,2.0,232,1.4991839440196535,6.666666666666667,3.0
noise_scan_raw,gaussian,1,0,236,22.188138617418296,,252,2.0,232,1.4991839440196535,6.666666666666667,3.0
noise_scan_raw,gaussian,1,0,235,8.896022531735,,252,2.0,232,1.4991839440196535,6.666666666666667,3.0
noise_scan_raw,gaussian,1,0,234,4.697467538452638,,252,2.0,232,1.4991839440196535,6.666666666666667,3.0
noise_scan_raw,gaussian,1,0,233,3.1986096131690194,,252,2.0,232,1.4991839440196535,6.666666666666667,3.0
noise_scan_raw,gaussian,1,0,232,1.4991839440196535,,252,2.0,232,1.4991839440196535,6.666666666666667,3.0
noise_scan_raw,gaussian,1,0,231,1.399352120904068,,252,2.0,232,1.4991839440196535,6.666666666666667,3.0
noise_scan_raw,gaussian,1,0,230,1.0994250324228716,,252,2.0,232,1.4991839440196535,6.666666666666667,3.0
noise_scan_raw,gaussian,1,0,229,1.2992927205230003,,252,2.0,232,1.4991839440196535,6.666666666666667,3.0
noise_scan_raw,gaussian,1,0,228,0.899546870558711,,252,2.0,232,1.4991839440196535,6.666666666666667,3.0
noise_scan_raw,gaussian,1,0,227,1.0995351039044228,,252,2.0,232,1.4991839440196535,6.666666666666667,3.0
noise_scan_raw,gaussian,1,0,226,0.9994509851765998,,252,2.0,232,1.4991839440196535,6.666666666666667,3.0
noise_scan_raw,gaussian,1,0,225,0.8995335589558189,,252,2.0,232,1.4991839440196535,6.666666666666667,3.0
noise_scan_raw,gaussian,1,0,224,0.6996840973436499,,252,2.0,232,1.4991839440196535,6.666666666666667,3.0
noise_scan_raw,gaussian,1,0,223,0.8995951043038595,,252,2.0,232,1.4991839440196535,6.666666666666667,3.0
noise_scan_raw,gaussian,1,0,222,0.5997460915720929,,252,2.0,232,1.4991839440196535,6.666666666666667,3.0
noise_scan_raw,gaussian,1,0,221,0.4997787977790363,,252,2.0,232,1.4991839440196535,6.666666666666667,3.0
noise_scan_raw,gaussian,1,0,220,0.5997467490512741,,252,2.0,232,1.4991839440196535,6.666666666666667,3.0
noise_scan_raw,gaussian,1,0,219,0.39982537267203383,,252,2.0,232,1.4991839440196535,6.666666666666667,3.0
noise_scan_raw,gaussian,1,0,218,0.3997767645930401,,252,2.0,232,1.4991839440196535,6.666666666666667,3.0
noise_scan_raw,gaussian,1,0,217,0.3998221044513399,,252,2.0,232,1.4991839440196535,6.666666666666667,3.0
noise_scan_raw,gaussian,1,0,216,0.19988809175084846,,252,2.0,232,1.4991839440196535,6.666666666666667,3.0
noise_scan_raw,gaussian,1,0,215,0.1999124671826408,,252,2.0,232,1.4991839440196535,6.666666666666667,3.0
noise_scan_raw,gaussian,1,0,214,0.0,,252,2.0,232,1.4991839440196535,6.666666666666667,3.0
noise_scan_raw,gaussian,1,0,213,0.29982723654144444,,252,2.0,232,1.4991839440196535,6.666666666666667,3.0
noise_scan_raw,gaussian,1,0,212,0.19989372658231117,,252,2.0,232,1.4991839440196535,6.666666666666667,3.0
noise_scan_raw,gaussian,1,0,211,0.19989490788903566,,252,2.0,232,1.4991839440196535,6.666666666666667,3.0
noise_scan_raw,gaussian,1,0,210,0.09994378629058882,,252,2.0,232,1.4991839440196535,6.666666666666667,3.0
noise_scan_raw,gaussian,1,0,209,0.09995724361163053,,252,2.0,232,1.4991839440196535,6.666666666666667,3.0
noise_scan_raw,gaussian,1,0,208,0.19991332950630802,,252,2.0,232,1.4991839440196535,6.666666666666667,3.0
noise_scan_raw,gaussian,1,0,207,0.0,,252,2.0,232,1.4991839440196535,6.666666666666667,3.0
noise_scan_raw,gaussian,1,0,206,0.09994912353068876,,252,2.0,232,1.4991839440196535,6.666666666666667,3.0
noise_scan_raw,gaussian,1,0,205,0.09995800352244204,,252,2.0,232,1.4991839440196535,6.666666666666667,3.0
noise_scan_raw,gaussian,1,0,204,0.0,,252,2.0,232,1.4991839440196535,6.666666666666667,3.0
noise_scan_raw,gaussian,1,0,203,0.19990873212071944,,252,2.0,232,1.4991839440196535,6.666666666666667,3.0
noise_scan_raw,gaussian,1,0,202,0.0,,252,2.0,232,1.4991839440196535,6.666666666666667,3.0
noise_scan_raw,gaussian,1,0,201,0.09994843044321008,,252,2.0,232,1.4991839440196535,6.666666666666667,3.0
noise_scan_raw,gaussian,1,0,200,0.09995536889675383,,252,2.0,232,1.4991839440196535,6.666666666666667,3.0
noise_scan_raw,gaussian,1,0,199,0.0,,252,2.0,232,1.4991839440196535,6.666666666666667,3.0
noise_scan_raw,gaussian,1,0,198,0.09995427792605664,,252,2.0,232,1.4991839440196535,6.666666666666667,3.0
noise_scan_raw,gaussian,1,0,197,0.0,,252,2.0,232,1.4991839440196535,6.666666666666667,3.0
noise_scan_raw,gaussian,1,0,196,0.09995507352242364,,252,2.0,232,1.4991839440196535,6.666666666666667,3.0
noise_scan_raw,gaussian,1,0,195,0.09994966419323079,,252,2.0,232,1.4991839440196535,6.666666666666667,3.0
noise_scan_raw,gaussian,1,0,194,0.0,,252,2.0,232,1.4991839440196535,6.666666666666667,3.0
noise_scan_raw,gaussian,1,0,193,0.0,,252,2.0,232,1.4991839440196535,6.666666666666667,3.0
noise_scan_raw,gaussian,1,0,192,0.0,,252,2.0,232,1.4991839440196535,6.666666666666667,3.0
noise_scan_raw,gaussian,1,0,191,0.0,,252,2.0,232,1.4991839440196535,6.666666666666667,3.0
noise_scan_raw,gaussian,1,0,190,0.0,,252,2.0,232,1.4991839440196535,6.666666666666667,3.0
noise_scan_raw,gaussian,1,0,189,0.09995152440287106,,252,2.0,232,1.4991839440196535,6.666666666666667,3.0
noise_scan_raw,gaussian,1,0,188,0.0,,252,2.0,232,1.4991839440196535,6.666666666666667,3.0
noise_scan_raw,gaussian,1,0,187,0.0,,252,2.0,232,1.4991839440196535,6.666666666666667,3.0
noise_scan_raw,gaussian,1,0,186,0.0,,252,2.0,232,1.4991839440196535,6.666666666666667,3.0
noise_scan_raw,gaussian,1,0,185,0.0,,252,2.0,232,1.4991839440196535,6.666666666666667,3.0
noise_scan_raw,gaussian,1,0,184,0.0,,252,2.0,232,1.4991839440196535,6.666666666666667,3.0
noise_scan_raw,gaussian,1,0,183,0.0,,252,2.0,232,1.4991839440196535,6.666666666666667,3.0
noise_scan_raw,gaussian,1,0,182,0.0,,252,2.0,232,1.4991839440196535,6.666666666666667,3.0
noise_scan_raw,gaussian,1,0,181,0.0,,252,2.0,232,1.4991839440196535,6.666666666666667,3.0
noise_scan_raw,gaussian,1,0,180,0.0,,252,2.0,232,1.4991839440196535,6.666666666666667,3.0
noise_scan_raw,gaussian,1,0,179,0.0,,252,2.0,232,1.4991839440196535,6.666666666666667,3.0
noise_scan_raw,gaussian,1,0,178,0.0,,252,2.0,232,1.4991839440196535,6.666666666666667,3.0
noise_scan_raw,gaussian,1,0,177,0.0,,252,2.0,232,1.4991839440196535,6.666666666666667,3.0
noise_scan_raw,gaussian,1,0,176,0.0,,252,2.0,232,1.4991839440196535,6.666666666666667,3.0
noise_scan_raw,gaussian,1,0,175,0.0,,252,2.0,232,1.4991839440196535,6.666666666666667,3.0
noise_scan_raw,gaussian,1,0,174,0.0,,252,2.0,232,1.4991839440196535,6.666666666666667,3.0
noise_scan_raw,gaussian,1,0,173,0.0,,252,2.0,232,1.4991839440196535,6.666666666666667,3.0
noise_scan_raw,gaussian,1,0,172,0.0,,252,2.0,232,1.4991839440196535,6.666666666666667,3.0
noise_scan_raw,gaussian,1,0,171,0.0,,252,2.0,232,1.4991839440196535,6.666666666666667,3.0
noise_scan_raw,gaussian,1,0,170,0.0,,252,2.0,232,1.4991839440196535,6.666666666666667,3.0
noise_scan_raw,gaussian,1,0,169,0.0,,252,2.0,232,1.4991839440196535,6.666666666666667,3.0
noise_scan_raw,gaussian,1,0,168,0.0,,252,2.0,232,1.4991839440196535,6.666666666666667,3.0
noise_scan_raw,gaussian,1,0,167,0.0,,252,2.0,232,1.4991839440196535,6.666666666666667,3.0
noise_scan_raw,gaussian,1,0,166,0.0,,252,2.0,232,1.4991839440196535,6.666666666666667,3.0
noise_scan_raw,gaussian,1,0,165,0.0,,252,2.0,232,1.4991839440196535,6.666666666666667,3.0
noise_scan_raw,gaussian,1,0,164,0.0,,252,2.0,232,1.4991839440196535,6.666666666666667,3.0
noise_scan_raw,gaussian,1,0,163,0.0,,252,2.0,232,1.4991839440196535,6.666666666666667,3.0
noise_scan_raw,gaussian,1,0,162,0.0,,252,2.0,232,1.4991839440196535,6.666666666666667,3.0
noise_scan_raw,gaussian,1,0,161,0.0,,252,2.0,232,1.4991839440196535,6.666666666666667,3.0
noise_scan_raw,gaussian,1,0,160,0.0,,252,2.0,232,1.4991839440196535,6.666666666666667,3.0
noise_scan_raw,gaussian,1,0,159,0.0,,252,2.0,232,1.4991839440196535,6.666666666666667,3.0
noise_scan_raw,gaussian,1,0,158,0.0,,252,2.0,232,1.4991839440196535,6.666666666666667,3.0
noise_scan_raw,gaussian,1,0,157,0.0,,252,2.0,232,1.4991839440196535,6.666666666666667,3.0
noise_scan_raw,gaussian,1,0,156,0.0,,252,2.0,232,1.4991839440196535,6.666666666666667,3.0
noise_scan_raw,gaussian,1,0,155,0.0,,252,2.0,232,1.4991839440196535,6.666666666666667,3.0
noise_scan_raw,gaussian,1,0,154,0.0,,252,2.0,232,1.4991839440196535,6.666666666666667,3.0
noise_scan_raw,gaussian,1,0,153,0.0,,252,2.0,232,1.4991839440196535,6.666666666666667,3.0
noise_scan_raw,gaussian,1,0,152,0.0,,252,2.0,232,1.4991839440196535,6.666666666666667,3.0
noise_scan_raw,gaussian,1,0,151,0.0,,252,2.0,232,1.4991839440196535,6.666666666666667,3.0
noise_scan_raw,gaussian,1,0,150,0.0,,252,2.0,232,1.4991839440196535,6.666666666666667,3.0
noise_scan_raw,gaussian,1,0,149,0.0,,252,2.0,232,1.4991839440196535,6.666666666666667,3.0
noise_scan_raw,gaussian,1,0,148,0.0,,252,2.0,232,1.4991839440196535,6.666666666666667,3.0
noise_scan_raw,gaussian,1,0,147,0.0,,252,2.0,232,1.4991839440196535,6.666666666666667,3.0
noise_scan_raw,gaussian,1,0,146,0.0,,252,2.0,232,1.4991839440196535,6.666666666666667,3.0
noise_scan_raw,gaussian,1,0,145,0.0,,252,2.0,232,1.4991839440196535,6.666666666666667,3.0
noise_scan_raw,gaussian,1,0,144,0.0,,252,2.0,232,1.4991839440196535,6.666666666666667,3.0
noise_scan_raw,gaussian,1,0,143,0.0,,252,2.0,232,1.4991839440196535,6.666666666666667,3.0
noise_scan_raw,gaussian,1,0,142,0.0,,252,2.0,232,1.4991839440196535,6.666666666666667,3.0
noise_scan_raw,gaussian,1,0,141,0.0,,252,2.0,232,1.4991839440196535,6.666666666666667,3.0
noise_scan_raw,gaussian,1,0,140,0.0,,252,2.0,232,1.4991839440196535,6.666666666666667,3.0
noise_scan_raw,gaussian,1,0,139,0.0,,252,2.0,232,1.4991839440196535,6.666666666666667,3.0
noise_scan_raw,gaussian,1,0,138,0.0,,252,2.0,232,1.4991839440196535,6.666666666666667,3.0
noise_scan_raw,gaussian,1,0,137,0.0,,252,2.0,232,1.4991839440196535,6.666666666666667,3.0
noise_scan_raw,gaussian,1,0,136,0.0,,252,2.0,232,1.4991839440196535,6.666666666666667,3.0
noise_scan_raw,gaussian,1,0,135,0.0,,252,2.0,232,1.4991839440196535,6.666666666666667,3.0
noise_scan_raw,gaussian,1,0,134,0.0,,252,2.0,232,1.4991839440196535,6.666666666666667,3.0
noise_scan_raw,gaussian,1,0,133,0.0,,252,2.0,232,1.4991839440196535,6.666666666666667,3.0
noise_scan_raw,gaussian,1,0,132,0.0,,252,2.0,232,1.4991839440196535,6.666666666666667,3.0
noise_scan_raw,gaussian,1,0,131,0.0,,252,2.0,232,1.4991839440196535,6.666666666666667,3.0
noise_scan_raw,gaussian,1,0,130,0.0,,252,2.0,232,1.4991839440196535,6.666666666666667,3.0
noise_scan_raw,gaussian,1,0,129,0.0,,252,2.0,232,1.4991839440196535,6.666666666666667,3.0
noise_scan_raw,gaussian,1,0,128,0.0,,252,2.0,232,1.4991839440196535,6.666666666666667,3.0
noise_scan_raw,gaussian,1,0,127,0.0,,252,2.0,232,1.4991839440196535,6.666666666666667,3.0
noise_scan_raw,gaussian,1,0,126,0.0,,252,2.0,232,1.4991839440196535,6.666666666666667,3.0
noise_scan_raw,gaussian,1,0,125,0.0,,252,2.0,232,1.4991839440196535,6.666666666666667,3.0
noise_scan_raw,gaussian,1,0,124,0.0,,252,2.0,232,1.4991839440196535,6.666666666666667,3.0
noise_scan_raw,gaussian,1,0,123,0.0,,252,2.0,232,1.4991839440196535,6.666666666666667,3.0
noise_scan_raw,gaussian,1,0,122,0.0,,252,2.0,232,1.4991839440196535,6.666666666666667,3.0
noise_scan_raw,gaussian,1,0,121,0.0,,252,2.0,232,1.4991839440196535,6.666666666666667,3.0
noise_scan_raw,gaussian,1,0,120,0.0,,252,2.0,232,1.4991839440196535,6.666666666666667,3.0
noise_scan_raw,gaussian,1,0,119,0.0,,252,2.0,232,1.4991839440196535,6.666666666666667,3.0
noise_scan_raw,gaussian,1,0,118,0.0,,252,2.0,232,1.4991839440196535,6.666666666666667,3.0
noise_scan_raw,gaussian,1,0,117,0.0,,252,2.0,232,1.4991839440196535,6.666666666666667,3.0
noise_scan_raw,gaussian,1,0,116,0.0,,252,2.0,232,1.4991839440196535,6.666666666666667,3.0
noise_scan_raw,gaussian,1,0,115,0.0,,252,2.0,232,1.4991839440196535,6.666666666666667,3.0
noise_scan_raw,gaussian,1,0,114,0.0,,252,2.0,232,1.4991839440196535,6.666666666666667,3.0
noise_scan_raw,gaussian,1,0,113,0.0,,252,2.0,232,1.4991839440196535,6.666666666666667,3.0
noise_scan_raw,gaussian,1,0,112,0.0,,252,2.0,232,1.4991839440196535,6.666666666666667,3.0
noise_scan_raw,gaussian,1,0,111,0.0,,252,2.0,232,1.4991839440196535,6.666666666666667,3.0
noise_scan_raw,gaussian,1,0,110,0.0,,252,2.0,232,1.4991839440196535,6.666666666666667,3.0
noise_scan_raw,gaussian,1,0,109,0.0,,252,2.0,232,1.4991839440196535,6.666666666666667,3.0
noise_scan_raw,gaussian,1,0,108,0.0,,252,2.0,232,1.4991839440196535,6.666666666666667,3.0
noise_scan_raw,gaussian,1,0,107,0.0,,252,2.0,232,1.4991839440196535,6.666666666666667,3.0
noise_scan_raw,gaussian,1,0,106,0.0,,252,2.0,232,1.4991839440196535,6.666666666666667,3.0
noise_scan_raw,gaussian,1,0,105,0.0,,252,2.0,232,1.4991839440196535,6.666666666666667,3.0
noise_scan_raw,gaussian,1,0,104,0.0,,252,2.0,232,1.4991839440196535,6.666666666666667,3.0
noise_scan_raw,gaussian,1,0,103,0.0,,252,2.0,232,1.4991839440196535,6.666666666666667,3.0
noise_scan_raw,gaussian,1,0,102,0.0,,252,2.0,232,1.4991839440196535,6.666666666666667,3.0
noise_scan_raw,gaussian,1,0,101,0.0,,252,2.0,232,1.4991839440196535,6.666666666666667,3.0
noise_scan_raw,gaussian,1,0,100,0.0,,252,2.0,232,1.4991839440196535,6.666666666666667,3.0
noise_scan_raw,gaussian,1,0,99,0.0,,252,2.0,232,1.4991839440196535,6.666666666666667,3.0
noise_scan_raw,gaussian,1,0,98,0.0,,252,2.0,232,1.4991839440196535,6.666666666666667,3.0
noise_scan_raw,gaussian,1,0,97,0.0,,252,2.0,232,1.4991839440196535,6.666666666666667,3.0
noise_scan_raw,gaussian,1,0,96,0.0,,252,2.0,232,1.4991839440196535,6.666666666666667,3.0
noise_scan_raw,gaussian,1,0,95,0.0,,252,2.0,232,1.4991839440196535,6.666666666666667,3.0
noise_scan_raw,gaussian,1,0,94,0.0,,252,2.0,232,1.4991839440196535,6.666666666666667,3.0
noise_scan_raw,gaussian,1,0,93,0.0,,252,2.0,232,1.4991839440196535,6.666666666666667,3.0
noise_scan_raw,gaussian,1,0,92,0.0,,252,2.0,232,1.4991839440196535,6.666666666666667,3.0
noise_scan_raw,gaussian,1,0,91,0.0,,252,2.0,232,1.4991839440196535,6.666666666666667,3.0
noise_scan_raw,gaussian,1,0,90,0.0,,252,2.0,232,1.4991839440196535,6.666666666666667,3.0
noise_scan_raw,gaussian,1,0,89,0.0,,252,2.0,232,1.4991839440196535,6.666666666666667,3.0
noise_scan_raw,gaussian,1,0,88,0.0,,252,2.0,232,1.4991839440196535,6.666666666666667,3.0
noise_scan_raw,gaussian,1,0,87,0.0,,252,2.0,232,1.4991839440196535,6.666666666666667,3.0
noise_scan_raw,gaussian,1,0,86,0.0,,252,2.0,232,1.4991839440196535,6.666666666666667,3.0
noise_scan_raw,gaussian,1,0,85,0.0,,252,2.0,232,1.4991839440196535,6.666666666666667,3.0
noise_scan_raw,gaussian,1,0,84,0.0,,252,2.0,232,1.4991839440196535,6.666666666666667,3.0
noise_scan_raw,gaussian,1,0,83,0.0,,252,2.0,232,1.4991839440196535,6.666666666666667,3.0
noise_scan_raw,gaussian,1,0,82,0.0,,252,2.0,232,1.4991839440196535,6.666666666666667,3.0
noise_scan_raw,gaussian,1,1,255,65655.67910570408,,247,2.0,229,1.9989207849222526,4.5,4.0
noise_scan_raw,gaussian,1,1,254,68290.74417527484,,247,2.0,229,1.9989207849222526,4.5,4.0
noise_scan_raw,gaussian,1,1,253,74085.99999966638,,247,2.0,229,1.9989207849222526,4.5,4.0
noise_scan_raw,gaussian,1,1,252,85363.77574852979,,247,2.0,229,1.9989207849222526,4.5,4.0
noise_scan_raw,gaussian,1,1,251,90522.7967970249,,247,2.0,229,1.9989207849222526,4.5,4.0
noise_scan_raw,gaussian,1,1,250,106523.9180357839,,247,2.0,229,1.9989207849222526,4.5,4.0
noise_scan_raw,gaussian,1,1,249,127402.92935814268,,247,2.0,229,1.9989207849222526,4.5,4.0
noise_scan_raw,gaussian,1,1,248,141625.55936623795,,247,2.0,229,1.9989207849222526,4.5,4.0
noise_scan_raw,gaussian,1,1,247,146892.47740642304,,247,2.0,229,1.9989207849222526,4.5,4.0
noise_scan_raw,gaussian,1,1,246,138668.64617876688,,247,2.0,229,1.9989207849222526,4.5,4.0
noise_scan_raw,gaussian,1,1,245,112586.83293979058,,247,2.0,229,1.9989207849222526,4.5,4.0
noise_scan_raw,gaussian,1,1,244,81495.1999579504,,247,2.0,229,1.9989207849222526,4.5,4.0
noise_scan_raw,gaussian,1,1,243,70639.90987998215,,247,2.0,229,1.9989207849222526,4.5,4.0
noise_scan_raw,gaussian,1,1,242,42158.7695260053,,247,2.0,229,1.9989207849222526,4.5,4.0
noise_scan_raw,gaussian,1,1,241,20913.16651866466,,247,2.0,229,1.9989207849222526,4.5,4.0
noise_scan_raw,gaussian,1,1,240,10982.05356079343,,247,2.0,229,1.9989207849222526,4.5,4.0
noise_scan_raw,gaussian,1,1,239,7726.754982494899,,247,2.0,229,1.9989207849222526,4.5,4.0
noise_scan_raw,gaussian,1,1,238,3863.711090876069,,247,2.0,229,1.9989207849222526,4.5,4.0
noise_scan_raw,gaussian,1,1,237,1443.4953630068994,,247,2.0,229,1.9989207849222526,4.5,4.0
noise_scan_raw,gaussian,1,1,236,574.7813990415021,,247,2.0,229,1.9989207849222526,4.5,4.0
noise_scan_raw,gaussian,1,1,235,404.56336591110477,,247,2.0,229,1.9989207849222526,4.5,4.0
noise_scan_raw,gaussian,1,1,234,152.11651606361227,,247,2.0,229,1.9989207849222526,4.5,4.0
noise_scan_raw,gaussian,1,1,233,55.57137764760682,,247,2.0,229,1.9989207849222526,4.5,4.0
noise_scan_raw,gaussian,1,1,232,24.487807777170882,,247,2.0,229,1.9989207849222526,4.5,4.0
noise_scan_raw,gaussian,1,1,231,6.796090667735566,,247,2.0,229,1.9989207849222526,4.5,4.0
noise_scan_raw,gaussian,1,1,230,2.698743894617302,,247,2.0,229,1.9989207849222526,4.5,4.0
noise_scan_raw,gaussian,1,1,229,1.9989207849222526,,247,2.0,229,1.9989207849222526,4.5,4.0
noise_scan_raw,gaussian,1,1,228,0.7996434656989089,,247,2.0,229,1.9989207849222526,4.5,4.0
noise_scan_raw,gaussian,1,1,227,0.7995677042763263,,247,2.0,229,1.9989207849222526,4.5,4.0
noise_scan_raw,gaussian,1,1,226,0.6995971853250122,,247,2.0,229,1.9989207849222526,4.5,4.0
noise_scan_raw,gaussian,1,1,225,0.7995927595965743,,247,2.0,229,1.9989207849222526,4.5,4.0
noise_scan_raw,gaussian,1,1,224,0.5996590169059466,,247,2.0,229,1.9989207849222526,4.5,4.0
noise_scan_raw,gaussian,1,1,223,0.29984919264986637,,247,2.0,229,1.9989207849222526,4.5,4.0
noise_scan_raw,gaussian,1,1,222,0.49973136322387196,,247,2.0,229,1.9989207849222526,4.5,4.0
noise_scan_raw,gaussian,1,1,221,0.29983783194499797,,247,2.0,229,1.9989207849222526,4.5,4.0
noise_scan_raw,gaussian,1,1,220,0.5997211227231599,,247,2.0,229,1.9989207849222526,4.5,4.0
noise_scan_raw,gaussian,1,1,219,0.19989071145546206,,247,2.0,229,1.9989207849222526,4.5,4.0
noise_scan_raw,gaussian,1,1,218,0.1999128673761248,,247,2.0,229,1.9989207849222526,4.5,4.0
noise_scan_raw,gaussian,1,1,217,0.09995588104186706,,247,2.0,229,1.9989207849222526,4.5,4.0
noise_scan_raw,gaussian,1,1,216,0.4997155497372156,,247,2.0,229,1.9989207849222526,4.5,4.0
noise_scan_raw,gaussian,1,1,215,0.2998283224822823,,247,2.0,229,1.9989207849222526,4.5,4.0
noise_scan_raw,gaussian,1,1,214,0.2998609115115772,,247,2.0,229,1.9989207849222526,4.5,4.0
noise_scan_raw,gaussian,1,1,213,0.199906878933892,,247,2.0,229,1.9989207849222526,4.5,4.0
noise_scan_raw,gaussian,1,1,212,0.19988880144586238,,247,2.0,229,1.9989207849222526,4.5,4.0
noise_scan_raw,gaussian,1,1,211,0.1998969942632434,,247,2.0,229,1.9989207849222526,4.5,4.0
noise_scan_raw,gaussian,1,1,210,0.29983134458273075,,247,2.0,229,1.9989207849222526,4.5,4.0
noise_scan_raw,gaussian,1,1,209,0.19989502220978225,,247,2.0,229,1.9989207849222526,4.5,4.0
noise_scan_raw,gaussian,1,1,208,0.09994742060099694,,247,2.0,229,1.9989207849222526,4.5,4.0
noise_scan_raw,gaussian,1,1,207,0.19989309782797385,,247,2.0,229,1.9989207849222526,4.5,4.0
noise_scan_raw,gaussian,1,1,206,0.19988593888136896,,247,2.0,229,1.9989207849222526,4.5,4.0
noise_scan_raw,gaussian,1,1,205,0.09994385059129397,,247,2.0,229,1.9989207849222526,4.5,4.0
noise_scan_raw,gaussian,1,1,204,0.09994843282493754,,247,2.0,229,1.9989207849222526,4.5,4.0
noise_scan_raw,gaussian,1,1,203,0.19988923012314433,,247,2.0,229,1.9989207849222526,4.5,4.0
noise_scan_raw,gaussian,1,1,202,0.0,,247,2.0,229,1.9989207849222526,4.5,4.0
noise_scan_raw,gaussian,1,1,201,0.2998591750614557,,247,2.0,229,1.9989207849222526,4.5,4.0
noise_scan_raw,gaussian,1,1,200,0.1999101708652902,,247,2.0,229,1.9989207849222526,4.5,4.0
noise_scan_raw,gaussian,1,1,199,0.0999481660721683,,247,2.0,229,1.9989207849222526,4.5,4.0
noise_scan_raw,gaussian,1,1,198,0.09995676718441265,,247,2.0,229,1.9989207849222526,4.5,4.0
noise_scan_raw,gaussian,1,1,197,0.0,,247,2.0,229,1.9989207849222526,4.5,4.0
noise_scan_raw,gaussian,1,1,196,0.09995205318188621,,247,2.0,229,1.9989207849222526,4.5,4.0
noise_scan_raw,gaussian,1,1,195,0.09994535810931195,,247,2.0,229,1.9989207849222526,4.5,4.0
noise_scan_raw,gaussian,1,1,194,0.0,,247,2.0,229,1.9989207849222526,4.5,4.0
noise_scan_raw,gaussian,1,1,193,0.09994870196087094,,247,2.0,229,1.9989207849222526,4.5,4.0
noise_scan_raw,gaussian,1,1,192,0.0,,247,2.0,229,1.9989207849222526,4.5,4.0
noise_scan_raw,gaussian,1,1,191,0.0,,247,2.0,229,1.9989207849222526,4.5,4.0
noise_scan_raw,gaussian,1,1,190,0.09994625597340526,,247,2.0,229,1.9989207849222526,4.5,4.0
noise_scan_raw,gaussian,1,1,189,0.09994320996944424,,247,2.0,229,1.9989207849222526,4.5,4.0
noise_scan_raw,gaussian,1,1,188,0.0,,247,2.0,229,1.9989207849222526,4.5,4.0
noise_scan_raw,gaussian,1,1,187,0.0999472205403388,,247,2.0,229,1.9989207849222526,4.5,4.0
noise_scan_raw,gaussian,1,1,186,0.09994993095399679,,247,2.0,229,1.9989207849222526,4.5,4.0
noise_scan_raw,gaussian,1,1,185,0.0,,247,2.0,229,1.9989207849222526,4.5,4.0
noise_scan_raw,gaussian,1,1,184,0.0,,247,2.0,229,1.9989207849222526,4.5,4.0
noise_scan_raw,gaussian,1,1,183,0.0,,247,2.0,229,1.9989207849222526,4.5,4.0
noise_scan_raw,gaussian,1,1,182,0.0,,247,2.0,229,1.9989207849222526,4.5,4.0
noise_scan_raw,gaussian,1,1,181,0.09994567962377778,,247,2.0,229,1.9989207849222526,4.5,4.0
noise_scan_raw,gaussian,1,1,180,0.0,,247,2.0,229,1.9989207849222526,4.5,4.0
noise_scan_raw,gaussian,1,1,179,0.0,,247,2.0,229,1.9989207849222526,4.5,4.0
noise_scan_raw,gaussian,1,1,178,0.0,,247,2.0,229,1.9989207849222526,4.5,4.0
noise_scan_raw,gaussian,1,1,177,0.0,,247,2.0,229,1.9989207849222526,4.5,4.0
noise_scan_raw,gaussian,1,1,176,0.0,,247,2.0,229,1.9989207849222526,4.5,4.0
noise_scan_raw,gaussian,1,1,175,0.0,,247,2.0,229,1.9989207849222526,4.5,4.0
noise_scan_raw,gaussian,1,1,174,0.0,,247,2.0,229,1.9989207849222526,4.5,4.0
noise_scan_raw,gaussian,1,1,173,0.0,,247,2.0,229,1.9989207849222526,4.5,4.0
noise_scan_raw,gaussian,1,1,172,0.0,,247,2.0,229,1.9989207849222526,4.5,4.0
noise_scan_raw,gaussian,1,1,171,0.0,,247,2.0,229,1.9989207849222526,4.5,4.0
noise_scan_raw,gaussian,1,1,170,0.0,,247,2.0,229,1.9989207849222526,4.5,4.0
noise_scan_raw,gaussian,1,1,169,0.0,,247,2.0,229,1.9989207849222526,4.5,4.0
noise_scan_raw,gaussian,1,1,168,0.0,,247,2.0,229,1.9989207849222526,4.5,4.0
noise_scan_raw,gaussian,1,1,167,0.0,,247,2.0,229,1.9989207849222526,4.5,4.0
noise_scan_raw,gaussian,1,1,166,0.0,,247,2.0,229,1.9989207849222526,4.5,4.0
noise_scan_raw,gaussian,1,1,165,0.0,,247,2.0,229,1.9989207849222526,4.5,4.0
noise_scan_raw,gaussian,1,1,164,0.0,,247,2.0,229,1.9989207849222526,4.5,4.0
noise_scan_raw,gaussian,1,1,163,0.0,,247,2.0,229,1.9989207849222526,4.5,4.0
noise_scan_raw,gaussian,1,1,162,0.0,,247,2.0,229,1.9989207849222526,4.5,4.0
noise_scan_raw,gaussian,1,1,161,0.0,,247,2.0,229,1.9989207849222526,4.5,4.0
noise_scan_raw,gaussian,1,1,160,0.0,,247,2.0,229,1.9989207849222526,4.5,4.0
noise_scan_raw,gaussian,1,1,159,0.0,,247,2.0,229,1.9989207849222526,4.5,4.0
noise_scan_raw,gaussian,1,1,158,0.0,,247,2.0,229,1.9989207849222526,4.5,4.0
noise_scan_raw,gaussian,1,1,157,0.0,,247,2.0,229,1.9989207849222526,4.5,4.0
noise_scan_raw,gaussian,1,1,156,0.0,,247,2.0,229,1.9989207849222526,4.5,4.0
noise_scan_raw,gaussian,1,1,155,0.0,,247,2.0,229,1.9989207849222526,4.5,4.0
noise_scan_raw,gaussian,1,1,154,0.0,,247,2.0,229,1.9989207849222526,4.5,4.0
noise_scan_raw,gaussian,1,1,153,0.0,,247,2.0,229,1.9989207849222526,4.5,4.0
noise_scan_raw,gaussian,1,1,152,0.0,,247,2.0,229,1.9989207849222526,4.5,4.0
noise_scan_raw,gaussian,1,1,151,0.0,,247,2.0,229,1.9989207849222526,4.5,4.0
noise_scan_raw,gaussian,1,1,150,0.0,,247,2.0,229,1.9989207849222526,4.5,4.0
noise_scan_raw,gaussian,1,1,149,0.0,,247,2.0,229,1.9989207849222526,4.5,4.0
noise_scan_raw,gaussian,1,1,148,0.0,,247,2.0,229,1.9989207849222526,4.5,4.0
noise_scan_raw,gaussian,1,1,147,0.0,,247,2.0,229,1.9989207849222526,4.5,4.0
noise_scan_raw,gaussian,1,1,146,0.0,,247,2.0,229,1.9989207849222526,4.5,4.0
noise_scan_raw,gaussian,1,1,145,0.0,,247,2.0,229,1.9989207849222526,4.5,4.0
noise_scan_raw,gaussian,1,1,144,0.0,,247,2.0,229,1.9989207849222526,4.5,4.0
noise_scan_raw,gaussian,1,1,143,0.0,,247,2.0,229,1.9989207849222526,4.5,4.0
noise_scan_raw,gaussian,1,1,142,0.0,,247,2.0,229,1.9989207849222526,4.5,4.0
noise_scan_raw,gaussian,1,1,141,0.0,,247,2.0,229,1.9989207849222526,4.5,4.0
noise_scan_raw,gaussian,1,1,140,0.0,,247,2.0,229,1.9989207849222526,4.5,4.0
noise_scan_raw,gaussian,1,1,139,0.0,,247,2.0,229,1.9989207849222526,4.5,4.0
noise_scan_raw,gaussian,1,1,138,0.0,,247,2.0,229,1.9989207849222526,4.5,4.0
noise_scan_raw,gaussian,1,1,137,0.0,,247,2.0,229,1.9989207849222526,4.5,4.0
noise_scan_raw,gaussian,1,1,136,0.0,,247,2.0,229,1.9989207849222526,4.5,4.0
noise_scan_raw,gaussian,1,1,135,0.0,,247,2.0,229,1.9989207849222526,4.5,4.0
noise_scan_raw,gaussian,1,1,134,0.0,,247,2.0,229,1.9989207849222526,4.5,4.0
noise_scan_raw,gaussian,1,1,133,0.0,,247,2.0,229,1.9989207849222526,4.5,4.0
noise_scan_raw,gaussian,1,1,132,0.0,,247,2.0,229,1.9989207849222526,4.5,4.0
noise_scan_raw,gaussian,1,1,131,0.0,,247,2.0,229,1.9989207849222526,4.5,4.0
noise_scan_raw,gaussian,1,1,130,0.0,,247,2.0,229,1.9989207849222526,4.5,4.0
noise_scan_raw,gaussian,1,1,129,0.0,,247,2.0,229,1.9989207849222526,4.5,4.0
noise_scan_raw,gaussian,1,1,128,0.0,,247,2.0,229,1.9989207849222526,4.5,4.0
noise_scan_raw,gaussian,1,1,127,0.0,,247,2.0,229,1.9989207849222526,4.5,4.0
noise_scan_raw,gaussian,1,1,126,0.0,,247,2.0,229,1.9989207849222526,4.5,4.0
noise_scan_raw,gaussian,1,1,125,0.0,,247,2.0,229,1.9989207849222526,4.5,4.0
noise_scan_raw,gaussian,1,1,124,0.0,,247,2.0,229,1.9989207849222526,4.5,4.0
noise_scan_raw,gaussian,1,1,123,0.0,,247,2.0,229,1.9989207849222526,4.5,4.0
noise_scan_raw,gaussian,1,1,122,0.0,,247,2.0,229,1.9989207849222526,4.5,4.0
noise_scan_raw,gaussian,1,1,121,0.0,,247,2.0,229,1.9989207849222526,4.5,4.0
noise_scan_raw,gaussian,1,1,120,0.0,,247,2.0,229,1.9989207849222526,4.5,4.0
noise_scan_raw,gaussian,1,1,119,0.0,,247,2.0,229,1.9989207849222526,4.5,4.0
noise_scan_raw,gaussian,1,1,118,0.0,,247,2.0,229,1.9989207849222526,4.5,4.0
noise_scan_raw,gaussian,1,1,117,0.0,,247,2.0,229,1.9989207849222526,4.5,4.0
noise_scan_raw,gaussian,1,1,116,0.0,,247,2.0,229,1.9989207849222526,4.5,4.0
noise_scan_raw,gaussian,1,1,115,0.0,,247,2.0,229,1.9989207849222526,4.5,4.0
noise_scan_raw,gaussian,1,1,114,0.0,,247,2.0,229,1.9989207849222526,4.5,4.0
noise_scan_raw,gaussian,1,1,113,0.0,,247,2.0,229,1.9989207849222526,4.5,4.0
noise_scan_raw,gaussian,1,1,112,0.0,,247,2.0,229,1.9989207849222526,4.5,4.0
noise_scan_raw,gaussian,1,1,111,0.0,,247,2.0,229,1.9989207849222526,4.5,4.0
noise_scan_raw,gaussian,1,1,110,0.0,,247,2.0,229,1.9989207849222526,4.5,4.0
noise_scan_raw,gaussian,1,1,109,0.0,,247,2.0,229,1.9989207849222526,4.5,4.0
noise_scan_raw,gaussian,1,1,108,0.0,,247,2.0,229,1.9989207849222526,4.5,4.0
noise_scan_raw,gaussian,1,1,107,0.0,,247,2.0,229,1.9989207849222526,4.5,4.0
noise_scan_raw,gaussian,1,1,106,0.0,,247,2.0,229,1.9989207849222526,4.5,4.0
noise_scan_raw,gaussian,1,1,105,0.0,,247,2.0,229,1.9989207849222526,4.5,4.0
noise_scan_raw,gaussian,1,1,104,0.0,,247,2.0,229,1.9989207849222526,4.5,4.0
noise_scan_raw,gaussian,1,1,103,0.0,,247,2.0,229,1.9989207849222526,4.5,4.0
noise_scan_raw,gaussian,1,1,102,0.0,,247,2.0,229,1.9989207849222526,4.5,4.0
noise_scan_raw,gaussian,1,1,101,0.0,,247,2.0,229,1.9989207849222526,4.5,4.0
noise_scan_raw,gaussian,1,1,100,0.0,,247,2.0,229,1.9989207849222526,4.5,4.0
noise_scan_raw,gaussian,1,1,99,0.0,,247,2.0,229,1.9989207849222526,4.5,4.0
noise_scan_raw,gaussian,1,1,98,0.0,,247,2.0,229,1.9989207849222526,4.5,4.0
noise_scan_raw,gaussian,1,1,97,0.0,,247,2.0,229,1.9989207849222526,4.5,4.0
noise_scan_raw,gaussian,1,1,96,0.0,,247,2.0,229,1.9989207849222526,4.5,4.0
noise_scan_raw,gaussian,1,1,95,0.0,,247,2.0,229,1.9989207849222526,4.5,4.0
noise_scan_raw,gaussian,1,1,94,0.0,,247,2.0,229,1.9989207849222526,4.5,4.0
noise_scan_raw,gaussian,1,1,93,0.0,,247,2.0,229,1.9989207849222526,4.5,4.0
noise_scan_raw,gaussian,1,1,92,0.0,,247,2.0,229,1.9989207849222526,4.5,4.0
noise_scan_raw,gaussian,1,1,91,0.0,,247,2.0,229,1.9989207849222526,4.5,4.0
noise_scan_raw,gaussian,1,1,90,0.0,,247,2.0,229,1.9989207849222526,4.5,4.0
noise_scan_raw,gaussian,1,1,89,0.0,,247,2.0,229,1.9989207849222526,4.5,4.0
noise_scan_raw,gaussian,1,1,88,0.0,,247,2.0,229,1.9989207849222526,4.5,4.0
noise_scan_raw,gaussian,1,1,87,0.0,,247,2.0,229,1.9989207849222526,4.5,4.0
noise_scan_raw,gaussian,1,1,86,0.0,,247,2.0,229,1.9989207849222526,4.5,4.0
noise_scan_raw,gaussian,1,1,85,0.0,,247,2.0,229,1.9989207849222526,4.5,4.0
noise_scan_raw,gaussian,1,1,84,0.0,,247,2.0,229,1.9989207849222526,4.5,4.0
noise_scan_raw,gaussian,1,1,83,0.0,,247,2.0,229,1.9989207849222526,4.5,4.0
noise_scan_raw,gaussian,1,1,82,0.0,,247,2.0,229,1.9989207849222526,4.5,4.0
noise_scan_raw,gaussian,1,1,81,0.0,,247,2.0,229,1.9989207849222526,4.5,4.0
noise_scan_raw,gaussian,1,1,80,0.0,,247,2.0,229,1.9989207849222526,4.5,4.0
noise_scan_raw,gaussian,1,1,79,0.0,,247,2.0,229,1.9989207849222526,4.5,4.0
noise_scan_raw,gaussian,1,1,78,0.0,,247,2.0,229,1.9989207849222526,4.5,4.0
noise_scan_raw,gaussian,1,1,77,0.0,,247,2.0,229,1.9989207849222526,4.5,4.0
noise_scan_raw,gaussian,1,1,76,0.0,,247,2.0,229,1.9989207849222526,4.5,4.0
noise_scan_raw,gaussian,1,1,75,0.0,,247,2.0,229,1.9989207849222526,4.5,4.0
noise_scan_raw,gaussian,1,1,74,0.0,,247,2.0,229,1.9989207849222526,4.5,4.0
noise_scan_raw,gaussian,1,1,73,0.0,,247,2.0,229,1.9989207849222526,4.5,4.0
noise_scan_raw,gaussian,1,1,72,0.0,,247,2.0,229,1.9989207849222526,4.5,4.0
noise_scan_raw,gaussian,1,1,71,0.0,,247,2.0,229,1.9989207849222526,4.5,4.0
noise_scan_raw,gaussian,1,1,70,0.0,,247,2.0,229,1.9989207849222526,4.5,4.0
noise_scan_raw,gaussian,1,1,69,0.0,,247,2.0,229,1.9989207849222526,4.5,4.0
noise_scan_raw,gaussian,1,1,68,0.0,,247,2.0,229,1.9989207849222526,4.5,4.0
noise_scan_raw,gaussian,1,1,67,0.0,,247,2.0,229,1.9989207849222526,4.5,4.0
noise_scan_raw,gaussian,1,1,66,0.0,,247,2.0,229,1.9989207849222526,4.5,4.0
noise_scan_raw,gaussian,1,1,65,0.0,,247,2.0,229,1.9989207849222526,4.5,4.0
noise_scan_raw,gaussian,1,1,64,0.0,,247,2.0,229,1.9989207849222526,4.5,4.0
noise_scan_raw,gaussian,1,1,63,0.0,,247,2.0,229,1.9989207849222526,4.5,4.0
noise_scan_raw,gaussian,1,1,62,0.0,,247,2.0,229,1.9989207849222526,4.5,4.0
noise_scan_raw,gaussian,1,1,61,0.0,,247,2.0,229,1.9989207849222526,4.5,4.0
noise_scan_raw,gaussian,1,1,60,0.0,,247,2.0,229,1.9989207849222526,4.5,4.0
noise_scan_raw,gaussian,1,1,59,0.0,,247,2.0,229,1.9989207849222526,4.5,4.0
noise_scan_raw,gaussian,1,1,58,0.0,,247,2.0,229,1.9989207849222526,4.5,4.0
noise_scan_raw,gaussian,1,1,57,0.0,,247,2.0,229,1.9989207849222526,4.5,4.0
noise_scan_raw,gaussian,1,1,56,0.0,,247,2.0,229,1.9989207849222526,4.5,4.0
noise_scan_raw,gaussian,1,1,55,0.0,,247,2.0,229,1.9989207849222526,4.5,4.0
noise_scan_raw,gaussian,1,1,54,0.0,,247,2.0,229,1.9989207849222526,4.5,4.0
noise_scan_raw,gaussian,1,1,53,0.0,,247,2.0,229,1.9989207849222526,4.5,4.0
noise_scan_raw,gaussian,1,1,52,0.0,,247,2.0,229,1.9989207849222526,4.5,4.0
noise_scan_raw,gaussian,1,1,51,0.0,,247,2.0,229,1.9989207849222526,4.5,4.0
noise_scan_raw,gaussian,1,1,50,0.0,,247,2.0,229,1.9989207849222526,4.5,4.0
noise_scan_raw,gaussian,1,1,49,0.0,,247,2.0,229,1.9989207849222526,4.5,4.0
noise_scan_raw,gaussian,1,1,48,0.0,,247,2.0,229,1.9989207849222526,4.5,4.0
noise_scan_raw,gaussian,1,1,47,0.0,,247,2.0,229,1.9989207849222526,4.5,4.0
noise_scan_raw,gaussian,1,1,46,0.0,,247,2.0,229,1.9989207849222526,4.5,4.0
noise_scan_raw,gaussian,1,1,45,0.0,,247,2.0,229,1.9989207849222526,4.5,4.0
noise_scan_raw,gaussian,1,1,44,0.0,,247,2.0,229,1.9989207849222526,4.5,4.0
noise_scan_raw,gaussian,1,1,43,0.0,,247,2.0,229,1.9989207849222526,4.5,4.0
noise_scan_raw,gaussian,1,1,42,0.0,,247,2.0,229,1.9989207849222526,4.5,4.0
noise_scan_raw,gaussian,1,1,41,0.0,,247,2.0,229,1.9989207849222526,4.5,4.0
noise_scan_raw,gaussian,1,1,40,0.0,,247,2.0,229,1.9989207849222526,4.5,4.0
noise_scan_raw,gaussian,1,1,39,0.0,,247,2.0,229,1.9989207849222526,4.5,4.0
noise_scan_raw,gaussian,1,1,38,0.0,,247,2.0,229,1.9989207849222526,4.5,4.0
noise_scan_raw,gaussian,1,1,37,0.0,,247,2.0,229,1.9989207849222526,4.5,4.0
noise_scan_raw,gaussian,1,1,36,0.0,,247,2.0,229,1.9989207849222526,4.5,4.0
noise_scan_raw,gaussian,1,1,35,0.0,,247,2.0,229,1.9989207849222526,4.5,4.0
noise_scan_raw,gaussian,1,1,34,0.0,,247,2.0,229,1.9989207849222526,4.5,4.0
noise_scan_raw,gaussian,1,1,33,0.0,,247,2.0,229,1.9989207849222526,4.5,4.0
noise_scan_raw,gaussian,1,1,32,0.0,,247,2.0,229,1.9989207849222526,4.5,4.0
noise_scan_raw,gaussian,1,1,31,0.0,,247,2.0,229,1.9989207849222526,4.5,4.0
noise_scan_raw,gaussian,1,1,30,0.0,,247,2.0,229,1.9989207849222526,4.5,4.0
noise_scan_raw,gaussian,1,1,29,0.0,,247,2.0,229,1.9989207849222526,4.5,4.0
noise_scan_raw,gaussian,1,1,28,0.0,,247,2.0,229,1.9989207849222526,4.5,4.0
noise_scan_raw,gaussian,1,1,27,0.0,,247,2.0,229,1.9989207849222526,4.5,4.0
noise_scan_raw,gaussian,1,1,26,0.0,,247,2.0,229,1.9989207849222526,4.5,4.0
noise_scan_raw,gaussian,1,1,25,0.0,,247,2.0,229,1.9989207849222526,4.5,4.0
noise_scan_raw,gaussian,1,1,24,0.0,,247,2.0,229,1.9989207849222526,4.5,4.0
noise_scan_raw,gaussian,1,1,23,0.0,,247,2.0,229,1.9989207849222526,4.5,4.0
noise_scan_raw,gaussian,1,1,22,0.0,,247,2.0,229,1.9989207849222526,4.5,4.0
noise_scan_raw,gaussian,1,1,21,0.0,,247,2.0,229,1.9989207849222526,4.5,4.0
noise_scan_raw,gaussian,1,1,20,0.0,,247,2.0,229,1.9989207849222526,4.5,4.0
noise_scan_raw,gaussian,1,1,19,0.0,,247,2.0,229,1.9989207849222526,4.5,4.0
noise_scan_raw,gaussian,1,1,18,0.0,,247,2.0,229,1.9989207849222526,4.5,4.0
noise_scan_raw,gaussian,1,1,17,0.0,,247,2.0,229,1.9989207849222526,4.5,4.0
noise_scan_raw,gaussian,1,1,16,0.0,,247,2.0,229,1.9989207849222526,4.5,4.0
noise_scan_raw,gaussian,1,1,15,0.0,,247,2.0,229,1.9989207849222526,4.5,4.0
noise_scan_raw,gaussian,1,1,14,0.0,,247,2.0,229,1.9989207849222526,4.5,4.0
noise_scan_raw,gaussian,1,1,13,0.0,,247,2.0,229,1.9989207849222526,4.5,4.0
noise_scan_raw,gaussian,1,1,12,0.0,,247,2.0,229,1.9989207849222526,4.5,4.0
noise_scan_raw,gaussian,1,1,11,0.0,,247,2.0,229,1.9989207849222526,4.5,4.0
noise_scan_raw,gaussian,1,1,10,0.0,,247,2.0,229,1.9989207849222526,4.5,4.0
noise_scan_raw,gaussian,1,1,9,0.0,,247,2.0,229,1.9989207849222526,4.5,4.0
noise_scan_raw,gaussian,1,1,8,0.0,,247,2.0,229,1.9989207849222526,4.5,4.0
noise_scan_raw,gaussian,1,1,7,0.0,,247,2.0,229,1.9989207849222526,4.5,4.0
noise_scan_raw,gaussian,1,1,6,0.0,,247,2.0,229,1.9989207849222526,4.5,4.0
noise_scan_raw,gaussian,1,1,5,0.0,,247,2.0,229,1.9989207849222526,4.5,4.0
noise_scan_raw,gaussian,1,1,4,0.0,,247,2.0,229,1.9989207849222526,4.5,4.0
noise_scan_raw,gaussian,1,1,3,0.0,,247,2.0,229,1.9989207849222526,4.5,4.0
noise_scan_raw,gaussian,1,1,2,0.0,,247,2.0,229,1.9989207849222526,4.5,4.0
noise_scan_raw,gaussian,1,1,1,0.0,,247,2.0,229,1.9989207849222526,4.5,4.0
noise_scan_raw,gaussian,1,1,0,0.0,,247,2.0,229,1.9989207849222526,4.5,4.0
noise_scan_raw,gaussian,1,2,255,68713.84622493901,,247,2.0,229,1.9988494343306293,4.5,4.0
noise_scan_raw,gaussian,1,2,254,67979.45503574728,,247,2.0,229,1.9988494343306293,4.5,4.0
noise_scan_raw,gaussian,1,2,253,71468.12712091503,,247,2.0,229,1.9988494343306293,4.5,4.0
noise_scan_raw,gaussian,1,2,252,77585.0623649036,,247,2.0,229,1.9988494343306293,4.5,4.0
noise_scan_raw,gaussian,1,2,251,83103.1647405625,,247,2.0,229,1.9988494343306293,4.5,4.0
noise_scan_raw,gaussian,1,2,250,99123.87668702616,,247,2.0,229,1.9988494343306293,4.5,4.0
noise_scan_raw,gaussian,1,2,249,110128.39863072026,,247,2.0,229,1.9988494343306293,4.5,4.0
noise_scan_raw,gaussian,1,2,248,131572.15442091608,,247,2.0,229,1.9988494343306293,4.5,4.0
noise_scan_raw,gaussian,1,2,247,153543.3711650471,,247,2.0,229,1.9988494343306293,4.5,4.0
noise_scan_raw,gaussian,1,2,246,148171.41413936694,,247,2.0,229,1.9988494343306293,4.5,4.0
noise_scan_raw,gaussian,1,2,245,134252.06773791698,,247,2.0,229,1.9988494343306293,4.5,4.0
noise_scan_raw,gaussian,1,2,244,101903.33137481535,,247,2.0,229,1.9988494343306293,4.5,4.0
noise_scan_raw,gaussian,1,2,243,81139.20151043563,,247,2.0,229,1.9988494343306293,4.5,4.0
noise_scan_raw,gaussian,1,2,242,48095.22350522802,,247,2.0,229,1.9988494343306293,4.5,4.0
noise_scan_raw,gaussian,1,2,241,33694.24353248803,,247,2.0,229,1.9988494343306293,4.5,4.0
noise_scan_raw,gaussian,1,2,240,16269.602406025186,,247,2.0,229,1.9988494343306293,4.5,4.0
noise_scan_raw,gaussian,1,2,239,8985.623773455385,,247,2.0,229,1.9988494343306293,4.5,4.0
noise_scan_raw,gaussian,1,2,238,4375.608136197468,,247,2.0,229,1.9988494343306293,4.5,4.0
noise_scan_raw,gaussian,1,2,237,1992.3179010561541,,247,2.0,229,1.9988494343306293,4.5,4.0
noise_scan_raw,gaussian,1,2,236,837.6573958585973,,247,2.0,229,1.9988494343306293,4.5,4.0
noise_scan_raw,gaussian,1,2,235,522.3739198215302,,247,2.0,229,1.9988494343306293,4.5,4.0
noise_scan_raw,gaussian,1,2,234,200.79209523614352,,247,2.0,229,1.9988494343306293,4.5,4.0
noise_scan_raw,gaussian,1,2,233,90.95086753948428,,247,2.0,229,1.9988494343306293,4.5,4.0
noise_scan_raw,gaussian,1,2,232,28.084648974838323,,247,2.0,229,1.9988494343306293,4.5,4.0
noise_scan_raw,gaussian,1,2,231,7.096180115827199,,247,2.0,229,1.9988494343306293,4.5,4.0
noise_scan_raw,gaussian,1,2,230,2.598604203364906,,247,2.0,229,1.9988494343306293,4.5,4.0
noise_scan_raw,gaussian,1,2,229,1.9988494343306293,,247,2.0,229,1.9988494343306293,4.5,4.0
noise_scan_raw,gaussian,1,2,228,1.2992810794045728,,247,2.0,229,1.9988494343306293,4.5,4.0
noise_scan_raw,gaussian,1,2,227,1.2992926586016056,,247,2.0,229,1.9988494343306293,4.5,4.0
noise_scan_raw,gaussian,1,2,226,1.299416729956272,,247,2.0,229,1.9988494343306293,4.5,4.0
noise_scan_raw,gaussian,1,2,225,0.9994789932082294,,247,2.0,229,1.9988494343306293,4.5,4.0
noise_scan_raw,gaussian,1,2,224,0.7996650191691684,,247,2.0,229,1.9988494343306293,4.5,4.0
noise_scan_raw,gaussian,1,2,223,0.9994509851765998,,247,2.0,229,1.9988494343306293,4.5,4.0
noise_scan_raw,gaussian,1,2,222,0.3997886535211915,,247,2.0,229,1.9988494343306293,4.5,4.0
noise_scan_raw,gaussian,1,2,221,0.8995538802084394,,247,2.0,229,1.9988494343306293,4.5,4.0
noise_scan_raw,gaussian,1,2,220,0.5996780931409105,,247,2.0,229,1.9988494343306293,4.5,4.0
noise_scan_raw,gaussian,1,2,219,0.599671748550535,,247,2.0,229,1.9988494343306293,4.5,4.0
noise_scan_raw,gaussian,1,2,218,0.09994671801055155,,247,2.0,229,1.9988494343306293,4.5,4.0
noise_scan_raw,gaussian,1,2,217,0.6996787116054173,,247,2.0,229,1.9988494343306293,4.5,4.0
noise_scan_raw,gaussian,1,2,216,0.29984240470381507,,247,2.0,229,1.9988494343306293,4.5,4.0
noise_scan_raw,gaussian,1,2,215,0.3997787079271806,,247,2.0,229,1.9988494343306293,4.5,4.0
noise_scan_raw,gaussian,1,2,214,0.19988558166193673,,247,2.0,229,1.9988494343306293,4.5,4.0
noise_scan_raw,gaussian,1,2,213,0.2998415973159474,,247,2.0,229,1.9988494343306293,4.5,4.0
noise_scan_raw,gaussian,1,2,212,0.2998567955143226,,247,2.0,229,1.9988494343306293,4.5,4.0
noise_scan_raw,gaussian,1,2,211,0.09994638934451407,,247,2.0,229,1.9988494343306293,4.5,4.0
noise_scan_raw,gaussian,1,2,210,0.09994847093259224,,247,2.0,229,1.9988494343306293,4.5,4.0
noise_scan_raw,gaussian,1,2,209,0.39978362350375274,,247,2.0,229,1.9988494343306293,4.5,4.0
noise_scan_raw,gaussian,1,2,208,0.09994831135698212,,247,2.0,229,1.9988494343306293,4.5,4.0
noise_scan_raw,gaussian,1,2,207,0.0,,247,2.0,229,1.9988494343306293,4.5,4.0
noise_scan_raw,gaussian,1,2,206,0.09994552482025824,,247,2.0,229,1.9988494343306293,4.5,4.0
noise_scan_raw,gaussian,1,2,205,0.19989516034752547,,247,2.0,229,1.9988494343306293,4.5,4.0
noise_scan_raw,gaussian,1,2,204,0.0,,247,2.0,229,1.9988494343306293,4.5,4.0
noise_scan_raw,gaussian,1,2,203,0.0,,247,2.0,229,1.9988494343306293,4.5,4.0
noise_scan_raw,gaussian,1,2,202,0.09995082651841146,,247,2.0,229,1.9988494343306293,4.5,4.0
noise_scan_raw,gaussian,1,2,201,0.09995689820144484,,247,2.0,229,1.9988494343306293,4.5,4.0
noise_scan_raw,gaussian,1,2,200,0.09994225500565035,,247,2.0,229,1.9988494343306293,4.5,4.0
noise_scan_raw,gaussian,1,2,199,0.09994525570143498,,247,2.0,229,1.9988494343306293,4.5,4.0
noise_scan_raw,gaussian,1,2,198,0.0,,247,2.0,229,1.9988494343306293,4.5,4.0
noise_scan_raw,gaussian,1,2,197,0.09994739916588813,,247,2.0,229,1.9988494343306293,4.5,4.0
noise_scan_raw,gaussian,1,2,196,0.0,,247,2.0,229,1.9988494343306293,4.5,4.0
noise_scan_raw,gaussian,1,2,195,0.09994274082036225,,247,2.0,229,1.9988494343306293,4.5,4.0
noise_scan_raw,gaussian,1,2,194,0.09994590825754532,,247,2.0,229,1.9988494343306293,4.5,4.0
noise_scan_raw,gaussian,1,2,193,0.0,,247,2.0,229,1.9988494343306293,4.5,4.0
noise_scan_raw,gaussian,1,2,192,0.09994321235092289,,247,2.0,229,1.9988494343306293,4.5,4.0
noise_scan_raw,gaussian,1,2,191,0.0,,247,2.0,229,1.9988494343306293,4.5,4.0
noise_scan_raw,gaussian,1,2,190,0.0999566623710342,,247,2.0,229,1.9988494343306293,4.5,4.0
noise_scan_raw,gaussian,1,2,189,0.09994522712253003,,247,2.0,229,1.9988494343306293,4.5,4.0
noise_scan_raw,gaussian,1,2,188,0.09994623453879597,,247,2.0,229,1.9988494343306293,4.5,4.0
noise_scan_raw,gaussian,1,2,187,0.09994724912038379,,247,2.0,229,1.9988494343306293,4.5,4.0
noise_scan_raw,gaussian,1,2,186,0.0,,247,2.0,229,1.9988494343306293,4.5,4.0
noise_scan_raw,gaussian,1,2,185,0.099949821391367,,247,2.0,229,1.9988494343306293,4.5,4.0
noise_scan_raw,gaussian,1,2,184,0.09994474366519804,,247,2.0,229,1.9988494343306293,4.5,4.0
noise_scan_raw,gaussian,1,2,183,0.09995429221809522,,247,2.0,229,1.9988494343306293,4.5,4.0
noise_scan_raw,gaussian,1,2,182,0.0,,247,2.0,229,1.9988494343306293,4.5,4.0
noise_scan_raw,gaussian,1,2,181,0.0,,247,2.0,229,1.9988494343306293,4.5,4.0
noise_scan_raw,gaussian,1,2,180,0.0,,247,2.0,229,1.9988494343306293,4.5,4.0
noise_scan_raw,gaussian,1,2,179,0.0,,247,2.0,229,1.9988494343306293,4.5,4.0
noise_scan_raw,gaussian,1,2,178,0.0,,247,2.0,229,1.9988494343306293,4.5,4.0
noise_scan_raw,gaussian,1,2,177,0.0,,247,2.0,229,1.9988494343306293,4.5,4.0
noise_scan_raw,gaussian,1,2,176,0.0,,247,2.0,229,1.9988494343306293,4.5,4.0
noise_scan_raw,gaussian,1,2,175,0.0,,247,2.0,229,1.9988494343306293,4.5,4.0
noise_scan_raw,gaussian,1,2,174,0.0,,247,2.0,229,1.9988494343306293,4.5,4.0
noise_scan_raw,gaussian,1,2,173,0.0,,247,2.0,229,1.9988494343306293,4.5,4.0
noise_scan_raw,gaussian,1,2,172,0.0,,247,2.0,229,1.9988494343306293,4.5,4.0
noise_scan_raw,gaussian,1,2,171,0.0,,247,2.0,229,1.9988494343306293,4.5,4.0
noise_scan_raw,gaussian,1,2,170,0.0,,247,2.0,229,1.9988494343306293,4.5,4.0
noise_scan_raw,gaussian,1,2,169,0.0,,247,2.0,229,1.9988494343306293,4.5,4.0
noise_scan_raw,gaussian,1,2,168,0.0,,247,2.0,229,1.9988494343306293,4.5,4.0
noise_scan_raw,gaussian,1,2,167,0.0,,247,2.0,229,1.9988494343306293,4.5,4.0
noise_scan_raw,gaussian,1,2,166,0.0,,247,2.0,229,1.9988494343306293,4.5,4.0
noise_scan_raw,gaussian,1,2,165,0.0,,247,2.0,229,1.9988494343306293,4.5,4.0
noise_scan_raw,gaussian,1,2,164,0.0,,247,2.0,229,1.9988494343306293,4.5,4.0
noise_scan_raw,gaussian,1,2,163,0.0,,247,2.0,229,1.9988494343306293,4.5,4.0
noise_scan_raw,gaussian,1,2,162,0.0,,247,2.0,229,1.9988494343306293,4.5,4.0
noise_scan_raw,gaussian,1,2,161,0.0,,247,2.0,229,1.9988494343306293,4.5,4.0
noise_scan_raw,gaussian,1,2,160,0.0,,247,2.0,229,1.9988494343306293,4.5,4.0
noise_scan_raw,gaussian,1,2,159,0.0,,247,2.0,229,1.9988494343306293,4.5,4.0
noise_scan_raw,gaussian,1,2,158,0.0,,247,2.0,229,1.9988494343306293,4.5,4.0
noise_scan_raw,gaussian,1,2,157,0.0,,247,2.0,229,1.9988494343306293,4.5,4.0
noise_scan_raw,gaussian,1,2,156,0.0,,247,2.0,229,1.9988494343306293,4.5,4.0
noise_scan_raw,gaussian,1,2,155,0.0,,247,2.0,229,1.9988494343306293,4.5,4.0
noise_scan_raw,gaussian,1,2,154,0.0,,247,2.0,229,1.9988494343306293,4.5,4.0
noise_scan_raw,gaussian,1,2,153,0.0,,247,2.0,229,1.9988494343306293,4.5,4.0
noise_scan_raw,gaussian,1,2,152,0.0,,247,2.0,229,1.9988494343306293,4.5,4.0
noise_scan_raw,gaussian,1,2,151,0.0,,247,2.0,229,1.9988494343306293,4.5,4.0
noise_scan_raw,gaussian,1,2,150,0.0,,247,2.0,229,1.9988494343306293,4.5,4.0
noise_scan_raw,gaussian,1,2,149,0.0,,247,2.0,229,1.9988494343306293,4.5,4.0
noise_scan_raw,gaussian,1,2,148,0.0,,247,2.0,229,1.9988494343306293,4.5,4.0
noise_scan_raw,gaussian,1,2,147,0.0,,247,2.0,229,1.9988494343306293,4.5,4.0
noise_scan_raw,gaussian,1,2,146,0.0,,247,2.0,229,1.9988494343306293,4.5,4.0
noise_scan_raw,gaussian,1,2,145,0.0,,247,2.0,229,1.9988494343306293,4.5,4.0
noise_scan_raw,gaussian,1,2,144,0.0,,247,2.0,229,1.9988494343306293,4.5,4.0
noise_scan_raw,gaussian,1,2,143,0.0,,247,2.0,229,1.9988494343306293,4.5,4.0
noise_scan_raw,gaussian,1,2,142,0.0,,247,2.0,229,1.9988494343306293,4.5,4.0
noise_scan_raw,gaussian,1,2,141,0.0,,247,2.0,229,1.9988494343306293,4.5,4.0
noise_scan_raw,gaussian,1,2,140,0.0,,247,2.0,229,1.9988494343306293,4.5,4.0
noise_scan_raw,gaussian,1,2,139,0.0,,247,2.0,229,1.9988494343306293,4.5,4.0
noise_scan_raw,gaussian,1,2,138,0.0,,247,2.0,229,1.9988494343306293,4.5,4.0
noise_scan_raw,gaussian,1,2,137,0.0,,247,2.0,229,1.9988494343306293,4.5,4.0
noise_scan_raw,gaussian,1,2,136,0.0,,247,2.0,229,1.9988494343306293,4.5,4.0
noise_scan_raw,gaussian,1,2,135,0.0,,247,2.0,229,1.9988494343306293,4.5,4.0
noise_scan_raw,gaussian,1,2,134,0.0,,247,2.0,229,1.9988494343306293,4.5,4.0
noise_scan_raw,gaussian,1,2,133,0.0,,247,2.0,229,1.9988494343306293,4.5,4.0
noise_scan_raw,gaussian,1,2,132,0.0,,247,2.0,229,1.9988494343306293,4.5,4.0
noise_scan_raw,gaussian,1,2,131,0.0,,247,2.0,229,1.9988494343306293,4.5,4.0
noise_scan_raw,gaussian,1,2,130,0.0,,247,2.0,229,1.9988494343306293,4.5,4.0
noise_scan_raw,gaussian,1,2,129,0.0,,247,2.0,229,1.9988494343306293,4.5,4.0
noise_scan_raw,gaussian,1,2,128,0.0,,247,2.0,229,1.9988494343306293,4.5,4.0
noise_scan_raw,gaussian,1,2,127,0.0,,247,2.0,229,1.9988494343306293,4.5,4.0
noise_scan_raw,gaussian,1,2,126,0.0,,247,2.0,229,1.9988494343306293,4.5,4.0
noise_scan_raw,gaussian,1,2,125,0.0,,247,2.0,229,1.9988494343306293,4.5,4.0
noise_scan_raw,gaussian,1,2,124,0.0,,247,2.0,229,1.9988494343306293,4.5,4.0
noise_scan_raw,gaussian,1,2,123,0.0,,247,2.0,229,1.9988494343306293,4.5,4.0
noise_scan_raw,gaussian,1,2,122,0.0,,247,2.0,229,1.9988494343306293,4.5,4.0
noise_scan_raw,gaussian,1,2,121,0.0,,247,2.0,229,1.9988494343306293,4.5,4.0
noise_scan_raw,gaussian,1,2,120,0.0,,247,2.0,229,1.9988494343306293,4.5,4.0
noise_scan_raw,gaussian,1,2,119,0.0,,247,2.0,229,1.9988494343306293,4.5,4.0
noise_scan_raw,gaussian,1,2,118,0.0,,247,2.0,229,1.9988494343306293,4.5,4.0
noise_scan_raw,gaussian,1,2,117,0.0,,247,2.0,229,1.9988494343306293,4.5,4.0
noise_scan_raw,gaussian,1,2,116,0.0,,247,2.0,229,1.9988494343306293,4.5,4.0
noise_scan_raw,gaussian,1,2,115,0.0,,247,2.0,229,1.9988494343306293,4.5,4.0
noise_scan_raw,gaussian,1,2,114,0.0,,247,2.0,229,1.9988494343306293,4.5,4.0
noise_scan_raw,gaussian,1,2,113,0.0,,247,2.0,229,1.9988494343306293,4.5,4.0
noise_scan_raw,gaussian,1,2,112,0.0,,247,2.0,229,1.9988494343306293,4.5,4.0
noise_scan_raw,gaussian,1,2,111,0.0,,247,2.0,229,1.9988494343306293,4.5,4.0
noise_scan_raw,gaussian,1,2,110,0.0,,247,2.0,229,1.9988494343306293,4.5,4.0
noise_scan_raw,gaussian,1,2,109,0.0,,247,2.0,229,1.9988494343306293,4.5,4.0
noise_scan_raw,gaussian,1,2,108,0.0,,247,2.0,229,1.9988494343306293,4.5,4.0
noise_scan_raw,gaussian,1,2,107,0.0,,247,2.0,229,1.9988494343306293,4.5,4.0
noise_scan_raw,gaussian,1,2,106,0.0,,247,2.0,229,1.9988494343306293,4.5,4.0
noise_scan_raw,gaussian,1,2,105,0.0,,247,2.0,229,1.9988494343306293,4.5,4.0
noise_scan_raw,gaussian,1,2,104,0.0,,247,2.0,229,1.9988494343306293,4.5,4.0
noise_scan_raw,gaussian,1,2,103,0.0,,247,2.0,229,1.9988494343306293,4.5,4.0
noise_scan_raw,gaussian,1,2,102,0.0,,247,2.0,229,1.9988494343306293,4.5,4.0
noise_scan_raw,gaussian,1,2,101,0.0,,247,2.0,229,1.9988494343306293,4.5,4.0
noise_scan_raw,gaussian,1,2,100,0.0,,247,2.0,229,1.9988494343306293,4.5,4.0
noise_scan_raw,gaussian,1,2,99,0.0,,247,2.0,229,1.9988494343306293,4.5,4.0
noise_scan_raw,gaussian,1,2,98,0.0,,247,2.0,229,1.9988494343306293,4.5,4.0
noise_scan_raw,gaussian,1,2,97,0.0,,247,2.0,229,1.9988494343306293,4.5,4.0
noise_scan_raw,gaussian,1,2,96,0.0,,247,2.0,229,1.9988494343306293,4.5,4.0
noise_scan_raw,gaussian,1,2,95,0.0,,247,2.0,229,1.9988494343306293,4.5,4.0
noise_scan_raw,gaussian,1,2,94,0.0,,247,2.0,229,1.9988494343306293,4.5,4.0
noise_scan_raw,gaussian,1,2,93,0.0,,247,2.0,229,1.9988494343306293,4.5,4.0
noise_scan_raw,gaussian,1,2,92,0.0,,247,2.0,229,1.9988494343306293,4.5,4.0
noise_scan_raw,gaussian,1,2,91,0.0,,247,2.0,229,1.9988494343306293,4.5,4.0
noise_scan_raw,gaussian,1,2,90,0.0,,247,2.0,229,1.9988494343306293,4.5,4.0
noise_scan_raw,gaussian,1,2,89,0.0,,247,2.0,229,1.9988494343306293,4.5,4.0
noise_scan_raw,gaussian,1,2,88,0.0,,247,2.0,229,1.9988494343306293,4.5,4.0
noise_scan_raw,gaussian,1,2,87,0.0,,247,2.0,229,1.9988494343306293,4.5,4.0
noise_scan_raw,gaussian,1,2,86,0.0,,247,2.0,229,1.9988494343306293,4.5,4.0
noise_scan_raw,gaussian,1,2,85,0.0,,247,2.0,229,1.9988494343306293,4.5,4.0
noise_scan_raw,gaussian,1,2,84,0.0,,247,2.0,229,1.9988494343306293,4.5,4.0
noise_scan_raw,gaussian,1,2,83,0.0,,247,2.0,229,1.9988494343306293,4.5,4.0
noise_scan_raw,gaussian,1,2,82,0.0,,247,2.0,229,1.9988494343306293,4.5,4.0
noise_scan_raw,gaussian,1,2,81,0.0,,247,2.0,229,1.9988494343306293,4.5,4.0
noise_scan_raw,gaussian,1,2,80,0.0,,247,2.0,229,1.9988494343306293,4.5,4.0
noise_scan_raw,gaussian,1,2,79,0.0,,247,2.0,229,1.9988494343306293,4.5,4.0
noise_scan_raw,gaussian,1,2,78,0.0,,247,2.0,229,1.9988494343306293,4.5,4.0
noise_scan_raw,gaussian,1,2,77,0.0,,247,2.0,229,1.9988494343306293,4.5,4.0
noise_scan_raw,gaussian,1,2,76,0.0,,247,2.0,229,1.9988494343306293,4.5,4.0
noise_scan_raw,gaussian,1,2,75,0.0,,247,2.0,229,1.9988494343306293,4.5,4.0
noise_scan_raw,gaussian,1,2,74,0.0,,247,2.0,229,1.9988494343306293,4.5,4.0
noise_scan_raw,gaussian,1,2,73,0.0,,247,2.0,229,1.9988494343306293,4.5,4.0
noise_scan_raw,gaussian,1,2,72,0.0,,247,2.0,229,1.9988494343306293,4.5,4.0
noise_scan_raw,gaussian,1,2,71,0.0,,247,2.0,229,1.9988494343306293,4.5,4.0
noise_scan_raw,gaussian,1,2,70,0.0,,247,2.0,229,1.9988494343306293,4.5,4.0
noise_scan_raw,gaussian,1,2,69,0.0,,247,2.0,229,1.9988494343306293,4.5,4.0
noise_scan_raw,gaussian,1,2,68,0.0,,247,2.0,229,1.9988494343306293,4.5,4.0
noise_scan_raw,gaussian,1,2,67,0.0,,247,2.0,229,1.9988494343306293,4.5,4.0
noise_scan_raw,gaussian,1,2,66,0.0,,247,2.0,229,1.9988494343306293,4.5,4.0
noise_scan_raw,gaussian,1,2,65,0.0,,247,2.0,229,1.9988494343306293,4.5,4.0
noise_scan_raw,gaussian,1,2,64,0.0,,247,2.0,229,1.9988494343306293,4.5,4.0
noise_scan_raw,gaussian,1,2,63,0.0,,247,2.0,229,1.9988494343306293,4.5,4.0
noise_scan_raw,gaussian,1,2,62,0.0,,247,2.0,229,1.9988494343306293,4.5,4.0
noise_scan_raw,gaussian,1,2,61,0.0,,247,2.0,229,1.9988494343306293,4.5,4.0
noise_scan_raw,gaussian,1,2,60,0.0,,247,2.0,229,1.9988494343306293,4.5,4.0
noise_scan_raw,gaussian,1,2,59,0.0,,247,2.0,229,1.9988494343306293,4.5,4.0
noise_scan_raw,gaussian,1,2,58,0.0,,247,2.0,229,1.9988494343306293,4.5,4.0
noise_scan_raw,gaussian,1,2,57,0.0,,247,2.0,229,1.9988494343306293,4.5,4.0
noise_scan_raw,gaussian,1,2,56,0.0,,247,2.0,229,1.9988494343306293,4.5,4.0
noise_scan_raw,gaussian,1,2,55,0.0,,247,2.0,229,1.9988494343306293,4.5,4.0
noise_scan_raw,gaussian,1,2,54,0.0,,247,2.0,229,1.9988494343306293,4.5,4.0
noise_scan_raw,gaussian,1,2,53,0.0,,247,2.0,229,1.9988494343306293,4.5,4.0
noise_scan_raw,gaussian,1,2,52,0.0,,247,2.0,229,1.9988494343306293,4.5,4.0
noise_scan_raw,gaussian,1,2,51,0.0,,247,2.0,229,1.9988494343306293,4.5,4.0
noise_scan_raw,gaussian,1,2,50,0.0,,247,2.0,229,1.9988494343306293,4.5,4.0
noise_scan_raw,gaussian,1,2,49,0.0,,247,2.0,229,1.9988494343306293,4.5,4.0
noise_scan_raw,gaussian,1,2,48,0.0,,247,2.0,229,1.9988494343306293,4.5,4.0
noise_scan_raw,gaussian,1,2,47,0.0,,247,2.0,229,1.9988494343306293,4.5,4.0
noise_scan_raw,gaussian,1,2,46,0.0,,247,2.0,229,1.9988494343306293,4.5,4.0
noise_scan_raw,gaussian,1,2,45,0.0,,247,2.0,229,1.9988494343306293,4.5,4.0
noise_scan_raw,gaussian,1,2,44,0.0,,247,2.0,229,1.9988494343306293,4.5,4.0
noise_scan_raw,gaussian,1,2,43,0.0,,247,2.0,229,1.9988494343306293,4.5,4.0
noise_scan_raw,gaussian,1,2,42,0.0,,247,2.0,229,1.9988494343306293,4.5,4.0
noise_scan_raw,gaussian,1,2,41,0.0,,247,2.0,229,1.9988494343306293,4.5,4.0
noise_scan_raw,gaussian,1,2,40,0.0,,247,2.0,229,1.9988494343306293,4.5,4.0
noise_scan_raw,gaussian,1,2,39,0.0,,247,2.0,229,1.9988494343306293,4.5,4.0
noise_scan_raw,gaussian,1,2,38,0.0,,247,2.0,229,1.9988494343306293,4.5,4.0
noise_scan_raw,gaussian,1,2,37,0.0,,247,2.0,229,1.9988494343306293,4.5,4.0
noise_scan_raw,gaussian,1,2,36,0.0,,247,2.0,229,1.9988494343306293,4.5,4.0
noise_scan_raw,gaussian,1,2,35,0.0,,247,2.0,229,1.9988494343306293,4.5,4.0
noise_scan_raw,gaussian,1,2,34,0.0,,247,2.0,229,1.9988494343306293,4.5,4.0
noise_scan_raw,gaussian,1,2,33,0.0,,247,2.0,229,1.9988494343306293,4.5,4.0
noise_scan_raw,gaussian,1,2,32,0.0,,247,2.0,229,1.9988494343306293,4.5,4.0
noise_scan_raw,gaussian,1,2,31,0.0,,247,2.0,229,1.9988494343306293,4.5,4.0
noise_scan_raw,gaussian,1,2,30,0.0,,247,2.0,229,1.9988494343306293,4.5,4.0
noise_scan_raw,gaussian,1,2,29,0.0,,247,2.0,229,1.9988494343306293,4.5,4.0
noise_scan_raw,gaussian,1,2,28,0.0,,247,2.0,229,1.9988494343306293,4.5,4.0
noise_scan_raw,gaussian,1,2,27,0.0,,247,2.0,229,1.9988494343306293,4.5,4.0
noise_scan_raw,gaussian,1,2,26,0.0,,247,2.0,229,1.9988494343306293,4.5,4.0
noise_scan_raw,gaussian,1,2,25,0.0,,247,2.0,229,1.9988494343306293,4.5,4.0
noise_scan_raw,gaussian,1,2,24,0.0,,247,2.0,229,1.9988494343306293,4.5,4.0
noise_scan_raw,gaussian,1,2,23,0.0,,247,2.0,229,1.9988494343306293,4.5,4.0
noise_scan_raw,gaussian,1,2,22,0.0,,247,2.0,229,1.9988494343306293,4.5,4.0
noise_scan_raw,gaussian,1,2,21,0.0,,247,2.0,229,1.9988494343306293,4.5,4.0
noise_scan_raw,gaussian,1,2,20,0.0,,247,2.0,229,1.9988494343306293,4.5,4.0
noise_scan_raw,gaussian,1,2,19,0.0,,247,2.0,229,1.9988494343306293,4.5,4.0
noise_scan_raw,gaussian,1,2,18,0.0,,247,2.0,229,1.9988494343306293,4.5,4.0
noise_scan_raw,gaussian,1,2,17,0.0,,247,2.0,229,1.9988494343306293,4.5,4.0
noise_scan_raw,gaussian,1,2,16,0.0,,247,2.0,229,1.9988494343306293,4.5,4.0
noise_scan_raw,gaussian,1,2,15,0.0,,247,2.0,229,1.9988494343306293,4.5,4.0
noise_scan_raw,gaussian,1,2,14,0.0,,247,2.0,229,1.9988494343306293,4.5,4.0
noise_scan_raw,gaussian,1,2,13,0.0,,247,2.0,229,1.9988494343306293,4.5,4.0
noise_scan_raw,gaussian,1,2,12,0.0,,247,2.0,229,1.9988494343306293,4.5,4.0
noise_scan_raw,gaussian,1,2,11,0.0,,247,2.0,229,1.9988494343306293,4.5,4.0
noise_scan_raw,gaussian,1,2,10,0.0,,247,2.0,229,1.9988494343306293,4.5,4.0
noise_scan_raw,gaussian,1,2,9,0.0,,247,2.0,229,1.9988494343306293,4.5,4.0
noise_scan_raw,gaussian,1,2,8,0.0,,247,2.0,229,1.9988494343306293,4.5,4.0
noise_scan_raw,gaussian,1,2,7,0.0,,247,2.0,229,1.9988494343306293,4.5,4.0
noise_scan_raw,gaussian,1,2,6,0.0,,247,2.0,229,1.9988494343306293,4.5,4.0
noise_scan_raw,gaussian,1,2,5,0.0,,247,2.0,229,1.9988494343306293,4.5,4.0
noise_scan_raw,gaussian,1,2,4,0.0,,247,2.0,229,1.9988494343306293,4.5,4.0
noise_scan_raw,gaussian,1,2,3,0.0,,247,2.0,229,1.9988494343306293,4.5,4.0
noise_scan_raw,gaussian,1,2,2,0.0,,247,2.0,229,1.9988494343306293,4.5,4.0
noise_scan_raw,gaussian,1,2,1,0.0,,247,2.0,229,1.9988494343306293,4.5,4.0
noise_scan_raw,gaussian,1,2,0,0.0,,247,2.0,229,1.9988494343306293,4.5,4.0
noise_scan_raw,gaussian,2,0,255,179412.5383588166,,254,2.0,236,1.399233279741566,9.0,2.0
noise_scan_raw,gaussian,2,0,254,179413.98195029775,,254,2.0,236,1.399233279741566,9.0,2.0
noise_scan_raw,gaussian,2,0,253,165404.4665844204,,254,2.0,236,1.399233279741566,9.0,2.0
noise_scan_raw,gaussian,2,0,252,130156.34642789724,,254,2.0,236,1.399233279741566,9.0,2.0
noise_scan_raw,gaussian,2,0,251,79668.4711012627,,254,2.0,236,1.399233279741566,9.0,2.0
noise_scan_raw,gaussian,2,0,250,50410.79004100412,,254,2.0,236,1.399233279741566,9.0,2.0
noise_scan_raw,gaussian,2,0,249,28320.07802961161,,254,2.0,236,1.399233279741566,9.0,2.0
noise_scan_raw,gaussian,2,0,248,14108.833045540534,,254,2.0,236,1.399233279741566,9.0,2.0
noise_scan_raw,gaussian,2,0,247,7364.421417591352,,254,2.0,236,1.399233279741566,9.0,2.0
noise_scan_raw,gaussian,2,0,246,3264.7476196324346,,254,2.0,236,1.399233279741566,9.0,2.0
noise_scan_raw,gaussian,2,0,245,3267.180142060362,,254,2.0,236,1.399233279741566,9.0,2.0
noise_scan_raw,gaussian,2,0,244,1455.2726295679884,,254,2.0,236,1.399233279741566,9.0,2.0
noise_scan_raw,gaussian,2,0,243,622.1715219930884,,254,2.0,236,1.399233279741566,9.0,2.0
noise_scan_raw,gaussian,2,0,242,190.69672479382297,,254,2.0,236,1.399233279741566,9.0,2.0
noise_scan_raw,gaussian,2,0,241,72.96268978665961,,254,2.0,236,1.399233279741566,9.0,2.0
noise_scan_raw,gaussian,2,0,240,29.184045958762443,,254,2.0,236,1.399233279741566,9.0,2.0
noise_scan_raw,gaussian,2,0,239,8.994883753259145,,254,2.0,236,1.399233279741566,9.0,2.0
noise_scan_raw,gaussian,2,0,238,6.197183396647208,,254,2.0,236,1.399233279741566,9.0,2.0
noise_scan_raw,gaussian,2,0,237,3.497755227679761,,254,2.0,236,1.399233279741566,9.0,2.0
noise_scan_raw,gaussian,2,0,236,1.399233279741566,,254,2.0,236,1.399233279741566,9.0,2.0
noise_scan_raw,gaussian,2,0,235,1.3992360471372738,,254,2.0,236,1.399233279741566,9.0,2.0
noise_scan_raw,gaussian,2,0,234,0.7995793648079755,,254,2.0,236,1.399233279741566,9.0,2.0
noise_scan_raw,gaussian,2,0,233,0.6995937846414767,,254,2.0,236,1.399233279741566,9.0,2.0
noise_scan_raw,gaussian,2,0,232,0.7995662753129977,,254,2.0,236,1.399233279741566,9.0,2.0
noise_scan_raw,gaussian,2,0,231,0.29986179046313205,,254,2.0,236,1.399233279741566,9.0,2.0
noise_scan_raw,gaussian,2,0,230,0.5996292975500709,,254,2.0,236,1.399233279741566,9.0,2.0
noise_scan_raw,gaussian,2,0,229,0.299836745935275,,254,2.0,236,1.399233279741566,9.0,2.0
noise_scan_raw,gaussian,2,0,228,0.5997297693988831,,254,2.0,236,1.399233279741566,9.0,2.0
noise_scan_raw,gaussian,2,0,227,0.3998238290742607,,254,2.0,236,1.399233279741566,9.0,2.0
noise_scan_raw,gaussian,2,0,226,0.39977736473833186,,254,2.0,236,1.399233279741566,9.0,2.0
noise_scan_raw,gaussian,2,0,225,0.39976970587650806,,254,2.0,236,1.399233279741566,9.0,2.0
noise_scan_raw,gaussian,2,0,224,0.29983385947399055,,254,2.0,236,1.399233279741566,9.0,2.0
noise_scan_raw,gaussian,2,0,223,0.49974540329509715,,254,2.0,236,1.399233279741566,9.0,2.0
noise_scan_raw,gaussian,2,0,222,0.19989568432001123,,254,2.0,236,1.399233279741566,9.0,2.0
noise_scan_raw,gaussian,2,0,221,0.19989212612450533,,254,2.0,236,1.399233279741566,9.0,2.0
noise_scan_raw,gaussian,2,0,220,0.3997718682368696,,254,2.0,236,1.399233279741566,9.0,2.0
noise_scan_raw,gaussian,2,0,219,0.09994701809882142,,254,2.0,236,1.399233279741566,9.0,2.0
noise_scan_raw,gaussian,2,0,218,0.19988881097200423,,254,2.0,236,1.399233279741566,9.0,2.0
noise_scan_raw,gaussian,2,0,217,0.2998273865722761,,254,2.0,236,1.399233279741566,9.0,2.0
noise_scan_raw,gaussian,2,0,216,0.1998923166538526,,254,2.0,236,1.399233279741566,9.0,2.0
noise_scan_raw,gaussian,2,0,215,0.09994763733428041,,254,2.0,236,1.399233279741566,9.0,2.0
noise_scan_raw,gaussian,2,0,214,0.09994437690758338,,254,2.0,236,1.399233279741566,9.0,2.0
noise_scan_raw,gaussian,2,0,213,0.09994647270163783,,254,2.0,236,1.399233279741566,9.0,2.0
noise_scan_raw,gaussian,2,0,212,0.1998879631489356,,254,2.0,236,1.399233279741566,9.0,2.0
noise_scan_raw,gaussian,2,0,211,0.199886729531586,,254,2.0,236,1.399233279741566,9.0,2.0
noise_scan_raw,gaussian,2,0,210,0.1999078317248846,,254,2.0,236,1.399233279741566,9.0,2.0
noise_scan_raw,gaussian,2,0,209,0.19988956830318638,,254,2.0,236,1.399233279741566,9.0,2.0
noise_scan_raw,gaussian,2,0,208,0.09995325605589064,,254,2.0,236,1.399233279741566,9.0,2.0
noise_scan_raw,gaussian,2,0,207,0.19989799935859984,,254,2.0,236,1.399233279741566,9.0,2.0
noise_scan_raw,gaussian,2,0,206,0.0,,254,2.0,236,1.399233279741566,9.0,2.0
noise_scan_raw,gaussian,2,0,205,0.0999467275371356,,254,2.0,236,1.399233279741566,9.0,2.0
noise_scan_raw,gaussian,2,0,204,0.09995660996442741,,254,2.0,236,1.399233279741566,9.0,2.0
noise_scan_raw,gaussian,2,0,203,0.09994640363429683,,254,2.0,236,1.399233279741566,9.0,2.0
noise_scan_raw,gaussian,2,0,202,0.0,,254,2.0,236,1.399233279741566,9.0,2.0
noise_scan_raw,gaussian,2,0,201,0.09994451979984045,,254,2.0,236,1.399233279741566,9.0,2.0
noise_scan_raw,gaussian,2,0,200,0.0,,254,2.0,236,1.399233279741566,9.0,2.0
noise_scan_raw,gaussian,2,0,199,0.09994781357962146,,254,2.0,236,1.399233279741566,9.0,2.0
noise_scan_raw,gaussian,2,0,198,0.0,,254,2.0,236,1.399233279741566,9.0,2.0
noise_scan_raw,gaussian,2,0,197,0.0,,254,2.0,236,1.399233279741566,9.0,2.0
noise_scan_raw,gaussian,2,0,196,0.0,,254,2.0,236,1.399233279741566,9.0,2.0
noise_scan_raw,gaussian,2,0,195,0.09994512471492148,,254,2.0,236,1.399233279741566,9.0,2.0
noise_scan_raw,gaussian,2,0,194,0.0,,254,2.0,236,1.399233279741566,9.0,2.0
noise_scan_raw,gaussian,2,0,193,0.0,,254,2.0,236,1.399233279741566,9.0,2.0
noise_scan_raw,gaussian,2,0,192,0.0,,254,2.0,236,1.399233279741566,9.0,2.0
noise_scan_raw,gaussian,2,0,191,0.0,,254,2.0,236,1.399233279741566,9.0,2.0
noise_scan_raw,gaussian,2,0,190,0.0,,254,2.0,236,1.399233279741566,9.0,2.0
noise_scan_raw,gaussian,2,0,189,0.0,,254,2.0,236,1.399233279741566,9.0,2.0
noise_scan_raw,gaussian,2,0,188,0.09994910685836854,,254,2.0,236,1.399233279741566,9.0,2.0
noise_scan_raw,gaussian,2,0,187,0.0,,254,2.0,236,1.399233279741566,9.0,2.0
noise_scan_raw,gaussian,2,0,186,0.09995562854175999,,254,2.0,236,1.399233279741566,9.0,2.0
noise_scan_raw,gaussian,2,0,185,0.0,,254,2.0,236,1.399233279741566,9.0,2.0
noise_scan_raw,gaussian,2,0,184,0.0,,254,2.0,236,1.399233279741566,9.0,2.0
noise_scan_raw,gaussian,2,0,183,0.0,,254,2.0,236,1.399233279741566,9.0,2.0
noise_scan_raw,gaussian,2,0,182,0.0,,254,2.0,236,1.399233279741566,9.0,2.0
noise_scan_raw,gaussian,2,0,181,0.0,,254,2.0,236,1.399233279741566,9.0,2.0
noise_scan_raw,gaussian,2,0,180,0.0,,254,2.0,236,1.399233279741566,9.0,2.0
noise_scan_raw,gaussian,2,0,179,0.0,,254,2.0,236,1.399233279741566,9.0,2.0
noise_scan_raw,gaussian,2,0,178,0.0,,254,2.0,236,1.399233279741566,9.0,2.0
noise_scan_raw,gaussian,2,0,177,0.0,,254,2.0,236,1.399233279741566,9.0,2.0
noise_scan_raw,gaussian,2,0,176,0.0,,254,2.0,236,1.399233279741566,9.0,2.0
noise_scan_raw,gaussian,2,0,175,0.0,,254,2.0,236,1.399233279741566,9.0,2.0
noise_scan_raw,gaussian,2,0,174,0.0,,254,2.0,236,1.399233279741566,9.0,2.0
noise_scan_raw,gaussian,2,0,173,0.0,,254,2.0,236,1.399233279741566,9.0,2.0
noise_scan_raw,gaussian,2,0,172,0.0,,254,2.0,236,1.399233279741566,9.0,2.0
noise_scan_raw,gaussian,2,0,171,0.0,,254,2.0,236,1.399233279741566,9.0,2.0
noise_scan_raw,gaussian,2,0,170,0.0,,254,2.0,236,1.399233279741566,9.0,2.0
noise_scan_raw,gaussian,2,0,169,0.0,,254,2.0,236,1.399233279741566,9.0,2.0
noise_scan_raw,gaussian,2,0,168,0.0,,254,2.0,236,1.399233279741566,9.0,2.0
noise_scan_raw,gaussian,2,0,167,0.0,,254,2.0,236,1.399233279741566,9.0,2.0
noise_scan_raw,gaussian,2,0,166,0.0,,254,2.0,236,1.399233279741566,9.0,2.0
noise_scan_raw,gaussian,2,0,165,0.0,,254,2.0,236,1.399233279741566,9.0,2.0
noise_scan_raw,gaussian,2,0,164,0.0,,254,2.0,236,1.399233279741566,9.0,2.0
noise_scan_raw,gaussian,2,0,163,0.0,,254,2.0,236,1.399233279741566,9.0,2.0
noise_scan_raw,gaussian,2,0,162,0.0,,254,2.0,236,1.399233279741566,9.0,2.0
noise_scan_raw,gaussian,2,0,161,0.0,,254,2.0,236,1.399233279741566,9.0,2.0
noise_scan_raw,gaussian,2,0,160,0.0,,254,2.0,236,1.399233279741566,9.0,2.0
noise_scan_raw,gaussian,2,0,159,0.0,,254,2.0,236,1.399233279741566,9.0,2.0
noise_scan_raw,gaussian,2,0,158,0.0,,254,2.0,236,1.399233279741566,9.0,2.0
noise_scan_raw,gaussian,2,0,157,0.0,,254,2.0,236,1.399233279741566,9.0,2.0
noise_scan_raw,gaussian,2,0,156,0.0,,254,2.0,236,1.399233279741566,9.0,2.0
noise_scan_raw,gaussian,2,0,155,0.0,,254,2.0,236,1.399233279741566,9.0,2.0
noise_scan_raw,gaussian,2,0,154,0.0,,254,2.0,236,1.399233279741566,9.0,2.0
noise_scan_raw,gaussian,2,0,153,0.0,,254,2.0,236,1.399233279741566,9.0,2.0
noise_scan_raw,gaussian,2,0,152,0.0,,254,2.0,236,1.399233279741566,9.0,2.0
noise_scan_raw,gaussian,2,0,151,0.0,,254,2.0,236,1.399233279741566,9.0,2.0
noise_scan_raw,gaussian,2,0,150,0.0,,254,2.0,236,1.399233279741566,9.0,2.0
noise_scan_raw,gaussian,2,0,149,0.0,,254,2.0,236,1.399233279741566,9.0,2.0
noise_scan_raw,gaussian,2,0,148,0.0,,254,2.0,236,1.399233279741566,9.0,2.0
noise_scan_raw,gaussian,2,0,147,0.0,,254,2.0,236,1.399233279741566,9.0,2.0
noise_scan_raw,gaussian,2,0,146,0.0,,254,2.0,236,1.399233279741566,9.0,2.0
noise_scan_raw,gaussian,2,0,145,0.0,,254,2.0,236,1.399233279741566,9.0,2.0
noise_scan_raw,gaussian,2,0,144,0.0,,254,2.0,236,1.399233279741566,9.0,2.0
noise_scan_raw,gaussian,2,0,143,0.0,,254,2.0,236,1.399233279741566,9.0,2.0
noise_scan_raw,gaussian,2,0,142,0.0,,254,2.0,236,1.399233279741566,9.0,2.0
noise_scan_raw,gaussian,2,0,141,0.0,,254,2.0,236,1.399233279741566,9.0,2.0
noise_scan_raw,gaussian,2,0,140,0.0,,254,2.0,236,1.399233279741566,9.0,2.0
noise_scan_raw,gaussian,2,0,139,0.0,,254,2.0,236,1.399233279741566,9.0,2.0
noise_scan_raw,gaussian,2,0,138,0.0,,254,2.0,236,1.399233279741566,9.0,2.0
noise_scan_raw,gaussian,2,0,137,0.0,,254,2.0,236,1.399233279741566,9.0,2.0
noise_scan_raw,gaussian,2,0,136,0.0,,254,2.0,236,1.399233279741566,9.0,2.0
noise_scan_raw,gaussian,2,0,135,0.0,,254,2.0,236,1.399233279741566,9.0,2.0
noise_scan_raw,gaussian,2,0,134,0.0,,254,2.0,236,1.399233279741566,9.0,2.0
noise_scan_raw,gaussian,2,0,133,0.0,,254,2.0,236,1.399233279741566,9.0,2.0
noise_scan_raw,gaussian,2,0,132,0.0,,254,2.0,236,1.399233279741566,9.0,2.0
noise_scan_raw,gaussian,2,0,131,0.0,,254,2.0,236,1.399233279741566,9.0,2.0
noise_scan_raw,gaussian,2,0,130,0.0,,254,2.0,236,1.399233279741566,9.0,2.0
noise_scan_raw,gaussian,2,0,129,0.0,,254,2.0,236,1.399233279741566,9.0,2.0
noise_scan_raw,gaussian,2,0,128,0.0,,254,2.0,236,1.399233279741566,9.0,2.0
noise_scan_raw,gaussian,2,0,127,0.0,,254,2.0,236,1.399233279741566,9.0,2.0
noise_scan_raw,gaussian,2,0,126,0.0,,254,2.0,236,1.399233279741566,9.0,2.0
noise_scan_raw,gaussian,2,0,125,0.0,,254,2.0,236,1.399233279741566,9.0,2.0
noise_scan_raw,gaussian,2,0,124,0.0,,254,2.0,236,1.399233279741566,9.0,2.0
noise_scan_raw,gaussian,2,0,123,0.0,,254,2.0,236,1.399233279741566,9.0,2.0
noise_scan_raw,gaussian,2,0,122,0.0,,254,2.0,236,1.399233279741566,9.0,2.0
noise_scan_raw,gaussian,2,0,121,0.0,,254,2.0,236,1.399233279741566,9.0,2.0
noise_scan_raw,gaussian,2,0,120,0.0,,254,2.0,236,1.399233279741566,9.0,2.0
noise_scan_raw,gaussian,2,0,119,0.0,,254,2.0,236,1.399233279741566,9.0,2.0
noise_scan_raw,gaussian,2,0,118,0.0,,254,2.0,236,1.399233279741566,9.0,2.0
noise_scan_raw,gaussian,2,0,117,0.0,,254,2.0,236,1.399233279741566,9.0,2.0
noise_scan_raw,gaussian,2,0,116,0.0,,254,2.0,236,1.399233279741566,9.0,2.0
noise_scan_raw,gaussian,2,0,115,0.0,,254,2.0,236,1.399233279741566,9.0,2.0
noise_scan_raw,gaussian,2,0,114,0.0,,254,2.0,236,1.399233279741566,9.0,2.0
noise_scan_raw,gaussian,2,0,113,0.0,,254,2.0,236,1.399233279741566,9.0,2.0
noise_scan_raw,gaussian,2,0,112,0.0,,254,2.0,236,1.399233279741566,9.0,2.0
noise_scan_raw,gaussian,2,0,111,0.0,,254,2.0,236,1.399233279741566,9.0,2.0
noise_scan_raw,gaussian,2,0,110,0.0,,254,2.0,236,1.399233279741566,9.0,2.0
noise_scan_raw,gaussian,2,0,109,0.0,,254,2.0,236,1.399233279741566,9.0,2.0
noise_scan_raw,gaussian,2,0,108,0.0,,254,2.0,236,1.399233279741566,9.0,2.0
noise_scan_raw,gaussian,2,0,107,0.0,,254,2.0,236,1.399233279741566,9.0,2.0
noise_scan_raw,gaussian,2,0,106,0.0,,254,2.0,236,1.399233279741566,9.0,2.0
noise_scan_raw,gaussian,2,0,105,0.0,,254,2.0,236,1.399233279741566,9.0,2.0
noise_scan_raw,gaussian,2,0,104,0.0,,254,2.0,236,1.399233279741566,9.0,2.0
noise_scan_raw,gaussian,2,0,103,0.0,,254,2.0,236,1.399233279741566,9.0,2.0
noise_scan_raw,gaussian,2,0,102,0.0,,254,2.0,236,1.399233279741566,9.0,2.0
noise_scan_raw,gaussian,2,0,101,0.0,,254,2.0,236,1.399233279741566,9.0,2.0
noise_scan_raw,gaussian,2,0,100,0.0,,254,2.0,236,1.399233279741566,9.0,2.0
noise_scan_raw,gaussian,2,0,99,0.0,,254,2.0,236,1.399233279741566,9.0,2.0
noise_scan_raw,gaussian,2,0,98,0.0,,254,2.0,236,1.399233279741566,9.0,2.0
noise_scan_raw,gaussian,2,0,97,0.0,,254,2.0,236,1.399233279741566,9.0,2.0
noise_scan_raw,gaussian,2,0,96,0.0,,254,2.0,236,1.399233279741566,9.0,2.0
noise_scan_raw,gaussian,2,0,95,0.0,,254,2.0,236,1.399233279741566,9.0,2.0
noise_scan_raw,gaussian,2,0,94,0.0,,254,2.0,236,1.399233279741566,9.0,2.0
noise_scan_raw,gaussian,2,0,93,0.0,,254,2.0,236,1.399233279741566,9.0,2.0
noise_scan_raw,gaussian,2,0,92,0.0,,254,2.0,236,1.399233279741566,9.0,2.0
noise_scan_raw,gaussian,2,0,91,0.0,,254,2.0,236,1.399233279741566,9.0,2.0
noise_scan_raw,gaussian,2,0,90,0.0,,254,2.0,236,1.399233279741566,9.0,2.0
noise_scan_raw,gaussian,2,0,89,0.0,,254,2.0,236,1.399233279741566,9.0,2.0
noise_scan_raw,gaussian,2,0,88,0.0,,254,2.0,236,1.399233279741566,9.0,2.0
noise_scan_raw,gaussian,2,0,87,0.0,,254,2.0,236,1.399233279741566,9.0,2.0
noise_scan_raw,gaussian,2,0,86,0.0,,254,2.0,236,1.399233279741566,9.0,2.0
noise_scan_raw,gaussian,2,0,85,0.0,,254,2.0,236,1.399233279741566,9.0,2.0
noise_scan_raw,gaussian,2,0,84,0.0,,254,2.0,236,1.399233279741566,9.0,2.0
noise_scan_raw,gaussian,2,0,83,0.0,,254,2.0,236,1.399233279741566,9.0,2.0
noise_scan_raw,gaussian,2,0,82,0.0,,254,2.0,236,1.399233279741566,9.0,2.0
noise_scan_raw,gaussian,2,0,81,0.0,,254,2.0,236,1.399233279741566,9.0,2.0
noise_scan_raw,gaussian,2,0,80,0.0,,254,2.0,236,1.399233279741566,9.0,2.0
noise_scan_raw,gaussian,2,0,79,0.0,,254,2.0,236,1.399233279741566,9.0,2.0
noise_scan_raw,gaussian,2,0,78,0.0,,254,2.0,236,1.399233279741566,9.0,2.0
noise_scan_raw,gaussian,2,0,77,0.0,,254,2.0,236,1.399233279741566,9.0,2.0
noise_scan_raw,gaussian,2,0,76,0.0,,254,2.0,236,1.399233279741566,9.0,2.0
noise_scan_raw,gaussian,2,0,75,0.0,,254,2.0,236,1.399233279741566,9.0,2.0
noise_scan_raw,gaussian,2,0,74,0.0,,254,2.0,236,1.399233279741566,9.0,2.0
noise_scan_raw,gaussian,2,0,73,0.0,,254,2.0,236,1.399233279741566,9.0,2.0
noise_scan_raw,gaussian,2,0,72,0.0,,254,2.0,236,1.399233279741566,9.0,2.0
noise_scan_raw,gaussian,2,0,71,0.0,,254,2.0,236,1.399233279741566,9.0,2.0
noise_scan_raw,gaussian,2,0,70,0.0,,254,2.0,236,1.399233279741566,9.0,2.0
noise_scan_raw,gaussian,2,0,69,0.0,,254,2.0,236,1.399233279741566,9.0,2.0
noise_scan_raw,gaussian,2,0,68,0.0,,254,2.0,236,1.399233279741566,9.0,2.0
noise_scan_raw,gaussian,2,0,67,0.0,,254,2.0,236,1.399233279741566,9.0,2.0
noise_scan_raw,gaussian,2,0,66,0.0,,254,2.0,236,1.399233279741566,9.0,2.0
noise_scan_raw,gaussian,2,0,65,0.0,,254,2.0,236,1.399233279741566,9.0,2.0
noise_scan_raw,gaussian,2,0,64,0.0,,254,2.0,236,1.399233279741566,9.0,2.0
noise_scan_raw,gaussian,2,0,63,0.0,,254,2.0,236,1.399233279741566,9.0,2.0
noise_scan_raw,gaussian,2,0,62,0.0,,254,2.0,236,1.399233279741566,9.0,2.0
noise_scan_raw,gaussian,2,0,61,0.0,,254,2.0,236,1.399233279741566,9.0,2.0
noise_scan_raw,gaussian,2,0,60,0.0,,254,2.0,236,1.399233279741566,9.0,2.0
noise_scan_raw,gaussian,2,0,59,0.0,,254,2.0,236,1.399233279741566,9.0,2.0
noise_scan_raw,gaussian,2,0,58,0.0,,254,2.0,236,1.399233279741566,9.0,2.0
noise_scan_raw,gaussian,2,0,57,0.0,,254,2.0,236,1.399233279741566,9.0,2.0
noise_scan_raw,gaussian,2,0,56,0.0,,254,2.0,236,1.399233279741566,9.0,2.0
noise_scan_raw,gaussian,2,0,55,0.0,,254,2.0,236,1.399233279741566,9.0,2.0
noise_scan_raw,gaussian,2,0,54,0.0,,254,2.0,236,1.399233279741566,9.0,2.0
noise_scan_raw,gaussian,2,0,53,0.0,,254,2.0,236,1.399233279741566,9.0,2.0
noise_scan_raw,gaussian,2,0,52,0.0,,254,2.0,236,1.399233279741566,9.0,2.0
noise_scan_raw,gaussian,2,0,51,0.0,,254,2.0,236,1.399233279741566,9.0,2.0
noise_scan_raw,gaussian,2,0,50,0.0,,254,2.0,236,1.399233279741566,9.0,2.0
noise_scan_raw,gaussian,2,0,49,0.0,,254,2.0,236,1.399233279741566,9.0,2.0
noise_scan_raw,gaussian,2,0,48,0.0,,254,2.0,236,1.399233279741566,9.0,2.0
noise_scan_raw,gaussian,2,0,47,0.0,,254,2.0,236,1.399233279741566,9.0,2.0
noise_scan_raw,gaussian,2,0,46,0.0,,254,2.0,236,1.399233279741566,9.0,2.0
noise_scan_raw,gaussian,2,0,45,0.0,,254,2.0,236,1.399233279741566,9.0,2.0
noise_scan_raw,gaussian,2,0,44,0.0,,254,2.0,236,1.399233279741566,9.0,2.0
noise_scan_raw,gaussian,2,0,43,0.0,,254,2.0,236,1.399233279741566,9.0,2.0
noise_scan_raw,gaussian,2,0,42,0.0,,254,2.0,236,1.399233279741566,9.0,2.0
noise_scan_raw,gaussian,2,0,41,0.0,,254,2.0,236,1.399233279741566,9.0,2.0
noise_scan_raw,gaussian,2,0,40,0.0,,254,2.0,236,1.399233279741566,9.0,2.0
noise_scan_raw,gaussian,2,0,39,0.0,,254,2.0,236,1.399233279741566,9.0,2.0
noise_scan_raw,gaussian,2,0,38,0.0,,254,2.0,236,1.399233279741566,9.0,2.0
noise_scan_raw,gaussian,2,0,37,0.0,,254,2.0,236,1.399233279741566,9.0,2.0
noise_scan_raw,gaussian,2,0,36,0.0,,254,2.0,236,1.399233279741566,9.0,2.0
noise_scan_raw,gaussian,2,0,35,0.0,,254,2.0,236,1.399233279741566,9.0,2.0
noise_scan_raw,gaussian,2,0,34,0.0,,254,2.0,236,1.399233279741566,9.0,2.0
noise_scan_raw,gaussian,2,0,33,0.0,,254,2.0,236,1.399233279741566,9.0,2.0
noise_scan_raw,gaussian,2,0,32,0.0,,254,2.0,236,1.399233279741566,9.0,2.0
noise_scan_raw,gaussian,2,0,31,0.0,,254,2.0,236,1.399233279741566,9.0,2.0
noise_scan_raw,gaussian,2,0,30,0.0,,254,2.0,236,1.399233279741566,9.0,2.0
noise_scan_raw,gaussian,2,0,29,0.0,,254,2.0,236,1.399233279741566,9.0,2.0
noise_scan_raw,gaussian,2,0,28,0.0,,254,2.0,236,1.399233279741566,9.0,2.0
noise_scan_raw,gaussian,2,0,27,0.0,,254,2.0,236,1.399233279741566,9.0,2.0
noise_scan_raw,gaussian,2,0,26,0.0,,254,2.0,236,1.399233279741566,9.0,2.0
noise_scan_raw,gaussian,2,0,25,0.0,,254,2.0,236,1.399233279741566,9.0,2.0
noise_scan_raw,gaussian,2,0,24,0.0,,254,2.0,236,1.399233279741566,9.0,2.0
noise_scan_raw,gaussian,2,0,23,0.0,,254,2.0,236,1.399233279741566,9.0,2.0
noise_scan_raw,gaussian,2,0,22,0.0,,254,2.0,236,1.399233279741566,9.0,2.0
noise_scan_raw,gaussian,2,0,21,0.0,,254,2.0,236,1.399233279741566,9.0,2.0
noise_scan_raw,gaussian,2,0,20,0.0,,254,2.0,236,1.399233279741566,9.0,2.0
noise_scan_raw,gaussian,2,0,19,0.0,,254,2.0,236,1.399233279741566,9.0,2.0
noise_scan_raw,gaussian,2,0,18,0.0,,254,2.0,236,1.399233279741566,9.0,2.0
noise_scan_raw,gaussian,2,0,17,0.0,,254,2.0,236,1.399233279741566,9.0,2.0
noise_scan_raw,gaussian,2,0,16,0.0,,254,2.0,236,1.399233279741566,9.0,2.0
noise_scan_raw,gaussian,2,0,15,0.0,,254,2.0,236,1.399233279741566,9.0,2.0
noise_scan_raw,gaussian,2,0,14,0.0,,254,2.0,236,1.399233279741566,9.0,2.0
noise_scan_raw,gaussian,2,0,13,0.0,,254,2.0,236,1.399233279741566,9.0,2.0
noise_scan_raw,gaussian,2,0,12,0.0,,254,2.0,236,1.399233279741566,9.0,2.0
noise_scan_raw,gaussian,2,0,11,0.0,,254,2.0,236,1.399233279741566,9.0,2.0
noise_scan_raw,gaussian,2,0,10,0.0,,254,2.0,236,1.399233279741566,9.0,2.0
noise_scan_raw,gaussian,2,0,9,0.0,,254,2.0,236,1.399233279741566,9.0,2.0
noise_scan_raw,gaussian,2,0,8,0.0,,254,2.0,236,1.399233279741566,9.0,2.0
noise_scan_raw,gaussian,2,0,7,0.0,,254,2.0,236,1.399233279741566,9.0,2.0
noise_scan_raw,gaussian,2,0,6,0.0,,254,2.0,236,1.399233279741566,9.0,2.0
noise_scan_raw,gaussian,2,0,5,0.0,,254,2.0,236,1.399233279741566,9.0,2.0
noise_scan_raw,gaussian,2,0,4,0.0,,254,2.0,236,1.399233279741566,9.0,2.0
noise_scan_raw,gaussian,2,0,3,0.0,,254,2.0,236,1.399233279741566,9.0,2.0
noise_scan_raw,gaussian,2,0,2,0.0,,254,2.0,236,1.399233279741566,9.0,2.0
noise_scan_raw,gaussian,2,0,1,0.0,,254,2.0,236,1.399233279741566,9.0,2.0
noise_scan_raw,gaussian,2,0,0,0.0,,254,2.0,236,1.399233279741566,9.0,2.0
noise_scan_raw,gaussian,2,1,255,76251.63546395754,,247,2.0,231,1.9989492217912184,5.333333333333333,3.0
noise_scan_raw,gaussian,2,1,254,75243.21413894492,,247,2.0,231,1.9989492217912184,5.333333333333333,3.0
noise_scan_raw,gaussian,2,1,253,76571.42933787161,,247,2.0,231,1.9989492217912184,5.333333333333333,3.0
noise_scan_raw,gaussian,2,1,252,84394.89840620718,,247,2.0,231,1.9989492217912184,5.333333333333333,3.0
noise_scan_raw,gaussian,2,1,251,99262.60127539883,,247,2.0,231,1.9989492217912184,5.333333333333333,3.0
noise_scan_raw,gaussian,2,1,250,121495.72464747576,,247,2.0,231,1.9989492217912184,5.333333333333333,3.0
noise_scan_raw,gaussian,2,1,249,142811.9172386737,,247,2.0,231,1.9989492217912184,5.333333333333333,3.0
noise_scan_raw,gaussian,2,1,248,162239.38982910622,,247,2.0,231,1.9989492217912184,5.333333333333333,3.0
noise_scan_raw,gaussian,2,1,247,165718.40350223647,,247,2.0,231,1.9989492217912184,5.333333333333333,3.0
noise_scan_raw,gaussian,2,1,246,144130.24231600526,,247,2.0,231,1.9989492217912184,5.333333333333333,3.0
noise_scan_raw,gaussian,2,1,245,107001.4667757625,,247,2.0,231,1.9989492217912184,5.333333333333333,3.0
noise_scan_raw,gaussian,2,1,244,69761.74582739436,,247,2.0,231,1.9989492217912184,5.333333333333333,3.0
noise_scan_raw,gaussian,2,1,243,36510.76666946099,,247,2.0,231,1.9989492217912184,5.333333333333333,3.0
noise_scan_raw,gaussian,2,1,242,18023.266372852017,,247,2.0,231,1.9989492217912184,5.333333333333333,3.0
noise_scan_raw,gaussian,2,1,241,8690.889978501766,,247,2.0,231,1.9989492217912184,5.333333333333333,3.0
noise_scan_raw,gaussian,2,1,240,4016.699519256316,,247,2.0,231,1.9989492217912184,5.333333333333333,3.0
noise_scan_raw,gaussian,2,1,239,4959.999913833011,,247,2.0,231,1.9989492217912184,5.333333333333333,3.0
noise_scan_raw,gaussian,2,1,238,2118.8102607978362,,247,2.0,231,1.9989492217912184,5.333333333333333,3.0
noise_scan_raw,gaussian,2,1,237,921.3031166600712,,247,2.0,231,1.9989492217912184,5.333333333333333,3.0
noise_scan_raw,gaussian,2,1,236,342.3130880750872,,247,2.0,231,1.9989492217912184,5.333333333333333,3.0
noise_scan_raw,gaussian,2,1,235,101.44435234883208,,247,2.0,231,1.9989492217912184,5.333333333333333,3.0
noise_scan_raw,gaussian,2,1,234,35.68154970526677,,247,2.0,231,1.9989492217912184,5.333333333333333,3.0
noise_scan_raw,gaussian,2,1,233,11.693408228298429,,247,2.0,231,1.9989492217912184,5.333333333333333,3.0
noise_scan_raw,gaussian,2,1,232,4.097844635236312,,247,2.0,231,1.9989492217912184,5.333333333333333,3.0
noise_scan_raw,gaussian,2,1,231,1.9989492217912184,,247,2.0,231,1.9989492217912184,5.333333333333333,3.0
noise_scan_raw,gaussian,2,1,230,0.7996377678492276,,247,2.0,231,1.9989492217912184,5.333333333333333,3.0
noise_scan_raw,gaussian,2,1,229,0.2998334379409784,,247,2.0,231,1.9989492217912184,5.333333333333333,3.0
noise_scan_raw,gaussian,2,1,228,0.4997064169519775,,247,2.0,231,1.9989492217912184,5.333333333333333,3.0
noise_scan_raw,gaussian,2,1,227,0.6996221746950384,,247,2.0,231,1.9989492217912184,5.333333333333333,3.0
noise_scan_raw,gaussian,2,1,226,0.3997789460821739,,247,2.0,231,1.9989492217912184,5.333333333333333,3.0
noise_scan_raw,gaussian,2,1,225,0.2998473563015044,,247,2.0,231,1.9989492217912184,5.333333333333333,3.0
noise_scan_raw,gaussian,2,1,224,0.49977798787426775,,247,2.0,231,1.9989492217912184,5.333333333333333,3.0
noise_scan_raw,gaussian,2,1,223,0.49974405760523277,,247,2.0,231,1.9989492217912184,5.333333333333333,3.0
noise_scan_raw,gaussian,2,1,222,0.19988859663403233,,247,2.0,231,1.9989492217912184,5.333333333333333,3.0
noise_scan_raw,gaussian,2,1,221,0.2998334379409784,,247,2.0,231,1.9989492217912184,5.333333333333333,3.0
noise_scan_raw,gaussian,2,1,220,0.29986424869646433,,247,2.0,231,1.9989492217912184,5.333333333333333,3.0
noise_scan_raw,gaussian,2,1,219,0.29986172614942896,,247,2.0,231,1.9989492217912184,5.333333333333333,3.0
noise_scan_raw,gaussian,2,1,218,0.39977778388849317,,247,2.0,231,1.9989492217912184,5.333333333333333,3.0
noise_scan_raw,gaussian,2,1,217,0.39976948678403207,,247,2.0,231,1.9989492217912184,5.333333333333333,3.0
noise_scan_raw,gaussian,2,1,216,0.29983046580965184,,247,2.0,231,1.9989492217912184,5.333333333333333,3.0
noise_scan_raw,gaussian,2,1,215,0.09994892584496415,,247,2.0,231,1.9989492217912184,5.333333333333333,3.0
noise_scan_raw,gaussian,2,1,214,0.09994548195167607,,247,2.0,231,1.9989492217912184,5.333333333333333,3.0
noise_scan_raw,gaussian,2,1,213,0.19989152119623496,,247,2.0,231,1.9989492217912184,5.333333333333333,3.0
noise_scan_raw,gaussian,2,1,212,0.19989439344729426,,247,2.0,231,1.9989492217912184,5.333333333333333,3.0
noise_scan_raw,gaussian,2,1,211,0.19989117824640087,,247,2.0,231,1.9989492217912184,5.333333333333333,3.0
noise_scan_raw,gaussian,2,1,210,0.2998421617724949,,247,2.0,231,1.9989492217912184,5.333333333333333,3.0
noise_scan_raw,gaussian,2,1,209,0.29983884651382064,,247,2.0,231,1.9989492217912184,5.333333333333333,3.0
noise_scan_raw,gaussian,2,1,208,0.09995419693791517,,247,2.0,231,1.9989492217912184,5.333333333333333,3.0
noise_scan_raw,gaussian,2,1,207,0.09994472461278814,,247,2.0,231,1.9989492217912184,5.333333333333333,3.0
noise_scan_raw,gaussian,2,1,206,0.09995540462763794,,247,2.0,231,1.9989492217912184,5.333333333333333,3.0
noise_scan_raw,gaussian,2,1,205,0.1998962749831978,,247,2.0,231,1.9989492217912184,5.333333333333333,3.0
noise_scan_raw,gaussian,2,1,204,0.1998910496405165,,247,2.0,231,1.9989492217912184,5.333333333333333,3.0
noise_scan_raw,gaussian,2,1,203,0.09995342993908239,,247,2.0,231,1.9989492217912184,5.333333333333333,3.0
noise_scan_raw,gaussian,2,1,202,0.0999456581894157,,247,2.0,231,1.9989492217912184,5.333333333333333,3.0
noise_scan_raw,gaussian,2,1,201,0.0,,247,2.0,231,1.9989492217912184,5.333333333333333,3.0
noise_scan_raw,gaussian,2,1,200,0.2998361100516547,,247,2.0,231,1.9989492217912184,5.333333333333333,3.0
noise_scan_raw,gaussian,2,1,199,0.09995331084094058,,247,2.0,231,1.9989492217912184,5.333333333333333,3.0
noise_scan_raw,gaussian,2,1,198,0.09994473890209488,,247,2.0,231,1.9989492217912184,5.333333333333333,3.0
noise_scan_raw,gaussian,2,1,197,0.09994724673871275,,247,2.0,231,1.9989492217912184,5.333333333333333,3.0
noise_scan_raw,gaussian,2,1,196,0.09994677755173163,,247,2.0,231,1.9989492217912184,5.333333333333333,3.0
noise_scan_raw,gaussian,2,1,195,0.0,,247,2.0,231,1.9989492217912184,5.333333333333333,3.0
noise_scan_raw,gaussian,2,1,194,0.0,,247,2.0,231,1.9989492217912184,5.333333333333333,3.0
noise_scan_raw,gaussian,2,1,193,0.0,,247,2.0,231,1.9989492217912184,5.333333333333333,3.0
noise_scan_raw,gaussian,2,1,192,0.0,,247,2.0,231,1.9989492217912184,5.333333333333333,3.0
noise_scan_raw,gaussian,2,1,191,0.0,,247,2.0,231,1.9989492217912184,5.333333333333333,3.0
noise_scan_raw,gaussian,2,1,190,0.0,,247,2.0,231,1.9989492217912184,5.333333333333333,3.0
noise_scan_raw,gaussian,2,1,189,0.09994500801813501,,247,2.0,231,1.9989492217912184,5.333333333333333,3.0
noise_scan_raw,gaussian,2,1,188,0.0,,247,2.0,231,1.9989492217912184,5.333333333333333,3.0
noise_scan_raw,gaussian,2,1,187,0.0,,247,2.0,231,1.9989492217912184,5.333333333333333,3.0
noise_scan_raw,gaussian,2,1,186,0.0999573436619233,,247,2.0,231,1.9989492217912184,5.333333333333333,3.0
noise_scan_raw,gaussian,2,1,185,0.0999521556036936,,247,2.0,231,1.9989492217912184,5.333333333333333,3.0
noise_scan_raw,gaussian,2,1,184,0.0,,247,2.0,231,1.9989492217912184,5.333333333333333,3.0
noise_scan_raw,gaussian,2,1,183,0.0,,247,2.0,231,1.9989492217912184,5.333333333333333,3.0
noise_scan_raw,gaussian,2,1,182,0.0,,247,2.0,231,1.9989492217912184,5.333333333333333,3.0
noise_scan_raw,gaussian,2,1,181,0.0,,247,2.0,231,1.9989492217912184,5.333333333333333,3.0
noise_scan_raw,gaussian,2,1,180,0.0,,247,2.0,231,1.9989492217912184,5.333333333333333,3.0
noise_scan_raw,gaussian,2,1,179,0.0,,247,2.0,231,1.9989492217912184,5.333333333333333,3.0
noise_scan_raw,gaussian,2,1,178,0.0,,247,2.0,231,1.9989492217912184,5.333333333333333,3.0
noise_scan_raw,gaussian,2,1,177,0.0,,247,2.0,231,1.9989492217912184,5.333333333333333,3.0
noise_scan_raw,gaussian,2,1,176,0.0,,247,2.0,231,1.9989492217912184,5.333333333333333,3.0
noise_scan_raw,gaussian,2,1,175,0.0,,247,2.0,231,1.9989492217912184,5.333333333333333,3.0
noise_scan_raw,gaussian,2,1,174,0.0,,247,2.0,231,1.9989492217912184,5.333333333333333,3.0
noise_scan_raw,gaussian,2,1,173,0.0,,247,2.0,231,1.9989492217912184,5.333333333333333,3.0
noise_scan_raw,gaussian,2,1,172,0.0,,247,2.0,231,1.9989492217912184,5.333333333333333,3.0
noise_scan_raw,gaussian,2,1,171,0.0,,247,2.0,231,1.9989492217912184,5.333333333333333,3.0
noise_scan_raw,gaussian,2,1,170,0.0,,247,2.0,231,1.9989492217912184,5.333333333333333,3.0
noise_scan_raw,gaussian,2,1,169,0.0,,247,2.0,231,1.9989492217912184,5.333333333333333,3.0
noise_scan_raw,gaussian,2,1,168,0.0,,247,2.0,231,1.9989492217912184,5.333333333333333,3.0
noise_scan_raw,gaussian,2,1,167,0.0,,247,2.0,231,1.9989492217912184,5.333333333333333,3.0
noise_scan_raw,gaussian,2,1,166,0.0,,247,2.0,231,1.9989492217912184,5.333333333333333,3.0
noise_scan_raw,gaussian,2,1,165,0.0,,247,2.0,231,1.9989492217912184,5.333333333333333,3.0
noise_scan_raw,gaussian,2,1,164,0.0,,247,2.0,231,1.9989492217912184,5.333333333333333,3.0
noise_scan_raw,gaussian,2,1,163,0.0,,247,2.0,231,1.9989492217912184,5.333333333333333,3.0
noise_scan_raw,gaussian,2,1,162,0.0,,247,2.0,231,1.9989492217912184,5.333333333333333,3.0
noise_scan_raw,gaussian,2,1,161,0.0,,247,2.0,231,1.9989492217912184,5.333333333333333,3.0
noise_scan_raw,gaussian,2,1,160,0.0,,247,2.0,231,1.9989492217912184,5.333333333333333,3.0
noise_scan_raw,gaussian,2,1,159,0.0,,247,2.0,231,1.9989492217912184,5.333333333333333,3.0
noise_scan_raw,gaussian,2,1,158,0.0,,247,2.0,231,1.9989492217912184,5.333333333333333,3.0
noise_scan_raw,gaussian,2,1,157,0.0,,247,2.0,231,1.9989492217912184,5.333333333333333,3.0
noise_scan_raw,gaussian,2,1,156,0.0,,247,2.0,231,1.9989492217912184,5.333333333333333,3.0
noise_scan_raw,gaussian,2,1,155,0.0,,247,2.0,231,1.9989492217912184,5.333333333333333,3.0
noise_scan_raw,gaussian,2,1,154,0.0,,247,2.0,231,1.9989492217912184,5.333333333333333,3.0
noise_scan_raw,gaussian,2,1,153,0.0,,247,2.0,231,1.9989492217912184,5.333333333333333,3.0
noise_scan_raw,gaussian,2,1,152,0.0,,247,2.0,231,1.9989492217912184,5.333333333333333,3.0
noise_scan_raw,gaussian,2,1,151,0.0,,247,2.0,231,1.9989492217912184,5.333333333333333,3.0
noise_scan_raw,gaussian,2,1,150,0.0,,247,2.0,231,1.9989492217912184,5.333333333333333,3.0
noise_scan_raw,gaussian,2,1,149,0.0,,247,2.0,231,1.9989492217912184,5.333333333333333,3.0
noise_scan_raw,gaussian,2,1,148,0.0,,247,2.0,231,1.9989492217912184,5.333333333333333,3.0
noise_scan_raw,gaussian,2,1,147,0.0,,247,2.0,231,1.9989492217912184,5.333333333333333,3.0
noise_scan_raw,gaussian,2,1,146,0.0,,247,2.0,231,1.9989492217912184,5.333333333333333,3.0
noise_scan_raw,gaussian,2,1,145,0.0,,247,2.0,231,1.9989492217912184,5.333333333333333,3.0
noise_scan_raw,gaussian,2,1,144,0.0,,247,2.0,231,1.9989492217912184,5.333333333333333,3.0
noise_scan_raw,gaussian,2,1,143,0.0,,247,2.0,231,1.9989492217912184,5.333333333333333,3.0
noise_scan_raw,gaussian,2,1,142,0.0,,247,2.0,231,1.9989492217912184,5.333333333333333,3.0
noise_scan_raw,gaussian,2,1,141,0.0,,247,2.0,231,1.9989492217912184,5.333333333333333,3.0
noise_scan_raw,gaussian,2,1,140,0.0,,247,2.0,231,1.9989492217912184,5.333333333333333,3.0
noise_scan_raw,gaussian,2,1,139,0.0,,247,2.0,231,1.9989492217912184,5.333333333333333,3.0
noise_scan_raw,gaussian,2,1,138,0.0,,247,2.0,231,1.9989492217912184,5.333333333333333,3.0
noise_scan_raw,gaussian,2,1,137,0.0,,247,2.0,231,1.9989492217912184,5.333333333333333,3.0
noise_scan_raw,gaussian,2,1,136,0.0,,247,2.0,231,1.9989492217912184,5.333333333333333,3.0
noise_scan_raw,gaussian,2,1,135,0.0,,247,2.0,231,1.9989492217912184,5.333333333333333,3.0
noise_scan_raw,gaussian,2,1,134,0.0,,247,2.0,231,1.9989492217912184,5.333333333333333,3.0
noise_scan_raw,gaussian,2,1,133,0.0,,247,2.0,231,1.9989492217912184,5.333333333333333,3.0
noise_scan_raw,gaussian,2,1,132,0.0,,247,2.0,231,1.9989492217912184,5.333333333333333,3.0
noise_scan_raw,gaussian,2,1,131,0.0,,247,2.0,231,1.9989492217912184,5.333333333333333,3.0
noise_scan_raw,gaussian,2,1,130,0.0,,247,2.0,231,1.9989492217912184,5.333333333333333,3.0
noise_scan_raw,gaussian,2,1,129,0.0,,247,2.0,231,1.9989492217912184,5.333333333333333,3.0
noise_scan_raw,gaussian,2,1,128,0.0,,247,2.0,231,1.9989492217912184,5.333333333333333,3.0
noise_scan_raw,gaussian,2,1,127,0.0,,247,2.0,231,1.9989492217912184,5.333333333333333,3.0
noise_scan_raw,gaussian,2,1,126,0.0,,247,2.0,231,1.9989492217912184,5.333333333333333,3.0
noise_scan_raw,gaussian,2,1,125,0.0,,247,2.0,231,1.9989492217912184,5.333333333333333,3.0
noise_scan_raw,gaussian,2,1,124,0.0,,247,2.0,231,1.9989492217912184,5.333333333333333,3.0
noise_scan_raw,gaussian,2,1,123,0.0,,247,2.0,231,1.9989492217912184,5.333333333333333,3.0
noise_scan_raw,gaussian,2,1,122,0.0,,247,2.0,231,1.9989492217912184,5.333333333333333,3.0
noise_scan_raw,gaussian,2,1,121,0.0,,247,2.0,231,1.9989492217912184,5.333333333333333,3.0
noise_scan_raw,gaussian,2,1,120,0.0,,247,2.0,231,1.9989492217912184,5.333333333333333,3.0
noise_scan_raw,gaussian,2,1,119,0.0,,247,2.0,231,1.9989492217912184,5.333333333333333,3.0
noise_scan_raw,gaussian,2,1,118,0.0,,247,2.0,231,1.9989492217912184,5.333333333333333,3.0
noise_scan_raw,gaussian,2,1,117,0.0,,247,2.0,231,1.9989492217912184,5.333333333333333,3.0
noise_scan_raw,gaussian,2,1,116,0.0,,247,2.0,231,1.9989492217912184,5.333333333333333,3.0
noise_scan_raw,gaussian,2,1,115,0.0,,247,2.0,231,1.9989492217912184,5.333333333333333,3.0
noise_scan_raw,gaussian,2,1,114,0.0,,247,2.0,231,1.9989492217912184,5.333333333333333,3.0
noise_scan_raw,gaussian,2,1,113,0.0,,247,2.0,231,1.9989492217912184,5.333333333333333,3.0
noise_scan_raw,gaussian,2,1,112,0.0,,247,2.0,231,1.9989492217912184,5.333333333333333,3.0
noise_scan_raw,gaussian,2,1,111,0.0,,247,2.0,231,1.9989492217912184,5.333333333333333,3.0
noise_scan_raw,gaussian,2,1,110,0.0,,247,2.0,231,1.9989492217912184,5.333333333333333,3.0
noise_scan_raw,gaussian,2,1,109,0.0,,247,2.0,231,1.9989492217912184,5.333333333333333,3.0
noise_scan_raw,gaussian,2,1,108,0.0,,247,2.0,231,1.9989492217912184,5.333333333333333,3.0
noise_scan_raw,gaussian,2,1,107,0.0,,247,2.0,231,1.9989492217912184,5.333333333333333,3.0
noise_scan_raw,gaussian,2,1,106,0.0,,247,2.0,231,1.9989492217912184,5.333333333333333,3.0
noise_scan_raw,gaussian,2,1,105,0.0,,247,2.0,231,1.9989492217912184,5.333333333333333,3.0
noise_scan_raw,gaussian,2,1,104,0.0,,247,2.0,231,1.9989492217912184,5.333333333333333,3.0
noise_scan_raw,gaussian,2,1,103,0.0,,247,2.0,231,1.9989492217912184,5.333333333333333,3.0
noise_scan_raw,gaussian,2,1,102,0.0,,247,2.0,231,1.9989492217912184,5.333333333333333,3.0
noise_scan_raw,gaussian,2,1,101,0.0,,247,2.0,231,1.9989492217912184,5.333333333333333,3.0
noise_scan_raw,gaussian,2,1,100,0.0,,247,2.0,231,1.9989492217912184,5.333333333333333,3.0
noise_scan_raw,gaussian,2,1,99,0.0,,247,2.0,231,1.9989492217912184,5.333333333333333,3.0
noise_scan_raw,gaussian,2,1,98,0.0,,247,2.0,231,1.9989492217912184,5.333333333333333,3.0
noise_scan_raw,gaussian,2,1,97,0.0,,247,2.0,231,1.9989492217912184,5.333333333333333,3.0
noise_scan_raw,gaussian,2,1,96,0.0,,247,2.0,231,1.9989492217912184,5.333333333333333,3.0
noise_scan_raw,gaussian,2,1,95,0.0,,247,2.0,231,1.9989492217912184,5.333333333333333,3.0
noise_scan_raw,gaussian,2,1,94,0.0,,247,2.0,231,1.9989492217912184,5.333333333333333,3.0
noise_scan_raw,gaussian,2,1,93,0.0,,247,2.0,231,1.9989492217912184,5.333333333333333,3.0
noise_scan_raw,gaussian,2,1,92,0.0,,247,2.0,231,1.9989492217912184,5.333333333333333,3.0
noise_scan_raw,gaussian,2,1,91,0.0,,247,2.0,231,1.9989492217912184,5.333333333333333,3.0
noise_scan_raw,gaussian,2,1,90,0.0,,247,2.0,231,1.9989492217912184,5.333333333333333,3.0
noise_scan_raw,gaussian,2,1,89,0.0,,247,2.0,231,1.9989492217912184,5.333333333333333,3.0
noise_scan_raw,gaussian,2,1,88,0.0,,247,2.0,231,1.9989492217912184,5.333333333333333,3.0
noise_scan_raw,gaussian,2,1,87,0.0,,247,2.0,231,1.9989492217912184,5.333333333333333,3.0
noise_scan_raw,gaussian,2,1,86,0.0,,247,2.0,231,1.9989492217912184,5.333333333333333,3.0
noise_scan_raw,gaussian,2,1,85,0.0,,247,2.0,231,1.9989492217912184,5.333333333333333,3.0
noise_scan_raw,gaussian,2,1,84,0.0,,247,2.0,231,1.9989492217912184,5.333333333333333,3.0
noise_scan_raw,gaussian,2,1,83,0.0,,247,2.0,231,1.9989492217912184,5.333333333333333,3.0
noise_scan_raw,gaussian,2,1,82,0.0,,247,2.0,231,1.9989492217912184,5.333333333333333,3.0
noise_scan_raw,gaussian,2,1,81,0.0,,247,2.0,231,1.9989492217912184,5.333333333333333,3.0
noise_scan_raw,gaussian,2,1,80,0.0,,247,2.0,231,1.9989492217912184,5.333333333333333,3.0
noise_scan_raw,gaussian,2,1,79,0.0,,247,2.0,231,1.9989492217912184,5.333333333333333,3.0
noise_scan_raw,gaussian,2,1,78,0.0,,247,2.0,231,1.9989492217912184,5.333333333333333,3.0
noise_scan_raw,gaussian,2,1,77,0.0,,247,2.0,231,1.9989492217912184,5.333333333333333,3.0
noise_scan_raw,gaussian,2,1,76,0.0,,247,2.0,231,1.9989492217912184,5.333333333333333,3.0
noise_scan_raw,gaussian,2,1,75,0.0,,247,2.0,231,1.9989492217912184,5.333333333333333,3.0
noise_scan_raw,gaussian,2,1,74,0.0,,247,2.0,231,1.9989492217912184,5.333333333333333,3.0
noise_scan_raw,gaussian,2,1,73,0.0,,247,2.0,231,1.9989492217912184,5.333333333333333,3.0
noise_scan_raw,gaussian,2,1,72,0.0,,247,2.0,231,1.9989492217912184,5.333333333333333,3.0
noise_scan_raw,gaussian,2,1,71,0.0,,247,2.0,231,1.9989492217912184,5.333333333333333,3.0
noise_scan_raw,gaussian,2,1,70,0.0,,247,2.0,231,1.9989492217912184,5.333333333333333,3.0
noise_scan_raw,gaussian,2,1,69,0.0,,247,2.0,231,1.9989492217912184,5.333333333333333,3.0
noise_scan_raw,gaussian,2,1,68,0.0,,247,2.0,231,1.9989492217912184,5.333333333333333,3.0
noise_scan_raw,gaussian,2,1,67,0.0,,247,2.0,231,1.9989492217912184,5.333333333333333,3.0
noise_scan_raw,gaussian,2,1,66,0.0,,247,2.0,231,1.9989492217912184,5.333333333333333,3.0
noise_scan_raw,gaussian,2,1,65,0.0,,247,2.0,231,1.9989492217912184,5.333333333333333,3.0
noise_scan_raw,gaussian,2,1,64,0.0,,247,2.0,231,1.9989492217912184,5.333333333333333,3.0
noise_scan_raw,gaussian,2,1,63,0.0,,247,2.0,231,1.9989492217912184,5.333333333333333,3.0
noise_scan_raw,gaussian,2,1,62,0.0,,247,2.0,231,1.9989492217912184,5.333333333333333,3.0
noise_scan_raw,gaussian,2,1,61,0.0,,247,2.0,231,1.9989492217912184,5.333333333333333,3.0
noise_scan_raw,gaussian,2,1,60,0.0,,247,2.0,231,1.9989492217912184,5.333333333333333,3.0
noise_scan_raw,gaussian,2,1,59,0.0,,247,2.0,231,1.9989492217912184,5.333333333333333,3.0
noise_scan_raw,gaussian,2,1,58,0.0,,247,2.0,231,1.9989492217912184,5.333333333333333,3.0
noise_scan_raw,gaussian,2,1,57,0.0,,247,2.0,231,1.9989492217912184,5.333333333333333,3.0
noise_scan_raw,gaussian,2,1,56,0.0,,247,2.0,231,1.9989492217912184,5.333333333333333,3.0
noise_scan_raw,gaussian,2,1,55,0.0,,247,2.0,231,1.9989492217912184,5.333333333333333,3.0
noise_scan_raw,gaussian,2,1,54,0.0,,247,2.0,231,1.9989492217912184,5.333333333333333,3.0
noise_scan_raw,gaussian,2,1,53,0.0,,247,2.0,231,1.9989492217912184,5.333333333333333,3.0
noise_scan_raw,gaussian,2,1,52,0.0,,247,2.0,231,1.9989492217912184,5.333333333333333,3.0
noise_scan_raw,gaussian,2,1,51,0.0,,247,2.0,231,1.9989492217912184,5.333333333333333,3.0
noise_scan_raw,gaussian,2,1,50,0.0,,247,2.0,231,1.9989492217912184,5.333333333333333,3.0
noise_scan_raw,gaussian,2,1,49,0.0,,247,2.0,231,1.9989492217912184,5.333333333333333,3.0
noise_scan_raw,gaussian,2,1,48,0.0,,247,2.0,231,1.9989492217912184,5.333333333333333,3.0
noise_scan_raw,gaussian,2,1,47,0.0,,247,2.0,231,1.9989492217912184,5.333333333333333,3.0
noise_scan_raw,gaussian,2,1,46,0.0,,247,2.0,231,1.9989492217912184,5.333333333333333,3.0
noise_scan_raw,gaussian,2,1,45,0.0,,247,2.0,231,1.9989492217912184,5.333333333333333,3.0
noise_scan_raw,gaussian,2,1,44,0.0,,247,2.0,231,1.9989492217912184,5.333333333333333,3.0
noise_scan_raw,gaussian,2,1,43,0.0,,247,2.0,231,1.9989492217912184,5.333333333333333,3.0
noise_scan_raw,gaussian,2,1,42,0.0,,247,2.0,231,1.9989492217912184,5.333333333333333,3.0
noise_scan_raw,gaussian,2,1,41,0.0,,247,2.0,231,1.9989492217912184,5.333333333333333,3.0
noise_scan_raw,gaussian,2,1,40,0.0,,247,2.0,231,1.9989492217912184,5.333333333333333,3.0
noise_scan_raw,gaussian,2,1,39,0.0,,247,2.0,231,1.9989492217912184,5.333333333333333,3.0
noise_scan_raw,gaussian,2,1,38,0.0,,247,2.0,231,1.9989492217912184,5.333333333333333,3.0
noise_scan_raw,gaussian,2,1,37,0.0,,247,2.0,231,1.9989492217912184,5.333333333333333,3.0
noise_scan_raw,gaussian,2,1,36,0.0,,247,2.0,231,1.9989492217912184,5.333333333333333,3.0
noise_scan_raw,gaussian,2,1,35,0.0,,247,2.0,231,1.9989492217912184,5.333333333333333,3.0
noise_scan_raw,gaussian,2,1,34,0.0,,247,2.0,231,1.9989492217912184,5.333333333333333,3.0
noise_scan_raw,gaussian,2,1,33,0.0,,247,2.0,231,1.9989492217912184,5.333333333333333,3.0
noise_scan_raw,gaussian,2,1,32,0.0,,247,2.0,231,1.9989492217912184,5.333333333333333,3.0
noise_scan_raw,gaussian,2,1,31,0.0,,247,2.0,231,1.9989492217912184,5.333333333333333,3.0
noise_scan_raw,gaussian,2,1,30,0.0,,247,2.0,231,1.9989492217912184,5.333333333333333,3.0
noise_scan_raw,gaussian,2,1,29,0.0,,247,2.0,231,1.9989492217912184,5.333333333333333,3.0
noise_scan_raw,gaussian,2,1,28,0.0,,247,2.0,231,1.9989492217912184,5.333333333333333,3.0
noise_scan_raw,gaussian,2,1,27,0.0,,247,2.0,231,1.9989492217912184,5.333333333333333,3.0
noise_scan_raw,gaussian,2,1,26,0.0,,247,2.0,231,1.9989492217912184,5.333333333333333,3.0
noise_scan_raw,gaussian,2,1,25,0.0,,247,2.0,231,1.9989492217912184,5.333333333333333,3.0
noise_scan_raw,gaussian,2,1,24,0.0,,247,2.0,231,1.9989492217912184,5.333333333333333,3.0
noise_scan_raw,gaussian,2,1,23,0.0,,247,2.0,231,1.9989492217912184,5.333333333333333,3.0
noise_scan_raw,gaussian,2,1,22,0.0,,247,2.0,231,1.9989492217912184,5.333333333333333,3.0
noise_scan_raw,gaussian,2,1,21,0.0,,247,2.0,231,1.9989492217912184,5.333333333333333,3.0
noise_scan_raw,gaussian,2,1,20,0.0,,247,2.0,231,1.9989492217912184,5.333333333333333,3.0
noise_scan_raw,gaussian,2,1,19,0.0,,247,2.0,231,1.9989492217912184,5.333333333333333,3.0
noise_scan_raw,gaussian,2,1,18,0.0,,247,2.0,231,1.9989492217912184,5.333333333333333,3.0
noise_scan_raw,gaussian,2,1,17,0.0,,247,2.0,231,1.9989492217912184,5.333333333333333,3.0
noise_scan_raw,gaussian,2,1,16,0.0,,247,2.0,231,1.9989492217912184,5.333333333333333,3.0
noise_scan_raw,gaussian,2,1,15,0.0,,247,2.0,231,1.9989492217912184,5.333333333333333,3.0
noise_scan_raw,gaussian,2,1,14,0.0,,247,2.0,231,1.9989492217912184,5.333333333333333,3.0
noise_scan_raw,gaussian,2,1,13,0.0,,247,2.0,231,1.9989492217912184,5.333333333333333,3.0
noise_scan_raw,gaussian,2,1,12,0.0,,247,2.0,231,1.9989492217912184,5.333333333333333,3.0
noise_scan_raw,gaussian,2,1,11,0.0,,247,2.0,231,1.9989492217912184,5.333333333333333,3.0
noise_scan_raw,gaussian,2,1,10,0.0,,247,2.0,231,1.9989492217912184,5.333333333333333,3.0
noise_scan_raw,gaussian,2,1,9,0.0,,247,2.0,231,1.9989492217912184,5.333333333333333,3.0
noise_scan_raw,gaussian,2,1,8,0.0,,247,2.0,231,1.9989492217912184,5.333333333333333,3.0
noise_scan_raw,gaussian,2,1,7,0.0,,247,2.0,231,1.9989492217912184,5.333333333333333,3.0
noise_scan_raw,gaussian,2,1,6,0.0,,247,2.0,231,1.9989492217912184,5.333333333333333,3.0
noise_scan_raw,gaussian,2,1,5,0.0,,247,2.0,231,1.9989492217912184,5.333333333333333,3.0
noise_scan_raw,gaussian,2,1,4,0.0,,247,2.0,231,1.9989492217912184,5.333333333333333,3.0
noise_scan_raw,gaussian,2,1,3,0.0,,247,2.0,231,1.9989492217912184,5.333333333333333,3.0
noise_scan_raw,gaussian,2,1,2,0.0,,247,2.0,231,1.9989492217912184,5.333333333333333,3.0
noise_scan_raw,gaussian,2,1,1,0.0,,247,2.0,231,1.9989492217912184,5.333333333333333,3.0
noise_scan_raw,gaussian,2,1,0,0.0,,247,2.0,231,1.9989492217912184,5.333333333333333,3.0
noise_scan_raw,gaussian,2,2,255,72378.37184816087,,244,2.0,227,0.899475965626334,4.25,4.0
noise_scan_raw,gaussian,2,2,254,80073.65472015034,,244,2.0,227,0.899475965626334,4.25,4.0
noise_scan_raw,gaussian,2,2,253,81284.15277263509,,244,2.0,227,0.899475965626334,4.25,4.0
noise_scan_raw,gaussian,2,2,252,80773.51140720473,,244,2.0,227,0.899475965626334,4.25,4.0
noise_scan_raw,gaussian,2,2,251,78666.26237342776,,244,2.0,227,0.899475965626334,4.25,4.0
noise_scan_raw,gaussian,2,2,250,83156.7864105212,,244,2.0,227,0.899475965626334,4.25,4.0
noise_scan_raw,gaussian,2,2,249,92308.83743895909,,244,2.0,227,0.899475965626334,4.25,4.0
noise_scan_raw,gaussian,2,2,248,105097.78653185235,,244,2.0,227,0.899475965626334,4.25,4.0
noise_scan_raw,gaussian,2,2,247,135216.85851474546,,244,2.0,227,0.899475965626334,4.25,4.0
noise_scan_raw,gaussian,2,2,246,156887.45105947388,,244,2.0,227,0.899475965626334,4.25,4.0
noise_scan_raw,gaussian,2,2,245,172039.07757317848,,244,2.0,227,0.899475965626334,4.25,4.0
noise_scan_raw,gaussian,2,2,244,175332.95814903657,,244,2.0,227,0.899475965626334,4.25,4.0
noise_scan_raw,gaussian,2,2,243,143852.8855837316,,244,2.0,227,0.899475965626334,4.25,4.0
noise_scan_raw,gaussian,2,2,242,112651.94592045434,,244,2.0,227,0.899475965626334,4.25,4.0
noise_scan_raw,gaussian,2,2,241,76157.31825593671,,244,2.0,227,0.899475965626334,4.25,4.0
noise_scan_raw,gaussian,2,2,240,45789.90296440759,,244,2.0,227,0.899475965626334,4.25,4.0
noise_scan_raw,gaussian,2,2,239,41068.06460550936,,244,2.0,227,0.899475965626334,4.25,4.0
noise_scan_raw,gaussian,2,2,238,23606.505376685625,,244,2.0,227,0.899475965626334,4.25,4.0
noise_scan_raw,gaussian,2,2,237,10788.413502008962,,244,2.0,227,0.899475965626334,4.25,4.0
noise_scan_raw,gaussian,2,2,236,5120.312824108975,,244,2.0,227,0.899475965626334,4.25,4.0
noise_scan_raw,gaussian,2,2,235,1549.7192291501883,,244,2.0,227,0.899475965626334,4.25,4.0
noise_scan_raw,gaussian,2,2,234,633.8601371616214,,244,2.0,227,0.899475965626334,4.25,4.0
noise_scan_raw,gaussian,2,2,233,261.8551223285495,,244,2.0,227,0.899475965626334,4.25,4.0
noise_scan_raw,gaussian,2,2,232,102.44209046447486,,244,2.0,227,0.899475965626334,4.25,4.0
noise_scan_raw,gaussian,2,2,231,25.18673318633352,,244,2.0,227,0.899475965626334,4.25,4.0
noise_scan_raw,gaussian,2,2,230,8.795224627245991,,244,2.0,227,0.899475965626334,4.25,4.0
noise_scan_raw,gaussian,2,2,229,3.6980862864768986,,244,2.0,227,0.899475965626334,4.25,4.0
noise_scan_raw,gaussian,2,2,228,2.0990815057069243,,244,2.0,227,0.899475965626334,4.25,4.0
noise_scan_raw,gaussian,2,2,227,0.899475965626334,,244,2.0,227,0.899475965626334,4.25,4.0
noise_scan_raw,gaussian,2,2,226,0.5996842806747946,,244,2.0,227,0.899475965626334,4.25,4.0
noise_scan_raw,gaussian,2,2,225,0.899536860025114,,244,2.0,227,0.899475965626334,4.25,4.0
noise_scan_raw,gaussian,2,2,224,0.5996770356998581,,244,2.0,227,0.899475965626334,4.25,4.0
noise_scan_raw,gaussian,2,2,223,0.5996792220347983,,244,2.0,227,0.899475965626334,4.25,4.0
noise_scan_raw,gaussian,2,2,222,0.4997347689702023,,244,2.0,227,0.899475965626334,4.25,4.0
noise_scan_raw,gaussian,2,2,221,0.19988898244271272,,244,2.0,227,0.899475965626334,4.25,4.0
noise_scan_raw,gaussian,2,2,220,0.299842418993905,,244,2.0,227,0.899475965626334,4.25,4.0
noise_scan_raw,gaussian,2,2,219,0.499778547661107,,244,2.0,227,0.899475965626334,4.25,4.0
noise_scan_raw,gaussian,2,2,218,0.1999083557638019,,244,2.0,227,0.899475965626334,4.25,4.0
noise_scan_raw,gaussian,2,2,217,0.0999461583269263,,244,2.0,227,0.899475965626334,4.25,4.0
noise_scan_raw,gaussian,2,2,216,0.39978784375604814,,244,2.0,227,0.899475965626334,4.25,4.0
noise_scan_raw,gaussian,2,2,215,0.09994925929121762,,244,2.0,227,0.899475965626334,4.25,4.0
noise_scan_raw,gaussian,2,2,214,0.2998334379409784,,244,2.0,227,0.899475965626334,4.25,4.0
noise_scan_raw,gaussian,2,2,213,0.199878637569833,,244,2.0,227,0.899475965626334,4.25,4.0
noise_scan_raw,gaussian,2,2,212,0.09994597494259123,,244,2.0,227,0.899475965626334,4.25,4.0
noise_scan_raw,gaussian,2,2,211,0.29986082576048184,,244,2.0,227,0.899475965626334,4.25,4.0
noise_scan_raw,gaussian,2,2,210,0.1998906019028025,,244,2.0,227,0.899475965626334,4.25,4.0
noise_scan_raw,gaussian,2,2,209,0.0,,244,2.0,227,0.899475965626334,4.25,4.0
noise_scan_raw,gaussian,2,2,208,0.19989160693387736,,244,2.0,227,0.899475965626334,4.25,4.0
noise_scan_raw,gaussian,2,2,207,0.39982794536147526,,244,2.0,227,0.899475965626334,4.25,4.0
noise_scan_raw,gaussian,2,2,206,0.2998450269581223,,244,2.0,227,0.899475965626334,4.25,4.0
noise_scan_raw,gaussian,2,2,205,0.09994248600519401,,244,2.0,227,0.899475965626334,4.25,4.0
noise_scan_raw,gaussian,2,2,204,0.09994724912038379,,244,2.0,227,0.899475965626334,4.25,4.0
noise_scan_raw,gaussian,2,2,203,0.09994774689212202,,244,2.0,227,0.899475965626334,4.25,4.0
noise_scan_raw,gaussian,2,2,202,0.0,,244,2.0,227,0.899475965626334,4.25,4.0
noise_scan_raw,gaussian,2,2,201,0.09995583816440047,,244,2.0,227,0.899475965626334,4.25,4.0
noise_scan_raw,gaussian,2,2,200,0.09995724599377803,,244,2.0,227,0.899475965626334,4.25,4.0
noise_scan_raw,gaussian,2,2,199,0.099944531707547,,244,2.0,227,0.899475965626334,4.25,4.0
noise_scan_raw,gaussian,2,2,198,0.29986593518217713,,244,2.0,227,0.899475965626334,4.25,4.0
noise_scan_raw,gaussian,2,2,197,0.09994840424421558,,244,2.0,227,0.899475965626334,4.25,4.0
noise_scan_raw,gaussian,2,2,196,0.0999534751964507,,244,2.0,227,0.899475965626334,4.25,4.0
noise_scan_raw,gaussian,2,2,195,0.0,,244,2.0,227,0.899475965626334,4.25,4.0
noise_scan_raw,gaussian,2,2,194,0.09994482940113247,,244,2.0,227,0.899475965626334,4.25,4.0
noise_scan_raw,gaussian,2,2,193,0.0,,244,2.0,227,0.899475965626334,4.25,4.0
noise_scan_raw,gaussian,2,2,192,0.09995443037467898,,244,2.0,227,0.899475965626334,4.25,4.0
noise_scan_raw,gaussian,2,2,191,0.09995835846906828,,244,2.0,227,0.899475965626334,4.25,4.0
noise_scan_raw,gaussian,2,2,190,0.09994595588971189,,244,2.0,227,0.899475965626334,4.25,4.0
noise_scan_raw,gaussian,2,2,189,0.09994300278123552,,244,2.0,227,0.899475965626334,4.25,4.0
noise_scan_raw,gaussian,2,2,188,0.0,,244,2.0,227,0.899475965626334,4.25,4.0
noise_scan_raw,gaussian,2,2,187,0.0,,244,2.0,227,0.899475965626334,4.25,4.0
noise_scan_raw,gaussian,2,2,186,0.0,,244,2.0,227,0.899475965626334,4.25,4.0
noise_scan_raw,gaussian,2,2,185,0.09994524855670721,,244,2.0,227,0.899475965626334,4.25,4.0
noise_scan_raw,gaussian,2,2,184,0.09995194123270892,,244,2.0,227,0.899475965626334,4.25,4.0
noise_scan_raw,gaussian,2,2,183,0.0,,244,2.0,227,0.899475965626334,4.25,4.0
noise_scan_raw,gaussian,2,2,182,0.0,,244,2.0,227,0.899475965626334,4.25,4.0
noise_scan_raw,gaussian,2,2,181,0.0,,244,2.0,227,0.899475965626334,4.25,4.0
noise_scan_raw,gaussian,2,2,180,0.09994559864956928,,244,2.0,227,0.899475965626334,4.25,4.0
noise_scan_raw,gaussian,2,2,179,0.0,,244,2.0,227,0.899475965626334,4.25,4.0
noise_scan_raw,gaussian,2,2,178,0.0,,244,2.0,227,0.899475965626334,4.25,4.0
noise_scan_raw,gaussian,2,2,177,0.0,,244,2.0,227,0.899475965626334,4.25,4.0
noise_scan_raw,gaussian,2,2,176,0.0,,244,2.0,227,0.899475965626334,4.25,4.0
noise_scan_raw,gaussian,2,2,175,0.0,,244,2.0,227,0.899475965626334,4.25,4.0
noise_scan_raw,gaussian,2,2,174,0.0,,244,2.0,227,0.899475965626334,4.25,4.0
noise_scan_raw,gaussian,2,2,173,0.0,,244,2.0,227,0.899475965626334,4.25,4.0
noise_scan_raw,gaussian,2,2,172,0.0,,244,2.0,227,0.899475965626334,4.25,4.0
noise_scan_raw,gaussian,2,2,171,0.0,,244,2.0,227,0.899475965626334,4.25,4.0
noise_scan_raw,gaussian,2,2,170,0.0,,244,2.0,227,0.899475965626334,4.25,4.0
noise_scan_raw,gaussian,2,2,169,0.0,,244,2.0,227,0.899475965626334,4.25,4.0
noise_scan_raw,gaussian,2,2,168,0.0,,244,2.0,227,0.899475965626334,4.25,4.0
noise_scan_raw,gaussian,2,2,167,0.0,,244,2.0,227,0.899475965626334,4.25,4.0
noise_scan_raw,gaussian,2,2,166,0.0,,244,2.0,227,0.899475965626334,4.25,4.0
noise_scan_raw,gaussian,2,2,165,0.0,,244,2.0,227,0.899475965626334,4.25,4.0
noise_scan_raw,gaussian,2,2,164,0.0,,244,2.0,227,0.899475965626334,4.25,4.0
noise_scan_raw,gaussian,2,2,163,0.0,,244,2.0,227,0.899475965626334,4.25,4.0
noise_scan_raw,gaussian,2,2,162,0.0,,244,2.0,227,0.899475965626334,4.25,4.0
noise_scan_raw,gaussian,2,2,161,0.0,,244,2.0,227,0.899475965626334,4.25,4.0
noise_scan_raw,gaussian,2,2,160,0.0,,244,2.0,227,0.899475965626334,4.25,4.0
noise_scan_raw,gaussian,2,2,159,0.0,,244,2.0,227,0.899475965626334,4.25,4.0
noise_scan_raw,gaussian,2,2,158,0.0,,244,2.0,227,0.899475965626334,4.25,4.0
noise_scan_raw,gaussian,2,2,157,0.0,,244,2.0,227,0.899475965626334,4.25,4.0
noise_scan_raw,gaussian,2,2,156,0.0,,244,2.0,227,0.899475965626334,4.25,4.0
noise_scan_raw,gaussian,2,2,155,0.0,,244,2.0,227,0.899475965626334,4.25,4.0
noise_scan_raw,gaussian,2,2,154,0.0,,244,2.0,227,0.899475965626334,4.25,4.0
noise_scan_raw,gaussian,2,2,153,0.0,,244,2.0,227,0.899475965626334,4.25,4.0
noise_scan_raw,gaussian,2,2,152,0.0,,244,2.0,227,0.899475965626334,4.25,4.0
noise_scan_raw,gaussian,2,2,151,0.0,,244,2.0,227,0.899475965626334,4.25,4.0
noise_scan_raw,gaussian,2,2,150,0.0,,244,2.0,227,0.899475965626334,4.25,4.0
noise_scan_raw,gaussian,2,2,149,0.0,,244,2.0,227,0.899475965626334,4.25,4.0
noise_scan_raw,gaussian,2,2,148,0.0,,244,2.0,227,0.899475965626334,4.25,4.0
noise_scan_raw,gaussian,2,2,147,0.0,,244,2.0,227,0.899475965626334,4.25,4.0
noise_scan_raw,gaussian,2,2,146,0.0,,244,2.0,227,0.899475965626334,4.25,4.0
noise_scan_raw,gaussian,2,2,145,0.0,,244,2.0,227,0.899475965626334,4.25,4.0
noise_scan_raw,gaussian,2,2,144,0.0,,244,2.0,227,0.899475965626334,4.25,4.0
noise_scan_raw,gaussian,2,2,143,0.0,,244,2.0,227,0.899475965626334,4.25,4.0
noise_scan_raw,gaussian,2,2,142,0.0,,244,2.0,227,0.899475965626334,4.25,4.0
noise_scan_raw,gaussian,2,2,141,0.0,,244,2.0,227,0.899475965626334,4.25,4.0
noise_scan_raw,gaussian,2,2,140,0.0,,244,2.0,227,0.899475965626334,4.25,4.0
noise_scan_raw,gaussian,2,2,139,0.0,,244,2.0,227,0.899475965626334,4.25,4.0
noise_scan_raw,gaussian,2,2,138,0.0,,244,2.0,227,0.899475965626334,4.25,4.0
noise_scan_raw,gaussian,2,2,137,0.0,,244,2.0,227,0.899475965626334,4.25,4.0
noise_scan_raw,gaussian,2,2,136,0.0,,244,2.0,227,0.899475965626334,4.25,4.0
noise_scan_raw,gaussian,2,2,135,0.0,,244,2.0,227,0.899475965626334,4.25,4.0
noise_scan_raw,gaussian,2,2,134,0.0,,244,2.0,227,0.899475965626334,4.25,4.0
noise_scan_raw,gaussian,2,2,133,0.0,,244,2.0,227,0.899475965626334,4.25,4.0
noise_scan_raw,gaussian,2,2,132,0.0,,244,2.0,227,0.899475965626334,4.25,4.0
noise_scan_raw,gaussian,2,2,131,0.0,,244,2.0,227,0.899475965626334,4.25,4.0
noise_scan_raw,gaussian,2,2,130,0.0,,244,2.0,227,0.899475965626334,4.25,4.0
noise_scan_raw,gaussian,2,2,129,0.0,,244,2.0,227,0.899475965626334,4.25,4.0
noise_scan_raw,gaussian,2,2,128,0.0,,244,2.0,227,0.899475965626334,4.25,4.0
noise_scan_raw,gaussian,2,2,127,0.0,,244,2.0,227,0.899475965626334,4.25,4.0
noise_scan_raw,gaussian,2,2,126,0.0,,244,2.0,227,0.899475965626334,4.25,4.0
noise_scan_raw,gaussian,2,2,125,0.0,,244,2.0,227,0.899475965626334,4.25,4.0
noise_scan_raw,gaussian,2,2,124,0.0,,244,2.0,227,0.899475965626334,4.25,4.0
noise_scan_raw,gaussian,2,2,123,0.0,,244,2.0,227,0.899475965626334,4.25,4.0
noise_scan_raw,gaussian,2,2,122,0.0,,244,2.0,227,0.899475965626334,4.25,4.0
noise_scan_raw,gaussian,2,2,121,0.0,,244,2.0,227,0.899475965626334,4.25,4.0
noise_scan_raw,gaussian,2,2,120,0.0,,244,2.0,227,0.899475965626334,4.25,4.0
noise_scan_raw,gaussian,2,2,119,0.0,,244,2.0,227,0.899475965626334,4.25,4.0
noise_scan_raw,gaussian,2,2,118,0.0,,244,2.0,227,0.899475965626334,4.25,4.0
noise_scan_raw,gaussian,2,2,117,0.0,,244,2.0,227,0.899475965626334,4.25,4.0
noise_scan_raw,gaussian,2,2,116,0.0,,244,2.0,227,0.899475965626334,4.25,4.0
noise_scan_raw,gaussian,2,2,115,0.0,,244,2.0,227,0.899475965626334,4.25,4.0
noise_scan_raw,gaussian,2,2,114,0.0,,244,2.0,227,0.899475965626334,4.25,4.0
noise_scan_raw,gaussian,2,2,113,0.0,,244,2.0,227,0.899475965626334,4.25,4.0
noise_scan_raw,gaussian,2,2,112,0.0,,244,2.0,227,0.899475965626334,4.25,4.0
noise_scan_raw,gaussian,2,2,111,0.0,,244,2.0,227,0.899475965626334,4.25,4.0
noise_scan_raw,gaussian,2,2,110,0.0,,244,2.0,227,0.899475965626334,4.25,4.0
noise_scan_raw,gaussian,2,2,109,0.0,,244,2.0,227,0.899475965626334,4.25,4.0
noise_scan_raw,gaussian,2,2,108,0.0,,244,2.0,227,0.899475965626334,4.25,4.0
noise_scan_raw,gaussian,2,2,107,0.0,,244,2.0,227,0.899475965626334,4.25,4.0
noise_scan_raw,gaussian,2,2,106,0.0,,244,2.0,227,0.899475965626334,4.25,4.0
noise_scan_raw,gaussian,2,2,105,0.0,,244,2.0,227,0.899475965626334,4.25,4.0
noise_scan_raw,gaussian,2,2,104,0.0,,244,2.0,227,0.899475965626334,4.25,4.0
noise_scan_raw,gaussian,2,2,103,0.0,,244,2.0,227,0.899475965626334,4.25,4.0
noise_scan_raw,gaussian,2,2,102,0.0,,244,2.0,227,0.899475965626334,4.25,4.0
noise_scan_raw,gaussian,2,2,101,0.0,,244,2.0,227,0.899475965626334,4.25,4.0
noise_scan_raw,gaussian,2,2,100,0.0,,244,2.0,227,0.899475965626334,4.25,4.0
noise_scan_raw,gaussian,2,2,99,0.0,,244,2.0,227,0.899475965626334,4.25,4.0
noise_scan_raw,gaussian,2,2,98,0.0,,244,2.0,227,0.899475965626334,4.25,4.0
noise_scan_raw,gaussian,2,2,97,0.0,,244,2.0,227,0.899475965626334,4.25,4.0
noise_scan_raw,gaussian,2,2,96,0.0,,244,2.0,227,0.899475965626334,4.25,4.0
noise_scan_raw,gaussian,2,2,95,0.0,,244,2.0,227,0.899475965626334,4.25,4.0
noise_scan_raw,gaussian,2,2,94,0.0,,244,2.0,227,0.899475965626334,4.25,4.0
noise_scan_raw,gaussian,2,2,93,0.0,,244,2.0,227,0.899475965626334,4.25,4.0
noise_scan_raw,gaussian,2,2,92,0.0,,244,2.0,227,0.899475965626334,4.25,4.0
noise_scan_raw,gaussian,2,2,91,0.0,,244,2.0,227,0.899475965626334,4.25,4.0
noise_scan_raw,gaussian,2,2,90,0.0,,244,2.0,227,0.899475965626334,4.25,4.0
noise_scan_raw,gaussian,2,2,89,0.0,,244,2.0,227,0.899475965626334,4.25,4.0
noise_scan_raw,gaussian,2,2,88,0.0,,244,2.0,227,0.899475965626334,4.25,4.0
noise_scan_raw,gaussian,2,2,87,0.0,,244,2.0,227,0.899475965626334,4.25,4.0
noise_scan_raw,gaussian,2,2,86,0.0,,244,2.0,227,0.899475965626334,4.25,4.0
noise_scan_raw,gaussian,2,2,85,0.0,,244,2.0,227,0.899475965626334,4.25,4.0
noise_scan_raw,gaussian,2,2,84,0.0,,244,2.0,227,0.899475965626334,4.25,4.0
noise_scan_raw,gaussian,2,2,83,0.0,,244,2.0,227,0.899475965626334,4.25,4.0
noise_scan_raw,gaussian,2,2,82,0.0,,244,2.0,227,0.899475965626334,4.25,4.0
noise_scan_raw,gaussian,2,2,81,0.0,,244,2.0,227,0.899475965626334,4.25,4.0
noise_scan_raw,gaussian,2,2,80,0.0,,244,2.0,227,0.899475965626334,4.25,4.0
noise_scan_raw,gaussian,2,2,79,0.0,,244,2.0,227,0.899475965626334,4.25,4.0
noise_scan_raw,gaussian,2,2,78,0.0,,244,2.0,227,0.899475965626334,4.25,4.0
noise_scan_raw,gaussian,2,2,77,0.0,,244,2.0,227,0.899475965626334,4.25,4.0
noise_scan_raw,gaussian,2,2,76,0.0,,244,2.0,227,0.899475965626334,4.25,4.0
noise_scan_raw,gaussian,2,2,75,0.0,,244,2.0,227,0.899475965626334,4.25,4.0
noise_scan_raw,gaussian,2,2,74,0.0,,244,2.0,227,0.899475965626334,4.25,4.0
noise_scan_raw,gaussian,2,2,73,0.0,,244,2.0,227,0.899475965626334,4.25,4.0
noise_scan_raw,gaussian,2,2,72,0.0,,244,2.0,227,0.899475965626334,4.25,4.0
noise_scan_raw,gaussian,2,2,71,0.0,,244,2.0,227,0.899475965626334,4.25,4.0
noise_scan_raw,gaussian,2,2,70,0.0,,244,2.0,227,0.899475965626334,4.25,4.0
noise_scan_raw,gaussian,2,2,69,0.0,,244,2.0,227,0.899475965626334,4.25,4.0
noise_scan_raw,gaussian,2,2,68,0.0,,244,2.0,227,0.899475965626334,4.25,4.0
noise_scan_raw,gaussian,2,2,67,0.0,,244,2.0,227,0.899475965626334,4.25,4.0
noise_scan_raw,gaussian,2,2,66,0.0,,244,2.0,227,0.899475965626334,4.25,4.0
noise_scan_raw,gaussian,2,2,65,0.0,,244,2.0,227,0.899475965626334,4.25,4.0
noise_scan_raw,gaussian,2,2,64,0.0,,244,2.0,227,0.899475965626334,4.25,4.0
noise_scan_raw,gaussian,2,2,63,0.0,,244,2.0,227,0.899475965626334,4.25,4.0
noise_scan_raw,gaussian,2,2,62,0.0,,244,2.0,227,0.899475965626334,4.25,4.0
noise_scan_raw,gaussian,2,2,61,0.0,,244,2.0,227,0.899475965626334,4.25,4.0
noise_scan_raw,gaussian,2,2,60,0.0,,244,2.0,227,0.899475965626334,4.25,4.0
noise_scan_raw,gaussian,2,2,59,0.0,,244,2.0,227,0.899475965626334,4.25,4.0
noise_scan_raw,gaussian,2,2,58,0.0,,244,2.0,227,0.899475965626334,4.25,4.0
noise_scan_raw,gaussian,2,2,57,0.0,,244,2.0,227,0.899475965626334,4.25,4.0
noise_scan_raw,gaussian,2,2,56,0.0,,244,2.0,227,0.899475965626334,4.25,4.0
noise_scan_raw,gaussian,2,2,55,0.0,,244,2.0,227,0.899475965626334,4.25,4.0
noise_scan_raw,gaussian,2,2,54,0.0,,244,2.0,227,0.899475965626334,4.25,4.0
noise_scan_raw,gaussian,2,2,53,0.0,,244,2.0,227,0.899475965626334,4.25,4.0
noise_scan_raw,gaussian,2,2,52,0.0,,244,2.0,227,0.899475965626334,4.25,4.0
noise_scan_raw,gaussian,2,2,51,0.0,,244,2.0,227,0.899475965626334,4.25,4.0
noise_scan_raw,gaussian,2,2,50,0.0,,244,2.0,227,0.899475965626334,4.25,4.0
noise_scan_raw,gaussian,2,2,49,0.0,,244,2.0,227,0.899475965626334,4.25,4.0
noise_scan_raw,gaussian,2,2,48,0.0,,244,2.0,227,0.899475965626334,4.25,4.0
noise_scan_raw,gaussian,2,2,47,0.0,,244,2.0,227,0.899475965626334,4.25,4.0
noise_scan_raw,gaussian,2,2,46,0.0,,244,2.0,227,0.899475965626334,4.25,4.0
noise_scan_raw,gaussian,2,2,45,0.0,,244,2.0,227,0.899475965626334,4.25,4.0
noise_scan_raw,gaussian,2,2,44,0.0,,244,2.0,227,0.899475965626334,4.25,4.0
noise_scan_raw,gaussian,2,2,43,0.0,,244,2.0,227,0.899475965626334,4.25,4.0
noise_scan_raw,gaussian,2,2,42,0.0,,244,2.0,227,0.899475965626334,4.25,4.0
noise_scan_raw,gaussian,2,2,41,0.0,,244,2.0,227,0.899475965626334,4.25,4.0
noise_scan_raw,gaussian,2,2,40,0.0,,244,2.0,227,0.899475965626334,4.25,4.0
noise_scan_raw,gaussian,2,2,39,0.0,,244,2.0,227,0.899475965626334,4.25,4.0
noise_scan_raw,gaussian,2,2,38,0.0,,244,2.0,227,0.899475965626334,4.25,4.0
noise_scan_raw,gaussian,2,2,37,0.0,,244,2.0,227,0.899475965626334,4.25,4.0
noise_scan_raw,gaussian,2,2,36,0.0,,244,2.0,227,0.899475965626334,4.25,4.0
noise_scan_raw,gaussian,2,2,35,0.0,,244,2.0,227,0.899475965626334,4.25,4.0
noise_scan_raw,gaussian,2,2,34,0.0,,244,2.0,227,0.899475965626334,4.25,4.0
noise_scan_raw,gaussian,2,2,33,0.0,,244,2.0,227,0.899475965626334,4.25,4.0
noise_scan_raw,gaussian,2,2,32,0.0,,244,2.0,227,0.899475965626334,4.25,4.0
noise_scan_raw,gaussian,2,2,31,0.0,,244,2.0,227,0.899475965626334,4.25,4.0
noise_scan_raw,gaussian,2,2,30,0.0,,244,2.0,227,0.899475965626334,4.25,4.0
noise_scan_raw,gaussian,2,2,29,0.0,,244,2.0,227,0.899475965626334,4.25,4.0
noise_scan_raw,gaussian,2,2,28,0.0,,244,2.0,227,0.899475965626334,4.25,4.0
noise_scan_raw,gaussian,2,2,27,0.0,,244,2.0,227,0.899475965626334,4.25,4.0
noise_scan_raw,gaussian,2,2,26,0.0,,244,2.0,227,0.899475965626334,4.25,4.0
noise_scan_raw,gaussian,2,2,25,0.0,,244,2.0,227,0.899475965626334,4.25,4.0
noise_scan_raw,gaussian,2,2,24,0.0,,244,2.0,227,0.899475965626334,4.25,4.0
noise_scan_raw,gaussian,2,2,23,0.0,,244,2.0,227,0.899475965626334,4.25,4.0
noise_scan_raw,gaussian,2,2,22,0.0,,244,2.0,227,0.899475965626334,4.25,4.0
noise_scan_raw,gaussian,2,2,21,0.0,,244,2.0,227,0.899475965626334,4.25,4.0
noise_scan_raw,gaussian,2,2,20,0.0,,244,2.0,227,0.899475965626334,4.25,4.0
noise_scan_raw,gaussian,2,2,19,0.0,,244,2.0,227,0.899475965626334,4.25,4.0
noise_scan_raw,gaussian,2,2,18,0.0,,244,2.0,227,0.899475965626334,4.25,4.0
noise_scan_raw,gaussian,2,2,17,0.0,,244,2.0,227,0.899475965626334,4.25,4.0
noise_scan_raw,gaussian,2,2,16,0.0,,244,2.0,227,0.899475965626334,4.25,4.0
noise_scan_raw,gaussian,2,2,15,0.0,,244,2.0,227,0.899475965626334,4.25,4.0
noise_scan_raw,gaussian,2,2,14,0.0,,244,2.0,227,0.899475965626334,4.25,4.0
noise_scan_raw,gaussian,2,2,13,0.0,,244,2.0,227,0.899475965626334,4.25,4.0
noise_scan_raw,gaussian,2,2,12,0.0,,244,2.0,227,0.899475965626334,4.25,4.0
noise_scan_raw,gaussian,2,2,11,0.0,,244,2.0,227,0.899475965626334,4.25,4.0
noise_scan_raw,gaussian,2,2,10,0.0,,244,2.0,227,0.899475965626334,4.25,4.0
noise_scan_raw,gaussian,2,2,9,0.0,,244,2.0,227,0.899475965626334,4.25,4.0
noise_scan_raw,gaussian,2,2,8,0.0,,244,2.0,227,0.899475965626334,4.25,4.0
noise_scan_raw,gaussian,2,2,7,0.0,,244,2.0,227,0.899475965626334,4.25,4.0
noise_scan_raw,gaussian,2,2,6,0.0,,244,2.0,227,0.899475965626334,4.25,4.0
noise_scan_raw,gaussian,2,2,5,0.0,,244,2.0,227,0.899475965626334,4.25,4.0
noise_scan_raw,gaussian,2,2,4,0.0,,244,2.0,227,0.899475965626334,4.25,4.0
noise_scan_raw,gaussian,2,2,3,0.0,,244,2.0,227,0.899475965626334,4.25,4.0
noise_scan_raw,gaussian,2,2,2,0.0,,244,2.0,227,0.899475965626334,4.25,4.0
noise_scan_raw,gaussian,2,2,1,0.0,,244,2.0,227,0.899475965626334,4.25,4.0
noise_scan_raw,gaussian,2,2,0,0.0,,244,2.0,227,0.899475965626334,4.25,4.0
noise_scan_raw,gaussian,3,0,255,177088.1955558398,,254,2.0,233,1.7990671607825113,10.5,2.0
noise_scan_raw,gaussian,3,0,254,186064.57416734987,,254,2.0,233,1.7990671607825113,10.5,2.0
noise_scan_raw,gaussian,3,0,253,173499.06169680558,,254,2.0,233,1.7990671607825113,10.5,2.0
noise_scan_raw,gaussian,3,0,252,142721.40769736317,,254,2.0,233,1.7990671607825113,10.5,2.0
noise_scan_raw,gaussian,3,0,251,98361.03158045882,,254,2.0,233,1.7990671607825113,10.5,2.0
noise_scan_raw,gaussian,3,0,250,56804.746142261836,,254,2.0,233,1.7990671607825113,10.5,2.0
noise_scan_raw,gaussian,3,0,249,30080.658810157354,,254,2.0,233,1.7990671607825113,10.5,2.0
noise_scan_raw,gaussian,3,0,248,15759.100936688315,,254,2.0,233,1.7990671607825113,10.5,2.0
noise_scan_raw,gaussian,3,0,247,8043.362678581573,,254,2.0,233,1.7990671607825113,10.5,2.0
noise_scan_raw,gaussian,3,0,246,3747.766309518703,,254,2.0,233,1.7990671607825113,10.5,2.0
noise_scan_raw,gaussian,3,0,245,3751.5067651686245,,254,2.0,233,1.7990671607825113,10.5,2.0
noise_scan_raw,gaussian,3,0,244,1543.1189333864036,,254,2.0,233,1.7990671607825113,10.5,2.0
noise_scan_raw,gaussian,3,0,243,596.0632358908438,,254,2.0,233,1.7990671607825113,10.5,2.0
noise_scan_raw,gaussian,3,0,242,231.67875031833083,,254,2.0,233,1.7990671607825113,10.5,2.0
noise_scan_raw,gaussian,3,0,241,86.15334417677805,,254,2.0,233,1.7990671607825113,10.5,2.0
noise_scan_raw,gaussian,3,0,240,32.28304685616365,,254,2.0,233,1.7990671607825113,10.5,2.0
noise_scan_raw,gaussian,3,0,239,12.593106119403657,,254,2.0,233,1.7990671607825113,10.5,2.0
noise_scan_raw,gaussian,3,0,238,10.294497727154557,,254,2.0,233,1.7990671607825113,10.5,2.0
noise_scan_raw,gaussian,3,0,237,4.397305089775736,,254,2.0,233,1.7990671607825113,10.5,2.0
noise_scan_raw,gaussian,3,0,236,2.898368421154216,,254,2.0,233,1.7990671607825113,10.5,2.0
noise_scan_raw,gaussian,3,0,235,2.7985609873577513,,254,2.0,233,1.7990671607825113,10.5,2.0
noise_scan_raw,gaussian,3,0,234,2.3987092859774775,,254,2.0,233,1.7990671607825113,10.5,2.0
noise_scan_raw,gaussian,3,0,233,1.7990671607825113,,254,2.0,233,1.7990671607825113,10.5,2.0
noise_scan_raw,gaussian,3,0,232,1.7989655196817111,,254,2.0,233,1.7990671607825113,10.5,2.0
noise_scan_raw,gaussian,3,0,231,1.5991615114221764,,254,2.0,233,1.7990671607825113,10.5,2.0
noise_scan_raw,gaussian,3,0,230,1.7989858812766812,,254,2.0,233,1.7990671607825113,10.5,2.0
noise_scan_raw,gaussian,3,0,229,1.7991635396713355,,254,2.0,233,1.7990671607825113,10.5,2.0
noise_scan_raw,gaussian,3,0,228,1.3992115744030609,,254,2.0,233,1.7990671607825113,10.5,2.0
noise_scan_raw,gaussian,3,0,227,1.3992812272538857,,254,2.0,233,1.7990671607825113,10.5,2.0
noise_scan_raw,gaussian,3,0,226,1.599301414460794,,254,2.0,233,1.7990671607825113,10.5,2.0
noise_scan_raw,gaussian,3,0,225,1.3993987092128413,,254,2.0,233,1.7990671607825113,10.5,2.0
noise_scan_raw,gaussian,3,0,224,1.2992951354619908,,254,2.0,233,1.7990671607825113,10.5,2.0
noise_scan_raw,gaussian,3,0,223,1.1993337517639135,,254,2.0,233,1.7990671607825113,10.5,2.0
noise_scan_raw,gaussian,3,0,222,1.4991799429552264,,254,2.0,233,1.7990671607825113,10.5,2.0
noise_scan_raw,gaussian,3,0,221,1.0994021876884792,,254,2.0,233,1.7990671607825113,10.5,2.0
noise_scan_raw,gaussian,3,0,220,1.0993960836942598,,254,2.0,233,1.7990671607825113,10.5,2.0
noise_scan_raw,gaussian,3,0,219,1.4992140598595574,,254,2.0,233,1.7990671607825113,10.5,2.0
noise_scan_raw,gaussian,3,0,218,0.9994581775655392,,254,2.0,233,1.7990671607825113,10.5,2.0
noise_scan_raw,gaussian,3,0,217,0.7995850046642652,,254,2.0,233,1.7990671607825113,10.5,2.0
noise_scan_raw,gaussian,3,0,216,1.2992805840424584,,254,2.0,233,1.7990671607825113,10.5,2.0
noise_scan_raw,gaussian,3,0,215,0.8994962842768408,,254,2.0,233,1.7990671607825113,10.5,2.0
noise_scan_raw,gaussian,3,0,214,0.8994942266502066,,254,2.0,233,1.7990671607825113,10.5,2.0
noise_scan_raw,gaussian,3,0,213,0.7995991046530784,,254,2.0,233,1.7990671607825113,10.5,2.0
noise_scan_raw,gaussian,3,0,212,0.8996177866707212,,254,2.0,233,1.7990671607825113,10.5,2.0
noise_scan_raw,gaussian,3,0,211,0.8996100899737922,,254,2.0,233,1.7990671607825113,10.5,2.0
noise_scan_raw,gaussian,3,0,210,0.6996842474118469,,254,2.0,233,1.7990671607825113,10.5,2.0
noise_scan_raw,gaussian,3,0,209,0.7995973516544272,,254,2.0,233,1.7990671607825113,10.5,2.0
noise_scan_raw,gaussian,3,0,208,0.4997168595512572,,254,2.0,233,1.7990671607825113,10.5,2.0
noise_scan_raw,gaussian,3,0,207,0.4997440218790519,,254,2.0,233,1.7990671607825113,10.5,2.0
noise_scan_raw,gaussian,3,0,206,0.899517482665956,,254,2.0,233,1.7990671607825113,10.5,2.0
noise_scan_raw,gaussian,3,0,205,0.7995700096812637,,254,2.0,233,1.7990671607825113,10.5,2.0
noise_scan_raw,gaussian,3,0,204,0.5996688620921393,,254,2.0,233,1.7990671607825113,10.5,2.0
noise_scan_raw,gaussian,3,0,203,0.29984827090021166,,254,2.0,233,1.7990671607825113,10.5,2.0
noise_scan_raw,gaussian,3,0,202,0.49973275647812354,,254,2.0,233,1.7990671607825113,10.5,2.0
noise_scan_raw,gaussian,3,0,201,0.4997243494379855,,254,2.0,233,1.7990671607825113,10.5,2.0
noise_scan_raw,gaussian,3,0,200,0.49973081545082376,,254,2.0,233,1.7990671607825113,10.5,2.0
noise_scan_raw,gaussian,3,0,199,0.39978343297527713,,254,2.0,233,1.7990671607825113,10.5,2.0
noise_scan_raw,gaussian,3,0,198,0.3998245722865155,,254,2.0,233,1.7990671607825113,10.5,2.0
noise_scan_raw,gaussian,3,0,197,0.49973528102698667,,254,2.0,233,1.7990671607825113,10.5,2.0
noise_scan_raw,gaussian,3,0,196,0.499777225613354,,254,2.0,233,1.7990671607825113,10.5,2.0
noise_scan_raw,gaussian,3,0,195,0.49971791931491616,,254,2.0,233,1.7990671607825113,10.5,2.0
noise_scan_raw,gaussian,3,0,194,0.49979324549192117,,254,2.0,233,1.7990671607825113,10.5,2.0
noise_scan_raw,gaussian,3,0,193,0.29986472748497145,,254,2.0,233,1.7990671607825113,10.5,2.0
noise_scan_raw,gaussian,3,0,192,0.2998319590124963,,254,2.0,233,1.7990671607825113,10.5,2.0
noise_scan_raw,gaussian,3,0,191,0.3997628474433402,,254,2.0,233,1.7990671607825113,10.5,2.0
noise_scan_raw,gaussian,3,0,190,0.29982515755823336,,254,2.0,233,1.7990671607825113,10.5,2.0
noise_scan_raw,gaussian,3,0,189,0.3997303873858655,,254,2.0,233,1.7990671607825113,10.5,2.0
noise_scan_raw,gaussian,3,0,188,0.1998830478220796,,254,2.0,233,1.7990671607825113,10.5,2.0
noise_scan_raw,gaussian,3,0,187,0.19989009700948868,,254,2.0,233,1.7990671607825113,10.5,2.0
noise_scan_raw,gaussian,3,0,186,0.299872624142844,,254,2.0,233,1.7990671607825113,10.5,2.0
noise_scan_raw,gaussian,3,0,185,0.3997913591132252,,254,2.0,233,1.7990671607825113,10.5,2.0
noise_scan_raw,gaussian,3,0,184,0.19988998269437552,,254,2.0,233,1.7990671607825113,10.5,2.0
noise_scan_raw,gaussian,3,0,183,0.1998888157350755,,254,2.0,233,1.7990671607825113,10.5,2.0
noise_scan_raw,gaussian,3,0,182,0.2998430906296675,,254,2.0,233,1.7990671607825113,10.5,2.0
noise_scan_raw,gaussian,3,0,181,0.19988192380842681,,254,2.0,233,1.7990671607825113,10.5,2.0
noise_scan_raw,gaussian,3,0,180,0.09995422075794315,,254,2.0,233,1.7990671607825113,10.5,2.0
noise_scan_raw,gaussian,3,0,179,0.1998862722873243,,254,2.0,233,1.7990671607825113,10.5,2.0
noise_scan_raw,gaussian,3,0,178,0.09994867814347325,,254,2.0,233,1.7990671607825113,10.5,2.0
noise_scan_raw,gaussian,3,0,177,0.09994874006873086,,254,2.0,233,1.7990671607825113,10.5,2.0
noise_scan_raw,gaussian,3,0,176,0.29986276946401924,,254,2.0,233,1.7990671607825113,10.5,2.0
noise_scan_raw,gaussian,3,0,175,0.09995543083030252,,254,2.0,233,1.7990671607825113,10.5,2.0
noise_scan_raw,gaussian,3,0,174,0.19989539375311166,,254,2.0,233,1.7990671607825113,10.5,2.0
noise_scan_raw,gaussian,3,0,173,0.09994779452604112,,254,2.0,233,1.7990671607825113,10.5,2.0
noise_scan_raw,gaussian,3,0,172,0.0,,254,2.0,233,1.7990671607825113,10.5,2.0
noise_scan_raw,gaussian,3,0,171,0.09994460791693599,,254,2.0,233,1.7990671607825113,10.5,2.0
noise_scan_raw,gaussian,3,0,170,0.0,,254,2.0,233,1.7990671607825113,10.5,2.0
noise_scan_raw,gaussian,3,0,169,0.0,,254,2.0,233,1.7990671607825113,10.5,2.0
noise_scan_raw,gaussian,3,0,168,0.09994404349390584,,254,2.0,233,1.7990671607825113,10.5,2.0
noise_scan_raw,gaussian,3,0,167,0.09994426497560073,,254,2.0,233,1.7990671607825113,10.5,2.0
noise_scan_raw,gaussian,3,0,166,0.09994690854257754,,254,2.0,233,1.7990671607825113,10.5,2.0
noise_scan_raw,gaussian,3,0,165,0.09994647746490623,,254,2.0,233,1.7990671607825113,10.5,2.0
noise_scan_raw,gaussian,3,0,164,0.0999479207561463,,254,2.0,233,1.7990671607825113,10.5,2.0
noise_scan_raw,gaussian,3,0,163,0.0,,254,2.0,233,1.7990671607825113,10.5,2.0
noise_scan_raw,gaussian,3,0,162,0.09994826848600953,,254,2.0,233,1.7990671607825113,10.5,2.0
noise_scan_raw,gaussian,3,0,161,0.0,,254,2.0,233,1.7990671607825113,10.5,2.0
noise_scan_raw,gaussian,3,0,160,0.09994362911143567,,254,2.0,233,1.7990671607825113,10.5,2.0
noise_scan_raw,gaussian,3,0,159,0.0,,254,2.0,233,1.7990671607825113,10.5,2.0
noise_scan_raw,gaussian,3,0,158,0.0,,254,2.0,233,1.7990671607825113,10.5,2.0
noise_scan_raw,gaussian,3,0,157,0.09995591677311733,,254,2.0,233,1.7990671607825113,10.5,2.0
noise_scan_raw,gaussian,3,0,156,0.09994285274893099,,254,2.0,233,1.7990671607825113,10.5,2.0
noise_scan_raw,gaussian,3,0,155,0.09994648937307926,,254,2.0,233,1.7990671607825113,10.5,2.0
noise_scan_raw,gaussian,3,0,154,0.0,,254,2.0,233,1.7990671607825113,10.5,2.0
noise_scan_raw,gaussian,3,0,153,0.09994592969201466,,254,2.0,233,1.7990671607825113,10.5,2.0
noise_scan_raw,gaussian,3,0,152,0.0,,254,2.0,233,1.7990671607825113,10.5,2.0
noise_scan_raw,gaussian,3,0,151,0.0,,254,2.0,233,1.7990671607825113,10.5,2.0
noise_scan_raw,gaussian,3,0,150,0.0,,254,2.0,233,1.7990671607825113,10.5,2.0
noise_scan_raw,gaussian,3,0,149,0.0,,254,2.0,233,1.7990671607825113,10.5,2.0
noise_scan_raw,gaussian,3,0,148,0.09995020962524628,,254,2.0,233,1.7990671607825113,10.5,2.0
noise_scan_raw,gaussian,3,0,147,0.09995748182694257,,254,2.0,233,1.7990671607825113,10.5,2.0
noise_scan_raw,gaussian,3,0,146,0.0,,254,2.0,233,1.7990671607825113,10.5,2.0
noise_scan_raw,gaussian,3,0,145,0.0,,254,2.0,233,1.7990671607825113,10.5,2.0
noise_scan_raw,gaussian,3,0,144,0.0,,254,2.0,233,1.7990671607825113,10.5,2.0
noise_scan_raw,gaussian,3,0,143,0.0,,254,2.0,233,1.7990671607825113,10.5,2.0
noise_scan_raw,gaussian,3,0,142,0.0,,254,2.0,233,1.7990671607825113,10.5,2.0
noise_scan_raw,gaussian,3,0,141,0.0,,254,2.0,233,1.7990671607825113,10.5,2.0
noise_scan_raw,gaussian,3,0,140,0.0,,254,2.0,233,1.7990671607825113,10.5,2.0
noise_scan_raw,gaussian,3,0,139,0.0,,254,2.0,233,1.7990671607825113,10.5,2.0
noise_scan_raw,gaussian,3,0,138,0.0,,254,2.0,233,1.7990671607825113,10.5,2.0
noise_scan_raw,gaussian,3,0,137,0.0,,254,2.0,233,1.7990671607825113,10.5,2.0
noise_scan_raw,gaussian,3,0,136,0.0,,254,2.0,233,1.7990671607825113,10.5,2.0
noise_scan_raw,gaussian,3,0,135,0.0,,254,2.0,233,1.7990671607825113,10.5,2.0
noise_scan_raw,gaussian,3,0,134,0.0,,254,2.0,233,1.7990671607825113,10.5,2.0
noise_scan_raw,gaussian,3,0,133,0.0,,254,2.0,233,1.7990671607825113,10.5,2.0
noise_scan_raw,gaussian,3,0,132,0.0,,254,2.0,233,1.7990671607825113,10.5,2.0
noise_scan_raw,gaussian,3,0,131,0.0,,254,2.0,233,1.7990671607825113,10.5,2.0
noise_scan_raw,gaussian,3,0,130,0.0,,254,2.0,233,1.7990671607825113,10.5,2.0
noise_scan_raw,gaussian,3,0,129,0.0,,254,2.0,233,1.7990671607825113,10.5,2.0
noise_scan_raw,gaussian,3,0,128,0.0,,254,2.0,233,1.7990671607825113,10.5,2.0
noise_scan_raw,gaussian,3,0,127,0.0,,254,2.0,233,1.7990671607825113,10.5,2.0
noise_scan_raw,gaussian,3,0,126,0.0,,254,2.0,233,1.7990671607825113,10.5,2.0
noise_scan_raw,gaussian,3,0,125,0.0,,254,2.0,233,1.7990671607825113,10.5,2.0
noise_scan_raw,gaussian,3,0,124,0.0,,254,2.0,233,1.7990671607825113,10.5,2.0
noise_scan_raw,gaussian,3,0,123,0.0,,254,2.0,233,1.7990671607825113,10.5,2.0
noise_scan_raw,gaussian,3,0,122,0.0,,254,2.0,233,1.7990671607825113,10.5,2.0
noise_scan_raw,gaussian,3,0,121,0.0,,254,2.0,233,1.7990671607825113,10.5,2.0
noise_scan_raw,gaussian,3,0,120,0.0,,254,2.0,233,1.7990671607825113,10.5,2.0
noise_scan_raw,gaussian,3,0,119,0.0,,254,2.0,233,1.7990671607825113,10.5,2.0
noise_scan_raw,gaussian,3,0,118,0.0,,254,2.0,233,1.7990671607825113,10.5,2.0
noise_scan_raw,gaussian,3,0,117,0.0,,254,2.0,233,1.7990671607825113,10.5,2.0
noise_scan_raw,gaussian,3,0,116,0.0,,254,2.0,233,1.7990671607825113,10.5,2.0
noise_scan_raw,gaussian,3,0,115,0.0,,254,2.0,233,1.7990671607825113,10.5,2.0
noise_scan_raw,gaussian,3,0,114,0.0,,254,2.0,233,1.7990671607825113,10.5,2.0
noise_scan_raw,gaussian,3,0,113,0.0,,254,2.0,233,1.7990671607825113,10.5,2.0
noise_scan_raw,gaussian,3,0,112,0.0,,254,2.0,233,1.7990671607825113,10.5,2.0
noise_scan_raw,gaussian,3,0,111,0.0,,254,2.0,233,1.7990671607825113,10.5,2.0
noise_scan_raw,gaussian,3,0,110,0.0,,254,2.0,233,1.7990671607825113,10.5,2.0
noise_scan_raw,gaussian,3,0,109,0.0,,254,2.0,233,1.7990671607825113,10.5,2.0
noise_scan_raw,gaussian,3,0,108,0.0,,254,2.0,233,1.7990671607825113,10.5,2.0
noise_scan_raw,gaussian,3,0,107,0.0,,254,2.0,233,1.7990671607825113,10.5,2.0
noise_scan_raw,gaussian,3,0,106,0.0,,254,2.0,233,1.7990671607825113,10.5,2.0
noise_scan_raw,gaussian,3,0,105,0.0,,254,2.0,233,1.7990671607825113,10.5,2.0
noise_scan_raw,gaussian,3,0,104,0.0,,254,2.0,233,1.7990671607825113,10.5,2.0
noise_scan_raw,gaussian,3,0,103,0.0,,254,2.0,233,1.7990671607825113,10.5,2.0
noise_scan_raw,gaussian,3,0,102,0.0,,254,2.0,233,1.7990671607825113,10.5,2.0
noise_scan_raw,gaussian,3,0,101,0.0,,254,2.0,233,1.7990671607825113,10.5,2.0
noise_scan_raw,gaussian,3,0,100,0.0,,254,2.0,233,1.7990671607825113,10.5,2.0
noise_scan_raw,gaussian,3,0,99,0.0,,254,2.0,233,1.7990671607825113,10.5,2.0
noise_scan_raw,gaussian,3,0,98,0.0,,254,2.0,233,1.7990671607825113,10.5,2.0
noise_scan_raw,gaussian,3,0,97,0.0,,254,2.0,233,1.7990671607825113,10.5,2.0
noise_scan_raw,gaussian,3,0,96,0.0,,254,2.0,233,1.7990671607825113,10.5,2.0
noise_scan_raw,gaussian,3,0,95,0.0,,254,2.0,233,1.7990671607825113,10.5,2.0
noise_scan_raw,gaussian,3,0,94,0.0,,254,2.0,233,1.7990671607825113,10.5,2.0
noise_scan_raw,gaussian,3,0,93,0.0,,254,2.0,233,1.7990671607825113,10.5,2.0
noise_scan_raw,gaussian,3,0,92,0.0,,254,2.0,233,1.7990671607825113,10.5,2.0
noise_scan_raw,gaussian,3,0,91,0.0,,254,2.0,233,1.7990671607825113,10.5,2.0
noise_scan_raw,gaussian,3,0,90,0.0,,254,2.0,233,1.7990671607825113,10.5,2.0
noise_scan_raw,gaussian,3,0,89,0.0,,254,2.0,233,1.7990671607825113,10.5,2.0
noise_scan_raw,gaussian,3,0,88,0.0,,254,2.0,233,1.7990671607825113,10.5,2.0
noise_scan_raw,gaussian,3,0,87,0.0,,254,2.0,233,1.7990671607825113,10.5,2.0
noise_scan_raw,gaussian,3,0,86,0.0,,254,2.0,233,1.7990671607825113,10.5,2.0
noise_scan_raw,gaussian,3,0,85,0.0,,254,2.0,233,1.7990671607825113,10.5,2.0
noise_scan_raw,gaussian,3,0,84,0.0,,254,2.0,233,1.7990671607825113,10.5,2.0
noise_scan_raw,gaussian,3,0,83,0.0,,254,2.0,233,1.7990671607825113,10.5,2.0
noise_scan_raw,gaussian,3,0,82,0.0,,254,2.0,233,1.7990671607825113,10.5,2.0
noise_scan_raw,gaussian,3,0,81,0.0,,254,2.0,233,1.7990671607825113,10.5,2.0
noise_scan_raw,gaussian,3,0,80,0.0,,254,2.0,233,1.7990671607825113,10.5,2.0
noise_scan_raw,gaussian,3,0,79,0.0,,254,2.0,233,1.7990671607825113,10.5,2.0
noise_scan_raw,gaussian,3,0,78,0.0,,254,2.0,233,1.7990671607825113,10.5,2.0
noise_scan_raw,gaussian,3,0,77,0.0,,254,2.0,233,1.7990671607825113,10.5,2.0
noise_scan_raw,gaussian,3,0,76,0.0,,254,2.0,233,1.7990671607825113,10.5,2.0
noise_scan_raw,gaussian,3,0,75,0.0,,254,2.0,233,1.7990671607825113,10.5,2.0
noise_scan_raw,gaussian,3,0,74,0.0,,254,2.0,233,1.7990671607825113,10.5,2.0
noise_scan_raw,gaussian,3,0,73,0.0,,254,2.0,233,1.7990671607825113,10.5,2.0
noise_scan_raw,gaussian,3,0,72,0.0,,254,2.0,233,1.7990671607825113,10.5,2.0
noise_scan_raw,gaussian,3,0,71,0.0,,254,2.0,233,1.7990671607825113,10.5,2.0
noise_scan_raw,gaussian,3,0,70,0.0,,254,2.0,233,1.7990671607825113,10.5,2.0
noise_scan_raw,gaussian,3,0,69,0.0,,254,2.0,233,1.7990671607825113,10.5,2.0
noise_scan_raw,gaussian,3,0,68,0.0,,254,2.0,233,1.7990671607825113,10.5,2.0
noise_scan_raw,gaussian,3,0,67,0.0,,254,2.0,233,1.7990671607825113,10.5,2.0
noise_scan_raw,gaussian,3,0,66,0.0,,254,2.0,233,1.7990671607825113,10.5,2.0
noise_scan_raw,gaussian,3,0,65,0.0,,254,2.0,233,1.7990671607825113,10.5,2.0
noise_scan_raw,gaussian,3,0,64,0.0,,254,2.0,233,1.7990671607825113,10.5,2.0
noise_scan_raw,gaussian,3,0,63,0.0,,254,2.0,233,1.7990671607825113,10.5,2.0
noise_scan_raw,gaussian,3,0,62,0.0,,254,2.0,233,1.7990671607825113,10.5,2.0
noise_scan_raw,gaussian,3,0,61,0.0,,254,2.0,233,1.7990671607825113,10.5,2.0
noise_scan_raw,gaussian,3,0,60,0.0,,254,2.0,233,1.7990671607825113,10.5,2.0
noise_scan_raw,gaussian,3,0,59,0.0,,254,2.0,233,1.7990671607825113,10.5,2.0
noise_scan_raw,gaussian,3,0,58,0.0,,254,2.0,233,1.7990671607825113,10.5,2.0
noise_scan_raw,gaussian,3,0,57,0.0,,254,2.0,233,1.7990671607825113,10.5,2.0
noise_scan_raw,gaussian,3,0,56,0.0,,254,2.0,233,1.7990671607825113,10.5,2.0
noise_scan_raw,gaussian,3,0,55,0.0,,254,2.0,233,1.7990671607825113,10.5,2.0
noise_scan_raw,gaussian,3,0,54,0.0,,254,2.0,233,1.7990671607825113,10.5,2.0
noise_scan_raw,gaussian,3,0,53,0.0,,254,2.0,233,1.7990671607825113,10.5,2.0
noise_scan_raw,gaussian,3,0,52,0.0,,254,2.0,233,1.7990671607825113,10.5,2.0
noise_scan_raw,gaussian,3,0,51,0.0,,254,2.0,233,1.7990671607825113,10.5,2.0
noise_scan_raw,gaussian,3,0,50,0.0,,254,2.0,233,1.7990671607825113,10.5,2.0
noise_scan_raw,gaussian,3,0,49,0.0,,254,2.0,233,1.7990671607825113,10.5,2.0
noise_scan_raw,gaussian,3,0,48,0.0,,254,2.0,233,1.7990671607825113,10.5,2.0
noise_scan_raw,gaussian,3,0,47,0.0,,254,2.0,233,1.7990671607825113,10.5,2.0
noise_scan_raw,gaussian,3,0,46,0.0,,254,2.0,233,1.7990671607825113,10.5,2.0
noise_scan_raw,gaussian,3,0,45,0.0,,254,2.0,233,1.7990671607825113,10.5,2.0
noise_scan_raw,gaussian,3,0,44,0.0,,254,2.0,233,1.7990671607825113,10.5,2.0
noise_scan_raw,gaussian,3,0,43,0.0,,254,2.0,233,1.7990671607825113,10.5,2.0
noise_scan_raw,gaussian,3,0,42,0.0,,254,2.0,233,1.7990671607825113,10.5,2.0
noise_scan_raw,gaussian,3,0,41,0.0,,254,2.0,233,1.7990671607825113,10.5,2.0
noise_scan_raw,gaussian,3,0,40,0.0,,254,2.0,233,1.7990671607825113,10.5,2.0
noise_scan_raw,gaussian,3,0,39,0.0,,254,2.0,233,1.7990671607825113,10.5,2.0
noise_scan_raw,gaussian,3,0,38,0.0,,254,2.0,233,1.7990671607825113,10.5,2.0
noise_scan_raw,gaussian,3,0,37,0.0,,254,2.0,233,1.7990671607825113,10.5,2.0
noise_scan_raw,gaussian,3,0,36,0.0,,254,2.0,233,1.7990671607825113,10.5,2.0
noise_scan_raw,gaussian,3,0,35,0.0,,254,2.0,233,1.7990671607825113,10.5,2.0
noise_scan_raw,gaussian,3,0,34,0.0,,254,2.0,233,1.7990671607825113,10.5,2.0
noise_scan_raw,gaussian,3,0,33,0.0,,254,2.0,233,1.7990671607825113,10.5,2.0
noise_scan_raw,gaussian,3,0,32,0.0,,254,2.0,233,1.7990671607825113,10.5,2.0
noise_scan_raw,gaussian,3,0,31,0.0,,254,2.0,233,1.7990671607825113,10.5,2.0
noise_scan_raw,gaussian,3,0,30,0.0,,254,2.0,233,1.7990671607825113,10.5,2.0
noise_scan_raw,gaussian,3,0,29,0.0,,254,2.0,233,1.7990671607825113,10.5,2.0
noise_scan_raw,gaussian,3,0,28,0.0,,254,2.0,233,1.7990671607825113,10.5,2.0
noise_scan_raw,gaussian,3,0,27,0.0,,254,2.0,233,1.7990671607825113,10.5,2.0
noise_scan_raw,gaussian,3,0,26,0.0,,254,2.0,233,1.7990671607825113,10.5,2.0
noise_scan_raw,gaussian,3,0,25,0.0,,254,2.0,233,1.7990671607825113,10.5,2.0
noise_scan_raw,gaussian,3,0,24,0.0,,254,2.0,233,1.7990671607825113,10.5,2.0
noise_scan_raw,gaussian,3,0,23,0.0,,254,2.0,233,1.7990671607825113,10.5,2.0
noise_scan_raw,gaussian,3,0,22,0.0,,254,2.0,233,1.7990671607825113,10.5,2.0
noise_scan_raw,gaussian,3,0,21,0.0,,254,2.0,233,1.7990671607825113,10.5,2.0
noise_scan_raw,gaussian,3,0,20,0.0,,254,2.0,233,1.7990671607825113,10.5,2.0
noise_scan_raw,gaussian,3,0,19,0.0,,254,2.0,233,1.7990671607825113,10.5,2.0
noise_scan_raw,gaussian,3,0,18,0.0,,254,2.0,233,1.7990671607825113,10.5,2.0
noise_scan_raw,gaussian,3,0,17,0.0,,254,2.0,233,1.7990671607825113,10.5,2.0
noise_scan_raw,gaussian,3,0,16,0.0,,254,2.0,233,1.7990671607825113,10.5,2.0
noise_scan_raw,gaussian,3,0,15,0.0,,254,2.0,233,1.7990671607825113,10.5,2.0
noise_scan_raw,gaussian,3,0,14,0.0,,254,2.0,233,1.7990671607825113,10.5,2.0
noise_scan_raw,gaussian,3,0,13,0.0,,254,2.0,233,1.7990671607825113,10.5,2.0
noise_scan_raw,gaussian,3,0,12,0.0,,254,2.0,233,1.7990671607825113,10.5,2.0
noise_scan_raw,gaussian,3,0,11,0.0,,254,2.0,233,1.7990671607825113,10.5,2.0
noise_scan_raw,gaussian,3,0,10,0.0,,254,2.0,233,1.7990671607825113,10.5,2.0
noise_scan_raw,gaussian,3,0,9,0.0,,254,2.0,233,1.7990671607825113,10.5,2.0
noise_scan_raw,gaussian,3,0,8,0.0,,254,2.0,233,1.7990671607825113,10.5,2.0
noise_scan_raw,gaussian,3,0,7,0.0,,254,2.0,233,1.7990671607825113,10.5,2.0
noise_scan_raw,gaussian,3,0,6,0.0,,254,2.0,233,1.7990671607825113,10.5,2.0
noise_scan_raw,gaussian,3,0,5,0.0,,254,2.0,233,1.7990671607825113,10.5,2.0
noise_scan_raw,gaussian,3,0,4,0.0,,254,2.0,233,1.7990671607825113,10.5,2.0
noise_scan_raw,gaussian,3,0,3,0.0,,254,2.0,233,1.7990671607825113,10.5,2.0
noise_scan_raw,gaussian,3,0,2,0.0,,254,2.0,233,1.7990671607825113,10.5,2.0
noise_scan_raw,gaussian,3,0,1,0.0,,254,2.0,233,1.7990671607825113,10.5,2.0
noise_scan_raw,gaussian,3,0,0,0.0,,254,2.0,233,1.7990671607825113,10.5,2.0
noise_scan_raw,gaussian,3,1,255,54263.361577552176,,244,2.0,228,1.9987825180108514,4.0,4.0
noise_scan_raw,gaussian,3,1,254,68016.62116097756,,244,2.0,228,1.9987825180108514,4.0,4.0
noise_scan_raw,gaussian,3,1,253,76050.27384295296,,244,2.0,228,1.9987825180108514,4.0,4.0
noise_scan_raw,gaussian,3,1,252,76597.36930681946,,244,2.0,228,1.9987825180108514,4.0,4.0
noise_scan_raw,gaussian,3,1,251,75090.25886169689,,244,2.0,228,1.9987825180108514,4.0,4.0
noise_scan_raw,gaussian,3,1,250,75190.88680629428,,244,2.0,228,1.9987825180108514,4.0,4.0
noise_scan_raw,gaussian,3,1,249,80766.86563988494,,244,2.0,228,1.9987825180108514,4.0,4.0
noise_scan_raw,gaussian,3,1,248,90541.44845333409,,244,2.0,228,1.9987825180108514,4.0,4.0
noise_scan_raw,gaussian,3,1,247,105082.43984803912,,244,2.0,228,1.9987825180108514,4.0,4.0
noise_scan_raw,gaussian,3,1,246,126368.48664518968,,244,2.0,228,1.9987825180108514,4.0,4.0
noise_scan_raw,gaussian,3,1,245,151289.79375775045,,244,2.0,228,1.9987825180108514,4.0,4.0
noise_scan_raw,gaussian,3,1,244,162552.5296330073,,244,2.0,228,1.9987825180108514,4.0,4.0
noise_scan_raw,gaussian,3,1,243,153867.95595910403,,244,2.0,228,1.9987825180108514,4.0,4.0
noise_scan_raw,gaussian,3,1,242,126652.15089029192,,244,2.0,228,1.9987825180108514,4.0,4.0
noise_scan_raw,gaussian,3,1,241,84716.47181137755,,244,2.0,228,1.9987825180108514,4.0,4.0
noise_scan_raw,gaussian,3,1,240,53808.160670832345,,244,2.0,228,1.9987825180108514,4.0,4.0
noise_scan_raw,gaussian,3,1,239,41194.106669866116,,244,2.0,228,1.9987825180108514,4.0,4.0
noise_scan_raw,gaussian,3,1,238,22354.38608427763,,244,2.0,228,1.9987825180108514,4.0,4.0
noise_scan_raw,gaussian,3,1,237,9468.511884400194,,244,2.0,228,1.9987825180108514,4.0,4.0
noise_scan_raw,gaussian,3,1,236,4205.851952997889,,244,2.0,228,1.9987825180108514,4.0,4.0
noise_scan_raw,gaussian,3,1,235,1553.6396334703775,,244,2.0,228,1.9987825180108514,4.0,4.0
noise_scan_raw,gaussian,3,1,234,639.8516463197777,,244,2.0,228,1.9987825180108514,4.0,4.0
noise_scan_raw,gaussian,3,1,233,203.68858643650947,,244,2.0,228,1.9987825180108514,4.0,4.0
noise_scan_raw,gaussian,3,1,232,73.05910101671523,,244,2.0,228,1.9987825180108514,4.0,4.0
noise_scan_raw,gaussian,3,1,231,25.086564648111093,,244,2.0,228,1.9987825180108514,4.0,4.0
noise_scan_raw,gaussian,3,1,230,9.394906197504104,,244,2.0,228,1.9987825180108514,4.0,4.0
noise_scan_raw,gaussian,3,1,229,2.998366816323144,,244,2.0,228,1.9987825180108514,4.0,4.0
noise_scan_raw,gaussian,3,1,228,1.9987825180108514,,244,2.0,228,1.9987825180108514,4.0,4.0
noise_scan_raw,gaussian,3,1,227,1.1993898825041507,,244,2.0,228,1.9987825180108514,4.0,4.0
noise_scan_raw,gaussian,3,1,226,0.8995898090577548,,244,2.0,228,1.9987825180108514,4.0,4.0
noise_scan_raw,gaussian,3,1,225,1.2994178447551539,,244,2.0,228,1.9987825180108514,4.0,4.0
noise_scan_raw,gaussian,3,1,224,1.299298231550752,,244,2.0,228,1.9987825180108514,4.0,4.0
noise_scan_raw,gaussian,3,1,223,0.8994875608619024,,244,2.0,228,1.9987825180108514,4.0,4.0
noise_scan_raw,gaussian,3,1,222,0.7995672470075055,,244,2.0,228,1.9987825180108514,4.0,4.0
noise_scan_raw,gaussian,3,1,221,0.5996607029961704,,244,2.0,228,1.9987825180108514,4.0,4.0
noise_scan_raw,gaussian,3,1,220,0.3997714014698779,,244,2.0,228,1.9987825180108514,4.0,4.0
noise_scan_raw,gaussian,3,1,219,0.699591334169424,,244,2.0,228,1.9987825180108514,4.0,4.0
noise_scan_raw,gaussian,3,1,218,0.4997182289096424,,244,2.0,228,1.9987825180108514,4.0,4.0
noise_scan_raw,gaussian,3,1,217,0.59973034108871,,244,2.0,228,1.9987825180108514,4.0,4.0
noise_scan_raw,gaussian,3,1,216,0.5996761354489282,,244,2.0,228,1.9987825180108514,4.0,4.0
noise_scan_raw,gaussian,3,1,215,0.39977363053023596,,244,2.0,228,1.9987825180108514,4.0,4.0
noise_scan_raw,gaussian,3,1,214,0.7995785074043581,,244,2.0,228,1.9987825180108514,4.0,4.0
noise_scan_raw,gaussian,3,1,213,0.599673734792996,,244,2.0,228,1.9987825180108514,4.0,4.0
noise_scan_raw,gaussian,3,1,212,0.4997214915850808,,244,2.0,228,1.9987825180108514,4.0,4.0
noise_scan_raw,gaussian,3,1,211,0.3997663433097306,,244,2.0,228,1.9987825180108514,4.0,4.0
noise_scan_raw,gaussian,3,1,210,0.6996109217557699,,244,2.0,228,1.9987825180108514,4.0,4.0
noise_scan_raw,gaussian,3,1,209,0.499783657262772,,244,2.0,228,1.9987825180108514,4.0,4.0
noise_scan_raw,gaussian,3,1,208,0.4997906131588357,,244,2.0,228,1.9987825180108514,4.0,4.0
noise_scan_raw,gaussian,3,1,207,0.3997833567639378,,244,2.0,228,1.9987825180108514,4.0,4.0
noise_scan_raw,gaussian,3,1,206,0.5996742492176491,,244,2.0,228,1.9987825180108514,4.0,4.0
noise_scan_raw,gaussian,3,1,205,0.3997860146515625,,244,2.0,228,1.9987825180108514,4.0,4.0
noise_scan_raw,gaussian,3,1,204,0.699611571915741,,244,2.0,228,1.9987825180108514,4.0,4.0
noise_scan_raw,gaussian,3,1,203,0.49973697201265926,,244,2.0,228,1.9987825180108514,4.0,4.0
noise_scan_raw,gaussian,3,1,202,0.5996815227051197,,244,2.0,228,1.9987825180108514,4.0,4.0
noise_scan_raw,gaussian,3,1,201,0.6996381294827223,,244,2.0,228,1.9987825180108514,4.0,4.0
noise_scan_raw,gaussian,3,1,200,0.2998396753216162,,244,2.0,228,1.9987825180108514,4.0,4.0
noise_scan_raw,gaussian,3,1,199,0.3997791556588026,,244,2.0,228,1.9987825180108514,4.0,4.0
noise_scan_raw,gaussian,3,1,198,0.19989212612450533,,244,2.0,228,1.9987825180108514,4.0,4.0
noise_scan_raw,gaussian,3,1,197,0.39977375436765133,,244,2.0,228,1.9987825180108514,4.0,4.0
noise_scan_raw,gaussian,3,1,196,0.49971731203406733,,244,2.0,228,1.9987825180108514,4.0,4.0
noise_scan_raw,gaussian,3,1,195,0.19988692481362694,,244,2.0,228,1.9987825180108514,4.0,4.0
noise_scan_raw,gaussian,3,1,194,0.29983210904805413,,244,2.0,228,1.9987825180108514,4.0,4.0
noise_scan_raw,gaussian,3,1,193,0.19988923012314433,,244,2.0,228,1.9987825180108514,4.0,4.0
noise_scan_raw,gaussian,3,1,192,0.19990269628888527,,244,2.0,228,1.9987825180108514,4.0,4.0
noise_scan_raw,gaussian,3,1,191,0.0999578034194149,,244,2.0,228,1.9987825180108514,4.0,4.0
noise_scan_raw,gaussian,3,1,190,0.199890435192464,,244,2.0,228,1.9987825180108514,4.0,4.0
noise_scan_raw,gaussian,3,1,189,0.19989264055457656,,244,2.0,228,1.9987825180108514,4.0,4.0
noise_scan_raw,gaussian,3,1,188,0.19989065429753775,,244,2.0,228,1.9987825180108514,4.0,4.0
noise_scan_raw,gaussian,3,1,187,0.19989377421537668,,244,2.0,228,1.9987825180108514,4.0,4.0
noise_scan_raw,gaussian,3,1,186,0.2998376033107183,,244,2.0,228,1.9987825180108514,4.0,4.0
noise_scan_raw,gaussian,3,1,185,0.2998422832381058,,244,2.0,228,1.9987825180108514,4.0,4.0
noise_scan_raw,gaussian,3,1,184,0.09995253909185997,,244,2.0,228,1.9987825180108514,4.0,4.0
noise_scan_raw,gaussian,3,1,183,0.09995198172493559,,244,2.0,228,1.9987825180108514,4.0,4.0
noise_scan_raw,gaussian,3,1,182,0.19989613208049387,,244,2.0,228,1.9987825180108514,4.0,4.0
noise_scan_raw,gaussian,3,1,181,0.19989480309513286,,244,2.0,228,1.9987825180108514,4.0,4.0
noise_scan_raw,gaussian,3,1,180,0.19989284061143045,,244,2.0,228,1.9987825180108514,4.0,4.0
noise_scan_raw,gaussian,3,1,179,0.2998422832381058,,244,2.0,228,1.9987825180108514,4.0,4.0
noise_scan_raw,gaussian,3,1,178,0.19989481262184675,,244,2.0,228,1.9987825180108514,4.0,4.0
noise_scan_raw,gaussian,3,1,177,0.3997825374938745,,244,2.0,228,1.9987825180108514,4.0,4.0
noise_scan_raw,gaussian,3,1,176,0.19989427912726687,,244,2.0,228,1.9987825180108514,4.0,4.0
noise_scan_raw,gaussian,3,1,175,0.0999469371224441,,244,2.0,228,1.9987825180108514,4.0,4.0
noise_scan_raw,gaussian,3,1,174,0.19990632155537197,,244,2.0,228,1.9987825180108514,4.0,4.0
noise_scan_raw,gaussian,3,1,173,0.19991072350116013,,244,2.0,228,1.9987825180108514,4.0,4.0
noise_scan_raw,gaussian,3,1,172,0.1998854292487009,,244,2.0,228,1.9987825180108514,4.0,4.0
noise_scan_raw,gaussian,3,1,171,0.09995276537507773,,244,2.0,228,1.9987825180108514,4.0,4.0
noise_scan_raw,gaussian,3,1,170,0.09994437214451518,,244,2.0,228,1.9987825180108514,4.0,4.0
noise_scan_raw,gaussian,3,1,169,0.09995544035854759,,244,2.0,228,1.9987825180108514,4.0,4.0
noise_scan_raw,gaussian,3,1,168,0.09994544860947092,,244,2.0,228,1.9987825180108514,4.0,4.0
noise_scan_raw,gaussian,3,1,167,0.0,,244,2.0,228,1.9987825180108514,4.0,4.0
noise_scan_raw,gaussian,3,1,166,0.09994168108357142,,244,2.0,228,1.9987825180108514,4.0,4.0
noise_scan_raw,gaussian,3,1,165,0.09994287418208977,,244,2.0,228,1.9987825180108514,4.0,4.0
noise_scan_raw,gaussian,3,1,164,0.09994613212912296,,244,2.0,228,1.9987825180108514,4.0,4.0
noise_scan_raw,gaussian,3,1,163,0.0,,244,2.0,228,1.9987825180108514,4.0,4.0
noise_scan_raw,gaussian,3,1,162,0.09994602257482135,,244,2.0,228,1.9987825180108514,4.0,4.0
noise_scan_raw,gaussian,3,1,161,0.09995596203273766,,244,2.0,228,1.9987825180108514,4.0,4.0
noise_scan_raw,gaussian,3,1,160,0.09994633694867887,,244,2.0,228,1.9987825180108514,4.0,4.0
noise_scan_raw,gaussian,3,1,159,0.19989526037842426,,244,2.0,228,1.9987825180108514,4.0,4.0
noise_scan_raw,gaussian,3,1,158,0.09994690377926803,,244,2.0,228,1.9987825180108514,4.0,4.0
noise_scan_raw,gaussian,3,1,157,0.09994602019320876,,244,2.0,228,1.9987825180108514,4.0,4.0
noise_scan_raw,gaussian,3,1,156,0.09995696966542533,,244,2.0,228,1.9987825180108514,4.0,4.0
noise_scan_raw,gaussian,3,1,155,0.0,,244,2.0,228,1.9987825180108514,4.0,4.0
noise_scan_raw,gaussian,3,1,154,0.0,,244,2.0,228,1.9987825180108514,4.0,4.0
noise_scan_raw,gaussian,3,1,153,0.09995484246468869,,244,2.0,228,1.9987825180108514,4.0,4.0
noise_scan_raw,gaussian,3,1,152,0.09994086903081253,,244,2.0,228,1.9987825180108514,4.0,4.0
noise_scan_raw,gaussian,3,1,151,0.09994577488772047,,244,2.0,228,1.9987825180108514,4.0,4.0
noise_scan_raw,gaussian,3,1,150,0.0,,244,2.0,228,1.9987825180108514,4.0,4.0
noise_scan_raw,gaussian,3,1,149,0.09994531285929392,,244,2.0,228,1.9987825180108514,4.0,4.0
noise_scan_raw,gaussian,3,1,148,0.09994511280707363,,244,2.0,228,1.9987825180108514,4.0,4.0
noise_scan_raw,gaussian,3,1,147,0.09994582013815687,,244,2.0,228,1.9987825180108514,4.0,4.0
noise_scan_raw,gaussian,3,1,146,0.09994520330678837,,244,2.0,228,1.9987825180108514,4.0,4.0
noise_scan_raw,gaussian,3,1,145,0.09994491037409452,,244,2.0,228,1.9987825180108514,4.0,4.0
noise_scan_raw,gaussian,3,1,144,0.0999585347522222,,244,2.0,228,1.9987825180108514,4.0,4.0
noise_scan_raw,gaussian,3,1,143,0.09994340286958317,,244,2.0,228,1.9987825180108514,4.0,4.0
noise_scan_raw,gaussian,3,1,142,0.0,,244,2.0,228,1.9987825180108514,4.0,4.0
noise_scan_raw,gaussian,3,1,141,0.09994021654050347,,244,2.0,228,1.9987825180108514,4.0,4.0
noise_scan_raw,gaussian,3,1,140,0.0,,244,2.0,228,1.9987825180108514,4.0,4.0
noise_scan_raw,gaussian,3,1,139,0.0,,244,2.0,228,1.9987825180108514,4.0,4.0
noise_scan_raw,gaussian,3,1,138,0.0,,244,2.0,228,1.9987825180108514,4.0,4.0
noise_scan_raw,gaussian,3,1,137,0.0,,244,2.0,228,1.9987825180108514,4.0,4.0
noise_scan_raw,gaussian,3,1,136,0.0,,244,2.0,228,1.9987825180108514,4.0,4.0
noise_scan_raw,gaussian,3,1,135,0.0,,244,2.0,228,1.9987825180108514,4.0,4.0
noise_scan_raw,gaussian,3,1,134,0.0,,244,2.0,228,1.9987825180108514,4.0,4.0
noise_scan_raw,gaussian,3,1,133,0.0,,244,2.0,228,1.9987825180108514,4.0,4.0
noise_scan_raw,gaussian,3,1,132,0.09994500087344266,,244,2.0,228,1.9987825180108514,4.0,4.0
noise_scan_raw,gaussian,3,1,131,0.0,,244,2.0,228,1.9987825180108514,4.0,4.0
noise_scan_raw,gaussian,3,1,130,0.0,,244,2.0,228,1.9987825180108514,4.0,4.0
noise_scan_raw,gaussian,3,1,129,0.0,,244,2.0,228,1.9987825180108514,4.0,4.0
noise_scan_raw,gaussian,3,1,128,0.0,,244,2.0,228,1.9987825180108514,4.0,4.0
noise_scan_raw,gaussian,3,1,127,0.0,,244,2.0,228,1.9987825180108514,4.0,4.0
noise_scan_raw,gaussian,3,1,126,0.0,,244,2.0,228,1.9987825180108514,4.0,4.0
noise_scan_raw,gaussian,3,1,125,0.0,,244,2.0,228,1.9987825180108514,4.0,4.0
noise_scan_raw,gaussian,3,1,124,0.0,,244,2.0,228,1.9987825180108514,4.0,4.0
noise_scan_raw,gaussian,3,1,123,0.0,,244,2.0,228,1.9987825180108514,4.0,4.0
noise_scan_raw,gaussian,3,1,122,0.0,,244,2.0,228,1.9987825180108514,4.0,4.0
noise_scan_raw,gaussian,3,1,121,0.0,,244,2.0,228,1.9987825180108514,4.0,4.0
noise_scan_raw,gaussian,3,1,120,0.0,,244,2.0,228,1.9987825180108514,4.0,4.0
noise_scan_raw,gaussian,3,1,119,0.0,,244,2.0,228,1.9987825180108514,4.0,4.0
noise_scan_raw,gaussian,3,1,118,0.0,,244,2.0,228,1.9987825180108514,4.0,4.0
noise_scan_raw,gaussian,3,1,117,0.0,,244,2.0,228,1.9987825180108514,4.0,4.0
noise_scan_raw,gaussian,3,1,116,0.0,,244,2.0,228,1.9987825180108514,4.0,4.0
noise_scan_raw,gaussian,3,1,115,0.0,,244,2.0,228,1.9987825180108514,4.0,4.0
noise_scan_raw,gaussian,3,1,114,0.0,,244,2.0,228,1.9987825180108514,4.0,4.0
noise_scan_raw,gaussian,3,1,113,0.0,,244,2.0,228,1.9987825180108514,4.0,4.0
noise_scan_raw,gaussian,3,1,112,0.0,,244,2.0,228,1.9987825180108514,4.0,4.0
noise_scan_raw,gaussian,3,1,111,0.0,,244,2.0,228,1.9987825180108514,4.0,4.0
noise_scan_raw,gaussian,3,1,110,0.0,,244,2.0,228,1.9987825180108514,4.0,4.0
noise_scan_raw,gaussian,3,1,109,0.0,,244,2.0,228,1.9987825180108514,4.0,4.0
noise_scan_raw,gaussian,3,1,108,0.0,,244,2.0,228,1.9987825180108514,4.0,4.0
noise_scan_raw,gaussian,3,1,107,0.0,,244,2.0,228,1.9987825180108514,4.0,4.0
noise_scan_raw,gaussian,3,1,106,0.0,,244,2.0,228,1.9987825180108514,4.0,4.0
noise_scan_raw,gaussian,3,1,105,0.0,,244,2.0,228,1.9987825180108514,4.0,4.0
noise_scan_raw,gaussian,3,1,104,0.0,,244,2.0,228,1.9987825180108514,4.0,4.0
noise_scan_raw,gaussian,3,1,103,0.0,,244,2.0,228,1.9987825180108514,4.0,4.0
noise_scan_raw,gaussian,3,1,102,0.0,,244,2.0,228,1.9987825180108514,4.0,4.0
noise_scan_raw,gaussian,3,1,101,0.0,,244,2.0,228,1.9987825180108514,4.0,4.0
noise_scan_raw,gaussian,3,1,100,0.0,,244,2.0,228,1.9987825180108514,4.0,4.0
noise_scan_raw,gaussian,3,1,99,0.0,,244,2.0,228,1.9987825180108514,4.0,4.0
noise_scan_raw,gaussian,3,1,98,0.0,,244,2.0,228,1.9987825180108514,4.0,4.0
noise_scan_raw,gaussian,3,1,97,0.0,,244,2.0,228,1.9987825180108514,4.0,4.0
noise_scan_raw,gaussian,3,1,96,0.0,,244,2.0,228,1.9987825180108514,4.0,4.0
noise_scan_raw,gaussian,3,1,95,0.0,,244,2.0,228,1.9987825180108514,4.0,4.0
noise_scan_raw,gaussian,3,1,94,0.0,,244,2.0,228,1.9987825180108514,4.0,4.0
noise_scan_raw,gaussian,3,1,93,0.0,,244,2.0,228,1.9987825180108514,4.0,4.0
noise_scan_raw,gaussian,3,1,92,0.0,,244,2.0,228,1.9987825180108514,4.0,4.0
noise_scan_raw,gaussian,3,1,91,0.0,,244,2.0,228,1.9987825180108514,4.0,4.0
noise_scan_raw,gaussian,3,1,90,0.0,,244,2.0,228,1.9987825180108514,4.0,4.0
noise_scan_raw,gaussian,3,1,89,0.0,,244,2.0,228,1.9987825180108514,4.0,4.0
noise_scan_raw,gaussian,3,1,88,0.0,,244,2.0,228,1.9987825180108514,4.0,4.0
noise_scan_raw,gaussian,3,1,87,0.0,,244,2.0,228,1.9987825180108514,4.0,4.0
noise_scan_raw,gaussian,3,1,86,0.0,,244,2.0,228,1.9987825180108514,4.0,4.0
noise_scan_raw,gaussian,3,1,85,0.0,,244,2.0,228,1.9987825180108514,4.0,4.0
noise_scan_raw,gaussian,3,1,84,0.0,,244,2.0,228,1.9987825180108514,4.0,4.0
noise_scan_raw,gaussian,3,1,83,0.0,,244,2.0,228,1.9987825180108514,4.0,4.0
noise_scan_raw,gaussian,3,1,82,0.0,,244,2.0,228,1.9987825180108514,4.0,4.0
noise_scan_raw,gaussian,3,1,81,0.0,,244,2.0,228,1.9987825180108514,4.0,4.0
noise_scan_raw,gaussian,3,1,80,0.0,,244,2.0,228,1.9987825180108514,4.0,4.0
noise_scan_raw,gaussian,3,1,79,0.0,,244,2.0,228,1.9987825180108514,4.0,4.0
noise_scan_raw,gaussian,3,1,78,0.0,,244,2.0,228,1.9987825180108514,4.0,4.0
noise_scan_raw,gaussian,3,1,77,0.0,,244,2.0,228,1.9987825180108514,4.0,4.0
noise_scan_raw,gaussian,3,1,76,0.0,,244,2.0,228,1.9987825180108514,4.0,4.0
noise_scan_raw,gaussian,3,1,75,0.0,,244,2.0,228,1.9987825180108514,4.0,4.0
noise_scan_raw,gaussian,3,1,74,0.0,,244,2.0,228,1.9987825180108514,4.0,4.0
noise_scan_raw,gaussian,3,1,73,0.0,,244,2.0,228,1.9987825180108514,4.0,4.0
noise_scan_raw,gaussian,3,1,72,0.0,,244,2.0,228,1.9987825180108514,4.0,4.0
noise_scan_raw,gaussian,3,1,71,0.0,,244,2.0,228,1.9987825180108514,4.0,4.0
noise_scan_raw,gaussian,3,1,70,0.0,,244,2.0,228,1.9987825180108514,4.0,4.0
noise_scan_raw,gaussian,3,1,69,0.0,,244,2.0,228,1.9987825180108514,4.0,4.0
noise_scan_raw,gaussian,3,1,68,0.0,,244,2.0,228,1.9987825180108514,4.0,4.0
noise_scan_raw,gaussian,3,1,67,0.0,,244,2.0,228,1.9987825180108514,4.0,4.0
noise_scan_raw,gaussian,3,1,66,0.0,,244,2.0,228,1.9987825180108514,4.0,4.0
noise_scan_raw,gaussian,3,1,65,0.0,,244,2.0,228,1.9987825180108514,4.0,4.0
noise_scan_raw,gaussian,3,1,64,0.0,,244,2.0,228,1.9987825180108514,4.0,4.0
noise_scan_raw,gaussian,3,1,63,0.0,,244,2.0,228,1.9987825180108514,4.0,4.0
noise_scan_raw,gaussian,3,1,62,0.0,,244,2.0,228,1.9987825180108514,4.0,4.0
noise_scan_raw,gaussian,3,1,61,0.0,,244,2.0,228,1.9987825180108514,4.0,4.0
noise_scan_raw,gaussian,3,1,60,0.0,,244,2.0,228,1.9987825180108514,4.0,4.0
noise_scan_raw,gaussian,3,1,59,0.0,,244,2.0,228,1.9987825180108514,4.0,4.0
noise_scan_raw,gaussian,3,1,58,0.0,,244,2.0,228,1.9987825180108514,4.0,4.0
noise_scan_raw,gaussian,3,1,57,0.0,,244,2.0,228,1.9987825180108514,4.0,4.0
noise_scan_raw,gaussian,3,1,56,0.0,,244,2.0,228,1.9987825180108514,4.0,4.0
noise_scan_raw,gaussian,3,1,55,0.0,,244,2.0,228,1.9987825180108514,4.0,4.0
noise_scan_raw,gaussian,3,1,54,0.0,,244,2.0,228,1.9987825180108514,4.0,4.0
noise_scan_raw,gaussian,3,1,53,0.0,,244,2.0,228,1.9987825180108514,4.0,4.0
noise_scan_raw,gaussian,3,1,52,0.0,,244,2.0,228,1.9987825180108514,4.0,4.0
noise_scan_raw,gaussian,3,1,51,0.0,,244,2.0,228,1.9987825180108514,4.0,4.0
noise_scan_raw,gaussian,3,1,50,0.0,,244,2.0,228,1.9987825180108514,4.0,4.0
noise_scan_raw,gaussian,3,1,49,0.0,,244,2.0,228,1.9987825180108514,4.0,4.0
noise_scan_raw,gaussian,3,1,48,0.0,,244,2.0,228,1.9987825180108514,4.0,4.0
noise_scan_raw,gaussian,3,1,47,0.0,,244,2.0,228,1.9987825180108514,4.0,4.0
noise_scan_raw,gaussian,3,1,46,0.0,,244,2.0,228,1.9987825180108514,4.0,4.0
noise_scan_raw,gaussian,3,1,45,0.0,,244,2.0,228,1.9987825180108514,4.0,4.0
noise_scan_raw,gaussian,3,1,44,0.0,,244,2.0,228,1.9987825180108514,4.0,4.0
noise_scan_raw,gaussian,3,1,43,0.0,,244,2.0,228,1.9987825180108514,4.0,4.0
noise_scan_raw,gaussian,3,1,42,0.0,,244,2.0,228,1.9987825180108514,4.0,4.0
noise_scan_raw,gaussian,3,1,41,0.0,,244,2.0,228,1.9987825180108514,4.0,4.0
noise_scan_raw,gaussian,3,1,40,0.0,,244,2.0,228,1.9987825180108514,4.0,4.0
noise_scan_raw,gaussian,3,1,39,0.0,,244,2.0,228,1.9987825180108514,4.0,4.0
noise_scan_raw,gaussian,3,1,38,0.0,,244,2.0,228,1.9987825180108514,4.0,4.0
noise_scan_raw,gaussian,3,1,37,0.0,,244,2.0,228,1.9987825180108514,4.0,4.0
noise_scan_raw,gaussian,3,1,36,0.0,,244,2.0,228,1.9987825180108514,4.0,4.0
noise_scan_raw,gaussian,3,1,35,0.0,,244,2.0,228,1.9987825180108514,4.0,4.0
noise_scan_raw,gaussian,3,1,34,0.0,,244,2.0,228,1.9987825180108514,4.0,4.0
noise_scan_raw,gaussian,3,1,33,0.0,,244,2.0,228,1.9987825180108514,4.0,4.0
noise_scan_raw,gaussian,3,1,32,0.0,,244,2.0,228,1.9987825180108514,4.0,4.0
noise_scan_raw,gaussian,3,1,31,0.0,,244,2.0,228,1.9987825180108514,4.0,4.0
noise_scan_raw,gaussian,3,1,30,0.0,,244,2.0,228,1.9987825180108514,4.0,4.0
noise_scan_raw,gaussian,3,1,29,0.0,,244,2.0,228,1.9987825180108514,4.0,4.0
noise_scan_raw,gaussian,3,1,28,0.0,,244,2.0,228,1.9987825180108514,4.0,4.0
noise_scan_raw,gaussian,3,1,27,0.0,,244,2.0,228,1.9987825180108514,4.0,4.0
noise_scan_raw,gaussian,3,1,26,0.0,,244,2.0,228,1.9987825180108514,4.0,4.0
noise_scan_raw,gaussian,3,1,25,0.0,,244,2.0,228,1.9987825180108514,4.0,4.0
noise_scan_raw,gaussian,3,1,24,0.0,,244,2.0,228,1.9987825180108514,4.0,4.0
noise_scan_raw,gaussian,3,1,23,0.0,,244,2.0,228,1.9987825180108514,4.0,4.0
noise_scan_raw,gaussian,3,1,22,0.0,,244,2.0,228,1.9987825180108514,4.0,4.0
noise_scan_raw,gaussian,3,1,21,0.0,,244,2.0,228,1.9987825180108514,4.0,4.0
noise_scan_raw,gaussian,3,1,20,0.0,,244,2.0,228,1.9987825180108514,4.0,4.0
noise_scan_raw,gaussian,3,1,19,0.0,,244,2.0,228,1.9987825180108514,4.0,4.0
noise_scan_raw,gaussian,3,1,18,0.0,,244,2.0,228,1.9987825180108514,4.0,4.0
noise_scan_raw,gaussian,3,1,17,0.0,,244,2.0,228,1.9987825180108514,4.0,4.0
noise_scan_raw,gaussian,3,1,16,0.0,,244,2.0,228,1.9987825180108514,4.0,4.0
noise_scan_raw,gaussian,3,1,15,0.0,,244,2.0,228,1.9987825180108514,4.0,4.0
noise_scan_raw,gaussian,3,1,14,0.0,,244,2.0,228,1.9987825180108514,4.0,4.0
noise_scan_raw,gaussian,3,1,13,0.0,,244,2.0,228,1.9987825180108514,4.0,4.0
noise_scan_raw,gaussian,3,1,12,0.0,,244,2.0,228,1.9987825180108514,4.0,4.0
noise_scan_raw,gaussian,3,1,11,0.0,,244,2.0,228,1.9987825180108514,4.0,4.0
noise_scan_raw,gaussian,3,1,10,0.0,,244,2.0,228,1.9987825180108514,4.0,4.0
noise_scan_raw,gaussian,3,1,9,0.0,,244,2.0,228,1.9987825180108514,4.0,4.0
noise_scan_raw,gaussian,3,1,8,0.0,,244,2.0,228,1.9987825180108514,4.0,4.0
noise_scan_raw,gaussian,3,1,7,0.0,,244,2.0,228,1.9987825180108514,4.0,4.0
noise_scan_raw,gaussian,3,1,6,0.0,,244,2.0,228,1.9987825180108514,4.0,4.0
noise_scan_raw,gaussian,3,1,5,0.0,,244,2.0,228,1.9987825180108514,4.0,4.0
noise_scan_raw,gaussian,3,1,4,0.0,,244,2.0,228,1.9987825180108514,4.0,4.0
noise_scan_raw,gaussian,3,1,3,0.0,,244,2.0,228,1.9987825180108514,4.0,4.0
noise_scan_raw,gaussian,3,1,2,0.0,,244,2.0,228,1.9987825180108514,4.0,4.0
noise_scan_raw,gaussian,3,1,1,0.0,,244,2.0,228,1.9987825180108514,4.0,4.0
noise_scan_raw,gaussian,3,1,0,0.0,,244,2.0,228,1.9987825180108514,4.0,4.0
noise_scan_raw,gaussian,3,2,255,78701.0024710824,,249,2.0,232,1.99908989378162,5.666666666666667,3.0
noise_scan_raw,gaussian,3,2,254,81832.13395627464,,249,2.0,232,1.99908989378162,5.666666666666667,3.0
noise_scan_raw,gaussian,3,2,253,91295.30597448326,,249,2.0,232,1.99908989378162,5.666666666666667,3.0
noise_scan_raw,gaussian,3,2,252,104666.45053532578,,249,2.0,232,1.99908989378162,5.666666666666667,3.0
noise_scan_raw,gaussian,3,2,251,133583.46497353358,,249,2.0,232,1.99908989378162,5.666666666666667,3.0
noise_scan_raw,gaussian,3,2,250,155185.84887757717,,249,2.0,232,1.99908989378162,5.666666666666667,3.0
noise_scan_raw,gaussian,3,2,249,170975.7286938723,,249,2.0,232,1.99908989378162,5.666666666666667,3.0
noise_scan_raw,gaussian,3,2,248,164515.6503264222,,249,2.0,232,1.99908989378162,5.666666666666667,3.0
noise_scan_raw,gaussian,3,2,247,138948.89313474423,,249,2.0,232,1.99908989378162,5.666666666666667,3.0
noise_scan_raw,gaussian,3,2,246,102884.14816469754,,249,2.0,232,1.99908989378162,5.666666666666667,3.0
noise_scan_raw,gaussian,3,2,245,62033.44599426923,,249,2.0,232,1.99908989378162,5.666666666666667,3.0
noise_scan_raw,gaussian,3,2,244,33715.21246763962,,249,2.0,232,1.99908989378162,5.666666666666667,3.0
noise_scan_raw,gaussian,3,2,243,14334.365533573246,,249,2.0,232,1.99908989378162,5.666666666666667,3.0
noise_scan_raw,gaussian,3,2,242,7016.590736882385,,249,2.0,232,1.99908989378162,5.666666666666667,3.0
noise_scan_raw,gaussian,3,2,241,2497.268755719444,,249,2.0,232,1.99908989378162,5.666666666666667,3.0
noise_scan_raw,gaussian,3,2,240,1156.9617586810025,,249,2.0,232,1.99908989378162,5.666666666666667,3.0
noise_scan_raw,gaussian,3,2,239,472.49981425880065,,249,2.0,232,1.99908989378162,5.666666666666667,3.0
noise_scan_raw,gaussian,3,2,238,183.98937749572545,,249,2.0,232,1.99908989378162,5.666666666666667,3.0
noise_scan_raw,gaussian,3,2,237,57.069571904266,,249,2.0,232,1.99908989378162,5.666666666666667,3.0
noise_scan_raw,gaussian,3,2,236,21.88818311647202,,249,2.0,232,1.99908989378162,5.666666666666667,3.0
noise_scan_raw,gaussian,3,2,235,7.49629626875931,,249,2.0,232,1.99908989378162,5.666666666666667,3.0
noise_scan_raw,gaussian,3,2,234,4.097693089796796,,249,2.0,232,1.99908989378162,5.666666666666667,3.0
noise_scan_raw,gaussian,3,2,233,2.39867413375099,,249,2.0,232,1.99908989378162,5.666666666666667,3.0
noise_scan_raw,gaussian,3,2,232,1.99908989378162,,249,2.0,232,1.99908989378162,5.666666666666667,3.0
noise_scan_raw,gaussian,3,2,231,1.4992190614210623,,249,2.0,232,1.99908989378162,5.666666666666667,3.0
noise_scan_raw,gaussian,3,2,230,1.8989246545220801,,249,2.0,232,1.99908989378162,5.666666666666667,3.0
noise_scan_raw,gaussian,3,2,229,1.4991635459589354,,249,2.0,232,1.99908989378162,5.666666666666667,3.0
noise_scan_raw,gaussian,3,2,228,1.199364445825269,,249,2.0,232,1.99908989378162,5.666666666666667,3.0
noise_scan_raw,gaussian,3,2,227,0.899600721191747,,249,2.0,232,1.99908989378162,5.666666666666667,3.0
noise_scan_raw,gaussian,3,2,226,1.2994388714590104,,249,2.0,232,1.99908989378162,5.666666666666667,3.0
noise_scan_raw,gaussian,3,2,225,1.0993934901721694,,249,2.0,232,1.99908989378162,5.666666666666667,3.0
noise_scan_raw,gaussian,3,2,224,1.1993448117334544,,249,2.0,232,1.99908989378162,5.666666666666667,3.0
noise_scan_raw,gaussian,3,2,223,1.0993918135583403,,249,2.0,232,1.99908989378162,5.666666666666667,3.0
noise_scan_raw,gaussian,3,2,222,0.8995132814902443,,249,2.0,232,1.99908989378162,5.666666666666667,3.0
noise_scan_raw,gaussian,3,2,221,0.6996362955620662,,249,2.0,232,1.99908989378162,5.666666666666667,3.0
noise_scan_raw,gaussian,3,2,220,0.599652515545122,,249,2.0,232,1.99908989378162,5.666666666666667,3.0
noise_scan_raw,gaussian,3,2,219,1.1994604820858232,,249,2.0,232,1.99908989378162,5.666666666666667,3.0
noise_scan_raw,gaussian,3,2,218,0.8994624418013422,,249,2.0,232,1.99908989378162,5.666666666666667,3.0
noise_scan_raw,gaussian,3,2,217,0.7995527861508585,,249,2.0,232,1.99908989378162,5.666666666666667,3.0
noise_scan_raw,gaussian,3,2,216,1.0994391798674281,,249,2.0,232,1.99908989378162,5.666666666666667,3.0
noise_scan_raw,gaussian,3,2,215,0.5996810511377149,,249,2.0,232,1.99908989378162,5.666666666666667,3.0
noise_scan_raw,gaussian,3,2,214,0.6996160730563751,,249,2.0,232,1.99908989378162,5.666666666666667,3.0
noise_scan_raw,gaussian,3,2,213,0.6996909505236292,,249,2.0,232,1.99908989378162,5.666666666666667,3.0
noise_scan_raw,gaussian,3,2,212,0.6995850663734395,,249,2.0,232,1.99908989378162,5.666666666666667,3.0
noise_scan_raw,gaussian,3,2,211,0.7995624266638365,,249,2.0,232,1.99908989378162,5.666666666666667,3.0
noise_scan_raw,gaussian,3,2,210,0.8996214957109735,,249,2.0,232,1.99908989378162,5.666666666666667,3.0
noise_scan_raw,gaussian,3,2,209,0.5997170352905178,,249,2.0,232,1.99908989378162,5.666666666666667,3.0
noise_scan_raw,gaussian,3,2,208,0.6996387796932636,,249,2.0,232,1.99908989378162,5.666666666666667,3.0
noise_scan_raw,gaussian,3,2,207,0.6996128722393083,,249,2.0,232,1.99908989378162,5.666666666666667,3.0
noise_scan_raw,gaussian,3,2,206,0.6996204242140432,,249,2.0,232,1.99908989378162,5.666666666666667,3.0
noise_scan_raw,gaussian,3,2,205,0.3997730494480036,,249,2.0,232,1.99908989378162,5.666666666666667,3.0
noise_scan_raw,gaussian,3,2,204,0.5996516439448271,,249,2.0,232,1.99908989378162,5.666666666666667,3.0
noise_scan_raw,gaussian,3,2,203,0.2998752397791351,,249,2.0,232,1.99908989378162,5.666666666666667,3.0
noise_scan_raw,gaussian,3,2,202,0.9994333856945412,,249,2.0,232,1.99908989378162,5.666666666666667,3.0
noise_scan_raw,gaussian,3,2,201,0.39977204922844534,,249,2.0,232,1.99908989378162,5.666666666666667,3.0
noise_scan_raw,gaussian,3,2,200,0.3997761835016969,,249,2.0,232,1.99908989378162,5.666666666666667,3.0
noise_scan_raw,gaussian,3,2,199,0.6995579461144491,,249,2.0,232,1.99908989378162,5.666666666666667,3.0
noise_scan_raw,gaussian,3,2,198,0.4997325897635304,,249,2.0,232,1.99908989378162,5.666666666666667,3.0
noise_scan_raw,gaussian,3,2,197,0.399767943617743,,249,2.0,232,1.99908989378162,5.666666666666667,3.0
noise_scan_raw,gaussian,3,2,196,0.399770391732768,,249,2.0,232,1.99908989378162,5.666666666666667,3.0
noise_scan_raw,gaussian,3,2,195,0.3997776695747256,,249,2.0,232,1.99908989378162,5.666666666666667,3.0
noise_scan_raw,gaussian,3,2,194,0.0999450223075228,,249,2.0,232,1.99908989378162,5.666666666666667,3.0
noise_scan_raw,gaussian,3,2,193,0.2998297299304673,,249,2.0,232,1.99908989378162,5.666666666666667,3.0
noise_scan_raw,gaussian,3,2,192,0.1999098183233143,,249,2.0,232,1.99908989378162,5.666666666666667,3.0
noise_scan_raw,gaussian,3,2,191,0.29986649258416853,,249,2.0,232,1.99908989378162,5.666666666666667,3.0
noise_scan_raw,gaussian,3,2,190,0.19989006366756717,,249,2.0,232,1.99908989378162,5.666666666666667,3.0
noise_scan_raw,gaussian,3,2,189,0.09994341001404707,,249,2.0,232,1.99908989378162,5.666666666666667,3.0
noise_scan_raw,gaussian,3,2,188,0.39978754843075337,,249,2.0,232,1.99908989378162,5.666666666666667,3.0
noise_scan_raw,gaussian,3,2,187,0.19989219280973555,,249,2.0,232,1.99908989378162,5.666666666666667,3.0
noise_scan_raw,gaussian,3,2,186,0.2998384678359218,,249,2.0,232,1.99908989378162,5.666666666666667,3.0
noise_scan_raw,gaussian,3,2,185,0.39979457919654215,,249,2.0,232,1.99908989378162,5.666666666666667,3.0
noise_scan_raw,gaussian,3,2,184,0.19989556999850733,,249,2.0,232,1.99908989378162,5.666666666666667,3.0
noise_scan_raw,gaussian,3,2,183,0.2998615403544415,,249,2.0,232,1.99908989378162,5.666666666666667,3.0
noise_scan_raw,gaussian,3,2,182,0.29984706334528577,,249,2.0,232,1.99908989378162,5.666666666666667,3.0
noise_scan_raw,gaussian,3,2,181,0.0999488210480297,,249,2.0,232,1.99908989378162,5.666666666666667,3.0
noise_scan_raw,gaussian,3,2,180,0.19989309306469852,,249,2.0,232,1.99908989378162,5.666666666666667,3.0
noise_scan_raw,gaussian,3,2,179,0.19989206420254566,,249,2.0,232,1.99908989378162,5.666666666666667,3.0
noise_scan_raw,gaussian,3,2,178,0.09994897586176033,,249,2.0,232,1.99908989378162,5.666666666666667,3.0
noise_scan_raw,gaussian,3,2,177,0.19991026614711876,,249,2.0,232,1.99908989378162,5.666666666666667,3.0
noise_scan_raw,gaussian,3,2,176,0.299828315337909,,249,2.0,232,1.99908989378162,5.666666666666667,3.0
noise_scan_raw,gaussian,3,2,175,0.0999481660721683,,249,2.0,232,1.99908989378162,5.666666666666667,3.0
noise_scan_raw,gaussian,3,2,174,0.09995479958811312,,249,2.0,232,1.99908989378162,5.666666666666667,3.0
noise_scan_raw,gaussian,3,2,173,0.19991100934849867,,249,2.0,232,1.99908989378162,5.666666666666667,3.0
noise_scan_raw,gaussian,3,2,172,0.09994510804393529,,249,2.0,232,1.99908989378162,5.666666666666667,3.0
noise_scan_raw,gaussian,3,2,171,0.09995598108943217,,249,2.0,232,1.99908989378162,5.666666666666667,3.0
noise_scan_raw,gaussian,3,2,170,0.09994643221387463,,249,2.0,232,1.99908989378162,5.666666666666667,3.0
noise_scan_raw,gaussian,3,2,169,0.19988789170349996,,249,2.0,232,1.99908989378162,5.666666666666667,3.0
noise_scan_raw,gaussian,3,2,168,0.0999445364706304,,249,2.0,232,1.99908989378162,5.666666666666667,3.0
noise_scan_raw,gaussian,3,2,167,0.09994646317510235,,249,2.0,232,1.99908989378162,5.666666666666667,3.0
noise_scan_raw,gaussian,3,2,166,0.09995393491835661,,249,2.0,232,1.99908989378162,5.666666666666667,3.0
noise_scan_raw,gaussian,3,2,165,0.09994527951720159,,249,2.0,232,1.99908989378162,5.666666666666667,3.0
noise_scan_raw,gaussian,3,2,164,0.0,,249,2.0,232,1.99908989378162,5.666666666666667,3.0
noise_scan_raw,gaussian,3,2,163,0.0999433433324238,,249,2.0,232,1.99908989378162,5.666666666666667,3.0
noise_scan_raw,gaussian,3,2,162,0.09995940664831542,,249,2.0,232,1.99908989378162,5.666666666666667,3.0
noise_scan_raw,gaussian,3,2,161,0.09994974517402708,,249,2.0,232,1.99908989378162,5.666666666666667,3.0
noise_scan_raw,gaussian,3,2,160,0.0999453890698742,,249,2.0,232,1.99908989378162,5.666666666666667,3.0
noise_scan_raw,gaussian,3,2,159,0.09994520330678837,,249,2.0,232,1.99908989378162,5.666666666666667,3.0
noise_scan_raw,gaussian,3,2,158,0.09994642745061053,,249,2.0,232,1.99908989378162,5.666666666666667,3.0
noise_scan_raw,gaussian,3,2,157,0.09994481273024482,,249,2.0,232,1.99908989378162,5.666666666666667,3.0
noise_scan_raw,gaussian,3,2,156,0.09995756282040733,,249,2.0,232,1.99908989378162,5.666666666666667,3.0
noise_scan_raw,gaussian,3,2,155,0.0,,249,2.0,232,1.99908989378162,5.666666666666667,3.0
noise_scan_raw,gaussian,3,2,154,0.0,,249,2.0,232,1.99908989378162,5.666666666666667,3.0
noise_scan_raw,gaussian,3,2,153,0.0,,249,2.0,232,1.99908989378162,5.666666666666667,3.0
noise_scan_raw,gaussian,3,2,152,0.09994647746490623,,249,2.0,232,1.99908989378162,5.666666666666667,3.0
noise_scan_raw,gaussian,3,2,151,0.09994811843789507,,249,2.0,232,1.99908989378162,5.666666666666667,3.0
noise_scan_raw,gaussian,3,2,150,0.09994291942989962,,249,2.0,232,1.99908989378162,5.666666666666667,3.0
noise_scan_raw,gaussian,3,2,149,0.09994225500565035,,249,2.0,232,1.99908989378162,5.666666666666667,3.0
noise_scan_raw,gaussian,3,2,148,0.0999419978115385,,249,2.0,232,1.99908989378162,5.666666666666667,3.0
noise_scan_raw,gaussian,3,2,147,0.0999457820325235,,249,2.0,232,1.99908989378162,5.666666666666667,3.0
noise_scan_raw,gaussian,3,2,146,0.0,,249,2.0,232,1.99908989378162,5.666666666666667,3.0
noise_scan_raw,gaussian,3,2,145,0.0,,249,2.0,232,1.99908989378162,5.666666666666667,3.0
noise_scan_raw,gaussian,3,2,144,0.0,,249,2.0,232,1.99908989378162,5.666666666666667,3.0
noise_scan_raw,gaussian,3,2,143,0.09994460791693599,,249,2.0,232,1.99908989378162,5.666666666666667,3.0
noise_scan_raw,gaussian,3,2,142,0.09995291305520397,,249,2.0,232,1.99908989378162,5.666666666666667,3.0
noise_scan_raw,gaussian,3,2,141,0.09994563199187453,,249,2.0,232,1.99908989378162,5.666666666666667,3.0
noise_scan_raw,gaussian,3,2,140,0.0,,249,2.0,232,1.99908989378162,5.666666666666667,3.0
noise_scan_raw,gaussian,3,2,139,0.0,,249,2.0,232,1.99908989378162,5.666666666666667,3.0
noise_scan_raw,gaussian,3,2,138,0.09994248600519401,,249,2.0,232,1.99908989378162,5.666666666666667,3.0
noise_scan_raw,gaussian,3,2,137,0.0,,249,2.0,232,1.99908989378162,5.666666666666667,3.0
noise_scan_raw,gaussian,3,2,136,0.0,,249,2.0,232,1.99908989378162,5.666666666666667,3.0
noise_scan_raw,gaussian,3,2,135,0.0,,249,2.0,232,1.99908989378162,5.666666666666667,3.0
noise_scan_raw,gaussian,3,2,134,0.0,,249,2.0,232,1.99908989378162,5.666666666666667,3.0
noise_scan_raw,gaussian,3,2,133,0.0,,249,2.0,232,1.99908989378162,5.666666666666667,3.0
noise_scan_raw,gaussian,3,2,132,0.0,,249,2.0,232,1.99908989378162,5.666666666666667,3.0
noise_scan_raw,gaussian,3,2,131,0.0,,249,2.0,232,1.99908989378162,5.666666666666667,3.0
noise_scan_raw,gaussian,3,2,130,0.0,,249,2.0,232,1.99908989378162,5.666666666666667,3.0
noise_scan_raw,gaussian,3,2,129,0.0,,249,2.0,232,1.99908989378162,5.666666666666667,3.0
noise_scan_raw,gaussian,3,2,128,0.0,,249,2.0,232,1.99908989378162,5.666666666666667,3.0
noise_scan_raw,gaussian,3,2,127,0.0,,249,2.0,232,1.99908989378162,5.666666666666667,3.0
noise_scan_raw,gaussian,3,2,126,0.0,,249,2.0,232,1.99908989378162,5.666666666666667,3.0
noise_scan_raw,gaussian,3,2,125,0.0,,249,2.0,232,1.99908989378162,5.666666666666667,3.0
noise_scan_raw,gaussian,3,2,124,0.0,,249,2.0,232,1.99908989378162,5.666666666666667,3.0
noise_scan_raw,gaussian,3,2,123,0.0,,249,2.0,232,1.99908989378162,5.666666666666667,3.0
noise_scan_raw,gaussian,3,2,122,0.0,,249,2.0,232,1.99908989378162,5.666666666666667,3.0
noise_scan_raw,gaussian,3,2,121,0.0,,249,2.0,232,1.99908989378162,5.666666666666667,3.0
noise_scan_raw,gaussian,3,2,120,0.0,,249,2.0,232,1.99908989378162,5.666666666666667,3.0
noise_scan_raw,gaussian,3,2,119,0.0,,249,2.0,232,1.99908989378162,5.666666666666667,3.0
noise_scan_raw,gaussian,3,2,118,0.0,,249,2.0,232,1.99908989378162,5.666666666666667,3.0
noise_scan_raw,gaussian,3,2,117,0.0,,249,2.0,232,1.99908989378162,5.666666666666667,3.0
noise_scan_raw,gaussian,3,2,116,0.0,,249,2.0,232,1.99908989378162,5.666666666666667,3.0
noise_scan_raw,gaussian,3,2,115,0.0,,249,2.0,232,1.99908989378162,5.666666666666667,3.0
noise_scan_raw,gaussian,3,2,114,0.0,,249,2.0,232,1.99908989378162,5.666666666666667,3.0
noise_scan_raw,gaussian,3,2,113,0.0,,249,2.0,232,1.99908989378162,5.666666666666667,3.0
noise_scan_raw,gaussian,3,2,112,0.0,,249,2.0,232,1.99908989378162,5.666666666666667,3.0
noise_scan_raw,gaussian,3,2,111,0.0,,249,2.0,232,1.99908989378162,5.666666666666667,3.0
noise_scan_raw,gaussian,3,2,110,0.0,,249,2.0,232,1.99908989378162,5.666666666666667,3.0
noise_scan_raw,gaussian,3,2,109,0.0,,249,2.0,232,1.99908989378162,5.666666666666667,3.0
noise_scan_raw,gaussian,3,2,108,0.0,,249,2.0,232,1.99908989378162,5.666666666666667,3.0
noise_scan_raw,gaussian,3,2,107,0.0,,249,2.0,232,1.99908989378162,5.666666666666667,3.0
noise_scan_raw,gaussian,3,2,106,0.0,,249,2.0,232,1.99908989378162,5.666666666666667,3.0
noise_scan_raw,gaussian,3,2,105,0.0,,249,2.0,232,1.99908989378162,5.666666666666667,3.0
noise_scan_raw,gaussian,3,2,104,0.0,,249,2.0,232,1.99908989378162,5.666666666666667,3.0
noise_scan_raw,gaussian,3,2,103,0.0,,249,2.0,232,1.99908989378162,5.666666666666667,3.0
noise_scan_raw,gaussian,3,2,102,0.0,,249,2.0,232,1.99908989378162,5.666666666666667,3.0
noise_scan_raw,gaussian,3,2,101,0.0,,249,2.0,232,1.99908989378162,5.666666666666667,3.0
noise_scan_raw,gaussian,3,2,100,0.0,,249,2.0,232,1.99908989378162,5.666666666666667,3.0
noise_scan_raw,gaussian,3,2,99,0.0,,249,2.0,232,1.99908989378162,5.666666666666667,3.0
noise_scan_raw,gaussian,3,2,98,0.0,,249,2.0,232,1.99908989378162,5.666666666666667,3.0
noise_scan_raw,gaussian,3,2,97,0.0,,249,2.0,232,1.99908989378162,5.666666666666667,3.0
noise_scan_raw,gaussian,3,2,96,0.0,,249,2.0,232,1.99908989378162,5.666666666666667,3.0
noise_scan_raw,gaussian,3,2,95,0.0,,249,2.0,232,1.99908989378162,5.666666666666667,3.0
noise_scan_raw,gaussian,3,2,94,0.0,,249,2.0,232,1.99908989378162,5.666666666666667,3.0
noise_scan_raw,gaussian,3,2,93,0.0,,249,2.0,232,1.99908989378162,5.666666666666667,3.0
noise_scan_raw,gaussian,3,2,92,0.0,,249,2.0,232,1.99908989378162,5.666666666666667,3.0
noise_scan_raw,gaussian,3,2,91,0.0,,249,2.0,232,1.99908989378162,5.666666666666667,3.0
noise_scan_raw,gaussian,3,2,90,0.0,,249,2.0,232,1.99908989378162,5.666666666666667,3.0
noise_scan_raw,gaussian,3,2,89,0.0,,249,2.0,232,1.99908989378162,5.666666666666667,3.0
noise_scan_raw,gaussian,3,2,88,0.0,,249,2.0,232,1.99908989378162,5.666666666666667,3.0
noise_scan_raw,gaussian,3,2,87,0.0,,249,2.0,232,1.99908989378162,5.666666666666667,3.0
noise_scan_raw,gaussian,3,2,86,0.0,,249,2.0,232,1.99908989378162,5.666666666666667,3.0
noise_scan_raw,gaussian,3,2,85,0.0,,249,2.0,232,1.99908989378162,5.666666666666667,3.0
noise_scan_raw,gaussian,3,2,84,0.0,,249,2.0,232,1.99908989378162,5.666666666666667,3.0
noise_scan_raw,gaussian,3,2,83,0.0,,249,2.0,232,1.99908989378162,5.666666666666667,3.0
noise_scan_raw,gaussian,3,2,82,0.0,,249,2.0,232,1.99908989378162,5.666666666666667,3.0
noise_scan_raw,gaussian,3,2,81,0.0,,249,2.0,232,1.99908989378162,5.666666666666667,3.0
noise_scan_raw,gaussian,3,2,80,0.0,,249,2.0,232,1.99908989378162,5.666666666666667,3.0
noise_scan_raw,gaussian,3,2,79,0.0,,249,2.0,232,1.99908989378162,5.666666666666667,3.0
noise_scan_raw,gaussian,3,2,78,0.0,,249,2.0,232,1.99908989378162,5.666666666666667,3.0
noise_scan_raw,gaussian,3,2,77,0.0,,249,2.0,232,1.99908989378162,5.666666666666667,3.0
noise_scan_raw,gaussian,3,2,76,0.0,,249,2.0,232,1.99908989378162,5.666666666666667,3.0
noise_scan_raw,gaussian,3,2,75,0.0,,249,2.0,232,1.99908989378162,5.666666666666667,3.0
noise_scan_raw,gaussian,3,2,74,0.0,,249,2.0,232,1.99908989378162,5.666666666666667,3.0
noise_scan_raw,gaussian,3,2,73,0.0,,249,2.0,232,1.99908989378162,5.666666666666667,3.0
noise_scan_raw,gaussian,3,2,72,0.0,,249,2.0,232,1.99908989378162,5.666666666666667,3.0
noise_scan_raw,gaussian,3,2,71,0.0,,249,2.0,232,1.99908989378162,5.666666666666667,3.0
noise_scan_raw,gaussian,3,2,70,0.0,,249,2.0,232,1.99908989378162,5.666666666666667,3.0
noise_scan_raw,gaussian,3,2,69,0.0,,249,2.0,232,1.99908989378162,5.666666666666667,3.0
noise_scan_raw,gaussian,3,2,68,0.0,,249,2.0,232,1.99908989378162,5.666666666666667,3.0
noise_scan_raw,gaussian,3,2,67,0.0,,249,2.0,232,1.99908989378162,5.666666666666667,3.0
noise_scan_raw,gaussian,3,2,66,0.0,,249,2.0,232,1.99908989378162,5.666666666666667,3.0
noise_scan_raw,gaussian,3,2,65,0.0,,249,2.0,232,1.99908989378162,5.666666666666667,3.0
noise_scan_raw,gaussian,3,2,64,0.0,,249,2.0,232,1.99908989378162,5.666666666666667,3.0
noise_scan_raw,gaussian,3,2,63,0.0,,249,2.0,232,1.99908989378162,5.666666666666667,3.0
noise_scan_raw,gaussian,3,2,62,0.0,,249,2.0,232,1.99908989378162,5.666666666666667,3.0
noise_scan_raw,gaussian,3,2,61,0.0,,249,2.0,232,1.99908989378162,5.666666666666667,3.0
noise_scan_raw,gaussian,3,2,60,0.0,,249,2.0,232,1.99908989378162,5.666666666666667,3.0
noise_scan_raw,gaussian,3,2,59,0.0,,249,2.0,232,1.99908989378162,5.666666666666667,3.0
noise_scan_raw,gaussian,3,2,58,0.0,,249,2.0,232,1.99908989378162,5.666666666666667,3.0
noise_scan_raw,gaussian,3,2,57,0.0,,249,2.0,232,1.99908989378162,5.666666666666667,3.0
noise_scan_raw,gaussian,3,2,56,0.0,,249,2.0,232,1.99908989378162,5.666666666666667,3.0
noise_scan_raw,gaussian,3,2,55,0.0,,249,2.0,232,1.99908989378162,5.666666666666667,3.0
noise_scan_raw,gaussian,3,2,54,0.0,,249,2.0,232,1.99908989378162,5.666666666666667,3.0
noise_scan_raw,gaussian,3,2,53,0.0,,249,2.0,232,1.99908989378162,5.666666666666667,3.0
noise_scan_raw,gaussian,3,2,52,0.0,,249,2.0,232,1.99908989378162,5.666666666666667,3.0
noise_scan_raw,gaussian,3,2,51,0.0,,249,2.0,232,1.99908989378162,5.666666666666667,3.0
noise_scan_raw,gaussian,3,2,50,0.0,,249,2.0,232,1.99908989378162,5.666666666666667,3.0
noise_scan_raw,gaussian,3,2,49,0.0,,249,2.0,232,1.99908989378162,5.666666666666667,3.0
noise_scan_raw,gaussian,3,2,48,0.0,,249,2.0,232,1.99908989378162,5.666666666666667,3.0
noise_scan_raw,gaussian,3,2,47,0.0,,249,2.0,232,1.99908989378162,5.666666666666667,3.0
noise_scan_raw,gaussian,3,2,46,0.0,,249,2.0,232,1.99908989378162,5.666666666666667,3.0
noise_scan_raw,gaussian,3,2,45,0.0,,249,2.0,232,1.99908989378162,5.666666666666667,3.0
noise_scan_raw,gaussian,3,2,44,0.0,,249,2.0,232,1.99908989378162,5.666666666666667,3.0
noise_scan_raw,gaussian,3,2,43,0.0,,249,2.0,232,1.99908989378162,5.666666666666667,3.0
noise_scan_raw,gaussian,3,2,42,0.0,,249,2.0,232,1.99908989378162,5.666666666666667,3.0
noise_scan_raw,gaussian,3,2,41,0.0,,249,2.0,232,1.99908989378162,5.666666666666667,3.0
noise_scan_raw,gaussian,3,2,40,0.0,,249,2.0,232,1.99908989378162,5.666666666666667,3.0
noise_scan_raw,gaussian,3,2,39,0.0,,249,2.0,232,1.99908989378162,5.666666666666667,3.0
noise_scan_raw,gaussian,3,2,38,0.0,,249,2.0,232,1.99908989378162,5.666666666666667,3.0
noise_scan_raw,gaussian,3,2,37,0.0,,249,2.0,232,1.99908989378162,5.666666666666667,3.0
noise_scan_raw,gaussian,3,2,36,0.0,,249,2.0,232,1.99908989378162,5.666666666666667,3.0
noise_scan_raw,gaussian,3,2,35,0.0,,249,2.0,232,1.99908989378162,5.666666666666667,3.0
noise_scan_raw,gaussian,3,2,34,0.0,,249,2.0,232,1.99908989378162,5.666666666666667,3.0
noise_scan_raw,gaussian,3,2,33,0.0,,249,2.0,232,1.99908989378162,5.666666666666667,3.0
noise_scan_raw,gaussian,3,2,32,0.0,,249,2.0,232,1.99908989378162,5.666666666666667,3.0
noise_scan_raw,gaussian,3,2,31,0.0,,249,2.0,232,1.99908989378162,5.666666666666667,3.0
noise_scan_raw,gaussian,3,2,30,0.0,,249,2.0,232,1.99908989378162,5.666666666666667,3.0
noise_scan_raw,gaussian,3,2,29,0.0,,249,2.0,232,1.99908989378162,5.666666666666667,3.0
noise_scan_raw,gaussian,3,2,28,0.0,,249,2.0,232,1.99908989378162,5.666666666666667,3.0
noise_scan_raw,gaussian,3,2,27,0.0,,249,2.0,232,1.99908989378162,5.666666666666667,3.0
noise_scan_raw,gaussian,3,2,26,0.0,,249,2.0,232,1.99908989378162,5.666666666666667,3.0
noise_scan_raw,gaussian,3,2,25,0.0,,249,2.0,232,1.99908989378162,5.666666666666667,3.0
noise_scan_raw,gaussian,3,2,24,0.0,,249,2.0,232,1.99908989378162,5.666666666666667,3.0
noise_scan_raw,gaussian,3,2,23,0.0,,249,2.0,232,1.99908989378162,5.666666666666667,3.0
noise_scan_raw,gaussian,3,2,22,0.0,,249,2.0,232,1.99908989378162,5.666666666666667,3.0
noise_scan_raw,gaussian,3,2,21,0.0,,249,2.0,232,1.99908989378162,5.666666666666667,3.0
noise_scan_raw,gaussian,3,2,20,0.0,,249,2.0,232,1.99908989378162,5.666666666666667,3.0
noise_scan_raw,gaussian,3,2,19,0.0,,249,2.0,232,1.99908989378162,5.666666666666667,3.0
noise_scan_raw,gaussian,3,2,18,0.0,,249,2.0,232,1.99908989378162,5.666666666666667,3.0
noise_scan_raw,gaussian,3,2,17,0.0,,249,2.0,232,1.99908989378162,5.666666666666667,3.0
noise_scan_raw,gaussian,3,2,16,0.0,,249,2.0,232,1.99908989378162,5.666666666666667,3.0
noise_scan_raw,gaussian,3,2,15,0.0,,249,2.0,232,1.99908989378162,5.666666666666667,3.0
noise_scan_raw,gaussian,3,2,14,0.0,,249,2.0,232,1.99908989378162,5.666666666666667,3.0
noise_scan_raw,gaussian,3,2,13,0.0,,249,2.0,232,1.99908989378162,5.666666666666667,3.0
noise_scan_raw,gaussian,3,2,12,0.0,,249,2.0,232,1.99908989378162,5.666666666666667,3.0
noise_scan_raw,gaussian,3,2,11,0.0,,249,2.0,232,1.99908989378162,5.666666666666667,3.0
noise_scan_raw,gaussian,3,2,10,0.0,,249,2.0,232,1.99908989378162,5.666666666666667,3.0
noise_scan_raw,gaussian,3,2,9,0.0,,249,2.0,232,1.99908989378162,5.666666666666667,3.0
noise_scan_raw,gaussian,3,2,8,0.0,,249,2.0,232,1.99908989378162,5.666666666666667,3.0
noise_scan_raw,gaussian,3,2,7,0.0,,249,2.0,232,1.99908989378162,5.666666666666667,3.0
noise_scan_raw,gaussian,3,2,6,0.0,,249,2.0,232,1.99908989378162,5.666666666666667,3.0
noise_scan_raw,gaussian,3,2,5,0.0,,249,2.0,232,1.99908989378162,5.666666666666667,3.0
noise_scan_raw,gaussian,3,2,4,0.0,,249,2.0,232,1.99908989378162,5.666666666666667,3.0
noise_scan_raw,gaussian,3,2,3,0.0,,249,2.0,232,1.99908989378162,5.666666666666667,3.0
noise_scan_raw,gaussian,3,2,2,0.0,,249,2.0,232,1.99908989378162,5.666666666666667,3.0
noise_scan_raw,gaussian,3,2,1,0.0,,249,2.0,232,1.99908989378162,5.666666666666667,3.0
noise_scan_raw,gaussian,3,2,0,0.0,,249,2.0,232,1.99908989378162,5.666666666666667,3.0
