run_timestamp,position_mm,delta_mm,sensor,chip,threshold,threshold_reg,counter_index,vth_bl,dac,integration_requested_s,measured_time_s,count_initial,count_final,hits,hits_per_s,status,analysis_mode,note
2026-05-21T11:05:19,87.3,40.0,sensor1_raspberry,5,TH0,4,0,107,255,20.000,20.706,455020,7456615,7001595,350079.750000,SUCCESS,sync_counter,sync_with_sensor2_IC1_TH0
2026-05-21T11:05:19,87.3,40.0,sensor2_serial,1,0,4,0,120,255,20.000,20.706,15522023,1688945,2944138,147206.900000,SUCCESS,sync_sigmoid,sync_with_sensor1_matrix5
2026-05-21T11:05:42,87.3,40.0,sensor1_raspberry,5,TH0,4,0,107,254,20.000,20.766,8051541,13187373,5135832,256791.600000,SUCCESS,sync_counter,sync_with_sensor2_IC1_TH0
2026-05-21T11:05:42,87.3,40.0,sensor2_serial,1,0,4,0,120,254,20.000,20.766,1977363,5202237,3224874,161243.700000,SUCCESS,sync_sigmoid,sync_with_sensor1_matrix5
2026-05-21T11:06:04,87.3,40.0,sensor1_raspberry,5,TH0,4,0,107,253,20.000,20.777,13464726,14740796,1276070,63803.500000,SUCCESS,sync_counter,sync_with_sensor2_IC1_TH0
2026-05-21T11:06:04,87.3,40.0,sensor2_serial,1,0,4,0,120,253,20.000,20.777,5520952,8806841,3285889,164294.450000,SUCCESS,sync_sigmoid,sync_with_sensor1_matrix5
2026-05-21T11:06:27,87.3,40.0,sensor1_raspberry,5,TH0,4,0,107,252,20.000,20.738,14815412,15283427,468015,23400.750000,SUCCESS,sync_counter,sync_with_sensor2_IC1_TH0
2026-05-21T11:06:27,87.3,40.0,sensor2_serial,1,0,4,0,120,252,20.000,20.738,9130651,12146057,3015406,150770.300000,SUCCESS,sync_sigmoid,sync_with_sensor1_matrix5
2026-05-21T11:06:50,87.3,40.0,sensor1_raspberry,5,TH0,4,0,107,251,20.000,20.737,15305482,15396103,90621,4531.050000,SUCCESS,sync_counter,sync_with_sensor2_IC1_TH0
2026-05-21T11:06:50,87.3,40.0,sensor2_serial,1,0,4,0,120,251,20.000,20.737,12423039,14746653,2323614,116180.700000,SUCCESS,sync_sigmoid,sync_with_sensor1_matrix5
2026-05-21T11:07:13,87.3,40.0,sensor1_raspberry,5,TH0,4,0,107,250,20.000,20.749,15401142,15426632,25490,1274.500000,SUCCESS,sync_counter,sync_with_sensor2_IC1_TH0
2026-05-21T11:07:13,87.3,40.0,sensor2_serial,1,0,4,0,120,250,20.000,20.749,14959389,16642446,1683057,84152.850000,SUCCESS,sync_sigmoid,sync_with_sensor1_matrix5
2026-05-21T11:07:36,87.3,40.0,sensor1_raspberry,5,TH0,4,0,107,249,20.000,20.687,15427858,15429662,1804,90.200000,SUCCESS,sync_counter,sync_with_sensor2_IC1_TH0
2026-05-21T11:07:36,87.3,40.0,sensor2_serial,1,0,4,0,120,249,20.000,20.687,29553,1130392,1100839,55041.950000,SUCCESS,sync_sigmoid,sync_with_sensor1_matrix5
2026-05-21T11:07:59,87.3,40.0,sensor1_raspberry,5,TH0,4,0,107,248,20.000,20.771,15429763,15430161,398,19.900000,SUCCESS,sync_counter,sync_with_sensor2_IC1_TH0
2026-05-21T11:07:59,87.3,40.0,sensor2_serial,1,0,4,0,120,248,20.000,20.771,1217651,1695912,478261,23913.050000,SUCCESS,sync_sigmoid,sync_with_sensor1_matrix5
2026-05-21T11:08:21,87.3,40.0,sensor1_raspberry,5,TH0,4,0,107,247,20.000,20.743,15430194,15430265,71,3.550000,SUCCESS,sync_counter,sync_with_sensor2_IC1_TH0
2026-05-21T11:08:21,87.3,40.0,sensor2_serial,1,0,4,0,120,247,20.000,20.743,1755579,2226223,470644,23532.200000,SUCCESS,sync_sigmoid,sync_with_sensor1_matrix5
2026-05-21T11:08:44,87.3,40.0,sensor1_raspberry,5,TH0,4,0,107,246,20.000,20.745,15430275,15430300,25,1.250000,SUCCESS,sync_counter,sync_with_sensor2_IC1_TH0
2026-05-21T11:08:44,87.3,40.0,sensor2_serial,1,0,4,0,120,246,20.000,20.745,2265510,2486202,220692,11034.600000,SUCCESS,sync_sigmoid,sync_with_sensor1_matrix5
2026-05-21T11:09:07,87.3,40.0,sensor1_raspberry,5,TH0,4,0,107,245,20.000,20.743,15430301,15430304,3,0.150000,SUCCESS,sync_counter,sync_with_sensor2_IC1_TH0
2026-05-21T11:09:07,87.3,40.0,sensor2_serial,1,0,4,0,120,245,20.000,20.743,2507968,2621042,113074,5653.700000,SUCCESS,sync_sigmoid,sync_with_sensor1_matrix5
2026-05-21T11:09:30,87.3,40.0,sensor1_raspberry,5,TH0,4,0,107,244,20.000,20.756,15430304,15430304,0,0.000000,SUCCESS,sync_counter,sync_with_sensor2_IC1_TH0
2026-05-21T11:09:30,87.3,40.0,sensor2_serial,1,0,4,0,120,244,20.000,20.756,2632084,2632116,32,1.600000,SUCCESS,sync_sigmoid,sync_with_sensor1_matrix5
2026-05-21T11:09:53,87.3,40.0,sensor1_raspberry,5,TH0,4,0,107,255,20.000,20.736,15853139,5952451,6876528,343826.400000,SUCCESS,sync_counter,sync_with_sensor2_IC1_TH1
2026-05-21T11:09:53,87.3,40.0,sensor2_serial,1,1,5,1,120,255,20.000,20.736,3944407,5684747,1740340,87017.000000,SUCCESS,sync_sigmoid,sync_with_sensor1_matrix5
2026-05-21T11:10:16,87.3,40.0,sensor1_raspberry,5,TH0,4,0,107,254,20.000,20.750,6508942,11226676,4717734,235886.700000,SUCCESS,sync_counter,sync_with_sensor2_IC1_TH1
2026-05-21T11:10:16,87.3,40.0,sensor2_serial,1,1,5,1,120,254,20.000,20.750,5846798,7495643,1648845,82442.250000,SUCCESS,sync_sigmoid,sync_with_sensor1_matrix5
2026-05-21T11:10:38,87.3,40.0,sensor1_raspberry,5,TH0,4,0,107,253,20.000,20.725,11487270,12582307,1095037,54751.850000,SUCCESS,sync_counter,sync_with_sensor2_IC1_TH1
2026-05-21T11:10:38,87.3,40.0,sensor2_serial,1,1,5,1,120,253,20.000,20.725,7655569,9341798,1686229,84311.450000,SUCCESS,sync_sigmoid,sync_with_sensor1_matrix5
2026-05-21T11:11:01,87.3,40.0,sensor1_raspberry,5,TH0,4,0,107,252,20.000,20.746,12649316,13049309,399993,19999.650000,SUCCESS,sync_counter,sync_with_sensor2_IC1_TH1
2026-05-21T11:11:01,87.3,40.0,sensor2_serial,1,1,5,1,120,252,20.000,20.746,9505660,11364519,1858859,92942.950000,SUCCESS,sync_sigmoid,sync_with_sensor1_matrix5
2026-05-21T11:11:24,87.3,40.0,sensor1_raspberry,5,TH0,4,0,107,251,20.000,20.735,13070248,13146252,76004,3800.200000,SUCCESS,sync_counter,sync_with_sensor2_IC1_TH1
2026-05-21T11:11:24,87.3,40.0,sensor2_serial,1,1,5,1,120,251,20.000,20.735,11547276,13565333,2018057,100902.850000,SUCCESS,sync_sigmoid,sync_with_sensor1_matrix5
2026-05-21T11:11:47,87.3,40.0,sensor1_raspberry,5,TH0,4,0,107,250,20.000,20.815,13150370,13173250,22880,1144.000000,SUCCESS,sync_counter,sync_with_sensor2_IC1_TH1
2026-05-21T11:11:47,87.3,40.0,sensor2_serial,1,1,5,1,120,250,20.000,20.815,13755996,16028683,2272687,113634.350000,SUCCESS,sync_sigmoid,sync_with_sensor1_matrix5
2026-05-21T11:12:10,87.3,40.0,sensor1_raspberry,5,TH0,4,0,107,249,20.000,20.727,13174343,13175862,1519,75.950000,SUCCESS,sync_counter,sync_with_sensor2_IC1_TH1
2026-05-21T11:12:10,87.3,40.0,sensor2_serial,1,1,5,1,120,249,20.000,20.727,16264592,2061459,2574083,128704.150000,SUCCESS,sync_sigmoid,sync_with_sensor1_matrix5
2026-05-21T11:12:33,87.3,40.0,sensor1_raspberry,5,TH0,4,0,107,248,20.000,20.763,13175941,13176217,276,13.800000,SUCCESS,sync_counter,sync_with_sensor2_IC1_TH1
2026-05-21T11:12:33,87.3,40.0,sensor2_serial,1,1,5,1,120,248,20.000,20.763,2313087,5121349,2808262,140413.100000,SUCCESS,sync_sigmoid,sync_with_sensor1_matrix5
2026-05-21T11:12:56,87.3,40.0,sensor1_raspberry,5,TH0,4,0,107,247,20.000,20.744,13176245,13176333,88,4.400000,SUCCESS,sync_counter,sync_with_sensor2_IC1_TH1
2026-05-21T11:12:56,87.3,40.0,sensor2_serial,1,1,5,1,120,247,20.000,20.744,5409083,8216173,2807090,140354.500000,SUCCESS,sync_sigmoid,sync_with_sensor1_matrix5
2026-05-21T11:13:18,87.3,40.0,sensor1_raspberry,5,TH0,4,0,107,246,20.000,20.773,13176339,13176355,16,0.800000,SUCCESS,sync_counter,sync_with_sensor2_IC1_TH1
2026-05-21T11:13:18,87.3,40.0,sensor2_serial,1,1,5,1,120,246,20.000,20.773,8489558,10959075,2469517,123475.850000,SUCCESS,sync_sigmoid,sync_with_sensor1_matrix5
2026-05-21T11:13:41,87.3,40.0,sensor1_raspberry,5,TH0,4,0,107,245,20.000,20.802,13176355,13176357,2,0.100000,SUCCESS,sync_counter,sync_with_sensor2_IC1_TH1
2026-05-21T11:13:41,87.3,40.0,sensor2_serial,1,1,5,1,120,245,20.000,20.802,11197228,13116786,1919558,95977.900000,SUCCESS,sync_sigmoid,sync_with_sensor1_matrix5
2026-05-21T11:14:04,87.3,40.0,sensor1_raspberry,5,TH0,4,0,107,244,20.000,20.734,13176359,13176360,1,0.050000,SUCCESS,sync_counter,sync_with_sensor2_IC1_TH1
2026-05-21T11:14:04,87.3,40.0,sensor2_serial,1,1,5,1,120,244,20.000,20.734,13304701,14581729,1277028,63851.400000,SUCCESS,sync_sigmoid,sync_with_sensor1_matrix5
2026-05-21T11:14:27,87.3,40.0,sensor1_raspberry,5,TH0,4,0,107,255,20.000,20.683,13612957,3710622,6874881,343744.050000,SUCCESS,sync_counter,sync_with_sensor2_IC1_TH2
2026-05-21T11:14:27,87.3,40.0,sensor2_serial,1,2,6,2,120,255,20.000,20.683,13777477,15538469,1760992,88049.600000,SUCCESS,sync_sigmoid,sync_with_sensor1_matrix5
2026-05-21T11:14:50,87.3,40.0,sensor1_raspberry,5,TH0,4,0,107,254,20.000,20.742,4286438,9083144,4796706,239835.300000,SUCCESS,sync_counter,sync_with_sensor2_IC1_TH2
2026-05-21T11:14:50,87.3,40.0,sensor2_serial,1,2,6,2,120,254,20.000,20.742,15707008,785460,1855668,92783.400000,SUCCESS,sync_sigmoid,sync_with_sensor1_matrix5
2026-05-21T11:15:13,87.3,40.0,sensor1_raspberry,5,TH0,4,0,107,253,20.000,20.752,9326927,10391773,1064846,53242.300000,SUCCESS,sync_counter,sync_with_sensor2_IC1_TH2
2026-05-21T11:15:13,87.3,40.0,sensor2_serial,1,2,6,2,120,253,20.000,20.752,962792,2833288,1870496,93524.800000,SUCCESS,sync_sigmoid,sync_with_sensor1_matrix5
2026-05-21T11:15:36,87.3,40.0,sensor1_raspberry,5,TH0,4,0,107,252,20.000,20.757,10457731,10830888,373157,18657.850000,SUCCESS,sync_counter,sync_with_sensor2_IC1_TH2
2026-05-21T11:15:36,87.3,40.0,sensor2_serial,1,2,6,2,120,252,20.000,20.757,3005499,4808576,1803077,90153.850000,SUCCESS,sync_sigmoid,sync_with_sensor1_matrix5
2026-05-21T11:15:58,87.3,40.0,sensor1_raspberry,5,TH0,4,0,107,251,20.000,20.760,10848713,10922808,74095,3704.750000,SUCCESS,sync_counter,sync_with_sensor2_IC1_TH2
2026-05-21T11:15:58,87.3,40.0,sensor2_serial,1,2,6,2,120,251,20.000,20.760,4980145,6828741,1848596,92429.800000,SUCCESS,sync_sigmoid,sync_with_sensor1_matrix5
2026-05-21T11:16:21,87.3,40.0,sensor1_raspberry,5,TH0,4,0,107,250,20.000,20.753,10927092,10949243,22151,1107.550000,SUCCESS,sync_counter,sync_with_sensor2_IC1_TH2
2026-05-21T11:16:21,87.3,40.0,sensor2_serial,1,2,6,2,120,250,20.000,20.753,7014376,9032291,2017915,100895.750000,SUCCESS,sync_sigmoid,sync_with_sensor1_matrix5
2026-05-21T11:16:44,87.3,40.0,sensor1_raspberry,5,TH0,4,0,107,249,20.000,20.743,10950216,10951679,1463,73.150000,SUCCESS,sync_counter,sync_with_sensor2_IC1_TH2
2026-05-21T11:16:44,87.3,40.0,sensor2_serial,1,2,6,2,120,249,20.000,20.743,9230558,11585807,2355249,117762.450000,SUCCESS,sync_sigmoid,sync_with_sensor1_matrix5
2026-05-21T11:17:07,87.3,40.0,sensor1_raspberry,5,TH0,4,0,107,248,20.000,20.738,10951775,10952089,314,15.700000,SUCCESS,sync_counter,sync_with_sensor2_IC1_TH2
2026-05-21T11:17:07,87.3,40.0,sensor2_serial,1,2,6,2,120,248,20.000,20.738,11825688,14478489,2652801,132640.050000,SUCCESS,sync_sigmoid,sync_with_sensor1_matrix5
2026-05-21T11:17:30,87.3,40.0,sensor1_raspberry,5,TH0,4,0,107,247,20.000,20.738,10952105,10952171,66,3.300000,SUCCESS,sync_counter,sync_with_sensor2_IC1_TH2
2026-05-21T11:17:30,87.3,40.0,sensor2_serial,1,2,6,2,120,247,20.000,20.738,14741177,960509,2996548,149827.400000,SUCCESS,sync_sigmoid,sync_with_sensor1_matrix5
2026-05-21T11:17:53,87.3,40.0,sensor1_raspberry,5,TH0,4,0,107,246,20.000,20.749,10952181,10952197,16,0.800000,SUCCESS,sync_counter,sync_with_sensor2_IC1_TH2
2026-05-21T11:17:53,87.3,40.0,sensor2_serial,1,2,6,2,120,246,20.000,20.749,1246044,4010058,2764014,138200.700000,SUCCESS,sync_sigmoid,sync_with_sensor1_matrix5
2026-05-21T11:18:15,87.3,40.0,sensor1_raspberry,5,TH0,4,0,107,245,20.000,20.799,10952199,10952200,1,0.050000,SUCCESS,sync_counter,sync_with_sensor2_IC1_TH2
2026-05-21T11:18:15,87.3,40.0,sensor2_serial,1,2,6,2,120,245,20.000,20.799,4280273,6716432,2436159,121807.950000,SUCCESS,sync_sigmoid,sync_with_sensor1_matrix5
2026-05-21T11:18:48,88.3,39.0,sensor1_raspberry,5,TH0,4,0,107,255,20.000,20.794,11393984,1510820,6894052,344702.600000,SUCCESS,sync_counter,sync_with_sensor2_IC1_TH0
2026-05-21T11:18:48,88.3,39.0,sensor2_serial,1,0,4,0,120,255,20.000,20.794,2753083,5972471,3219388,160969.400000,SUCCESS,sync_sigmoid,sync_with_sensor1_matrix5
2026-05-21T11:19:11,88.3,39.0,sensor1_raspberry,5,TH0,4,0,107,254,20.000,20.739,2068901,6867312,4798411,239920.550000,SUCCESS,sync_counter,sync_with_sensor2_IC1_TH0
2026-05-21T11:19:11,88.3,39.0,sensor2_serial,1,0,4,0,120,254,20.000,20.739,6300082,9641186,3341104,167055.200000,SUCCESS,sync_sigmoid,sync_with_sensor1_matrix5
2026-05-21T11:19:34,88.3,39.0,sensor1_raspberry,5,TH0,4,0,107,253,20.000,20.761,7127650,8251079,1123429,56171.450000,SUCCESS,sync_counter,sync_with_sensor2_IC1_TH0
2026-05-21T11:19:34,88.3,39.0,sensor2_serial,1,0,4,0,120,253,20.000,20.761,9975896,13334141,3358245,167912.250000,SUCCESS,sync_sigmoid,sync_with_sensor1_matrix5
2026-05-21T11:19:57,88.3,39.0,sensor1_raspberry,5,TH0,4,0,107,252,20.000,20.756,8324188,8736429,412241,20612.050000,SUCCESS,sync_counter,sync_with_sensor2_IC1_TH0
2026-05-21T11:19:57,88.3,39.0,sensor2_serial,1,0,4,0,120,252,20.000,20.756,13651524,16420611,2769087,138454.350000,SUCCESS,sync_sigmoid,sync_with_sensor1_matrix5
2026-05-21T11:20:20,88.3,39.0,sensor1_raspberry,5,TH0,4,0,107,251,20.000,20.803,8759768,8845056,85288,4264.400000,SUCCESS,sync_counter,sync_with_sensor2_IC1_TH0
2026-05-21T11:20:20,88.3,39.0,sensor2_serial,1,0,4,0,120,251,20.000,20.803,16693118,2057875,2141973,107098.650000,SUCCESS,sync_sigmoid,sync_with_sensor1_matrix5
2026-05-21T11:20:42,88.3,39.0,sensor1_raspberry,5,TH0,4,0,107,250,20.000,20.786,8849838,8872696,22858,1142.900000,SUCCESS,sync_counter,sync_with_sensor2_IC1_TH0
2026-05-21T11:20:42,88.3,39.0,sensor2_serial,1,0,4,0,120,250,20.000,20.786,2299848,4073907,1774059,88702.950000,SUCCESS,sync_sigmoid,sync_with_sensor1_matrix5
2026-05-21T11:21:05,88.3,39.0,sensor1_raspberry,5,TH0,4,0,107,249,20.000,20.735,8873735,8875209,1474,73.700000,SUCCESS,sync_counter,sync_with_sensor2_IC1_TH0
2026-05-21T11:21:05,88.3,39.0,sensor2_serial,1,0,4,0,120,249,20.000,20.735,4247389,5223463,976074,48803.700000,SUCCESS,sync_sigmoid,sync_with_sensor1_matrix5
2026-05-21T11:21:28,88.3,39.0,sensor1_raspberry,5,TH0,4,0,107,248,20.000,20.718,8875302,8875664,362,18.100000,SUCCESS,sync_counter,sync_with_sensor2_IC1_TH0
2026-05-21T11:21:28,88.3,39.0,sensor2_serial,1,0,4,0,120,248,20.000,20.718,5315491,5758694,443203,22160.150000,SUCCESS,sync_sigmoid,sync_with_sensor1_matrix5
2026-05-21T11:21:51,88.3,39.0,sensor1_raspberry,5,TH0,4,0,107,247,20.000,20.775,8875682,8875777,95,4.750000,SUCCESS,sync_counter,sync_with_sensor2_IC1_TH0
2026-05-21T11:21:51,88.3,39.0,sensor2_serial,1,0,4,0,120,247,20.000,20.775,5803354,6189848,386494,19324.700000,SUCCESS,sync_sigmoid,sync_with_sensor1_matrix5
2026-05-21T11:22:14,88.3,39.0,sensor1_raspberry,5,TH0,4,0,107,246,20.000,20.726,8875784,8875814,30,1.500000,SUCCESS,sync_counter,sync_with_sensor2_IC1_TH0
2026-05-21T11:22:14,88.3,39.0,sensor2_serial,1,0,4,0,120,246,20.000,20.726,6227105,6419802,192697,9634.850000,SUCCESS,sync_sigmoid,sync_with_sensor1_matrix5
2026-05-21T11:22:37,88.3,39.0,sensor1_raspberry,5,TH0,4,0,107,245,20.000,20.764,8875815,8875833,18,0.900000,SUCCESS,sync_counter,sync_with_sensor2_IC1_TH0
2026-05-21T11:22:37,88.3,39.0,sensor2_serial,1,0,4,0,120,245,20.000,20.764,6436951,6510993,74042,3702.100000,SUCCESS,sync_sigmoid,sync_with_sensor1_matrix5
2026-05-21T11:22:59,88.3,39.0,sensor1_raspberry,5,TH0,4,0,107,244,20.000,20.715,8875834,8875849,15,0.750000,SUCCESS,sync_counter,sync_with_sensor2_IC1_TH0
2026-05-21T11:22:59,88.3,39.0,sensor2_serial,1,0,4,0,120,244,20.000,20.715,6511029,6516855,5826,291.300000,SUCCESS,sync_sigmoid,sync_with_sensor1_matrix5
2026-05-21T11:23:22,88.3,39.0,sensor1_raspberry,5,TH0,4,0,107,243,20.000,20.700,8875852,8875862,10,0.500000,SUCCESS,sync_counter,sync_with_sensor2_IC1_TH0
2026-05-21T11:23:22,88.3,39.0,sensor2_serial,1,0,4,0,120,243,20.000,20.700,6543292,6555955,12663,633.150000,SUCCESS,sync_sigmoid,sync_with_sensor1_matrix5
2026-05-21T11:23:45,88.3,39.0,sensor1_raspberry,5,TH0,4,0,107,242,20.000,20.741,8875863,8875874,11,0.550000,SUCCESS,sync_counter,sync_with_sensor2_IC1_TH0
2026-05-21T11:23:45,88.3,39.0,sensor2_serial,1,0,4,0,120,242,20.000,20.741,6555982,6556789,807,40.350000,SUCCESS,sync_sigmoid,sync_with_sensor1_matrix5
2026-05-21T11:24:08,88.3,39.0,sensor1_raspberry,5,TH0,4,0,107,241,20.000,20.735,8875874,8875884,10,0.500000,SUCCESS,sync_counter,sync_with_sensor2_IC1_TH0
2026-05-21T11:24:08,88.3,39.0,sensor2_serial,1,0,4,0,120,241,20.000,20.735,6560522,6560819,297,14.850000,SUCCESS,sync_sigmoid,sync_with_sensor1_matrix5
2026-05-21T11:24:31,88.3,39.0,sensor1_raspberry,5,TH0,4,0,107,240,20.000,20.732,8875884,8875887,3,0.150000,SUCCESS,sync_counter,sync_with_sensor2_IC1_TH0
2026-05-21T11:24:31,88.3,39.0,sensor2_serial,1,0,4,0,120,240,20.000,20.732,6562882,6563006,124,6.200000,SUCCESS,sync_sigmoid,sync_with_sensor1_matrix5
2026-05-21T11:24:54,88.3,39.0,sensor1_raspberry,5,TH0,4,0,107,239,20.000,20.769,8875888,8875889,1,0.050000,SUCCESS,sync_counter,sync_with_sensor2_IC1_TH0
2026-05-21T11:24:54,88.3,39.0,sensor2_serial,1,0,4,0,120,239,20.000,20.769,6563472,6563534,62,3.100000,SUCCESS,sync_sigmoid,sync_with_sensor1_matrix5
2026-05-21T11:25:16,88.3,39.0,sensor1_raspberry,5,TH0,4,0,107,255,20.000,20.743,9324082,16359626,7035544,351777.200000,SUCCESS,sync_counter,sync_with_sensor2_IC1_TH1
2026-05-21T11:25:16,88.3,39.0,sensor2_serial,1,1,5,1,120,255,20.000,20.743,14667782,16187910,1520128,76006.400000,SUCCESS,sync_sigmoid,sync_with_sensor1_matrix5
2026-05-21T11:25:39,88.3,39.0,sensor1_raspberry,5,TH0,4,0,107,254,20.000,20.756,154283,5088222,4933939,246696.950000,SUCCESS,sync_counter,sync_with_sensor2_IC1_TH1
2026-05-21T11:25:39,88.3,39.0,sensor2_serial,1,1,5,1,120,254,20.000,20.756,16327118,1032188,1482286,74114.300000,SUCCESS,sync_sigmoid,sync_with_sensor1_matrix5
2026-05-21T11:26:02,88.3,39.0,sensor1_raspberry,5,TH0,4,0,107,253,20.000,20.759,5357753,6431900,1074147,53707.350000,SUCCESS,sync_counter,sync_with_sensor2_IC1_TH1
2026-05-21T11:26:02,88.3,39.0,sensor2_serial,1,1,5,1,120,253,20.000,20.759,1188632,2868914,1680282,84014.100000,SUCCESS,sync_sigmoid,sync_with_sensor1_matrix5
2026-05-21T11:26:25,88.3,39.0,sensor1_raspberry,5,TH0,4,0,107,252,20.000,20.733,6505771,6917008,411237,20561.850000,SUCCESS,sync_counter,sync_with_sensor2_IC1_TH1
2026-05-21T11:26:25,88.3,39.0,sensor2_serial,1,1,5,1,120,252,20.000,20.733,3034793,4947626,1912833,95641.650000,SUCCESS,sync_sigmoid,sync_with_sensor1_matrix5
2026-05-21T11:26:48,88.3,39.0,sensor1_raspberry,5,TH0,4,0,107,251,20.000,20.778,6937736,7022213,84477,4223.850000,SUCCESS,sync_counter,sync_with_sensor2_IC1_TH1
2026-05-21T11:26:48,88.3,39.0,sensor2_serial,1,1,5,1,120,251,20.000,20.778,5131236,7259959,2128723,106436.150000,SUCCESS,sync_sigmoid,sync_with_sensor1_matrix5
2026-05-21T11:27:11,88.3,39.0,sensor1_raspberry,5,TH0,4,0,107,250,20.000,20.748,7026751,7048933,22182,1109.100000,SUCCESS,sync_counter,sync_with_sensor2_IC1_TH1
2026-05-21T11:27:11,88.3,39.0,sensor2_serial,1,1,5,1,120,250,20.000,20.748,7478757,9928950,2450193,122509.650000,SUCCESS,sync_sigmoid,sync_with_sensor1_matrix5
2026-05-21T11:27:34,88.3,39.0,sensor1_raspberry,5,TH0,4,0,107,249,20.000,20.722,7049807,7051123,1316,65.800000,SUCCESS,sync_counter,sync_with_sensor2_IC1_TH1
2026-05-21T11:27:34,88.3,39.0,sensor2_serial,1,1,5,1,120,249,20.000,20.722,10176632,13014939,2838307,141915.350000,SUCCESS,sync_sigmoid,sync_with_sensor1_matrix5
2026-05-21T11:27:56,88.3,39.0,sensor1_raspberry,5,TH0,4,0,107,248,20.000,20.796,7051206,7051557,351,17.550000,SUCCESS,sync_counter,sync_with_sensor2_IC1_TH1
2026-05-21T11:27:56,88.3,39.0,sensor2_serial,1,1,5,1,120,248,20.000,20.796,13282145,16196436,2914291,145714.550000,SUCCESS,sync_sigmoid,sync_with_sensor1_matrix5
2026-05-21T11:28:19,88.3,39.0,sensor1_raspberry,5,TH0,4,0,107,247,20.000,20.775,7051580,7051667,87,4.350000,SUCCESS,sync_counter,sync_with_sensor2_IC1_TH1
2026-05-21T11:28:19,88.3,39.0,sensor2_serial,1,1,5,1,120,247,20.000,20.775,16491495,2529725,2815446,140772.300000,SUCCESS,sync_sigmoid,sync_with_sensor1_matrix5
2026-05-21T11:28:42,88.3,39.0,sensor1_raspberry,5,TH0,4,0,107,246,20.000,20.740,7051678,7051714,36,1.800000,SUCCESS,sync_counter,sync_with_sensor2_IC1_TH1
2026-05-21T11:28:42,88.3,39.0,sensor2_serial,1,1,5,1,120,246,20.000,20.740,2802439,5092208,2289769,114488.450000,SUCCESS,sync_sigmoid,sync_with_sensor1_matrix5
2026-05-21T11:29:05,88.3,39.0,sensor1_raspberry,5,TH0,4,0,107,245,20.000,20.725,7051718,7051743,25,1.250000,SUCCESS,sync_counter,sync_with_sensor2_IC1_TH1
2026-05-21T11:29:05,88.3,39.0,sensor2_serial,1,1,5,1,120,245,20.000,20.725,5300504,6731052,1430548,71527.400000,SUCCESS,sync_sigmoid,sync_with_sensor1_matrix5
2026-05-21T11:29:28,88.3,39.0,sensor1_raspberry,5,TH0,4,0,107,244,20.000,20.754,7051744,7051760,16,0.800000,SUCCESS,sync_counter,sync_with_sensor2_IC1_TH1
2026-05-21T11:29:28,88.3,39.0,sensor2_serial,1,1,5,1,120,244,20.000,20.754,6876929,7832388,955459,47772.950000,SUCCESS,sync_sigmoid,sync_with_sensor1_matrix5
2026-05-21T11:29:51,88.3,39.0,sensor1_raspberry,5,TH0,4,0,107,243,20.000,20.762,7051761,7051774,13,0.650000,SUCCESS,sync_counter,sync_with_sensor2_IC1_TH1
2026-05-21T11:29:51,88.3,39.0,sensor2_serial,1,1,5,1,120,243,20.000,20.762,7932865,8698887,766022,38301.100000,SUCCESS,sync_sigmoid,sync_with_sensor1_matrix5
2026-05-21T11:30:13,88.3,39.0,sensor1_raspberry,5,TH0,4,0,107,242,20.000,20.765,7051775,7051789,14,0.700000,SUCCESS,sync_counter,sync_with_sensor2_IC1_TH1
2026-05-21T11:30:13,88.3,39.0,sensor2_serial,1,1,5,1,120,242,20.000,20.765,8764510,9177272,412762,20638.100000,SUCCESS,sync_sigmoid,sync_with_sensor1_matrix5
2026-05-21T11:30:36,88.3,39.0,sensor1_raspberry,5,TH0,4,0,107,241,20.000,20.681,7051790,7051798,8,0.400000,SUCCESS,sync_counter,sync_with_sensor2_IC1_TH1
2026-05-21T11:30:36,88.3,39.0,sensor2_serial,1,1,5,1,120,241,20.000,20.681,9211535,9361899,150364,7518.200000,SUCCESS,sync_sigmoid,sync_with_sensor1_matrix5
2026-05-21T11:30:59,88.3,39.0,sensor1_raspberry,5,TH0,4,0,107,240,20.000,20.740,7051798,7051802,4,0.200000,SUCCESS,sync_counter,sync_with_sensor2_IC1_TH1
2026-05-21T11:30:59,88.3,39.0,sensor2_serial,1,1,5,1,120,240,20.000,20.740,9373993,9430705,56712,2835.600000,SUCCESS,sync_sigmoid,sync_with_sensor1_matrix5
2026-05-21T11:31:22,88.3,39.0,sensor1_raspberry,5,TH0,4,0,107,239,20.000,20.785,7051802,7051802,0,0.000000,SUCCESS,sync_counter,sync_with_sensor2_IC1_TH1
2026-05-21T11:31:22,88.3,39.0,sensor2_serial,1,1,5,1,120,239,20.000,20.785,9436784,9481673,44889,2244.450000,SUCCESS,sync_sigmoid,sync_with_sensor1_matrix5
2026-05-21T11:31:45,88.3,39.0,sensor1_raspberry,5,TH0,4,0,107,255,20.000,20.743,7483047,14410962,6927915,346395.750000,SUCCESS,sync_counter,sync_with_sensor2_IC1_TH2
2026-05-21T11:31:45,88.3,39.0,sensor2_serial,1,2,6,2,120,255,20.000,20.743,6851148,8616955,1765807,88290.350000,SUCCESS,sync_sigmoid,sync_with_sensor1_matrix5
2026-05-21T11:32:08,88.3,39.0,sensor1_raspberry,5,TH0,4,0,107,254,20.000,20.713,14971129,2937779,4743866,237193.300000,SUCCESS,sync_counter,sync_with_sensor2_IC1_TH2
2026-05-21T11:32:08,88.3,39.0,sensor2_serial,1,2,6,2,120,254,20.000,20.713,8788000,10601425,1813425,90671.250000,SUCCESS,sync_sigmoid,sync_with_sensor1_matrix5
2026-05-21T11:32:30,88.3,39.0,sensor1_raspberry,5,TH0,4,0,107,253,20.000,20.729,3176562,4258499,1081937,54096.850000,SUCCESS,sync_counter,sync_with_sensor2_IC1_TH2
2026-05-21T11:32:30,88.3,39.0,sensor2_serial,1,2,6,2,120,253,20.000,20.729,10769956,12551673,1781717,89085.850000,SUCCESS,sync_sigmoid,sync_with_sensor1_matrix5
2026-05-21T11:32:53,88.3,39.0,sensor1_raspberry,5,TH0,4,0,107,252,20.000,20.746,4325742,4696600,370858,18542.900000,SUCCESS,sync_counter,sync_with_sensor2_IC1_TH2
2026-05-21T11:32:53,88.3,39.0,sensor2_serial,1,2,6,2,120,252,20.000,20.746,12734839,14560159,1825320,91266.000000,SUCCESS,sync_sigmoid,sync_with_sensor1_matrix5
2026-05-21T11:33:16,88.3,39.0,sensor1_raspberry,5,TH0,4,0,107,251,20.000,20.729,4715396,4792099,76703,3835.150000,SUCCESS,sync_counter,sync_with_sensor2_IC1_TH2
2026-05-21T11:33:16,88.3,39.0,sensor2_serial,1,2,6,2,120,251,20.000,20.729,14734484,16607484,1873000,93650.000000,SUCCESS,sync_sigmoid,sync_with_sensor1_matrix5
2026-05-21T11:33:39,88.3,39.0,sensor1_raspberry,5,TH0,4,0,107,250,20.000,20.740,4796251,4817368,21117,1055.850000,SUCCESS,sync_counter,sync_with_sensor2_IC1_TH2
2026-05-21T11:33:39,88.3,39.0,sensor2_serial,1,2,6,2,120,250,20.000,20.740,12987,2171052,2158065,107903.250000,SUCCESS,sync_sigmoid,sync_with_sensor1_matrix5
2026-05-21T11:34:02,88.3,39.0,sensor1_raspberry,5,TH0,4,0,107,249,20.000,20.724,4818246,4819669,1423,71.150000,SUCCESS,sync_counter,sync_with_sensor2_IC1_TH2
2026-05-21T11:34:02,88.3,39.0,sensor2_serial,1,2,6,2,120,249,20.000,20.724,2381304,4730615,2349311,117465.550000,SUCCESS,sync_sigmoid,sync_with_sensor1_matrix5
2026-05-21T11:34:25,88.3,39.0,sensor1_raspberry,5,TH0,4,0,107,248,20.000,20.741,4819775,4820167,392,19.600000,SUCCESS,sync_counter,sync_with_sensor2_IC1_TH2
2026-05-21T11:34:25,88.3,39.0,sensor2_serial,1,2,6,2,120,248,20.000,20.741,4954270,7583449,2629179,131458.950000,SUCCESS,sync_sigmoid,sync_with_sensor1_matrix5
2026-05-21T11:34:48,88.3,39.0,sensor1_raspberry,5,TH0,4,0,107,247,20.000,20.742,4820186,4820317,131,6.550000,SUCCESS,sync_counter,sync_with_sensor2_IC1_TH2
2026-05-21T11:34:48,88.3,39.0,sensor2_serial,1,2,6,2,120,247,20.000,20.742,7850107,10853166,3003059,150152.950000,SUCCESS,sync_sigmoid,sync_with_sensor1_matrix5
2026-05-21T11:35:10,88.3,39.0,sensor1_raspberry,5,TH0,4,0,107,246,20.000,20.754,4820323,4820372,49,2.450000,SUCCESS,sync_counter,sync_with_sensor2_IC1_TH2
2026-05-21T11:35:10,88.3,39.0,sensor2_serial,1,2,6,2,120,246,20.000,20.754,11139384,13913823,2774439,138721.950000,SUCCESS,sync_sigmoid,sync_with_sensor1_matrix5
2026-05-21T11:35:33,88.3,39.0,sensor1_raspberry,5,TH0,4,0,107,245,20.000,20.735,4820382,4820400,18,0.900000,SUCCESS,sync_counter,sync_with_sensor2_IC1_TH2
2026-05-21T11:35:33,88.3,39.0,sensor2_serial,1,2,6,2,120,245,20.000,20.735,14175942,16478429,2302487,115124.350000,SUCCESS,sync_sigmoid,sync_with_sensor1_matrix5
2026-05-21T11:35:56,88.3,39.0,sensor1_raspberry,5,TH0,4,0,107,244,20.000,20.773,4820401,4820422,21,1.050000,SUCCESS,sync_counter,sync_with_sensor2_IC1_TH2
2026-05-21T11:35:56,88.3,39.0,sensor2_serial,1,2,6,2,120,244,20.000,20.773,16694361,1445907,1528762,76438.100000,SUCCESS,sync_sigmoid,sync_with_sensor1_matrix5
2026-05-21T11:36:19,88.3,39.0,sensor1_raspberry,5,TH0,4,0,107,243,20.000,20.758,4820425,4820438,13,0.650000,SUCCESS,sync_counter,sync_with_sensor2_IC1_TH2
2026-05-21T11:36:19,88.3,39.0,sensor2_serial,1,2,6,2,120,243,20.000,20.758,1601532,2902140,1300608,65030.400000,SUCCESS,sync_sigmoid,sync_with_sensor1_matrix5
2026-05-21T11:36:42,88.3,39.0,sensor1_raspberry,5,TH0,4,0,107,242,20.000,20.738,4820443,4820457,14,0.700000,SUCCESS,sync_counter,sync_with_sensor2_IC1_TH2
2026-05-21T11:36:42,88.3,39.0,sensor2_serial,1,2,6,2,120,242,20.000,20.738,3020302,3749260,728958,36447.900000,SUCCESS,sync_sigmoid,sync_with_sensor1_matrix5
2026-05-21T11:37:05,88.3,39.0,sensor1_raspberry,5,TH0,4,0,107,241,20.000,20.761,4820457,4820463,6,0.300000,SUCCESS,sync_counter,sync_with_sensor2_IC1_TH2
2026-05-21T11:37:05,88.3,39.0,sensor2_serial,1,2,6,2,120,241,20.000,20.761,3816850,4189271,372421,18621.050000,SUCCESS,sync_sigmoid,sync_with_sensor1_matrix5
2026-05-21T11:37:27,88.3,39.0,sensor1_raspberry,5,TH0,4,0,107,240,20.000,20.756,4820463,4820468,5,0.250000,SUCCESS,sync_counter,sync_with_sensor2_IC1_TH2
2026-05-21T11:37:27,88.3,39.0,sensor2_serial,1,2,6,2,120,240,20.000,20.756,4225202,4394963,169761,8488.050000,SUCCESS,sync_sigmoid,sync_with_sensor1_matrix5
2026-05-21T11:37:50,88.3,39.0,sensor1_raspberry,5,TH0,4,0,107,239,20.000,20.755,4820469,4820471,2,0.100000,SUCCESS,sync_counter,sync_with_sensor2_IC1_TH2
2026-05-21T11:37:50,88.3,39.0,sensor2_serial,1,2,6,2,120,239,20.000,20.755,4411973,4491027,79054,3952.700000,SUCCESS,sync_sigmoid,sync_with_sensor1_matrix5
2026-05-21T11:38:13,88.3,39.0,sensor1_raspberry,5,TH0,4,0,107,238,20.000,20.770,4820471,4820471,0,0.000000,SUCCESS,sync_counter,sync_with_sensor2_IC1_TH2
2026-05-21T11:38:13,88.3,39.0,sensor2_serial,1,2,6,2,120,238,20.000,20.770,4500540,4537598,37058,1852.900000,SUCCESS,sync_sigmoid,sync_with_sensor1_matrix5
2026-05-21T11:38:46,89.3,38.0,sensor1_raspberry,5,TH0,4,0,107,255,20.000,20.736,5273251,12470577,7197326,359866.300000,SUCCESS,sync_counter,sync_with_sensor2_IC1_TH0
2026-05-21T11:38:46,89.3,38.0,sensor2_serial,1,0,4,0,120,255,20.000,20.736,6638957,9939365,3300408,165020.400000,SUCCESS,sync_sigmoid,sync_with_sensor1_matrix5
2026-05-21T11:39:09,89.3,38.0,sensor1_raspberry,5,TH0,4,0,107,254,20.000,20.743,13060550,1279386,4996052,249802.600000,SUCCESS,sync_counter,sync_with_sensor2_IC1_TH0
2026-05-21T11:39:09,89.3,38.0,sensor2_serial,1,0,4,0,120,254,20.000,20.743,10261398,13729858,3468460,173423.000000,SUCCESS,sync_sigmoid,sync_with_sensor1_matrix5
2026-05-21T11:39:31,89.3,38.0,sensor1_raspberry,5,TH0,4,0,107,253,20.000,20.717,1539939,2696570,1156631,57831.550000,SUCCESS,sync_counter,sync_with_sensor2_IC1_TH0
2026-05-21T11:39:31,89.3,38.0,sensor2_serial,1,0,4,0,120,253,20.000,20.717,14061774,558758,3274200,163710.000000,SUCCESS,sync_sigmoid,sync_with_sensor1_matrix5
2026-05-21T11:39:54,89.3,38.0,sensor1_raspberry,5,TH0,4,0,107,252,20.000,20.790,2769074,3199818,430744,21537.200000,SUCCESS,sync_counter,sync_with_sensor2_IC1_TH0
2026-05-21T11:39:54,89.3,38.0,sensor2_serial,1,0,4,0,120,252,20.000,20.790,869369,3757249,2887880,144394.000000,SUCCESS,sync_sigmoid,sync_with_sensor1_matrix5
2026-05-21T11:40:17,89.3,38.0,sensor1_raspberry,5,TH0,4,0,107,251,20.000,20.750,3221475,3309141,87666,4383.300000,SUCCESS,sync_counter,sync_with_sensor2_IC1_TH0
2026-05-21T11:40:17,89.3,38.0,sensor2_serial,1,0,4,0,120,251,20.000,20.750,4031904,6158789,2126885,106344.250000,SUCCESS,sync_sigmoid,sync_with_sensor1_matrix5
2026-05-21T11:40:40,89.3,38.0,sensor1_raspberry,5,TH0,4,0,107,250,20.000,20.737,3314815,3340079,25264,1263.200000,SUCCESS,sync_counter,sync_with_sensor2_IC1_TH0
2026-05-21T11:40:40,89.3,38.0,sensor2_serial,1,0,4,0,120,250,20.000,20.737,6370296,7642185,1271889,63594.450000,SUCCESS,sync_sigmoid,sync_with_sensor1_matrix5
2026-05-21T11:41:03,89.3,38.0,sensor1_raspberry,5,TH0,4,0,107,249,20.000,20.747,3340995,3342783,1788,89.400000,SUCCESS,sync_counter,sync_with_sensor2_IC1_TH0
2026-05-21T11:41:03,89.3,38.0,sensor2_serial,1,0,4,0,120,249,20.000,20.747,7763756,8459290,695534,34776.700000,SUCCESS,sync_sigmoid,sync_with_sensor1_matrix5
2026-05-21T11:41:26,89.3,38.0,sensor1_raspberry,5,TH0,4,0,107,248,20.000,20.766,3342900,3343393,493,24.650000,SUCCESS,sync_counter,sync_with_sensor2_IC1_TH0
2026-05-21T11:41:26,89.3,38.0,sensor2_serial,1,0,4,0,120,248,20.000,20.766,8531967,8946136,414169,20708.450000,SUCCESS,sync_sigmoid,sync_with_sensor1_matrix5
2026-05-21T11:41:49,89.3,38.0,sensor1_raspberry,5,TH0,4,0,107,247,20.000,20.741,3343423,3343586,163,8.150000,SUCCESS,sync_counter,sync_with_sensor2_IC1_TH0
2026-05-21T11:41:49,89.3,38.0,sensor2_serial,1,0,4,0,120,247,20.000,20.741,8985612,9285595,299983,14999.150000,SUCCESS,sync_sigmoid,sync_with_sensor1_matrix5
2026-05-21T11:42:12,89.3,38.0,sensor1_raspberry,5,TH0,4,0,107,246,20.000,20.775,3343603,3343700,97,4.850000,SUCCESS,sync_counter,sync_with_sensor2_IC1_TH0
2026-05-21T11:42:12,89.3,38.0,sensor2_serial,1,0,4,0,120,246,20.000,20.775,9313511,9451524,138013,6900.650000,SUCCESS,sync_sigmoid,sync_with_sensor1_matrix5
2026-05-21T11:42:34,89.3,38.0,sensor1_raspberry,5,TH0,4,0,107,245,20.000,20.747,3343714,3343781,67,3.350000,SUCCESS,sync_counter,sync_with_sensor2_IC1_TH0
2026-05-21T11:42:34,89.3,38.0,sensor2_serial,1,0,4,0,120,245,20.000,20.747,9451567,9525668,74101,3705.050000,SUCCESS,sync_sigmoid,sync_with_sensor1_matrix5
2026-05-21T11:42:57,89.3,38.0,sensor1_raspberry,5,TH0,4,0,107,244,20.000,20.723,3343789,3343845,56,2.800000,SUCCESS,sync_counter,sync_with_sensor2_IC1_TH0
2026-05-21T11:42:57,89.3,38.0,sensor2_serial,1,0,4,0,120,244,20.000,20.723,9525700,9530593,4893,244.650000,SUCCESS,sync_sigmoid,sync_with_sensor1_matrix5
2026-05-21T11:43:20,89.3,38.0,sensor1_raspberry,5,TH0,4,0,107,243,20.000,20.728,3343854,3343902,48,2.400000,SUCCESS,sync_counter,sync_with_sensor2_IC1_TH0
2026-05-21T11:43:20,89.3,38.0,sensor2_serial,1,0,4,0,120,243,20.000,20.728,9553946,9556120,2174,108.700000,SUCCESS,sync_sigmoid,sync_with_sensor1_matrix5
2026-05-21T11:43:43,89.3,38.0,sensor1_raspberry,5,TH0,4,0,107,242,20.000,20.716,3343903,3343956,53,2.650000,SUCCESS,sync_counter,sync_with_sensor2_IC1_TH0
2026-05-21T11:43:43,89.3,38.0,sensor2_serial,1,0,4,0,120,242,20.000,20.716,9563851,9564547,696,34.800000,SUCCESS,sync_sigmoid,sync_with_sensor1_matrix5
2026-05-21T11:44:06,89.3,38.0,sensor1_raspberry,5,TH0,4,0,107,241,20.000,20.738,3343961,3343999,38,1.900000,SUCCESS,sync_counter,sync_with_sensor2_IC1_TH0
2026-05-21T11:44:06,89.3,38.0,sensor2_serial,1,0,4,0,120,241,20.000,20.738,9567549,9568744,1195,59.750000,SUCCESS,sync_sigmoid,sync_with_sensor1_matrix5
2026-05-21T11:44:29,89.3,38.0,sensor1_raspberry,5,TH0,4,0,107,240,20.000,20.774,3344004,3344051,47,2.350000,SUCCESS,sync_counter,sync_with_sensor2_IC1_TH0
2026-05-21T11:44:29,89.3,38.0,sensor2_serial,1,0,4,0,120,240,20.000,20.774,9568764,9568890,126,6.300000,SUCCESS,sync_sigmoid,sync_with_sensor1_matrix5
2026-05-21T11:44:51,89.3,38.0,sensor1_raspberry,5,TH0,4,0,107,239,20.000,20.697,3344055,3344090,35,1.750000,SUCCESS,sync_counter,sync_with_sensor2_IC1_TH0
2026-05-21T11:44:51,89.3,38.0,sensor2_serial,1,0,4,0,120,239,20.000,20.697,9569315,9569396,81,4.050000,SUCCESS,sync_sigmoid,sync_with_sensor1_matrix5
2026-05-21T11:45:14,89.3,38.0,sensor1_raspberry,5,TH0,4,0,107,238,20.000,20.729,3344096,3344122,26,1.300000,SUCCESS,sync_counter,sync_with_sensor2_IC1_TH0
2026-05-21T11:45:14,89.3,38.0,sensor2_serial,1,0,4,0,120,238,20.000,20.729,9569485,9569514,29,1.450000,SUCCESS,sync_sigmoid,sync_with_sensor1_matrix5
2026-05-21T11:45:37,89.3,38.0,sensor1_raspberry,5,TH0,4,0,107,237,20.000,20.757,3344126,3344160,34,1.700000,SUCCESS,sync_counter,sync_with_sensor2_IC1_TH0
2026-05-21T11:45:37,89.3,38.0,sensor2_serial,1,0,4,0,120,237,20.000,20.757,9569566,9569586,20,1.000000,SUCCESS,sync_sigmoid,sync_with_sensor1_matrix5
2026-05-21T11:46:00,89.3,38.0,sensor1_raspberry,5,TH0,4,0,107,236,20.000,20.737,3344163,3344185,22,1.100000,SUCCESS,sync_counter,sync_with_sensor2_IC1_TH0
2026-05-21T11:46:00,89.3,38.0,sensor2_serial,1,0,4,0,120,236,20.000,20.737,9569614,9569636,22,1.100000,SUCCESS,sync_sigmoid,sync_with_sensor1_matrix5
2026-05-21T11:46:23,89.3,38.0,sensor1_raspberry,5,TH0,4,0,107,235,20.000,20.763,3344186,3344195,9,0.450000,SUCCESS,sync_counter,sync_with_sensor2_IC1_TH0
2026-05-21T11:46:23,89.3,38.0,sensor2_serial,1,0,4,0,120,235,20.000,20.763,9569659,9569675,16,0.800000,SUCCESS,sync_sigmoid,sync_with_sensor1_matrix5
2026-05-21T11:46:46,89.3,38.0,sensor1_raspberry,5,TH0,4,0,107,234,20.000,20.765,3344196,3344207,11,0.550000,SUCCESS,sync_counter,sync_with_sensor2_IC1_TH0
2026-05-21T11:46:46,89.3,38.0,sensor2_serial,1,0,4,0,120,234,20.000,20.765,9569696,9569714,18,0.900000,SUCCESS,sync_sigmoid,sync_with_sensor1_matrix5
2026-05-21T11:47:08,89.3,38.0,sensor1_raspberry,5,TH0,4,0,107,233,20.000,20.708,3344208,3344219,11,0.550000,SUCCESS,sync_counter,sync_with_sensor2_IC1_TH0
2026-05-21T11:47:08,89.3,38.0,sensor2_serial,1,0,4,0,120,233,20.000,20.708,9569735,9569750,15,0.750000,SUCCESS,sync_sigmoid,sync_with_sensor1_matrix5
2026-05-21T11:47:31,89.3,38.0,sensor1_raspberry,5,TH0,4,0,107,232,20.000,20.758,3344219,3344226,7,0.350000,SUCCESS,sync_counter,sync_with_sensor2_IC1_TH0
2026-05-21T11:47:31,89.3,38.0,sensor2_serial,1,0,4,0,120,232,20.000,20.758,9569765,9569778,13,0.650000,SUCCESS,sync_sigmoid,sync_with_sensor1_matrix5
2026-05-21T11:47:54,89.3,38.0,sensor1_raspberry,5,TH0,4,0,107,231,20.000,20.740,3344229,3344240,11,0.550000,SUCCESS,sync_counter,sync_with_sensor2_IC1_TH0
2026-05-21T11:47:54,89.3,38.0,sensor2_serial,1,0,4,0,120,231,20.000,20.740,9569789,9569803,14,0.700000,SUCCESS,sync_sigmoid,sync_with_sensor1_matrix5
2026-05-21T11:48:17,89.3,38.0,sensor1_raspberry,5,TH0,4,0,107,230,20.000,20.725,3344241,3344245,4,0.200000,SUCCESS,sync_counter,sync_with_sensor2_IC1_TH0
2026-05-21T11:48:17,89.3,38.0,sensor2_serial,1,0,4,0,120,230,20.000,20.725,9569814,9569825,11,0.550000,SUCCESS,sync_sigmoid,sync_with_sensor1_matrix5
2026-05-21T11:48:40,89.3,38.0,sensor1_raspberry,5,TH0,4,0,107,229,20.000,20.767,3344247,3344251,4,0.200000,SUCCESS,sync_counter,sync_with_sensor2_IC1_TH0
2026-05-21T11:48:40,89.3,38.0,sensor2_serial,1,0,4,0,120,229,20.000,20.767,9569840,9569851,11,0.550000,SUCCESS,sync_sigmoid,sync_with_sensor1_matrix5
2026-05-21T11:49:03,89.3,38.0,sensor1_raspberry,5,TH0,4,0,107,228,20.000,20.760,3344251,3344257,6,0.300000,SUCCESS,sync_counter,sync_with_sensor2_IC1_TH0
2026-05-21T11:49:03,89.3,38.0,sensor2_serial,1,0,4,0,120,228,20.000,20.760,9569866,9569880,14,0.700000,SUCCESS,sync_sigmoid,sync_with_sensor1_matrix5
2026-05-21T11:49:26,89.3,38.0,sensor1_raspberry,5,TH0,4,0,107,227,20.000,20.754,3344258,3344264,6,0.300000,SUCCESS,sync_counter,sync_with_sensor2_IC1_TH0
2026-05-21T11:49:26,89.3,38.0,sensor2_serial,1,0,4,0,120,227,20.000,20.754,9569893,9569904,11,0.550000,SUCCESS,sync_sigmoid,sync_with_sensor1_matrix5
2026-05-21T11:49:48,89.3,38.0,sensor1_raspberry,5,TH0,4,0,107,226,20.000,20.710,3344265,3344266,1,0.050000,SUCCESS,sync_counter,sync_with_sensor2_IC1_TH0
2026-05-21T11:49:48,89.3,38.0,sensor2_serial,1,0,4,0,120,226,20.000,20.710,9569917,9569925,8,0.400000,SUCCESS,sync_sigmoid,sync_with_sensor1_matrix5
2026-05-21T11:50:11,89.3,38.0,sensor1_raspberry,5,TH0,4,0,107,255,20.000,20.717,3785432,10846979,7061547,353077.350000,SUCCESS,sync_counter,sync_with_sensor2_IC1_TH1
2026-05-21T11:50:11,89.3,38.0,sensor2_serial,1,1,5,1,120,255,20.000,20.717,9524467,11234964,1710497,85524.850000,SUCCESS,sync_sigmoid,sync_with_sensor1_matrix5
2026-05-21T11:50:34,89.3,38.0,sensor1_raspberry,5,TH0,4,0,107,254,20.000,20.762,11419417,16203856,4784439,239221.950000,SUCCESS,sync_counter,sync_with_sensor2_IC1_TH1
2026-05-21T11:50:34,89.3,38.0,sensor2_serial,1,1,5,1,120,254,20.000,20.762,11398393,13151298,1752905,87645.250000,SUCCESS,sync_sigmoid,sync_with_sensor1_matrix5
2026-05-21T11:50:57,89.3,38.0,sensor1_raspberry,5,TH0,4,0,107,253,20.000,20.729,16472578,978146,1282784,64139.200000,SUCCESS,sync_counter,sync_with_sensor2_IC1_TH1
2026-05-21T11:50:57,89.3,38.0,sensor2_serial,1,1,5,1,120,253,20.000,20.729,13330752,15219542,1888790,94439.500000,SUCCESS,sync_sigmoid,sync_with_sensor1_matrix5
2026-05-21T11:51:20,89.3,38.0,sensor1_raspberry,5,TH0,4,0,107,252,20.000,20.752,1057453,1500896,443443,22172.150000,SUCCESS,sync_counter,sync_with_sensor2_IC1_TH1
2026-05-21T11:51:20,89.3,38.0,sensor2_serial,1,1,5,1,120,252,20.000,20.752,15398330,653717,2032603,101630.150000,SUCCESS,sync_sigmoid,sync_with_sensor1_matrix5
2026-05-21T11:51:43,89.3,38.0,sensor1_raspberry,5,TH0,4,0,107,251,20.000,20.769,1525203,1609133,83930,4196.500000,SUCCESS,sync_counter,sync_with_sensor2_IC1_TH1
2026-05-21T11:51:43,89.3,38.0,sensor2_serial,1,1,5,1,120,251,20.000,20.769,844705,2883473,2038768,101938.400000,SUCCESS,sync_sigmoid,sync_with_sensor1_matrix5
2026-05-21T11:52:05,89.3,38.0,sensor1_raspberry,5,TH0,4,0,107,250,20.000,20.752,1613744,1635123,21379,1068.950000,SUCCESS,sync_counter,sync_with_sensor2_IC1_TH1
2026-05-21T11:52:05,89.3,38.0,sensor2_serial,1,1,5,1,120,250,20.000,20.752,3084790,5395246,2310456,115522.800000,SUCCESS,sync_sigmoid,sync_with_sensor1_matrix5
2026-05-21T11:52:28,89.3,38.0,sensor1_raspberry,5,TH0,4,0,107,249,20.000,20.748,1636191,1637916,1725,86.250000,SUCCESS,sync_counter,sync_with_sensor2_IC1_TH1
2026-05-21T11:52:28,89.3,38.0,sensor2_serial,1,1,5,1,120,249,20.000,20.748,5629483,8342662,2713179,135658.950000,SUCCESS,sync_sigmoid,sync_with_sensor1_matrix5
2026-05-21T11:52:51,89.3,38.0,sensor1_raspberry,5,TH0,4,0,107,248,20.000,20.753,1638036,1638448,412,20.600000,SUCCESS,sync_counter,sync_with_sensor2_IC1_TH1
2026-05-21T11:52:51,89.3,38.0,sensor2_serial,1,1,5,1,120,248,20.000,20.753,8619120,11551453,2932333,146616.650000,SUCCESS,sync_sigmoid,sync_with_sensor1_matrix5
2026-05-21T11:53:14,89.3,38.0,sensor1_raspberry,5,TH0,4,0,107,247,20.000,20.749,1638475,1638631,156,7.800000,SUCCESS,sync_counter,sync_with_sensor2_IC1_TH1
2026-05-21T11:53:14,89.3,38.0,sensor2_serial,1,1,5,1,120,247,20.000,20.749,11838932,14616161,2777229,138861.450000,SUCCESS,sync_sigmoid,sync_with_sensor1_matrix5
2026-05-21T11:53:37,89.3,38.0,sensor1_raspberry,5,TH0,4,0,107,246,20.000,20.752,1638644,1638731,87,4.350000,SUCCESS,sync_counter,sync_with_sensor2_IC1_TH1
2026-05-21T11:53:37,89.3,38.0,sensor2_serial,1,1,5,1,120,246,20.000,20.752,14879382,446490,2344324,117216.200000,SUCCESS,sync_sigmoid,sync_with_sensor1_matrix5
2026-05-21T11:54:00,89.3,38.0,sensor1_raspberry,5,TH0,4,0,107,245,20.000,20.747,1638735,1638817,82,4.100000,SUCCESS,sync_counter,sync_with_sensor2_IC1_TH1
2026-05-21T11:54:00,89.3,38.0,sensor2_serial,1,1,5,1,120,245,20.000,20.747,670590,2252385,1581795,79089.750000,SUCCESS,sync_sigmoid,sync_with_sensor1_matrix5
2026-05-21T11:54:23,89.3,38.0,sensor1_raspberry,5,TH0,4,0,107,244,20.000,20.717,1638824,1638881,57,2.850000,SUCCESS,sync_counter,sync_with_sensor2_IC1_TH1
2026-05-21T11:54:23,89.3,38.0,sensor2_serial,1,1,5,1,120,244,20.000,20.717,2413434,3418941,1005507,50275.350000,SUCCESS,sync_sigmoid,sync_with_sensor1_matrix5
2026-05-21T11:54:45,89.3,38.0,sensor1_raspberry,5,TH0,4,0,107,243,20.000,20.740,1638885,1638932,47,2.350000,SUCCESS,sync_counter,sync_with_sensor2_IC1_TH1
2026-05-21T11:54:45,89.3,38.0,sensor2_serial,1,1,5,1,120,243,20.000,20.740,3511530,4228319,716789,35839.450000,SUCCESS,sync_sigmoid,sync_with_sensor1_matrix5
2026-05-21T11:55:08,89.3,38.0,sensor1_raspberry,5,TH0,4,0,107,242,20.000,20.785,1638933,1638987,54,2.700000,SUCCESS,sync_counter,sync_with_sensor2_IC1_TH1
2026-05-21T11:55:08,89.3,38.0,sensor2_serial,1,1,5,1,120,242,20.000,20.785,4301232,4673869,372637,18631.850000,SUCCESS,sync_sigmoid,sync_with_sensor1_matrix5
2026-05-21T11:55:31,89.3,38.0,sensor1_raspberry,5,TH0,4,0,107,241,20.000,20.715,1638993,1639040,47,2.350000,SUCCESS,sync_counter,sync_with_sensor2_IC1_TH1
2026-05-21T11:55:31,89.3,38.0,sensor2_serial,1,1,5,1,120,241,20.000,20.715,4709507,4870686,161179,8058.950000,SUCCESS,sync_sigmoid,sync_with_sensor1_matrix5
2026-05-21T11:55:54,89.3,38.0,sensor1_raspberry,5,TH0,4,0,107,240,20.000,20.739,1639044,1639079,35,1.750000,SUCCESS,sync_counter,sync_with_sensor2_IC1_TH1
2026-05-21T11:55:54,89.3,38.0,sensor2_serial,1,1,5,1,120,240,20.000,20.739,4882640,4934587,51947,2597.350000,SUCCESS,sync_sigmoid,sync_with_sensor1_matrix5
2026-05-21T11:56:17,89.3,38.0,sensor1_raspberry,5,TH0,4,0,107,239,20.000,20.758,1639082,1639115,33,1.650000,SUCCESS,sync_counter,sync_with_sensor2_IC1_TH1
2026-05-21T11:56:17,89.3,38.0,sensor2_serial,1,1,5,1,120,239,20.000,20.758,4939410,4990049,50639,2531.950000,SUCCESS,sync_sigmoid,sync_with_sensor1_matrix5
2026-05-21T11:56:40,89.3,38.0,sensor1_raspberry,5,TH0,4,0,107,238,20.000,20.743,1639116,1639156,40,2.000000,SUCCESS,sync_counter,sync_with_sensor2_IC1_TH1
2026-05-21T11:56:40,89.3,38.0,sensor2_serial,1,1,5,1,120,238,20.000,20.743,4995042,5012107,17065,853.250000,SUCCESS,sync_sigmoid,sync_with_sensor1_matrix5
2026-05-21T11:57:02,89.3,38.0,sensor1_raspberry,5,TH0,4,0,107,237,20.000,20.719,1639158,1639176,18,0.900000,SUCCESS,sync_counter,sync_with_sensor2_IC1_TH1
2026-05-21T11:57:02,89.3,38.0,sensor2_serial,1,1,5,1,120,237,20.000,20.719,5013622,5019417,5795,289.750000,SUCCESS,sync_sigmoid,sync_with_sensor1_matrix5
2026-05-21T11:57:25,89.3,38.0,sensor1_raspberry,5,TH0,4,0,107,236,20.000,20.796,1639179,1639195,16,0.800000,SUCCESS,sync_counter,sync_with_sensor2_IC1_TH1
2026-05-21T11:57:25,89.3,38.0,sensor2_serial,1,1,5,1,120,236,20.000,20.796,5019862,5021585,1723,86.150000,SUCCESS,sync_sigmoid,sync_with_sensor1_matrix5
2026-05-21T11:57:48,89.3,38.0,sensor1_raspberry,5,TH0,4,0,107,235,20.000,20.772,1639197,1639216,19,0.950000,SUCCESS,sync_counter,sync_with_sensor2_IC1_TH1
2026-05-21T11:57:48,89.3,38.0,sensor2_serial,1,1,5,1,120,235,20.000,20.772,5021740,5022728,988,49.400000,SUCCESS,sync_sigmoid,sync_with_sensor1_matrix5
2026-05-21T11:58:11,89.3,38.0,sensor1_raspberry,5,TH0,4,0,107,234,20.000,20.785,1639218,1639231,13,0.650000,SUCCESS,sync_counter,sync_with_sensor2_IC1_TH1
2026-05-21T11:58:11,89.3,38.0,sensor2_serial,1,1,5,1,120,234,20.000,20.785,5022842,5023299,457,22.850000,SUCCESS,sync_sigmoid,sync_with_sensor1_matrix5
2026-05-21T11:58:34,89.3,38.0,sensor1_raspberry,5,TH0,4,0,107,233,20.000,20.739,1639232,1639246,14,0.700000,SUCCESS,sync_counter,sync_with_sensor2_IC1_TH1
2026-05-21T11:58:34,89.3,38.0,sensor2_serial,1,1,5,1,120,233,20.000,20.739,5023362,5023525,163,8.150000,SUCCESS,sync_sigmoid,sync_with_sensor1_matrix5
2026-05-21T11:58:57,89.3,38.0,sensor1_raspberry,5,TH0,4,0,107,232,20.000,20.757,1639249,1639265,16,0.800000,SUCCESS,sync_counter,sync_with_sensor2_IC1_TH1
2026-05-21T11:58:57,89.3,38.0,sensor2_serial,1,1,5,1,120,232,20.000,20.757,5023560,5023618,58,2.900000,SUCCESS,sync_sigmoid,sync_with_sensor1_matrix5
2026-05-21T11:59:20,89.3,38.0,sensor1_raspberry,5,TH0,4,0,107,231,20.000,20.742,1639265,1639276,11,0.550000,SUCCESS,sync_counter,sync_with_sensor2_IC1_TH1
2026-05-21T11:59:20,89.3,38.0,sensor2_serial,1,1,5,1,120,231,20.000,20.742,5023648,5023680,32,1.600000,SUCCESS,sync_sigmoid,sync_with_sensor1_matrix5
2026-05-21T11:59:42,89.3,38.0,sensor1_raspberry,5,TH0,4,0,107,230,20.000,20.801,1639276,1639286,10,0.500000,SUCCESS,sync_counter,sync_with_sensor2_IC1_TH1
2026-05-21T11:59:43,89.3,38.0,sensor2_serial,1,1,5,1,120,230,20.000,20.801,5023704,5023732,28,1.400000,SUCCESS,sync_sigmoid,sync_with_sensor1_matrix5
2026-05-21T12:00:05,89.3,38.0,sensor1_raspberry,5,TH0,4,0,107,229,20.000,20.744,1639286,1639291,5,0.250000,SUCCESS,sync_counter,sync_with_sensor2_IC1_TH1
2026-05-21T12:00:05,89.3,38.0,sensor2_serial,1,1,5,1,120,229,20.000,20.744,5023753,5023773,20,1.000000,SUCCESS,sync_sigmoid,sync_with_sensor1_matrix5
2026-05-21T12:00:28,89.3,38.0,sensor1_raspberry,5,TH0,4,0,107,228,20.000,20.741,1639293,1639299,6,0.300000,SUCCESS,sync_counter,sync_with_sensor2_IC1_TH1
2026-05-21T12:00:28,89.3,38.0,sensor2_serial,1,1,5,1,120,228,20.000,20.741,5023786,5023804,18,0.900000,SUCCESS,sync_sigmoid,sync_with_sensor1_matrix5
2026-05-21T12:00:51,89.3,38.0,sensor1_raspberry,5,TH0,4,0,107,227,20.000,20.746,1639299,1639302,3,0.150000,SUCCESS,sync_counter,sync_with_sensor2_IC1_TH1
2026-05-21T12:00:51,89.3,38.0,sensor2_serial,1,1,5,1,120,227,20.000,20.746,5023818,5023836,18,0.900000,SUCCESS,sync_sigmoid,sync_with_sensor1_matrix5
2026-05-21T12:01:14,89.3,38.0,sensor1_raspberry,5,TH0,4,0,107,226,20.000,20.746,1639303,1639303,0,0.000000,SUCCESS,sync_counter,sync_with_sensor2_IC1_TH1
2026-05-21T12:01:14,89.3,38.0,sensor2_serial,1,1,5,1,120,226,20.000,20.746,5023851,5023864,13,0.650000,SUCCESS,sync_sigmoid,sync_with_sensor1_matrix5
2026-05-21T12:01:37,89.3,38.0,sensor1_raspberry,5,TH0,4,0,107,255,20.000,20.740,2086200,9009165,6922965,346148.250000,SUCCESS,sync_counter,sync_with_sensor2_IC1_TH2
2026-05-21T12:01:37,89.3,38.0,sensor2_serial,1,2,6,2,120,255,20.000,20.740,4581215,6348405,1767190,88359.500000,SUCCESS,sync_sigmoid,sync_with_sensor1_matrix5
2026-05-21T12:02:00,89.3,38.0,sensor1_raspberry,5,TH0,4,0,107,254,20.000,20.750,9587496,14553873,4966377,248318.850000,SUCCESS,sync_counter,sync_with_sensor2_IC1_TH2
2026-05-21T12:02:00,89.3,38.0,sensor2_serial,1,2,6,2,120,254,20.000,20.750,6518066,8282326,1764260,88213.000000,SUCCESS,sync_sigmoid,sync_with_sensor1_matrix5
2026-05-21T12:02:22,89.3,38.0,sensor1_raspberry,5,TH0,4,0,107,253,20.000,20.763,14824114,16069574,1245460,62273.000000,SUCCESS,sync_counter,sync_with_sensor2_IC1_TH2
2026-05-21T12:02:22,89.3,38.0,sensor2_serial,1,2,6,2,120,253,20.000,20.763,8452447,10224174,1771727,88586.350000,SUCCESS,sync_sigmoid,sync_with_sensor1_matrix5
2026-05-21T12:02:45,89.3,38.0,sensor1_raspberry,5,TH0,4,0,107,252,20.000,20.791,16145148,16589742,444594,22229.700000,SUCCESS,sync_counter,sync_with_sensor2_IC1_TH2
2026-05-21T12:02:45,89.3,38.0,sensor2_serial,1,2,6,2,120,252,20.000,20.791,10393881,12301255,1907374,95368.700000,SUCCESS,sync_sigmoid,sync_with_sensor1_matrix5
2026-05-21T12:03:08,89.3,38.0,sensor1_raspberry,5,TH0,4,0,107,251,20.000,20.731,16612884,16697199,84315,4215.750000,SUCCESS,sync_counter,sync_with_sensor2_IC1_TH2
2026-05-21T12:03:08,89.3,38.0,sensor2_serial,1,2,6,2,120,251,20.000,20.731,12491370,14464275,1972905,98645.250000,SUCCESS,sync_sigmoid,sync_with_sensor1_matrix5
2026-05-21T12:03:31,89.3,38.0,sensor1_raspberry,5,TH0,4,0,107,250,20.000,20.715,16702169,16723519,21350,1067.500000,SUCCESS,sync_counter,sync_with_sensor2_IC1_TH2
2026-05-21T12:03:31,89.3,38.0,sensor2_serial,1,2,6,2,120,250,20.000,20.715,14647755,16707904,2060149,103007.450000,SUCCESS,sync_sigmoid,sync_with_sensor1_matrix5
2026-05-21T12:03:54,89.3,38.0,sensor1_raspberry,5,TH0,4,0,107,249,20.000,20.750,16724631,16726037,1406,70.300000,SUCCESS,sync_counter,sync_with_sensor2_IC1_TH2
2026-05-21T12:03:54,89.3,38.0,sensor2_serial,1,2,6,2,120,249,20.000,20.750,133203,2387279,2254076,112703.800000,SUCCESS,sync_sigmoid,sync_with_sensor1_matrix5
2026-05-21T12:04:17,89.3,38.0,sensor1_raspberry,5,TH0,4,0,107,248,20.000,20.763,16726126,16726584,458,22.900000,SUCCESS,sync_counter,sync_with_sensor2_IC1_TH2
2026-05-21T12:04:17,89.3,38.0,sensor2_serial,1,2,6,2,120,248,20.000,20.763,2608970,5208692,2599722,129986.100000,SUCCESS,sync_sigmoid,sync_with_sensor1_matrix5
2026-05-21T12:04:39,89.3,38.0,sensor1_raspberry,5,TH0,4,0,107,247,20.000,20.734,16726613,16726751,138,6.900000,SUCCESS,sync_counter,sync_with_sensor2_IC1_TH2
2026-05-21T12:04:39,89.3,38.0,sensor2_serial,1,2,6,2,120,247,20.000,20.734,5472546,8487421,3014875,150743.750000,SUCCESS,sync_sigmoid,sync_with_sensor1_matrix5
2026-05-21T12:05:02,89.3,38.0,sensor1_raspberry,5,TH0,4,0,107,246,20.000,20.742,16726758,16726864,106,5.300000,SUCCESS,sync_counter,sync_with_sensor2_IC1_TH2
2026-05-21T12:05:02,89.3,38.0,sensor2_serial,1,2,6,2,120,246,20.000,20.742,8773516,11511891,2738375,136918.750000,SUCCESS,sync_sigmoid,sync_with_sensor1_matrix5
2026-05-21T12:05:25,89.3,38.0,sensor1_raspberry,5,TH0,4,0,107,245,20.000,20.716,16726869,16726937,68,3.400000,SUCCESS,sync_counter,sync_with_sensor2_IC1_TH2
2026-05-21T12:05:25,89.3,38.0,sensor2_serial,1,2,6,2,120,245,20.000,20.716,11776777,14162849,2386072,119303.600000,SUCCESS,sync_sigmoid,sync_with_sensor1_matrix5
2026-05-21T12:05:48,89.3,38.0,sensor1_raspberry,5,TH0,4,0,107,244,20.000,20.736,16726943,16726991,48,2.400000,SUCCESS,sync_counter,sync_with_sensor2_IC1_TH2
2026-05-21T12:05:48,89.3,38.0,sensor2_serial,1,2,6,2,120,244,20.000,20.736,14378544,16016479,1637935,81896.750000,SUCCESS,sync_sigmoid,sync_with_sensor1_matrix5
2026-05-21T12:06:11,89.3,38.0,sensor1_raspberry,5,TH0,4,0,107,243,20.000,20.742,16726994,16727053,59,2.950000,SUCCESS,sync_counter,sync_with_sensor2_IC1_TH2
2026-05-21T12:06:11,89.3,38.0,sensor2_serial,1,2,6,2,120,243,20.000,20.742,16162874,613414,1227756,61387.800000,SUCCESS,sync_sigmoid,sync_with_sensor1_matrix5
2026-05-21T12:06:34,89.3,38.0,sensor1_raspberry,5,TH0,4,0,107,242,20.000,20.742,16727059,16727099,40,2.000000,SUCCESS,sync_counter,sync_with_sensor2_IC1_TH2
2026-05-21T12:06:34,89.3,38.0,sensor2_serial,1,2,6,2,120,242,20.000,20.742,729905,1446743,716838,35841.900000,SUCCESS,sync_sigmoid,sync_with_sensor1_matrix5
2026-05-21T12:06:56,89.3,38.0,sensor1_raspberry,5,TH0,4,0,107,241,20.000,20.739,16727104,16727141,37,1.850000,SUCCESS,sync_counter,sync_with_sensor2_IC1_TH2
2026-05-21T12:06:56,89.3,38.0,sensor2_serial,1,2,6,2,120,241,20.000,20.739,1520897,1952772,431875,21593.750000,SUCCESS,sync_sigmoid,sync_with_sensor1_matrix5
2026-05-21T12:07:19,89.3,38.0,sensor1_raspberry,5,TH0,4,0,107,240,20.000,20.731,16727143,16727176,33,1.650000,SUCCESS,sync_counter,sync_with_sensor2_IC1_TH2
2026-05-21T12:07:19,89.3,38.0,sensor2_serial,1,2,6,2,120,240,20.000,20.731,1993680,2178885,185205,9260.250000,SUCCESS,sync_sigmoid,sync_with_sensor1_matrix5
2026-05-21T12:07:42,89.3,38.0,sensor1_raspberry,5,TH0,4,0,107,239,20.000,20.783,16727179,16727215,36,1.800000,SUCCESS,sync_counter,sync_with_sensor2_IC1_TH2
2026-05-21T12:07:42,89.3,38.0,sensor2_serial,1,2,6,2,120,239,20.000,20.783,2194430,2268499,74069,3703.450000,SUCCESS,sync_sigmoid,sync_with_sensor1_matrix5
2026-05-21T12:08:05,89.3,38.0,sensor1_raspberry,5,TH0,4,0,107,238,20.000,20.693,16727217,16727240,23,1.150000,SUCCESS,sync_counter,sync_with_sensor2_IC1_TH2
2026-05-21T12:08:05,89.3,38.0,sensor2_serial,1,2,6,2,120,238,20.000,20.693,2275432,2307930,32498,1624.900000,SUCCESS,sync_sigmoid,sync_with_sensor1_matrix5
2026-05-21T12:08:28,89.3,38.0,sensor1_raspberry,5,TH0,4,0,107,237,20.000,20.777,16727240,16727261,21,1.050000,SUCCESS,sync_counter,sync_with_sensor2_IC1_TH2
2026-05-21T12:08:28,89.3,38.0,sensor2_serial,1,2,6,2,120,237,20.000,20.777,2311986,2330576,18590,929.500000,SUCCESS,sync_sigmoid,sync_with_sensor1_matrix5
2026-05-21T12:08:51,89.3,38.0,sensor1_raspberry,5,TH0,4,0,107,236,20.000,20.739,16727261,16727270,9,0.450000,SUCCESS,sync_counter,sync_with_sensor2_IC1_TH2
2026-05-21T12:08:51,89.3,38.0,sensor2_serial,1,2,6,2,120,236,20.000,20.739,2332081,2337927,5846,292.300000,SUCCESS,sync_sigmoid,sync_with_sensor1_matrix5
2026-05-21T12:09:14,89.3,38.0,sensor1_raspberry,5,TH0,4,0,107,235,20.000,20.733,16727274,16727289,15,0.750000,SUCCESS,sync_counter,sync_with_sensor2_IC1_TH2
2026-05-21T12:09:14,89.3,38.0,sensor2_serial,1,2,6,2,120,235,20.000,20.733,2338472,2341552,3080,154.000000,SUCCESS,sync_sigmoid,sync_with_sensor1_matrix5
2026-05-21T12:09:36,89.3,38.0,sensor1_raspberry,5,TH0,4,0,107,234,20.000,20.753,16727293,16727309,16,0.800000,SUCCESS,sync_counter,sync_with_sensor2_IC1_TH2
2026-05-21T12:09:36,89.3,38.0,sensor2_serial,1,2,6,2,120,234,20.000,20.753,2341839,2342709,870,43.500000,SUCCESS,sync_sigmoid,sync_with_sensor1_matrix5
2026-05-21T12:09:59,89.3,38.0,sensor1_raspberry,5,TH0,4,0,107,233,20.000,20.769,16727310,16727318,8,0.400000,SUCCESS,sync_counter,sync_with_sensor2_IC1_TH2
2026-05-21T12:09:59,89.3,38.0,sensor2_serial,1,2,6,2,120,233,20.000,20.769,2342826,2343216,390,19.500000,SUCCESS,sync_sigmoid,sync_with_sensor1_matrix5
2026-05-21T12:10:22,89.3,38.0,sensor1_raspberry,5,TH0,4,0,107,232,20.000,20.759,16727318,16727332,14,0.700000,SUCCESS,sync_counter,sync_with_sensor2_IC1_TH2
2026-05-21T12:10:22,89.3,38.0,sensor2_serial,1,2,6,2,120,232,20.000,20.759,2343282,2343447,165,8.250000,SUCCESS,sync_sigmoid,sync_with_sensor1_matrix5
2026-05-21T12:10:45,89.3,38.0,sensor1_raspberry,5,TH0,4,0,107,231,20.000,20.751,16727333,16727345,12,0.600000,SUCCESS,sync_counter,sync_with_sensor2_IC1_TH2
2026-05-21T12:10:45,89.3,38.0,sensor2_serial,1,2,6,2,120,231,20.000,20.751,2343479,2343525,46,2.300000,SUCCESS,sync_sigmoid,sync_with_sensor1_matrix5
2026-05-21T12:11:08,89.3,38.0,sensor1_raspberry,5,TH0,4,0,107,230,20.000,20.750,16727345,16727358,13,0.650000,SUCCESS,sync_counter,sync_with_sensor2_IC1_TH2
2026-05-21T12:11:08,89.3,38.0,sensor2_serial,1,2,6,2,120,230,20.000,20.750,2343544,2343574,30,1.500000,SUCCESS,sync_sigmoid,sync_with_sensor1_matrix5
2026-05-21T12:11:31,89.3,38.0,sensor1_raspberry,5,TH0,4,0,107,229,20.000,20.746,16727360,16727364,4,0.200000,SUCCESS,sync_counter,sync_with_sensor2_IC1_TH2
2026-05-21T12:11:31,89.3,38.0,sensor2_serial,1,2,6,2,120,229,20.000,20.746,2343592,2343612,20,1.000000,SUCCESS,sync_sigmoid,sync_with_sensor1_matrix5
2026-05-21T12:11:54,89.3,38.0,sensor1_raspberry,5,TH0,4,0,107,228,20.000,20.740,16727365,16727372,7,0.350000,SUCCESS,sync_counter,sync_with_sensor2_IC1_TH2
2026-05-21T12:11:54,89.3,38.0,sensor2_serial,1,2,6,2,120,228,20.000,20.740,2343635,2343648,13,0.650000,SUCCESS,sync_sigmoid,sync_with_sensor1_matrix5
2026-05-21T12:12:16,89.3,38.0,sensor1_raspberry,5,TH0,4,0,107,227,20.000,20.750,16727372,16727374,2,0.100000,SUCCESS,sync_counter,sync_with_sensor2_IC1_TH2
2026-05-21T12:12:16,89.3,38.0,sensor2_serial,1,2,6,2,120,227,20.000,20.750,2343658,2343673,15,0.750000,SUCCESS,sync_sigmoid,sync_with_sensor1_matrix5
2026-05-21T12:12:39,89.3,38.0,sensor1_raspberry,5,TH0,4,0,107,226,20.000,20.795,16727374,16727379,5,0.250000,SUCCESS,sync_counter,sync_with_sensor2_IC1_TH2
2026-05-21T12:12:39,89.3,38.0,sensor2_serial,1,2,6,2,120,226,20.000,20.795,2343683,2343700,17,0.850000,SUCCESS,sync_sigmoid,sync_with_sensor1_matrix5
2026-05-21T12:13:02,89.3,38.0,sensor1_raspberry,5,TH0,4,0,107,225,20.000,20.761,16727379,16727384,5,0.250000,SUCCESS,sync_counter,sync_with_sensor2_IC1_TH2
2026-05-21T12:13:02,89.3,38.0,sensor2_serial,1,2,6,2,120,225,20.000,20.761,2343717,2343732,15,0.750000,SUCCESS,sync_sigmoid,sync_with_sensor1_matrix5
2026-05-21T12:13:25,89.3,38.0,sensor1_raspberry,5,TH0,4,0,107,224,20.000,20.761,16727384,16727390,6,0.300000,SUCCESS,sync_counter,sync_with_sensor2_IC1_TH2
2026-05-21T12:13:25,89.3,38.0,sensor2_serial,1,2,6,2,120,224,20.000,20.761,2343740,2343755,15,0.750000,SUCCESS,sync_sigmoid,sync_with_sensor1_matrix5
2026-05-21T12:13:48,89.3,38.0,sensor1_raspberry,5,TH0,4,0,107,223,20.000,20.747,16727390,16727393,3,0.150000,SUCCESS,sync_counter,sync_with_sensor2_IC1_TH2
2026-05-21T12:13:48,89.3,38.0,sensor2_serial,1,2,6,2,120,223,20.000,20.747,2343765,2343777,12,0.600000,SUCCESS,sync_sigmoid,sync_with_sensor1_matrix5
2026-05-21T12:14:11,89.3,38.0,sensor1_raspberry,5,TH0,4,0,107,222,20.000,20.727,16727393,16727394,1,0.050000,SUCCESS,sync_counter,sync_with_sensor2_IC1_TH2
2026-05-21T12:14:11,89.3,38.0,sensor2_serial,1,2,6,2,120,222,20.000,20.727,2343785,2343795,10,0.500000,SUCCESS,sync_sigmoid,sync_with_sensor1_matrix5
2026-05-21T12:14:43,90.3,37.0,sensor1_raspberry,5,TH0,4,0,107,255,20.000,20.740,403491,7439268,7035777,351788.850000,SUCCESS,sync_counter,sync_with_sensor2_IC1_TH0
2026-05-21T12:14:43,90.3,37.0,sensor2_serial,1,0,4,0,120,255,20.000,20.740,9646830,12961257,3314427,165721.350000,SUCCESS,sync_sigmoid,sync_with_sensor1_matrix5
2026-05-21T12:15:06,90.3,37.0,sensor1_raspberry,5,TH0,4,0,107,254,20.000,20.701,8028445,13024827,4996382,249819.100000,SUCCESS,sync_counter,sync_with_sensor2_IC1_TH0
2026-05-21T12:15:06,90.3,37.0,sensor2_serial,1,0,4,0,120,254,20.000,20.701,13288380,16742440,3454060,172703.000000,SUCCESS,sync_sigmoid,sync_with_sensor1_matrix5
2026-05-21T12:15:29,90.3,37.0,sensor1_raspberry,5,TH0,4,0,107,253,20.000,20.755,13280824,14452551,1171727,58586.350000,SUCCESS,sync_counter,sync_with_sensor2_IC1_TH0
2026-05-21T12:15:29,90.3,37.0,sensor2_serial,1,0,4,0,120,253,20.000,20.755,291409,3582389,3290980,164549.000000,SUCCESS,sync_sigmoid,sync_with_sensor1_matrix5
2026-05-21T12:15:52,90.3,37.0,sensor1_raspberry,5,TH0,4,0,107,252,20.000,20.735,14520651,14914466,393815,19690.750000,SUCCESS,sync_counter,sync_with_sensor2_IC1_TH0
2026-05-21T12:15:52,90.3,37.0,sensor2_serial,1,0,4,0,120,252,20.000,20.735,3900080,6700074,2799994,139999.700000,SUCCESS,sync_sigmoid,sync_with_sensor1_matrix5
2026-05-21T12:16:15,90.3,37.0,sensor1_raspberry,5,TH0,4,0,107,251,20.000,20.736,14936627,15016854,80227,4011.350000,SUCCESS,sync_counter,sync_with_sensor2_IC1_TH0
2026-05-21T12:16:15,90.3,37.0,sensor2_serial,1,0,4,0,120,251,20.000,20.736,6965195,9003155,2037960,101898.000000,SUCCESS,sync_sigmoid,sync_with_sensor1_matrix5
2026-05-21T12:16:38,90.3,37.0,sensor1_raspberry,5,TH0,4,0,107,250,20.000,20.700,15021709,15042709,21000,1050.000000,SUCCESS,sync_counter,sync_with_sensor2_IC1_TH0
2026-05-21T12:16:38,90.3,37.0,sensor2_serial,1,0,4,0,120,250,20.000,20.700,9211524,10470492,1258968,62948.400000,SUCCESS,sync_sigmoid,sync_with_sensor1_matrix5
2026-05-21T12:17:00,90.3,37.0,sensor1_raspberry,5,TH0,4,0,107,249,20.000,20.763,15043621,15045106,1485,74.250000,SUCCESS,sync_counter,sync_with_sensor2_IC1_TH0
2026-05-21T12:17:00,90.3,37.0,sensor2_serial,1,0,4,0,120,249,20.000,20.763,10574322,11298668,724346,36217.300000,SUCCESS,sync_sigmoid,sync_with_sensor1_matrix5
2026-05-21T12:17:23,90.3,37.0,sensor1_raspberry,5,TH0,4,0,107,248,20.000,20.756,15045201,15045663,462,23.100000,SUCCESS,sync_counter,sync_with_sensor2_IC1_TH0
2026-05-21T12:17:23,90.3,37.0,sensor2_serial,1,0,4,0,120,248,20.000,20.756,11368278,11759736,391458,19572.900000,SUCCESS,sync_sigmoid,sync_with_sensor1_matrix5
2026-05-21T12:17:46,90.3,37.0,sensor1_raspberry,5,TH0,4,0,107,247,20.000,20.693,15045690,15045900,210,10.500000,SUCCESS,sync_counter,sync_with_sensor2_IC1_TH0
2026-05-21T12:17:46,90.3,37.0,sensor2_serial,1,0,4,0,120,247,20.000,20.693,11797235,12073215,275980,13799.000000,SUCCESS,sync_sigmoid,sync_with_sensor1_matrix5
2026-05-21T12:18:09,90.3,37.0,sensor1_raspberry,5,TH0,4,0,107,246,20.000,20.690,15045920,15046058,138,6.900000,SUCCESS,sync_counter,sync_with_sensor2_IC1_TH0
2026-05-21T12:18:09,90.3,37.0,sensor2_serial,1,0,4,0,120,246,20.000,20.690,12073255,12236341,163086,8154.300000,SUCCESS,sync_sigmoid,sync_with_sensor1_matrix5
2026-05-21T12:18:32,90.3,37.0,sensor1_raspberry,5,TH0,4,0,107,245,20.000,20.754,15046064,15046165,101,5.050000,SUCCESS,sync_counter,sync_with_sensor2_IC1_TH0
2026-05-21T12:18:32,90.3,37.0,sensor2_serial,1,0,4,0,120,245,20.000,20.754,12236385,12317594,81209,4060.450000,SUCCESS,sync_sigmoid,sync_with_sensor1_matrix5
2026-05-21T12:18:55,90.3,37.0,sensor1_raspberry,5,TH0,4,0,107,244,20.000,20.723,15046184,15046284,100,5.000000,SUCCESS,sync_counter,sync_with_sensor2_IC1_TH0
2026-05-21T12:18:55,90.3,37.0,sensor2_serial,1,0,4,0,120,244,20.000,20.723,12323633,12323660,27,1.350000,SUCCESS,sync_sigmoid,sync_with_sensor1_matrix5
2026-05-21T12:19:17,90.3,37.0,sensor1_raspberry,5,TH0,4,0,107,243,20.000,20.730,15046297,15046400,103,5.150000,SUCCESS,sync_counter,sync_with_sensor2_IC1_TH0
2026-05-21T12:19:17,90.3,37.0,sensor2_serial,1,0,4,0,120,243,20.000,20.730,12348037,12350012,1975,98.750000,SUCCESS,sync_sigmoid,sync_with_sensor1_matrix5
2026-05-21T12:19:40,90.3,37.0,sensor1_raspberry,5,TH0,4,0,107,242,20.000,20.788,15046410,15046506,96,4.800000,SUCCESS,sync_counter,sync_with_sensor2_IC1_TH0
2026-05-21T12:19:40,90.3,37.0,sensor2_serial,1,0,4,0,120,242,20.000,20.788,12359389,12360073,684,34.200000,SUCCESS,sync_sigmoid,sync_with_sensor1_matrix5
2026-05-21T12:20:03,90.3,37.0,sensor1_raspberry,5,TH0,4,0,107,241,20.000,20.735,15046519,15046591,72,3.600000,SUCCESS,sync_counter,sync_with_sensor2_IC1_TH0
2026-05-21T12:20:03,90.3,37.0,sensor2_serial,1,0,4,0,120,241,20.000,20.735,12362445,12362751,306,15.300000,SUCCESS,sync_sigmoid,sync_with_sensor1_matrix5
2026-05-21T12:20:26,90.3,37.0,sensor1_raspberry,5,TH0,4,0,107,240,20.000,20.777,15046602,15046676,74,3.700000,SUCCESS,sync_counter,sync_with_sensor2_IC1_TH0
2026-05-21T12:20:26,90.3,37.0,sensor2_serial,1,0,4,0,120,240,20.000,20.777,12363885,12364031,146,7.300000,SUCCESS,sync_sigmoid,sync_with_sensor1_matrix5
2026-05-21T12:20:49,90.3,37.0,sensor1_raspberry,5,TH0,4,0,107,239,20.000,20.729,15046681,15046754,73,3.650000,SUCCESS,sync_counter,sync_with_sensor2_IC1_TH0
2026-05-21T12:20:49,90.3,37.0,sensor2_serial,1,0,4,0,120,239,20.000,20.729,12364522,12364570,48,2.400000,SUCCESS,sync_sigmoid,sync_with_sensor1_matrix5
2026-05-21T12:21:12,90.3,37.0,sensor1_raspberry,5,TH0,4,0,107,238,20.000,20.794,15046757,15046824,67,3.350000,SUCCESS,sync_counter,sync_with_sensor2_IC1_TH0
2026-05-21T12:21:12,90.3,37.0,sensor2_serial,1,0,4,0,120,238,20.000,20.794,12364705,12364734,29,1.450000,SUCCESS,sync_sigmoid,sync_with_sensor1_matrix5
2026-05-21T12:21:35,90.3,37.0,sensor1_raspberry,5,TH0,4,0,107,237,20.000,20.747,15046834,15046892,58,2.900000,SUCCESS,sync_counter,sync_with_sensor2_IC1_TH0
2026-05-21T12:21:35,90.3,37.0,sensor2_serial,1,0,4,0,120,237,20.000,20.747,12364787,12364812,25,1.250000,SUCCESS,sync_sigmoid,sync_with_sensor1_matrix5
2026-05-21T12:21:58,90.3,37.0,sensor1_raspberry,5,TH0,4,0,107,236,20.000,20.739,15046896,15046950,54,2.700000,SUCCESS,sync_counter,sync_with_sensor2_IC1_TH0
2026-05-21T12:21:58,90.3,37.0,sensor2_serial,1,0,4,0,120,236,20.000,20.739,12364860,12364880,20,1.000000,SUCCESS,sync_sigmoid,sync_with_sensor1_matrix5
2026-05-21T12:22:20,90.3,37.0,sensor1_raspberry,5,TH0,4,0,107,235,20.000,20.755,15046957,15047026,69,3.450000,SUCCESS,sync_counter,sync_with_sensor2_IC1_TH0
2026-05-21T12:22:20,90.3,37.0,sensor2_serial,1,0,4,0,120,235,20.000,20.755,12364909,12364927,18,0.900000,SUCCESS,sync_sigmoid,sync_with_sensor1_matrix5
2026-05-21T12:22:43,90.3,37.0,sensor1_raspberry,5,TH0,4,0,107,234,20.000,20.781,15047032,15047091,59,2.950000,SUCCESS,sync_counter,sync_with_sensor2_IC1_TH0
2026-05-21T12:22:43,90.3,37.0,sensor2_serial,1,0,4,0,120,234,20.000,20.781,12364968,12364983,15,0.750000,SUCCESS,sync_sigmoid,sync_with_sensor1_matrix5
2026-05-21T12:23:06,90.3,37.0,sensor1_raspberry,5,TH0,4,0,107,233,20.000,20.736,15047099,15047151,52,2.600000,SUCCESS,sync_counter,sync_with_sensor2_IC1_TH0
2026-05-21T12:23:06,90.3,37.0,sensor2_serial,1,0,4,0,120,233,20.000,20.736,12365013,12365027,14,0.700000,SUCCESS,sync_sigmoid,sync_with_sensor1_matrix5
2026-05-21T12:23:29,90.3,37.0,sensor1_raspberry,5,TH0,4,0,107,232,20.000,20.759,15047156,15047203,47,2.350000,SUCCESS,sync_counter,sync_with_sensor2_IC1_TH0
2026-05-21T12:23:29,90.3,37.0,sensor2_serial,1,0,4,0,120,232,20.000,20.759,12365054,12365070,16,0.800000,SUCCESS,sync_sigmoid,sync_with_sensor1_matrix5
2026-05-21T12:23:52,90.3,37.0,sensor1_raspberry,5,TH0,4,0,107,231,20.000,20.742,15047212,15047258,46,2.300000,SUCCESS,sync_counter,sync_with_sensor2_IC1_TH0
2026-05-21T12:23:52,90.3,37.0,sensor2_serial,1,0,4,0,120,231,20.000,20.742,12365091,12365104,13,0.650000,SUCCESS,sync_sigmoid,sync_with_sensor1_matrix5
2026-05-21T12:24:15,90.3,37.0,sensor1_raspberry,5,TH0,4,0,107,230,20.000,20.751,15047264,15047307,43,2.150000,SUCCESS,sync_counter,sync_with_sensor2_IC1_TH0
2026-05-21T12:24:15,90.3,37.0,sensor2_serial,1,0,4,0,120,230,20.000,20.751,12365129,12365141,12,0.600000,SUCCESS,sync_sigmoid,sync_with_sensor1_matrix5
2026-05-21T12:24:38,90.3,37.0,sensor1_raspberry,5,TH0,4,0,107,229,20.000,20.762,15047312,15047347,35,1.750000,SUCCESS,sync_counter,sync_with_sensor2_IC1_TH0
2026-05-21T12:24:38,90.3,37.0,sensor2_serial,1,0,4,0,120,229,20.000,20.762,12365164,12365176,12,0.600000,SUCCESS,sync_sigmoid,sync_with_sensor1_matrix5
2026-05-21T12:25:00,90.3,37.0,sensor1_raspberry,5,TH0,4,0,107,228,20.000,20.729,15047351,15047393,42,2.100000,SUCCESS,sync_counter,sync_with_sensor2_IC1_TH0
2026-05-21T12:25:00,90.3,37.0,sensor2_serial,1,0,4,0,120,228,20.000,20.729,12365192,12365202,10,0.500000,SUCCESS,sync_sigmoid,sync_with_sensor1_matrix5
2026-05-21T12:25:23,90.3,37.0,sensor1_raspberry,5,TH0,4,0,107,227,20.000,20.735,15047396,15047424,28,1.400000,SUCCESS,sync_counter,sync_with_sensor2_IC1_TH0
2026-05-21T12:25:23,90.3,37.0,sensor2_serial,1,0,4,0,120,227,20.000,20.735,12365217,12365231,14,0.700000,SUCCESS,sync_sigmoid,sync_with_sensor1_matrix5
2026-05-21T12:25:46,90.3,37.0,sensor1_raspberry,5,TH0,4,0,107,226,20.000,20.773,15047426,15047449,23,1.150000,SUCCESS,sync_counter,sync_with_sensor2_IC1_TH0
2026-05-21T12:25:46,90.3,37.0,sensor2_serial,1,0,4,0,120,226,20.000,20.773,12365247,12365253,6,0.300000,SUCCESS,sync_sigmoid,sync_with_sensor1_matrix5
2026-05-21T12:26:09,90.3,37.0,sensor1_raspberry,5,TH0,4,0,107,225,20.000,20.769,15047451,15047469,18,0.900000,SUCCESS,sync_counter,sync_with_sensor2_IC1_TH0
2026-05-21T12:26:09,90.3,37.0,sensor2_serial,1,0,4,0,120,225,20.000,20.769,12365268,12365280,12,0.600000,SUCCESS,sync_sigmoid,sync_with_sensor1_matrix5
2026-05-21T12:26:32,90.3,37.0,sensor1_raspberry,5,TH0,4,0,107,224,20.000,20.730,15047469,15047494,25,1.250000,SUCCESS,sync_counter,sync_with_sensor2_IC1_TH0
2026-05-21T12:26:32,90.3,37.0,sensor2_serial,1,0,4,0,120,224,20.000,20.730,12365296,12365303,7,0.350000,SUCCESS,sync_sigmoid,sync_with_sensor1_matrix5
2026-05-21T12:26:55,90.3,37.0,sensor1_raspberry,5,TH0,4,0,107,223,20.000,20.725,15047499,15047525,26,1.300000,SUCCESS,sync_counter,sync_with_sensor2_IC1_TH0
2026-05-21T12:26:55,90.3,37.0,sensor2_serial,1,0,4,0,120,223,20.000,20.725,12365315,12365324,9,0.450000,SUCCESS,sync_sigmoid,sync_with_sensor1_matrix5
2026-05-21T12:27:18,90.3,37.0,sensor1_raspberry,5,TH0,4,0,107,222,20.000,20.745,15047526,15047549,23,1.150000,SUCCESS,sync_counter,sync_with_sensor2_IC1_TH0
2026-05-21T12:27:18,90.3,37.0,sensor2_serial,1,0,4,0,120,222,20.000,20.745,12365335,12365339,4,0.200000,SUCCESS,sync_sigmoid,sync_with_sensor1_matrix5
2026-05-21T12:27:40,90.3,37.0,sensor1_raspberry,5,TH0,4,0,107,221,20.000,20.747,15047550,15047568,18,0.900000,SUCCESS,sync_counter,sync_with_sensor2_IC1_TH0
2026-05-21T12:27:40,90.3,37.0,sensor2_serial,1,0,4,0,120,221,20.000,20.747,12365351,12365356,5,0.250000,SUCCESS,sync_sigmoid,sync_with_sensor1_matrix5
2026-05-21T12:28:03,90.3,37.0,sensor1_raspberry,5,TH0,4,0,107,220,20.000,20.758,15047571,15047585,14,0.700000,SUCCESS,sync_counter,sync_with_sensor2_IC1_TH0
2026-05-21T12:28:03,90.3,37.0,sensor2_serial,1,0,4,0,120,220,20.000,20.758,12365362,12365366,4,0.200000,SUCCESS,sync_sigmoid,sync_with_sensor1_matrix5
2026-05-21T12:28:26,90.3,37.0,sensor1_raspberry,5,TH0,4,0,107,219,20.000,20.735,15047585,15047596,11,0.550000,SUCCESS,sync_counter,sync_with_sensor2_IC1_TH0
2026-05-21T12:28:26,90.3,37.0,sensor2_serial,1,0,4,0,120,219,20.000,20.735,12365376,12365384,8,0.400000,SUCCESS,sync_sigmoid,sync_with_sensor1_matrix5
2026-05-21T12:28:49,90.3,37.0,sensor1_raspberry,5,TH0,4,0,107,218,20.000,20.763,15047598,15047614,16,0.800000,SUCCESS,sync_counter,sync_with_sensor2_IC1_TH0
2026-05-21T12:28:49,90.3,37.0,sensor2_serial,1,0,4,0,120,218,20.000,20.763,12365389,12365396,7,0.350000,SUCCESS,sync_sigmoid,sync_with_sensor1_matrix5
2026-05-21T12:29:12,90.3,37.0,sensor1_raspberry,5,TH0,4,0,107,217,20.000,20.679,15047614,15047624,10,0.500000,SUCCESS,sync_counter,sync_with_sensor2_IC1_TH0
2026-05-21T12:29:12,90.3,37.0,sensor2_serial,1,0,4,0,120,217,20.000,20.679,12365407,12365415,8,0.400000,SUCCESS,sync_sigmoid,sync_with_sensor1_matrix5
2026-05-21T12:29:35,90.3,37.0,sensor1_raspberry,5,TH0,4,0,107,216,20.000,20.736,15047625,15047636,11,0.550000,SUCCESS,sync_counter,sync_with_sensor2_IC1_TH0
2026-05-21T12:29:35,90.3,37.0,sensor2_serial,1,0,4,0,120,216,20.000,20.736,12365418,12365420,2,0.100000,SUCCESS,sync_sigmoid,sync_with_sensor1_matrix5
2026-05-21T12:29:57,90.3,37.0,sensor1_raspberry,5,TH0,4,0,107,215,20.000,20.776,15047636,15047646,10,0.500000,SUCCESS,sync_counter,sync_with_sensor2_IC1_TH0
2026-05-21T12:29:57,90.3,37.0,sensor2_serial,1,0,4,0,120,215,20.000,20.776,12365427,12365431,4,0.200000,SUCCESS,sync_sigmoid,sync_with_sensor1_matrix5
2026-05-21T12:30:20,90.3,37.0,sensor1_raspberry,5,TH0,4,0,107,214,20.000,20.745,15047649,15047656,7,0.350000,SUCCESS,sync_counter,sync_with_sensor2_IC1_TH0
2026-05-21T12:30:20,90.3,37.0,sensor2_serial,1,0,4,0,120,214,20.000,20.745,12365437,12365439,2,0.100000,SUCCESS,sync_sigmoid,sync_with_sensor1_matrix5
2026-05-21T12:30:43,90.3,37.0,sensor1_raspberry,5,TH0,4,0,107,213,20.000,20.697,15047657,15047661,4,0.200000,SUCCESS,sync_counter,sync_with_sensor2_IC1_TH0
2026-05-21T12:30:43,90.3,37.0,sensor2_serial,1,0,4,0,120,213,20.000,20.697,12365443,12365444,1,0.050000,SUCCESS,sync_sigmoid,sync_with_sensor1_matrix5
2026-05-21T12:31:06,90.3,37.0,sensor1_raspberry,5,TH0,4,0,107,212,20.000,20.753,15047662,15047665,3,0.150000,SUCCESS,sync_counter,sync_with_sensor2_IC1_TH0
2026-05-21T12:31:06,90.3,37.0,sensor2_serial,1,0,4,0,120,212,20.000,20.753,12365448,12365450,2,0.100000,SUCCESS,sync_sigmoid,sync_with_sensor1_matrix5
2026-05-21T12:31:29,90.3,37.0,sensor1_raspberry,5,TH0,4,0,107,211,20.000,20.736,15047665,15047673,8,0.400000,SUCCESS,sync_counter,sync_with_sensor2_IC1_TH0
2026-05-21T12:31:29,90.3,37.0,sensor2_serial,1,0,4,0,120,211,20.000,20.736,12365454,12365459,5,0.250000,SUCCESS,sync_sigmoid,sync_with_sensor1_matrix5
2026-05-21T12:31:52,90.3,37.0,sensor1_raspberry,5,TH0,4,0,107,210,20.000,20.747,15047673,15047677,4,0.200000,SUCCESS,sync_counter,sync_with_sensor2_IC1_TH0
2026-05-21T12:31:52,90.3,37.0,sensor2_serial,1,0,4,0,120,210,20.000,20.747,12365463,12365467,4,0.200000,SUCCESS,sync_sigmoid,sync_with_sensor1_matrix5
2026-05-21T12:32:14,90.3,37.0,sensor1_raspberry,5,TH0,4,0,107,209,20.000,20.756,15047679,15047682,3,0.150000,SUCCESS,sync_counter,sync_with_sensor2_IC1_TH0
2026-05-21T12:32:14,90.3,37.0,sensor2_serial,1,0,4,0,120,209,20.000,20.756,12365470,12365474,4,0.200000,SUCCESS,sync_sigmoid,sync_with_sensor1_matrix5
2026-05-21T12:32:37,90.3,37.0,sensor1_raspberry,5,TH0,4,0,107,208,20.000,20.807,15047682,15047684,2,0.100000,SUCCESS,sync_counter,sync_with_sensor2_IC1_TH0
2026-05-21T12:32:37,90.3,37.0,sensor2_serial,1,0,4,0,120,208,20.000,20.807,12365475,12365478,3,0.150000,SUCCESS,sync_sigmoid,sync_with_sensor1_matrix5
2026-05-21T12:33:00,90.3,37.0,sensor1_raspberry,5,TH0,4,0,107,207,20.000,20.711,15047686,15047687,1,0.050000,SUCCESS,sync_counter,sync_with_sensor2_IC1_TH0
2026-05-21T12:33:00,90.3,37.0,sensor2_serial,1,0,4,0,120,207,20.000,20.711,12365478,12365478,0,0.000000,SUCCESS,sync_sigmoid,sync_with_sensor1_matrix5
2026-05-21T12:33:23,90.3,37.0,sensor1_raspberry,5,TH0,4,0,107,255,20.000,20.773,15503440,5826885,7100661,355033.050000,SUCCESS,sync_counter,sync_with_sensor2_IC1_TH1
2026-05-21T12:33:23,90.3,37.0,sensor2_serial,1,1,5,1,120,255,20.000,20.773,5067078,6857110,1790032,89501.600000,SUCCESS,sync_sigmoid,sync_with_sensor1_matrix5
2026-05-21T12:33:46,90.3,37.0,sensor1_raspberry,5,TH0,4,0,107,254,20.000,20.741,6438160,11403654,4965494,248274.700000,SUCCESS,sync_counter,sync_with_sensor2_IC1_TH1
2026-05-21T12:33:46,90.3,37.0,sensor2_serial,1,1,5,1,120,254,20.000,20.741,7032810,8843579,1810769,90538.450000,SUCCESS,sync_sigmoid,sync_with_sensor1_matrix5
2026-05-21T12:34:09,90.3,37.0,sensor1_raspberry,5,TH0,4,0,107,253,20.000,20.790,11656527,12897620,1241093,62054.650000,SUCCESS,sync_counter,sync_with_sensor2_IC1_TH1
2026-05-21T12:34:09,90.3,37.0,sensor2_serial,1,1,5,1,120,253,20.000,20.790,9007668,10759424,1751756,87587.800000,SUCCESS,sync_sigmoid,sync_with_sensor1_matrix5
2026-05-21T12:34:32,90.3,37.0,sensor1_raspberry,5,TH0,4,0,107,252,20.000,20.740,12972124,13402728,430604,21530.200000,SUCCESS,sync_counter,sync_with_sensor2_IC1_TH1
2026-05-21T12:34:32,90.3,37.0,sensor2_serial,1,1,5,1,120,252,20.000,20.740,10936478,12902842,1966364,98318.200000,SUCCESS,sync_sigmoid,sync_with_sensor1_matrix5
2026-05-21T12:34:54,90.3,37.0,sensor1_raspberry,5,TH0,4,0,107,251,20.000,20.747,13424968,13514888,89920,4496.000000,SUCCESS,sync_counter,sync_with_sensor2_IC1_TH1
2026-05-21T12:34:54,90.3,37.0,sensor2_serial,1,1,5,1,120,251,20.000,20.747,13096386,15279504,2183118,109155.900000,SUCCESS,sync_sigmoid,sync_with_sensor1_matrix5
2026-05-21T12:35:17,90.3,37.0,sensor1_raspberry,5,TH0,4,0,107,250,20.000,20.758,13520760,13546530,25770,1288.500000,SUCCESS,sync_counter,sync_with_sensor2_IC1_TH1
2026-05-21T12:35:17,90.3,37.0,sensor2_serial,1,1,5,1,120,250,20.000,20.758,15497344,1224605,2504477,125223.850000,SUCCESS,sync_sigmoid,sync_with_sensor1_matrix5
2026-05-21T12:35:40,90.3,37.0,sensor1_raspberry,5,TH0,4,0,107,249,20.000,20.793,13547588,13549262,1674,83.700000,SUCCESS,sync_counter,sync_with_sensor2_IC1_TH1
2026-05-21T12:35:40,90.3,37.0,sensor2_serial,1,1,5,1,120,249,20.000,20.793,1473628,4281899,2808271,140413.550000,SUCCESS,sync_sigmoid,sync_with_sensor1_matrix5
2026-05-21T12:36:03,90.3,37.0,sensor1_raspberry,5,TH0,4,0,107,248,20.000,20.737,13549381,13549888,507,25.350000,SUCCESS,sync_counter,sync_with_sensor2_IC1_TH1
2026-05-21T12:36:03,90.3,37.0,sensor2_serial,1,1,5,1,120,248,20.000,20.737,4560394,7473727,2913333,145666.650000,SUCCESS,sync_sigmoid,sync_with_sensor1_matrix5
2026-05-21T12:36:26,90.3,37.0,sensor1_raspberry,5,TH0,4,0,107,247,20.000,20.758,13549939,13550145,206,10.300000,SUCCESS,sync_counter,sync_with_sensor2_IC1_TH1
2026-05-21T12:36:26,90.3,37.0,sensor2_serial,1,1,5,1,120,247,20.000,20.758,7755237,10546762,2791525,139576.250000,SUCCESS,sync_sigmoid,sync_with_sensor1_matrix5
2026-05-21T12:36:49,90.3,37.0,sensor1_raspberry,5,TH0,4,0,107,246,20.000,20.726,13550162,13550297,135,6.750000,SUCCESS,sync_counter,sync_with_sensor2_IC1_TH1
2026-05-21T12:36:49,90.3,37.0,sensor2_serial,1,1,5,1,120,246,20.000,20.726,10811930,13009220,2197290,109864.500000,SUCCESS,sync_sigmoid,sync_with_sensor1_matrix5
2026-05-21T12:37:12,90.3,37.0,sensor1_raspberry,5,TH0,4,0,107,245,20.000,20.778,13550310,13550417,107,5.350000,SUCCESS,sync_counter,sync_with_sensor2_IC1_TH1
2026-05-21T12:37:12,90.3,37.0,sensor2_serial,1,1,5,1,120,245,20.000,20.778,13207448,14671041,1463593,73179.650000,SUCCESS,sync_sigmoid,sync_with_sensor1_matrix5
2026-05-21T12:37:34,90.3,37.0,sensor1_raspberry,5,TH0,4,0,107,244,20.000,20.767,13550431,13550524,93,4.650000,SUCCESS,sync_counter,sync_with_sensor2_IC1_TH1
2026-05-21T12:37:34,90.3,37.0,sensor2_serial,1,1,5,1,120,244,20.000,20.767,14807425,15737625,930200,46510.000000,SUCCESS,sync_sigmoid,sync_with_sensor1_matrix5
2026-05-21T12:37:57,90.3,37.0,sensor1_raspberry,5,TH0,4,0,107,243,20.000,20.763,13550533,13550629,96,4.800000,SUCCESS,sync_counter,sync_with_sensor2_IC1_TH1
2026-05-21T12:37:57,90.3,37.0,sensor2_serial,1,1,5,1,120,243,20.000,20.763,15823085,16551389,728304,36415.200000,SUCCESS,sync_sigmoid,sync_with_sensor1_matrix5
2026-05-21T12:38:20,90.3,37.0,sensor1_raspberry,5,TH0,4,0,107,242,20.000,20.774,13550635,13550745,110,5.500000,SUCCESS,sync_counter,sync_with_sensor2_IC1_TH1
2026-05-21T12:38:20,90.3,37.0,sensor2_serial,1,1,5,1,120,242,20.000,20.774,16617503,230043,389756,19487.800000,SUCCESS,sync_sigmoid,sync_with_sensor1_matrix5
2026-05-21T12:38:43,90.3,37.0,sensor1_raspberry,5,TH0,4,0,107,241,20.000,20.753,13550757,13550838,81,4.050000,SUCCESS,sync_counter,sync_with_sensor2_IC1_TH1
2026-05-21T12:38:43,90.3,37.0,sensor2_serial,1,1,5,1,120,241,20.000,20.753,265994,398757,132763,6638.150000,SUCCESS,sync_sigmoid,sync_with_sensor1_matrix5
2026-05-21T12:39:06,90.3,37.0,sensor1_raspberry,5,TH0,4,0,107,240,20.000,20.635,13550845,13550936,91,4.550000,SUCCESS,sync_counter,sync_with_sensor2_IC1_TH1
2026-05-21T12:39:06,90.3,37.0,sensor2_serial,1,1,5,1,120,240,20.000,20.635,412286,475096,62810,3140.500000,SUCCESS,sync_sigmoid,sync_with_sensor1_matrix5
2026-05-21T12:39:29,90.3,37.0,sensor1_raspberry,5,TH0,4,0,107,239,20.000,20.749,13550940,13551021,81,4.050000,SUCCESS,sync_counter,sync_with_sensor2_IC1_TH1
2026-05-21T12:39:29,90.3,37.0,sensor2_serial,1,1,5,1,120,239,20.000,20.749,481208,527825,46617,2330.850000,SUCCESS,sync_sigmoid,sync_with_sensor1_matrix5
2026-05-21T12:39:51,90.3,37.0,sensor1_raspberry,5,TH0,4,0,107,238,20.000,20.733,13551029,13551107,78,3.900000,SUCCESS,sync_counter,sync_with_sensor2_IC1_TH1
2026-05-21T12:39:51,90.3,37.0,sensor2_serial,1,1,5,1,120,238,20.000,20.733,532263,550776,18513,925.650000,SUCCESS,sync_sigmoid,sync_with_sensor1_matrix5
2026-05-21T12:40:14,90.3,37.0,sensor1_raspberry,5,TH0,4,0,107,237,20.000,20.738,13551116,13551189,73,3.650000,SUCCESS,sync_counter,sync_with_sensor2_IC1_TH1
2026-05-21T12:40:14,90.3,37.0,sensor2_serial,1,1,5,1,120,237,20.000,20.738,552352,558452,6100,305.000000,SUCCESS,sync_sigmoid,sync_with_sensor1_matrix5
2026-05-21T12:40:37,90.3,37.0,sensor1_raspberry,5,TH0,4,0,107,236,20.000,20.782,13551192,13551265,73,3.650000,SUCCESS,sync_counter,sync_with_sensor2_IC1_TH1
2026-05-21T12:40:37,90.3,37.0,sensor2_serial,1,1,5,1,120,236,20.000,20.782,558969,561004,2035,101.750000,SUCCESS,sync_sigmoid,sync_with_sensor1_matrix5
2026-05-21T12:41:00,90.3,37.0,sensor1_raspberry,5,TH0,4,0,107,235,20.000,20.756,13551274,13551338,64,3.200000,SUCCESS,sync_counter,sync_with_sensor2_IC1_TH1
2026-05-21T12:41:00,90.3,37.0,sensor2_serial,1,1,5,1,120,235,20.000,20.756,561239,562377,1138,56.900000,SUCCESS,sync_sigmoid,sync_with_sensor1_matrix5
2026-05-21T12:41:23,90.3,37.0,sensor1_raspberry,5,TH0,4,0,107,234,20.000,20.765,13551344,13551399,55,2.750000,SUCCESS,sync_counter,sync_with_sensor2_IC1_TH1
2026-05-21T12:41:23,90.3,37.0,sensor2_serial,1,1,5,1,120,234,20.000,20.765,562517,562931,414,20.700000,SUCCESS,sync_sigmoid,sync_with_sensor1_matrix5
2026-05-21T12:41:46,90.3,37.0,sensor1_raspberry,5,TH0,4,0,107,233,20.000,20.762,13551407,13551469,62,3.100000,SUCCESS,sync_counter,sync_with_sensor2_IC1_TH1
2026-05-21T12:41:46,90.3,37.0,sensor2_serial,1,1,5,1,120,233,20.000,20.762,562986,563106,120,6.000000,SUCCESS,sync_sigmoid,sync_with_sensor1_matrix5
2026-05-21T12:42:08,90.3,37.0,sensor1_raspberry,5,TH0,4,0,107,232,20.000,20.749,13551472,13551514,42,2.100000,SUCCESS,sync_counter,sync_with_sensor2_IC1_TH1
2026-05-21T12:42:08,90.3,37.0,sensor2_serial,1,1,5,1,120,232,20.000,20.749,563140,563204,64,3.200000,SUCCESS,sync_sigmoid,sync_with_sensor1_matrix5
2026-05-21T12:42:31,90.3,37.0,sensor1_raspberry,5,TH0,4,0,107,231,20.000,20.728,13551521,13551575,54,2.700000,SUCCESS,sync_counter,sync_with_sensor2_IC1_TH1
2026-05-21T12:42:31,90.3,37.0,sensor2_serial,1,1,5,1,120,231,20.000,20.728,563232,563270,38,1.900000,SUCCESS,sync_sigmoid,sync_with_sensor1_matrix5
2026-05-21T12:42:54,90.3,37.0,sensor1_raspberry,5,TH0,4,0,107,230,20.000,20.746,13551580,13551635,55,2.750000,SUCCESS,sync_counter,sync_with_sensor2_IC1_TH1
2026-05-21T12:42:54,90.3,37.0,sensor2_serial,1,1,5,1,120,230,20.000,20.746,563290,563329,39,1.950000,SUCCESS,sync_sigmoid,sync_with_sensor1_matrix5
2026-05-21T12:43:17,90.3,37.0,sensor1_raspberry,5,TH0,4,0,107,229,20.000,20.748,13551643,13551689,46,2.300000,SUCCESS,sync_counter,sync_with_sensor2_IC1_TH1
2026-05-21T12:43:17,90.3,37.0,sensor2_serial,1,1,5,1,120,229,20.000,20.748,563349,563389,40,2.000000,SUCCESS,sync_sigmoid,sync_with_sensor1_matrix5
2026-05-21T12:43:40,90.3,37.0,sensor1_raspberry,5,TH0,4,0,107,228,20.000,20.775,13551690,13551722,32,1.600000,SUCCESS,sync_counter,sync_with_sensor2_IC1_TH1
2026-05-21T12:43:40,90.3,37.0,sensor2_serial,1,1,5,1,120,228,20.000,20.775,563408,563436,28,1.400000,SUCCESS,sync_sigmoid,sync_with_sensor1_matrix5
2026-05-21T12:44:03,90.3,37.0,sensor1_raspberry,5,TH0,4,0,107,227,20.000,20.742,13551729,13551760,31,1.550000,SUCCESS,sync_counter,sync_with_sensor2_IC1_TH1
2026-05-21T12:44:03,90.3,37.0,sensor2_serial,1,1,5,1,120,227,20.000,20.742,563452,563484,32,1.600000,SUCCESS,sync_sigmoid,sync_with_sensor1_matrix5
2026-05-21T12:44:25,90.3,37.0,sensor1_raspberry,5,TH0,4,0,107,226,20.000,20.759,13551763,13551789,26,1.300000,SUCCESS,sync_counter,sync_with_sensor2_IC1_TH1
2026-05-21T12:44:25,90.3,37.0,sensor2_serial,1,1,5,1,120,226,20.000,20.759,563498,563527,29,1.450000,SUCCESS,sync_sigmoid,sync_with_sensor1_matrix5
2026-05-21T12:44:48,90.3,37.0,sensor1_raspberry,5,TH0,4,0,107,225,20.000,20.748,13551793,13551831,38,1.900000,SUCCESS,sync_counter,sync_with_sensor2_IC1_TH1
2026-05-21T12:44:48,90.3,37.0,sensor2_serial,1,1,5,1,120,225,20.000,20.748,563539,563561,22,1.100000,SUCCESS,sync_sigmoid,sync_with_sensor1_matrix5
2026-05-21T12:45:11,90.3,37.0,sensor1_raspberry,5,TH0,4,0,107,224,20.000,20.776,13551834,13551858,24,1.200000,SUCCESS,sync_counter,sync_with_sensor2_IC1_TH1
2026-05-21T12:45:11,90.3,37.0,sensor2_serial,1,1,5,1,120,224,20.000,20.776,563572,563595,23,1.150000,SUCCESS,sync_sigmoid,sync_with_sensor1_matrix5
2026-05-21T12:45:34,90.3,37.0,sensor1_raspberry,5,TH0,4,0,107,223,20.000,20.741,13551860,13551880,20,1.000000,SUCCESS,sync_counter,sync_with_sensor2_IC1_TH1
2026-05-21T12:45:34,90.3,37.0,sensor2_serial,1,1,5,1,120,223,20.000,20.741,563607,563625,18,0.900000,SUCCESS,sync_sigmoid,sync_with_sensor1_matrix5
2026-05-21T12:45:57,90.3,37.0,sensor1_raspberry,5,TH0,4,0,107,222,20.000,20.717,13551883,13551899,16,0.800000,SUCCESS,sync_counter,sync_with_sensor2_IC1_TH1
2026-05-21T12:45:57,90.3,37.0,sensor2_serial,1,1,5,1,120,222,20.000,20.717,563632,563650,18,0.900000,SUCCESS,sync_sigmoid,sync_with_sensor1_matrix5
2026-05-21T12:46:20,90.3,37.0,sensor1_raspberry,5,TH0,4,0,107,221,20.000,20.740,13551902,13551924,22,1.100000,SUCCESS,sync_counter,sync_with_sensor2_IC1_TH1
2026-05-21T12:46:20,90.3,37.0,sensor2_serial,1,1,5,1,120,221,20.000,20.740,563658,563671,13,0.650000,SUCCESS,sync_sigmoid,sync_with_sensor1_matrix5
2026-05-21T12:46:43,90.3,37.0,sensor1_raspberry,5,TH0,4,0,107,220,20.000,20.726,13551924,13551940,16,0.800000,SUCCESS,sync_counter,sync_with_sensor2_IC1_TH1
2026-05-21T12:46:43,90.3,37.0,sensor2_serial,1,1,5,1,120,220,20.000,20.726,563681,563694,13,0.650000,SUCCESS,sync_sigmoid,sync_with_sensor1_matrix5
2026-05-21T12:47:05,90.3,37.0,sensor1_raspberry,5,TH0,4,0,107,219,20.000,20.728,13551941,13551958,17,0.850000,SUCCESS,sync_counter,sync_with_sensor2_IC1_TH1
2026-05-21T12:47:05,90.3,37.0,sensor2_serial,1,1,5,1,120,219,20.000,20.728,563705,563722,17,0.850000,SUCCESS,sync_sigmoid,sync_with_sensor1_matrix5
2026-05-21T12:47:28,90.3,37.0,sensor1_raspberry,5,TH0,4,0,107,218,20.000,20.750,13551958,13551974,16,0.800000,SUCCESS,sync_counter,sync_with_sensor2_IC1_TH1
2026-05-21T12:47:28,90.3,37.0,sensor2_serial,1,1,5,1,120,218,20.000,20.750,563731,563744,13,0.650000,SUCCESS,sync_sigmoid,sync_with_sensor1_matrix5
2026-05-21T12:47:51,90.3,37.0,sensor1_raspberry,5,TH0,4,0,107,217,20.000,20.755,13551975,13551993,18,0.900000,SUCCESS,sync_counter,sync_with_sensor2_IC1_TH1
2026-05-21T12:47:51,90.3,37.0,sensor2_serial,1,1,5,1,120,217,20.000,20.755,563751,563762,11,0.550000,SUCCESS,sync_sigmoid,sync_with_sensor1_matrix5
2026-05-21T12:48:14,90.3,37.0,sensor1_raspberry,5,TH0,4,0,107,216,20.000,20.744,13551994,13552008,14,0.700000,SUCCESS,sync_counter,sync_with_sensor2_IC1_TH1
2026-05-21T12:48:14,90.3,37.0,sensor2_serial,1,1,5,1,120,216,20.000,20.744,563768,563778,10,0.500000,SUCCESS,sync_sigmoid,sync_with_sensor1_matrix5
2026-05-21T12:48:37,90.3,37.0,sensor1_raspberry,5,TH0,4,0,107,215,20.000,20.744,13552010,13552021,11,0.550000,SUCCESS,sync_counter,sync_with_sensor2_IC1_TH1
2026-05-21T12:48:37,90.3,37.0,sensor2_serial,1,1,5,1,120,215,20.000,20.744,563783,563792,9,0.450000,SUCCESS,sync_sigmoid,sync_with_sensor1_matrix5
2026-05-21T12:49:00,90.3,37.0,sensor1_raspberry,5,TH0,4,0,107,214,20.000,20.756,13552022,13552028,6,0.300000,SUCCESS,sync_counter,sync_with_sensor2_IC1_TH1
2026-05-21T12:49:00,90.3,37.0,sensor2_serial,1,1,5,1,120,214,20.000,20.756,563798,563807,9,0.450000,SUCCESS,sync_sigmoid,sync_with_sensor1_matrix5
2026-05-21T12:49:23,90.3,37.0,sensor1_raspberry,5,TH0,4,0,107,213,20.000,20.789,13552028,13552035,7,0.350000,SUCCESS,sync_counter,sync_with_sensor2_IC1_TH1
2026-05-21T12:49:23,90.3,37.0,sensor2_serial,1,1,5,1,120,213,20.000,20.789,563811,563818,7,0.350000,SUCCESS,sync_sigmoid,sync_with_sensor1_matrix5
2026-05-21T12:49:45,90.3,37.0,sensor1_raspberry,5,TH0,4,0,107,212,20.000,20.774,13552035,13552047,12,0.600000,SUCCESS,sync_counter,sync_with_sensor2_IC1_TH1
2026-05-21T12:49:45,90.3,37.0,sensor2_serial,1,1,5,1,120,212,20.000,20.774,563823,563833,10,0.500000,SUCCESS,sync_sigmoid,sync_with_sensor1_matrix5
2026-05-21T12:50:08,90.3,37.0,sensor1_raspberry,5,TH0,4,0,107,211,20.000,20.723,13552047,13552053,6,0.300000,SUCCESS,sync_counter,sync_with_sensor2_IC1_TH1
2026-05-21T12:50:08,90.3,37.0,sensor2_serial,1,1,5,1,120,211,20.000,20.723,563839,563846,7,0.350000,SUCCESS,sync_sigmoid,sync_with_sensor1_matrix5
2026-05-21T12:50:31,90.3,37.0,sensor1_raspberry,5,TH0,4,0,107,210,20.000,20.761,13552053,13552055,2,0.100000,SUCCESS,sync_counter,sync_with_sensor2_IC1_TH1
2026-05-21T12:50:31,90.3,37.0,sensor2_serial,1,1,5,1,120,210,20.000,20.761,563849,563854,5,0.250000,SUCCESS,sync_sigmoid,sync_with_sensor1_matrix5
2026-05-21T12:50:54,90.3,37.0,sensor1_raspberry,5,TH0,4,0,107,209,20.000,20.727,13552057,13552065,8,0.400000,SUCCESS,sync_counter,sync_with_sensor2_IC1_TH1
2026-05-21T12:50:54,90.3,37.0,sensor2_serial,1,1,5,1,120,209,20.000,20.727,563858,563863,5,0.250000,SUCCESS,sync_sigmoid,sync_with_sensor1_matrix5
2026-05-21T12:51:17,90.3,37.0,sensor1_raspberry,5,TH0,4,0,107,208,20.000,20.774,13552065,13552071,6,0.300000,SUCCESS,sync_counter,sync_with_sensor2_IC1_TH1
2026-05-21T12:51:17,90.3,37.0,sensor2_serial,1,1,5,1,120,208,20.000,20.774,563865,563870,5,0.250000,SUCCESS,sync_sigmoid,sync_with_sensor1_matrix5
2026-05-21T12:51:40,90.3,37.0,sensor1_raspberry,5,TH0,4,0,107,207,20.000,20.787,13552071,13552072,1,0.050000,SUCCESS,sync_counter,sync_with_sensor2_IC1_TH1
2026-05-21T12:51:40,90.3,37.0,sensor2_serial,1,1,5,1,120,207,20.000,20.787,563872,563875,3,0.150000,SUCCESS,sync_sigmoid,sync_with_sensor1_matrix5
2026-05-21T12:52:03,90.3,37.0,sensor1_raspberry,5,TH0,4,0,107,255,20.000,20.735,14006889,4410204,7180531,359026.550000,SUCCESS,sync_counter,sync_with_sensor2_IC1_TH2
2026-05-21T12:52:03,90.3,37.0,sensor2_serial,1,2,6,2,120,255,20.000,20.735,2386084,4155487,1769403,88470.150000,SUCCESS,sync_sigmoid,sync_with_sensor1_matrix5
2026-05-21T12:52:25,90.3,37.0,sensor1_raspberry,5,TH0,4,0,107,254,20.000,20.732,5011529,10412944,5401415,270070.750000,SUCCESS,sync_counter,sync_with_sensor2_IC1_TH2
2026-05-21T12:52:25,90.3,37.0,sensor2_serial,1,2,6,2,120,254,20.000,20.732,4325684,6045606,1719922,85996.100000,SUCCESS,sync_sigmoid,sync_with_sensor1_matrix5
2026-05-21T12:52:48,90.3,37.0,sensor1_raspberry,5,TH0,4,0,107,253,20.000,20.740,10708393,12144648,1436255,71812.750000,SUCCESS,sync_counter,sync_with_sensor2_IC1_TH2
2026-05-21T12:52:48,90.3,37.0,sensor2_serial,1,2,6,2,120,253,20.000,20.740,6210811,7994154,1783343,89167.150000,SUCCESS,sync_sigmoid,sync_with_sensor1_matrix5
2026-05-21T12:53:11,90.3,37.0,sensor1_raspberry,5,TH0,4,0,107,252,20.000,20.743,12235766,12779010,543244,27162.200000,SUCCESS,sync_counter,sync_with_sensor2_IC1_TH2
2026-05-21T12:53:11,90.3,37.0,sensor2_serial,1,2,6,2,120,252,20.000,20.743,8164471,9972301,1807830,90391.500000,SUCCESS,sync_sigmoid,sync_with_sensor1_matrix5
2026-05-21T12:53:34,90.3,37.0,sensor1_raspberry,5,TH0,4,0,107,251,20.000,20.735,12808283,12912672,104389,5219.450000,SUCCESS,sync_counter,sync_with_sensor2_IC1_TH2
2026-05-21T12:53:34,90.3,37.0,sensor2_serial,1,2,6,2,120,251,20.000,20.735,10146721,12078254,1931533,96576.650000,SUCCESS,sync_sigmoid,sync_with_sensor1_matrix5
2026-05-21T12:53:57,90.3,37.0,sensor1_raspberry,5,TH0,4,0,107,250,20.000,20.781,12919986,12951182,31196,1559.800000,SUCCESS,sync_counter,sync_with_sensor2_IC1_TH2
2026-05-21T12:53:57,90.3,37.0,sensor2_serial,1,2,6,2,120,250,20.000,20.781,12273193,14529163,2255970,112798.500000,SUCCESS,sync_sigmoid,sync_with_sensor1_matrix5
2026-05-21T12:54:20,90.3,37.0,sensor1_raspberry,5,TH0,4,0,107,249,20.000,20.745,12952510,12954552,2042,102.100000,SUCCESS,sync_counter,sync_with_sensor2_IC1_TH2
2026-05-21T12:54:20,90.3,37.0,sensor2_serial,1,2,6,2,120,249,20.000,20.745,14734589,237841,2280468,114023.400000,SUCCESS,sync_sigmoid,sync_with_sensor1_matrix5
2026-05-21T12:54:42,90.3,37.0,sensor1_raspberry,5,TH0,4,0,107,248,20.000,20.749,12954667,12955239,572,28.600000,SUCCESS,sync_counter,sync_with_sensor2_IC1_TH2
2026-05-21T12:54:42,90.3,37.0,sensor2_serial,1,2,6,2,120,248,20.000,20.749,474855,3170875,2696020,134801.000000,SUCCESS,sync_sigmoid,sync_with_sensor1_matrix5
2026-05-21T12:55:05,90.3,37.0,sensor1_raspberry,5,TH0,4,0,107,247,20.000,20.755,12955285,12955502,217,10.850000,SUCCESS,sync_counter,sync_with_sensor2_IC1_TH2
2026-05-21T12:55:05,90.3,37.0,sensor2_serial,1,2,6,2,120,247,20.000,20.755,3434847,6442289,3007442,150372.100000,SUCCESS,sync_sigmoid,sync_with_sensor1_matrix5
2026-05-21T12:55:28,90.3,37.0,sensor1_raspberry,5,TH0,4,0,107,246,20.000,20.773,12955525,12955645,120,6.000000,SUCCESS,sync_counter,sync_with_sensor2_IC1_TH2
2026-05-21T12:55:28,90.3,37.0,sensor2_serial,1,2,6,2,120,246,20.000,20.773,6731815,9397581,2665766,133288.300000,SUCCESS,sync_sigmoid,sync_with_sensor1_matrix5
2026-05-21T12:55:51,90.3,37.0,sensor1_raspberry,5,TH0,4,0,107,245,20.000,20.697,12955658,12955766,108,5.400000,SUCCESS,sync_counter,sync_with_sensor2_IC1_TH2
2026-05-21T12:55:51,90.3,37.0,sensor2_serial,1,2,6,2,120,245,20.000,20.697,9651839,11858493,2206654,110332.700000,SUCCESS,sync_sigmoid,sync_with_sensor1_matrix5
2026-05-21T12:56:14,90.3,37.0,sensor1_raspberry,5,TH0,4,0,107,244,20.000,20.781,12955780,12955870,90,4.500000,SUCCESS,sync_counter,sync_with_sensor2_IC1_TH2
2026-05-21T12:56:14,90.3,37.0,sensor2_serial,1,2,6,2,120,244,20.000,20.781,12067273,13717441,1650168,82508.400000,SUCCESS,sync_sigmoid,sync_with_sensor1_matrix5
2026-05-21T12:56:37,90.3,37.0,sensor1_raspberry,5,TH0,4,0,107,243,20.000,20.782,12955876,12956000,124,6.200000,SUCCESS,sync_counter,sync_with_sensor2_IC1_TH2
2026-05-21T12:56:37,90.3,37.0,sensor2_serial,1,2,6,2,120,243,20.000,20.782,13877900,15107316,1229416,61470.800000,SUCCESS,sync_sigmoid,sync_with_sensor1_matrix5
2026-05-21T12:57:00,90.3,37.0,sensor1_raspberry,5,TH0,4,0,107,242,20.000,20.773,12956004,12956100,96,4.800000,SUCCESS,sync_counter,sync_with_sensor2_IC1_TH2
2026-05-21T12:57:00,90.3,37.0,sensor2_serial,1,2,6,2,120,242,20.000,20.773,15221740,15794932,573192,28659.600000,SUCCESS,sync_sigmoid,sync_with_sensor1_matrix5
2026-05-21T12:57:22,90.3,37.0,sensor1_raspberry,5,TH0,4,0,107,241,20.000,20.763,12956111,12956186,75,3.750000,SUCCESS,sync_counter,sync_with_sensor2_IC1_TH2
2026-05-21T12:57:22,90.3,37.0,sensor2_serial,1,2,6,2,120,241,20.000,20.763,15851496,16191420,339924,16996.200000,SUCCESS,sync_sigmoid,sync_with_sensor1_matrix5
2026-05-21T12:57:45,90.3,37.0,sensor1_raspberry,5,TH0,4,0,107,240,20.000,20.763,12956193,12956286,93,4.650000,SUCCESS,sync_counter,sync_with_sensor2_IC1_TH2
2026-05-21T12:57:45,90.3,37.0,sensor2_serial,1,2,6,2,120,240,20.000,20.763,16220932,16374459,153527,7676.350000,SUCCESS,sync_sigmoid,sync_with_sensor1_matrix5
2026-05-21T12:58:08,90.3,37.0,sensor1_raspberry,5,TH0,4,0,107,239,20.000,20.743,12956294,12956364,70,3.500000,SUCCESS,sync_counter,sync_with_sensor2_IC1_TH2
2026-05-21T12:58:08,90.3,37.0,sensor2_serial,1,2,6,2,120,239,20.000,20.743,16392526,16493465,100939,5046.950000,SUCCESS,sync_sigmoid,sync_with_sensor1_matrix5
2026-05-21T12:58:31,90.3,37.0,sensor1_raspberry,5,TH0,4,0,107,238,20.000,20.732,12956372,12956459,87,4.350000,SUCCESS,sync_counter,sync_with_sensor2_IC1_TH2
2026-05-21T12:58:31,90.3,37.0,sensor2_serial,1,2,6,2,120,238,20.000,20.732,16502947,16539191,36244,1812.200000,SUCCESS,sync_sigmoid,sync_with_sensor1_matrix5
2026-05-21T12:58:54,90.3,37.0,sensor1_raspberry,5,TH0,4,0,107,237,20.000,20.739,12956468,12956538,70,3.500000,SUCCESS,sync_counter,sync_with_sensor2_IC1_TH2
2026-05-21T12:58:54,90.3,37.0,sensor2_serial,1,2,6,2,120,237,20.000,20.739,16542329,16557584,15255,762.750000,SUCCESS,sync_sigmoid,sync_with_sensor1_matrix5
2026-05-21T12:59:17,90.3,37.0,sensor1_raspberry,5,TH0,4,0,107,236,20.000,20.760,12956544,12956620,76,3.800000,SUCCESS,sync_counter,sync_with_sensor2_IC1_TH2
2026-05-21T12:59:17,90.3,37.0,sensor2_serial,1,2,6,2,120,236,20.000,20.760,16559227,16564514,5287,264.350000,SUCCESS,sync_sigmoid,sync_with_sensor1_matrix5
2026-05-21T12:59:40,90.3,37.0,sensor1_raspberry,5,TH0,4,0,107,235,20.000,20.772,12956626,12956681,55,2.750000,SUCCESS,sync_counter,sync_with_sensor2_IC1_TH2
2026-05-21T12:59:40,90.3,37.0,sensor2_serial,1,2,6,2,120,235,20.000,20.772,16565056,16568531,3475,173.750000,SUCCESS,sync_sigmoid,sync_with_sensor1_matrix5
2026-05-21T13:00:02,90.3,37.0,sensor1_raspberry,5,TH0,4,0,107,234,20.000,20.749,12956691,12956757,66,3.300000,SUCCESS,sync_counter,sync_with_sensor2_IC1_TH2
2026-05-21T13:00:02,90.3,37.0,sensor2_serial,1,2,6,2,120,234,20.000,20.749,16568868,16569981,1113,55.650000,SUCCESS,sync_sigmoid,sync_with_sensor1_matrix5
2026-05-21T13:00:25,90.3,37.0,sensor1_raspberry,5,TH0,4,0,107,233,20.000,20.763,12956764,12956814,50,2.500000,SUCCESS,sync_counter,sync_with_sensor2_IC1_TH2
2026-05-21T13:00:25,90.3,37.0,sensor2_serial,1,2,6,2,120,233,20.000,20.763,16570088,16570634,546,27.300000,SUCCESS,sync_sigmoid,sync_with_sensor1_matrix5
2026-05-21T13:00:48,90.3,37.0,sensor1_raspberry,5,TH0,4,0,107,232,20.000,20.729,12956817,12956871,54,2.700000,SUCCESS,sync_counter,sync_with_sensor2_IC1_TH2
2026-05-21T13:00:48,90.3,37.0,sensor2_serial,1,2,6,2,120,232,20.000,20.729,16570708,16570877,169,8.450000,SUCCESS,sync_sigmoid,sync_with_sensor1_matrix5
2026-05-21T13:01:11,90.3,37.0,sensor1_raspberry,5,TH0,4,0,107,231,20.000,20.746,12956877,12956930,53,2.650000,SUCCESS,sync_counter,sync_with_sensor2_IC1_TH2
2026-05-21T13:01:11,90.3,37.0,sensor2_serial,1,2,6,2,120,231,20.000,20.746,16570913,16570969,56,2.800000,SUCCESS,sync_sigmoid,sync_with_sensor1_matrix5
2026-05-21T13:01:34,90.3,37.0,sensor1_raspberry,5,TH0,4,0,107,230,20.000,20.749,12956937,12956991,54,2.700000,SUCCESS,sync_counter,sync_with_sensor2_IC1_TH2
2026-05-21T13:01:34,90.3,37.0,sensor2_serial,1,2,6,2,120,230,20.000,20.749,16570984,16571022,38,1.900000,SUCCESS,sync_sigmoid,sync_with_sensor1_matrix5
2026-05-21T13:01:57,90.3,37.0,sensor1_raspberry,5,TH0,4,0,107,229,20.000,20.749,12956996,12957042,46,2.300000,SUCCESS,sync_counter,sync_with_sensor2_IC1_TH2
2026-05-21T13:01:57,90.3,37.0,sensor2_serial,1,2,6,2,120,229,20.000,20.749,16571045,16571074,29,1.450000,SUCCESS,sync_sigmoid,sync_with_sensor1_matrix5
2026-05-21T13:02:19,90.3,37.0,sensor1_raspberry,5,TH0,4,0,107,228,20.000,20.710,12957048,12957088,40,2.000000,SUCCESS,sync_counter,sync_with_sensor2_IC1_TH2
2026-05-21T13:02:19,90.3,37.0,sensor2_serial,1,2,6,2,120,228,20.000,20.710,16571092,16571127,35,1.750000,SUCCESS,sync_sigmoid,sync_with_sensor1_matrix5
2026-05-21T13:02:42,90.3,37.0,sensor1_raspberry,5,TH0,4,0,107,227,20.000,20.720,12957092,12957127,35,1.750000,SUCCESS,sync_counter,sync_with_sensor2_IC1_TH2
2026-05-21T13:02:42,90.3,37.0,sensor2_serial,1,2,6,2,120,227,20.000,20.720,16571143,16571171,28,1.400000,SUCCESS,sync_sigmoid,sync_with_sensor1_matrix5
2026-05-21T13:03:05,90.3,37.0,sensor1_raspberry,5,TH0,4,0,107,226,20.000,20.730,12957133,12957166,33,1.650000,SUCCESS,sync_counter,sync_with_sensor2_IC1_TH2
2026-05-21T13:03:05,90.3,37.0,sensor2_serial,1,2,6,2,120,226,20.000,20.730,16571185,16571212,27,1.350000,SUCCESS,sync_sigmoid,sync_with_sensor1_matrix5
2026-05-21T13:03:28,90.3,37.0,sensor1_raspberry,5,TH0,4,0,107,225,20.000,20.728,12957170,12957200,30,1.500000,SUCCESS,sync_counter,sync_with_sensor2_IC1_TH2
2026-05-21T13:03:28,90.3,37.0,sensor2_serial,1,2,6,2,120,225,20.000,20.728,16571224,16571250,26,1.300000,SUCCESS,sync_sigmoid,sync_with_sensor1_matrix5
2026-05-21T13:03:51,90.3,37.0,sensor1_raspberry,5,TH0,4,0,107,224,20.000,20.737,12957207,12957239,32,1.600000,SUCCESS,sync_counter,sync_with_sensor2_IC1_TH2
2026-05-21T13:03:51,90.3,37.0,sensor2_serial,1,2,6,2,120,224,20.000,20.737,16571266,16571291,25,1.250000,SUCCESS,sync_sigmoid,sync_with_sensor1_matrix5
2026-05-21T13:04:14,90.3,37.0,sensor1_raspberry,5,TH0,4,0,107,223,20.000,20.744,12957245,12957272,27,1.350000,SUCCESS,sync_counter,sync_with_sensor2_IC1_TH2
2026-05-21T13:04:14,90.3,37.0,sensor2_serial,1,2,6,2,120,223,20.000,20.744,16571301,16571321,20,1.000000,SUCCESS,sync_sigmoid,sync_with_sensor1_matrix5
2026-05-21T13:04:36,90.3,37.0,sensor1_raspberry,5,TH0,4,0,107,222,20.000,20.754,12957278,12957313,35,1.750000,SUCCESS,sync_counter,sync_with_sensor2_IC1_TH2
2026-05-21T13:04:36,90.3,37.0,sensor2_serial,1,2,6,2,120,222,20.000,20.754,16571328,16571347,19,0.950000,SUCCESS,sync_sigmoid,sync_with_sensor1_matrix5
2026-05-21T13:04:59,90.3,37.0,sensor1_raspberry,5,TH0,4,0,107,221,20.000,20.728,12957314,12957337,23,1.150000,SUCCESS,sync_counter,sync_with_sensor2_IC1_TH2
2026-05-21T13:04:59,90.3,37.0,sensor2_serial,1,2,6,2,120,221,20.000,20.728,16571355,16571372,17,0.850000,SUCCESS,sync_sigmoid,sync_with_sensor1_matrix5
2026-05-21T13:05:22,90.3,37.0,sensor1_raspberry,5,TH0,4,0,107,220,20.000,20.780,12957339,12957364,25,1.250000,SUCCESS,sync_counter,sync_with_sensor2_IC1_TH2
2026-05-21T13:05:22,90.3,37.0,sensor2_serial,1,2,6,2,120,220,20.000,20.780,16571377,16571389,12,0.600000,SUCCESS,sync_sigmoid,sync_with_sensor1_matrix5
2026-05-21T13:05:45,90.3,37.0,sensor1_raspberry,5,TH0,4,0,107,219,20.000,20.742,12957366,12957385,19,0.950000,SUCCESS,sync_counter,sync_with_sensor2_IC1_TH2
2026-05-21T13:05:45,90.3,37.0,sensor2_serial,1,2,6,2,120,219,20.000,20.742,16571397,16571412,15,0.750000,SUCCESS,sync_sigmoid,sync_with_sensor1_matrix5
2026-05-21T13:06:08,90.3,37.0,sensor1_raspberry,5,TH0,4,0,107,218,20.000,20.765,12957386,12957402,16,0.800000,SUCCESS,sync_counter,sync_with_sensor2_IC1_TH2
2026-05-21T13:06:08,90.3,37.0,sensor2_serial,1,2,6,2,120,218,20.000,20.765,16571419,16571427,8,0.400000,SUCCESS,sync_sigmoid,sync_with_sensor1_matrix5
2026-05-21T13:06:31,90.3,37.0,sensor1_raspberry,5,TH0,4,0,107,217,20.000,20.738,12957405,12957410,5,0.250000,SUCCESS,sync_counter,sync_with_sensor2_IC1_TH2
2026-05-21T13:06:31,90.3,37.0,sensor2_serial,1,2,6,2,120,217,20.000,20.738,16571432,16571445,13,0.650000,SUCCESS,sync_sigmoid,sync_with_sensor1_matrix5
2026-05-21T13:06:54,90.3,37.0,sensor1_raspberry,5,TH0,4,0,107,216,20.000,20.753,12957413,12957421,8,0.400000,SUCCESS,sync_counter,sync_with_sensor2_IC1_TH2
2026-05-21T13:06:54,90.3,37.0,sensor2_serial,1,2,6,2,120,216,20.000,20.753,16571449,16571457,8,0.400000,SUCCESS,sync_sigmoid,sync_with_sensor1_matrix5
2026-05-21T13:07:16,90.3,37.0,sensor1_raspberry,5,TH0,4,0,107,215,20.000,20.723,12957421,12957436,15,0.750000,SUCCESS,sync_counter,sync_with_sensor2_IC1_TH2
2026-05-21T13:07:16,90.3,37.0,sensor2_serial,1,2,6,2,120,215,20.000,20.723,16571462,16571467,5,0.250000,SUCCESS,sync_sigmoid,sync_with_sensor1_matrix5
2026-05-21T13:07:39,90.3,37.0,sensor1_raspberry,5,TH0,4,0,107,214,20.000,20.764,12957436,12957449,13,0.650000,SUCCESS,sync_counter,sync_with_sensor2_IC1_TH2
2026-05-21T13:07:39,90.3,37.0,sensor2_serial,1,2,6,2,120,214,20.000,20.764,16571469,16571470,1,0.050000,SUCCESS,sync_sigmoid,sync_with_sensor1_matrix5
2026-05-21T13:08:02,90.3,37.0,sensor1_raspberry,5,TH0,4,0,107,213,20.000,20.767,12957450,12957459,9,0.450000,SUCCESS,sync_counter,sync_with_sensor2_IC1_TH2
2026-05-21T13:08:02,90.3,37.0,sensor2_serial,1,2,6,2,120,213,20.000,20.767,16571471,16571474,3,0.150000,SUCCESS,sync_sigmoid,sync_with_sensor1_matrix5
2026-05-21T13:08:25,90.3,37.0,sensor1_raspberry,5,TH0,4,0,107,212,20.000,20.760,12957459,12957464,5,0.250000,SUCCESS,sync_counter,sync_with_sensor2_IC1_TH2
2026-05-21T13:08:25,90.3,37.0,sensor2_serial,1,2,6,2,120,212,20.000,20.760,16571476,16571480,4,0.200000,SUCCESS,sync_sigmoid,sync_with_sensor1_matrix5
2026-05-21T13:08:48,90.3,37.0,sensor1_raspberry,5,TH0,4,0,107,211,20.000,20.696,12957464,12957480,16,0.800000,SUCCESS,sync_counter,sync_with_sensor2_IC1_TH2
2026-05-21T13:08:48,90.3,37.0,sensor2_serial,1,2,6,2,120,211,20.000,20.696,16571482,16571487,5,0.250000,SUCCESS,sync_sigmoid,sync_with_sensor1_matrix5
2026-05-21T13:09:11,90.3,37.0,sensor1_raspberry,5,TH0,4,0,107,210,20.000,20.715,12957480,12957482,2,0.100000,SUCCESS,sync_counter,sync_with_sensor2_IC1_TH2
2026-05-21T13:09:11,90.3,37.0,sensor2_serial,1,2,6,2,120,210,20.000,20.715,16571488,16571490,2,0.100000,SUCCESS,sync_sigmoid,sync_with_sensor1_matrix5
2026-05-21T13:09:33,90.3,37.0,sensor1_raspberry,5,TH0,4,0,107,209,20.000,20.739,12957482,12957484,2,0.100000,SUCCESS,sync_counter,sync_with_sensor2_IC1_TH2
2026-05-21T13:09:33,90.3,37.0,sensor2_serial,1,2,6,2,120,209,20.000,20.739,16571492,16571492,0,0.000000,SUCCESS,sync_sigmoid,sync_with_sensor1_matrix5
2026-05-21T13:09:56,90.3,37.0,sensor1_raspberry,5,TH0,4,0,107,208,20.000,20.697,12957485,12957493,8,0.400000,SUCCESS,sync_counter,sync_with_sensor2_IC1_TH2
2026-05-21T13:09:56,90.3,37.0,sensor2_serial,1,2,6,2,120,208,20.000,20.697,16571492,16571494,2,0.100000,SUCCESS,sync_sigmoid,sync_with_sensor1_matrix5
2026-05-21T13:10:19,90.3,37.0,sensor1_raspberry,5,TH0,4,0,107,207,20.000,20.797,12957493,12957495,2,0.100000,SUCCESS,sync_counter,sync_with_sensor2_IC1_TH2
2026-05-21T13:10:19,90.3,37.0,sensor2_serial,1,2,6,2,120,207,20.000,20.797,16571496,16571498,2,0.100000,SUCCESS,sync_sigmoid,sync_with_sensor1_matrix5
2026-05-21T13:10:42,90.3,37.0,sensor1_raspberry,5,TH0,4,0,107,206,20.000,20.707,12957495,12957496,1,0.050000,SUCCESS,sync_counter,sync_with_sensor2_IC1_TH2
2026-05-21T13:10:42,90.3,37.0,sensor2_serial,1,2,6,2,120,206,20.000,20.707,16571499,16571502,3,0.150000,SUCCESS,sync_sigmoid,sync_with_sensor1_matrix5
2026-05-21T13:11:15,91.3,36.0,sensor1_raspberry,5,TH0,4,0,107,255,20.000,20.789,13442487,4172491,7507220,375361.000000,SUCCESS,sync_counter,sync_with_sensor2_IC1_TH0
2026-05-21T13:11:15,91.3,36.0,sensor2_serial,1,0,4,0,120,255,20.000,20.789,12445891,15801893,3356002,167800.100000,SUCCESS,sync_sigmoid,sync_with_sensor1_matrix5
2026-05-21T13:11:37,91.3,36.0,sensor1_raspberry,5,TH0,4,0,107,254,20.000,20.733,4805172,10138911,5333739,266686.950000,SUCCESS,sync_counter,sync_with_sensor2_IC1_TH0
2026-05-21T13:11:37,91.3,36.0,sensor2_serial,1,0,4,0,120,254,20.000,20.733,16139797,2796182,3433601,171680.050000,SUCCESS,sync_sigmoid,sync_with_sensor1_matrix5
2026-05-21T13:12:00,91.3,36.0,sensor1_raspberry,5,TH0,4,0,107,253,20.000,20.734,10425982,11823666,1397684,69884.200000,SUCCESS,sync_counter,sync_with_sensor2_IC1_TH0
2026-05-21T13:12:00,91.3,36.0,sensor2_serial,1,0,4,0,120,253,20.000,20.734,3127842,6455381,3327539,166376.950000,SUCCESS,sync_sigmoid,sync_with_sensor1_matrix5
2026-05-21T13:12:23,91.3,36.0,sensor1_raspberry,5,TH0,4,0,107,252,20.000,20.757,11913959,12505577,591618,29580.900000,SUCCESS,sync_counter,sync_with_sensor2_IC1_TH0
2026-05-21T13:12:23,91.3,36.0,sensor2_serial,1,0,4,0,120,252,20.000,20.757,6772940,9627878,2854938,142746.900000,SUCCESS,sync_sigmoid,sync_with_sensor1_matrix5
2026-05-21T13:12:46,91.3,36.0,sensor1_raspberry,5,TH0,4,0,107,251,20.000,20.741,12537884,12648888,111004,5550.200000,SUCCESS,sync_counter,sync_with_sensor2_IC1_TH0
2026-05-21T13:12:46,91.3,36.0,sensor2_serial,1,0,4,0,120,251,20.000,20.741,9904041,11801944,1897903,94895.150000,SUCCESS,sync_sigmoid,sync_with_sensor1_matrix5
2026-05-21T13:13:09,91.3,36.0,sensor1_raspberry,5,TH0,4,0,107,250,20.000,20.758,12654926,12682867,27941,1397.050000,SUCCESS,sync_counter,sync_with_sensor2_IC1_TH0
2026-05-21T13:13:09,91.3,36.0,sensor2_serial,1,0,4,0,120,250,20.000,20.758,11971631,13195022,1223391,61169.550000,SUCCESS,sync_sigmoid,sync_with_sensor1_matrix5
2026-05-21T13:13:32,91.3,36.0,sensor1_raspberry,5,TH0,4,0,107,249,20.000,20.758,12684076,12686027,1951,97.550000,SUCCESS,sync_counter,sync_with_sensor2_IC1_TH0
2026-05-21T13:13:32,91.3,36.0,sensor2_serial,1,0,4,0,120,249,20.000,20.758,13316445,14118782,802337,40116.850000,SUCCESS,sync_sigmoid,sync_with_sensor1_matrix5
2026-05-21T13:13:55,91.3,36.0,sensor1_raspberry,5,TH0,4,0,107,248,20.000,20.768,12686168,12686796,628,31.400000,SUCCESS,sync_counter,sync_with_sensor2_IC1_TH0
2026-05-21T13:13:55,91.3,36.0,sensor2_serial,1,0,4,0,120,248,20.000,20.768,14190703,14597813,407110,20355.500000,SUCCESS,sync_sigmoid,sync_with_sensor1_matrix5
2026-05-21T13:14:17,91.3,36.0,sensor1_raspberry,5,TH0,4,0,107,247,20.000,20.758,12686844,12687084,240,12.000000,SUCCESS,sync_counter,sync_with_sensor2_IC1_TH0
2026-05-21T13:14:17,91.3,36.0,sensor2_serial,1,0,4,0,120,247,20.000,20.758,14633757,14978095,344338,17216.900000,SUCCESS,sync_sigmoid,sync_with_sensor1_matrix5
2026-05-21T13:14:40,91.3,36.0,sensor1_raspberry,5,TH0,4,0,107,246,20.000,20.741,12687102,12687238,136,6.800000,SUCCESS,sync_counter,sync_with_sensor2_IC1_TH0
2026-05-21T13:14:40,91.3,36.0,sensor2_serial,1,0,4,0,120,246,20.000,20.741,14978139,15134656,156517,7825.850000,SUCCESS,sync_sigmoid,sync_with_sensor1_matrix5
2026-05-21T13:15:03,91.3,36.0,sensor1_raspberry,5,TH0,4,0,107,245,20.000,20.728,12687254,12687380,126,6.300000,SUCCESS,sync_counter,sync_with_sensor2_IC1_TH0
2026-05-21T13:15:03,91.3,36.0,sensor2_serial,1,0,4,0,120,245,20.000,20.728,15147896,15218887,70991,3549.550000,SUCCESS,sync_sigmoid,sync_with_sensor1_matrix5
2026-05-21T13:15:26,91.3,36.0,sensor1_raspberry,5,TH0,4,0,107,244,20.000,20.761,12687395,12687513,118,5.900000,SUCCESS,sync_counter,sync_with_sensor2_IC1_TH0
2026-05-21T13:15:26,91.3,36.0,sensor2_serial,1,0,4,0,120,244,20.000,20.761,15218921,15226206,7285,364.250000,SUCCESS,sync_sigmoid,sync_with_sensor1_matrix5
2026-05-21T13:15:49,91.3,36.0,sensor1_raspberry,5,TH0,4,0,107,243,20.000,20.754,12687521,12687656,135,6.750000,SUCCESS,sync_counter,sync_with_sensor2_IC1_TH0
2026-05-21T13:15:49,91.3,36.0,sensor2_serial,1,0,4,0,120,243,20.000,20.754,15253323,15256110,2787,139.350000,SUCCESS,sync_sigmoid,sync_with_sensor1_matrix5
2026-05-21T13:16:12,91.3,36.0,sensor1_raspberry,5,TH0,4,0,107,242,20.000,20.769,12687670,12687792,122,6.100000,SUCCESS,sync_counter,sync_with_sensor2_IC1_TH0
2026-05-21T13:16:12,91.3,36.0,sensor2_serial,1,0,4,0,120,242,20.000,20.769,15265541,15269916,4375,218.750000,SUCCESS,sync_sigmoid,sync_with_sensor1_matrix5
2026-05-21T13:16:35,91.3,36.0,sensor1_raspberry,5,TH0,4,0,107,241,20.000,20.769,12687799,12687899,100,5.000000,SUCCESS,sync_counter,sync_with_sensor2_IC1_TH0
2026-05-21T13:16:35,91.3,36.0,sensor2_serial,1,0,4,0,120,241,20.000,20.769,15269946,15270350,404,20.200000,SUCCESS,sync_sigmoid,sync_with_sensor1_matrix5
2026-05-21T13:16:57,91.3,36.0,sensor1_raspberry,5,TH0,4,0,107,240,20.000,20.709,12687913,12688038,125,6.250000,SUCCESS,sync_counter,sync_with_sensor2_IC1_TH0
2026-05-21T13:16:57,91.3,36.0,sensor2_serial,1,0,4,0,120,240,20.000,20.709,15271883,15272037,154,7.700000,SUCCESS,sync_sigmoid,sync_with_sensor1_matrix5
2026-05-21T13:17:20,91.3,36.0,sensor1_raspberry,5,TH0,4,0,107,239,20.000,20.756,12688051,12688159,108,5.400000,SUCCESS,sync_counter,sync_with_sensor2_IC1_TH0
2026-05-21T13:17:20,91.3,36.0,sensor2_serial,1,0,4,0,120,239,20.000,20.756,15272673,15272736,63,3.150000,SUCCESS,sync_sigmoid,sync_with_sensor1_matrix5
2026-05-21T13:17:43,91.3,36.0,sensor1_raspberry,5,TH0,4,0,107,238,20.000,20.729,12688164,12688266,102,5.100000,SUCCESS,sync_counter,sync_with_sensor2_IC1_TH0
2026-05-21T13:17:43,91.3,36.0,sensor2_serial,1,0,4,0,120,238,20.000,20.729,15272883,15272907,24,1.200000,SUCCESS,sync_sigmoid,sync_with_sensor1_matrix5
2026-05-21T13:18:06,91.3,36.0,sensor1_raspberry,5,TH0,4,0,107,237,20.000,20.752,12688271,12688367,96,4.800000,SUCCESS,sync_counter,sync_with_sensor2_IC1_TH0
2026-05-21T13:18:06,91.3,36.0,sensor2_serial,1,0,4,0,120,237,20.000,20.752,15272997,15273020,23,1.150000,SUCCESS,sync_sigmoid,sync_with_sensor1_matrix5
2026-05-21T13:18:29,91.3,36.0,sensor1_raspberry,5,TH0,4,0,107,236,20.000,20.760,12688381,12688479,98,4.900000,SUCCESS,sync_counter,sync_with_sensor2_IC1_TH0
2026-05-21T13:18:29,91.3,36.0,sensor2_serial,1,0,4,0,120,236,20.000,20.760,15273082,15273101,19,0.950000,SUCCESS,sync_sigmoid,sync_with_sensor1_matrix5
2026-05-21T13:18:52,91.3,36.0,sensor1_raspberry,5,TH0,4,0,107,235,20.000,20.757,12688490,12688570,80,4.000000,SUCCESS,sync_counter,sync_with_sensor2_IC1_TH0
2026-05-21T13:18:52,91.3,36.0,sensor2_serial,1,0,4,0,120,235,20.000,20.757,15273152,15273173,21,1.050000,SUCCESS,sync_sigmoid,sync_with_sensor1_matrix5
2026-05-21T13:19:14,91.3,36.0,sensor1_raspberry,5,TH0,4,0,107,234,20.000,20.745,12688578,12688685,107,5.350000,SUCCESS,sync_counter,sync_with_sensor2_IC1_TH0
2026-05-21T13:19:14,91.3,36.0,sensor2_serial,1,0,4,0,120,234,20.000,20.745,15273228,15273247,19,0.950000,SUCCESS,sync_sigmoid,sync_with_sensor1_matrix5
2026-05-21T13:19:37,91.3,36.0,sensor1_raspberry,5,TH0,4,0,107,233,20.000,20.737,12688692,12688771,79,3.950000,SUCCESS,sync_counter,sync_with_sensor2_IC1_TH0
2026-05-21T13:19:37,91.3,36.0,sensor2_serial,1,0,4,0,120,233,20.000,20.737,15273300,15273321,21,1.050000,SUCCESS,sync_sigmoid,sync_with_sensor1_matrix5
2026-05-21T13:20:00,91.3,36.0,sensor1_raspberry,5,TH0,4,0,107,232,20.000,20.704,12688779,12688846,67,3.350000,SUCCESS,sync_counter,sync_with_sensor2_IC1_TH0
2026-05-21T13:20:00,91.3,36.0,sensor2_serial,1,0,4,0,120,232,20.000,20.704,15273361,15273380,19,0.950000,SUCCESS,sync_sigmoid,sync_with_sensor1_matrix5
2026-05-21T13:20:23,91.3,36.0,sensor1_raspberry,5,TH0,4,0,107,231,20.000,20.734,12688861,12688977,116,5.800000,SUCCESS,sync_counter,sync_with_sensor2_IC1_TH0
2026-05-21T13:20:23,91.3,36.0,sensor2_serial,1,0,4,0,120,231,20.000,20.734,15273415,15273428,13,0.650000,SUCCESS,sync_sigmoid,sync_with_sensor1_matrix5
2026-05-21T13:20:46,91.3,36.0,sensor1_raspberry,5,TH0,4,0,107,230,20.000,20.744,12688989,12689085,96,4.800000,SUCCESS,sync_counter,sync_with_sensor2_IC1_TH0
2026-05-21T13:20:46,91.3,36.0,sensor2_serial,1,0,4,0,120,230,20.000,20.744,15273470,15273485,15,0.750000,SUCCESS,sync_sigmoid,sync_with_sensor1_matrix5
2026-05-21T13:21:09,91.3,36.0,sensor1_raspberry,5,TH0,4,0,107,229,20.000,20.755,12689091,12689161,70,3.500000,SUCCESS,sync_counter,sync_with_sensor2_IC1_TH0
2026-05-21T13:21:09,91.3,36.0,sensor2_serial,1,0,4,0,120,229,20.000,20.755,15273520,15273532,12,0.600000,SUCCESS,sync_sigmoid,sync_with_sensor1_matrix5
2026-05-21T13:21:31,91.3,36.0,sensor1_raspberry,5,TH0,4,0,107,228,20.000,20.773,12689170,12689261,91,4.550000,SUCCESS,sync_counter,sync_with_sensor2_IC1_TH0
2026-05-21T13:21:31,91.3,36.0,sensor2_serial,1,0,4,0,120,228,20.000,20.773,15273562,15273575,13,0.650000,SUCCESS,sync_sigmoid,sync_with_sensor1_matrix5
2026-05-21T13:21:54,91.3,36.0,sensor1_raspberry,5,TH0,4,0,107,227,20.000,20.748,12689268,12689346,78,3.900000,SUCCESS,sync_counter,sync_with_sensor2_IC1_TH0
2026-05-21T13:21:54,91.3,36.0,sensor2_serial,1,0,4,0,120,227,20.000,20.748,15273612,15273626,14,0.700000,SUCCESS,sync_sigmoid,sync_with_sensor1_matrix5
2026-05-21T13:22:17,91.3,36.0,sensor1_raspberry,5,TH0,4,0,107,226,20.000,20.743,12689353,12689430,77,3.850000,SUCCESS,sync_counter,sync_with_sensor2_IC1_TH0
2026-05-21T13:22:17,91.3,36.0,sensor2_serial,1,0,4,0,120,226,20.000,20.743,15273658,15273669,11,0.550000,SUCCESS,sync_sigmoid,sync_with_sensor1_matrix5
2026-05-21T13:22:40,91.3,36.0,sensor1_raspberry,5,TH0,4,0,107,225,20.000,20.735,12689439,12689528,89,4.450000,SUCCESS,sync_counter,sync_with_sensor2_IC1_TH0
2026-05-21T13:22:40,91.3,36.0,sensor2_serial,1,0,4,0,120,225,20.000,20.735,15273693,15273706,13,0.650000,SUCCESS,sync_sigmoid,sync_with_sensor1_matrix5
2026-05-21T13:23:03,91.3,36.0,sensor1_raspberry,5,TH0,4,0,107,224,20.000,20.766,12689533,12689627,94,4.700000,SUCCESS,sync_counter,sync_with_sensor2_IC1_TH0
2026-05-21T13:23:03,91.3,36.0,sensor2_serial,1,0,4,0,120,224,20.000,20.766,15273726,15273731,5,0.250000,SUCCESS,sync_sigmoid,sync_with_sensor1_matrix5
2026-05-21T13:23:26,91.3,36.0,sensor1_raspberry,5,TH0,4,0,107,223,20.000,20.776,12689630,12689698,68,3.400000,SUCCESS,sync_counter,sync_with_sensor2_IC1_TH0
2026-05-21T13:23:26,91.3,36.0,sensor2_serial,1,0,4,0,120,223,20.000,20.776,15273760,15273767,7,0.350000,SUCCESS,sync_sigmoid,sync_with_sensor1_matrix5
2026-05-21T13:23:49,91.3,36.0,sensor1_raspberry,5,TH0,4,0,107,222,20.000,20.711,12689706,12689781,75,3.750000,SUCCESS,sync_counter,sync_with_sensor2_IC1_TH0
2026-05-21T13:23:49,91.3,36.0,sensor2_serial,1,0,4,0,120,222,20.000,20.711,15273787,15273798,11,0.550000,SUCCESS,sync_sigmoid,sync_with_sensor1_matrix5
2026-05-21T13:24:11,91.3,36.0,sensor1_raspberry,5,TH0,4,0,107,221,20.000,20.747,12689788,12689839,51,2.550000,SUCCESS,sync_counter,sync_with_sensor2_IC1_TH0
2026-05-21T13:24:11,91.3,36.0,sensor2_serial,1,0,4,0,120,221,20.000,20.747,15273817,15273825,8,0.400000,SUCCESS,sync_sigmoid,sync_with_sensor1_matrix5
2026-05-21T13:24:34,91.3,36.0,sensor1_raspberry,5,TH0,4,0,107,220,20.000,20.752,12689850,12689901,51,2.550000,SUCCESS,sync_counter,sync_with_sensor2_IC1_TH0
2026-05-21T13:24:34,91.3,36.0,sensor2_serial,1,0,4,0,120,220,20.000,20.752,15273842,15273848,6,0.300000,SUCCESS,sync_sigmoid,sync_with_sensor1_matrix5
2026-05-21T13:24:57,91.3,36.0,sensor1_raspberry,5,TH0,4,0,107,219,20.000,20.738,12689903,12689952,49,2.450000,SUCCESS,sync_counter,sync_with_sensor2_IC1_TH0
2026-05-21T13:24:57,91.3,36.0,sensor2_serial,1,0,4,0,120,219,20.000,20.738,15273861,15273870,9,0.450000,SUCCESS,sync_sigmoid,sync_with_sensor1_matrix5
2026-05-21T13:25:20,91.3,36.0,sensor1_raspberry,5,TH0,4,0,107,218,20.000,20.761,12689957,12690006,49,2.450000,SUCCESS,sync_counter,sync_with_sensor2_IC1_TH0
2026-05-21T13:25:20,91.3,36.0,sensor2_serial,1,0,4,0,120,218,20.000,20.761,15273885,15273892,7,0.350000,SUCCESS,sync_sigmoid,sync_with_sensor1_matrix5
2026-05-21T13:25:43,91.3,36.0,sensor1_raspberry,5,TH0,4,0,107,217,20.000,20.732,12690016,12690063,47,2.350000,SUCCESS,sync_counter,sync_with_sensor2_IC1_TH0
2026-05-21T13:25:43,91.3,36.0,sensor2_serial,1,0,4,0,120,217,20.000,20.732,15273906,15273916,10,0.500000,SUCCESS,sync_sigmoid,sync_with_sensor1_matrix5
2026-05-21T13:26:06,91.3,36.0,sensor1_raspberry,5,TH0,4,0,107,216,20.000,20.770,12690068,12690105,37,1.850000,SUCCESS,sync_counter,sync_with_sensor2_IC1_TH0
2026-05-21T13:26:06,91.3,36.0,sensor2_serial,1,0,4,0,120,216,20.000,20.770,15273925,15273933,8,0.400000,SUCCESS,sync_sigmoid,sync_with_sensor1_matrix5
2026-05-21T13:26:29,91.3,36.0,sensor1_raspberry,5,TH0,4,0,107,215,20.000,20.772,12690111,12690160,49,2.450000,SUCCESS,sync_counter,sync_with_sensor2_IC1_TH0
2026-05-21T13:26:29,91.3,36.0,sensor2_serial,1,0,4,0,120,215,20.000,20.772,15273954,15273958,4,0.200000,SUCCESS,sync_sigmoid,sync_with_sensor1_matrix5
2026-05-21T13:26:51,91.3,36.0,sensor1_raspberry,5,TH0,4,0,107,214,20.000,20.792,12690163,12690202,39,1.950000,SUCCESS,sync_counter,sync_with_sensor2_IC1_TH0
2026-05-21T13:26:51,91.3,36.0,sensor2_serial,1,0,4,0,120,214,20.000,20.792,15273969,15273974,5,0.250000,SUCCESS,sync_sigmoid,sync_with_sensor1_matrix5
2026-05-21T13:27:14,91.3,36.0,sensor1_raspberry,5,TH0,4,0,107,213,20.000,20.732,12690209,12690245,36,1.800000,SUCCESS,sync_counter,sync_with_sensor2_IC1_TH0
2026-05-21T13:27:14,91.3,36.0,sensor2_serial,1,0,4,0,120,213,20.000,20.732,15273988,15273989,1,0.050000,SUCCESS,sync_sigmoid,sync_with_sensor1_matrix5
2026-05-21T13:27:37,91.3,36.0,sensor1_raspberry,5,TH0,4,0,107,212,20.000,20.781,12690250,12690290,40,2.000000,SUCCESS,sync_counter,sync_with_sensor2_IC1_TH0
2026-05-21T13:27:37,91.3,36.0,sensor2_serial,1,0,4,0,120,212,20.000,20.781,15274003,15274004,1,0.050000,SUCCESS,sync_sigmoid,sync_with_sensor1_matrix5
2026-05-21T13:28:00,91.3,36.0,sensor1_raspberry,5,TH0,4,0,107,211,20.000,20.731,12690291,12690321,30,1.500000,SUCCESS,sync_counter,sync_with_sensor2_IC1_TH0
2026-05-21T13:28:00,91.3,36.0,sensor2_serial,1,0,4,0,120,211,20.000,20.731,15274013,15274015,2,0.100000,SUCCESS,sync_sigmoid,sync_with_sensor1_matrix5
2026-05-21T13:28:23,91.3,36.0,sensor1_raspberry,5,TH0,4,0,107,210,20.000,20.729,12690329,12690358,29,1.450000,SUCCESS,sync_counter,sync_with_sensor2_IC1_TH0
2026-05-21T13:28:23,91.3,36.0,sensor2_serial,1,0,4,0,120,210,20.000,20.729,15274026,15274029,3,0.150000,SUCCESS,sync_sigmoid,sync_with_sensor1_matrix5
2026-05-21T13:28:46,91.3,36.0,sensor1_raspberry,5,TH0,4,0,107,209,20.000,20.754,12690360,12690384,24,1.200000,SUCCESS,sync_counter,sync_with_sensor2_IC1_TH0
2026-05-21T13:28:46,91.3,36.0,sensor2_serial,1,0,4,0,120,209,20.000,20.754,15274042,15274044,2,0.100000,SUCCESS,sync_sigmoid,sync_with_sensor1_matrix5
2026-05-21T13:29:08,91.3,36.0,sensor1_raspberry,5,TH0,4,0,107,208,20.000,20.750,12690384,12690400,16,0.800000,SUCCESS,sync_counter,sync_with_sensor2_IC1_TH0
2026-05-21T13:29:08,91.3,36.0,sensor2_serial,1,0,4,0,120,208,20.000,20.750,15274050,15274051,1,0.050000,SUCCESS,sync_sigmoid,sync_with_sensor1_matrix5
2026-05-21T13:29:31,91.3,36.0,sensor1_raspberry,5,TH0,4,0,107,207,20.000,20.725,12690402,12690429,27,1.350000,SUCCESS,sync_counter,sync_with_sensor2_IC1_TH0
2026-05-21T13:29:31,91.3,36.0,sensor2_serial,1,0,4,0,120,207,20.000,20.725,15274057,15274057,0,0.000000,SUCCESS,sync_sigmoid,sync_with_sensor1_matrix5
2026-05-21T13:29:54,91.3,36.0,sensor1_raspberry,5,TH0,4,0,107,206,20.000,20.723,12690431,12690451,20,1.000000,SUCCESS,sync_counter,sync_with_sensor2_IC1_TH0
2026-05-21T13:29:54,91.3,36.0,sensor2_serial,1,0,4,0,120,206,20.000,20.723,15274064,15274065,1,0.050000,SUCCESS,sync_sigmoid,sync_with_sensor1_matrix5
2026-05-21T13:30:17,91.3,36.0,sensor1_raspberry,5,TH0,4,0,107,205,20.000,20.741,12690453,12690465,12,0.600000,SUCCESS,sync_counter,sync_with_sensor2_IC1_TH0
2026-05-21T13:30:17,91.3,36.0,sensor2_serial,1,0,4,0,120,205,20.000,20.741,15274070,15274071,1,0.050000,SUCCESS,sync_sigmoid,sync_with_sensor1_matrix5
2026-05-21T13:30:40,91.3,36.0,sensor1_raspberry,5,TH0,4,0,107,204,20.000,20.731,12690466,12690481,15,0.750000,SUCCESS,sync_counter,sync_with_sensor2_IC1_TH0
2026-05-21T13:30:40,91.3,36.0,sensor2_serial,1,0,4,0,120,204,20.000,20.731,15274076,15274080,4,0.200000,SUCCESS,sync_sigmoid,sync_with_sensor1_matrix5
2026-05-21T13:31:03,91.3,36.0,sensor1_raspberry,5,TH0,4,0,107,203,20.000,20.694,12690483,12690493,10,0.500000,SUCCESS,sync_counter,sync_with_sensor2_IC1_TH0
2026-05-21T13:31:03,91.3,36.0,sensor2_serial,1,0,4,0,120,203,20.000,20.694,15274082,15274083,1,0.050000,SUCCESS,sync_sigmoid,sync_with_sensor1_matrix5
2026-05-21T13:31:25,91.3,36.0,sensor1_raspberry,5,TH0,4,0,107,202,20.000,20.751,12690494,12690499,5,0.250000,SUCCESS,sync_counter,sync_with_sensor2_IC1_TH0
2026-05-21T13:31:25,91.3,36.0,sensor2_serial,1,0,4,0,120,202,20.000,20.751,15274086,15274087,1,0.050000,SUCCESS,sync_sigmoid,sync_with_sensor1_matrix5
2026-05-21T13:31:48,91.3,36.0,sensor1_raspberry,5,TH0,4,0,107,201,20.000,20.691,12690499,12690513,14,0.700000,SUCCESS,sync_counter,sync_with_sensor2_IC1_TH0
2026-05-21T13:31:48,91.3,36.0,sensor2_serial,1,0,4,0,120,201,20.000,20.691,15274091,15274092,1,0.050000,SUCCESS,sync_sigmoid,sync_with_sensor1_matrix5
2026-05-21T13:32:11,91.3,36.0,sensor1_raspberry,5,TH0,4,0,107,200,20.000,20.691,12690513,12690523,10,0.500000,SUCCESS,sync_counter,sync_with_sensor2_IC1_TH0
2026-05-21T13:32:11,91.3,36.0,sensor2_serial,1,0,4,0,120,200,20.000,20.691,15274096,15274098,2,0.100000,SUCCESS,sync_sigmoid,sync_with_sensor1_matrix5
2026-05-21T13:32:34,91.3,36.0,sensor1_raspberry,5,TH0,4,0,107,199,20.000,20.757,12690526,12690534,8,0.400000,SUCCESS,sync_counter,sync_with_sensor2_IC1_TH0
2026-05-21T13:32:34,91.3,36.0,sensor2_serial,1,0,4,0,120,199,20.000,20.757,15274099,15274100,1,0.050000,SUCCESS,sync_sigmoid,sync_with_sensor1_matrix5
2026-05-21T13:32:57,91.3,36.0,sensor1_raspberry,5,TH0,4,0,107,198,20.000,20.733,12690535,12690546,11,0.550000,SUCCESS,sync_counter,sync_with_sensor2_IC1_TH0
2026-05-21T13:32:57,91.3,36.0,sensor2_serial,1,0,4,0,120,198,20.000,20.733,15274105,15274105,0,0.000000,SUCCESS,sync_sigmoid,sync_with_sensor1_matrix5
2026-05-21T13:33:20,91.3,36.0,sensor1_raspberry,5,TH0,4,0,107,197,20.000,20.746,12690547,12690555,8,0.400000,SUCCESS,sync_counter,sync_with_sensor2_IC1_TH0
2026-05-21T13:33:20,91.3,36.0,sensor2_serial,1,0,4,0,120,197,20.000,20.746,15274106,15274107,1,0.050000,SUCCESS,sync_sigmoid,sync_with_sensor1_matrix5
2026-05-21T13:33:42,91.3,36.0,sensor1_raspberry,5,TH0,4,0,107,196,20.000,20.721,12690555,12690561,6,0.300000,SUCCESS,sync_counter,sync_with_sensor2_IC1_TH0
2026-05-21T13:33:42,91.3,36.0,sensor2_serial,1,0,4,0,120,196,20.000,20.721,15274109,15274109,0,0.000000,SUCCESS,sync_sigmoid,sync_with_sensor1_matrix5
2026-05-21T13:34:05,91.3,36.0,sensor1_raspberry,5,TH0,4,0,107,195,20.000,20.778,12690564,12690569,5,0.250000,SUCCESS,sync_counter,sync_with_sensor2_IC1_TH0
2026-05-21T13:34:05,91.3,36.0,sensor2_serial,1,0,4,0,120,195,20.000,20.778,15274111,15274111,0,0.000000,SUCCESS,sync_sigmoid,sync_with_sensor1_matrix5
2026-05-21T13:34:28,91.3,36.0,sensor1_raspberry,5,TH0,4,0,107,255,20.000,20.738,13158338,3468679,7087557,354377.850000,SUCCESS,sync_counter,sync_with_sensor2_IC1_TH1
2026-05-21T13:34:28,91.3,36.0,sensor2_serial,1,1,5,1,120,255,20.000,20.738,602182,2282964,1680782,84039.100000,SUCCESS,sync_sigmoid,sync_with_sensor1_matrix5
2026-05-21T13:34:51,91.3,36.0,sensor1_raspberry,5,TH0,4,0,107,254,20.000,20.739,4048634,9333033,5284399,264219.950000,SUCCESS,sync_counter,sync_with_sensor2_IC1_TH1
2026-05-21T13:34:51,91.3,36.0,sensor2_serial,1,1,5,1,120,254,20.000,20.739,2452024,4240660,1788636,89431.800000,SUCCESS,sync_sigmoid,sync_with_sensor1_matrix5
2026-05-21T13:35:14,91.3,36.0,sensor1_raspberry,5,TH0,4,0,107,253,20.000,20.760,9613141,10957541,1344400,67220.000000,SUCCESS,sync_counter,sync_with_sensor2_IC1_TH1
2026-05-21T13:35:14,91.3,36.0,sensor2_serial,1,1,5,1,120,253,20.000,20.760,4409455,6244784,1835329,91766.450000,SUCCESS,sync_sigmoid,sync_with_sensor1_matrix5
2026-05-21T13:35:37,91.3,36.0,sensor1_raspberry,5,TH0,4,0,107,252,20.000,20.677,11037240,11508883,471643,23582.150000,SUCCESS,sync_counter,sync_with_sensor2_IC1_TH1
2026-05-21T13:35:37,91.3,36.0,sensor2_serial,1,1,5,1,120,252,20.000,20.677,6417585,8378337,1960752,98037.600000,SUCCESS,sync_sigmoid,sync_with_sensor1_matrix5
2026-05-21T13:35:59,91.3,36.0,sensor1_raspberry,5,TH0,4,0,107,251,20.000,20.722,11534389,11622763,88374,4418.700000,SUCCESS,sync_counter,sync_with_sensor2_IC1_TH1
2026-05-21T13:35:59,91.3,36.0,sensor2_serial,1,1,5,1,120,251,20.000,20.722,8559526,10591597,2032071,101603.550000,SUCCESS,sync_sigmoid,sync_with_sensor1_matrix5
2026-05-21T13:36:22,91.3,36.0,sensor1_raspberry,5,TH0,4,0,107,250,20.000,20.710,11627986,11655833,27847,1392.350000,SUCCESS,sync_counter,sync_with_sensor2_IC1_TH1
2026-05-21T13:36:22,91.3,36.0,sensor2_serial,1,1,5,1,120,250,20.000,20.710,10792004,13106054,2314050,115702.500000,SUCCESS,sync_sigmoid,sync_with_sensor1_matrix5
2026-05-21T13:36:45,91.3,36.0,sensor1_raspberry,5,TH0,4,0,107,249,20.000,20.742,11657245,11659442,2197,109.850000,SUCCESS,sync_counter,sync_with_sensor2_IC1_TH1
2026-05-21T13:36:45,91.3,36.0,sensor2_serial,1,1,5,1,120,249,20.000,20.742,13330855,16155128,2824273,141213.650000,SUCCESS,sync_sigmoid,sync_with_sensor1_matrix5
2026-05-21T13:37:08,91.3,36.0,sensor1_raspberry,5,TH0,4,0,107,248,20.000,20.775,11659581,11660244,663,33.150000,SUCCESS,sync_counter,sync_with_sensor2_IC1_TH1
2026-05-21T13:37:08,91.3,36.0,sensor2_serial,1,1,5,1,120,248,20.000,20.775,16427188,2574632,2924660,146233.000000,SUCCESS,sync_sigmoid,sync_with_sensor1_matrix5
2026-05-21T13:37:31,91.3,36.0,sensor1_raspberry,5,TH0,4,0,107,247,20.000,20.744,11660288,11660554,266,13.300000,SUCCESS,sync_counter,sync_with_sensor2_IC1_TH1
2026-05-21T13:37:31,91.3,36.0,sensor2_serial,1,1,5,1,120,247,20.000,20.744,2860773,5664975,2804202,140210.100000,SUCCESS,sync_sigmoid,sync_with_sensor1_matrix5
2026-05-21T13:37:54,91.3,36.0,sensor1_raspberry,5,TH0,4,0,107,246,20.000,20.743,11660581,11660711,130,6.500000,SUCCESS,sync_counter,sync_with_sensor2_IC1_TH1
2026-05-21T13:37:54,91.3,36.0,sensor2_serial,1,1,5,1,120,246,20.000,20.743,5927488,8197251,2269763,113488.150000,SUCCESS,sync_sigmoid,sync_with_sensor1_matrix5
2026-05-21T13:38:16,91.3,36.0,sensor1_raspberry,5,TH0,4,0,107,245,20.000,20.704,11660730,11660850,120,6.000000,SUCCESS,sync_counter,sync_with_sensor2_IC1_TH1
2026-05-21T13:38:16,91.3,36.0,sensor2_serial,1,1,5,1,120,245,20.000,20.704,8407247,10036503,1629256,81462.800000,SUCCESS,sync_sigmoid,sync_with_sensor1_matrix5
2026-05-21T13:38:39,91.3,36.0,sensor1_raspberry,5,TH0,4,0,107,244,20.000,20.767,11660858,11660966,108,5.400000,SUCCESS,sync_counter,sync_with_sensor2_IC1_TH1
2026-05-21T13:38:39,91.3,36.0,sensor2_serial,1,1,5,1,120,244,20.000,20.767,10179880,11142675,962795,48139.750000,SUCCESS,sync_sigmoid,sync_with_sensor1_matrix5
2026-05-21T13:39:02,91.3,36.0,sensor1_raspberry,5,TH0,4,0,107,243,20.000,20.764,11660985,11661100,115,5.750000,SUCCESS,sync_counter,sync_with_sensor2_IC1_TH1
2026-05-21T13:39:02,91.3,36.0,sensor2_serial,1,1,5,1,120,243,20.000,20.764,11235801,12010124,774323,38716.150000,SUCCESS,sync_sigmoid,sync_with_sensor1_matrix5
2026-05-21T13:39:25,91.3,36.0,sensor1_raspberry,5,TH0,4,0,107,242,20.000,20.714,11661113,11661220,107,5.350000,SUCCESS,sync_counter,sync_with_sensor2_IC1_TH1
2026-05-21T13:39:25,91.3,36.0,sensor2_serial,1,1,5,1,120,242,20.000,20.714,12089965,12488223,398258,19912.900000,SUCCESS,sync_sigmoid,sync_with_sensor1_matrix5
2026-05-21T13:39:48,91.3,36.0,sensor1_raspberry,5,TH0,4,0,107,241,20.000,20.734,11661231,11661330,99,4.950000,SUCCESS,sync_counter,sync_with_sensor2_IC1_TH1
2026-05-21T13:39:48,91.3,36.0,sensor2_serial,1,1,5,1,120,241,20.000,20.734,12520450,12659745,139295,6964.750000,SUCCESS,sync_sigmoid,sync_with_sensor1_matrix5
2026-05-21T13:40:11,91.3,36.0,sensor1_raspberry,5,TH0,4,0,107,240,20.000,20.727,11661340,11661463,123,6.150000,SUCCESS,sync_counter,sync_with_sensor2_IC1_TH1
2026-05-21T13:40:11,91.3,36.0,sensor2_serial,1,1,5,1,120,240,20.000,20.727,12675209,12746744,71535,3576.750000,SUCCESS,sync_sigmoid,sync_with_sensor1_matrix5
2026-05-21T13:40:34,91.3,36.0,sensor1_raspberry,5,TH0,4,0,107,239,20.000,20.750,11661475,11661617,142,7.100000,SUCCESS,sync_counter,sync_with_sensor2_IC1_TH1
2026-05-21T13:40:34,91.3,36.0,sensor2_serial,1,1,5,1,120,239,20.000,20.750,12754247,12812166,57919,2895.950000,SUCCESS,sync_sigmoid,sync_with_sensor1_matrix5
2026-05-21T13:40:56,91.3,36.0,sensor1_raspberry,5,TH0,4,0,107,238,20.000,20.752,11661624,11661727,103,5.150000,SUCCESS,sync_counter,sync_with_sensor2_IC1_TH1
2026-05-21T13:40:56,91.3,36.0,sensor2_serial,1,1,5,1,120,238,20.000,20.752,12818101,12837844,19743,987.150000,SUCCESS,sync_sigmoid,sync_with_sensor1_matrix5
2026-05-21T13:41:19,91.3,36.0,sensor1_raspberry,5,TH0,4,0,107,237,20.000,20.710,11661734,11661841,107,5.350000,SUCCESS,sync_counter,sync_with_sensor2_IC1_TH1
2026-05-21T13:41:19,91.3,36.0,sensor2_serial,1,1,5,1,120,237,20.000,20.710,12839608,12844976,5368,268.400000,SUCCESS,sync_sigmoid,sync_with_sensor1_matrix5
2026-05-21T13:41:42,91.3,36.0,sensor1_raspberry,5,TH0,4,0,107,236,20.000,20.764,11661859,11661959,100,5.000000,SUCCESS,sync_counter,sync_with_sensor2_IC1_TH1
2026-05-21T13:41:42,91.3,36.0,sensor2_serial,1,1,5,1,120,236,20.000,20.764,12845449,12847247,1798,89.900000,SUCCESS,sync_sigmoid,sync_with_sensor1_matrix5
2026-05-21T13:42:05,91.3,36.0,sensor1_raspberry,5,TH0,4,0,107,235,20.000,20.773,11661972,11662079,107,5.350000,SUCCESS,sync_counter,sync_with_sensor2_IC1_TH1
2026-05-21T13:42:05,91.3,36.0,sensor2_serial,1,1,5,1,120,235,20.000,20.773,12847441,12848702,1261,63.050000,SUCCESS,sync_sigmoid,sync_with_sensor1_matrix5
2026-05-21T13:42:28,91.3,36.0,sensor1_raspberry,5,TH0,4,0,107,234,20.000,20.747,11662083,11662208,125,6.250000,SUCCESS,sync_counter,sync_with_sensor2_IC1_TH1
2026-05-21T13:42:28,91.3,36.0,sensor2_serial,1,1,5,1,120,234,20.000,20.747,12848859,12849342,483,24.150000,SUCCESS,sync_sigmoid,sync_with_sensor1_matrix5
2026-05-21T13:42:51,91.3,36.0,sensor1_raspberry,5,TH0,4,0,107,233,20.000,20.750,11662221,11662326,105,5.250000,SUCCESS,sync_counter,sync_with_sensor2_IC1_TH1
2026-05-21T13:42:51,91.3,36.0,sensor2_serial,1,1,5,1,120,233,20.000,20.750,12849430,12849611,181,9.050000,SUCCESS,sync_sigmoid,sync_with_sensor1_matrix5
2026-05-21T13:43:14,91.3,36.0,sensor1_raspberry,5,TH0,4,0,107,232,20.000,20.794,11662333,11662419,86,4.300000,SUCCESS,sync_counter,sync_with_sensor2_IC1_TH1
2026-05-21T13:43:14,91.3,36.0,sensor2_serial,1,1,5,1,120,232,20.000,20.794,12849637,12849729,92,4.600000,SUCCESS,sync_sigmoid,sync_with_sensor1_matrix5
2026-05-21T13:43:36,91.3,36.0,sensor1_raspberry,5,TH0,4,0,107,231,20.000,20.757,11662423,11662509,86,4.300000,SUCCESS,sync_counter,sync_with_sensor2_IC1_TH1
2026-05-21T13:43:36,91.3,36.0,sensor2_serial,1,1,5,1,120,231,20.000,20.757,12849754,12849818,64,3.200000,SUCCESS,sync_sigmoid,sync_with_sensor1_matrix5
2026-05-21T13:43:59,91.3,36.0,sensor1_raspberry,5,TH0,4,0,107,230,20.000,20.743,11662521,11662608,87,4.350000,SUCCESS,sync_counter,sync_with_sensor2_IC1_TH1
2026-05-21T13:43:59,91.3,36.0,sensor2_serial,1,1,5,1,120,230,20.000,20.743,12849847,12849910,63,3.150000,SUCCESS,sync_sigmoid,sync_with_sensor1_matrix5
2026-05-21T13:44:22,91.3,36.0,sensor1_raspberry,5,TH0,4,0,107,229,20.000,20.754,11662624,11662709,85,4.250000,SUCCESS,sync_counter,sync_with_sensor2_IC1_TH1
2026-05-21T13:44:22,91.3,36.0,sensor2_serial,1,1,5,1,120,229,20.000,20.754,12849930,12849970,40,2.000000,SUCCESS,sync_sigmoid,sync_with_sensor1_matrix5
2026-05-21T13:44:45,91.3,36.0,sensor1_raspberry,5,TH0,4,0,107,228,20.000,20.773,11662719,11662803,84,4.200000,SUCCESS,sync_counter,sync_with_sensor2_IC1_TH1
2026-05-21T13:44:45,91.3,36.0,sensor2_serial,1,1,5,1,120,228,20.000,20.773,12849988,12850029,41,2.050000,SUCCESS,sync_sigmoid,sync_with_sensor1_matrix5
2026-05-21T13:45:08,91.3,36.0,sensor1_raspberry,5,TH0,4,0,107,227,20.000,20.721,11662807,11662881,74,3.700000,SUCCESS,sync_counter,sync_with_sensor2_IC1_TH1
2026-05-21T13:45:08,91.3,36.0,sensor2_serial,1,1,5,1,120,227,20.000,20.721,12850044,12850090,46,2.300000,SUCCESS,sync_sigmoid,sync_with_sensor1_matrix5
2026-05-21T13:45:31,91.3,36.0,sensor1_raspberry,5,TH0,4,0,107,226,20.000,20.788,11662889,11662960,71,3.550000,SUCCESS,sync_counter,sync_with_sensor2_IC1_TH1
2026-05-21T13:45:31,91.3,36.0,sensor2_serial,1,1,5,1,120,226,20.000,20.788,12850115,12850151,36,1.800000,SUCCESS,sync_sigmoid,sync_with_sensor1_matrix5
2026-05-21T13:45:54,91.3,36.0,sensor1_raspberry,5,TH0,4,0,107,225,20.000,20.738,11662966,11663046,80,4.000000,SUCCESS,sync_counter,sync_with_sensor2_IC1_TH1
2026-05-21T13:45:54,91.3,36.0,sensor2_serial,1,1,5,1,120,225,20.000,20.738,12850171,12850215,44,2.200000,SUCCESS,sync_sigmoid,sync_with_sensor1_matrix5
2026-05-21T13:46:16,91.3,36.0,sensor1_raspberry,5,TH0,4,0,107,224,20.000,20.732,11663055,11663132,77,3.850000,SUCCESS,sync_counter,sync_with_sensor2_IC1_TH1
2026-05-21T13:46:16,91.3,36.0,sensor2_serial,1,1,5,1,120,224,20.000,20.732,12850229,12850266,37,1.850000,SUCCESS,sync_sigmoid,sync_with_sensor1_matrix5
2026-05-21T13:46:39,91.3,36.0,sensor1_raspberry,5,TH0,4,0,107,223,20.000,20.747,11663141,11663230,89,4.450000,SUCCESS,sync_counter,sync_with_sensor2_IC1_TH1
2026-05-21T13:46:39,91.3,36.0,sensor2_serial,1,1,5,1,120,223,20.000,20.747,12850289,12850324,35,1.750000,SUCCESS,sync_sigmoid,sync_with_sensor1_matrix5
2026-05-21T13:47:02,91.3,36.0,sensor1_raspberry,5,TH0,4,0,107,222,20.000,20.732,11663239,11663297,58,2.900000,SUCCESS,sync_counter,sync_with_sensor2_IC1_TH1
2026-05-21T13:47:02,91.3,36.0,sensor2_serial,1,1,5,1,120,222,20.000,20.732,12850334,12850376,42,2.100000,SUCCESS,sync_sigmoid,sync_with_sensor1_matrix5
2026-05-21T13:47:25,91.3,36.0,sensor1_raspberry,5,TH0,4,0,107,221,20.000,20.758,11663301,11663376,75,3.750000,SUCCESS,sync_counter,sync_with_sensor2_IC1_TH1
2026-05-21T13:47:25,91.3,36.0,sensor2_serial,1,1,5,1,120,221,20.000,20.758,12850388,12850428,40,2.000000,SUCCESS,sync_sigmoid,sync_with_sensor1_matrix5
2026-05-21T13:47:48,91.3,36.0,sensor1_raspberry,5,TH0,4,0,107,220,20.000,20.765,11663383,11663450,67,3.350000,SUCCESS,sync_counter,sync_with_sensor2_IC1_TH1
2026-05-21T13:47:48,91.3,36.0,sensor2_serial,1,1,5,1,120,220,20.000,20.765,12850436,12850458,22,1.100000,SUCCESS,sync_sigmoid,sync_with_sensor1_matrix5
2026-05-21T13:48:11,91.3,36.0,sensor1_raspberry,5,TH0,4,0,107,219,20.000,20.736,11663458,11663516,58,2.900000,SUCCESS,sync_counter,sync_with_sensor2_IC1_TH1
2026-05-21T13:48:11,91.3,36.0,sensor2_serial,1,1,5,1,120,219,20.000,20.736,12850469,12850505,36,1.800000,SUCCESS,sync_sigmoid,sync_with_sensor1_matrix5
2026-05-21T13:48:34,91.3,36.0,sensor1_raspberry,5,TH0,4,0,107,218,20.000,20.774,11663521,11663562,41,2.050000,SUCCESS,sync_counter,sync_with_sensor2_IC1_TH1
2026-05-21T13:48:34,91.3,36.0,sensor2_serial,1,1,5,1,120,218,20.000,20.774,12850514,12850537,23,1.150000,SUCCESS,sync_sigmoid,sync_with_sensor1_matrix5
2026-05-21T13:48:56,91.3,36.0,sensor1_raspberry,5,TH0,4,0,107,217,20.000,20.751,11663564,11663618,54,2.700000,SUCCESS,sync_counter,sync_with_sensor2_IC1_TH1
2026-05-21T13:48:56,91.3,36.0,sensor2_serial,1,1,5,1,120,217,20.000,20.751,12850541,12850568,27,1.350000,SUCCESS,sync_sigmoid,sync_with_sensor1_matrix5
2026-05-21T13:49:19,91.3,36.0,sensor1_raspberry,5,TH0,4,0,107,216,20.000,20.770,11663625,11663676,51,2.550000,SUCCESS,sync_counter,sync_with_sensor2_IC1_TH1
2026-05-21T13:49:19,91.3,36.0,sensor2_serial,1,1,5,1,120,216,20.000,20.770,12850575,12850593,18,0.900000,SUCCESS,sync_sigmoid,sync_with_sensor1_matrix5
2026-05-21T13:49:42,91.3,36.0,sensor1_raspberry,5,TH0,4,0,107,215,20.000,20.741,11663680,11663719,39,1.950000,SUCCESS,sync_counter,sync_with_sensor2_IC1_TH1
2026-05-21T13:49:42,91.3,36.0,sensor2_serial,1,1,5,1,120,215,20.000,20.741,12850599,12850617,18,0.900000,SUCCESS,sync_sigmoid,sync_with_sensor1_matrix5
2026-05-21T13:50:05,91.3,36.0,sensor1_raspberry,5,TH0,4,0,107,214,20.000,20.751,11663719,11663777,58,2.900000,SUCCESS,sync_counter,sync_with_sensor2_IC1_TH1
2026-05-21T13:50:05,91.3,36.0,sensor2_serial,1,1,5,1,120,214,20.000,20.751,12850624,12850643,19,0.950000,SUCCESS,sync_sigmoid,sync_with_sensor1_matrix5
2026-05-21T13:50:28,91.3,36.0,sensor1_raspberry,5,TH0,4,0,107,213,20.000,20.717,11663781,11663828,47,2.350000,SUCCESS,sync_counter,sync_with_sensor2_IC1_TH1
2026-05-21T13:50:28,91.3,36.0,sensor2_serial,1,1,5,1,120,213,20.000,20.717,12850648,12850675,27,1.350000,SUCCESS,sync_sigmoid,sync_with_sensor1_matrix5
2026-05-21T13:50:51,91.3,36.0,sensor1_raspberry,5,TH0,4,0,107,212,20.000,20.762,11663833,11663869,36,1.800000,SUCCESS,sync_counter,sync_with_sensor2_IC1_TH1
2026-05-21T13:50:51,91.3,36.0,sensor2_serial,1,1,5,1,120,212,20.000,20.762,12850681,12850694,13,0.650000,SUCCESS,sync_sigmoid,sync_with_sensor1_matrix5
2026-05-21T13:51:13,91.3,36.0,sensor1_raspberry,5,TH0,4,0,107,211,20.000,20.738,11663872,11663901,29,1.450000,SUCCESS,sync_counter,sync_with_sensor2_IC1_TH1
2026-05-21T13:51:13,91.3,36.0,sensor2_serial,1,1,5,1,120,211,20.000,20.738,12850698,12850711,13,0.650000,SUCCESS,sync_sigmoid,sync_with_sensor1_matrix5
2026-05-21T13:51:36,91.3,36.0,sensor1_raspberry,5,TH0,4,0,107,210,20.000,20.739,11663902,11663924,22,1.100000,SUCCESS,sync_counter,sync_with_sensor2_IC1_TH1
2026-05-21T13:51:36,91.3,36.0,sensor2_serial,1,1,5,1,120,210,20.000,20.739,12850715,12850728,13,0.650000,SUCCESS,sync_sigmoid,sync_with_sensor1_matrix5
2026-05-21T13:51:59,91.3,36.0,sensor1_raspberry,5,TH0,4,0,107,209,20.000,20.779,11663927,11663950,23,1.150000,SUCCESS,sync_counter,sync_with_sensor2_IC1_TH1
2026-05-21T13:51:59,91.3,36.0,sensor2_serial,1,1,5,1,120,209,20.000,20.779,12850731,12850748,17,0.850000,SUCCESS,sync_sigmoid,sync_with_sensor1_matrix5
2026-05-21T13:52:22,91.3,36.0,sensor1_raspberry,5,TH0,4,0,107,208,20.000,20.738,11663952,11663974,22,1.100000,SUCCESS,sync_counter,sync_with_sensor2_IC1_TH1
2026-05-21T13:52:22,91.3,36.0,sensor2_serial,1,1,5,1,120,208,20.000,20.738,12850752,12850762,10,0.500000,SUCCESS,sync_sigmoid,sync_with_sensor1_matrix5
2026-05-21T13:52:45,91.3,36.0,sensor1_raspberry,5,TH0,4,0,107,207,20.000,20.782,11663976,11663997,21,1.050000,SUCCESS,sync_counter,sync_with_sensor2_IC1_TH1
2026-05-21T13:52:45,91.3,36.0,sensor2_serial,1,1,5,1,120,207,20.000,20.782,12850766,12850778,12,0.600000,SUCCESS,sync_sigmoid,sync_with_sensor1_matrix5
2026-05-21T13:53:08,91.3,36.0,sensor1_raspberry,5,TH0,4,0,107,206,20.000,20.767,11663998,11664022,24,1.200000,SUCCESS,sync_counter,sync_with_sensor2_IC1_TH1
2026-05-21T13:53:08,91.3,36.0,sensor2_serial,1,1,5,1,120,206,20.000,20.767,12850779,12850789,10,0.500000,SUCCESS,sync_sigmoid,sync_with_sensor1_matrix5
2026-05-21T13:53:31,91.3,36.0,sensor1_raspberry,5,TH0,4,0,107,205,20.000,20.732,11664022,11664033,11,0.550000,SUCCESS,sync_counter,sync_with_sensor2_IC1_TH1
2026-05-21T13:53:31,91.3,36.0,sensor2_serial,1,1,5,1,120,205,20.000,20.732,12850793,12850802,9,0.450000,SUCCESS,sync_sigmoid,sync_with_sensor1_matrix5
2026-05-21T13:53:53,91.3,36.0,sensor1_raspberry,5,TH0,4,0,107,204,20.000,20.753,11664035,11664054,19,0.950000,SUCCESS,sync_counter,sync_with_sensor2_IC1_TH1
2026-05-21T13:53:53,91.3,36.0,sensor2_serial,1,1,5,1,120,204,20.000,20.753,12850802,12850802,0,0.000000,SUCCESS,sync_sigmoid,sync_with_sensor1_matrix5
2026-05-21T13:54:16,91.3,36.0,sensor1_raspberry,5,TH0,4,0,107,203,20.000,20.799,11664056,11664077,21,1.050000,SUCCESS,sync_counter,sync_with_sensor2_IC1_TH1
2026-05-21T13:54:16,91.3,36.0,sensor2_serial,1,1,5,1,120,203,20.000,20.799,12850803,12850811,8,0.400000,SUCCESS,sync_sigmoid,sync_with_sensor1_matrix5
2026-05-21T13:54:39,91.3,36.0,sensor1_raspberry,5,TH0,4,0,107,202,20.000,20.723,11664077,11664092,15,0.750000,SUCCESS,sync_counter,sync_with_sensor2_IC1_TH1
2026-05-21T13:54:39,91.3,36.0,sensor2_serial,1,1,5,1,120,202,20.000,20.723,12850814,12850822,8,0.400000,SUCCESS,sync_sigmoid,sync_with_sensor1_matrix5
2026-05-21T13:55:02,91.3,36.0,sensor1_raspberry,5,TH0,4,0,107,201,20.000,20.775,11664092,11664103,11,0.550000,SUCCESS,sync_counter,sync_with_sensor2_IC1_TH1
2026-05-21T13:55:02,91.3,36.0,sensor2_serial,1,1,5,1,120,201,20.000,20.775,12850825,12850828,3,0.150000,SUCCESS,sync_sigmoid,sync_with_sensor1_matrix5
2026-05-21T13:55:25,91.3,36.0,sensor1_raspberry,5,TH0,4,0,107,200,20.000,20.755,11664104,11664115,11,0.550000,SUCCESS,sync_counter,sync_with_sensor2_IC1_TH1
2026-05-21T13:55:25,91.3,36.0,sensor2_serial,1,1,5,1,120,200,20.000,20.755,12850830,12850833,3,0.150000,SUCCESS,sync_sigmoid,sync_with_sensor1_matrix5
2026-05-21T13:55:48,91.3,36.0,sensor1_raspberry,5,TH0,4,0,107,199,20.000,20.706,11664116,11664119,3,0.150000,SUCCESS,sync_counter,sync_with_sensor2_IC1_TH1
2026-05-21T13:55:48,91.3,36.0,sensor2_serial,1,1,5,1,120,199,20.000,20.706,12850834,12850839,5,0.250000,SUCCESS,sync_sigmoid,sync_with_sensor1_matrix5
2026-05-21T13:56:11,91.3,36.0,sensor1_raspberry,5,TH0,4,0,107,198,20.000,20.737,11664121,11664130,9,0.450000,SUCCESS,sync_counter,sync_with_sensor2_IC1_TH1
2026-05-21T13:56:11,91.3,36.0,sensor2_serial,1,1,5,1,120,198,20.000,20.737,12850839,12850843,4,0.200000,SUCCESS,sync_sigmoid,sync_with_sensor1_matrix5
2026-05-21T13:56:33,91.3,36.0,sensor1_raspberry,5,TH0,4,0,107,197,20.000,20.721,11664130,11664135,5,0.250000,SUCCESS,sync_counter,sync_with_sensor2_IC1_TH1
2026-05-21T13:56:33,91.3,36.0,sensor2_serial,1,1,5,1,120,197,20.000,20.721,12850844,12850851,7,0.350000,SUCCESS,sync_sigmoid,sync_with_sensor1_matrix5
2026-05-21T13:56:56,91.3,36.0,sensor1_raspberry,5,TH0,4,0,107,196,20.000,20.754,11664136,11664144,8,0.400000,SUCCESS,sync_counter,sync_with_sensor2_IC1_TH1
2026-05-21T13:56:56,91.3,36.0,sensor2_serial,1,1,5,1,120,196,20.000,20.754,12850851,12850852,1,0.050000,SUCCESS,sync_sigmoid,sync_with_sensor1_matrix5
2026-05-21T13:57:19,91.3,36.0,sensor1_raspberry,5,TH0,4,0,107,195,20.000,20.784,11664146,11664154,8,0.400000,SUCCESS,sync_counter,sync_with_sensor2_IC1_TH1
2026-05-21T13:57:19,91.3,36.0,sensor2_serial,1,1,5,1,120,195,20.000,20.784,12850855,12850857,2,0.100000,SUCCESS,sync_sigmoid,sync_with_sensor1_matrix5
2026-05-21T13:57:42,91.3,36.0,sensor1_raspberry,5,TH0,4,0,107,194,20.000,20.764,11664154,11664161,7,0.350000,SUCCESS,sync_counter,sync_with_sensor2_IC1_TH1
2026-05-21T13:57:42,91.3,36.0,sensor2_serial,1,1,5,1,120,194,20.000,20.764,12850857,12850860,3,0.150000,SUCCESS,sync_sigmoid,sync_with_sensor1_matrix5
2026-05-21T13:58:05,91.3,36.0,sensor1_raspberry,5,TH0,4,0,107,193,20.000,20.760,11664161,11664165,4,0.200000,SUCCESS,sync_counter,sync_with_sensor2_IC1_TH1
2026-05-21T13:58:05,91.3,36.0,sensor2_serial,1,1,5,1,120,193,20.000,20.760,12850861,12850864,3,0.150000,SUCCESS,sync_sigmoid,sync_with_sensor1_matrix5
2026-05-21T13:58:28,91.3,36.0,sensor1_raspberry,5,TH0,4,0,107,192,20.000,20.748,11664166,11664167,1,0.050000,SUCCESS,sync_counter,sync_with_sensor2_IC1_TH1
2026-05-21T13:58:28,91.3,36.0,sensor2_serial,1,1,5,1,120,192,20.000,20.748,12850865,12850866,1,0.050000,SUCCESS,sync_sigmoid,sync_with_sensor1_matrix5
2026-05-21T13:58:51,91.3,36.0,sensor1_raspberry,5,TH0,4,0,107,255,20.000,20.763,12125403,2642926,7294739,364736.950000,SUCCESS,sync_counter,sync_with_sensor2_IC1_TH2
2026-05-21T13:58:51,91.3,36.0,sensor2_serial,1,2,6,2,120,255,20.000,20.763,16613998,1633426,1796644,89832.200000,SUCCESS,sync_sigmoid,sync_with_sensor1_matrix5
2026-05-21T13:59:13,91.3,36.0,sensor1_raspberry,5,TH0,4,0,107,254,20.000,20.752,3266416,8899442,5633026,281651.300000,SUCCESS,sync_counter,sync_with_sensor2_IC1_TH2
2026-05-21T13:59:13,91.3,36.0,sensor2_serial,1,2,6,2,120,254,20.000,20.752,1807738,3662226,1854488,92724.400000,SUCCESS,sync_sigmoid,sync_with_sensor1_matrix5
2026-05-21T13:59:36,91.3,36.0,sensor1_raspberry,5,TH0,4,0,107,253,20.000,20.764,9188555,10578146,1389591,69479.550000,SUCCESS,sync_counter,sync_with_sensor2_IC1_TH2
2026-05-21T13:59:36,91.3,36.0,sensor2_serial,1,2,6,2,120,253,20.000,20.764,3837240,5658258,1821018,91050.900000,SUCCESS,sync_sigmoid,sync_with_sensor1_matrix5
2026-05-21T13:59:59,91.3,36.0,sensor1_raspberry,5,TH0,4,0,107,252,20.000,20.723,10669028,11240321,571293,28564.650000,SUCCESS,sync_counter,sync_with_sensor2_IC1_TH2
2026-05-21T13:59:59,91.3,36.0,sensor2_serial,1,2,6,2,120,252,20.000,20.723,5831102,7651944,1820842,91042.100000,SUCCESS,sync_sigmoid,sync_with_sensor1_matrix5
2026-05-21T14:00:22,91.3,36.0,sensor1_raspberry,5,TH0,4,0,107,251,20.000,20.744,11272488,11368233,95745,4787.250000,SUCCESS,sync_counter,sync_with_sensor2_IC1_TH2
2026-05-21T14:00:22,91.3,36.0,sensor2_serial,1,2,6,2,120,251,20.000,20.744,7825658,9712928,1887270,94363.500000,SUCCESS,sync_sigmoid,sync_with_sensor1_matrix5
2026-05-21T14:00:45,91.3,36.0,sensor1_raspberry,5,TH0,4,0,107,250,20.000,20.766,11372921,11397360,24439,1221.950000,SUCCESS,sync_counter,sync_with_sensor2_IC1_TH2
2026-05-21T14:00:45,91.3,36.0,sensor2_serial,1,2,6,2,120,250,20.000,20.766,9895006,12072318,2177312,108865.600000,SUCCESS,sync_sigmoid,sync_with_sensor1_matrix5
2026-05-21T14:01:08,91.3,36.0,sensor1_raspberry,5,TH0,4,0,107,249,20.000,20.738,11398397,11400104,1707,85.350000,SUCCESS,sync_counter,sync_with_sensor2_IC1_TH2
2026-05-21T14:01:08,91.3,36.0,sensor2_serial,1,2,6,2,120,249,20.000,20.738,12286513,14746164,2459651,122982.550000,SUCCESS,sync_sigmoid,sync_with_sensor1_matrix5
2026-05-21T14:01:30,91.3,36.0,sensor1_raspberry,5,TH0,4,0,107,248,20.000,20.741,11400235,11400730,495,24.750000,SUCCESS,sync_counter,sync_with_sensor2_IC1_TH2
2026-05-21T14:01:30,91.3,36.0,sensor2_serial,1,2,6,2,120,248,20.000,20.741,14978790,897923,2696349,134817.450000,SUCCESS,sync_sigmoid,sync_with_sensor1_matrix5
2026-05-21T14:01:53,91.3,36.0,sensor1_raspberry,5,TH0,4,0,107,247,20.000,20.753,11400759,11400993,234,11.700000,SUCCESS,sync_counter,sync_with_sensor2_IC1_TH2
2026-05-21T14:01:53,91.3,36.0,sensor2_serial,1,2,6,2,120,247,20.000,20.753,1164883,4175510,3010627,150531.350000,SUCCESS,sync_sigmoid,sync_with_sensor1_matrix5
2026-05-21T14:02:16,91.3,36.0,sensor1_raspberry,5,TH0,4,0,107,246,20.000,20.717,11401012,11401162,150,7.500000,SUCCESS,sync_counter,sync_with_sensor2_IC1_TH2
2026-05-21T14:02:16,91.3,36.0,sensor2_serial,1,2,6,2,120,246,20.000,20.717,4466395,7245020,2778625,138931.250000,SUCCESS,sync_sigmoid,sync_with_sensor1_matrix5
2026-05-21T14:02:39,91.3,36.0,sensor1_raspberry,5,TH0,4,0,107,245,20.000,20.737,11401176,11401296,120,6.000000,SUCCESS,sync_counter,sync_with_sensor2_IC1_TH2
2026-05-21T14:02:39,91.3,36.0,sensor2_serial,1,2,6,2,120,245,20.000,20.737,7503205,9867955,2364750,118237.500000,SUCCESS,sync_sigmoid,sync_with_sensor1_matrix5
2026-05-21T14:03:02,91.3,36.0,sensor1_raspberry,5,TH0,4,0,107,244,20.000,20.754,11401309,11401435,126,6.300000,SUCCESS,sync_counter,sync_with_sensor2_IC1_TH2
2026-05-21T14:03:02,91.3,36.0,sensor2_serial,1,2,6,2,120,244,20.000,20.754,10080120,11690352,1610232,80511.600000,SUCCESS,sync_sigmoid,sync_with_sensor1_matrix5
2026-05-21T14:03:25,91.3,36.0,sensor1_raspberry,5,TH0,4,0,107,243,20.000,20.719,11401450,11401577,127,6.350000,SUCCESS,sync_counter,sync_with_sensor2_IC1_TH2
2026-05-21T14:03:25,91.3,36.0,sensor2_serial,1,2,6,2,120,243,20.000,20.719,11855752,13078416,1222664,61133.200000,SUCCESS,sync_sigmoid,sync_with_sensor1_matrix5
2026-05-21T14:03:48,91.3,36.0,sensor1_raspberry,5,TH0,4,0,107,242,20.000,20.738,11401594,11401704,110,5.500000,SUCCESS,sync_counter,sync_with_sensor2_IC1_TH2
2026-05-21T14:03:48,91.3,36.0,sensor2_serial,1,2,6,2,120,242,20.000,20.738,13190437,13825112,634675,31733.750000,SUCCESS,sync_sigmoid,sync_with_sensor1_matrix5
2026-05-21T14:04:10,91.3,36.0,sensor1_raspberry,5,TH0,4,0,107,241,20.000,20.736,11401716,11401816,100,5.000000,SUCCESS,sync_counter,sync_with_sensor2_IC1_TH2
2026-05-21T14:04:10,91.3,36.0,sensor2_serial,1,2,6,2,120,241,20.000,20.736,13882311,14303112,420801,21040.050000,SUCCESS,sync_sigmoid,sync_with_sensor1_matrix5
2026-05-21T14:04:33,91.3,36.0,sensor1_raspberry,5,TH0,4,0,107,240,20.000,20.774,11401827,11401951,124,6.200000,SUCCESS,sync_counter,sync_with_sensor2_IC1_TH2
2026-05-21T14:04:33,91.3,36.0,sensor2_serial,1,2,6,2,120,240,20.000,20.774,14343367,14546577,203210,10160.500000,SUCCESS,sync_sigmoid,sync_with_sensor1_matrix5
2026-05-21T14:04:56,91.3,36.0,sensor1_raspberry,5,TH0,4,0,107,239,20.000,20.782,11401962,11402068,106,5.300000,SUCCESS,sync_counter,sync_with_sensor2_IC1_TH2
2026-05-21T14:04:56,91.3,36.0,sensor2_serial,1,2,6,2,120,239,20.000,20.782,14563846,14667152,103306,5165.300000,SUCCESS,sync_sigmoid,sync_with_sensor1_matrix5
2026-05-21T14:05:19,91.3,36.0,sensor1_raspberry,5,TH0,4,0,107,238,20.000,20.750,11402082,11402185,103,5.150000,SUCCESS,sync_counter,sync_with_sensor2_IC1_TH2
2026-05-21T14:05:19,91.3,36.0,sensor2_serial,1,2,6,2,120,238,20.000,20.750,14675562,14717627,42065,2103.250000,SUCCESS,sync_sigmoid,sync_with_sensor1_matrix5
2026-05-21T14:05:42,91.3,36.0,sensor1_raspberry,5,TH0,4,0,107,237,20.000,20.738,11402193,11402311,118,5.900000,SUCCESS,sync_counter,sync_with_sensor2_IC1_TH2
2026-05-21T14:05:42,91.3,36.0,sensor2_serial,1,2,6,2,120,237,20.000,20.738,14721678,14740031,18353,917.650000,SUCCESS,sync_sigmoid,sync_with_sensor1_matrix5
2026-05-21T14:06:05,91.3,36.0,sensor1_raspberry,5,TH0,4,0,107,236,20.000,20.756,11402329,11402422,93,4.650000,SUCCESS,sync_counter,sync_with_sensor2_IC1_TH2
2026-05-21T14:06:05,91.3,36.0,sensor2_serial,1,2,6,2,120,236,20.000,20.756,14741407,14747629,6222,311.100000,SUCCESS,sync_sigmoid,sync_with_sensor1_matrix5
2026-05-21T14:06:27,91.3,36.0,sensor1_raspberry,5,TH0,4,0,107,235,20.000,20.710,11402428,11402534,106,5.300000,SUCCESS,sync_counter,sync_with_sensor2_IC1_TH2
2026-05-21T14:06:27,91.3,36.0,sensor2_serial,1,2,6,2,120,235,20.000,20.710,14748431,14752469,4038,201.900000,SUCCESS,sync_sigmoid,sync_with_sensor1_matrix5
2026-05-21T14:06:50,91.3,36.0,sensor1_raspberry,5,TH0,4,0,107,234,20.000,20.766,11402545,11402653,108,5.400000,SUCCESS,sync_counter,sync_with_sensor2_IC1_TH2
2026-05-21T14:06:50,91.3,36.0,sensor2_serial,1,2,6,2,120,234,20.000,20.766,14752851,14754315,1464,73.200000,SUCCESS,sync_sigmoid,sync_with_sensor1_matrix5
2026-05-21T14:07:13,91.3,36.0,sensor1_raspberry,5,TH0,4,0,107,233,20.000,20.744,11402667,11402750,83,4.150000,SUCCESS,sync_counter,sync_with_sensor2_IC1_TH2
2026-05-21T14:07:13,91.3,36.0,sensor2_serial,1,2,6,2,120,233,20.000,20.744,14754503,14755049,546,27.300000,SUCCESS,sync_sigmoid,sync_with_sensor1_matrix5
2026-05-21T14:07:36,91.3,36.0,sensor1_raspberry,5,TH0,4,0,107,232,20.000,20.756,11402761,11402863,102,5.100000,SUCCESS,sync_counter,sync_with_sensor2_IC1_TH2
2026-05-21T14:07:36,91.3,36.0,sensor2_serial,1,2,6,2,120,232,20.000,20.756,14755130,14755338,208,10.400000,SUCCESS,sync_sigmoid,sync_with_sensor1_matrix5
2026-05-21T14:07:59,91.3,36.0,sensor1_raspberry,5,TH0,4,0,107,231,20.000,20.700,11402868,11402966,98,4.900000,SUCCESS,sync_counter,sync_with_sensor2_IC1_TH2
2026-05-21T14:07:59,91.3,36.0,sensor2_serial,1,2,6,2,120,231,20.000,20.700,14755368,14755434,66,3.300000,SUCCESS,sync_sigmoid,sync_with_sensor1_matrix5
2026-05-21T14:08:22,91.3,36.0,sensor1_raspberry,5,TH0,4,0,107,230,20.000,20.753,11402974,11403075,101,5.050000,SUCCESS,sync_counter,sync_with_sensor2_IC1_TH2
2026-05-21T14:08:22,91.3,36.0,sensor2_serial,1,2,6,2,120,230,20.000,20.753,14755464,14755542,78,3.900000,SUCCESS,sync_sigmoid,sync_with_sensor1_matrix5
2026-05-21T14:08:45,91.3,36.0,sensor1_raspberry,5,TH0,4,0,107,229,20.000,20.737,11403083,11403179,96,4.800000,SUCCESS,sync_counter,sync_with_sensor2_IC1_TH2
2026-05-21T14:08:45,91.3,36.0,sensor2_serial,1,2,6,2,120,229,20.000,20.737,14755567,14755633,66,3.300000,SUCCESS,sync_sigmoid,sync_with_sensor1_matrix5
2026-05-21T14:09:07,91.3,36.0,sensor1_raspberry,5,TH0,4,0,107,228,20.000,20.783,11403190,11403259,69,3.450000,SUCCESS,sync_counter,sync_with_sensor2_IC1_TH2
2026-05-21T14:09:07,91.3,36.0,sensor2_serial,1,2,6,2,120,228,20.000,20.783,14755654,14755705,51,2.550000,SUCCESS,sync_sigmoid,sync_with_sensor1_matrix5
2026-05-21T14:09:30,91.3,36.0,sensor1_raspberry,5,TH0,4,0,107,227,20.000,20.754,11403271,11403376,105,5.250000,SUCCESS,sync_counter,sync_with_sensor2_IC1_TH2
2026-05-21T14:09:30,91.3,36.0,sensor2_serial,1,2,6,2,120,227,20.000,20.754,14755729,14755770,41,2.050000,SUCCESS,sync_sigmoid,sync_with_sensor1_matrix5
2026-05-21T14:09:53,91.3,36.0,sensor1_raspberry,5,TH0,4,0,107,226,20.000,20.746,11403383,11403470,87,4.350000,SUCCESS,sync_counter,sync_with_sensor2_IC1_TH2
2026-05-21T14:09:53,91.3,36.0,sensor2_serial,1,2,6,2,120,226,20.000,20.746,14755783,14755835,52,2.600000,SUCCESS,sync_sigmoid,sync_with_sensor1_matrix5
2026-05-21T14:10:16,91.3,36.0,sensor1_raspberry,5,TH0,4,0,107,225,20.000,20.713,11403478,11403557,79,3.950000,SUCCESS,sync_counter,sync_with_sensor2_IC1_TH2
2026-05-21T14:10:16,91.3,36.0,sensor2_serial,1,2,6,2,120,225,20.000,20.713,14755853,14755886,33,1.650000,SUCCESS,sync_sigmoid,sync_with_sensor1_matrix5
2026-05-21T14:10:39,91.3,36.0,sensor1_raspberry,5,TH0,4,0,107,224,20.000,20.757,11403567,11403638,71,3.550000,SUCCESS,sync_counter,sync_with_sensor2_IC1_TH2
2026-05-21T14:10:39,91.3,36.0,sensor2_serial,1,2,6,2,120,224,20.000,20.757,14755900,14755957,57,2.850000,SUCCESS,sync_sigmoid,sync_with_sensor1_matrix5
2026-05-21T14:11:02,91.3,36.0,sensor1_raspberry,5,TH0,4,0,107,223,20.000,20.729,11403645,11403725,80,4.000000,SUCCESS,sync_counter,sync_with_sensor2_IC1_TH2
2026-05-21T14:11:02,91.3,36.0,sensor2_serial,1,2,6,2,120,223,20.000,20.729,14755971,14756019,48,2.400000,SUCCESS,sync_sigmoid,sync_with_sensor1_matrix5
2026-05-21T14:11:24,91.3,36.0,sensor1_raspberry,5,TH0,4,0,107,222,20.000,20.733,11403729,11403796,67,3.350000,SUCCESS,sync_counter,sync_with_sensor2_IC1_TH2
2026-05-21T14:11:24,91.3,36.0,sensor2_serial,1,2,6,2,120,222,20.000,20.733,14756031,14756060,29,1.450000,SUCCESS,sync_sigmoid,sync_with_sensor1_matrix5
2026-05-21T14:11:47,91.3,36.0,sensor1_raspberry,5,TH0,4,0,107,221,20.000,20.759,11403801,11403871,70,3.500000,SUCCESS,sync_counter,sync_with_sensor2_IC1_TH2
2026-05-21T14:11:47,91.3,36.0,sensor2_serial,1,2,6,2,120,221,20.000,20.759,14756065,14756094,29,1.450000,SUCCESS,sync_sigmoid,sync_with_sensor1_matrix5
2026-05-21T14:12:10,91.3,36.0,sensor1_raspberry,5,TH0,4,0,107,220,20.000,20.730,11403877,11403935,58,2.900000,SUCCESS,sync_counter,sync_with_sensor2_IC1_TH2
2026-05-21T14:12:10,91.3,36.0,sensor2_serial,1,2,6,2,120,220,20.000,20.730,14756104,14756134,30,1.500000,SUCCESS,sync_sigmoid,sync_with_sensor1_matrix5
2026-05-21T14:12:33,91.3,36.0,sensor1_raspberry,5,TH0,4,0,107,219,20.000,20.768,11403939,11404001,62,3.100000,SUCCESS,sync_counter,sync_with_sensor2_IC1_TH2
2026-05-21T14:12:33,91.3,36.0,sensor2_serial,1,2,6,2,120,219,20.000,20.768,14756141,14756154,13,0.650000,SUCCESS,sync_sigmoid,sync_with_sensor1_matrix5
2026-05-21T14:12:56,91.3,36.0,sensor1_raspberry,5,TH0,4,0,107,218,20.000,20.753,11404006,11404055,49,2.450000,SUCCESS,sync_counter,sync_with_sensor2_IC1_TH2
2026-05-21T14:12:56,91.3,36.0,sensor2_serial,1,2,6,2,120,218,20.000,20.753,14756160,14756188,28,1.400000,SUCCESS,sync_sigmoid,sync_with_sensor1_matrix5
2026-05-21T14:13:19,91.3,36.0,sensor1_raspberry,5,TH0,4,0,107,217,20.000,20.784,11404062,11404107,45,2.250000,SUCCESS,sync_counter,sync_with_sensor2_IC1_TH2
2026-05-21T14:13:19,91.3,36.0,sensor2_serial,1,2,6,2,120,217,20.000,20.784,14756193,14756212,19,0.950000,SUCCESS,sync_sigmoid,sync_with_sensor1_matrix5
2026-05-21T14:13:42,91.3,36.0,sensor1_raspberry,5,TH0,4,0,107,216,20.000,20.740,11404112,11404152,40,2.000000,SUCCESS,sync_counter,sync_with_sensor2_IC1_TH2
2026-05-21T14:13:42,91.3,36.0,sensor2_serial,1,2,6,2,120,216,20.000,20.740,14756220,14756238,18,0.900000,SUCCESS,sync_sigmoid,sync_with_sensor1_matrix5
2026-05-21T14:14:04,91.3,36.0,sensor1_raspberry,5,TH0,4,0,107,215,20.000,20.760,11404154,11404200,46,2.300000,SUCCESS,sync_counter,sync_with_sensor2_IC1_TH2
2026-05-21T14:14:04,91.3,36.0,sensor2_serial,1,2,6,2,120,215,20.000,20.760,14756247,14756267,20,1.000000,SUCCESS,sync_sigmoid,sync_with_sensor1_matrix5
2026-05-21T14:14:27,91.3,36.0,sensor1_raspberry,5,TH0,4,0,107,214,20.000,20.741,11404203,11404257,54,2.700000,SUCCESS,sync_counter,sync_with_sensor2_IC1_TH2
2026-05-21T14:14:27,91.3,36.0,sensor2_serial,1,2,6,2,120,214,20.000,20.741,14756276,14756297,21,1.050000,SUCCESS,sync_sigmoid,sync_with_sensor1_matrix5
2026-05-21T14:14:50,91.3,36.0,sensor1_raspberry,5,TH0,4,0,107,213,20.000,20.726,11404260,11404296,36,1.800000,SUCCESS,sync_counter,sync_with_sensor2_IC1_TH2
2026-05-21T14:14:50,91.3,36.0,sensor2_serial,1,2,6,2,120,213,20.000,20.726,14756303,14756319,16,0.800000,SUCCESS,sync_sigmoid,sync_with_sensor1_matrix5
2026-05-21T14:15:13,91.3,36.0,sensor1_raspberry,5,TH0,4,0,107,212,20.000,20.743,11404300,11404340,40,2.000000,SUCCESS,sync_counter,sync_with_sensor2_IC1_TH2
2026-05-21T14:15:13,91.3,36.0,sensor2_serial,1,2,6,2,120,212,20.000,20.743,14756324,14756339,15,0.750000,SUCCESS,sync_sigmoid,sync_with_sensor1_matrix5
2026-05-21T14:15:36,91.3,36.0,sensor1_raspberry,5,TH0,4,0,107,211,20.000,20.729,11404341,11404366,25,1.250000,SUCCESS,sync_counter,sync_with_sensor2_IC1_TH2
2026-05-21T14:15:36,91.3,36.0,sensor2_serial,1,2,6,2,120,211,20.000,20.729,14756346,14756359,13,0.650000,SUCCESS,sync_sigmoid,sync_with_sensor1_matrix5
2026-05-21T14:15:59,91.3,36.0,sensor1_raspberry,5,TH0,4,0,107,210,20.000,20.741,11404368,11404417,49,2.450000,SUCCESS,sync_counter,sync_with_sensor2_IC1_TH2
2026-05-21T14:15:59,91.3,36.0,sensor2_serial,1,2,6,2,120,210,20.000,20.741,14756368,14756375,7,0.350000,SUCCESS,sync_sigmoid,sync_with_sensor1_matrix5
2026-05-21T14:16:21,91.3,36.0,sensor1_raspberry,5,TH0,4,0,107,209,20.000,20.762,11404419,11404449,30,1.500000,SUCCESS,sync_counter,sync_with_sensor2_IC1_TH2
2026-05-21T14:16:21,91.3,36.0,sensor2_serial,1,2,6,2,120,209,20.000,20.762,14756380,14756395,15,0.750000,SUCCESS,sync_sigmoid,sync_with_sensor1_matrix5
2026-05-21T14:16:44,91.3,36.0,sensor1_raspberry,5,TH0,4,0,107,208,20.000,20.783,11404451,11404488,37,1.850000,SUCCESS,sync_counter,sync_with_sensor2_IC1_TH2
2026-05-21T14:16:44,91.3,36.0,sensor2_serial,1,2,6,2,120,208,20.000,20.783,14756398,14756405,7,0.350000,SUCCESS,sync_sigmoid,sync_with_sensor1_matrix5
2026-05-21T14:17:07,91.3,36.0,sensor1_raspberry,5,TH0,4,0,107,207,20.000,20.778,11404490,11404519,29,1.450000,SUCCESS,sync_counter,sync_with_sensor2_IC1_TH2
2026-05-21T14:17:07,91.3,36.0,sensor2_serial,1,2,6,2,120,207,20.000,20.778,14756409,14756418,9,0.450000,SUCCESS,sync_sigmoid,sync_with_sensor1_matrix5
2026-05-21T14:17:30,91.3,36.0,sensor1_raspberry,5,TH0,4,0,107,206,20.000,20.763,11404521,11404550,29,1.450000,SUCCESS,sync_counter,sync_with_sensor2_IC1_TH2
2026-05-21T14:17:30,91.3,36.0,sensor2_serial,1,2,6,2,120,206,20.000,20.763,14756420,14756426,6,0.300000,SUCCESS,sync_sigmoid,sync_with_sensor1_matrix5
2026-05-21T14:17:53,91.3,36.0,sensor1_raspberry,5,TH0,4,0,107,205,20.000,20.760,11404553,11404565,12,0.600000,SUCCESS,sync_counter,sync_with_sensor2_IC1_TH2
2026-05-21T14:17:53,91.3,36.0,sensor2_serial,1,2,6,2,120,205,20.000,20.760,14756431,14756439,8,0.400000,SUCCESS,sync_sigmoid,sync_with_sensor1_matrix5
2026-05-21T14:18:16,91.3,36.0,sensor1_raspberry,5,TH0,4,0,107,204,20.000,20.701,11404566,11404585,19,0.950000,SUCCESS,sync_counter,sync_with_sensor2_IC1_TH2
2026-05-21T14:18:16,91.3,36.0,sensor2_serial,1,2,6,2,120,204,20.000,20.701,14756443,14756454,11,0.550000,SUCCESS,sync_sigmoid,sync_with_sensor1_matrix5
2026-05-21T14:18:39,91.3,36.0,sensor1_raspberry,5,TH0,4,0,107,203,20.000,20.788,11404585,11404597,12,0.600000,SUCCESS,sync_counter,sync_with_sensor2_IC1_TH2
2026-05-21T14:18:39,91.3,36.0,sensor2_serial,1,2,6,2,120,203,20.000,20.788,14756457,14756462,5,0.250000,SUCCESS,sync_sigmoid,sync_with_sensor1_matrix5
2026-05-21T14:19:01,91.3,36.0,sensor1_raspberry,5,TH0,4,0,107,202,20.000,20.793,11404597,11404607,10,0.500000,SUCCESS,sync_counter,sync_with_sensor2_IC1_TH2
2026-05-21T14:19:01,91.3,36.0,sensor2_serial,1,2,6,2,120,202,20.000,20.793,14756464,14756470,6,0.300000,SUCCESS,sync_sigmoid,sync_with_sensor1_matrix5
2026-05-21T14:19:24,91.3,36.0,sensor1_raspberry,5,TH0,4,0,107,201,20.000,20.757,11404610,11404620,10,0.500000,SUCCESS,sync_counter,sync_with_sensor2_IC1_TH2
2026-05-21T14:19:24,91.3,36.0,sensor2_serial,1,2,6,2,120,201,20.000,20.757,14756473,14756482,9,0.450000,SUCCESS,sync_sigmoid,sync_with_sensor1_matrix5
2026-05-21T14:19:47,91.3,36.0,sensor1_raspberry,5,TH0,4,0,107,200,20.000,20.750,11404623,11404632,9,0.450000,SUCCESS,sync_counter,sync_with_sensor2_IC1_TH2
2026-05-21T14:19:47,91.3,36.0,sensor2_serial,1,2,6,2,120,200,20.000,20.750,14756483,14756488,5,0.250000,SUCCESS,sync_sigmoid,sync_with_sensor1_matrix5
2026-05-21T14:20:10,91.3,36.0,sensor1_raspberry,5,TH0,4,0,107,199,20.000,20.736,11404634,11404642,8,0.400000,SUCCESS,sync_counter,sync_with_sensor2_IC1_TH2
2026-05-21T14:20:10,91.3,36.0,sensor2_serial,1,2,6,2,120,199,20.000,20.736,14756490,14756494,4,0.200000,SUCCESS,sync_sigmoid,sync_with_sensor1_matrix5
2026-05-21T14:20:33,91.3,36.0,sensor1_raspberry,5,TH0,4,0,107,198,20.000,20.777,11404643,11404649,6,0.300000,SUCCESS,sync_counter,sync_with_sensor2_IC1_TH2
2026-05-21T14:20:33,91.3,36.0,sensor2_serial,1,2,6,2,120,198,20.000,20.777,14756495,14756498,3,0.150000,SUCCESS,sync_sigmoid,sync_with_sensor1_matrix5
2026-05-21T14:20:56,91.3,36.0,sensor1_raspberry,5,TH0,4,0,107,197,20.000,20.770,11404650,11404653,3,0.150000,SUCCESS,sync_counter,sync_with_sensor2_IC1_TH2
2026-05-21T14:20:56,91.3,36.0,sensor2_serial,1,2,6,2,120,197,20.000,20.770,14756499,14756499,0,0.000000,SUCCESS,sync_sigmoid,sync_with_sensor1_matrix5
2026-05-21T14:21:19,91.3,36.0,sensor1_raspberry,5,TH0,4,0,107,196,20.000,20.759,11404654,11404660,6,0.300000,SUCCESS,sync_counter,sync_with_sensor2_IC1_TH2
2026-05-21T14:21:19,91.3,36.0,sensor2_serial,1,2,6,2,120,196,20.000,20.759,14756501,14756506,5,0.250000,SUCCESS,sync_sigmoid,sync_with_sensor1_matrix5
2026-05-21T14:21:42,91.3,36.0,sensor1_raspberry,5,TH0,4,0,107,195,20.000,20.755,11404661,11404666,5,0.250000,SUCCESS,sync_counter,sync_with_sensor2_IC1_TH2
2026-05-21T14:21:42,91.3,36.0,sensor2_serial,1,2,6,2,120,195,20.000,20.755,14756509,14756509,0,0.000000,SUCCESS,sync_sigmoid,sync_with_sensor1_matrix5
2026-05-21T14:22:04,91.3,36.0,sensor1_raspberry,5,TH0,4,0,107,194,20.000,20.741,11404666,11404675,9,0.450000,SUCCESS,sync_counter,sync_with_sensor2_IC1_TH2
2026-05-21T14:22:04,91.3,36.0,sensor2_serial,1,2,6,2,120,194,20.000,20.741,14756510,14756515,5,0.250000,SUCCESS,sync_sigmoid,sync_with_sensor1_matrix5
2026-05-21T14:22:27,91.3,36.0,sensor1_raspberry,5,TH0,4,0,107,193,20.000,20.736,11404675,11404680,5,0.250000,SUCCESS,sync_counter,sync_with_sensor2_IC1_TH2
2026-05-21T14:22:27,91.3,36.0,sensor2_serial,1,2,6,2,120,193,20.000,20.736,14756516,14756519,3,0.150000,SUCCESS,sync_sigmoid,sync_with_sensor1_matrix5
2026-05-21T14:22:50,91.3,36.0,sensor1_raspberry,5,TH0,4,0,107,192,20.000,20.780,11404681,11404682,1,0.050000,SUCCESS,sync_counter,sync_with_sensor2_IC1_TH2
2026-05-21T14:22:50,91.3,36.0,sensor2_serial,1,2,6,2,120,192,20.000,20.780,14756519,14756521,2,0.100000,SUCCESS,sync_sigmoid,sync_with_sensor1_matrix5
2026-05-21T14:23:23,92.3,35.0,sensor1_raspberry,5,TH0,4,0,107,255,20.000,20.726,11855073,2217543,7139686,356984.300000,SUCCESS,sync_counter,sync_with_sensor2_IC1_TH0
2026-05-21T14:23:23,92.3,35.0,sensor2_serial,1,0,4,0,120,255,20.000,20.726,15357334,1865457,3285339,164266.950000,SUCCESS,sync_sigmoid,sync_with_sensor1_matrix5
2026-05-21T14:23:46,92.3,35.0,sensor1_raspberry,5,TH0,4,0,107,254,20.000,20.776,2797786,7627849,4830063,241503.150000,SUCCESS,sync_counter,sync_with_sensor2_IC1_TH0
2026-05-21T14:23:46,92.3,35.0,sensor2_serial,1,0,4,0,120,254,20.000,20.776,2175188,5606873,3431685,171584.250000,SUCCESS,sync_sigmoid,sync_with_sensor1_matrix5
2026-05-21T14:24:08,92.3,35.0,sensor1_raspberry,5,TH0,4,0,107,253,20.000,20.725,7878551,8948879,1070328,53516.400000,SUCCESS,sync_counter,sync_with_sensor2_IC1_TH0
2026-05-21T14:24:08,92.3,35.0,sensor2_serial,1,0,4,0,120,253,20.000,20.725,5945212,9299058,3353846,167692.300000,SUCCESS,sync_sigmoid,sync_with_sensor1_matrix5
2026-05-21T14:24:31,92.3,35.0,sensor1_raspberry,5,TH0,4,0,107,252,20.000,20.748,9016690,9407693,391003,19550.150000,SUCCESS,sync_counter,sync_with_sensor2_IC1_TH0
2026-05-21T14:24:31,92.3,35.0,sensor2_serial,1,0,4,0,120,252,20.000,20.748,9622156,12553313,2931157,146557.850000,SUCCESS,sync_sigmoid,sync_with_sensor1_matrix5
2026-05-21T14:24:54,92.3,35.0,sensor1_raspberry,5,TH0,4,0,107,251,20.000,20.769,9428355,9506463,78108,3905.400000,SUCCESS,sync_counter,sync_with_sensor2_IC1_TH0
2026-05-21T14:24:54,92.3,35.0,sensor2_serial,1,0,4,0,120,251,20.000,20.769,12815303,14864179,2048876,102443.800000,SUCCESS,sync_sigmoid,sync_with_sensor1_matrix5
2026-05-21T14:25:17,92.3,35.0,sensor1_raspberry,5,TH0,4,0,107,250,20.000,20.783,9511190,9536421,25231,1261.550000,SUCCESS,sync_counter,sync_with_sensor2_IC1_TH0
2026-05-21T14:25:17,92.3,35.0,sensor2_serial,1,0,4,0,120,250,20.000,20.783,15066683,16523189,1456506,72825.300000,SUCCESS,sync_sigmoid,sync_with_sensor1_matrix5
2026-05-21T14:25:40,92.3,35.0,sensor1_raspberry,5,TH0,4,0,107,249,20.000,20.733,9537328,9539133,1805,90.250000,SUCCESS,sync_counter,sync_with_sensor2_IC1_TH0
2026-05-21T14:25:40,92.3,35.0,sensor2_serial,1,0,4,0,120,249,20.000,20.733,16649813,724809,852212,42610.600000,SUCCESS,sync_sigmoid,sync_with_sensor1_matrix5
2026-05-21T14:26:03,92.3,35.0,sensor1_raspberry,5,TH0,4,0,107,248,20.000,20.701,9539258,9539777,519,25.950000,SUCCESS,sync_counter,sync_with_sensor2_IC1_TH0
2026-05-21T14:26:03,92.3,35.0,sensor2_serial,1,0,4,0,120,248,20.000,20.701,807707,1210272,402565,20128.250000,SUCCESS,sync_sigmoid,sync_with_sensor1_matrix5
2026-05-21T14:26:26,92.3,35.0,sensor1_raspberry,5,TH0,4,0,107,247,20.000,20.749,9539821,9540054,233,11.650000,SUCCESS,sync_counter,sync_with_sensor2_IC1_TH0
2026-05-21T14:26:26,92.3,35.0,sensor2_serial,1,0,4,0,120,247,20.000,20.749,1251951,1639933,387982,19399.100000,SUCCESS,sync_sigmoid,sync_with_sensor1_matrix5
2026-05-21T14:26:48,92.3,35.0,sensor1_raspberry,5,TH0,4,0,107,246,20.000,20.789,9540078,9540213,135,6.750000,SUCCESS,sync_counter,sync_with_sensor2_IC1_TH0
2026-05-21T14:26:48,92.3,35.0,sensor2_serial,1,0,4,0,120,246,20.000,20.789,1639978,1846206,206228,10311.400000,SUCCESS,sync_sigmoid,sync_with_sensor1_matrix5
2026-05-21T14:27:11,92.3,35.0,sensor1_raspberry,5,TH0,4,0,107,245,20.000,20.743,9540226,9540347,121,6.050000,SUCCESS,sync_counter,sync_with_sensor2_IC1_TH0
2026-05-21T14:27:11,92.3,35.0,sensor2_serial,1,0,4,0,120,245,20.000,20.743,1846240,1932119,85879,4293.950000,SUCCESS,sync_sigmoid,sync_with_sensor1_matrix5
2026-05-21T14:27:34,92.3,35.0,sensor1_raspberry,5,TH0,4,0,107,244,20.000,20.757,9540366,9540489,123,6.150000,SUCCESS,sync_counter,sync_with_sensor2_IC1_TH0
2026-05-21T14:27:34,92.3,35.0,sensor2_serial,1,0,4,0,120,244,20.000,20.757,1932149,1937718,5569,278.450000,SUCCESS,sync_sigmoid,sync_with_sensor1_matrix5
2026-05-21T14:27:57,92.3,35.0,sensor1_raspberry,5,TH0,4,0,107,243,20.000,20.751,9540501,9540629,128,6.400000,SUCCESS,sync_counter,sync_with_sensor2_IC1_TH0
2026-05-21T14:27:57,92.3,35.0,sensor2_serial,1,0,4,0,120,243,20.000,20.751,1966794,1966823,29,1.450000,SUCCESS,sync_sigmoid,sync_with_sensor1_matrix5
2026-05-21T14:28:20,92.3,35.0,sensor1_raspberry,5,TH0,4,0,107,242,20.000,20.677,9540641,9540778,137,6.850000,SUCCESS,sync_counter,sync_with_sensor2_IC1_TH0
2026-05-21T14:28:20,92.3,35.0,sensor2_serial,1,0,4,0,120,242,20.000,20.677,1975734,1976698,964,48.200000,SUCCESS,sync_sigmoid,sync_with_sensor1_matrix5
2026-05-21T14:28:43,92.3,35.0,sensor1_raspberry,5,TH0,4,0,107,241,20.000,20.788,9540798,9540947,149,7.450000,SUCCESS,sync_counter,sync_with_sensor2_IC1_TH0
2026-05-21T14:28:43,92.3,35.0,sensor2_serial,1,0,4,0,120,241,20.000,20.788,1981507,1981871,364,18.200000,SUCCESS,sync_sigmoid,sync_with_sensor1_matrix5
2026-05-21T14:29:05,92.3,35.0,sensor1_raspberry,5,TH0,4,0,107,240,20.000,20.716,9540960,9541099,139,6.950000,SUCCESS,sync_counter,sync_with_sensor2_IC1_TH0
2026-05-21T14:29:05,92.3,35.0,sensor2_serial,1,0,4,0,120,240,20.000,20.716,1983652,1983836,184,9.200000,SUCCESS,sync_sigmoid,sync_with_sensor1_matrix5
2026-05-21T14:29:28,92.3,35.0,sensor1_raspberry,5,TH0,4,0,107,239,20.000,20.730,9541116,9541262,146,7.300000,SUCCESS,sync_counter,sync_with_sensor2_IC1_TH0
2026-05-21T14:29:28,92.3,35.0,sensor2_serial,1,0,4,0,120,239,20.000,20.730,1984456,1984527,71,3.550000,SUCCESS,sync_sigmoid,sync_with_sensor1_matrix5
2026-05-21T14:29:51,92.3,35.0,sensor1_raspberry,5,TH0,4,0,107,238,20.000,20.764,9541269,9541382,113,5.650000,SUCCESS,sync_counter,sync_with_sensor2_IC1_TH0
2026-05-21T14:29:51,92.3,35.0,sensor2_serial,1,0,4,0,120,238,20.000,20.764,1984704,1984743,39,1.950000,SUCCESS,sync_sigmoid,sync_with_sensor1_matrix5
2026-05-21T14:30:14,92.3,35.0,sensor1_raspberry,5,TH0,4,0,107,237,20.000,20.736,9541395,9541508,113,5.650000,SUCCESS,sync_counter,sync_with_sensor2_IC1_TH0
2026-05-21T14:30:14,92.3,35.0,sensor2_serial,1,0,4,0,120,237,20.000,20.736,1984847,1984887,40,2.000000,SUCCESS,sync_sigmoid,sync_with_sensor1_matrix5
2026-05-21T14:30:37,92.3,35.0,sensor1_raspberry,5,TH0,4,0,107,236,20.000,20.761,9541526,9541655,129,6.450000,SUCCESS,sync_counter,sync_with_sensor2_IC1_TH0
2026-05-21T14:30:37,92.3,35.0,sensor2_serial,1,0,4,0,120,236,20.000,20.761,1985004,1985026,22,1.100000,SUCCESS,sync_sigmoid,sync_with_sensor1_matrix5
2026-05-21T14:31:00,92.3,35.0,sensor1_raspberry,5,TH0,4,0,107,235,20.000,20.769,9541671,9541800,129,6.450000,SUCCESS,sync_counter,sync_with_sensor2_IC1_TH0
2026-05-21T14:31:00,92.3,35.0,sensor2_serial,1,0,4,0,120,235,20.000,20.769,1985103,1985126,23,1.150000,SUCCESS,sync_sigmoid,sync_with_sensor1_matrix5
2026-05-21T14:31:23,92.3,35.0,sensor1_raspberry,5,TH0,4,0,107,234,20.000,20.755,9541808,9541917,109,5.450000,SUCCESS,sync_counter,sync_with_sensor2_IC1_TH0
2026-05-21T14:31:23,92.3,35.0,sensor2_serial,1,0,4,0,120,234,20.000,20.755,1985215,1985234,19,0.950000,SUCCESS,sync_sigmoid,sync_with_sensor1_matrix5
2026-05-21T14:31:45,92.3,35.0,sensor1_raspberry,5,TH0,4,0,107,233,20.000,20.781,9541926,9542040,114,5.700000,SUCCESS,sync_counter,sync_with_sensor2_IC1_TH0
2026-05-21T14:31:45,92.3,35.0,sensor2_serial,1,0,4,0,120,233,20.000,20.781,1985319,1985340,21,1.050000,SUCCESS,sync_sigmoid,sync_with_sensor1_matrix5
2026-05-21T14:32:08,92.3,35.0,sensor1_raspberry,5,TH0,4,0,107,232,20.000,20.755,9542052,9542173,121,6.050000,SUCCESS,sync_counter,sync_with_sensor2_IC1_TH0
2026-05-21T14:32:08,92.3,35.0,sensor2_serial,1,0,4,0,120,232,20.000,20.755,1985429,1985447,18,0.900000,SUCCESS,sync_sigmoid,sync_with_sensor1_matrix5
2026-05-21T14:32:31,92.3,35.0,sensor1_raspberry,5,TH0,4,0,107,231,20.000,20.772,9542187,9542305,118,5.900000,SUCCESS,sync_counter,sync_with_sensor2_IC1_TH0
2026-05-21T14:32:31,92.3,35.0,sensor2_serial,1,0,4,0,120,231,20.000,20.772,1985513,1985528,15,0.750000,SUCCESS,sync_sigmoid,sync_with_sensor1_matrix5
2026-05-21T14:32:54,92.3,35.0,sensor1_raspberry,5,TH0,4,0,107,230,20.000,20.753,9542309,9542428,119,5.950000,SUCCESS,sync_counter,sync_with_sensor2_IC1_TH0
2026-05-21T14:32:54,92.3,35.0,sensor2_serial,1,0,4,0,120,230,20.000,20.753,1985600,1985625,25,1.250000,SUCCESS,sync_sigmoid,sync_with_sensor1_matrix5
2026-05-21T14:33:17,92.3,35.0,sensor1_raspberry,5,TH0,4,0,107,229,20.000,20.726,9542442,9542550,108,5.400000,SUCCESS,sync_counter,sync_with_sensor2_IC1_TH0
2026-05-21T14:33:17,92.3,35.0,sensor2_serial,1,0,4,0,120,229,20.000,20.726,1985698,1985712,14,0.700000,SUCCESS,sync_sigmoid,sync_with_sensor1_matrix5
2026-05-21T14:33:40,92.3,35.0,sensor1_raspberry,5,TH0,4,0,107,228,20.000,20.761,9542562,9542669,107,5.350000,SUCCESS,sync_counter,sync_with_sensor2_IC1_TH0
2026-05-21T14:33:40,92.3,35.0,sensor2_serial,1,0,4,0,120,228,20.000,20.761,1985779,1985796,17,0.850000,SUCCESS,sync_sigmoid,sync_with_sensor1_matrix5
2026-05-21T14:34:03,92.3,35.0,sensor1_raspberry,5,TH0,4,0,107,227,20.000,20.762,9542678,9542795,117,5.850000,SUCCESS,sync_counter,sync_with_sensor2_IC1_TH0
2026-05-21T14:34:03,92.3,35.0,sensor2_serial,1,0,4,0,120,227,20.000,20.762,1985845,1985861,16,0.800000,SUCCESS,sync_sigmoid,sync_with_sensor1_matrix5
2026-05-21T14:34:25,92.3,35.0,sensor1_raspberry,5,TH0,4,0,107,226,20.000,20.715,9542804,9542921,117,5.850000,SUCCESS,sync_counter,sync_with_sensor2_IC1_TH0
2026-05-21T14:34:25,92.3,35.0,sensor2_serial,1,0,4,0,120,226,20.000,20.715,1985920,1985932,12,0.600000,SUCCESS,sync_sigmoid,sync_with_sensor1_matrix5
2026-05-21T14:34:48,92.3,35.0,sensor1_raspberry,5,TH0,4,0,107,225,20.000,20.740,9542928,9543042,114,5.700000,SUCCESS,sync_counter,sync_with_sensor2_IC1_TH0
2026-05-21T14:34:48,92.3,35.0,sensor2_serial,1,0,4,0,120,225,20.000,20.740,1985996,1986007,11,0.550000,SUCCESS,sync_sigmoid,sync_with_sensor1_matrix5
2026-05-21T14:35:11,92.3,35.0,sensor1_raspberry,5,TH0,4,0,107,224,20.000,20.707,9543056,9543160,104,5.200000,SUCCESS,sync_counter,sync_with_sensor2_IC1_TH0
2026-05-21T14:35:11,92.3,35.0,sensor2_serial,1,0,4,0,120,224,20.000,20.707,1986064,1986072,8,0.400000,SUCCESS,sync_sigmoid,sync_with_sensor1_matrix5
2026-05-21T14:35:34,92.3,35.0,sensor1_raspberry,5,TH0,4,0,107,223,20.000,20.754,9543165,9543276,111,5.550000,SUCCESS,sync_counter,sync_with_sensor2_IC1_TH0
2026-05-21T14:35:34,92.3,35.0,sensor2_serial,1,0,4,0,120,223,20.000,20.754,1986116,1986127,11,0.550000,SUCCESS,sync_sigmoid,sync_with_sensor1_matrix5
2026-05-21T14:35:57,92.3,35.0,sensor1_raspberry,5,TH0,4,0,107,222,20.000,20.766,9543291,9543393,102,5.100000,SUCCESS,sync_counter,sync_with_sensor2_IC1_TH0
2026-05-21T14:35:57,92.3,35.0,sensor2_serial,1,0,4,0,120,222,20.000,20.766,1986171,1986180,9,0.450000,SUCCESS,sync_sigmoid,sync_with_sensor1_matrix5
2026-05-21T14:36:20,92.3,35.0,sensor1_raspberry,5,TH0,4,0,107,221,20.000,20.742,9543406,9543518,112,5.600000,SUCCESS,sync_counter,sync_with_sensor2_IC1_TH0
2026-05-21T14:36:20,92.3,35.0,sensor2_serial,1,0,4,0,120,221,20.000,20.742,1986230,1986243,13,0.650000,SUCCESS,sync_sigmoid,sync_with_sensor1_matrix5
2026-05-21T14:36:42,92.3,35.0,sensor1_raspberry,5,TH0,4,0,107,220,20.000,20.735,9543526,9543636,110,5.500000,SUCCESS,sync_counter,sync_with_sensor2_IC1_TH0
2026-05-21T14:36:42,92.3,35.0,sensor2_serial,1,0,4,0,120,220,20.000,20.735,1986284,1986291,7,0.350000,SUCCESS,sync_sigmoid,sync_with_sensor1_matrix5
2026-05-21T14:37:05,92.3,35.0,sensor1_raspberry,5,TH0,4,0,107,219,20.000,20.718,9543647,9543743,96,4.800000,SUCCESS,sync_counter,sync_with_sensor2_IC1_TH0
2026-05-21T14:37:05,92.3,35.0,sensor2_serial,1,0,4,0,120,219,20.000,20.718,1986319,1986326,7,0.350000,SUCCESS,sync_sigmoid,sync_with_sensor1_matrix5
2026-05-21T14:37:28,92.3,35.0,sensor1_raspberry,5,TH0,4,0,107,218,20.000,20.750,9543749,9543852,103,5.150000,SUCCESS,sync_counter,sync_with_sensor2_IC1_TH0
2026-05-21T14:37:28,92.3,35.0,sensor2_serial,1,0,4,0,120,218,20.000,20.750,1986369,1986378,9,0.450000,SUCCESS,sync_sigmoid,sync_with_sensor1_matrix5
2026-05-21T14:37:51,92.3,35.0,sensor1_raspberry,5,TH0,4,0,107,217,20.000,20.795,9543862,9543994,132,6.600000,SUCCESS,sync_counter,sync_with_sensor2_IC1_TH0
2026-05-21T14:37:51,92.3,35.0,sensor2_serial,1,0,4,0,120,217,20.000,20.795,1986418,1986421,3,0.150000,SUCCESS,sync_sigmoid,sync_with_sensor1_matrix5
2026-05-21T14:38:14,92.3,35.0,sensor1_raspberry,5,TH0,4,0,107,216,20.000,20.756,9544002,9544092,90,4.500000,SUCCESS,sync_counter,sync_with_sensor2_IC1_TH0
2026-05-21T14:38:14,92.3,35.0,sensor2_serial,1,0,4,0,120,216,20.000,20.756,1986451,1986460,9,0.450000,SUCCESS,sync_sigmoid,sync_with_sensor1_matrix5
2026-05-21T14:38:37,92.3,35.0,sensor1_raspberry,5,TH0,4,0,107,215,20.000,20.707,9544108,9544207,99,4.950000,SUCCESS,sync_counter,sync_with_sensor2_IC1_TH0
2026-05-21T14:38:37,92.3,35.0,sensor2_serial,1,0,4,0,120,215,20.000,20.707,1986488,1986499,11,0.550000,SUCCESS,sync_sigmoid,sync_with_sensor1_matrix5
2026-05-21T14:39:00,92.3,35.0,sensor1_raspberry,5,TH0,4,0,107,214,20.000,20.756,9544216,9544321,105,5.250000,SUCCESS,sync_counter,sync_with_sensor2_IC1_TH0
2026-05-21T14:39:00,92.3,35.0,sensor2_serial,1,0,4,0,120,214,20.000,20.756,1986533,1986535,2,0.100000,SUCCESS,sync_sigmoid,sync_with_sensor1_matrix5
2026-05-21T14:39:22,92.3,35.0,sensor1_raspberry,5,TH0,4,0,107,213,20.000,20.747,9544329,9544409,80,4.000000,SUCCESS,sync_counter,sync_with_sensor2_IC1_TH0
2026-05-21T14:39:22,92.3,35.0,sensor2_serial,1,0,4,0,120,213,20.000,20.747,1986573,1986579,6,0.300000,SUCCESS,sync_sigmoid,sync_with_sensor1_matrix5
2026-05-21T14:39:45,92.3,35.0,sensor1_raspberry,5,TH0,4,0,107,212,20.000,20.743,9544422,9544504,82,4.100000,SUCCESS,sync_counter,sync_with_sensor2_IC1_TH0
2026-05-21T14:39:45,92.3,35.0,sensor2_serial,1,0,4,0,120,212,20.000,20.743,1986613,1986617,4,0.200000,SUCCESS,sync_sigmoid,sync_with_sensor1_matrix5
2026-05-21T14:40:08,92.3,35.0,sensor1_raspberry,5,TH0,4,0,107,211,20.000,20.731,9544513,9544605,92,4.600000,SUCCESS,sync_counter,sync_with_sensor2_IC1_TH0
2026-05-21T14:40:08,92.3,35.0,sensor2_serial,1,0,4,0,120,211,20.000,20.731,1986638,1986641,3,0.150000,SUCCESS,sync_sigmoid,sync_with_sensor1_matrix5
2026-05-21T14:40:31,92.3,35.0,sensor1_raspberry,5,TH0,4,0,107,210,20.000,20.737,9544612,9544682,70,3.500000,SUCCESS,sync_counter,sync_with_sensor2_IC1_TH0
2026-05-21T14:40:31,92.3,35.0,sensor2_serial,1,0,4,0,120,210,20.000,20.737,1986667,1986669,2,0.100000,SUCCESS,sync_sigmoid,sync_with_sensor1_matrix5
2026-05-21T14:40:54,92.3,35.0,sensor1_raspberry,5,TH0,4,0,107,209,20.000,20.753,9544689,9544775,86,4.300000,SUCCESS,sync_counter,sync_with_sensor2_IC1_TH0
2026-05-21T14:40:54,92.3,35.0,sensor2_serial,1,0,4,0,120,209,20.000,20.753,1986685,1986686,1,0.050000,SUCCESS,sync_sigmoid,sync_with_sensor1_matrix5
2026-05-21T14:41:16,92.3,35.0,sensor1_raspberry,5,TH0,4,0,107,208,20.000,20.655,9544780,9544859,79,3.950000,SUCCESS,sync_counter,sync_with_sensor2_IC1_TH0
2026-05-21T14:41:16,92.3,35.0,sensor2_serial,1,0,4,0,120,208,20.000,20.655,1986702,1986706,4,0.200000,SUCCESS,sync_sigmoid,sync_with_sensor1_matrix5
2026-05-21T14:41:39,92.3,35.0,sensor1_raspberry,5,TH0,4,0,107,207,20.000,20.741,9544868,9544942,74,3.700000,SUCCESS,sync_counter,sync_with_sensor2_IC1_TH0
2026-05-21T14:41:39,92.3,35.0,sensor2_serial,1,0,4,0,120,207,20.000,20.741,1986729,1986730,1,0.050000,SUCCESS,sync_sigmoid,sync_with_sensor1_matrix5
2026-05-21T14:42:02,92.3,35.0,sensor1_raspberry,5,TH0,4,0,107,206,20.000,20.718,9544948,9545014,66,3.300000,SUCCESS,sync_counter,sync_with_sensor2_IC1_TH0
2026-05-21T14:42:02,92.3,35.0,sensor2_serial,1,0,4,0,120,206,20.000,20.718,1986746,1986748,2,0.100000,SUCCESS,sync_sigmoid,sync_with_sensor1_matrix5
2026-05-21T14:42:25,92.3,35.0,sensor1_raspberry,5,TH0,4,0,107,205,20.000,20.752,9545021,9545088,67,3.350000,SUCCESS,sync_counter,sync_with_sensor2_IC1_TH0
2026-05-21T14:42:25,92.3,35.0,sensor2_serial,1,0,4,0,120,205,20.000,20.752,1986768,1986770,2,0.100000,SUCCESS,sync_sigmoid,sync_with_sensor1_matrix5
2026-05-21T14:42:48,92.3,35.0,sensor1_raspberry,5,TH0,4,0,107,204,20.000,20.773,9545097,9545159,62,3.100000,SUCCESS,sync_counter,sync_with_sensor2_IC1_TH0
2026-05-21T14:42:48,92.3,35.0,sensor2_serial,1,0,4,0,120,204,20.000,20.773,1986785,1986786,1,0.050000,SUCCESS,sync_sigmoid,sync_with_sensor1_matrix5
2026-05-21T14:43:11,92.3,35.0,sensor1_raspberry,5,TH0,4,0,107,203,20.000,20.763,9545166,9545215,49,2.450000,SUCCESS,sync_counter,sync_with_sensor2_IC1_TH0
2026-05-21T14:43:11,92.3,35.0,sensor2_serial,1,0,4,0,120,203,20.000,20.763,1986795,1986801,6,0.300000,SUCCESS,sync_sigmoid,sync_with_sensor1_matrix5
2026-05-21T14:43:34,92.3,35.0,sensor1_raspberry,5,TH0,4,0,107,202,20.000,20.736,9545218,9545285,67,3.350000,SUCCESS,sync_counter,sync_with_sensor2_IC1_TH0
2026-05-21T14:43:34,92.3,35.0,sensor2_serial,1,0,4,0,120,202,20.000,20.736,1986813,1986814,1,0.050000,SUCCESS,sync_sigmoid,sync_with_sensor1_matrix5
2026-05-21T14:43:56,92.3,35.0,sensor1_raspberry,5,TH0,4,0,107,201,20.000,20.729,9545288,9545344,56,2.800000,SUCCESS,sync_counter,sync_with_sensor2_IC1_TH0
2026-05-21T14:43:56,92.3,35.0,sensor2_serial,1,0,4,0,120,201,20.000,20.729,1986828,1986831,3,0.150000,SUCCESS,sync_sigmoid,sync_with_sensor1_matrix5
2026-05-21T14:44:19,92.3,35.0,sensor1_raspberry,5,TH0,4,0,107,200,20.000,20.732,9545348,9545397,49,2.450000,SUCCESS,sync_counter,sync_with_sensor2_IC1_TH0
2026-05-21T14:44:19,92.3,35.0,sensor2_serial,1,0,4,0,120,200,20.000,20.732,1986835,1986836,1,0.050000,SUCCESS,sync_sigmoid,sync_with_sensor1_matrix5
2026-05-21T14:44:42,92.3,35.0,sensor1_raspberry,5,TH0,4,0,107,199,20.000,20.802,9545402,9545442,40,2.000000,SUCCESS,sync_counter,sync_with_sensor2_IC1_TH0
2026-05-21T14:44:42,92.3,35.0,sensor2_serial,1,0,4,0,120,199,20.000,20.802,1986847,1986847,0,0.000000,SUCCESS,sync_sigmoid,sync_with_sensor1_matrix5
2026-05-21T14:45:05,92.3,35.0,sensor1_raspberry,5,TH0,4,0,107,198,20.000,20.804,9545446,9545489,43,2.150000,SUCCESS,sync_counter,sync_with_sensor2_IC1_TH0
2026-05-21T14:45:05,92.3,35.0,sensor2_serial,1,0,4,0,120,198,20.000,20.804,1986854,1986854,0,0.000000,SUCCESS,sync_sigmoid,sync_with_sensor1_matrix5
2026-05-21T14:45:28,92.3,35.0,sensor1_raspberry,5,TH0,4,0,107,255,20.000,20.722,10030658,903850,7650408,382520.400000,SUCCESS,sync_counter,sync_with_sensor2_IC1_TH1
2026-05-21T14:45:28,92.3,35.0,sensor2_serial,1,1,5,1,120,255,20.000,20.722,12892912,14614539,1721627,86081.350000,SUCCESS,sync_sigmoid,sync_with_sensor1_matrix5
2026-05-21T14:45:51,92.3,35.0,sensor1_raspberry,5,TH0,4,0,107,254,20.000,20.708,1550584,7192309,5641725,282086.250000,SUCCESS,sync_counter,sync_with_sensor2_IC1_TH1
2026-05-21T14:45:51,92.3,35.0,sensor2_serial,1,1,5,1,120,254,20.000,20.708,14777680,16479723,1702043,85102.150000,SUCCESS,sync_sigmoid,sync_with_sensor1_matrix5
2026-05-21T14:46:13,92.3,35.0,sensor1_raspberry,5,TH0,4,0,107,253,20.000,20.748,7501322,8983261,1481939,74096.950000,SUCCESS,sync_counter,sync_with_sensor2_IC1_TH1
2026-05-21T14:46:13,92.3,35.0,sensor2_serial,1,1,5,1,120,253,20.000,20.748,16641871,1619217,1754562,87728.100000,SUCCESS,sync_sigmoid,sync_with_sensor1_matrix5
2026-05-21T14:46:36,92.3,35.0,sensor1_raspberry,5,TH0,4,0,107,252,20.000,20.754,9068574,9556828,488254,24412.700000,SUCCESS,sync_counter,sync_with_sensor2_IC1_TH1
2026-05-21T14:46:36,92.3,35.0,sensor2_serial,1,1,5,1,120,252,20.000,20.754,1790635,3772163,1981528,99076.400000,SUCCESS,sync_sigmoid,sync_with_sensor1_matrix5
2026-05-21T14:46:59,92.3,35.0,sensor1_raspberry,5,TH0,4,0,107,251,20.000,20.749,9581563,9675149,93586,4679.300000,SUCCESS,sync_counter,sync_with_sensor2_IC1_TH1
2026-05-21T14:46:59,92.3,35.0,sensor2_serial,1,1,5,1,120,251,20.000,20.749,3969037,6086123,2117086,105854.300000,SUCCESS,sync_sigmoid,sync_with_sensor1_matrix5
2026-05-21T14:47:22,92.3,35.0,sensor1_raspberry,5,TH0,4,0,107,250,20.000,20.767,9680891,9707698,26807,1340.350000,SUCCESS,sync_counter,sync_with_sensor2_IC1_TH1
2026-05-21T14:47:22,92.3,35.0,sensor2_serial,1,1,5,1,120,250,20.000,20.767,6295795,8676170,2380375,119018.750000,SUCCESS,sync_sigmoid,sync_with_sensor1_matrix5
2026-05-21T14:47:45,92.3,35.0,sensor1_raspberry,5,TH0,4,0,107,249,20.000,20.786,9709035,9710974,1939,96.950000,SUCCESS,sync_counter,sync_with_sensor2_IC1_TH1
2026-05-21T14:47:45,92.3,35.0,sensor2_serial,1,1,5,1,120,249,20.000,20.786,8920882,11684074,2763192,138159.600000,SUCCESS,sync_sigmoid,sync_with_sensor1_matrix5
2026-05-21T14:48:08,92.3,35.0,sensor1_raspberry,5,TH0,4,0,107,248,20.000,20.770,9711078,9711565,487,24.350000,SUCCESS,sync_counter,sync_with_sensor2_IC1_TH1
2026-05-21T14:48:08,92.3,35.0,sensor2_serial,1,1,5,1,120,248,20.000,20.770,11974901,14925899,2950998,147549.900000,SUCCESS,sync_sigmoid,sync_with_sensor1_matrix5
2026-05-21T14:48:31,92.3,35.0,sensor1_raspberry,5,TH0,4,0,107,247,20.000,20.722,9711607,9711849,242,12.100000,SUCCESS,sync_counter,sync_with_sensor2_IC1_TH1
2026-05-21T14:48:31,92.3,35.0,sensor2_serial,1,1,5,1,120,247,20.000,20.722,15214841,1266347,2828722,141436.100000,SUCCESS,sync_sigmoid,sync_with_sensor1_matrix5
2026-05-21T14:48:53,92.3,35.0,sensor1_raspberry,5,TH0,4,0,107,246,20.000,20.767,9711866,9712031,165,8.250000,SUCCESS,sync_counter,sync_with_sensor2_IC1_TH1
2026-05-21T14:48:53,92.3,35.0,sensor2_serial,1,1,5,1,120,246,20.000,20.767,1534051,3881637,2347586,117379.300000,SUCCESS,sync_sigmoid,sync_with_sensor1_matrix5
2026-05-21T14:49:16,92.3,35.0,sensor1_raspberry,5,TH0,4,0,107,245,20.000,20.799,9712052,9712193,141,7.050000,SUCCESS,sync_counter,sync_with_sensor2_IC1_TH1
2026-05-21T14:49:16,92.3,35.0,sensor2_serial,1,1,5,1,120,245,20.000,20.799,4109707,5814300,1704593,85229.650000,SUCCESS,sync_sigmoid,sync_with_sensor1_matrix5
2026-05-21T14:49:39,92.3,35.0,sensor1_raspberry,5,TH0,4,0,107,244,20.000,20.745,9712206,9712339,133,6.650000,SUCCESS,sync_counter,sync_with_sensor2_IC1_TH1
2026-05-21T14:49:39,92.3,35.0,sensor2_serial,1,1,5,1,120,244,20.000,20.745,5982753,6880827,898074,44903.700000,SUCCESS,sync_sigmoid,sync_with_sensor1_matrix5
2026-05-21T14:50:02,92.3,35.0,sensor1_raspberry,5,TH0,4,0,107,243,20.000,20.751,9712358,9712485,127,6.350000,SUCCESS,sync_counter,sync_with_sensor2_IC1_TH1
2026-05-21T14:50:02,92.3,35.0,sensor2_serial,1,1,5,1,120,243,20.000,20.751,6975156,7647516,672360,33618.000000,SUCCESS,sync_sigmoid,sync_with_sensor1_matrix5
2026-05-21T14:50:25,92.3,35.0,sensor1_raspberry,5,TH0,4,0,107,242,20.000,20.747,9712496,9712621,125,6.250000,SUCCESS,sync_counter,sync_with_sensor2_IC1_TH1
2026-05-21T14:50:25,92.3,35.0,sensor2_serial,1,1,5,1,120,242,20.000,20.747,7720566,8133954,413388,20669.400000,SUCCESS,sync_sigmoid,sync_with_sensor1_matrix5
2026-05-21T14:50:48,92.3,35.0,sensor1_raspberry,5,TH0,4,0,107,241,20.000,20.734,9712632,9712773,141,7.050000,SUCCESS,sync_counter,sync_with_sensor2_IC1_TH1
2026-05-21T14:50:48,92.3,35.0,sensor2_serial,1,1,5,1,120,241,20.000,20.734,8169429,8340326,170897,8544.850000,SUCCESS,sync_sigmoid,sync_with_sensor1_matrix5
2026-05-21T14:51:11,92.3,35.0,sensor1_raspberry,5,TH0,4,0,107,240,20.000,20.741,9712784,9712915,131,6.550000,SUCCESS,sync_counter,sync_with_sensor2_IC1_TH1
2026-05-21T14:51:11,92.3,35.0,sensor2_serial,1,1,5,1,120,240,20.000,20.741,8355486,8422915,67429,3371.450000,SUCCESS,sync_sigmoid,sync_with_sensor1_matrix5
2026-05-21T14:51:34,92.3,35.0,sensor1_raspberry,5,TH0,4,0,107,239,20.000,20.751,9712934,9713056,122,6.100000,SUCCESS,sync_counter,sync_with_sensor2_IC1_TH1
2026-05-21T14:51:34,92.3,35.0,sensor2_serial,1,1,5,1,120,239,20.000,20.751,8428775,8474664,45889,2294.450000,SUCCESS,sync_sigmoid,sync_with_sensor1_matrix5
2026-05-21T14:51:56,92.3,35.0,sensor1_raspberry,5,TH0,4,0,107,238,20.000,20.745,9713074,9713221,147,7.350000,SUCCESS,sync_counter,sync_with_sensor2_IC1_TH1
2026-05-21T14:51:56,92.3,35.0,sensor2_serial,1,1,5,1,120,238,20.000,20.745,8478847,8494919,16072,803.600000,SUCCESS,sync_sigmoid,sync_with_sensor1_matrix5
2026-05-21T14:52:19,92.3,35.0,sensor1_raspberry,5,TH0,4,0,107,237,20.000,20.750,9713236,9713351,115,5.750000,SUCCESS,sync_counter,sync_with_sensor2_IC1_TH1
2026-05-21T14:52:19,92.3,35.0,sensor2_serial,1,1,5,1,120,237,20.000,20.750,8496472,8503317,6845,342.250000,SUCCESS,sync_sigmoid,sync_with_sensor1_matrix5
2026-05-21T14:52:42,92.3,35.0,sensor1_raspberry,5,TH0,4,0,107,236,20.000,20.726,9713377,9713486,109,5.450000,SUCCESS,sync_counter,sync_with_sensor2_IC1_TH1
2026-05-21T14:52:42,92.3,35.0,sensor2_serial,1,1,5,1,120,236,20.000,20.726,8503900,8506256,2356,117.800000,SUCCESS,sync_sigmoid,sync_with_sensor1_matrix5
2026-05-21T14:53:05,92.3,35.0,sensor1_raspberry,5,TH0,4,0,107,235,20.000,20.728,9713503,9713642,139,6.950000,SUCCESS,sync_counter,sync_with_sensor2_IC1_TH1
2026-05-21T14:53:05,92.3,35.0,sensor2_serial,1,1,5,1,120,235,20.000,20.728,8506544,8507967,1423,71.150000,SUCCESS,sync_sigmoid,sync_with_sensor1_matrix5
2026-05-21T14:53:28,92.3,35.0,sensor1_raspberry,5,TH0,4,0,107,234,20.000,20.790,9713657,9713789,132,6.600000,SUCCESS,sync_counter,sync_with_sensor2_IC1_TH1
2026-05-21T14:53:28,92.3,35.0,sensor2_serial,1,1,5,1,120,234,20.000,20.790,8508115,8508638,523,26.150000,SUCCESS,sync_sigmoid,sync_with_sensor1_matrix5
2026-05-21T14:53:51,92.3,35.0,sensor1_raspberry,5,TH0,4,0,107,233,20.000,20.774,9713803,9713915,112,5.600000,SUCCESS,sync_counter,sync_with_sensor2_IC1_TH1
2026-05-21T14:53:51,92.3,35.0,sensor2_serial,1,1,5,1,120,233,20.000,20.774,8508704,8508919,215,10.750000,SUCCESS,sync_sigmoid,sync_with_sensor1_matrix5
2026-05-21T14:54:14,92.3,35.0,sensor1_raspberry,5,TH0,4,0,107,232,20.000,20.747,9713927,9714043,116,5.800000,SUCCESS,sync_counter,sync_with_sensor2_IC1_TH1
2026-05-21T14:54:14,92.3,35.0,sensor2_serial,1,1,5,1,120,232,20.000,20.747,8508963,8509091,128,6.400000,SUCCESS,sync_sigmoid,sync_with_sensor1_matrix5
2026-05-21T14:54:36,92.3,35.0,sensor1_raspberry,5,TH0,4,0,107,231,20.000,20.744,9714052,9714172,120,6.000000,SUCCESS,sync_counter,sync_with_sensor2_IC1_TH1
2026-05-21T14:54:36,92.3,35.0,sensor2_serial,1,1,5,1,120,231,20.000,20.744,8509120,8509214,94,4.700000,SUCCESS,sync_sigmoid,sync_with_sensor1_matrix5
2026-05-21T14:54:59,92.3,35.0,sensor1_raspberry,5,TH0,4,0,107,230,20.000,20.761,9714183,9714302,119,5.950000,SUCCESS,sync_counter,sync_with_sensor2_IC1_TH1
2026-05-21T14:54:59,92.3,35.0,sensor2_serial,1,1,5,1,120,230,20.000,20.761,8509240,8509329,89,4.450000,SUCCESS,sync_sigmoid,sync_with_sensor1_matrix5
2026-05-21T14:55:22,92.3,35.0,sensor1_raspberry,5,TH0,4,0,107,229,20.000,20.720,9714313,9714423,110,5.500000,SUCCESS,sync_counter,sync_with_sensor2_IC1_TH1
2026-05-21T14:55:22,92.3,35.0,sensor2_serial,1,1,5,1,120,229,20.000,20.720,8509359,8509430,71,3.550000,SUCCESS,sync_sigmoid,sync_with_sensor1_matrix5
2026-05-21T14:55:45,92.3,35.0,sensor1_raspberry,5,TH0,4,0,107,228,20.000,20.749,9714431,9714561,130,6.500000,SUCCESS,sync_counter,sync_with_sensor2_IC1_TH1
2026-05-21T14:55:45,92.3,35.0,sensor2_serial,1,1,5,1,120,228,20.000,20.749,8509451,8509523,72,3.600000,SUCCESS,sync_sigmoid,sync_with_sensor1_matrix5
2026-05-21T14:56:08,92.3,35.0,sensor1_raspberry,5,TH0,4,0,107,227,20.000,20.730,9714576,9714687,111,5.550000,SUCCESS,sync_counter,sync_with_sensor2_IC1_TH1
2026-05-21T14:56:08,92.3,35.0,sensor2_serial,1,1,5,1,120,227,20.000,20.730,8509551,8509626,75,3.750000,SUCCESS,sync_sigmoid,sync_with_sensor1_matrix5
2026-05-21T14:56:31,92.3,35.0,sensor1_raspberry,5,TH0,4,0,107,226,20.000,20.745,9714697,9714814,117,5.850000,SUCCESS,sync_counter,sync_with_sensor2_IC1_TH1
2026-05-21T14:56:31,92.3,35.0,sensor2_serial,1,1,5,1,120,226,20.000,20.745,8509649,8509710,61,3.050000,SUCCESS,sync_sigmoid,sync_with_sensor1_matrix5
2026-05-21T14:56:54,92.3,35.0,sensor1_raspberry,5,TH0,4,0,107,225,20.000,20.704,9714830,9714933,103,5.150000,SUCCESS,sync_counter,sync_with_sensor2_IC1_TH1
2026-05-21T14:56:54,92.3,35.0,sensor2_serial,1,1,5,1,120,225,20.000,20.704,8509729,8509794,65,3.250000,SUCCESS,sync_sigmoid,sync_with_sensor1_matrix5
2026-05-21T14:57:16,92.3,35.0,sensor1_raspberry,5,TH0,4,0,107,224,20.000,20.747,9714947,9715068,121,6.050000,SUCCESS,sync_counter,sync_with_sensor2_IC1_TH1
2026-05-21T14:57:16,92.3,35.0,sensor2_serial,1,1,5,1,120,224,20.000,20.747,8509818,8509886,68,3.400000,SUCCESS,sync_sigmoid,sync_with_sensor1_matrix5
2026-05-21T14:57:39,92.3,35.0,sensor1_raspberry,5,TH0,4,0,107,223,20.000,20.750,9715078,9715200,122,6.100000,SUCCESS,sync_counter,sync_with_sensor2_IC1_TH1
2026-05-21T14:57:39,92.3,35.0,sensor2_serial,1,1,5,1,120,223,20.000,20.750,8509907,8509975,68,3.400000,SUCCESS,sync_sigmoid,sync_with_sensor1_matrix5
2026-05-21T14:58:02,92.3,35.0,sensor1_raspberry,5,TH0,4,0,107,222,20.000,20.761,9715209,9715308,99,4.950000,SUCCESS,sync_counter,sync_with_sensor2_IC1_TH1
2026-05-21T14:58:02,92.3,35.0,sensor2_serial,1,1,5,1,120,222,20.000,20.761,8509991,8510053,62,3.100000,SUCCESS,sync_sigmoid,sync_with_sensor1_matrix5
2026-05-21T14:58:25,92.3,35.0,sensor1_raspberry,5,TH0,4,0,107,221,20.000,20.726,9715322,9715426,104,5.200000,SUCCESS,sync_counter,sync_with_sensor2_IC1_TH1
2026-05-21T14:58:25,92.3,35.0,sensor2_serial,1,1,5,1,120,221,20.000,20.726,8510065,8510119,54,2.700000,SUCCESS,sync_sigmoid,sync_with_sensor1_matrix5
2026-05-21T14:58:48,92.3,35.0,sensor1_raspberry,5,TH0,4,0,107,220,20.000,20.708,9715437,9715539,102,5.100000,SUCCESS,sync_counter,sync_with_sensor2_IC1_TH1
2026-05-21T14:58:48,92.3,35.0,sensor2_serial,1,1,5,1,120,220,20.000,20.708,8510133,8510177,44,2.200000,SUCCESS,sync_sigmoid,sync_with_sensor1_matrix5
2026-05-21T14:59:11,92.3,35.0,sensor1_raspberry,5,TH0,4,0,107,219,20.000,20.748,9715551,9715671,120,6.000000,SUCCESS,sync_counter,sync_with_sensor2_IC1_TH1
2026-05-21T14:59:11,92.3,35.0,sensor2_serial,1,1,5,1,120,219,20.000,20.748,8510187,8510247,60,3.000000,SUCCESS,sync_sigmoid,sync_with_sensor1_matrix5
2026-05-21T14:59:33,92.3,35.0,sensor1_raspberry,5,TH0,4,0,107,218,20.000,20.734,9715680,9715754,74,3.700000,SUCCESS,sync_counter,sync_with_sensor2_IC1_TH1
2026-05-21T14:59:33,92.3,35.0,sensor2_serial,1,1,5,1,120,218,20.000,20.734,8510261,8510309,48,2.400000,SUCCESS,sync_sigmoid,sync_with_sensor1_matrix5
2026-05-21T14:59:56,92.3,35.0,sensor1_raspberry,5,TH0,4,0,107,217,20.000,20.731,9715761,9715844,83,4.150000,SUCCESS,sync_counter,sync_with_sensor2_IC1_TH1
2026-05-21T14:59:56,92.3,35.0,sensor2_serial,1,1,5,1,120,217,20.000,20.731,8510323,8510368,45,2.250000,SUCCESS,sync_sigmoid,sync_with_sensor1_matrix5
2026-05-21T15:00:19,92.3,35.0,sensor1_raspberry,5,TH0,4,0,107,216,20.000,20.752,9715851,9715932,81,4.050000,SUCCESS,sync_counter,sync_with_sensor2_IC1_TH1
2026-05-21T15:00:19,92.3,35.0,sensor2_serial,1,1,5,1,120,216,20.000,20.752,8510382,8510422,40,2.000000,SUCCESS,sync_sigmoid,sync_with_sensor1_matrix5
2026-05-21T15:00:42,92.3,35.0,sensor1_raspberry,5,TH0,4,0,107,215,20.000,20.701,9715943,9716034,91,4.550000,SUCCESS,sync_counter,sync_with_sensor2_IC1_TH1
2026-05-21T15:00:42,92.3,35.0,sensor2_serial,1,1,5,1,120,215,20.000,20.701,8510432,8510469,37,1.850000,SUCCESS,sync_sigmoid,sync_with_sensor1_matrix5
2026-05-21T15:01:05,92.3,35.0,sensor1_raspberry,5,TH0,4,0,107,214,20.000,20.677,9716044,9716131,87,4.350000,SUCCESS,sync_counter,sync_with_sensor2_IC1_TH1
2026-05-21T15:01:05,92.3,35.0,sensor2_serial,1,1,5,1,120,214,20.000,20.677,8510481,8510523,42,2.100000,SUCCESS,sync_sigmoid,sync_with_sensor1_matrix5
2026-05-21T15:01:27,92.3,35.0,sensor1_raspberry,5,TH0,4,0,107,213,20.000,20.745,9716143,9716246,103,5.150000,SUCCESS,sync_counter,sync_with_sensor2_IC1_TH1
2026-05-21T15:01:28,92.3,35.0,sensor2_serial,1,1,5,1,120,213,20.000,20.745,8510538,8510568,30,1.500000,SUCCESS,sync_sigmoid,sync_with_sensor1_matrix5
2026-05-21T15:01:50,92.3,35.0,sensor1_raspberry,5,TH0,4,0,107,212,20.000,20.707,9716261,9716351,90,4.500000,SUCCESS,sync_counter,sync_with_sensor2_IC1_TH1
2026-05-21T15:01:50,92.3,35.0,sensor2_serial,1,1,5,1,120,212,20.000,20.707,8510578,8510609,31,1.550000,SUCCESS,sync_sigmoid,sync_with_sensor1_matrix5
2026-05-21T15:02:13,92.3,35.0,sensor1_raspberry,5,TH0,4,0,107,211,20.000,20.747,9716357,9716441,84,4.200000,SUCCESS,sync_counter,sync_with_sensor2_IC1_TH1
2026-05-21T15:02:13,92.3,35.0,sensor2_serial,1,1,5,1,120,211,20.000,20.747,8510617,8510650,33,1.650000,SUCCESS,sync_sigmoid,sync_with_sensor1_matrix5
2026-05-21T15:02:36,92.3,35.0,sensor1_raspberry,5,TH0,4,0,107,210,20.000,20.744,9716447,9716537,90,4.500000,SUCCESS,sync_counter,sync_with_sensor2_IC1_TH1
2026-05-21T15:02:36,92.3,35.0,sensor2_serial,1,1,5,1,120,210,20.000,20.744,8510656,8510681,25,1.250000,SUCCESS,sync_sigmoid,sync_with_sensor1_matrix5
2026-05-21T15:02:59,92.3,35.0,sensor1_raspberry,5,TH0,4,0,107,209,20.000,20.782,9716544,9716617,73,3.650000,SUCCESS,sync_counter,sync_with_sensor2_IC1_TH1
2026-05-21T15:02:59,92.3,35.0,sensor2_serial,1,1,5,1,120,209,20.000,20.782,8510685,8510713,28,1.400000,SUCCESS,sync_sigmoid,sync_with_sensor1_matrix5
2026-05-21T15:03:22,92.3,35.0,sensor1_raspberry,5,TH0,4,0,107,208,20.000,20.767,9716626,9716697,71,3.550000,SUCCESS,sync_counter,sync_with_sensor2_IC1_TH1
2026-05-21T15:03:22,92.3,35.0,sensor2_serial,1,1,5,1,120,208,20.000,20.767,8510723,8510758,35,1.750000,SUCCESS,sync_sigmoid,sync_with_sensor1_matrix5
2026-05-21T15:03:45,92.3,35.0,sensor1_raspberry,5,TH0,4,0,107,207,20.000,20.740,9716702,9716772,70,3.500000,SUCCESS,sync_counter,sync_with_sensor2_IC1_TH1
2026-05-21T15:03:45,92.3,35.0,sensor2_serial,1,1,5,1,120,207,20.000,20.740,8510762,8510790,28,1.400000,SUCCESS,sync_sigmoid,sync_with_sensor1_matrix5
2026-05-21T15:04:07,92.3,35.0,sensor1_raspberry,5,TH0,4,0,107,206,20.000,20.741,9716778,9716850,72,3.600000,SUCCESS,sync_counter,sync_with_sensor2_IC1_TH1
2026-05-21T15:04:07,92.3,35.0,sensor2_serial,1,1,5,1,120,206,20.000,20.741,8510796,8510819,23,1.150000,SUCCESS,sync_sigmoid,sync_with_sensor1_matrix5
2026-05-21T15:04:30,92.3,35.0,sensor1_raspberry,5,TH0,4,0,107,205,20.000,20.750,9716857,9716925,68,3.400000,SUCCESS,sync_counter,sync_with_sensor2_IC1_TH1
2026-05-21T15:04:30,92.3,35.0,sensor2_serial,1,1,5,1,120,205,20.000,20.750,8510829,8510843,14,0.700000,SUCCESS,sync_sigmoid,sync_with_sensor1_matrix5
2026-05-21T15:04:53,92.3,35.0,sensor1_raspberry,5,TH0,4,0,107,204,20.000,20.745,9716934,9717014,80,4.000000,SUCCESS,sync_counter,sync_with_sensor2_IC1_TH1
2026-05-21T15:04:53,92.3,35.0,sensor2_serial,1,1,5,1,120,204,20.000,20.745,8510847,8510864,17,0.850000,SUCCESS,sync_sigmoid,sync_with_sensor1_matrix5
2026-05-21T15:05:16,92.3,35.0,sensor1_raspberry,5,TH0,4,0,107,203,20.000,20.732,9717019,9717080,61,3.050000,SUCCESS,sync_counter,sync_with_sensor2_IC1_TH1
2026-05-21T15:05:16,92.3,35.0,sensor2_serial,1,1,5,1,120,203,20.000,20.732,8510869,8510890,21,1.050000,SUCCESS,sync_sigmoid,sync_with_sensor1_matrix5
2026-05-21T15:05:39,92.3,35.0,sensor1_raspberry,5,TH0,4,0,107,202,20.000,20.749,9717091,9717144,53,2.650000,SUCCESS,sync_counter,sync_with_sensor2_IC1_TH1
2026-05-21T15:05:39,92.3,35.0,sensor2_serial,1,1,5,1,120,202,20.000,20.749,8510894,8510909,15,0.750000,SUCCESS,sync_sigmoid,sync_with_sensor1_matrix5
2026-05-21T15:06:02,92.3,35.0,sensor1_raspberry,5,TH0,4,0,107,201,20.000,20.770,9717149,9717186,37,1.850000,SUCCESS,sync_counter,sync_with_sensor2_IC1_TH1
2026-05-21T15:06:02,92.3,35.0,sensor2_serial,1,1,5,1,120,201,20.000,20.770,8510913,8510924,11,0.550000,SUCCESS,sync_sigmoid,sync_with_sensor1_matrix5
2026-05-21T15:06:24,92.3,35.0,sensor1_raspberry,5,TH0,4,0,107,200,20.000,20.722,9717189,9717223,34,1.700000,SUCCESS,sync_counter,sync_with_sensor2_IC1_TH1
2026-05-21T15:06:24,92.3,35.0,sensor2_serial,1,1,5,1,120,200,20.000,20.722,8510927,8510939,12,0.600000,SUCCESS,sync_sigmoid,sync_with_sensor1_matrix5
2026-05-21T15:06:47,92.3,35.0,sensor1_raspberry,5,TH0,4,0,107,199,20.000,20.737,9717232,9717281,49,2.450000,SUCCESS,sync_counter,sync_with_sensor2_IC1_TH1
2026-05-21T15:06:47,92.3,35.0,sensor2_serial,1,1,5,1,120,199,20.000,20.737,8510943,8510957,14,0.700000,SUCCESS,sync_sigmoid,sync_with_sensor1_matrix5
2026-05-21T15:07:10,92.3,35.0,sensor1_raspberry,5,TH0,4,0,107,198,20.000,20.725,9717290,9717329,39,1.950000,SUCCESS,sync_counter,sync_with_sensor2_IC1_TH1
2026-05-21T15:07:10,92.3,35.0,sensor2_serial,1,1,5,1,120,198,20.000,20.725,8510961,8510977,16,0.800000,SUCCESS,sync_sigmoid,sync_with_sensor1_matrix5
2026-05-21T15:07:33,92.3,35.0,sensor1_raspberry,5,TH0,4,0,107,197,20.000,20.748,9717333,9717380,47,2.350000,SUCCESS,sync_counter,sync_with_sensor2_IC1_TH1
2026-05-21T15:07:33,92.3,35.0,sensor2_serial,1,1,5,1,120,197,20.000,20.748,8510981,8510991,10,0.500000,SUCCESS,sync_sigmoid,sync_with_sensor1_matrix5
2026-05-21T15:07:56,92.3,35.0,sensor1_raspberry,5,TH0,4,0,107,196,20.000,20.718,9717386,9717422,36,1.800000,SUCCESS,sync_counter,sync_with_sensor2_IC1_TH1
2026-05-21T15:07:56,92.3,35.0,sensor2_serial,1,1,5,1,120,196,20.000,20.718,8510996,8511006,10,0.500000,SUCCESS,sync_sigmoid,sync_with_sensor1_matrix5
2026-05-21T15:08:19,92.3,35.0,sensor1_raspberry,5,TH0,4,0,107,195,20.000,20.777,9717424,9717454,30,1.500000,SUCCESS,sync_counter,sync_with_sensor2_IC1_TH1
2026-05-21T15:08:19,92.3,35.0,sensor2_serial,1,1,5,1,120,195,20.000,20.777,8511007,8511019,12,0.600000,SUCCESS,sync_sigmoid,sync_with_sensor1_matrix5
2026-05-21T15:08:41,92.3,35.0,sensor1_raspberry,5,TH0,4,0,107,194,20.000,20.737,9717459,9717487,28,1.400000,SUCCESS,sync_counter,sync_with_sensor2_IC1_TH1
2026-05-21T15:08:41,92.3,35.0,sensor2_serial,1,1,5,1,120,194,20.000,20.737,8511020,8511030,10,0.500000,SUCCESS,sync_sigmoid,sync_with_sensor1_matrix5
2026-05-21T15:09:04,92.3,35.0,sensor1_raspberry,5,TH0,4,0,107,193,20.000,20.665,9717491,9717525,34,1.700000,SUCCESS,sync_counter,sync_with_sensor2_IC1_TH1
2026-05-21T15:09:04,92.3,35.0,sensor2_serial,1,1,5,1,120,193,20.000,20.665,8511031,8511037,6,0.300000,SUCCESS,sync_sigmoid,sync_with_sensor1_matrix5
2026-05-21T15:09:27,92.3,35.0,sensor1_raspberry,5,TH0,4,0,107,192,20.000,20.757,9717529,9717562,33,1.650000,SUCCESS,sync_counter,sync_with_sensor2_IC1_TH1
2026-05-21T15:09:27,92.3,35.0,sensor2_serial,1,1,5,1,120,192,20.000,20.757,8511037,8511042,5,0.250000,SUCCESS,sync_sigmoid,sync_with_sensor1_matrix5
2026-05-21T15:09:50,92.3,35.0,sensor1_raspberry,5,TH0,4,0,107,191,20.000,20.704,9717565,9717596,31,1.550000,SUCCESS,sync_counter,sync_with_sensor2_IC1_TH1
2026-05-21T15:09:50,92.3,35.0,sensor2_serial,1,1,5,1,120,191,20.000,20.704,8511042,8511052,10,0.500000,SUCCESS,sync_sigmoid,sync_with_sensor1_matrix5
2026-05-21T15:10:13,92.3,35.0,sensor1_raspberry,5,TH0,4,0,107,190,20.000,20.752,9717601,9717630,29,1.450000,SUCCESS,sync_counter,sync_with_sensor2_IC1_TH1
2026-05-21T15:10:13,92.3,35.0,sensor2_serial,1,1,5,1,120,190,20.000,20.752,8511053,8511060,7,0.350000,SUCCESS,sync_sigmoid,sync_with_sensor1_matrix5
2026-05-21T15:10:35,92.3,35.0,sensor1_raspberry,5,TH0,4,0,107,189,20.000,20.730,9717635,9717656,21,1.050000,SUCCESS,sync_counter,sync_with_sensor2_IC1_TH1
2026-05-21T15:10:35,92.3,35.0,sensor2_serial,1,1,5,1,120,189,20.000,20.730,8511061,8511069,8,0.400000,SUCCESS,sync_sigmoid,sync_with_sensor1_matrix5
2026-05-21T15:10:58,92.3,35.0,sensor1_raspberry,5,TH0,4,0,107,188,20.000,20.739,9717658,9717681,23,1.150000,SUCCESS,sync_counter,sync_with_sensor2_IC1_TH1
2026-05-21T15:10:58,92.3,35.0,sensor2_serial,1,1,5,1,120,188,20.000,20.739,8511070,8511077,7,0.350000,SUCCESS,sync_sigmoid,sync_with_sensor1_matrix5
2026-05-21T15:11:21,92.3,35.0,sensor1_raspberry,5,TH0,4,0,107,187,20.000,20.691,9717683,9717706,23,1.150000,SUCCESS,sync_counter,sync_with_sensor2_IC1_TH1
2026-05-21T15:11:21,92.3,35.0,sensor2_serial,1,1,5,1,120,187,20.000,20.691,8511079,8511084,5,0.250000,SUCCESS,sync_sigmoid,sync_with_sensor1_matrix5
2026-05-21T15:11:44,92.3,35.0,sensor1_raspberry,5,TH0,4,0,107,186,20.000,20.750,9717710,9717747,37,1.850000,SUCCESS,sync_counter,sync_with_sensor2_IC1_TH1
2026-05-21T15:11:44,92.3,35.0,sensor2_serial,1,1,5,1,120,186,20.000,20.750,8511085,8511091,6,0.300000,SUCCESS,sync_sigmoid,sync_with_sensor1_matrix5
2026-05-21T15:12:07,92.3,35.0,sensor1_raspberry,5,TH0,4,0,107,185,20.000,20.750,9717750,9717767,17,0.850000,SUCCESS,sync_counter,sync_with_sensor2_IC1_TH1
2026-05-21T15:12:07,92.3,35.0,sensor2_serial,1,1,5,1,120,185,20.000,20.750,8511092,8511102,10,0.500000,SUCCESS,sync_sigmoid,sync_with_sensor1_matrix5
2026-05-21T15:12:30,92.3,35.0,sensor1_raspberry,5,TH0,4,0,107,184,20.000,20.726,9717768,9717783,15,0.750000,SUCCESS,sync_counter,sync_with_sensor2_IC1_TH1
2026-05-21T15:12:30,92.3,35.0,sensor2_serial,1,1,5,1,120,184,20.000,20.726,8511103,8511105,2,0.100000,SUCCESS,sync_sigmoid,sync_with_sensor1_matrix5
2026-05-21T15:12:52,92.3,35.0,sensor1_raspberry,5,TH0,4,0,107,183,20.000,20.683,9717787,9717806,19,0.950000,SUCCESS,sync_counter,sync_with_sensor2_IC1_TH1
2026-05-21T15:12:52,92.3,35.0,sensor2_serial,1,1,5,1,120,183,20.000,20.683,8511105,8511109,4,0.200000,SUCCESS,sync_sigmoid,sync_with_sensor1_matrix5
2026-05-21T15:13:15,92.3,35.0,sensor1_raspberry,5,TH0,4,0,107,182,20.000,20.784,9717808,9717828,20,1.000000,SUCCESS,sync_counter,sync_with_sensor2_IC1_TH1
2026-05-21T15:13:15,92.3,35.0,sensor2_serial,1,1,5,1,120,182,20.000,20.784,8511109,8511115,6,0.300000,SUCCESS,sync_sigmoid,sync_with_sensor1_matrix5
2026-05-21T15:13:38,92.3,35.0,sensor1_raspberry,5,TH0,4,0,107,181,20.000,20.769,9717831,9717836,5,0.250000,SUCCESS,sync_counter,sync_with_sensor2_IC1_TH1
2026-05-21T15:13:38,92.3,35.0,sensor2_serial,1,1,5,1,120,181,20.000,20.769,8511117,8511122,5,0.250000,SUCCESS,sync_sigmoid,sync_with_sensor1_matrix5
2026-05-21T15:14:01,92.3,35.0,sensor1_raspberry,5,TH0,4,0,107,180,20.000,20.730,9717837,9717851,14,0.700000,SUCCESS,sync_counter,sync_with_sensor2_IC1_TH1
2026-05-21T15:14:01,92.3,35.0,sensor2_serial,1,1,5,1,120,180,20.000,20.730,8511124,8511126,2,0.100000,SUCCESS,sync_sigmoid,sync_with_sensor1_matrix5
2026-05-21T15:14:24,92.3,35.0,sensor1_raspberry,5,TH0,4,0,107,179,20.000,20.750,9717852,9717864,12,0.600000,SUCCESS,sync_counter,sync_with_sensor2_IC1_TH1
2026-05-21T15:14:24,92.3,35.0,sensor2_serial,1,1,5,1,120,179,20.000,20.750,8511126,8511128,2,0.100000,SUCCESS,sync_sigmoid,sync_with_sensor1_matrix5
2026-05-21T15:14:47,92.3,35.0,sensor1_raspberry,5,TH0,4,0,107,178,20.000,20.764,9717865,9717877,12,0.600000,SUCCESS,sync_counter,sync_with_sensor2_IC1_TH1
2026-05-21T15:14:47,92.3,35.0,sensor2_serial,1,1,5,1,120,178,20.000,20.764,8511129,8511130,1,0.050000,SUCCESS,sync_sigmoid,sync_with_sensor1_matrix5
2026-05-21T15:15:10,92.3,35.0,sensor1_raspberry,5,TH0,4,0,107,177,20.000,20.765,9717879,9717885,6,0.300000,SUCCESS,sync_counter,sync_with_sensor2_IC1_TH1
2026-05-21T15:15:10,92.3,35.0,sensor2_serial,1,1,5,1,120,177,20.000,20.765,8511131,8511135,4,0.200000,SUCCESS,sync_sigmoid,sync_with_sensor1_matrix5
2026-05-21T15:15:32,92.3,35.0,sensor1_raspberry,5,TH0,4,0,107,176,20.000,20.703,9717888,9717894,6,0.300000,SUCCESS,sync_counter,sync_with_sensor2_IC1_TH1
2026-05-21T15:15:32,92.3,35.0,sensor2_serial,1,1,5,1,120,176,20.000,20.703,8511135,8511137,2,0.100000,SUCCESS,sync_sigmoid,sync_with_sensor1_matrix5
2026-05-21T15:15:55,92.3,35.0,sensor1_raspberry,5,TH0,4,0,107,175,20.000,20.734,9717894,9717898,4,0.200000,SUCCESS,sync_counter,sync_with_sensor2_IC1_TH1
2026-05-21T15:15:55,92.3,35.0,sensor2_serial,1,1,5,1,120,175,20.000,20.734,8511140,8511142,2,0.100000,SUCCESS,sync_sigmoid,sync_with_sensor1_matrix5
2026-05-21T15:16:18,92.3,35.0,sensor1_raspberry,5,TH0,4,0,107,174,20.000,20.727,9717898,9717902,4,0.200000,SUCCESS,sync_counter,sync_with_sensor2_IC1_TH1
2026-05-21T15:16:18,92.3,35.0,sensor2_serial,1,1,5,1,120,174,20.000,20.727,8511142,8511144,2,0.100000,SUCCESS,sync_sigmoid,sync_with_sensor1_matrix5
2026-05-21T15:16:41,92.3,35.0,sensor1_raspberry,5,TH0,4,0,107,173,20.000,20.699,9717903,9717908,5,0.250000,SUCCESS,sync_counter,sync_with_sensor2_IC1_TH1
2026-05-21T15:16:41,92.3,35.0,sensor2_serial,1,1,5,1,120,173,20.000,20.699,8511144,8511144,0,0.000000,SUCCESS,sync_sigmoid,sync_with_sensor1_matrix5
2026-05-21T15:17:04,92.3,35.0,sensor1_raspberry,5,TH0,4,0,107,172,20.000,20.779,9717908,9717912,4,0.200000,SUCCESS,sync_counter,sync_with_sensor2_IC1_TH1
2026-05-21T15:17:04,92.3,35.0,sensor2_serial,1,1,5,1,120,172,20.000,20.779,8511144,8511146,2,0.100000,SUCCESS,sync_sigmoid,sync_with_sensor1_matrix5
2026-05-21T15:17:27,92.3,35.0,sensor1_raspberry,5,TH0,4,0,107,171,20.000,20.779,9717913,9717916,3,0.150000,SUCCESS,sync_counter,sync_with_sensor2_IC1_TH1
2026-05-21T15:17:27,92.3,35.0,sensor2_serial,1,1,5,1,120,171,20.000,20.779,8511146,8511150,4,0.200000,SUCCESS,sync_sigmoid,sync_with_sensor1_matrix5
2026-05-21T15:17:49,92.3,35.0,sensor1_raspberry,5,TH0,4,0,107,170,20.000,20.764,9717916,9717917,1,0.050000,SUCCESS,sync_counter,sync_with_sensor2_IC1_TH1
2026-05-21T15:17:49,92.3,35.0,sensor2_serial,1,1,5,1,120,170,20.000,20.764,8511151,8511152,1,0.050000,SUCCESS,sync_sigmoid,sync_with_sensor1_matrix5
2026-05-21T15:18:12,92.3,35.0,sensor1_raspberry,5,TH0,4,0,107,255,20.000,20.762,10171320,806547,7412443,370622.150000,SUCCESS,sync_counter,sync_with_sensor2_IC1_TH2
2026-05-21T15:18:12,92.3,35.0,sensor2_serial,1,2,6,2,120,255,20.000,20.762,14798742,16560232,1761490,88074.500000,SUCCESS,sync_sigmoid,sync_with_sensor1_matrix5
2026-05-21T15:18:35,92.3,35.0,sensor1_raspberry,5,TH0,4,0,107,254,20.000,20.726,1420632,6945107,5524475,276223.750000,SUCCESS,sync_counter,sync_with_sensor2_IC1_TH2
2026-05-21T15:18:35,92.3,35.0,sensor2_serial,1,2,6,2,120,254,20.000,20.726,16728673,1724698,1773241,88662.050000,SUCCESS,sync_sigmoid,sync_with_sensor1_matrix5
2026-05-21T15:18:58,92.3,35.0,sensor1_raspberry,5,TH0,4,0,107,253,20.000,20.745,7238398,8661096,1422698,71134.900000,SUCCESS,sync_counter,sync_with_sensor2_IC1_TH2
2026-05-21T15:18:58,92.3,35.0,sensor2_serial,1,2,6,2,120,253,20.000,20.745,1898426,3758576,1860150,93007.500000,SUCCESS,sync_sigmoid,sync_with_sensor1_matrix5
2026-05-21T15:19:21,92.3,35.0,sensor1_raspberry,5,TH0,4,0,107,252,20.000,20.714,8745420,9259718,514298,25714.900000,SUCCESS,sync_counter,sync_with_sensor2_IC1_TH2
2026-05-21T15:19:21,92.3,35.0,sensor2_serial,1,2,6,2,120,252,20.000,20.714,3933414,5769518,1836104,91805.200000,SUCCESS,sync_sigmoid,sync_with_sensor1_matrix5
2026-05-21T15:19:44,92.3,35.0,sensor1_raspberry,5,TH0,4,0,107,251,20.000,20.732,9288336,9380126,91790,4589.500000,SUCCESS,sync_counter,sync_with_sensor2_IC1_TH2
2026-05-21T15:19:44,92.3,35.0,sensor2_serial,1,2,6,2,120,251,20.000,20.732,5948249,7819318,1871069,93553.450000,SUCCESS,sync_sigmoid,sync_with_sensor1_matrix5
2026-05-21T15:20:06,92.3,35.0,sensor1_raspberry,5,TH0,4,0,107,250,20.000,20.741,9385484,9410881,25397,1269.850000,SUCCESS,sync_counter,sync_with_sensor2_IC1_TH2
2026-05-21T15:20:06,92.3,35.0,sensor2_serial,1,2,6,2,120,250,20.000,20.741,8008351,10149114,2140763,107038.150000,SUCCESS,sync_sigmoid,sync_with_sensor1_matrix5
2026-05-21T15:20:29,92.3,35.0,sensor1_raspberry,5,TH0,4,0,107,249,20.000,20.736,9412059,9414003,1944,97.200000,SUCCESS,sync_counter,sync_with_sensor2_IC1_TH2
2026-05-21T15:20:29,92.3,35.0,sensor2_serial,1,2,6,2,120,249,20.000,20.736,10349708,12666965,2317257,115862.850000,SUCCESS,sync_sigmoid,sync_with_sensor1_matrix5
2026-05-21T15:20:52,92.3,35.0,sensor1_raspberry,5,TH0,4,0,107,248,20.000,20.781,9414130,9414763,633,31.650000,SUCCESS,sync_counter,sync_with_sensor2_IC1_TH2
2026-05-21T15:20:52,92.3,35.0,sensor2_serial,1,2,6,2,120,248,20.000,20.781,12910042,15700167,2790125,139506.250000,SUCCESS,sync_sigmoid,sync_with_sensor1_matrix5
2026-05-21T15:21:15,92.3,35.0,sensor1_raspberry,5,TH0,4,0,107,247,20.000,20.733,9414799,9415037,238,11.900000,SUCCESS,sync_counter,sync_with_sensor2_IC1_TH2
2026-05-21T15:21:15,92.3,35.0,sensor2_serial,1,2,6,2,120,247,20.000,20.733,15972208,2219421,3024429,151221.450000,SUCCESS,sync_sigmoid,sync_with_sensor1_matrix5
2026-05-21T15:21:38,92.3,35.0,sensor1_raspberry,5,TH0,4,0,107,246,20.000,20.765,9415058,9415220,162,8.100000,SUCCESS,sync_counter,sync_with_sensor2_IC1_TH2
2026-05-21T15:21:38,92.3,35.0,sensor2_serial,1,2,6,2,120,246,20.000,20.765,2511476,5276907,2765431,138271.550000,SUCCESS,sync_sigmoid,sync_with_sensor1_matrix5
2026-05-21T15:22:01,92.3,35.0,sensor1_raspberry,5,TH0,4,0,107,245,20.000,20.759,9415239,9415357,118,5.900000,SUCCESS,sync_counter,sync_with_sensor2_IC1_TH2
2026-05-21T15:22:01,92.3,35.0,sensor2_serial,1,2,6,2,120,245,20.000,20.759,5528995,7788452,2259457,112972.850000,SUCCESS,sync_sigmoid,sync_with_sensor1_matrix5
2026-05-21T15:22:23,92.3,35.0,sensor1_raspberry,5,TH0,4,0,107,244,20.000,20.694,9415369,9415493,124,6.200000,SUCCESS,sync_counter,sync_with_sensor2_IC1_TH2
2026-05-21T15:22:23,92.3,35.0,sensor2_serial,1,2,6,2,120,244,20.000,20.694,8013050,9770429,1757379,87868.950000,SUCCESS,sync_sigmoid,sync_with_sensor1_matrix5
2026-05-21T15:22:46,92.3,35.0,sensor1_raspberry,5,TH0,4,0,107,243,20.000,20.706,9415501,9415623,122,6.100000,SUCCESS,sync_counter,sync_with_sensor2_IC1_TH2
2026-05-21T15:22:46,92.3,35.0,sensor2_serial,1,2,6,2,120,243,20.000,20.706,9932201,11236864,1304663,65233.150000,SUCCESS,sync_sigmoid,sync_with_sensor1_matrix5
2026-05-21T15:23:09,92.3,35.0,sensor1_raspberry,5,TH0,4,0,107,242,20.000,20.735,9415639,9415767,128,6.400000,SUCCESS,sync_counter,sync_with_sensor2_IC1_TH2
2026-05-21T15:23:09,92.3,35.0,sensor2_serial,1,2,6,2,120,242,20.000,20.735,11343797,12074119,730322,36516.100000,SUCCESS,sync_sigmoid,sync_with_sensor1_matrix5
2026-05-21T15:23:32,92.3,35.0,sensor1_raspberry,5,TH0,4,0,107,241,20.000,20.731,9415784,9415913,129,6.450000,SUCCESS,sync_counter,sync_with_sensor2_IC1_TH2
2026-05-21T15:23:32,92.3,35.0,sensor2_serial,1,2,6,2,120,241,20.000,20.731,12141444,12530268,388824,19441.200000,SUCCESS,sync_sigmoid,sync_with_sensor1_matrix5
2026-05-21T15:23:55,92.3,35.0,sensor1_raspberry,5,TH0,4,0,107,240,20.000,20.765,9415925,9416057,132,6.600000,SUCCESS,sync_counter,sync_with_sensor2_IC1_TH2
2026-05-21T15:23:55,92.3,35.0,sensor2_serial,1,2,6,2,120,240,20.000,20.765,12561977,12737641,175664,8783.200000,SUCCESS,sync_sigmoid,sync_with_sensor1_matrix5
2026-05-21T15:24:18,92.3,35.0,sensor1_raspberry,5,TH0,4,0,107,239,20.000,20.683,9416064,9416192,128,6.400000,SUCCESS,sync_counter,sync_with_sensor2_IC1_TH2
2026-05-21T15:24:18,92.3,35.0,sensor2_serial,1,2,6,2,120,239,20.000,20.683,12753944,12859776,105832,5291.600000,SUCCESS,sync_sigmoid,sync_with_sensor1_matrix5
2026-05-21T15:24:40,92.3,35.0,sensor1_raspberry,5,TH0,4,0,107,238,20.000,20.754,9416202,9416330,128,6.400000,SUCCESS,sync_counter,sync_with_sensor2_IC1_TH2
2026-05-21T15:24:40,92.3,35.0,sensor2_serial,1,2,6,2,120,238,20.000,20.754,12870065,12917116,47051,2352.550000,SUCCESS,sync_sigmoid,sync_with_sensor1_matrix5
2026-05-21T15:25:03,92.3,35.0,sensor1_raspberry,5,TH0,4,0,107,237,20.000,20.753,9416345,9416467,122,6.100000,SUCCESS,sync_counter,sync_with_sensor2_IC1_TH2
2026-05-21T15:25:03,92.3,35.0,sensor2_serial,1,2,6,2,120,237,20.000,20.753,12921150,12941048,19898,994.900000,SUCCESS,sync_sigmoid,sync_with_sensor1_matrix5
2026-05-21T15:25:26,92.3,35.0,sensor1_raspberry,5,TH0,4,0,107,236,20.000,20.745,9416487,9416619,132,6.600000,SUCCESS,sync_counter,sync_with_sensor2_IC1_TH2
2026-05-21T15:25:26,92.3,35.0,sensor2_serial,1,2,6,2,120,236,20.000,20.745,12942825,12949759,6934,346.700000,SUCCESS,sync_sigmoid,sync_with_sensor1_matrix5
2026-05-21T15:25:49,92.3,35.0,sensor1_raspberry,5,TH0,4,0,107,235,20.000,20.749,9416629,9416773,144,7.200000,SUCCESS,sync_counter,sync_with_sensor2_IC1_TH2
2026-05-21T15:25:49,92.3,35.0,sensor2_serial,1,2,6,2,120,235,20.000,20.749,12950351,12953446,3095,154.750000,SUCCESS,sync_sigmoid,sync_with_sensor1_matrix5
2026-05-21T15:26:12,92.3,35.0,sensor1_raspberry,5,TH0,4,0,107,234,20.000,20.741,9416780,9416883,103,5.150000,SUCCESS,sync_counter,sync_with_sensor2_IC1_TH2
2026-05-21T15:26:12,92.3,35.0,sensor2_serial,1,2,6,2,120,234,20.000,20.741,12953781,12955103,1322,66.100000,SUCCESS,sync_sigmoid,sync_with_sensor1_matrix5
2026-05-21T15:26:35,92.3,35.0,sensor1_raspberry,5,TH0,4,0,107,233,20.000,20.753,9416897,9417021,124,6.200000,SUCCESS,sync_counter,sync_with_sensor2_IC1_TH2
2026-05-21T15:26:35,92.3,35.0,sensor2_serial,1,2,6,2,120,233,20.000,20.753,12955246,12956148,902,45.100000,SUCCESS,sync_sigmoid,sync_with_sensor1_matrix5
2026-05-21T15:26:58,92.3,35.0,sensor1_raspberry,5,TH0,4,0,107,232,20.000,20.739,9417028,9417153,125,6.250000,SUCCESS,sync_counter,sync_with_sensor2_IC1_TH2
2026-05-21T15:26:58,92.3,35.0,sensor2_serial,1,2,6,2,120,232,20.000,20.739,12956262,12956517,255,12.750000,SUCCESS,sync_sigmoid,sync_with_sensor1_matrix5
2026-05-21T15:27:20,92.3,35.0,sensor1_raspberry,5,TH0,4,0,107,231,20.000,20.763,9417161,9417274,113,5.650000,SUCCESS,sync_counter,sync_with_sensor2_IC1_TH2
2026-05-21T15:27:20,92.3,35.0,sensor2_serial,1,2,6,2,120,231,20.000,20.763,12956564,12956665,101,5.050000,SUCCESS,sync_sigmoid,sync_with_sensor1_matrix5
2026-05-21T15:27:43,92.3,35.0,sensor1_raspberry,5,TH0,4,0,107,230,20.000,20.746,9417284,9417418,134,6.700000,SUCCESS,sync_counter,sync_with_sensor2_IC1_TH2
2026-05-21T15:27:43,92.3,35.0,sensor2_serial,1,2,6,2,120,230,20.000,20.746,12956686,12956766,80,4.000000,SUCCESS,sync_sigmoid,sync_with_sensor1_matrix5
2026-05-21T15:28:06,92.3,35.0,sensor1_raspberry,5,TH0,4,0,107,229,20.000,20.801,9417429,9417544,115,5.750000,SUCCESS,sync_counter,sync_with_sensor2_IC1_TH2
2026-05-21T15:28:06,92.3,35.0,sensor2_serial,1,2,6,2,120,229,20.000,20.801,12956793,12956872,79,3.950000,SUCCESS,sync_sigmoid,sync_with_sensor1_matrix5
2026-05-21T15:28:29,92.3,35.0,sensor1_raspberry,5,TH0,4,0,107,228,20.000,20.803,9417560,9417684,124,6.200000,SUCCESS,sync_counter,sync_with_sensor2_IC1_TH2
2026-05-21T15:28:29,92.3,35.0,sensor2_serial,1,2,6,2,120,228,20.000,20.803,12956899,12956980,81,4.050000,SUCCESS,sync_sigmoid,sync_with_sensor1_matrix5
2026-05-21T15:28:52,92.3,35.0,sensor1_raspberry,5,TH0,4,0,107,227,20.000,20.799,9417697,9417802,105,5.250000,SUCCESS,sync_counter,sync_with_sensor2_IC1_TH2
2026-05-21T15:28:52,92.3,35.0,sensor2_serial,1,2,6,2,120,227,20.000,20.799,12957006,12957093,87,4.350000,SUCCESS,sync_sigmoid,sync_with_sensor1_matrix5
2026-05-21T15:29:15,92.3,35.0,sensor1_raspberry,5,TH0,4,0,107,226,20.000,20.738,9417815,9417938,123,6.150000,SUCCESS,sync_counter,sync_with_sensor2_IC1_TH2
2026-05-21T15:29:15,92.3,35.0,sensor2_serial,1,2,6,2,120,226,20.000,20.738,12957115,12957187,72,3.600000,SUCCESS,sync_sigmoid,sync_with_sensor1_matrix5
2026-05-21T15:29:38,92.3,35.0,sensor1_raspberry,5,TH0,4,0,107,225,20.000,20.758,9417950,9418073,123,6.150000,SUCCESS,sync_counter,sync_with_sensor2_IC1_TH2
2026-05-21T15:29:38,92.3,35.0,sensor2_serial,1,2,6,2,120,225,20.000,20.758,12957206,12957284,78,3.900000,SUCCESS,sync_sigmoid,sync_with_sensor1_matrix5
2026-05-21T15:30:01,92.3,35.0,sensor1_raspberry,5,TH0,4,0,107,224,20.000,20.722,9418089,9418203,114,5.700000,SUCCESS,sync_counter,sync_with_sensor2_IC1_TH2
2026-05-21T15:30:01,92.3,35.0,sensor2_serial,1,2,6,2,120,224,20.000,20.722,12957302,12957379,77,3.850000,SUCCESS,sync_sigmoid,sync_with_sensor1_matrix5
2026-05-21T15:30:23,92.3,35.0,sensor1_raspberry,5,TH0,4,0,107,223,20.000,20.742,9418220,9418332,112,5.600000,SUCCESS,sync_counter,sync_with_sensor2_IC1_TH2
2026-05-21T15:30:23,92.3,35.0,sensor2_serial,1,2,6,2,120,223,20.000,20.742,12957401,12957458,57,2.850000,SUCCESS,sync_sigmoid,sync_with_sensor1_matrix5
2026-05-21T15:30:46,92.3,35.0,sensor1_raspberry,5,TH0,4,0,107,222,20.000,20.767,9418337,9418441,104,5.200000,SUCCESS,sync_counter,sync_with_sensor2_IC1_TH2
2026-05-21T15:30:46,92.3,35.0,sensor2_serial,1,2,6,2,120,222,20.000,20.767,12957475,12957533,58,2.900000,SUCCESS,sync_sigmoid,sync_with_sensor1_matrix5
2026-05-21T15:31:09,92.3,35.0,sensor1_raspberry,5,TH0,4,0,107,221,20.000,20.762,9418462,9418567,105,5.250000,SUCCESS,sync_counter,sync_with_sensor2_IC1_TH2
2026-05-21T15:31:09,92.3,35.0,sensor2_serial,1,2,6,2,120,221,20.000,20.762,12957546,12957588,42,2.100000,SUCCESS,sync_sigmoid,sync_with_sensor1_matrix5
2026-05-21T15:31:32,92.3,35.0,sensor1_raspberry,5,TH0,4,0,107,220,20.000,20.747,9418576,9418702,126,6.300000,SUCCESS,sync_counter,sync_with_sensor2_IC1_TH2
2026-05-21T15:31:32,92.3,35.0,sensor2_serial,1,2,6,2,120,220,20.000,20.747,12957605,12957654,49,2.450000,SUCCESS,sync_sigmoid,sync_with_sensor1_matrix5
2026-05-21T15:31:55,92.3,35.0,sensor1_raspberry,5,TH0,4,0,107,219,20.000,20.793,9418713,9418816,103,5.150000,SUCCESS,sync_counter,sync_with_sensor2_IC1_TH2
2026-05-21T15:31:55,92.3,35.0,sensor2_serial,1,2,6,2,120,219,20.000,20.793,12957661,12957720,59,2.950000,SUCCESS,sync_sigmoid,sync_with_sensor1_matrix5
2026-05-21T15:32:18,92.3,35.0,sensor1_raspberry,5,TH0,4,0,107,218,20.000,20.741,9418822,9418927,105,5.250000,SUCCESS,sync_counter,sync_with_sensor2_IC1_TH2
2026-05-21T15:32:18,92.3,35.0,sensor2_serial,1,2,6,2,120,218,20.000,20.741,12957727,12957777,50,2.500000,SUCCESS,sync_sigmoid,sync_with_sensor1_matrix5
2026-05-21T15:32:41,92.3,35.0,sensor1_raspberry,5,TH0,4,0,107,217,20.000,20.783,9418934,9419020,86,4.300000,SUCCESS,sync_counter,sync_with_sensor2_IC1_TH2
2026-05-21T15:32:41,92.3,35.0,sensor2_serial,1,2,6,2,120,217,20.000,20.783,12957791,12957836,45,2.250000,SUCCESS,sync_sigmoid,sync_with_sensor1_matrix5
2026-05-21T15:33:03,92.3,35.0,sensor1_raspberry,5,TH0,4,0,107,216,20.000,20.741,9419032,9419120,88,4.400000,SUCCESS,sync_counter,sync_with_sensor2_IC1_TH2
2026-05-21T15:33:03,92.3,35.0,sensor2_serial,1,2,6,2,120,216,20.000,20.741,12957849,12957892,43,2.150000,SUCCESS,sync_sigmoid,sync_with_sensor1_matrix5
2026-05-21T15:33:26,92.3,35.0,sensor1_raspberry,5,TH0,4,0,107,215,20.000,20.754,9419128,9419231,103,5.150000,SUCCESS,sync_counter,sync_with_sensor2_IC1_TH2
2026-05-21T15:33:26,92.3,35.0,sensor2_serial,1,2,6,2,120,215,20.000,20.754,12957904,12957944,40,2.000000,SUCCESS,sync_sigmoid,sync_with_sensor1_matrix5
2026-05-21T15:33:49,92.3,35.0,sensor1_raspberry,5,TH0,4,0,107,214,20.000,20.760,9419239,9419335,96,4.800000,SUCCESS,sync_counter,sync_with_sensor2_IC1_TH2
2026-05-21T15:33:49,92.3,35.0,sensor2_serial,1,2,6,2,120,214,20.000,20.760,12957953,12957982,29,1.450000,SUCCESS,sync_sigmoid,sync_with_sensor1_matrix5
2026-05-21T15:34:12,92.3,35.0,sensor1_raspberry,5,TH0,4,0,107,213,20.000,20.710,9419344,9419433,89,4.450000,SUCCESS,sync_counter,sync_with_sensor2_IC1_TH2
2026-05-21T15:34:12,92.3,35.0,sensor2_serial,1,2,6,2,120,213,20.000,20.710,12957987,12958026,39,1.950000,SUCCESS,sync_sigmoid,sync_with_sensor1_matrix5
2026-05-21T15:34:35,92.3,35.0,sensor1_raspberry,5,TH0,4,0,107,212,20.000,20.710,9419438,9419528,90,4.500000,SUCCESS,sync_counter,sync_with_sensor2_IC1_TH2
2026-05-21T15:34:35,92.3,35.0,sensor2_serial,1,2,6,2,120,212,20.000,20.710,12958034,12958063,29,1.450000,SUCCESS,sync_sigmoid,sync_with_sensor1_matrix5
2026-05-21T15:34:58,92.3,35.0,sensor1_raspberry,5,TH0,4,0,107,211,20.000,20.740,9419533,9419608,75,3.750000,SUCCESS,sync_counter,sync_with_sensor2_IC1_TH2
2026-05-21T15:34:58,92.3,35.0,sensor2_serial,1,2,6,2,120,211,20.000,20.740,12958071,12958105,34,1.700000,SUCCESS,sync_sigmoid,sync_with_sensor1_matrix5
2026-05-21T15:35:20,92.3,35.0,sensor1_raspberry,5,TH0,4,0,107,210,20.000,20.759,9419625,9419701,76,3.800000,SUCCESS,sync_counter,sync_with_sensor2_IC1_TH2
2026-05-21T15:35:20,92.3,35.0,sensor2_serial,1,2,6,2,120,210,20.000,20.759,12958111,12958138,27,1.350000,SUCCESS,sync_sigmoid,sync_with_sensor1_matrix5
2026-05-21T15:35:43,92.3,35.0,sensor1_raspberry,5,TH0,4,0,107,209,20.000,20.765,9419709,9419777,68,3.400000,SUCCESS,sync_counter,sync_with_sensor2_IC1_TH2
2026-05-21T15:35:43,92.3,35.0,sensor2_serial,1,2,6,2,120,209,20.000,20.765,12958149,12958170,21,1.050000,SUCCESS,sync_sigmoid,sync_with_sensor1_matrix5
2026-05-21T15:36:06,92.3,35.0,sensor1_raspberry,5,TH0,4,0,107,208,20.000,20.767,9419780,9419853,73,3.650000,SUCCESS,sync_counter,sync_with_sensor2_IC1_TH2
2026-05-21T15:36:06,92.3,35.0,sensor2_serial,1,2,6,2,120,208,20.000,20.767,12958178,12958197,19,0.950000,SUCCESS,sync_sigmoid,sync_with_sensor1_matrix5
2026-05-21T15:36:29,92.3,35.0,sensor1_raspberry,5,TH0,4,0,107,207,20.000,20.770,9419861,9419930,69,3.450000,SUCCESS,sync_counter,sync_with_sensor2_IC1_TH2
2026-05-21T15:36:29,92.3,35.0,sensor2_serial,1,2,6,2,120,207,20.000,20.770,12958202,12958225,23,1.150000,SUCCESS,sync_sigmoid,sync_with_sensor1_matrix5
2026-05-21T15:36:52,92.3,35.0,sensor1_raspberry,5,TH0,4,0,107,206,20.000,20.669,9419940,9420014,74,3.700000,SUCCESS,sync_counter,sync_with_sensor2_IC1_TH2
2026-05-21T15:36:52,92.3,35.0,sensor2_serial,1,2,6,2,120,206,20.000,20.669,12958229,12958255,26,1.300000,SUCCESS,sync_sigmoid,sync_with_sensor1_matrix5
2026-05-21T15:37:15,92.3,35.0,sensor1_raspberry,5,TH0,4,0,107,205,20.000,20.751,9420023,9420093,70,3.500000,SUCCESS,sync_counter,sync_with_sensor2_IC1_TH2
2026-05-21T15:37:15,92.3,35.0,sensor2_serial,1,2,6,2,120,205,20.000,20.751,12958260,12958284,24,1.200000,SUCCESS,sync_sigmoid,sync_with_sensor1_matrix5
2026-05-21T15:37:37,92.3,35.0,sensor1_raspberry,5,TH0,4,0,107,204,20.000,20.735,9420096,9420152,56,2.800000,SUCCESS,sync_counter,sync_with_sensor2_IC1_TH2
2026-05-21T15:37:37,92.3,35.0,sensor2_serial,1,2,6,2,120,204,20.000,20.735,12958288,12958310,22,1.100000,SUCCESS,sync_sigmoid,sync_with_sensor1_matrix5
2026-05-21T15:38:00,92.3,35.0,sensor1_raspberry,5,TH0,4,0,107,203,20.000,20.706,9420158,9420216,58,2.900000,SUCCESS,sync_counter,sync_with_sensor2_IC1_TH2
2026-05-21T15:38:00,92.3,35.0,sensor2_serial,1,2,6,2,120,203,20.000,20.706,12958312,12958327,15,0.750000,SUCCESS,sync_sigmoid,sync_with_sensor1_matrix5
2026-05-21T15:38:23,92.3,35.0,sensor1_raspberry,5,TH0,4,0,107,202,20.000,20.734,9420218,9420289,71,3.550000,SUCCESS,sync_counter,sync_with_sensor2_IC1_TH2
2026-05-21T15:38:23,92.3,35.0,sensor2_serial,1,2,6,2,120,202,20.000,20.734,12958330,12958351,21,1.050000,SUCCESS,sync_sigmoid,sync_with_sensor1_matrix5
2026-05-21T15:38:46,92.3,35.0,sensor1_raspberry,5,TH0,4,0,107,201,20.000,20.711,9420300,9420360,60,3.000000,SUCCESS,sync_counter,sync_with_sensor2_IC1_TH2
2026-05-21T15:38:46,92.3,35.0,sensor2_serial,1,2,6,2,120,201,20.000,20.711,12958355,12958370,15,0.750000,SUCCESS,sync_sigmoid,sync_with_sensor1_matrix5
2026-05-21T15:39:09,92.3,35.0,sensor1_raspberry,5,TH0,4,0,107,200,20.000,20.752,9420367,9420417,50,2.500000,SUCCESS,sync_counter,sync_with_sensor2_IC1_TH2
2026-05-21T15:39:09,92.3,35.0,sensor2_serial,1,2,6,2,120,200,20.000,20.752,12958373,12958392,19,0.950000,SUCCESS,sync_sigmoid,sync_with_sensor1_matrix5
2026-05-21T15:39:32,92.3,35.0,sensor1_raspberry,5,TH0,4,0,107,199,20.000,20.737,9420421,9420472,51,2.550000,SUCCESS,sync_counter,sync_with_sensor2_IC1_TH2
2026-05-21T15:39:32,92.3,35.0,sensor2_serial,1,2,6,2,120,199,20.000,20.737,12958396,12958415,19,0.950000,SUCCESS,sync_sigmoid,sync_with_sensor1_matrix5
2026-05-21T15:39:54,92.3,35.0,sensor1_raspberry,5,TH0,4,0,107,198,20.000,20.730,9420476,9420514,38,1.900000,SUCCESS,sync_counter,sync_with_sensor2_IC1_TH2
2026-05-21T15:39:54,92.3,35.0,sensor2_serial,1,2,6,2,120,198,20.000,20.730,12958417,12958432,15,0.750000,SUCCESS,sync_sigmoid,sync_with_sensor1_matrix5
2026-05-21T15:40:17,92.3,35.0,sensor1_raspberry,5,TH0,4,0,107,197,20.000,20.738,9420519,9420556,37,1.850000,SUCCESS,sync_counter,sync_with_sensor2_IC1_TH2
2026-05-21T15:40:17,92.3,35.0,sensor2_serial,1,2,6,2,120,197,20.000,20.738,12958432,12958446,14,0.700000,SUCCESS,sync_sigmoid,sync_with_sensor1_matrix5
2026-05-21T15:40:40,92.3,35.0,sensor1_raspberry,5,TH0,4,0,107,196,20.000,20.797,9420558,9420591,33,1.650000,SUCCESS,sync_counter,sync_with_sensor2_IC1_TH2
2026-05-21T15:40:40,92.3,35.0,sensor2_serial,1,2,6,2,120,196,20.000,20.797,12958448,12958456,8,0.400000,SUCCESS,sync_sigmoid,sync_with_sensor1_matrix5
2026-05-21T15:41:03,92.3,35.0,sensor1_raspberry,5,TH0,4,0,107,195,20.000,20.728,9420595,9420629,34,1.700000,SUCCESS,sync_counter,sync_with_sensor2_IC1_TH2
2026-05-21T15:41:03,92.3,35.0,sensor2_serial,1,2,6,2,120,195,20.000,20.728,12958459,12958465,6,0.300000,SUCCESS,sync_sigmoid,sync_with_sensor1_matrix5
2026-05-21T15:41:26,92.3,35.0,sensor1_raspberry,5,TH0,4,0,107,194,20.000,20.784,9420633,9420673,40,2.000000,SUCCESS,sync_counter,sync_with_sensor2_IC1_TH2
2026-05-21T15:41:26,92.3,35.0,sensor2_serial,1,2,6,2,120,194,20.000,20.784,12958465,12958474,9,0.450000,SUCCESS,sync_sigmoid,sync_with_sensor1_matrix5
2026-05-21T15:41:49,92.3,35.0,sensor1_raspberry,5,TH0,4,0,107,193,20.000,20.808,9420678,9420703,25,1.250000,SUCCESS,sync_counter,sync_with_sensor2_IC1_TH2
2026-05-21T15:41:49,92.3,35.0,sensor2_serial,1,2,6,2,120,193,20.000,20.808,12958475,12958487,12,0.600000,SUCCESS,sync_sigmoid,sync_with_sensor1_matrix5
2026-05-21T15:42:12,92.3,35.0,sensor1_raspberry,5,TH0,4,0,107,192,20.000,20.765,9420709,9420737,28,1.400000,SUCCESS,sync_counter,sync_with_sensor2_IC1_TH2
2026-05-21T15:42:12,92.3,35.0,sensor2_serial,1,2,6,2,120,192,20.000,20.765,12958489,12958499,10,0.500000,SUCCESS,sync_sigmoid,sync_with_sensor1_matrix5
2026-05-21T15:42:35,92.3,35.0,sensor1_raspberry,5,TH0,4,0,107,191,20.000,20.756,9420740,9420774,34,1.700000,SUCCESS,sync_counter,sync_with_sensor2_IC1_TH2
2026-05-21T15:42:35,92.3,35.0,sensor2_serial,1,2,6,2,120,191,20.000,20.756,12958501,12958513,12,0.600000,SUCCESS,sync_sigmoid,sync_with_sensor1_matrix5
2026-05-21T15:42:57,92.3,35.0,sensor1_raspberry,5,TH0,4,0,107,190,20.000,20.759,9420780,9420818,38,1.900000,SUCCESS,sync_counter,sync_with_sensor2_IC1_TH2
2026-05-21T15:42:57,92.3,35.0,sensor2_serial,1,2,6,2,120,190,20.000,20.759,12958515,12958524,9,0.450000,SUCCESS,sync_sigmoid,sync_with_sensor1_matrix5
2026-05-21T15:43:20,92.3,35.0,sensor1_raspberry,5,TH0,4,0,107,189,20.000,20.752,9420822,9420856,34,1.700000,SUCCESS,sync_counter,sync_with_sensor2_IC1_TH2
2026-05-21T15:43:20,92.3,35.0,sensor2_serial,1,2,6,2,120,189,20.000,20.752,12958526,12958532,6,0.300000,SUCCESS,sync_sigmoid,sync_with_sensor1_matrix5
2026-05-21T15:43:43,92.3,35.0,sensor1_raspberry,5,TH0,4,0,107,188,20.000,20.715,9420857,9420884,27,1.350000,SUCCESS,sync_counter,sync_with_sensor2_IC1_TH2
2026-05-21T15:43:43,92.3,35.0,sensor2_serial,1,2,6,2,120,188,20.000,20.715,12958532,12958539,7,0.350000,SUCCESS,sync_sigmoid,sync_with_sensor1_matrix5
2026-05-21T15:44:06,92.3,35.0,sensor1_raspberry,5,TH0,4,0,107,187,20.000,20.724,9420889,9420916,27,1.350000,SUCCESS,sync_counter,sync_with_sensor2_IC1_TH2
2026-05-21T15:44:06,92.3,35.0,sensor2_serial,1,2,6,2,120,187,20.000,20.724,12958540,12958548,8,0.400000,SUCCESS,sync_sigmoid,sync_with_sensor1_matrix5
2026-05-21T15:44:29,92.3,35.0,sensor1_raspberry,5,TH0,4,0,107,186,20.000,20.746,9420923,9420942,19,0.950000,SUCCESS,sync_counter,sync_with_sensor2_IC1_TH2
2026-05-21T15:44:29,92.3,35.0,sensor2_serial,1,2,6,2,120,186,20.000,20.746,12958550,12958555,5,0.250000,SUCCESS,sync_sigmoid,sync_with_sensor1_matrix5
2026-05-21T15:44:52,92.3,35.0,sensor1_raspberry,5,TH0,4,0,107,185,20.000,20.758,9420944,9420961,17,0.850000,SUCCESS,sync_counter,sync_with_sensor2_IC1_TH2
2026-05-21T15:44:52,92.3,35.0,sensor2_serial,1,2,6,2,120,185,20.000,20.758,12958555,12958562,7,0.350000,SUCCESS,sync_sigmoid,sync_with_sensor1_matrix5
2026-05-21T15:45:15,92.3,35.0,sensor1_raspberry,5,TH0,4,0,107,184,20.000,20.760,9420963,9420978,15,0.750000,SUCCESS,sync_counter,sync_with_sensor2_IC1_TH2
2026-05-21T15:45:15,92.3,35.0,sensor2_serial,1,2,6,2,120,184,20.000,20.760,12958563,12958570,7,0.350000,SUCCESS,sync_sigmoid,sync_with_sensor1_matrix5
2026-05-21T15:45:37,92.3,35.0,sensor1_raspberry,5,TH0,4,0,107,183,20.000,20.756,9420981,9420999,18,0.900000,SUCCESS,sync_counter,sync_with_sensor2_IC1_TH2
2026-05-21T15:45:37,92.3,35.0,sensor2_serial,1,2,6,2,120,183,20.000,20.756,12958573,12958576,3,0.150000,SUCCESS,sync_sigmoid,sync_with_sensor1_matrix5
2026-05-21T15:46:00,92.3,35.0,sensor1_raspberry,5,TH0,4,0,107,182,20.000,20.737,9421001,9421035,34,1.700000,SUCCESS,sync_counter,sync_with_sensor2_IC1_TH2
2026-05-21T15:46:00,92.3,35.0,sensor2_serial,1,2,6,2,120,182,20.000,20.737,12958576,12958579,3,0.150000,SUCCESS,sync_sigmoid,sync_with_sensor1_matrix5
2026-05-21T15:46:23,92.3,35.0,sensor1_raspberry,5,TH0,4,0,107,181,20.000,20.738,9421037,9421053,16,0.800000,SUCCESS,sync_counter,sync_with_sensor2_IC1_TH2
2026-05-21T15:46:23,92.3,35.0,sensor2_serial,1,2,6,2,120,181,20.000,20.738,12958581,12958583,2,0.100000,SUCCESS,sync_sigmoid,sync_with_sensor1_matrix5
2026-05-21T15:46:46,92.3,35.0,sensor1_raspberry,5,TH0,4,0,107,180,20.000,20.728,9421053,9421069,16,0.800000,SUCCESS,sync_counter,sync_with_sensor2_IC1_TH2
2026-05-21T15:46:46,92.3,35.0,sensor2_serial,1,2,6,2,120,180,20.000,20.728,12958583,12958587,4,0.200000,SUCCESS,sync_sigmoid,sync_with_sensor1_matrix5
2026-05-21T15:47:09,92.3,35.0,sensor1_raspberry,5,TH0,4,0,107,179,20.000,20.771,9421070,9421083,13,0.650000,SUCCESS,sync_counter,sync_with_sensor2_IC1_TH2
2026-05-21T15:47:09,92.3,35.0,sensor2_serial,1,2,6,2,120,179,20.000,20.771,12958587,12958595,8,0.400000,SUCCESS,sync_sigmoid,sync_with_sensor1_matrix5
2026-05-21T15:47:32,92.3,35.0,sensor1_raspberry,5,TH0,4,0,107,178,20.000,20.757,9421083,9421094,11,0.550000,SUCCESS,sync_counter,sync_with_sensor2_IC1_TH2
2026-05-21T15:47:32,92.3,35.0,sensor2_serial,1,2,6,2,120,178,20.000,20.757,12958597,12958600,3,0.150000,SUCCESS,sync_sigmoid,sync_with_sensor1_matrix5
2026-05-21T15:47:55,92.3,35.0,sensor1_raspberry,5,TH0,4,0,107,177,20.000,20.740,9421094,9421099,5,0.250000,SUCCESS,sync_counter,sync_with_sensor2_IC1_TH2
2026-05-21T15:47:55,92.3,35.0,sensor2_serial,1,2,6,2,120,177,20.000,20.740,12958601,12958604,3,0.150000,SUCCESS,sync_sigmoid,sync_with_sensor1_matrix5
2026-05-21T15:48:17,92.3,35.0,sensor1_raspberry,5,TH0,4,0,107,176,20.000,20.765,9421099,9421111,12,0.600000,SUCCESS,sync_counter,sync_with_sensor2_IC1_TH2
2026-05-21T15:48:17,92.3,35.0,sensor2_serial,1,2,6,2,120,176,20.000,20.765,12958605,12958609,4,0.200000,SUCCESS,sync_sigmoid,sync_with_sensor1_matrix5
2026-05-21T15:48:40,92.3,35.0,sensor1_raspberry,5,TH0,4,0,107,175,20.000,20.722,9421113,9421121,8,0.400000,SUCCESS,sync_counter,sync_with_sensor2_IC1_TH2
2026-05-21T15:48:40,92.3,35.0,sensor2_serial,1,2,6,2,120,175,20.000,20.722,12958609,12958611,2,0.100000,SUCCESS,sync_sigmoid,sync_with_sensor1_matrix5
2026-05-21T15:49:03,92.3,35.0,sensor1_raspberry,5,TH0,4,0,107,174,20.000,20.744,9421121,9421126,5,0.250000,SUCCESS,sync_counter,sync_with_sensor2_IC1_TH2
2026-05-21T15:49:03,92.3,35.0,sensor2_serial,1,2,6,2,120,174,20.000,20.744,12958611,12958615,4,0.200000,SUCCESS,sync_sigmoid,sync_with_sensor1_matrix5
2026-05-21T15:49:26,92.3,35.0,sensor1_raspberry,5,TH0,4,0,107,173,20.000,20.768,9421126,9421129,3,0.150000,SUCCESS,sync_counter,sync_with_sensor2_IC1_TH2
2026-05-21T15:49:26,92.3,35.0,sensor2_serial,1,2,6,2,120,173,20.000,20.768,12958615,12958616,1,0.050000,SUCCESS,sync_sigmoid,sync_with_sensor1_matrix5
2026-05-21T15:49:49,92.3,35.0,sensor1_raspberry,5,TH0,4,0,107,172,20.000,20.748,9421129,9421132,3,0.150000,SUCCESS,sync_counter,sync_with_sensor2_IC1_TH2
2026-05-21T15:49:49,92.3,35.0,sensor2_serial,1,2,6,2,120,172,20.000,20.748,12958616,12958617,1,0.050000,SUCCESS,sync_sigmoid,sync_with_sensor1_matrix5
2026-05-21T15:50:12,92.3,35.0,sensor1_raspberry,5,TH0,4,0,107,171,20.000,20.774,9421132,9421138,6,0.300000,SUCCESS,sync_counter,sync_with_sensor2_IC1_TH2
2026-05-21T15:50:12,92.3,35.0,sensor2_serial,1,2,6,2,120,171,20.000,20.774,12958617,12958619,2,0.100000,SUCCESS,sync_sigmoid,sync_with_sensor1_matrix5
2026-05-21T15:50:35,92.3,35.0,sensor1_raspberry,5,TH0,4,0,107,170,20.000,20.738,9421138,9421142,4,0.200000,SUCCESS,sync_counter,sync_with_sensor2_IC1_TH2
2026-05-21T15:50:35,92.3,35.0,sensor2_serial,1,2,6,2,120,170,20.000,20.738,12958619,12958623,4,0.200000,SUCCESS,sync_sigmoid,sync_with_sensor1_matrix5
2026-05-21T15:50:57,92.3,35.0,sensor1_raspberry,5,TH0,4,0,107,169,20.000,20.757,9421142,9421147,5,0.250000,SUCCESS,sync_counter,sync_with_sensor2_IC1_TH2
2026-05-21T15:50:57,92.3,35.0,sensor2_serial,1,2,6,2,120,169,20.000,20.757,12958623,12958627,4,0.200000,SUCCESS,sync_sigmoid,sync_with_sensor1_matrix5
2026-05-21T15:51:20,92.3,35.0,sensor1_raspberry,5,TH0,4,0,107,168,20.000,20.754,9421148,9421149,1,0.050000,SUCCESS,sync_counter,sync_with_sensor2_IC1_TH2
2026-05-21T15:51:20,92.3,35.0,sensor2_serial,1,2,6,2,120,168,20.000,20.754,12958627,12958628,1,0.050000,SUCCESS,sync_sigmoid,sync_with_sensor1_matrix5
2026-05-21T15:51:53,93.3,34.0,sensor1_raspberry,5,TH0,4,0,107,255,20.000,20.733,9891830,537424,7422810,371140.500000,SUCCESS,sync_counter,sync_with_sensor2_IC1_TH0
2026-05-21T15:51:53,93.3,34.0,sensor2_serial,1,0,4,0,120,255,20.000,20.733,2065831,5327805,3261974,163098.700000,SUCCESS,sync_sigmoid,sync_with_sensor1_matrix5
2026-05-21T15:52:16,93.3,34.0,sensor1_raspberry,5,TH0,4,0,107,254,20.000,20.718,1139976,6393948,5253972,262698.600000,SUCCESS,sync_counter,sync_with_sensor2_IC1_TH0
2026-05-21T15:52:16,93.3,34.0,sensor2_serial,1,0,4,0,120,254,20.000,20.718,5640641,9066637,3425996,171299.800000,SUCCESS,sync_sigmoid,sync_with_sensor1_matrix5
2026-05-21T15:52:39,93.3,34.0,sensor1_raspberry,5,TH0,4,0,107,253,20.000,20.769,6672918,7979934,1307016,65350.800000,SUCCESS,sync_counter,sync_with_sensor2_IC1_TH0
2026-05-21T15:52:39,93.3,34.0,sensor2_serial,1,0,4,0,120,253,20.000,20.769,9397419,12752546,3355127,167756.350000,SUCCESS,sync_sigmoid,sync_with_sensor1_matrix5
2026-05-21T15:53:01,93.3,34.0,sensor1_raspberry,5,TH0,4,0,107,252,20.000,20.720,8056958,8539391,482433,24121.650000,SUCCESS,sync_counter,sync_with_sensor2_IC1_TH0
2026-05-21T15:53:01,93.3,34.0,sensor2_serial,1,0,4,0,120,252,20.000,20.720,13073875,15885886,2812011,140600.550000,SUCCESS,sync_sigmoid,sync_with_sensor1_matrix5
2026-05-21T15:53:24,93.3,34.0,sensor1_raspberry,5,TH0,4,0,107,251,20.000,20.759,8566401,8665476,99075,4953.750000,SUCCESS,sync_counter,sync_with_sensor2_IC1_TH0
2026-05-21T15:53:24,93.3,34.0,sensor2_serial,1,0,4,0,120,251,20.000,20.759,16147521,1412671,2042366,102118.300000,SUCCESS,sync_sigmoid,sync_with_sensor1_matrix5
2026-05-21T15:53:47,93.3,34.0,sensor1_raspberry,5,TH0,4,0,107,250,20.000,20.774,8671089,8698715,27626,1381.300000,SUCCESS,sync_counter,sync_with_sensor2_IC1_TH0
2026-05-21T15:53:47,93.3,34.0,sensor2_serial,1,0,4,0,120,250,20.000,20.774,1619538,3000429,1380891,69044.550000,SUCCESS,sync_sigmoid,sync_with_sensor1_matrix5
2026-05-21T15:54:10,93.3,34.0,sensor1_raspberry,5,TH0,4,0,107,249,20.000,20.734,8699917,8702237,2320,116.000000,SUCCESS,sync_counter,sync_with_sensor2_IC1_TH0
2026-05-21T15:54:10,93.3,34.0,sensor2_serial,1,0,4,0,120,249,20.000,20.734,3131085,3930834,799749,39987.450000,SUCCESS,sync_sigmoid,sync_with_sensor1_matrix5
2026-05-21T15:54:33,93.3,34.0,sensor1_raspberry,5,TH0,4,0,107,248,20.000,20.753,8702390,8702962,572,28.600000,SUCCESS,sync_counter,sync_with_sensor2_IC1_TH0
2026-05-21T15:54:33,93.3,34.0,sensor2_serial,1,0,4,0,120,248,20.000,20.753,4007843,4441493,433650,21682.500000,SUCCESS,sync_sigmoid,sync_with_sensor1_matrix5
2026-05-21T15:54:56,93.3,34.0,sensor1_raspberry,5,TH0,4,0,107,247,20.000,20.735,8703007,8703272,265,13.250000,SUCCESS,sync_counter,sync_with_sensor2_IC1_TH0
2026-05-21T15:54:56,93.3,34.0,sensor2_serial,1,0,4,0,120,247,20.000,20.735,4486881,4819981,333100,16655.000000,SUCCESS,sync_sigmoid,sync_with_sensor1_matrix5
2026-05-21T15:55:19,93.3,34.0,sensor1_raspberry,5,TH0,4,0,107,246,20.000,20.765,8703302,8703474,172,8.600000,SUCCESS,sync_counter,sync_with_sensor2_IC1_TH0
2026-05-21T15:55:19,93.3,34.0,sensor2_serial,1,0,4,0,120,246,20.000,20.765,4850985,5011185,160200,8010.000000,SUCCESS,sync_sigmoid,sync_with_sensor1_matrix5
2026-05-21T15:55:41,93.3,34.0,sensor1_raspberry,5,TH0,4,0,107,245,20.000,20.751,8703497,8703656,159,7.950000,SUCCESS,sync_counter,sync_with_sensor2_IC1_TH0
2026-05-21T15:55:41,93.3,34.0,sensor2_serial,1,0,4,0,120,245,20.000,20.751,5011222,5082947,71725,3586.250000,SUCCESS,sync_sigmoid,sync_with_sensor1_matrix5
2026-05-21T15:56:04,93.3,34.0,sensor1_raspberry,5,TH0,4,0,107,244,20.000,20.737,8703675,8703818,143,7.150000,SUCCESS,sync_counter,sync_with_sensor2_IC1_TH0
2026-05-21T15:56:04,93.3,34.0,sensor2_serial,1,0,4,0,120,244,20.000,20.737,5082983,5114368,31385,1569.250000,SUCCESS,sync_sigmoid,sync_with_sensor1_matrix5
2026-05-21T15:56:27,93.3,34.0,sensor1_raspberry,5,TH0,4,0,107,243,20.000,20.734,8703829,8703972,143,7.150000,SUCCESS,sync_counter,sync_with_sensor2_IC1_TH0
2026-05-21T15:56:27,93.3,34.0,sensor2_serial,1,0,4,0,120,243,20.000,20.734,5114397,5117377,2980,149.000000,SUCCESS,sync_sigmoid,sync_with_sensor1_matrix5
2026-05-21T15:56:50,93.3,34.0,sensor1_raspberry,5,TH0,4,0,107,242,20.000,20.746,8703988,8704108,120,6.000000,SUCCESS,sync_counter,sync_with_sensor2_IC1_TH0
2026-05-21T15:56:50,93.3,34.0,sensor2_serial,1,0,4,0,120,242,20.000,20.746,5128445,5129354,909,45.450000,SUCCESS,sync_sigmoid,sync_with_sensor1_matrix5
2026-05-21T15:57:13,93.3,34.0,sensor1_raspberry,5,TH0,4,0,107,241,20.000,20.753,8704123,8704275,152,7.600000,SUCCESS,sync_counter,sync_with_sensor2_IC1_TH0
2026-05-21T15:57:13,93.3,34.0,sensor2_serial,1,0,4,0,120,241,20.000,20.753,5133924,5134328,404,20.200000,SUCCESS,sync_sigmoid,sync_with_sensor1_matrix5
2026-05-21T15:57:36,93.3,34.0,sensor1_raspberry,5,TH0,4,0,107,240,20.000,20.678,8704291,8704423,132,6.600000,SUCCESS,sync_counter,sync_with_sensor2_IC1_TH0
2026-05-21T15:57:36,93.3,34.0,sensor2_serial,1,0,4,0,120,240,20.000,20.678,5135977,5136165,188,9.400000,SUCCESS,sync_sigmoid,sync_with_sensor1_matrix5
2026-05-21T15:57:58,93.3,34.0,sensor1_raspberry,5,TH0,4,0,107,239,20.000,20.769,8704439,8704585,146,7.300000,SUCCESS,sync_counter,sync_with_sensor2_IC1_TH0
2026-05-21T15:57:58,93.3,34.0,sensor2_serial,1,0,4,0,120,239,20.000,20.769,5136722,5136790,68,3.400000,SUCCESS,sync_sigmoid,sync_with_sensor1_matrix5
2026-05-21T15:58:21,93.3,34.0,sensor1_raspberry,5,TH0,4,0,107,238,20.000,20.728,8704597,8704737,140,7.000000,SUCCESS,sync_counter,sync_with_sensor2_IC1_TH0
2026-05-21T15:58:21,93.3,34.0,sensor2_serial,1,0,4,0,120,238,20.000,20.728,5136982,5137024,42,2.100000,SUCCESS,sync_sigmoid,sync_with_sensor1_matrix5
2026-05-21T15:58:44,93.3,34.0,sensor1_raspberry,5,TH0,4,0,107,237,20.000,20.731,8704750,8704874,124,6.200000,SUCCESS,sync_counter,sync_with_sensor2_IC1_TH0
2026-05-21T15:58:44,93.3,34.0,sensor2_serial,1,0,4,0,120,237,20.000,20.731,5137177,5137213,36,1.800000,SUCCESS,sync_sigmoid,sync_with_sensor1_matrix5
2026-05-21T15:59:07,93.3,34.0,sensor1_raspberry,5,TH0,4,0,107,236,20.000,20.705,8704891,8705028,137,6.850000,SUCCESS,sync_counter,sync_with_sensor2_IC1_TH0
2026-05-21T15:59:07,93.3,34.0,sensor2_serial,1,0,4,0,120,236,20.000,20.705,5137328,5137356,28,1.400000,SUCCESS,sync_sigmoid,sync_with_sensor1_matrix5
2026-05-21T15:59:30,93.3,34.0,sensor1_raspberry,5,TH0,4,0,107,235,20.000,20.746,8705053,8705208,155,7.750000,SUCCESS,sync_counter,sync_with_sensor2_IC1_TH0
2026-05-21T15:59:30,93.3,34.0,sensor2_serial,1,0,4,0,120,235,20.000,20.746,5137456,5137482,26,1.300000,SUCCESS,sync_sigmoid,sync_with_sensor1_matrix5
2026-05-21T15:59:53,93.3,34.0,sensor1_raspberry,5,TH0,4,0,107,234,20.000,20.761,8705224,8705350,126,6.300000,SUCCESS,sync_counter,sync_with_sensor2_IC1_TH0
2026-05-21T15:59:53,93.3,34.0,sensor2_serial,1,0,4,0,120,234,20.000,20.761,5137594,5137614,20,1.000000,SUCCESS,sync_sigmoid,sync_with_sensor1_matrix5
2026-05-21T16:00:15,93.3,34.0,sensor1_raspberry,5,TH0,4,0,107,233,20.000,20.744,8705360,8705494,134,6.700000,SUCCESS,sync_counter,sync_with_sensor2_IC1_TH0
2026-05-21T16:00:15,93.3,34.0,sensor2_serial,1,0,4,0,120,233,20.000,20.744,5137707,5137734,27,1.350000,SUCCESS,sync_sigmoid,sync_with_sensor1_matrix5
2026-05-21T16:00:38,93.3,34.0,sensor1_raspberry,5,TH0,4,0,107,232,20.000,20.743,8705511,8705607,96,4.800000,SUCCESS,sync_counter,sync_with_sensor2_IC1_TH0
2026-05-21T16:00:38,93.3,34.0,sensor2_serial,1,0,4,0,120,232,20.000,20.743,5137835,5137854,19,0.950000,SUCCESS,sync_sigmoid,sync_with_sensor1_matrix5
2026-05-21T16:01:01,93.3,34.0,sensor1_raspberry,5,TH0,4,0,107,231,20.000,20.799,8705617,8705763,146,7.300000,SUCCESS,sync_counter,sync_with_sensor2_IC1_TH0
2026-05-21T16:01:01,93.3,34.0,sensor2_serial,1,0,4,0,120,231,20.000,20.799,5137951,5137969,18,0.900000,SUCCESS,sync_sigmoid,sync_with_sensor1_matrix5
2026-05-21T16:01:24,93.3,34.0,sensor1_raspberry,5,TH0,4,0,107,230,20.000,20.740,8705779,8705920,141,7.050000,SUCCESS,sync_counter,sync_with_sensor2_IC1_TH0
2026-05-21T16:01:24,93.3,34.0,sensor2_serial,1,0,4,0,120,230,20.000,20.740,5138061,5138082,21,1.050000,SUCCESS,sync_sigmoid,sync_with_sensor1_matrix5
2026-05-21T16:01:47,93.3,34.0,sensor1_raspberry,5,TH0,4,0,107,229,20.000,20.731,8705933,8706075,142,7.100000,SUCCESS,sync_counter,sync_with_sensor2_IC1_TH0
2026-05-21T16:01:47,93.3,34.0,sensor2_serial,1,0,4,0,120,229,20.000,20.731,5138177,5138197,20,1.000000,SUCCESS,sync_sigmoid,sync_with_sensor1_matrix5
2026-05-21T16:02:10,93.3,34.0,sensor1_raspberry,5,TH0,4,0,107,228,20.000,20.752,8706086,8706203,117,5.850000,SUCCESS,sync_counter,sync_with_sensor2_IC1_TH0
2026-05-21T16:02:10,93.3,34.0,sensor2_serial,1,0,4,0,120,228,20.000,20.752,5138296,5138314,18,0.900000,SUCCESS,sync_sigmoid,sync_with_sensor1_matrix5
2026-05-21T16:02:33,93.3,34.0,sensor1_raspberry,5,TH0,4,0,107,227,20.000,20.766,8706219,8706344,125,6.250000,SUCCESS,sync_counter,sync_with_sensor2_IC1_TH0
2026-05-21T16:02:33,93.3,34.0,sensor2_serial,1,0,4,0,120,227,20.000,20.766,5138392,5138415,23,1.150000,SUCCESS,sync_sigmoid,sync_with_sensor1_matrix5
2026-05-21T16:02:55,93.3,34.0,sensor1_raspberry,5,TH0,4,0,107,226,20.000,20.757,8706361,8706486,125,6.250000,SUCCESS,sync_counter,sync_with_sensor2_IC1_TH0
2026-05-21T16:02:55,93.3,34.0,sensor2_serial,1,0,4,0,120,226,20.000,20.757,5138492,5138505,13,0.650000,SUCCESS,sync_sigmoid,sync_with_sensor1_matrix5
2026-05-21T16:03:18,93.3,34.0,sensor1_raspberry,5,TH0,4,0,107,225,20.000,20.738,8706503,8706651,148,7.400000,SUCCESS,sync_counter,sync_with_sensor2_IC1_TH0
2026-05-21T16:03:18,93.3,34.0,sensor2_serial,1,0,4,0,120,225,20.000,20.738,5138582,5138600,18,0.900000,SUCCESS,sync_sigmoid,sync_with_sensor1_matrix5
2026-05-21T16:03:41,93.3,34.0,sensor1_raspberry,5,TH0,4,0,107,224,20.000,20.713,8706656,8706798,142,7.100000,SUCCESS,sync_counter,sync_with_sensor2_IC1_TH0
2026-05-21T16:03:41,93.3,34.0,sensor2_serial,1,0,4,0,120,224,20.000,20.713,5138664,5138691,27,1.350000,SUCCESS,sync_sigmoid,sync_with_sensor1_matrix5
2026-05-21T16:04:04,93.3,34.0,sensor1_raspberry,5,TH0,4,0,107,223,20.000,20.758,8706807,8706970,163,8.150000,SUCCESS,sync_counter,sync_with_sensor2_IC1_TH0
2026-05-21T16:04:04,93.3,34.0,sensor2_serial,1,0,4,0,120,223,20.000,20.758,5138776,5138789,13,0.650000,SUCCESS,sync_sigmoid,sync_with_sensor1_matrix5
2026-05-21T16:04:27,93.3,34.0,sensor1_raspberry,5,TH0,4,0,107,222,20.000,20.770,8706993,8707106,113,5.650000,SUCCESS,sync_counter,sync_with_sensor2_IC1_TH0
2026-05-21T16:04:27,93.3,34.0,sensor2_serial,1,0,4,0,120,222,20.000,20.770,5138855,5138869,14,0.700000,SUCCESS,sync_sigmoid,sync_with_sensor1_matrix5
2026-05-21T16:04:50,93.3,34.0,sensor1_raspberry,5,TH0,4,0,107,221,20.000,20.776,8707120,8707252,132,6.600000,SUCCESS,sync_counter,sync_with_sensor2_IC1_TH0
2026-05-21T16:04:50,93.3,34.0,sensor2_serial,1,0,4,0,120,221,20.000,20.776,5138947,5138960,13,0.650000,SUCCESS,sync_sigmoid,sync_with_sensor1_matrix5
2026-05-21T16:05:12,93.3,34.0,sensor1_raspberry,5,TH0,4,0,107,220,20.000,20.742,8707261,8707409,148,7.400000,SUCCESS,sync_counter,sync_with_sensor2_IC1_TH0
2026-05-21T16:05:12,93.3,34.0,sensor2_serial,1,0,4,0,120,220,20.000,20.742,5139032,5139047,15,0.750000,SUCCESS,sync_sigmoid,sync_with_sensor1_matrix5
2026-05-21T16:05:35,93.3,34.0,sensor1_raspberry,5,TH0,4,0,107,219,20.000,20.723,8707425,8707552,127,6.350000,SUCCESS,sync_counter,sync_with_sensor2_IC1_TH0
2026-05-21T16:05:35,93.3,34.0,sensor2_serial,1,0,4,0,120,219,20.000,20.723,5139109,5139116,7,0.350000,SUCCESS,sync_sigmoid,sync_with_sensor1_matrix5
2026-05-21T16:05:58,93.3,34.0,sensor1_raspberry,5,TH0,4,0,107,218,20.000,20.678,8707558,8707663,105,5.250000,SUCCESS,sync_counter,sync_with_sensor2_IC1_TH0
2026-05-21T16:05:58,93.3,34.0,sensor2_serial,1,0,4,0,120,218,20.000,20.678,5139169,5139180,11,0.550000,SUCCESS,sync_sigmoid,sync_with_sensor1_matrix5
2026-05-21T16:06:21,93.3,34.0,sensor1_raspberry,5,TH0,4,0,107,217,20.000,20.750,8707676,8707819,143,7.150000,SUCCESS,sync_counter,sync_with_sensor2_IC1_TH0
2026-05-21T16:06:21,93.3,34.0,sensor2_serial,1,0,4,0,120,217,20.000,20.750,5139235,5139244,9,0.450000,SUCCESS,sync_sigmoid,sync_with_sensor1_matrix5
2026-05-21T16:06:44,93.3,34.0,sensor1_raspberry,5,TH0,4,0,107,216,20.000,20.734,8707832,8707972,140,7.000000,SUCCESS,sync_counter,sync_with_sensor2_IC1_TH0
2026-05-21T16:06:44,93.3,34.0,sensor2_serial,1,0,4,0,120,216,20.000,20.734,5139308,5139319,11,0.550000,SUCCESS,sync_sigmoid,sync_with_sensor1_matrix5
2026-05-21T16:07:07,93.3,34.0,sensor1_raspberry,5,TH0,4,0,107,215,20.000,20.721,8707983,8708120,137,6.850000,SUCCESS,sync_counter,sync_with_sensor2_IC1_TH0
2026-05-21T16:07:07,93.3,34.0,sensor2_serial,1,0,4,0,120,215,20.000,20.721,5139360,5139371,11,0.550000,SUCCESS,sync_sigmoid,sync_with_sensor1_matrix5
2026-05-21T16:07:30,93.3,34.0,sensor1_raspberry,5,TH0,4,0,107,214,20.000,20.761,8708128,8708251,123,6.150000,SUCCESS,sync_counter,sync_with_sensor2_IC1_TH0
2026-05-21T16:07:30,93.3,34.0,sensor2_serial,1,0,4,0,120,214,20.000,20.761,5139435,5139450,15,0.750000,SUCCESS,sync_sigmoid,sync_with_sensor1_matrix5
2026-05-21T16:07:52,93.3,34.0,sensor1_raspberry,5,TH0,4,0,107,213,20.000,20.752,8708265,8708380,115,5.750000,SUCCESS,sync_counter,sync_with_sensor2_IC1_TH0
2026-05-21T16:07:52,93.3,34.0,sensor2_serial,1,0,4,0,120,213,20.000,20.752,5139497,5139507,10,0.500000,SUCCESS,sync_sigmoid,sync_with_sensor1_matrix5
2026-05-21T16:08:15,93.3,34.0,sensor1_raspberry,5,TH0,4,0,107,212,20.000,20.747,8708391,8708530,139,6.950000,SUCCESS,sync_counter,sync_with_sensor2_IC1_TH0
2026-05-21T16:08:15,93.3,34.0,sensor2_serial,1,0,4,0,120,212,20.000,20.747,5139568,5139576,8,0.400000,SUCCESS,sync_sigmoid,sync_with_sensor1_matrix5
2026-05-21T16:08:38,93.3,34.0,sensor1_raspberry,5,TH0,4,0,107,211,20.000,20.738,8708537,8708652,115,5.750000,SUCCESS,sync_counter,sync_with_sensor2_IC1_TH0
2026-05-21T16:08:38,93.3,34.0,sensor2_serial,1,0,4,0,120,211,20.000,20.738,5139606,5139611,5,0.250000,SUCCESS,sync_sigmoid,sync_with_sensor1_matrix5
2026-05-21T16:09:01,93.3,34.0,sensor1_raspberry,5,TH0,4,0,107,210,20.000,20.752,8708663,8708789,126,6.300000,SUCCESS,sync_counter,sync_with_sensor2_IC1_TH0
2026-05-21T16:09:01,93.3,34.0,sensor2_serial,1,0,4,0,120,210,20.000,20.752,5139653,5139655,2,0.100000,SUCCESS,sync_sigmoid,sync_with_sensor1_matrix5
2026-05-21T16:09:24,93.3,34.0,sensor1_raspberry,5,TH0,4,0,107,209,20.000,20.744,8708801,8708924,123,6.150000,SUCCESS,sync_counter,sync_with_sensor2_IC1_TH0
2026-05-21T16:09:24,93.3,34.0,sensor2_serial,1,0,4,0,120,209,20.000,20.744,5139709,5139715,6,0.300000,SUCCESS,sync_sigmoid,sync_with_sensor1_matrix5
2026-05-21T16:09:47,93.3,34.0,sensor1_raspberry,5,TH0,4,0,107,208,20.000,20.728,8708933,8709043,110,5.500000,SUCCESS,sync_counter,sync_with_sensor2_IC1_TH0
2026-05-21T16:09:47,93.3,34.0,sensor2_serial,1,0,4,0,120,208,20.000,20.728,5139746,5139752,6,0.300000,SUCCESS,sync_sigmoid,sync_with_sensor1_matrix5
2026-05-21T16:10:09,93.3,34.0,sensor1_raspberry,5,TH0,4,0,107,207,20.000,20.758,8709053,8709160,107,5.350000,SUCCESS,sync_counter,sync_with_sensor2_IC1_TH0
2026-05-21T16:10:09,93.3,34.0,sensor2_serial,1,0,4,0,120,207,20.000,20.758,5139798,5139800,2,0.100000,SUCCESS,sync_sigmoid,sync_with_sensor1_matrix5
2026-05-21T16:10:32,93.3,34.0,sensor1_raspberry,5,TH0,4,0,107,206,20.000,20.739,8709169,8709284,115,5.750000,SUCCESS,sync_counter,sync_with_sensor2_IC1_TH0
2026-05-21T16:10:32,93.3,34.0,sensor2_serial,1,0,4,0,120,206,20.000,20.739,5139833,5139839,6,0.300000,SUCCESS,sync_sigmoid,sync_with_sensor1_matrix5
2026-05-21T16:10:55,93.3,34.0,sensor1_raspberry,5,TH0,4,0,107,205,20.000,20.788,8709299,8709418,119,5.950000,SUCCESS,sync_counter,sync_with_sensor2_IC1_TH0
2026-05-21T16:10:55,93.3,34.0,sensor2_serial,1,0,4,0,120,205,20.000,20.788,5139878,5139883,5,0.250000,SUCCESS,sync_sigmoid,sync_with_sensor1_matrix5
2026-05-21T16:11:18,93.3,34.0,sensor1_raspberry,5,TH0,4,0,107,204,20.000,20.749,8709435,8709533,98,4.900000,SUCCESS,sync_counter,sync_with_sensor2_IC1_TH0
2026-05-21T16:11:18,93.3,34.0,sensor2_serial,1,0,4,0,120,204,20.000,20.749,5139917,5139921,4,0.200000,SUCCESS,sync_sigmoid,sync_with_sensor1_matrix5
2026-05-21T16:11:41,93.3,34.0,sensor1_raspberry,5,TH0,4,0,107,203,20.000,20.751,8709538,8709644,106,5.300000,SUCCESS,sync_counter,sync_with_sensor2_IC1_TH0
2026-05-21T16:11:41,93.3,34.0,sensor2_serial,1,0,4,0,120,203,20.000,20.751,5139961,5139966,5,0.250000,SUCCESS,sync_sigmoid,sync_with_sensor1_matrix5
2026-05-21T16:12:04,93.3,34.0,sensor1_raspberry,5,TH0,4,0,107,202,20.000,20.725,8709653,8709735,82,4.100000,SUCCESS,sync_counter,sync_with_sensor2_IC1_TH0
2026-05-21T16:12:04,93.3,34.0,sensor2_serial,1,0,4,0,120,202,20.000,20.725,5140009,5140014,5,0.250000,SUCCESS,sync_sigmoid,sync_with_sensor1_matrix5
2026-05-21T16:12:27,93.3,34.0,sensor1_raspberry,5,TH0,4,0,107,201,20.000,20.717,8709747,8709868,121,6.050000,SUCCESS,sync_counter,sync_with_sensor2_IC1_TH0
2026-05-21T16:12:27,93.3,34.0,sensor2_serial,1,0,4,0,120,201,20.000,20.717,5140046,5140048,2,0.100000,SUCCESS,sync_sigmoid,sync_with_sensor1_matrix5
2026-05-21T16:12:49,93.3,34.0,sensor1_raspberry,5,TH0,4,0,107,200,20.000,20.771,8709875,8709983,108,5.400000,SUCCESS,sync_counter,sync_with_sensor2_IC1_TH0
2026-05-21T16:12:49,93.3,34.0,sensor2_serial,1,0,4,0,120,200,20.000,20.771,5140076,5140078,2,0.100000,SUCCESS,sync_sigmoid,sync_with_sensor1_matrix5
2026-05-21T16:13:12,93.3,34.0,sensor1_raspberry,5,TH0,4,0,107,199,20.000,20.769,8709992,8710083,91,4.550000,SUCCESS,sync_counter,sync_with_sensor2_IC1_TH0
2026-05-21T16:13:12,93.3,34.0,sensor2_serial,1,0,4,0,120,199,20.000,20.769,5140107,5140110,3,0.150000,SUCCESS,sync_sigmoid,sync_with_sensor1_matrix5
2026-05-21T16:13:35,93.3,34.0,sensor1_raspberry,5,TH0,4,0,107,198,20.000,20.770,8710097,8710200,103,5.150000,SUCCESS,sync_counter,sync_with_sensor2_IC1_TH0
2026-05-21T16:13:35,93.3,34.0,sensor2_serial,1,0,4,0,120,198,20.000,20.770,5140132,5140141,9,0.450000,SUCCESS,sync_sigmoid,sync_with_sensor1_matrix5
2026-05-21T16:13:58,93.3,34.0,sensor1_raspberry,5,TH0,4,0,107,197,20.000,20.785,8710206,8710293,87,4.350000,SUCCESS,sync_counter,sync_with_sensor2_IC1_TH0
2026-05-21T16:13:58,93.3,34.0,sensor2_serial,1,0,4,0,120,197,20.000,20.785,5140169,5140172,3,0.150000,SUCCESS,sync_sigmoid,sync_with_sensor1_matrix5
2026-05-21T16:14:21,93.3,34.0,sensor1_raspberry,5,TH0,4,0,107,196,20.000,20.781,8710299,8710403,104,5.200000,SUCCESS,sync_counter,sync_with_sensor2_IC1_TH0
2026-05-21T16:14:21,93.3,34.0,sensor2_serial,1,0,4,0,120,196,20.000,20.781,5140197,5140206,9,0.450000,SUCCESS,sync_sigmoid,sync_with_sensor1_matrix5
2026-05-21T16:14:44,93.3,34.0,sensor1_raspberry,5,TH0,4,0,107,195,20.000,20.716,8710411,8710507,96,4.800000,SUCCESS,sync_counter,sync_with_sensor2_IC1_TH0
2026-05-21T16:14:44,93.3,34.0,sensor2_serial,1,0,4,0,120,195,20.000,20.716,5140220,5140225,5,0.250000,SUCCESS,sync_sigmoid,sync_with_sensor1_matrix5
2026-05-21T16:15:07,93.3,34.0,sensor1_raspberry,5,TH0,4,0,107,194,20.000,20.768,8710515,8710596,81,4.050000,SUCCESS,sync_counter,sync_with_sensor2_IC1_TH0
2026-05-21T16:15:07,93.3,34.0,sensor2_serial,1,0,4,0,120,194,20.000,20.768,5140237,5140239,2,0.100000,SUCCESS,sync_sigmoid,sync_with_sensor1_matrix5
2026-05-21T16:15:29,93.3,34.0,sensor1_raspberry,5,TH0,4,0,107,193,20.000,20.711,8710601,8710675,74,3.700000,SUCCESS,sync_counter,sync_with_sensor2_IC1_TH0
2026-05-21T16:15:29,93.3,34.0,sensor2_serial,1,0,4,0,120,193,20.000,20.711,5140270,5140271,1,0.050000,SUCCESS,sync_sigmoid,sync_with_sensor1_matrix5
2026-05-21T16:15:52,93.3,34.0,sensor1_raspberry,5,TH0,4,0,107,192,20.000,20.717,8710681,8710765,84,4.200000,SUCCESS,sync_counter,sync_with_sensor2_IC1_TH0
2026-05-21T16:15:52,93.3,34.0,sensor2_serial,1,0,4,0,120,192,20.000,20.717,5140294,5140297,3,0.150000,SUCCESS,sync_sigmoid,sync_with_sensor1_matrix5
2026-05-21T16:16:15,93.3,34.0,sensor1_raspberry,5,TH0,4,0,107,191,20.000,20.728,8710773,8710870,97,4.850000,SUCCESS,sync_counter,sync_with_sensor2_IC1_TH0
2026-05-21T16:16:15,93.3,34.0,sensor2_serial,1,0,4,0,120,191,20.000,20.728,5140310,5140312,2,0.100000,SUCCESS,sync_sigmoid,sync_with_sensor1_matrix5
2026-05-21T16:16:38,93.3,34.0,sensor1_raspberry,5,TH0,4,0,107,190,20.000,20.716,8710877,8710968,91,4.550000,SUCCESS,sync_counter,sync_with_sensor2_IC1_TH0
2026-05-21T16:16:38,93.3,34.0,sensor2_serial,1,0,4,0,120,190,20.000,20.716,5140327,5140327,0,0.000000,SUCCESS,sync_sigmoid,sync_with_sensor1_matrix5
2026-05-21T16:17:01,93.3,34.0,sensor1_raspberry,5,TH0,4,0,107,189,20.000,20.673,8710980,8711073,93,4.650000,SUCCESS,sync_counter,sync_with_sensor2_IC1_TH0
2026-05-21T16:17:01,93.3,34.0,sensor2_serial,1,0,4,0,120,189,20.000,20.673,5140356,5140359,3,0.150000,SUCCESS,sync_sigmoid,sync_with_sensor1_matrix5
2026-05-21T16:17:24,93.3,34.0,sensor1_raspberry,5,TH0,4,0,107,188,20.000,20.774,8711085,8711153,68,3.400000,SUCCESS,sync_counter,sync_with_sensor2_IC1_TH0
2026-05-21T16:17:24,93.3,34.0,sensor2_serial,1,0,4,0,120,188,20.000,20.774,5140375,5140376,1,0.050000,SUCCESS,sync_sigmoid,sync_with_sensor1_matrix5
2026-05-21T16:17:46,93.3,34.0,sensor1_raspberry,5,TH0,4,0,107,187,20.000,20.693,8711163,8711242,79,3.950000,SUCCESS,sync_counter,sync_with_sensor2_IC1_TH0
2026-05-21T16:17:46,93.3,34.0,sensor2_serial,1,0,4,0,120,187,20.000,20.693,5140393,5140395,2,0.100000,SUCCESS,sync_sigmoid,sync_with_sensor1_matrix5
2026-05-21T16:18:09,93.3,34.0,sensor1_raspberry,5,TH0,4,0,107,186,20.000,20.745,8711245,8711325,80,4.000000,SUCCESS,sync_counter,sync_with_sensor2_IC1_TH0
2026-05-21T16:18:09,93.3,34.0,sensor2_serial,1,0,4,0,120,186,20.000,20.745,5140407,5140408,1,0.050000,SUCCESS,sync_sigmoid,sync_with_sensor1_matrix5
2026-05-21T16:18:32,93.3,34.0,sensor1_raspberry,5,TH0,4,0,107,185,20.000,20.773,8711334,8711411,77,3.850000,SUCCESS,sync_counter,sync_with_sensor2_IC1_TH0
2026-05-21T16:18:32,93.3,34.0,sensor2_serial,1,0,4,0,120,185,20.000,20.773,5140428,5140428,0,0.000000,SUCCESS,sync_sigmoid,sync_with_sensor1_matrix5
2026-05-21T16:18:55,93.3,34.0,sensor1_raspberry,5,TH0,4,0,107,184,20.000,20.753,8711415,8711480,65,3.250000,SUCCESS,sync_counter,sync_with_sensor2_IC1_TH0
2026-05-21T16:18:55,93.3,34.0,sensor2_serial,1,0,4,0,120,184,20.000,20.753,5140445,5140446,1,0.050000,SUCCESS,sync_sigmoid,sync_with_sensor1_matrix5
2026-05-21T16:19:18,93.3,34.0,sensor1_raspberry,5,TH0,4,0,107,183,20.000,20.760,8711491,8711571,80,4.000000,SUCCESS,sync_counter,sync_with_sensor2_IC1_TH0
2026-05-21T16:19:18,93.3,34.0,sensor2_serial,1,0,4,0,120,183,20.000,20.760,5140456,5140460,4,0.200000,SUCCESS,sync_sigmoid,sync_with_sensor1_matrix5
2026-05-21T16:19:41,93.3,34.0,sensor1_raspberry,5,TH0,4,0,107,182,20.000,20.734,8711577,8711637,60,3.000000,SUCCESS,sync_counter,sync_with_sensor2_IC1_TH0
2026-05-21T16:19:41,93.3,34.0,sensor2_serial,1,0,4,0,120,182,20.000,20.734,5140471,5140471,0,0.000000,SUCCESS,sync_sigmoid,sync_with_sensor1_matrix5
2026-05-21T16:20:04,93.3,34.0,sensor1_raspberry,5,TH0,4,0,107,181,20.000,20.807,8711645,8711705,60,3.000000,SUCCESS,sync_counter,sync_with_sensor2_IC1_TH0
2026-05-21T16:20:04,93.3,34.0,sensor2_serial,1,0,4,0,120,181,20.000,20.807,5140483,5140484,1,0.050000,SUCCESS,sync_sigmoid,sync_with_sensor1_matrix5
2026-05-21T16:20:26,93.3,34.0,sensor1_raspberry,5,TH0,4,0,107,180,20.000,20.755,8711712,8711769,57,2.850000,SUCCESS,sync_counter,sync_with_sensor2_IC1_TH0
2026-05-21T16:20:26,93.3,34.0,sensor2_serial,1,0,4,0,120,180,20.000,20.755,5140494,5140495,1,0.050000,SUCCESS,sync_sigmoid,sync_with_sensor1_matrix5
2026-05-21T16:20:49,93.3,34.0,sensor1_raspberry,5,TH0,4,0,107,179,20.000,20.760,8711780,8711824,44,2.200000,SUCCESS,sync_counter,sync_with_sensor2_IC1_TH0
2026-05-21T16:20:49,93.3,34.0,sensor2_serial,1,0,4,0,120,179,20.000,20.760,5140504,5140505,1,0.050000,SUCCESS,sync_sigmoid,sync_with_sensor1_matrix5
2026-05-21T16:21:12,93.3,34.0,sensor1_raspberry,5,TH0,4,0,107,178,20.000,20.669,8711829,8711870,41,2.050000,SUCCESS,sync_counter,sync_with_sensor2_IC1_TH0
2026-05-21T16:21:12,93.3,34.0,sensor2_serial,1,0,4,0,120,178,20.000,20.669,5140511,5140511,0,0.000000,SUCCESS,sync_sigmoid,sync_with_sensor1_matrix5
2026-05-21T16:21:35,93.3,34.0,sensor1_raspberry,5,TH0,4,0,107,177,20.000,20.734,8711877,8711925,48,2.400000,SUCCESS,sync_counter,sync_with_sensor2_IC1_TH0
2026-05-21T16:21:35,93.3,34.0,sensor2_serial,1,0,4,0,120,177,20.000,20.734,5140519,5140521,2,0.100000,SUCCESS,sync_sigmoid,sync_with_sensor1_matrix5
2026-05-21T16:21:58,93.3,34.0,sensor1_raspberry,5,TH0,4,0,107,176,20.000,20.776,8711930,8711979,49,2.450000,SUCCESS,sync_counter,sync_with_sensor2_IC1_TH0
2026-05-21T16:21:58,93.3,34.0,sensor2_serial,1,0,4,0,120,176,20.000,20.776,5140525,5140525,0,0.000000,SUCCESS,sync_sigmoid,sync_with_sensor1_matrix5
2026-05-21T16:22:21,93.3,34.0,sensor1_raspberry,5,TH0,4,0,107,175,20.000,20.760,8711983,8712019,36,1.800000,SUCCESS,sync_counter,sync_with_sensor2_IC1_TH0
2026-05-21T16:22:21,93.3,34.0,sensor2_serial,1,0,4,0,120,175,20.000,20.760,5140531,5140531,0,0.000000,SUCCESS,sync_sigmoid,sync_with_sensor1_matrix5
2026-05-21T16:22:44,93.3,34.0,sensor1_raspberry,5,TH0,4,0,107,255,20.000,20.709,9157071,16472432,7315361,365768.050000,SUCCESS,sync_counter,sync_with_sensor2_IC1_TH1
2026-05-21T16:22:44,93.3,34.0,sensor2_serial,1,1,5,1,120,255,20.000,20.709,8550706,10314140,1763434,88171.700000,SUCCESS,sync_sigmoid,sync_with_sensor1_matrix5
2026-05-21T16:23:06,93.3,34.0,sensor1_raspberry,5,TH0,4,0,107,254,20.000,20.681,321043,5410843,5089800,254490.000000,SUCCESS,sync_counter,sync_with_sensor2_IC1_TH1
2026-05-21T16:23:06,93.3,34.0,sensor2_serial,1,1,5,1,120,254,20.000,20.681,10480564,12274052,1793488,89674.400000,SUCCESS,sync_sigmoid,sync_with_sensor1_matrix5
2026-05-21T16:23:29,93.3,34.0,sensor1_raspberry,5,TH0,4,0,107,253,20.000,20.700,5630061,6665984,1035923,51796.150000,SUCCESS,sync_counter,sync_with_sensor2_IC1_TH1
2026-05-21T16:23:29,93.3,34.0,sensor2_serial,1,1,5,1,120,253,20.000,20.700,12446307,14267887,1821580,91079.000000,SUCCESS,sync_sigmoid,sync_with_sensor1_matrix5
2026-05-21T16:23:52,93.3,34.0,sensor1_raspberry,5,TH0,4,0,107,252,20.000,20.769,6744479,7142430,397951,19897.550000,SUCCESS,sync_counter,sync_with_sensor2_IC1_TH1
2026-05-21T16:23:52,93.3,34.0,sensor2_serial,1,1,5,1,120,252,20.000,20.769,14443833,16390907,1947074,97353.700000,SUCCESS,sync_sigmoid,sync_with_sensor1_matrix5
2026-05-21T16:24:15,93.3,34.0,sensor1_raspberry,5,TH0,4,0,107,251,20.000,20.782,7161993,7243439,81446,4072.300000,SUCCESS,sync_counter,sync_with_sensor2_IC1_TH1
2026-05-21T16:24:15,93.3,34.0,sensor2_serial,1,1,5,1,120,251,20.000,20.782,16582156,1868729,2063789,103189.450000,SUCCESS,sync_sigmoid,sync_with_sensor1_matrix5
2026-05-21T16:24:38,93.3,34.0,sensor1_raspberry,5,TH0,4,0,107,250,20.000,20.758,7250010,7279012,29002,1450.100000,SUCCESS,sync_counter,sync_with_sensor2_IC1_TH1
2026-05-21T16:24:38,93.3,34.0,sensor2_serial,1,1,5,1,120,250,20.000,20.758,2072681,4472778,2400097,120004.850000,SUCCESS,sync_sigmoid,sync_with_sensor1_matrix5
2026-05-21T16:25:01,93.3,34.0,sensor1_raspberry,5,TH0,4,0,107,249,20.000,20.731,7280355,7282119,1764,88.200000,SUCCESS,sync_counter,sync_with_sensor2_IC1_TH1
2026-05-21T16:25:01,93.3,34.0,sensor2_serial,1,1,5,1,120,249,20.000,20.731,4722880,7561373,2838493,141924.650000,SUCCESS,sync_sigmoid,sync_with_sensor1_matrix5
2026-05-21T16:25:23,93.3,34.0,sensor1_raspberry,5,TH0,4,0,107,248,20.000,20.774,7282221,7282689,468,23.400000,SUCCESS,sync_counter,sync_with_sensor2_IC1_TH1
2026-05-21T16:25:23,93.3,34.0,sensor2_serial,1,1,5,1,120,248,20.000,20.774,7833976,10785973,2951997,147599.850000,SUCCESS,sync_sigmoid,sync_with_sensor1_matrix5
2026-05-21T16:25:46,93.3,34.0,sensor1_raspberry,5,TH0,4,0,107,247,20.000,20.716,7282740,7282997,257,12.850000,SUCCESS,sync_counter,sync_with_sensor2_IC1_TH1
2026-05-21T16:25:46,93.3,34.0,sensor2_serial,1,1,5,1,120,247,20.000,20.716,11073824,13935861,2862037,143101.850000,SUCCESS,sync_sigmoid,sync_with_sensor1_matrix5
2026-05-21T16:26:09,93.3,34.0,sensor1_raspberry,5,TH0,4,0,107,246,20.000,20.751,7283011,7283188,177,8.850000,SUCCESS,sync_counter,sync_with_sensor2_IC1_TH1
2026-05-21T16:26:09,93.3,34.0,sensor2_serial,1,1,5,1,120,246,20.000,20.751,14210027,16586594,2376567,118828.350000,SUCCESS,sync_sigmoid,sync_with_sensor1_matrix5
2026-05-21T16:26:32,93.3,34.0,sensor1_raspberry,5,TH0,4,0,107,245,20.000,20.770,7283203,7283330,127,6.350000,SUCCESS,sync_counter,sync_with_sensor2_IC1_TH1
2026-05-21T16:26:32,93.3,34.0,sensor2_serial,1,1,5,1,120,245,20.000,20.770,39799,1715170,1675371,83768.550000,SUCCESS,sync_sigmoid,sync_with_sensor1_matrix5
2026-05-21T16:26:55,93.3,34.0,sensor1_raspberry,5,TH0,4,0,107,244,20.000,20.720,7283345,7283472,127,6.350000,SUCCESS,sync_counter,sync_with_sensor2_IC1_TH1
2026-05-21T16:26:55,93.3,34.0,sensor2_serial,1,1,5,1,120,244,20.000,20.720,1892419,2928489,1036070,51803.500000,SUCCESS,sync_sigmoid,sync_with_sensor1_matrix5
2026-05-21T16:27:18,93.3,34.0,sensor1_raspberry,5,TH0,4,0,107,243,20.000,20.750,7283488,7283631,143,7.150000,SUCCESS,sync_counter,sync_with_sensor2_IC1_TH1
2026-05-21T16:27:18,93.3,34.0,sensor2_serial,1,1,5,1,120,243,20.000,20.750,3023602,3845777,822175,41108.750000,SUCCESS,sync_sigmoid,sync_with_sensor1_matrix5
2026-05-21T16:27:41,93.3,34.0,sensor1_raspberry,5,TH0,4,0,107,242,20.000,20.761,7283640,7283760,120,6.000000,SUCCESS,sync_counter,sync_with_sensor2_IC1_TH1
2026-05-21T16:27:41,93.3,34.0,sensor2_serial,1,1,5,1,120,242,20.000,20.761,3918594,4292980,374386,18719.300000,SUCCESS,sync_sigmoid,sync_with_sensor1_matrix5
2026-05-21T16:28:03,93.3,34.0,sensor1_raspberry,5,TH0,4,0,107,241,20.000,20.795,7283782,7283909,127,6.350000,SUCCESS,sync_counter,sync_with_sensor2_IC1_TH1
2026-05-21T16:28:03,93.3,34.0,sensor2_serial,1,1,5,1,120,241,20.000,20.795,4327817,4478748,150931,7546.550000,SUCCESS,sync_sigmoid,sync_with_sensor1_matrix5
2026-05-21T16:28:26,93.3,34.0,sensor1_raspberry,5,TH0,4,0,107,240,20.000,20.731,7283920,7284064,144,7.200000,SUCCESS,sync_counter,sync_with_sensor2_IC1_TH1
2026-05-21T16:28:26,93.3,34.0,sensor2_serial,1,1,5,1,120,240,20.000,20.731,4494734,4573759,79025,3951.250000,SUCCESS,sync_sigmoid,sync_with_sensor1_matrix5
2026-05-21T16:28:49,93.3,34.0,sensor1_raspberry,5,TH0,4,0,107,239,20.000,20.739,7284075,7284214,139,6.950000,SUCCESS,sync_counter,sync_with_sensor2_IC1_TH1
2026-05-21T16:28:49,93.3,34.0,sensor2_serial,1,1,5,1,120,239,20.000,20.739,4582194,4642261,60067,3003.350000,SUCCESS,sync_sigmoid,sync_with_sensor1_matrix5
2026-05-21T16:29:12,93.3,34.0,sensor1_raspberry,5,TH0,4,0,107,238,20.000,20.755,7284229,7284369,140,7.000000,SUCCESS,sync_counter,sync_with_sensor2_IC1_TH1
2026-05-21T16:29:12,93.3,34.0,sensor2_serial,1,1,5,1,120,238,20.000,20.755,4647024,4667281,20257,1012.850000,SUCCESS,sync_sigmoid,sync_with_sensor1_matrix5
2026-05-21T16:29:35,93.3,34.0,sensor1_raspberry,5,TH0,4,0,107,237,20.000,20.751,7284382,7284532,150,7.500000,SUCCESS,sync_counter,sync_with_sensor2_IC1_TH1
2026-05-21T16:29:35,93.3,34.0,sensor2_serial,1,1,5,1,120,237,20.000,20.751,4669257,4675330,6073,303.650000,SUCCESS,sync_sigmoid,sync_with_sensor1_matrix5
2026-05-21T16:29:58,93.3,34.0,sensor1_raspberry,5,TH0,4,0,107,236,20.000,20.753,7284547,7284703,156,7.800000,SUCCESS,sync_counter,sync_with_sensor2_IC1_TH1
2026-05-21T16:29:58,93.3,34.0,sensor2_serial,1,1,5,1,120,236,20.000,20.753,4675962,4678151,2189,109.450000,SUCCESS,sync_sigmoid,sync_with_sensor1_matrix5
2026-05-21T16:30:21,93.3,34.0,sensor1_raspberry,5,TH0,4,0,107,235,20.000,20.702,7284720,7284855,135,6.750000,SUCCESS,sync_counter,sync_with_sensor2_IC1_TH1
2026-05-21T16:30:21,93.3,34.0,sensor2_serial,1,1,5,1,120,235,20.000,20.702,4678474,4680343,1869,93.450000,SUCCESS,sync_sigmoid,sync_with_sensor1_matrix5
2026-05-21T16:30:43,93.3,34.0,sensor1_raspberry,5,TH0,4,0,107,234,20.000,20.748,7284869,7285012,143,7.150000,SUCCESS,sync_counter,sync_with_sensor2_IC1_TH1
2026-05-21T16:30:43,93.3,34.0,sensor2_serial,1,1,5,1,120,234,20.000,20.748,4680522,4681191,669,33.450000,SUCCESS,sync_sigmoid,sync_with_sensor1_matrix5
2026-05-21T16:31:06,93.3,34.0,sensor1_raspberry,5,TH0,4,0,107,233,20.000,20.772,7285027,7285183,156,7.800000,SUCCESS,sync_counter,sync_with_sensor2_IC1_TH1
2026-05-21T16:31:06,93.3,34.0,sensor2_serial,1,1,5,1,120,233,20.000,20.772,4681263,4681506,243,12.150000,SUCCESS,sync_sigmoid,sync_with_sensor1_matrix5
2026-05-21T16:31:29,93.3,34.0,sensor1_raspberry,5,TH0,4,0,107,232,20.000,20.760,7285190,7285319,129,6.450000,SUCCESS,sync_counter,sync_with_sensor2_IC1_TH1
2026-05-21T16:31:29,93.3,34.0,sensor2_serial,1,1,5,1,120,232,20.000,20.760,4681548,4681717,169,8.450000,SUCCESS,sync_sigmoid,sync_with_sensor1_matrix5
2026-05-21T16:31:52,93.3,34.0,sensor1_raspberry,5,TH0,4,0,107,231,20.000,20.772,7285334,7285484,150,7.500000,SUCCESS,sync_counter,sync_with_sensor2_IC1_TH1
2026-05-21T16:31:52,93.3,34.0,sensor2_serial,1,1,5,1,120,231,20.000,20.772,4681755,4681883,128,6.400000,SUCCESS,sync_sigmoid,sync_with_sensor1_matrix5
2026-05-21T16:32:15,93.3,34.0,sensor1_raspberry,5,TH0,4,0,107,230,20.000,20.780,7285497,7285629,132,6.600000,SUCCESS,sync_counter,sync_with_sensor2_IC1_TH1
2026-05-21T16:32:15,93.3,34.0,sensor2_serial,1,1,5,1,120,230,20.000,20.780,4681907,4681994,87,4.350000,SUCCESS,sync_sigmoid,sync_with_sensor1_matrix5
2026-05-21T16:32:38,93.3,34.0,sensor1_raspberry,5,TH0,4,0,107,229,20.000,20.769,7285639,7285765,126,6.300000,SUCCESS,sync_counter,sync_with_sensor2_IC1_TH1
2026-05-21T16:32:38,93.3,34.0,sensor2_serial,1,1,5,1,120,229,20.000,20.769,4682020,4682123,103,5.150000,SUCCESS,sync_sigmoid,sync_with_sensor1_matrix5
2026-05-21T16:33:01,93.3,34.0,sensor1_raspberry,5,TH0,4,0,107,228,20.000,20.753,7285775,7285949,174,8.700000,SUCCESS,sync_counter,sync_with_sensor2_IC1_TH1
2026-05-21T16:33:01,93.3,34.0,sensor2_serial,1,1,5,1,120,228,20.000,20.753,4682146,4682248,102,5.100000,SUCCESS,sync_sigmoid,sync_with_sensor1_matrix5
2026-05-21T16:33:23,93.3,34.0,sensor1_raspberry,5,TH0,4,0,107,227,20.000,20.755,7285963,7286107,144,7.200000,SUCCESS,sync_counter,sync_with_sensor2_IC1_TH1
2026-05-21T16:33:23,93.3,34.0,sensor2_serial,1,1,5,1,120,227,20.000,20.755,4682269,4682382,113,5.650000,SUCCESS,sync_sigmoid,sync_with_sensor1_matrix5
2026-05-21T16:33:46,93.3,34.0,sensor1_raspberry,5,TH0,4,0,107,226,20.000,20.759,7286116,7286232,116,5.800000,SUCCESS,sync_counter,sync_with_sensor2_IC1_TH1
2026-05-21T16:33:46,93.3,34.0,sensor2_serial,1,1,5,1,120,226,20.000,20.759,4682399,4682483,84,4.200000,SUCCESS,sync_sigmoid,sync_with_sensor1_matrix5
2026-05-21T16:34:09,93.3,34.0,sensor1_raspberry,5,TH0,4,0,107,225,20.000,20.731,7286240,7286363,123,6.150000,SUCCESS,sync_counter,sync_with_sensor2_IC1_TH1
2026-05-21T16:34:09,93.3,34.0,sensor2_serial,1,1,5,1,120,225,20.000,20.731,4682509,4682597,88,4.400000,SUCCESS,sync_sigmoid,sync_with_sensor1_matrix5
2026-05-21T16:34:32,93.3,34.0,sensor1_raspberry,5,TH0,4,0,107,224,20.000,20.752,7286378,7286497,119,5.950000,SUCCESS,sync_counter,sync_with_sensor2_IC1_TH1
2026-05-21T16:34:32,93.3,34.0,sensor2_serial,1,1,5,1,120,224,20.000,20.752,4682617,4682717,100,5.000000,SUCCESS,sync_sigmoid,sync_with_sensor1_matrix5
2026-05-21T16:34:55,93.3,34.0,sensor1_raspberry,5,TH0,4,0,107,223,20.000,20.758,7286508,7286626,118,5.900000,SUCCESS,sync_counter,sync_with_sensor2_IC1_TH1
2026-05-21T16:34:55,93.3,34.0,sensor2_serial,1,1,5,1,120,223,20.000,20.758,4682739,4682824,85,4.250000,SUCCESS,sync_sigmoid,sync_with_sensor1_matrix5
2026-05-21T16:35:18,93.3,34.0,sensor1_raspberry,5,TH0,4,0,107,222,20.000,20.767,7286641,7286778,137,6.850000,SUCCESS,sync_counter,sync_with_sensor2_IC1_TH1
2026-05-21T16:35:18,93.3,34.0,sensor2_serial,1,1,5,1,120,222,20.000,20.767,4682839,4682930,91,4.550000,SUCCESS,sync_sigmoid,sync_with_sensor1_matrix5
2026-05-21T16:35:41,93.3,34.0,sensor1_raspberry,5,TH0,4,0,107,221,20.000,20.737,7286793,7286921,128,6.400000,SUCCESS,sync_counter,sync_with_sensor2_IC1_TH1
2026-05-21T16:35:41,93.3,34.0,sensor2_serial,1,1,5,1,120,221,20.000,20.737,4682953,4683036,83,4.150000,SUCCESS,sync_sigmoid,sync_with_sensor1_matrix5
2026-05-21T16:36:03,93.3,34.0,sensor1_raspberry,5,TH0,4,0,107,220,20.000,20.738,7286933,7287075,142,7.100000,SUCCESS,sync_counter,sync_with_sensor2_IC1_TH1
2026-05-21T16:36:03,93.3,34.0,sensor2_serial,1,1,5,1,120,220,20.000,20.738,4683051,4683132,81,4.050000,SUCCESS,sync_sigmoid,sync_with_sensor1_matrix5
2026-05-21T16:36:26,93.3,34.0,sensor1_raspberry,5,TH0,4,0,107,219,20.000,20.710,7287089,7287190,101,5.050000,SUCCESS,sync_counter,sync_with_sensor2_IC1_TH1
2026-05-21T16:36:26,93.3,34.0,sensor2_serial,1,1,5,1,120,219,20.000,20.710,4683148,4683216,68,3.400000,SUCCESS,sync_sigmoid,sync_with_sensor1_matrix5
2026-05-21T16:36:49,93.3,34.0,sensor1_raspberry,5,TH0,4,0,107,218,20.000,20.757,7287200,7287330,130,6.500000,SUCCESS,sync_counter,sync_with_sensor2_IC1_TH1
2026-05-21T16:36:49,93.3,34.0,sensor2_serial,1,1,5,1,120,218,20.000,20.757,4683230,4683296,66,3.300000,SUCCESS,sync_sigmoid,sync_with_sensor1_matrix5
2026-05-21T16:37:12,93.3,34.0,sensor1_raspberry,5,TH0,4,0,107,217,20.000,20.747,7287348,7287501,153,7.650000,SUCCESS,sync_counter,sync_with_sensor2_IC1_TH1
2026-05-21T16:37:12,93.3,34.0,sensor2_serial,1,1,5,1,120,217,20.000,20.747,4683309,4683366,57,2.850000,SUCCESS,sync_sigmoid,sync_with_sensor1_matrix5
2026-05-21T16:37:35,93.3,34.0,sensor1_raspberry,5,TH0,4,0,107,216,20.000,20.763,7287512,7287654,142,7.100000,SUCCESS,sync_counter,sync_with_sensor2_IC1_TH1
2026-05-21T16:37:35,93.3,34.0,sensor2_serial,1,1,5,1,120,216,20.000,20.763,4683375,4683448,73,3.650000,SUCCESS,sync_sigmoid,sync_with_sensor1_matrix5
2026-05-21T16:37:58,93.3,34.0,sensor1_raspberry,5,TH0,4,0,107,215,20.000,20.773,7287663,7287776,113,5.650000,SUCCESS,sync_counter,sync_with_sensor2_IC1_TH1
2026-05-21T16:37:58,93.3,34.0,sensor2_serial,1,1,5,1,120,215,20.000,20.773,4683460,4683535,75,3.750000,SUCCESS,sync_sigmoid,sync_with_sensor1_matrix5
2026-05-21T16:38:20,93.3,34.0,sensor1_raspberry,5,TH0,4,0,107,214,20.000,20.738,7287788,7287909,121,6.050000,SUCCESS,sync_counter,sync_with_sensor2_IC1_TH1
2026-05-21T16:38:20,93.3,34.0,sensor2_serial,1,1,5,1,120,214,20.000,20.738,4683548,4683615,67,3.350000,SUCCESS,sync_sigmoid,sync_with_sensor1_matrix5
2026-05-21T16:38:43,93.3,34.0,sensor1_raspberry,5,TH0,4,0,107,213,20.000,20.775,7287925,7288035,110,5.500000,SUCCESS,sync_counter,sync_with_sensor2_IC1_TH1
2026-05-21T16:38:43,93.3,34.0,sensor2_serial,1,1,5,1,120,213,20.000,20.775,4683629,4683680,51,2.550000,SUCCESS,sync_sigmoid,sync_with_sensor1_matrix5
2026-05-21T16:39:06,93.3,34.0,sensor1_raspberry,5,TH0,4,0,107,212,20.000,20.742,7288050,7288184,134,6.700000,SUCCESS,sync_counter,sync_with_sensor2_IC1_TH1
2026-05-21T16:39:06,93.3,34.0,sensor2_serial,1,1,5,1,120,212,20.000,20.742,4683687,4683757,70,3.500000,SUCCESS,sync_sigmoid,sync_with_sensor1_matrix5
2026-05-21T16:39:29,93.3,34.0,sensor1_raspberry,5,TH0,4,0,107,211,20.000,20.758,7288198,7288321,123,6.150000,SUCCESS,sync_counter,sync_with_sensor2_IC1_TH1
2026-05-21T16:39:29,93.3,34.0,sensor2_serial,1,1,5,1,120,211,20.000,20.758,4683767,4683823,56,2.800000,SUCCESS,sync_sigmoid,sync_with_sensor1_matrix5
2026-05-21T16:39:52,93.3,34.0,sensor1_raspberry,5,TH0,4,0,107,210,20.000,20.743,7288334,7288454,120,6.000000,SUCCESS,sync_counter,sync_with_sensor2_IC1_TH1
2026-05-21T16:39:52,93.3,34.0,sensor2_serial,1,1,5,1,120,210,20.000,20.743,4683839,4683905,66,3.300000,SUCCESS,sync_sigmoid,sync_with_sensor1_matrix5
2026-05-21T16:40:15,93.3,34.0,sensor1_raspberry,5,TH0,4,0,107,209,20.000,20.763,7288470,7288585,115,5.750000,SUCCESS,sync_counter,sync_with_sensor2_IC1_TH1
2026-05-21T16:40:15,93.3,34.0,sensor2_serial,1,1,5,1,120,209,20.000,20.763,4683913,4683972,59,2.950000,SUCCESS,sync_sigmoid,sync_with_sensor1_matrix5
2026-05-21T16:40:38,93.3,34.0,sensor1_raspberry,5,TH0,4,0,107,208,20.000,20.744,7288600,7288686,86,4.300000,SUCCESS,sync_counter,sync_with_sensor2_IC1_TH1
2026-05-21T16:40:38,93.3,34.0,sensor2_serial,1,1,5,1,120,208,20.000,20.744,4683983,4684030,47,2.350000,SUCCESS,sync_sigmoid,sync_with_sensor1_matrix5
2026-05-21T16:41:00,93.3,34.0,sensor1_raspberry,5,TH0,4,0,107,207,20.000,20.740,7288696,7288824,128,6.400000,SUCCESS,sync_counter,sync_with_sensor2_IC1_TH1
2026-05-21T16:41:00,93.3,34.0,sensor2_serial,1,1,5,1,120,207,20.000,20.740,4684037,4684094,57,2.850000,SUCCESS,sync_sigmoid,sync_with_sensor1_matrix5
2026-05-21T16:41:23,93.3,34.0,sensor1_raspberry,5,TH0,4,0,107,206,20.000,20.745,7288833,7288948,115,5.750000,SUCCESS,sync_counter,sync_with_sensor2_IC1_TH1
2026-05-21T16:41:23,93.3,34.0,sensor2_serial,1,1,5,1,120,206,20.000,20.745,4684102,4684151,49,2.450000,SUCCESS,sync_sigmoid,sync_with_sensor1_matrix5
2026-05-21T16:41:46,93.3,34.0,sensor1_raspberry,5,TH0,4,0,107,205,20.000,20.752,7288968,7289077,109,5.450000,SUCCESS,sync_counter,sync_with_sensor2_IC1_TH1
2026-05-21T16:41:46,93.3,34.0,sensor2_serial,1,1,5,1,120,205,20.000,20.752,4684154,4684203,49,2.450000,SUCCESS,sync_sigmoid,sync_with_sensor1_matrix5
2026-05-21T16:42:09,93.3,34.0,sensor1_raspberry,5,TH0,4,0,107,204,20.000,20.750,7289087,7289190,103,5.150000,SUCCESS,sync_counter,sync_with_sensor2_IC1_TH1
2026-05-21T16:42:09,93.3,34.0,sensor2_serial,1,1,5,1,120,204,20.000,20.750,4684207,4684243,36,1.800000,SUCCESS,sync_sigmoid,sync_with_sensor1_matrix5
2026-05-21T16:42:32,93.3,34.0,sensor1_raspberry,5,TH0,4,0,107,203,20.000,20.762,7289200,7289315,115,5.750000,SUCCESS,sync_counter,sync_with_sensor2_IC1_TH1
2026-05-21T16:42:32,93.3,34.0,sensor2_serial,1,1,5,1,120,203,20.000,20.762,4684249,4684297,48,2.400000,SUCCESS,sync_sigmoid,sync_with_sensor1_matrix5
2026-05-21T16:42:55,93.3,34.0,sensor1_raspberry,5,TH0,4,0,107,202,20.000,20.765,7289328,7289431,103,5.150000,SUCCESS,sync_counter,sync_with_sensor2_IC1_TH1
2026-05-21T16:42:55,93.3,34.0,sensor2_serial,1,1,5,1,120,202,20.000,20.765,4684304,4684342,38,1.900000,SUCCESS,sync_sigmoid,sync_with_sensor1_matrix5
2026-05-21T16:43:18,93.3,34.0,sensor1_raspberry,5,TH0,4,0,107,201,20.000,20.765,7289444,7289543,99,4.950000,SUCCESS,sync_counter,sync_with_sensor2_IC1_TH1
2026-05-21T16:43:18,93.3,34.0,sensor2_serial,1,1,5,1,120,201,20.000,20.765,4684348,4684384,36,1.800000,SUCCESS,sync_sigmoid,sync_with_sensor1_matrix5
2026-05-21T16:43:40,93.3,34.0,sensor1_raspberry,5,TH0,4,0,107,200,20.000,20.775,7289552,7289659,107,5.350000,SUCCESS,sync_counter,sync_with_sensor2_IC1_TH1
2026-05-21T16:43:40,93.3,34.0,sensor2_serial,1,1,5,1,120,200,20.000,20.775,4684390,4684426,36,1.800000,SUCCESS,sync_sigmoid,sync_with_sensor1_matrix5
2026-05-21T16:44:03,93.3,34.0,sensor1_raspberry,5,TH0,4,0,107,199,20.000,20.804,7289671,7289765,94,4.700000,SUCCESS,sync_counter,sync_with_sensor2_IC1_TH1
2026-05-21T16:44:03,93.3,34.0,sensor2_serial,1,1,5,1,120,199,20.000,20.804,4684434,4684465,31,1.550000,SUCCESS,sync_sigmoid,sync_with_sensor1_matrix5
2026-05-21T16:44:26,93.3,34.0,sensor1_raspberry,5,TH0,4,0,107,198,20.000,20.733,7289783,7289902,119,5.950000,SUCCESS,sync_counter,sync_with_sensor2_IC1_TH1
2026-05-21T16:44:26,93.3,34.0,sensor2_serial,1,1,5,1,120,198,20.000,20.733,4684469,4684504,35,1.750000,SUCCESS,sync_sigmoid,sync_with_sensor1_matrix5
2026-05-21T16:44:49,93.3,34.0,sensor1_raspberry,5,TH0,4,0,107,197,20.000,20.722,7289914,7289990,76,3.800000,SUCCESS,sync_counter,sync_with_sensor2_IC1_TH1
2026-05-21T16:44:49,93.3,34.0,sensor2_serial,1,1,5,1,120,197,20.000,20.722,4684508,4684547,39,1.950000,SUCCESS,sync_sigmoid,sync_with_sensor1_matrix5
2026-05-21T16:45:12,93.3,34.0,sensor1_raspberry,5,TH0,4,0,107,196,20.000,20.799,7289999,7290088,89,4.450000,SUCCESS,sync_counter,sync_with_sensor2_IC1_TH1
2026-05-21T16:45:12,93.3,34.0,sensor2_serial,1,1,5,1,120,196,20.000,20.799,4684549,4684575,26,1.300000,SUCCESS,sync_sigmoid,sync_with_sensor1_matrix5
2026-05-21T16:45:35,93.3,34.0,sensor1_raspberry,5,TH0,4,0,107,195,20.000,20.740,7290102,7290195,93,4.650000,SUCCESS,sync_counter,sync_with_sensor2_IC1_TH1
2026-05-21T16:45:35,93.3,34.0,sensor2_serial,1,1,5,1,120,195,20.000,20.740,4684578,4684598,20,1.000000,SUCCESS,sync_sigmoid,sync_with_sensor1_matrix5
2026-05-21T16:45:58,93.3,34.0,sensor1_raspberry,5,TH0,4,0,107,194,20.000,20.753,7290204,7290284,80,4.000000,SUCCESS,sync_counter,sync_with_sensor2_IC1_TH1
2026-05-21T16:45:58,93.3,34.0,sensor2_serial,1,1,5,1,120,194,20.000,20.753,4684600,4684614,14,0.700000,SUCCESS,sync_sigmoid,sync_with_sensor1_matrix5
2026-05-21T16:46:20,93.3,34.0,sensor1_raspberry,5,TH0,4,0,107,193,20.000,20.744,7290292,7290379,87,4.350000,SUCCESS,sync_counter,sync_with_sensor2_IC1_TH1
2026-05-21T16:46:20,93.3,34.0,sensor2_serial,1,1,5,1,120,193,20.000,20.744,4684616,4684648,32,1.600000,SUCCESS,sync_sigmoid,sync_with_sensor1_matrix5
2026-05-21T16:46:43,93.3,34.0,sensor1_raspberry,5,TH0,4,0,107,192,20.000,20.749,7290395,7290460,65,3.250000,SUCCESS,sync_counter,sync_with_sensor2_IC1_TH1
2026-05-21T16:46:43,93.3,34.0,sensor2_serial,1,1,5,1,120,192,20.000,20.749,4684649,4684675,26,1.300000,SUCCESS,sync_sigmoid,sync_with_sensor1_matrix5
2026-05-21T16:47:06,93.3,34.0,sensor1_raspberry,5,TH0,4,0,107,191,20.000,20.731,7290470,7290555,85,4.250000,SUCCESS,sync_counter,sync_with_sensor2_IC1_TH1
2026-05-21T16:47:06,93.3,34.0,sensor2_serial,1,1,5,1,120,191,20.000,20.731,4684682,4684702,20,1.000000,SUCCESS,sync_sigmoid,sync_with_sensor1_matrix5
2026-05-21T16:47:29,93.3,34.0,sensor1_raspberry,5,TH0,4,0,107,190,20.000,20.763,7290569,7290651,82,4.100000,SUCCESS,sync_counter,sync_with_sensor2_IC1_TH1
2026-05-21T16:47:29,93.3,34.0,sensor2_serial,1,1,5,1,120,190,20.000,20.763,4684705,4684737,32,1.600000,SUCCESS,sync_sigmoid,sync_with_sensor1_matrix5
2026-05-21T16:47:52,93.3,34.0,sensor1_raspberry,5,TH0,4,0,107,189,20.000,20.742,7290661,7290747,86,4.300000,SUCCESS,sync_counter,sync_with_sensor2_IC1_TH1
2026-05-21T16:47:52,93.3,34.0,sensor2_serial,1,1,5,1,120,189,20.000,20.742,4684741,4684762,21,1.050000,SUCCESS,sync_sigmoid,sync_with_sensor1_matrix5
2026-05-21T16:48:15,93.3,34.0,sensor1_raspberry,5,TH0,4,0,107,188,20.000,20.760,7290760,7290848,88,4.400000,SUCCESS,sync_counter,sync_with_sensor2_IC1_TH1
2026-05-21T16:48:15,93.3,34.0,sensor2_serial,1,1,5,1,120,188,20.000,20.760,4684766,4684784,18,0.900000,SUCCESS,sync_sigmoid,sync_with_sensor1_matrix5
2026-05-21T16:48:38,93.3,34.0,sensor1_raspberry,5,TH0,4,0,107,187,20.000,20.766,7290855,7290944,89,4.450000,SUCCESS,sync_counter,sync_with_sensor2_IC1_TH1
2026-05-21T16:48:38,93.3,34.0,sensor2_serial,1,1,5,1,120,187,20.000,20.766,4684786,4684807,21,1.050000,SUCCESS,sync_sigmoid,sync_with_sensor1_matrix5
2026-05-21T16:49:00,93.3,34.0,sensor1_raspberry,5,TH0,4,0,107,186,20.000,20.801,7290949,7291031,82,4.100000,SUCCESS,sync_counter,sync_with_sensor2_IC1_TH1
2026-05-21T16:49:00,93.3,34.0,sensor2_serial,1,1,5,1,120,186,20.000,20.801,4684811,4684832,21,1.050000,SUCCESS,sync_sigmoid,sync_with_sensor1_matrix5
2026-05-21T16:49:23,93.3,34.0,sensor1_raspberry,5,TH0,4,0,107,185,20.000,20.761,7291034,7291114,80,4.000000,SUCCESS,sync_counter,sync_with_sensor2_IC1_TH1
2026-05-21T16:49:23,93.3,34.0,sensor2_serial,1,1,5,1,120,185,20.000,20.761,4684838,4684850,12,0.600000,SUCCESS,sync_sigmoid,sync_with_sensor1_matrix5
2026-05-21T16:49:46,93.3,34.0,sensor1_raspberry,5,TH0,4,0,107,184,20.000,20.745,7291120,7291205,85,4.250000,SUCCESS,sync_counter,sync_with_sensor2_IC1_TH1
2026-05-21T16:49:46,93.3,34.0,sensor2_serial,1,1,5,1,120,184,20.000,20.745,4684855,4684866,11,0.550000,SUCCESS,sync_sigmoid,sync_with_sensor1_matrix5
2026-05-21T16:50:09,93.3,34.0,sensor1_raspberry,5,TH0,4,0,107,183,20.000,20.743,7291210,7291279,69,3.450000,SUCCESS,sync_counter,sync_with_sensor2_IC1_TH1
2026-05-21T16:50:09,93.3,34.0,sensor2_serial,1,1,5,1,120,183,20.000,20.743,4684869,4684885,16,0.800000,SUCCESS,sync_sigmoid,sync_with_sensor1_matrix5
2026-05-21T16:50:32,93.3,34.0,sensor1_raspberry,5,TH0,4,0,107,182,20.000,20.724,7291287,7291351,64,3.200000,SUCCESS,sync_counter,sync_with_sensor2_IC1_TH1
2026-05-21T16:50:32,93.3,34.0,sensor2_serial,1,1,5,1,120,182,20.000,20.724,4684886,4684899,13,0.650000,SUCCESS,sync_sigmoid,sync_with_sensor1_matrix5
2026-05-21T16:50:55,93.3,34.0,sensor1_raspberry,5,TH0,4,0,107,181,20.000,20.752,7291358,7291428,70,3.500000,SUCCESS,sync_counter,sync_with_sensor2_IC1_TH1
2026-05-21T16:50:55,93.3,34.0,sensor2_serial,1,1,5,1,120,181,20.000,20.752,4684900,4684916,16,0.800000,SUCCESS,sync_sigmoid,sync_with_sensor1_matrix5
2026-05-21T16:51:17,93.3,34.0,sensor1_raspberry,5,TH0,4,0,107,180,20.000,20.757,7291433,7291491,58,2.900000,SUCCESS,sync_counter,sync_with_sensor2_IC1_TH1
2026-05-21T16:51:17,93.3,34.0,sensor2_serial,1,1,5,1,120,180,20.000,20.757,4684918,4684934,16,0.800000,SUCCESS,sync_sigmoid,sync_with_sensor1_matrix5
2026-05-21T16:51:40,93.3,34.0,sensor1_raspberry,5,TH0,4,0,107,179,20.000,20.744,7291496,7291558,62,3.100000,SUCCESS,sync_counter,sync_with_sensor2_IC1_TH1
2026-05-21T16:51:40,93.3,34.0,sensor2_serial,1,1,5,1,120,179,20.000,20.744,4684937,4684948,11,0.550000,SUCCESS,sync_sigmoid,sync_with_sensor1_matrix5
2026-05-21T16:52:03,93.3,34.0,sensor1_raspberry,5,TH0,4,0,107,178,20.000,20.735,7291566,7291614,48,2.400000,SUCCESS,sync_counter,sync_with_sensor2_IC1_TH1
2026-05-21T16:52:03,93.3,34.0,sensor2_serial,1,1,5,1,120,178,20.000,20.735,4684950,4684964,14,0.700000,SUCCESS,sync_sigmoid,sync_with_sensor1_matrix5
2026-05-21T16:52:26,93.3,34.0,sensor1_raspberry,5,TH0,4,0,107,177,20.000,20.742,7291623,7291669,46,2.300000,SUCCESS,sync_counter,sync_with_sensor2_IC1_TH1
2026-05-21T16:52:26,93.3,34.0,sensor2_serial,1,1,5,1,120,177,20.000,20.742,4684965,4684976,11,0.550000,SUCCESS,sync_sigmoid,sync_with_sensor1_matrix5
2026-05-21T16:52:49,93.3,34.0,sensor1_raspberry,5,TH0,4,0,107,176,20.000,20.760,7291675,7291714,39,1.950000,SUCCESS,sync_counter,sync_with_sensor2_IC1_TH1
2026-05-21T16:52:49,93.3,34.0,sensor2_serial,1,1,5,1,120,176,20.000,20.760,4684977,4684987,10,0.500000,SUCCESS,sync_sigmoid,sync_with_sensor1_matrix5
2026-05-21T16:53:12,93.3,34.0,sensor1_raspberry,5,TH0,4,0,107,175,20.000,20.752,7291718,7291750,32,1.600000,SUCCESS,sync_counter,sync_with_sensor2_IC1_TH1
2026-05-21T16:53:12,93.3,34.0,sensor2_serial,1,1,5,1,120,175,20.000,20.752,4684990,4684997,7,0.350000,SUCCESS,sync_sigmoid,sync_with_sensor1_matrix5
2026-05-21T16:53:35,93.3,34.0,sensor1_raspberry,5,TH0,4,0,107,174,20.000,20.736,7291752,7291803,51,2.550000,SUCCESS,sync_counter,sync_with_sensor2_IC1_TH1
2026-05-21T16:53:35,93.3,34.0,sensor2_serial,1,1,5,1,120,174,20.000,20.736,4684999,4685013,14,0.700000,SUCCESS,sync_sigmoid,sync_with_sensor1_matrix5
2026-05-21T16:53:57,93.3,34.0,sensor1_raspberry,5,TH0,4,0,107,173,20.000,20.778,7291809,7291846,37,1.850000,SUCCESS,sync_counter,sync_with_sensor2_IC1_TH1
2026-05-21T16:53:57,93.3,34.0,sensor2_serial,1,1,5,1,120,173,20.000,20.778,4685013,4685021,8,0.400000,SUCCESS,sync_sigmoid,sync_with_sensor1_matrix5
2026-05-21T16:54:20,93.3,34.0,sensor1_raspberry,5,TH0,4,0,107,172,20.000,20.747,7291849,7291889,40,2.000000,SUCCESS,sync_counter,sync_with_sensor2_IC1_TH1
2026-05-21T16:54:20,93.3,34.0,sensor2_serial,1,1,5,1,120,172,20.000,20.747,4685021,4685026,5,0.250000,SUCCESS,sync_sigmoid,sync_with_sensor1_matrix5
2026-05-21T16:54:43,93.3,34.0,sensor1_raspberry,5,TH0,4,0,107,171,20.000,20.789,7291893,7291928,35,1.750000,SUCCESS,sync_counter,sync_with_sensor2_IC1_TH1
2026-05-21T16:54:43,93.3,34.0,sensor2_serial,1,1,5,1,120,171,20.000,20.789,4685027,4685034,7,0.350000,SUCCESS,sync_sigmoid,sync_with_sensor1_matrix5
2026-05-21T16:55:06,93.3,34.0,sensor1_raspberry,5,TH0,4,0,107,170,20.000,20.785,7291932,7291950,18,0.900000,SUCCESS,sync_counter,sync_with_sensor2_IC1_TH1
2026-05-21T16:55:06,93.3,34.0,sensor2_serial,1,1,5,1,120,170,20.000,20.785,4685035,4685045,10,0.500000,SUCCESS,sync_sigmoid,sync_with_sensor1_matrix5
2026-05-21T16:55:29,93.3,34.0,sensor1_raspberry,5,TH0,4,0,107,169,20.000,20.752,7291956,7291983,27,1.350000,SUCCESS,sync_counter,sync_with_sensor2_IC1_TH1
2026-05-21T16:55:29,93.3,34.0,sensor2_serial,1,1,5,1,120,169,20.000,20.752,4685045,4685050,5,0.250000,SUCCESS,sync_sigmoid,sync_with_sensor1_matrix5
2026-05-21T16:55:52,93.3,34.0,sensor1_raspberry,5,TH0,4,0,107,168,20.000,20.749,7291988,7292011,23,1.150000,SUCCESS,sync_counter,sync_with_sensor2_IC1_TH1
2026-05-21T16:55:52,93.3,34.0,sensor2_serial,1,1,5,1,120,168,20.000,20.749,4685051,4685057,6,0.300000,SUCCESS,sync_sigmoid,sync_with_sensor1_matrix5
2026-05-21T16:56:15,93.3,34.0,sensor1_raspberry,5,TH0,4,0,107,167,20.000,20.737,7292013,7292043,30,1.500000,SUCCESS,sync_counter,sync_with_sensor2_IC1_TH1
2026-05-21T16:56:15,93.3,34.0,sensor2_serial,1,1,5,1,120,167,20.000,20.737,4685058,4685064,6,0.300000,SUCCESS,sync_sigmoid,sync_with_sensor1_matrix5
2026-05-21T16:56:37,93.3,34.0,sensor1_raspberry,5,TH0,4,0,107,166,20.000,20.771,7292047,7292061,14,0.700000,SUCCESS,sync_counter,sync_with_sensor2_IC1_TH1
2026-05-21T16:56:37,93.3,34.0,sensor2_serial,1,1,5,1,120,166,20.000,20.771,4685064,4685071,7,0.350000,SUCCESS,sync_sigmoid,sync_with_sensor1_matrix5
2026-05-21T16:57:00,93.3,34.0,sensor1_raspberry,5,TH0,4,0,107,165,20.000,20.721,7292065,7292077,12,0.600000,SUCCESS,sync_counter,sync_with_sensor2_IC1_TH1
2026-05-21T16:57:00,93.3,34.0,sensor2_serial,1,1,5,1,120,165,20.000,20.721,4685072,4685078,6,0.300000,SUCCESS,sync_sigmoid,sync_with_sensor1_matrix5
2026-05-21T16:57:23,93.3,34.0,sensor1_raspberry,5,TH0,4,0,107,164,20.000,20.632,7292077,7292099,22,1.100000,SUCCESS,sync_counter,sync_with_sensor2_IC1_TH1
2026-05-21T16:57:23,93.3,34.0,sensor2_serial,1,1,5,1,120,164,20.000,20.632,4685079,4685084,5,0.250000,SUCCESS,sync_sigmoid,sync_with_sensor1_matrix5
2026-05-21T16:57:46,93.3,34.0,sensor1_raspberry,5,TH0,4,0,107,163,20.000,20.769,7292102,7292121,19,0.950000,SUCCESS,sync_counter,sync_with_sensor2_IC1_TH1
2026-05-21T16:57:46,93.3,34.0,sensor2_serial,1,1,5,1,120,163,20.000,20.769,4685085,4685086,1,0.050000,SUCCESS,sync_sigmoid,sync_with_sensor1_matrix5
2026-05-21T16:58:09,93.3,34.0,sensor1_raspberry,5,TH0,4,0,107,162,20.000,20.739,7292121,7292134,13,0.650000,SUCCESS,sync_counter,sync_with_sensor2_IC1_TH1
2026-05-21T16:58:09,93.3,34.0,sensor2_serial,1,1,5,1,120,162,20.000,20.739,4685087,4685092,5,0.250000,SUCCESS,sync_sigmoid,sync_with_sensor1_matrix5
2026-05-21T16:58:32,93.3,34.0,sensor1_raspberry,5,TH0,4,0,107,161,20.000,20.788,7292135,7292149,14,0.700000,SUCCESS,sync_counter,sync_with_sensor2_IC1_TH1
2026-05-21T16:58:32,93.3,34.0,sensor2_serial,1,1,5,1,120,161,20.000,20.788,4685092,4685098,6,0.300000,SUCCESS,sync_sigmoid,sync_with_sensor1_matrix5
2026-05-21T16:58:54,93.3,34.0,sensor1_raspberry,5,TH0,4,0,107,160,20.000,20.712,7292150,7292164,14,0.700000,SUCCESS,sync_counter,sync_with_sensor2_IC1_TH1
2026-05-21T16:58:54,93.3,34.0,sensor2_serial,1,1,5,1,120,160,20.000,20.712,4685098,4685104,6,0.300000,SUCCESS,sync_sigmoid,sync_with_sensor1_matrix5
2026-05-21T16:59:17,93.3,34.0,sensor1_raspberry,5,TH0,4,0,107,159,20.000,20.696,7292165,7292174,9,0.450000,SUCCESS,sync_counter,sync_with_sensor2_IC1_TH1
2026-05-21T16:59:17,93.3,34.0,sensor2_serial,1,1,5,1,120,159,20.000,20.696,4685104,4685106,2,0.100000,SUCCESS,sync_sigmoid,sync_with_sensor1_matrix5
2026-05-21T16:59:40,93.3,34.0,sensor1_raspberry,5,TH0,4,0,107,158,20.000,20.762,7292174,7292182,8,0.400000,SUCCESS,sync_counter,sync_with_sensor2_IC1_TH1
2026-05-21T16:59:40,93.3,34.0,sensor2_serial,1,1,5,1,120,158,20.000,20.762,4685106,4685107,1,0.050000,SUCCESS,sync_sigmoid,sync_with_sensor1_matrix5
2026-05-21T17:00:03,93.3,34.0,sensor1_raspberry,5,TH0,4,0,107,157,20.000,20.763,7292184,7292196,12,0.600000,SUCCESS,sync_counter,sync_with_sensor2_IC1_TH1
2026-05-21T17:00:03,93.3,34.0,sensor2_serial,1,1,5,1,120,157,20.000,20.763,4685107,4685109,2,0.100000,SUCCESS,sync_sigmoid,sync_with_sensor1_matrix5
2026-05-21T17:00:26,93.3,34.0,sensor1_raspberry,5,TH0,4,0,107,156,20.000,20.743,7292196,7292203,7,0.350000,SUCCESS,sync_counter,sync_with_sensor2_IC1_TH1
2026-05-21T17:00:26,93.3,34.0,sensor2_serial,1,1,5,1,120,156,20.000,20.743,4685109,4685110,1,0.050000,SUCCESS,sync_sigmoid,sync_with_sensor1_matrix5
2026-05-21T17:00:49,93.3,34.0,sensor1_raspberry,5,TH0,4,0,107,155,20.000,20.692,7292203,7292208,5,0.250000,SUCCESS,sync_counter,sync_with_sensor2_IC1_TH1
2026-05-21T17:00:49,93.3,34.0,sensor2_serial,1,1,5,1,120,155,20.000,20.692,4685110,4685111,1,0.050000,SUCCESS,sync_sigmoid,sync_with_sensor1_matrix5
2026-05-21T17:01:11,93.3,34.0,sensor1_raspberry,5,TH0,4,0,107,154,20.000,20.748,7292208,7292216,8,0.400000,SUCCESS,sync_counter,sync_with_sensor2_IC1_TH1
2026-05-21T17:01:11,93.3,34.0,sensor2_serial,1,1,5,1,120,154,20.000,20.748,4685111,4685111,0,0.000000,SUCCESS,sync_sigmoid,sync_with_sensor1_matrix5
2026-05-21T17:01:34,93.3,34.0,sensor1_raspberry,5,TH0,4,0,107,153,20.000,20.767,7292217,7292221,4,0.200000,SUCCESS,sync_counter,sync_with_sensor2_IC1_TH1
2026-05-21T17:01:34,93.3,34.0,sensor2_serial,1,1,5,1,120,153,20.000,20.767,4685111,4685111,0,0.000000,SUCCESS,sync_sigmoid,sync_with_sensor1_matrix5
2026-05-21T17:01:57,93.3,34.0,sensor1_raspberry,5,TH0,4,0,107,255,20.000,20.719,7746804,14896750,7149946,357497.300000,SUCCESS,sync_counter,sync_with_sensor2_IC1_TH2
2026-05-21T17:01:57,93.3,34.0,sensor2_serial,1,2,6,2,120,255,20.000,20.719,13002774,14739138,1736364,86818.200000,SUCCESS,sync_sigmoid,sync_with_sensor1_matrix5
2026-05-21T17:02:20,93.3,34.0,sensor1_raspberry,5,TH0,4,0,107,254,20.000,20.736,15491180,3610245,4896281,244814.050000,SUCCESS,sync_counter,sync_with_sensor2_IC1_TH2
2026-05-21T17:02:20,93.3,34.0,sensor2_serial,1,2,6,2,120,254,20.000,20.736,14896174,16516694,1620520,81026.000000,SUCCESS,sync_sigmoid,sync_with_sensor1_matrix5
2026-05-21T17:02:43,93.3,34.0,sensor1_raspberry,5,TH0,4,0,107,253,20.000,20.782,3879243,5028762,1149519,57475.950000,SUCCESS,sync_counter,sync_with_sensor2_IC1_TH2
2026-05-21T17:02:43,93.3,34.0,sensor2_serial,1,2,6,2,120,253,20.000,20.782,16687190,1608733,1698759,84937.950000,SUCCESS,sync_sigmoid,sync_with_sensor1_matrix5
2026-05-21T17:03:06,93.3,34.0,sensor1_raspberry,5,TH0,4,0,107,252,20.000,20.756,5109195,5541929,432734,21636.700000,SUCCESS,sync_counter,sync_with_sensor2_IC1_TH2
2026-05-21T17:03:06,93.3,34.0,sensor2_serial,1,2,6,2,120,252,20.000,20.756,1787339,3687320,1899981,94999.050000,SUCCESS,sync_sigmoid,sync_with_sensor1_matrix5
2026-05-21T17:03:29,93.3,34.0,sensor1_raspberry,5,TH0,4,0,107,251,20.000,20.759,5565131,5656190,91059,4552.950000,SUCCESS,sync_counter,sync_with_sensor2_IC1_TH2
2026-05-21T17:03:29,93.3,34.0,sensor2_serial,1,2,6,2,120,251,20.000,20.759,3870560,5904171,2033611,101680.550000,SUCCESS,sync_sigmoid,sync_with_sensor1_matrix5
2026-05-21T17:03:51,93.3,34.0,sensor1_raspberry,5,TH0,4,0,107,250,20.000,20.734,5661198,5685579,24381,1219.050000,SUCCESS,sync_counter,sync_with_sensor2_IC1_TH2
2026-05-21T17:03:51,93.3,34.0,sensor2_serial,1,2,6,2,120,250,20.000,20.734,6111705,8505235,2393530,119676.500000,SUCCESS,sync_sigmoid,sync_with_sensor1_matrix5
2026-05-21T17:04:14,93.3,34.0,sensor1_raspberry,5,TH0,4,0,107,249,20.000,20.736,5686747,5688605,1858,92.900000,SUCCESS,sync_counter,sync_with_sensor2_IC1_TH2
2026-05-21T17:04:14,93.3,34.0,sensor2_serial,1,2,6,2,120,249,20.000,20.736,8733957,11185390,2451433,122571.650000,SUCCESS,sync_sigmoid,sync_with_sensor1_matrix5
2026-05-21T17:04:37,93.3,34.0,sensor1_raspberry,5,TH0,4,0,107,248,20.000,20.747,5688705,5689245,540,27.000000,SUCCESS,sync_counter,sync_with_sensor2_IC1_TH2
2026-05-21T17:04:37,93.3,34.0,sensor2_serial,1,2,6,2,120,248,20.000,20.747,11420225,14205655,2785430,139271.500000,SUCCESS,sync_sigmoid,sync_with_sensor1_matrix5
2026-05-21T17:05:00,93.3,34.0,sensor1_raspberry,5,TH0,4,0,107,247,20.000,20.743,5689309,5689563,254,12.700000,SUCCESS,sync_counter,sync_with_sensor2_IC1_TH2
2026-05-21T17:05:00,93.3,34.0,sensor2_serial,1,2,6,2,120,247,20.000,20.743,14487244,732156,3022128,151106.400000,SUCCESS,sync_sigmoid,sync_with_sensor1_matrix5
2026-05-21T17:05:23,93.3,34.0,sensor1_raspberry,5,TH0,4,0,107,246,20.000,20.739,5689584,5689741,157,7.850000,SUCCESS,sync_counter,sync_with_sensor2_IC1_TH2
2026-05-21T17:05:23,93.3,34.0,sensor2_serial,1,2,6,2,120,246,20.000,20.739,1017921,3687006,2669085,133454.250000,SUCCESS,sync_sigmoid,sync_with_sensor1_matrix5
2026-05-21T17:05:46,93.3,34.0,sensor1_raspberry,5,TH0,4,0,107,245,20.000,20.745,5689759,5689904,145,7.250000,SUCCESS,sync_counter,sync_with_sensor2_IC1_TH2
2026-05-21T17:05:46,93.3,34.0,sensor2_serial,1,2,6,2,120,245,20.000,20.745,3938724,6145648,2206924,110346.200000,SUCCESS,sync_sigmoid,sync_with_sensor1_matrix5
2026-05-21T17:06:08,93.3,34.0,sensor1_raspberry,5,TH0,4,0,107,244,20.000,20.763,5689914,5690096,182,9.100000,SUCCESS,sync_counter,sync_with_sensor2_IC1_TH2
2026-05-21T17:06:08,93.3,34.0,sensor2_serial,1,2,6,2,120,244,20.000,20.763,6357112,7984944,1627832,81391.600000,SUCCESS,sync_sigmoid,sync_with_sensor1_matrix5
2026-05-21T17:06:31,93.3,34.0,sensor1_raspberry,5,TH0,4,0,107,243,20.000,20.715,5690111,5690250,139,6.950000,SUCCESS,sync_counter,sync_with_sensor2_IC1_TH2
2026-05-21T17:06:31,93.3,34.0,sensor2_serial,1,2,6,2,120,243,20.000,20.715,8148545,9366226,1217681,60884.050000,SUCCESS,sync_sigmoid,sync_with_sensor1_matrix5
2026-05-21T17:06:54,93.3,34.0,sensor1_raspberry,5,TH0,4,0,107,242,20.000,20.769,5690262,5690391,129,6.450000,SUCCESS,sync_counter,sync_with_sensor2_IC1_TH2
2026-05-21T17:06:54,93.3,34.0,sensor2_serial,1,2,6,2,120,242,20.000,20.769,9466885,10157602,690717,34535.850000,SUCCESS,sync_sigmoid,sync_with_sensor1_matrix5
2026-05-21T17:07:17,93.3,34.0,sensor1_raspberry,5,TH0,4,0,107,241,20.000,20.751,5690405,5690539,134,6.700000,SUCCESS,sync_counter,sync_with_sensor2_IC1_TH2
2026-05-21T17:07:17,93.3,34.0,sensor2_serial,1,2,6,2,120,241,20.000,20.751,10228621,10719480,490859,24542.950000,SUCCESS,sync_sigmoid,sync_with_sensor1_matrix5
2026-05-21T17:07:40,93.3,34.0,sensor1_raspberry,5,TH0,4,0,107,240,20.000,20.750,5690550,5690677,127,6.350000,SUCCESS,sync_counter,sync_with_sensor2_IC1_TH2
2026-05-21T17:07:40,93.3,34.0,sensor2_serial,1,2,6,2,120,240,20.000,20.750,10760206,10988821,228615,11430.750000,SUCCESS,sync_sigmoid,sync_with_sensor1_matrix5
2026-05-21T17:08:03,93.3,34.0,sensor1_raspberry,5,TH0,4,0,107,239,20.000,20.733,5690694,5690835,141,7.050000,SUCCESS,sync_counter,sync_with_sensor2_IC1_TH2
2026-05-21T17:08:03,93.3,34.0,sensor2_serial,1,2,6,2,120,239,20.000,20.733,11008194,11122384,114190,5709.500000,SUCCESS,sync_sigmoid,sync_with_sensor1_matrix5
2026-05-21T17:08:26,93.3,34.0,sensor1_raspberry,5,TH0,4,0,107,238,20.000,20.794,5690851,5690996,145,7.250000,SUCCESS,sync_counter,sync_with_sensor2_IC1_TH2
2026-05-21T17:08:26,93.3,34.0,sensor2_serial,1,2,6,2,120,238,20.000,20.794,11131615,11172403,40788,2039.400000,SUCCESS,sync_sigmoid,sync_with_sensor1_matrix5
2026-05-21T17:08:48,93.3,34.0,sensor1_raspberry,5,TH0,4,0,107,237,20.000,20.742,5691009,5691157,148,7.400000,SUCCESS,sync_counter,sync_with_sensor2_IC1_TH2
2026-05-21T17:08:48,93.3,34.0,sensor2_serial,1,2,6,2,120,237,20.000,20.742,11175794,11191301,15507,775.350000,SUCCESS,sync_sigmoid,sync_with_sensor1_matrix5
2026-05-21T17:09:11,93.3,34.0,sensor1_raspberry,5,TH0,4,0,107,236,20.000,20.754,5691169,5691341,172,8.600000,SUCCESS,sync_counter,sync_with_sensor2_IC1_TH2
2026-05-21T17:09:11,93.3,34.0,sensor2_serial,1,2,6,2,120,236,20.000,20.754,11192852,11198889,6037,301.850000,SUCCESS,sync_sigmoid,sync_with_sensor1_matrix5
2026-05-21T17:09:34,93.3,34.0,sensor1_raspberry,5,TH0,4,0,107,235,20.000,20.742,5691350,5691494,144,7.200000,SUCCESS,sync_counter,sync_with_sensor2_IC1_TH2
2026-05-21T17:09:34,93.3,34.0,sensor2_serial,1,2,6,2,120,235,20.000,20.742,11199626,11203462,3836,191.800000,SUCCESS,sync_sigmoid,sync_with_sensor1_matrix5
2026-05-21T17:09:57,93.3,34.0,sensor1_raspberry,5,TH0,4,0,107,234,20.000,20.744,5691508,5691652,144,7.200000,SUCCESS,sync_counter,sync_with_sensor2_IC1_TH2
2026-05-21T17:09:57,93.3,34.0,sensor2_serial,1,2,6,2,120,234,20.000,20.744,11203829,11205355,1526,76.300000,SUCCESS,sync_sigmoid,sync_with_sensor1_matrix5
2026-05-21T17:10:20,93.3,34.0,sensor1_raspberry,5,TH0,4,0,107,233,20.000,20.755,5691667,5691786,119,5.950000,SUCCESS,sync_counter,sync_with_sensor2_IC1_TH2
2026-05-21T17:10:20,93.3,34.0,sensor2_serial,1,2,6,2,120,233,20.000,20.755,11205546,11206174,628,31.400000,SUCCESS,sync_sigmoid,sync_with_sensor1_matrix5
2026-05-21T17:10:43,93.3,34.0,sensor1_raspberry,5,TH0,4,0,107,232,20.000,20.771,5691797,5691906,109,5.450000,SUCCESS,sync_counter,sync_with_sensor2_IC1_TH2
2026-05-21T17:10:43,93.3,34.0,sensor2_serial,1,2,6,2,120,232,20.000,20.771,11206235,11206498,263,13.150000,SUCCESS,sync_sigmoid,sync_with_sensor1_matrix5
2026-05-21T17:11:05,93.3,34.0,sensor1_raspberry,5,TH0,4,0,107,231,20.000,20.760,5691918,5692058,140,7.000000,SUCCESS,sync_counter,sync_with_sensor2_IC1_TH2
2026-05-21T17:11:05,93.3,34.0,sensor2_serial,1,2,6,2,120,231,20.000,20.760,11206542,11206660,118,5.900000,SUCCESS,sync_sigmoid,sync_with_sensor1_matrix5
2026-05-21T17:11:28,93.3,34.0,sensor1_raspberry,5,TH0,4,0,107,230,20.000,20.735,5692078,5692215,137,6.850000,SUCCESS,sync_counter,sync_with_sensor2_IC1_TH2
2026-05-21T17:11:28,93.3,34.0,sensor2_serial,1,2,6,2,120,230,20.000,20.735,11206688,11206804,116,5.800000,SUCCESS,sync_sigmoid,sync_with_sensor1_matrix5
2026-05-21T17:11:51,93.3,34.0,sensor1_raspberry,5,TH0,4,0,107,229,20.000,20.748,5692232,5692384,152,7.600000,SUCCESS,sync_counter,sync_with_sensor2_IC1_TH2
2026-05-21T17:11:51,93.3,34.0,sensor2_serial,1,2,6,2,120,229,20.000,20.748,11206834,11206939,105,5.250000,SUCCESS,sync_sigmoid,sync_with_sensor1_matrix5
2026-05-21T17:12:14,93.3,34.0,sensor1_raspberry,5,TH0,4,0,107,228,20.000,20.773,5692394,5692541,147,7.350000,SUCCESS,sync_counter,sync_with_sensor2_IC1_TH2
2026-05-21T17:12:14,93.3,34.0,sensor2_serial,1,2,6,2,120,228,20.000,20.773,11206968,11207068,100,5.000000,SUCCESS,sync_sigmoid,sync_with_sensor1_matrix5
2026-05-21T17:12:37,93.3,34.0,sensor1_raspberry,5,TH0,4,0,107,227,20.000,20.723,5692554,5692682,128,6.400000,SUCCESS,sync_counter,sync_with_sensor2_IC1_TH2
2026-05-21T17:12:37,93.3,34.0,sensor2_serial,1,2,6,2,120,227,20.000,20.723,11207099,11207208,109,5.450000,SUCCESS,sync_sigmoid,sync_with_sensor1_matrix5
2026-05-21T17:13:00,93.3,34.0,sensor1_raspberry,5,TH0,4,0,107,226,20.000,20.751,5692697,5692849,152,7.600000,SUCCESS,sync_counter,sync_with_sensor2_IC1_TH2
2026-05-21T17:13:00,93.3,34.0,sensor2_serial,1,2,6,2,120,226,20.000,20.751,11207228,11207324,96,4.800000,SUCCESS,sync_sigmoid,sync_with_sensor1_matrix5
2026-05-21T17:13:23,93.3,34.0,sensor1_raspberry,5,TH0,4,0,107,225,20.000,20.764,5692860,5692986,126,6.300000,SUCCESS,sync_counter,sync_with_sensor2_IC1_TH2
2026-05-21T17:13:23,93.3,34.0,sensor2_serial,1,2,6,2,120,225,20.000,20.764,11207343,11207445,102,5.100000,SUCCESS,sync_sigmoid,sync_with_sensor1_matrix5
2026-05-21T17:13:45,93.3,34.0,sensor1_raspberry,5,TH0,4,0,107,224,20.000,20.751,5692996,5693138,142,7.100000,SUCCESS,sync_counter,sync_with_sensor2_IC1_TH2
2026-05-21T17:13:45,93.3,34.0,sensor2_serial,1,2,6,2,120,224,20.000,20.751,11207468,11207570,102,5.100000,SUCCESS,sync_sigmoid,sync_with_sensor1_matrix5
2026-05-21T17:14:08,93.3,34.0,sensor1_raspberry,5,TH0,4,0,107,223,20.000,20.746,5693160,5693290,130,6.500000,SUCCESS,sync_counter,sync_with_sensor2_IC1_TH2
2026-05-21T17:14:08,93.3,34.0,sensor2_serial,1,2,6,2,120,223,20.000,20.746,11207585,11207678,93,4.650000,SUCCESS,sync_sigmoid,sync_with_sensor1_matrix5
2026-05-21T17:14:31,93.3,34.0,sensor1_raspberry,5,TH0,4,0,107,222,20.000,20.783,5693311,5693425,114,5.700000,SUCCESS,sync_counter,sync_with_sensor2_IC1_TH2
2026-05-21T17:14:31,93.3,34.0,sensor2_serial,1,2,6,2,120,222,20.000,20.783,11207691,11207785,94,4.700000,SUCCESS,sync_sigmoid,sync_with_sensor1_matrix5
2026-05-21T17:14:54,93.3,34.0,sensor1_raspberry,5,TH0,4,0,107,221,20.000,20.740,5693437,5693547,110,5.500000,SUCCESS,sync_counter,sync_with_sensor2_IC1_TH2
2026-05-21T17:14:54,93.3,34.0,sensor2_serial,1,2,6,2,120,221,20.000,20.740,11207798,11207869,71,3.550000,SUCCESS,sync_sigmoid,sync_with_sensor1_matrix5
2026-05-21T17:15:17,93.3,34.0,sensor1_raspberry,5,TH0,4,0,107,220,20.000,20.724,5693561,5693683,122,6.100000,SUCCESS,sync_counter,sync_with_sensor2_IC1_TH2
2026-05-21T17:15:17,93.3,34.0,sensor2_serial,1,2,6,2,120,220,20.000,20.724,11207884,11207974,90,4.500000,SUCCESS,sync_sigmoid,sync_with_sensor1_matrix5
2026-05-21T17:15:40,93.3,34.0,sensor1_raspberry,5,TH0,4,0,107,219,20.000,20.751,5693688,5693811,123,6.150000,SUCCESS,sync_counter,sync_with_sensor2_IC1_TH2
2026-05-21T17:15:40,93.3,34.0,sensor2_serial,1,2,6,2,120,219,20.000,20.751,11207986,11208066,80,4.000000,SUCCESS,sync_sigmoid,sync_with_sensor1_matrix5
2026-05-21T17:16:03,93.3,34.0,sensor1_raspberry,5,TH0,4,0,107,218,20.000,20.751,5693818,5693926,108,5.400000,SUCCESS,sync_counter,sync_with_sensor2_IC1_TH2
2026-05-21T17:16:03,93.3,34.0,sensor2_serial,1,2,6,2,120,218,20.000,20.751,11208079,11208145,66,3.300000,SUCCESS,sync_sigmoid,sync_with_sensor1_matrix5
2026-05-21T17:16:25,93.3,34.0,sensor1_raspberry,5,TH0,4,0,107,217,20.000,20.730,5693934,5694062,128,6.400000,SUCCESS,sync_counter,sync_with_sensor2_IC1_TH2
2026-05-21T17:16:25,93.3,34.0,sensor2_serial,1,2,6,2,120,217,20.000,20.730,11208151,11208225,74,3.700000,SUCCESS,sync_sigmoid,sync_with_sensor1_matrix5
2026-05-21T17:16:48,93.3,34.0,sensor1_raspberry,5,TH0,4,0,107,216,20.000,20.750,5694070,5694193,123,6.150000,SUCCESS,sync_counter,sync_with_sensor2_IC1_TH2
2026-05-21T17:16:48,93.3,34.0,sensor2_serial,1,2,6,2,120,216,20.000,20.750,11208245,11208316,71,3.550000,SUCCESS,sync_sigmoid,sync_with_sensor1_matrix5
2026-05-21T17:17:11,93.3,34.0,sensor1_raspberry,5,TH0,4,0,107,215,20.000,20.756,5694204,5694334,130,6.500000,SUCCESS,sync_counter,sync_with_sensor2_IC1_TH2
2026-05-21T17:17:11,93.3,34.0,sensor2_serial,1,2,6,2,120,215,20.000,20.756,11208333,11208391,58,2.900000,SUCCESS,sync_sigmoid,sync_with_sensor1_matrix5
2026-05-21T17:17:34,93.3,34.0,sensor1_raspberry,5,TH0,4,0,107,214,20.000,20.740,5694348,5694480,132,6.600000,SUCCESS,sync_counter,sync_with_sensor2_IC1_TH2
2026-05-21T17:17:34,93.3,34.0,sensor2_serial,1,2,6,2,120,214,20.000,20.740,11208404,11208470,66,3.300000,SUCCESS,sync_sigmoid,sync_with_sensor1_matrix5
2026-05-21T17:17:57,93.3,34.0,sensor1_raspberry,5,TH0,4,0,107,213,20.000,20.741,5694497,5694637,140,7.000000,SUCCESS,sync_counter,sync_with_sensor2_IC1_TH2
2026-05-21T17:17:57,93.3,34.0,sensor2_serial,1,2,6,2,120,213,20.000,20.741,11208480,11208550,70,3.500000,SUCCESS,sync_sigmoid,sync_with_sensor1_matrix5
2026-05-21T17:18:20,93.3,34.0,sensor1_raspberry,5,TH0,4,0,107,212,20.000,20.762,5694650,5694760,110,5.500000,SUCCESS,sync_counter,sync_with_sensor2_IC1_TH2
2026-05-21T17:18:20,93.3,34.0,sensor2_serial,1,2,6,2,120,212,20.000,20.762,11208560,11208617,57,2.850000,SUCCESS,sync_sigmoid,sync_with_sensor1_matrix5
2026-05-21T17:18:42,93.3,34.0,sensor1_raspberry,5,TH0,4,0,107,211,20.000,20.761,5694773,5694884,111,5.550000,SUCCESS,sync_counter,sync_with_sensor2_IC1_TH2
2026-05-21T17:18:42,93.3,34.0,sensor2_serial,1,2,6,2,120,211,20.000,20.761,11208625,11208684,59,2.950000,SUCCESS,sync_sigmoid,sync_with_sensor1_matrix5
2026-05-21T17:19:05,93.3,34.0,sensor1_raspberry,5,TH0,4,0,107,210,20.000,20.751,5694898,5695018,120,6.000000,SUCCESS,sync_counter,sync_with_sensor2_IC1_TH2
2026-05-21T17:19:05,93.3,34.0,sensor2_serial,1,2,6,2,120,210,20.000,20.751,11208692,11208750,58,2.900000,SUCCESS,sync_sigmoid,sync_with_sensor1_matrix5
2026-05-21T17:19:28,93.3,34.0,sensor1_raspberry,5,TH0,4,0,107,209,20.000,20.755,5695034,5695142,108,5.400000,SUCCESS,sync_counter,sync_with_sensor2_IC1_TH2
2026-05-21T17:19:28,93.3,34.0,sensor2_serial,1,2,6,2,120,209,20.000,20.755,11208757,11208804,47,2.350000,SUCCESS,sync_sigmoid,sync_with_sensor1_matrix5
2026-05-21T17:19:51,93.3,34.0,sensor1_raspberry,5,TH0,4,0,107,208,20.000,20.722,5695149,5695257,108,5.400000,SUCCESS,sync_counter,sync_with_sensor2_IC1_TH2
2026-05-21T17:19:51,93.3,34.0,sensor2_serial,1,2,6,2,120,208,20.000,20.722,11208810,11208862,52,2.600000,SUCCESS,sync_sigmoid,sync_with_sensor1_matrix5
2026-05-21T17:20:14,93.3,34.0,sensor1_raspberry,5,TH0,4,0,107,207,20.000,20.736,5695267,5695402,135,6.750000,SUCCESS,sync_counter,sync_with_sensor2_IC1_TH2
2026-05-21T17:20:14,93.3,34.0,sensor2_serial,1,2,6,2,120,207,20.000,20.736,11208870,11208915,45,2.250000,SUCCESS,sync_sigmoid,sync_with_sensor1_matrix5
2026-05-21T17:20:37,93.3,34.0,sensor1_raspberry,5,TH0,4,0,107,206,20.000,20.733,5695413,5695542,129,6.450000,SUCCESS,sync_counter,sync_with_sensor2_IC1_TH2
2026-05-21T17:20:37,93.3,34.0,sensor2_serial,1,2,6,2,120,206,20.000,20.733,11208920,11208957,37,1.850000,SUCCESS,sync_sigmoid,sync_with_sensor1_matrix5
2026-05-21T17:20:59,93.3,34.0,sensor1_raspberry,5,TH0,4,0,107,205,20.000,20.742,5695561,5695662,101,5.050000,SUCCESS,sync_counter,sync_with_sensor2_IC1_TH2
2026-05-21T17:20:59,93.3,34.0,sensor2_serial,1,2,6,2,120,205,20.000,20.742,11208959,11208991,32,1.600000,SUCCESS,sync_sigmoid,sync_with_sensor1_matrix5
2026-05-21T17:21:22,93.3,34.0,sensor1_raspberry,5,TH0,4,0,107,204,20.000,20.673,5695670,5695770,100,5.000000,SUCCESS,sync_counter,sync_with_sensor2_IC1_TH2
2026-05-21T17:21:22,93.3,34.0,sensor2_serial,1,2,6,2,120,204,20.000,20.673,11208998,11209036,38,1.900000,SUCCESS,sync_sigmoid,sync_with_sensor1_matrix5
2026-05-21T17:21:45,93.3,34.0,sensor1_raspberry,5,TH0,4,0,107,203,20.000,20.746,5695782,5695879,97,4.850000,SUCCESS,sync_counter,sync_with_sensor2_IC1_TH2
2026-05-21T17:21:45,93.3,34.0,sensor2_serial,1,2,6,2,120,203,20.000,20.746,11209042,11209068,26,1.300000,SUCCESS,sync_sigmoid,sync_with_sensor1_matrix5
2026-05-21T17:22:08,93.3,34.0,sensor1_raspberry,5,TH0,4,0,107,202,20.000,20.728,5695889,5695995,106,5.300000,SUCCESS,sync_counter,sync_with_sensor2_IC1_TH2
2026-05-21T17:22:08,93.3,34.0,sensor2_serial,1,2,6,2,120,202,20.000,20.728,11209075,11209115,40,2.000000,SUCCESS,sync_sigmoid,sync_with_sensor1_matrix5
2026-05-21T17:22:31,93.3,34.0,sensor1_raspberry,5,TH0,4,0,107,201,20.000,20.736,5696001,5696125,124,6.200000,SUCCESS,sync_counter,sync_with_sensor2_IC1_TH2
2026-05-21T17:22:31,93.3,34.0,sensor2_serial,1,2,6,2,120,201,20.000,20.736,11209125,11209158,33,1.650000,SUCCESS,sync_sigmoid,sync_with_sensor1_matrix5
2026-05-21T17:22:54,93.3,34.0,sensor1_raspberry,5,TH0,4,0,107,200,20.000,20.770,5696133,5696250,117,5.850000,SUCCESS,sync_counter,sync_with_sensor2_IC1_TH2
2026-05-21T17:22:54,93.3,34.0,sensor2_serial,1,2,6,2,120,200,20.000,20.770,11209162,11209206,44,2.200000,SUCCESS,sync_sigmoid,sync_with_sensor1_matrix5
2026-05-21T17:23:16,93.3,34.0,sensor1_raspberry,5,TH0,4,0,107,199,20.000,20.779,5696261,5696354,93,4.650000,SUCCESS,sync_counter,sync_with_sensor2_IC1_TH2
2026-05-21T17:23:16,93.3,34.0,sensor2_serial,1,2,6,2,120,199,20.000,20.779,11209210,11209238,28,1.400000,SUCCESS,sync_sigmoid,sync_with_sensor1_matrix5
2026-05-21T17:23:39,93.3,34.0,sensor1_raspberry,5,TH0,4,0,107,198,20.000,20.771,5696364,5696462,98,4.900000,SUCCESS,sync_counter,sync_with_sensor2_IC1_TH2
2026-05-21T17:23:39,93.3,34.0,sensor2_serial,1,2,6,2,120,198,20.000,20.771,11209242,11209275,33,1.650000,SUCCESS,sync_sigmoid,sync_with_sensor1_matrix5
2026-05-21T17:24:02,93.3,34.0,sensor1_raspberry,5,TH0,4,0,107,197,20.000,20.720,5696473,5696576,103,5.150000,SUCCESS,sync_counter,sync_with_sensor2_IC1_TH2
2026-05-21T17:24:02,93.3,34.0,sensor2_serial,1,2,6,2,120,197,20.000,20.720,11209279,11209301,22,1.100000,SUCCESS,sync_sigmoid,sync_with_sensor1_matrix5
2026-05-21T17:24:25,93.3,34.0,sensor1_raspberry,5,TH0,4,0,107,196,20.000,20.754,5696588,5696674,86,4.300000,SUCCESS,sync_counter,sync_with_sensor2_IC1_TH2
2026-05-21T17:24:25,93.3,34.0,sensor2_serial,1,2,6,2,120,196,20.000,20.754,11209305,11209335,30,1.500000,SUCCESS,sync_sigmoid,sync_with_sensor1_matrix5
2026-05-21T17:24:48,93.3,34.0,sensor1_raspberry,5,TH0,4,0,107,195,20.000,20.754,5696681,5696791,110,5.500000,SUCCESS,sync_counter,sync_with_sensor2_IC1_TH2
2026-05-21T17:24:48,93.3,34.0,sensor2_serial,1,2,6,2,120,195,20.000,20.754,11209339,11209365,26,1.300000,SUCCESS,sync_sigmoid,sync_with_sensor1_matrix5
2026-05-21T17:25:11,93.3,34.0,sensor1_raspberry,5,TH0,4,0,107,194,20.000,20.795,5696799,5696886,87,4.350000,SUCCESS,sync_counter,sync_with_sensor2_IC1_TH2
2026-05-21T17:25:11,93.3,34.0,sensor2_serial,1,2,6,2,120,194,20.000,20.795,11209371,11209412,41,2.050000,SUCCESS,sync_sigmoid,sync_with_sensor1_matrix5
2026-05-21T17:25:34,93.3,34.0,sensor1_raspberry,5,TH0,4,0,107,193,20.000,20.753,5696897,5696992,95,4.750000,SUCCESS,sync_counter,sync_with_sensor2_IC1_TH2
2026-05-21T17:25:34,93.3,34.0,sensor2_serial,1,2,6,2,120,193,20.000,20.753,11209416,11209450,34,1.700000,SUCCESS,sync_sigmoid,sync_with_sensor1_matrix5
2026-05-21T17:25:57,93.3,34.0,sensor1_raspberry,5,TH0,4,0,107,192,20.000,20.732,5697005,5697075,70,3.500000,SUCCESS,sync_counter,sync_with_sensor2_IC1_TH2
2026-05-21T17:25:57,93.3,34.0,sensor2_serial,1,2,6,2,120,192,20.000,20.732,11209452,11209475,23,1.150000,SUCCESS,sync_sigmoid,sync_with_sensor1_matrix5
2026-05-21T17:26:19,93.3,34.0,sensor1_raspberry,5,TH0,4,0,107,191,20.000,20.708,5697085,5697191,106,5.300000,SUCCESS,sync_counter,sync_with_sensor2_IC1_TH2
2026-05-21T17:26:19,93.3,34.0,sensor2_serial,1,2,6,2,120,191,20.000,20.708,11209478,11209508,30,1.500000,SUCCESS,sync_sigmoid,sync_with_sensor1_matrix5
2026-05-21T17:26:42,93.3,34.0,sensor1_raspberry,5,TH0,4,0,107,190,20.000,20.718,5697199,5697288,89,4.450000,SUCCESS,sync_counter,sync_with_sensor2_IC1_TH2
2026-05-21T17:26:42,93.3,34.0,sensor2_serial,1,2,6,2,120,190,20.000,20.718,11209510,11209534,24,1.200000,SUCCESS,sync_sigmoid,sync_with_sensor1_matrix5
2026-05-21T17:27:05,93.3,34.0,sensor1_raspberry,5,TH0,4,0,107,189,20.000,20.739,5697294,5697384,90,4.500000,SUCCESS,sync_counter,sync_with_sensor2_IC1_TH2
2026-05-21T17:27:05,93.3,34.0,sensor2_serial,1,2,6,2,120,189,20.000,20.739,11209537,11209564,27,1.350000,SUCCESS,sync_sigmoid,sync_with_sensor1_matrix5
2026-05-21T17:27:28,93.3,34.0,sensor1_raspberry,5,TH0,4,0,107,188,20.000,20.732,5697392,5697461,69,3.450000,SUCCESS,sync_counter,sync_with_sensor2_IC1_TH2
2026-05-21T17:27:28,93.3,34.0,sensor2_serial,1,2,6,2,120,188,20.000,20.732,11209568,11209588,20,1.000000,SUCCESS,sync_sigmoid,sync_with_sensor1_matrix5
2026-05-21T17:27:51,93.3,34.0,sensor1_raspberry,5,TH0,4,0,107,187,20.000,20.725,5697471,5697546,75,3.750000,SUCCESS,sync_counter,sync_with_sensor2_IC1_TH2
2026-05-21T17:27:51,93.3,34.0,sensor2_serial,1,2,6,2,120,187,20.000,20.725,11209589,11209606,17,0.850000,SUCCESS,sync_sigmoid,sync_with_sensor1_matrix5
2026-05-21T17:28:14,93.3,34.0,sensor1_raspberry,5,TH0,4,0,107,186,20.000,20.753,5697555,5697641,86,4.300000,SUCCESS,sync_counter,sync_with_sensor2_IC1_TH2
2026-05-21T17:28:14,93.3,34.0,sensor2_serial,1,2,6,2,120,186,20.000,20.753,11209608,11209626,18,0.900000,SUCCESS,sync_sigmoid,sync_with_sensor1_matrix5
2026-05-21T17:28:36,93.3,34.0,sensor1_raspberry,5,TH0,4,0,107,185,20.000,20.753,5697647,5697745,98,4.900000,SUCCESS,sync_counter,sync_with_sensor2_IC1_TH2
2026-05-21T17:28:36,93.3,34.0,sensor2_serial,1,2,6,2,120,185,20.000,20.753,11209627,11209650,23,1.150000,SUCCESS,sync_sigmoid,sync_with_sensor1_matrix5
2026-05-21T17:28:59,93.3,34.0,sensor1_raspberry,5,TH0,4,0,107,184,20.000,20.734,5697752,5697824,72,3.600000,SUCCESS,sync_counter,sync_with_sensor2_IC1_TH2
2026-05-21T17:28:59,93.3,34.0,sensor2_serial,1,2,6,2,120,184,20.000,20.734,11209652,11209670,18,0.900000,SUCCESS,sync_sigmoid,sync_with_sensor1_matrix5
2026-05-21T17:29:22,93.3,34.0,sensor1_raspberry,5,TH0,4,0,107,183,20.000,20.773,5697835,5697913,78,3.900000,SUCCESS,sync_counter,sync_with_sensor2_IC1_TH2
2026-05-21T17:29:22,93.3,34.0,sensor2_serial,1,2,6,2,120,183,20.000,20.773,11209674,11209705,31,1.550000,SUCCESS,sync_sigmoid,sync_with_sensor1_matrix5
2026-05-21T17:29:45,93.3,34.0,sensor1_raspberry,5,TH0,4,0,107,182,20.000,20.738,5697920,5697992,72,3.600000,SUCCESS,sync_counter,sync_with_sensor2_IC1_TH2
2026-05-21T17:29:45,93.3,34.0,sensor2_serial,1,2,6,2,120,182,20.000,20.738,11209708,11209721,13,0.650000,SUCCESS,sync_sigmoid,sync_with_sensor1_matrix5
2026-05-21T17:30:08,93.3,34.0,sensor1_raspberry,5,TH0,4,0,107,181,20.000,20.742,5697999,5698057,58,2.900000,SUCCESS,sync_counter,sync_with_sensor2_IC1_TH2
2026-05-21T17:30:08,93.3,34.0,sensor2_serial,1,2,6,2,120,181,20.000,20.742,11209724,11209733,9,0.450000,SUCCESS,sync_sigmoid,sync_with_sensor1_matrix5
2026-05-21T17:30:31,93.3,34.0,sensor1_raspberry,5,TH0,4,0,107,180,20.000,20.735,5698062,5698132,70,3.500000,SUCCESS,sync_counter,sync_with_sensor2_IC1_TH2
2026-05-21T17:30:31,93.3,34.0,sensor2_serial,1,2,6,2,120,180,20.000,20.735,11209734,11209752,18,0.900000,SUCCESS,sync_sigmoid,sync_with_sensor1_matrix5
2026-05-21T17:30:53,93.3,34.0,sensor1_raspberry,5,TH0,4,0,107,179,20.000,20.744,5698142,5698200,58,2.900000,SUCCESS,sync_counter,sync_with_sensor2_IC1_TH2
2026-05-21T17:30:53,93.3,34.0,sensor2_serial,1,2,6,2,120,179,20.000,20.744,11209753,11209766,13,0.650000,SUCCESS,sync_sigmoid,sync_with_sensor1_matrix5
2026-05-21T17:31:16,93.3,34.0,sensor1_raspberry,5,TH0,4,0,107,178,20.000,20.774,5698208,5698266,58,2.900000,SUCCESS,sync_counter,sync_with_sensor2_IC1_TH2
2026-05-21T17:31:16,93.3,34.0,sensor2_serial,1,2,6,2,120,178,20.000,20.774,11209769,11209775,6,0.300000,SUCCESS,sync_sigmoid,sync_with_sensor1_matrix5
2026-05-21T17:31:39,93.3,34.0,sensor1_raspberry,5,TH0,4,0,107,177,20.000,20.760,5698272,5698323,51,2.550000,SUCCESS,sync_counter,sync_with_sensor2_IC1_TH2
2026-05-21T17:31:39,93.3,34.0,sensor2_serial,1,2,6,2,120,177,20.000,20.760,11209776,11209786,10,0.500000,SUCCESS,sync_sigmoid,sync_with_sensor1_matrix5
2026-05-21T17:32:02,93.3,34.0,sensor1_raspberry,5,TH0,4,0,107,176,20.000,20.749,5698329,5698386,57,2.850000,SUCCESS,sync_counter,sync_with_sensor2_IC1_TH2
2026-05-21T17:32:02,93.3,34.0,sensor2_serial,1,2,6,2,120,176,20.000,20.749,11209788,11209795,7,0.350000,SUCCESS,sync_sigmoid,sync_with_sensor1_matrix5
2026-05-21T17:32:25,93.3,34.0,sensor1_raspberry,5,TH0,4,0,107,175,20.000,20.746,5698390,5698434,44,2.200000,SUCCESS,sync_counter,sync_with_sensor2_IC1_TH2
2026-05-21T17:32:25,93.3,34.0,sensor2_serial,1,2,6,2,120,175,20.000,20.746,11209795,11209804,9,0.450000,SUCCESS,sync_sigmoid,sync_with_sensor1_matrix5
2026-05-21T17:32:48,93.3,34.0,sensor1_raspberry,5,TH0,4,0,107,174,20.000,20.744,5698440,5698492,52,2.600000,SUCCESS,sync_counter,sync_with_sensor2_IC1_TH2
2026-05-21T17:32:48,93.3,34.0,sensor2_serial,1,2,6,2,120,174,20.000,20.744,11209807,11209817,10,0.500000,SUCCESS,sync_sigmoid,sync_with_sensor1_matrix5
2026-05-21T17:33:11,93.3,34.0,sensor1_raspberry,5,TH0,4,0,107,173,20.000,20.784,5698494,5698524,30,1.500000,SUCCESS,sync_counter,sync_with_sensor2_IC1_TH2
2026-05-21T17:33:11,93.3,34.0,sensor2_serial,1,2,6,2,120,173,20.000,20.784,11209818,11209829,11,0.550000,SUCCESS,sync_sigmoid,sync_with_sensor1_matrix5
2026-05-21T17:33:33,93.3,34.0,sensor1_raspberry,5,TH0,4,0,107,172,20.000,20.736,5698528,5698564,36,1.800000,SUCCESS,sync_counter,sync_with_sensor2_IC1_TH2
2026-05-21T17:33:33,93.3,34.0,sensor2_serial,1,2,6,2,120,172,20.000,20.736,11209830,11209839,9,0.450000,SUCCESS,sync_sigmoid,sync_with_sensor1_matrix5
2026-05-21T17:33:56,93.3,34.0,sensor1_raspberry,5,TH0,4,0,107,171,20.000,20.708,5698567,5698610,43,2.150000,SUCCESS,sync_counter,sync_with_sensor2_IC1_TH2
2026-05-21T17:33:56,93.3,34.0,sensor2_serial,1,2,6,2,120,171,20.000,20.708,11209840,11209846,6,0.300000,SUCCESS,sync_sigmoid,sync_with_sensor1_matrix5
2026-05-21T17:34:19,93.3,34.0,sensor1_raspberry,5,TH0,4,0,107,170,20.000,20.687,5698613,5698635,22,1.100000,SUCCESS,sync_counter,sync_with_sensor2_IC1_TH2
2026-05-21T17:34:19,93.3,34.0,sensor2_serial,1,2,6,2,120,170,20.000,20.687,11209847,11209852,5,0.250000,SUCCESS,sync_sigmoid,sync_with_sensor1_matrix5
2026-05-21T17:34:42,93.3,34.0,sensor1_raspberry,5,TH0,4,0,107,169,20.000,20.768,5698640,5698672,32,1.600000,SUCCESS,sync_counter,sync_with_sensor2_IC1_TH2
2026-05-21T17:34:42,93.3,34.0,sensor2_serial,1,2,6,2,120,169,20.000,20.768,11209853,11209858,5,0.250000,SUCCESS,sync_sigmoid,sync_with_sensor1_matrix5
2026-05-21T17:35:05,93.3,34.0,sensor1_raspberry,5,TH0,4,0,107,168,20.000,20.686,5698678,5698706,28,1.400000,SUCCESS,sync_counter,sync_with_sensor2_IC1_TH2
2026-05-21T17:35:05,93.3,34.0,sensor2_serial,1,2,6,2,120,168,20.000,20.686,11209858,11209865,7,0.350000,SUCCESS,sync_sigmoid,sync_with_sensor1_matrix5
2026-05-21T17:35:28,93.3,34.0,sensor1_raspberry,5,TH0,4,0,107,167,20.000,20.754,5698711,5698730,19,0.950000,SUCCESS,sync_counter,sync_with_sensor2_IC1_TH2
2026-05-21T17:35:28,93.3,34.0,sensor2_serial,1,2,6,2,120,167,20.000,20.754,11209865,11209872,7,0.350000,SUCCESS,sync_sigmoid,sync_with_sensor1_matrix5
2026-05-21T17:35:50,93.3,34.0,sensor1_raspberry,5,TH0,4,0,107,166,20.000,20.729,5698732,5698753,21,1.050000,SUCCESS,sync_counter,sync_with_sensor2_IC1_TH2
2026-05-21T17:35:50,93.3,34.0,sensor2_serial,1,2,6,2,120,166,20.000,20.729,11209872,11209875,3,0.150000,SUCCESS,sync_sigmoid,sync_with_sensor1_matrix5
2026-05-21T17:36:13,93.3,34.0,sensor1_raspberry,5,TH0,4,0,107,165,20.000,20.742,5698754,5698776,22,1.100000,SUCCESS,sync_counter,sync_with_sensor2_IC1_TH2
2026-05-21T17:36:13,93.3,34.0,sensor2_serial,1,2,6,2,120,165,20.000,20.742,11209876,11209880,4,0.200000,SUCCESS,sync_sigmoid,sync_with_sensor1_matrix5
2026-05-21T17:36:36,93.3,34.0,sensor1_raspberry,5,TH0,4,0,107,164,20.000,20.733,5698777,5698796,19,0.950000,SUCCESS,sync_counter,sync_with_sensor2_IC1_TH2
2026-05-21T17:36:36,93.3,34.0,sensor2_serial,1,2,6,2,120,164,20.000,20.733,11209880,11209883,3,0.150000,SUCCESS,sync_sigmoid,sync_with_sensor1_matrix5
2026-05-21T17:36:59,93.3,34.0,sensor1_raspberry,5,TH0,4,0,107,163,20.000,20.774,5698797,5698810,13,0.650000,SUCCESS,sync_counter,sync_with_sensor2_IC1_TH2
2026-05-21T17:36:59,93.3,34.0,sensor2_serial,1,2,6,2,120,163,20.000,20.774,11209883,11209885,2,0.100000,SUCCESS,sync_sigmoid,sync_with_sensor1_matrix5
2026-05-21T17:37:22,93.3,34.0,sensor1_raspberry,5,TH0,4,0,107,162,20.000,20.771,5698811,5698825,14,0.700000,SUCCESS,sync_counter,sync_with_sensor2_IC1_TH2
2026-05-21T17:37:22,93.3,34.0,sensor2_serial,1,2,6,2,120,162,20.000,20.771,11209885,11209888,3,0.150000,SUCCESS,sync_sigmoid,sync_with_sensor1_matrix5
2026-05-21T17:37:45,93.3,34.0,sensor1_raspberry,5,TH0,4,0,107,161,20.000,20.742,5698827,5698846,19,0.950000,SUCCESS,sync_counter,sync_with_sensor2_IC1_TH2
2026-05-21T17:37:45,93.3,34.0,sensor2_serial,1,2,6,2,120,161,20.000,20.742,11209888,11209889,1,0.050000,SUCCESS,sync_sigmoid,sync_with_sensor1_matrix5
2026-05-21T17:38:07,93.3,34.0,sensor1_raspberry,5,TH0,4,0,107,160,20.000,20.742,5698848,5698863,15,0.750000,SUCCESS,sync_counter,sync_with_sensor2_IC1_TH2
2026-05-21T17:38:07,93.3,34.0,sensor2_serial,1,2,6,2,120,160,20.000,20.742,11209890,11209897,7,0.350000,SUCCESS,sync_sigmoid,sync_with_sensor1_matrix5
2026-05-21T17:38:30,93.3,34.0,sensor1_raspberry,5,TH0,4,0,107,159,20.000,20.708,5698863,5698872,9,0.450000,SUCCESS,sync_counter,sync_with_sensor2_IC1_TH2
2026-05-21T17:38:30,93.3,34.0,sensor2_serial,1,2,6,2,120,159,20.000,20.708,11209897,11209899,2,0.100000,SUCCESS,sync_sigmoid,sync_with_sensor1_matrix5
2026-05-21T17:38:53,93.3,34.0,sensor1_raspberry,5,TH0,4,0,107,158,20.000,20.701,5698874,5698887,13,0.650000,SUCCESS,sync_counter,sync_with_sensor2_IC1_TH2
2026-05-21T17:38:53,93.3,34.0,sensor2_serial,1,2,6,2,120,158,20.000,20.701,11209899,11209899,0,0.000000,SUCCESS,sync_sigmoid,sync_with_sensor1_matrix5
2026-05-21T17:39:16,93.3,34.0,sensor1_raspberry,5,TH0,4,0,107,157,20.000,20.750,5698889,5698895,6,0.300000,SUCCESS,sync_counter,sync_with_sensor2_IC1_TH2
2026-05-21T17:39:16,93.3,34.0,sensor2_serial,1,2,6,2,120,157,20.000,20.750,11209899,11209900,1,0.050000,SUCCESS,sync_sigmoid,sync_with_sensor1_matrix5
2026-05-21T17:39:39,93.3,34.0,sensor1_raspberry,5,TH0,4,0,107,156,20.000,20.767,5698895,5698908,13,0.650000,SUCCESS,sync_counter,sync_with_sensor2_IC1_TH2
2026-05-21T17:39:39,93.3,34.0,sensor2_serial,1,2,6,2,120,156,20.000,20.767,11209900,11209902,2,0.100000,SUCCESS,sync_sigmoid,sync_with_sensor1_matrix5
2026-05-21T17:40:02,93.3,34.0,sensor1_raspberry,5,TH0,4,0,107,155,20.000,20.779,5698908,5698912,4,0.200000,SUCCESS,sync_counter,sync_with_sensor2_IC1_TH2
2026-05-21T17:40:02,93.3,34.0,sensor2_serial,1,2,6,2,120,155,20.000,20.779,11209902,11209903,1,0.050000,SUCCESS,sync_sigmoid,sync_with_sensor1_matrix5
2026-05-21T17:40:24,93.3,34.0,sensor1_raspberry,5,TH0,4,0,107,154,20.000,20.714,5698912,5698915,3,0.150000,SUCCESS,sync_counter,sync_with_sensor2_IC1_TH2
2026-05-21T17:40:24,93.3,34.0,sensor2_serial,1,2,6,2,120,154,20.000,20.714,11209903,11209904,1,0.050000,SUCCESS,sync_sigmoid,sync_with_sensor1_matrix5
2026-05-21T17:40:47,93.3,34.0,sensor1_raspberry,5,TH0,4,0,107,153,20.000,20.759,5698915,5698918,3,0.150000,SUCCESS,sync_counter,sync_with_sensor2_IC1_TH2
2026-05-21T17:40:47,93.3,34.0,sensor2_serial,1,2,6,2,120,153,20.000,20.759,11209904,11209906,2,0.100000,SUCCESS,sync_sigmoid,sync_with_sensor1_matrix5
2026-05-21T17:41:10,93.3,34.0,sensor1_raspberry,5,TH0,4,0,107,152,20.000,20.729,5698918,5698923,5,0.250000,SUCCESS,sync_counter,sync_with_sensor2_IC1_TH2
2026-05-21T17:41:10,93.3,34.0,sensor2_serial,1,2,6,2,120,152,20.000,20.729,11209906,11209906,0,0.000000,SUCCESS,sync_sigmoid,sync_with_sensor1_matrix5
2026-05-21T17:41:33,93.3,34.0,sensor1_raspberry,5,TH0,4,0,107,151,20.000,20.767,5698923,5698929,6,0.300000,SUCCESS,sync_counter,sync_with_sensor2_IC1_TH2
2026-05-21T17:41:33,93.3,34.0,sensor2_serial,1,2,6,2,120,151,20.000,20.767,11209906,11209908,2,0.100000,SUCCESS,sync_sigmoid,sync_with_sensor1_matrix5
2026-05-21T17:41:56,93.3,34.0,sensor1_raspberry,5,TH0,4,0,107,150,20.000,20.771,5698930,5698932,2,0.100000,SUCCESS,sync_counter,sync_with_sensor2_IC1_TH2
2026-05-21T17:41:56,93.3,34.0,sensor2_serial,1,2,6,2,120,150,20.000,20.771,11209908,11209908,0,0.000000,SUCCESS,sync_sigmoid,sync_with_sensor1_matrix5
2026-05-21T17:42:19,93.3,34.0,sensor1_raspberry,5,TH0,4,0,107,149,20.000,20.738,5698932,5698932,0,0.000000,SUCCESS,sync_counter,sync_with_sensor2_IC1_TH2
2026-05-21T17:42:19,93.3,34.0,sensor2_serial,1,2,6,2,120,149,20.000,20.738,11209908,11209908,0,0.000000,SUCCESS,sync_sigmoid,sync_with_sensor1_matrix5
2026-05-21T17:42:51,94.3,33.0,sensor1_raspberry,5,TH0,4,0,107,255,20.000,20.757,6165659,13588565,7422906,371145.300000,SUCCESS,sync_counter,sync_with_sensor2_IC1_TH0
2026-05-21T17:42:51,94.3,33.0,sensor2_serial,1,0,4,0,120,255,20.000,20.757,5221510,8585878,3364368,168218.400000,SUCCESS,sync_sigmoid,sync_with_sensor1_matrix5
2026-05-21T17:43:14,94.3,33.0,sensor1_raspberry,5,TH0,4,0,107,254,20.000,20.745,14173852,2507659,5111023,255551.150000,SUCCESS,sync_counter,sync_with_sensor2_IC1_TH0
2026-05-21T17:43:14,94.3,33.0,sensor2_serial,1,0,4,0,120,254,20.000,20.745,8922173,12434398,3512225,175611.250000,SUCCESS,sync_sigmoid,sync_with_sensor1_matrix5
2026-05-21T17:43:37,94.3,33.0,sensor1_raspberry,5,TH0,4,0,107,253,20.000,20.747,2786792,3936131,1149339,57466.950000,SUCCESS,sync_counter,sync_with_sensor2_IC1_TH0
2026-05-21T17:43:37,94.3,33.0,sensor2_serial,1,0,4,0,120,253,20.000,20.747,12773615,16060179,3286564,164328.200000,SUCCESS,sync_sigmoid,sync_with_sensor1_matrix5
2026-05-21T17:44:00,94.3,33.0,sensor1_raspberry,5,TH0,4,0,107,252,20.000,20.776,4008321,4417895,409574,20478.700000,SUCCESS,sync_counter,sync_with_sensor2_IC1_TH0
2026-05-21T17:44:00,94.3,33.0,sensor2_serial,1,0,4,0,120,252,20.000,20.776,16379483,2434235,2831968,141598.400000,SUCCESS,sync_sigmoid,sync_with_sensor1_matrix5
2026-05-21T17:44:23,94.3,33.0,sensor1_raspberry,5,TH0,4,0,107,251,20.000,20.744,4439545,4538626,99081,4954.050000,SUCCESS,sync_counter,sync_with_sensor2_IC1_TH0
2026-05-21T17:44:23,94.3,33.0,sensor2_serial,1,0,4,0,120,251,20.000,20.744,2716841,4850531,2133690,106684.500000,SUCCESS,sync_sigmoid,sync_with_sensor1_matrix5
2026-05-21T17:44:46,94.3,33.0,sensor1_raspberry,5,TH0,4,0,107,250,20.000,20.714,4544595,4572052,27457,1372.850000,SUCCESS,sync_counter,sync_with_sensor2_IC1_TH0
2026-05-21T17:44:46,94.3,33.0,sensor2_serial,1,0,4,0,120,250,20.000,20.714,5047970,6228721,1180751,59037.550000,SUCCESS,sync_sigmoid,sync_with_sensor1_matrix5
2026-05-21T17:45:08,94.3,33.0,sensor1_raspberry,5,TH0,4,0,107,249,20.000,20.762,4572973,4574684,1711,85.550000,SUCCESS,sync_counter,sync_with_sensor2_IC1_TH0
2026-05-21T17:45:08,94.3,33.0,sensor2_serial,1,0,4,0,120,249,20.000,20.762,6340513,7066089,725576,36278.800000,SUCCESS,sync_sigmoid,sync_with_sensor1_matrix5
2026-05-21T17:45:31,94.3,33.0,sensor1_raspberry,5,TH0,4,0,107,248,20.000,20.767,4574795,4575371,576,28.800000,SUCCESS,sync_counter,sync_with_sensor2_IC1_TH0
2026-05-21T17:45:31,94.3,33.0,sensor2_serial,1,0,4,0,120,248,20.000,20.767,7137970,7505905,367935,18396.750000,SUCCESS,sync_sigmoid,sync_with_sensor1_matrix5
2026-05-21T17:45:54,94.3,33.0,sensor1_raspberry,5,TH0,4,0,107,247,20.000,20.752,4575421,4575671,250,12.500000,SUCCESS,sync_counter,sync_with_sensor2_IC1_TH0
2026-05-21T17:45:54,94.3,33.0,sensor2_serial,1,0,4,0,120,247,20.000,20.752,7552048,7891656,339608,16980.400000,SUCCESS,sync_sigmoid,sync_with_sensor1_matrix5
2026-05-21T17:46:17,94.3,33.0,sensor1_raspberry,5,TH0,4,0,107,246,20.000,20.765,4575695,4575890,195,9.750000,SUCCESS,sync_counter,sync_with_sensor2_IC1_TH0
2026-05-21T17:46:17,94.3,33.0,sensor2_serial,1,0,4,0,120,246,20.000,20.765,7891697,8080357,188660,9433.000000,SUCCESS,sync_sigmoid,sync_with_sensor1_matrix5
2026-05-21T17:46:40,94.3,33.0,sensor1_raspberry,5,TH0,4,0,107,245,20.000,20.769,4575906,4576038,132,6.600000,SUCCESS,sync_counter,sync_with_sensor2_IC1_TH0
2026-05-21T17:46:40,94.3,33.0,sensor2_serial,1,0,4,0,120,245,20.000,20.769,8080391,8156373,75982,3799.100000,SUCCESS,sync_sigmoid,sync_with_sensor1_matrix5
2026-05-21T17:47:03,94.3,33.0,sensor1_raspberry,5,TH0,4,0,107,244,20.000,20.676,4576051,4576178,127,6.350000,SUCCESS,sync_counter,sync_with_sensor2_IC1_TH0
2026-05-21T17:47:03,94.3,33.0,sensor2_serial,1,0,4,0,120,244,20.000,20.676,8156413,8161864,5451,272.550000,SUCCESS,sync_sigmoid,sync_with_sensor1_matrix5
2026-05-21T17:47:26,94.3,33.0,sensor1_raspberry,5,TH0,4,0,107,243,20.000,20.735,4576197,4576335,138,6.900000,SUCCESS,sync_counter,sync_with_sensor2_IC1_TH0
2026-05-21T17:47:26,94.3,33.0,sensor2_serial,1,0,4,0,120,243,20.000,20.735,8188215,8199315,11100,555.000000,SUCCESS,sync_sigmoid,sync_with_sensor1_matrix5
2026-05-21T17:47:48,94.3,33.0,sensor1_raspberry,5,TH0,4,0,107,242,20.000,20.744,4576352,4576505,153,7.650000,SUCCESS,sync_counter,sync_with_sensor2_IC1_TH0
2026-05-21T17:47:48,94.3,33.0,sensor2_serial,1,0,4,0,120,242,20.000,20.744,8199342,8200267,925,46.250000,SUCCESS,sync_sigmoid,sync_with_sensor1_matrix5
2026-05-21T17:48:11,94.3,33.0,sensor1_raspberry,5,TH0,4,0,107,241,20.000,20.773,4576520,4576684,164,8.200000,SUCCESS,sync_counter,sync_with_sensor2_IC1_TH0
2026-05-21T17:48:11,94.3,33.0,sensor2_serial,1,0,4,0,120,241,20.000,20.773,8204143,8204645,502,25.100000,SUCCESS,sync_sigmoid,sync_with_sensor1_matrix5
2026-05-21T17:48:34,94.3,33.0,sensor1_raspberry,5,TH0,4,0,107,240,20.000,20.744,4576700,4576828,128,6.400000,SUCCESS,sync_counter,sync_with_sensor2_IC1_TH0
2026-05-21T17:48:34,94.3,33.0,sensor2_serial,1,0,4,0,120,240,20.000,20.744,8206094,8206267,173,8.650000,SUCCESS,sync_sigmoid,sync_with_sensor1_matrix5
2026-05-21T17:48:57,94.3,33.0,sensor1_raspberry,5,TH0,4,0,107,239,20.000,20.772,4576847,4576978,131,6.550000,SUCCESS,sync_counter,sync_with_sensor2_IC1_TH0
2026-05-21T17:48:57,94.3,33.0,sensor2_serial,1,0,4,0,120,239,20.000,20.772,8206900,8206986,86,4.300000,SUCCESS,sync_sigmoid,sync_with_sensor1_matrix5
2026-05-21T17:49:20,94.3,33.0,sensor1_raspberry,5,TH0,4,0,107,238,20.000,20.785,4576993,4577139,146,7.300000,SUCCESS,sync_counter,sync_with_sensor2_IC1_TH0
2026-05-21T17:49:20,94.3,33.0,sensor2_serial,1,0,4,0,120,238,20.000,20.785,8207194,8207243,49,2.450000,SUCCESS,sync_sigmoid,sync_with_sensor1_matrix5
2026-05-21T17:49:43,94.3,33.0,sensor1_raspberry,5,TH0,4,0,107,237,20.000,20.726,4577155,4577324,169,8.450000,SUCCESS,sync_counter,sync_with_sensor2_IC1_TH0
2026-05-21T17:49:43,94.3,33.0,sensor2_serial,1,0,4,0,120,237,20.000,20.726,8207393,8207434,41,2.050000,SUCCESS,sync_sigmoid,sync_with_sensor1_matrix5
2026-05-21T17:50:06,94.3,33.0,sensor1_raspberry,5,TH0,4,0,107,236,20.000,20.754,4577336,4577476,140,7.000000,SUCCESS,sync_counter,sync_with_sensor2_IC1_TH0
2026-05-21T17:50:06,94.3,33.0,sensor2_serial,1,0,4,0,120,236,20.000,20.754,8207608,8207642,34,1.700000,SUCCESS,sync_sigmoid,sync_with_sensor1_matrix5
2026-05-21T17:50:28,94.3,33.0,sensor1_raspberry,5,TH0,4,0,107,235,20.000,20.779,4577486,4577616,130,6.500000,SUCCESS,sync_counter,sync_with_sensor2_IC1_TH0
2026-05-21T17:50:28,94.3,33.0,sensor2_serial,1,0,4,0,120,235,20.000,20.779,8207792,8207818,26,1.300000,SUCCESS,sync_sigmoid,sync_with_sensor1_matrix5
2026-05-21T17:50:51,94.3,33.0,sensor1_raspberry,5,TH0,4,0,107,234,20.000,20.697,4577627,4577786,159,7.950000,SUCCESS,sync_counter,sync_with_sensor2_IC1_TH0
2026-05-21T17:50:51,94.3,33.0,sensor2_serial,1,0,4,0,120,234,20.000,20.697,8207957,8207990,33,1.650000,SUCCESS,sync_sigmoid,sync_with_sensor1_matrix5
2026-05-21T17:51:14,94.3,33.0,sensor1_raspberry,5,TH0,4,0,107,233,20.000,20.716,4577805,4577955,150,7.500000,SUCCESS,sync_counter,sync_with_sensor2_IC1_TH0
2026-05-21T17:51:14,94.3,33.0,sensor2_serial,1,0,4,0,120,233,20.000,20.716,8208124,8208156,32,1.600000,SUCCESS,sync_sigmoid,sync_with_sensor1_matrix5
2026-05-21T17:51:37,94.3,33.0,sensor1_raspberry,5,TH0,4,0,107,232,20.000,20.775,4577968,4578131,163,8.150000,SUCCESS,sync_counter,sync_with_sensor2_IC1_TH0
2026-05-21T17:51:37,94.3,33.0,sensor2_serial,1,0,4,0,120,232,20.000,20.775,8208288,8208310,22,1.100000,SUCCESS,sync_sigmoid,sync_with_sensor1_matrix5
2026-05-21T17:52:00,94.3,33.0,sensor1_raspberry,5,TH0,4,0,107,231,20.000,20.751,4578151,4578283,132,6.600000,SUCCESS,sync_counter,sync_with_sensor2_IC1_TH0
2026-05-21T17:52:00,94.3,33.0,sensor2_serial,1,0,4,0,120,231,20.000,20.751,8208421,8208443,22,1.100000,SUCCESS,sync_sigmoid,sync_with_sensor1_matrix5
2026-05-21T17:52:23,94.3,33.0,sensor1_raspberry,5,TH0,4,0,107,230,20.000,20.763,4578297,4578457,160,8.000000,SUCCESS,sync_counter,sync_with_sensor2_IC1_TH0
2026-05-21T17:52:23,94.3,33.0,sensor2_serial,1,0,4,0,120,230,20.000,20.763,8208557,8208583,26,1.300000,SUCCESS,sync_sigmoid,sync_with_sensor1_matrix5
2026-05-21T17:52:46,94.3,33.0,sensor1_raspberry,5,TH0,4,0,107,229,20.000,20.739,4578472,4578617,145,7.250000,SUCCESS,sync_counter,sync_with_sensor2_IC1_TH0
2026-05-21T17:52:46,94.3,33.0,sensor2_serial,1,0,4,0,120,229,20.000,20.739,8208710,8208737,27,1.350000,SUCCESS,sync_sigmoid,sync_with_sensor1_matrix5
2026-05-21T17:53:08,94.3,33.0,sensor1_raspberry,5,TH0,4,0,107,228,20.000,20.728,4578632,4578789,157,7.850000,SUCCESS,sync_counter,sync_with_sensor2_IC1_TH0
2026-05-21T17:53:08,94.3,33.0,sensor2_serial,1,0,4,0,120,228,20.000,20.728,8208862,8208887,25,1.250000,SUCCESS,sync_sigmoid,sync_with_sensor1_matrix5
2026-05-21T17:53:31,94.3,33.0,sensor1_raspberry,5,TH0,4,0,107,227,20.000,20.769,4578796,4578940,144,7.200000,SUCCESS,sync_counter,sync_with_sensor2_IC1_TH0
2026-05-21T17:53:31,94.3,33.0,sensor2_serial,1,0,4,0,120,227,20.000,20.769,8208982,8209000,18,0.900000,SUCCESS,sync_sigmoid,sync_with_sensor1_matrix5
2026-05-21T17:53:54,94.3,33.0,sensor1_raspberry,5,TH0,4,0,107,226,20.000,20.779,4578954,4579090,136,6.800000,SUCCESS,sync_counter,sync_with_sensor2_IC1_TH0
2026-05-21T17:53:54,94.3,33.0,sensor2_serial,1,0,4,0,120,226,20.000,20.779,8209120,8209140,20,1.000000,SUCCESS,sync_sigmoid,sync_with_sensor1_matrix5
2026-05-21T17:54:17,94.3,33.0,sensor1_raspberry,5,TH0,4,0,107,225,20.000,20.784,4579100,4579242,142,7.100000,SUCCESS,sync_counter,sync_with_sensor2_IC1_TH0
2026-05-21T17:54:17,94.3,33.0,sensor2_serial,1,0,4,0,120,225,20.000,20.784,8209244,8209262,18,0.900000,SUCCESS,sync_sigmoid,sync_with_sensor1_matrix5
2026-05-21T17:54:40,94.3,33.0,sensor1_raspberry,5,TH0,4,0,107,224,20.000,20.753,4579256,4579401,145,7.250000,SUCCESS,sync_counter,sync_with_sensor2_IC1_TH0
2026-05-21T17:54:40,94.3,33.0,sensor2_serial,1,0,4,0,120,224,20.000,20.753,8209378,8209397,19,0.950000,SUCCESS,sync_sigmoid,sync_with_sensor1_matrix5
2026-05-21T17:55:03,94.3,33.0,sensor1_raspberry,5,TH0,4,0,107,223,20.000,20.722,4579421,4579576,155,7.750000,SUCCESS,sync_counter,sync_with_sensor2_IC1_TH0
2026-05-21T17:55:03,94.3,33.0,sensor2_serial,1,0,4,0,120,223,20.000,20.722,8209494,8209509,15,0.750000,SUCCESS,sync_sigmoid,sync_with_sensor1_matrix5
2026-05-21T17:55:26,94.3,33.0,sensor1_raspberry,5,TH0,4,0,107,222,20.000,20.770,4579585,4579710,125,6.250000,SUCCESS,sync_counter,sync_with_sensor2_IC1_TH0
2026-05-21T17:55:26,94.3,33.0,sensor2_serial,1,0,4,0,120,222,20.000,20.770,8209614,8209628,14,0.700000,SUCCESS,sync_sigmoid,sync_with_sensor1_matrix5
2026-05-21T17:55:48,94.3,33.0,sensor1_raspberry,5,TH0,4,0,107,221,20.000,20.758,4579723,4579853,130,6.500000,SUCCESS,sync_counter,sync_with_sensor2_IC1_TH0
2026-05-21T17:55:48,94.3,33.0,sensor2_serial,1,0,4,0,120,221,20.000,20.758,8209737,8209753,16,0.800000,SUCCESS,sync_sigmoid,sync_with_sensor1_matrix5
2026-05-21T17:56:11,94.3,33.0,sensor1_raspberry,5,TH0,4,0,107,220,20.000,20.763,4579869,4579998,129,6.450000,SUCCESS,sync_counter,sync_with_sensor2_IC1_TH0
2026-05-21T17:56:11,94.3,33.0,sensor2_serial,1,0,4,0,120,220,20.000,20.763,8209839,8209856,17,0.850000,SUCCESS,sync_sigmoid,sync_with_sensor1_matrix5
2026-05-21T17:56:34,94.3,33.0,sensor1_raspberry,5,TH0,4,0,107,219,20.000,20.772,4580016,4580175,159,7.950000,SUCCESS,sync_counter,sync_with_sensor2_IC1_TH0
2026-05-21T17:56:34,94.3,33.0,sensor2_serial,1,0,4,0,120,219,20.000,20.772,8209950,8209965,15,0.750000,SUCCESS,sync_sigmoid,sync_with_sensor1_matrix5
2026-05-21T17:56:57,94.3,33.0,sensor1_raspberry,5,TH0,4,0,107,218,20.000,20.743,4580192,4580325,133,6.650000,SUCCESS,sync_counter,sync_with_sensor2_IC1_TH0
2026-05-21T17:56:57,94.3,33.0,sensor2_serial,1,0,4,0,120,218,20.000,20.743,8210051,8210063,12,0.600000,SUCCESS,sync_sigmoid,sync_with_sensor1_matrix5
2026-05-21T17:57:20,94.3,33.0,sensor1_raspberry,5,TH0,4,0,107,217,20.000,20.726,4580341,4580480,139,6.950000,SUCCESS,sync_counter,sync_with_sensor2_IC1_TH0
2026-05-21T17:57:20,94.3,33.0,sensor2_serial,1,0,4,0,120,217,20.000,20.726,8210159,8210174,15,0.750000,SUCCESS,sync_sigmoid,sync_with_sensor1_matrix5
2026-05-21T17:57:43,94.3,33.0,sensor1_raspberry,5,TH0,4,0,107,216,20.000,20.770,4580498,4580627,129,6.450000,SUCCESS,sync_counter,sync_with_sensor2_IC1_TH0
2026-05-21T17:57:43,94.3,33.0,sensor2_serial,1,0,4,0,120,216,20.000,20.770,8210292,8210308,16,0.800000,SUCCESS,sync_sigmoid,sync_with_sensor1_matrix5
2026-05-21T17:58:06,94.3,33.0,sensor1_raspberry,5,TH0,4,0,107,215,20.000,20.752,4580638,4580779,141,7.050000,SUCCESS,sync_counter,sync_with_sensor2_IC1_TH0
2026-05-21T17:58:06,94.3,33.0,sensor2_serial,1,0,4,0,120,215,20.000,20.752,8210405,8210414,9,0.450000,SUCCESS,sync_sigmoid,sync_with_sensor1_matrix5
2026-05-21T17:58:28,94.3,33.0,sensor1_raspberry,5,TH0,4,0,107,214,20.000,20.800,4580796,4580921,125,6.250000,SUCCESS,sync_counter,sync_with_sensor2_IC1_TH0
2026-05-21T17:58:28,94.3,33.0,sensor2_serial,1,0,4,0,120,214,20.000,20.800,8210485,8210495,10,0.500000,SUCCESS,sync_sigmoid,sync_with_sensor1_matrix5
2026-05-21T17:58:51,94.3,33.0,sensor1_raspberry,5,TH0,4,0,107,213,20.000,20.742,4580932,4581076,144,7.200000,SUCCESS,sync_counter,sync_with_sensor2_IC1_TH0
2026-05-21T17:58:51,94.3,33.0,sensor2_serial,1,0,4,0,120,213,20.000,20.742,8210571,8210585,14,0.700000,SUCCESS,sync_sigmoid,sync_with_sensor1_matrix5
2026-05-21T17:59:14,94.3,33.0,sensor1_raspberry,5,TH0,4,0,107,212,20.000,20.796,4581089,4581254,165,8.250000,SUCCESS,sync_counter,sync_with_sensor2_IC1_TH0
2026-05-21T17:59:14,94.3,33.0,sensor2_serial,1,0,4,0,120,212,20.000,20.796,8210670,8210679,9,0.450000,SUCCESS,sync_sigmoid,sync_with_sensor1_matrix5
2026-05-21T17:59:37,94.3,33.0,sensor1_raspberry,5,TH0,4,0,107,211,20.000,20.765,4581266,4581385,119,5.950000,SUCCESS,sync_counter,sync_with_sensor2_IC1_TH0
2026-05-21T17:59:37,94.3,33.0,sensor2_serial,1,0,4,0,120,211,20.000,20.765,8210753,8210763,10,0.500000,SUCCESS,sync_sigmoid,sync_with_sensor1_matrix5
2026-05-21T18:00:00,94.3,33.0,sensor1_raspberry,5,TH0,4,0,107,210,20.000,20.761,4581406,4581566,160,8.000000,SUCCESS,sync_counter,sync_with_sensor2_IC1_TH0
2026-05-21T18:00:00,94.3,33.0,sensor2_serial,1,0,4,0,120,210,20.000,20.761,8210812,8210826,14,0.700000,SUCCESS,sync_sigmoid,sync_with_sensor1_matrix5
2026-05-21T18:00:23,94.3,33.0,sensor1_raspberry,5,TH0,4,0,107,209,20.000,20.717,4581583,4581709,126,6.300000,SUCCESS,sync_counter,sync_with_sensor2_IC1_TH0
2026-05-21T18:00:23,94.3,33.0,sensor2_serial,1,0,4,0,120,209,20.000,20.717,8210891,8210904,13,0.650000,SUCCESS,sync_sigmoid,sync_with_sensor1_matrix5
2026-05-21T18:00:46,94.3,33.0,sensor1_raspberry,5,TH0,4,0,107,208,20.000,20.703,4581725,4581873,148,7.400000,SUCCESS,sync_counter,sync_with_sensor2_IC1_TH0
2026-05-21T18:00:46,94.3,33.0,sensor2_serial,1,0,4,0,120,208,20.000,20.703,8210973,8210982,9,0.450000,SUCCESS,sync_sigmoid,sync_with_sensor1_matrix5
2026-05-21T18:01:09,94.3,33.0,sensor1_raspberry,5,TH0,4,0,107,207,20.000,20.734,4581892,4582045,153,7.650000,SUCCESS,sync_counter,sync_with_sensor2_IC1_TH0
2026-05-21T18:01:09,94.3,33.0,sensor2_serial,1,0,4,0,120,207,20.000,20.734,8211044,8211049,5,0.250000,SUCCESS,sync_sigmoid,sync_with_sensor1_matrix5
2026-05-21T18:01:31,94.3,33.0,sensor1_raspberry,5,TH0,4,0,107,206,20.000,20.698,4582062,4582201,139,6.950000,SUCCESS,sync_counter,sync_with_sensor2_IC1_TH0
2026-05-21T18:01:31,94.3,33.0,sensor2_serial,1,0,4,0,120,206,20.000,20.698,8211123,8211130,7,0.350000,SUCCESS,sync_sigmoid,sync_with_sensor1_matrix5
2026-05-21T18:01:54,94.3,33.0,sensor1_raspberry,5,TH0,4,0,107,205,20.000,20.758,4582218,4582352,134,6.700000,SUCCESS,sync_counter,sync_with_sensor2_IC1_TH0
2026-05-21T18:01:54,94.3,33.0,sensor2_serial,1,0,4,0,120,205,20.000,20.758,8211194,8211199,5,0.250000,SUCCESS,sync_sigmoid,sync_with_sensor1_matrix5
2026-05-21T18:02:17,94.3,33.0,sensor1_raspberry,5,TH0,4,0,107,204,20.000,20.744,4582369,4582498,129,6.450000,SUCCESS,sync_counter,sync_with_sensor2_IC1_TH0
2026-05-21T18:02:17,94.3,33.0,sensor2_serial,1,0,4,0,120,204,20.000,20.744,8211273,8211280,7,0.350000,SUCCESS,sync_sigmoid,sync_with_sensor1_matrix5
2026-05-21T18:02:40,94.3,33.0,sensor1_raspberry,5,TH0,4,0,107,203,20.000,20.743,4582506,4582661,155,7.750000,SUCCESS,sync_counter,sync_with_sensor2_IC1_TH0
2026-05-21T18:02:40,94.3,33.0,sensor2_serial,1,0,4,0,120,203,20.000,20.743,8211327,8211333,6,0.300000,SUCCESS,sync_sigmoid,sync_with_sensor1_matrix5
2026-05-21T18:03:03,94.3,33.0,sensor1_raspberry,5,TH0,4,0,107,202,20.000,20.738,4582674,4582824,150,7.500000,SUCCESS,sync_counter,sync_with_sensor2_IC1_TH0
2026-05-21T18:03:03,94.3,33.0,sensor2_serial,1,0,4,0,120,202,20.000,20.738,8211386,8211396,10,0.500000,SUCCESS,sync_sigmoid,sync_with_sensor1_matrix5
2026-05-21T18:03:26,94.3,33.0,sensor1_raspberry,5,TH0,4,0,107,201,20.000,20.738,4582836,4582954,118,5.900000,SUCCESS,sync_counter,sync_with_sensor2_IC1_TH0
2026-05-21T18:03:26,94.3,33.0,sensor2_serial,1,0,4,0,120,201,20.000,20.738,8211464,8211473,9,0.450000,SUCCESS,sync_sigmoid,sync_with_sensor1_matrix5
2026-05-21T18:03:48,94.3,33.0,sensor1_raspberry,5,TH0,4,0,107,200,20.000,20.746,4582961,4583067,106,5.300000,SUCCESS,sync_counter,sync_with_sensor2_IC1_TH0
2026-05-21T18:03:48,94.3,33.0,sensor2_serial,1,0,4,0,120,200,20.000,20.746,8211528,8211532,4,0.200000,SUCCESS,sync_sigmoid,sync_with_sensor1_matrix5
2026-05-21T18:04:11,94.3,33.0,sensor1_raspberry,5,TH0,4,0,107,199,20.000,20.767,4583087,4583204,117,5.850000,SUCCESS,sync_counter,sync_with_sensor2_IC1_TH0
2026-05-21T18:04:11,94.3,33.0,sensor2_serial,1,0,4,0,120,199,20.000,20.767,8211581,8211590,9,0.450000,SUCCESS,sync_sigmoid,sync_with_sensor1_matrix5
2026-05-21T18:04:34,94.3,33.0,sensor1_raspberry,5,TH0,4,0,107,198,20.000,20.730,4583213,4583344,131,6.550000,SUCCESS,sync_counter,sync_with_sensor2_IC1_TH0
2026-05-21T18:04:34,94.3,33.0,sensor2_serial,1,0,4,0,120,198,20.000,20.730,8211644,8211648,4,0.200000,SUCCESS,sync_sigmoid,sync_with_sensor1_matrix5
2026-05-21T18:04:57,94.3,33.0,sensor1_raspberry,5,TH0,4,0,107,197,20.000,20.797,4583354,4583483,129,6.450000,SUCCESS,sync_counter,sync_with_sensor2_IC1_TH0
2026-05-21T18:04:57,94.3,33.0,sensor2_serial,1,0,4,0,120,197,20.000,20.797,8211703,8211710,7,0.350000,SUCCESS,sync_sigmoid,sync_with_sensor1_matrix5
2026-05-21T18:05:20,94.3,33.0,sensor1_raspberry,5,TH0,4,0,107,196,20.000,20.816,4583494,4583637,143,7.150000,SUCCESS,sync_counter,sync_with_sensor2_IC1_TH0
2026-05-21T18:05:20,94.3,33.0,sensor2_serial,1,0,4,0,120,196,20.000,20.816,8211756,8211760,4,0.200000,SUCCESS,sync_sigmoid,sync_with_sensor1_matrix5
2026-05-21T18:05:43,94.3,33.0,sensor1_raspberry,5,TH0,4,0,107,195,20.000,20.703,4583648,4583778,130,6.500000,SUCCESS,sync_counter,sync_with_sensor2_IC1_TH0
2026-05-21T18:05:43,94.3,33.0,sensor2_serial,1,0,4,0,120,195,20.000,20.703,8211804,8211810,6,0.300000,SUCCESS,sync_sigmoid,sync_with_sensor1_matrix5
2026-05-21T18:06:06,94.3,33.0,sensor1_raspberry,5,TH0,4,0,107,194,20.000,20.763,4583794,4583918,124,6.200000,SUCCESS,sync_counter,sync_with_sensor2_IC1_TH0
2026-05-21T18:06:06,94.3,33.0,sensor2_serial,1,0,4,0,120,194,20.000,20.763,8211858,8211861,3,0.150000,SUCCESS,sync_sigmoid,sync_with_sensor1_matrix5
2026-05-21T18:06:28,94.3,33.0,sensor1_raspberry,5,TH0,4,0,107,193,20.000,20.765,4583932,4584063,131,6.550000,SUCCESS,sync_counter,sync_with_sensor2_IC1_TH0
2026-05-21T18:06:28,94.3,33.0,sensor2_serial,1,0,4,0,120,193,20.000,20.765,8211910,8211911,1,0.050000,SUCCESS,sync_sigmoid,sync_with_sensor1_matrix5
2026-05-21T18:06:51,94.3,33.0,sensor1_raspberry,5,TH0,4,0,107,192,20.000,20.729,4584076,4584210,134,6.700000,SUCCESS,sync_counter,sync_with_sensor2_IC1_TH0
2026-05-21T18:06:51,94.3,33.0,sensor2_serial,1,0,4,0,120,192,20.000,20.729,8211950,8211957,7,0.350000,SUCCESS,sync_sigmoid,sync_with_sensor1_matrix5
2026-05-21T18:07:14,94.3,33.0,sensor1_raspberry,5,TH0,4,0,107,191,20.000,20.752,4584223,4584336,113,5.650000,SUCCESS,sync_counter,sync_with_sensor2_IC1_TH0
2026-05-21T18:07:14,94.3,33.0,sensor2_serial,1,0,4,0,120,191,20.000,20.752,8212001,8212005,4,0.200000,SUCCESS,sync_sigmoid,sync_with_sensor1_matrix5
2026-05-21T18:07:37,94.3,33.0,sensor1_raspberry,5,TH0,4,0,107,190,20.000,20.753,4584350,4584481,131,6.550000,SUCCESS,sync_counter,sync_with_sensor2_IC1_TH0
2026-05-21T18:07:37,94.3,33.0,sensor2_serial,1,0,4,0,120,190,20.000,20.753,8212054,8212059,5,0.250000,SUCCESS,sync_sigmoid,sync_with_sensor1_matrix5
2026-05-21T18:08:00,94.3,33.0,sensor1_raspberry,5,TH0,4,0,107,189,20.000,20.807,4584494,4584607,113,5.650000,SUCCESS,sync_counter,sync_with_sensor2_IC1_TH0
2026-05-21T18:08:00,94.3,33.0,sensor2_serial,1,0,4,0,120,189,20.000,20.807,8212099,8212104,5,0.250000,SUCCESS,sync_sigmoid,sync_with_sensor1_matrix5
2026-05-21T18:08:23,94.3,33.0,sensor1_raspberry,5,TH0,4,0,107,188,20.000,20.759,4584621,4584742,121,6.050000,SUCCESS,sync_counter,sync_with_sensor2_IC1_TH0
2026-05-21T18:08:23,94.3,33.0,sensor2_serial,1,0,4,0,120,188,20.000,20.759,8212139,8212140,1,0.050000,SUCCESS,sync_sigmoid,sync_with_sensor1_matrix5
2026-05-21T18:08:46,94.3,33.0,sensor1_raspberry,5,TH0,4,0,107,187,20.000,20.748,4584757,4584877,120,6.000000,SUCCESS,sync_counter,sync_with_sensor2_IC1_TH0
2026-05-21T18:08:46,94.3,33.0,sensor2_serial,1,0,4,0,120,187,20.000,20.748,8212169,8212176,7,0.350000,SUCCESS,sync_sigmoid,sync_with_sensor1_matrix5
2026-05-21T18:09:08,94.3,33.0,sensor1_raspberry,5,TH0,4,0,107,186,20.000,20.748,4584885,4585010,125,6.250000,SUCCESS,sync_counter,sync_with_sensor2_IC1_TH0
2026-05-21T18:09:08,94.3,33.0,sensor2_serial,1,0,4,0,120,186,20.000,20.748,8212209,8212210,1,0.050000,SUCCESS,sync_sigmoid,sync_with_sensor1_matrix5
2026-05-21T18:09:31,94.3,33.0,sensor1_raspberry,5,TH0,4,0,107,185,20.000,20.748,4585022,4585147,125,6.250000,SUCCESS,sync_counter,sync_with_sensor2_IC1_TH0
2026-05-21T18:09:31,94.3,33.0,sensor2_serial,1,0,4,0,120,185,20.000,20.748,8212245,8212250,5,0.250000,SUCCESS,sync_sigmoid,sync_with_sensor1_matrix5
2026-05-21T18:09:54,94.3,33.0,sensor1_raspberry,5,TH0,4,0,107,184,20.000,20.708,4585159,4585285,126,6.300000,SUCCESS,sync_counter,sync_with_sensor2_IC1_TH0
2026-05-21T18:09:54,94.3,33.0,sensor2_serial,1,0,4,0,120,184,20.000,20.708,8212285,8212290,5,0.250000,SUCCESS,sync_sigmoid,sync_with_sensor1_matrix5
2026-05-21T18:10:17,94.3,33.0,sensor1_raspberry,5,TH0,4,0,107,183,20.000,20.753,4585300,4585399,99,4.950000,SUCCESS,sync_counter,sync_with_sensor2_IC1_TH0
2026-05-21T18:10:17,94.3,33.0,sensor2_serial,1,0,4,0,120,183,20.000,20.753,8212327,8212330,3,0.150000,SUCCESS,sync_sigmoid,sync_with_sensor1_matrix5
2026-05-21T18:10:40,94.3,33.0,sensor1_raspberry,5,TH0,4,0,107,182,20.000,20.743,4585406,4585496,90,4.500000,SUCCESS,sync_counter,sync_with_sensor2_IC1_TH0
2026-05-21T18:10:40,94.3,33.0,sensor2_serial,1,0,4,0,120,182,20.000,20.743,8212355,8212358,3,0.150000,SUCCESS,sync_sigmoid,sync_with_sensor1_matrix5
2026-05-21T18:11:03,94.3,33.0,sensor1_raspberry,5,TH0,4,0,107,181,20.000,20.743,4585510,4585622,112,5.600000,SUCCESS,sync_counter,sync_with_sensor2_IC1_TH0
2026-05-21T18:11:03,94.3,33.0,sensor2_serial,1,0,4,0,120,181,20.000,20.743,8212387,8212390,3,0.150000,SUCCESS,sync_sigmoid,sync_with_sensor1_matrix5
2026-05-21T18:11:26,94.3,33.0,sensor1_raspberry,5,TH0,4,0,107,180,20.000,20.788,4585633,4585740,107,5.350000,SUCCESS,sync_counter,sync_with_sensor2_IC1_TH0
2026-05-21T18:11:26,94.3,33.0,sensor2_serial,1,0,4,0,120,180,20.000,20.788,8212425,8212428,3,0.150000,SUCCESS,sync_sigmoid,sync_with_sensor1_matrix5
2026-05-21T18:11:48,94.3,33.0,sensor1_raspberry,5,TH0,4,0,107,179,20.000,20.729,4585745,4585854,109,5.450000,SUCCESS,sync_counter,sync_with_sensor2_IC1_TH0
2026-05-21T18:11:48,94.3,33.0,sensor2_serial,1,0,4,0,120,179,20.000,20.729,8212464,8212464,0,0.000000,SUCCESS,sync_sigmoid,sync_with_sensor1_matrix5
2026-05-21T18:12:11,94.3,33.0,sensor1_raspberry,5,TH0,4,0,107,178,20.000,20.756,4585871,4585987,116,5.800000,SUCCESS,sync_counter,sync_with_sensor2_IC1_TH0
2026-05-21T18:12:11,94.3,33.0,sensor2_serial,1,0,4,0,120,178,20.000,20.756,8212484,8212486,2,0.100000,SUCCESS,sync_sigmoid,sync_with_sensor1_matrix5
2026-05-21T18:12:34,94.3,33.0,sensor1_raspberry,5,TH0,4,0,107,177,20.000,20.761,4585996,4586097,101,5.050000,SUCCESS,sync_counter,sync_with_sensor2_IC1_TH0
2026-05-21T18:12:34,94.3,33.0,sensor2_serial,1,0,4,0,120,177,20.000,20.761,8212510,8212511,1,0.050000,SUCCESS,sync_sigmoid,sync_with_sensor1_matrix5
2026-05-21T18:12:57,94.3,33.0,sensor1_raspberry,5,TH0,4,0,107,176,20.000,20.759,4586109,4586208,99,4.950000,SUCCESS,sync_counter,sync_with_sensor2_IC1_TH0
2026-05-21T18:12:57,94.3,33.0,sensor2_serial,1,0,4,0,120,176,20.000,20.759,8212536,8212541,5,0.250000,SUCCESS,sync_sigmoid,sync_with_sensor1_matrix5
2026-05-21T18:13:20,94.3,33.0,sensor1_raspberry,5,TH0,4,0,107,175,20.000,20.775,4586224,4586321,97,4.850000,SUCCESS,sync_counter,sync_with_sensor2_IC1_TH0
2026-05-21T18:13:20,94.3,33.0,sensor2_serial,1,0,4,0,120,175,20.000,20.775,8212562,8212567,5,0.250000,SUCCESS,sync_sigmoid,sync_with_sensor1_matrix5
2026-05-21T18:13:43,94.3,33.0,sensor1_raspberry,5,TH0,4,0,107,174,20.000,20.748,4586329,4586422,93,4.650000,SUCCESS,sync_counter,sync_with_sensor2_IC1_TH0
2026-05-21T18:13:43,94.3,33.0,sensor2_serial,1,0,4,0,120,174,20.000,20.748,8212585,8212586,1,0.050000,SUCCESS,sync_sigmoid,sync_with_sensor1_matrix5
2026-05-21T18:14:05,94.3,33.0,sensor1_raspberry,5,TH0,4,0,107,173,20.000,20.730,4586432,4586507,75,3.750000,SUCCESS,sync_counter,sync_with_sensor2_IC1_TH0
2026-05-21T18:14:05,94.3,33.0,sensor2_serial,1,0,4,0,120,173,20.000,20.730,8212601,8212603,2,0.100000,SUCCESS,sync_sigmoid,sync_with_sensor1_matrix5
2026-05-21T18:14:28,94.3,33.0,sensor1_raspberry,5,TH0,4,0,107,172,20.000,20.735,4586515,4586603,88,4.400000,SUCCESS,sync_counter,sync_with_sensor2_IC1_TH0
2026-05-21T18:14:28,94.3,33.0,sensor2_serial,1,0,4,0,120,172,20.000,20.735,8212621,8212623,2,0.100000,SUCCESS,sync_sigmoid,sync_with_sensor1_matrix5
2026-05-21T18:14:51,94.3,33.0,sensor1_raspberry,5,TH0,4,0,107,171,20.000,20.770,4586611,4586671,60,3.000000,SUCCESS,sync_counter,sync_with_sensor2_IC1_TH0
2026-05-21T18:14:51,94.3,33.0,sensor2_serial,1,0,4,0,120,171,20.000,20.770,8212637,8212638,1,0.050000,SUCCESS,sync_sigmoid,sync_with_sensor1_matrix5
2026-05-21T18:15:14,94.3,33.0,sensor1_raspberry,5,TH0,4,0,107,170,20.000,20.730,4586678,4586743,65,3.250000,SUCCESS,sync_counter,sync_with_sensor2_IC1_TH0
2026-05-21T18:15:14,94.3,33.0,sensor2_serial,1,0,4,0,120,170,20.000,20.730,8212656,8212657,1,0.050000,SUCCESS,sync_sigmoid,sync_with_sensor1_matrix5
2026-05-21T18:15:37,94.3,33.0,sensor1_raspberry,5,TH0,4,0,107,169,20.000,20.752,4586747,4586827,80,4.000000,SUCCESS,sync_counter,sync_with_sensor2_IC1_TH0
2026-05-21T18:15:37,94.3,33.0,sensor2_serial,1,0,4,0,120,169,20.000,20.752,8212668,8212672,4,0.200000,SUCCESS,sync_sigmoid,sync_with_sensor1_matrix5
2026-05-21T18:16:00,94.3,33.0,sensor1_raspberry,5,TH0,4,0,107,168,20.000,20.774,4586832,4586893,61,3.050000,SUCCESS,sync_counter,sync_with_sensor2_IC1_TH0
2026-05-21T18:16:00,94.3,33.0,sensor2_serial,1,0,4,0,120,168,20.000,20.774,8212685,8212686,1,0.050000,SUCCESS,sync_sigmoid,sync_with_sensor1_matrix5
2026-05-21T18:16:23,94.3,33.0,sensor1_raspberry,5,TH0,4,0,107,167,20.000,20.755,4586901,4586982,81,4.050000,SUCCESS,sync_counter,sync_with_sensor2_IC1_TH0
2026-05-21T18:16:23,94.3,33.0,sensor2_serial,1,0,4,0,120,167,20.000,20.755,8212700,8212702,2,0.100000,SUCCESS,sync_sigmoid,sync_with_sensor1_matrix5
2026-05-21T18:16:45,94.3,33.0,sensor1_raspberry,5,TH0,4,0,107,166,20.000,20.754,4586990,4587047,57,2.850000,SUCCESS,sync_counter,sync_with_sensor2_IC1_TH0
2026-05-21T18:16:45,94.3,33.0,sensor2_serial,1,0,4,0,120,166,20.000,20.754,8212713,8212714,1,0.050000,SUCCESS,sync_sigmoid,sync_with_sensor1_matrix5
2026-05-21T18:17:08,94.3,33.0,sensor1_raspberry,5,TH0,4,0,107,165,20.000,20.763,4587053,4587120,67,3.350000,SUCCESS,sync_counter,sync_with_sensor2_IC1_TH0
2026-05-21T18:17:08,94.3,33.0,sensor2_serial,1,0,4,0,120,165,20.000,20.763,8212734,8212735,1,0.050000,SUCCESS,sync_sigmoid,sync_with_sensor1_matrix5
2026-05-21T18:17:31,94.3,33.0,sensor1_raspberry,5,TH0,4,0,107,164,20.000,20.762,4587127,4587196,69,3.450000,SUCCESS,sync_counter,sync_with_sensor2_IC1_TH0
2026-05-21T18:17:31,94.3,33.0,sensor2_serial,1,0,4,0,120,164,20.000,20.762,8212745,8212746,1,0.050000,SUCCESS,sync_sigmoid,sync_with_sensor1_matrix5
2026-05-21T18:17:54,94.3,33.0,sensor1_raspberry,5,TH0,4,0,107,163,20.000,20.804,4587203,4587248,45,2.250000,SUCCESS,sync_counter,sync_with_sensor2_IC1_TH0
2026-05-21T18:17:54,94.3,33.0,sensor2_serial,1,0,4,0,120,163,20.000,20.804,8212756,8212757,1,0.050000,SUCCESS,sync_sigmoid,sync_with_sensor1_matrix5
2026-05-21T18:18:17,94.3,33.0,sensor1_raspberry,5,TH0,4,0,107,162,20.000,20.775,4587254,4587308,54,2.700000,SUCCESS,sync_counter,sync_with_sensor2_IC1_TH0
2026-05-21T18:18:17,94.3,33.0,sensor2_serial,1,0,4,0,120,162,20.000,20.775,8212763,8212763,0,0.000000,SUCCESS,sync_sigmoid,sync_with_sensor1_matrix5
2026-05-21T18:18:40,94.3,33.0,sensor1_raspberry,5,TH0,4,0,107,161,20.000,20.733,4587315,4587362,47,2.350000,SUCCESS,sync_counter,sync_with_sensor2_IC1_TH0
2026-05-21T18:18:40,94.3,33.0,sensor2_serial,1,0,4,0,120,161,20.000,20.733,8212776,8212776,0,0.000000,SUCCESS,sync_sigmoid,sync_with_sensor1_matrix5
2026-05-21T18:19:03,94.3,33.0,sensor1_raspberry,5,TH0,4,0,107,255,20.000,20.761,5060101,12613553,7553452,377672.600000,SUCCESS,sync_counter,sync_with_sensor2_IC1_TH1
2026-05-21T18:19:03,94.3,33.0,sensor2_serial,1,1,5,1,120,255,20.000,20.761,4724818,6489317,1764499,88224.950000,SUCCESS,sync_sigmoid,sync_with_sensor1_matrix5
2026-05-21T18:19:26,94.3,33.0,sensor1_raspberry,5,TH0,4,0,107,254,20.000,20.781,13239096,1949439,5487559,274377.950000,SUCCESS,sync_counter,sync_with_sensor2_IC1_TH1
2026-05-21T18:19:26,94.3,33.0,sensor2_serial,1,1,5,1,120,254,20.000,20.781,6658615,8479789,1821174,91058.700000,SUCCESS,sync_sigmoid,sync_with_sensor1_matrix5
2026-05-21T18:19:48,94.3,33.0,sensor1_raspberry,5,TH0,4,0,107,253,20.000,20.751,2242952,3569481,1326529,66326.450000,SUCCESS,sync_counter,sync_with_sensor2_IC1_TH1
2026-05-21T18:19:48,94.3,33.0,sensor2_serial,1,1,5,1,120,253,20.000,20.751,8660475,10681293,2020818,101040.900000,SUCCESS,sync_sigmoid,sync_with_sensor1_matrix5
2026-05-21T18:20:11,94.3,33.0,sensor1_raspberry,5,TH0,4,0,107,252,20.000,20.746,3650264,4175327,525063,26253.150000,SUCCESS,sync_counter,sync_with_sensor2_IC1_TH1
2026-05-21T18:20:11,94.3,33.0,sensor2_serial,1,1,5,1,120,252,20.000,20.746,10878346,12955371,2077025,103851.250000,SUCCESS,sync_sigmoid,sync_with_sensor1_matrix5
2026-05-21T18:20:34,94.3,33.0,sensor1_raspberry,5,TH0,4,0,107,251,20.000,20.741,4202164,4317181,115017,5750.850000,SUCCESS,sync_counter,sync_with_sensor2_IC1_TH1
2026-05-21T18:20:34,94.3,33.0,sensor2_serial,1,1,5,1,120,251,20.000,20.741,13149112,15292495,2143383,107169.150000,SUCCESS,sync_sigmoid,sync_with_sensor1_matrix5
2026-05-21T18:20:57,94.3,33.0,sensor1_raspberry,5,TH0,4,0,107,250,20.000,20.727,4323774,4356255,32481,1624.050000,SUCCESS,sync_counter,sync_with_sensor2_IC1_TH1
2026-05-21T18:20:57,94.3,33.0,sensor2_serial,1,1,5,1,120,250,20.000,20.727,15504373,1309929,2582772,129138.600000,SUCCESS,sync_sigmoid,sync_with_sensor1_matrix5
2026-05-21T18:21:20,94.3,33.0,sensor1_raspberry,5,TH0,4,0,107,249,20.000,20.776,4357524,4359750,2226,111.300000,SUCCESS,sync_counter,sync_with_sensor2_IC1_TH1
2026-05-21T18:21:20,94.3,33.0,sensor2_serial,1,1,5,1,120,249,20.000,20.776,1558417,4494474,2936057,146802.850000,SUCCESS,sync_sigmoid,sync_with_sensor1_matrix5
2026-05-21T18:21:43,94.3,33.0,sensor1_raspberry,5,TH0,4,0,107,248,20.000,20.715,4359855,4360390,535,26.750000,SUCCESS,sync_counter,sync_with_sensor2_IC1_TH1
2026-05-21T18:21:43,94.3,33.0,sensor2_serial,1,1,5,1,120,248,20.000,20.715,4782439,7776830,2994391,149719.550000,SUCCESS,sync_sigmoid,sync_with_sensor1_matrix5
2026-05-21T18:22:05,94.3,33.0,sensor1_raspberry,5,TH0,4,0,107,247,20.000,20.774,4360440,4360695,255,12.750000,SUCCESS,sync_counter,sync_with_sensor2_IC1_TH1
2026-05-21T18:22:05,94.3,33.0,sensor2_serial,1,1,5,1,120,247,20.000,20.774,8058480,10898175,2839695,141984.750000,SUCCESS,sync_sigmoid,sync_with_sensor1_matrix5
2026-05-21T18:22:28,94.3,33.0,sensor1_raspberry,5,TH0,4,0,107,246,20.000,20.819,4360717,4360897,180,9.000000,SUCCESS,sync_counter,sync_with_sensor2_IC1_TH1
2026-05-21T18:22:28,94.3,33.0,sensor2_serial,1,1,5,1,120,246,20.000,20.819,11178509,13519295,2340786,117039.300000,SUCCESS,sync_sigmoid,sync_with_sensor1_matrix5
2026-05-21T18:22:51,94.3,33.0,sensor1_raspberry,5,TH0,4,0,107,245,20.000,20.741,4360910,4361067,157,7.850000,SUCCESS,sync_counter,sync_with_sensor2_IC1_TH1
2026-05-21T18:22:51,94.3,33.0,sensor2_serial,1,1,5,1,120,245,20.000,20.741,13724748,15195812,1471064,73553.200000,SUCCESS,sync_sigmoid,sync_with_sensor1_matrix5
2026-05-21T18:23:14,94.3,33.0,sensor1_raspberry,5,TH0,4,0,107,244,20.000,20.709,4361078,4361219,141,7.050000,SUCCESS,sync_counter,sync_with_sensor2_IC1_TH1
2026-05-21T18:23:14,94.3,33.0,sensor2_serial,1,1,5,1,120,244,20.000,20.709,15336640,16264721,928081,46404.050000,SUCCESS,sync_sigmoid,sync_with_sensor1_matrix5
2026-05-21T18:23:37,94.3,33.0,sensor1_raspberry,5,TH0,4,0,107,243,20.000,20.753,4361238,4361402,164,8.200000,SUCCESS,sync_counter,sync_with_sensor2_IC1_TH1
2026-05-21T18:23:37,94.3,33.0,sensor2_serial,1,1,5,1,120,243,20.000,20.753,16365146,350598,762668,38133.400000,SUCCESS,sync_sigmoid,sync_with_sensor1_matrix5
2026-05-21T18:24:00,94.3,33.0,sensor1_raspberry,5,TH0,4,0,107,242,20.000,20.766,4361418,4361586,168,8.400000,SUCCESS,sync_counter,sync_with_sensor2_IC1_TH1
2026-05-21T18:24:00,94.3,33.0,sensor2_serial,1,1,5,1,120,242,20.000,20.766,425283,850900,425617,21280.850000,SUCCESS,sync_sigmoid,sync_with_sensor1_matrix5
2026-05-21T18:24:23,94.3,33.0,sensor1_raspberry,5,TH0,4,0,107,241,20.000,20.788,4361602,4361749,147,7.350000,SUCCESS,sync_counter,sync_with_sensor2_IC1_TH1
2026-05-21T18:24:23,94.3,33.0,sensor2_serial,1,1,5,1,120,241,20.000,20.788,893528,1054100,160572,8028.600000,SUCCESS,sync_sigmoid,sync_with_sensor1_matrix5
2026-05-21T18:24:45,94.3,33.0,sensor1_raspberry,5,TH0,4,0,107,240,20.000,20.770,4361760,4361900,140,7.000000,SUCCESS,sync_counter,sync_with_sensor2_IC1_TH1
2026-05-21T18:24:45,94.3,33.0,sensor2_serial,1,1,5,1,120,240,20.000,20.770,1070290,1136863,66573,3328.650000,SUCCESS,sync_sigmoid,sync_with_sensor1_matrix5
2026-05-21T18:25:08,94.3,33.0,sensor1_raspberry,5,TH0,4,0,107,239,20.000,20.734,4361910,4362033,123,6.150000,SUCCESS,sync_counter,sync_with_sensor2_IC1_TH1
2026-05-21T18:25:08,94.3,33.0,sensor2_serial,1,1,5,1,120,239,20.000,20.734,1143924,1197086,53162,2658.100000,SUCCESS,sync_sigmoid,sync_with_sensor1_matrix5
2026-05-21T18:25:31,94.3,33.0,sensor1_raspberry,5,TH0,4,0,107,238,20.000,20.746,4362047,4362190,143,7.150000,SUCCESS,sync_counter,sync_with_sensor2_IC1_TH1
2026-05-21T18:25:31,94.3,33.0,sensor2_serial,1,1,5,1,120,238,20.000,20.746,1201653,1220837,19184,959.200000,SUCCESS,sync_sigmoid,sync_with_sensor1_matrix5
2026-05-21T18:25:54,94.3,33.0,sensor1_raspberry,5,TH0,4,0,107,237,20.000,20.719,4362203,4362357,154,7.700000,SUCCESS,sync_counter,sync_with_sensor2_IC1_TH1
2026-05-21T18:25:54,94.3,33.0,sensor2_serial,1,1,5,1,120,237,20.000,20.719,1222768,1228067,5299,264.950000,SUCCESS,sync_sigmoid,sync_with_sensor1_matrix5
2026-05-21T18:26:17,94.3,33.0,sensor1_raspberry,5,TH0,4,0,107,236,20.000,20.806,4362375,4362539,164,8.200000,SUCCESS,sync_counter,sync_with_sensor2_IC1_TH1
2026-05-21T18:26:17,94.3,33.0,sensor2_serial,1,1,5,1,120,236,20.000,20.806,1228511,1230638,2127,106.350000,SUCCESS,sync_sigmoid,sync_with_sensor1_matrix5
2026-05-21T18:26:40,94.3,33.0,sensor1_raspberry,5,TH0,4,0,107,235,20.000,20.763,4362562,4362709,147,7.350000,SUCCESS,sync_counter,sync_with_sensor2_IC1_TH1
2026-05-21T18:26:40,94.3,33.0,sensor2_serial,1,1,5,1,120,235,20.000,20.763,1230877,1232455,1578,78.900000,SUCCESS,sync_sigmoid,sync_with_sensor1_matrix5
2026-05-21T18:27:03,94.3,33.0,sensor1_raspberry,5,TH0,4,0,107,234,20.000,20.755,4362722,4362885,163,8.150000,SUCCESS,sync_counter,sync_with_sensor2_IC1_TH1
2026-05-21T18:27:03,94.3,33.0,sensor2_serial,1,1,5,1,120,234,20.000,20.755,1232650,1233286,636,31.800000,SUCCESS,sync_sigmoid,sync_with_sensor1_matrix5
2026-05-21T18:27:25,94.3,33.0,sensor1_raspberry,5,TH0,4,0,107,233,20.000,20.761,4362893,4363051,158,7.900000,SUCCESS,sync_counter,sync_with_sensor2_IC1_TH1
2026-05-21T18:27:25,94.3,33.0,sensor2_serial,1,1,5,1,120,233,20.000,20.761,1233371,1233663,292,14.600000,SUCCESS,sync_sigmoid,sync_with_sensor1_matrix5
2026-05-21T18:27:48,94.3,33.0,sensor1_raspberry,5,TH0,4,0,107,232,20.000,20.737,4363070,4363219,149,7.450000,SUCCESS,sync_counter,sync_with_sensor2_IC1_TH1
2026-05-21T18:27:48,94.3,33.0,sensor2_serial,1,1,5,1,120,232,20.000,20.737,1233698,1233848,150,7.500000,SUCCESS,sync_sigmoid,sync_with_sensor1_matrix5
2026-05-21T18:28:11,94.3,33.0,sensor1_raspberry,5,TH0,4,0,107,231,20.000,20.747,4363232,4363364,132,6.600000,SUCCESS,sync_counter,sync_with_sensor2_IC1_TH1
2026-05-21T18:28:11,94.3,33.0,sensor2_serial,1,1,5,1,120,231,20.000,20.747,1233886,1234021,135,6.750000,SUCCESS,sync_sigmoid,sync_with_sensor1_matrix5
2026-05-21T18:28:34,94.3,33.0,sensor1_raspberry,5,TH0,4,0,107,230,20.000,20.785,4363382,4363521,139,6.950000,SUCCESS,sync_counter,sync_with_sensor2_IC1_TH1
2026-05-21T18:28:34,94.3,33.0,sensor2_serial,1,1,5,1,120,230,20.000,20.785,1234058,1234189,131,6.550000,SUCCESS,sync_sigmoid,sync_with_sensor1_matrix5
2026-05-21T18:28:57,94.3,33.0,sensor1_raspberry,5,TH0,4,0,107,229,20.000,20.733,4363532,4363694,162,8.100000,SUCCESS,sync_counter,sync_with_sensor2_IC1_TH1
2026-05-21T18:28:57,94.3,33.0,sensor2_serial,1,1,5,1,120,229,20.000,20.733,1234215,1234334,119,5.950000,SUCCESS,sync_sigmoid,sync_with_sensor1_matrix5
2026-05-21T18:29:20,94.3,33.0,sensor1_raspberry,5,TH0,4,0,107,228,20.000,20.711,4363710,4363843,133,6.650000,SUCCESS,sync_counter,sync_with_sensor2_IC1_TH1
2026-05-21T18:29:20,94.3,33.0,sensor2_serial,1,1,5,1,120,228,20.000,20.711,1234371,1234508,137,6.850000,SUCCESS,sync_sigmoid,sync_with_sensor1_matrix5
2026-05-21T18:29:43,94.3,33.0,sensor1_raspberry,5,TH0,4,0,107,227,20.000,20.736,4363856,4364009,153,7.650000,SUCCESS,sync_counter,sync_with_sensor2_IC1_TH1
2026-05-21T18:29:43,94.3,33.0,sensor2_serial,1,1,5,1,120,227,20.000,20.736,1234532,1234663,131,6.550000,SUCCESS,sync_sigmoid,sync_with_sensor1_matrix5
2026-05-21T18:30:05,94.3,33.0,sensor1_raspberry,5,TH0,4,0,107,226,20.000,20.745,4364021,4364170,149,7.450000,SUCCESS,sync_counter,sync_with_sensor2_IC1_TH1
2026-05-21T18:30:05,94.3,33.0,sensor2_serial,1,1,5,1,120,226,20.000,20.745,1234684,1234791,107,5.350000,SUCCESS,sync_sigmoid,sync_with_sensor1_matrix5
2026-05-21T18:30:28,94.3,33.0,sensor1_raspberry,5,TH0,4,0,107,225,20.000,20.690,4364186,4364340,154,7.700000,SUCCESS,sync_counter,sync_with_sensor2_IC1_TH1
2026-05-21T18:30:28,94.3,33.0,sensor2_serial,1,1,5,1,120,225,20.000,20.690,1234817,1234929,112,5.600000,SUCCESS,sync_sigmoid,sync_with_sensor1_matrix5
2026-05-21T18:30:51,94.3,33.0,sensor1_raspberry,5,TH0,4,0,107,224,20.000,20.705,4364358,4364498,140,7.000000,SUCCESS,sync_counter,sync_with_sensor2_IC1_TH1
2026-05-21T18:30:51,94.3,33.0,sensor2_serial,1,1,5,1,120,224,20.000,20.705,1234952,1235059,107,5.350000,SUCCESS,sync_sigmoid,sync_with_sensor1_matrix5
2026-05-21T18:31:14,94.3,33.0,sensor1_raspberry,5,TH0,4,0,107,223,20.000,20.724,4364513,4364643,130,6.500000,SUCCESS,sync_counter,sync_with_sensor2_IC1_TH1
2026-05-21T18:31:14,94.3,33.0,sensor2_serial,1,1,5,1,120,223,20.000,20.724,1235072,1235168,96,4.800000,SUCCESS,sync_sigmoid,sync_with_sensor1_matrix5
2026-05-21T18:31:37,94.3,33.0,sensor1_raspberry,5,TH0,4,0,107,222,20.000,20.764,4364655,4364795,140,7.000000,SUCCESS,sync_counter,sync_with_sensor2_IC1_TH1
2026-05-21T18:31:37,94.3,33.0,sensor2_serial,1,1,5,1,120,222,20.000,20.764,1235190,1235300,110,5.500000,SUCCESS,sync_sigmoid,sync_with_sensor1_matrix5
2026-05-21T18:32:00,94.3,33.0,sensor1_raspberry,5,TH0,4,0,107,221,20.000,20.765,4364808,4364947,139,6.950000,SUCCESS,sync_counter,sync_with_sensor2_IC1_TH1
2026-05-21T18:32:00,94.3,33.0,sensor2_serial,1,1,5,1,120,221,20.000,20.765,1235318,1235429,111,5.550000,SUCCESS,sync_sigmoid,sync_with_sensor1_matrix5
2026-05-21T18:32:22,94.3,33.0,sensor1_raspberry,5,TH0,4,0,107,220,20.000,20.743,4364961,4365096,135,6.750000,SUCCESS,sync_counter,sync_with_sensor2_IC1_TH1
2026-05-21T18:32:22,94.3,33.0,sensor2_serial,1,1,5,1,120,220,20.000,20.743,1235449,1235545,96,4.800000,SUCCESS,sync_sigmoid,sync_with_sensor1_matrix5
2026-05-21T18:32:45,94.3,33.0,sensor1_raspberry,5,TH0,4,0,107,219,20.000,20.750,4365115,4365269,154,7.700000,SUCCESS,sync_counter,sync_with_sensor2_IC1_TH1
2026-05-21T18:32:45,94.3,33.0,sensor2_serial,1,1,5,1,120,219,20.000,20.750,1235556,1235678,122,6.100000,SUCCESS,sync_sigmoid,sync_with_sensor1_matrix5
2026-05-21T18:33:08,94.3,33.0,sensor1_raspberry,5,TH0,4,0,107,218,20.000,20.748,4365279,4365391,112,5.600000,SUCCESS,sync_counter,sync_with_sensor2_IC1_TH1
2026-05-21T18:33:08,94.3,33.0,sensor2_serial,1,1,5,1,120,218,20.000,20.748,1235697,1235791,94,4.700000,SUCCESS,sync_sigmoid,sync_with_sensor1_matrix5
2026-05-21T18:33:31,94.3,33.0,sensor1_raspberry,5,TH0,4,0,107,217,20.000,20.742,4365405,4365555,150,7.500000,SUCCESS,sync_counter,sync_with_sensor2_IC1_TH1
2026-05-21T18:33:31,94.3,33.0,sensor2_serial,1,1,5,1,120,217,20.000,20.742,1235815,1235911,96,4.800000,SUCCESS,sync_sigmoid,sync_with_sensor1_matrix5
2026-05-21T18:33:54,94.3,33.0,sensor1_raspberry,5,TH0,4,0,107,216,20.000,20.722,4365566,4365720,154,7.700000,SUCCESS,sync_counter,sync_with_sensor2_IC1_TH1
2026-05-21T18:33:54,94.3,33.0,sensor2_serial,1,1,5,1,120,216,20.000,20.722,1235925,1236027,102,5.100000,SUCCESS,sync_sigmoid,sync_with_sensor1_matrix5
2026-05-21T18:34:17,94.3,33.0,sensor1_raspberry,5,TH0,4,0,107,215,20.000,20.740,4365733,4365897,164,8.200000,SUCCESS,sync_counter,sync_with_sensor2_IC1_TH1
2026-05-21T18:34:17,94.3,33.0,sensor2_serial,1,1,5,1,120,215,20.000,20.740,1236044,1236138,94,4.700000,SUCCESS,sync_sigmoid,sync_with_sensor1_matrix5
2026-05-21T18:34:39,94.3,33.0,sensor1_raspberry,5,TH0,4,0,107,214,20.000,20.750,4365919,4366080,161,8.050000,SUCCESS,sync_counter,sync_with_sensor2_IC1_TH1
2026-05-21T18:34:39,94.3,33.0,sensor2_serial,1,1,5,1,120,214,20.000,20.750,1236157,1236257,100,5.000000,SUCCESS,sync_sigmoid,sync_with_sensor1_matrix5
2026-05-21T18:35:02,94.3,33.0,sensor1_raspberry,5,TH0,4,0,107,213,20.000,20.731,4366092,4366243,151,7.550000,SUCCESS,sync_counter,sync_with_sensor2_IC1_TH1
2026-05-21T18:35:02,94.3,33.0,sensor2_serial,1,1,5,1,120,213,20.000,20.731,1236273,1236368,95,4.750000,SUCCESS,sync_sigmoid,sync_with_sensor1_matrix5
2026-05-21T18:35:25,94.3,33.0,sensor1_raspberry,5,TH0,4,0,107,212,20.000,20.736,4366261,4366403,142,7.100000,SUCCESS,sync_counter,sync_with_sensor2_IC1_TH1
2026-05-21T18:35:25,94.3,33.0,sensor2_serial,1,1,5,1,120,212,20.000,20.736,1236377,1236459,82,4.100000,SUCCESS,sync_sigmoid,sync_with_sensor1_matrix5
2026-05-21T18:35:48,94.3,33.0,sensor1_raspberry,5,TH0,4,0,107,211,20.000,20.747,4366424,4366583,159,7.950000,SUCCESS,sync_counter,sync_with_sensor2_IC1_TH1
2026-05-21T18:35:48,94.3,33.0,sensor2_serial,1,1,5,1,120,211,20.000,20.747,1236472,1236549,77,3.850000,SUCCESS,sync_sigmoid,sync_with_sensor1_matrix5
2026-05-21T18:36:11,94.3,33.0,sensor1_raspberry,5,TH0,4,0,107,210,20.000,20.762,4366601,4366737,136,6.800000,SUCCESS,sync_counter,sync_with_sensor2_IC1_TH1
2026-05-21T18:36:11,94.3,33.0,sensor2_serial,1,1,5,1,120,210,20.000,20.762,1236563,1236661,98,4.900000,SUCCESS,sync_sigmoid,sync_with_sensor1_matrix5
2026-05-21T18:36:34,94.3,33.0,sensor1_raspberry,5,TH0,4,0,107,209,20.000,20.705,4366757,4366881,124,6.200000,SUCCESS,sync_counter,sync_with_sensor2_IC1_TH1
2026-05-21T18:36:34,94.3,33.0,sensor2_serial,1,1,5,1,120,209,20.000,20.705,1236671,1236747,76,3.800000,SUCCESS,sync_sigmoid,sync_with_sensor1_matrix5
2026-05-21T18:36:56,94.3,33.0,sensor1_raspberry,5,TH0,4,0,107,208,20.000,20.747,4366898,4367033,135,6.750000,SUCCESS,sync_counter,sync_with_sensor2_IC1_TH1
2026-05-21T18:36:56,94.3,33.0,sensor2_serial,1,1,5,1,120,208,20.000,20.747,1236760,1236826,66,3.300000,SUCCESS,sync_sigmoid,sync_with_sensor1_matrix5
2026-05-21T18:37:19,94.3,33.0,sensor1_raspberry,5,TH0,4,0,107,207,20.000,20.786,4367047,4367167,120,6.000000,SUCCESS,sync_counter,sync_with_sensor2_IC1_TH1
2026-05-21T18:37:19,94.3,33.0,sensor2_serial,1,1,5,1,120,207,20.000,20.786,1236834,1236906,72,3.600000,SUCCESS,sync_sigmoid,sync_with_sensor1_matrix5
2026-05-21T18:37:42,94.3,33.0,sensor1_raspberry,5,TH0,4,0,107,206,20.000,20.762,4367190,4367338,148,7.400000,SUCCESS,sync_counter,sync_with_sensor2_IC1_TH1
2026-05-21T18:37:42,94.3,33.0,sensor2_serial,1,1,5,1,120,206,20.000,20.762,1236916,1236991,75,3.750000,SUCCESS,sync_sigmoid,sync_with_sensor1_matrix5
2026-05-21T18:38:05,94.3,33.0,sensor1_raspberry,5,TH0,4,0,107,205,20.000,20.757,4367347,4367490,143,7.150000,SUCCESS,sync_counter,sync_with_sensor2_IC1_TH1
2026-05-21T18:38:05,94.3,33.0,sensor2_serial,1,1,5,1,120,205,20.000,20.757,1237007,1237073,66,3.300000,SUCCESS,sync_sigmoid,sync_with_sensor1_matrix5
2026-05-21T18:38:28,94.3,33.0,sensor1_raspberry,5,TH0,4,0,107,204,20.000,20.719,4367501,4367652,151,7.550000,SUCCESS,sync_counter,sync_with_sensor2_IC1_TH1
2026-05-21T18:38:28,94.3,33.0,sensor2_serial,1,1,5,1,120,204,20.000,20.719,1237086,1237167,81,4.050000,SUCCESS,sync_sigmoid,sync_with_sensor1_matrix5
2026-05-21T18:38:51,94.3,33.0,sensor1_raspberry,5,TH0,4,0,107,203,20.000,20.770,4367665,4367791,126,6.300000,SUCCESS,sync_counter,sync_with_sensor2_IC1_TH1
2026-05-21T18:38:51,94.3,33.0,sensor2_serial,1,1,5,1,120,203,20.000,20.770,1237176,1237230,54,2.700000,SUCCESS,sync_sigmoid,sync_with_sensor1_matrix5
2026-05-21T18:39:14,94.3,33.0,sensor1_raspberry,5,TH0,4,0,107,202,20.000,20.753,4367805,4367938,133,6.650000,SUCCESS,sync_counter,sync_with_sensor2_IC1_TH1
2026-05-21T18:39:14,94.3,33.0,sensor2_serial,1,1,5,1,120,202,20.000,20.753,1237242,1237294,52,2.600000,SUCCESS,sync_sigmoid,sync_with_sensor1_matrix5
2026-05-21T18:39:37,94.3,33.0,sensor1_raspberry,5,TH0,4,0,107,201,20.000,20.733,4367952,4368092,140,7.000000,SUCCESS,sync_counter,sync_with_sensor2_IC1_TH1
2026-05-21T18:39:37,94.3,33.0,sensor2_serial,1,1,5,1,120,201,20.000,20.733,1237307,1237363,56,2.800000,SUCCESS,sync_sigmoid,sync_with_sensor1_matrix5
2026-05-21T18:39:59,94.3,33.0,sensor1_raspberry,5,TH0,4,0,107,200,20.000,20.768,4368108,4368256,148,7.400000,SUCCESS,sync_counter,sync_with_sensor2_IC1_TH1
2026-05-21T18:39:59,94.3,33.0,sensor2_serial,1,1,5,1,120,200,20.000,20.768,1237369,1237431,62,3.100000,SUCCESS,sync_sigmoid,sync_with_sensor1_matrix5
2026-05-21T18:40:22,94.3,33.0,sensor1_raspberry,5,TH0,4,0,107,199,20.000,20.764,4368263,4368394,131,6.550000,SUCCESS,sync_counter,sync_with_sensor2_IC1_TH1
2026-05-21T18:40:22,94.3,33.0,sensor2_serial,1,1,5,1,120,199,20.000,20.764,1237436,1237508,72,3.600000,SUCCESS,sync_sigmoid,sync_with_sensor1_matrix5
2026-05-21T18:40:45,94.3,33.0,sensor1_raspberry,5,TH0,4,0,107,198,20.000,20.787,4368408,4368570,162,8.100000,SUCCESS,sync_counter,sync_with_sensor2_IC1_TH1
2026-05-21T18:40:45,94.3,33.0,sensor2_serial,1,1,5,1,120,198,20.000,20.787,1237516,1237570,54,2.700000,SUCCESS,sync_sigmoid,sync_with_sensor1_matrix5
2026-05-21T18:41:08,94.3,33.0,sensor1_raspberry,5,TH0,4,0,107,197,20.000,20.759,4368578,4368702,124,6.200000,SUCCESS,sync_counter,sync_with_sensor2_IC1_TH1
2026-05-21T18:41:08,94.3,33.0,sensor2_serial,1,1,5,1,120,197,20.000,20.759,1237575,1237624,49,2.450000,SUCCESS,sync_sigmoid,sync_with_sensor1_matrix5
2026-05-21T18:41:31,94.3,33.0,sensor1_raspberry,5,TH0,4,0,107,196,20.000,20.760,4368716,4368842,126,6.300000,SUCCESS,sync_counter,sync_with_sensor2_IC1_TH1
2026-05-21T18:41:31,94.3,33.0,sensor2_serial,1,1,5,1,120,196,20.000,20.760,1237633,1237699,66,3.300000,SUCCESS,sync_sigmoid,sync_with_sensor1_matrix5
2026-05-21T18:41:54,94.3,33.0,sensor1_raspberry,5,TH0,4,0,107,195,20.000,20.735,4368856,4368993,137,6.850000,SUCCESS,sync_counter,sync_with_sensor2_IC1_TH1
2026-05-21T18:41:54,94.3,33.0,sensor2_serial,1,1,5,1,120,195,20.000,20.735,1237703,1237767,64,3.200000,SUCCESS,sync_sigmoid,sync_with_sensor1_matrix5
2026-05-21T18:42:17,94.3,33.0,sensor1_raspberry,5,TH0,4,0,107,194,20.000,20.742,4369010,4369136,126,6.300000,SUCCESS,sync_counter,sync_with_sensor2_IC1_TH1
2026-05-21T18:42:17,94.3,33.0,sensor2_serial,1,1,5,1,120,194,20.000,20.742,1237776,1237834,58,2.900000,SUCCESS,sync_sigmoid,sync_with_sensor1_matrix5
2026-05-21T18:42:40,94.3,33.0,sensor1_raspberry,5,TH0,4,0,107,193,20.000,20.739,4369154,4369272,118,5.900000,SUCCESS,sync_counter,sync_with_sensor2_IC1_TH1
2026-05-21T18:42:40,94.3,33.0,sensor2_serial,1,1,5,1,120,193,20.000,20.739,1237840,1237887,47,2.350000,SUCCESS,sync_sigmoid,sync_with_sensor1_matrix5
2026-05-21T18:43:02,94.3,33.0,sensor1_raspberry,5,TH0,4,0,107,192,20.000,20.727,4369283,4369394,111,5.550000,SUCCESS,sync_counter,sync_with_sensor2_IC1_TH1
2026-05-21T18:43:02,94.3,33.0,sensor2_serial,1,1,5,1,120,192,20.000,20.727,1237894,1237954,60,3.000000,SUCCESS,sync_sigmoid,sync_with_sensor1_matrix5
2026-05-21T18:43:25,94.3,33.0,sensor1_raspberry,5,TH0,4,0,107,191,20.000,20.716,4369409,4369516,107,5.350000,SUCCESS,sync_counter,sync_with_sensor2_IC1_TH1
2026-05-21T18:43:25,94.3,33.0,sensor2_serial,1,1,5,1,120,191,20.000,20.716,1237961,1238014,53,2.650000,SUCCESS,sync_sigmoid,sync_with_sensor1_matrix5
2026-05-21T18:43:48,94.3,33.0,sensor1_raspberry,5,TH0,4,0,107,190,20.000,20.755,4369527,4369675,148,7.400000,SUCCESS,sync_counter,sync_with_sensor2_IC1_TH1
2026-05-21T18:43:48,94.3,33.0,sensor2_serial,1,1,5,1,120,190,20.000,20.755,1238016,1238062,46,2.300000,SUCCESS,sync_sigmoid,sync_with_sensor1_matrix5
2026-05-21T18:44:11,94.3,33.0,sensor1_raspberry,5,TH0,4,0,107,189,20.000,20.762,4369687,4369821,134,6.700000,SUCCESS,sync_counter,sync_with_sensor2_IC1_TH1
2026-05-21T18:44:11,94.3,33.0,sensor2_serial,1,1,5,1,120,189,20.000,20.762,1238069,1238108,39,1.950000,SUCCESS,sync_sigmoid,sync_with_sensor1_matrix5
2026-05-21T18:44:34,94.3,33.0,sensor1_raspberry,5,TH0,4,0,107,188,20.000,20.767,4369838,4369955,117,5.850000,SUCCESS,sync_counter,sync_with_sensor2_IC1_TH1
2026-05-21T18:44:34,94.3,33.0,sensor2_serial,1,1,5,1,120,188,20.000,20.767,1238109,1238153,44,2.200000,SUCCESS,sync_sigmoid,sync_with_sensor1_matrix5
2026-05-21T18:44:57,94.3,33.0,sensor1_raspberry,5,TH0,4,0,107,187,20.000,20.800,4369966,4370090,124,6.200000,SUCCESS,sync_counter,sync_with_sensor2_IC1_TH1
2026-05-21T18:44:57,94.3,33.0,sensor2_serial,1,1,5,1,120,187,20.000,20.800,1238159,1238193,34,1.700000,SUCCESS,sync_sigmoid,sync_with_sensor1_matrix5
2026-05-21T18:45:20,94.3,33.0,sensor1_raspberry,5,TH0,4,0,107,186,20.000,20.743,4370100,4370219,119,5.950000,SUCCESS,sync_counter,sync_with_sensor2_IC1_TH1
2026-05-21T18:45:20,94.3,33.0,sensor2_serial,1,1,5,1,120,186,20.000,20.743,1238204,1238235,31,1.550000,SUCCESS,sync_sigmoid,sync_with_sensor1_matrix5
2026-05-21T18:45:42,94.3,33.0,sensor1_raspberry,5,TH0,4,0,107,185,20.000,20.736,4370229,4370358,129,6.450000,SUCCESS,sync_counter,sync_with_sensor2_IC1_TH1
2026-05-21T18:45:42,94.3,33.0,sensor2_serial,1,1,5,1,120,185,20.000,20.736,1238242,1238278,36,1.800000,SUCCESS,sync_sigmoid,sync_with_sensor1_matrix5
2026-05-21T18:46:05,94.3,33.0,sensor1_raspberry,5,TH0,4,0,107,184,20.000,20.781,4370374,4370480,106,5.300000,SUCCESS,sync_counter,sync_with_sensor2_IC1_TH1
2026-05-21T18:46:05,94.3,33.0,sensor2_serial,1,1,5,1,120,184,20.000,20.781,1238282,1238313,31,1.550000,SUCCESS,sync_sigmoid,sync_with_sensor1_matrix5
2026-05-21T18:46:28,94.3,33.0,sensor1_raspberry,5,TH0,4,0,107,183,20.000,20.744,4370493,4370610,117,5.850000,SUCCESS,sync_counter,sync_with_sensor2_IC1_TH1
2026-05-21T18:46:28,94.3,33.0,sensor2_serial,1,1,5,1,120,183,20.000,20.744,1238318,1238343,25,1.250000,SUCCESS,sync_sigmoid,sync_with_sensor1_matrix5
2026-05-21T18:46:51,94.3,33.0,sensor1_raspberry,5,TH0,4,0,107,182,20.000,20.760,4370621,4370710,89,4.450000,SUCCESS,sync_counter,sync_with_sensor2_IC1_TH1
2026-05-21T18:46:51,94.3,33.0,sensor2_serial,1,1,5,1,120,182,20.000,20.760,1238347,1238384,37,1.850000,SUCCESS,sync_sigmoid,sync_with_sensor1_matrix5
2026-05-21T18:47:14,94.3,33.0,sensor1_raspberry,5,TH0,4,0,107,181,20.000,20.739,4370723,4370829,106,5.300000,SUCCESS,sync_counter,sync_with_sensor2_IC1_TH1
2026-05-21T18:47:14,94.3,33.0,sensor2_serial,1,1,5,1,120,181,20.000,20.739,1238390,1238423,33,1.650000,SUCCESS,sync_sigmoid,sync_with_sensor1_matrix5
2026-05-21T18:47:37,94.3,33.0,sensor1_raspberry,5,TH0,4,0,107,180,20.000,20.749,4370837,4370956,119,5.950000,SUCCESS,sync_counter,sync_with_sensor2_IC1_TH1
2026-05-21T18:47:37,94.3,33.0,sensor2_serial,1,1,5,1,120,180,20.000,20.749,1238428,1238458,30,1.500000,SUCCESS,sync_sigmoid,sync_with_sensor1_matrix5
2026-05-21T18:48:00,94.3,33.0,sensor1_raspberry,5,TH0,4,0,107,179,20.000,20.787,4370961,4371060,99,4.950000,SUCCESS,sync_counter,sync_with_sensor2_IC1_TH1
2026-05-21T18:48:00,94.3,33.0,sensor2_serial,1,1,5,1,120,179,20.000,20.787,1238463,1238503,40,2.000000,SUCCESS,sync_sigmoid,sync_with_sensor1_matrix5
2026-05-21T18:48:22,94.3,33.0,sensor1_raspberry,5,TH0,4,0,107,178,20.000,20.692,4371075,4371187,112,5.600000,SUCCESS,sync_counter,sync_with_sensor2_IC1_TH1
2026-05-21T18:48:22,94.3,33.0,sensor2_serial,1,1,5,1,120,178,20.000,20.692,1238510,1238543,33,1.650000,SUCCESS,sync_sigmoid,sync_with_sensor1_matrix5
2026-05-21T18:48:45,94.3,33.0,sensor1_raspberry,5,TH0,4,0,107,177,20.000,20.759,4371194,4371295,101,5.050000,SUCCESS,sync_counter,sync_with_sensor2_IC1_TH1
2026-05-21T18:48:45,94.3,33.0,sensor2_serial,1,1,5,1,120,177,20.000,20.759,1238548,1238583,35,1.750000,SUCCESS,sync_sigmoid,sync_with_sensor1_matrix5
2026-05-21T18:49:08,94.3,33.0,sensor1_raspberry,5,TH0,4,0,107,176,20.000,20.757,4371301,4371403,102,5.100000,SUCCESS,sync_counter,sync_with_sensor2_IC1_TH1
2026-05-21T18:49:08,94.3,33.0,sensor2_serial,1,1,5,1,120,176,20.000,20.757,1238588,1238607,19,0.950000,SUCCESS,sync_sigmoid,sync_with_sensor1_matrix5
2026-05-21T18:49:31,94.3,33.0,sensor1_raspberry,5,TH0,4,0,107,175,20.000,20.759,4371416,4371526,110,5.500000,SUCCESS,sync_counter,sync_with_sensor2_IC1_TH1
2026-05-21T18:49:31,94.3,33.0,sensor2_serial,1,1,5,1,120,175,20.000,20.759,1238612,1238635,23,1.150000,SUCCESS,sync_sigmoid,sync_with_sensor1_matrix5
2026-05-21T18:49:54,94.3,33.0,sensor1_raspberry,5,TH0,4,0,107,174,20.000,20.755,4371534,4371626,92,4.600000,SUCCESS,sync_counter,sync_with_sensor2_IC1_TH1
2026-05-21T18:49:54,94.3,33.0,sensor2_serial,1,1,5,1,120,174,20.000,20.755,1238638,1238666,28,1.400000,SUCCESS,sync_sigmoid,sync_with_sensor1_matrix5
2026-05-21T18:50:17,94.3,33.0,sensor1_raspberry,5,TH0,4,0,107,173,20.000,20.709,4371639,4371727,88,4.400000,SUCCESS,sync_counter,sync_with_sensor2_IC1_TH1
2026-05-21T18:50:17,94.3,33.0,sensor2_serial,1,1,5,1,120,173,20.000,20.709,1238667,1238690,23,1.150000,SUCCESS,sync_sigmoid,sync_with_sensor1_matrix5
2026-05-21T18:50:39,94.3,33.0,sensor1_raspberry,5,TH0,4,0,107,172,20.000,20.757,4371733,4371825,92,4.600000,SUCCESS,sync_counter,sync_with_sensor2_IC1_TH1
2026-05-21T18:50:39,94.3,33.0,sensor2_serial,1,1,5,1,120,172,20.000,20.757,1238691,1238708,17,0.850000,SUCCESS,sync_sigmoid,sync_with_sensor1_matrix5
2026-05-21T18:51:02,94.3,33.0,sensor1_raspberry,5,TH0,4,0,107,171,20.000,20.713,4371835,4371916,81,4.050000,SUCCESS,sync_counter,sync_with_sensor2_IC1_TH1
2026-05-21T18:51:02,94.3,33.0,sensor2_serial,1,1,5,1,120,171,20.000,20.713,1238709,1238739,30,1.500000,SUCCESS,sync_sigmoid,sync_with_sensor1_matrix5
2026-05-21T18:51:25,94.3,33.0,sensor1_raspberry,5,TH0,4,0,107,170,20.000,20.746,4371923,4372010,87,4.350000,SUCCESS,sync_counter,sync_with_sensor2_IC1_TH1
2026-05-21T18:51:25,94.3,33.0,sensor2_serial,1,1,5,1,120,170,20.000,20.746,1238743,1238762,19,0.950000,SUCCESS,sync_sigmoid,sync_with_sensor1_matrix5
2026-05-21T18:51:48,94.3,33.0,sensor1_raspberry,5,TH0,4,0,107,169,20.000,20.782,4372018,4372082,64,3.200000,SUCCESS,sync_counter,sync_with_sensor2_IC1_TH1
2026-05-21T18:51:48,94.3,33.0,sensor2_serial,1,1,5,1,120,169,20.000,20.782,1238765,1238778,13,0.650000,SUCCESS,sync_sigmoid,sync_with_sensor1_matrix5
2026-05-21T18:52:11,94.3,33.0,sensor1_raspberry,5,TH0,4,0,107,168,20.000,20.726,4372088,4372160,72,3.600000,SUCCESS,sync_counter,sync_with_sensor2_IC1_TH1
2026-05-21T18:52:11,94.3,33.0,sensor2_serial,1,1,5,1,120,168,20.000,20.726,1238780,1238797,17,0.850000,SUCCESS,sync_sigmoid,sync_with_sensor1_matrix5
2026-05-21T18:52:34,94.3,33.0,sensor1_raspberry,5,TH0,4,0,107,167,20.000,20.762,4372168,4372235,67,3.350000,SUCCESS,sync_counter,sync_with_sensor2_IC1_TH1
2026-05-21T18:52:34,94.3,33.0,sensor2_serial,1,1,5,1,120,167,20.000,20.762,1238799,1238816,17,0.850000,SUCCESS,sync_sigmoid,sync_with_sensor1_matrix5
2026-05-21T18:52:56,94.3,33.0,sensor1_raspberry,5,TH0,4,0,107,166,20.000,20.759,4372243,4372316,73,3.650000,SUCCESS,sync_counter,sync_with_sensor2_IC1_TH1
2026-05-21T18:52:56,94.3,33.0,sensor2_serial,1,1,5,1,120,166,20.000,20.759,1238819,1238831,12,0.600000,SUCCESS,sync_sigmoid,sync_with_sensor1_matrix5
2026-05-21T18:53:19,94.3,33.0,sensor1_raspberry,5,TH0,4,0,107,165,20.000,20.749,4372329,4372401,72,3.600000,SUCCESS,sync_counter,sync_with_sensor2_IC1_TH1
2026-05-21T18:53:19,94.3,33.0,sensor2_serial,1,1,5,1,120,165,20.000,20.749,1238832,1238843,11,0.550000,SUCCESS,sync_sigmoid,sync_with_sensor1_matrix5
2026-05-21T18:53:42,94.3,33.0,sensor1_raspberry,5,TH0,4,0,107,164,20.000,20.736,4372403,4372466,63,3.150000,SUCCESS,sync_counter,sync_with_sensor2_IC1_TH1
2026-05-21T18:53:42,94.3,33.0,sensor2_serial,1,1,5,1,120,164,20.000,20.736,1238843,1238856,13,0.650000,SUCCESS,sync_sigmoid,sync_with_sensor1_matrix5
2026-05-21T18:54:05,94.3,33.0,sensor1_raspberry,5,TH0,4,0,107,163,20.000,20.720,4372472,4372541,69,3.450000,SUCCESS,sync_counter,sync_with_sensor2_IC1_TH1
2026-05-21T18:54:05,94.3,33.0,sensor2_serial,1,1,5,1,120,163,20.000,20.720,1238859,1238869,10,0.500000,SUCCESS,sync_sigmoid,sync_with_sensor1_matrix5
2026-05-21T18:54:28,94.3,33.0,sensor1_raspberry,5,TH0,4,0,107,162,20.000,20.727,4372549,4372600,51,2.550000,SUCCESS,sync_counter,sync_with_sensor2_IC1_TH1
2026-05-21T18:54:28,94.3,33.0,sensor2_serial,1,1,5,1,120,162,20.000,20.727,1238870,1238882,12,0.600000,SUCCESS,sync_sigmoid,sync_with_sensor1_matrix5
2026-05-21T18:54:51,94.3,33.0,sensor1_raspberry,5,TH0,4,0,107,161,20.000,20.750,4372608,4372663,55,2.750000,SUCCESS,sync_counter,sync_with_sensor2_IC1_TH1
2026-05-21T18:54:51,94.3,33.0,sensor2_serial,1,1,5,1,120,161,20.000,20.750,1238884,1238898,14,0.700000,SUCCESS,sync_sigmoid,sync_with_sensor1_matrix5
2026-05-21T18:55:13,94.3,33.0,sensor1_raspberry,5,TH0,4,0,107,160,20.000,20.723,4372673,4372722,49,2.450000,SUCCESS,sync_counter,sync_with_sensor2_IC1_TH1
2026-05-21T18:55:13,94.3,33.0,sensor2_serial,1,1,5,1,120,160,20.000,20.723,1238898,1238911,13,0.650000,SUCCESS,sync_sigmoid,sync_with_sensor1_matrix5
2026-05-21T18:55:36,94.3,33.0,sensor1_raspberry,5,TH0,4,0,107,159,20.000,20.748,4372726,4372772,46,2.300000,SUCCESS,sync_counter,sync_with_sensor2_IC1_TH1
2026-05-21T18:55:36,94.3,33.0,sensor2_serial,1,1,5,1,120,159,20.000,20.748,1238911,1238920,9,0.450000,SUCCESS,sync_sigmoid,sync_with_sensor1_matrix5
2026-05-21T18:55:59,94.3,33.0,sensor1_raspberry,5,TH0,4,0,107,158,20.000,20.757,4372779,4372822,43,2.150000,SUCCESS,sync_counter,sync_with_sensor2_IC1_TH1
2026-05-21T18:55:59,94.3,33.0,sensor2_serial,1,1,5,1,120,158,20.000,20.757,1238921,1238928,7,0.350000,SUCCESS,sync_sigmoid,sync_with_sensor1_matrix5
2026-05-21T18:56:22,94.3,33.0,sensor1_raspberry,5,TH0,4,0,107,157,20.000,20.724,4372826,4372863,37,1.850000,SUCCESS,sync_counter,sync_with_sensor2_IC1_TH1
2026-05-21T18:56:22,94.3,33.0,sensor2_serial,1,1,5,1,120,157,20.000,20.724,1238928,1238931,3,0.150000,SUCCESS,sync_sigmoid,sync_with_sensor1_matrix5
2026-05-21T18:56:45,94.3,33.0,sensor1_raspberry,5,TH0,4,0,107,156,20.000,20.759,4372866,4372913,47,2.350000,SUCCESS,sync_counter,sync_with_sensor2_IC1_TH1
2026-05-21T18:56:45,94.3,33.0,sensor2_serial,1,1,5,1,120,156,20.000,20.759,1238932,1238941,9,0.450000,SUCCESS,sync_sigmoid,sync_with_sensor1_matrix5
2026-05-21T18:57:08,94.3,33.0,sensor1_raspberry,5,TH0,4,0,107,155,20.000,20.767,4372922,4372969,47,2.350000,SUCCESS,sync_counter,sync_with_sensor2_IC1_TH1
2026-05-21T18:57:08,94.3,33.0,sensor2_serial,1,1,5,1,120,155,20.000,20.767,1238941,1238945,4,0.200000,SUCCESS,sync_sigmoid,sync_with_sensor1_matrix5
2026-05-21T18:57:31,94.3,33.0,sensor1_raspberry,5,TH0,4,0,107,154,20.000,20.764,4372973,4373005,32,1.600000,SUCCESS,sync_counter,sync_with_sensor2_IC1_TH1
2026-05-21T18:57:31,94.3,33.0,sensor2_serial,1,1,5,1,120,154,20.000,20.764,1238947,1238955,8,0.400000,SUCCESS,sync_sigmoid,sync_with_sensor1_matrix5
2026-05-21T18:57:53,94.3,33.0,sensor1_raspberry,5,TH0,4,0,107,153,20.000,20.757,4373007,4373048,41,2.050000,SUCCESS,sync_counter,sync_with_sensor2_IC1_TH1
2026-05-21T18:57:53,94.3,33.0,sensor2_serial,1,1,5,1,120,153,20.000,20.757,1238956,1238964,8,0.400000,SUCCESS,sync_sigmoid,sync_with_sensor1_matrix5
2026-05-21T18:58:16,94.3,33.0,sensor1_raspberry,5,TH0,4,0,107,152,20.000,20.751,4373050,4373086,36,1.800000,SUCCESS,sync_counter,sync_with_sensor2_IC1_TH1
2026-05-21T18:58:16,94.3,33.0,sensor2_serial,1,1,5,1,120,152,20.000,20.751,1238964,1238972,8,0.400000,SUCCESS,sync_sigmoid,sync_with_sensor1_matrix5
2026-05-21T18:58:39,94.3,33.0,sensor1_raspberry,5,TH0,4,0,107,151,20.000,20.737,4373089,4373127,38,1.900000,SUCCESS,sync_counter,sync_with_sensor2_IC1_TH1
2026-05-21T18:58:39,94.3,33.0,sensor2_serial,1,1,5,1,120,151,20.000,20.737,1238972,1238974,2,0.100000,SUCCESS,sync_sigmoid,sync_with_sensor1_matrix5
2026-05-21T18:59:02,94.3,33.0,sensor1_raspberry,5,TH0,4,0,107,150,20.000,20.753,4373132,4373159,27,1.350000,SUCCESS,sync_counter,sync_with_sensor2_IC1_TH1
2026-05-21T18:59:02,94.3,33.0,sensor2_serial,1,1,5,1,120,150,20.000,20.753,1238976,1238983,7,0.350000,SUCCESS,sync_sigmoid,sync_with_sensor1_matrix5
2026-05-21T18:59:25,94.3,33.0,sensor1_raspberry,5,TH0,4,0,107,149,20.000,20.712,4373162,4373177,15,0.750000,SUCCESS,sync_counter,sync_with_sensor2_IC1_TH1
2026-05-21T18:59:25,94.3,33.0,sensor2_serial,1,1,5,1,120,149,20.000,20.712,1238984,1238986,2,0.100000,SUCCESS,sync_sigmoid,sync_with_sensor1_matrix5
2026-05-21T18:59:48,94.3,33.0,sensor1_raspberry,5,TH0,4,0,107,148,20.000,20.764,4373181,4373208,27,1.350000,SUCCESS,sync_counter,sync_with_sensor2_IC1_TH1
2026-05-21T18:59:48,94.3,33.0,sensor2_serial,1,1,5,1,120,148,20.000,20.764,1238986,1238989,3,0.150000,SUCCESS,sync_sigmoid,sync_with_sensor1_matrix5
2026-05-21T19:00:11,94.3,33.0,sensor1_raspberry,5,TH0,4,0,107,147,20.000,20.761,4373212,4373231,19,0.950000,SUCCESS,sync_counter,sync_with_sensor2_IC1_TH1
2026-05-21T19:00:11,94.3,33.0,sensor2_serial,1,1,5,1,120,147,20.000,20.761,1238989,1238989,0,0.000000,SUCCESS,sync_sigmoid,sync_with_sensor1_matrix5
2026-05-21T19:00:34,94.3,33.0,sensor1_raspberry,5,TH0,4,0,107,146,20.000,20.779,4373234,4373256,22,1.100000,SUCCESS,sync_counter,sync_with_sensor2_IC1_TH1
2026-05-21T19:00:34,94.3,33.0,sensor2_serial,1,1,5,1,120,146,20.000,20.779,1238989,1238993,4,0.200000,SUCCESS,sync_sigmoid,sync_with_sensor1_matrix5
2026-05-21T19:00:56,94.3,33.0,sensor1_raspberry,5,TH0,4,0,107,145,20.000,20.752,4373259,4373277,18,0.900000,SUCCESS,sync_counter,sync_with_sensor2_IC1_TH1
2026-05-21T19:00:56,94.3,33.0,sensor2_serial,1,1,5,1,120,145,20.000,20.752,1238993,1238996,3,0.150000,SUCCESS,sync_sigmoid,sync_with_sensor1_matrix5
2026-05-21T19:01:19,94.3,33.0,sensor1_raspberry,5,TH0,4,0,107,144,20.000,20.779,4373279,4373290,11,0.550000,SUCCESS,sync_counter,sync_with_sensor2_IC1_TH1
2026-05-21T19:01:19,94.3,33.0,sensor2_serial,1,1,5,1,120,144,20.000,20.779,1238996,1238998,2,0.100000,SUCCESS,sync_sigmoid,sync_with_sensor1_matrix5
2026-05-21T19:01:42,94.3,33.0,sensor1_raspberry,5,TH0,4,0,107,143,20.000,20.741,4373291,4373308,17,0.850000,SUCCESS,sync_counter,sync_with_sensor2_IC1_TH1
2026-05-21T19:01:42,94.3,33.0,sensor2_serial,1,1,5,1,120,143,20.000,20.741,1238998,1239000,2,0.100000,SUCCESS,sync_sigmoid,sync_with_sensor1_matrix5
2026-05-21T19:02:05,94.3,33.0,sensor1_raspberry,5,TH0,4,0,107,142,20.000,20.761,4373309,4373314,5,0.250000,SUCCESS,sync_counter,sync_with_sensor2_IC1_TH1
2026-05-21T19:02:05,94.3,33.0,sensor2_serial,1,1,5,1,120,142,20.000,20.761,1239000,1239003,3,0.150000,SUCCESS,sync_sigmoid,sync_with_sensor1_matrix5
2026-05-21T19:02:28,94.3,33.0,sensor1_raspberry,5,TH0,4,0,107,141,20.000,20.681,4373315,4373323,8,0.400000,SUCCESS,sync_counter,sync_with_sensor2_IC1_TH1
2026-05-21T19:02:28,94.3,33.0,sensor2_serial,1,1,5,1,120,141,20.000,20.681,1239003,1239005,2,0.100000,SUCCESS,sync_sigmoid,sync_with_sensor1_matrix5
2026-05-21T19:02:51,94.3,33.0,sensor1_raspberry,5,TH0,4,0,107,140,20.000,20.750,4373324,4373335,11,0.550000,SUCCESS,sync_counter,sync_with_sensor2_IC1_TH1
2026-05-21T19:02:51,94.3,33.0,sensor2_serial,1,1,5,1,120,140,20.000,20.750,1239005,1239005,0,0.000000,SUCCESS,sync_sigmoid,sync_with_sensor1_matrix5
2026-05-21T19:03:13,94.3,33.0,sensor1_raspberry,5,TH0,4,0,107,139,20.000,20.780,4373335,4373339,4,0.200000,SUCCESS,sync_counter,sync_with_sensor2_IC1_TH1
2026-05-21T19:03:13,94.3,33.0,sensor2_serial,1,1,5,1,120,139,20.000,20.780,1239005,1239009,4,0.200000,SUCCESS,sync_sigmoid,sync_with_sensor1_matrix5
2026-05-21T19:03:36,94.3,33.0,sensor1_raspberry,5,TH0,4,0,107,138,20.000,20.772,4373339,4373341,2,0.100000,SUCCESS,sync_counter,sync_with_sensor2_IC1_TH1
2026-05-21T19:03:36,94.3,33.0,sensor2_serial,1,1,5,1,120,138,20.000,20.772,1239009,1239011,2,0.100000,SUCCESS,sync_sigmoid,sync_with_sensor1_matrix5
2026-05-21T19:03:59,94.3,33.0,sensor1_raspberry,5,TH0,4,0,107,137,20.000,20.759,4373342,4373345,3,0.150000,SUCCESS,sync_counter,sync_with_sensor2_IC1_TH1
2026-05-21T19:03:59,94.3,33.0,sensor2_serial,1,1,5,1,120,137,20.000,20.759,1239011,1239011,0,0.000000,SUCCESS,sync_sigmoid,sync_with_sensor1_matrix5
2026-05-21T19:04:22,94.3,33.0,sensor1_raspberry,5,TH0,4,0,107,136,20.000,20.745,4373345,4373347,2,0.100000,SUCCESS,sync_counter,sync_with_sensor2_IC1_TH1
2026-05-21T19:04:22,94.3,33.0,sensor2_serial,1,1,5,1,120,136,20.000,20.745,1239012,1239013,1,0.050000,SUCCESS,sync_sigmoid,sync_with_sensor1_matrix5
2026-05-21T19:04:45,94.3,33.0,sensor1_raspberry,5,TH0,4,0,107,135,20.000,20.692,4373347,4373351,4,0.200000,SUCCESS,sync_counter,sync_with_sensor2_IC1_TH1
2026-05-21T19:04:45,94.3,33.0,sensor2_serial,1,1,5,1,120,135,20.000,20.692,1239013,1239013,0,0.000000,SUCCESS,sync_sigmoid,sync_with_sensor1_matrix5
2026-05-21T19:05:08,94.3,33.0,sensor1_raspberry,5,TH0,4,0,107,134,20.000,20.754,4373351,4373353,2,0.100000,SUCCESS,sync_counter,sync_with_sensor2_IC1_TH1
2026-05-21T19:05:08,94.3,33.0,sensor2_serial,1,1,5,1,120,134,20.000,20.754,1239013,1239013,0,0.000000,SUCCESS,sync_sigmoid,sync_with_sensor1_matrix5
2026-05-21T19:05:31,94.3,33.0,sensor1_raspberry,5,TH0,4,0,107,255,20.000,20.753,4872536,12526068,7653532,382676.600000,SUCCESS,sync_counter,sync_with_sensor2_IC1_TH2
2026-05-21T19:05:31,94.3,33.0,sensor2_serial,1,2,6,2,120,255,20.000,20.753,11253811,13058882,1805071,90253.550000,SUCCESS,sync_sigmoid,sync_with_sensor1_matrix5
2026-05-21T19:05:53,94.3,33.0,sensor1_raspberry,5,TH0,4,0,107,254,20.000,20.743,13167291,2022625,5632550,281627.500000,SUCCESS,sync_counter,sync_with_sensor2_IC1_TH2
2026-05-21T19:05:53,94.3,33.0,sensor2_serial,1,2,6,2,120,254,20.000,20.743,13239046,15180281,1941235,97061.750000,SUCCESS,sync_sigmoid,sync_with_sensor1_matrix5
2026-05-21T19:06:16,94.3,33.0,sensor1_raspberry,5,TH0,4,0,107,253,20.000,20.761,2329976,3761747,1431771,71588.550000,SUCCESS,sync_counter,sync_with_sensor2_IC1_TH2
2026-05-21T19:06:16,94.3,33.0,sensor2_serial,1,2,6,2,120,253,20.000,20.761,15363275,378854,1792795,89639.750000,SUCCESS,sync_sigmoid,sync_with_sensor1_matrix5
2026-05-21T19:06:39,94.3,33.0,sensor1_raspberry,5,TH0,4,0,107,252,20.000,20.727,3846751,4366835,520084,26004.200000,SUCCESS,sync_counter,sync_with_sensor2_IC1_TH2
2026-05-21T19:06:39,94.3,33.0,sensor2_serial,1,2,6,2,120,252,20.000,20.727,547559,2436289,1888730,94436.500000,SUCCESS,sync_sigmoid,sync_with_sensor1_matrix5
2026-05-21T19:07:02,94.3,33.0,sensor1_raspberry,5,TH0,4,0,107,251,20.000,20.716,4393525,4500640,107115,5355.750000,SUCCESS,sync_counter,sync_with_sensor2_IC1_TH2
2026-05-21T19:07:02,94.3,33.0,sensor2_serial,1,2,6,2,120,251,20.000,20.716,2617650,4673878,2056228,102811.400000,SUCCESS,sync_sigmoid,sync_with_sensor1_matrix5
2026-05-21T19:07:25,94.3,33.0,sensor1_raspberry,5,TH0,4,0,107,250,20.000,20.742,4507442,4542479,35037,1751.850000,SUCCESS,sync_counter,sync_with_sensor2_IC1_TH2
2026-05-21T19:07:25,94.3,33.0,sensor2_serial,1,2,6,2,120,250,20.000,20.742,4878869,7186718,2307849,115392.450000,SUCCESS,sync_sigmoid,sync_with_sensor1_matrix5
2026-05-21T19:07:48,94.3,33.0,sensor1_raspberry,5,TH0,4,0,107,249,20.000,20.740,4543928,4546621,2693,134.650000,SUCCESS,sync_counter,sync_with_sensor2_IC1_TH2
2026-05-21T19:07:48,94.3,33.0,sensor2_serial,1,2,6,2,120,249,20.000,20.740,7410390,9942306,2531916,126595.800000,SUCCESS,sync_sigmoid,sync_with_sensor1_matrix5
2026-05-21T19:08:11,94.3,33.0,sensor1_raspberry,5,TH0,4,0,107,248,20.000,20.757,4546763,4547436,673,33.650000,SUCCESS,sync_counter,sync_with_sensor2_IC1_TH2
2026-05-21T19:08:11,94.3,33.0,sensor2_serial,1,2,6,2,120,248,20.000,20.757,10185162,12964425,2779263,138963.150000,SUCCESS,sync_sigmoid,sync_with_sensor1_matrix5
2026-05-21T19:08:33,94.3,33.0,sensor1_raspberry,5,TH0,4,0,107,247,20.000,20.770,4547486,4547803,317,15.850000,SUCCESS,sync_counter,sync_with_sensor2_IC1_TH2
2026-05-21T19:08:33,94.3,33.0,sensor2_serial,1,2,6,2,120,247,20.000,20.770,13240606,16305388,3064782,153239.100000,SUCCESS,sync_sigmoid,sync_with_sensor1_matrix5
2026-05-21T19:08:56,94.3,33.0,sensor1_raspberry,5,TH0,4,0,107,246,20.000,20.746,4547820,4548023,203,10.150000,SUCCESS,sync_counter,sync_with_sensor2_IC1_TH2
2026-05-21T19:08:56,94.3,33.0,sensor2_serial,1,2,6,2,120,246,20.000,20.746,16598874,2468126,2646468,132323.400000,SUCCESS,sync_sigmoid,sync_with_sensor1_matrix5
2026-05-21T19:09:19,94.3,33.0,sensor1_raspberry,5,TH0,4,0,107,245,20.000,20.765,4548036,4548182,146,7.300000,SUCCESS,sync_counter,sync_with_sensor2_IC1_TH2
2026-05-21T19:09:19,94.3,33.0,sensor2_serial,1,2,6,2,120,245,20.000,20.765,2728093,4982520,2254427,112721.350000,SUCCESS,sync_sigmoid,sync_with_sensor1_matrix5
2026-05-21T19:09:42,94.3,33.0,sensor1_raspberry,5,TH0,4,0,107,244,20.000,20.750,4548197,4548358,161,8.050000,SUCCESS,sync_counter,sync_with_sensor2_IC1_TH2
2026-05-21T19:09:42,94.3,33.0,sensor2_serial,1,2,6,2,120,244,20.000,20.750,5200238,6781641,1581403,79070.150000,SUCCESS,sync_sigmoid,sync_with_sensor1_matrix5
2026-05-21T19:10:05,94.3,33.0,sensor1_raspberry,5,TH0,4,0,107,243,20.000,20.785,4548373,4548528,155,7.750000,SUCCESS,sync_counter,sync_with_sensor2_IC1_TH2
2026-05-21T19:10:05,94.3,33.0,sensor2_serial,1,2,6,2,120,243,20.000,20.785,6941567,8136502,1194935,59746.750000,SUCCESS,sync_sigmoid,sync_with_sensor1_matrix5
2026-05-21T19:10:28,94.3,33.0,sensor1_raspberry,5,TH0,4,0,107,242,20.000,20.756,4548540,4548684,144,7.200000,SUCCESS,sync_counter,sync_with_sensor2_IC1_TH2
2026-05-21T19:10:28,94.3,33.0,sensor2_serial,1,2,6,2,120,242,20.000,20.756,8244550,8836098,591548,29577.400000,SUCCESS,sync_sigmoid,sync_with_sensor1_matrix5
2026-05-21T19:10:51,94.3,33.0,sensor1_raspberry,5,TH0,4,0,107,241,20.000,20.752,4548696,4548842,146,7.300000,SUCCESS,sync_counter,sync_with_sensor2_IC1_TH2
2026-05-21T19:10:51,94.3,33.0,sensor2_serial,1,2,6,2,120,241,20.000,20.752,8892453,9254269,361816,18090.800000,SUCCESS,sync_sigmoid,sync_with_sensor1_matrix5
2026-05-21T19:11:13,94.3,33.0,sensor1_raspberry,5,TH0,4,0,107,240,20.000,20.727,4548857,4549026,169,8.450000,SUCCESS,sync_counter,sync_with_sensor2_IC1_TH2
2026-05-21T19:11:13,94.3,33.0,sensor2_serial,1,2,6,2,120,240,20.000,20.727,9290302,9477551,187249,9362.450000,SUCCESS,sync_sigmoid,sync_with_sensor1_matrix5
2026-05-21T19:11:36,94.3,33.0,sensor1_raspberry,5,TH0,4,0,107,239,20.000,20.752,4549038,4549167,129,6.450000,SUCCESS,sync_counter,sync_with_sensor2_IC1_TH2
2026-05-21T19:11:36,94.3,33.0,sensor2_serial,1,2,6,2,120,239,20.000,20.752,9493943,9589609,95666,4783.300000,SUCCESS,sync_sigmoid,sync_with_sensor1_matrix5
2026-05-21T19:11:59,94.3,33.0,sensor1_raspberry,5,TH0,4,0,107,238,20.000,20.743,4549182,4549346,164,8.200000,SUCCESS,sync_counter,sync_with_sensor2_IC1_TH2
2026-05-21T19:11:59,94.3,33.0,sensor2_serial,1,2,6,2,120,238,20.000,20.743,9597864,9628707,30843,1542.150000,SUCCESS,sync_sigmoid,sync_with_sensor1_matrix5
2026-05-21T19:12:22,94.3,33.0,sensor1_raspberry,5,TH0,4,0,107,237,20.000,20.720,4549361,4549501,140,7.000000,SUCCESS,sync_counter,sync_with_sensor2_IC1_TH2
2026-05-21T19:12:22,94.3,33.0,sensor2_serial,1,2,6,2,120,237,20.000,20.720,9632460,9652430,19970,998.500000,SUCCESS,sync_sigmoid,sync_with_sensor1_matrix5
2026-05-21T19:12:45,94.3,33.0,sensor1_raspberry,5,TH0,4,0,107,236,20.000,20.732,4549520,4549667,147,7.350000,SUCCESS,sync_counter,sync_with_sensor2_IC1_TH2
2026-05-21T19:12:45,94.3,33.0,sensor2_serial,1,2,6,2,120,236,20.000,20.732,9654307,9661323,7016,350.800000,SUCCESS,sync_sigmoid,sync_with_sensor1_matrix5
2026-05-21T19:13:08,94.3,33.0,sensor1_raspberry,5,TH0,4,0,107,235,20.000,20.778,4549690,4549823,133,6.650000,SUCCESS,sync_counter,sync_with_sensor2_IC1_TH2
2026-05-21T19:13:08,94.3,33.0,sensor2_serial,1,2,6,2,120,235,20.000,20.778,9662068,9666396,4328,216.400000,SUCCESS,sync_sigmoid,sync_with_sensor1_matrix5
2026-05-21T19:13:30,94.3,33.0,sensor1_raspberry,5,TH0,4,0,107,234,20.000,20.757,4549836,4549985,149,7.450000,SUCCESS,sync_counter,sync_with_sensor2_IC1_TH2
2026-05-21T19:13:30,94.3,33.0,sensor2_serial,1,2,6,2,120,234,20.000,20.757,9666817,9668164,1347,67.350000,SUCCESS,sync_sigmoid,sync_with_sensor1_matrix5
2026-05-21T19:13:53,94.3,33.0,sensor1_raspberry,5,TH0,4,0,107,233,20.000,20.748,4549997,4550162,165,8.250000,SUCCESS,sync_counter,sync_with_sensor2_IC1_TH2
2026-05-21T19:13:53,94.3,33.0,sensor2_serial,1,2,6,2,120,233,20.000,20.748,9668288,9668869,581,29.050000,SUCCESS,sync_sigmoid,sync_with_sensor1_matrix5
2026-05-21T19:14:16,94.3,33.0,sensor1_raspberry,5,TH0,4,0,107,232,20.000,20.750,4550178,4550311,133,6.650000,SUCCESS,sync_counter,sync_with_sensor2_IC1_TH2
2026-05-21T19:14:16,94.3,33.0,sensor2_serial,1,2,6,2,120,232,20.000,20.750,9668944,9669251,307,15.350000,SUCCESS,sync_sigmoid,sync_with_sensor1_matrix5
2026-05-21T19:14:39,94.3,33.0,sensor1_raspberry,5,TH0,4,0,107,231,20.000,20.728,4550330,4550496,166,8.300000,SUCCESS,sync_counter,sync_with_sensor2_IC1_TH2
2026-05-21T19:14:39,94.3,33.0,sensor2_serial,1,2,6,2,120,231,20.000,20.728,9669298,9669475,177,8.850000,SUCCESS,sync_sigmoid,sync_with_sensor1_matrix5
2026-05-21T19:15:02,94.3,33.0,sensor1_raspberry,5,TH0,4,0,107,230,20.000,20.761,4550509,4550656,147,7.350000,SUCCESS,sync_counter,sync_with_sensor2_IC1_TH2
2026-05-21T19:15:02,94.3,33.0,sensor2_serial,1,2,6,2,120,230,20.000,20.761,9669508,9669643,135,6.750000,SUCCESS,sync_sigmoid,sync_with_sensor1_matrix5
2026-05-21T19:15:25,94.3,33.0,sensor1_raspberry,5,TH0,4,0,107,229,20.000,20.786,4550669,4550820,151,7.550000,SUCCESS,sync_counter,sync_with_sensor2_IC1_TH2
2026-05-21T19:15:25,94.3,33.0,sensor2_serial,1,2,6,2,120,229,20.000,20.786,9669677,9669803,126,6.300000,SUCCESS,sync_sigmoid,sync_with_sensor1_matrix5
2026-05-21T19:15:48,94.3,33.0,sensor1_raspberry,5,TH0,4,0,107,228,20.000,20.737,4550828,4550967,139,6.950000,SUCCESS,sync_counter,sync_with_sensor2_IC1_TH2
2026-05-21T19:15:48,94.3,33.0,sensor2_serial,1,2,6,2,120,228,20.000,20.737,9669835,9669960,125,6.250000,SUCCESS,sync_sigmoid,sync_with_sensor1_matrix5
2026-05-21T19:16:10,94.3,33.0,sensor1_raspberry,5,TH0,4,0,107,227,20.000,20.780,4550980,4551138,158,7.900000,SUCCESS,sync_counter,sync_with_sensor2_IC1_TH2
2026-05-21T19:16:10,94.3,33.0,sensor2_serial,1,2,6,2,120,227,20.000,20.780,9669983,9670092,109,5.450000,SUCCESS,sync_sigmoid,sync_with_sensor1_matrix5
2026-05-21T19:16:33,94.3,33.0,sensor1_raspberry,5,TH0,4,0,107,226,20.000,20.772,4551154,4551280,126,6.300000,SUCCESS,sync_counter,sync_with_sensor2_IC1_TH2
2026-05-21T19:16:33,94.3,33.0,sensor2_serial,1,2,6,2,120,226,20.000,20.772,9670114,9670231,117,5.850000,SUCCESS,sync_sigmoid,sync_with_sensor1_matrix5
2026-05-21T19:16:56,94.3,33.0,sensor1_raspberry,5,TH0,4,0,107,225,20.000,20.734,4551289,4551452,163,8.150000,SUCCESS,sync_counter,sync_with_sensor2_IC1_TH2
2026-05-21T19:16:56,94.3,33.0,sensor2_serial,1,2,6,2,120,225,20.000,20.734,9670260,9670392,132,6.600000,SUCCESS,sync_sigmoid,sync_with_sensor1_matrix5
2026-05-21T19:17:19,94.3,33.0,sensor1_raspberry,5,TH0,4,0,107,224,20.000,20.735,4551470,4551616,146,7.300000,SUCCESS,sync_counter,sync_with_sensor2_IC1_TH2
2026-05-21T19:17:19,94.3,33.0,sensor2_serial,1,2,6,2,120,224,20.000,20.735,9670417,9670542,125,6.250000,SUCCESS,sync_sigmoid,sync_with_sensor1_matrix5
2026-05-21T19:17:42,94.3,33.0,sensor1_raspberry,5,TH0,4,0,107,223,20.000,20.741,4551633,4551791,158,7.900000,SUCCESS,sync_counter,sync_with_sensor2_IC1_TH2
2026-05-21T19:17:42,94.3,33.0,sensor2_serial,1,2,6,2,120,223,20.000,20.741,9670562,9670673,111,5.550000,SUCCESS,sync_sigmoid,sync_with_sensor1_matrix5
2026-05-21T19:18:05,94.3,33.0,sensor1_raspberry,5,TH0,4,0,107,222,20.000,20.746,4551804,4551942,138,6.900000,SUCCESS,sync_counter,sync_with_sensor2_IC1_TH2
2026-05-21T19:18:05,94.3,33.0,sensor2_serial,1,2,6,2,120,222,20.000,20.746,9670695,9670809,114,5.700000,SUCCESS,sync_sigmoid,sync_with_sensor1_matrix5
2026-05-21T19:18:28,94.3,33.0,sensor1_raspberry,5,TH0,4,0,107,221,20.000,20.743,4551953,4552116,163,8.150000,SUCCESS,sync_counter,sync_with_sensor2_IC1_TH2
2026-05-21T19:18:28,94.3,33.0,sensor2_serial,1,2,6,2,120,221,20.000,20.743,9670826,9670935,109,5.450000,SUCCESS,sync_sigmoid,sync_with_sensor1_matrix5
2026-05-21T19:18:50,94.3,33.0,sensor1_raspberry,5,TH0,4,0,107,220,20.000,20.704,4552132,4552264,132,6.600000,SUCCESS,sync_counter,sync_with_sensor2_IC1_TH2
2026-05-21T19:18:50,94.3,33.0,sensor2_serial,1,2,6,2,120,220,20.000,20.704,9670950,9671058,108,5.400000,SUCCESS,sync_sigmoid,sync_with_sensor1_matrix5
2026-05-21T19:19:13,94.3,33.0,sensor1_raspberry,5,TH0,4,0,107,219,20.000,20.700,4552277,4552435,158,7.900000,SUCCESS,sync_counter,sync_with_sensor2_IC1_TH2
2026-05-21T19:19:13,94.3,33.0,sensor2_serial,1,2,6,2,120,219,20.000,20.700,9671074,9671170,96,4.800000,SUCCESS,sync_sigmoid,sync_with_sensor1_matrix5
2026-05-21T19:19:36,94.3,33.0,sensor1_raspberry,5,TH0,4,0,107,218,20.000,20.720,4552448,4552593,145,7.250000,SUCCESS,sync_counter,sync_with_sensor2_IC1_TH2
2026-05-21T19:19:36,94.3,33.0,sensor2_serial,1,2,6,2,120,218,20.000,20.720,9671194,9671296,102,5.100000,SUCCESS,sync_sigmoid,sync_with_sensor1_matrix5
2026-05-21T19:19:59,94.3,33.0,sensor1_raspberry,5,TH0,4,0,107,217,20.000,20.772,4552608,4552742,134,6.700000,SUCCESS,sync_counter,sync_with_sensor2_IC1_TH2
2026-05-21T19:19:59,94.3,33.0,sensor2_serial,1,2,6,2,120,217,20.000,20.772,9671316,9671411,95,4.750000,SUCCESS,sync_sigmoid,sync_with_sensor1_matrix5
2026-05-21T19:20:22,94.3,33.0,sensor1_raspberry,5,TH0,4,0,107,216,20.000,20.705,4552757,4552889,132,6.600000,SUCCESS,sync_counter,sync_with_sensor2_IC1_TH2
2026-05-21T19:20:22,94.3,33.0,sensor2_serial,1,2,6,2,120,216,20.000,20.705,9671426,9671521,95,4.750000,SUCCESS,sync_sigmoid,sync_with_sensor1_matrix5
2026-05-21T19:20:44,94.3,33.0,sensor1_raspberry,5,TH0,4,0,107,215,20.000,20.764,4552899,4553055,156,7.800000,SUCCESS,sync_counter,sync_with_sensor2_IC1_TH2
2026-05-21T19:20:44,94.3,33.0,sensor2_serial,1,2,6,2,120,215,20.000,20.764,9671541,9671637,96,4.800000,SUCCESS,sync_sigmoid,sync_with_sensor1_matrix5
2026-05-21T19:21:07,94.3,33.0,sensor1_raspberry,5,TH0,4,0,107,214,20.000,20.770,4553068,4553206,138,6.900000,SUCCESS,sync_counter,sync_with_sensor2_IC1_TH2
2026-05-21T19:21:07,94.3,33.0,sensor2_serial,1,2,6,2,120,214,20.000,20.770,9671650,9671749,99,4.950000,SUCCESS,sync_sigmoid,sync_with_sensor1_matrix5
2026-05-21T19:21:30,94.3,33.0,sensor1_raspberry,5,TH0,4,0,107,213,20.000,20.730,4553225,4553389,164,8.200000,SUCCESS,sync_counter,sync_with_sensor2_IC1_TH2
2026-05-21T19:21:30,94.3,33.0,sensor2_serial,1,2,6,2,120,213,20.000,20.730,9671764,9671871,107,5.350000,SUCCESS,sync_sigmoid,sync_with_sensor1_matrix5
2026-05-21T19:21:53,94.3,33.0,sensor1_raspberry,5,TH0,4,0,107,212,20.000,20.746,4553398,4553537,139,6.950000,SUCCESS,sync_counter,sync_with_sensor2_IC1_TH2
2026-05-21T19:21:53,94.3,33.0,sensor2_serial,1,2,6,2,120,212,20.000,20.746,9671885,9671975,90,4.500000,SUCCESS,sync_sigmoid,sync_with_sensor1_matrix5
2026-05-21T19:22:16,94.3,33.0,sensor1_raspberry,5,TH0,4,0,107,211,20.000,20.771,4553555,4553702,147,7.350000,SUCCESS,sync_counter,sync_with_sensor2_IC1_TH2
2026-05-21T19:22:16,94.3,33.0,sensor2_serial,1,2,6,2,120,211,20.000,20.771,9671990,9672089,99,4.950000,SUCCESS,sync_sigmoid,sync_with_sensor1_matrix5
2026-05-21T19:22:39,94.3,33.0,sensor1_raspberry,5,TH0,4,0,107,210,20.000,20.764,4553719,4553861,142,7.100000,SUCCESS,sync_counter,sync_with_sensor2_IC1_TH2
2026-05-21T19:22:39,94.3,33.0,sensor2_serial,1,2,6,2,120,210,20.000,20.764,9672103,9672185,82,4.100000,SUCCESS,sync_sigmoid,sync_with_sensor1_matrix5
2026-05-21T19:23:02,94.3,33.0,sensor1_raspberry,5,TH0,4,0,107,209,20.000,20.742,4553874,4553987,113,5.650000,SUCCESS,sync_counter,sync_with_sensor2_IC1_TH2
2026-05-21T19:23:02,94.3,33.0,sensor2_serial,1,2,6,2,120,209,20.000,20.742,9672201,9672294,93,4.650000,SUCCESS,sync_sigmoid,sync_with_sensor1_matrix5
2026-05-21T19:23:24,94.3,33.0,sensor1_raspberry,5,TH0,4,0,107,208,20.000,20.763,4554002,4554144,142,7.100000,SUCCESS,sync_counter,sync_with_sensor2_IC1_TH2
2026-05-21T19:23:24,94.3,33.0,sensor2_serial,1,2,6,2,120,208,20.000,20.763,9672305,9672382,77,3.850000,SUCCESS,sync_sigmoid,sync_with_sensor1_matrix5
2026-05-21T19:23:47,94.3,33.0,sensor1_raspberry,5,TH0,4,0,107,207,20.000,20.762,4554153,4554267,114,5.700000,SUCCESS,sync_counter,sync_with_sensor2_IC1_TH2
2026-05-21T19:23:47,94.3,33.0,sensor2_serial,1,2,6,2,120,207,20.000,20.762,9672396,9672478,82,4.100000,SUCCESS,sync_sigmoid,sync_with_sensor1_matrix5
2026-05-21T19:24:10,94.3,33.0,sensor1_raspberry,5,TH0,4,0,107,206,20.000,20.765,4554281,4554412,131,6.550000,SUCCESS,sync_counter,sync_with_sensor2_IC1_TH2
2026-05-21T19:24:10,94.3,33.0,sensor2_serial,1,2,6,2,120,206,20.000,20.765,9672487,9672576,89,4.450000,SUCCESS,sync_sigmoid,sync_with_sensor1_matrix5
2026-05-21T19:24:33,94.3,33.0,sensor1_raspberry,5,TH0,4,0,107,205,20.000,20.748,4554422,4554552,130,6.500000,SUCCESS,sync_counter,sync_with_sensor2_IC1_TH2
2026-05-21T19:24:33,94.3,33.0,sensor2_serial,1,2,6,2,120,205,20.000,20.748,9672588,9672661,73,3.650000,SUCCESS,sync_sigmoid,sync_with_sensor1_matrix5
2026-05-21T19:24:56,94.3,33.0,sensor1_raspberry,5,TH0,4,0,107,204,20.000,20.742,4554564,4554701,137,6.850000,SUCCESS,sync_counter,sync_with_sensor2_IC1_TH2
2026-05-21T19:24:56,94.3,33.0,sensor2_serial,1,2,6,2,120,204,20.000,20.742,9672665,9672741,76,3.800000,SUCCESS,sync_sigmoid,sync_with_sensor1_matrix5
2026-05-21T19:25:19,94.3,33.0,sensor1_raspberry,5,TH0,4,0,107,203,20.000,20.717,4554718,4554842,124,6.200000,SUCCESS,sync_counter,sync_with_sensor2_IC1_TH2
2026-05-21T19:25:19,94.3,33.0,sensor2_serial,1,2,6,2,120,203,20.000,20.717,9672754,9672830,76,3.800000,SUCCESS,sync_sigmoid,sync_with_sensor1_matrix5
2026-05-21T19:25:41,94.3,33.0,sensor1_raspberry,5,TH0,4,0,107,202,20.000,20.755,4554855,4554991,136,6.800000,SUCCESS,sync_counter,sync_with_sensor2_IC1_TH2
2026-05-21T19:25:41,94.3,33.0,sensor2_serial,1,2,6,2,120,202,20.000,20.755,9672839,9672924,85,4.250000,SUCCESS,sync_sigmoid,sync_with_sensor1_matrix5
2026-05-21T19:26:04,94.3,33.0,sensor1_raspberry,5,TH0,4,0,107,201,20.000,20.683,4555000,4555123,123,6.150000,SUCCESS,sync_counter,sync_with_sensor2_IC1_TH2
2026-05-21T19:26:04,94.3,33.0,sensor2_serial,1,2,6,2,120,201,20.000,20.683,9672932,9672997,65,3.250000,SUCCESS,sync_sigmoid,sync_with_sensor1_matrix5
2026-05-21T19:26:27,94.3,33.0,sensor1_raspberry,5,TH0,4,0,107,200,20.000,20.750,4555134,4555285,151,7.550000,SUCCESS,sync_counter,sync_with_sensor2_IC1_TH2
2026-05-21T19:26:27,94.3,33.0,sensor2_serial,1,2,6,2,120,200,20.000,20.750,9673004,9673083,79,3.950000,SUCCESS,sync_sigmoid,sync_with_sensor1_matrix5
2026-05-21T19:26:50,94.3,33.0,sensor1_raspberry,5,TH0,4,0,107,199,20.000,20.698,4555291,4555421,130,6.500000,SUCCESS,sync_counter,sync_with_sensor2_IC1_TH2
2026-05-21T19:26:50,94.3,33.0,sensor2_serial,1,2,6,2,120,199,20.000,20.698,9673087,9673146,59,2.950000,SUCCESS,sync_sigmoid,sync_with_sensor1_matrix5
2026-05-21T19:27:13,94.3,33.0,sensor1_raspberry,5,TH0,4,0,107,198,20.000,20.741,4555428,4555558,130,6.500000,SUCCESS,sync_counter,sync_with_sensor2_IC1_TH2
2026-05-21T19:27:13,94.3,33.0,sensor2_serial,1,2,6,2,120,198,20.000,20.741,9673151,9673196,45,2.250000,SUCCESS,sync_sigmoid,sync_with_sensor1_matrix5
2026-05-21T19:27:36,94.3,33.0,sensor1_raspberry,5,TH0,4,0,107,197,20.000,20.743,4555573,4555709,136,6.800000,SUCCESS,sync_counter,sync_with_sensor2_IC1_TH2
2026-05-21T19:27:36,94.3,33.0,sensor2_serial,1,2,6,2,120,197,20.000,20.743,9673202,9673246,44,2.200000,SUCCESS,sync_sigmoid,sync_with_sensor1_matrix5
2026-05-21T19:27:58,94.3,33.0,sensor1_raspberry,5,TH0,4,0,107,196,20.000,20.751,4555715,4555837,122,6.100000,SUCCESS,sync_counter,sync_with_sensor2_IC1_TH2
2026-05-21T19:27:58,94.3,33.0,sensor2_serial,1,2,6,2,120,196,20.000,20.751,9673253,9673308,55,2.750000,SUCCESS,sync_sigmoid,sync_with_sensor1_matrix5
2026-05-21T19:28:21,94.3,33.0,sensor1_raspberry,5,TH0,4,0,107,195,20.000,20.733,4555852,4555984,132,6.600000,SUCCESS,sync_counter,sync_with_sensor2_IC1_TH2
2026-05-21T19:28:21,94.3,33.0,sensor2_serial,1,2,6,2,120,195,20.000,20.733,9673313,9673375,62,3.100000,SUCCESS,sync_sigmoid,sync_with_sensor1_matrix5
2026-05-21T19:28:44,94.3,33.0,sensor1_raspberry,5,TH0,4,0,107,194,20.000,20.734,4555994,4556120,126,6.300000,SUCCESS,sync_counter,sync_with_sensor2_IC1_TH2
2026-05-21T19:28:44,94.3,33.0,sensor2_serial,1,2,6,2,120,194,20.000,20.734,9673380,9673420,40,2.000000,SUCCESS,sync_sigmoid,sync_with_sensor1_matrix5
2026-05-21T19:29:07,94.3,33.0,sensor1_raspberry,5,TH0,4,0,107,193,20.000,20.730,4556129,4556265,136,6.800000,SUCCESS,sync_counter,sync_with_sensor2_IC1_TH2
2026-05-21T19:29:07,94.3,33.0,sensor2_serial,1,2,6,2,120,193,20.000,20.730,9673425,9673481,56,2.800000,SUCCESS,sync_sigmoid,sync_with_sensor1_matrix5
2026-05-21T19:29:30,94.3,33.0,sensor1_raspberry,5,TH0,4,0,107,192,20.000,20.764,4556283,4556398,115,5.750000,SUCCESS,sync_counter,sync_with_sensor2_IC1_TH2
2026-05-21T19:29:30,94.3,33.0,sensor2_serial,1,2,6,2,120,192,20.000,20.764,9673487,9673527,40,2.000000,SUCCESS,sync_sigmoid,sync_with_sensor1_matrix5
2026-05-21T19:29:53,94.3,33.0,sensor1_raspberry,5,TH0,4,0,107,191,20.000,20.779,4556409,4556529,120,6.000000,SUCCESS,sync_counter,sync_with_sensor2_IC1_TH2
2026-05-21T19:29:53,94.3,33.0,sensor2_serial,1,2,6,2,120,191,20.000,20.779,9673533,9673581,48,2.400000,SUCCESS,sync_sigmoid,sync_with_sensor1_matrix5
2026-05-21T19:30:15,94.3,33.0,sensor1_raspberry,5,TH0,4,0,107,190,20.000,20.690,4556544,4556681,137,6.850000,SUCCESS,sync_counter,sync_with_sensor2_IC1_TH2
2026-05-21T19:30:15,94.3,33.0,sensor2_serial,1,2,6,2,120,190,20.000,20.690,9673587,9673639,52,2.600000,SUCCESS,sync_sigmoid,sync_with_sensor1_matrix5
2026-05-21T19:30:38,94.3,33.0,sensor1_raspberry,5,TH0,4,0,107,189,20.000,20.794,4556697,4556815,118,5.900000,SUCCESS,sync_counter,sync_with_sensor2_IC1_TH2
2026-05-21T19:30:38,94.3,33.0,sensor2_serial,1,2,6,2,120,189,20.000,20.794,9673643,9673687,44,2.200000,SUCCESS,sync_sigmoid,sync_with_sensor1_matrix5
2026-05-21T19:31:01,94.3,33.0,sensor1_raspberry,5,TH0,4,0,107,188,20.000,20.772,4556829,4556963,134,6.700000,SUCCESS,sync_counter,sync_with_sensor2_IC1_TH2
2026-05-21T19:31:01,94.3,33.0,sensor2_serial,1,2,6,2,120,188,20.000,20.772,9673693,9673736,43,2.150000,SUCCESS,sync_sigmoid,sync_with_sensor1_matrix5
2026-05-21T19:31:24,94.3,33.0,sensor1_raspberry,5,TH0,4,0,107,187,20.000,20.817,4556976,4557095,119,5.950000,SUCCESS,sync_counter,sync_with_sensor2_IC1_TH2
2026-05-21T19:31:24,94.3,33.0,sensor2_serial,1,2,6,2,120,187,20.000,20.817,9673740,9673785,45,2.250000,SUCCESS,sync_sigmoid,sync_with_sensor1_matrix5
2026-05-21T19:31:47,94.3,33.0,sensor1_raspberry,5,TH0,4,0,107,186,20.000,20.761,4557109,4557233,124,6.200000,SUCCESS,sync_counter,sync_with_sensor2_IC1_TH2
2026-05-21T19:31:47,94.3,33.0,sensor2_serial,1,2,6,2,120,186,20.000,20.761,9673789,9673831,42,2.100000,SUCCESS,sync_sigmoid,sync_with_sensor1_matrix5
2026-05-21T19:32:10,94.3,33.0,sensor1_raspberry,5,TH0,4,0,107,185,20.000,20.753,4557244,4557363,119,5.950000,SUCCESS,sync_counter,sync_with_sensor2_IC1_TH2
2026-05-21T19:32:10,94.3,33.0,sensor2_serial,1,2,6,2,120,185,20.000,20.753,9673835,9673871,36,1.800000,SUCCESS,sync_sigmoid,sync_with_sensor1_matrix5
2026-05-21T19:32:33,94.3,33.0,sensor1_raspberry,5,TH0,4,0,107,184,20.000,20.748,4557371,4557496,125,6.250000,SUCCESS,sync_counter,sync_with_sensor2_IC1_TH2
2026-05-21T19:32:33,94.3,33.0,sensor2_serial,1,2,6,2,120,184,20.000,20.748,9673875,9673920,45,2.250000,SUCCESS,sync_sigmoid,sync_with_sensor1_matrix5
2026-05-21T19:32:56,94.3,33.0,sensor1_raspberry,5,TH0,4,0,107,183,20.000,20.800,4557510,4557621,111,5.550000,SUCCESS,sync_counter,sync_with_sensor2_IC1_TH2
2026-05-21T19:32:56,94.3,33.0,sensor2_serial,1,2,6,2,120,183,20.000,20.800,9673926,9673968,42,2.100000,SUCCESS,sync_sigmoid,sync_with_sensor1_matrix5
2026-05-21T19:33:18,94.3,33.0,sensor1_raspberry,5,TH0,4,0,107,182,20.000,20.728,4557631,4557752,121,6.050000,SUCCESS,sync_counter,sync_with_sensor2_IC1_TH2
2026-05-21T19:33:18,94.3,33.0,sensor2_serial,1,2,6,2,120,182,20.000,20.728,9673970,9674006,36,1.800000,SUCCESS,sync_sigmoid,sync_with_sensor1_matrix5
2026-05-21T19:33:41,94.3,33.0,sensor1_raspberry,5,TH0,4,0,107,181,20.000,20.752,4557768,4557882,114,5.700000,SUCCESS,sync_counter,sync_with_sensor2_IC1_TH2
2026-05-21T19:33:41,94.3,33.0,sensor2_serial,1,2,6,2,120,181,20.000,20.752,9674012,9674048,36,1.800000,SUCCESS,sync_sigmoid,sync_with_sensor1_matrix5
2026-05-21T19:34:04,94.3,33.0,sensor1_raspberry,5,TH0,4,0,107,180,20.000,20.766,4557899,4558003,104,5.200000,SUCCESS,sync_counter,sync_with_sensor2_IC1_TH2
2026-05-21T19:34:04,94.3,33.0,sensor2_serial,1,2,6,2,120,180,20.000,20.766,9674050,9674085,35,1.750000,SUCCESS,sync_sigmoid,sync_with_sensor1_matrix5
2026-05-21T19:34:27,94.3,33.0,sensor1_raspberry,5,TH0,4,0,107,179,20.000,20.776,4558019,4558122,103,5.150000,SUCCESS,sync_counter,sync_with_sensor2_IC1_TH2
2026-05-21T19:34:27,94.3,33.0,sensor2_serial,1,2,6,2,120,179,20.000,20.776,9674087,9674118,31,1.550000,SUCCESS,sync_sigmoid,sync_with_sensor1_matrix5
2026-05-21T19:34:50,94.3,33.0,sensor1_raspberry,5,TH0,4,0,107,178,20.000,20.766,4558136,4558251,115,5.750000,SUCCESS,sync_counter,sync_with_sensor2_IC1_TH2
2026-05-21T19:34:50,94.3,33.0,sensor2_serial,1,2,6,2,120,178,20.000,20.766,9674122,9674158,36,1.800000,SUCCESS,sync_sigmoid,sync_with_sensor1_matrix5
2026-05-21T19:35:13,94.3,33.0,sensor1_raspberry,5,TH0,4,0,107,177,20.000,20.715,4558260,4558376,116,5.800000,SUCCESS,sync_counter,sync_with_sensor2_IC1_TH2
2026-05-21T19:35:13,94.3,33.0,sensor2_serial,1,2,6,2,120,177,20.000,20.715,9674161,9674200,39,1.950000,SUCCESS,sync_sigmoid,sync_with_sensor1_matrix5
2026-05-21T19:35:35,94.3,33.0,sensor1_raspberry,5,TH0,4,0,107,176,20.000,20.750,4558395,4558497,102,5.100000,SUCCESS,sync_counter,sync_with_sensor2_IC1_TH2
2026-05-21T19:35:35,94.3,33.0,sensor2_serial,1,2,6,2,120,176,20.000,20.750,9674203,9674224,21,1.050000,SUCCESS,sync_sigmoid,sync_with_sensor1_matrix5
2026-05-21T19:35:58,94.3,33.0,sensor1_raspberry,5,TH0,4,0,107,175,20.000,20.753,4558509,4558608,99,4.950000,SUCCESS,sync_counter,sync_with_sensor2_IC1_TH2
2026-05-21T19:35:58,94.3,33.0,sensor2_serial,1,2,6,2,120,175,20.000,20.753,9674226,9674252,26,1.300000,SUCCESS,sync_sigmoid,sync_with_sensor1_matrix5
2026-05-21T19:36:21,94.3,33.0,sensor1_raspberry,5,TH0,4,0,107,174,20.000,20.733,4558624,4558726,102,5.100000,SUCCESS,sync_counter,sync_with_sensor2_IC1_TH2
2026-05-21T19:36:21,94.3,33.0,sensor2_serial,1,2,6,2,120,174,20.000,20.733,9674253,9674273,20,1.000000,SUCCESS,sync_sigmoid,sync_with_sensor1_matrix5
2026-05-21T19:36:44,94.3,33.0,sensor1_raspberry,5,TH0,4,0,107,173,20.000,20.789,4558734,4558826,92,4.600000,SUCCESS,sync_counter,sync_with_sensor2_IC1_TH2
2026-05-21T19:36:44,94.3,33.0,sensor2_serial,1,2,6,2,120,173,20.000,20.789,9674274,9674295,21,1.050000,SUCCESS,sync_sigmoid,sync_with_sensor1_matrix5
2026-05-21T19:37:07,94.3,33.0,sensor1_raspberry,5,TH0,4,0,107,172,20.000,20.757,4558837,4558954,117,5.850000,SUCCESS,sync_counter,sync_with_sensor2_IC1_TH2
2026-05-21T19:37:07,94.3,33.0,sensor2_serial,1,2,6,2,120,172,20.000,20.757,9674295,9674320,25,1.250000,SUCCESS,sync_sigmoid,sync_with_sensor1_matrix5
2026-05-21T19:37:30,94.3,33.0,sensor1_raspberry,5,TH0,4,0,107,171,20.000,20.760,4558964,4559055,91,4.550000,SUCCESS,sync_counter,sync_with_sensor2_IC1_TH2
2026-05-21T19:37:30,94.3,33.0,sensor2_serial,1,2,6,2,120,171,20.000,20.760,9674322,9674344,22,1.100000,SUCCESS,sync_sigmoid,sync_with_sensor1_matrix5
2026-05-21T19:37:53,94.3,33.0,sensor1_raspberry,5,TH0,4,0,107,170,20.000,20.785,4559065,4559154,89,4.450000,SUCCESS,sync_counter,sync_with_sensor2_IC1_TH2
2026-05-21T19:37:53,94.3,33.0,sensor2_serial,1,2,6,2,120,170,20.000,20.785,9674344,9674361,17,0.850000,SUCCESS,sync_sigmoid,sync_with_sensor1_matrix5
2026-05-21T19:38:16,94.3,33.0,sensor1_raspberry,5,TH0,4,0,107,169,20.000,20.746,4559166,4559244,78,3.900000,SUCCESS,sync_counter,sync_with_sensor2_IC1_TH2
2026-05-21T19:38:16,94.3,33.0,sensor2_serial,1,2,6,2,120,169,20.000,20.746,9674363,9674380,17,0.850000,SUCCESS,sync_sigmoid,sync_with_sensor1_matrix5
2026-05-21T19:38:38,94.3,33.0,sensor1_raspberry,5,TH0,4,0,107,168,20.000,20.714,4559248,4559331,83,4.150000,SUCCESS,sync_counter,sync_with_sensor2_IC1_TH2
2026-05-21T19:38:38,94.3,33.0,sensor2_serial,1,2,6,2,120,168,20.000,20.714,9674383,9674406,23,1.150000,SUCCESS,sync_sigmoid,sync_with_sensor1_matrix5
2026-05-21T19:39:01,94.3,33.0,sensor1_raspberry,5,TH0,4,0,107,167,20.000,20.750,4559341,4559426,85,4.250000,SUCCESS,sync_counter,sync_with_sensor2_IC1_TH2
2026-05-21T19:39:01,94.3,33.0,sensor2_serial,1,2,6,2,120,167,20.000,20.750,9674411,9674433,22,1.100000,SUCCESS,sync_sigmoid,sync_with_sensor1_matrix5
2026-05-21T19:39:24,94.3,33.0,sensor1_raspberry,5,TH0,4,0,107,166,20.000,20.760,4559434,4559506,72,3.600000,SUCCESS,sync_counter,sync_with_sensor2_IC1_TH2
2026-05-21T19:39:24,94.3,33.0,sensor2_serial,1,2,6,2,120,166,20.000,20.760,9674435,9674453,18,0.900000,SUCCESS,sync_sigmoid,sync_with_sensor1_matrix5
2026-05-21T19:39:47,94.3,33.0,sensor1_raspberry,5,TH0,4,0,107,165,20.000,20.772,4559513,4559569,56,2.800000,SUCCESS,sync_counter,sync_with_sensor2_IC1_TH2
2026-05-21T19:39:47,94.3,33.0,sensor2_serial,1,2,6,2,120,165,20.000,20.772,9674455,9674469,14,0.700000,SUCCESS,sync_sigmoid,sync_with_sensor1_matrix5
2026-05-21T19:40:10,94.3,33.0,sensor1_raspberry,5,TH0,4,0,107,164,20.000,20.735,4559578,4559656,78,3.900000,SUCCESS,sync_counter,sync_with_sensor2_IC1_TH2
2026-05-21T19:40:10,94.3,33.0,sensor2_serial,1,2,6,2,120,164,20.000,20.735,9674469,9674480,11,0.550000,SUCCESS,sync_sigmoid,sync_with_sensor1_matrix5
2026-05-21T19:40:33,94.3,33.0,sensor1_raspberry,5,TH0,4,0,107,163,20.000,20.765,4559663,4559724,61,3.050000,SUCCESS,sync_counter,sync_with_sensor2_IC1_TH2
2026-05-21T19:40:33,94.3,33.0,sensor2_serial,1,2,6,2,120,163,20.000,20.765,9674483,9674498,15,0.750000,SUCCESS,sync_sigmoid,sync_with_sensor1_matrix5
2026-05-21T19:40:55,94.3,33.0,sensor1_raspberry,5,TH0,4,0,107,162,20.000,20.758,4559732,4559793,61,3.050000,SUCCESS,sync_counter,sync_with_sensor2_IC1_TH2
2026-05-21T19:40:55,94.3,33.0,sensor2_serial,1,2,6,2,120,162,20.000,20.758,9674499,9674507,8,0.400000,SUCCESS,sync_sigmoid,sync_with_sensor1_matrix5
2026-05-21T19:41:18,94.3,33.0,sensor1_raspberry,5,TH0,4,0,107,161,20.000,20.786,4559797,4559867,70,3.500000,SUCCESS,sync_counter,sync_with_sensor2_IC1_TH2
2026-05-21T19:41:18,94.3,33.0,sensor2_serial,1,2,6,2,120,161,20.000,20.786,9674512,9674531,19,0.950000,SUCCESS,sync_sigmoid,sync_with_sensor1_matrix5
2026-05-21T19:41:41,94.3,33.0,sensor1_raspberry,5,TH0,4,0,107,160,20.000,20.747,4559870,4559920,50,2.500000,SUCCESS,sync_counter,sync_with_sensor2_IC1_TH2
2026-05-21T19:41:41,94.3,33.0,sensor2_serial,1,2,6,2,120,160,20.000,20.747,9674533,9674545,12,0.600000,SUCCESS,sync_sigmoid,sync_with_sensor1_matrix5
2026-05-21T19:42:04,94.3,33.0,sensor1_raspberry,5,TH0,4,0,107,159,20.000,20.734,4559925,4559974,49,2.450000,SUCCESS,sync_counter,sync_with_sensor2_IC1_TH2
2026-05-21T19:42:04,94.3,33.0,sensor2_serial,1,2,6,2,120,159,20.000,20.734,9674546,9674552,6,0.300000,SUCCESS,sync_sigmoid,sync_with_sensor1_matrix5
2026-05-21T19:42:27,94.3,33.0,sensor1_raspberry,5,TH0,4,0,107,158,20.000,20.752,4559980,4560032,52,2.600000,SUCCESS,sync_counter,sync_with_sensor2_IC1_TH2
2026-05-21T19:42:27,94.3,33.0,sensor2_serial,1,2,6,2,120,158,20.000,20.752,9674553,9674560,7,0.350000,SUCCESS,sync_sigmoid,sync_with_sensor1_matrix5
2026-05-21T19:42:50,94.3,33.0,sensor1_raspberry,5,TH0,4,0,107,157,20.000,20.729,4560036,4560078,42,2.100000,SUCCESS,sync_counter,sync_with_sensor2_IC1_TH2
2026-05-21T19:42:50,94.3,33.0,sensor2_serial,1,2,6,2,120,157,20.000,20.729,9674561,9674566,5,0.250000,SUCCESS,sync_sigmoid,sync_with_sensor1_matrix5
2026-05-21T19:43:13,94.3,33.0,sensor1_raspberry,5,TH0,4,0,107,156,20.000,20.706,4560083,4560119,36,1.800000,SUCCESS,sync_counter,sync_with_sensor2_IC1_TH2
2026-05-21T19:43:13,94.3,33.0,sensor2_serial,1,2,6,2,120,156,20.000,20.706,9674567,9674573,6,0.300000,SUCCESS,sync_sigmoid,sync_with_sensor1_matrix5
2026-05-21T19:43:35,94.3,33.0,sensor1_raspberry,5,TH0,4,0,107,155,20.000,20.734,4560124,4560175,51,2.550000,SUCCESS,sync_counter,sync_with_sensor2_IC1_TH2
2026-05-21T19:43:35,94.3,33.0,sensor2_serial,1,2,6,2,120,155,20.000,20.734,9674574,9674581,7,0.350000,SUCCESS,sync_sigmoid,sync_with_sensor1_matrix5
2026-05-21T19:43:58,94.3,33.0,sensor1_raspberry,5,TH0,4,0,107,154,20.000,20.746,4560180,4560223,43,2.150000,SUCCESS,sync_counter,sync_with_sensor2_IC1_TH2
2026-05-21T19:43:58,94.3,33.0,sensor2_serial,1,2,6,2,120,154,20.000,20.746,9674581,9674589,8,0.400000,SUCCESS,sync_sigmoid,sync_with_sensor1_matrix5
2026-05-21T19:44:21,94.3,33.0,sensor1_raspberry,5,TH0,4,0,107,153,20.000,20.748,4560226,4560262,36,1.800000,SUCCESS,sync_counter,sync_with_sensor2_IC1_TH2
2026-05-21T19:44:21,94.3,33.0,sensor2_serial,1,2,6,2,120,153,20.000,20.748,9674589,9674597,8,0.400000,SUCCESS,sync_sigmoid,sync_with_sensor1_matrix5
2026-05-21T19:44:44,94.3,33.0,sensor1_raspberry,5,TH0,4,0,107,152,20.000,20.740,4560265,4560293,28,1.400000,SUCCESS,sync_counter,sync_with_sensor2_IC1_TH2
2026-05-21T19:44:44,94.3,33.0,sensor2_serial,1,2,6,2,120,152,20.000,20.740,9674598,9674602,4,0.200000,SUCCESS,sync_sigmoid,sync_with_sensor1_matrix5
2026-05-21T19:45:07,94.3,33.0,sensor1_raspberry,5,TH0,4,0,107,151,20.000,20.752,4560296,4560320,24,1.200000,SUCCESS,sync_counter,sync_with_sensor2_IC1_TH2
2026-05-21T19:45:07,94.3,33.0,sensor2_serial,1,2,6,2,120,151,20.000,20.752,9674602,9674606,4,0.200000,SUCCESS,sync_sigmoid,sync_with_sensor1_matrix5
2026-05-21T19:45:30,94.3,33.0,sensor1_raspberry,5,TH0,4,0,107,150,20.000,20.767,4560324,4560350,26,1.300000,SUCCESS,sync_counter,sync_with_sensor2_IC1_TH2
2026-05-21T19:45:30,94.3,33.0,sensor2_serial,1,2,6,2,120,150,20.000,20.767,9674606,9674611,5,0.250000,SUCCESS,sync_sigmoid,sync_with_sensor1_matrix5
2026-05-21T19:45:53,94.3,33.0,sensor1_raspberry,5,TH0,4,0,107,149,20.000,20.785,4560351,4560371,20,1.000000,SUCCESS,sync_counter,sync_with_sensor2_IC1_TH2
2026-05-21T19:45:53,94.3,33.0,sensor2_serial,1,2,6,2,120,149,20.000,20.785,9674612,9674617,5,0.250000,SUCCESS,sync_sigmoid,sync_with_sensor1_matrix5
2026-05-21T19:46:15,94.3,33.0,sensor1_raspberry,5,TH0,4,0,107,148,20.000,20.801,4560372,4560390,18,0.900000,SUCCESS,sync_counter,sync_with_sensor2_IC1_TH2
2026-05-21T19:46:15,94.3,33.0,sensor2_serial,1,2,6,2,120,148,20.000,20.801,9674617,9674621,4,0.200000,SUCCESS,sync_sigmoid,sync_with_sensor1_matrix5
2026-05-21T19:46:38,94.3,33.0,sensor1_raspberry,5,TH0,4,0,107,147,20.000,20.781,4560393,4560414,21,1.050000,SUCCESS,sync_counter,sync_with_sensor2_IC1_TH2
2026-05-21T19:46:38,94.3,33.0,sensor2_serial,1,2,6,2,120,147,20.000,20.781,9674621,9674626,5,0.250000,SUCCESS,sync_sigmoid,sync_with_sensor1_matrix5
2026-05-21T19:47:01,94.3,33.0,sensor1_raspberry,5,TH0,4,0,107,146,20.000,20.735,4560416,4560433,17,0.850000,SUCCESS,sync_counter,sync_with_sensor2_IC1_TH2
2026-05-21T19:47:01,94.3,33.0,sensor2_serial,1,2,6,2,120,146,20.000,20.735,9674627,9674628,1,0.050000,SUCCESS,sync_sigmoid,sync_with_sensor1_matrix5
2026-05-21T19:47:24,94.3,33.0,sensor1_raspberry,5,TH0,4,0,107,145,20.000,20.741,4560435,4560447,12,0.600000,SUCCESS,sync_counter,sync_with_sensor2_IC1_TH2
2026-05-21T19:47:24,94.3,33.0,sensor2_serial,1,2,6,2,120,145,20.000,20.741,9674628,9674633,5,0.250000,SUCCESS,sync_sigmoid,sync_with_sensor1_matrix5
2026-05-21T19:47:47,94.3,33.0,sensor1_raspberry,5,TH0,4,0,107,144,20.000,20.783,4560450,4560462,12,0.600000,SUCCESS,sync_counter,sync_with_sensor2_IC1_TH2
2026-05-21T19:47:47,94.3,33.0,sensor2_serial,1,2,6,2,120,144,20.000,20.783,9674633,9674634,1,0.050000,SUCCESS,sync_sigmoid,sync_with_sensor1_matrix5
2026-05-21T19:48:10,94.3,33.0,sensor1_raspberry,5,TH0,4,0,107,143,20.000,20.762,4560463,4560474,11,0.550000,SUCCESS,sync_counter,sync_with_sensor2_IC1_TH2
2026-05-21T19:48:10,94.3,33.0,sensor2_serial,1,2,6,2,120,143,20.000,20.762,9674634,9674637,3,0.150000,SUCCESS,sync_sigmoid,sync_with_sensor1_matrix5
2026-05-21T19:48:33,94.3,33.0,sensor1_raspberry,5,TH0,4,0,107,142,20.000,20.774,4560478,4560487,9,0.450000,SUCCESS,sync_counter,sync_with_sensor2_IC1_TH2
2026-05-21T19:48:33,94.3,33.0,sensor2_serial,1,2,6,2,120,142,20.000,20.774,9674637,9674640,3,0.150000,SUCCESS,sync_sigmoid,sync_with_sensor1_matrix5
2026-05-21T19:48:56,94.3,33.0,sensor1_raspberry,5,TH0,4,0,107,141,20.000,20.769,4560487,4560492,5,0.250000,SUCCESS,sync_counter,sync_with_sensor2_IC1_TH2
2026-05-21T19:48:56,94.3,33.0,sensor2_serial,1,2,6,2,120,141,20.000,20.769,9674640,9674640,0,0.000000,SUCCESS,sync_sigmoid,sync_with_sensor1_matrix5
2026-05-21T19:49:18,94.3,33.0,sensor1_raspberry,5,TH0,4,0,107,140,20.000,20.786,4560492,4560504,12,0.600000,SUCCESS,sync_counter,sync_with_sensor2_IC1_TH2
2026-05-21T19:49:18,94.3,33.0,sensor2_serial,1,2,6,2,120,140,20.000,20.786,9674640,9674643,3,0.150000,SUCCESS,sync_sigmoid,sync_with_sensor1_matrix5
2026-05-21T19:49:41,94.3,33.0,sensor1_raspberry,5,TH0,4,0,107,139,20.000,20.743,4560506,4560511,5,0.250000,SUCCESS,sync_counter,sync_with_sensor2_IC1_TH2
2026-05-21T19:49:41,94.3,33.0,sensor2_serial,1,2,6,2,120,139,20.000,20.743,9674643,9674644,1,0.050000,SUCCESS,sync_sigmoid,sync_with_sensor1_matrix5
2026-05-21T19:50:04,94.3,33.0,sensor1_raspberry,5,TH0,4,0,107,138,20.000,20.756,4560512,4560517,5,0.250000,SUCCESS,sync_counter,sync_with_sensor2_IC1_TH2
2026-05-21T19:50:04,94.3,33.0,sensor2_serial,1,2,6,2,120,138,20.000,20.756,9674644,9674644,0,0.000000,SUCCESS,sync_sigmoid,sync_with_sensor1_matrix5
2026-05-21T19:50:27,94.3,33.0,sensor1_raspberry,5,TH0,4,0,107,137,20.000,20.759,4560517,4560522,5,0.250000,SUCCESS,sync_counter,sync_with_sensor2_IC1_TH2
2026-05-21T19:50:27,94.3,33.0,sensor2_serial,1,2,6,2,120,137,20.000,20.759,9674644,9674644,0,0.000000,SUCCESS,sync_sigmoid,sync_with_sensor1_matrix5
2026-05-21T19:51:00,95.3,32.0,sensor1_raspberry,5,TH0,4,0,107,255,20.000,20.730,5016094,12434575,7418481,370924.050000,SUCCESS,sync_counter,sync_with_sensor2_IC1_TH0
2026-05-21T19:51:00,95.3,32.0,sensor2_serial,1,0,4,0,120,255,20.000,20.730,8295274,11684813,3389539,169476.950000,SUCCESS,sync_sigmoid,sync_with_sensor1_matrix5
2026-05-21T19:51:22,95.3,32.0,sensor1_raspberry,5,TH0,4,0,107,254,20.000,20.729,13039904,1576011,5313323,265666.150000,SUCCESS,sync_counter,sync_with_sensor2_IC1_TH0
2026-05-21T19:51:22,95.3,32.0,sensor2_serial,1,0,4,0,120,254,20.000,20.729,12007750,15526286,3518536,175926.800000,SUCCESS,sync_sigmoid,sync_with_sensor1_matrix5
2026-05-21T19:51:45,95.3,32.0,sensor1_raspberry,5,TH0,4,0,107,253,20.000,20.749,1854474,3110167,1255693,62784.650000,SUCCESS,sync_counter,sync_with_sensor2_IC1_TH0
2026-05-21T19:51:45,95.3,32.0,sensor2_serial,1,0,4,0,120,253,20.000,20.749,15865095,2329552,3241673,162083.650000,SUCCESS,sync_sigmoid,sync_with_sensor1_matrix5
2026-05-21T19:52:08,95.3,32.0,sensor1_raspberry,5,TH0,4,0,107,252,20.000,20.753,3189580,3633824,444244,22212.200000,SUCCESS,sync_counter,sync_with_sensor2_IC1_TH0
2026-05-21T19:52:08,95.3,32.0,sensor2_serial,1,0,4,0,120,252,20.000,20.753,2647997,5366811,2718814,135940.700000,SUCCESS,sync_sigmoid,sync_with_sensor1_matrix5
2026-05-21T19:52:31,95.3,32.0,sensor1_raspberry,5,TH0,4,0,107,251,20.000,20.726,3656969,3749532,92563,4628.150000,SUCCESS,sync_counter,sync_with_sensor2_IC1_TH0
2026-05-21T19:52:31,95.3,32.0,sensor2_serial,1,0,4,0,120,251,20.000,20.726,5638394,7754148,2115754,105787.700000,SUCCESS,sync_sigmoid,sync_with_sensor1_matrix5
2026-05-21T19:52:54,95.3,32.0,sensor1_raspberry,5,TH0,4,0,107,250,20.000,20.697,3755417,3781497,26080,1304.000000,SUCCESS,sync_counter,sync_with_sensor2_IC1_TH0
2026-05-21T19:52:54,95.3,32.0,sensor2_serial,1,0,4,0,120,250,20.000,20.697,7949849,9238438,1288589,64429.450000,SUCCESS,sync_sigmoid,sync_with_sensor1_matrix5
2026-05-21T19:53:17,95.3,32.0,sensor1_raspberry,5,TH0,4,0,107,249,20.000,20.753,3783053,3785128,2075,103.750000,SUCCESS,sync_counter,sync_with_sensor2_IC1_TH0
2026-05-21T19:53:17,95.3,32.0,sensor2_serial,1,0,4,0,120,249,20.000,20.753,9349034,10063930,714896,35744.800000,SUCCESS,sync_sigmoid,sync_with_sensor1_matrix5
2026-05-21T19:53:40,95.3,32.0,sensor1_raspberry,5,TH0,4,0,107,248,20.000,20.771,3785269,3785847,578,28.900000,SUCCESS,sync_counter,sync_with_sensor2_IC1_TH0
2026-05-21T19:53:40,95.3,32.0,sensor2_serial,1,0,4,0,120,248,20.000,20.771,10126806,10460563,333757,16687.850000,SUCCESS,sync_sigmoid,sync_with_sensor1_matrix5
2026-05-21T19:54:02,95.3,32.0,sensor1_raspberry,5,TH0,4,0,107,247,20.000,20.713,3785900,3786182,282,14.100000,SUCCESS,sync_counter,sync_with_sensor2_IC1_TH0
2026-05-21T19:54:02,95.3,32.0,sensor2_serial,1,0,4,0,120,247,20.000,20.713,10504792,10819987,315195,15759.750000,SUCCESS,sync_sigmoid,sync_with_sensor1_matrix5
2026-05-21T19:54:25,95.3,32.0,sensor1_raspberry,5,TH0,4,0,107,246,20.000,20.778,3786203,3786371,168,8.400000,SUCCESS,sync_counter,sync_with_sensor2_IC1_TH0
2026-05-21T19:54:25,95.3,32.0,sensor2_serial,1,0,4,0,120,246,20.000,20.778,10820025,11009880,189855,9492.750000,SUCCESS,sync_sigmoid,sync_with_sensor1_matrix5
2026-05-21T19:54:48,95.3,32.0,sensor1_raspberry,5,TH0,4,0,107,245,20.000,20.749,3786391,3786558,167,8.350000,SUCCESS,sync_counter,sync_with_sensor2_IC1_TH0
2026-05-21T19:54:48,95.3,32.0,sensor2_serial,1,0,4,0,120,245,20.000,20.749,11025259,11082538,57279,2863.950000,SUCCESS,sync_sigmoid,sync_with_sensor1_matrix5
2026-05-21T19:55:11,95.3,32.0,sensor1_raspberry,5,TH0,4,0,107,244,20.000,20.750,3786575,3786724,149,7.450000,SUCCESS,sync_counter,sync_with_sensor2_IC1_TH0
2026-05-21T19:55:11,95.3,32.0,sensor2_serial,1,0,4,0,120,244,20.000,20.750,11082572,11088341,5769,288.450000,SUCCESS,sync_sigmoid,sync_with_sensor1_matrix5
2026-05-21T19:55:34,95.3,32.0,sensor1_raspberry,5,TH0,4,0,107,243,20.000,20.742,3786740,3786909,169,8.450000,SUCCESS,sync_counter,sync_with_sensor2_IC1_TH0
2026-05-21T19:55:34,95.3,32.0,sensor2_serial,1,0,4,0,120,243,20.000,20.742,11114462,11116605,2143,107.150000,SUCCESS,sync_sigmoid,sync_with_sensor1_matrix5
2026-05-21T19:55:57,95.3,32.0,sensor1_raspberry,5,TH0,4,0,107,242,20.000,20.767,3786920,3787070,150,7.500000,SUCCESS,sync_counter,sync_with_sensor2_IC1_TH0
2026-05-21T19:55:57,95.3,32.0,sensor2_serial,1,0,4,0,120,242,20.000,20.767,11127384,11128605,1221,61.050000,SUCCESS,sync_sigmoid,sync_with_sensor1_matrix5
2026-05-21T19:56:20,95.3,32.0,sensor1_raspberry,5,TH0,4,0,107,241,20.000,20.743,3787082,3787241,159,7.950000,SUCCESS,sync_counter,sync_with_sensor2_IC1_TH0
2026-05-21T19:56:20,95.3,32.0,sensor2_serial,1,0,4,0,120,241,20.000,20.743,11133574,11134085,511,25.550000,SUCCESS,sync_sigmoid,sync_with_sensor1_matrix5
2026-05-21T19:56:42,95.3,32.0,sensor1_raspberry,5,TH0,4,0,107,240,20.000,20.761,3787258,3787439,181,9.050000,SUCCESS,sync_counter,sync_with_sensor2_IC1_TH0
2026-05-21T19:56:42,95.3,32.0,sensor2_serial,1,0,4,0,120,240,20.000,20.761,11135720,11135911,191,9.550000,SUCCESS,sync_sigmoid,sync_with_sensor1_matrix5
2026-05-21T19:57:05,95.3,32.0,sensor1_raspberry,5,TH0,4,0,107,239,20.000,20.722,3787449,3787604,155,7.750000,SUCCESS,sync_counter,sync_with_sensor2_IC1_TH0
2026-05-21T19:57:05,95.3,32.0,sensor2_serial,1,0,4,0,120,239,20.000,20.722,11136588,11136676,88,4.400000,SUCCESS,sync_sigmoid,sync_with_sensor1_matrix5
2026-05-21T19:57:28,95.3,32.0,sensor1_raspberry,5,TH0,4,0,107,238,20.000,20.734,3787616,3787790,174,8.700000,SUCCESS,sync_counter,sync_with_sensor2_IC1_TH0
2026-05-21T19:57:28,95.3,32.0,sensor2_serial,1,0,4,0,120,238,20.000,20.734,11136959,11137020,61,3.050000,SUCCESS,sync_sigmoid,sync_with_sensor1_matrix5
2026-05-21T19:57:51,95.3,32.0,sensor1_raspberry,5,TH0,4,0,107,237,20.000,20.739,3787803,3787959,156,7.800000,SUCCESS,sync_counter,sync_with_sensor2_IC1_TH0
2026-05-21T19:57:51,95.3,32.0,sensor2_serial,1,0,4,0,120,237,20.000,20.739,11137212,11137246,34,1.700000,SUCCESS,sync_sigmoid,sync_with_sensor1_matrix5
2026-05-21T19:58:14,95.3,32.0,sensor1_raspberry,5,TH0,4,0,107,236,20.000,20.747,3787983,3788161,178,8.900000,SUCCESS,sync_counter,sync_with_sensor2_IC1_TH0
2026-05-21T19:58:14,95.3,32.0,sensor2_serial,1,0,4,0,120,236,20.000,20.747,11137399,11137431,32,1.600000,SUCCESS,sync_sigmoid,sync_with_sensor1_matrix5
2026-05-21T19:58:37,95.3,32.0,sensor1_raspberry,5,TH0,4,0,107,235,20.000,20.759,3788174,3788332,158,7.900000,SUCCESS,sync_counter,sync_with_sensor2_IC1_TH0
2026-05-21T19:58:37,95.3,32.0,sensor2_serial,1,0,4,0,120,235,20.000,20.759,11137576,11137607,31,1.550000,SUCCESS,sync_sigmoid,sync_with_sensor1_matrix5
2026-05-21T19:58:59,95.3,32.0,sensor1_raspberry,5,TH0,4,0,107,234,20.000,20.770,3788345,3788507,162,8.100000,SUCCESS,sync_counter,sync_with_sensor2_IC1_TH0
2026-05-21T19:58:59,95.3,32.0,sensor2_serial,1,0,4,0,120,234,20.000,20.770,11137732,11137763,31,1.550000,SUCCESS,sync_sigmoid,sync_with_sensor1_matrix5
2026-05-21T19:59:22,95.3,32.0,sensor1_raspberry,5,TH0,4,0,107,233,20.000,20.702,3788517,3788680,163,8.150000,SUCCESS,sync_counter,sync_with_sensor2_IC1_TH0
2026-05-21T19:59:22,95.3,32.0,sensor2_serial,1,0,4,0,120,233,20.000,20.702,11137890,11137918,28,1.400000,SUCCESS,sync_sigmoid,sync_with_sensor1_matrix5
2026-05-21T19:59:45,95.3,32.0,sensor1_raspberry,5,TH0,4,0,107,232,20.000,20.739,3788696,3788874,178,8.900000,SUCCESS,sync_counter,sync_with_sensor2_IC1_TH0
2026-05-21T19:59:45,95.3,32.0,sensor2_serial,1,0,4,0,120,232,20.000,20.739,11138050,11138071,21,1.050000,SUCCESS,sync_sigmoid,sync_with_sensor1_matrix5
2026-05-21T20:00:08,95.3,32.0,sensor1_raspberry,5,TH0,4,0,107,231,20.000,20.718,3788890,3789039,149,7.450000,SUCCESS,sync_counter,sync_with_sensor2_IC1_TH0
2026-05-21T20:00:08,95.3,32.0,sensor2_serial,1,0,4,0,120,231,20.000,20.718,11138196,11138220,24,1.200000,SUCCESS,sync_sigmoid,sync_with_sensor1_matrix5
2026-05-21T20:00:31,95.3,32.0,sensor1_raspberry,5,TH0,4,0,107,230,20.000,20.763,3789049,3789233,184,9.200000,SUCCESS,sync_counter,sync_with_sensor2_IC1_TH0
2026-05-21T20:00:31,95.3,32.0,sensor2_serial,1,0,4,0,120,230,20.000,20.763,11138353,11138384,31,1.550000,SUCCESS,sync_sigmoid,sync_with_sensor1_matrix5
2026-05-21T20:00:54,95.3,32.0,sensor1_raspberry,5,TH0,4,0,107,229,20.000,20.746,3789241,3789390,149,7.450000,SUCCESS,sync_counter,sync_with_sensor2_IC1_TH0
2026-05-21T20:00:54,95.3,32.0,sensor2_serial,1,0,4,0,120,229,20.000,20.746,11138533,11138563,30,1.500000,SUCCESS,sync_sigmoid,sync_with_sensor1_matrix5
2026-05-21T20:01:16,95.3,32.0,sensor1_raspberry,5,TH0,4,0,107,228,20.000,20.735,3789405,3789574,169,8.450000,SUCCESS,sync_counter,sync_with_sensor2_IC1_TH0
2026-05-21T20:01:16,95.3,32.0,sensor2_serial,1,0,4,0,120,228,20.000,20.735,11138693,11138717,24,1.200000,SUCCESS,sync_sigmoid,sync_with_sensor1_matrix5
2026-05-21T20:01:39,95.3,32.0,sensor1_raspberry,5,TH0,4,0,107,227,20.000,20.756,3789584,3789737,153,7.650000,SUCCESS,sync_counter,sync_with_sensor2_IC1_TH0
2026-05-21T20:01:39,95.3,32.0,sensor2_serial,1,0,4,0,120,227,20.000,20.756,11138837,11138854,17,0.850000,SUCCESS,sync_sigmoid,sync_with_sensor1_matrix5
2026-05-21T20:02:02,95.3,32.0,sensor1_raspberry,5,TH0,4,0,107,226,20.000,20.740,3789745,3789903,158,7.900000,SUCCESS,sync_counter,sync_with_sensor2_IC1_TH0
2026-05-21T20:02:02,95.3,32.0,sensor2_serial,1,0,4,0,120,226,20.000,20.740,11138994,11139007,13,0.650000,SUCCESS,sync_sigmoid,sync_with_sensor1_matrix5
2026-05-21T20:02:25,95.3,32.0,sensor1_raspberry,5,TH0,4,0,107,225,20.000,20.730,3789908,3790053,145,7.250000,SUCCESS,sync_counter,sync_with_sensor2_IC1_TH0
2026-05-21T20:02:25,95.3,32.0,sensor2_serial,1,0,4,0,120,225,20.000,20.730,11139120,11139136,16,0.800000,SUCCESS,sync_sigmoid,sync_with_sensor1_matrix5
2026-05-21T20:02:48,95.3,32.0,sensor1_raspberry,5,TH0,4,0,107,224,20.000,20.723,3790068,3790220,152,7.600000,SUCCESS,sync_counter,sync_with_sensor2_IC1_TH0
2026-05-21T20:02:48,95.3,32.0,sensor2_serial,1,0,4,0,120,224,20.000,20.723,11139250,11139275,25,1.250000,SUCCESS,sync_sigmoid,sync_with_sensor1_matrix5
2026-05-21T20:03:11,95.3,32.0,sensor1_raspberry,5,TH0,4,0,107,223,20.000,20.780,3790233,3790380,147,7.350000,SUCCESS,sync_counter,sync_with_sensor2_IC1_TH0
2026-05-21T20:03:11,95.3,32.0,sensor2_serial,1,0,4,0,120,223,20.000,20.780,11139388,11139409,21,1.050000,SUCCESS,sync_sigmoid,sync_with_sensor1_matrix5
2026-05-21T20:03:33,95.3,32.0,sensor1_raspberry,5,TH0,4,0,107,222,20.000,20.722,3790398,3790554,156,7.800000,SUCCESS,sync_counter,sync_with_sensor2_IC1_TH0
2026-05-21T20:03:33,95.3,32.0,sensor2_serial,1,0,4,0,120,222,20.000,20.722,11139530,11139541,11,0.550000,SUCCESS,sync_sigmoid,sync_with_sensor1_matrix5
2026-05-21T20:03:56,95.3,32.0,sensor1_raspberry,5,TH0,4,0,107,221,20.000,20.747,3790564,3790721,157,7.850000,SUCCESS,sync_counter,sync_with_sensor2_IC1_TH0
2026-05-21T20:03:56,95.3,32.0,sensor2_serial,1,0,4,0,120,221,20.000,20.747,11139660,11139680,20,1.000000,SUCCESS,sync_sigmoid,sync_with_sensor1_matrix5
2026-05-21T20:04:19,95.3,32.0,sensor1_raspberry,5,TH0,4,0,107,220,20.000,20.782,3790735,3790883,148,7.400000,SUCCESS,sync_counter,sync_with_sensor2_IC1_TH0
2026-05-21T20:04:19,95.3,32.0,sensor2_serial,1,0,4,0,120,220,20.000,20.782,11139789,11139807,18,0.900000,SUCCESS,sync_sigmoid,sync_with_sensor1_matrix5
2026-05-21T20:04:42,95.3,32.0,sensor1_raspberry,5,TH0,4,0,107,219,20.000,20.747,3790892,3791048,156,7.800000,SUCCESS,sync_counter,sync_with_sensor2_IC1_TH0
2026-05-21T20:04:42,95.3,32.0,sensor2_serial,1,0,4,0,120,219,20.000,20.747,11139926,11139936,10,0.500000,SUCCESS,sync_sigmoid,sync_with_sensor1_matrix5
2026-05-21T20:05:05,95.3,32.0,sensor1_raspberry,5,TH0,4,0,107,218,20.000,20.772,3791062,3791202,140,7.000000,SUCCESS,sync_counter,sync_with_sensor2_IC1_TH0
2026-05-21T20:05:05,95.3,32.0,sensor2_serial,1,0,4,0,120,218,20.000,20.772,11140056,11140074,18,0.900000,SUCCESS,sync_sigmoid,sync_with_sensor1_matrix5
2026-05-21T20:05:28,95.3,32.0,sensor1_raspberry,5,TH0,4,0,107,217,20.000,20.769,3791218,3791378,160,8.000000,SUCCESS,sync_counter,sync_with_sensor2_IC1_TH0
2026-05-21T20:05:28,95.3,32.0,sensor2_serial,1,0,4,0,120,217,20.000,20.769,11140195,11140207,12,0.600000,SUCCESS,sync_sigmoid,sync_with_sensor1_matrix5
2026-05-21T20:05:51,95.3,32.0,sensor1_raspberry,5,TH0,4,0,107,216,20.000,20.781,3791391,3791532,141,7.050000,SUCCESS,sync_counter,sync_with_sensor2_IC1_TH0
2026-05-21T20:05:51,95.3,32.0,sensor2_serial,1,0,4,0,120,216,20.000,20.781,11140297,11140314,17,0.850000,SUCCESS,sync_sigmoid,sync_with_sensor1_matrix5
2026-05-21T20:06:14,95.3,32.0,sensor1_raspberry,5,TH0,4,0,107,215,20.000,20.750,3791556,3791709,153,7.650000,SUCCESS,sync_counter,sync_with_sensor2_IC1_TH0
2026-05-21T20:06:14,95.3,32.0,sensor2_serial,1,0,4,0,120,215,20.000,20.750,11140423,11140436,13,0.650000,SUCCESS,sync_sigmoid,sync_with_sensor1_matrix5
2026-05-21T20:06:36,95.3,32.0,sensor1_raspberry,5,TH0,4,0,107,214,20.000,20.725,3791720,3791868,148,7.400000,SUCCESS,sync_counter,sync_with_sensor2_IC1_TH0
2026-05-21T20:06:36,95.3,32.0,sensor2_serial,1,0,4,0,120,214,20.000,20.725,11140541,11140564,23,1.150000,SUCCESS,sync_sigmoid,sync_with_sensor1_matrix5
2026-05-21T20:06:59,95.3,32.0,sensor1_raspberry,5,TH0,4,0,107,213,20.000,20.778,3791888,3792029,141,7.050000,SUCCESS,sync_counter,sync_with_sensor2_IC1_TH0
2026-05-21T20:06:59,95.3,32.0,sensor2_serial,1,0,4,0,120,213,20.000,20.778,11140667,11140678,11,0.550000,SUCCESS,sync_sigmoid,sync_with_sensor1_matrix5
2026-05-21T20:07:22,95.3,32.0,sensor1_raspberry,5,TH0,4,0,107,212,20.000,20.797,3792047,3792213,166,8.300000,SUCCESS,sync_counter,sync_with_sensor2_IC1_TH0
2026-05-21T20:07:22,95.3,32.0,sensor2_serial,1,0,4,0,120,212,20.000,20.797,11140776,11140799,23,1.150000,SUCCESS,sync_sigmoid,sync_with_sensor1_matrix5
2026-05-21T20:07:45,95.3,32.0,sensor1_raspberry,5,TH0,4,0,107,211,20.000,20.787,3792228,3792378,150,7.500000,SUCCESS,sync_counter,sync_with_sensor2_IC1_TH0
2026-05-21T20:07:45,95.3,32.0,sensor2_serial,1,0,4,0,120,211,20.000,20.787,11140916,11140928,12,0.600000,SUCCESS,sync_sigmoid,sync_with_sensor1_matrix5
2026-05-21T20:08:08,95.3,32.0,sensor1_raspberry,5,TH0,4,0,107,210,20.000,20.784,3792396,3792563,167,8.350000,SUCCESS,sync_counter,sync_with_sensor2_IC1_TH0
2026-05-21T20:08:08,95.3,32.0,sensor2_serial,1,0,4,0,120,210,20.000,20.784,11141026,11141148,122,6.100000,SUCCESS,sync_sigmoid,sync_with_sensor1_matrix5
2026-05-21T20:08:31,95.3,32.0,sensor1_raspberry,5,TH0,4,0,107,209,20.000,20.748,3792579,3792728,149,7.450000,SUCCESS,sync_counter,sync_with_sensor2_IC1_TH0
2026-05-21T20:08:31,95.3,32.0,sensor2_serial,1,0,4,0,120,209,20.000,20.748,11141151,11141161,10,0.500000,SUCCESS,sync_sigmoid,sync_with_sensor1_matrix5
2026-05-21T20:08:54,95.3,32.0,sensor1_raspberry,5,TH0,4,0,107,208,20.000,20.763,3792740,3792905,165,8.250000,SUCCESS,sync_counter,sync_with_sensor2_IC1_TH0
2026-05-21T20:08:54,95.3,32.0,sensor2_serial,1,0,4,0,120,208,20.000,20.763,11141259,11141270,11,0.550000,SUCCESS,sync_sigmoid,sync_with_sensor1_matrix5
2026-05-21T20:09:17,95.3,32.0,sensor1_raspberry,5,TH0,4,0,107,207,20.000,20.747,3792926,3793074,148,7.400000,SUCCESS,sync_counter,sync_with_sensor2_IC1_TH0
2026-05-21T20:09:17,95.3,32.0,sensor2_serial,1,0,4,0,120,207,20.000,20.747,11141382,11141395,13,0.650000,SUCCESS,sync_sigmoid,sync_with_sensor1_matrix5
2026-05-21T20:09:40,95.3,32.0,sensor1_raspberry,5,TH0,4,0,107,206,20.000,20.765,3793090,3793233,143,7.150000,SUCCESS,sync_counter,sync_with_sensor2_IC1_TH0
2026-05-21T20:09:40,95.3,32.0,sensor2_serial,1,0,4,0,120,206,20.000,20.765,11141502,11141508,6,0.300000,SUCCESS,sync_sigmoid,sync_with_sensor1_matrix5
2026-05-21T20:10:03,95.3,32.0,sensor1_raspberry,5,TH0,4,0,107,205,20.000,20.785,3793246,3793419,173,8.650000,SUCCESS,sync_counter,sync_with_sensor2_IC1_TH0
2026-05-21T20:10:03,95.3,32.0,sensor2_serial,1,0,4,0,120,205,20.000,20.785,11141605,11141615,10,0.500000,SUCCESS,sync_sigmoid,sync_with_sensor1_matrix5
2026-05-21T20:10:26,95.3,32.0,sensor1_raspberry,5,TH0,4,0,107,204,20.000,20.739,3793437,3793570,133,6.650000,SUCCESS,sync_counter,sync_with_sensor2_IC1_TH0
2026-05-21T20:10:26,95.3,32.0,sensor2_serial,1,0,4,0,120,204,20.000,20.739,11141710,11141715,5,0.250000,SUCCESS,sync_sigmoid,sync_with_sensor1_matrix5
2026-05-21T20:10:48,95.3,32.0,sensor1_raspberry,5,TH0,4,0,107,203,20.000,20.731,3793586,3793742,156,7.800000,SUCCESS,sync_counter,sync_with_sensor2_IC1_TH0
2026-05-21T20:10:48,95.3,32.0,sensor2_serial,1,0,4,0,120,203,20.000,20.731,11141799,11141807,8,0.400000,SUCCESS,sync_sigmoid,sync_with_sensor1_matrix5
2026-05-21T20:11:11,95.3,32.0,sensor1_raspberry,5,TH0,4,0,107,202,20.000,20.778,3793759,3793896,137,6.850000,SUCCESS,sync_counter,sync_with_sensor2_IC1_TH0
2026-05-21T20:11:11,95.3,32.0,sensor2_serial,1,0,4,0,120,202,20.000,20.778,11141893,11141899,6,0.300000,SUCCESS,sync_sigmoid,sync_with_sensor1_matrix5
2026-05-21T20:11:34,95.3,32.0,sensor1_raspberry,5,TH0,4,0,107,201,20.000,20.723,3793911,3794054,143,7.150000,SUCCESS,sync_counter,sync_with_sensor2_IC1_TH0
2026-05-21T20:11:34,95.3,32.0,sensor2_serial,1,0,4,0,120,201,20.000,20.723,11141965,11141973,8,0.400000,SUCCESS,sync_sigmoid,sync_with_sensor1_matrix5
2026-05-21T20:11:57,95.3,32.0,sensor1_raspberry,5,TH0,4,0,107,200,20.000,20.766,3794068,3794218,150,7.500000,SUCCESS,sync_counter,sync_with_sensor2_IC1_TH0
2026-05-21T20:11:57,95.3,32.0,sensor2_serial,1,0,4,0,120,200,20.000,20.766,11142052,11142058,6,0.300000,SUCCESS,sync_sigmoid,sync_with_sensor1_matrix5
2026-05-21T20:12:20,95.3,32.0,sensor1_raspberry,5,TH0,4,0,107,199,20.000,20.747,3794226,3794359,133,6.650000,SUCCESS,sync_counter,sync_with_sensor2_IC1_TH0
2026-05-21T20:12:20,95.3,32.0,sensor2_serial,1,0,4,0,120,199,20.000,20.747,11142136,11142147,11,0.550000,SUCCESS,sync_sigmoid,sync_with_sensor1_matrix5
2026-05-21T20:12:43,95.3,32.0,sensor1_raspberry,5,TH0,4,0,107,198,20.000,20.730,3794372,3794510,138,6.900000,SUCCESS,sync_counter,sync_with_sensor2_IC1_TH0
2026-05-21T20:12:43,95.3,32.0,sensor2_serial,1,0,4,0,120,198,20.000,20.730,11142228,11142236,8,0.400000,SUCCESS,sync_sigmoid,sync_with_sensor1_matrix5
2026-05-21T20:13:06,95.3,32.0,sensor1_raspberry,5,TH0,4,0,107,197,20.000,20.765,3794528,3794653,125,6.250000,SUCCESS,sync_counter,sync_with_sensor2_IC1_TH0
2026-05-21T20:13:06,95.3,32.0,sensor2_serial,1,0,4,0,120,197,20.000,20.765,11142310,11142314,4,0.200000,SUCCESS,sync_sigmoid,sync_with_sensor1_matrix5
2026-05-21T20:13:28,95.3,32.0,sensor1_raspberry,5,TH0,4,0,107,196,20.000,20.739,3794666,3794819,153,7.650000,SUCCESS,sync_counter,sync_with_sensor2_IC1_TH0
2026-05-21T20:13:28,95.3,32.0,sensor2_serial,1,0,4,0,120,196,20.000,20.739,11142382,11142388,6,0.300000,SUCCESS,sync_sigmoid,sync_with_sensor1_matrix5
2026-05-21T20:13:51,95.3,32.0,sensor1_raspberry,5,TH0,4,0,107,195,20.000,20.738,3794833,3794996,163,8.150000,SUCCESS,sync_counter,sync_with_sensor2_IC1_TH0
2026-05-21T20:13:51,95.3,32.0,sensor2_serial,1,0,4,0,120,195,20.000,20.738,11142471,11142478,7,0.350000,SUCCESS,sync_sigmoid,sync_with_sensor1_matrix5
2026-05-21T20:14:14,95.3,32.0,sensor1_raspberry,5,TH0,4,0,107,194,20.000,20.759,3795017,3795166,149,7.450000,SUCCESS,sync_counter,sync_with_sensor2_IC1_TH0
2026-05-21T20:14:14,95.3,32.0,sensor2_serial,1,0,4,0,120,194,20.000,20.759,11142551,11142557,6,0.300000,SUCCESS,sync_sigmoid,sync_with_sensor1_matrix5
2026-05-21T20:14:37,95.3,32.0,sensor1_raspberry,5,TH0,4,0,107,193,20.000,20.809,3795186,3795328,142,7.100000,SUCCESS,sync_counter,sync_with_sensor2_IC1_TH0
2026-05-21T20:14:37,95.3,32.0,sensor2_serial,1,0,4,0,120,193,20.000,20.809,11142636,11142643,7,0.350000,SUCCESS,sync_sigmoid,sync_with_sensor1_matrix5
2026-05-21T20:15:00,95.3,32.0,sensor1_raspberry,5,TH0,4,0,107,192,20.000,20.766,3795350,3795510,160,8.000000,SUCCESS,sync_counter,sync_with_sensor2_IC1_TH0
2026-05-21T20:15:00,95.3,32.0,sensor2_serial,1,0,4,0,120,192,20.000,20.766,11142721,11142730,9,0.450000,SUCCESS,sync_sigmoid,sync_with_sensor1_matrix5
2026-05-21T20:15:23,95.3,32.0,sensor1_raspberry,5,TH0,4,0,107,191,20.000,20.752,3795526,3795664,138,6.900000,SUCCESS,sync_counter,sync_with_sensor2_IC1_TH0
2026-05-21T20:15:23,95.3,32.0,sensor2_serial,1,0,4,0,120,191,20.000,20.752,11142800,11142811,11,0.550000,SUCCESS,sync_sigmoid,sync_with_sensor1_matrix5
2026-05-21T20:15:46,95.3,32.0,sensor1_raspberry,5,TH0,4,0,107,190,20.000,20.757,3795687,3795835,148,7.400000,SUCCESS,sync_counter,sync_with_sensor2_IC1_TH0
2026-05-21T20:15:46,95.3,32.0,sensor2_serial,1,0,4,0,120,190,20.000,20.757,11142882,11142891,9,0.450000,SUCCESS,sync_sigmoid,sync_with_sensor1_matrix5
2026-05-21T20:16:08,95.3,32.0,sensor1_raspberry,5,TH0,4,0,107,189,20.000,20.694,3795853,3795982,129,6.450000,SUCCESS,sync_counter,sync_with_sensor2_IC1_TH0
2026-05-21T20:16:08,95.3,32.0,sensor2_serial,1,0,4,0,120,189,20.000,20.694,11142971,11142979,8,0.400000,SUCCESS,sync_sigmoid,sync_with_sensor1_matrix5
2026-05-21T20:16:31,95.3,32.0,sensor1_raspberry,5,TH0,4,0,107,188,20.000,20.748,3796011,3796162,151,7.550000,SUCCESS,sync_counter,sync_with_sensor2_IC1_TH0
2026-05-21T20:16:31,95.3,32.0,sensor2_serial,1,0,4,0,120,188,20.000,20.748,11143039,11143043,4,0.200000,SUCCESS,sync_sigmoid,sync_with_sensor1_matrix5
2026-05-21T20:16:54,95.3,32.0,sensor1_raspberry,5,TH0,4,0,107,187,20.000,20.744,3796187,3796342,155,7.750000,SUCCESS,sync_counter,sync_with_sensor2_IC1_TH0
2026-05-21T20:16:54,95.3,32.0,sensor2_serial,1,0,4,0,120,187,20.000,20.744,11143106,11143112,6,0.300000,SUCCESS,sync_sigmoid,sync_with_sensor1_matrix5
2026-05-21T20:17:17,95.3,32.0,sensor1_raspberry,5,TH0,4,0,107,186,20.000,20.747,3796356,3796499,143,7.150000,SUCCESS,sync_counter,sync_with_sensor2_IC1_TH0
2026-05-21T20:17:17,95.3,32.0,sensor2_serial,1,0,4,0,120,186,20.000,20.747,11143159,11143165,6,0.300000,SUCCESS,sync_sigmoid,sync_with_sensor1_matrix5
2026-05-21T20:17:40,95.3,32.0,sensor1_raspberry,5,TH0,4,0,107,185,20.000,20.763,3796513,3796652,139,6.950000,SUCCESS,sync_counter,sync_with_sensor2_IC1_TH0
2026-05-21T20:17:40,95.3,32.0,sensor2_serial,1,0,4,0,120,185,20.000,20.763,11143221,11143228,7,0.350000,SUCCESS,sync_sigmoid,sync_with_sensor1_matrix5
2026-05-21T20:18:03,95.3,32.0,sensor1_raspberry,5,TH0,4,0,107,184,20.000,20.768,3796668,3796825,157,7.850000,SUCCESS,sync_counter,sync_with_sensor2_IC1_TH0
2026-05-21T20:18:03,95.3,32.0,sensor2_serial,1,0,4,0,120,184,20.000,20.768,11143284,11143289,5,0.250000,SUCCESS,sync_sigmoid,sync_with_sensor1_matrix5
2026-05-21T20:18:25,95.3,32.0,sensor1_raspberry,5,TH0,4,0,107,183,20.000,20.736,3796845,3796967,122,6.100000,SUCCESS,sync_counter,sync_with_sensor2_IC1_TH0
2026-05-21T20:18:25,95.3,32.0,sensor2_serial,1,0,4,0,120,183,20.000,20.736,11143351,11143356,5,0.250000,SUCCESS,sync_sigmoid,sync_with_sensor1_matrix5
2026-05-21T20:18:48,95.3,32.0,sensor1_raspberry,5,TH0,4,0,107,182,20.000,20.750,3796976,3797107,131,6.550000,SUCCESS,sync_counter,sync_with_sensor2_IC1_TH0
2026-05-21T20:18:48,95.3,32.0,sensor2_serial,1,0,4,0,120,182,20.000,20.750,11143418,11143422,4,0.200000,SUCCESS,sync_sigmoid,sync_with_sensor1_matrix5
2026-05-21T20:19:11,95.3,32.0,sensor1_raspberry,5,TH0,4,0,107,181,20.000,20.784,3797122,3797245,123,6.150000,SUCCESS,sync_counter,sync_with_sensor2_IC1_TH0
2026-05-21T20:19:11,95.3,32.0,sensor2_serial,1,0,4,0,120,181,20.000,20.784,11143482,11143487,5,0.250000,SUCCESS,sync_sigmoid,sync_with_sensor1_matrix5
2026-05-21T20:19:34,95.3,32.0,sensor1_raspberry,5,TH0,4,0,107,180,20.000,20.734,3797258,3797403,145,7.250000,SUCCESS,sync_counter,sync_with_sensor2_IC1_TH0
2026-05-21T20:19:34,95.3,32.0,sensor2_serial,1,0,4,0,120,180,20.000,20.734,11143527,11143533,6,0.300000,SUCCESS,sync_sigmoid,sync_with_sensor1_matrix5
2026-05-21T20:19:57,95.3,32.0,sensor1_raspberry,5,TH0,4,0,107,179,20.000,20.753,3797422,3797563,141,7.050000,SUCCESS,sync_counter,sync_with_sensor2_IC1_TH0
2026-05-21T20:19:57,95.3,32.0,sensor2_serial,1,0,4,0,120,179,20.000,20.753,11143577,11143582,5,0.250000,SUCCESS,sync_sigmoid,sync_with_sensor1_matrix5
2026-05-21T20:20:20,95.3,32.0,sensor1_raspberry,5,TH0,4,0,107,178,20.000,20.714,3797573,3797704,131,6.550000,SUCCESS,sync_counter,sync_with_sensor2_IC1_TH0
2026-05-21T20:20:20,95.3,32.0,sensor2_serial,1,0,4,0,120,178,20.000,20.714,11143613,11143614,1,0.050000,SUCCESS,sync_sigmoid,sync_with_sensor1_matrix5
2026-05-21T20:20:43,95.3,32.0,sensor1_raspberry,5,TH0,4,0,107,177,20.000,20.768,3797717,3797852,135,6.750000,SUCCESS,sync_counter,sync_with_sensor2_IC1_TH0
2026-05-21T20:20:43,95.3,32.0,sensor2_serial,1,0,4,0,120,177,20.000,20.768,11143661,11143665,4,0.200000,SUCCESS,sync_sigmoid,sync_with_sensor1_matrix5
2026-05-21T20:21:06,95.3,32.0,sensor1_raspberry,5,TH0,4,0,107,176,20.000,20.767,3797864,3798009,145,7.250000,SUCCESS,sync_counter,sync_with_sensor2_IC1_TH0
2026-05-21T20:21:06,95.3,32.0,sensor2_serial,1,0,4,0,120,176,20.000,20.767,11143693,11143697,4,0.200000,SUCCESS,sync_sigmoid,sync_with_sensor1_matrix5
2026-05-21T20:21:28,95.3,32.0,sensor1_raspberry,5,TH0,4,0,107,175,20.000,20.693,3798023,3798157,134,6.700000,SUCCESS,sync_counter,sync_with_sensor2_IC1_TH0
2026-05-21T20:21:28,95.3,32.0,sensor2_serial,1,0,4,0,120,175,20.000,20.693,11143739,11143740,1,0.050000,SUCCESS,sync_sigmoid,sync_with_sensor1_matrix5
2026-05-21T20:21:51,95.3,32.0,sensor1_raspberry,5,TH0,4,0,107,174,20.000,20.702,3798170,3798289,119,5.950000,SUCCESS,sync_counter,sync_with_sensor2_IC1_TH0
2026-05-21T20:21:51,95.3,32.0,sensor2_serial,1,0,4,0,120,174,20.000,20.702,11143769,11143773,4,0.200000,SUCCESS,sync_sigmoid,sync_with_sensor1_matrix5
2026-05-21T20:22:14,95.3,32.0,sensor1_raspberry,5,TH0,4,0,107,173,20.000,20.770,3798303,3798441,138,6.900000,SUCCESS,sync_counter,sync_with_sensor2_IC1_TH0
2026-05-21T20:22:14,95.3,32.0,sensor2_serial,1,0,4,0,120,173,20.000,20.770,11143804,11143807,3,0.150000,SUCCESS,sync_sigmoid,sync_with_sensor1_matrix5
2026-05-21T20:22:37,95.3,32.0,sensor1_raspberry,5,TH0,4,0,107,172,20.000,20.786,3798458,3798576,118,5.900000,SUCCESS,sync_counter,sync_with_sensor2_IC1_TH0
2026-05-21T20:22:37,95.3,32.0,sensor2_serial,1,0,4,0,120,172,20.000,20.786,11143846,11143850,4,0.200000,SUCCESS,sync_sigmoid,sync_with_sensor1_matrix5
2026-05-21T20:23:00,95.3,32.0,sensor1_raspberry,5,TH0,4,0,107,171,20.000,20.729,3798592,3798714,122,6.100000,SUCCESS,sync_counter,sync_with_sensor2_IC1_TH0
2026-05-21T20:23:00,95.3,32.0,sensor2_serial,1,0,4,0,120,171,20.000,20.729,11143879,11143882,3,0.150000,SUCCESS,sync_sigmoid,sync_with_sensor1_matrix5
2026-05-21T20:23:23,95.3,32.0,sensor1_raspberry,5,TH0,4,0,107,170,20.000,20.752,3798726,3798844,118,5.900000,SUCCESS,sync_counter,sync_with_sensor2_IC1_TH0
2026-05-21T20:23:23,95.3,32.0,sensor2_serial,1,0,4,0,120,170,20.000,20.752,11143914,11143919,5,0.250000,SUCCESS,sync_sigmoid,sync_with_sensor1_matrix5
2026-05-21T20:23:45,95.3,32.0,sensor1_raspberry,5,TH0,4,0,107,169,20.000,20.763,3798861,3798990,129,6.450000,SUCCESS,sync_counter,sync_with_sensor2_IC1_TH0
2026-05-21T20:23:45,95.3,32.0,sensor2_serial,1,0,4,0,120,169,20.000,20.763,11143945,11143948,3,0.150000,SUCCESS,sync_sigmoid,sync_with_sensor1_matrix5
2026-05-21T20:24:08,95.3,32.0,sensor1_raspberry,5,TH0,4,0,107,168,20.000,20.807,3798999,3799125,126,6.300000,SUCCESS,sync_counter,sync_with_sensor2_IC1_TH0
2026-05-21T20:24:08,95.3,32.0,sensor2_serial,1,0,4,0,120,168,20.000,20.807,11143989,11143989,0,0.000000,SUCCESS,sync_sigmoid,sync_with_sensor1_matrix5
2026-05-21T20:24:31,95.3,32.0,sensor1_raspberry,5,TH0,4,0,107,167,20.000,20.763,3799138,3799239,101,5.050000,SUCCESS,sync_counter,sync_with_sensor2_IC1_TH0
2026-05-21T20:24:31,95.3,32.0,sensor2_serial,1,0,4,0,120,167,20.000,20.763,11144014,11144017,3,0.150000,SUCCESS,sync_sigmoid,sync_with_sensor1_matrix5
2026-05-21T20:24:54,95.3,32.0,sensor1_raspberry,5,TH0,4,0,107,166,20.000,20.745,3799256,3799382,126,6.300000,SUCCESS,sync_counter,sync_with_sensor2_IC1_TH0
2026-05-21T20:24:54,95.3,32.0,sensor2_serial,1,0,4,0,120,166,20.000,20.745,11144042,11144046,4,0.200000,SUCCESS,sync_sigmoid,sync_with_sensor1_matrix5
2026-05-21T20:25:17,95.3,32.0,sensor1_raspberry,5,TH0,4,0,107,165,20.000,20.733,3799396,3799486,90,4.500000,SUCCESS,sync_counter,sync_with_sensor2_IC1_TH0
2026-05-21T20:25:17,95.3,32.0,sensor2_serial,1,0,4,0,120,165,20.000,20.733,11144071,11144074,3,0.150000,SUCCESS,sync_sigmoid,sync_with_sensor1_matrix5
2026-05-21T20:25:40,95.3,32.0,sensor1_raspberry,5,TH0,4,0,107,164,20.000,20.738,3799495,3799598,103,5.150000,SUCCESS,sync_counter,sync_with_sensor2_IC1_TH0
2026-05-21T20:25:40,95.3,32.0,sensor2_serial,1,0,4,0,120,164,20.000,20.738,11144101,11144104,3,0.150000,SUCCESS,sync_sigmoid,sync_with_sensor1_matrix5
2026-05-21T20:26:03,95.3,32.0,sensor1_raspberry,5,TH0,4,0,107,163,20.000,20.726,3799603,3799715,112,5.600000,SUCCESS,sync_counter,sync_with_sensor2_IC1_TH0
2026-05-21T20:26:03,95.3,32.0,sensor2_serial,1,0,4,0,120,163,20.000,20.726,11144131,11144134,3,0.150000,SUCCESS,sync_sigmoid,sync_with_sensor1_matrix5
2026-05-21T20:26:25,95.3,32.0,sensor1_raspberry,5,TH0,4,0,107,162,20.000,20.747,3799727,3799831,104,5.200000,SUCCESS,sync_counter,sync_with_sensor2_IC1_TH0
2026-05-21T20:26:25,95.3,32.0,sensor2_serial,1,0,4,0,120,162,20.000,20.747,11144159,11144162,3,0.150000,SUCCESS,sync_sigmoid,sync_with_sensor1_matrix5
2026-05-21T20:26:48,95.3,32.0,sensor1_raspberry,5,TH0,4,0,107,161,20.000,20.788,3799845,3799948,103,5.150000,SUCCESS,sync_counter,sync_with_sensor2_IC1_TH0
2026-05-21T20:26:48,95.3,32.0,sensor2_serial,1,0,4,0,120,161,20.000,20.788,11144181,11144184,3,0.150000,SUCCESS,sync_sigmoid,sync_with_sensor1_matrix5
2026-05-21T20:27:11,95.3,32.0,sensor1_raspberry,5,TH0,4,0,107,160,20.000,20.762,3799958,3800058,100,5.000000,SUCCESS,sync_counter,sync_with_sensor2_IC1_TH0
2026-05-21T20:27:11,95.3,32.0,sensor2_serial,1,0,4,0,120,160,20.000,20.762,11144207,11144208,1,0.050000,SUCCESS,sync_sigmoid,sync_with_sensor1_matrix5
2026-05-21T20:27:34,95.3,32.0,sensor1_raspberry,5,TH0,4,0,107,159,20.000,20.703,3800069,3800171,102,5.100000,SUCCESS,sync_counter,sync_with_sensor2_IC1_TH0
2026-05-21T20:27:34,95.3,32.0,sensor2_serial,1,0,4,0,120,159,20.000,20.703,11144237,11144237,0,0.000000,SUCCESS,sync_sigmoid,sync_with_sensor1_matrix5
2026-05-21T20:27:57,95.3,32.0,sensor1_raspberry,5,TH0,4,0,107,158,20.000,20.750,3800181,3800292,111,5.550000,SUCCESS,sync_counter,sync_with_sensor2_IC1_TH0
2026-05-21T20:27:57,95.3,32.0,sensor2_serial,1,0,4,0,120,158,20.000,20.750,11144250,11144251,1,0.050000,SUCCESS,sync_sigmoid,sync_with_sensor1_matrix5
2026-05-21T20:28:20,95.3,32.0,sensor1_raspberry,5,TH0,4,0,107,157,20.000,20.775,3800301,3800399,98,4.900000,SUCCESS,sync_counter,sync_with_sensor2_IC1_TH0
2026-05-21T20:28:20,95.3,32.0,sensor2_serial,1,0,4,0,120,157,20.000,20.775,11144266,11144268,2,0.100000,SUCCESS,sync_sigmoid,sync_with_sensor1_matrix5
2026-05-21T20:28:43,95.3,32.0,sensor1_raspberry,5,TH0,4,0,107,156,20.000,20.717,3800410,3800503,93,4.650000,SUCCESS,sync_counter,sync_with_sensor2_IC1_TH0
2026-05-21T20:28:43,95.3,32.0,sensor2_serial,1,0,4,0,120,156,20.000,20.717,11144282,11144284,2,0.100000,SUCCESS,sync_sigmoid,sync_with_sensor1_matrix5
2026-05-21T20:29:05,95.3,32.0,sensor1_raspberry,5,TH0,4,0,107,155,20.000,20.722,3800517,3800599,82,4.100000,SUCCESS,sync_counter,sync_with_sensor2_IC1_TH0
2026-05-21T20:29:05,95.3,32.0,sensor2_serial,1,0,4,0,120,155,20.000,20.722,11144294,11144296,2,0.100000,SUCCESS,sync_sigmoid,sync_with_sensor1_matrix5
2026-05-21T20:29:28,95.3,32.0,sensor1_raspberry,5,TH0,4,0,107,154,20.000,20.745,3800609,3800689,80,4.000000,SUCCESS,sync_counter,sync_with_sensor2_IC1_TH0
2026-05-21T20:29:28,95.3,32.0,sensor2_serial,1,0,4,0,120,154,20.000,20.745,11144315,11144318,3,0.150000,SUCCESS,sync_sigmoid,sync_with_sensor1_matrix5
2026-05-21T20:29:51,95.3,32.0,sensor1_raspberry,5,TH0,4,0,107,153,20.000,20.749,3800697,3800785,88,4.400000,SUCCESS,sync_counter,sync_with_sensor2_IC1_TH0
2026-05-21T20:29:51,95.3,32.0,sensor2_serial,1,0,4,0,120,153,20.000,20.749,11144327,11144328,1,0.050000,SUCCESS,sync_sigmoid,sync_with_sensor1_matrix5
2026-05-21T20:30:14,95.3,32.0,sensor1_raspberry,5,TH0,4,0,107,152,20.000,20.758,3800789,3800880,91,4.550000,SUCCESS,sync_counter,sync_with_sensor2_IC1_TH0
2026-05-21T20:30:14,95.3,32.0,sensor2_serial,1,0,4,0,120,152,20.000,20.758,11144340,11144341,1,0.050000,SUCCESS,sync_sigmoid,sync_with_sensor1_matrix5
2026-05-21T20:30:37,95.3,32.0,sensor1_raspberry,5,TH0,4,0,107,151,20.000,20.726,3800888,3800968,80,4.000000,SUCCESS,sync_counter,sync_with_sensor2_IC1_TH0
2026-05-21T20:30:37,95.3,32.0,sensor2_serial,1,0,4,0,120,151,20.000,20.726,11144357,11144361,4,0.200000,SUCCESS,sync_sigmoid,sync_with_sensor1_matrix5
2026-05-21T20:31:00,95.3,32.0,sensor1_raspberry,5,TH0,4,0,107,150,20.000,20.783,3800978,3801059,81,4.050000,SUCCESS,sync_counter,sync_with_sensor2_IC1_TH0
2026-05-21T20:31:00,95.3,32.0,sensor2_serial,1,0,4,0,120,150,20.000,20.783,11144377,11144378,1,0.050000,SUCCESS,sync_sigmoid,sync_with_sensor1_matrix5
2026-05-21T20:31:23,95.3,32.0,sensor1_raspberry,5,TH0,4,0,107,149,20.000,20.725,3801067,3801145,78,3.900000,SUCCESS,sync_counter,sync_with_sensor2_IC1_TH0
2026-05-21T20:31:23,95.3,32.0,sensor2_serial,1,0,4,0,120,149,20.000,20.725,11144386,11144388,2,0.100000,SUCCESS,sync_sigmoid,sync_with_sensor1_matrix5
2026-05-21T20:31:45,95.3,32.0,sensor1_raspberry,5,TH0,4,0,107,148,20.000,20.746,3801152,3801210,58,2.900000,SUCCESS,sync_counter,sync_with_sensor2_IC1_TH0
2026-05-21T20:31:45,95.3,32.0,sensor2_serial,1,0,4,0,120,148,20.000,20.746,11144397,11144397,0,0.000000,SUCCESS,sync_sigmoid,sync_with_sensor1_matrix5
2026-05-21T20:32:08,95.3,32.0,sensor1_raspberry,5,TH0,4,0,107,147,20.000,20.752,3801219,3801293,74,3.700000,SUCCESS,sync_counter,sync_with_sensor2_IC1_TH0
2026-05-21T20:32:08,95.3,32.0,sensor2_serial,1,0,4,0,120,147,20.000,20.752,11144406,11144407,1,0.050000,SUCCESS,sync_sigmoid,sync_with_sensor1_matrix5
2026-05-21T20:32:31,95.3,32.0,sensor1_raspberry,5,TH0,4,0,107,146,20.000,20.732,3801297,3801358,61,3.050000,SUCCESS,sync_counter,sync_with_sensor2_IC1_TH0
2026-05-21T20:32:31,95.3,32.0,sensor2_serial,1,0,4,0,120,146,20.000,20.732,11144416,11144417,1,0.050000,SUCCESS,sync_sigmoid,sync_with_sensor1_matrix5
2026-05-21T20:32:54,95.3,32.0,sensor1_raspberry,5,TH0,4,0,107,145,20.000,20.692,3801361,3801409,48,2.400000,SUCCESS,sync_counter,sync_with_sensor2_IC1_TH0
2026-05-21T20:32:54,95.3,32.0,sensor2_serial,1,0,4,0,120,145,20.000,20.692,11144423,11144423,0,0.000000,SUCCESS,sync_sigmoid,sync_with_sensor1_matrix5
2026-05-21T20:33:17,95.3,32.0,sensor1_raspberry,5,TH0,4,0,107,144,20.000,20.749,3801418,3801473,55,2.750000,SUCCESS,sync_counter,sync_with_sensor2_IC1_TH0
2026-05-21T20:33:17,95.3,32.0,sensor2_serial,1,0,4,0,120,144,20.000,20.749,11144427,11144428,1,0.050000,SUCCESS,sync_sigmoid,sync_with_sensor1_matrix5
2026-05-21T20:33:40,95.3,32.0,sensor1_raspberry,5,TH0,4,0,107,143,20.000,20.762,3801474,3801528,54,2.700000,SUCCESS,sync_counter,sync_with_sensor2_IC1_TH0
2026-05-21T20:33:40,95.3,32.0,sensor2_serial,1,0,4,0,120,143,20.000,20.762,11144433,11144433,0,0.000000,SUCCESS,sync_sigmoid,sync_with_sensor1_matrix5
2026-05-21T20:34:02,95.3,32.0,sensor1_raspberry,5,TH0,4,0,107,142,20.000,20.742,3801531,3801574,43,2.150000,SUCCESS,sync_counter,sync_with_sensor2_IC1_TH0
2026-05-21T20:34:02,95.3,32.0,sensor2_serial,1,0,4,0,120,142,20.000,20.742,11144435,11144435,0,0.000000,SUCCESS,sync_sigmoid,sync_with_sensor1_matrix5
2026-05-21T20:34:25,95.3,32.0,sensor1_raspberry,5,TH0,4,0,107,255,20.000,20.797,4284196,11654962,7370766,368538.300000,SUCCESS,sync_counter,sync_with_sensor2_IC1_TH1
2026-05-21T20:34:25,95.3,32.0,sensor2_serial,1,1,5,1,120,255,20.000,20.797,1278399,3033282,1754883,87744.150000,SUCCESS,sync_sigmoid,sync_with_sensor1_matrix5
2026-05-21T20:34:48,95.3,32.0,sensor1_raspberry,5,TH0,4,0,107,254,20.000,20.777,12233019,468182,5012379,250618.950000,SUCCESS,sync_counter,sync_with_sensor2_IC1_TH1
2026-05-21T20:34:48,95.3,32.0,sensor2_serial,1,1,5,1,120,254,20.000,20.777,3201393,5050458,1849065,92453.250000,SUCCESS,sync_sigmoid,sync_with_sensor1_matrix5
2026-05-21T20:35:11,95.3,32.0,sensor1_raspberry,5,TH0,4,0,107,253,20.000,20.750,740415,1907548,1167133,58356.650000,SUCCESS,sync_counter,sync_with_sensor2_IC1_TH1
2026-05-21T20:35:11,95.3,32.0,sensor2_serial,1,1,5,1,120,253,20.000,20.750,5232352,7161931,1929579,96478.950000,SUCCESS,sync_sigmoid,sync_with_sensor1_matrix5
2026-05-21T20:35:34,95.3,32.0,sensor1_raspberry,5,TH0,4,0,107,252,20.000,20.700,1986697,2449504,462807,23140.350000,SUCCESS,sync_counter,sync_with_sensor2_IC1_TH1
2026-05-21T20:35:34,95.3,32.0,sensor2_serial,1,1,5,1,120,252,20.000,20.700,7348007,9438375,2090368,104518.400000,SUCCESS,sync_sigmoid,sync_with_sensor1_matrix5
2026-05-21T20:35:57,95.3,32.0,sensor1_raspberry,5,TH0,4,0,107,251,20.000,20.762,2475461,2585283,109822,5491.100000,SUCCESS,sync_counter,sync_with_sensor2_IC1_TH1
2026-05-21T20:35:57,95.3,32.0,sensor2_serial,1,1,5,1,120,251,20.000,20.762,9635472,11867108,2231636,111581.800000,SUCCESS,sync_sigmoid,sync_with_sensor1_matrix5
2026-05-21T20:36:20,95.3,32.0,sensor1_raspberry,5,TH0,4,0,107,250,20.000,20.698,2591377,2624489,33112,1655.600000,SUCCESS,sync_counter,sync_with_sensor2_IC1_TH1
2026-05-21T20:36:20,95.3,32.0,sensor2_serial,1,1,5,1,120,250,20.000,20.698,12091428,14696152,2604724,130236.200000,SUCCESS,sync_sigmoid,sync_with_sensor1_matrix5
2026-05-21T20:36:42,95.3,32.0,sensor1_raspberry,5,TH0,4,0,107,249,20.000,20.736,2625982,2628224,2242,112.100000,SUCCESS,sync_counter,sync_with_sensor2_IC1_TH1
2026-05-21T20:36:42,95.3,32.0,sensor2_serial,1,1,5,1,120,249,20.000,20.736,14939127,1066715,2904804,145240.200000,SUCCESS,sync_sigmoid,sync_with_sensor1_matrix5
2026-05-21T20:37:05,95.3,32.0,sensor1_raspberry,5,TH0,4,0,107,248,20.000,20.697,2628369,2629093,724,36.200000,SUCCESS,sync_counter,sync_with_sensor2_IC1_TH1
2026-05-21T20:37:05,95.3,32.0,sensor2_serial,1,1,5,1,120,248,20.000,20.697,1343445,4343578,3000133,150006.650000,SUCCESS,sync_sigmoid,sync_with_sensor1_matrix5
2026-05-21T20:37:28,95.3,32.0,sensor1_raspberry,5,TH0,4,0,107,247,20.000,20.726,2629143,2629439,296,14.800000,SUCCESS,sync_counter,sync_with_sensor2_IC1_TH1
2026-05-21T20:37:28,95.3,32.0,sensor2_serial,1,1,5,1,120,247,20.000,20.726,4624371,7481268,2856897,142844.850000,SUCCESS,sync_sigmoid,sync_with_sensor1_matrix5
2026-05-21T20:37:51,95.3,32.0,sensor1_raspberry,5,TH0,4,0,107,246,20.000,20.773,2629465,2629680,215,10.750000,SUCCESS,sync_counter,sync_with_sensor2_IC1_TH1
2026-05-21T20:37:51,95.3,32.0,sensor2_serial,1,1,5,1,120,246,20.000,20.773,7746598,9862910,2116312,105815.600000,SUCCESS,sync_sigmoid,sync_with_sensor1_matrix5
2026-05-21T20:38:14,95.3,32.0,sensor1_raspberry,5,TH0,4,0,107,245,20.000,20.751,2629705,2629859,154,7.700000,SUCCESS,sync_counter,sync_with_sensor2_IC1_TH1
2026-05-21T20:38:14,95.3,32.0,sensor2_serial,1,1,5,1,120,245,20.000,20.751,10074454,11600744,1526290,76314.500000,SUCCESS,sync_sigmoid,sync_with_sensor1_matrix5
2026-05-21T20:38:37,95.3,32.0,sensor1_raspberry,5,TH0,4,0,107,244,20.000,20.761,2629875,2630015,140,7.000000,SUCCESS,sync_counter,sync_with_sensor2_IC1_TH1
2026-05-21T20:38:37,95.3,32.0,sensor2_serial,1,1,5,1,120,244,20.000,20.761,11745743,12753423,1007680,50384.000000,SUCCESS,sync_sigmoid,sync_with_sensor1_matrix5
2026-05-21T20:38:59,95.3,32.0,sensor1_raspberry,5,TH0,4,0,107,243,20.000,20.746,2630035,2630187,152,7.600000,SUCCESS,sync_counter,sync_with_sensor2_IC1_TH1
2026-05-21T20:38:59,95.3,32.0,sensor2_serial,1,1,5,1,120,243,20.000,20.746,12859109,13671519,812410,40620.500000,SUCCESS,sync_sigmoid,sync_with_sensor1_matrix5
2026-05-21T20:39:22,95.3,32.0,sensor1_raspberry,5,TH0,4,0,107,242,20.000,20.776,2630206,2630368,162,8.100000,SUCCESS,sync_counter,sync_with_sensor2_IC1_TH1
2026-05-21T20:39:22,95.3,32.0,sensor2_serial,1,1,5,1,120,242,20.000,20.776,13740933,14108779,367846,18392.300000,SUCCESS,sync_sigmoid,sync_with_sensor1_matrix5
2026-05-21T20:39:45,95.3,32.0,sensor1_raspberry,5,TH0,4,0,107,241,20.000,20.787,2630385,2630528,143,7.150000,SUCCESS,sync_counter,sync_with_sensor2_IC1_TH1
2026-05-21T20:39:45,95.3,32.0,sensor2_serial,1,1,5,1,120,241,20.000,20.787,14141201,14265500,124299,6214.950000,SUCCESS,sync_sigmoid,sync_with_sensor1_matrix5
2026-05-21T20:40:08,95.3,32.0,sensor1_raspberry,5,TH0,4,0,107,240,20.000,20.730,2630548,2630697,149,7.450000,SUCCESS,sync_counter,sync_with_sensor2_IC1_TH1
2026-05-21T20:40:08,95.3,32.0,sensor2_serial,1,1,5,1,120,240,20.000,20.730,14276900,14344556,67656,3382.800000,SUCCESS,sync_sigmoid,sync_with_sensor1_matrix5
2026-05-21T20:40:31,95.3,32.0,sensor1_raspberry,5,TH0,4,0,107,239,20.000,20.740,2630712,2630879,167,8.350000,SUCCESS,sync_counter,sync_with_sensor2_IC1_TH1
2026-05-21T20:40:31,95.3,32.0,sensor2_serial,1,1,5,1,120,239,20.000,20.740,14352409,14411770,59361,2968.050000,SUCCESS,sync_sigmoid,sync_with_sensor1_matrix5
2026-05-21T20:40:54,95.3,32.0,sensor1_raspberry,5,TH0,4,0,107,238,20.000,20.735,2630895,2631037,142,7.100000,SUCCESS,sync_counter,sync_with_sensor2_IC1_TH1
2026-05-21T20:40:54,95.3,32.0,sensor2_serial,1,1,5,1,120,238,20.000,20.735,14416446,14436827,20381,1019.050000,SUCCESS,sync_sigmoid,sync_with_sensor1_matrix5
2026-05-21T20:41:17,95.3,32.0,sensor1_raspberry,5,TH0,4,0,107,237,20.000,20.690,2631056,2631217,161,8.050000,SUCCESS,sync_counter,sync_with_sensor2_IC1_TH1
2026-05-21T20:41:17,95.3,32.0,sensor2_serial,1,1,5,1,120,237,20.000,20.690,14438663,14445999,7336,366.800000,SUCCESS,sync_sigmoid,sync_with_sensor1_matrix5
2026-05-21T20:41:39,95.3,32.0,sensor1_raspberry,5,TH0,4,0,107,236,20.000,20.752,2631232,2631400,168,8.400000,SUCCESS,sync_counter,sync_with_sensor2_IC1_TH1
2026-05-21T20:41:39,95.3,32.0,sensor2_serial,1,1,5,1,120,236,20.000,20.752,14446667,14449149,2482,124.100000,SUCCESS,sync_sigmoid,sync_with_sensor1_matrix5
2026-05-21T20:42:02,95.3,32.0,sensor1_raspberry,5,TH0,4,0,107,235,20.000,20.750,2631420,2631592,172,8.600000,SUCCESS,sync_counter,sync_with_sensor2_IC1_TH1
2026-05-21T20:42:02,95.3,32.0,sensor2_serial,1,1,5,1,120,235,20.000,20.750,14449465,14451646,2181,109.050000,SUCCESS,sync_sigmoid,sync_with_sensor1_matrix5
2026-05-21T20:42:25,95.3,32.0,sensor1_raspberry,5,TH0,4,0,107,234,20.000,20.756,2631607,2631775,168,8.400000,SUCCESS,sync_counter,sync_with_sensor2_IC1_TH1
2026-05-21T20:42:25,95.3,32.0,sensor2_serial,1,1,5,1,120,234,20.000,20.756,14451882,14452698,816,40.800000,SUCCESS,sync_sigmoid,sync_with_sensor1_matrix5
2026-05-21T20:42:48,95.3,32.0,sensor1_raspberry,5,TH0,4,0,107,233,20.000,20.745,2631792,2631942,150,7.500000,SUCCESS,sync_counter,sync_with_sensor2_IC1_TH1
2026-05-21T20:42:48,95.3,32.0,sensor2_serial,1,1,5,1,120,233,20.000,20.745,14452797,14453094,297,14.850000,SUCCESS,sync_sigmoid,sync_with_sensor1_matrix5
2026-05-21T20:43:11,95.3,32.0,sensor1_raspberry,5,TH0,4,0,107,232,20.000,20.757,2631963,2632124,161,8.050000,SUCCESS,sync_counter,sync_with_sensor2_IC1_TH1
2026-05-21T20:43:11,95.3,32.0,sensor2_serial,1,1,5,1,120,232,20.000,20.757,14453142,14453323,181,9.050000,SUCCESS,sync_sigmoid,sync_with_sensor1_matrix5
2026-05-21T20:43:34,95.3,32.0,sensor1_raspberry,5,TH0,4,0,107,231,20.000,20.763,2632134,2632290,156,7.800000,SUCCESS,sync_counter,sync_with_sensor2_IC1_TH1
2026-05-21T20:43:34,95.3,32.0,sensor2_serial,1,1,5,1,120,231,20.000,20.763,14453358,14453515,157,7.850000,SUCCESS,sync_sigmoid,sync_with_sensor1_matrix5
2026-05-21T20:43:57,95.3,32.0,sensor1_raspberry,5,TH0,4,0,107,230,20.000,20.753,2632306,2632467,161,8.050000,SUCCESS,sync_counter,sync_with_sensor2_IC1_TH1
2026-05-21T20:43:57,95.3,32.0,sensor2_serial,1,1,5,1,120,230,20.000,20.753,14453552,14453685,133,6.650000,SUCCESS,sync_sigmoid,sync_with_sensor1_matrix5
2026-05-21T20:44:19,95.3,32.0,sensor1_raspberry,5,TH0,4,0,107,229,20.000,20.695,2632483,2632618,135,6.750000,SUCCESS,sync_counter,sync_with_sensor2_IC1_TH1
2026-05-21T20:44:19,95.3,32.0,sensor2_serial,1,1,5,1,120,229,20.000,20.695,14453713,14453839,126,6.300000,SUCCESS,sync_sigmoid,sync_with_sensor1_matrix5
2026-05-21T20:44:42,95.3,32.0,sensor1_raspberry,5,TH0,4,0,107,228,20.000,20.729,2632635,2632785,150,7.500000,SUCCESS,sync_counter,sync_with_sensor2_IC1_TH1
2026-05-21T20:44:42,95.3,32.0,sensor2_serial,1,1,5,1,120,228,20.000,20.729,14453868,14453993,125,6.250000,SUCCESS,sync_sigmoid,sync_with_sensor1_matrix5
2026-05-21T20:45:05,95.3,32.0,sensor1_raspberry,5,TH0,4,0,107,227,20.000,20.742,2632798,2632952,154,7.700000,SUCCESS,sync_counter,sync_with_sensor2_IC1_TH1
2026-05-21T20:45:05,95.3,32.0,sensor2_serial,1,1,5,1,120,227,20.000,20.742,14454019,14454149,130,6.500000,SUCCESS,sync_sigmoid,sync_with_sensor1_matrix5
2026-05-21T20:45:28,95.3,32.0,sensor1_raspberry,5,TH0,4,0,107,226,20.000,20.757,2632969,2633125,156,7.800000,SUCCESS,sync_counter,sync_with_sensor2_IC1_TH1
2026-05-21T20:45:28,95.3,32.0,sensor2_serial,1,1,5,1,120,226,20.000,20.757,14454179,14454310,131,6.550000,SUCCESS,sync_sigmoid,sync_with_sensor1_matrix5
2026-05-21T20:45:51,95.3,32.0,sensor1_raspberry,5,TH0,4,0,107,225,20.000,20.750,2633143,2633293,150,7.500000,SUCCESS,sync_counter,sync_with_sensor2_IC1_TH1
2026-05-21T20:45:51,95.3,32.0,sensor2_serial,1,1,5,1,120,225,20.000,20.750,14454329,14454455,126,6.300000,SUCCESS,sync_sigmoid,sync_with_sensor1_matrix5
2026-05-21T20:46:14,95.3,32.0,sensor1_raspberry,5,TH0,4,0,107,224,20.000,20.735,2633310,2633459,149,7.450000,SUCCESS,sync_counter,sync_with_sensor2_IC1_TH1
2026-05-21T20:46:14,95.3,32.0,sensor2_serial,1,1,5,1,120,224,20.000,20.735,14454475,14454595,120,6.000000,SUCCESS,sync_sigmoid,sync_with_sensor1_matrix5
2026-05-21T20:46:37,95.3,32.0,sensor1_raspberry,5,TH0,4,0,107,223,20.000,20.741,2633470,2633596,126,6.300000,SUCCESS,sync_counter,sync_with_sensor2_IC1_TH1
2026-05-21T20:46:37,95.3,32.0,sensor2_serial,1,1,5,1,120,223,20.000,20.741,14454616,14454748,132,6.600000,SUCCESS,sync_sigmoid,sync_with_sensor1_matrix5
2026-05-21T20:47:00,95.3,32.0,sensor1_raspberry,5,TH0,4,0,107,222,20.000,20.789,2633618,2633782,164,8.200000,SUCCESS,sync_counter,sync_with_sensor2_IC1_TH1
2026-05-21T20:47:00,95.3,32.0,sensor2_serial,1,1,5,1,120,222,20.000,20.789,14454774,14454885,111,5.550000,SUCCESS,sync_sigmoid,sync_with_sensor1_matrix5
2026-05-21T20:47:22,95.3,32.0,sensor1_raspberry,5,TH0,4,0,107,221,20.000,20.762,2633801,2633950,149,7.450000,SUCCESS,sync_counter,sync_with_sensor2_IC1_TH1
2026-05-21T20:47:22,95.3,32.0,sensor2_serial,1,1,5,1,120,221,20.000,20.762,14454905,14455036,131,6.550000,SUCCESS,sync_sigmoid,sync_with_sensor1_matrix5
2026-05-21T20:47:45,95.3,32.0,sensor1_raspberry,5,TH0,4,0,107,220,20.000,20.755,2633961,2634133,172,8.600000,SUCCESS,sync_counter,sync_with_sensor2_IC1_TH1
2026-05-21T20:47:45,95.3,32.0,sensor2_serial,1,1,5,1,120,220,20.000,20.755,14455054,14455182,128,6.400000,SUCCESS,sync_sigmoid,sync_with_sensor1_matrix5
2026-05-21T20:48:08,95.3,32.0,sensor1_raspberry,5,TH0,4,0,107,219,20.000,20.760,2634143,2634330,187,9.350000,SUCCESS,sync_counter,sync_with_sensor2_IC1_TH1
2026-05-21T20:48:08,95.3,32.0,sensor2_serial,1,1,5,1,120,219,20.000,20.760,14455193,14455301,108,5.400000,SUCCESS,sync_sigmoid,sync_with_sensor1_matrix5
2026-05-21T20:48:31,95.3,32.0,sensor1_raspberry,5,TH0,4,0,107,218,20.000,20.759,2634343,2634493,150,7.500000,SUCCESS,sync_counter,sync_with_sensor2_IC1_TH1
2026-05-21T20:48:31,95.3,32.0,sensor2_serial,1,1,5,1,120,218,20.000,20.759,14455320,14455446,126,6.300000,SUCCESS,sync_sigmoid,sync_with_sensor1_matrix5
2026-05-21T20:48:54,95.3,32.0,sensor1_raspberry,5,TH0,4,0,107,217,20.000,20.702,2634508,2634649,141,7.050000,SUCCESS,sync_counter,sync_with_sensor2_IC1_TH1
2026-05-21T20:48:54,95.3,32.0,sensor2_serial,1,1,5,1,120,217,20.000,20.702,14455462,14455576,114,5.700000,SUCCESS,sync_sigmoid,sync_with_sensor1_matrix5
2026-05-21T20:49:17,95.3,32.0,sensor1_raspberry,5,TH0,4,0,107,216,20.000,20.763,2634666,2634804,138,6.900000,SUCCESS,sync_counter,sync_with_sensor2_IC1_TH1
2026-05-21T20:49:17,95.3,32.0,sensor2_serial,1,1,5,1,120,216,20.000,20.763,14455590,14455710,120,6.000000,SUCCESS,sync_sigmoid,sync_with_sensor1_matrix5
2026-05-21T20:49:40,95.3,32.0,sensor1_raspberry,5,TH0,4,0,107,215,20.000,20.774,2634826,2634976,150,7.500000,SUCCESS,sync_counter,sync_with_sensor2_IC1_TH1
2026-05-21T20:49:40,95.3,32.0,sensor2_serial,1,1,5,1,120,215,20.000,20.774,14455726,14455847,121,6.050000,SUCCESS,sync_sigmoid,sync_with_sensor1_matrix5
2026-05-21T20:50:02,95.3,32.0,sensor1_raspberry,5,TH0,4,0,107,214,20.000,20.765,2634999,2635162,163,8.150000,SUCCESS,sync_counter,sync_with_sensor2_IC1_TH1
2026-05-21T20:50:02,95.3,32.0,sensor2_serial,1,1,5,1,120,214,20.000,20.765,14455867,14456003,136,6.800000,SUCCESS,sync_sigmoid,sync_with_sensor1_matrix5
2026-05-21T20:50:25,95.3,32.0,sensor1_raspberry,5,TH0,4,0,107,213,20.000,20.754,2635178,2635347,169,8.450000,SUCCESS,sync_counter,sync_with_sensor2_IC1_TH1
2026-05-21T20:50:25,95.3,32.0,sensor2_serial,1,1,5,1,120,213,20.000,20.754,14456018,14456140,122,6.100000,SUCCESS,sync_sigmoid,sync_with_sensor1_matrix5
2026-05-21T20:50:48,95.3,32.0,sensor1_raspberry,5,TH0,4,0,107,212,20.000,20.753,2635366,2635505,139,6.950000,SUCCESS,sync_counter,sync_with_sensor2_IC1_TH1
2026-05-21T20:50:48,95.3,32.0,sensor2_serial,1,1,5,1,120,212,20.000,20.753,14456151,14456276,125,6.250000,SUCCESS,sync_sigmoid,sync_with_sensor1_matrix5
2026-05-21T20:51:11,95.3,32.0,sensor1_raspberry,5,TH0,4,0,107,211,20.000,20.744,2635516,2635656,140,7.000000,SUCCESS,sync_counter,sync_with_sensor2_IC1_TH1
2026-05-21T20:51:11,95.3,32.0,sensor2_serial,1,1,5,1,120,211,20.000,20.744,14456298,14456405,107,5.350000,SUCCESS,sync_sigmoid,sync_with_sensor1_matrix5
2026-05-21T20:51:34,95.3,32.0,sensor1_raspberry,5,TH0,4,0,107,210,20.000,20.754,2635663,2635811,148,7.400000,SUCCESS,sync_counter,sync_with_sensor2_IC1_TH1
2026-05-21T20:51:34,95.3,32.0,sensor2_serial,1,1,5,1,120,210,20.000,20.754,14456414,14456522,108,5.400000,SUCCESS,sync_sigmoid,sync_with_sensor1_matrix5
2026-05-21T20:51:57,95.3,32.0,sensor1_raspberry,5,TH0,4,0,107,209,20.000,20.735,2635826,2635964,138,6.900000,SUCCESS,sync_counter,sync_with_sensor2_IC1_TH1
2026-05-21T20:51:57,95.3,32.0,sensor2_serial,1,1,5,1,120,209,20.000,20.735,14456537,14456642,105,5.250000,SUCCESS,sync_sigmoid,sync_with_sensor1_matrix5
2026-05-21T20:52:20,95.3,32.0,sensor1_raspberry,5,TH0,4,0,107,208,20.000,20.758,2635980,2636132,152,7.600000,SUCCESS,sync_counter,sync_with_sensor2_IC1_TH1
2026-05-21T20:52:20,95.3,32.0,sensor2_serial,1,1,5,1,120,208,20.000,20.758,14456657,14456769,112,5.600000,SUCCESS,sync_sigmoid,sync_with_sensor1_matrix5
2026-05-21T20:52:42,95.3,32.0,sensor1_raspberry,5,TH0,4,0,107,207,20.000,20.755,2636147,2636292,145,7.250000,SUCCESS,sync_counter,sync_with_sensor2_IC1_TH1
2026-05-21T20:52:42,95.3,32.0,sensor2_serial,1,1,5,1,120,207,20.000,20.755,14456783,14456866,83,4.150000,SUCCESS,sync_sigmoid,sync_with_sensor1_matrix5
2026-05-21T20:53:05,95.3,32.0,sensor1_raspberry,5,TH0,4,0,107,206,20.000,20.753,2636302,2636436,134,6.700000,SUCCESS,sync_counter,sync_with_sensor2_IC1_TH1
2026-05-21T20:53:05,95.3,32.0,sensor2_serial,1,1,5,1,120,206,20.000,20.753,14456879,14456975,96,4.800000,SUCCESS,sync_sigmoid,sync_with_sensor1_matrix5
2026-05-21T20:53:28,95.3,32.0,sensor1_raspberry,5,TH0,4,0,107,205,20.000,20.740,2636451,2636607,156,7.800000,SUCCESS,sync_counter,sync_with_sensor2_IC1_TH1
2026-05-21T20:53:28,95.3,32.0,sensor2_serial,1,1,5,1,120,205,20.000,20.740,14456988,14457073,85,4.250000,SUCCESS,sync_sigmoid,sync_with_sensor1_matrix5
2026-05-21T20:53:51,95.3,32.0,sensor1_raspberry,5,TH0,4,0,107,204,20.000,20.738,2636617,2636764,147,7.350000,SUCCESS,sync_counter,sync_with_sensor2_IC1_TH1
2026-05-21T20:53:51,95.3,32.0,sensor2_serial,1,1,5,1,120,204,20.000,20.738,14457081,14457164,83,4.150000,SUCCESS,sync_sigmoid,sync_with_sensor1_matrix5
2026-05-21T20:54:14,95.3,32.0,sensor1_raspberry,5,TH0,4,0,107,203,20.000,20.743,2636783,2636903,120,6.000000,SUCCESS,sync_counter,sync_with_sensor2_IC1_TH1
2026-05-21T20:54:14,95.3,32.0,sensor2_serial,1,1,5,1,120,203,20.000,20.743,14457168,14457283,115,5.750000,SUCCESS,sync_sigmoid,sync_with_sensor1_matrix5
2026-05-21T20:54:37,95.3,32.0,sensor1_raspberry,5,TH0,4,0,107,202,20.000,20.780,2636914,2637079,165,8.250000,SUCCESS,sync_counter,sync_with_sensor2_IC1_TH1
2026-05-21T20:54:37,95.3,32.0,sensor2_serial,1,1,5,1,120,202,20.000,20.780,14457295,14457386,91,4.550000,SUCCESS,sync_sigmoid,sync_with_sensor1_matrix5
2026-05-21T20:55:00,95.3,32.0,sensor1_raspberry,5,TH0,4,0,107,201,20.000,20.787,2637093,2637254,161,8.050000,SUCCESS,sync_counter,sync_with_sensor2_IC1_TH1
2026-05-21T20:55:00,95.3,32.0,sensor2_serial,1,1,5,1,120,201,20.000,20.787,14457395,14457490,95,4.750000,SUCCESS,sync_sigmoid,sync_with_sensor1_matrix5
2026-05-21T20:55:22,95.3,32.0,sensor1_raspberry,5,TH0,4,0,107,200,20.000,20.739,2637267,2637413,146,7.300000,SUCCESS,sync_counter,sync_with_sensor2_IC1_TH1
2026-05-21T20:55:22,95.3,32.0,sensor2_serial,1,1,5,1,120,200,20.000,20.739,14457503,14457601,98,4.900000,SUCCESS,sync_sigmoid,sync_with_sensor1_matrix5
2026-05-21T20:55:45,95.3,32.0,sensor1_raspberry,5,TH0,4,0,107,199,20.000,20.757,2637425,2637569,144,7.200000,SUCCESS,sync_counter,sync_with_sensor2_IC1_TH1
2026-05-21T20:55:45,95.3,32.0,sensor2_serial,1,1,5,1,120,199,20.000,20.757,14457614,14457712,98,4.900000,SUCCESS,sync_sigmoid,sync_with_sensor1_matrix5
2026-05-21T20:56:08,95.3,32.0,sensor1_raspberry,5,TH0,4,0,107,198,20.000,20.790,2637584,2637739,155,7.750000,SUCCESS,sync_counter,sync_with_sensor2_IC1_TH1
2026-05-21T20:56:08,95.3,32.0,sensor2_serial,1,1,5,1,120,198,20.000,20.790,14457718,14457799,81,4.050000,SUCCESS,sync_sigmoid,sync_with_sensor1_matrix5
2026-05-21T20:56:31,95.3,32.0,sensor1_raspberry,5,TH0,4,0,107,197,20.000,20.688,2637764,2637902,138,6.900000,SUCCESS,sync_counter,sync_with_sensor2_IC1_TH1
2026-05-21T20:56:31,95.3,32.0,sensor2_serial,1,1,5,1,120,197,20.000,20.688,14457811,14457889,78,3.900000,SUCCESS,sync_sigmoid,sync_with_sensor1_matrix5
2026-05-21T20:56:54,95.3,32.0,sensor1_raspberry,5,TH0,4,0,107,196,20.000,20.766,2637907,2638043,136,6.800000,SUCCESS,sync_counter,sync_with_sensor2_IC1_TH1
2026-05-21T20:56:54,95.3,32.0,sensor2_serial,1,1,5,1,120,196,20.000,20.766,14457896,14457987,91,4.550000,SUCCESS,sync_sigmoid,sync_with_sensor1_matrix5
2026-05-21T20:57:17,95.3,32.0,sensor1_raspberry,5,TH0,4,0,107,195,20.000,20.714,2638055,2638198,143,7.150000,SUCCESS,sync_counter,sync_with_sensor2_IC1_TH1
2026-05-21T20:57:17,95.3,32.0,sensor2_serial,1,1,5,1,120,195,20.000,20.714,14458000,14458083,83,4.150000,SUCCESS,sync_sigmoid,sync_with_sensor1_matrix5
2026-05-21T20:57:39,95.3,32.0,sensor1_raspberry,5,TH0,4,0,107,194,20.000,20.732,2638212,2638361,149,7.450000,SUCCESS,sync_counter,sync_with_sensor2_IC1_TH1
2026-05-21T20:57:39,95.3,32.0,sensor2_serial,1,1,5,1,120,194,20.000,20.732,14458094,14458177,83,4.150000,SUCCESS,sync_sigmoid,sync_with_sensor1_matrix5
2026-05-21T20:58:02,95.3,32.0,sensor1_raspberry,5,TH0,4,0,107,193,20.000,20.763,2638377,2638530,153,7.650000,SUCCESS,sync_counter,sync_with_sensor2_IC1_TH1
2026-05-21T20:58:02,95.3,32.0,sensor2_serial,1,1,5,1,120,193,20.000,20.763,14458181,14458250,69,3.450000,SUCCESS,sync_sigmoid,sync_with_sensor1_matrix5
2026-05-21T20:58:25,95.3,32.0,sensor1_raspberry,5,TH0,4,0,107,192,20.000,20.715,2638541,2638681,140,7.000000,SUCCESS,sync_counter,sync_with_sensor2_IC1_TH1
2026-05-21T20:58:25,95.3,32.0,sensor2_serial,1,1,5,1,120,192,20.000,20.715,14458256,14458338,82,4.100000,SUCCESS,sync_sigmoid,sync_with_sensor1_matrix5
2026-05-21T20:58:48,95.3,32.0,sensor1_raspberry,5,TH0,4,0,107,191,20.000,20.757,2638693,2638823,130,6.500000,SUCCESS,sync_counter,sync_with_sensor2_IC1_TH1
2026-05-21T20:58:48,95.3,32.0,sensor2_serial,1,1,5,1,120,191,20.000,20.757,14458344,14458413,69,3.450000,SUCCESS,sync_sigmoid,sync_with_sensor1_matrix5
2026-05-21T20:59:11,95.3,32.0,sensor1_raspberry,5,TH0,4,0,107,190,20.000,20.743,2638838,2638973,135,6.750000,SUCCESS,sync_counter,sync_with_sensor2_IC1_TH1
2026-05-21T20:59:11,95.3,32.0,sensor2_serial,1,1,5,1,120,190,20.000,20.743,14458418,14458474,56,2.800000,SUCCESS,sync_sigmoid,sync_with_sensor1_matrix5
2026-05-21T20:59:34,95.3,32.0,sensor1_raspberry,5,TH0,4,0,107,189,20.000,20.756,2638992,2639138,146,7.300000,SUCCESS,sync_counter,sync_with_sensor2_IC1_TH1
2026-05-21T20:59:34,95.3,32.0,sensor2_serial,1,1,5,1,120,189,20.000,20.756,14458482,14458557,75,3.750000,SUCCESS,sync_sigmoid,sync_with_sensor1_matrix5
2026-05-21T20:59:57,95.3,32.0,sensor1_raspberry,5,TH0,4,0,107,188,20.000,20.771,2639147,2639302,155,7.750000,SUCCESS,sync_counter,sync_with_sensor2_IC1_TH1
2026-05-21T20:59:57,95.3,32.0,sensor2_serial,1,1,5,1,120,188,20.000,20.771,14458564,14458627,63,3.150000,SUCCESS,sync_sigmoid,sync_with_sensor1_matrix5
2026-05-21T21:00:20,95.3,32.0,sensor1_raspberry,5,TH0,4,0,107,187,20.000,20.748,2639310,2639451,141,7.050000,SUCCESS,sync_counter,sync_with_sensor2_IC1_TH1
2026-05-21T21:00:20,95.3,32.0,sensor2_serial,1,1,5,1,120,187,20.000,20.748,14458628,14458703,75,3.750000,SUCCESS,sync_sigmoid,sync_with_sensor1_matrix5
2026-05-21T21:00:42,95.3,32.0,sensor1_raspberry,5,TH0,4,0,107,186,20.000,20.743,2639465,2639613,148,7.400000,SUCCESS,sync_counter,sync_with_sensor2_IC1_TH1
2026-05-21T21:00:42,95.3,32.0,sensor2_serial,1,1,5,1,120,186,20.000,20.743,14458709,14458774,65,3.250000,SUCCESS,sync_sigmoid,sync_with_sensor1_matrix5
2026-05-21T21:01:05,95.3,32.0,sensor1_raspberry,5,TH0,4,0,107,185,20.000,20.725,2639638,2639782,144,7.200000,SUCCESS,sync_counter,sync_with_sensor2_IC1_TH1
2026-05-21T21:01:05,95.3,32.0,sensor2_serial,1,1,5,1,120,185,20.000,20.725,14458781,14458847,66,3.300000,SUCCESS,sync_sigmoid,sync_with_sensor1_matrix5
2026-05-21T21:01:28,95.3,32.0,sensor1_raspberry,5,TH0,4,0,107,184,20.000,20.798,2639802,2639940,138,6.900000,SUCCESS,sync_counter,sync_with_sensor2_IC1_TH1
2026-05-21T21:01:28,95.3,32.0,sensor2_serial,1,1,5,1,120,184,20.000,20.798,14458853,14458919,66,3.300000,SUCCESS,sync_sigmoid,sync_with_sensor1_matrix5
2026-05-21T21:01:51,95.3,32.0,sensor1_raspberry,5,TH0,4,0,107,183,20.000,20.732,2639950,2640085,135,6.750000,SUCCESS,sync_counter,sync_with_sensor2_IC1_TH1
2026-05-21T21:01:51,95.3,32.0,sensor2_serial,1,1,5,1,120,183,20.000,20.732,14458930,14458990,60,3.000000,SUCCESS,sync_sigmoid,sync_with_sensor1_matrix5
2026-05-21T21:02:14,95.3,32.0,sensor1_raspberry,5,TH0,4,0,107,182,20.000,20.794,2640100,2640232,132,6.600000,SUCCESS,sync_counter,sync_with_sensor2_IC1_TH1
2026-05-21T21:02:14,95.3,32.0,sensor2_serial,1,1,5,1,120,182,20.000,20.794,14458996,14459046,50,2.500000,SUCCESS,sync_sigmoid,sync_with_sensor1_matrix5
2026-05-21T21:02:37,95.3,32.0,sensor1_raspberry,5,TH0,4,0,107,181,20.000,20.795,2640244,2640374,130,6.500000,SUCCESS,sync_counter,sync_with_sensor2_IC1_TH1
2026-05-21T21:02:37,95.3,32.0,sensor2_serial,1,1,5,1,120,181,20.000,20.795,14459055,14459116,61,3.050000,SUCCESS,sync_sigmoid,sync_with_sensor1_matrix5
2026-05-21T21:03:00,95.3,32.0,sensor1_raspberry,5,TH0,4,0,107,180,20.000,20.756,2640397,2640536,139,6.950000,SUCCESS,sync_counter,sync_with_sensor2_IC1_TH1
2026-05-21T21:03:00,95.3,32.0,sensor2_serial,1,1,5,1,120,180,20.000,20.756,14459123,14459173,50,2.500000,SUCCESS,sync_sigmoid,sync_with_sensor1_matrix5
2026-05-21T21:03:22,95.3,32.0,sensor1_raspberry,5,TH0,4,0,107,179,20.000,20.763,2640551,2640691,140,7.000000,SUCCESS,sync_counter,sync_with_sensor2_IC1_TH1
2026-05-21T21:03:22,95.3,32.0,sensor2_serial,1,1,5,1,120,179,20.000,20.763,14459176,14459232,56,2.800000,SUCCESS,sync_sigmoid,sync_with_sensor1_matrix5
2026-05-21T21:03:45,95.3,32.0,sensor1_raspberry,5,TH0,4,0,107,178,20.000,20.746,2640700,2640832,132,6.600000,SUCCESS,sync_counter,sync_with_sensor2_IC1_TH1
2026-05-21T21:03:45,95.3,32.0,sensor2_serial,1,1,5,1,120,178,20.000,20.746,14459236,14459290,54,2.700000,SUCCESS,sync_sigmoid,sync_with_sensor1_matrix5
2026-05-21T21:04:08,95.3,32.0,sensor1_raspberry,5,TH0,4,0,107,177,20.000,20.730,2640842,2640983,141,7.050000,SUCCESS,sync_counter,sync_with_sensor2_IC1_TH1
2026-05-21T21:04:08,95.3,32.0,sensor2_serial,1,1,5,1,120,177,20.000,20.730,14459293,14459347,54,2.700000,SUCCESS,sync_sigmoid,sync_with_sensor1_matrix5
2026-05-21T21:04:31,95.3,32.0,sensor1_raspberry,5,TH0,4,0,107,176,20.000,20.723,2640995,2641126,131,6.550000,SUCCESS,sync_counter,sync_with_sensor2_IC1_TH1
2026-05-21T21:04:31,95.3,32.0,sensor2_serial,1,1,5,1,120,176,20.000,20.723,14459351,14459412,61,3.050000,SUCCESS,sync_sigmoid,sync_with_sensor1_matrix5
2026-05-21T21:04:54,95.3,32.0,sensor1_raspberry,5,TH0,4,0,107,175,20.000,20.753,2641139,2641277,138,6.900000,SUCCESS,sync_counter,sync_with_sensor2_IC1_TH1
2026-05-21T21:04:54,95.3,32.0,sensor2_serial,1,1,5,1,120,175,20.000,20.753,14459414,14459465,51,2.550000,SUCCESS,sync_sigmoid,sync_with_sensor1_matrix5
2026-05-21T21:05:17,95.3,32.0,sensor1_raspberry,5,TH0,4,0,107,174,20.000,20.747,2641285,2641416,131,6.550000,SUCCESS,sync_counter,sync_with_sensor2_IC1_TH1
2026-05-21T21:05:17,95.3,32.0,sensor2_serial,1,1,5,1,120,174,20.000,20.747,14459469,14459513,44,2.200000,SUCCESS,sync_sigmoid,sync_with_sensor1_matrix5
2026-05-21T21:05:40,95.3,32.0,sensor1_raspberry,5,TH0,4,0,107,173,20.000,20.770,2641443,2641555,112,5.600000,SUCCESS,sync_counter,sync_with_sensor2_IC1_TH1
2026-05-21T21:05:40,95.3,32.0,sensor2_serial,1,1,5,1,120,173,20.000,20.770,14459518,14459555,37,1.850000,SUCCESS,sync_sigmoid,sync_with_sensor1_matrix5
2026-05-21T21:06:02,95.3,32.0,sensor1_raspberry,5,TH0,4,0,107,172,20.000,20.770,2641568,2641688,120,6.000000,SUCCESS,sync_counter,sync_with_sensor2_IC1_TH1
2026-05-21T21:06:02,95.3,32.0,sensor2_serial,1,1,5,1,120,172,20.000,20.770,14459557,14459590,33,1.650000,SUCCESS,sync_sigmoid,sync_with_sensor1_matrix5
2026-05-21T21:06:25,95.3,32.0,sensor1_raspberry,5,TH0,4,0,107,171,20.000,20.747,2641699,2641828,129,6.450000,SUCCESS,sync_counter,sync_with_sensor2_IC1_TH1
2026-05-21T21:06:25,95.3,32.0,sensor2_serial,1,1,5,1,120,171,20.000,20.747,14459592,14459635,43,2.150000,SUCCESS,sync_sigmoid,sync_with_sensor1_matrix5
2026-05-21T21:06:48,95.3,32.0,sensor1_raspberry,5,TH0,4,0,107,170,20.000,20.769,2641845,2641966,121,6.050000,SUCCESS,sync_counter,sync_with_sensor2_IC1_TH1
2026-05-21T21:06:48,95.3,32.0,sensor2_serial,1,1,5,1,120,170,20.000,20.769,14459640,14459672,32,1.600000,SUCCESS,sync_sigmoid,sync_with_sensor1_matrix5
2026-05-21T21:07:11,95.3,32.0,sensor1_raspberry,5,TH0,4,0,107,169,20.000,20.755,2641974,2642091,117,5.850000,SUCCESS,sync_counter,sync_with_sensor2_IC1_TH1
2026-05-21T21:07:11,95.3,32.0,sensor2_serial,1,1,5,1,120,169,20.000,20.755,14459675,14459713,38,1.900000,SUCCESS,sync_sigmoid,sync_with_sensor1_matrix5
2026-05-21T21:07:34,95.3,32.0,sensor1_raspberry,5,TH0,4,0,107,168,20.000,20.741,2642098,2642215,117,5.850000,SUCCESS,sync_counter,sync_with_sensor2_IC1_TH1
2026-05-21T21:07:34,95.3,32.0,sensor2_serial,1,1,5,1,120,168,20.000,20.741,14459716,14459748,32,1.600000,SUCCESS,sync_sigmoid,sync_with_sensor1_matrix5
2026-05-21T21:07:57,95.3,32.0,sensor1_raspberry,5,TH0,4,0,107,167,20.000,20.793,2642228,2642350,122,6.100000,SUCCESS,sync_counter,sync_with_sensor2_IC1_TH1
2026-05-21T21:07:57,95.3,32.0,sensor2_serial,1,1,5,1,120,167,20.000,20.793,14459749,14459784,35,1.750000,SUCCESS,sync_sigmoid,sync_with_sensor1_matrix5
2026-05-21T21:08:20,95.3,32.0,sensor1_raspberry,5,TH0,4,0,107,166,20.000,20.765,2642368,2642495,127,6.350000,SUCCESS,sync_counter,sync_with_sensor2_IC1_TH1
2026-05-21T21:08:20,95.3,32.0,sensor2_serial,1,1,5,1,120,166,20.000,20.765,14459787,14459824,37,1.850000,SUCCESS,sync_sigmoid,sync_with_sensor1_matrix5
2026-05-21T21:08:43,95.3,32.0,sensor1_raspberry,5,TH0,4,0,107,165,20.000,20.744,2642512,2642642,130,6.500000,SUCCESS,sync_counter,sync_with_sensor2_IC1_TH1
2026-05-21T21:08:43,95.3,32.0,sensor2_serial,1,1,5,1,120,165,20.000,20.744,14459825,14459864,39,1.950000,SUCCESS,sync_sigmoid,sync_with_sensor1_matrix5
2026-05-21T21:09:05,95.3,32.0,sensor1_raspberry,5,TH0,4,0,107,164,20.000,20.752,2642653,2642766,113,5.650000,SUCCESS,sync_counter,sync_with_sensor2_IC1_TH1
2026-05-21T21:09:05,95.3,32.0,sensor2_serial,1,1,5,1,120,164,20.000,20.752,14459865,14459888,23,1.150000,SUCCESS,sync_sigmoid,sync_with_sensor1_matrix5
2026-05-21T21:09:28,95.3,32.0,sensor1_raspberry,5,TH0,4,0,107,163,20.000,20.791,2642777,2642889,112,5.600000,SUCCESS,sync_counter,sync_with_sensor2_IC1_TH1
2026-05-21T21:09:28,95.3,32.0,sensor2_serial,1,1,5,1,120,163,20.000,20.791,14459890,14459912,22,1.100000,SUCCESS,sync_sigmoid,sync_with_sensor1_matrix5
2026-05-21T21:09:51,95.3,32.0,sensor1_raspberry,5,TH0,4,0,107,162,20.000,20.798,2642898,2643006,108,5.400000,SUCCESS,sync_counter,sync_with_sensor2_IC1_TH1
2026-05-21T21:09:51,95.3,32.0,sensor2_serial,1,1,5,1,120,162,20.000,20.798,14459915,14459937,22,1.100000,SUCCESS,sync_sigmoid,sync_with_sensor1_matrix5
2026-05-21T21:10:14,95.3,32.0,sensor1_raspberry,5,TH0,4,0,107,161,20.000,20.719,2643016,2643123,107,5.350000,SUCCESS,sync_counter,sync_with_sensor2_IC1_TH1
2026-05-21T21:10:14,95.3,32.0,sensor2_serial,1,1,5,1,120,161,20.000,20.719,14459941,14459962,21,1.050000,SUCCESS,sync_sigmoid,sync_with_sensor1_matrix5
2026-05-21T21:10:37,95.3,32.0,sensor1_raspberry,5,TH0,4,0,107,160,20.000,20.756,2643131,2643233,102,5.100000,SUCCESS,sync_counter,sync_with_sensor2_IC1_TH1
2026-05-21T21:10:37,95.3,32.0,sensor2_serial,1,1,5,1,120,160,20.000,20.756,14459967,14459994,27,1.350000,SUCCESS,sync_sigmoid,sync_with_sensor1_matrix5
2026-05-21T21:11:00,95.3,32.0,sensor1_raspberry,5,TH0,4,0,107,159,20.000,20.751,2643244,2643352,108,5.400000,SUCCESS,sync_counter,sync_with_sensor2_IC1_TH1
2026-05-21T21:11:00,95.3,32.0,sensor2_serial,1,1,5,1,120,159,20.000,20.751,14459996,14460021,25,1.250000,SUCCESS,sync_sigmoid,sync_with_sensor1_matrix5
2026-05-21T21:11:23,95.3,32.0,sensor1_raspberry,5,TH0,4,0,107,158,20.000,20.722,2643363,2643458,95,4.750000,SUCCESS,sync_counter,sync_with_sensor2_IC1_TH1
2026-05-21T21:11:23,95.3,32.0,sensor2_serial,1,1,5,1,120,158,20.000,20.722,14460022,14460044,22,1.100000,SUCCESS,sync_sigmoid,sync_with_sensor1_matrix5
2026-05-21T21:11:45,95.3,32.0,sensor1_raspberry,5,TH0,4,0,107,157,20.000,20.653,2643468,2643550,82,4.100000,SUCCESS,sync_counter,sync_with_sensor2_IC1_TH1
2026-05-21T21:11:45,95.3,32.0,sensor2_serial,1,1,5,1,120,157,20.000,20.653,14460048,14460066,18,0.900000,SUCCESS,sync_sigmoid,sync_with_sensor1_matrix5
2026-05-21T21:12:08,95.3,32.0,sensor1_raspberry,5,TH0,4,0,107,156,20.000,20.772,2643556,2643658,102,5.100000,SUCCESS,sync_counter,sync_with_sensor2_IC1_TH1
2026-05-21T21:12:08,95.3,32.0,sensor2_serial,1,1,5,1,120,156,20.000,20.772,14460066,14460087,21,1.050000,SUCCESS,sync_sigmoid,sync_with_sensor1_matrix5
2026-05-21T21:12:31,95.3,32.0,sensor1_raspberry,5,TH0,4,0,107,155,20.000,20.741,2643664,2643760,96,4.800000,SUCCESS,sync_counter,sync_with_sensor2_IC1_TH1
2026-05-21T21:12:31,95.3,32.0,sensor2_serial,1,1,5,1,120,155,20.000,20.741,14460089,14460110,21,1.050000,SUCCESS,sync_sigmoid,sync_with_sensor1_matrix5
2026-05-21T21:12:54,95.3,32.0,sensor1_raspberry,5,TH0,4,0,107,154,20.000,20.741,2643773,2643872,99,4.950000,SUCCESS,sync_counter,sync_with_sensor2_IC1_TH1
2026-05-21T21:12:54,95.3,32.0,sensor2_serial,1,1,5,1,120,154,20.000,20.741,14460111,14460124,13,0.650000,SUCCESS,sync_sigmoid,sync_with_sensor1_matrix5
2026-05-21T21:13:17,95.3,32.0,sensor1_raspberry,5,TH0,4,0,107,153,20.000,20.700,2643878,2643962,84,4.200000,SUCCESS,sync_counter,sync_with_sensor2_IC1_TH1
2026-05-21T21:13:17,95.3,32.0,sensor2_serial,1,1,5,1,120,153,20.000,20.700,14460124,14460137,13,0.650000,SUCCESS,sync_sigmoid,sync_with_sensor1_matrix5
2026-05-21T21:13:40,95.3,32.0,sensor1_raspberry,5,TH0,4,0,107,152,20.000,20.755,2643972,2644052,80,4.000000,SUCCESS,sync_counter,sync_with_sensor2_IC1_TH1
2026-05-21T21:13:40,95.3,32.0,sensor2_serial,1,1,5,1,120,152,20.000,20.755,14460139,14460159,20,1.000000,SUCCESS,sync_sigmoid,sync_with_sensor1_matrix5
2026-05-21T21:14:02,95.3,32.0,sensor1_raspberry,5,TH0,4,0,107,151,20.000,20.789,2644057,2644137,80,4.000000,SUCCESS,sync_counter,sync_with_sensor2_IC1_TH1
2026-05-21T21:14:02,95.3,32.0,sensor2_serial,1,1,5,1,120,151,20.000,20.789,14460161,14460170,9,0.450000,SUCCESS,sync_sigmoid,sync_with_sensor1_matrix5
2026-05-21T21:14:25,95.3,32.0,sensor1_raspberry,5,TH0,4,0,107,150,20.000,20.743,2644142,2644230,88,4.400000,SUCCESS,sync_counter,sync_with_sensor2_IC1_TH1
2026-05-21T21:14:25,95.3,32.0,sensor2_serial,1,1,5,1,120,150,20.000,20.743,14460173,14460191,18,0.900000,SUCCESS,sync_sigmoid,sync_with_sensor1_matrix5
2026-05-21T21:14:48,95.3,32.0,sensor1_raspberry,5,TH0,4,0,107,149,20.000,20.748,2644239,2644297,58,2.900000,SUCCESS,sync_counter,sync_with_sensor2_IC1_TH1
2026-05-21T21:14:48,95.3,32.0,sensor2_serial,1,1,5,1,120,149,20.000,20.748,14460192,14460204,12,0.600000,SUCCESS,sync_sigmoid,sync_with_sensor1_matrix5
2026-05-21T21:15:11,95.3,32.0,sensor1_raspberry,5,TH0,4,0,107,148,20.000,20.782,2644307,2644380,73,3.650000,SUCCESS,sync_counter,sync_with_sensor2_IC1_TH1
2026-05-21T21:15:11,95.3,32.0,sensor2_serial,1,1,5,1,120,148,20.000,20.782,14460204,14460215,11,0.550000,SUCCESS,sync_sigmoid,sync_with_sensor1_matrix5
2026-05-21T21:15:34,95.3,32.0,sensor1_raspberry,5,TH0,4,0,107,147,20.000,20.714,2644385,2644469,84,4.200000,SUCCESS,sync_counter,sync_with_sensor2_IC1_TH1
2026-05-21T21:15:34,95.3,32.0,sensor2_serial,1,1,5,1,120,147,20.000,20.714,14460215,14460234,19,0.950000,SUCCESS,sync_sigmoid,sync_with_sensor1_matrix5
2026-05-21T21:15:57,95.3,32.0,sensor1_raspberry,5,TH0,4,0,107,146,20.000,20.788,2644477,2644529,52,2.600000,SUCCESS,sync_counter,sync_with_sensor2_IC1_TH1
2026-05-21T21:15:57,95.3,32.0,sensor2_serial,1,1,5,1,120,146,20.000,20.788,14460236,14460247,11,0.550000,SUCCESS,sync_sigmoid,sync_with_sensor1_matrix5
2026-05-21T21:16:20,95.3,32.0,sensor1_raspberry,5,TH0,4,0,107,145,20.000,20.745,2644538,2644602,64,3.200000,SUCCESS,sync_counter,sync_with_sensor2_IC1_TH1
2026-05-21T21:16:20,95.3,32.0,sensor2_serial,1,1,5,1,120,145,20.000,20.745,14460247,14460258,11,0.550000,SUCCESS,sync_sigmoid,sync_with_sensor1_matrix5
2026-05-21T21:16:43,95.3,32.0,sensor1_raspberry,5,TH0,4,0,107,144,20.000,20.734,2644605,2644650,45,2.250000,SUCCESS,sync_counter,sync_with_sensor2_IC1_TH1
2026-05-21T21:16:43,95.3,32.0,sensor2_serial,1,1,5,1,120,144,20.000,20.734,14460258,14460267,9,0.450000,SUCCESS,sync_sigmoid,sync_with_sensor1_matrix5
2026-05-21T21:17:05,95.3,32.0,sensor1_raspberry,5,TH0,4,0,107,143,20.000,20.741,2644655,2644704,49,2.450000,SUCCESS,sync_counter,sync_with_sensor2_IC1_TH1
2026-05-21T21:17:05,95.3,32.0,sensor2_serial,1,1,5,1,120,143,20.000,20.741,14460267,14460272,5,0.250000,SUCCESS,sync_sigmoid,sync_with_sensor1_matrix5
2026-05-21T21:17:28,95.3,32.0,sensor1_raspberry,5,TH0,4,0,107,142,20.000,20.756,2644708,2644753,45,2.250000,SUCCESS,sync_counter,sync_with_sensor2_IC1_TH1
2026-05-21T21:17:28,95.3,32.0,sensor2_serial,1,1,5,1,120,142,20.000,20.756,14460272,14460279,7,0.350000,SUCCESS,sync_sigmoid,sync_with_sensor1_matrix5
2026-05-21T21:17:51,95.3,32.0,sensor1_raspberry,5,TH0,4,0,107,141,20.000,20.706,2644756,2644795,39,1.950000,SUCCESS,sync_counter,sync_with_sensor2_IC1_TH1
2026-05-21T21:17:51,95.3,32.0,sensor2_serial,1,1,5,1,120,141,20.000,20.706,14460281,14460286,5,0.250000,SUCCESS,sync_sigmoid,sync_with_sensor1_matrix5
2026-05-21T21:18:14,95.3,32.0,sensor1_raspberry,5,TH0,4,0,107,140,20.000,20.777,2644797,2644842,45,2.250000,SUCCESS,sync_counter,sync_with_sensor2_IC1_TH1
2026-05-21T21:18:14,95.3,32.0,sensor2_serial,1,1,5,1,120,140,20.000,20.777,14460287,14460292,5,0.250000,SUCCESS,sync_sigmoid,sync_with_sensor1_matrix5
2026-05-21T21:18:37,95.3,32.0,sensor1_raspberry,5,TH0,4,0,107,139,20.000,20.728,2644846,2644883,37,1.850000,SUCCESS,sync_counter,sync_with_sensor2_IC1_TH1
2026-05-21T21:18:37,95.3,32.0,sensor2_serial,1,1,5,1,120,139,20.000,20.728,14460292,14460294,2,0.100000,SUCCESS,sync_sigmoid,sync_with_sensor1_matrix5
2026-05-21T21:19:00,95.3,32.0,sensor1_raspberry,5,TH0,4,0,107,138,20.000,20.698,2644885,2644909,24,1.200000,SUCCESS,sync_counter,sync_with_sensor2_IC1_TH1
2026-05-21T21:19:00,95.3,32.0,sensor2_serial,1,1,5,1,120,138,20.000,20.698,14460294,14460298,4,0.200000,SUCCESS,sync_sigmoid,sync_with_sensor1_matrix5
2026-05-21T21:19:22,95.3,32.0,sensor1_raspberry,5,TH0,4,0,107,137,20.000,20.769,2644915,2644941,26,1.300000,SUCCESS,sync_counter,sync_with_sensor2_IC1_TH1
2026-05-21T21:19:22,95.3,32.0,sensor2_serial,1,1,5,1,120,137,20.000,20.769,14460300,14460308,8,0.400000,SUCCESS,sync_sigmoid,sync_with_sensor1_matrix5
2026-05-21T21:19:45,95.3,32.0,sensor1_raspberry,5,TH0,4,0,107,136,20.000,20.751,2644945,2644976,31,1.550000,SUCCESS,sync_counter,sync_with_sensor2_IC1_TH1
2026-05-21T21:19:45,95.3,32.0,sensor2_serial,1,1,5,1,120,136,20.000,20.751,14460308,14460312,4,0.200000,SUCCESS,sync_sigmoid,sync_with_sensor1_matrix5
2026-05-21T21:20:08,95.3,32.0,sensor1_raspberry,5,TH0,4,0,107,135,20.000,20.764,2644978,2645006,28,1.400000,SUCCESS,sync_counter,sync_with_sensor2_IC1_TH1
2026-05-21T21:20:08,95.3,32.0,sensor2_serial,1,1,5,1,120,135,20.000,20.764,14460312,14460316,4,0.200000,SUCCESS,sync_sigmoid,sync_with_sensor1_matrix5
2026-05-21T21:20:31,95.3,32.0,sensor1_raspberry,5,TH0,4,0,107,134,20.000,20.749,2645009,2645036,27,1.350000,SUCCESS,sync_counter,sync_with_sensor2_IC1_TH1
2026-05-21T21:20:31,95.3,32.0,sensor2_serial,1,1,5,1,120,134,20.000,20.749,14460316,14460321,5,0.250000,SUCCESS,sync_sigmoid,sync_with_sensor1_matrix5
2026-05-21T21:20:54,95.3,32.0,sensor1_raspberry,5,TH0,4,0,107,133,20.000,20.784,2645039,2645056,17,0.850000,SUCCESS,sync_counter,sync_with_sensor2_IC1_TH1
2026-05-21T21:20:54,95.3,32.0,sensor2_serial,1,1,5,1,120,133,20.000,20.784,14460321,14460323,2,0.100000,SUCCESS,sync_sigmoid,sync_with_sensor1_matrix5
2026-05-21T21:21:17,95.3,32.0,sensor1_raspberry,5,TH0,4,0,107,132,20.000,20.789,2645058,2645071,13,0.650000,SUCCESS,sync_counter,sync_with_sensor2_IC1_TH1
2026-05-21T21:21:17,95.3,32.0,sensor2_serial,1,1,5,1,120,132,20.000,20.789,14460324,14460327,3,0.150000,SUCCESS,sync_sigmoid,sync_with_sensor1_matrix5
2026-05-21T21:21:40,95.3,32.0,sensor1_raspberry,5,TH0,4,0,107,131,20.000,20.759,2645072,2645090,18,0.900000,SUCCESS,sync_counter,sync_with_sensor2_IC1_TH1
2026-05-21T21:21:40,95.3,32.0,sensor2_serial,1,1,5,1,120,131,20.000,20.759,14460327,14460330,3,0.150000,SUCCESS,sync_sigmoid,sync_with_sensor1_matrix5
2026-05-21T21:22:03,95.3,32.0,sensor1_raspberry,5,TH0,4,0,107,130,20.000,20.817,2645091,2645104,13,0.650000,SUCCESS,sync_counter,sync_with_sensor2_IC1_TH1
2026-05-21T21:22:03,95.3,32.0,sensor2_serial,1,1,5,1,120,130,20.000,20.817,14460330,14460330,0,0.000000,SUCCESS,sync_sigmoid,sync_with_sensor1_matrix5
2026-05-21T21:22:25,95.3,32.0,sensor1_raspberry,5,TH0,4,0,107,129,20.000,20.756,2645104,2645122,18,0.900000,SUCCESS,sync_counter,sync_with_sensor2_IC1_TH1
2026-05-21T21:22:25,95.3,32.0,sensor2_serial,1,1,5,1,120,129,20.000,20.756,14460330,14460330,0,0.000000,SUCCESS,sync_sigmoid,sync_with_sensor1_matrix5
2026-05-21T21:22:48,95.3,32.0,sensor1_raspberry,5,TH0,4,0,107,255,20.000,20.731,3146993,11023511,7876518,393825.900000,SUCCESS,sync_counter,sync_with_sensor2_IC1_TH2
2026-05-21T21:22:48,95.3,32.0,sensor2_serial,1,2,6,2,120,255,20.000,20.731,9718218,11532544,1814326,90716.300000,SUCCESS,sync_sigmoid,sync_with_sensor1_matrix5
2026-05-21T21:23:11,95.3,32.0,sensor1_raspberry,5,TH0,4,0,107,254,20.000,20.792,11690491,520135,5606860,280343.000000,SUCCESS,sync_counter,sync_with_sensor2_IC1_TH2
2026-05-21T21:23:11,95.3,32.0,sensor2_serial,1,2,6,2,120,254,20.000,20.792,11699247,13500940,1801693,90084.650000,SUCCESS,sync_sigmoid,sync_with_sensor1_matrix5
2026-05-21T21:23:34,95.3,32.0,sensor1_raspberry,5,TH0,4,0,107,253,20.000,20.741,821341,2341172,1519831,75991.550000,SUCCESS,sync_counter,sync_with_sensor2_IC1_TH2
2026-05-21T21:23:34,95.3,32.0,sensor2_serial,1,2,6,2,120,253,20.000,20.741,13674793,15499727,1824934,91246.700000,SUCCESS,sync_sigmoid,sync_with_sensor1_matrix5
2026-05-21T21:23:57,95.3,32.0,sensor1_raspberry,5,TH0,4,0,107,252,20.000,20.744,2429811,2969103,539292,26964.600000,SUCCESS,sync_counter,sync_with_sensor2_IC1_TH2
2026-05-21T21:23:57,95.3,32.0,sensor2_serial,1,2,6,2,120,252,20.000,20.744,15671986,929901,2035131,101756.550000,SUCCESS,sync_sigmoid,sync_with_sensor1_matrix5
2026-05-21T21:24:20,95.3,32.0,sensor1_raspberry,5,TH0,4,0,107,251,20.000,20.780,2995676,3110629,114953,5747.650000,SUCCESS,sync_counter,sync_with_sensor2_IC1_TH2
2026-05-21T21:24:20,95.3,32.0,sensor2_serial,1,2,6,2,120,251,20.000,20.780,1115352,3143852,2028500,101425.000000,SUCCESS,sync_sigmoid,sync_with_sensor1_matrix5
2026-05-21T21:24:43,95.3,32.0,sensor1_raspberry,5,TH0,4,0,107,250,20.000,20.718,3117622,3151937,34315,1715.750000,SUCCESS,sync_counter,sync_with_sensor2_IC1_TH2
2026-05-21T21:24:43,95.3,32.0,sensor2_serial,1,2,6,2,120,250,20.000,20.718,3348894,5632580,2283686,114184.300000,SUCCESS,sync_sigmoid,sync_with_sensor1_matrix5
2026-05-21T21:25:05,95.3,32.0,sensor1_raspberry,5,TH0,4,0,107,249,20.000,20.774,3153545,3156289,2744,137.200000,SUCCESS,sync_counter,sync_with_sensor2_IC1_TH2
2026-05-21T21:25:05,95.3,32.0,sensor2_serial,1,2,6,2,120,249,20.000,20.774,5852484,8408451,2555967,127798.350000,SUCCESS,sync_sigmoid,sync_with_sensor1_matrix5
2026-05-21T21:25:28,95.3,32.0,sensor1_raspberry,5,TH0,4,0,107,248,20.000,20.760,3156468,3157243,775,38.750000,SUCCESS,sync_counter,sync_with_sensor2_IC1_TH2
2026-05-21T21:25:28,95.3,32.0,sensor2_serial,1,2,6,2,120,248,20.000,20.760,8658516,11541361,2882845,144142.250000,SUCCESS,sync_sigmoid,sync_with_sensor1_matrix5
2026-05-21T21:25:51,95.3,32.0,sensor1_raspberry,5,TH0,4,0,107,247,20.000,20.758,3157305,3157598,293,14.650000,SUCCESS,sync_counter,sync_with_sensor2_IC1_TH2
2026-05-21T21:25:51,95.3,32.0,sensor2_serial,1,2,6,2,120,247,20.000,20.758,11832980,14871664,3038684,151934.200000,SUCCESS,sync_sigmoid,sync_with_sensor1_matrix5
2026-05-21T21:26:14,95.3,32.0,sensor1_raspberry,5,TH0,4,0,107,246,20.000,20.753,3157615,3157796,181,9.050000,SUCCESS,sync_counter,sync_with_sensor2_IC1_TH2
2026-05-21T21:26:14,95.3,32.0,sensor2_serial,1,2,6,2,120,246,20.000,20.753,15162480,1056917,2671653,133582.650000,SUCCESS,sync_sigmoid,sync_with_sensor1_matrix5
2026-05-21T21:26:37,95.3,32.0,sensor1_raspberry,5,TH0,4,0,107,245,20.000,20.716,3157813,3157969,156,7.800000,SUCCESS,sync_counter,sync_with_sensor2_IC1_TH2
2026-05-21T21:26:37,95.3,32.0,sensor2_serial,1,2,6,2,120,245,20.000,20.716,1325268,3652219,2326951,116347.550000,SUCCESS,sync_sigmoid,sync_with_sensor1_matrix5
2026-05-21T21:27:00,95.3,32.0,sensor1_raspberry,5,TH0,4,0,107,244,20.000,20.747,3157986,3158125,139,6.950000,SUCCESS,sync_counter,sync_with_sensor2_IC1_TH2
2026-05-21T21:27:00,95.3,32.0,sensor2_serial,1,2,6,2,120,244,20.000,20.747,3871098,5385020,1513922,75696.100000,SUCCESS,sync_sigmoid,sync_with_sensor1_matrix5
2026-05-21T21:27:23,95.3,32.0,sensor1_raspberry,5,TH0,4,0,107,243,20.000,20.762,3158146,3158295,149,7.450000,SUCCESS,sync_counter,sync_with_sensor2_IC1_TH2
2026-05-21T21:27:23,95.3,32.0,sensor2_serial,1,2,6,2,120,243,20.000,20.762,5535046,6644209,1109163,55458.150000,SUCCESS,sync_sigmoid,sync_with_sensor1_matrix5
2026-05-21T21:27:45,95.3,32.0,sensor1_raspberry,5,TH0,4,0,107,242,20.000,20.758,3158316,3158493,177,8.850000,SUCCESS,sync_counter,sync_with_sensor2_IC1_TH2
2026-05-21T21:27:45,95.3,32.0,sensor2_serial,1,2,6,2,120,242,20.000,20.758,6741347,7263456,522109,26105.450000,SUCCESS,sync_sigmoid,sync_with_sensor1_matrix5
2026-05-21T21:28:08,95.3,32.0,sensor1_raspberry,5,TH0,4,0,107,241,20.000,20.764,3158519,3158668,149,7.450000,SUCCESS,sync_counter,sync_with_sensor2_IC1_TH2
2026-05-21T21:28:08,95.3,32.0,sensor2_serial,1,2,6,2,120,241,20.000,20.764,7329286,7757949,428663,21433.150000,SUCCESS,sync_sigmoid,sync_with_sensor1_matrix5
2026-05-21T21:28:31,95.3,32.0,sensor1_raspberry,5,TH0,4,0,107,240,20.000,20.732,3158686,3158837,151,7.550000,SUCCESS,sync_counter,sync_with_sensor2_IC1_TH2
2026-05-21T21:28:31,95.3,32.0,sensor2_serial,1,2,6,2,120,240,20.000,20.732,7802868,8009643,206775,10338.750000,SUCCESS,sync_sigmoid,sync_with_sensor1_matrix5
2026-05-21T21:28:54,95.3,32.0,sensor1_raspberry,5,TH0,4,0,107,239,20.000,20.722,3158847,3159020,173,8.650000,SUCCESS,sync_counter,sync_with_sensor2_IC1_TH2
2026-05-21T21:28:54,95.3,32.0,sensor2_serial,1,2,6,2,120,239,20.000,20.722,8025716,8115927,90211,4510.550000,SUCCESS,sync_sigmoid,sync_with_sensor1_matrix5
2026-05-21T21:29:17,95.3,32.0,sensor1_raspberry,5,TH0,4,0,107,238,20.000,20.692,3159044,3159208,164,8.200000,SUCCESS,sync_counter,sync_with_sensor2_IC1_TH2
2026-05-21T21:29:17,95.3,32.0,sensor2_serial,1,2,6,2,120,238,20.000,20.692,8123626,8158507,34881,1744.050000,SUCCESS,sync_sigmoid,sync_with_sensor1_matrix5
2026-05-21T21:29:40,95.3,32.0,sensor1_raspberry,5,TH0,4,0,107,237,20.000,20.780,3159221,3159384,163,8.150000,SUCCESS,sync_counter,sync_with_sensor2_IC1_TH2
2026-05-21T21:29:40,95.3,32.0,sensor2_serial,1,2,6,2,120,237,20.000,20.780,8161511,8182404,20893,1044.650000,SUCCESS,sync_sigmoid,sync_with_sensor1_matrix5
2026-05-21T21:30:03,95.3,32.0,sensor1_raspberry,5,TH0,4,0,107,236,20.000,20.777,3159391,3159549,158,7.900000,SUCCESS,sync_counter,sync_with_sensor2_IC1_TH2
2026-05-21T21:30:03,95.3,32.0,sensor2_serial,1,2,6,2,120,236,20.000,20.777,8184431,8192313,7882,394.100000,SUCCESS,sync_sigmoid,sync_with_sensor1_matrix5
2026-05-21T21:30:25,95.3,32.0,sensor1_raspberry,5,TH0,4,0,107,235,20.000,20.759,3159555,3159717,162,8.100000,SUCCESS,sync_counter,sync_with_sensor2_IC1_TH2
2026-05-21T21:30:25,95.3,32.0,sensor2_serial,1,2,6,2,120,235,20.000,20.759,8193152,8197245,4093,204.650000,SUCCESS,sync_sigmoid,sync_with_sensor1_matrix5
2026-05-21T21:30:48,95.3,32.0,sensor1_raspberry,5,TH0,4,0,107,234,20.000,20.714,3159721,3159857,136,6.800000,SUCCESS,sync_counter,sync_with_sensor2_IC1_TH2
2026-05-21T21:30:48,95.3,32.0,sensor2_serial,1,2,6,2,120,234,20.000,20.714,8197682,8199105,1423,71.150000,SUCCESS,sync_sigmoid,sync_with_sensor1_matrix5
2026-05-21T21:31:11,95.3,32.0,sensor1_raspberry,5,TH0,4,0,107,233,20.000,20.736,3159874,3160051,177,8.850000,SUCCESS,sync_counter,sync_with_sensor2_IC1_TH2
2026-05-21T21:31:11,95.3,32.0,sensor2_serial,1,2,6,2,120,233,20.000,20.736,8199270,8199996,726,36.300000,SUCCESS,sync_sigmoid,sync_with_sensor1_matrix5
2026-05-21T21:31:34,95.3,32.0,sensor1_raspberry,5,TH0,4,0,107,232,20.000,20.733,3160069,3160245,176,8.800000,SUCCESS,sync_counter,sync_with_sensor2_IC1_TH2
2026-05-21T21:31:34,95.3,32.0,sensor2_serial,1,2,6,2,120,232,20.000,20.733,8200097,8200433,336,16.800000,SUCCESS,sync_sigmoid,sync_with_sensor1_matrix5
2026-05-21T21:31:57,95.3,32.0,sensor1_raspberry,5,TH0,4,0,107,231,20.000,20.783,3160266,3160432,166,8.300000,SUCCESS,sync_counter,sync_with_sensor2_IC1_TH2
2026-05-21T21:31:57,95.3,32.0,sensor2_serial,1,2,6,2,120,231,20.000,20.783,8200477,8200664,187,9.350000,SUCCESS,sync_sigmoid,sync_with_sensor1_matrix5
2026-05-21T21:32:20,95.3,32.0,sensor1_raspberry,5,TH0,4,0,107,230,20.000,20.737,3160452,3160611,159,7.950000,SUCCESS,sync_counter,sync_with_sensor2_IC1_TH2
2026-05-21T21:32:20,95.3,32.0,sensor2_serial,1,2,6,2,120,230,20.000,20.737,8200700,8200848,148,7.400000,SUCCESS,sync_sigmoid,sync_with_sensor1_matrix5
2026-05-21T21:32:42,95.3,32.0,sensor1_raspberry,5,TH0,4,0,107,229,20.000,20.720,3160625,3160774,149,7.450000,SUCCESS,sync_counter,sync_with_sensor2_IC1_TH2
2026-05-21T21:32:42,95.3,32.0,sensor2_serial,1,2,6,2,120,229,20.000,20.720,8200883,8201022,139,6.950000,SUCCESS,sync_sigmoid,sync_with_sensor1_matrix5
2026-05-21T21:33:05,95.3,32.0,sensor1_raspberry,5,TH0,4,0,107,228,20.000,20.750,3160798,3160931,133,6.650000,SUCCESS,sync_counter,sync_with_sensor2_IC1_TH2
2026-05-21T21:33:05,95.3,32.0,sensor2_serial,1,2,6,2,120,228,20.000,20.750,8201061,8201209,148,7.400000,SUCCESS,sync_sigmoid,sync_with_sensor1_matrix5
2026-05-21T21:33:28,95.3,32.0,sensor1_raspberry,5,TH0,4,0,107,227,20.000,20.743,3160946,3161087,141,7.050000,SUCCESS,sync_counter,sync_with_sensor2_IC1_TH2
2026-05-21T21:33:28,95.3,32.0,sensor2_serial,1,2,6,2,120,227,20.000,20.743,8201228,8201352,124,6.200000,SUCCESS,sync_sigmoid,sync_with_sensor1_matrix5
2026-05-21T21:33:51,95.3,32.0,sensor1_raspberry,5,TH0,4,0,107,226,20.000,20.731,3161104,3161242,138,6.900000,SUCCESS,sync_counter,sync_with_sensor2_IC1_TH2
2026-05-21T21:33:51,95.3,32.0,sensor2_serial,1,2,6,2,120,226,20.000,20.731,8201381,8201510,129,6.450000,SUCCESS,sync_sigmoid,sync_with_sensor1_matrix5
2026-05-21T21:34:14,95.3,32.0,sensor1_raspberry,5,TH0,4,0,107,225,20.000,20.748,3161257,3161415,158,7.900000,SUCCESS,sync_counter,sync_with_sensor2_IC1_TH2
2026-05-21T21:34:14,95.3,32.0,sensor2_serial,1,2,6,2,120,225,20.000,20.748,8201534,8201642,108,5.400000,SUCCESS,sync_sigmoid,sync_with_sensor1_matrix5
2026-05-21T21:34:37,95.3,32.0,sensor1_raspberry,5,TH0,4,0,107,224,20.000,20.771,3161432,3161574,142,7.100000,SUCCESS,sync_counter,sync_with_sensor2_IC1_TH2
2026-05-21T21:34:37,95.3,32.0,sensor2_serial,1,2,6,2,120,224,20.000,20.771,8201668,8201783,115,5.750000,SUCCESS,sync_sigmoid,sync_with_sensor1_matrix5
2026-05-21T21:35:00,95.3,32.0,sensor1_raspberry,5,TH0,4,0,107,223,20.000,20.775,3161587,3161746,159,7.950000,SUCCESS,sync_counter,sync_with_sensor2_IC1_TH2
2026-05-21T21:35:00,95.3,32.0,sensor2_serial,1,2,6,2,120,223,20.000,20.775,8201810,8201939,129,6.450000,SUCCESS,sync_sigmoid,sync_with_sensor1_matrix5
2026-05-21T21:35:22,95.3,32.0,sensor1_raspberry,5,TH0,4,0,107,222,20.000,20.763,3161762,3161904,142,7.100000,SUCCESS,sync_counter,sync_with_sensor2_IC1_TH2
2026-05-21T21:35:22,95.3,32.0,sensor2_serial,1,2,6,2,120,222,20.000,20.763,8201957,8202092,135,6.750000,SUCCESS,sync_sigmoid,sync_with_sensor1_matrix5
2026-05-21T21:35:45,95.3,32.0,sensor1_raspberry,5,TH0,4,0,107,221,20.000,20.728,3161921,3162087,166,8.300000,SUCCESS,sync_counter,sync_with_sensor2_IC1_TH2
2026-05-21T21:35:45,95.3,32.0,sensor2_serial,1,2,6,2,120,221,20.000,20.728,8202102,8202243,141,7.050000,SUCCESS,sync_sigmoid,sync_with_sensor1_matrix5
2026-05-21T21:36:08,95.3,32.0,sensor1_raspberry,5,TH0,4,0,107,220,20.000,20.744,3162101,3162263,162,8.100000,SUCCESS,sync_counter,sync_with_sensor2_IC1_TH2
2026-05-21T21:36:08,95.3,32.0,sensor2_serial,1,2,6,2,120,220,20.000,20.744,8202265,8202390,125,6.250000,SUCCESS,sync_sigmoid,sync_with_sensor1_matrix5
2026-05-21T21:36:31,95.3,32.0,sensor1_raspberry,5,TH0,4,0,107,219,20.000,20.750,3162281,3162428,147,7.350000,SUCCESS,sync_counter,sync_with_sensor2_IC1_TH2
2026-05-21T21:36:31,95.3,32.0,sensor2_serial,1,2,6,2,120,219,20.000,20.750,8202411,8202545,134,6.700000,SUCCESS,sync_sigmoid,sync_with_sensor1_matrix5
2026-05-21T21:36:54,95.3,32.0,sensor1_raspberry,5,TH0,4,0,107,218,20.000,20.727,3162445,3162600,155,7.750000,SUCCESS,sync_counter,sync_with_sensor2_IC1_TH2
2026-05-21T21:36:54,95.3,32.0,sensor2_serial,1,2,6,2,120,218,20.000,20.727,8202565,8202681,116,5.800000,SUCCESS,sync_sigmoid,sync_with_sensor1_matrix5
2026-05-21T21:37:17,95.3,32.0,sensor1_raspberry,5,TH0,4,0,107,217,20.000,20.783,3162613,3162773,160,8.000000,SUCCESS,sync_counter,sync_with_sensor2_IC1_TH2
2026-05-21T21:37:17,95.3,32.0,sensor2_serial,1,2,6,2,120,217,20.000,20.783,8202698,8202809,111,5.550000,SUCCESS,sync_sigmoid,sync_with_sensor1_matrix5
2026-05-21T21:37:40,95.3,32.0,sensor1_raspberry,5,TH0,4,0,107,216,20.000,20.729,3162785,3162937,152,7.600000,SUCCESS,sync_counter,sync_with_sensor2_IC1_TH2
2026-05-21T21:37:40,95.3,32.0,sensor2_serial,1,2,6,2,120,216,20.000,20.729,8202833,8202939,106,5.300000,SUCCESS,sync_sigmoid,sync_with_sensor1_matrix5
2026-05-21T21:38:02,95.3,32.0,sensor1_raspberry,5,TH0,4,0,107,215,20.000,20.743,3162951,3163100,149,7.450000,SUCCESS,sync_counter,sync_with_sensor2_IC1_TH2
2026-05-21T21:38:02,95.3,32.0,sensor2_serial,1,2,6,2,120,215,20.000,20.743,8202958,8203043,85,4.250000,SUCCESS,sync_sigmoid,sync_with_sensor1_matrix5
2026-05-21T21:38:25,95.3,32.0,sensor1_raspberry,5,TH0,4,0,107,214,20.000,20.730,3163113,3163287,174,8.700000,SUCCESS,sync_counter,sync_with_sensor2_IC1_TH2
2026-05-21T21:38:25,95.3,32.0,sensor2_serial,1,2,6,2,120,214,20.000,20.730,8203058,8203165,107,5.350000,SUCCESS,sync_sigmoid,sync_with_sensor1_matrix5
2026-05-21T21:38:48,95.3,32.0,sensor1_raspberry,5,TH0,4,0,107,213,20.000,20.733,3163300,3163473,173,8.650000,SUCCESS,sync_counter,sync_with_sensor2_IC1_TH2
2026-05-21T21:38:48,95.3,32.0,sensor2_serial,1,2,6,2,120,213,20.000,20.733,8203185,8203289,104,5.200000,SUCCESS,sync_sigmoid,sync_with_sensor1_matrix5
2026-05-21T21:39:11,95.3,32.0,sensor1_raspberry,5,TH0,4,0,107,212,20.000,20.750,3163490,3163640,150,7.500000,SUCCESS,sync_counter,sync_with_sensor2_IC1_TH2
2026-05-21T21:39:11,95.3,32.0,sensor2_serial,1,2,6,2,120,212,20.000,20.750,8203305,8203397,92,4.600000,SUCCESS,sync_sigmoid,sync_with_sensor1_matrix5
2026-05-21T21:39:34,95.3,32.0,sensor1_raspberry,5,TH0,4,0,107,211,20.000,20.781,3163648,3163788,140,7.000000,SUCCESS,sync_counter,sync_with_sensor2_IC1_TH2
2026-05-21T21:39:34,95.3,32.0,sensor2_serial,1,2,6,2,120,211,20.000,20.781,8203411,8203519,108,5.400000,SUCCESS,sync_sigmoid,sync_with_sensor1_matrix5
2026-05-21T21:39:57,95.3,32.0,sensor1_raspberry,5,TH0,4,0,107,210,20.000,20.751,3163806,3163961,155,7.750000,SUCCESS,sync_counter,sync_with_sensor2_IC1_TH2
2026-05-21T21:39:57,95.3,32.0,sensor2_serial,1,2,6,2,120,210,20.000,20.751,8203535,8203633,98,4.900000,SUCCESS,sync_sigmoid,sync_with_sensor1_matrix5
2026-05-21T21:40:20,95.3,32.0,sensor1_raspberry,5,TH0,4,0,107,209,20.000,20.760,3163977,3164141,164,8.200000,SUCCESS,sync_counter,sync_with_sensor2_IC1_TH2
2026-05-21T21:40:20,95.3,32.0,sensor2_serial,1,2,6,2,120,209,20.000,20.760,8203643,8203762,119,5.950000,SUCCESS,sync_sigmoid,sync_with_sensor1_matrix5
2026-05-21T21:40:42,95.3,32.0,sensor1_raspberry,5,TH0,4,0,107,208,20.000,20.796,3164159,3164310,151,7.550000,SUCCESS,sync_counter,sync_with_sensor2_IC1_TH2
2026-05-21T21:40:42,95.3,32.0,sensor2_serial,1,2,6,2,120,208,20.000,20.796,8203777,8203876,99,4.950000,SUCCESS,sync_sigmoid,sync_with_sensor1_matrix5
2026-05-21T21:41:05,95.3,32.0,sensor1_raspberry,5,TH0,4,0,107,207,20.000,20.684,3164321,3164467,146,7.300000,SUCCESS,sync_counter,sync_with_sensor2_IC1_TH2
2026-05-21T21:41:05,95.3,32.0,sensor2_serial,1,2,6,2,120,207,20.000,20.684,8203884,8203981,97,4.850000,SUCCESS,sync_sigmoid,sync_with_sensor1_matrix5
2026-05-21T21:41:28,95.3,32.0,sensor1_raspberry,5,TH0,4,0,107,206,20.000,20.748,3164490,3164630,140,7.000000,SUCCESS,sync_counter,sync_with_sensor2_IC1_TH2
2026-05-21T21:41:28,95.3,32.0,sensor2_serial,1,2,6,2,120,206,20.000,20.748,8203987,8204077,90,4.500000,SUCCESS,sync_sigmoid,sync_with_sensor1_matrix5
2026-05-21T21:41:51,95.3,32.0,sensor1_raspberry,5,TH0,4,0,107,205,20.000,20.774,3164640,3164795,155,7.750000,SUCCESS,sync_counter,sync_with_sensor2_IC1_TH2
2026-05-21T21:41:51,95.3,32.0,sensor2_serial,1,2,6,2,120,205,20.000,20.774,8204095,8204197,102,5.100000,SUCCESS,sync_sigmoid,sync_with_sensor1_matrix5
2026-05-21T21:42:14,95.3,32.0,sensor1_raspberry,5,TH0,4,0,107,204,20.000,20.713,3164814,3164964,150,7.500000,SUCCESS,sync_counter,sync_with_sensor2_IC1_TH2
2026-05-21T21:42:14,95.3,32.0,sensor2_serial,1,2,6,2,120,204,20.000,20.713,8204211,8204323,112,5.600000,SUCCESS,sync_sigmoid,sync_with_sensor1_matrix5
2026-05-21T21:42:37,95.3,32.0,sensor1_raspberry,5,TH0,4,0,107,203,20.000,20.743,3164985,3165138,153,7.650000,SUCCESS,sync_counter,sync_with_sensor2_IC1_TH2
2026-05-21T21:42:37,95.3,32.0,sensor2_serial,1,2,6,2,120,203,20.000,20.743,8204332,8204440,108,5.400000,SUCCESS,sync_sigmoid,sync_with_sensor1_matrix5
2026-05-21T21:43:00,95.3,32.0,sensor1_raspberry,5,TH0,4,0,107,202,20.000,20.797,3165152,3165314,162,8.100000,SUCCESS,sync_counter,sync_with_sensor2_IC1_TH2
2026-05-21T21:43:00,95.3,32.0,sensor2_serial,1,2,6,2,120,202,20.000,20.797,8204448,8204542,94,4.700000,SUCCESS,sync_sigmoid,sync_with_sensor1_matrix5
2026-05-21T21:43:23,95.3,32.0,sensor1_raspberry,5,TH0,4,0,107,201,20.000,20.770,3165333,3165443,110,5.500000,SUCCESS,sync_counter,sync_with_sensor2_IC1_TH2
2026-05-21T21:43:23,95.3,32.0,sensor2_serial,1,2,6,2,120,201,20.000,20.770,8204548,8204638,90,4.500000,SUCCESS,sync_sigmoid,sync_with_sensor1_matrix5
2026-05-21T21:43:45,95.3,32.0,sensor1_raspberry,5,TH0,4,0,107,200,20.000,20.783,3165457,3165629,172,8.600000,SUCCESS,sync_counter,sync_with_sensor2_IC1_TH2
2026-05-21T21:43:45,95.3,32.0,sensor2_serial,1,2,6,2,120,200,20.000,20.783,8204652,8204740,88,4.400000,SUCCESS,sync_sigmoid,sync_with_sensor1_matrix5
2026-05-21T21:44:08,95.3,32.0,sensor1_raspberry,5,TH0,4,0,107,199,20.000,20.717,3165640,3165789,149,7.450000,SUCCESS,sync_counter,sync_with_sensor2_IC1_TH2
2026-05-21T21:44:08,95.3,32.0,sensor2_serial,1,2,6,2,120,199,20.000,20.717,8204745,8204832,87,4.350000,SUCCESS,sync_sigmoid,sync_with_sensor1_matrix5
2026-05-21T21:44:31,95.3,32.0,sensor1_raspberry,5,TH0,4,0,107,198,20.000,20.763,3165801,3165933,132,6.600000,SUCCESS,sync_counter,sync_with_sensor2_IC1_TH2
2026-05-21T21:44:31,95.3,32.0,sensor2_serial,1,2,6,2,120,198,20.000,20.763,8204840,8204929,89,4.450000,SUCCESS,sync_sigmoid,sync_with_sensor1_matrix5
2026-05-21T21:44:54,95.3,32.0,sensor1_raspberry,5,TH0,4,0,107,197,20.000,20.727,3165948,3166090,142,7.100000,SUCCESS,sync_counter,sync_with_sensor2_IC1_TH2
2026-05-21T21:44:54,95.3,32.0,sensor2_serial,1,2,6,2,120,197,20.000,20.727,8204940,8205017,77,3.850000,SUCCESS,sync_sigmoid,sync_with_sensor1_matrix5
2026-05-21T21:45:17,95.3,32.0,sensor1_raspberry,5,TH0,4,0,107,196,20.000,20.739,3166105,3166287,182,9.100000,SUCCESS,sync_counter,sync_with_sensor2_IC1_TH2
2026-05-21T21:45:17,95.3,32.0,sensor2_serial,1,2,6,2,120,196,20.000,20.739,8205027,8205122,95,4.750000,SUCCESS,sync_sigmoid,sync_with_sensor1_matrix5
2026-05-21T21:45:40,95.3,32.0,sensor1_raspberry,5,TH0,4,0,107,195,20.000,20.748,3166302,3166441,139,6.950000,SUCCESS,sync_counter,sync_with_sensor2_IC1_TH2
2026-05-21T21:45:40,95.3,32.0,sensor2_serial,1,2,6,2,120,195,20.000,20.748,8205128,8205212,84,4.200000,SUCCESS,sync_sigmoid,sync_with_sensor1_matrix5
2026-05-21T21:46:03,95.3,32.0,sensor1_raspberry,5,TH0,4,0,107,194,20.000,20.756,3166461,3166619,158,7.900000,SUCCESS,sync_counter,sync_with_sensor2_IC1_TH2
2026-05-21T21:46:03,95.3,32.0,sensor2_serial,1,2,6,2,120,194,20.000,20.756,8205224,8205291,67,3.350000,SUCCESS,sync_sigmoid,sync_with_sensor1_matrix5
2026-05-21T21:46:25,95.3,32.0,sensor1_raspberry,5,TH0,4,0,107,193,20.000,20.737,3166631,3166772,141,7.050000,SUCCESS,sync_counter,sync_with_sensor2_IC1_TH2
2026-05-21T21:46:25,95.3,32.0,sensor2_serial,1,2,6,2,120,193,20.000,20.737,8205293,8205363,70,3.500000,SUCCESS,sync_sigmoid,sync_with_sensor1_matrix5
2026-05-21T21:46:48,95.3,32.0,sensor1_raspberry,5,TH0,4,0,107,192,20.000,20.723,3166784,3166917,133,6.650000,SUCCESS,sync_counter,sync_with_sensor2_IC1_TH2
2026-05-21T21:46:48,95.3,32.0,sensor2_serial,1,2,6,2,120,192,20.000,20.723,8205373,8205448,75,3.750000,SUCCESS,sync_sigmoid,sync_with_sensor1_matrix5
2026-05-21T21:47:11,95.3,32.0,sensor1_raspberry,5,TH0,4,0,107,191,20.000,20.739,3166933,3167063,130,6.500000,SUCCESS,sync_counter,sync_with_sensor2_IC1_TH2
2026-05-21T21:47:11,95.3,32.0,sensor2_serial,1,2,6,2,120,191,20.000,20.739,8205455,8205535,80,4.000000,SUCCESS,sync_sigmoid,sync_with_sensor1_matrix5
2026-05-21T21:47:34,95.3,32.0,sensor1_raspberry,5,TH0,4,0,107,190,20.000,20.729,3167082,3167242,160,8.000000,SUCCESS,sync_counter,sync_with_sensor2_IC1_TH2
2026-05-21T21:47:34,95.3,32.0,sensor2_serial,1,2,6,2,120,190,20.000,20.729,8205544,8205634,90,4.500000,SUCCESS,sync_sigmoid,sync_with_sensor1_matrix5
2026-05-21T21:47:57,95.3,32.0,sensor1_raspberry,5,TH0,4,0,107,189,20.000,20.717,3167253,3167414,161,8.050000,SUCCESS,sync_counter,sync_with_sensor2_IC1_TH2
2026-05-21T21:47:57,95.3,32.0,sensor2_serial,1,2,6,2,120,189,20.000,20.717,8205644,8205715,71,3.550000,SUCCESS,sync_sigmoid,sync_with_sensor1_matrix5
2026-05-21T21:48:20,95.3,32.0,sensor1_raspberry,5,TH0,4,0,107,188,20.000,20.752,3167437,3167564,127,6.350000,SUCCESS,sync_counter,sync_with_sensor2_IC1_TH2
2026-05-21T21:48:20,95.3,32.0,sensor2_serial,1,2,6,2,120,188,20.000,20.752,8205719,8205799,80,4.000000,SUCCESS,sync_sigmoid,sync_with_sensor1_matrix5
2026-05-21T21:48:42,95.3,32.0,sensor1_raspberry,5,TH0,4,0,107,187,20.000,20.762,3167572,3167707,135,6.750000,SUCCESS,sync_counter,sync_with_sensor2_IC1_TH2
2026-05-21T21:48:42,95.3,32.0,sensor2_serial,1,2,6,2,120,187,20.000,20.762,8205805,8205877,72,3.600000,SUCCESS,sync_sigmoid,sync_with_sensor1_matrix5
2026-05-21T21:49:05,95.3,32.0,sensor1_raspberry,5,TH0,4,0,107,186,20.000,20.701,3167726,3167869,143,7.150000,SUCCESS,sync_counter,sync_with_sensor2_IC1_TH2
2026-05-21T21:49:05,95.3,32.0,sensor2_serial,1,2,6,2,120,186,20.000,20.701,8205885,8205934,49,2.450000,SUCCESS,sync_sigmoid,sync_with_sensor1_matrix5
2026-05-21T21:49:28,95.3,32.0,sensor1_raspberry,5,TH0,4,0,107,185,20.000,20.762,3167886,3168016,130,6.500000,SUCCESS,sync_counter,sync_with_sensor2_IC1_TH2
2026-05-21T21:49:28,95.3,32.0,sensor2_serial,1,2,6,2,120,185,20.000,20.762,8205939,8206005,66,3.300000,SUCCESS,sync_sigmoid,sync_with_sensor1_matrix5
2026-05-21T21:49:51,95.3,32.0,sensor1_raspberry,5,TH0,4,0,107,184,20.000,20.747,3168024,3168163,139,6.950000,SUCCESS,sync_counter,sync_with_sensor2_IC1_TH2
2026-05-21T21:49:51,95.3,32.0,sensor2_serial,1,2,6,2,120,184,20.000,20.747,8206011,8206093,82,4.100000,SUCCESS,sync_sigmoid,sync_with_sensor1_matrix5
2026-05-21T21:50:14,95.3,32.0,sensor1_raspberry,5,TH0,4,0,107,183,20.000,20.792,3168180,3168329,149,7.450000,SUCCESS,sync_counter,sync_with_sensor2_IC1_TH2
2026-05-21T21:50:14,95.3,32.0,sensor2_serial,1,2,6,2,120,183,20.000,20.792,8206102,8206149,47,2.350000,SUCCESS,sync_sigmoid,sync_with_sensor1_matrix5
2026-05-21T21:50:37,95.3,32.0,sensor1_raspberry,5,TH0,4,0,107,182,20.000,20.741,3168352,3168507,155,7.750000,SUCCESS,sync_counter,sync_with_sensor2_IC1_TH2
2026-05-21T21:50:37,95.3,32.0,sensor2_serial,1,2,6,2,120,182,20.000,20.741,8206156,8206222,66,3.300000,SUCCESS,sync_sigmoid,sync_with_sensor1_matrix5
2026-05-21T21:50:59,95.3,32.0,sensor1_raspberry,5,TH0,4,0,107,181,20.000,20.758,3168522,3168659,137,6.850000,SUCCESS,sync_counter,sync_with_sensor2_IC1_TH2
2026-05-21T21:50:59,95.3,32.0,sensor2_serial,1,2,6,2,120,181,20.000,20.758,8206226,8206278,52,2.600000,SUCCESS,sync_sigmoid,sync_with_sensor1_matrix5
2026-05-21T21:51:22,95.3,32.0,sensor1_raspberry,5,TH0,4,0,107,180,20.000,20.776,3168671,3168823,152,7.600000,SUCCESS,sync_counter,sync_with_sensor2_IC1_TH2
2026-05-21T21:51:22,95.3,32.0,sensor2_serial,1,2,6,2,120,180,20.000,20.776,8206283,8206334,51,2.550000,SUCCESS,sync_sigmoid,sync_with_sensor1_matrix5
2026-05-21T21:51:45,95.3,32.0,sensor1_raspberry,5,TH0,4,0,107,179,20.000,20.698,3168835,3168969,134,6.700000,SUCCESS,sync_counter,sync_with_sensor2_IC1_TH2
2026-05-21T21:51:45,95.3,32.0,sensor2_serial,1,2,6,2,120,179,20.000,20.698,8206341,8206394,53,2.650000,SUCCESS,sync_sigmoid,sync_with_sensor1_matrix5
2026-05-21T21:52:08,95.3,32.0,sensor1_raspberry,5,TH0,4,0,107,178,20.000,20.721,3168974,3169107,133,6.650000,SUCCESS,sync_counter,sync_with_sensor2_IC1_TH2
2026-05-21T21:52:08,95.3,32.0,sensor2_serial,1,2,6,2,120,178,20.000,20.721,8206400,8206449,49,2.450000,SUCCESS,sync_sigmoid,sync_with_sensor1_matrix5
2026-05-21T21:52:31,95.3,32.0,sensor1_raspberry,5,TH0,4,0,107,177,20.000,20.762,3169120,3169275,155,7.750000,SUCCESS,sync_counter,sync_with_sensor2_IC1_TH2
2026-05-21T21:52:31,95.3,32.0,sensor2_serial,1,2,6,2,120,177,20.000,20.762,8206451,8206502,51,2.550000,SUCCESS,sync_sigmoid,sync_with_sensor1_matrix5
2026-05-21T21:52:54,95.3,32.0,sensor1_raspberry,5,TH0,4,0,107,176,20.000,20.769,3169284,3169408,124,6.200000,SUCCESS,sync_counter,sync_with_sensor2_IC1_TH2
2026-05-21T21:52:54,95.3,32.0,sensor2_serial,1,2,6,2,120,176,20.000,20.769,8206509,8206554,45,2.250000,SUCCESS,sync_sigmoid,sync_with_sensor1_matrix5
2026-05-21T21:53:17,95.3,32.0,sensor1_raspberry,5,TH0,4,0,107,175,20.000,20.731,3169423,3169556,133,6.650000,SUCCESS,sync_counter,sync_with_sensor2_IC1_TH2
2026-05-21T21:53:17,95.3,32.0,sensor2_serial,1,2,6,2,120,175,20.000,20.731,8206557,8206614,57,2.850000,SUCCESS,sync_sigmoid,sync_with_sensor1_matrix5
2026-05-21T21:53:39,95.3,32.0,sensor1_raspberry,5,TH0,4,0,107,174,20.000,20.732,3169568,3169676,108,5.400000,SUCCESS,sync_counter,sync_with_sensor2_IC1_TH2
2026-05-21T21:53:39,95.3,32.0,sensor2_serial,1,2,6,2,120,174,20.000,20.732,8206623,8206677,54,2.700000,SUCCESS,sync_sigmoid,sync_with_sensor1_matrix5
2026-05-21T21:54:02,95.3,32.0,sensor1_raspberry,5,TH0,4,0,107,173,20.000,20.745,3169690,3169815,125,6.250000,SUCCESS,sync_counter,sync_with_sensor2_IC1_TH2
2026-05-21T21:54:02,95.3,32.0,sensor2_serial,1,2,6,2,120,173,20.000,20.745,8206680,8206716,36,1.800000,SUCCESS,sync_sigmoid,sync_with_sensor1_matrix5
2026-05-21T21:54:25,95.3,32.0,sensor1_raspberry,5,TH0,4,0,107,172,20.000,20.770,3169828,3169967,139,6.950000,SUCCESS,sync_counter,sync_with_sensor2_IC1_TH2
2026-05-21T21:54:25,95.3,32.0,sensor2_serial,1,2,6,2,120,172,20.000,20.770,8206720,8206768,48,2.400000,SUCCESS,sync_sigmoid,sync_with_sensor1_matrix5
2026-05-21T21:54:48,95.3,32.0,sensor1_raspberry,5,TH0,4,0,107,171,20.000,20.754,3169980,3170095,115,5.750000,SUCCESS,sync_counter,sync_with_sensor2_IC1_TH2
2026-05-21T21:54:48,95.3,32.0,sensor2_serial,1,2,6,2,120,171,20.000,20.754,8206773,8206811,38,1.900000,SUCCESS,sync_sigmoid,sync_with_sensor1_matrix5
2026-05-21T21:55:11,95.3,32.0,sensor1_raspberry,5,TH0,4,0,107,170,20.000,20.737,3170106,3170228,122,6.100000,SUCCESS,sync_counter,sync_with_sensor2_IC1_TH2
2026-05-21T21:55:11,95.3,32.0,sensor2_serial,1,2,6,2,120,170,20.000,20.737,8206816,8206860,44,2.200000,SUCCESS,sync_sigmoid,sync_with_sensor1_matrix5
2026-05-21T21:55:34,95.3,32.0,sensor1_raspberry,5,TH0,4,0,107,169,20.000,20.692,3170239,3170367,128,6.400000,SUCCESS,sync_counter,sync_with_sensor2_IC1_TH2
2026-05-21T21:55:34,95.3,32.0,sensor2_serial,1,2,6,2,120,169,20.000,20.692,8206867,8206903,36,1.800000,SUCCESS,sync_sigmoid,sync_with_sensor1_matrix5
2026-05-21T21:55:57,95.3,32.0,sensor1_raspberry,5,TH0,4,0,107,168,20.000,20.753,3170376,3170504,128,6.400000,SUCCESS,sync_counter,sync_with_sensor2_IC1_TH2
2026-05-21T21:55:57,95.3,32.0,sensor2_serial,1,2,6,2,120,168,20.000,20.753,8206907,8206938,31,1.550000,SUCCESS,sync_sigmoid,sync_with_sensor1_matrix5
2026-05-21T21:56:19,95.3,32.0,sensor1_raspberry,5,TH0,4,0,107,167,20.000,20.782,3170514,3170618,104,5.200000,SUCCESS,sync_counter,sync_with_sensor2_IC1_TH2
2026-05-21T21:56:19,95.3,32.0,sensor2_serial,1,2,6,2,120,167,20.000,20.782,8206943,8206979,36,1.800000,SUCCESS,sync_sigmoid,sync_with_sensor1_matrix5
2026-05-21T21:56:42,95.3,32.0,sensor1_raspberry,5,TH0,4,0,107,166,20.000,20.743,3170624,3170725,101,5.050000,SUCCESS,sync_counter,sync_with_sensor2_IC1_TH2
2026-05-21T21:56:42,95.3,32.0,sensor2_serial,1,2,6,2,120,166,20.000,20.743,8206983,8207018,35,1.750000,SUCCESS,sync_sigmoid,sync_with_sensor1_matrix5
2026-05-21T21:57:05,95.3,32.0,sensor1_raspberry,5,TH0,4,0,107,165,20.000,20.744,3170732,3170849,117,5.850000,SUCCESS,sync_counter,sync_with_sensor2_IC1_TH2
2026-05-21T21:57:05,95.3,32.0,sensor2_serial,1,2,6,2,120,165,20.000,20.744,8207024,8207051,27,1.350000,SUCCESS,sync_sigmoid,sync_with_sensor1_matrix5
2026-05-21T21:57:28,95.3,32.0,sensor1_raspberry,5,TH0,4,0,107,164,20.000,20.731,3170869,3170985,116,5.800000,SUCCESS,sync_counter,sync_with_sensor2_IC1_TH2
2026-05-21T21:57:28,95.3,32.0,sensor2_serial,1,2,6,2,120,164,20.000,20.731,8207054,8207083,29,1.450000,SUCCESS,sync_sigmoid,sync_with_sensor1_matrix5
2026-05-21T21:57:51,95.3,32.0,sensor1_raspberry,5,TH0,4,0,107,163,20.000,20.747,3170999,3171103,104,5.200000,SUCCESS,sync_counter,sync_with_sensor2_IC1_TH2
2026-05-21T21:57:51,95.3,32.0,sensor2_serial,1,2,6,2,120,163,20.000,20.747,8207088,8207117,29,1.450000,SUCCESS,sync_sigmoid,sync_with_sensor1_matrix5
2026-05-21T21:58:14,95.3,32.0,sensor1_raspberry,5,TH0,4,0,107,162,20.000,20.729,3171113,3171237,124,6.200000,SUCCESS,sync_counter,sync_with_sensor2_IC1_TH2
2026-05-21T21:58:14,95.3,32.0,sensor2_serial,1,2,6,2,120,162,20.000,20.729,8207118,8207143,25,1.250000,SUCCESS,sync_sigmoid,sync_with_sensor1_matrix5
2026-05-21T21:58:37,95.3,32.0,sensor1_raspberry,5,TH0,4,0,107,161,20.000,20.738,3171250,3171366,116,5.800000,SUCCESS,sync_counter,sync_with_sensor2_IC1_TH2
2026-05-21T21:58:37,95.3,32.0,sensor2_serial,1,2,6,2,120,161,20.000,20.738,8207143,8207172,29,1.450000,SUCCESS,sync_sigmoid,sync_with_sensor1_matrix5
2026-05-21T21:58:59,95.3,32.0,sensor1_raspberry,5,TH0,4,0,107,160,20.000,20.753,3171376,3171485,109,5.450000,SUCCESS,sync_counter,sync_with_sensor2_IC1_TH2
2026-05-21T21:58:59,95.3,32.0,sensor2_serial,1,2,6,2,120,160,20.000,20.753,8207176,8207206,30,1.500000,SUCCESS,sync_sigmoid,sync_with_sensor1_matrix5
2026-05-21T21:59:22,95.3,32.0,sensor1_raspberry,5,TH0,4,0,107,159,20.000,20.765,3171497,3171580,83,4.150000,SUCCESS,sync_counter,sync_with_sensor2_IC1_TH2
2026-05-21T21:59:22,95.3,32.0,sensor2_serial,1,2,6,2,120,159,20.000,20.765,8207208,8207240,32,1.600000,SUCCESS,sync_sigmoid,sync_with_sensor1_matrix5
2026-05-21T21:59:45,95.3,32.0,sensor1_raspberry,5,TH0,4,0,107,158,20.000,20.779,3171589,3171674,85,4.250000,SUCCESS,sync_counter,sync_with_sensor2_IC1_TH2
2026-05-21T21:59:45,95.3,32.0,sensor2_serial,1,2,6,2,120,158,20.000,20.779,8207242,8207262,20,1.000000,SUCCESS,sync_sigmoid,sync_with_sensor1_matrix5
2026-05-21T22:00:08,95.3,32.0,sensor1_raspberry,5,TH0,4,0,107,157,20.000,20.740,3171682,3171768,86,4.300000,SUCCESS,sync_counter,sync_with_sensor2_IC1_TH2
2026-05-21T22:00:08,95.3,32.0,sensor2_serial,1,2,6,2,120,157,20.000,20.740,8207267,8207285,18,0.900000,SUCCESS,sync_sigmoid,sync_with_sensor1_matrix5
2026-05-21T22:00:31,95.3,32.0,sensor1_raspberry,5,TH0,4,0,107,156,20.000,20.740,3171778,3171870,92,4.600000,SUCCESS,sync_counter,sync_with_sensor2_IC1_TH2
2026-05-21T22:00:31,95.3,32.0,sensor2_serial,1,2,6,2,120,156,20.000,20.740,8207288,8207306,18,0.900000,SUCCESS,sync_sigmoid,sync_with_sensor1_matrix5
2026-05-21T22:00:54,95.3,32.0,sensor1_raspberry,5,TH0,4,0,107,155,20.000,20.750,3171876,3171971,95,4.750000,SUCCESS,sync_counter,sync_with_sensor2_IC1_TH2
2026-05-21T22:00:54,95.3,32.0,sensor2_serial,1,2,6,2,120,155,20.000,20.750,8207309,8207321,12,0.600000,SUCCESS,sync_sigmoid,sync_with_sensor1_matrix5
2026-05-21T22:01:16,95.3,32.0,sensor1_raspberry,5,TH0,4,0,107,154,20.000,20.721,3171982,3172045,63,3.150000,SUCCESS,sync_counter,sync_with_sensor2_IC1_TH2
2026-05-21T22:01:16,95.3,32.0,sensor2_serial,1,2,6,2,120,154,20.000,20.721,8207327,8207338,11,0.550000,SUCCESS,sync_sigmoid,sync_with_sensor1_matrix5
2026-05-21T22:01:39,95.3,32.0,sensor1_raspberry,5,TH0,4,0,107,153,20.000,20.741,3172059,3172160,101,5.050000,SUCCESS,sync_counter,sync_with_sensor2_IC1_TH2
2026-05-21T22:01:39,95.3,32.0,sensor2_serial,1,2,6,2,120,153,20.000,20.741,8207338,8207348,10,0.500000,SUCCESS,sync_sigmoid,sync_with_sensor1_matrix5
2026-05-21T22:02:02,95.3,32.0,sensor1_raspberry,5,TH0,4,0,107,152,20.000,20.768,3172166,3172253,87,4.350000,SUCCESS,sync_counter,sync_with_sensor2_IC1_TH2
2026-05-21T22:02:02,95.3,32.0,sensor2_serial,1,2,6,2,120,152,20.000,20.768,8207352,8207370,18,0.900000,SUCCESS,sync_sigmoid,sync_with_sensor1_matrix5
2026-05-21T22:02:25,95.3,32.0,sensor1_raspberry,5,TH0,4,0,107,151,20.000,20.735,3172259,3172353,94,4.700000,SUCCESS,sync_counter,sync_with_sensor2_IC1_TH2
2026-05-21T22:02:25,95.3,32.0,sensor2_serial,1,2,6,2,120,151,20.000,20.735,8207371,8207381,10,0.500000,SUCCESS,sync_sigmoid,sync_with_sensor1_matrix5
2026-05-21T22:02:48,95.3,32.0,sensor1_raspberry,5,TH0,4,0,107,150,20.000,20.728,3172361,3172435,74,3.700000,SUCCESS,sync_counter,sync_with_sensor2_IC1_TH2
2026-05-21T22:02:48,95.3,32.0,sensor2_serial,1,2,6,2,120,150,20.000,20.728,8207381,8207392,11,0.550000,SUCCESS,sync_sigmoid,sync_with_sensor1_matrix5
2026-05-21T22:03:11,95.3,32.0,sensor1_raspberry,5,TH0,4,0,107,149,20.000,20.776,3172443,3172507,64,3.200000,SUCCESS,sync_counter,sync_with_sensor2_IC1_TH2
2026-05-21T22:03:11,95.3,32.0,sensor2_serial,1,2,6,2,120,149,20.000,20.776,8207393,8207406,13,0.650000,SUCCESS,sync_sigmoid,sync_with_sensor1_matrix5
2026-05-21T22:03:34,95.3,32.0,sensor1_raspberry,5,TH0,4,0,107,148,20.000,20.753,3172515,3172575,60,3.000000,SUCCESS,sync_counter,sync_with_sensor2_IC1_TH2
2026-05-21T22:03:34,95.3,32.0,sensor2_serial,1,2,6,2,120,148,20.000,20.753,8207408,8207419,11,0.550000,SUCCESS,sync_sigmoid,sync_with_sensor1_matrix5
2026-05-21T22:03:57,95.3,32.0,sensor1_raspberry,5,TH0,4,0,107,147,20.000,20.826,3172583,3172644,61,3.050000,SUCCESS,sync_counter,sync_with_sensor2_IC1_TH2
2026-05-21T22:03:57,95.3,32.0,sensor2_serial,1,2,6,2,120,147,20.000,20.826,8207420,8207425,5,0.250000,SUCCESS,sync_sigmoid,sync_with_sensor1_matrix5
2026-05-21T22:04:19,95.3,32.0,sensor1_raspberry,5,TH0,4,0,107,146,20.000,20.785,3172655,3172712,57,2.850000,SUCCESS,sync_counter,sync_with_sensor2_IC1_TH2
2026-05-21T22:04:19,95.3,32.0,sensor2_serial,1,2,6,2,120,146,20.000,20.785,8207425,8207436,11,0.550000,SUCCESS,sync_sigmoid,sync_with_sensor1_matrix5
2026-05-21T22:04:42,95.3,32.0,sensor1_raspberry,5,TH0,4,0,107,145,20.000,20.748,3172718,3172755,37,1.850000,SUCCESS,sync_counter,sync_with_sensor2_IC1_TH2
2026-05-21T22:04:42,95.3,32.0,sensor2_serial,1,2,6,2,120,145,20.000,20.748,8207436,8207447,11,0.550000,SUCCESS,sync_sigmoid,sync_with_sensor1_matrix5
2026-05-21T22:05:05,95.3,32.0,sensor1_raspberry,5,TH0,4,0,107,144,20.000,20.767,3172762,3172812,50,2.500000,SUCCESS,sync_counter,sync_with_sensor2_IC1_TH2
2026-05-21T22:05:05,95.3,32.0,sensor2_serial,1,2,6,2,120,144,20.000,20.767,8207447,8207453,6,0.300000,SUCCESS,sync_sigmoid,sync_with_sensor1_matrix5
2026-05-21T22:05:28,95.3,32.0,sensor1_raspberry,5,TH0,4,0,107,143,20.000,20.731,3172819,3172869,50,2.500000,SUCCESS,sync_counter,sync_with_sensor2_IC1_TH2
2026-05-21T22:05:28,95.3,32.0,sensor2_serial,1,2,6,2,120,143,20.000,20.731,8207455,8207460,5,0.250000,SUCCESS,sync_sigmoid,sync_with_sensor1_matrix5
2026-05-21T22:05:51,95.3,32.0,sensor1_raspberry,5,TH0,4,0,107,142,20.000,20.728,3172871,3172912,41,2.050000,SUCCESS,sync_counter,sync_with_sensor2_IC1_TH2
2026-05-21T22:05:51,95.3,32.0,sensor2_serial,1,2,6,2,120,142,20.000,20.728,8207461,8207470,9,0.450000,SUCCESS,sync_sigmoid,sync_with_sensor1_matrix5
2026-05-21T22:06:14,95.3,32.0,sensor1_raspberry,5,TH0,4,0,107,141,20.000,20.765,3172913,3172959,46,2.300000,SUCCESS,sync_counter,sync_with_sensor2_IC1_TH2
2026-05-21T22:06:14,95.3,32.0,sensor2_serial,1,2,6,2,120,141,20.000,20.765,8207470,8207479,9,0.450000,SUCCESS,sync_sigmoid,sync_with_sensor1_matrix5
2026-05-21T22:06:37,95.3,32.0,sensor1_raspberry,5,TH0,4,0,107,140,20.000,20.722,3172966,3173003,37,1.850000,SUCCESS,sync_counter,sync_with_sensor2_IC1_TH2
2026-05-21T22:06:37,95.3,32.0,sensor2_serial,1,2,6,2,120,140,20.000,20.722,8207479,8207487,8,0.400000,SUCCESS,sync_sigmoid,sync_with_sensor1_matrix5
2026-05-21T22:06:59,95.3,32.0,sensor1_raspberry,5,TH0,4,0,107,139,20.000,20.763,3173007,3173045,38,1.900000,SUCCESS,sync_counter,sync_with_sensor2_IC1_TH2
2026-05-21T22:06:59,95.3,32.0,sensor2_serial,1,2,6,2,120,139,20.000,20.763,8207487,8207488,1,0.050000,SUCCESS,sync_sigmoid,sync_with_sensor1_matrix5
2026-05-21T22:07:22,95.3,32.0,sensor1_raspberry,5,TH0,4,0,107,138,20.000,20.745,3173046,3173085,39,1.950000,SUCCESS,sync_counter,sync_with_sensor2_IC1_TH2
2026-05-21T22:07:22,95.3,32.0,sensor2_serial,1,2,6,2,120,138,20.000,20.745,8207488,8207494,6,0.300000,SUCCESS,sync_sigmoid,sync_with_sensor1_matrix5
2026-05-21T22:07:45,95.3,32.0,sensor1_raspberry,5,TH0,4,0,107,137,20.000,20.759,3173087,3173124,37,1.850000,SUCCESS,sync_counter,sync_with_sensor2_IC1_TH2
2026-05-21T22:07:45,95.3,32.0,sensor2_serial,1,2,6,2,120,137,20.000,20.759,8207495,8207500,5,0.250000,SUCCESS,sync_sigmoid,sync_with_sensor1_matrix5
2026-05-21T22:08:08,95.3,32.0,sensor1_raspberry,5,TH0,4,0,107,136,20.000,20.734,3173126,3173156,30,1.500000,SUCCESS,sync_counter,sync_with_sensor2_IC1_TH2
2026-05-21T22:08:08,95.3,32.0,sensor2_serial,1,2,6,2,120,136,20.000,20.734,8207501,8207506,5,0.250000,SUCCESS,sync_sigmoid,sync_with_sensor1_matrix5
2026-05-21T22:08:31,95.3,32.0,sensor1_raspberry,5,TH0,4,0,107,135,20.000,20.721,3173158,3173188,30,1.500000,SUCCESS,sync_counter,sync_with_sensor2_IC1_TH2
2026-05-21T22:08:31,95.3,32.0,sensor2_serial,1,2,6,2,120,135,20.000,20.721,8207507,8207513,6,0.300000,SUCCESS,sync_sigmoid,sync_with_sensor1_matrix5
2026-05-21T22:08:54,95.3,32.0,sensor1_raspberry,5,TH0,4,0,107,134,20.000,20.740,3173188,3173211,23,1.150000,SUCCESS,sync_counter,sync_with_sensor2_IC1_TH2
2026-05-21T22:08:54,95.3,32.0,sensor2_serial,1,2,6,2,120,134,20.000,20.740,8207513,8207516,3,0.150000,SUCCESS,sync_sigmoid,sync_with_sensor1_matrix5
2026-05-21T22:09:16,95.3,32.0,sensor1_raspberry,5,TH0,4,0,107,133,20.000,20.742,3173214,3173238,24,1.200000,SUCCESS,sync_counter,sync_with_sensor2_IC1_TH2
2026-05-21T22:09:16,95.3,32.0,sensor2_serial,1,2,6,2,120,133,20.000,20.742,8207516,8207520,4,0.200000,SUCCESS,sync_sigmoid,sync_with_sensor1_matrix5
2026-05-21T22:09:39,95.3,32.0,sensor1_raspberry,5,TH0,4,0,107,132,20.000,20.788,3173239,3173255,16,0.800000,SUCCESS,sync_counter,sync_with_sensor2_IC1_TH2
2026-05-21T22:09:39,95.3,32.0,sensor2_serial,1,2,6,2,120,132,20.000,20.788,8207522,8207524,2,0.100000,SUCCESS,sync_sigmoid,sync_with_sensor1_matrix5
2026-05-21T22:10:02,95.3,32.0,sensor1_raspberry,5,TH0,4,0,107,131,20.000,20.697,3173255,3173277,22,1.100000,SUCCESS,sync_counter,sync_with_sensor2_IC1_TH2
2026-05-21T22:10:02,95.3,32.0,sensor2_serial,1,2,6,2,120,131,20.000,20.697,8207524,8207525,1,0.050000,SUCCESS,sync_sigmoid,sync_with_sensor1_matrix5
2026-05-21T22:10:25,95.3,32.0,sensor1_raspberry,5,TH0,4,0,107,130,20.000,20.733,3173278,3173293,15,0.750000,SUCCESS,sync_counter,sync_with_sensor2_IC1_TH2
2026-05-21T22:10:25,95.3,32.0,sensor2_serial,1,2,6,2,120,130,20.000,20.733,8207525,8207527,2,0.100000,SUCCESS,sync_sigmoid,sync_with_sensor1_matrix5
2026-05-21T22:10:48,95.3,32.0,sensor1_raspberry,5,TH0,4,0,107,129,20.000,20.751,3173294,3173301,7,0.350000,SUCCESS,sync_counter,sync_with_sensor2_IC1_TH2
2026-05-21T22:10:48,95.3,32.0,sensor2_serial,1,2,6,2,120,129,20.000,20.751,8207527,8207530,3,0.150000,SUCCESS,sync_sigmoid,sync_with_sensor1_matrix5
2026-05-21T22:11:11,95.3,32.0,sensor1_raspberry,5,TH0,4,0,107,128,20.000,20.755,3173301,3173308,7,0.350000,SUCCESS,sync_counter,sync_with_sensor2_IC1_TH2
2026-05-21T22:11:11,95.3,32.0,sensor2_serial,1,2,6,2,120,128,20.000,20.755,8207530,8207532,2,0.100000,SUCCESS,sync_sigmoid,sync_with_sensor1_matrix5
2026-05-21T22:11:34,95.3,32.0,sensor1_raspberry,5,TH0,4,0,107,127,20.000,20.733,3173309,3173323,14,0.700000,SUCCESS,sync_counter,sync_with_sensor2_IC1_TH2
2026-05-21T22:11:34,95.3,32.0,sensor2_serial,1,2,6,2,120,127,20.000,20.733,8207532,8207533,1,0.050000,SUCCESS,sync_sigmoid,sync_with_sensor1_matrix5
2026-05-21T22:11:56,95.3,32.0,sensor1_raspberry,5,TH0,4,0,107,126,20.000,20.760,3173325,3173344,19,0.950000,SUCCESS,sync_counter,sync_with_sensor2_IC1_TH2
2026-05-21T22:11:56,95.3,32.0,sensor2_serial,1,2,6,2,120,126,20.000,20.760,8207533,8207534,1,0.050000,SUCCESS,sync_sigmoid,sync_with_sensor1_matrix5
2026-05-21T22:12:19,95.3,32.0,sensor1_raspberry,5,TH0,4,0,107,125,20.000,20.758,3173347,3173359,12,0.600000,SUCCESS,sync_counter,sync_with_sensor2_IC1_TH2
2026-05-21T22:12:19,95.3,32.0,sensor2_serial,1,2,6,2,120,125,20.000,20.758,8207534,8207535,1,0.050000,SUCCESS,sync_sigmoid,sync_with_sensor1_matrix5
2026-05-21T22:12:42,95.3,32.0,sensor1_raspberry,5,TH0,4,0,107,124,20.000,20.736,3173359,3173370,11,0.550000,SUCCESS,sync_counter,sync_with_sensor2_IC1_TH2
2026-05-21T22:12:42,95.3,32.0,sensor2_serial,1,2,6,2,120,124,20.000,20.736,8207535,8207537,2,0.100000,SUCCESS,sync_sigmoid,sync_with_sensor1_matrix5
2026-05-21T22:13:05,95.3,32.0,sensor1_raspberry,5,TH0,4,0,107,123,20.000,20.745,3173371,3173379,8,0.400000,SUCCESS,sync_counter,sync_with_sensor2_IC1_TH2
2026-05-21T22:13:05,95.3,32.0,sensor2_serial,1,2,6,2,120,123,20.000,20.745,8207537,8207537,0,0.000000,SUCCESS,sync_sigmoid,sync_with_sensor1_matrix5
2026-05-21T22:13:28,95.3,32.0,sensor1_raspberry,5,TH0,4,0,107,122,20.000,20.745,3173379,3173387,8,0.400000,SUCCESS,sync_counter,sync_with_sensor2_IC1_TH2
2026-05-21T22:13:28,95.3,32.0,sensor2_serial,1,2,6,2,120,122,20.000,20.745,8207537,8207538,1,0.050000,SUCCESS,sync_sigmoid,sync_with_sensor1_matrix5
2026-05-21T22:13:51,95.3,32.0,sensor1_raspberry,5,TH0,4,0,107,121,20.000,20.706,3173387,3173392,5,0.250000,SUCCESS,sync_counter,sync_with_sensor2_IC1_TH2
2026-05-21T22:13:51,95.3,32.0,sensor2_serial,1,2,6,2,120,121,20.000,20.706,8207538,8207538,0,0.000000,SUCCESS,sync_sigmoid,sync_with_sensor1_matrix5
2026-05-21T22:14:13,95.3,32.0,sensor1_raspberry,5,TH0,4,0,107,120,20.000,20.778,3173392,3173396,4,0.200000,SUCCESS,sync_counter,sync_with_sensor2_IC1_TH2
2026-05-21T22:14:13,95.3,32.0,sensor2_serial,1,2,6,2,120,120,20.000,20.778,8207538,8207538,0,0.000000,SUCCESS,sync_sigmoid,sync_with_sensor1_matrix5
2026-05-21T22:14:46,96.3,31.0,sensor1_raspberry,5,TH0,4,0,107,255,20.000,20.768,3653813,11313299,7659486,382974.300000,SUCCESS,sync_counter,sync_with_sensor2_IC1_TH0
2026-05-21T22:14:46,96.3,31.0,sensor2_serial,1,0,4,0,120,255,20.000,20.768,11224143,14645372,3421229,171061.450000,SUCCESS,sync_sigmoid,sync_with_sensor1_matrix5
2026-05-21T22:15:09,96.3,31.0,sensor1_raspberry,5,TH0,4,0,107,254,20.000,20.718,11969446,625616,5433386,271669.300000,SUCCESS,sync_counter,sync_with_sensor2_IC1_TH0
2026-05-21T22:15:09,96.3,31.0,sensor2_serial,1,0,4,0,120,254,20.000,20.718,14991564,1745673,3531325,176566.250000,SUCCESS,sync_sigmoid,sync_with_sensor1_matrix5
2026-05-21T22:15:32,96.3,31.0,sensor1_raspberry,5,TH0,4,0,107,253,20.000,20.774,910860,2241590,1330730,66536.500000,SUCCESS,sync_counter,sync_with_sensor2_IC1_TH0
2026-05-21T22:15:32,96.3,31.0,sensor2_serial,1,0,4,0,120,253,20.000,20.774,2082501,5415692,3333191,166659.550000,SUCCESS,sync_sigmoid,sync_with_sensor1_matrix5
2026-05-21T22:15:55,96.3,31.0,sensor1_raspberry,5,TH0,4,0,107,252,20.000,20.733,2328491,2806930,478439,23921.950000,SUCCESS,sync_counter,sync_with_sensor2_IC1_TH0
2026-05-21T22:15:55,96.3,31.0,sensor2_serial,1,0,4,0,120,252,20.000,20.733,5745504,8608270,2862766,143138.300000,SUCCESS,sync_sigmoid,sync_with_sensor1_matrix5
2026-05-21T22:16:17,96.3,31.0,sensor1_raspberry,5,TH0,4,0,107,251,20.000,20.786,2832393,2940852,108459,5422.950000,SUCCESS,sync_counter,sync_with_sensor2_IC1_TH0
2026-05-21T22:16:17,96.3,31.0,sensor2_serial,1,0,4,0,120,251,20.000,20.786,8872438,11036079,2163641,108182.050000,SUCCESS,sync_sigmoid,sync_with_sensor1_matrix5
2026-05-21T22:16:40,96.3,31.0,sensor1_raspberry,5,TH0,4,0,107,250,20.000,20.776,2946456,2978387,31931,1596.550000,SUCCESS,sync_counter,sync_with_sensor2_IC1_TH0
2026-05-21T22:16:40,96.3,31.0,sensor2_serial,1,0,4,0,120,250,20.000,20.776,11227865,12484809,1256944,62847.200000,SUCCESS,sync_sigmoid,sync_with_sensor1_matrix5
2026-05-21T22:17:03,96.3,31.0,sensor1_raspberry,5,TH0,4,0,107,249,20.000,20.760,2980050,2982561,2511,125.550000,SUCCESS,sync_counter,sync_with_sensor2_IC1_TH0
2026-05-21T22:17:03,96.3,31.0,sensor2_serial,1,0,4,0,120,249,20.000,20.760,12611579,13342965,731386,36569.300000,SUCCESS,sync_sigmoid,sync_with_sensor1_matrix5
2026-05-21T22:17:26,96.3,31.0,sensor1_raspberry,5,TH0,4,0,107,248,20.000,20.742,2982732,2983418,686,34.300000,SUCCESS,sync_counter,sync_with_sensor2_IC1_TH0
2026-05-21T22:17:26,96.3,31.0,sensor2_serial,1,0,4,0,120,248,20.000,20.742,13413868,13822127,408259,20412.950000,SUCCESS,sync_sigmoid,sync_with_sensor1_matrix5
2026-05-21T22:17:49,96.3,31.0,sensor1_raspberry,5,TH0,4,0,107,247,20.000,20.745,2983467,2983751,284,14.200000,SUCCESS,sync_counter,sync_with_sensor2_IC1_TH0
2026-05-21T22:17:49,96.3,31.0,sensor2_serial,1,0,4,0,120,247,20.000,20.745,13862528,14203534,341006,17050.300000,SUCCESS,sync_sigmoid,sync_with_sensor1_matrix5
2026-05-21T22:18:12,96.3,31.0,sensor1_raspberry,5,TH0,4,0,107,246,20.000,20.739,2983783,2983978,195,9.750000,SUCCESS,sync_counter,sync_with_sensor2_IC1_TH0
2026-05-21T22:18:12,96.3,31.0,sensor2_serial,1,0,4,0,120,246,20.000,20.739,14236938,14389377,152439,7621.950000,SUCCESS,sync_sigmoid,sync_with_sensor1_matrix5
2026-05-21T22:18:35,96.3,31.0,sensor1_raspberry,5,TH0,4,0,107,245,20.000,20.749,2983990,2984187,197,9.850000,SUCCESS,sync_counter,sync_with_sensor2_IC1_TH0
2026-05-21T22:18:35,96.3,31.0,sensor2_serial,1,0,4,0,120,245,20.000,20.749,14389422,14473321,83899,4194.950000,SUCCESS,sync_sigmoid,sync_with_sensor1_matrix5
2026-05-21T22:18:57,96.3,31.0,sensor1_raspberry,5,TH0,4,0,107,244,20.000,20.760,2984205,2984410,205,10.250000,SUCCESS,sync_counter,sync_with_sensor2_IC1_TH0
2026-05-21T22:18:57,96.3,31.0,sensor2_serial,1,0,4,0,120,244,20.000,20.760,14473354,14508219,34865,1743.250000,SUCCESS,sync_sigmoid,sync_with_sensor1_matrix5
2026-05-21T22:19:20,96.3,31.0,sensor1_raspberry,5,TH0,4,0,107,243,20.000,20.788,2984429,2984595,166,8.300000,SUCCESS,sync_counter,sync_with_sensor2_IC1_TH0
2026-05-21T22:19:20,96.3,31.0,sensor2_serial,1,0,4,0,120,243,20.000,20.788,14508251,14511053,2802,140.100000,SUCCESS,sync_sigmoid,sync_with_sensor1_matrix5
2026-05-21T22:19:43,96.3,31.0,sensor1_raspberry,5,TH0,4,0,107,242,20.000,20.744,2984613,2984765,152,7.600000,SUCCESS,sync_counter,sync_with_sensor2_IC1_TH0
2026-05-21T22:19:43,96.3,31.0,sensor2_serial,1,0,4,0,120,242,20.000,20.744,14521823,14522890,1067,53.350000,SUCCESS,sync_sigmoid,sync_with_sensor1_matrix5
2026-05-21T22:20:06,96.3,31.0,sensor1_raspberry,5,TH0,4,0,107,241,20.000,20.751,2984785,2984945,160,8.000000,SUCCESS,sync_counter,sync_with_sensor2_IC1_TH0
2026-05-21T22:20:06,96.3,31.0,sensor2_serial,1,0,4,0,120,241,20.000,20.751,14527301,14527663,362,18.100000,SUCCESS,sync_sigmoid,sync_with_sensor1_matrix5
2026-05-21T22:20:29,96.3,31.0,sensor1_raspberry,5,TH0,4,0,107,240,20.000,20.739,2984966,2985142,176,8.800000,SUCCESS,sync_counter,sync_with_sensor2_IC1_TH0
2026-05-21T22:20:29,96.3,31.0,sensor2_serial,1,0,4,0,120,240,20.000,20.739,14529193,14529416,223,11.150000,SUCCESS,sync_sigmoid,sync_with_sensor1_matrix5
2026-05-21T22:20:52,96.3,31.0,sensor1_raspberry,5,TH0,4,0,107,239,20.000,20.764,2985153,2985313,160,8.000000,SUCCESS,sync_counter,sync_with_sensor2_IC1_TH0
2026-05-21T22:20:52,96.3,31.0,sensor2_serial,1,0,4,0,120,239,20.000,20.764,14530109,14530204,95,4.750000,SUCCESS,sync_sigmoid,sync_with_sensor1_matrix5
2026-05-21T22:21:15,96.3,31.0,sensor1_raspberry,5,TH0,4,0,107,238,20.000,20.745,2985334,2985474,140,7.000000,SUCCESS,sync_counter,sync_with_sensor2_IC1_TH0
2026-05-21T22:21:15,96.3,31.0,sensor2_serial,1,0,4,0,120,238,20.000,20.745,14530485,14530534,49,2.450000,SUCCESS,sync_sigmoid,sync_with_sensor1_matrix5
2026-05-21T22:21:37,96.3,31.0,sensor1_raspberry,5,TH0,4,0,107,237,20.000,20.749,2985494,2985658,164,8.200000,SUCCESS,sync_counter,sync_with_sensor2_IC1_TH0
2026-05-21T22:21:37,96.3,31.0,sensor2_serial,1,0,4,0,120,237,20.000,20.749,14530736,14530774,38,1.900000,SUCCESS,sync_sigmoid,sync_with_sensor1_matrix5
2026-05-21T22:22:00,96.3,31.0,sensor1_raspberry,5,TH0,4,0,107,236,20.000,20.785,2985676,2985839,163,8.150000,SUCCESS,sync_counter,sync_with_sensor2_IC1_TH0
2026-05-21T22:22:00,96.3,31.0,sensor2_serial,1,0,4,0,120,236,20.000,20.785,14530929,14530959,30,1.500000,SUCCESS,sync_sigmoid,sync_with_sensor1_matrix5
2026-05-21T22:22:23,96.3,31.0,sensor1_raspberry,5,TH0,4,0,107,235,20.000,20.731,2985852,2986006,154,7.700000,SUCCESS,sync_counter,sync_with_sensor2_IC1_TH0
2026-05-21T22:22:23,96.3,31.0,sensor2_serial,1,0,4,0,120,235,20.000,20.731,14531104,14531137,33,1.650000,SUCCESS,sync_sigmoid,sync_with_sensor1_matrix5
2026-05-21T22:22:46,96.3,31.0,sensor1_raspberry,5,TH0,4,0,107,234,20.000,20.755,2986021,2986169,148,7.400000,SUCCESS,sync_counter,sync_with_sensor2_IC1_TH0
2026-05-21T22:22:46,96.3,31.0,sensor2_serial,1,0,4,0,120,234,20.000,20.755,14531296,14531334,38,1.900000,SUCCESS,sync_sigmoid,sync_with_sensor1_matrix5
2026-05-21T22:23:09,96.3,31.0,sensor1_raspberry,5,TH0,4,0,107,233,20.000,20.729,2986200,2986395,195,9.750000,SUCCESS,sync_counter,sync_with_sensor2_IC1_TH0
2026-05-21T22:23:09,96.3,31.0,sensor2_serial,1,0,4,0,120,233,20.000,20.729,14531492,14531511,19,0.950000,SUCCESS,sync_sigmoid,sync_with_sensor1_matrix5
2026-05-21T22:23:32,96.3,31.0,sensor1_raspberry,5,TH0,4,0,107,232,20.000,20.744,2986411,2986571,160,8.000000,SUCCESS,sync_counter,sync_with_sensor2_IC1_TH0
2026-05-21T22:23:32,96.3,31.0,sensor2_serial,1,0,4,0,120,232,20.000,20.744,14531663,14531685,22,1.100000,SUCCESS,sync_sigmoid,sync_with_sensor1_matrix5
2026-05-21T22:23:55,96.3,31.0,sensor1_raspberry,5,TH0,4,0,107,231,20.000,20.750,2986579,2986746,167,8.350000,SUCCESS,sync_counter,sync_with_sensor2_IC1_TH0
2026-05-21T22:23:55,96.3,31.0,sensor2_serial,1,0,4,0,120,231,20.000,20.750,14531827,14531854,27,1.350000,SUCCESS,sync_sigmoid,sync_with_sensor1_matrix5
2026-05-21T22:24:17,96.3,31.0,sensor1_raspberry,5,TH0,4,0,107,230,20.000,20.732,2986762,2986900,138,6.900000,SUCCESS,sync_counter,sync_with_sensor2_IC1_TH0
2026-05-21T22:24:17,96.3,31.0,sensor2_serial,1,0,4,0,120,230,20.000,20.732,14531977,14532004,27,1.350000,SUCCESS,sync_sigmoid,sync_with_sensor1_matrix5
2026-05-21T22:24:40,96.3,31.0,sensor1_raspberry,5,TH0,4,0,107,229,20.000,20.758,2986917,2987070,153,7.650000,SUCCESS,sync_counter,sync_with_sensor2_IC1_TH0
2026-05-21T22:24:40,96.3,31.0,sensor2_serial,1,0,4,0,120,229,20.000,20.758,14532157,14532179,22,1.100000,SUCCESS,sync_sigmoid,sync_with_sensor1_matrix5
2026-05-21T22:25:03,96.3,31.0,sensor1_raspberry,5,TH0,4,0,107,228,20.000,20.753,2987093,2987254,161,8.050000,SUCCESS,sync_counter,sync_with_sensor2_IC1_TH0
2026-05-21T22:25:03,96.3,31.0,sensor2_serial,1,0,4,0,120,228,20.000,20.753,14532321,14532342,21,1.050000,SUCCESS,sync_sigmoid,sync_with_sensor1_matrix5
2026-05-21T22:25:26,96.3,31.0,sensor1_raspberry,5,TH0,4,0,107,227,20.000,20.717,2987272,2987440,168,8.400000,SUCCESS,sync_counter,sync_with_sensor2_IC1_TH0
2026-05-21T22:25:26,96.3,31.0,sensor2_serial,1,0,4,0,120,227,20.000,20.717,14532470,14532497,27,1.350000,SUCCESS,sync_sigmoid,sync_with_sensor1_matrix5
2026-05-21T22:25:49,96.3,31.0,sensor1_raspberry,5,TH0,4,0,107,226,20.000,20.709,2987465,2987636,171,8.550000,SUCCESS,sync_counter,sync_with_sensor2_IC1_TH0
2026-05-21T22:25:49,96.3,31.0,sensor2_serial,1,0,4,0,120,226,20.000,20.709,14532638,14532661,23,1.150000,SUCCESS,sync_sigmoid,sync_with_sensor1_matrix5
2026-05-21T22:26:11,96.3,31.0,sensor1_raspberry,5,TH0,4,0,107,225,20.000,20.766,2987664,2987830,166,8.300000,SUCCESS,sync_counter,sync_with_sensor2_IC1_TH0
2026-05-21T22:26:11,96.3,31.0,sensor2_serial,1,0,4,0,120,225,20.000,20.766,14532826,14532847,21,1.050000,SUCCESS,sync_sigmoid,sync_with_sensor1_matrix5
2026-05-21T22:26:34,96.3,31.0,sensor1_raspberry,5,TH0,4,0,107,224,20.000,20.752,2987844,2987998,154,7.700000,SUCCESS,sync_counter,sync_with_sensor2_IC1_TH0
2026-05-21T22:26:34,96.3,31.0,sensor2_serial,1,0,4,0,120,224,20.000,20.752,14532997,14533020,23,1.150000,SUCCESS,sync_sigmoid,sync_with_sensor1_matrix5
2026-05-21T22:26:57,96.3,31.0,sensor1_raspberry,5,TH0,4,0,107,223,20.000,20.727,2988017,2988189,172,8.600000,SUCCESS,sync_counter,sync_with_sensor2_IC1_TH0
2026-05-21T22:26:57,96.3,31.0,sensor2_serial,1,0,4,0,120,223,20.000,20.727,14533162,14533179,17,0.850000,SUCCESS,sync_sigmoid,sync_with_sensor1_matrix5
2026-05-21T22:27:20,96.3,31.0,sensor1_raspberry,5,TH0,4,0,107,222,20.000,20.726,2988208,2988393,185,9.250000,SUCCESS,sync_counter,sync_with_sensor2_IC1_TH0
2026-05-21T22:27:20,96.3,31.0,sensor2_serial,1,0,4,0,120,222,20.000,20.726,14533297,14533319,22,1.100000,SUCCESS,sync_sigmoid,sync_with_sensor1_matrix5
2026-05-21T22:27:43,96.3,31.0,sensor1_raspberry,5,TH0,4,0,107,221,20.000,20.772,2988411,2988582,171,8.550000,SUCCESS,sync_counter,sync_with_sensor2_IC1_TH0
2026-05-21T22:27:43,96.3,31.0,sensor2_serial,1,0,4,0,120,221,20.000,20.772,14533461,14533473,12,0.600000,SUCCESS,sync_sigmoid,sync_with_sensor1_matrix5
2026-05-21T22:28:06,96.3,31.0,sensor1_raspberry,5,TH0,4,0,107,220,20.000,20.722,2988590,2988750,160,8.000000,SUCCESS,sync_counter,sync_with_sensor2_IC1_TH0
2026-05-21T22:28:06,96.3,31.0,sensor2_serial,1,0,4,0,120,220,20.000,20.722,14533585,14533605,20,1.000000,SUCCESS,sync_sigmoid,sync_with_sensor1_matrix5
2026-05-21T22:28:29,96.3,31.0,sensor1_raspberry,5,TH0,4,0,107,219,20.000,20.734,2988769,2988916,147,7.350000,SUCCESS,sync_counter,sync_with_sensor2_IC1_TH0
2026-05-21T22:28:29,96.3,31.0,sensor2_serial,1,0,4,0,120,219,20.000,20.734,14533738,14533757,19,0.950000,SUCCESS,sync_sigmoid,sync_with_sensor1_matrix5
2026-05-21T22:28:51,96.3,31.0,sensor1_raspberry,5,TH0,4,0,107,218,20.000,20.766,2988928,2989136,208,10.400000,SUCCESS,sync_counter,sync_with_sensor2_IC1_TH0
2026-05-21T22:28:51,96.3,31.0,sensor2_serial,1,0,4,0,120,218,20.000,20.766,14533885,14533899,14,0.700000,SUCCESS,sync_sigmoid,sync_with_sensor1_matrix5
2026-05-21T22:29:14,96.3,31.0,sensor1_raspberry,5,TH0,4,0,107,217,20.000,20.748,2989151,2989303,152,7.600000,SUCCESS,sync_counter,sync_with_sensor2_IC1_TH0
2026-05-21T22:29:14,96.3,31.0,sensor2_serial,1,0,4,0,120,217,20.000,20.748,14534027,14534040,13,0.650000,SUCCESS,sync_sigmoid,sync_with_sensor1_matrix5
2026-05-21T22:29:37,96.3,31.0,sensor1_raspberry,5,TH0,4,0,107,216,20.000,20.716,2989321,2989485,164,8.200000,SUCCESS,sync_counter,sync_with_sensor2_IC1_TH0
2026-05-21T22:29:37,96.3,31.0,sensor2_serial,1,0,4,0,120,216,20.000,20.716,14534159,14534169,10,0.500000,SUCCESS,sync_sigmoid,sync_with_sensor1_matrix5
2026-05-21T22:30:00,96.3,31.0,sensor1_raspberry,5,TH0,4,0,107,215,20.000,20.755,2989502,2989664,162,8.100000,SUCCESS,sync_counter,sync_with_sensor2_IC1_TH0
2026-05-21T22:30:00,96.3,31.0,sensor2_serial,1,0,4,0,120,215,20.000,20.755,14534287,14534310,23,1.150000,SUCCESS,sync_sigmoid,sync_with_sensor1_matrix5
2026-05-21T22:30:23,96.3,31.0,sensor1_raspberry,5,TH0,4,0,107,214,20.000,20.780,2989685,2989846,161,8.050000,SUCCESS,sync_counter,sync_with_sensor2_IC1_TH0
2026-05-21T22:30:23,96.3,31.0,sensor2_serial,1,0,4,0,120,214,20.000,20.780,14534437,14534455,18,0.900000,SUCCESS,sync_sigmoid,sync_with_sensor1_matrix5
2026-05-21T22:30:46,96.3,31.0,sensor1_raspberry,5,TH0,4,0,107,213,20.000,20.779,2989859,2990002,143,7.150000,SUCCESS,sync_counter,sync_with_sensor2_IC1_TH0
2026-05-21T22:30:46,96.3,31.0,sensor2_serial,1,0,4,0,120,213,20.000,20.779,14534597,14534611,14,0.700000,SUCCESS,sync_sigmoid,sync_with_sensor1_matrix5
2026-05-21T22:31:09,96.3,31.0,sensor1_raspberry,5,TH0,4,0,107,212,20.000,20.733,2990011,2990158,147,7.350000,SUCCESS,sync_counter,sync_with_sensor2_IC1_TH0
2026-05-21T22:31:09,96.3,31.0,sensor2_serial,1,0,4,0,120,212,20.000,20.733,14534738,14534753,15,0.750000,SUCCESS,sync_sigmoid,sync_with_sensor1_matrix5
2026-05-21T22:31:31,96.3,31.0,sensor1_raspberry,5,TH0,4,0,107,211,20.000,20.772,2990174,2990312,138,6.900000,SUCCESS,sync_counter,sync_with_sensor2_IC1_TH0
2026-05-21T22:31:31,96.3,31.0,sensor2_serial,1,0,4,0,120,211,20.000,20.772,14534883,14534897,14,0.700000,SUCCESS,sync_sigmoid,sync_with_sensor1_matrix5
2026-05-21T22:31:54,96.3,31.0,sensor1_raspberry,5,TH0,4,0,107,210,20.000,20.784,2990324,2990471,147,7.350000,SUCCESS,sync_counter,sync_with_sensor2_IC1_TH0
2026-05-21T22:31:54,96.3,31.0,sensor2_serial,1,0,4,0,120,210,20.000,20.784,14535016,14535033,17,0.850000,SUCCESS,sync_sigmoid,sync_with_sensor1_matrix5
2026-05-21T22:32:17,96.3,31.0,sensor1_raspberry,5,TH0,4,0,107,209,20.000,20.734,2990487,2990650,163,8.150000,SUCCESS,sync_counter,sync_with_sensor2_IC1_TH0
2026-05-21T22:32:17,96.3,31.0,sensor2_serial,1,0,4,0,120,209,20.000,20.734,14535162,14535179,17,0.850000,SUCCESS,sync_sigmoid,sync_with_sensor1_matrix5
2026-05-21T22:32:40,96.3,31.0,sensor1_raspberry,5,TH0,4,0,107,208,20.000,20.742,2990671,2990844,173,8.650000,SUCCESS,sync_counter,sync_with_sensor2_IC1_TH0
2026-05-21T22:32:40,96.3,31.0,sensor2_serial,1,0,4,0,120,208,20.000,20.742,14535295,14535309,14,0.700000,SUCCESS,sync_sigmoid,sync_with_sensor1_matrix5
2026-05-21T22:33:03,96.3,31.0,sensor1_raspberry,5,TH0,4,0,107,207,20.000,20.773,2990860,2991024,164,8.200000,SUCCESS,sync_counter,sync_with_sensor2_IC1_TH0
2026-05-21T22:33:03,96.3,31.0,sensor2_serial,1,0,4,0,120,207,20.000,20.773,14535433,14535445,12,0.600000,SUCCESS,sync_sigmoid,sync_with_sensor1_matrix5
2026-05-21T22:33:26,96.3,31.0,sensor1_raspberry,5,TH0,4,0,107,206,20.000,20.717,2991047,2991212,165,8.250000,SUCCESS,sync_counter,sync_with_sensor2_IC1_TH0
2026-05-21T22:33:26,96.3,31.0,sensor2_serial,1,0,4,0,120,206,20.000,20.717,14535568,14535583,15,0.750000,SUCCESS,sync_sigmoid,sync_with_sensor1_matrix5
2026-05-21T22:33:48,96.3,31.0,sensor1_raspberry,5,TH0,4,0,107,205,20.000,20.728,2991235,2991396,161,8.050000,SUCCESS,sync_counter,sync_with_sensor2_IC1_TH0
2026-05-21T22:33:49,96.3,31.0,sensor2_serial,1,0,4,0,120,205,20.000,20.728,14535692,14535703,11,0.550000,SUCCESS,sync_sigmoid,sync_with_sensor1_matrix5
2026-05-21T22:34:11,96.3,31.0,sensor1_raspberry,5,TH0,4,0,107,204,20.000,20.752,2991410,2991565,155,7.750000,SUCCESS,sync_counter,sync_with_sensor2_IC1_TH0
2026-05-21T22:34:11,96.3,31.0,sensor2_serial,1,0,4,0,120,204,20.000,20.752,14535805,14535820,15,0.750000,SUCCESS,sync_sigmoid,sync_with_sensor1_matrix5
2026-05-21T22:34:34,96.3,31.0,sensor1_raspberry,5,TH0,4,0,107,203,20.000,20.693,2991580,2991750,170,8.500000,SUCCESS,sync_counter,sync_with_sensor2_IC1_TH0
2026-05-21T22:34:34,96.3,31.0,sensor2_serial,1,0,4,0,120,203,20.000,20.693,14535908,14535923,15,0.750000,SUCCESS,sync_sigmoid,sync_with_sensor1_matrix5
2026-05-21T22:34:57,96.3,31.0,sensor1_raspberry,5,TH0,4,0,107,202,20.000,20.754,2991763,2991930,167,8.350000,SUCCESS,sync_counter,sync_with_sensor2_IC1_TH0
2026-05-21T22:34:57,96.3,31.0,sensor2_serial,1,0,4,0,120,202,20.000,20.754,14536029,14536045,16,0.800000,SUCCESS,sync_sigmoid,sync_with_sensor1_matrix5
2026-05-21T22:35:20,96.3,31.0,sensor1_raspberry,5,TH0,4,0,107,201,20.000,20.738,2991948,2992119,171,8.550000,SUCCESS,sync_counter,sync_with_sensor2_IC1_TH0
2026-05-21T22:35:20,96.3,31.0,sensor2_serial,1,0,4,0,120,201,20.000,20.738,14536143,14536153,10,0.500000,SUCCESS,sync_sigmoid,sync_with_sensor1_matrix5
2026-05-21T22:35:43,96.3,31.0,sensor1_raspberry,5,TH0,4,0,107,200,20.000,20.786,2992134,2992276,142,7.100000,SUCCESS,sync_counter,sync_with_sensor2_IC1_TH0
2026-05-21T22:35:43,96.3,31.0,sensor2_serial,1,0,4,0,120,200,20.000,20.786,14536269,14536280,11,0.550000,SUCCESS,sync_sigmoid,sync_with_sensor1_matrix5
2026-05-21T22:36:06,96.3,31.0,sensor1_raspberry,5,TH0,4,0,107,199,20.000,20.744,2992288,2992451,163,8.150000,SUCCESS,sync_counter,sync_with_sensor2_IC1_TH0
2026-05-21T22:36:06,96.3,31.0,sensor2_serial,1,0,4,0,120,199,20.000,20.744,14536389,14536402,13,0.650000,SUCCESS,sync_sigmoid,sync_with_sensor1_matrix5
2026-05-21T22:36:28,96.3,31.0,sensor1_raspberry,5,TH0,4,0,107,198,20.000,20.752,2992467,2992635,168,8.400000,SUCCESS,sync_counter,sync_with_sensor2_IC1_TH0
2026-05-21T22:36:28,96.3,31.0,sensor2_serial,1,0,4,0,120,198,20.000,20.752,14536505,14536514,9,0.450000,SUCCESS,sync_sigmoid,sync_with_sensor1_matrix5
2026-05-21T22:36:51,96.3,31.0,sensor1_raspberry,5,TH0,4,0,107,197,20.000,20.786,2992651,2992799,148,7.400000,SUCCESS,sync_counter,sync_with_sensor2_IC1_TH0
2026-05-21T22:36:51,96.3,31.0,sensor2_serial,1,0,4,0,120,197,20.000,20.786,14536603,14536617,14,0.700000,SUCCESS,sync_sigmoid,sync_with_sensor1_matrix5
2026-05-21T22:37:14,96.3,31.0,sensor1_raspberry,5,TH0,4,0,107,196,20.000,20.737,2992822,2992979,157,7.850000,SUCCESS,sync_counter,sync_with_sensor2_IC1_TH0
2026-05-21T22:37:14,96.3,31.0,sensor2_serial,1,0,4,0,120,196,20.000,20.737,14536714,14536726,12,0.600000,SUCCESS,sync_sigmoid,sync_with_sensor1_matrix5
2026-05-21T22:37:37,96.3,31.0,sensor1_raspberry,5,TH0,4,0,107,195,20.000,20.713,2992992,2993145,153,7.650000,SUCCESS,sync_counter,sync_with_sensor2_IC1_TH0
2026-05-21T22:37:37,96.3,31.0,sensor2_serial,1,0,4,0,120,195,20.000,20.713,14536813,14536827,14,0.700000,SUCCESS,sync_sigmoid,sync_with_sensor1_matrix5
2026-05-21T22:38:00,96.3,31.0,sensor1_raspberry,5,TH0,4,0,107,194,20.000,20.751,2993160,2993310,150,7.500000,SUCCESS,sync_counter,sync_with_sensor2_IC1_TH0
2026-05-21T22:38:00,96.3,31.0,sensor2_serial,1,0,4,0,120,194,20.000,20.751,14536922,14536928,6,0.300000,SUCCESS,sync_sigmoid,sync_with_sensor1_matrix5
2026-05-21T22:38:23,96.3,31.0,sensor1_raspberry,5,TH0,4,0,107,193,20.000,20.728,2993324,2993476,152,7.600000,SUCCESS,sync_counter,sync_with_sensor2_IC1_TH0
2026-05-21T22:38:23,96.3,31.0,sensor2_serial,1,0,4,0,120,193,20.000,20.728,14537018,14537026,8,0.400000,SUCCESS,sync_sigmoid,sync_with_sensor1_matrix5
2026-05-21T22:38:46,96.3,31.0,sensor1_raspberry,5,TH0,4,0,107,192,20.000,20.760,2993490,2993651,161,8.050000,SUCCESS,sync_counter,sync_with_sensor2_IC1_TH0
2026-05-21T22:38:46,96.3,31.0,sensor2_serial,1,0,4,0,120,192,20.000,20.760,14537149,14537157,8,0.400000,SUCCESS,sync_sigmoid,sync_with_sensor1_matrix5
2026-05-21T22:39:08,96.3,31.0,sensor1_raspberry,5,TH0,4,0,107,191,20.000,20.686,2993665,2993822,157,7.850000,SUCCESS,sync_counter,sync_with_sensor2_IC1_TH0
2026-05-21T22:39:08,96.3,31.0,sensor2_serial,1,0,4,0,120,191,20.000,20.686,14537254,14537264,10,0.500000,SUCCESS,sync_sigmoid,sync_with_sensor1_matrix5
2026-05-21T22:39:31,96.3,31.0,sensor1_raspberry,5,TH0,4,0,107,190,20.000,20.745,2993844,2994011,167,8.350000,SUCCESS,sync_counter,sync_with_sensor2_IC1_TH0
2026-05-21T22:39:31,96.3,31.0,sensor2_serial,1,0,4,0,120,190,20.000,20.745,14537361,14537369,8,0.400000,SUCCESS,sync_sigmoid,sync_with_sensor1_matrix5
2026-05-21T22:39:54,96.3,31.0,sensor1_raspberry,5,TH0,4,0,107,189,20.000,20.778,2994025,2994197,172,8.600000,SUCCESS,sync_counter,sync_with_sensor2_IC1_TH0
2026-05-21T22:39:54,96.3,31.0,sensor2_serial,1,0,4,0,120,189,20.000,20.778,14537475,14537484,9,0.450000,SUCCESS,sync_sigmoid,sync_with_sensor1_matrix5
2026-05-21T22:40:17,96.3,31.0,sensor1_raspberry,5,TH0,4,0,107,188,20.000,20.762,2994212,2994374,162,8.100000,SUCCESS,sync_counter,sync_with_sensor2_IC1_TH0
2026-05-21T22:40:17,96.3,31.0,sensor2_serial,1,0,4,0,120,188,20.000,20.762,14537575,14537581,6,0.300000,SUCCESS,sync_sigmoid,sync_with_sensor1_matrix5
2026-05-21T22:40:40,96.3,31.0,sensor1_raspberry,5,TH0,4,0,107,187,20.000,20.710,2994384,2994533,149,7.450000,SUCCESS,sync_counter,sync_with_sensor2_IC1_TH0
2026-05-21T22:40:40,96.3,31.0,sensor2_serial,1,0,4,0,120,187,20.000,20.710,14537661,14537667,6,0.300000,SUCCESS,sync_sigmoid,sync_with_sensor1_matrix5
2026-05-21T22:41:03,96.3,31.0,sensor1_raspberry,5,TH0,4,0,107,186,20.000,20.760,2994548,2994679,131,6.550000,SUCCESS,sync_counter,sync_with_sensor2_IC1_TH0
2026-05-21T22:41:03,96.3,31.0,sensor2_serial,1,0,4,0,120,186,20.000,20.760,14537757,14537764,7,0.350000,SUCCESS,sync_sigmoid,sync_with_sensor1_matrix5
2026-05-21T22:41:25,96.3,31.0,sensor1_raspberry,5,TH0,4,0,107,185,20.000,20.735,2994694,2994865,171,8.550000,SUCCESS,sync_counter,sync_with_sensor2_IC1_TH0
2026-05-21T22:41:25,96.3,31.0,sensor2_serial,1,0,4,0,120,185,20.000,20.735,14537849,14537855,6,0.300000,SUCCESS,sync_sigmoid,sync_with_sensor1_matrix5
2026-05-21T22:41:48,96.3,31.0,sensor1_raspberry,5,TH0,4,0,107,184,20.000,20.730,2994889,2995048,159,7.950000,SUCCESS,sync_counter,sync_with_sensor2_IC1_TH0
2026-05-21T22:41:48,96.3,31.0,sensor2_serial,1,0,4,0,120,184,20.000,20.730,14537933,14537939,6,0.300000,SUCCESS,sync_sigmoid,sync_with_sensor1_matrix5
2026-05-21T22:42:11,96.3,31.0,sensor1_raspberry,5,TH0,4,0,107,183,20.000,20.740,2995063,2995194,131,6.550000,SUCCESS,sync_counter,sync_with_sensor2_IC1_TH0
2026-05-21T22:42:11,96.3,31.0,sensor2_serial,1,0,4,0,120,183,20.000,20.740,14538016,14538029,13,0.650000,SUCCESS,sync_sigmoid,sync_with_sensor1_matrix5
2026-05-21T22:42:34,96.3,31.0,sensor1_raspberry,5,TH0,4,0,107,182,20.000,20.765,2995215,2995348,133,6.650000,SUCCESS,sync_counter,sync_with_sensor2_IC1_TH0
2026-05-21T22:42:34,96.3,31.0,sensor2_serial,1,0,4,0,120,182,20.000,20.765,14538110,14538121,11,0.550000,SUCCESS,sync_sigmoid,sync_with_sensor1_matrix5
2026-05-21T22:42:57,96.3,31.0,sensor1_raspberry,5,TH0,4,0,107,181,20.000,20.732,2995374,2995535,161,8.050000,SUCCESS,sync_counter,sync_with_sensor2_IC1_TH0
2026-05-21T22:42:57,96.3,31.0,sensor2_serial,1,0,4,0,120,181,20.000,20.732,14538200,14538210,10,0.500000,SUCCESS,sync_sigmoid,sync_with_sensor1_matrix5
2026-05-21T22:43:20,96.3,31.0,sensor1_raspberry,5,TH0,4,0,107,180,20.000,20.787,2995546,2995683,137,6.850000,SUCCESS,sync_counter,sync_with_sensor2_IC1_TH0
2026-05-21T22:43:20,96.3,31.0,sensor2_serial,1,0,4,0,120,180,20.000,20.787,14538296,14538304,8,0.400000,SUCCESS,sync_sigmoid,sync_with_sensor1_matrix5
2026-05-21T22:43:43,96.3,31.0,sensor1_raspberry,5,TH0,4,0,107,179,20.000,20.733,2995699,2995854,155,7.750000,SUCCESS,sync_counter,sync_with_sensor2_IC1_TH0
2026-05-21T22:43:43,96.3,31.0,sensor2_serial,1,0,4,0,120,179,20.000,20.733,14538388,14538396,8,0.400000,SUCCESS,sync_sigmoid,sync_with_sensor1_matrix5
2026-05-21T22:44:05,96.3,31.0,sensor1_raspberry,5,TH0,4,0,107,178,20.000,20.683,2995866,2996013,147,7.350000,SUCCESS,sync_counter,sync_with_sensor2_IC1_TH0
2026-05-21T22:44:05,96.3,31.0,sensor2_serial,1,0,4,0,120,178,20.000,20.683,14538472,14538475,3,0.150000,SUCCESS,sync_sigmoid,sync_with_sensor1_matrix5
2026-05-21T22:44:28,96.3,31.0,sensor1_raspberry,5,TH0,4,0,107,177,20.000,20.728,2996035,2996187,152,7.600000,SUCCESS,sync_counter,sync_with_sensor2_IC1_TH0
2026-05-21T22:44:28,96.3,31.0,sensor2_serial,1,0,4,0,120,177,20.000,20.728,14538552,14538555,3,0.150000,SUCCESS,sync_sigmoid,sync_with_sensor1_matrix5
2026-05-21T22:44:51,96.3,31.0,sensor1_raspberry,5,TH0,4,0,107,176,20.000,20.705,2996206,2996361,155,7.750000,SUCCESS,sync_counter,sync_with_sensor2_IC1_TH0
2026-05-21T22:44:51,96.3,31.0,sensor2_serial,1,0,4,0,120,176,20.000,20.705,14538621,14538628,7,0.350000,SUCCESS,sync_sigmoid,sync_with_sensor1_matrix5
2026-05-21T22:45:14,96.3,31.0,sensor1_raspberry,5,TH0,4,0,107,175,20.000,20.755,2996372,2996546,174,8.700000,SUCCESS,sync_counter,sync_with_sensor2_IC1_TH0
2026-05-21T22:45:14,96.3,31.0,sensor2_serial,1,0,4,0,120,175,20.000,20.755,14538697,14538701,4,0.200000,SUCCESS,sync_sigmoid,sync_with_sensor1_matrix5
2026-05-21T22:45:37,96.3,31.0,sensor1_raspberry,5,TH0,4,0,107,174,20.000,20.751,2996564,2996750,186,9.300000,SUCCESS,sync_counter,sync_with_sensor2_IC1_TH0
2026-05-21T22:45:37,96.3,31.0,sensor2_serial,1,0,4,0,120,174,20.000,20.751,14538771,14538781,10,0.500000,SUCCESS,sync_sigmoid,sync_with_sensor1_matrix5
2026-05-21T22:45:59,96.3,31.0,sensor1_raspberry,5,TH0,4,0,107,173,20.000,20.748,2996763,2996901,138,6.900000,SUCCESS,sync_counter,sync_with_sensor2_IC1_TH0
2026-05-21T22:45:59,96.3,31.0,sensor2_serial,1,0,4,0,120,173,20.000,20.748,14538849,14538855,6,0.300000,SUCCESS,sync_sigmoid,sync_with_sensor1_matrix5
2026-05-21T22:46:22,96.3,31.0,sensor1_raspberry,5,TH0,4,0,107,172,20.000,20.790,2996917,2997068,151,7.550000,SUCCESS,sync_counter,sync_with_sensor2_IC1_TH0
2026-05-21T22:46:22,96.3,31.0,sensor2_serial,1,0,4,0,120,172,20.000,20.790,14538930,14538939,9,0.450000,SUCCESS,sync_sigmoid,sync_with_sensor1_matrix5
2026-05-21T22:46:45,96.3,31.0,sensor1_raspberry,5,TH0,4,0,107,171,20.000,20.736,2997077,2997232,155,7.750000,SUCCESS,sync_counter,sync_with_sensor2_IC1_TH0
2026-05-21T22:46:45,96.3,31.0,sensor2_serial,1,0,4,0,120,171,20.000,20.736,14538999,14539007,8,0.400000,SUCCESS,sync_sigmoid,sync_with_sensor1_matrix5
2026-05-21T22:47:08,96.3,31.0,sensor1_raspberry,5,TH0,4,0,107,170,20.000,20.759,2997248,2997410,162,8.100000,SUCCESS,sync_counter,sync_with_sensor2_IC1_TH0
2026-05-21T22:47:08,96.3,31.0,sensor2_serial,1,0,4,0,120,170,20.000,20.759,14539071,14539078,7,0.350000,SUCCESS,sync_sigmoid,sync_with_sensor1_matrix5
2026-05-21T22:47:31,96.3,31.0,sensor1_raspberry,5,TH0,4,0,107,169,20.000,20.737,2997421,2997564,143,7.150000,SUCCESS,sync_counter,sync_with_sensor2_IC1_TH0
2026-05-21T22:47:31,96.3,31.0,sensor2_serial,1,0,4,0,120,169,20.000,20.737,14539137,14539141,4,0.200000,SUCCESS,sync_sigmoid,sync_with_sensor1_matrix5
2026-05-21T22:47:54,96.3,31.0,sensor1_raspberry,5,TH0,4,0,107,168,20.000,20.749,2997577,2997726,149,7.450000,SUCCESS,sync_counter,sync_with_sensor2_IC1_TH0
2026-05-21T22:47:54,96.3,31.0,sensor2_serial,1,0,4,0,120,168,20.000,20.749,14539199,14539207,8,0.400000,SUCCESS,sync_sigmoid,sync_with_sensor1_matrix5
2026-05-21T22:48:17,96.3,31.0,sensor1_raspberry,5,TH0,4,0,107,167,20.000,20.746,2997741,2997883,142,7.100000,SUCCESS,sync_counter,sync_with_sensor2_IC1_TH0
2026-05-21T22:48:17,96.3,31.0,sensor2_serial,1,0,4,0,120,167,20.000,20.746,14539273,14539278,5,0.250000,SUCCESS,sync_sigmoid,sync_with_sensor1_matrix5
2026-05-21T22:48:39,96.3,31.0,sensor1_raspberry,5,TH0,4,0,107,166,20.000,20.732,2997896,2998042,146,7.300000,SUCCESS,sync_counter,sync_with_sensor2_IC1_TH0
2026-05-21T22:48:39,96.3,31.0,sensor2_serial,1,0,4,0,120,166,20.000,20.732,14539328,14539332,4,0.200000,SUCCESS,sync_sigmoid,sync_with_sensor1_matrix5
2026-05-21T22:49:02,96.3,31.0,sensor1_raspberry,5,TH0,4,0,107,165,20.000,20.727,2998062,2998183,121,6.050000,SUCCESS,sync_counter,sync_with_sensor2_IC1_TH0
2026-05-21T22:49:02,96.3,31.0,sensor2_serial,1,0,4,0,120,165,20.000,20.727,14539375,14539384,9,0.450000,SUCCESS,sync_sigmoid,sync_with_sensor1_matrix5
2026-05-21T22:49:25,96.3,31.0,sensor1_raspberry,5,TH0,4,0,107,164,20.000,20.786,2998191,2998337,146,7.300000,SUCCESS,sync_counter,sync_with_sensor2_IC1_TH0
2026-05-21T22:49:25,96.3,31.0,sensor2_serial,1,0,4,0,120,164,20.000,20.786,14539426,14539431,5,0.250000,SUCCESS,sync_sigmoid,sync_with_sensor1_matrix5
2026-05-21T22:49:48,96.3,31.0,sensor1_raspberry,5,TH0,4,0,107,163,20.000,20.718,2998353,2998486,133,6.650000,SUCCESS,sync_counter,sync_with_sensor2_IC1_TH0
2026-05-21T22:49:48,96.3,31.0,sensor2_serial,1,0,4,0,120,163,20.000,20.718,14539479,14539483,4,0.200000,SUCCESS,sync_sigmoid,sync_with_sensor1_matrix5
2026-05-21T22:50:11,96.3,31.0,sensor1_raspberry,5,TH0,4,0,107,162,20.000,20.732,2998503,2998640,137,6.850000,SUCCESS,sync_counter,sync_with_sensor2_IC1_TH0
2026-05-21T22:50:11,96.3,31.0,sensor2_serial,1,0,4,0,120,162,20.000,20.732,14539522,14539524,2,0.100000,SUCCESS,sync_sigmoid,sync_with_sensor1_matrix5
2026-05-21T22:50:34,96.3,31.0,sensor1_raspberry,5,TH0,4,0,107,161,20.000,20.755,2998650,2998780,130,6.500000,SUCCESS,sync_counter,sync_with_sensor2_IC1_TH0
2026-05-21T22:50:34,96.3,31.0,sensor2_serial,1,0,4,0,120,161,20.000,20.755,14539564,14539566,2,0.100000,SUCCESS,sync_sigmoid,sync_with_sensor1_matrix5
2026-05-21T22:50:56,96.3,31.0,sensor1_raspberry,5,TH0,4,0,107,160,20.000,20.733,2998792,2998939,147,7.350000,SUCCESS,sync_counter,sync_with_sensor2_IC1_TH0
2026-05-21T22:50:56,96.3,31.0,sensor2_serial,1,0,4,0,120,160,20.000,20.733,14539606,14539613,7,0.350000,SUCCESS,sync_sigmoid,sync_with_sensor1_matrix5
2026-05-21T22:51:19,96.3,31.0,sensor1_raspberry,5,TH0,4,0,107,159,20.000,20.693,2998948,2999100,152,7.600000,SUCCESS,sync_counter,sync_with_sensor2_IC1_TH0
2026-05-21T22:51:19,96.3,31.0,sensor2_serial,1,0,4,0,120,159,20.000,20.693,14539651,14539653,2,0.100000,SUCCESS,sync_sigmoid,sync_with_sensor1_matrix5
2026-05-21T22:51:42,96.3,31.0,sensor1_raspberry,5,TH0,4,0,107,158,20.000,20.696,2999115,2999245,130,6.500000,SUCCESS,sync_counter,sync_with_sensor2_IC1_TH0
2026-05-21T22:51:42,96.3,31.0,sensor2_serial,1,0,4,0,120,158,20.000,20.696,14539689,14539693,4,0.200000,SUCCESS,sync_sigmoid,sync_with_sensor1_matrix5
2026-05-21T22:52:05,96.3,31.0,sensor1_raspberry,5,TH0,4,0,107,157,20.000,20.738,2999256,2999399,143,7.150000,SUCCESS,sync_counter,sync_with_sensor2_IC1_TH0
2026-05-21T22:52:05,96.3,31.0,sensor2_serial,1,0,4,0,120,157,20.000,20.738,14539734,14539740,6,0.300000,SUCCESS,sync_sigmoid,sync_with_sensor1_matrix5
2026-05-21T22:52:28,96.3,31.0,sensor1_raspberry,5,TH0,4,0,107,156,20.000,20.749,2999412,2999555,143,7.150000,SUCCESS,sync_counter,sync_with_sensor2_IC1_TH0
2026-05-21T22:52:28,96.3,31.0,sensor2_serial,1,0,4,0,120,156,20.000,20.749,14539773,14539775,2,0.100000,SUCCESS,sync_sigmoid,sync_with_sensor1_matrix5
2026-05-21T22:52:51,96.3,31.0,sensor1_raspberry,5,TH0,4,0,107,155,20.000,20.740,2999564,2999691,127,6.350000,SUCCESS,sync_counter,sync_with_sensor2_IC1_TH0
2026-05-21T22:52:51,96.3,31.0,sensor2_serial,1,0,4,0,120,155,20.000,20.740,14539805,14539808,3,0.150000,SUCCESS,sync_sigmoid,sync_with_sensor1_matrix5
2026-05-21T22:53:13,96.3,31.0,sensor1_raspberry,5,TH0,4,0,107,154,20.000,20.708,2999698,2999819,121,6.050000,SUCCESS,sync_counter,sync_with_sensor2_IC1_TH0
2026-05-21T22:53:13,96.3,31.0,sensor2_serial,1,0,4,0,120,154,20.000,20.708,14539832,14539836,4,0.200000,SUCCESS,sync_sigmoid,sync_with_sensor1_matrix5
2026-05-21T22:53:36,96.3,31.0,sensor1_raspberry,5,TH0,4,0,107,153,20.000,20.733,2999836,2999958,122,6.100000,SUCCESS,sync_counter,sync_with_sensor2_IC1_TH0
2026-05-21T22:53:36,96.3,31.0,sensor2_serial,1,0,4,0,120,153,20.000,20.733,14539872,14539876,4,0.200000,SUCCESS,sync_sigmoid,sync_with_sensor1_matrix5
2026-05-21T22:53:59,96.3,31.0,sensor1_raspberry,5,TH0,4,0,107,152,20.000,20.723,2999971,3000102,131,6.550000,SUCCESS,sync_counter,sync_with_sensor2_IC1_TH0
2026-05-21T22:53:59,96.3,31.0,sensor2_serial,1,0,4,0,120,152,20.000,20.723,14539908,14539913,5,0.250000,SUCCESS,sync_sigmoid,sync_with_sensor1_matrix5
2026-05-21T22:54:22,96.3,31.0,sensor1_raspberry,5,TH0,4,0,107,151,20.000,20.740,3000111,3000229,118,5.900000,SUCCESS,sync_counter,sync_with_sensor2_IC1_TH0
2026-05-21T22:54:22,96.3,31.0,sensor2_serial,1,0,4,0,120,151,20.000,20.740,14539947,14539948,1,0.050000,SUCCESS,sync_sigmoid,sync_with_sensor1_matrix5
2026-05-21T22:54:45,96.3,31.0,sensor1_raspberry,5,TH0,4,0,107,150,20.000,20.797,3000238,3000350,112,5.600000,SUCCESS,sync_counter,sync_with_sensor2_IC1_TH0
2026-05-21T22:54:45,96.3,31.0,sensor2_serial,1,0,4,0,120,150,20.000,20.797,14539971,14539971,0,0.000000,SUCCESS,sync_sigmoid,sync_with_sensor1_matrix5
2026-05-21T22:55:08,96.3,31.0,sensor1_raspberry,5,TH0,4,0,107,149,20.000,20.736,3000365,3000483,118,5.900000,SUCCESS,sync_counter,sync_with_sensor2_IC1_TH0
2026-05-21T22:55:08,96.3,31.0,sensor2_serial,1,0,4,0,120,149,20.000,20.736,14540000,14540006,6,0.300000,SUCCESS,sync_sigmoid,sync_with_sensor1_matrix5
2026-05-21T22:55:30,96.3,31.0,sensor1_raspberry,5,TH0,4,0,107,148,20.000,20.738,3000498,3000622,124,6.200000,SUCCESS,sync_counter,sync_with_sensor2_IC1_TH0
2026-05-21T22:55:30,96.3,31.0,sensor2_serial,1,0,4,0,120,148,20.000,20.738,14540029,14540031,2,0.100000,SUCCESS,sync_sigmoid,sync_with_sensor1_matrix5
2026-05-21T22:55:53,96.3,31.0,sensor1_raspberry,5,TH0,4,0,107,147,20.000,20.750,3000633,3000753,120,6.000000,SUCCESS,sync_counter,sync_with_sensor2_IC1_TH0
2026-05-21T22:55:53,96.3,31.0,sensor2_serial,1,0,4,0,120,147,20.000,20.750,14540056,14540058,2,0.100000,SUCCESS,sync_sigmoid,sync_with_sensor1_matrix5
2026-05-21T22:56:16,96.3,31.0,sensor1_raspberry,5,TH0,4,0,107,146,20.000,20.734,3000759,3000864,105,5.250000,SUCCESS,sync_counter,sync_with_sensor2_IC1_TH0
2026-05-21T22:56:16,96.3,31.0,sensor2_serial,1,0,4,0,120,146,20.000,20.734,14540079,14540080,1,0.050000,SUCCESS,sync_sigmoid,sync_with_sensor1_matrix5
2026-05-21T22:56:39,96.3,31.0,sensor1_raspberry,5,TH0,4,0,107,145,20.000,20.765,3000871,3000988,117,5.850000,SUCCESS,sync_counter,sync_with_sensor2_IC1_TH0
2026-05-21T22:56:39,96.3,31.0,sensor2_serial,1,0,4,0,120,145,20.000,20.765,14540103,14540105,2,0.100000,SUCCESS,sync_sigmoid,sync_with_sensor1_matrix5
2026-05-21T22:57:02,96.3,31.0,sensor1_raspberry,5,TH0,4,0,107,144,20.000,20.757,3001001,3001091,90,4.500000,SUCCESS,sync_counter,sync_with_sensor2_IC1_TH0
2026-05-21T22:57:02,96.3,31.0,sensor2_serial,1,0,4,0,120,144,20.000,20.757,14540129,14540130,1,0.050000,SUCCESS,sync_sigmoid,sync_with_sensor1_matrix5
2026-05-21T22:57:25,96.3,31.0,sensor1_raspberry,5,TH0,4,0,107,143,20.000,20.728,3001102,3001188,86,4.300000,SUCCESS,sync_counter,sync_with_sensor2_IC1_TH0
2026-05-21T22:57:25,96.3,31.0,sensor2_serial,1,0,4,0,120,143,20.000,20.728,14540148,14540151,3,0.150000,SUCCESS,sync_sigmoid,sync_with_sensor1_matrix5
2026-05-21T22:57:47,96.3,31.0,sensor1_raspberry,5,TH0,4,0,107,142,20.000,20.739,3001199,3001306,107,5.350000,SUCCESS,sync_counter,sync_with_sensor2_IC1_TH0
2026-05-21T22:57:47,96.3,31.0,sensor2_serial,1,0,4,0,120,142,20.000,20.739,14540163,14540165,2,0.100000,SUCCESS,sync_sigmoid,sync_with_sensor1_matrix5
2026-05-21T22:58:10,96.3,31.0,sensor1_raspberry,5,TH0,4,0,107,141,20.000,20.747,3001312,3001391,79,3.950000,SUCCESS,sync_counter,sync_with_sensor2_IC1_TH0
2026-05-21T22:58:10,96.3,31.0,sensor2_serial,1,0,4,0,120,141,20.000,20.747,14540180,14540183,3,0.150000,SUCCESS,sync_sigmoid,sync_with_sensor1_matrix5
2026-05-21T22:58:33,96.3,31.0,sensor1_raspberry,5,TH0,4,0,107,140,20.000,20.717,3001398,3001473,75,3.750000,SUCCESS,sync_counter,sync_with_sensor2_IC1_TH0
2026-05-21T22:58:33,96.3,31.0,sensor2_serial,1,0,4,0,120,140,20.000,20.717,14540193,14540193,0,0.000000,SUCCESS,sync_sigmoid,sync_with_sensor1_matrix5
2026-05-21T22:58:56,96.3,31.0,sensor1_raspberry,5,TH0,4,0,107,139,20.000,20.738,3001479,3001586,107,5.350000,SUCCESS,sync_counter,sync_with_sensor2_IC1_TH0
2026-05-21T22:58:56,96.3,31.0,sensor2_serial,1,0,4,0,120,139,20.000,20.738,14540208,14540209,1,0.050000,SUCCESS,sync_sigmoid,sync_with_sensor1_matrix5
2026-05-21T22:59:19,96.3,31.0,sensor1_raspberry,5,TH0,4,0,107,138,20.000,20.739,3001598,3001698,100,5.000000,SUCCESS,sync_counter,sync_with_sensor2_IC1_TH0
2026-05-21T22:59:19,96.3,31.0,sensor2_serial,1,0,4,0,120,138,20.000,20.739,14540218,14540218,0,0.000000,SUCCESS,sync_sigmoid,sync_with_sensor1_matrix5
2026-05-21T22:59:42,96.3,31.0,sensor1_raspberry,5,TH0,4,0,107,137,20.000,20.695,3001707,3001791,84,4.200000,SUCCESS,sync_counter,sync_with_sensor2_IC1_TH0
2026-05-21T22:59:42,96.3,31.0,sensor2_serial,1,0,4,0,120,137,20.000,20.695,14540229,14540229,0,0.000000,SUCCESS,sync_sigmoid,sync_with_sensor1_matrix5
2026-05-21T23:00:04,96.3,31.0,sensor1_raspberry,5,TH0,4,0,107,255,20.000,20.729,3473608,11020495,7546887,377344.350000,SUCCESS,sync_counter,sync_with_sensor2_IC1_TH1
2026-05-21T23:00:04,96.3,31.0,sensor2_serial,1,1,5,1,120,255,20.000,20.729,14503867,16333334,1829467,91473.350000,SUCCESS,sync_sigmoid,sync_with_sensor1_matrix5
2026-05-21T23:00:27,96.3,31.0,sensor1_raspberry,5,TH0,4,0,107,254,20.000,20.803,11673132,419674,5523758,276187.900000,SUCCESS,sync_counter,sync_with_sensor2_IC1_TH1
2026-05-21T23:00:27,96.3,31.0,sensor2_serial,1,1,5,1,120,254,20.000,20.803,16494641,1427267,1709842,85492.100000,SUCCESS,sync_sigmoid,sync_with_sensor1_matrix5
2026-05-21T23:00:50,96.3,31.0,sensor1_raspberry,5,TH0,4,0,107,253,20.000,20.705,707168,1939439,1232271,61613.550000,SUCCESS,sync_counter,sync_with_sensor2_IC1_TH1
2026-05-21T23:00:50,96.3,31.0,sensor2_serial,1,1,5,1,120,253,20.000,20.705,1604210,3481158,1876948,93847.400000,SUCCESS,sync_sigmoid,sync_with_sensor1_matrix5
2026-05-21T23:01:13,96.3,31.0,sensor1_raspberry,5,TH0,4,0,107,252,20.000,20.745,2015974,2497852,481878,24093.900000,SUCCESS,sync_counter,sync_with_sensor2_IC1_TH1
2026-05-21T23:01:13,96.3,31.0,sensor2_serial,1,1,5,1,120,252,20.000,20.745,3670170,5760908,2090738,104536.900000,SUCCESS,sync_sigmoid,sync_with_sensor1_matrix5
2026-05-21T23:01:36,96.3,31.0,sensor1_raspberry,5,TH0,4,0,107,251,20.000,20.793,2521545,2615148,93603,4680.150000,SUCCESS,sync_counter,sync_with_sensor2_IC1_TH1
2026-05-21T23:01:36,96.3,31.0,sensor2_serial,1,1,5,1,120,251,20.000,20.793,5969618,8254801,2285183,114259.150000,SUCCESS,sync_sigmoid,sync_with_sensor1_matrix5
2026-05-21T23:01:59,96.3,31.0,sensor1_raspberry,5,TH0,4,0,107,250,20.000,20.766,2620740,2651794,31054,1552.700000,SUCCESS,sync_counter,sync_with_sensor2_IC1_TH1
2026-05-21T23:01:59,96.3,31.0,sensor2_serial,1,1,5,1,120,250,20.000,20.766,8491230,10980905,2489675,124483.750000,SUCCESS,sync_sigmoid,sync_with_sensor1_matrix5
2026-05-21T23:02:22,96.3,31.0,sensor1_raspberry,5,TH0,4,0,107,249,20.000,20.760,2653168,2655646,2478,123.900000,SUCCESS,sync_counter,sync_with_sensor2_IC1_TH1
2026-05-21T23:02:22,96.3,31.0,sensor2_serial,1,1,5,1,120,249,20.000,20.760,11233799,14072304,2838505,141925.250000,SUCCESS,sync_sigmoid,sync_with_sensor1_matrix5
2026-05-21T23:02:45,96.3,31.0,sensor1_raspberry,5,TH0,4,0,107,248,20.000,20.787,2655788,2656521,733,36.650000,SUCCESS,sync_counter,sync_with_sensor2_IC1_TH1
2026-05-21T23:02:45,96.3,31.0,sensor2_serial,1,1,5,1,120,248,20.000,20.787,14352468,587499,3012247,150612.350000,SUCCESS,sync_sigmoid,sync_with_sensor1_matrix5
2026-05-21T23:03:07,96.3,31.0,sensor1_raspberry,5,TH0,4,0,107,247,20.000,20.772,2656579,2656890,311,15.550000,SUCCESS,sync_counter,sync_with_sensor2_IC1_TH1
2026-05-21T23:03:07,96.3,31.0,sensor2_serial,1,1,5,1,120,247,20.000,20.772,884220,3687747,2803527,140176.350000,SUCCESS,sync_sigmoid,sync_with_sensor1_matrix5
2026-05-21T23:03:30,96.3,31.0,sensor1_raspberry,5,TH0,4,0,107,246,20.000,20.765,2656921,2657131,210,10.500000,SUCCESS,sync_counter,sync_with_sensor2_IC1_TH1
2026-05-21T23:03:30,96.3,31.0,sensor2_serial,1,1,5,1,120,246,20.000,20.765,3960751,6281001,2320250,116012.500000,SUCCESS,sync_sigmoid,sync_with_sensor1_matrix5
2026-05-21T23:03:53,96.3,31.0,sensor1_raspberry,5,TH0,4,0,107,245,20.000,20.760,2657144,2657286,142,7.100000,SUCCESS,sync_counter,sync_with_sensor2_IC1_TH1
2026-05-21T23:03:53,96.3,31.0,sensor2_serial,1,1,5,1,120,245,20.000,20.760,6505193,8142420,1637227,81861.350000,SUCCESS,sync_sigmoid,sync_with_sensor1_matrix5
2026-05-21T23:04:16,96.3,31.0,sensor1_raspberry,5,TH0,4,0,107,244,20.000,20.791,2657297,2657492,195,9.750000,SUCCESS,sync_counter,sync_with_sensor2_IC1_TH1
2026-05-21T23:04:16,96.3,31.0,sensor2_serial,1,1,5,1,120,244,20.000,20.791,8301714,9270446,968732,48436.600000,SUCCESS,sync_sigmoid,sync_with_sensor1_matrix5
2026-05-21T23:04:39,96.3,31.0,sensor1_raspberry,5,TH0,4,0,107,243,20.000,20.725,2657509,2657683,174,8.700000,SUCCESS,sync_counter,sync_with_sensor2_IC1_TH1
2026-05-21T23:04:39,96.3,31.0,sensor2_serial,1,1,5,1,120,243,20.000,20.725,9371858,10060970,689112,34455.600000,SUCCESS,sync_sigmoid,sync_with_sensor1_matrix5
2026-05-21T23:05:02,96.3,31.0,sensor1_raspberry,5,TH0,4,0,107,242,20.000,20.764,2657700,2657852,152,7.600000,SUCCESS,sync_counter,sync_with_sensor2_IC1_TH1
2026-05-21T23:05:02,96.3,31.0,sensor2_serial,1,1,5,1,120,242,20.000,20.764,10121755,10464965,343210,17160.500000,SUCCESS,sync_sigmoid,sync_with_sensor1_matrix5
2026-05-21T23:05:25,96.3,31.0,sensor1_raspberry,5,TH0,4,0,107,241,20.000,20.727,2657861,2658029,168,8.400000,SUCCESS,sync_counter,sync_with_sensor2_IC1_TH1
2026-05-21T23:05:25,96.3,31.0,sensor2_serial,1,1,5,1,120,241,20.000,20.727,10500592,10664944,164352,8217.600000,SUCCESS,sync_sigmoid,sync_with_sensor1_matrix5
2026-05-21T23:05:48,96.3,31.0,sensor1_raspberry,5,TH0,4,0,107,240,20.000,20.772,2658042,2658206,164,8.200000,SUCCESS,sync_counter,sync_with_sensor2_IC1_TH1
2026-05-21T23:05:48,96.3,31.0,sensor2_serial,1,1,5,1,120,240,20.000,20.772,10678680,10759417,80737,4036.850000,SUCCESS,sync_sigmoid,sync_with_sensor1_matrix5
2026-05-21T23:06:10,96.3,31.0,sensor1_raspberry,5,TH0,4,0,107,239,20.000,20.751,2658227,2658389,162,8.100000,SUCCESS,sync_counter,sync_with_sensor2_IC1_TH1
2026-05-21T23:06:10,96.3,31.0,sensor2_serial,1,1,5,1,120,239,20.000,20.751,10765593,10810890,45297,2264.850000,SUCCESS,sync_sigmoid,sync_with_sensor1_matrix5
2026-05-21T23:06:33,96.3,31.0,sensor1_raspberry,5,TH0,4,0,107,238,20.000,20.693,2658402,2658551,149,7.450000,SUCCESS,sync_counter,sync_with_sensor2_IC1_TH1
2026-05-21T23:06:33,96.3,31.0,sensor2_serial,1,1,5,1,120,238,20.000,20.693,10816077,10837610,21533,1076.650000,SUCCESS,sync_sigmoid,sync_with_sensor1_matrix5
2026-05-21T23:06:56,96.3,31.0,sensor1_raspberry,5,TH0,4,0,107,237,20.000,20.753,2658562,2658735,173,8.650000,SUCCESS,sync_counter,sync_with_sensor2_IC1_TH1
2026-05-21T23:06:56,96.3,31.0,sensor2_serial,1,1,5,1,120,237,20.000,20.753,10839942,10848216,8274,413.700000,SUCCESS,sync_sigmoid,sync_with_sensor1_matrix5
2026-05-21T23:07:19,96.3,31.0,sensor1_raspberry,5,TH0,4,0,107,236,20.000,20.764,2658751,2658893,142,7.100000,SUCCESS,sync_counter,sync_with_sensor2_IC1_TH1
2026-05-21T23:07:19,96.3,31.0,sensor2_serial,1,1,5,1,120,236,20.000,20.764,10849044,10851898,2854,142.700000,SUCCESS,sync_sigmoid,sync_with_sensor1_matrix5
2026-05-21T23:07:42,96.3,31.0,sensor1_raspberry,5,TH0,4,0,107,235,20.000,20.754,2658913,2659091,178,8.900000,SUCCESS,sync_counter,sync_with_sensor2_IC1_TH1
2026-05-21T23:07:42,96.3,31.0,sensor2_serial,1,1,5,1,120,235,20.000,20.754,10852232,10853786,1554,77.700000,SUCCESS,sync_sigmoid,sync_with_sensor1_matrix5
2026-05-21T23:08:05,96.3,31.0,sensor1_raspberry,5,TH0,4,0,107,234,20.000,20.740,2659104,2659264,160,8.000000,SUCCESS,sync_counter,sync_with_sensor2_IC1_TH1
2026-05-21T23:08:05,96.3,31.0,sensor2_serial,1,1,5,1,120,234,20.000,20.740,10853947,10854540,593,29.650000,SUCCESS,sync_sigmoid,sync_with_sensor1_matrix5
2026-05-21T23:08:28,96.3,31.0,sensor1_raspberry,5,TH0,4,0,107,233,20.000,20.732,2659285,2659455,170,8.500000,SUCCESS,sync_counter,sync_with_sensor2_IC1_TH1
2026-05-21T23:08:28,96.3,31.0,sensor2_serial,1,1,5,1,120,233,20.000,20.732,10854632,10854963,331,16.550000,SUCCESS,sync_sigmoid,sync_with_sensor1_matrix5
2026-05-21T23:08:50,96.3,31.0,sensor1_raspberry,5,TH0,4,0,107,232,20.000,20.734,2659467,2659630,163,8.150000,SUCCESS,sync_counter,sync_with_sensor2_IC1_TH1
2026-05-21T23:08:50,96.3,31.0,sensor2_serial,1,1,5,1,120,232,20.000,20.734,10855013,10855241,228,11.400000,SUCCESS,sync_sigmoid,sync_with_sensor1_matrix5
2026-05-21T23:09:13,96.3,31.0,sensor1_raspberry,5,TH0,4,0,107,231,20.000,20.756,2659642,2659789,147,7.350000,SUCCESS,sync_counter,sync_with_sensor2_IC1_TH1
2026-05-21T23:09:13,96.3,31.0,sensor2_serial,1,1,5,1,120,231,20.000,20.756,10855282,10855480,198,9.900000,SUCCESS,sync_sigmoid,sync_with_sensor1_matrix5
2026-05-21T23:09:36,96.3,31.0,sensor1_raspberry,5,TH0,4,0,107,230,20.000,20.725,2659803,2659961,158,7.900000,SUCCESS,sync_counter,sync_with_sensor2_IC1_TH1
2026-05-21T23:09:36,96.3,31.0,sensor2_serial,1,1,5,1,120,230,20.000,20.725,10855512,10855660,148,7.400000,SUCCESS,sync_sigmoid,sync_with_sensor1_matrix5
2026-05-21T23:09:59,96.3,31.0,sensor1_raspberry,5,TH0,4,0,107,229,20.000,20.770,2659984,2660141,157,7.850000,SUCCESS,sync_counter,sync_with_sensor2_IC1_TH1
2026-05-21T23:09:59,96.3,31.0,sensor2_serial,1,1,5,1,120,229,20.000,20.770,10855691,10855824,133,6.650000,SUCCESS,sync_sigmoid,sync_with_sensor1_matrix5
2026-05-21T23:10:22,96.3,31.0,sensor1_raspberry,5,TH0,4,0,107,228,20.000,20.759,2660161,2660319,158,7.900000,SUCCESS,sync_counter,sync_with_sensor2_IC1_TH1
2026-05-21T23:10:22,96.3,31.0,sensor2_serial,1,1,5,1,120,228,20.000,20.759,10855852,10855996,144,7.200000,SUCCESS,sync_sigmoid,sync_with_sensor1_matrix5
2026-05-21T23:10:45,96.3,31.0,sensor1_raspberry,5,TH0,4,0,107,227,20.000,20.684,2660338,2660515,177,8.850000,SUCCESS,sync_counter,sync_with_sensor2_IC1_TH1
2026-05-21T23:10:45,96.3,31.0,sensor2_serial,1,1,5,1,120,227,20.000,20.684,10856019,10856160,141,7.050000,SUCCESS,sync_sigmoid,sync_with_sensor1_matrix5
2026-05-21T23:11:07,96.3,31.0,sensor1_raspberry,5,TH0,4,0,107,226,20.000,20.747,2660529,2660699,170,8.500000,SUCCESS,sync_counter,sync_with_sensor2_IC1_TH1
2026-05-21T23:11:07,96.3,31.0,sensor2_serial,1,1,5,1,120,226,20.000,20.747,10856182,10856326,144,7.200000,SUCCESS,sync_sigmoid,sync_with_sensor1_matrix5
2026-05-21T23:11:30,96.3,31.0,sensor1_raspberry,5,TH0,4,0,107,225,20.000,20.792,2660718,2660897,179,8.950000,SUCCESS,sync_counter,sync_with_sensor2_IC1_TH1
2026-05-21T23:11:30,96.3,31.0,sensor2_serial,1,1,5,1,120,225,20.000,20.792,10856346,10856500,154,7.700000,SUCCESS,sync_sigmoid,sync_with_sensor1_matrix5
2026-05-21T23:11:53,96.3,31.0,sensor1_raspberry,5,TH0,4,0,107,224,20.000,20.766,2660919,2661085,166,8.300000,SUCCESS,sync_counter,sync_with_sensor2_IC1_TH1
2026-05-21T23:11:53,96.3,31.0,sensor2_serial,1,1,5,1,120,224,20.000,20.766,10856519,10856640,121,6.050000,SUCCESS,sync_sigmoid,sync_with_sensor1_matrix5
2026-05-21T23:12:16,96.3,31.0,sensor1_raspberry,5,TH0,4,0,107,223,20.000,20.753,2661100,2661267,167,8.350000,SUCCESS,sync_counter,sync_with_sensor2_IC1_TH1
2026-05-21T23:12:16,96.3,31.0,sensor2_serial,1,1,5,1,120,223,20.000,20.753,10856663,10856818,155,7.750000,SUCCESS,sync_sigmoid,sync_with_sensor1_matrix5
2026-05-21T23:12:39,96.3,31.0,sensor1_raspberry,5,TH0,4,0,107,222,20.000,20.802,2661289,2661439,150,7.500000,SUCCESS,sync_counter,sync_with_sensor2_IC1_TH1
2026-05-21T23:12:39,96.3,31.0,sensor2_serial,1,1,5,1,120,222,20.000,20.802,10856844,10857001,157,7.850000,SUCCESS,sync_sigmoid,sync_with_sensor1_matrix5
2026-05-21T23:13:02,96.3,31.0,sensor1_raspberry,5,TH0,4,0,107,221,20.000,20.758,2661458,2661628,170,8.500000,SUCCESS,sync_counter,sync_with_sensor2_IC1_TH1
2026-05-21T23:13:02,96.3,31.0,sensor2_serial,1,1,5,1,120,221,20.000,20.758,10857020,10857177,157,7.850000,SUCCESS,sync_sigmoid,sync_with_sensor1_matrix5
2026-05-21T23:13:25,96.3,31.0,sensor1_raspberry,5,TH0,4,0,107,220,20.000,20.748,2661642,2661812,170,8.500000,SUCCESS,sync_counter,sync_with_sensor2_IC1_TH1
2026-05-21T23:13:25,96.3,31.0,sensor2_serial,1,1,5,1,120,220,20.000,20.748,10857206,10857332,126,6.300000,SUCCESS,sync_sigmoid,sync_with_sensor1_matrix5
2026-05-21T23:13:48,96.3,31.0,sensor1_raspberry,5,TH0,4,0,107,219,20.000,20.741,2661834,2661972,138,6.900000,SUCCESS,sync_counter,sync_with_sensor2_IC1_TH1
2026-05-21T23:13:48,96.3,31.0,sensor2_serial,1,1,5,1,120,219,20.000,20.741,10857352,10857490,138,6.900000,SUCCESS,sync_sigmoid,sync_with_sensor1_matrix5
2026-05-21T23:14:10,96.3,31.0,sensor1_raspberry,5,TH0,4,0,107,218,20.000,20.758,2661985,2662168,183,9.150000,SUCCESS,sync_counter,sync_with_sensor2_IC1_TH1
2026-05-21T23:14:10,96.3,31.0,sensor2_serial,1,1,5,1,120,218,20.000,20.758,10857505,10857647,142,7.100000,SUCCESS,sync_sigmoid,sync_with_sensor1_matrix5
2026-05-21T23:14:33,96.3,31.0,sensor1_raspberry,5,TH0,4,0,107,217,20.000,20.756,2662178,2662320,142,7.100000,SUCCESS,sync_counter,sync_with_sensor2_IC1_TH1
2026-05-21T23:14:33,96.3,31.0,sensor2_serial,1,1,5,1,120,217,20.000,20.756,10857667,10857815,148,7.400000,SUCCESS,sync_sigmoid,sync_with_sensor1_matrix5
2026-05-21T23:14:56,96.3,31.0,sensor1_raspberry,5,TH0,4,0,107,216,20.000,20.760,2662337,2662491,154,7.700000,SUCCESS,sync_counter,sync_with_sensor2_IC1_TH1
2026-05-21T23:14:56,96.3,31.0,sensor2_serial,1,1,5,1,120,216,20.000,20.760,10857837,10857956,119,5.950000,SUCCESS,sync_sigmoid,sync_with_sensor1_matrix5
2026-05-21T23:15:19,96.3,31.0,sensor1_raspberry,5,TH0,4,0,107,215,20.000,20.724,2662506,2662676,170,8.500000,SUCCESS,sync_counter,sync_with_sensor2_IC1_TH1
2026-05-21T23:15:19,96.3,31.0,sensor2_serial,1,1,5,1,120,215,20.000,20.724,10857977,10858090,113,5.650000,SUCCESS,sync_sigmoid,sync_with_sensor1_matrix5
2026-05-21T23:15:42,96.3,31.0,sensor1_raspberry,5,TH0,4,0,107,214,20.000,20.772,2662695,2662839,144,7.200000,SUCCESS,sync_counter,sync_with_sensor2_IC1_TH1
2026-05-21T23:15:42,96.3,31.0,sensor2_serial,1,1,5,1,120,214,20.000,20.772,10858107,10858235,128,6.400000,SUCCESS,sync_sigmoid,sync_with_sensor1_matrix5
2026-05-21T23:16:05,96.3,31.0,sensor1_raspberry,5,TH0,4,0,107,213,20.000,20.735,2662852,2663039,187,9.350000,SUCCESS,sync_counter,sync_with_sensor2_IC1_TH1
2026-05-21T23:16:05,96.3,31.0,sensor2_serial,1,1,5,1,120,213,20.000,20.735,10858250,10858392,142,7.100000,SUCCESS,sync_sigmoid,sync_with_sensor1_matrix5
2026-05-21T23:16:27,96.3,31.0,sensor1_raspberry,5,TH0,4,0,107,212,20.000,20.744,2663059,2663229,170,8.500000,SUCCESS,sync_counter,sync_with_sensor2_IC1_TH1
2026-05-21T23:16:27,96.3,31.0,sensor2_serial,1,1,5,1,120,212,20.000,20.744,10858403,10858523,120,6.000000,SUCCESS,sync_sigmoid,sync_with_sensor1_matrix5
2026-05-21T23:16:50,96.3,31.0,sensor1_raspberry,5,TH0,4,0,107,211,20.000,20.757,2663247,2663424,177,8.850000,SUCCESS,sync_counter,sync_with_sensor2_IC1_TH1
2026-05-21T23:16:50,96.3,31.0,sensor2_serial,1,1,5,1,120,211,20.000,20.757,10858536,10858656,120,6.000000,SUCCESS,sync_sigmoid,sync_with_sensor1_matrix5
2026-05-21T23:17:13,96.3,31.0,sensor1_raspberry,5,TH0,4,0,107,210,20.000,20.765,2663443,2663604,161,8.050000,SUCCESS,sync_counter,sync_with_sensor2_IC1_TH1
2026-05-21T23:17:13,96.3,31.0,sensor2_serial,1,1,5,1,120,210,20.000,20.765,10858679,10858819,140,7.000000,SUCCESS,sync_sigmoid,sync_with_sensor1_matrix5
2026-05-21T23:17:36,96.3,31.0,sensor1_raspberry,5,TH0,4,0,107,209,20.000,20.773,2663618,2663764,146,7.300000,SUCCESS,sync_counter,sync_with_sensor2_IC1_TH1
2026-05-21T23:17:36,96.3,31.0,sensor2_serial,1,1,5,1,120,209,20.000,20.773,10858834,10858952,118,5.900000,SUCCESS,sync_sigmoid,sync_with_sensor1_matrix5
2026-05-21T23:17:59,96.3,31.0,sensor1_raspberry,5,TH0,4,0,107,208,20.000,20.782,2663776,2663952,176,8.800000,SUCCESS,sync_counter,sync_with_sensor2_IC1_TH1
2026-05-21T23:17:59,96.3,31.0,sensor2_serial,1,1,5,1,120,208,20.000,20.782,10858962,10859084,122,6.100000,SUCCESS,sync_sigmoid,sync_with_sensor1_matrix5
2026-05-21T23:18:22,96.3,31.0,sensor1_raspberry,5,TH0,4,0,107,207,20.000,20.750,2663964,2664135,171,8.550000,SUCCESS,sync_counter,sync_with_sensor2_IC1_TH1
2026-05-21T23:18:22,96.3,31.0,sensor2_serial,1,1,5,1,120,207,20.000,20.750,10859099,10859221,122,6.100000,SUCCESS,sync_sigmoid,sync_with_sensor1_matrix5
2026-05-21T23:18:45,96.3,31.0,sensor1_raspberry,5,TH0,4,0,107,206,20.000,20.765,2664151,2664314,163,8.150000,SUCCESS,sync_counter,sync_with_sensor2_IC1_TH1
2026-05-21T23:18:45,96.3,31.0,sensor2_serial,1,1,5,1,120,206,20.000,20.765,10859235,10859338,103,5.150000,SUCCESS,sync_sigmoid,sync_with_sensor1_matrix5
2026-05-21T23:19:08,96.3,31.0,sensor1_raspberry,5,TH0,4,0,107,205,20.000,20.761,2664325,2664478,153,7.650000,SUCCESS,sync_counter,sync_with_sensor2_IC1_TH1
2026-05-21T23:19:08,96.3,31.0,sensor2_serial,1,1,5,1,120,205,20.000,20.761,10859360,10859462,102,5.100000,SUCCESS,sync_sigmoid,sync_with_sensor1_matrix5
2026-05-21T23:19:30,96.3,31.0,sensor1_raspberry,5,TH0,4,0,107,204,20.000,20.703,2664492,2664651,159,7.950000,SUCCESS,sync_counter,sync_with_sensor2_IC1_TH1
2026-05-21T23:19:30,96.3,31.0,sensor2_serial,1,1,5,1,120,204,20.000,20.703,10859476,10859593,117,5.850000,SUCCESS,sync_sigmoid,sync_with_sensor1_matrix5
2026-05-21T23:19:53,96.3,31.0,sensor1_raspberry,5,TH0,4,0,107,203,20.000,20.722,2664666,2664833,167,8.350000,SUCCESS,sync_counter,sync_with_sensor2_IC1_TH1
2026-05-21T23:19:53,96.3,31.0,sensor2_serial,1,1,5,1,120,203,20.000,20.722,10859604,10859713,109,5.450000,SUCCESS,sync_sigmoid,sync_with_sensor1_matrix5
2026-05-21T23:20:16,96.3,31.0,sensor1_raspberry,5,TH0,4,0,107,202,20.000,20.771,2664843,2665010,167,8.350000,SUCCESS,sync_counter,sync_with_sensor2_IC1_TH1
2026-05-21T23:20:16,96.3,31.0,sensor2_serial,1,1,5,1,120,202,20.000,20.771,10859728,10859843,115,5.750000,SUCCESS,sync_sigmoid,sync_with_sensor1_matrix5
2026-05-21T23:20:39,96.3,31.0,sensor1_raspberry,5,TH0,4,0,107,201,20.000,20.764,2665031,2665201,170,8.500000,SUCCESS,sync_counter,sync_with_sensor2_IC1_TH1
2026-05-21T23:20:39,96.3,31.0,sensor2_serial,1,1,5,1,120,201,20.000,20.764,10859861,10859989,128,6.400000,SUCCESS,sync_sigmoid,sync_with_sensor1_matrix5
2026-05-21T23:21:02,96.3,31.0,sensor1_raspberry,5,TH0,4,0,107,200,20.000,20.756,2665219,2665357,138,6.900000,SUCCESS,sync_counter,sync_with_sensor2_IC1_TH1
2026-05-21T23:21:02,96.3,31.0,sensor2_serial,1,1,5,1,120,200,20.000,20.756,10860007,10860121,114,5.700000,SUCCESS,sync_sigmoid,sync_with_sensor1_matrix5
2026-05-21T23:21:25,96.3,31.0,sensor1_raspberry,5,TH0,4,0,107,199,20.000,20.755,2665378,2665535,157,7.850000,SUCCESS,sync_counter,sync_with_sensor2_IC1_TH1
2026-05-21T23:21:25,96.3,31.0,sensor2_serial,1,1,5,1,120,199,20.000,20.755,10860135,10860243,108,5.400000,SUCCESS,sync_sigmoid,sync_with_sensor1_matrix5
2026-05-21T23:21:47,96.3,31.0,sensor1_raspberry,5,TH0,4,0,107,198,20.000,20.704,2665553,2665692,139,6.950000,SUCCESS,sync_counter,sync_with_sensor2_IC1_TH1
2026-05-21T23:21:47,96.3,31.0,sensor2_serial,1,1,5,1,120,198,20.000,20.704,10860251,10860350,99,4.950000,SUCCESS,sync_sigmoid,sync_with_sensor1_matrix5
2026-05-21T23:22:10,96.3,31.0,sensor1_raspberry,5,TH0,4,0,107,197,20.000,20.764,2665709,2665894,185,9.250000,SUCCESS,sync_counter,sync_with_sensor2_IC1_TH1
2026-05-21T23:22:10,96.3,31.0,sensor2_serial,1,1,5,1,120,197,20.000,20.764,10860361,10860478,117,5.850000,SUCCESS,sync_sigmoid,sync_with_sensor1_matrix5
2026-05-21T23:22:33,96.3,31.0,sensor1_raspberry,5,TH0,4,0,107,196,20.000,20.737,2665907,2666063,156,7.800000,SUCCESS,sync_counter,sync_with_sensor2_IC1_TH1
2026-05-21T23:22:33,96.3,31.0,sensor2_serial,1,1,5,1,120,196,20.000,20.737,10860490,10860601,111,5.550000,SUCCESS,sync_sigmoid,sync_with_sensor1_matrix5
2026-05-21T23:22:56,96.3,31.0,sensor1_raspberry,5,TH0,4,0,107,195,20.000,20.738,2666078,2666229,151,7.550000,SUCCESS,sync_counter,sync_with_sensor2_IC1_TH1
2026-05-21T23:22:56,96.3,31.0,sensor2_serial,1,1,5,1,120,195,20.000,20.738,10860612,10860712,100,5.000000,SUCCESS,sync_sigmoid,sync_with_sensor1_matrix5
2026-05-21T23:23:19,96.3,31.0,sensor1_raspberry,5,TH0,4,0,107,194,20.000,20.728,2666242,2666390,148,7.400000,SUCCESS,sync_counter,sync_with_sensor2_IC1_TH1
2026-05-21T23:23:19,96.3,31.0,sensor2_serial,1,1,5,1,120,194,20.000,20.728,10860728,10860827,99,4.950000,SUCCESS,sync_sigmoid,sync_with_sensor1_matrix5
2026-05-21T23:23:42,96.3,31.0,sensor1_raspberry,5,TH0,4,0,107,193,20.000,20.710,2666409,2666572,163,8.150000,SUCCESS,sync_counter,sync_with_sensor2_IC1_TH1
2026-05-21T23:23:42,96.3,31.0,sensor2_serial,1,1,5,1,120,193,20.000,20.710,10860842,10860926,84,4.200000,SUCCESS,sync_sigmoid,sync_with_sensor1_matrix5
2026-05-21T23:24:04,96.3,31.0,sensor1_raspberry,5,TH0,4,0,107,192,20.000,20.757,2666587,2666744,157,7.850000,SUCCESS,sync_counter,sync_with_sensor2_IC1_TH1
2026-05-21T23:24:04,96.3,31.0,sensor2_serial,1,1,5,1,120,192,20.000,20.757,10860936,10861017,81,4.050000,SUCCESS,sync_sigmoid,sync_with_sensor1_matrix5
2026-05-21T23:24:27,96.3,31.0,sensor1_raspberry,5,TH0,4,0,107,191,20.000,20.760,2666760,2666929,169,8.450000,SUCCESS,sync_counter,sync_with_sensor2_IC1_TH1
2026-05-21T23:24:27,96.3,31.0,sensor2_serial,1,1,5,1,120,191,20.000,20.760,10861030,10861141,111,5.550000,SUCCESS,sync_sigmoid,sync_with_sensor1_matrix5
2026-05-21T23:24:50,96.3,31.0,sensor1_raspberry,5,TH0,4,0,107,190,20.000,20.753,2666943,2667116,173,8.650000,SUCCESS,sync_counter,sync_with_sensor2_IC1_TH1
2026-05-21T23:24:50,96.3,31.0,sensor2_serial,1,1,5,1,120,190,20.000,20.753,10861151,10861260,109,5.450000,SUCCESS,sync_sigmoid,sync_with_sensor1_matrix5
2026-05-21T23:25:13,96.3,31.0,sensor1_raspberry,5,TH0,4,0,107,189,20.000,20.755,2667132,2667272,140,7.000000,SUCCESS,sync_counter,sync_with_sensor2_IC1_TH1
2026-05-21T23:25:13,96.3,31.0,sensor2_serial,1,1,5,1,120,189,20.000,20.755,10861263,10861369,106,5.300000,SUCCESS,sync_sigmoid,sync_with_sensor1_matrix5
2026-05-21T23:25:36,96.3,31.0,sensor1_raspberry,5,TH0,4,0,107,188,20.000,20.756,2667283,2667420,137,6.850000,SUCCESS,sync_counter,sync_with_sensor2_IC1_TH1
2026-05-21T23:25:36,96.3,31.0,sensor2_serial,1,1,5,1,120,188,20.000,20.756,10861378,10861470,92,4.600000,SUCCESS,sync_sigmoid,sync_with_sensor1_matrix5
2026-05-21T23:25:59,96.3,31.0,sensor1_raspberry,5,TH0,4,0,107,187,20.000,20.748,2667437,2667579,142,7.100000,SUCCESS,sync_counter,sync_with_sensor2_IC1_TH1
2026-05-21T23:25:59,96.3,31.0,sensor2_serial,1,1,5,1,120,187,20.000,20.748,10861479,10861575,96,4.800000,SUCCESS,sync_sigmoid,sync_with_sensor1_matrix5
2026-05-21T23:26:22,96.3,31.0,sensor1_raspberry,5,TH0,4,0,107,186,20.000,20.744,2667594,2667770,176,8.800000,SUCCESS,sync_counter,sync_with_sensor2_IC1_TH1
2026-05-21T23:26:22,96.3,31.0,sensor2_serial,1,1,5,1,120,186,20.000,20.744,10861590,10861685,95,4.750000,SUCCESS,sync_sigmoid,sync_with_sensor1_matrix5
2026-05-21T23:26:44,96.3,31.0,sensor1_raspberry,5,TH0,4,0,107,185,20.000,20.742,2667782,2667948,166,8.300000,SUCCESS,sync_counter,sync_with_sensor2_IC1_TH1
2026-05-21T23:26:44,96.3,31.0,sensor2_serial,1,1,5,1,120,185,20.000,20.742,10861693,10861792,99,4.950000,SUCCESS,sync_sigmoid,sync_with_sensor1_matrix5
2026-05-21T23:27:07,96.3,31.0,sensor1_raspberry,5,TH0,4,0,107,184,20.000,20.721,2667962,2668129,167,8.350000,SUCCESS,sync_counter,sync_with_sensor2_IC1_TH1
2026-05-21T23:27:07,96.3,31.0,sensor2_serial,1,1,5,1,120,184,20.000,20.721,10861801,10861890,89,4.450000,SUCCESS,sync_sigmoid,sync_with_sensor1_matrix5
2026-05-21T23:27:30,96.3,31.0,sensor1_raspberry,5,TH0,4,0,107,183,20.000,20.737,2668144,2668288,144,7.200000,SUCCESS,sync_counter,sync_with_sensor2_IC1_TH1
2026-05-21T23:27:30,96.3,31.0,sensor2_serial,1,1,5,1,120,183,20.000,20.737,10861900,10861992,92,4.600000,SUCCESS,sync_sigmoid,sync_with_sensor1_matrix5
2026-05-21T23:27:53,96.3,31.0,sensor1_raspberry,5,TH0,4,0,107,182,20.000,20.713,2668300,2668462,162,8.100000,SUCCESS,sync_counter,sync_with_sensor2_IC1_TH1
2026-05-21T23:27:53,96.3,31.0,sensor2_serial,1,1,5,1,120,182,20.000,20.713,10862002,10862077,75,3.750000,SUCCESS,sync_sigmoid,sync_with_sensor1_matrix5
2026-05-21T23:28:16,96.3,31.0,sensor1_raspberry,5,TH0,4,0,107,181,20.000,20.755,2668477,2668618,141,7.050000,SUCCESS,sync_counter,sync_with_sensor2_IC1_TH1
2026-05-21T23:28:16,96.3,31.0,sensor2_serial,1,1,5,1,120,181,20.000,20.755,10862086,10862181,95,4.750000,SUCCESS,sync_sigmoid,sync_with_sensor1_matrix5
2026-05-21T23:28:39,96.3,31.0,sensor1_raspberry,5,TH0,4,0,107,180,20.000,20.769,2668632,2668769,137,6.850000,SUCCESS,sync_counter,sync_with_sensor2_IC1_TH1
2026-05-21T23:28:39,96.3,31.0,sensor2_serial,1,1,5,1,120,180,20.000,20.769,10862192,10862254,62,3.100000,SUCCESS,sync_sigmoid,sync_with_sensor1_matrix5
2026-05-21T23:29:01,96.3,31.0,sensor1_raspberry,5,TH0,4,0,107,179,20.000,20.725,2668789,2668940,151,7.550000,SUCCESS,sync_counter,sync_with_sensor2_IC1_TH1
2026-05-21T23:29:01,96.3,31.0,sensor2_serial,1,1,5,1,120,179,20.000,20.725,10862264,10862324,60,3.000000,SUCCESS,sync_sigmoid,sync_with_sensor1_matrix5
2026-05-21T23:29:24,96.3,31.0,sensor1_raspberry,5,TH0,4,0,107,178,20.000,20.746,2668950,2669127,177,8.850000,SUCCESS,sync_counter,sync_with_sensor2_IC1_TH1
2026-05-21T23:29:24,96.3,31.0,sensor2_serial,1,1,5,1,120,178,20.000,20.746,10862335,10862403,68,3.400000,SUCCESS,sync_sigmoid,sync_with_sensor1_matrix5
2026-05-21T23:29:47,96.3,31.0,sensor1_raspberry,5,TH0,4,0,107,177,20.000,20.739,2669137,2669298,161,8.050000,SUCCESS,sync_counter,sync_with_sensor2_IC1_TH1
2026-05-21T23:29:47,96.3,31.0,sensor2_serial,1,1,5,1,120,177,20.000,20.739,10862409,10862473,64,3.200000,SUCCESS,sync_sigmoid,sync_with_sensor1_matrix5
2026-05-21T23:30:10,96.3,31.0,sensor1_raspberry,5,TH0,4,0,107,176,20.000,20.761,2669312,2669451,139,6.950000,SUCCESS,sync_counter,sync_with_sensor2_IC1_TH1
2026-05-21T23:30:10,96.3,31.0,sensor2_serial,1,1,5,1,120,176,20.000,20.761,10862485,10862557,72,3.600000,SUCCESS,sync_sigmoid,sync_with_sensor1_matrix5
2026-05-21T23:30:33,96.3,31.0,sensor1_raspberry,5,TH0,4,0,107,175,20.000,20.753,2669467,2669596,129,6.450000,SUCCESS,sync_counter,sync_with_sensor2_IC1_TH1
2026-05-21T23:30:33,96.3,31.0,sensor2_serial,1,1,5,1,120,175,20.000,20.753,10862566,10862651,85,4.250000,SUCCESS,sync_sigmoid,sync_with_sensor1_matrix5
2026-05-21T23:30:56,96.3,31.0,sensor1_raspberry,5,TH0,4,0,107,174,20.000,20.749,2669611,2669768,157,7.850000,SUCCESS,sync_counter,sync_with_sensor2_IC1_TH1
2026-05-21T23:30:56,96.3,31.0,sensor2_serial,1,1,5,1,120,174,20.000,20.749,10862656,10862723,67,3.350000,SUCCESS,sync_sigmoid,sync_with_sensor1_matrix5
2026-05-21T23:31:19,96.3,31.0,sensor1_raspberry,5,TH0,4,0,107,173,20.000,20.731,2669782,2669921,139,6.950000,SUCCESS,sync_counter,sync_with_sensor2_IC1_TH1
2026-05-21T23:31:19,96.3,31.0,sensor2_serial,1,1,5,1,120,173,20.000,20.731,10862728,10862785,57,2.850000,SUCCESS,sync_sigmoid,sync_with_sensor1_matrix5
2026-05-21T23:31:41,96.3,31.0,sensor1_raspberry,5,TH0,4,0,107,172,20.000,20.757,2669939,2670083,144,7.200000,SUCCESS,sync_counter,sync_with_sensor2_IC1_TH1
2026-05-21T23:31:41,96.3,31.0,sensor2_serial,1,1,5,1,120,172,20.000,20.757,10862796,10862875,79,3.950000,SUCCESS,sync_sigmoid,sync_with_sensor1_matrix5
2026-05-21T23:32:04,96.3,31.0,sensor1_raspberry,5,TH0,4,0,107,171,20.000,20.712,2670101,2670259,158,7.900000,SUCCESS,sync_counter,sync_with_sensor2_IC1_TH1
2026-05-21T23:32:04,96.3,31.0,sensor2_serial,1,1,5,1,120,171,20.000,20.712,10862881,10862963,82,4.100000,SUCCESS,sync_sigmoid,sync_with_sensor1_matrix5
2026-05-21T23:32:27,96.3,31.0,sensor1_raspberry,5,TH0,4,0,107,170,20.000,20.779,2670274,2670410,136,6.800000,SUCCESS,sync_counter,sync_with_sensor2_IC1_TH1
2026-05-21T23:32:27,96.3,31.0,sensor2_serial,1,1,5,1,120,170,20.000,20.779,10862971,10863042,71,3.550000,SUCCESS,sync_sigmoid,sync_with_sensor1_matrix5
2026-05-21T23:32:50,96.3,31.0,sensor1_raspberry,5,TH0,4,0,107,169,20.000,20.744,2670428,2670556,128,6.400000,SUCCESS,sync_counter,sync_with_sensor2_IC1_TH1
2026-05-21T23:32:50,96.3,31.0,sensor2_serial,1,1,5,1,120,169,20.000,20.744,10863055,10863125,70,3.500000,SUCCESS,sync_sigmoid,sync_with_sensor1_matrix5
2026-05-21T23:33:13,96.3,31.0,sensor1_raspberry,5,TH0,4,0,107,168,20.000,20.757,2670571,2670725,154,7.700000,SUCCESS,sync_counter,sync_with_sensor2_IC1_TH1
2026-05-21T23:33:13,96.3,31.0,sensor2_serial,1,1,5,1,120,168,20.000,20.757,10863130,10863186,56,2.800000,SUCCESS,sync_sigmoid,sync_with_sensor1_matrix5
2026-05-21T23:33:36,96.3,31.0,sensor1_raspberry,5,TH0,4,0,107,167,20.000,20.770,2670744,2670893,149,7.450000,SUCCESS,sync_counter,sync_with_sensor2_IC1_TH1
2026-05-21T23:33:36,96.3,31.0,sensor2_serial,1,1,5,1,120,167,20.000,20.770,10863195,10863252,57,2.850000,SUCCESS,sync_sigmoid,sync_with_sensor1_matrix5
2026-05-21T23:33:59,96.3,31.0,sensor1_raspberry,5,TH0,4,0,107,166,20.000,20.700,2670914,2671032,118,5.900000,SUCCESS,sync_counter,sync_with_sensor2_IC1_TH1
2026-05-21T23:33:59,96.3,31.0,sensor2_serial,1,1,5,1,120,166,20.000,20.700,10863259,10863316,57,2.850000,SUCCESS,sync_sigmoid,sync_with_sensor1_matrix5
2026-05-21T23:34:21,96.3,31.0,sensor1_raspberry,5,TH0,4,0,107,165,20.000,20.737,2671047,2671197,150,7.500000,SUCCESS,sync_counter,sync_with_sensor2_IC1_TH1
2026-05-21T23:34:21,96.3,31.0,sensor2_serial,1,1,5,1,120,165,20.000,20.737,10863321,10863380,59,2.950000,SUCCESS,sync_sigmoid,sync_with_sensor1_matrix5
2026-05-21T23:34:44,96.3,31.0,sensor1_raspberry,5,TH0,4,0,107,164,20.000,20.727,2671215,2671362,147,7.350000,SUCCESS,sync_counter,sync_with_sensor2_IC1_TH1
2026-05-21T23:34:44,96.3,31.0,sensor2_serial,1,1,5,1,120,164,20.000,20.727,10863383,10863437,54,2.700000,SUCCESS,sync_sigmoid,sync_with_sensor1_matrix5
2026-05-21T23:35:07,96.3,31.0,sensor1_raspberry,5,TH0,4,0,107,163,20.000,20.722,2671371,2671503,132,6.600000,SUCCESS,sync_counter,sync_with_sensor2_IC1_TH1
2026-05-21T23:35:07,96.3,31.0,sensor2_serial,1,1,5,1,120,163,20.000,20.722,10863440,10863495,55,2.750000,SUCCESS,sync_sigmoid,sync_with_sensor1_matrix5
2026-05-21T23:35:30,96.3,31.0,sensor1_raspberry,5,TH0,4,0,107,162,20.000,20.719,2671518,2671659,141,7.050000,SUCCESS,sync_counter,sync_with_sensor2_IC1_TH1
2026-05-21T23:35:30,96.3,31.0,sensor2_serial,1,1,5,1,120,162,20.000,20.719,10863498,10863551,53,2.650000,SUCCESS,sync_sigmoid,sync_with_sensor1_matrix5
2026-05-21T23:35:53,96.3,31.0,sensor1_raspberry,5,TH0,4,0,107,161,20.000,20.741,2671672,2671806,134,6.700000,SUCCESS,sync_counter,sync_with_sensor2_IC1_TH1
2026-05-21T23:35:53,96.3,31.0,sensor2_serial,1,1,5,1,120,161,20.000,20.741,10863556,10863597,41,2.050000,SUCCESS,sync_sigmoid,sync_with_sensor1_matrix5
2026-05-21T23:36:16,96.3,31.0,sensor1_raspberry,5,TH0,4,0,107,160,20.000,20.758,2671822,2671953,131,6.550000,SUCCESS,sync_counter,sync_with_sensor2_IC1_TH1
2026-05-21T23:36:16,96.3,31.0,sensor2_serial,1,1,5,1,120,160,20.000,20.758,10863598,10863646,48,2.400000,SUCCESS,sync_sigmoid,sync_with_sensor1_matrix5
2026-05-21T23:36:38,96.3,31.0,sensor1_raspberry,5,TH0,4,0,107,159,20.000,20.748,2671964,2672106,142,7.100000,SUCCESS,sync_counter,sync_with_sensor2_IC1_TH1
2026-05-21T23:36:38,96.3,31.0,sensor2_serial,1,1,5,1,120,159,20.000,20.748,10863651,10863706,55,2.750000,SUCCESS,sync_sigmoid,sync_with_sensor1_matrix5
2026-05-21T23:37:01,96.3,31.0,sensor1_raspberry,5,TH0,4,0,107,158,20.000,20.715,2672109,2672250,141,7.050000,SUCCESS,sync_counter,sync_with_sensor2_IC1_TH1
2026-05-21T23:37:01,96.3,31.0,sensor2_serial,1,1,5,1,120,158,20.000,20.715,10863711,10863755,44,2.200000,SUCCESS,sync_sigmoid,sync_with_sensor1_matrix5
2026-05-21T23:37:24,96.3,31.0,sensor1_raspberry,5,TH0,4,0,107,157,20.000,20.721,2672262,2672388,126,6.300000,SUCCESS,sync_counter,sync_with_sensor2_IC1_TH1
2026-05-21T23:37:24,96.3,31.0,sensor2_serial,1,1,5,1,120,157,20.000,20.721,10863761,10863802,41,2.050000,SUCCESS,sync_sigmoid,sync_with_sensor1_matrix5
2026-05-21T23:37:47,96.3,31.0,sensor1_raspberry,5,TH0,4,0,107,156,20.000,20.766,2672397,2672498,101,5.050000,SUCCESS,sync_counter,sync_with_sensor2_IC1_TH1
2026-05-21T23:37:47,96.3,31.0,sensor2_serial,1,1,5,1,120,156,20.000,20.766,10863811,10863859,48,2.400000,SUCCESS,sync_sigmoid,sync_with_sensor1_matrix5
2026-05-21T23:38:10,96.3,31.0,sensor1_raspberry,5,TH0,4,0,107,155,20.000,20.746,2672517,2672649,132,6.600000,SUCCESS,sync_counter,sync_with_sensor2_IC1_TH1
2026-05-21T23:38:10,96.3,31.0,sensor2_serial,1,1,5,1,120,155,20.000,20.746,10863863,10863914,51,2.550000,SUCCESS,sync_sigmoid,sync_with_sensor1_matrix5
2026-05-21T23:38:33,96.3,31.0,sensor1_raspberry,5,TH0,4,0,107,154,20.000,20.764,2672662,2672811,149,7.450000,SUCCESS,sync_counter,sync_with_sensor2_IC1_TH1
2026-05-21T23:38:33,96.3,31.0,sensor2_serial,1,1,5,1,120,154,20.000,20.764,10863917,10863951,34,1.700000,SUCCESS,sync_sigmoid,sync_with_sensor1_matrix5
2026-05-21T23:38:55,96.3,31.0,sensor1_raspberry,5,TH0,4,0,107,153,20.000,20.755,2672824,2672950,126,6.300000,SUCCESS,sync_counter,sync_with_sensor2_IC1_TH1
2026-05-21T23:38:55,96.3,31.0,sensor2_serial,1,1,5,1,120,153,20.000,20.755,10863954,10863994,40,2.000000,SUCCESS,sync_sigmoid,sync_with_sensor1_matrix5
2026-05-21T23:39:18,96.3,31.0,sensor1_raspberry,5,TH0,4,0,107,152,20.000,20.738,2672967,2673101,134,6.700000,SUCCESS,sync_counter,sync_with_sensor2_IC1_TH1
2026-05-21T23:39:18,96.3,31.0,sensor2_serial,1,1,5,1,120,152,20.000,20.738,10864000,10864032,32,1.600000,SUCCESS,sync_sigmoid,sync_with_sensor1_matrix5
2026-05-21T23:39:41,96.3,31.0,sensor1_raspberry,5,TH0,4,0,107,151,20.000,20.703,2673114,2673221,107,5.350000,SUCCESS,sync_counter,sync_with_sensor2_IC1_TH1
2026-05-21T23:39:41,96.3,31.0,sensor2_serial,1,1,5,1,120,151,20.000,20.703,10864034,10864068,34,1.700000,SUCCESS,sync_sigmoid,sync_with_sensor1_matrix5
2026-05-21T23:40:04,96.3,31.0,sensor1_raspberry,5,TH0,4,0,107,150,20.000,20.785,2673230,2673346,116,5.800000,SUCCESS,sync_counter,sync_with_sensor2_IC1_TH1
2026-05-21T23:40:04,96.3,31.0,sensor2_serial,1,1,5,1,120,150,20.000,20.785,10864069,10864097,28,1.400000,SUCCESS,sync_sigmoid,sync_with_sensor1_matrix5
2026-05-21T23:40:27,96.3,31.0,sensor1_raspberry,5,TH0,4,0,107,149,20.000,20.757,2673354,2673481,127,6.350000,SUCCESS,sync_counter,sync_with_sensor2_IC1_TH1
2026-05-21T23:40:27,96.3,31.0,sensor2_serial,1,1,5,1,120,149,20.000,20.757,10864101,10864126,25,1.250000,SUCCESS,sync_sigmoid,sync_with_sensor1_matrix5
2026-05-21T23:40:50,96.3,31.0,sensor1_raspberry,5,TH0,4,0,107,148,20.000,20.754,2673496,2673615,119,5.950000,SUCCESS,sync_counter,sync_with_sensor2_IC1_TH1
2026-05-21T23:40:50,96.3,31.0,sensor2_serial,1,1,5,1,120,148,20.000,20.754,10864127,10864145,18,0.900000,SUCCESS,sync_sigmoid,sync_with_sensor1_matrix5
2026-05-21T23:41:13,96.3,31.0,sensor1_raspberry,5,TH0,4,0,107,147,20.000,20.772,2673631,2673729,98,4.900000,SUCCESS,sync_counter,sync_with_sensor2_IC1_TH1
2026-05-21T23:41:13,96.3,31.0,sensor2_serial,1,1,5,1,120,147,20.000,20.772,10864145,10864174,29,1.450000,SUCCESS,sync_sigmoid,sync_with_sensor1_matrix5
2026-05-21T23:41:35,96.3,31.0,sensor1_raspberry,5,TH0,4,0,107,146,20.000,20.759,2673738,2673857,119,5.950000,SUCCESS,sync_counter,sync_with_sensor2_IC1_TH1
2026-05-21T23:41:35,96.3,31.0,sensor2_serial,1,1,5,1,120,146,20.000,20.759,10864175,10864208,33,1.650000,SUCCESS,sync_sigmoid,sync_with_sensor1_matrix5
2026-05-21T23:41:58,96.3,31.0,sensor1_raspberry,5,TH0,4,0,107,145,20.000,20.740,2673869,2673964,95,4.750000,SUCCESS,sync_counter,sync_with_sensor2_IC1_TH1
2026-05-21T23:41:58,96.3,31.0,sensor2_serial,1,1,5,1,120,145,20.000,20.740,10864212,10864241,29,1.450000,SUCCESS,sync_sigmoid,sync_with_sensor1_matrix5
2026-05-21T23:42:21,96.3,31.0,sensor1_raspberry,5,TH0,4,0,107,144,20.000,20.701,2673977,2674088,111,5.550000,SUCCESS,sync_counter,sync_with_sensor2_IC1_TH1
2026-05-21T23:42:21,96.3,31.0,sensor2_serial,1,1,5,1,120,144,20.000,20.701,10864244,10864267,23,1.150000,SUCCESS,sync_sigmoid,sync_with_sensor1_matrix5
2026-05-21T23:42:44,96.3,31.0,sensor1_raspberry,5,TH0,4,0,107,143,20.000,20.720,2674096,2674190,94,4.700000,SUCCESS,sync_counter,sync_with_sensor2_IC1_TH1
2026-05-21T23:42:44,96.3,31.0,sensor2_serial,1,1,5,1,120,143,20.000,20.720,10864270,10864293,23,1.150000,SUCCESS,sync_sigmoid,sync_with_sensor1_matrix5
2026-05-21T23:43:07,96.3,31.0,sensor1_raspberry,5,TH0,4,0,107,142,20.000,20.760,2674200,2674283,83,4.150000,SUCCESS,sync_counter,sync_with_sensor2_IC1_TH1
2026-05-21T23:43:07,96.3,31.0,sensor2_serial,1,1,5,1,120,142,20.000,20.760,10864293,10864311,18,0.900000,SUCCESS,sync_sigmoid,sync_with_sensor1_matrix5
2026-05-21T23:43:30,96.3,31.0,sensor1_raspberry,5,TH0,4,0,107,141,20.000,20.777,2674289,2674402,113,5.650000,SUCCESS,sync_counter,sync_with_sensor2_IC1_TH1
2026-05-21T23:43:30,96.3,31.0,sensor2_serial,1,1,5,1,120,141,20.000,20.777,10864311,10864332,21,1.050000,SUCCESS,sync_sigmoid,sync_with_sensor1_matrix5
2026-05-21T23:43:53,96.3,31.0,sensor1_raspberry,5,TH0,4,0,107,140,20.000,20.736,2674408,2674494,86,4.300000,SUCCESS,sync_counter,sync_with_sensor2_IC1_TH1
2026-05-21T23:43:53,96.3,31.0,sensor2_serial,1,1,5,1,120,140,20.000,20.736,10864334,10864357,23,1.150000,SUCCESS,sync_sigmoid,sync_with_sensor1_matrix5
2026-05-21T23:44:15,96.3,31.0,sensor1_raspberry,5,TH0,4,0,107,139,20.000,20.831,2674502,2674584,82,4.100000,SUCCESS,sync_counter,sync_with_sensor2_IC1_TH1
2026-05-21T23:44:15,96.3,31.0,sensor2_serial,1,1,5,1,120,139,20.000,20.831,10864359,10864376,17,0.850000,SUCCESS,sync_sigmoid,sync_with_sensor1_matrix5
2026-05-21T23:44:38,96.3,31.0,sensor1_raspberry,5,TH0,4,0,107,138,20.000,20.755,2674588,2674680,92,4.600000,SUCCESS,sync_counter,sync_with_sensor2_IC1_TH1
2026-05-21T23:44:38,96.3,31.0,sensor2_serial,1,1,5,1,120,138,20.000,20.755,10864380,10864398,18,0.900000,SUCCESS,sync_sigmoid,sync_with_sensor1_matrix5
2026-05-21T23:45:01,96.3,31.0,sensor1_raspberry,5,TH0,4,0,107,137,20.000,20.749,2674685,2674769,84,4.200000,SUCCESS,sync_counter,sync_with_sensor2_IC1_TH1
2026-05-21T23:45:01,96.3,31.0,sensor2_serial,1,1,5,1,120,137,20.000,20.749,10864400,10864417,17,0.850000,SUCCESS,sync_sigmoid,sync_with_sensor1_matrix5
2026-05-21T23:45:24,96.3,31.0,sensor1_raspberry,5,TH0,4,0,107,136,20.000,20.731,2674775,2674862,87,4.350000,SUCCESS,sync_counter,sync_with_sensor2_IC1_TH1
2026-05-21T23:45:24,96.3,31.0,sensor2_serial,1,1,5,1,120,136,20.000,20.731,10864418,10864432,14,0.700000,SUCCESS,sync_sigmoid,sync_with_sensor1_matrix5
2026-05-21T23:45:47,96.3,31.0,sensor1_raspberry,5,TH0,4,0,107,135,20.000,20.751,2674867,2674931,64,3.200000,SUCCESS,sync_counter,sync_with_sensor2_IC1_TH1
2026-05-21T23:45:47,96.3,31.0,sensor2_serial,1,1,5,1,120,135,20.000,20.751,10864433,10864446,13,0.650000,SUCCESS,sync_sigmoid,sync_with_sensor1_matrix5
2026-05-21T23:46:10,96.3,31.0,sensor1_raspberry,5,TH0,4,0,107,134,20.000,20.740,2674939,2675002,63,3.150000,SUCCESS,sync_counter,sync_with_sensor2_IC1_TH1
2026-05-21T23:46:10,96.3,31.0,sensor2_serial,1,1,5,1,120,134,20.000,20.740,10864446,10864457,11,0.550000,SUCCESS,sync_sigmoid,sync_with_sensor1_matrix5
2026-05-21T23:46:32,96.3,31.0,sensor1_raspberry,5,TH0,4,0,107,133,20.000,20.719,2675007,2675061,54,2.700000,SUCCESS,sync_counter,sync_with_sensor2_IC1_TH1
2026-05-21T23:46:32,96.3,31.0,sensor2_serial,1,1,5,1,120,133,20.000,20.719,10864457,10864473,16,0.800000,SUCCESS,sync_sigmoid,sync_with_sensor1_matrix5
2026-05-21T23:46:55,96.3,31.0,sensor1_raspberry,5,TH0,4,0,107,132,20.000,20.739,2675065,2675133,68,3.400000,SUCCESS,sync_counter,sync_with_sensor2_IC1_TH1
2026-05-21T23:46:55,96.3,31.0,sensor2_serial,1,1,5,1,120,132,20.000,20.739,10864474,10864483,9,0.450000,SUCCESS,sync_sigmoid,sync_with_sensor1_matrix5
2026-05-21T23:47:18,96.3,31.0,sensor1_raspberry,5,TH0,4,0,107,131,20.000,20.726,2675143,2675191,48,2.400000,SUCCESS,sync_counter,sync_with_sensor2_IC1_TH1
2026-05-21T23:47:18,96.3,31.0,sensor2_serial,1,1,5,1,120,131,20.000,20.726,10864486,10864501,15,0.750000,SUCCESS,sync_sigmoid,sync_with_sensor1_matrix5
2026-05-21T23:47:41,96.3,31.0,sensor1_raspberry,5,TH0,4,0,107,130,20.000,20.759,2675197,2675246,49,2.450000,SUCCESS,sync_counter,sync_with_sensor2_IC1_TH1
2026-05-21T23:47:41,96.3,31.0,sensor2_serial,1,1,5,1,120,130,20.000,20.759,10864501,10864506,5,0.250000,SUCCESS,sync_sigmoid,sync_with_sensor1_matrix5
2026-05-21T23:48:04,96.3,31.0,sensor1_raspberry,5,TH0,4,0,107,129,20.000,20.775,2675249,2675305,56,2.800000,SUCCESS,sync_counter,sync_with_sensor2_IC1_TH1
2026-05-21T23:48:04,96.3,31.0,sensor2_serial,1,1,5,1,120,129,20.000,20.775,10864507,10864519,12,0.600000,SUCCESS,sync_sigmoid,sync_with_sensor1_matrix5
2026-05-21T23:48:27,96.3,31.0,sensor1_raspberry,5,TH0,4,0,107,128,20.000,20.770,2675313,2675362,49,2.450000,SUCCESS,sync_counter,sync_with_sensor2_IC1_TH1
2026-05-21T23:48:27,96.3,31.0,sensor2_serial,1,1,5,1,120,128,20.000,20.770,10864520,10864532,12,0.600000,SUCCESS,sync_sigmoid,sync_with_sensor1_matrix5
2026-05-21T23:48:50,96.3,31.0,sensor1_raspberry,5,TH0,4,0,107,127,20.000,20.737,2675367,2675430,63,3.150000,SUCCESS,sync_counter,sync_with_sensor2_IC1_TH1
2026-05-21T23:48:50,96.3,31.0,sensor2_serial,1,1,5,1,120,127,20.000,20.737,10864532,10864541,9,0.450000,SUCCESS,sync_sigmoid,sync_with_sensor1_matrix5
2026-05-21T23:49:12,96.3,31.0,sensor1_raspberry,5,TH0,4,0,107,126,20.000,20.724,2675433,2675487,54,2.700000,SUCCESS,sync_counter,sync_with_sensor2_IC1_TH1
2026-05-21T23:49:12,96.3,31.0,sensor2_serial,1,1,5,1,120,126,20.000,20.724,10864542,10864552,10,0.500000,SUCCESS,sync_sigmoid,sync_with_sensor1_matrix5
2026-05-21T23:49:35,96.3,31.0,sensor1_raspberry,5,TH0,4,0,107,125,20.000,20.751,2675488,2675532,44,2.200000,SUCCESS,sync_counter,sync_with_sensor2_IC1_TH1
2026-05-21T23:49:35,96.3,31.0,sensor2_serial,1,1,5,1,120,125,20.000,20.751,10864552,10864555,3,0.150000,SUCCESS,sync_sigmoid,sync_with_sensor1_matrix5
2026-05-21T23:49:58,96.3,31.0,sensor1_raspberry,5,TH0,4,0,107,124,20.000,20.775,2675538,2675586,48,2.400000,SUCCESS,sync_counter,sync_with_sensor2_IC1_TH1
2026-05-21T23:49:58,96.3,31.0,sensor2_serial,1,1,5,1,120,124,20.000,20.775,10864555,10864563,8,0.400000,SUCCESS,sync_sigmoid,sync_with_sensor1_matrix5
2026-05-21T23:50:21,96.3,31.0,sensor1_raspberry,5,TH0,4,0,107,123,20.000,20.711,2675591,2675630,39,1.950000,SUCCESS,sync_counter,sync_with_sensor2_IC1_TH1
2026-05-21T23:50:21,96.3,31.0,sensor2_serial,1,1,5,1,120,123,20.000,20.711,10864563,10864568,5,0.250000,SUCCESS,sync_sigmoid,sync_with_sensor1_matrix5
2026-05-21T23:50:44,96.3,31.0,sensor1_raspberry,5,TH0,4,0,107,122,20.000,20.738,2675636,2675666,30,1.500000,SUCCESS,sync_counter,sync_with_sensor2_IC1_TH1
2026-05-21T23:50:44,96.3,31.0,sensor2_serial,1,1,5,1,120,122,20.000,20.738,10864569,10864570,1,0.050000,SUCCESS,sync_sigmoid,sync_with_sensor1_matrix5
2026-05-21T23:51:07,96.3,31.0,sensor1_raspberry,5,TH0,4,0,107,121,20.000,20.765,2675668,2675700,32,1.600000,SUCCESS,sync_counter,sync_with_sensor2_IC1_TH1
2026-05-21T23:51:07,96.3,31.0,sensor2_serial,1,1,5,1,120,121,20.000,20.765,10864570,10864571,1,0.050000,SUCCESS,sync_sigmoid,sync_with_sensor1_matrix5
2026-05-21T23:51:29,96.3,31.0,sensor1_raspberry,5,TH0,4,0,107,120,20.000,20.709,2675702,2675730,28,1.400000,SUCCESS,sync_counter,sync_with_sensor2_IC1_TH1
2026-05-21T23:51:29,96.3,31.0,sensor2_serial,1,1,5,1,120,120,20.000,20.709,10864572,10864575,3,0.150000,SUCCESS,sync_sigmoid,sync_with_sensor1_matrix5
2026-05-21T23:51:52,96.3,31.0,sensor1_raspberry,5,TH0,4,0,107,119,20.000,20.764,2675733,2675769,36,1.800000,SUCCESS,sync_counter,sync_with_sensor2_IC1_TH1
2026-05-21T23:51:52,96.3,31.0,sensor2_serial,1,1,5,1,120,119,20.000,20.764,10864575,10864582,7,0.350000,SUCCESS,sync_sigmoid,sync_with_sensor1_matrix5
2026-05-21T23:52:15,96.3,31.0,sensor1_raspberry,5,TH0,4,0,107,118,20.000,20.744,2675772,2675788,16,0.800000,SUCCESS,sync_counter,sync_with_sensor2_IC1_TH1
2026-05-21T23:52:15,96.3,31.0,sensor2_serial,1,1,5,1,120,118,20.000,20.744,10864583,10864587,4,0.200000,SUCCESS,sync_sigmoid,sync_with_sensor1_matrix5
2026-05-21T23:52:38,96.3,31.0,sensor1_raspberry,5,TH0,4,0,107,117,20.000,20.747,2675790,2675810,20,1.000000,SUCCESS,sync_counter,sync_with_sensor2_IC1_TH1
2026-05-21T23:52:38,96.3,31.0,sensor2_serial,1,1,5,1,120,117,20.000,20.747,10864587,10864592,5,0.250000,SUCCESS,sync_sigmoid,sync_with_sensor1_matrix5
2026-05-21T23:53:01,96.3,31.0,sensor1_raspberry,5,TH0,4,0,107,116,20.000,20.751,2675811,2675837,26,1.300000,SUCCESS,sync_counter,sync_with_sensor2_IC1_TH1
2026-05-21T23:53:01,96.3,31.0,sensor2_serial,1,1,5,1,120,116,20.000,20.751,10864593,10864593,0,0.000000,SUCCESS,sync_sigmoid,sync_with_sensor1_matrix5
2026-05-21T23:53:24,96.3,31.0,sensor1_raspberry,5,TH0,4,0,107,115,20.000,20.762,2675840,2675862,22,1.100000,SUCCESS,sync_counter,sync_with_sensor2_IC1_TH1
2026-05-21T23:53:24,96.3,31.0,sensor2_serial,1,1,5,1,120,115,20.000,20.762,10864594,10864596,2,0.100000,SUCCESS,sync_sigmoid,sync_with_sensor1_matrix5
2026-05-21T23:53:46,96.3,31.0,sensor1_raspberry,5,TH0,4,0,107,114,20.000,20.695,2675863,2675881,18,0.900000,SUCCESS,sync_counter,sync_with_sensor2_IC1_TH1
2026-05-21T23:53:46,96.3,31.0,sensor2_serial,1,1,5,1,120,114,20.000,20.695,10864596,10864597,1,0.050000,SUCCESS,sync_sigmoid,sync_with_sensor1_matrix5
2026-05-21T23:54:09,96.3,31.0,sensor1_raspberry,5,TH0,4,0,107,113,20.000,20.734,2675887,2675897,10,0.500000,SUCCESS,sync_counter,sync_with_sensor2_IC1_TH1
2026-05-21T23:54:09,96.3,31.0,sensor2_serial,1,1,5,1,120,113,20.000,20.734,10864597,10864599,2,0.100000,SUCCESS,sync_sigmoid,sync_with_sensor1_matrix5
2026-05-21T23:54:32,96.3,31.0,sensor1_raspberry,5,TH0,4,0,107,112,20.000,20.773,2675897,2675913,16,0.800000,SUCCESS,sync_counter,sync_with_sensor2_IC1_TH1
2026-05-21T23:54:32,96.3,31.0,sensor2_serial,1,1,5,1,120,112,20.000,20.773,10864599,10864601,2,0.100000,SUCCESS,sync_sigmoid,sync_with_sensor1_matrix5
2026-05-21T23:54:55,96.3,31.0,sensor1_raspberry,5,TH0,4,0,107,111,20.000,20.727,2675914,2675923,9,0.450000,SUCCESS,sync_counter,sync_with_sensor2_IC1_TH1
2026-05-21T23:54:55,96.3,31.0,sensor2_serial,1,1,5,1,120,111,20.000,20.727,10864601,10864602,1,0.050000,SUCCESS,sync_sigmoid,sync_with_sensor1_matrix5
2026-05-21T23:55:18,96.3,31.0,sensor1_raspberry,5,TH0,4,0,107,110,20.000,20.751,2675926,2675933,7,0.350000,SUCCESS,sync_counter,sync_with_sensor2_IC1_TH1
2026-05-21T23:55:18,96.3,31.0,sensor2_serial,1,1,5,1,120,110,20.000,20.751,10864602,10864603,1,0.050000,SUCCESS,sync_sigmoid,sync_with_sensor1_matrix5
2026-05-21T23:55:41,96.3,31.0,sensor1_raspberry,5,TH0,4,0,107,109,20.000,20.744,2675934,2675942,8,0.400000,SUCCESS,sync_counter,sync_with_sensor2_IC1_TH1
2026-05-21T23:55:41,96.3,31.0,sensor2_serial,1,1,5,1,120,109,20.000,20.744,10864603,10864605,2,0.100000,SUCCESS,sync_sigmoid,sync_with_sensor1_matrix5
2026-05-21T23:56:04,96.3,31.0,sensor1_raspberry,5,TH0,4,0,107,108,20.000,20.766,2675943,2675948,5,0.250000,SUCCESS,sync_counter,sync_with_sensor2_IC1_TH1
2026-05-21T23:56:04,96.3,31.0,sensor2_serial,1,1,5,1,120,108,20.000,20.766,10864606,10864607,1,0.050000,SUCCESS,sync_sigmoid,sync_with_sensor1_matrix5
2026-05-21T23:56:26,96.3,31.0,sensor1_raspberry,5,TH0,4,0,107,107,20.000,20.754,2675950,2675958,8,0.400000,SUCCESS,sync_counter,sync_with_sensor2_IC1_TH1
2026-05-21T23:56:26,96.3,31.0,sensor2_serial,1,1,5,1,120,107,20.000,20.754,10864607,10864611,4,0.200000,SUCCESS,sync_sigmoid,sync_with_sensor1_matrix5
2026-05-21T23:56:49,96.3,31.0,sensor1_raspberry,5,TH0,4,0,107,106,20.000,20.738,2675960,2675967,7,0.350000,SUCCESS,sync_counter,sync_with_sensor2_IC1_TH1
2026-05-21T23:56:49,96.3,31.0,sensor2_serial,1,1,5,1,120,106,20.000,20.738,10864611,10864611,0,0.000000,SUCCESS,sync_sigmoid,sync_with_sensor1_matrix5
2026-05-21T23:57:12,96.3,31.0,sensor1_raspberry,5,TH0,4,0,107,105,20.000,20.762,2675967,2675971,4,0.200000,SUCCESS,sync_counter,sync_with_sensor2_IC1_TH1
2026-05-21T23:57:12,96.3,31.0,sensor2_serial,1,1,5,1,120,105,20.000,20.762,10864611,10864611,0,0.000000,SUCCESS,sync_sigmoid,sync_with_sensor1_matrix5
2026-05-21T23:57:35,96.3,31.0,sensor1_raspberry,5,TH0,4,0,107,255,20.000,20.753,3143814,10691206,7547392,377369.600000,SUCCESS,sync_counter,sync_with_sensor2_IC1_TH2
2026-05-21T23:57:35,96.3,31.0,sensor2_serial,1,2,6,2,120,255,20.000,20.753,8250752,10059742,1808990,90449.500000,SUCCESS,sync_sigmoid,sync_with_sensor1_matrix5
2026-05-21T23:57:58,96.3,31.0,sensor1_raspberry,5,TH0,4,0,107,254,20.000,20.798,11301783,16613258,5311475,265573.750000,SUCCESS,sync_counter,sync_with_sensor2_IC1_TH2
2026-05-21T23:57:58,96.3,31.0,sensor2_serial,1,2,6,2,120,254,20.000,20.798,10230926,11994712,1763786,88189.300000,SUCCESS,sync_sigmoid,sync_with_sensor1_matrix5
2026-05-21T23:58:21,96.3,31.0,sensor1_raspberry,5,TH0,4,0,107,253,20.000,20.757,121357,1419353,1297996,64899.800000,SUCCESS,sync_counter,sync_with_sensor2_IC1_TH2
2026-05-21T23:58:21,96.3,31.0,sensor2_serial,1,2,6,2,120,253,20.000,20.757,12169757,13929192,1759435,87971.750000,SUCCESS,sync_sigmoid,sync_with_sensor1_matrix5
2026-05-21T23:58:44,96.3,31.0,sensor1_raspberry,5,TH0,4,0,107,252,20.000,20.726,1496409,1962923,466514,23325.700000,SUCCESS,sync_counter,sync_with_sensor2_IC1_TH2
2026-05-21T23:58:44,96.3,31.0,sensor2_serial,1,2,6,2,120,252,20.000,20.726,14104157,16050084,1945927,97296.350000,SUCCESS,sync_sigmoid,sync_with_sensor1_matrix5
2026-05-21T23:59:06,96.3,31.0,sensor1_raspberry,5,TH0,4,0,107,251,20.000,20.742,1986457,2088889,102432,5121.600000,SUCCESS,sync_counter,sync_with_sensor2_IC1_TH2
2026-05-21T23:59:06,96.3,31.0,sensor2_serial,1,2,6,2,120,251,20.000,20.742,16239578,1505989,2043627,102181.350000,SUCCESS,sync_sigmoid,sync_with_sensor1_matrix5
2026-05-21T23:59:29,96.3,31.0,sensor1_raspberry,5,TH0,4,0,107,250,20.000,20.760,2094920,2127765,32845,1642.250000,SUCCESS,sync_counter,sync_with_sensor2_IC1_TH2
2026-05-21T23:59:29,96.3,31.0,sensor2_serial,1,2,6,2,120,250,20.000,20.760,1707835,3960028,2252193,112609.650000,SUCCESS,sync_sigmoid,sync_with_sensor1_matrix5
2026-05-21T23:59:52,96.3,31.0,sensor1_raspberry,5,TH0,4,0,107,249,20.000,20.684,2129295,2131876,2581,129.050000,SUCCESS,sync_counter,sync_with_sensor2_IC1_TH2
2026-05-21T23:59:52,96.3,31.0,sensor2_serial,1,2,6,2,120,249,20.000,20.684,4181427,6649569,2468142,123407.100000,SUCCESS,sync_sigmoid,sync_with_sensor1_matrix5
2026-05-22T00:00:15,96.3,31.0,sensor1_raspberry,5,TH0,4,0,107,248,20.000,20.775,2132069,2132907,838,41.900000,SUCCESS,sync_counter,sync_with_sensor2_IC1_TH2
2026-05-22T00:00:15,96.3,31.0,sensor2_serial,1,2,6,2,120,248,20.000,20.775,6885687,9745959,2860272,143013.600000,SUCCESS,sync_sigmoid,sync_with_sensor1_matrix5
2026-05-22T00:00:38,96.3,31.0,sensor1_raspberry,5,TH0,4,0,107,247,20.000,20.748,2132968,2133284,316,15.800000,SUCCESS,sync_counter,sync_with_sensor2_IC1_TH2
2026-05-22T00:00:38,96.3,31.0,sensor2_serial,1,2,6,2,120,247,20.000,20.748,10025826,13086937,3061111,153055.550000,SUCCESS,sync_sigmoid,sync_with_sensor1_matrix5
2026-05-22T00:01:01,96.3,31.0,sensor1_raspberry,5,TH0,4,0,107,246,20.000,20.752,2133307,2133525,218,10.900000,SUCCESS,sync_counter,sync_with_sensor2_IC1_TH2
2026-05-22T00:01:01,96.3,31.0,sensor2_serial,1,2,6,2,120,246,20.000,20.752,13379327,16062887,2683560,134178.000000,SUCCESS,sync_sigmoid,sync_with_sensor1_matrix5
2026-05-22T00:01:23,96.3,31.0,sensor1_raspberry,5,TH0,4,0,107,245,20.000,20.733,2133546,2133717,171,8.550000,SUCCESS,sync_counter,sync_with_sensor2_IC1_TH2
2026-05-22T00:01:23,96.3,31.0,sensor2_serial,1,2,6,2,120,245,20.000,20.733,16326800,1816724,2267140,113357.000000,SUCCESS,sync_sigmoid,sync_with_sensor1_matrix5
2026-05-22T00:01:46,96.3,31.0,sensor1_raspberry,5,TH0,4,0,107,244,20.000,20.681,2133730,2133893,163,8.150000,SUCCESS,sync_counter,sync_with_sensor2_IC1_TH2
2026-05-22T00:01:46,96.3,31.0,sensor2_serial,1,2,6,2,120,244,20.000,20.681,2034406,3596052,1561646,78082.300000,SUCCESS,sync_sigmoid,sync_with_sensor1_matrix5
2026-05-22T00:02:09,96.3,31.0,sensor1_raspberry,5,TH0,4,0,107,243,20.000,20.728,2133904,2134063,159,7.950000,SUCCESS,sync_counter,sync_with_sensor2_IC1_TH2
2026-05-22T00:02:09,96.3,31.0,sensor2_serial,1,2,6,2,120,243,20.000,20.728,3728143,4792168,1064025,53201.250000,SUCCESS,sync_sigmoid,sync_with_sensor1_matrix5
2026-05-22T00:02:32,96.3,31.0,sensor1_raspberry,5,TH0,4,0,107,242,20.000,20.753,2134078,2134238,160,8.000000,SUCCESS,sync_counter,sync_with_sensor2_IC1_TH2
2026-05-22T00:02:32,96.3,31.0,sensor2_serial,1,2,6,2,120,242,20.000,20.753,4897696,5564188,666492,33324.600000,SUCCESS,sync_sigmoid,sync_with_sensor1_matrix5
2026-05-22T00:02:55,96.3,31.0,sensor1_raspberry,5,TH0,4,0,107,241,20.000,20.720,2134262,2134421,159,7.950000,SUCCESS,sync_counter,sync_with_sensor2_IC1_TH2
2026-05-22T00:02:55,96.3,31.0,sensor2_serial,1,2,6,2,120,241,20.000,20.720,5627556,6029380,401824,20091.200000,SUCCESS,sync_sigmoid,sync_with_sensor1_matrix5
2026-05-22T00:03:18,96.3,31.0,sensor1_raspberry,5,TH0,4,0,107,240,20.000,20.729,2134439,2134587,148,7.400000,SUCCESS,sync_counter,sync_with_sensor2_IC1_TH2
2026-05-22T00:03:18,96.3,31.0,sensor2_serial,1,2,6,2,120,240,20.000,20.729,6066176,6236325,170149,8507.450000,SUCCESS,sync_sigmoid,sync_with_sensor1_matrix5
2026-05-22T00:03:40,96.3,31.0,sensor1_raspberry,5,TH0,4,0,107,239,20.000,20.696,2134600,2134757,157,7.850000,SUCCESS,sync_counter,sync_with_sensor2_IC1_TH2
2026-05-22T00:03:40,96.3,31.0,sensor2_serial,1,2,6,2,120,239,20.000,20.696,6253449,6339899,86450,4322.500000,SUCCESS,sync_sigmoid,sync_with_sensor1_matrix5
2026-05-22T00:04:03,96.3,31.0,sensor1_raspberry,5,TH0,4,0,107,238,20.000,20.721,2134776,2134957,181,9.050000,SUCCESS,sync_counter,sync_with_sensor2_IC1_TH2
2026-05-22T00:04:03,96.3,31.0,sensor2_serial,1,2,6,2,120,238,20.000,20.721,6347193,6380095,32902,1645.100000,SUCCESS,sync_sigmoid,sync_with_sensor1_matrix5
2026-05-22T00:04:26,96.3,31.0,sensor1_raspberry,5,TH0,4,0,107,237,20.000,20.801,2134974,2135157,183,9.150000,SUCCESS,sync_counter,sync_with_sensor2_IC1_TH2
2026-05-22T00:04:26,96.3,31.0,sensor2_serial,1,2,6,2,120,237,20.000,20.801,6383932,6406643,22711,1135.550000,SUCCESS,sync_sigmoid,sync_with_sensor1_matrix5
2026-05-22T00:04:49,96.3,31.0,sensor1_raspberry,5,TH0,4,0,107,236,20.000,20.719,2135182,2135364,182,9.100000,SUCCESS,sync_counter,sync_with_sensor2_IC1_TH2
2026-05-22T00:04:49,96.3,31.0,sensor2_serial,1,2,6,2,120,236,20.000,20.719,6408775,6415875,7100,355.000000,SUCCESS,sync_sigmoid,sync_with_sensor1_matrix5
2026-05-22T00:05:12,96.3,31.0,sensor1_raspberry,5,TH0,4,0,107,235,20.000,20.747,2135374,2135552,178,8.900000,SUCCESS,sync_counter,sync_with_sensor2_IC1_TH2
2026-05-22T00:05:12,96.3,31.0,sensor2_serial,1,2,6,2,120,235,20.000,20.747,6416620,6420745,4125,206.250000,SUCCESS,sync_sigmoid,sync_with_sensor1_matrix5
2026-05-22T00:05:35,96.3,31.0,sensor1_raspberry,5,TH0,4,0,107,234,20.000,20.751,2135573,2135729,156,7.800000,SUCCESS,sync_counter,sync_with_sensor2_IC1_TH2
2026-05-22T00:05:35,96.3,31.0,sensor2_serial,1,2,6,2,120,234,20.000,20.751,6421151,6422493,1342,67.100000,SUCCESS,sync_sigmoid,sync_with_sensor1_matrix5
2026-05-22T00:05:57,96.3,31.0,sensor1_raspberry,5,TH0,4,0,107,233,20.000,20.736,2135746,2135912,166,8.300000,SUCCESS,sync_counter,sync_with_sensor2_IC1_TH2
2026-05-22T00:05:57,96.3,31.0,sensor2_serial,1,2,6,2,120,233,20.000,20.736,6422627,6423392,765,38.250000,SUCCESS,sync_sigmoid,sync_with_sensor1_matrix5
2026-05-22T00:06:20,96.3,31.0,sensor1_raspberry,5,TH0,4,0,107,232,20.000,20.743,2135933,2136095,162,8.100000,SUCCESS,sync_counter,sync_with_sensor2_IC1_TH2
2026-05-22T00:06:20,96.3,31.0,sensor2_serial,1,2,6,2,120,232,20.000,20.743,6423509,6423930,421,21.050000,SUCCESS,sync_sigmoid,sync_with_sensor1_matrix5
2026-05-22T00:06:43,96.3,31.0,sensor1_raspberry,5,TH0,4,0,107,231,20.000,20.771,2136114,2136260,146,7.300000,SUCCESS,sync_counter,sync_with_sensor2_IC1_TH2
2026-05-22T00:06:43,96.3,31.0,sensor2_serial,1,2,6,2,120,231,20.000,20.771,6423977,6424183,206,10.300000,SUCCESS,sync_sigmoid,sync_with_sensor1_matrix5
2026-05-22T00:07:06,96.3,31.0,sensor1_raspberry,5,TH0,4,0,107,230,20.000,20.744,2136276,2136428,152,7.600000,SUCCESS,sync_counter,sync_with_sensor2_IC1_TH2
2026-05-22T00:07:06,96.3,31.0,sensor2_serial,1,2,6,2,120,230,20.000,20.744,6424220,6424378,158,7.900000,SUCCESS,sync_sigmoid,sync_with_sensor1_matrix5
2026-05-22T00:07:29,96.3,31.0,sensor1_raspberry,5,TH0,4,0,107,229,20.000,20.754,2136446,2136629,183,9.150000,SUCCESS,sync_counter,sync_with_sensor2_IC1_TH2
2026-05-22T00:07:29,96.3,31.0,sensor2_serial,1,2,6,2,120,229,20.000,20.754,6424417,6424593,176,8.800000,SUCCESS,sync_sigmoid,sync_with_sensor1_matrix5
2026-05-22T00:07:52,96.3,31.0,sensor1_raspberry,5,TH0,4,0,107,228,20.000,20.754,2136646,2136799,153,7.650000,SUCCESS,sync_counter,sync_with_sensor2_IC1_TH2
2026-05-22T00:07:52,96.3,31.0,sensor2_serial,1,2,6,2,120,228,20.000,20.754,6424618,6424773,155,7.750000,SUCCESS,sync_sigmoid,sync_with_sensor1_matrix5
2026-05-22T00:08:15,96.3,31.0,sensor1_raspberry,5,TH0,4,0,107,227,20.000,20.721,2136817,2136992,175,8.750000,SUCCESS,sync_counter,sync_with_sensor2_IC1_TH2
2026-05-22T00:08:15,96.3,31.0,sensor2_serial,1,2,6,2,120,227,20.000,20.721,6424799,6424957,158,7.900000,SUCCESS,sync_sigmoid,sync_with_sensor1_matrix5
2026-05-22T00:08:37,96.3,31.0,sensor1_raspberry,5,TH0,4,0,107,226,20.000,20.739,2137006,2137166,160,8.000000,SUCCESS,sync_counter,sync_with_sensor2_IC1_TH2
2026-05-22T00:08:37,96.3,31.0,sensor2_serial,1,2,6,2,120,226,20.000,20.739,6424983,6425132,149,7.450000,SUCCESS,sync_sigmoid,sync_with_sensor1_matrix5
2026-05-22T00:09:00,96.3,31.0,sensor1_raspberry,5,TH0,4,0,107,225,20.000,20.695,2137186,2137351,165,8.250000,SUCCESS,sync_counter,sync_with_sensor2_IC1_TH2
2026-05-22T00:09:00,96.3,31.0,sensor2_serial,1,2,6,2,120,225,20.000,20.695,6425158,6425292,134,6.700000,SUCCESS,sync_sigmoid,sync_with_sensor1_matrix5
2026-05-22T00:09:23,96.3,31.0,sensor1_raspberry,5,TH0,4,0,107,224,20.000,20.759,2137373,2137542,169,8.450000,SUCCESS,sync_counter,sync_with_sensor2_IC1_TH2
2026-05-22T00:09:23,96.3,31.0,sensor2_serial,1,2,6,2,120,224,20.000,20.759,6425310,6425446,136,6.800000,SUCCESS,sync_sigmoid,sync_with_sensor1_matrix5
2026-05-22T00:09:46,96.3,31.0,sensor1_raspberry,5,TH0,4,0,107,223,20.000,20.746,2137566,2137741,175,8.750000,SUCCESS,sync_counter,sync_with_sensor2_IC1_TH2
2026-05-22T00:09:46,96.3,31.0,sensor2_serial,1,2,6,2,120,223,20.000,20.746,6425473,6425595,122,6.100000,SUCCESS,sync_sigmoid,sync_with_sensor1_matrix5
2026-05-22T00:10:09,96.3,31.0,sensor1_raspberry,5,TH0,4,0,107,222,20.000,20.751,2137753,2137922,169,8.450000,SUCCESS,sync_counter,sync_with_sensor2_IC1_TH2
2026-05-22T00:10:09,96.3,31.0,sensor2_serial,1,2,6,2,120,222,20.000,20.751,6425617,6425740,123,6.150000,SUCCESS,sync_sigmoid,sync_with_sensor1_matrix5
2026-05-22T00:10:32,96.3,31.0,sensor1_raspberry,5,TH0,4,0,107,221,20.000,20.751,2137942,2138117,175,8.750000,SUCCESS,sync_counter,sync_with_sensor2_IC1_TH2
2026-05-22T00:10:32,96.3,31.0,sensor2_serial,1,2,6,2,120,221,20.000,20.751,6425767,6425896,129,6.450000,SUCCESS,sync_sigmoid,sync_with_sensor1_matrix5
2026-05-22T00:10:54,96.3,31.0,sensor1_raspberry,5,TH0,4,0,107,220,20.000,20.721,2138130,2138297,167,8.350000,SUCCESS,sync_counter,sync_with_sensor2_IC1_TH2
2026-05-22T00:10:54,96.3,31.0,sensor2_serial,1,2,6,2,120,220,20.000,20.721,6425912,6426050,138,6.900000,SUCCESS,sync_sigmoid,sync_with_sensor1_matrix5
2026-05-22T00:11:17,96.3,31.0,sensor1_raspberry,5,TH0,4,0,107,219,20.000,20.762,2138309,2138464,155,7.750000,SUCCESS,sync_counter,sync_with_sensor2_IC1_TH2
2026-05-22T00:11:17,96.3,31.0,sensor2_serial,1,2,6,2,120,219,20.000,20.762,6426073,6426243,170,8.500000,SUCCESS,sync_sigmoid,sync_with_sensor1_matrix5
2026-05-22T00:11:40,96.3,31.0,sensor1_raspberry,5,TH0,4,0,107,218,20.000,20.741,2138480,2138626,146,7.300000,SUCCESS,sync_counter,sync_with_sensor2_IC1_TH2
2026-05-22T00:11:40,96.3,31.0,sensor2_serial,1,2,6,2,120,218,20.000,20.741,6426264,6426389,125,6.250000,SUCCESS,sync_sigmoid,sync_with_sensor1_matrix5
2026-05-22T00:12:03,96.3,31.0,sensor1_raspberry,5,TH0,4,0,107,217,20.000,20.775,2138636,2138786,150,7.500000,SUCCESS,sync_counter,sync_with_sensor2_IC1_TH2
2026-05-22T00:12:03,96.3,31.0,sensor2_serial,1,2,6,2,120,217,20.000,20.775,6426407,6426546,139,6.950000,SUCCESS,sync_sigmoid,sync_with_sensor1_matrix5
2026-05-22T00:12:26,96.3,31.0,sensor1_raspberry,5,TH0,4,0,107,216,20.000,20.712,2138811,2138973,162,8.100000,SUCCESS,sync_counter,sync_with_sensor2_IC1_TH2
2026-05-22T00:12:26,96.3,31.0,sensor2_serial,1,2,6,2,120,216,20.000,20.712,6426564,6426687,123,6.150000,SUCCESS,sync_sigmoid,sync_with_sensor1_matrix5
2026-05-22T00:12:49,96.3,31.0,sensor1_raspberry,5,TH0,4,0,107,215,20.000,20.699,2138992,2139150,158,7.900000,SUCCESS,sync_counter,sync_with_sensor2_IC1_TH2
2026-05-22T00:12:49,96.3,31.0,sensor2_serial,1,2,6,2,120,215,20.000,20.699,6426711,6426853,142,7.100000,SUCCESS,sync_sigmoid,sync_with_sensor1_matrix5
2026-05-22T00:13:12,96.3,31.0,sensor1_raspberry,5,TH0,4,0,107,214,20.000,20.768,2139164,2139329,165,8.250000,SUCCESS,sync_counter,sync_with_sensor2_IC1_TH2
2026-05-22T00:13:12,96.3,31.0,sensor2_serial,1,2,6,2,120,214,20.000,20.768,6426872,6427002,130,6.500000,SUCCESS,sync_sigmoid,sync_with_sensor1_matrix5
2026-05-22T00:13:34,96.3,31.0,sensor1_raspberry,5,TH0,4,0,107,213,20.000,20.763,2139350,2139512,162,8.100000,SUCCESS,sync_counter,sync_with_sensor2_IC1_TH2
2026-05-22T00:13:34,96.3,31.0,sensor2_serial,1,2,6,2,120,213,20.000,20.763,6427017,6427159,142,7.100000,SUCCESS,sync_sigmoid,sync_with_sensor1_matrix5
2026-05-22T00:13:57,96.3,31.0,sensor1_raspberry,5,TH0,4,0,107,212,20.000,20.748,2139537,2139682,145,7.250000,SUCCESS,sync_counter,sync_with_sensor2_IC1_TH2
2026-05-22T00:13:57,96.3,31.0,sensor2_serial,1,2,6,2,120,212,20.000,20.748,6427179,6427314,135,6.750000,SUCCESS,sync_sigmoid,sync_with_sensor1_matrix5
2026-05-22T00:14:20,96.3,31.0,sensor1_raspberry,5,TH0,4,0,107,211,20.000,20.763,2139697,2139864,167,8.350000,SUCCESS,sync_counter,sync_with_sensor2_IC1_TH2
2026-05-22T00:14:20,96.3,31.0,sensor2_serial,1,2,6,2,120,211,20.000,20.763,6427329,6427465,136,6.800000,SUCCESS,sync_sigmoid,sync_with_sensor1_matrix5
2026-05-22T00:14:43,96.3,31.0,sensor1_raspberry,5,TH0,4,0,107,210,20.000,20.756,2139878,2140046,168,8.400000,SUCCESS,sync_counter,sync_with_sensor2_IC1_TH2
2026-05-22T00:14:43,96.3,31.0,sensor2_serial,1,2,6,2,120,210,20.000,20.756,6427487,6427596,109,5.450000,SUCCESS,sync_sigmoid,sync_with_sensor1_matrix5
2026-05-22T00:15:06,96.3,31.0,sensor1_raspberry,5,TH0,4,0,107,209,20.000,20.776,2140066,2140230,164,8.200000,SUCCESS,sync_counter,sync_with_sensor2_IC1_TH2
2026-05-22T00:15:06,96.3,31.0,sensor2_serial,1,2,6,2,120,209,20.000,20.776,6427613,6427731,118,5.900000,SUCCESS,sync_sigmoid,sync_with_sensor1_matrix5
2026-05-22T00:15:29,96.3,31.0,sensor1_raspberry,5,TH0,4,0,107,208,20.000,20.756,2140243,2140403,160,8.000000,SUCCESS,sync_counter,sync_with_sensor2_IC1_TH2
2026-05-22T00:15:29,96.3,31.0,sensor2_serial,1,2,6,2,120,208,20.000,20.756,6427748,6427892,144,7.200000,SUCCESS,sync_sigmoid,sync_with_sensor1_matrix5
2026-05-22T00:15:52,96.3,31.0,sensor1_raspberry,5,TH0,4,0,107,207,20.000,20.758,2140413,2140596,183,9.150000,SUCCESS,sync_counter,sync_with_sensor2_IC1_TH2
2026-05-22T00:15:52,96.3,31.0,sensor2_serial,1,2,6,2,120,207,20.000,20.758,6427905,6428033,128,6.400000,SUCCESS,sync_sigmoid,sync_with_sensor1_matrix5
2026-05-22T00:16:14,96.3,31.0,sensor1_raspberry,5,TH0,4,0,107,206,20.000,20.754,2140609,2140771,162,8.100000,SUCCESS,sync_counter,sync_with_sensor2_IC1_TH2
2026-05-22T00:16:14,96.3,31.0,sensor2_serial,1,2,6,2,120,206,20.000,20.754,6428057,6428178,121,6.050000,SUCCESS,sync_sigmoid,sync_with_sensor1_matrix5
2026-05-22T00:16:37,96.3,31.0,sensor1_raspberry,5,TH0,4,0,107,205,20.000,20.752,2140789,2140939,150,7.500000,SUCCESS,sync_counter,sync_with_sensor2_IC1_TH2
2026-05-22T00:16:37,96.3,31.0,sensor2_serial,1,2,6,2,120,205,20.000,20.752,6428196,6428303,107,5.350000,SUCCESS,sync_sigmoid,sync_with_sensor1_matrix5
2026-05-22T00:17:00,96.3,31.0,sensor1_raspberry,5,TH0,4,0,107,204,20.000,20.752,2140951,2141105,154,7.700000,SUCCESS,sync_counter,sync_with_sensor2_IC1_TH2
2026-05-22T00:17:00,96.3,31.0,sensor2_serial,1,2,6,2,120,204,20.000,20.752,6428323,6428449,126,6.300000,SUCCESS,sync_sigmoid,sync_with_sensor1_matrix5
2026-05-22T00:17:23,96.3,31.0,sensor1_raspberry,5,TH0,4,0,107,203,20.000,20.749,2141115,2141276,161,8.050000,SUCCESS,sync_counter,sync_with_sensor2_IC1_TH2
2026-05-22T00:17:23,96.3,31.0,sensor2_serial,1,2,6,2,120,203,20.000,20.749,6428466,6428593,127,6.350000,SUCCESS,sync_sigmoid,sync_with_sensor1_matrix5
2026-05-22T00:17:46,96.3,31.0,sensor1_raspberry,5,TH0,4,0,107,202,20.000,20.722,2141292,2141455,163,8.150000,SUCCESS,sync_counter,sync_with_sensor2_IC1_TH2
2026-05-22T00:17:46,96.3,31.0,sensor2_serial,1,2,6,2,120,202,20.000,20.722,6428605,6428698,93,4.650000,SUCCESS,sync_sigmoid,sync_with_sensor1_matrix5
2026-05-22T00:18:09,96.3,31.0,sensor1_raspberry,5,TH0,4,0,107,201,20.000,20.714,2141469,2141634,165,8.250000,SUCCESS,sync_counter,sync_with_sensor2_IC1_TH2
2026-05-22T00:18:09,96.3,31.0,sensor2_serial,1,2,6,2,120,201,20.000,20.714,6428713,6428837,124,6.200000,SUCCESS,sync_sigmoid,sync_with_sensor1_matrix5
2026-05-22T00:18:31,96.3,31.0,sensor1_raspberry,5,TH0,4,0,107,200,20.000,20.756,2141652,2141811,159,7.950000,SUCCESS,sync_counter,sync_with_sensor2_IC1_TH2
2026-05-22T00:18:31,96.3,31.0,sensor2_serial,1,2,6,2,120,200,20.000,20.756,6428850,6428960,110,5.500000,SUCCESS,sync_sigmoid,sync_with_sensor1_matrix5
2026-05-22T00:18:54,96.3,31.0,sensor1_raspberry,5,TH0,4,0,107,199,20.000,20.766,2141828,2141989,161,8.050000,SUCCESS,sync_counter,sync_with_sensor2_IC1_TH2
2026-05-22T00:18:54,96.3,31.0,sensor2_serial,1,2,6,2,120,199,20.000,20.766,6428970,6429061,91,4.550000,SUCCESS,sync_sigmoid,sync_with_sensor1_matrix5
2026-05-22T00:19:17,96.3,31.0,sensor1_raspberry,5,TH0,4,0,107,198,20.000,20.785,2142011,2142162,151,7.550000,SUCCESS,sync_counter,sync_with_sensor2_IC1_TH2
2026-05-22T00:19:17,96.3,31.0,sensor2_serial,1,2,6,2,120,198,20.000,20.785,6429075,6429184,109,5.450000,SUCCESS,sync_sigmoid,sync_with_sensor1_matrix5
2026-05-22T00:19:40,96.3,31.0,sensor1_raspberry,5,TH0,4,0,107,197,20.000,20.743,2142169,2142305,136,6.800000,SUCCESS,sync_counter,sync_with_sensor2_IC1_TH2
2026-05-22T00:19:40,96.3,31.0,sensor2_serial,1,2,6,2,120,197,20.000,20.743,6429198,6429295,97,4.850000,SUCCESS,sync_sigmoid,sync_with_sensor1_matrix5
2026-05-22T00:20:03,96.3,31.0,sensor1_raspberry,5,TH0,4,0,107,196,20.000,20.711,2142317,2142492,175,8.750000,SUCCESS,sync_counter,sync_with_sensor2_IC1_TH2
2026-05-22T00:20:03,96.3,31.0,sensor2_serial,1,2,6,2,120,196,20.000,20.711,6429310,6429408,98,4.900000,SUCCESS,sync_sigmoid,sync_with_sensor1_matrix5
2026-05-22T00:20:26,96.3,31.0,sensor1_raspberry,5,TH0,4,0,107,195,20.000,20.731,2142505,2142669,164,8.200000,SUCCESS,sync_counter,sync_with_sensor2_IC1_TH2
2026-05-22T00:20:26,96.3,31.0,sensor2_serial,1,2,6,2,120,195,20.000,20.731,6429418,6429525,107,5.350000,SUCCESS,sync_sigmoid,sync_with_sensor1_matrix5
2026-05-22T00:20:48,96.3,31.0,sensor1_raspberry,5,TH0,4,0,107,194,20.000,20.654,2142681,2142825,144,7.200000,SUCCESS,sync_counter,sync_with_sensor2_IC1_TH2
2026-05-22T00:20:48,96.3,31.0,sensor2_serial,1,2,6,2,120,194,20.000,20.654,6429540,6429647,107,5.350000,SUCCESS,sync_sigmoid,sync_with_sensor1_matrix5
2026-05-22T00:21:11,96.3,31.0,sensor1_raspberry,5,TH0,4,0,107,193,20.000,20.770,2142841,2143014,173,8.650000,SUCCESS,sync_counter,sync_with_sensor2_IC1_TH2
2026-05-22T00:21:11,96.3,31.0,sensor2_serial,1,2,6,2,120,193,20.000,20.770,6429659,6429780,121,6.050000,SUCCESS,sync_sigmoid,sync_with_sensor1_matrix5
2026-05-22T00:21:34,96.3,31.0,sensor1_raspberry,5,TH0,4,0,107,192,20.000,20.679,2143031,2143182,151,7.550000,SUCCESS,sync_counter,sync_with_sensor2_IC1_TH2
2026-05-22T00:21:34,96.3,31.0,sensor2_serial,1,2,6,2,120,192,20.000,20.679,6429789,6429877,88,4.400000,SUCCESS,sync_sigmoid,sync_with_sensor1_matrix5
2026-05-22T00:21:57,96.3,31.0,sensor1_raspberry,5,TH0,4,0,107,191,20.000,20.775,2143200,2143344,144,7.200000,SUCCESS,sync_counter,sync_with_sensor2_IC1_TH2
2026-05-22T00:21:57,96.3,31.0,sensor2_serial,1,2,6,2,120,191,20.000,20.775,6429890,6429984,94,4.700000,SUCCESS,sync_sigmoid,sync_with_sensor1_matrix5
2026-05-22T00:22:20,96.3,31.0,sensor1_raspberry,5,TH0,4,0,107,190,20.000,20.757,2143362,2143509,147,7.350000,SUCCESS,sync_counter,sync_with_sensor2_IC1_TH2
2026-05-22T00:22:20,96.3,31.0,sensor2_serial,1,2,6,2,120,190,20.000,20.757,6429989,6430095,106,5.300000,SUCCESS,sync_sigmoid,sync_with_sensor1_matrix5
2026-05-22T00:22:43,96.3,31.0,sensor1_raspberry,5,TH0,4,0,107,189,20.000,20.760,2143534,2143678,144,7.200000,SUCCESS,sync_counter,sync_with_sensor2_IC1_TH2
2026-05-22T00:22:43,96.3,31.0,sensor2_serial,1,2,6,2,120,189,20.000,20.760,6430118,6430216,98,4.900000,SUCCESS,sync_sigmoid,sync_with_sensor1_matrix5
2026-05-22T00:23:06,96.3,31.0,sensor1_raspberry,5,TH0,4,0,107,188,20.000,20.743,2143696,2143861,165,8.250000,SUCCESS,sync_counter,sync_with_sensor2_IC1_TH2
2026-05-22T00:23:06,96.3,31.0,sensor2_serial,1,2,6,2,120,188,20.000,20.743,6430232,6430343,111,5.550000,SUCCESS,sync_sigmoid,sync_with_sensor1_matrix5
2026-05-22T00:23:28,96.3,31.0,sensor1_raspberry,5,TH0,4,0,107,187,20.000,20.771,2143885,2144036,151,7.550000,SUCCESS,sync_counter,sync_with_sensor2_IC1_TH2
2026-05-22T00:23:28,96.3,31.0,sensor2_serial,1,2,6,2,120,187,20.000,20.771,6430357,6430457,100,5.000000,SUCCESS,sync_sigmoid,sync_with_sensor1_matrix5
2026-05-22T00:23:51,96.3,31.0,sensor1_raspberry,5,TH0,4,0,107,186,20.000,20.745,2144055,2144222,167,8.350000,SUCCESS,sync_counter,sync_with_sensor2_IC1_TH2
2026-05-22T00:23:51,96.3,31.0,sensor2_serial,1,2,6,2,120,186,20.000,20.745,6430467,6430563,96,4.800000,SUCCESS,sync_sigmoid,sync_with_sensor1_matrix5
2026-05-22T00:24:14,96.3,31.0,sensor1_raspberry,5,TH0,4,0,107,185,20.000,20.755,2144239,2144373,134,6.700000,SUCCESS,sync_counter,sync_with_sensor2_IC1_TH2
2026-05-22T00:24:14,96.3,31.0,sensor2_serial,1,2,6,2,120,185,20.000,20.755,6430571,6430647,76,3.800000,SUCCESS,sync_sigmoid,sync_with_sensor1_matrix5
2026-05-22T00:24:37,96.3,31.0,sensor1_raspberry,5,TH0,4,0,107,184,20.000,20.762,2144392,2144558,166,8.300000,SUCCESS,sync_counter,sync_with_sensor2_IC1_TH2
2026-05-22T00:24:37,96.3,31.0,sensor2_serial,1,2,6,2,120,184,20.000,20.762,6430653,6430739,86,4.300000,SUCCESS,sync_sigmoid,sync_with_sensor1_matrix5
2026-05-22T00:25:00,96.3,31.0,sensor1_raspberry,5,TH0,4,0,107,183,20.000,20.734,2144571,2144725,154,7.700000,SUCCESS,sync_counter,sync_with_sensor2_IC1_TH2
2026-05-22T00:25:00,96.3,31.0,sensor2_serial,1,2,6,2,120,183,20.000,20.734,6430747,6430829,82,4.100000,SUCCESS,sync_sigmoid,sync_with_sensor1_matrix5
2026-05-22T00:25:23,96.3,31.0,sensor1_raspberry,5,TH0,4,0,107,182,20.000,20.746,2144740,2144879,139,6.950000,SUCCESS,sync_counter,sync_with_sensor2_IC1_TH2
2026-05-22T00:25:23,96.3,31.0,sensor2_serial,1,2,6,2,120,182,20.000,20.746,6430836,6430934,98,4.900000,SUCCESS,sync_sigmoid,sync_with_sensor1_matrix5
2026-05-22T00:25:46,96.3,31.0,sensor1_raspberry,5,TH0,4,0,107,181,20.000,20.765,2144894,2145043,149,7.450000,SUCCESS,sync_counter,sync_with_sensor2_IC1_TH2
2026-05-22T00:25:46,96.3,31.0,sensor2_serial,1,2,6,2,120,181,20.000,20.765,6430943,6431039,96,4.800000,SUCCESS,sync_sigmoid,sync_with_sensor1_matrix5
2026-05-22T00:26:08,96.3,31.0,sensor1_raspberry,5,TH0,4,0,107,180,20.000,20.813,2145059,2145224,165,8.250000,SUCCESS,sync_counter,sync_with_sensor2_IC1_TH2
2026-05-22T00:26:08,96.3,31.0,sensor2_serial,1,2,6,2,120,180,20.000,20.813,6431046,6431130,84,4.200000,SUCCESS,sync_sigmoid,sync_with_sensor1_matrix5
2026-05-22T00:26:31,96.3,31.0,sensor1_raspberry,5,TH0,4,0,107,179,20.000,20.738,2145244,2145396,152,7.600000,SUCCESS,sync_counter,sync_with_sensor2_IC1_TH2
2026-05-22T00:26:31,96.3,31.0,sensor2_serial,1,2,6,2,120,179,20.000,20.738,6431134,6431222,88,4.400000,SUCCESS,sync_sigmoid,sync_with_sensor1_matrix5
2026-05-22T00:26:54,96.3,31.0,sensor1_raspberry,5,TH0,4,0,107,178,20.000,20.731,2145417,2145574,157,7.850000,SUCCESS,sync_counter,sync_with_sensor2_IC1_TH2
2026-05-22T00:26:54,96.3,31.0,sensor2_serial,1,2,6,2,120,178,20.000,20.731,6431230,6431314,84,4.200000,SUCCESS,sync_sigmoid,sync_with_sensor1_matrix5
2026-05-22T00:27:17,96.3,31.0,sensor1_raspberry,5,TH0,4,0,107,177,20.000,20.735,2145587,2145761,174,8.700000,SUCCESS,sync_counter,sync_with_sensor2_IC1_TH2
2026-05-22T00:27:17,96.3,31.0,sensor2_serial,1,2,6,2,120,177,20.000,20.735,6431323,6431418,95,4.750000,SUCCESS,sync_sigmoid,sync_with_sensor1_matrix5
2026-05-22T00:27:40,96.3,31.0,sensor1_raspberry,5,TH0,4,0,107,176,20.000,20.737,2145774,2145942,168,8.400000,SUCCESS,sync_counter,sync_with_sensor2_IC1_TH2
2026-05-22T00:27:40,96.3,31.0,sensor2_serial,1,2,6,2,120,176,20.000,20.737,6431426,6431504,78,3.900000,SUCCESS,sync_sigmoid,sync_with_sensor1_matrix5
2026-05-22T00:28:03,96.3,31.0,sensor1_raspberry,5,TH0,4,0,107,175,20.000,20.758,2145959,2146113,154,7.700000,SUCCESS,sync_counter,sync_with_sensor2_IC1_TH2
2026-05-22T00:28:03,96.3,31.0,sensor2_serial,1,2,6,2,120,175,20.000,20.758,6431509,6431580,71,3.550000,SUCCESS,sync_sigmoid,sync_with_sensor1_matrix5
2026-05-22T00:28:25,96.3,31.0,sensor1_raspberry,5,TH0,4,0,107,174,20.000,20.726,2146127,2146268,141,7.050000,SUCCESS,sync_counter,sync_with_sensor2_IC1_TH2
2026-05-22T00:28:25,96.3,31.0,sensor2_serial,1,2,6,2,120,174,20.000,20.726,6431587,6431673,86,4.300000,SUCCESS,sync_sigmoid,sync_with_sensor1_matrix5
2026-05-22T00:28:48,96.3,31.0,sensor1_raspberry,5,TH0,4,0,107,173,20.000,20.756,2146284,2146448,164,8.200000,SUCCESS,sync_counter,sync_with_sensor2_IC1_TH2
2026-05-22T00:28:48,96.3,31.0,sensor2_serial,1,2,6,2,120,173,20.000,20.756,6431680,6431761,81,4.050000,SUCCESS,sync_sigmoid,sync_with_sensor1_matrix5
2026-05-22T00:29:11,96.3,31.0,sensor1_raspberry,5,TH0,4,0,107,172,20.000,20.738,2146468,2146646,178,8.900000,SUCCESS,sync_counter,sync_with_sensor2_IC1_TH2
2026-05-22T00:29:11,96.3,31.0,sensor2_serial,1,2,6,2,120,172,20.000,20.738,6431768,6431838,70,3.500000,SUCCESS,sync_sigmoid,sync_with_sensor1_matrix5
2026-05-22T00:29:34,96.3,31.0,sensor1_raspberry,5,TH0,4,0,107,171,20.000,20.765,2146662,2146812,150,7.500000,SUCCESS,sync_counter,sync_with_sensor2_IC1_TH2
2026-05-22T00:29:34,96.3,31.0,sensor2_serial,1,2,6,2,120,171,20.000,20.765,6431839,6431926,87,4.350000,SUCCESS,sync_sigmoid,sync_with_sensor1_matrix5
2026-05-22T00:29:57,96.3,31.0,sensor1_raspberry,5,TH0,4,0,107,170,20.000,20.715,2146822,2146983,161,8.050000,SUCCESS,sync_counter,sync_with_sensor2_IC1_TH2
2026-05-22T00:29:57,96.3,31.0,sensor2_serial,1,2,6,2,120,170,20.000,20.715,6431933,6432018,85,4.250000,SUCCESS,sync_sigmoid,sync_with_sensor1_matrix5
2026-05-22T00:30:20,96.3,31.0,sensor1_raspberry,5,TH0,4,0,107,169,20.000,20.740,2147003,2147147,144,7.200000,SUCCESS,sync_counter,sync_with_sensor2_IC1_TH2
2026-05-22T00:30:20,96.3,31.0,sensor2_serial,1,2,6,2,120,169,20.000,20.740,6432023,6432112,89,4.450000,SUCCESS,sync_sigmoid,sync_with_sensor1_matrix5
2026-05-22T00:30:42,96.3,31.0,sensor1_raspberry,5,TH0,4,0,107,168,20.000,20.730,2147162,2147284,122,6.100000,SUCCESS,sync_counter,sync_with_sensor2_IC1_TH2
2026-05-22T00:30:42,96.3,31.0,sensor2_serial,1,2,6,2,120,168,20.000,20.730,6432119,6432169,50,2.500000,SUCCESS,sync_sigmoid,sync_with_sensor1_matrix5
2026-05-22T00:31:05,96.3,31.0,sensor1_raspberry,5,TH0,4,0,107,167,20.000,20.764,2147293,2147436,143,7.150000,SUCCESS,sync_counter,sync_with_sensor2_IC1_TH2
2026-05-22T00:31:05,96.3,31.0,sensor2_serial,1,2,6,2,120,167,20.000,20.764,6432175,6432224,49,2.450000,SUCCESS,sync_sigmoid,sync_with_sensor1_matrix5
2026-05-22T00:31:28,96.3,31.0,sensor1_raspberry,5,TH0,4,0,107,166,20.000,20.722,2147452,2147587,135,6.750000,SUCCESS,sync_counter,sync_with_sensor2_IC1_TH2
2026-05-22T00:31:28,96.3,31.0,sensor2_serial,1,2,6,2,120,166,20.000,20.722,6432231,6432283,52,2.600000,SUCCESS,sync_sigmoid,sync_with_sensor1_matrix5
2026-05-22T00:31:51,96.3,31.0,sensor1_raspberry,5,TH0,4,0,107,165,20.000,20.758,2147598,2147738,140,7.000000,SUCCESS,sync_counter,sync_with_sensor2_IC1_TH2
2026-05-22T00:31:51,96.3,31.0,sensor2_serial,1,2,6,2,120,165,20.000,20.758,6432286,6432355,69,3.450000,SUCCESS,sync_sigmoid,sync_with_sensor1_matrix5
2026-05-22T00:32:14,96.3,31.0,sensor1_raspberry,5,TH0,4,0,107,164,20.000,20.752,2147749,2147875,126,6.300000,SUCCESS,sync_counter,sync_with_sensor2_IC1_TH2
2026-05-22T00:32:14,96.3,31.0,sensor2_serial,1,2,6,2,120,164,20.000,20.752,6432364,6432415,51,2.550000,SUCCESS,sync_sigmoid,sync_with_sensor1_matrix5
2026-05-22T00:32:37,96.3,31.0,sensor1_raspberry,5,TH0,4,0,107,163,20.000,20.769,2147892,2148040,148,7.400000,SUCCESS,sync_counter,sync_with_sensor2_IC1_TH2
2026-05-22T00:32:37,96.3,31.0,sensor2_serial,1,2,6,2,120,163,20.000,20.769,6432420,6432488,68,3.400000,SUCCESS,sync_sigmoid,sync_with_sensor1_matrix5
2026-05-22T00:33:00,96.3,31.0,sensor1_raspberry,5,TH0,4,0,107,162,20.000,20.753,2148056,2148209,153,7.650000,SUCCESS,sync_counter,sync_with_sensor2_IC1_TH2
2026-05-22T00:33:00,96.3,31.0,sensor2_serial,1,2,6,2,120,162,20.000,20.753,6432490,6432545,55,2.750000,SUCCESS,sync_sigmoid,sync_with_sensor1_matrix5
2026-05-22T00:33:22,96.3,31.0,sensor1_raspberry,5,TH0,4,0,107,161,20.000,20.753,2148226,2148365,139,6.950000,SUCCESS,sync_counter,sync_with_sensor2_IC1_TH2
2026-05-22T00:33:22,96.3,31.0,sensor2_serial,1,2,6,2,120,161,20.000,20.753,6432551,6432621,70,3.500000,SUCCESS,sync_sigmoid,sync_with_sensor1_matrix5
2026-05-22T00:33:45,96.3,31.0,sensor1_raspberry,5,TH0,4,0,107,160,20.000,20.725,2148379,2148519,140,7.000000,SUCCESS,sync_counter,sync_with_sensor2_IC1_TH2
2026-05-22T00:33:45,96.3,31.0,sensor2_serial,1,2,6,2,120,160,20.000,20.725,6432627,6432671,44,2.200000,SUCCESS,sync_sigmoid,sync_with_sensor1_matrix5
2026-05-22T00:34:08,96.3,31.0,sensor1_raspberry,5,TH0,4,0,107,159,20.000,20.684,2148528,2148669,141,7.050000,SUCCESS,sync_counter,sync_with_sensor2_IC1_TH2
2026-05-22T00:34:08,96.3,31.0,sensor2_serial,1,2,6,2,120,159,20.000,20.684,6432673,6432714,41,2.050000,SUCCESS,sync_sigmoid,sync_with_sensor1_matrix5
2026-05-22T00:34:31,96.3,31.0,sensor1_raspberry,5,TH0,4,0,107,158,20.000,20.753,2148682,2148826,144,7.200000,SUCCESS,sync_counter,sync_with_sensor2_IC1_TH2
2026-05-22T00:34:31,96.3,31.0,sensor2_serial,1,2,6,2,120,158,20.000,20.753,6432718,6432754,36,1.800000,SUCCESS,sync_sigmoid,sync_with_sensor1_matrix5
2026-05-22T00:34:54,96.3,31.0,sensor1_raspberry,5,TH0,4,0,107,157,20.000,20.781,2148834,2148990,156,7.800000,SUCCESS,sync_counter,sync_with_sensor2_IC1_TH2
2026-05-22T00:34:54,96.3,31.0,sensor2_serial,1,2,6,2,120,157,20.000,20.781,6432756,6432797,41,2.050000,SUCCESS,sync_sigmoid,sync_with_sensor1_matrix5
2026-05-22T00:35:17,96.3,31.0,sensor1_raspberry,5,TH0,4,0,107,156,20.000,20.734,2148998,2149123,125,6.250000,SUCCESS,sync_counter,sync_with_sensor2_IC1_TH2
2026-05-22T00:35:17,96.3,31.0,sensor2_serial,1,2,6,2,120,156,20.000,20.734,6432799,6432823,24,1.200000,SUCCESS,sync_sigmoid,sync_with_sensor1_matrix5
2026-05-22T00:35:40,96.3,31.0,sensor1_raspberry,5,TH0,4,0,107,155,20.000,20.725,2149135,2149272,137,6.850000,SUCCESS,sync_counter,sync_with_sensor2_IC1_TH2
2026-05-22T00:35:40,96.3,31.0,sensor2_serial,1,2,6,2,120,155,20.000,20.725,6432827,6432871,44,2.200000,SUCCESS,sync_sigmoid,sync_with_sensor1_matrix5
2026-05-22T00:36:02,96.3,31.0,sensor1_raspberry,5,TH0,4,0,107,154,20.000,20.736,2149291,2149409,118,5.900000,SUCCESS,sync_counter,sync_with_sensor2_IC1_TH2
2026-05-22T00:36:02,96.3,31.0,sensor2_serial,1,2,6,2,120,154,20.000,20.736,6432875,6432915,40,2.000000,SUCCESS,sync_sigmoid,sync_with_sensor1_matrix5
2026-05-22T00:36:25,96.3,31.0,sensor1_raspberry,5,TH0,4,0,107,153,20.000,20.732,2149418,2149530,112,5.600000,SUCCESS,sync_counter,sync_with_sensor2_IC1_TH2
2026-05-22T00:36:25,96.3,31.0,sensor2_serial,1,2,6,2,120,153,20.000,20.732,6432920,6432954,34,1.700000,SUCCESS,sync_sigmoid,sync_with_sensor1_matrix5
2026-05-22T00:36:48,96.3,31.0,sensor1_raspberry,5,TH0,4,0,107,152,20.000,20.728,2149539,2149631,92,4.600000,SUCCESS,sync_counter,sync_with_sensor2_IC1_TH2
2026-05-22T00:36:48,96.3,31.0,sensor2_serial,1,2,6,2,120,152,20.000,20.728,6432959,6432996,37,1.850000,SUCCESS,sync_sigmoid,sync_with_sensor1_matrix5
2026-05-22T00:37:11,96.3,31.0,sensor1_raspberry,5,TH0,4,0,107,151,20.000,20.753,2149642,2149775,133,6.650000,SUCCESS,sync_counter,sync_with_sensor2_IC1_TH2
2026-05-22T00:37:11,96.3,31.0,sensor2_serial,1,2,6,2,120,151,20.000,20.753,6432998,6433027,29,1.450000,SUCCESS,sync_sigmoid,sync_with_sensor1_matrix5
2026-05-22T00:37:34,96.3,31.0,sensor1_raspberry,5,TH0,4,0,107,150,20.000,20.754,2149791,2149905,114,5.700000,SUCCESS,sync_counter,sync_with_sensor2_IC1_TH2
2026-05-22T00:37:34,96.3,31.0,sensor2_serial,1,2,6,2,120,150,20.000,20.754,6433032,6433063,31,1.550000,SUCCESS,sync_sigmoid,sync_with_sensor1_matrix5
2026-05-22T00:37:57,96.3,31.0,sensor1_raspberry,5,TH0,4,0,107,149,20.000,20.695,2149917,2150046,129,6.450000,SUCCESS,sync_counter,sync_with_sensor2_IC1_TH2
2026-05-22T00:37:57,96.3,31.0,sensor2_serial,1,2,6,2,120,149,20.000,20.695,6433066,6433104,38,1.900000,SUCCESS,sync_sigmoid,sync_with_sensor1_matrix5
2026-05-22T00:38:19,96.3,31.0,sensor1_raspberry,5,TH0,4,0,107,148,20.000,20.706,2150056,2150158,102,5.100000,SUCCESS,sync_counter,sync_with_sensor2_IC1_TH2
2026-05-22T00:38:19,96.3,31.0,sensor2_serial,1,2,6,2,120,148,20.000,20.706,6433106,6433134,28,1.400000,SUCCESS,sync_sigmoid,sync_with_sensor1_matrix5
2026-05-22T00:38:42,96.3,31.0,sensor1_raspberry,5,TH0,4,0,107,147,20.000,20.755,2150167,2150306,139,6.950000,SUCCESS,sync_counter,sync_with_sensor2_IC1_TH2
2026-05-22T00:38:42,96.3,31.0,sensor2_serial,1,2,6,2,120,147,20.000,20.755,6433135,6433156,21,1.050000,SUCCESS,sync_sigmoid,sync_with_sensor1_matrix5
2026-05-22T00:39:05,96.3,31.0,sensor1_raspberry,5,TH0,4,0,107,146,20.000,20.751,2150316,2150415,99,4.950000,SUCCESS,sync_counter,sync_with_sensor2_IC1_TH2
2026-05-22T00:39:05,96.3,31.0,sensor2_serial,1,2,6,2,120,146,20.000,20.751,6433160,6433181,21,1.050000,SUCCESS,sync_sigmoid,sync_with_sensor1_matrix5
2026-05-22T00:39:28,96.3,31.0,sensor1_raspberry,5,TH0,4,0,107,145,20.000,20.757,2150436,2150555,119,5.950000,SUCCESS,sync_counter,sync_with_sensor2_IC1_TH2
2026-05-22T00:39:28,96.3,31.0,sensor2_serial,1,2,6,2,120,145,20.000,20.757,6433184,6433205,21,1.050000,SUCCESS,sync_sigmoid,sync_with_sensor1_matrix5
2026-05-22T00:39:51,96.3,31.0,sensor1_raspberry,5,TH0,4,0,107,144,20.000,20.733,2150568,2150662,94,4.700000,SUCCESS,sync_counter,sync_with_sensor2_IC1_TH2
2026-05-22T00:39:51,96.3,31.0,sensor2_serial,1,2,6,2,120,144,20.000,20.733,6433208,6433226,18,0.900000,SUCCESS,sync_sigmoid,sync_with_sensor1_matrix5
2026-05-22T00:40:14,96.3,31.0,sensor1_raspberry,5,TH0,4,0,107,143,20.000,20.718,2150671,2150776,105,5.250000,SUCCESS,sync_counter,sync_with_sensor2_IC1_TH2
2026-05-22T00:40:14,96.3,31.0,sensor2_serial,1,2,6,2,120,143,20.000,20.718,6433226,6433243,17,0.850000,SUCCESS,sync_sigmoid,sync_with_sensor1_matrix5
2026-05-22T00:40:36,96.3,31.0,sensor1_raspberry,5,TH0,4,0,107,142,20.000,20.713,2150789,2150881,92,4.600000,SUCCESS,sync_counter,sync_with_sensor2_IC1_TH2
2026-05-22T00:40:36,96.3,31.0,sensor2_serial,1,2,6,2,120,142,20.000,20.713,6433247,6433261,14,0.700000,SUCCESS,sync_sigmoid,sync_with_sensor1_matrix5
2026-05-22T00:40:59,96.3,31.0,sensor1_raspberry,5,TH0,4,0,107,141,20.000,20.740,2150892,2150978,86,4.300000,SUCCESS,sync_counter,sync_with_sensor2_IC1_TH2
2026-05-22T00:40:59,96.3,31.0,sensor2_serial,1,2,6,2,120,141,20.000,20.740,6433263,6433282,19,0.950000,SUCCESS,sync_sigmoid,sync_with_sensor1_matrix5
2026-05-22T00:41:22,96.3,31.0,sensor1_raspberry,5,TH0,4,0,107,140,20.000,20.765,2150986,2151094,108,5.400000,SUCCESS,sync_counter,sync_with_sensor2_IC1_TH2
2026-05-22T00:41:22,96.3,31.0,sensor2_serial,1,2,6,2,120,140,20.000,20.765,6433286,6433309,23,1.150000,SUCCESS,sync_sigmoid,sync_with_sensor1_matrix5
2026-05-22T00:41:45,96.3,31.0,sensor1_raspberry,5,TH0,4,0,107,139,20.000,20.759,2151108,2151198,90,4.500000,SUCCESS,sync_counter,sync_with_sensor2_IC1_TH2
2026-05-22T00:41:45,96.3,31.0,sensor2_serial,1,2,6,2,120,139,20.000,20.759,6433309,6433325,16,0.800000,SUCCESS,sync_sigmoid,sync_with_sensor1_matrix5
2026-05-22T00:42:08,96.3,31.0,sensor1_raspberry,5,TH0,4,0,107,138,20.000,20.770,2151211,2151308,97,4.850000,SUCCESS,sync_counter,sync_with_sensor2_IC1_TH2
2026-05-22T00:42:08,96.3,31.0,sensor2_serial,1,2,6,2,120,138,20.000,20.770,6433328,6433345,17,0.850000,SUCCESS,sync_sigmoid,sync_with_sensor1_matrix5
2026-05-22T00:42:31,96.3,31.0,sensor1_raspberry,5,TH0,4,0,107,137,20.000,20.756,2151316,2151383,67,3.350000,SUCCESS,sync_counter,sync_with_sensor2_IC1_TH2
2026-05-22T00:42:31,96.3,31.0,sensor2_serial,1,2,6,2,120,137,20.000,20.756,6433345,6433364,19,0.950000,SUCCESS,sync_sigmoid,sync_with_sensor1_matrix5
2026-05-22T00:42:54,96.3,31.0,sensor1_raspberry,5,TH0,4,0,107,136,20.000,20.739,2151391,2151478,87,4.350000,SUCCESS,sync_counter,sync_with_sensor2_IC1_TH2
2026-05-22T00:42:54,96.3,31.0,sensor2_serial,1,2,6,2,120,136,20.000,20.739,6433366,6433382,16,0.800000,SUCCESS,sync_sigmoid,sync_with_sensor1_matrix5
2026-05-22T00:43:16,96.3,31.0,sensor1_raspberry,5,TH0,4,0,107,135,20.000,20.741,2151487,2151562,75,3.750000,SUCCESS,sync_counter,sync_with_sensor2_IC1_TH2
2026-05-22T00:43:16,96.3,31.0,sensor2_serial,1,2,6,2,120,135,20.000,20.741,6433383,6433393,10,0.500000,SUCCESS,sync_sigmoid,sync_with_sensor1_matrix5
2026-05-22T00:43:39,96.3,31.0,sensor1_raspberry,5,TH0,4,0,107,134,20.000,20.756,2151568,2151631,63,3.150000,SUCCESS,sync_counter,sync_with_sensor2_IC1_TH2
2026-05-22T00:43:39,96.3,31.0,sensor2_serial,1,2,6,2,120,134,20.000,20.756,6433394,6433402,8,0.400000,SUCCESS,sync_sigmoid,sync_with_sensor1_matrix5
2026-05-22T00:44:02,96.3,31.0,sensor1_raspberry,5,TH0,4,0,107,133,20.000,20.734,2151633,2151689,56,2.800000,SUCCESS,sync_counter,sync_with_sensor2_IC1_TH2
2026-05-22T00:44:02,96.3,31.0,sensor2_serial,1,2,6,2,120,133,20.000,20.734,6433402,6433412,10,0.500000,SUCCESS,sync_sigmoid,sync_with_sensor1_matrix5
2026-05-22T00:44:25,96.3,31.0,sensor1_raspberry,5,TH0,4,0,107,132,20.000,20.752,2151694,2151744,50,2.500000,SUCCESS,sync_counter,sync_with_sensor2_IC1_TH2
2026-05-22T00:44:25,96.3,31.0,sensor2_serial,1,2,6,2,120,132,20.000,20.752,6433413,6433420,7,0.350000,SUCCESS,sync_sigmoid,sync_with_sensor1_matrix5
2026-05-22T00:44:48,96.3,31.0,sensor1_raspberry,5,TH0,4,0,107,131,20.000,20.755,2151747,2151795,48,2.400000,SUCCESS,sync_counter,sync_with_sensor2_IC1_TH2
2026-05-22T00:44:48,96.3,31.0,sensor2_serial,1,2,6,2,120,131,20.000,20.755,6433421,6433433,12,0.600000,SUCCESS,sync_sigmoid,sync_with_sensor1_matrix5
2026-05-22T00:45:11,96.3,31.0,sensor1_raspberry,5,TH0,4,0,107,130,20.000,20.754,2151800,2151844,44,2.200000,SUCCESS,sync_counter,sync_with_sensor2_IC1_TH2
2026-05-22T00:45:11,96.3,31.0,sensor2_serial,1,2,6,2,120,130,20.000,20.754,6433433,6433441,8,0.400000,SUCCESS,sync_sigmoid,sync_with_sensor1_matrix5
2026-05-22T00:45:33,96.3,31.0,sensor1_raspberry,5,TH0,4,0,107,129,20.000,20.715,2151846,2151901,55,2.750000,SUCCESS,sync_counter,sync_with_sensor2_IC1_TH2
2026-05-22T00:45:33,96.3,31.0,sensor2_serial,1,2,6,2,120,129,20.000,20.715,6433441,6433443,2,0.100000,SUCCESS,sync_sigmoid,sync_with_sensor1_matrix5
2026-05-22T00:45:56,96.3,31.0,sensor1_raspberry,5,TH0,4,0,107,128,20.000,20.721,2151904,2151951,47,2.350000,SUCCESS,sync_counter,sync_with_sensor2_IC1_TH2
2026-05-22T00:45:56,96.3,31.0,sensor2_serial,1,2,6,2,120,128,20.000,20.721,6433444,6433447,3,0.150000,SUCCESS,sync_sigmoid,sync_with_sensor1_matrix5
2026-05-22T00:46:19,96.3,31.0,sensor1_raspberry,5,TH0,4,0,107,127,20.000,20.746,2151955,2152011,56,2.800000,SUCCESS,sync_counter,sync_with_sensor2_IC1_TH2
2026-05-22T00:46:19,96.3,31.0,sensor2_serial,1,2,6,2,120,127,20.000,20.746,6433449,6433463,14,0.700000,SUCCESS,sync_sigmoid,sync_with_sensor1_matrix5
2026-05-22T00:46:42,96.3,31.0,sensor1_raspberry,5,TH0,4,0,107,126,20.000,20.777,2152016,2152063,47,2.350000,SUCCESS,sync_counter,sync_with_sensor2_IC1_TH2
2026-05-22T00:46:42,96.3,31.0,sensor2_serial,1,2,6,2,120,126,20.000,20.777,6433463,6433468,5,0.250000,SUCCESS,sync_sigmoid,sync_with_sensor1_matrix5
2026-05-22T00:47:05,96.3,31.0,sensor1_raspberry,5,TH0,4,0,107,125,20.000,20.772,2152066,2152112,46,2.300000,SUCCESS,sync_counter,sync_with_sensor2_IC1_TH2
2026-05-22T00:47:05,96.3,31.0,sensor2_serial,1,2,6,2,120,125,20.000,20.772,6433468,6433471,3,0.150000,SUCCESS,sync_sigmoid,sync_with_sensor1_matrix5
2026-05-22T00:47:28,96.3,31.0,sensor1_raspberry,5,TH0,4,0,107,124,20.000,20.739,2152120,2152180,60,3.000000,SUCCESS,sync_counter,sync_with_sensor2_IC1_TH2
2026-05-22T00:47:28,96.3,31.0,sensor2_serial,1,2,6,2,120,124,20.000,20.739,6433473,6433479,6,0.300000,SUCCESS,sync_sigmoid,sync_with_sensor1_matrix5
2026-05-22T00:47:51,96.3,31.0,sensor1_raspberry,5,TH0,4,0,107,123,20.000,20.783,2152185,2152239,54,2.700000,SUCCESS,sync_counter,sync_with_sensor2_IC1_TH2
2026-05-22T00:47:51,96.3,31.0,sensor2_serial,1,2,6,2,120,123,20.000,20.783,6433479,6433485,6,0.300000,SUCCESS,sync_sigmoid,sync_with_sensor1_matrix5
2026-05-22T00:48:13,96.3,31.0,sensor1_raspberry,5,TH0,4,0,107,122,20.000,20.783,2152242,2152276,34,1.700000,SUCCESS,sync_counter,sync_with_sensor2_IC1_TH2
2026-05-22T00:48:13,96.3,31.0,sensor2_serial,1,2,6,2,120,122,20.000,20.783,6433485,6433492,7,0.350000,SUCCESS,sync_sigmoid,sync_with_sensor1_matrix5
2026-05-22T00:48:36,96.3,31.0,sensor1_raspberry,5,TH0,4,0,107,121,20.000,20.742,2152277,2152308,31,1.550000,SUCCESS,sync_counter,sync_with_sensor2_IC1_TH2
2026-05-22T00:48:36,96.3,31.0,sensor2_serial,1,2,6,2,120,121,20.000,20.742,6433493,6433498,5,0.250000,SUCCESS,sync_sigmoid,sync_with_sensor1_matrix5
2026-05-22T00:48:59,96.3,31.0,sensor1_raspberry,5,TH0,4,0,107,120,20.000,20.758,2152312,2152339,27,1.350000,SUCCESS,sync_counter,sync_with_sensor2_IC1_TH2
2026-05-22T00:48:59,96.3,31.0,sensor2_serial,1,2,6,2,120,120,20.000,20.758,6433498,6433499,1,0.050000,SUCCESS,sync_sigmoid,sync_with_sensor1_matrix5
2026-05-22T00:49:22,96.3,31.0,sensor1_raspberry,5,TH0,4,0,107,119,20.000,20.775,2152342,2152371,29,1.450000,SUCCESS,sync_counter,sync_with_sensor2_IC1_TH2
2026-05-22T00:49:22,96.3,31.0,sensor2_serial,1,2,6,2,120,119,20.000,20.775,6433500,6433504,4,0.200000,SUCCESS,sync_sigmoid,sync_with_sensor1_matrix5
2026-05-22T00:49:45,96.3,31.0,sensor1_raspberry,5,TH0,4,0,107,118,20.000,20.740,2152372,2152400,28,1.400000,SUCCESS,sync_counter,sync_with_sensor2_IC1_TH2
2026-05-22T00:49:45,96.3,31.0,sensor2_serial,1,2,6,2,120,118,20.000,20.740,6433504,6433508,4,0.200000,SUCCESS,sync_sigmoid,sync_with_sensor1_matrix5
2026-05-22T00:50:08,96.3,31.0,sensor1_raspberry,5,TH0,4,0,107,117,20.000,20.764,2152401,2152425,24,1.200000,SUCCESS,sync_counter,sync_with_sensor2_IC1_TH2
2026-05-22T00:50:08,96.3,31.0,sensor2_serial,1,2,6,2,120,117,20.000,20.764,6433508,6433510,2,0.100000,SUCCESS,sync_sigmoid,sync_with_sensor1_matrix5
2026-05-22T00:50:31,96.3,31.0,sensor1_raspberry,5,TH0,4,0,107,116,20.000,20.733,2152425,2152446,21,1.050000,SUCCESS,sync_counter,sync_with_sensor2_IC1_TH2
2026-05-22T00:50:31,96.3,31.0,sensor2_serial,1,2,6,2,120,116,20.000,20.733,6433511,6433516,5,0.250000,SUCCESS,sync_sigmoid,sync_with_sensor1_matrix5
2026-05-22T00:50:53,96.3,31.0,sensor1_raspberry,5,TH0,4,0,107,115,20.000,20.736,2152448,2152467,19,0.950000,SUCCESS,sync_counter,sync_with_sensor2_IC1_TH2
2026-05-22T00:50:53,96.3,31.0,sensor2_serial,1,2,6,2,120,115,20.000,20.736,6433516,6433520,4,0.200000,SUCCESS,sync_sigmoid,sync_with_sensor1_matrix5
2026-05-22T00:51:16,96.3,31.0,sensor1_raspberry,5,TH0,4,0,107,114,20.000,20.755,2152469,2152487,18,0.900000,SUCCESS,sync_counter,sync_with_sensor2_IC1_TH2
2026-05-22T00:51:16,96.3,31.0,sensor2_serial,1,2,6,2,120,114,20.000,20.755,6433520,6433521,1,0.050000,SUCCESS,sync_sigmoid,sync_with_sensor1_matrix5
2026-05-22T00:51:39,96.3,31.0,sensor1_raspberry,5,TH0,4,0,107,113,20.000,20.753,2152489,2152504,15,0.750000,SUCCESS,sync_counter,sync_with_sensor2_IC1_TH2
2026-05-22T00:51:39,96.3,31.0,sensor2_serial,1,2,6,2,120,113,20.000,20.753,6433521,6433524,3,0.150000,SUCCESS,sync_sigmoid,sync_with_sensor1_matrix5
2026-05-22T00:52:02,96.3,31.0,sensor1_raspberry,5,TH0,4,0,107,112,20.000,20.686,2152506,2152517,11,0.550000,SUCCESS,sync_counter,sync_with_sensor2_IC1_TH2
2026-05-22T00:52:02,96.3,31.0,sensor2_serial,1,2,6,2,120,112,20.000,20.686,6433524,6433529,5,0.250000,SUCCESS,sync_sigmoid,sync_with_sensor1_matrix5
2026-05-22T00:52:25,96.3,31.0,sensor1_raspberry,5,TH0,4,0,107,111,20.000,20.740,2152518,2152525,7,0.350000,SUCCESS,sync_counter,sync_with_sensor2_IC1_TH2
2026-05-22T00:52:25,96.3,31.0,sensor2_serial,1,2,6,2,120,111,20.000,20.740,6433529,6433532,3,0.150000,SUCCESS,sync_sigmoid,sync_with_sensor1_matrix5
2026-05-22T00:52:48,96.3,31.0,sensor1_raspberry,5,TH0,4,0,107,110,20.000,20.749,2152525,2152530,5,0.250000,SUCCESS,sync_counter,sync_with_sensor2_IC1_TH2
2026-05-22T00:52:48,96.3,31.0,sensor2_serial,1,2,6,2,120,110,20.000,20.749,6433532,6433532,0,0.000000,SUCCESS,sync_sigmoid,sync_with_sensor1_matrix5
2026-05-22T00:53:11,96.3,31.0,sensor1_raspberry,5,TH0,4,0,107,109,20.000,20.751,2152531,2152541,10,0.500000,SUCCESS,sync_counter,sync_with_sensor2_IC1_TH2
2026-05-22T00:53:11,96.3,31.0,sensor2_serial,1,2,6,2,120,109,20.000,20.751,6433532,6433532,0,0.000000,SUCCESS,sync_sigmoid,sync_with_sensor1_matrix5
2026-05-22T00:53:43,97.3,30.0,sensor1_raspberry,5,TH0,4,0,107,255,20.000,20.722,2616396,10124895,7508499,375424.950000,SUCCESS,sync_counter,sync_with_sensor2_IC1_TH0
2026-05-22T00:53:43,97.3,30.0,sensor2_serial,1,0,4,0,120,255,20.000,20.722,14620446,1212743,3369513,168475.650000,SUCCESS,sync_sigmoid,sync_with_sensor1_matrix5
2026-05-22T00:54:06,97.3,30.0,sensor1_raspberry,5,TH0,4,0,107,254,20.000,20.758,10701424,15812808,5111384,255569.200000,SUCCESS,sync_counter,sync_with_sensor2_IC1_TH0
2026-05-22T00:54:06,97.3,30.0,sensor2_serial,1,0,4,0,120,254,20.000,20.758,1543434,5020653,3477219,173860.950000,SUCCESS,sync_sigmoid,sync_with_sensor1_matrix5
2026-05-22T00:54:29,97.3,30.0,sensor1_raspberry,5,TH0,4,0,107,253,20.000,20.751,16087696,563475,1252995,62649.750000,SUCCESS,sync_counter,sync_with_sensor2_IC1_TH0
2026-05-22T00:54:29,97.3,30.0,sensor2_serial,1,0,4,0,120,253,20.000,20.751,5358166,8675190,3317024,165851.200000,SUCCESS,sync_sigmoid,sync_with_sensor1_matrix5
2026-05-22T00:54:52,97.3,30.0,sensor1_raspberry,5,TH0,4,0,107,252,20.000,20.741,636531,1072179,435648,21782.400000,SUCCESS,sync_counter,sync_with_sensor2_IC1_TH0
2026-05-22T00:54:52,97.3,30.0,sensor2_serial,1,0,4,0,120,252,20.000,20.741,8990884,11737784,2746900,137345.000000,SUCCESS,sync_sigmoid,sync_with_sensor1_matrix5
2026-05-22T00:55:14,97.3,30.0,sensor1_raspberry,5,TH0,4,0,107,251,20.000,20.708,1097125,1206930,109805,5490.250000,SUCCESS,sync_counter,sync_with_sensor2_IC1_TH0
2026-05-22T00:55:14,97.3,30.0,sensor2_serial,1,0,4,0,120,251,20.000,20.708,11991402,13968278,1976876,98843.800000,SUCCESS,sync_sigmoid,sync_with_sensor1_matrix5
2026-05-22T00:55:37,97.3,30.0,sensor1_raspberry,5,TH0,4,0,107,250,20.000,20.721,1213682,1244214,30532,1526.600000,SUCCESS,sync_counter,sync_with_sensor2_IC1_TH0
2026-05-22T00:55:37,97.3,30.0,sensor2_serial,1,0,4,0,120,250,20.000,20.721,14149856,15494581,1344725,67236.250000,SUCCESS,sync_sigmoid,sync_with_sensor1_matrix5
2026-05-22T00:56:00,97.3,30.0,sensor1_raspberry,5,TH0,4,0,107,249,20.000,20.748,1245451,1247639,2188,109.400000,SUCCESS,sync_counter,sync_with_sensor2_IC1_TH0
2026-05-22T00:56:00,97.3,30.0,sensor2_serial,1,0,4,0,120,249,20.000,20.748,15633065,16422087,789022,39451.100000,SUCCESS,sync_sigmoid,sync_with_sensor1_matrix5
2026-05-22T00:56:23,97.3,30.0,sensor1_raspberry,5,TH0,4,0,107,248,20.000,20.749,1247796,1248447,651,32.550000,SUCCESS,sync_counter,sync_with_sensor2_IC1_TH0
2026-05-22T00:56:23,97.3,30.0,sensor2_serial,1,0,4,0,120,248,20.000,20.749,16492140,118099,403175,20158.750000,SUCCESS,sync_sigmoid,sync_with_sensor1_matrix5
2026-05-22T00:56:46,97.3,30.0,sensor1_raspberry,5,TH0,4,0,107,247,20.000,20.711,1248502,1248825,323,16.150000,SUCCESS,sync_counter,sync_with_sensor2_IC1_TH0
2026-05-22T00:56:46,97.3,30.0,sensor2_serial,1,0,4,0,120,247,20.000,20.711,165087,478270,313183,15659.150000,SUCCESS,sync_sigmoid,sync_with_sensor1_matrix5
2026-05-22T00:57:09,97.3,30.0,sensor1_raspberry,5,TH0,4,0,107,246,20.000,20.777,1248851,1249076,225,11.250000,SUCCESS,sync_counter,sync_with_sensor2_IC1_TH0
2026-05-22T00:57:09,97.3,30.0,sensor2_serial,1,0,4,0,120,246,20.000,20.777,478310,669818,191508,9575.400000,SUCCESS,sync_sigmoid,sync_with_sensor1_matrix5
2026-05-22T00:57:31,97.3,30.0,sensor1_raspberry,5,TH0,4,0,107,245,20.000,20.745,1249100,1249285,185,9.250000,SUCCESS,sync_counter,sync_with_sensor2_IC1_TH0
2026-05-22T00:57:31,97.3,30.0,sensor2_serial,1,0,4,0,120,245,20.000,20.745,669855,754041,84186,4209.300000,SUCCESS,sync_sigmoid,sync_with_sensor1_matrix5
2026-05-22T00:57:54,97.3,30.0,sensor1_raspberry,5,TH0,4,0,107,244,20.000,20.735,1249301,1249501,200,10.000000,SUCCESS,sync_counter,sync_with_sensor2_IC1_TH0
2026-05-22T00:57:54,97.3,30.0,sensor2_serial,1,0,4,0,120,244,20.000,20.735,754074,760257,6183,309.150000,SUCCESS,sync_sigmoid,sync_with_sensor1_matrix5
2026-05-22T00:58:17,97.3,30.0,sensor1_raspberry,5,TH0,4,0,107,243,20.000,20.728,1249521,1249702,181,9.050000,SUCCESS,sync_counter,sync_with_sensor2_IC1_TH0
2026-05-22T00:58:17,97.3,30.0,sensor2_serial,1,0,4,0,120,243,20.000,20.728,783089,797103,14014,700.700000,SUCCESS,sync_sigmoid,sync_with_sensor1_matrix5
2026-05-22T00:58:40,97.3,30.0,sensor1_raspberry,5,TH0,4,0,107,242,20.000,20.747,1249720,1249912,192,9.600000,SUCCESS,sync_counter,sync_with_sensor2_IC1_TH0
2026-05-22T00:58:40,97.3,30.0,sensor2_serial,1,0,4,0,120,242,20.000,20.747,797132,798360,1228,61.400000,SUCCESS,sync_sigmoid,sync_with_sensor1_matrix5
2026-05-22T00:59:03,97.3,30.0,sensor1_raspberry,5,TH0,4,0,107,241,20.000,20.743,1249929,1250113,184,9.200000,SUCCESS,sync_counter,sync_with_sensor2_IC1_TH0
2026-05-22T00:59:03,97.3,30.0,sensor2_serial,1,0,4,0,120,241,20.000,20.743,803483,803921,438,21.900000,SUCCESS,sync_sigmoid,sync_with_sensor1_matrix5
2026-05-22T00:59:26,97.3,30.0,sensor1_raspberry,5,TH0,4,0,107,240,20.000,20.738,1250131,1250308,177,8.850000,SUCCESS,sync_counter,sync_with_sensor2_IC1_TH0
2026-05-22T00:59:26,97.3,30.0,sensor2_serial,1,0,4,0,120,240,20.000,20.738,805902,806122,220,11.000000,SUCCESS,sync_sigmoid,sync_with_sensor1_matrix5
2026-05-22T00:59:48,97.3,30.0,sensor1_raspberry,5,TH0,4,0,107,239,20.000,20.744,1250327,1250507,180,9.000000,SUCCESS,sync_counter,sync_with_sensor2_IC1_TH0
2026-05-22T00:59:48,97.3,30.0,sensor2_serial,1,0,4,0,120,239,20.000,20.744,807056,807149,93,4.650000,SUCCESS,sync_sigmoid,sync_with_sensor1_matrix5
2026-05-22T01:00:11,97.3,30.0,sensor1_raspberry,5,TH0,4,0,107,238,20.000,20.759,1250521,1250723,202,10.100000,SUCCESS,sync_counter,sync_with_sensor2_IC1_TH0
2026-05-22T01:00:11,97.3,30.0,sensor2_serial,1,0,4,0,120,238,20.000,20.759,807414,807458,44,2.200000,SUCCESS,sync_sigmoid,sync_with_sensor1_matrix5
2026-05-22T01:00:34,97.3,30.0,sensor1_raspberry,5,TH0,4,0,107,237,20.000,20.735,1250738,1250911,173,8.650000,SUCCESS,sync_counter,sync_with_sensor2_IC1_TH0
2026-05-22T01:00:34,97.3,30.0,sensor2_serial,1,0,4,0,120,237,20.000,20.735,807671,807717,46,2.300000,SUCCESS,sync_sigmoid,sync_with_sensor1_matrix5
2026-05-22T01:00:57,97.3,30.0,sensor1_raspberry,5,TH0,4,0,107,236,20.000,20.750,1250927,1251131,204,10.200000,SUCCESS,sync_counter,sync_with_sensor2_IC1_TH0
2026-05-22T01:00:57,97.3,30.0,sensor2_serial,1,0,4,0,120,236,20.000,20.750,807888,807917,29,1.450000,SUCCESS,sync_sigmoid,sync_with_sensor1_matrix5
2026-05-22T01:01:20,97.3,30.0,sensor1_raspberry,5,TH0,4,0,107,235,20.000,20.758,1251158,1251337,179,8.950000,SUCCESS,sync_counter,sync_with_sensor2_IC1_TH0
2026-05-22T01:01:20,97.3,30.0,sensor2_serial,1,0,4,0,120,235,20.000,20.758,808086,808130,44,2.200000,SUCCESS,sync_sigmoid,sync_with_sensor1_matrix5
2026-05-22T01:01:43,97.3,30.0,sensor1_raspberry,5,TH0,4,0,107,234,20.000,20.729,1251349,1251512,163,8.150000,SUCCESS,sync_counter,sync_with_sensor2_IC1_TH0
2026-05-22T01:01:43,97.3,30.0,sensor2_serial,1,0,4,0,120,234,20.000,20.729,808293,808316,23,1.150000,SUCCESS,sync_sigmoid,sync_with_sensor1_matrix5
2026-05-22T01:02:06,97.3,30.0,sensor1_raspberry,5,TH0,4,0,107,233,20.000,20.773,1251530,1251711,181,9.050000,SUCCESS,sync_counter,sync_with_sensor2_IC1_TH0
2026-05-22T01:02:06,97.3,30.0,sensor2_serial,1,0,4,0,120,233,20.000,20.773,808439,808464,25,1.250000,SUCCESS,sync_sigmoid,sync_with_sensor1_matrix5
2026-05-22T01:02:28,97.3,30.0,sensor1_raspberry,5,TH0,4,0,107,232,20.000,20.739,1251721,1251882,161,8.050000,SUCCESS,sync_counter,sync_with_sensor2_IC1_TH0
2026-05-22T01:02:28,97.3,30.0,sensor2_serial,1,0,4,0,120,232,20.000,20.739,808629,808658,29,1.450000,SUCCESS,sync_sigmoid,sync_with_sensor1_matrix5
2026-05-22T01:02:51,97.3,30.0,sensor1_raspberry,5,TH0,4,0,107,231,20.000,20.693,1251897,1252063,166,8.300000,SUCCESS,sync_counter,sync_with_sensor2_IC1_TH0
2026-05-22T01:02:51,97.3,30.0,sensor2_serial,1,0,4,0,120,231,20.000,20.693,808819,808840,21,1.050000,SUCCESS,sync_sigmoid,sync_with_sensor1_matrix5
2026-05-22T01:03:14,97.3,30.0,sensor1_raspberry,5,TH0,4,0,107,230,20.000,20.783,1252084,1252270,186,9.300000,SUCCESS,sync_counter,sync_with_sensor2_IC1_TH0
2026-05-22T01:03:14,97.3,30.0,sensor2_serial,1,0,4,0,120,230,20.000,20.783,808982,809011,29,1.450000,SUCCESS,sync_sigmoid,sync_with_sensor1_matrix5
2026-05-22T01:03:37,97.3,30.0,sensor1_raspberry,5,TH0,4,0,107,229,20.000,20.747,1252286,1252462,176,8.800000,SUCCESS,sync_counter,sync_with_sensor2_IC1_TH0
2026-05-22T01:03:37,97.3,30.0,sensor2_serial,1,0,4,0,120,229,20.000,20.747,809174,809198,24,1.200000,SUCCESS,sync_sigmoid,sync_with_sensor1_matrix5
2026-05-22T01:04:00,97.3,30.0,sensor1_raspberry,5,TH0,4,0,107,228,20.000,20.744,1252482,1252677,195,9.750000,SUCCESS,sync_counter,sync_with_sensor2_IC1_TH0
2026-05-22T01:04:00,97.3,30.0,sensor2_serial,1,0,4,0,120,228,20.000,20.744,809350,809377,27,1.350000,SUCCESS,sync_sigmoid,sync_with_sensor1_matrix5
2026-05-22T01:04:23,97.3,30.0,sensor1_raspberry,5,TH0,4,0,107,227,20.000,20.725,1252697,1252867,170,8.500000,SUCCESS,sync_counter,sync_with_sensor2_IC1_TH0
2026-05-22T01:04:23,97.3,30.0,sensor2_serial,1,0,4,0,120,227,20.000,20.725,809529,809556,27,1.350000,SUCCESS,sync_sigmoid,sync_with_sensor1_matrix5
2026-05-22T01:04:46,97.3,30.0,sensor1_raspberry,5,TH0,4,0,107,226,20.000,20.768,1252882,1253056,174,8.700000,SUCCESS,sync_counter,sync_with_sensor2_IC1_TH0
2026-05-22T01:04:46,97.3,30.0,sensor2_serial,1,0,4,0,120,226,20.000,20.768,809687,809705,18,0.900000,SUCCESS,sync_sigmoid,sync_with_sensor1_matrix5
2026-05-22T01:05:08,97.3,30.0,sensor1_raspberry,5,TH0,4,0,107,225,20.000,20.755,1253075,1253250,175,8.750000,SUCCESS,sync_counter,sync_with_sensor2_IC1_TH0
2026-05-22T01:05:08,97.3,30.0,sensor2_serial,1,0,4,0,120,225,20.000,20.755,809869,809891,22,1.100000,SUCCESS,sync_sigmoid,sync_with_sensor1_matrix5
2026-05-22T01:05:31,97.3,30.0,sensor1_raspberry,5,TH0,4,0,107,224,20.000,20.773,1253266,1253453,187,9.350000,SUCCESS,sync_counter,sync_with_sensor2_IC1_TH0
2026-05-22T01:05:31,97.3,30.0,sensor2_serial,1,0,4,0,120,224,20.000,20.773,810031,810048,17,0.850000,SUCCESS,sync_sigmoid,sync_with_sensor1_matrix5
2026-05-22T01:05:54,97.3,30.0,sensor1_raspberry,5,TH0,4,0,107,223,20.000,20.745,1253465,1253627,162,8.100000,SUCCESS,sync_counter,sync_with_sensor2_IC1_TH0
2026-05-22T01:05:54,97.3,30.0,sensor2_serial,1,0,4,0,120,223,20.000,20.745,810175,810197,22,1.100000,SUCCESS,sync_sigmoid,sync_with_sensor1_matrix5
2026-05-22T01:06:17,97.3,30.0,sensor1_raspberry,5,TH0,4,0,107,222,20.000,20.716,1253649,1253826,177,8.850000,SUCCESS,sync_counter,sync_with_sensor2_IC1_TH0
2026-05-22T01:06:17,97.3,30.0,sensor2_serial,1,0,4,0,120,222,20.000,20.716,810312,810329,17,0.850000,SUCCESS,sync_sigmoid,sync_with_sensor1_matrix5
2026-05-22T01:06:40,97.3,30.0,sensor1_raspberry,5,TH0,4,0,107,221,20.000,20.755,1253842,1254018,176,8.800000,SUCCESS,sync_counter,sync_with_sensor2_IC1_TH0
2026-05-22T01:06:40,97.3,30.0,sensor2_serial,1,0,4,0,120,221,20.000,20.755,810468,810483,15,0.750000,SUCCESS,sync_sigmoid,sync_with_sensor1_matrix5
2026-05-22T01:07:03,97.3,30.0,sensor1_raspberry,5,TH0,4,0,107,220,20.000,20.762,1254043,1254217,174,8.700000,SUCCESS,sync_counter,sync_with_sensor2_IC1_TH0
2026-05-22T01:07:03,97.3,30.0,sensor2_serial,1,0,4,0,120,220,20.000,20.762,810641,810660,19,0.950000,SUCCESS,sync_sigmoid,sync_with_sensor1_matrix5
2026-05-22T01:07:25,97.3,30.0,sensor1_raspberry,5,TH0,4,0,107,219,20.000,20.737,1254241,1254399,158,7.900000,SUCCESS,sync_counter,sync_with_sensor2_IC1_TH0
2026-05-22T01:07:25,97.3,30.0,sensor2_serial,1,0,4,0,120,219,20.000,20.737,810801,810825,24,1.200000,SUCCESS,sync_sigmoid,sync_with_sensor1_matrix5
2026-05-22T01:07:48,97.3,30.0,sensor1_raspberry,5,TH0,4,0,107,218,20.000,20.753,1254423,1254588,165,8.250000,SUCCESS,sync_counter,sync_with_sensor2_IC1_TH0
2026-05-22T01:07:48,97.3,30.0,sensor2_serial,1,0,4,0,120,218,20.000,20.753,810964,810980,16,0.800000,SUCCESS,sync_sigmoid,sync_with_sensor1_matrix5
2026-05-22T01:08:11,97.3,30.0,sensor1_raspberry,5,TH0,4,0,107,217,20.000,20.789,1254608,1254783,175,8.750000,SUCCESS,sync_counter,sync_with_sensor2_IC1_TH0
2026-05-22T01:08:11,97.3,30.0,sensor2_serial,1,0,4,0,120,217,20.000,20.789,811102,811121,19,0.950000,SUCCESS,sync_sigmoid,sync_with_sensor1_matrix5
2026-05-22T01:08:34,97.3,30.0,sensor1_raspberry,5,TH0,4,0,107,216,20.000,20.711,1254796,1254961,165,8.250000,SUCCESS,sync_counter,sync_with_sensor2_IC1_TH0
2026-05-22T01:08:34,97.3,30.0,sensor2_serial,1,0,4,0,120,216,20.000,20.711,811262,811279,17,0.850000,SUCCESS,sync_sigmoid,sync_with_sensor1_matrix5
2026-05-22T01:08:57,97.3,30.0,sensor1_raspberry,5,TH0,4,0,107,215,20.000,20.723,1254974,1255141,167,8.350000,SUCCESS,sync_counter,sync_with_sensor2_IC1_TH0
2026-05-22T01:08:57,97.3,30.0,sensor2_serial,1,0,4,0,120,215,20.000,20.723,811425,811439,14,0.700000,SUCCESS,sync_sigmoid,sync_with_sensor1_matrix5
2026-05-22T01:09:20,97.3,30.0,sensor1_raspberry,5,TH0,4,0,107,214,20.000,20.757,1255148,1255326,178,8.900000,SUCCESS,sync_counter,sync_with_sensor2_IC1_TH0
2026-05-22T01:09:20,97.3,30.0,sensor2_serial,1,0,4,0,120,214,20.000,20.757,811581,811605,24,1.200000,SUCCESS,sync_sigmoid,sync_with_sensor1_matrix5
2026-05-22T01:09:42,97.3,30.0,sensor1_raspberry,5,TH0,4,0,107,213,20.000,20.712,1255342,1255525,183,9.150000,SUCCESS,sync_counter,sync_with_sensor2_IC1_TH0
2026-05-22T01:09:42,97.3,30.0,sensor2_serial,1,0,4,0,120,213,20.000,20.712,811718,811734,16,0.800000,SUCCESS,sync_sigmoid,sync_with_sensor1_matrix5
2026-05-22T01:10:05,97.3,30.0,sensor1_raspberry,5,TH0,4,0,107,212,20.000,20.689,1255542,1255721,179,8.950000,SUCCESS,sync_counter,sync_with_sensor2_IC1_TH0
2026-05-22T01:10:05,97.3,30.0,sensor2_serial,1,0,4,0,120,212,20.000,20.689,811879,811893,14,0.700000,SUCCESS,sync_sigmoid,sync_with_sensor1_matrix5
2026-05-22T01:10:28,97.3,30.0,sensor1_raspberry,5,TH0,4,0,107,211,20.000,20.745,1255744,1255899,155,7.750000,SUCCESS,sync_counter,sync_with_sensor2_IC1_TH0
2026-05-22T01:10:28,97.3,30.0,sensor2_serial,1,0,4,0,120,211,20.000,20.745,812028,812040,12,0.600000,SUCCESS,sync_sigmoid,sync_with_sensor1_matrix5
2026-05-22T01:10:51,97.3,30.0,sensor1_raspberry,5,TH0,4,0,107,210,20.000,20.753,1255916,1256080,164,8.200000,SUCCESS,sync_counter,sync_with_sensor2_IC1_TH0
2026-05-22T01:10:51,97.3,30.0,sensor2_serial,1,0,4,0,120,210,20.000,20.753,812170,812182,12,0.600000,SUCCESS,sync_sigmoid,sync_with_sensor1_matrix5
2026-05-22T01:11:14,97.3,30.0,sensor1_raspberry,5,TH0,4,0,107,209,20.000,20.747,1256095,1256262,167,8.350000,SUCCESS,sync_counter,sync_with_sensor2_IC1_TH0
2026-05-22T01:11:14,97.3,30.0,sensor2_serial,1,0,4,0,120,209,20.000,20.747,812324,812341,17,0.850000,SUCCESS,sync_sigmoid,sync_with_sensor1_matrix5
2026-05-22T01:11:37,97.3,30.0,sensor1_raspberry,5,TH0,4,0,107,208,20.000,20.743,1256280,1256461,181,9.050000,SUCCESS,sync_counter,sync_with_sensor2_IC1_TH0
2026-05-22T01:11:37,97.3,30.0,sensor2_serial,1,0,4,0,120,208,20.000,20.743,812480,812501,21,1.050000,SUCCESS,sync_sigmoid,sync_with_sensor1_matrix5
2026-05-22T01:12:00,97.3,30.0,sensor1_raspberry,5,TH0,4,0,107,207,20.000,20.760,1256486,1256654,168,8.400000,SUCCESS,sync_counter,sync_with_sensor2_IC1_TH0
2026-05-22T01:12:00,97.3,30.0,sensor2_serial,1,0,4,0,120,207,20.000,20.760,812637,812646,9,0.450000,SUCCESS,sync_sigmoid,sync_with_sensor1_matrix5
2026-05-22T01:12:22,97.3,30.0,sensor1_raspberry,5,TH0,4,0,107,206,20.000,20.775,1256668,1256834,166,8.300000,SUCCESS,sync_counter,sync_with_sensor2_IC1_TH0
2026-05-22T01:12:22,97.3,30.0,sensor2_serial,1,0,4,0,120,206,20.000,20.775,812763,812776,13,0.650000,SUCCESS,sync_sigmoid,sync_with_sensor1_matrix5
2026-05-22T01:12:45,97.3,30.0,sensor1_raspberry,5,TH0,4,0,107,205,20.000,20.748,1256850,1257012,162,8.100000,SUCCESS,sync_counter,sync_with_sensor2_IC1_TH0
2026-05-22T01:12:45,97.3,30.0,sensor2_serial,1,0,4,0,120,205,20.000,20.748,812912,812923,11,0.550000,SUCCESS,sync_sigmoid,sync_with_sensor1_matrix5
2026-05-22T01:13:08,97.3,30.0,sensor1_raspberry,5,TH0,4,0,107,204,20.000,20.730,1257033,1257198,165,8.250000,SUCCESS,sync_counter,sync_with_sensor2_IC1_TH0
2026-05-22T01:13:08,97.3,30.0,sensor2_serial,1,0,4,0,120,204,20.000,20.730,813055,813064,9,0.450000,SUCCESS,sync_sigmoid,sync_with_sensor1_matrix5
2026-05-22T01:13:31,97.3,30.0,sensor1_raspberry,5,TH0,4,0,107,203,20.000,20.752,1257210,1257379,169,8.450000,SUCCESS,sync_counter,sync_with_sensor2_IC1_TH0
2026-05-22T01:13:31,97.3,30.0,sensor2_serial,1,0,4,0,120,203,20.000,20.752,813176,813190,14,0.700000,SUCCESS,sync_sigmoid,sync_with_sensor1_matrix5
2026-05-22T01:13:54,97.3,30.0,sensor1_raspberry,5,TH0,4,0,107,202,20.000,20.749,1257387,1257556,169,8.450000,SUCCESS,sync_counter,sync_with_sensor2_IC1_TH0
2026-05-22T01:13:54,97.3,30.0,sensor2_serial,1,0,4,0,120,202,20.000,20.749,813315,813327,12,0.600000,SUCCESS,sync_sigmoid,sync_with_sensor1_matrix5
2026-05-22T01:14:17,97.3,30.0,sensor1_raspberry,5,TH0,4,0,107,201,20.000,20.727,1257570,1257738,168,8.400000,SUCCESS,sync_counter,sync_with_sensor2_IC1_TH0
2026-05-22T01:14:17,97.3,30.0,sensor2_serial,1,0,4,0,120,201,20.000,20.727,813478,813489,11,0.550000,SUCCESS,sync_sigmoid,sync_with_sensor1_matrix5
2026-05-22T01:14:39,97.3,30.0,sensor1_raspberry,5,TH0,4,0,107,200,20.000,20.751,1257756,1257932,176,8.800000,SUCCESS,sync_counter,sync_with_sensor2_IC1_TH0
2026-05-22T01:14:39,97.3,30.0,sensor2_serial,1,0,4,0,120,200,20.000,20.751,813613,813628,15,0.750000,SUCCESS,sync_sigmoid,sync_with_sensor1_matrix5
2026-05-22T01:15:02,97.3,30.0,sensor1_raspberry,5,TH0,4,0,107,199,20.000,20.721,1257952,1258119,167,8.350000,SUCCESS,sync_counter,sync_with_sensor2_IC1_TH0
2026-05-22T01:15:02,97.3,30.0,sensor2_serial,1,0,4,0,120,199,20.000,20.721,813753,813763,10,0.500000,SUCCESS,sync_sigmoid,sync_with_sensor1_matrix5
2026-05-22T01:15:25,97.3,30.0,sensor1_raspberry,5,TH0,4,0,107,198,20.000,20.755,1258140,1258323,183,9.150000,SUCCESS,sync_counter,sync_with_sensor2_IC1_TH0
2026-05-22T01:15:25,97.3,30.0,sensor2_serial,1,0,4,0,120,198,20.000,20.755,813871,813882,11,0.550000,SUCCESS,sync_sigmoid,sync_with_sensor1_matrix5
2026-05-22T01:15:48,97.3,30.0,sensor1_raspberry,5,TH0,4,0,107,197,20.000,20.725,1258335,1258505,170,8.500000,SUCCESS,sync_counter,sync_with_sensor2_IC1_TH0
2026-05-22T01:15:48,97.3,30.0,sensor2_serial,1,0,4,0,120,197,20.000,20.725,814007,814027,20,1.000000,SUCCESS,sync_sigmoid,sync_with_sensor1_matrix5
2026-05-22T01:16:11,97.3,30.0,sensor1_raspberry,5,TH0,4,0,107,196,20.000,20.799,1258520,1258676,156,7.800000,SUCCESS,sync_counter,sync_with_sensor2_IC1_TH0
2026-05-22T01:16:11,97.3,30.0,sensor2_serial,1,0,4,0,120,196,20.000,20.799,814177,814190,13,0.650000,SUCCESS,sync_sigmoid,sync_with_sensor1_matrix5
2026-05-22T01:16:34,97.3,30.0,sensor1_raspberry,5,TH0,4,0,107,195,20.000,20.741,1258685,1258875,190,9.500000,SUCCESS,sync_counter,sync_with_sensor2_IC1_TH0
2026-05-22T01:16:34,97.3,30.0,sensor2_serial,1,0,4,0,120,195,20.000,20.741,814303,814315,12,0.600000,SUCCESS,sync_sigmoid,sync_with_sensor1_matrix5
2026-05-22T01:16:57,97.3,30.0,sensor1_raspberry,5,TH0,4,0,107,194,20.000,20.771,1258897,1259083,186,9.300000,SUCCESS,sync_counter,sync_with_sensor2_IC1_TH0
2026-05-22T01:16:57,97.3,30.0,sensor2_serial,1,0,4,0,120,194,20.000,20.771,814417,814427,10,0.500000,SUCCESS,sync_sigmoid,sync_with_sensor1_matrix5
2026-05-22T01:17:19,97.3,30.0,sensor1_raspberry,5,TH0,4,0,107,193,20.000,20.734,1259098,1259262,164,8.200000,SUCCESS,sync_counter,sync_with_sensor2_IC1_TH0
2026-05-22T01:17:19,97.3,30.0,sensor2_serial,1,0,4,0,120,193,20.000,20.734,814538,814544,6,0.300000,SUCCESS,sync_sigmoid,sync_with_sensor1_matrix5
2026-05-22T01:17:42,97.3,30.0,sensor1_raspberry,5,TH0,4,0,107,192,20.000,20.779,1259282,1259449,167,8.350000,SUCCESS,sync_counter,sync_with_sensor2_IC1_TH0
2026-05-22T01:17:42,97.3,30.0,sensor2_serial,1,0,4,0,120,192,20.000,20.779,814654,814658,4,0.200000,SUCCESS,sync_sigmoid,sync_with_sensor1_matrix5
2026-05-22T01:18:05,97.3,30.0,sensor1_raspberry,5,TH0,4,0,107,191,20.000,20.747,1259467,1259617,150,7.500000,SUCCESS,sync_counter,sync_with_sensor2_IC1_TH0
2026-05-22T01:18:05,97.3,30.0,sensor2_serial,1,0,4,0,120,191,20.000,20.747,814770,814789,19,0.950000,SUCCESS,sync_sigmoid,sync_with_sensor1_matrix5
2026-05-22T01:18:28,97.3,30.0,sensor1_raspberry,5,TH0,4,0,107,190,20.000,20.738,1259627,1259793,166,8.300000,SUCCESS,sync_counter,sync_with_sensor2_IC1_TH0
2026-05-22T01:18:28,97.3,30.0,sensor2_serial,1,0,4,0,120,190,20.000,20.738,814886,814895,9,0.450000,SUCCESS,sync_sigmoid,sync_with_sensor1_matrix5
2026-05-22T01:18:51,97.3,30.0,sensor1_raspberry,5,TH0,4,0,107,189,20.000,20.803,1259812,1259978,166,8.300000,SUCCESS,sync_counter,sync_with_sensor2_IC1_TH0
2026-05-22T01:18:51,97.3,30.0,sensor2_serial,1,0,4,0,120,189,20.000,20.803,815012,815021,9,0.450000,SUCCESS,sync_sigmoid,sync_with_sensor1_matrix5
2026-05-22T01:19:14,97.3,30.0,sensor1_raspberry,5,TH0,4,0,107,188,20.000,20.767,1259988,1260174,186,9.300000,SUCCESS,sync_counter,sync_with_sensor2_IC1_TH0
2026-05-22T01:19:14,97.3,30.0,sensor2_serial,1,0,4,0,120,188,20.000,20.767,815136,815154,18,0.900000,SUCCESS,sync_sigmoid,sync_with_sensor1_matrix5
2026-05-22T01:19:36,97.3,30.0,sensor1_raspberry,5,TH0,4,0,107,187,20.000,20.747,1260192,1260367,175,8.750000,SUCCESS,sync_counter,sync_with_sensor2_IC1_TH0
2026-05-22T01:19:36,97.3,30.0,sensor2_serial,1,0,4,0,120,187,20.000,20.747,815275,815284,9,0.450000,SUCCESS,sync_sigmoid,sync_with_sensor1_matrix5
2026-05-22T01:19:59,97.3,30.0,sensor1_raspberry,5,TH0,4,0,107,186,20.000,20.786,1260384,1260568,184,9.200000,SUCCESS,sync_counter,sync_with_sensor2_IC1_TH0
2026-05-22T01:19:59,97.3,30.0,sensor2_serial,1,0,4,0,120,186,20.000,20.786,815413,815420,7,0.350000,SUCCESS,sync_sigmoid,sync_with_sensor1_matrix5
2026-05-22T01:20:22,97.3,30.0,sensor1_raspberry,5,TH0,4,0,107,185,20.000,20.733,1260580,1260737,157,7.850000,SUCCESS,sync_counter,sync_with_sensor2_IC1_TH0
2026-05-22T01:20:22,97.3,30.0,sensor2_serial,1,0,4,0,120,185,20.000,20.733,815520,815529,9,0.450000,SUCCESS,sync_sigmoid,sync_with_sensor1_matrix5
2026-05-22T01:20:45,97.3,30.0,sensor1_raspberry,5,TH0,4,0,107,184,20.000,20.747,1260750,1260925,175,8.750000,SUCCESS,sync_counter,sync_with_sensor2_IC1_TH0
2026-05-22T01:20:45,97.3,30.0,sensor2_serial,1,0,4,0,120,184,20.000,20.747,815631,815644,13,0.650000,SUCCESS,sync_sigmoid,sync_with_sensor1_matrix5
2026-05-22T01:21:08,97.3,30.0,sensor1_raspberry,5,TH0,4,0,107,183,20.000,20.732,1260940,1261109,169,8.450000,SUCCESS,sync_counter,sync_with_sensor2_IC1_TH0
2026-05-22T01:21:08,97.3,30.0,sensor2_serial,1,0,4,0,120,183,20.000,20.732,815765,815773,8,0.400000,SUCCESS,sync_sigmoid,sync_with_sensor1_matrix5
2026-05-22T01:21:31,97.3,30.0,sensor1_raspberry,5,TH0,4,0,107,182,20.000,20.766,1261124,1261299,175,8.750000,SUCCESS,sync_counter,sync_with_sensor2_IC1_TH0
2026-05-22T01:21:31,97.3,30.0,sensor2_serial,1,0,4,0,120,182,20.000,20.766,815890,815900,10,0.500000,SUCCESS,sync_sigmoid,sync_with_sensor1_matrix5
2026-05-22T01:21:54,97.3,30.0,sensor1_raspberry,5,TH0,4,0,107,181,20.000,20.769,1261316,1261489,173,8.650000,SUCCESS,sync_counter,sync_with_sensor2_IC1_TH0
2026-05-22T01:21:54,97.3,30.0,sensor2_serial,1,0,4,0,120,181,20.000,20.769,815979,816000,21,1.050000,SUCCESS,sync_sigmoid,sync_with_sensor1_matrix5
2026-05-22T01:22:16,97.3,30.0,sensor1_raspberry,5,TH0,4,0,107,180,20.000,20.755,1261506,1261706,200,10.000000,SUCCESS,sync_counter,sync_with_sensor2_IC1_TH0
2026-05-22T01:22:16,97.3,30.0,sensor2_serial,1,0,4,0,120,180,20.000,20.755,816088,816099,11,0.550000,SUCCESS,sync_sigmoid,sync_with_sensor1_matrix5
2026-05-22T01:22:39,97.3,30.0,sensor1_raspberry,5,TH0,4,0,107,179,20.000,20.751,1261736,1261927,191,9.550000,SUCCESS,sync_counter,sync_with_sensor2_IC1_TH0
2026-05-22T01:22:39,97.3,30.0,sensor2_serial,1,0,4,0,120,179,20.000,20.751,816201,816210,9,0.450000,SUCCESS,sync_sigmoid,sync_with_sensor1_matrix5
2026-05-22T01:23:02,97.3,30.0,sensor1_raspberry,5,TH0,4,0,107,178,20.000,20.740,1261947,1262104,157,7.850000,SUCCESS,sync_counter,sync_with_sensor2_IC1_TH0
2026-05-22T01:23:02,97.3,30.0,sensor2_serial,1,0,4,0,120,178,20.000,20.740,816310,816318,8,0.400000,SUCCESS,sync_sigmoid,sync_with_sensor1_matrix5
2026-05-22T01:23:25,97.3,30.0,sensor1_raspberry,5,TH0,4,0,107,177,20.000,20.773,1262127,1262290,163,8.150000,SUCCESS,sync_counter,sync_with_sensor2_IC1_TH0
2026-05-22T01:23:25,97.3,30.0,sensor2_serial,1,0,4,0,120,177,20.000,20.773,816421,816427,6,0.300000,SUCCESS,sync_sigmoid,sync_with_sensor1_matrix5
2026-05-22T01:23:48,97.3,30.0,sensor1_raspberry,5,TH0,4,0,107,176,20.000,20.761,1262309,1262492,183,9.150000,SUCCESS,sync_counter,sync_with_sensor2_IC1_TH0
2026-05-22T01:23:48,97.3,30.0,sensor2_serial,1,0,4,0,120,176,20.000,20.761,816497,816507,10,0.500000,SUCCESS,sync_sigmoid,sync_with_sensor1_matrix5
2026-05-22T01:24:11,97.3,30.0,sensor1_raspberry,5,TH0,4,0,107,175,20.000,20.753,1262516,1262689,173,8.650000,SUCCESS,sync_counter,sync_with_sensor2_IC1_TH0
2026-05-22T01:24:11,97.3,30.0,sensor2_serial,1,0,4,0,120,175,20.000,20.753,816602,816612,10,0.500000,SUCCESS,sync_sigmoid,sync_with_sensor1_matrix5
2026-05-22T01:24:34,97.3,30.0,sensor1_raspberry,5,TH0,4,0,107,174,20.000,20.746,1262707,1262869,162,8.100000,SUCCESS,sync_counter,sync_with_sensor2_IC1_TH0
2026-05-22T01:24:34,97.3,30.0,sensor2_serial,1,0,4,0,120,174,20.000,20.746,816719,816726,7,0.350000,SUCCESS,sync_sigmoid,sync_with_sensor1_matrix5
2026-05-22T01:24:57,97.3,30.0,sensor1_raspberry,5,TH0,4,0,107,173,20.000,20.786,1262878,1263021,143,7.150000,SUCCESS,sync_counter,sync_with_sensor2_IC1_TH0
2026-05-22T01:24:57,97.3,30.0,sensor2_serial,1,0,4,0,120,173,20.000,20.786,816829,816841,12,0.600000,SUCCESS,sync_sigmoid,sync_with_sensor1_matrix5
2026-05-22T01:25:19,97.3,30.0,sensor1_raspberry,5,TH0,4,0,107,172,20.000,20.767,1263033,1263186,153,7.650000,SUCCESS,sync_counter,sync_with_sensor2_IC1_TH0
2026-05-22T01:25:19,97.3,30.0,sensor2_serial,1,0,4,0,120,172,20.000,20.767,816938,816951,13,0.650000,SUCCESS,sync_sigmoid,sync_with_sensor1_matrix5
2026-05-22T01:25:42,97.3,30.0,sensor1_raspberry,5,TH0,4,0,107,171,20.000,20.692,1263199,1263347,148,7.400000,SUCCESS,sync_counter,sync_with_sensor2_IC1_TH0
2026-05-22T01:25:42,97.3,30.0,sensor2_serial,1,0,4,0,120,171,20.000,20.692,817039,817044,5,0.250000,SUCCESS,sync_sigmoid,sync_with_sensor1_matrix5
2026-05-22T01:26:05,97.3,30.0,sensor1_raspberry,5,TH0,4,0,107,170,20.000,20.740,1263367,1263527,160,8.000000,SUCCESS,sync_counter,sync_with_sensor2_IC1_TH0
2026-05-22T01:26:05,97.3,30.0,sensor2_serial,1,0,4,0,120,170,20.000,20.740,817142,817153,11,0.550000,SUCCESS,sync_sigmoid,sync_with_sensor1_matrix5
2026-05-22T01:26:28,97.3,30.0,sensor1_raspberry,5,TH0,4,0,107,169,20.000,20.771,1263538,1263713,175,8.750000,SUCCESS,sync_counter,sync_with_sensor2_IC1_TH0
2026-05-22T01:26:28,97.3,30.0,sensor2_serial,1,0,4,0,120,169,20.000,20.771,817248,817251,3,0.150000,SUCCESS,sync_sigmoid,sync_with_sensor1_matrix5
2026-05-22T01:26:51,97.3,30.0,sensor1_raspberry,5,TH0,4,0,107,168,20.000,20.785,1263728,1263881,153,7.650000,SUCCESS,sync_counter,sync_with_sensor2_IC1_TH0
2026-05-22T01:26:51,97.3,30.0,sensor2_serial,1,0,4,0,120,168,20.000,20.785,817344,817355,11,0.550000,SUCCESS,sync_sigmoid,sync_with_sensor1_matrix5
2026-05-22T01:27:14,97.3,30.0,sensor1_raspberry,5,TH0,4,0,107,167,20.000,20.746,1263894,1264051,157,7.850000,SUCCESS,sync_counter,sync_with_sensor2_IC1_TH0
2026-05-22T01:27:14,97.3,30.0,sensor2_serial,1,0,4,0,120,167,20.000,20.746,817430,817440,10,0.500000,SUCCESS,sync_sigmoid,sync_with_sensor1_matrix5
2026-05-22T01:27:37,97.3,30.0,sensor1_raspberry,5,TH0,4,0,107,166,20.000,20.752,1264062,1264226,164,8.200000,SUCCESS,sync_counter,sync_with_sensor2_IC1_TH0
2026-05-22T01:27:37,97.3,30.0,sensor2_serial,1,0,4,0,120,166,20.000,20.752,817520,817530,10,0.500000,SUCCESS,sync_sigmoid,sync_with_sensor1_matrix5
2026-05-22T01:27:59,97.3,30.0,sensor1_raspberry,5,TH0,4,0,107,165,20.000,20.742,1264237,1264408,171,8.550000,SUCCESS,sync_counter,sync_with_sensor2_IC1_TH0
2026-05-22T01:27:59,97.3,30.0,sensor2_serial,1,0,4,0,120,165,20.000,20.742,817611,817618,7,0.350000,SUCCESS,sync_sigmoid,sync_with_sensor1_matrix5
2026-05-22T01:28:22,97.3,30.0,sensor1_raspberry,5,TH0,4,0,107,164,20.000,20.770,1264426,1264588,162,8.100000,SUCCESS,sync_counter,sync_with_sensor2_IC1_TH0
2026-05-22T01:28:22,97.3,30.0,sensor2_serial,1,0,4,0,120,164,20.000,20.770,817688,817697,9,0.450000,SUCCESS,sync_sigmoid,sync_with_sensor1_matrix5
2026-05-22T01:28:45,97.3,30.0,sensor1_raspberry,5,TH0,4,0,107,163,20.000,20.740,1264602,1264778,176,8.800000,SUCCESS,sync_counter,sync_with_sensor2_IC1_TH0
2026-05-22T01:28:45,97.3,30.0,sensor2_serial,1,0,4,0,120,163,20.000,20.740,817767,817774,7,0.350000,SUCCESS,sync_sigmoid,sync_with_sensor1_matrix5
2026-05-22T01:29:08,97.3,30.0,sensor1_raspberry,5,TH0,4,0,107,162,20.000,20.739,1264801,1264963,162,8.100000,SUCCESS,sync_counter,sync_with_sensor2_IC1_TH0
2026-05-22T01:29:08,97.3,30.0,sensor2_serial,1,0,4,0,120,162,20.000,20.739,817854,817859,5,0.250000,SUCCESS,sync_sigmoid,sync_with_sensor1_matrix5
2026-05-22T01:29:31,97.3,30.0,sensor1_raspberry,5,TH0,4,0,107,161,20.000,20.749,1264983,1265133,150,7.500000,SUCCESS,sync_counter,sync_with_sensor2_IC1_TH0
2026-05-22T01:29:31,97.3,30.0,sensor2_serial,1,0,4,0,120,161,20.000,20.749,817931,817937,6,0.300000,SUCCESS,sync_sigmoid,sync_with_sensor1_matrix5
2026-05-22T01:29:54,97.3,30.0,sensor1_raspberry,5,TH0,4,0,107,160,20.000,20.776,1265151,1265317,166,8.300000,SUCCESS,sync_counter,sync_with_sensor2_IC1_TH0
2026-05-22T01:29:54,97.3,30.0,sensor2_serial,1,0,4,0,120,160,20.000,20.776,818014,818018,4,0.200000,SUCCESS,sync_sigmoid,sync_with_sensor1_matrix5
2026-05-22T01:30:17,97.3,30.0,sensor1_raspberry,5,TH0,4,0,107,159,20.000,20.734,1265329,1265494,165,8.250000,SUCCESS,sync_counter,sync_with_sensor2_IC1_TH0
2026-05-22T01:30:17,97.3,30.0,sensor2_serial,1,0,4,0,120,159,20.000,20.734,818085,818095,10,0.500000,SUCCESS,sync_sigmoid,sync_with_sensor1_matrix5
2026-05-22T01:30:39,97.3,30.0,sensor1_raspberry,5,TH0,4,0,107,158,20.000,20.715,1265512,1265656,144,7.200000,SUCCESS,sync_counter,sync_with_sensor2_IC1_TH0
2026-05-22T01:30:39,97.3,30.0,sensor2_serial,1,0,4,0,120,158,20.000,20.715,818159,818164,5,0.250000,SUCCESS,sync_sigmoid,sync_with_sensor1_matrix5
2026-05-22T01:31:02,97.3,30.0,sensor1_raspberry,5,TH0,4,0,107,157,20.000,20.747,1265669,1265838,169,8.450000,SUCCESS,sync_counter,sync_with_sensor2_IC1_TH0
2026-05-22T01:31:02,97.3,30.0,sensor2_serial,1,0,4,0,120,157,20.000,20.747,818227,818231,4,0.200000,SUCCESS,sync_sigmoid,sync_with_sensor1_matrix5
2026-05-22T01:31:25,97.3,30.0,sensor1_raspberry,5,TH0,4,0,107,156,20.000,20.742,1265860,1266000,140,7.000000,SUCCESS,sync_counter,sync_with_sensor2_IC1_TH0
2026-05-22T01:31:25,97.3,30.0,sensor2_serial,1,0,4,0,120,156,20.000,20.742,818303,818307,4,0.200000,SUCCESS,sync_sigmoid,sync_with_sensor1_matrix5
2026-05-22T01:31:48,97.3,30.0,sensor1_raspberry,5,TH0,4,0,107,155,20.000,20.718,1266023,1266173,150,7.500000,SUCCESS,sync_counter,sync_with_sensor2_IC1_TH0
2026-05-22T01:31:48,97.3,30.0,sensor2_serial,1,0,4,0,120,155,20.000,20.718,818361,818366,5,0.250000,SUCCESS,sync_sigmoid,sync_with_sensor1_matrix5
2026-05-22T01:32:11,97.3,30.0,sensor1_raspberry,5,TH0,4,0,107,154,20.000,20.757,1266190,1266324,134,6.700000,SUCCESS,sync_counter,sync_with_sensor2_IC1_TH0
2026-05-22T01:32:11,97.3,30.0,sensor2_serial,1,0,4,0,120,154,20.000,20.757,818431,818439,8,0.400000,SUCCESS,sync_sigmoid,sync_with_sensor1_matrix5
2026-05-22T01:32:34,97.3,30.0,sensor1_raspberry,5,TH0,4,0,107,153,20.000,20.761,1266338,1266490,152,7.600000,SUCCESS,sync_counter,sync_with_sensor2_IC1_TH0
2026-05-22T01:32:34,97.3,30.0,sensor2_serial,1,0,4,0,120,153,20.000,20.761,818495,818502,7,0.350000,SUCCESS,sync_sigmoid,sync_with_sensor1_matrix5
2026-05-22T01:32:56,97.3,30.0,sensor1_raspberry,5,TH0,4,0,107,152,20.000,20.744,1266506,1266637,131,6.550000,SUCCESS,sync_counter,sync_with_sensor2_IC1_TH0
2026-05-22T01:32:56,97.3,30.0,sensor2_serial,1,0,4,0,120,152,20.000,20.744,818554,818560,6,0.300000,SUCCESS,sync_sigmoid,sync_with_sensor1_matrix5
2026-05-22T01:33:19,97.3,30.0,sensor1_raspberry,5,TH0,4,0,107,151,20.000,20.761,1266655,1266791,136,6.800000,SUCCESS,sync_counter,sync_with_sensor2_IC1_TH0
2026-05-22T01:33:19,97.3,30.0,sensor2_serial,1,0,4,0,120,151,20.000,20.761,818614,818618,4,0.200000,SUCCESS,sync_sigmoid,sync_with_sensor1_matrix5
2026-05-22T01:33:42,97.3,30.0,sensor1_raspberry,5,TH0,4,0,107,150,20.000,20.700,1266807,1266971,164,8.200000,SUCCESS,sync_counter,sync_with_sensor2_IC1_TH0
2026-05-22T01:33:42,97.3,30.0,sensor2_serial,1,0,4,0,120,150,20.000,20.700,818660,818667,7,0.350000,SUCCESS,sync_sigmoid,sync_with_sensor1_matrix5
2026-05-22T01:34:05,97.3,30.0,sensor1_raspberry,5,TH0,4,0,107,149,20.000,20.700,1266985,1267134,149,7.450000,SUCCESS,sync_counter,sync_with_sensor2_IC1_TH0
2026-05-22T01:34:05,97.3,30.0,sensor2_serial,1,0,4,0,120,149,20.000,20.700,818715,818720,5,0.250000,SUCCESS,sync_sigmoid,sync_with_sensor1_matrix5
2026-05-22T01:34:28,97.3,30.0,sensor1_raspberry,5,TH0,4,0,107,148,20.000,20.768,1267149,1267309,160,8.000000,SUCCESS,sync_counter,sync_with_sensor2_IC1_TH0
2026-05-22T01:34:28,97.3,30.0,sensor2_serial,1,0,4,0,120,148,20.000,20.768,818766,818769,3,0.150000,SUCCESS,sync_sigmoid,sync_with_sensor1_matrix5
2026-05-22T01:34:51,97.3,30.0,sensor1_raspberry,5,TH0,4,0,107,147,20.000,20.731,1267320,1267475,155,7.750000,SUCCESS,sync_counter,sync_with_sensor2_IC1_TH0
2026-05-22T01:34:51,97.3,30.0,sensor2_serial,1,0,4,0,120,147,20.000,20.731,818812,818816,4,0.200000,SUCCESS,sync_sigmoid,sync_with_sensor1_matrix5
2026-05-22T01:35:13,97.3,30.0,sensor1_raspberry,5,TH0,4,0,107,146,20.000,20.740,1267487,1267641,154,7.700000,SUCCESS,sync_counter,sync_with_sensor2_IC1_TH0
2026-05-22T01:35:13,97.3,30.0,sensor2_serial,1,0,4,0,120,146,20.000,20.740,818863,818868,5,0.250000,SUCCESS,sync_sigmoid,sync_with_sensor1_matrix5
2026-05-22T01:35:36,97.3,30.0,sensor1_raspberry,5,TH0,4,0,107,145,20.000,20.731,1267659,1267789,130,6.500000,SUCCESS,sync_counter,sync_with_sensor2_IC1_TH0
2026-05-22T01:35:36,97.3,30.0,sensor2_serial,1,0,4,0,120,145,20.000,20.731,818922,818926,4,0.200000,SUCCESS,sync_sigmoid,sync_with_sensor1_matrix5
2026-05-22T01:35:59,97.3,30.0,sensor1_raspberry,5,TH0,4,0,107,144,20.000,20.753,1267807,1267961,154,7.700000,SUCCESS,sync_counter,sync_with_sensor2_IC1_TH0
2026-05-22T01:35:59,97.3,30.0,sensor2_serial,1,0,4,0,120,144,20.000,20.753,818966,818973,7,0.350000,SUCCESS,sync_sigmoid,sync_with_sensor1_matrix5
2026-05-22T01:36:22,97.3,30.0,sensor1_raspberry,5,TH0,4,0,107,143,20.000,20.766,1267974,1268115,141,7.050000,SUCCESS,sync_counter,sync_with_sensor2_IC1_TH0
2026-05-22T01:36:22,97.3,30.0,sensor2_serial,1,0,4,0,120,143,20.000,20.766,819011,819016,5,0.250000,SUCCESS,sync_sigmoid,sync_with_sensor1_matrix5
2026-05-22T01:36:45,97.3,30.0,sensor1_raspberry,5,TH0,4,0,107,142,20.000,20.741,1268129,1268266,137,6.850000,SUCCESS,sync_counter,sync_with_sensor2_IC1_TH0
2026-05-22T01:36:45,97.3,30.0,sensor2_serial,1,0,4,0,120,142,20.000,20.741,819053,819060,7,0.350000,SUCCESS,sync_sigmoid,sync_with_sensor1_matrix5
2026-05-22T01:37:08,97.3,30.0,sensor1_raspberry,5,TH0,4,0,107,141,20.000,20.729,1268280,1268414,134,6.700000,SUCCESS,sync_counter,sync_with_sensor2_IC1_TH0
2026-05-22T01:37:08,97.3,30.0,sensor2_serial,1,0,4,0,120,141,20.000,20.729,819087,819090,3,0.150000,SUCCESS,sync_sigmoid,sync_with_sensor1_matrix5
2026-05-22T01:37:31,97.3,30.0,sensor1_raspberry,5,TH0,4,0,107,140,20.000,20.737,1268428,1268556,128,6.400000,SUCCESS,sync_counter,sync_with_sensor2_IC1_TH0
2026-05-22T01:37:31,97.3,30.0,sensor2_serial,1,0,4,0,120,140,20.000,20.737,819136,819141,5,0.250000,SUCCESS,sync_sigmoid,sync_with_sensor1_matrix5
2026-05-22T01:37:54,97.3,30.0,sensor1_raspberry,5,TH0,4,0,107,139,20.000,20.763,1268571,1268701,130,6.500000,SUCCESS,sync_counter,sync_with_sensor2_IC1_TH0
2026-05-22T01:37:54,97.3,30.0,sensor2_serial,1,0,4,0,120,139,20.000,20.763,819169,819172,3,0.150000,SUCCESS,sync_sigmoid,sync_with_sensor1_matrix5
2026-05-22T01:38:16,97.3,30.0,sensor1_raspberry,5,TH0,4,0,107,138,20.000,20.718,1268710,1268834,124,6.200000,SUCCESS,sync_counter,sync_with_sensor2_IC1_TH0
2026-05-22T01:38:16,97.3,30.0,sensor2_serial,1,0,4,0,120,138,20.000,20.718,819197,819202,5,0.250000,SUCCESS,sync_sigmoid,sync_with_sensor1_matrix5
2026-05-22T01:38:39,97.3,30.0,sensor1_raspberry,5,TH0,4,0,107,137,20.000,20.764,1268848,1268990,142,7.100000,SUCCESS,sync_counter,sync_with_sensor2_IC1_TH0
2026-05-22T01:38:39,97.3,30.0,sensor2_serial,1,0,4,0,120,137,20.000,20.764,819236,819240,4,0.200000,SUCCESS,sync_sigmoid,sync_with_sensor1_matrix5
2026-05-22T01:39:02,97.3,30.0,sensor1_raspberry,5,TH0,4,0,107,136,20.000,20.749,1268999,1269127,128,6.400000,SUCCESS,sync_counter,sync_with_sensor2_IC1_TH0
2026-05-22T01:39:02,97.3,30.0,sensor2_serial,1,0,4,0,120,136,20.000,20.749,819266,819268,2,0.100000,SUCCESS,sync_sigmoid,sync_with_sensor1_matrix5
2026-05-22T01:39:25,97.3,30.0,sensor1_raspberry,5,TH0,4,0,107,135,20.000,20.773,1269140,1269262,122,6.100000,SUCCESS,sync_counter,sync_with_sensor2_IC1_TH0
2026-05-22T01:39:25,97.3,30.0,sensor2_serial,1,0,4,0,120,135,20.000,20.773,819298,819302,4,0.200000,SUCCESS,sync_sigmoid,sync_with_sensor1_matrix5
2026-05-22T01:39:48,97.3,30.0,sensor1_raspberry,5,TH0,4,0,107,134,20.000,20.754,1269279,1269387,108,5.400000,SUCCESS,sync_counter,sync_with_sensor2_IC1_TH0
2026-05-22T01:39:48,97.3,30.0,sensor2_serial,1,0,4,0,120,134,20.000,20.754,819325,819328,3,0.150000,SUCCESS,sync_sigmoid,sync_with_sensor1_matrix5
2026-05-22T01:40:11,97.3,30.0,sensor1_raspberry,5,TH0,4,0,107,133,20.000,20.788,1269403,1269505,102,5.100000,SUCCESS,sync_counter,sync_with_sensor2_IC1_TH0
2026-05-22T01:40:11,97.3,30.0,sensor2_serial,1,0,4,0,120,133,20.000,20.788,819349,819350,1,0.050000,SUCCESS,sync_sigmoid,sync_with_sensor1_matrix5
2026-05-22T01:40:33,97.3,30.0,sensor1_raspberry,5,TH0,4,0,107,132,20.000,20.752,1269523,1269643,120,6.000000,SUCCESS,sync_counter,sync_with_sensor2_IC1_TH0
2026-05-22T01:40:33,97.3,30.0,sensor2_serial,1,0,4,0,120,132,20.000,20.752,819363,819365,2,0.100000,SUCCESS,sync_sigmoid,sync_with_sensor1_matrix5
2026-05-22T01:40:56,97.3,30.0,sensor1_raspberry,5,TH0,4,0,107,131,20.000,20.738,1269655,1269775,120,6.000000,SUCCESS,sync_counter,sync_with_sensor2_IC1_TH0
2026-05-22T01:40:56,97.3,30.0,sensor2_serial,1,0,4,0,120,131,20.000,20.738,819390,819393,3,0.150000,SUCCESS,sync_sigmoid,sync_with_sensor1_matrix5
2026-05-22T01:41:19,97.3,30.0,sensor1_raspberry,5,TH0,4,0,107,130,20.000,20.749,1269786,1269896,110,5.500000,SUCCESS,sync_counter,sync_with_sensor2_IC1_TH0
2026-05-22T01:41:19,97.3,30.0,sensor2_serial,1,0,4,0,120,130,20.000,20.749,819414,819417,3,0.150000,SUCCESS,sync_sigmoid,sync_with_sensor1_matrix5
2026-05-22T01:41:42,97.3,30.0,sensor1_raspberry,5,TH0,4,0,107,129,20.000,20.725,1269906,1270008,102,5.100000,SUCCESS,sync_counter,sync_with_sensor2_IC1_TH0
2026-05-22T01:41:42,97.3,30.0,sensor2_serial,1,0,4,0,120,129,20.000,20.725,819435,819435,0,0.000000,SUCCESS,sync_sigmoid,sync_with_sensor1_matrix5
2026-05-22T01:42:05,97.3,30.0,sensor1_raspberry,5,TH0,4,0,107,128,20.000,20.688,1270016,1270114,98,4.900000,SUCCESS,sync_counter,sync_with_sensor2_IC1_TH0
2026-05-22T01:42:05,97.3,30.0,sensor2_serial,1,0,4,0,120,128,20.000,20.688,819453,819453,0,0.000000,SUCCESS,sync_sigmoid,sync_with_sensor1_matrix5
2026-05-22T01:42:28,97.3,30.0,sensor1_raspberry,5,TH0,4,0,107,255,20.000,20.748,1745783,9405932,7660149,383007.450000,SUCCESS,sync_counter,sync_with_sensor2_IC1_TH1
2026-05-22T01:42:28,97.3,30.0,sensor2_serial,1,1,5,1,120,255,20.000,20.748,10904118,12614767,1710649,85532.450000,SUCCESS,sync_sigmoid,sync_with_sensor1_matrix5
2026-05-22T01:42:50,97.3,30.0,sensor1_raspberry,5,TH0,4,0,107,254,20.000,20.731,10051385,15534607,5483222,274161.100000,SUCCESS,sync_counter,sync_with_sensor2_IC1_TH1
2026-05-22T01:42:50,97.3,30.0,sensor2_serial,1,1,5,1,120,254,20.000,20.731,12785673,14591647,1805974,90298.700000,SUCCESS,sync_sigmoid,sync_with_sensor1_matrix5
2026-05-22T01:43:13,97.3,30.0,sensor1_raspberry,5,TH0,4,0,107,253,20.000,20.700,15825604,423374,1374986,68749.300000,SUCCESS,sync_counter,sync_with_sensor2_IC1_TH1
2026-05-22T01:43:13,97.3,30.0,sensor2_serial,1,1,5,1,120,253,20.000,20.700,14761346,16655550,1894204,94710.200000,SUCCESS,sync_sigmoid,sync_with_sensor1_matrix5
2026-05-22T01:43:36,97.3,30.0,sensor1_raspberry,5,TH0,4,0,107,252,20.000,20.775,508829,1028254,519425,25971.250000,SUCCESS,sync_counter,sync_with_sensor2_IC1_TH1
2026-05-22T01:43:36,97.3,30.0,sensor2_serial,1,1,5,1,120,252,20.000,20.775,55097,2090113,2035016,101750.800000,SUCCESS,sync_sigmoid,sync_with_sensor1_matrix5
2026-05-22T01:43:59,97.3,30.0,sensor1_raspberry,5,TH0,4,0,107,251,20.000,20.748,1054965,1155955,100990,5049.500000,SUCCESS,sync_counter,sync_with_sensor2_IC1_TH1
2026-05-22T01:43:59,97.3,30.0,sensor2_serial,1,1,5,1,120,251,20.000,20.748,2285521,4514507,2228986,111449.300000,SUCCESS,sync_sigmoid,sync_with_sensor1_matrix5
2026-05-22T01:44:22,97.3,30.0,sensor1_raspberry,5,TH0,4,0,107,250,20.000,20.712,1162636,1193892,31256,1562.800000,SUCCESS,sync_counter,sync_with_sensor2_IC1_TH1
2026-05-22T01:44:22,97.3,30.0,sensor2_serial,1,1,5,1,120,250,20.000,20.712,4728496,7295776,2567280,128364.000000,SUCCESS,sync_sigmoid,sync_with_sensor1_matrix5
2026-05-22T01:44:45,97.3,30.0,sensor1_raspberry,5,TH0,4,0,107,249,20.000,20.722,1195223,1197628,2405,120.250000,SUCCESS,sync_counter,sync_with_sensor2_IC1_TH1
2026-05-22T01:44:45,97.3,30.0,sensor2_serial,1,1,5,1,120,249,20.000,20.722,7544099,10466776,2922677,146133.850000,SUCCESS,sync_sigmoid,sync_with_sensor1_matrix5
2026-05-22T01:45:08,97.3,30.0,sensor1_raspberry,5,TH0,4,0,107,248,20.000,20.754,1197773,1198400,627,31.350000,SUCCESS,sync_counter,sync_with_sensor2_IC1_TH1
2026-05-22T01:45:08,97.3,30.0,sensor2_serial,1,1,5,1,120,248,20.000,20.754,10736999,13717900,2980901,149045.050000,SUCCESS,sync_sigmoid,sync_with_sensor1_matrix5
2026-05-22T01:45:30,97.3,30.0,sensor1_raspberry,5,TH0,4,0,107,247,20.000,20.785,1198449,1198713,264,13.200000,SUCCESS,sync_counter,sync_with_sensor2_IC1_TH1
2026-05-22T01:45:30,97.3,30.0,sensor2_serial,1,1,5,1,120,247,20.000,20.785,14005311,16771453,2766142,138307.100000,SUCCESS,sync_sigmoid,sync_with_sensor1_matrix5
2026-05-22T01:45:53,97.3,30.0,sensor1_raspberry,5,TH0,4,0,107,246,20.000,20.744,1198749,1198965,216,10.800000,SUCCESS,sync_counter,sync_with_sensor2_IC1_TH1
2026-05-22T01:45:53,97.3,30.0,sensor2_serial,1,1,5,1,120,246,20.000,20.744,250835,2319522,2068687,103434.350000,SUCCESS,sync_sigmoid,sync_with_sensor1_matrix5
2026-05-22T01:46:16,97.3,30.0,sensor1_raspberry,5,TH0,4,0,107,245,20.000,20.717,1198982,1199174,192,9.600000,SUCCESS,sync_counter,sync_with_sensor2_IC1_TH1
2026-05-22T01:46:16,97.3,30.0,sensor2_serial,1,1,5,1,120,245,20.000,20.717,2514512,4010759,1496247,74812.350000,SUCCESS,sync_sigmoid,sync_with_sensor1_matrix5
2026-05-22T01:46:39,97.3,30.0,sensor1_raspberry,5,TH0,4,0,107,244,20.000,20.745,1199192,1199364,172,8.600000,SUCCESS,sync_counter,sync_with_sensor2_IC1_TH1
2026-05-22T01:46:39,97.3,30.0,sensor2_serial,1,1,5,1,120,244,20.000,20.745,4155017,5162682,1007665,50383.250000,SUCCESS,sync_sigmoid,sync_with_sensor1_matrix5
2026-05-22T01:47:02,97.3,30.0,sensor1_raspberry,5,TH0,4,0,107,243,20.000,20.744,1199389,1199561,172,8.600000,SUCCESS,sync_counter,sync_with_sensor2_IC1_TH1
2026-05-22T01:47:02,97.3,30.0,sensor2_serial,1,1,5,1,120,243,20.000,20.744,5257181,5967549,710368,35518.400000,SUCCESS,sync_sigmoid,sync_with_sensor1_matrix5
2026-05-22T01:47:25,97.3,30.0,sensor1_raspberry,5,TH0,4,0,107,242,20.000,20.762,1199576,1199753,177,8.850000,SUCCESS,sync_counter,sync_with_sensor2_IC1_TH1
2026-05-22T01:47:25,97.3,30.0,sensor2_serial,1,1,5,1,120,242,20.000,20.762,6034125,6431060,396935,19846.750000,SUCCESS,sync_sigmoid,sync_with_sensor1_matrix5
2026-05-22T01:47:48,97.3,30.0,sensor1_raspberry,5,TH0,4,0,107,241,20.000,20.744,1199769,1199949,180,9.000000,SUCCESS,sync_counter,sync_with_sensor2_IC1_TH1
2026-05-22T01:47:48,97.3,30.0,sensor2_serial,1,1,5,1,120,241,20.000,20.744,6465624,6595270,129646,6482.300000,SUCCESS,sync_sigmoid,sync_with_sensor1_matrix5
2026-05-22T01:48:10,97.3,30.0,sensor1_raspberry,5,TH0,4,0,107,240,20.000,20.748,1199961,1200142,181,9.050000,SUCCESS,sync_counter,sync_with_sensor2_IC1_TH1
2026-05-22T01:48:10,97.3,30.0,sensor2_serial,1,1,5,1,120,240,20.000,20.748,6609811,6684585,74774,3738.700000,SUCCESS,sync_sigmoid,sync_with_sensor1_matrix5
2026-05-22T01:48:33,97.3,30.0,sensor1_raspberry,5,TH0,4,0,107,239,20.000,20.704,1200162,1200339,177,8.850000,SUCCESS,sync_counter,sync_with_sensor2_IC1_TH1
2026-05-22T01:48:33,97.3,30.0,sensor2_serial,1,1,5,1,120,239,20.000,20.704,6693519,6752941,59422,2971.100000,SUCCESS,sync_sigmoid,sync_with_sensor1_matrix5
2026-05-22T01:48:56,97.3,30.0,sensor1_raspberry,5,TH0,4,0,107,238,20.000,20.748,1200351,1200539,188,9.400000,SUCCESS,sync_counter,sync_with_sensor2_IC1_TH1
2026-05-22T01:48:56,97.3,30.0,sensor2_serial,1,1,5,1,120,238,20.000,20.748,6757831,6778005,20174,1008.700000,SUCCESS,sync_sigmoid,sync_with_sensor1_matrix5
2026-05-22T01:49:19,97.3,30.0,sensor1_raspberry,5,TH0,4,0,107,237,20.000,20.738,1200552,1200724,172,8.600000,SUCCESS,sync_counter,sync_with_sensor2_IC1_TH1
2026-05-22T01:49:19,97.3,30.0,sensor2_serial,1,1,5,1,120,237,20.000,20.738,6779728,6787060,7332,366.600000,SUCCESS,sync_sigmoid,sync_with_sensor1_matrix5
2026-05-22T01:49:42,97.3,30.0,sensor1_raspberry,5,TH0,4,0,107,236,20.000,20.750,1200739,1200901,162,8.100000,SUCCESS,sync_counter,sync_with_sensor2_IC1_TH1
2026-05-22T01:49:42,97.3,30.0,sensor2_serial,1,1,5,1,120,236,20.000,20.750,6787682,6790533,2851,142.550000,SUCCESS,sync_sigmoid,sync_with_sensor1_matrix5
2026-05-22T01:50:05,97.3,30.0,sensor1_raspberry,5,TH0,4,0,107,235,20.000,20.776,1200917,1201090,173,8.650000,SUCCESS,sync_counter,sync_with_sensor2_IC1_TH1
2026-05-22T01:50:05,97.3,30.0,sensor2_serial,1,1,5,1,120,235,20.000,20.776,6790922,6793076,2154,107.700000,SUCCESS,sync_sigmoid,sync_with_sensor1_matrix5
2026-05-22T01:50:28,97.3,30.0,sensor1_raspberry,5,TH0,4,0,107,234,20.000,20.747,1201105,1201258,153,7.650000,SUCCESS,sync_counter,sync_with_sensor2_IC1_TH1
2026-05-22T01:50:28,97.3,30.0,sensor2_serial,1,1,5,1,120,234,20.000,20.747,6793306,6794109,803,40.150000,SUCCESS,sync_sigmoid,sync_with_sensor1_matrix5
2026-05-22T01:50:50,97.3,30.0,sensor1_raspberry,5,TH0,4,0,107,233,20.000,20.768,1201274,1201438,164,8.200000,SUCCESS,sync_counter,sync_with_sensor2_IC1_TH1
2026-05-22T01:50:50,97.3,30.0,sensor2_serial,1,1,5,1,120,233,20.000,20.768,6794175,6794524,349,17.450000,SUCCESS,sync_sigmoid,sync_with_sensor1_matrix5
2026-05-22T01:51:13,97.3,30.0,sensor1_raspberry,5,TH0,4,0,107,232,20.000,20.800,1201458,1201620,162,8.100000,SUCCESS,sync_counter,sync_with_sensor2_IC1_TH1
2026-05-22T01:51:13,97.3,30.0,sensor2_serial,1,1,5,1,120,232,20.000,20.800,6794571,6794773,202,10.100000,SUCCESS,sync_sigmoid,sync_with_sensor1_matrix5
2026-05-22T01:51:36,97.3,30.0,sensor1_raspberry,5,TH0,4,0,107,231,20.000,20.771,1201636,1201806,170,8.500000,SUCCESS,sync_counter,sync_with_sensor2_IC1_TH1
2026-05-22T01:51:36,97.3,30.0,sensor2_serial,1,1,5,1,120,231,20.000,20.771,6794816,6795002,186,9.300000,SUCCESS,sync_sigmoid,sync_with_sensor1_matrix5
2026-05-22T01:51:59,97.3,30.0,sensor1_raspberry,5,TH0,4,0,107,230,20.000,20.706,1201823,1201983,160,8.000000,SUCCESS,sync_counter,sync_with_sensor2_IC1_TH1
2026-05-22T01:51:59,97.3,30.0,sensor2_serial,1,1,5,1,120,230,20.000,20.706,6795030,6795202,172,8.600000,SUCCESS,sync_sigmoid,sync_with_sensor1_matrix5
2026-05-22T01:52:22,97.3,30.0,sensor1_raspberry,5,TH0,4,0,107,229,20.000,20.758,1202008,1202173,165,8.250000,SUCCESS,sync_counter,sync_with_sensor2_IC1_TH1
2026-05-22T01:52:22,97.3,30.0,sensor2_serial,1,1,5,1,120,229,20.000,20.758,6795236,6795373,137,6.850000,SUCCESS,sync_sigmoid,sync_with_sensor1_matrix5
2026-05-22T01:52:45,97.3,30.0,sensor1_raspberry,5,TH0,4,0,107,228,20.000,20.747,1202187,1202350,163,8.150000,SUCCESS,sync_counter,sync_with_sensor2_IC1_TH1
2026-05-22T01:52:45,97.3,30.0,sensor2_serial,1,1,5,1,120,228,20.000,20.747,6795405,6795570,165,8.250000,SUCCESS,sync_sigmoid,sync_with_sensor1_matrix5
2026-05-22T01:53:08,97.3,30.0,sensor1_raspberry,5,TH0,4,0,107,227,20.000,20.751,1202362,1202509,147,7.350000,SUCCESS,sync_counter,sync_with_sensor2_IC1_TH1
2026-05-22T01:53:08,97.3,30.0,sensor2_serial,1,1,5,1,120,227,20.000,20.751,6795598,6795732,134,6.700000,SUCCESS,sync_sigmoid,sync_with_sensor1_matrix5
2026-05-22T01:53:30,97.3,30.0,sensor1_raspberry,5,TH0,4,0,107,226,20.000,20.711,1202523,1202703,180,9.000000,SUCCESS,sync_counter,sync_with_sensor2_IC1_TH1
2026-05-22T01:53:30,97.3,30.0,sensor2_serial,1,1,5,1,120,226,20.000,20.711,6795771,6795916,145,7.250000,SUCCESS,sync_sigmoid,sync_with_sensor1_matrix5
2026-05-22T01:53:53,97.3,30.0,sensor1_raspberry,5,TH0,4,0,107,225,20.000,20.790,1202727,1202899,172,8.600000,SUCCESS,sync_counter,sync_with_sensor2_IC1_TH1
2026-05-22T01:53:53,97.3,30.0,sensor2_serial,1,1,5,1,120,225,20.000,20.790,6795946,6796089,143,7.150000,SUCCESS,sync_sigmoid,sync_with_sensor1_matrix5
2026-05-22T01:54:16,97.3,30.0,sensor1_raspberry,5,TH0,4,0,107,224,20.000,20.732,1202916,1203092,176,8.800000,SUCCESS,sync_counter,sync_with_sensor2_IC1_TH1
2026-05-22T01:54:16,97.3,30.0,sensor2_serial,1,1,5,1,120,224,20.000,20.732,6796112,6796271,159,7.950000,SUCCESS,sync_sigmoid,sync_with_sensor1_matrix5
2026-05-22T01:54:39,97.3,30.0,sensor1_raspberry,5,TH0,4,0,107,223,20.000,20.763,1203108,1203273,165,8.250000,SUCCESS,sync_counter,sync_with_sensor2_IC1_TH1
2026-05-22T01:54:39,97.3,30.0,sensor2_serial,1,1,5,1,120,223,20.000,20.763,6796300,6796463,163,8.150000,SUCCESS,sync_sigmoid,sync_with_sensor1_matrix5
2026-05-22T01:55:02,97.3,30.0,sensor1_raspberry,5,TH0,4,0,107,222,20.000,20.768,1203290,1203459,169,8.450000,SUCCESS,sync_counter,sync_with_sensor2_IC1_TH1
2026-05-22T01:55:02,97.3,30.0,sensor2_serial,1,1,5,1,120,222,20.000,20.768,6796484,6796630,146,7.300000,SUCCESS,sync_sigmoid,sync_with_sensor1_matrix5
2026-05-22T01:55:25,97.3,30.0,sensor1_raspberry,5,TH0,4,0,107,221,20.000,20.763,1203483,1203654,171,8.550000,SUCCESS,sync_counter,sync_with_sensor2_IC1_TH1
2026-05-22T01:55:25,97.3,30.0,sensor2_serial,1,1,5,1,120,221,20.000,20.763,6796650,6796786,136,6.800000,SUCCESS,sync_sigmoid,sync_with_sensor1_matrix5
2026-05-22T01:55:48,97.3,30.0,sensor1_raspberry,5,TH0,4,0,107,220,20.000,20.758,1203670,1203861,191,9.550000,SUCCESS,sync_counter,sync_with_sensor2_IC1_TH1
2026-05-22T01:55:48,97.3,30.0,sensor2_serial,1,1,5,1,120,220,20.000,20.758,6796807,6796959,152,7.600000,SUCCESS,sync_sigmoid,sync_with_sensor1_matrix5
2026-05-22T01:56:10,97.3,30.0,sensor1_raspberry,5,TH0,4,0,107,219,20.000,20.732,1203877,1204052,175,8.750000,SUCCESS,sync_counter,sync_with_sensor2_IC1_TH1
2026-05-22T01:56:10,97.3,30.0,sensor2_serial,1,1,5,1,120,219,20.000,20.732,6796990,6797152,162,8.100000,SUCCESS,sync_sigmoid,sync_with_sensor1_matrix5
2026-05-22T01:56:33,97.3,30.0,sensor1_raspberry,5,TH0,4,0,107,218,20.000,20.753,1204066,1204217,151,7.550000,SUCCESS,sync_counter,sync_with_sensor2_IC1_TH1
2026-05-22T01:56:33,97.3,30.0,sensor2_serial,1,1,5,1,120,218,20.000,20.753,6797179,6797310,131,6.550000,SUCCESS,sync_sigmoid,sync_with_sensor1_matrix5
2026-05-22T01:56:56,97.3,30.0,sensor1_raspberry,5,TH0,4,0,107,217,20.000,20.753,1204231,1204409,178,8.900000,SUCCESS,sync_counter,sync_with_sensor2_IC1_TH1
2026-05-22T01:56:56,97.3,30.0,sensor2_serial,1,1,5,1,120,217,20.000,20.753,6797329,6797479,150,7.500000,SUCCESS,sync_sigmoid,sync_with_sensor1_matrix5
2026-05-22T01:57:19,97.3,30.0,sensor1_raspberry,5,TH0,4,0,107,216,20.000,20.809,1204429,1204613,184,9.200000,SUCCESS,sync_counter,sync_with_sensor2_IC1_TH1
2026-05-22T01:57:19,97.3,30.0,sensor2_serial,1,1,5,1,120,216,20.000,20.809,6797500,6797623,123,6.150000,SUCCESS,sync_sigmoid,sync_with_sensor1_matrix5
2026-05-22T01:57:42,97.3,30.0,sensor1_raspberry,5,TH0,4,0,107,215,20.000,20.712,1204633,1204800,167,8.350000,SUCCESS,sync_counter,sync_with_sensor2_IC1_TH1
2026-05-22T01:57:42,97.3,30.0,sensor2_serial,1,1,5,1,120,215,20.000,20.712,6797639,6797777,138,6.900000,SUCCESS,sync_sigmoid,sync_with_sensor1_matrix5
2026-05-22T01:58:05,97.3,30.0,sensor1_raspberry,5,TH0,4,0,107,214,20.000,20.781,1204816,1204976,160,8.000000,SUCCESS,sync_counter,sync_with_sensor2_IC1_TH1
2026-05-22T01:58:05,97.3,30.0,sensor2_serial,1,1,5,1,120,214,20.000,20.781,6797795,6797927,132,6.600000,SUCCESS,sync_sigmoid,sync_with_sensor1_matrix5
2026-05-22T01:58:28,97.3,30.0,sensor1_raspberry,5,TH0,4,0,107,213,20.000,20.710,1204999,1205165,166,8.300000,SUCCESS,sync_counter,sync_with_sensor2_IC1_TH1
2026-05-22T01:58:28,97.3,30.0,sensor2_serial,1,1,5,1,120,213,20.000,20.710,6797941,6798064,123,6.150000,SUCCESS,sync_sigmoid,sync_with_sensor1_matrix5
2026-05-22T01:58:50,97.3,30.0,sensor1_raspberry,5,TH0,4,0,107,212,20.000,20.773,1205175,1205340,165,8.250000,SUCCESS,sync_counter,sync_with_sensor2_IC1_TH1
2026-05-22T01:58:50,97.3,30.0,sensor2_serial,1,1,5,1,120,212,20.000,20.773,6798085,6798211,126,6.300000,SUCCESS,sync_sigmoid,sync_with_sensor1_matrix5
2026-05-22T01:59:13,97.3,30.0,sensor1_raspberry,5,TH0,4,0,107,211,20.000,20.764,1205362,1205520,158,7.900000,SUCCESS,sync_counter,sync_with_sensor2_IC1_TH1
2026-05-22T01:59:13,97.3,30.0,sensor2_serial,1,1,5,1,120,211,20.000,20.764,6798233,6798372,139,6.950000,SUCCESS,sync_sigmoid,sync_with_sensor1_matrix5
2026-05-22T01:59:36,97.3,30.0,sensor1_raspberry,5,TH0,4,0,107,210,20.000,20.706,1205538,1205707,169,8.450000,SUCCESS,sync_counter,sync_with_sensor2_IC1_TH1
2026-05-22T01:59:36,97.3,30.0,sensor2_serial,1,1,5,1,120,210,20.000,20.706,6798384,6798527,143,7.150000,SUCCESS,sync_sigmoid,sync_with_sensor1_matrix5
2026-05-22T01:59:59,97.3,30.0,sensor1_raspberry,5,TH0,4,0,107,209,20.000,20.769,1205722,1205882,160,8.000000,SUCCESS,sync_counter,sync_with_sensor2_IC1_TH1
2026-05-22T01:59:59,97.3,30.0,sensor2_serial,1,1,5,1,120,209,20.000,20.769,6798540,6798679,139,6.950000,SUCCESS,sync_sigmoid,sync_with_sensor1_matrix5
2026-05-22T02:00:22,97.3,30.0,sensor1_raspberry,5,TH0,4,0,107,208,20.000,20.789,1205901,1206094,193,9.650000,SUCCESS,sync_counter,sync_with_sensor2_IC1_TH1
2026-05-22T02:00:22,97.3,30.0,sensor2_serial,1,1,5,1,120,208,20.000,20.789,6798696,6798833,137,6.850000,SUCCESS,sync_sigmoid,sync_with_sensor1_matrix5
2026-05-22T02:00:45,97.3,30.0,sensor1_raspberry,5,TH0,4,0,107,207,20.000,20.737,1206107,1206273,166,8.300000,SUCCESS,sync_counter,sync_with_sensor2_IC1_TH1
2026-05-22T02:00:45,97.3,30.0,sensor2_serial,1,1,5,1,120,207,20.000,20.737,6798847,6798977,130,6.500000,SUCCESS,sync_sigmoid,sync_with_sensor1_matrix5
2026-05-22T02:01:08,97.3,30.0,sensor1_raspberry,5,TH0,4,0,107,206,20.000,20.734,1206292,1206464,172,8.600000,SUCCESS,sync_counter,sync_with_sensor2_IC1_TH1
2026-05-22T02:01:08,97.3,30.0,sensor2_serial,1,1,5,1,120,206,20.000,20.734,6798992,6799132,140,7.000000,SUCCESS,sync_sigmoid,sync_with_sensor1_matrix5
2026-05-22T02:01:30,97.3,30.0,sensor1_raspberry,5,TH0,4,0,107,205,20.000,20.734,1206486,1206654,168,8.400000,SUCCESS,sync_counter,sync_with_sensor2_IC1_TH1
2026-05-22T02:01:30,97.3,30.0,sensor2_serial,1,1,5,1,120,205,20.000,20.734,6799146,6799268,122,6.100000,SUCCESS,sync_sigmoid,sync_with_sensor1_matrix5
2026-05-22T02:01:53,97.3,30.0,sensor1_raspberry,5,TH0,4,0,107,204,20.000,20.748,1206666,1206810,144,7.200000,SUCCESS,sync_counter,sync_with_sensor2_IC1_TH1
2026-05-22T02:01:53,97.3,30.0,sensor2_serial,1,1,5,1,120,204,20.000,20.748,6799283,6799432,149,7.450000,SUCCESS,sync_sigmoid,sync_with_sensor1_matrix5
2026-05-22T02:02:16,97.3,30.0,sensor1_raspberry,5,TH0,4,0,107,203,20.000,20.726,1206822,1207002,180,9.000000,SUCCESS,sync_counter,sync_with_sensor2_IC1_TH1
2026-05-22T02:02:16,97.3,30.0,sensor2_serial,1,1,5,1,120,203,20.000,20.726,6799444,6799579,135,6.750000,SUCCESS,sync_sigmoid,sync_with_sensor1_matrix5
2026-05-22T02:02:39,97.3,30.0,sensor1_raspberry,5,TH0,4,0,107,202,20.000,20.771,1207019,1207163,144,7.200000,SUCCESS,sync_counter,sync_with_sensor2_IC1_TH1
2026-05-22T02:02:39,97.3,30.0,sensor2_serial,1,1,5,1,120,202,20.000,20.771,6799599,6799721,122,6.100000,SUCCESS,sync_sigmoid,sync_with_sensor1_matrix5
2026-05-22T02:03:02,97.3,30.0,sensor1_raspberry,5,TH0,4,0,107,201,20.000,20.727,1207176,1207330,154,7.700000,SUCCESS,sync_counter,sync_with_sensor2_IC1_TH1
2026-05-22T02:03:02,97.3,30.0,sensor2_serial,1,1,5,1,120,201,20.000,20.727,6799738,6799873,135,6.750000,SUCCESS,sync_sigmoid,sync_with_sensor1_matrix5
2026-05-22T02:03:25,97.3,30.0,sensor1_raspberry,5,TH0,4,0,107,200,20.000,20.764,1207350,1207538,188,9.400000,SUCCESS,sync_counter,sync_with_sensor2_IC1_TH1
2026-05-22T02:03:25,97.3,30.0,sensor2_serial,1,1,5,1,120,200,20.000,20.764,6799890,6800022,132,6.600000,SUCCESS,sync_sigmoid,sync_with_sensor1_matrix5
2026-05-22T02:03:47,97.3,30.0,sensor1_raspberry,5,TH0,4,0,107,199,20.000,20.707,1207550,1207709,159,7.950000,SUCCESS,sync_counter,sync_with_sensor2_IC1_TH1
2026-05-22T02:03:47,97.3,30.0,sensor2_serial,1,1,5,1,120,199,20.000,20.707,6800039,6800156,117,5.850000,SUCCESS,sync_sigmoid,sync_with_sensor1_matrix5
2026-05-22T02:04:10,97.3,30.0,sensor1_raspberry,5,TH0,4,0,107,198,20.000,20.745,1207727,1207894,167,8.350000,SUCCESS,sync_counter,sync_with_sensor2_IC1_TH1
2026-05-22T02:04:10,97.3,30.0,sensor2_serial,1,1,5,1,120,198,20.000,20.745,6800168,6800263,95,4.750000,SUCCESS,sync_sigmoid,sync_with_sensor1_matrix5
2026-05-22T02:04:33,97.3,30.0,sensor1_raspberry,5,TH0,4,0,107,197,20.000,20.738,1207915,1208101,186,9.300000,SUCCESS,sync_counter,sync_with_sensor2_IC1_TH1
2026-05-22T02:04:33,97.3,30.0,sensor2_serial,1,1,5,1,120,197,20.000,20.738,6800277,6800396,119,5.950000,SUCCESS,sync_sigmoid,sync_with_sensor1_matrix5
2026-05-22T02:04:56,97.3,30.0,sensor1_raspberry,5,TH0,4,0,107,196,20.000,20.743,1208120,1208291,171,8.550000,SUCCESS,sync_counter,sync_with_sensor2_IC1_TH1
2026-05-22T02:04:56,97.3,30.0,sensor2_serial,1,1,5,1,120,196,20.000,20.743,6800408,6800525,117,5.850000,SUCCESS,sync_sigmoid,sync_with_sensor1_matrix5
2026-05-22T02:05:19,97.3,30.0,sensor1_raspberry,5,TH0,4,0,107,195,20.000,20.744,1208310,1208465,155,7.750000,SUCCESS,sync_counter,sync_with_sensor2_IC1_TH1
2026-05-22T02:05:19,97.3,30.0,sensor2_serial,1,1,5,1,120,195,20.000,20.744,6800537,6800654,117,5.850000,SUCCESS,sync_sigmoid,sync_with_sensor1_matrix5
2026-05-22T02:05:42,97.3,30.0,sensor1_raspberry,5,TH0,4,0,107,194,20.000,20.742,1208478,1208634,156,7.800000,SUCCESS,sync_counter,sync_with_sensor2_IC1_TH1
2026-05-22T02:05:42,97.3,30.0,sensor2_serial,1,1,5,1,120,194,20.000,20.742,6800667,6800781,114,5.700000,SUCCESS,sync_sigmoid,sync_with_sensor1_matrix5
2026-05-22T02:06:05,97.3,30.0,sensor1_raspberry,5,TH0,4,0,107,193,20.000,20.747,1208648,1208812,164,8.200000,SUCCESS,sync_counter,sync_with_sensor2_IC1_TH1
2026-05-22T02:06:05,97.3,30.0,sensor2_serial,1,1,5,1,120,193,20.000,20.747,6800793,6800909,116,5.800000,SUCCESS,sync_sigmoid,sync_with_sensor1_matrix5
2026-05-22T02:06:27,97.3,30.0,sensor1_raspberry,5,TH0,4,0,107,192,20.000,20.756,1208824,1209003,179,8.950000,SUCCESS,sync_counter,sync_with_sensor2_IC1_TH1
2026-05-22T02:06:27,97.3,30.0,sensor2_serial,1,1,5,1,120,192,20.000,20.756,6800923,6801045,122,6.100000,SUCCESS,sync_sigmoid,sync_with_sensor1_matrix5
2026-05-22T02:06:50,97.3,30.0,sensor1_raspberry,5,TH0,4,0,107,191,20.000,20.715,1209016,1209175,159,7.950000,SUCCESS,sync_counter,sync_with_sensor2_IC1_TH1
2026-05-22T02:06:50,97.3,30.0,sensor2_serial,1,1,5,1,120,191,20.000,20.715,6801056,6801166,110,5.500000,SUCCESS,sync_sigmoid,sync_with_sensor1_matrix5
2026-05-22T02:07:13,97.3,30.0,sensor1_raspberry,5,TH0,4,0,107,190,20.000,20.696,1209191,1209365,174,8.700000,SUCCESS,sync_counter,sync_with_sensor2_IC1_TH1
2026-05-22T02:07:13,97.3,30.0,sensor2_serial,1,1,5,1,120,190,20.000,20.696,6801175,6801269,94,4.700000,SUCCESS,sync_sigmoid,sync_with_sensor1_matrix5
2026-05-22T02:07:36,97.3,30.0,sensor1_raspberry,5,TH0,4,0,107,189,20.000,20.751,1209383,1209551,168,8.400000,SUCCESS,sync_counter,sync_with_sensor2_IC1_TH1
2026-05-22T02:07:36,97.3,30.0,sensor2_serial,1,1,5,1,120,189,20.000,20.751,6801280,6801395,115,5.750000,SUCCESS,sync_sigmoid,sync_with_sensor1_matrix5
2026-05-22T02:07:59,97.3,30.0,sensor1_raspberry,5,TH0,4,0,107,188,20.000,20.750,1209567,1209752,185,9.250000,SUCCESS,sync_counter,sync_with_sensor2_IC1_TH1
2026-05-22T02:07:59,97.3,30.0,sensor2_serial,1,1,5,1,120,188,20.000,20.750,6801411,6801519,108,5.400000,SUCCESS,sync_sigmoid,sync_with_sensor1_matrix5
2026-05-22T02:08:22,97.3,30.0,sensor1_raspberry,5,TH0,4,0,107,187,20.000,20.729,1209762,1209955,193,9.650000,SUCCESS,sync_counter,sync_with_sensor2_IC1_TH1
2026-05-22T02:08:22,97.3,30.0,sensor2_serial,1,1,5,1,120,187,20.000,20.729,6801532,6801649,117,5.850000,SUCCESS,sync_sigmoid,sync_with_sensor1_matrix5
2026-05-22T02:08:45,97.3,30.0,sensor1_raspberry,5,TH0,4,0,107,186,20.000,20.759,1209970,1210128,158,7.900000,SUCCESS,sync_counter,sync_with_sensor2_IC1_TH1
2026-05-22T02:08:45,97.3,30.0,sensor2_serial,1,1,5,1,120,186,20.000,20.759,6801664,6801781,117,5.850000,SUCCESS,sync_sigmoid,sync_with_sensor1_matrix5
2026-05-22T02:09:07,97.3,30.0,sensor1_raspberry,5,TH0,4,0,107,185,20.000,20.727,1210155,1210345,190,9.500000,SUCCESS,sync_counter,sync_with_sensor2_IC1_TH1
2026-05-22T02:09:07,97.3,30.0,sensor2_serial,1,1,5,1,120,185,20.000,20.727,6801792,6801915,123,6.150000,SUCCESS,sync_sigmoid,sync_with_sensor1_matrix5
2026-05-22T02:09:30,97.3,30.0,sensor1_raspberry,5,TH0,4,0,107,184,20.000,20.688,1210362,1210554,192,9.600000,SUCCESS,sync_counter,sync_with_sensor2_IC1_TH1
2026-05-22T02:09:30,97.3,30.0,sensor2_serial,1,1,5,1,120,184,20.000,20.688,6801926,6802050,124,6.200000,SUCCESS,sync_sigmoid,sync_with_sensor1_matrix5
2026-05-22T02:09:53,97.3,30.0,sensor1_raspberry,5,TH0,4,0,107,183,20.000,20.708,1210570,1210722,152,7.600000,SUCCESS,sync_counter,sync_with_sensor2_IC1_TH1
2026-05-22T02:09:53,97.3,30.0,sensor2_serial,1,1,5,1,120,183,20.000,20.708,6802061,6802178,117,5.850000,SUCCESS,sync_sigmoid,sync_with_sensor1_matrix5
2026-05-22T02:10:16,97.3,30.0,sensor1_raspberry,5,TH0,4,0,107,182,20.000,20.725,1210739,1210911,172,8.600000,SUCCESS,sync_counter,sync_with_sensor2_IC1_TH1
2026-05-22T02:10:16,97.3,30.0,sensor2_serial,1,1,5,1,120,182,20.000,20.725,6802192,6802308,116,5.800000,SUCCESS,sync_sigmoid,sync_with_sensor1_matrix5
2026-05-22T02:10:39,97.3,30.0,sensor1_raspberry,5,TH0,4,0,107,181,20.000,20.726,1210926,1211080,154,7.700000,SUCCESS,sync_counter,sync_with_sensor2_IC1_TH1
2026-05-22T02:10:39,97.3,30.0,sensor2_serial,1,1,5,1,120,181,20.000,20.726,6802322,6802438,116,5.800000,SUCCESS,sync_sigmoid,sync_with_sensor1_matrix5
2026-05-22T02:11:01,97.3,30.0,sensor1_raspberry,5,TH0,4,0,107,180,20.000,20.732,1211091,1211259,168,8.400000,SUCCESS,sync_counter,sync_with_sensor2_IC1_TH1
2026-05-22T02:11:01,97.3,30.0,sensor2_serial,1,1,5,1,120,180,20.000,20.732,6802455,6802547,92,4.600000,SUCCESS,sync_sigmoid,sync_with_sensor1_matrix5
2026-05-22T02:11:24,97.3,30.0,sensor1_raspberry,5,TH0,4,0,107,179,20.000,20.767,1211276,1211435,159,7.950000,SUCCESS,sync_counter,sync_with_sensor2_IC1_TH1
2026-05-22T02:11:24,97.3,30.0,sensor2_serial,1,1,5,1,120,179,20.000,20.767,6802567,6802647,80,4.000000,SUCCESS,sync_sigmoid,sync_with_sensor1_matrix5
2026-05-22T02:11:47,97.3,30.0,sensor1_raspberry,5,TH0,4,0,107,178,20.000,20.795,1211452,1211628,176,8.800000,SUCCESS,sync_counter,sync_with_sensor2_IC1_TH1
2026-05-22T02:11:47,97.3,30.0,sensor2_serial,1,1,5,1,120,178,20.000,20.795,6802658,6802758,100,5.000000,SUCCESS,sync_sigmoid,sync_with_sensor1_matrix5
2026-05-22T02:12:10,97.3,30.0,sensor1_raspberry,5,TH0,4,0,107,177,20.000,20.730,1211651,1211815,164,8.200000,SUCCESS,sync_counter,sync_with_sensor2_IC1_TH1
2026-05-22T02:12:10,97.3,30.0,sensor2_serial,1,1,5,1,120,177,20.000,20.730,6802771,6802885,114,5.700000,SUCCESS,sync_sigmoid,sync_with_sensor1_matrix5
2026-05-22T02:12:33,97.3,30.0,sensor1_raspberry,5,TH0,4,0,107,176,20.000,20.717,1211833,1211984,151,7.550000,SUCCESS,sync_counter,sync_with_sensor2_IC1_TH1
2026-05-22T02:12:33,97.3,30.0,sensor2_serial,1,1,5,1,120,176,20.000,20.717,6802894,6803004,110,5.500000,SUCCESS,sync_sigmoid,sync_with_sensor1_matrix5
2026-05-22T02:12:56,97.3,30.0,sensor1_raspberry,5,TH0,4,0,107,175,20.000,20.744,1212010,1212169,159,7.950000,SUCCESS,sync_counter,sync_with_sensor2_IC1_TH1
2026-05-22T02:12:56,97.3,30.0,sensor2_serial,1,1,5,1,120,175,20.000,20.744,6803020,6803135,115,5.750000,SUCCESS,sync_sigmoid,sync_with_sensor1_matrix5
2026-05-22T02:13:19,97.3,30.0,sensor1_raspberry,5,TH0,4,0,107,174,20.000,20.771,1212184,1212367,183,9.150000,SUCCESS,sync_counter,sync_with_sensor2_IC1_TH1
2026-05-22T02:13:19,97.3,30.0,sensor2_serial,1,1,5,1,120,174,20.000,20.771,6803144,6803247,103,5.150000,SUCCESS,sync_sigmoid,sync_with_sensor1_matrix5
2026-05-22T02:13:42,97.3,30.0,sensor1_raspberry,5,TH0,4,0,107,173,20.000,20.749,1212393,1212552,159,7.950000,SUCCESS,sync_counter,sync_with_sensor2_IC1_TH1
2026-05-22T02:13:42,97.3,30.0,sensor2_serial,1,1,5,1,120,173,20.000,20.749,6803256,6803338,82,4.100000,SUCCESS,sync_sigmoid,sync_with_sensor1_matrix5
2026-05-22T02:14:04,97.3,30.0,sensor1_raspberry,5,TH0,4,0,107,172,20.000,20.781,1212571,1212717,146,7.300000,SUCCESS,sync_counter,sync_with_sensor2_IC1_TH1
2026-05-22T02:14:04,97.3,30.0,sensor2_serial,1,1,5,1,120,172,20.000,20.781,6803352,6803447,95,4.750000,SUCCESS,sync_sigmoid,sync_with_sensor1_matrix5
2026-05-22T02:14:27,97.3,30.0,sensor1_raspberry,5,TH0,4,0,107,171,20.000,20.787,1212742,1212906,164,8.200000,SUCCESS,sync_counter,sync_with_sensor2_IC1_TH1
2026-05-22T02:14:27,97.3,30.0,sensor2_serial,1,1,5,1,120,171,20.000,20.787,6803456,6803537,81,4.050000,SUCCESS,sync_sigmoid,sync_with_sensor1_matrix5
2026-05-22T02:14:50,97.3,30.0,sensor1_raspberry,5,TH0,4,0,107,170,20.000,20.760,1212919,1213086,167,8.350000,SUCCESS,sync_counter,sync_with_sensor2_IC1_TH1
2026-05-22T02:14:50,97.3,30.0,sensor2_serial,1,1,5,1,120,170,20.000,20.760,6803547,6803642,95,4.750000,SUCCESS,sync_sigmoid,sync_with_sensor1_matrix5
2026-05-22T02:15:13,97.3,30.0,sensor1_raspberry,5,TH0,4,0,107,169,20.000,20.765,1213101,1213240,139,6.950000,SUCCESS,sync_counter,sync_with_sensor2_IC1_TH1
2026-05-22T02:15:13,97.3,30.0,sensor2_serial,1,1,5,1,120,169,20.000,20.765,6803658,6803754,96,4.800000,SUCCESS,sync_sigmoid,sync_with_sensor1_matrix5
2026-05-22T02:15:36,97.3,30.0,sensor1_raspberry,5,TH0,4,0,107,168,20.000,20.769,1213262,1213405,143,7.150000,SUCCESS,sync_counter,sync_with_sensor2_IC1_TH1
2026-05-22T02:15:36,97.3,30.0,sensor2_serial,1,1,5,1,120,168,20.000,20.769,6803759,6803857,98,4.900000,SUCCESS,sync_sigmoid,sync_with_sensor1_matrix5
2026-05-22T02:15:59,97.3,30.0,sensor1_raspberry,5,TH0,4,0,107,167,20.000,20.745,1213425,1213584,159,7.950000,SUCCESS,sync_counter,sync_with_sensor2_IC1_TH1
2026-05-22T02:15:59,97.3,30.0,sensor2_serial,1,1,5,1,120,167,20.000,20.745,6803866,6803959,93,4.650000,SUCCESS,sync_sigmoid,sync_with_sensor1_matrix5
2026-05-22T02:16:22,97.3,30.0,sensor1_raspberry,5,TH0,4,0,107,166,20.000,20.751,1213598,1213777,179,8.950000,SUCCESS,sync_counter,sync_with_sensor2_IC1_TH1
2026-05-22T02:16:22,97.3,30.0,sensor2_serial,1,1,5,1,120,166,20.000,20.751,6803965,6804053,88,4.400000,SUCCESS,sync_sigmoid,sync_with_sensor1_matrix5
2026-05-22T02:16:45,97.3,30.0,sensor1_raspberry,5,TH0,4,0,107,165,20.000,20.759,1213792,1213944,152,7.600000,SUCCESS,sync_counter,sync_with_sensor2_IC1_TH1
2026-05-22T02:16:45,97.3,30.0,sensor2_serial,1,1,5,1,120,165,20.000,20.759,6804060,6804149,89,4.450000,SUCCESS,sync_sigmoid,sync_with_sensor1_matrix5
2026-05-22T02:17:07,97.3,30.0,sensor1_raspberry,5,TH0,4,0,107,164,20.000,20.741,1213952,1214130,178,8.900000,SUCCESS,sync_counter,sync_with_sensor2_IC1_TH1
2026-05-22T02:17:07,97.3,30.0,sensor2_serial,1,1,5,1,120,164,20.000,20.741,6804151,6804226,75,3.750000,SUCCESS,sync_sigmoid,sync_with_sensor1_matrix5
2026-05-22T02:17:30,97.3,30.0,sensor1_raspberry,5,TH0,4,0,107,163,20.000,20.701,1214153,1214303,150,7.500000,SUCCESS,sync_counter,sync_with_sensor2_IC1_TH1
2026-05-22T02:17:30,97.3,30.0,sensor2_serial,1,1,5,1,120,163,20.000,20.701,6804235,6804319,84,4.200000,SUCCESS,sync_sigmoid,sync_with_sensor1_matrix5
2026-05-22T02:17:53,97.3,30.0,sensor1_raspberry,5,TH0,4,0,107,162,20.000,20.669,1214319,1214478,159,7.950000,SUCCESS,sync_counter,sync_with_sensor2_IC1_TH1
2026-05-22T02:17:53,97.3,30.0,sensor2_serial,1,1,5,1,120,162,20.000,20.669,6804325,6804401,76,3.800000,SUCCESS,sync_sigmoid,sync_with_sensor1_matrix5
2026-05-22T02:18:16,97.3,30.0,sensor1_raspberry,5,TH0,4,0,107,161,20.000,20.752,1214501,1214665,164,8.200000,SUCCESS,sync_counter,sync_with_sensor2_IC1_TH1
2026-05-22T02:18:16,97.3,30.0,sensor2_serial,1,1,5,1,120,161,20.000,20.752,6804407,6804501,94,4.700000,SUCCESS,sync_sigmoid,sync_with_sensor1_matrix5
2026-05-22T02:18:39,97.3,30.0,sensor1_raspberry,5,TH0,4,0,107,160,20.000,20.747,1214680,1214834,154,7.700000,SUCCESS,sync_counter,sync_with_sensor2_IC1_TH1
2026-05-22T02:18:39,97.3,30.0,sensor2_serial,1,1,5,1,120,160,20.000,20.747,6804505,6804576,71,3.550000,SUCCESS,sync_sigmoid,sync_with_sensor1_matrix5
2026-05-22T02:19:01,97.3,30.0,sensor1_raspberry,5,TH0,4,0,107,159,20.000,20.724,1214858,1215018,160,8.000000,SUCCESS,sync_counter,sync_with_sensor2_IC1_TH1
2026-05-22T02:19:01,97.3,30.0,sensor2_serial,1,1,5,1,120,159,20.000,20.724,6804580,6804649,69,3.450000,SUCCESS,sync_sigmoid,sync_with_sensor1_matrix5
2026-05-22T02:19:24,97.3,30.0,sensor1_raspberry,5,TH0,4,0,107,158,20.000,20.764,1215034,1215183,149,7.450000,SUCCESS,sync_counter,sync_with_sensor2_IC1_TH1
2026-05-22T02:19:24,97.3,30.0,sensor2_serial,1,1,5,1,120,158,20.000,20.764,6804652,6804731,79,3.950000,SUCCESS,sync_sigmoid,sync_with_sensor1_matrix5
2026-05-22T02:19:47,97.3,30.0,sensor1_raspberry,5,TH0,4,0,107,157,20.000,20.732,1215200,1215336,136,6.800000,SUCCESS,sync_counter,sync_with_sensor2_IC1_TH1
2026-05-22T02:19:47,97.3,30.0,sensor2_serial,1,1,5,1,120,157,20.000,20.732,6804741,6804813,72,3.600000,SUCCESS,sync_sigmoid,sync_with_sensor1_matrix5
2026-05-22T02:20:10,97.3,30.0,sensor1_raspberry,5,TH0,4,0,107,156,20.000,20.730,1215353,1215504,151,7.550000,SUCCESS,sync_counter,sync_with_sensor2_IC1_TH1
2026-05-22T02:20:10,97.3,30.0,sensor2_serial,1,1,5,1,120,156,20.000,20.730,6804816,6804887,71,3.550000,SUCCESS,sync_sigmoid,sync_with_sensor1_matrix5
2026-05-22T02:20:33,97.3,30.0,sensor1_raspberry,5,TH0,4,0,107,155,20.000,20.746,1215515,1215682,167,8.350000,SUCCESS,sync_counter,sync_with_sensor2_IC1_TH1
2026-05-22T02:20:33,97.3,30.0,sensor2_serial,1,1,5,1,120,155,20.000,20.746,6804891,6804969,78,3.900000,SUCCESS,sync_sigmoid,sync_with_sensor1_matrix5
2026-05-22T02:20:56,97.3,30.0,sensor1_raspberry,5,TH0,4,0,107,154,20.000,20.753,1215691,1215863,172,8.600000,SUCCESS,sync_counter,sync_with_sensor2_IC1_TH1
2026-05-22T02:20:56,97.3,30.0,sensor2_serial,1,1,5,1,120,154,20.000,20.753,6804973,6805037,64,3.200000,SUCCESS,sync_sigmoid,sync_with_sensor1_matrix5
2026-05-22T02:21:19,97.3,30.0,sensor1_raspberry,5,TH0,4,0,107,153,20.000,20.723,1215873,1216016,143,7.150000,SUCCESS,sync_counter,sync_with_sensor2_IC1_TH1
2026-05-22T02:21:19,97.3,30.0,sensor2_serial,1,1,5,1,120,153,20.000,20.723,6805045,6805107,62,3.100000,SUCCESS,sync_sigmoid,sync_with_sensor1_matrix5
2026-05-22T02:21:41,97.3,30.0,sensor1_raspberry,5,TH0,4,0,107,152,20.000,20.754,1216031,1216178,147,7.350000,SUCCESS,sync_counter,sync_with_sensor2_IC1_TH1
2026-05-22T02:21:41,97.3,30.0,sensor2_serial,1,1,5,1,120,152,20.000,20.754,6805112,6805178,66,3.300000,SUCCESS,sync_sigmoid,sync_with_sensor1_matrix5
2026-05-22T02:22:04,97.3,30.0,sensor1_raspberry,5,TH0,4,0,107,151,20.000,20.735,1216195,1216335,140,7.000000,SUCCESS,sync_counter,sync_with_sensor2_IC1_TH1
2026-05-22T02:22:04,97.3,30.0,sensor2_serial,1,1,5,1,120,151,20.000,20.735,6805185,6805239,54,2.700000,SUCCESS,sync_sigmoid,sync_with_sensor1_matrix5
2026-05-22T02:22:27,97.3,30.0,sensor1_raspberry,5,TH0,4,0,107,150,20.000,20.762,1216349,1216507,158,7.900000,SUCCESS,sync_counter,sync_with_sensor2_IC1_TH1
2026-05-22T02:22:27,97.3,30.0,sensor2_serial,1,1,5,1,120,150,20.000,20.762,6805245,6805300,55,2.750000,SUCCESS,sync_sigmoid,sync_with_sensor1_matrix5
2026-05-22T02:22:50,97.3,30.0,sensor1_raspberry,5,TH0,4,0,107,149,20.000,20.759,1216527,1216661,134,6.700000,SUCCESS,sync_counter,sync_with_sensor2_IC1_TH1
2026-05-22T02:22:50,97.3,30.0,sensor2_serial,1,1,5,1,120,149,20.000,20.759,6805308,6805357,49,2.450000,SUCCESS,sync_sigmoid,sync_with_sensor1_matrix5
2026-05-22T02:23:13,97.3,30.0,sensor1_raspberry,5,TH0,4,0,107,148,20.000,20.775,1216676,1216826,150,7.500000,SUCCESS,sync_counter,sync_with_sensor2_IC1_TH1
2026-05-22T02:23:13,97.3,30.0,sensor2_serial,1,1,5,1,120,148,20.000,20.775,6805359,6805416,57,2.850000,SUCCESS,sync_sigmoid,sync_with_sensor1_matrix5
2026-05-22T02:23:36,97.3,30.0,sensor1_raspberry,5,TH0,4,0,107,147,20.000,20.772,1216835,1216986,151,7.550000,SUCCESS,sync_counter,sync_with_sensor2_IC1_TH1
2026-05-22T02:23:36,97.3,30.0,sensor2_serial,1,1,5,1,120,147,20.000,20.772,6805421,6805465,44,2.200000,SUCCESS,sync_sigmoid,sync_with_sensor1_matrix5
2026-05-22T02:23:58,97.3,30.0,sensor1_raspberry,5,TH0,4,0,107,146,20.000,20.744,1217002,1217128,126,6.300000,SUCCESS,sync_counter,sync_with_sensor2_IC1_TH1
2026-05-22T02:23:58,97.3,30.0,sensor2_serial,1,1,5,1,120,146,20.000,20.744,6805471,6805517,46,2.300000,SUCCESS,sync_sigmoid,sync_with_sensor1_matrix5
2026-05-22T02:24:21,97.3,30.0,sensor1_raspberry,5,TH0,4,0,107,145,20.000,20.759,1217144,1217278,134,6.700000,SUCCESS,sync_counter,sync_with_sensor2_IC1_TH1
2026-05-22T02:24:21,97.3,30.0,sensor2_serial,1,1,5,1,120,145,20.000,20.759,6805518,6805566,48,2.400000,SUCCESS,sync_sigmoid,sync_with_sensor1_matrix5
2026-05-22T02:24:44,97.3,30.0,sensor1_raspberry,5,TH0,4,0,107,144,20.000,20.754,1217293,1217435,142,7.100000,SUCCESS,sync_counter,sync_with_sensor2_IC1_TH1
2026-05-22T02:24:44,97.3,30.0,sensor2_serial,1,1,5,1,120,144,20.000,20.754,6805572,6805614,42,2.100000,SUCCESS,sync_sigmoid,sync_with_sensor1_matrix5
2026-05-22T02:25:07,97.3,30.0,sensor1_raspberry,5,TH0,4,0,107,143,20.000,20.757,1217446,1217586,140,7.000000,SUCCESS,sync_counter,sync_with_sensor2_IC1_TH1
2026-05-22T02:25:07,97.3,30.0,sensor2_serial,1,1,5,1,120,143,20.000,20.757,6805621,6805661,40,2.000000,SUCCESS,sync_sigmoid,sync_with_sensor1_matrix5
2026-05-22T02:25:30,97.3,30.0,sensor1_raspberry,5,TH0,4,0,107,142,20.000,20.690,1217604,1217718,114,5.700000,SUCCESS,sync_counter,sync_with_sensor2_IC1_TH1
2026-05-22T02:25:30,97.3,30.0,sensor2_serial,1,1,5,1,120,142,20.000,20.690,6805665,6805710,45,2.250000,SUCCESS,sync_sigmoid,sync_with_sensor1_matrix5
2026-05-22T02:25:53,97.3,30.0,sensor1_raspberry,5,TH0,4,0,107,141,20.000,20.753,1217743,1217889,146,7.300000,SUCCESS,sync_counter,sync_with_sensor2_IC1_TH1
2026-05-22T02:25:53,97.3,30.0,sensor2_serial,1,1,5,1,120,141,20.000,20.753,6805714,6805743,29,1.450000,SUCCESS,sync_sigmoid,sync_with_sensor1_matrix5
2026-05-22T02:26:15,97.3,30.0,sensor1_raspberry,5,TH0,4,0,107,140,20.000,20.738,1217904,1218019,115,5.750000,SUCCESS,sync_counter,sync_with_sensor2_IC1_TH1
2026-05-22T02:26:15,97.3,30.0,sensor2_serial,1,1,5,1,120,140,20.000,20.738,6805751,6805783,32,1.600000,SUCCESS,sync_sigmoid,sync_with_sensor1_matrix5
2026-05-22T02:26:38,97.3,30.0,sensor1_raspberry,5,TH0,4,0,107,139,20.000,20.766,1218033,1218164,131,6.550000,SUCCESS,sync_counter,sync_with_sensor2_IC1_TH1
2026-05-22T02:26:38,97.3,30.0,sensor2_serial,1,1,5,1,120,139,20.000,20.766,6805787,6805820,33,1.650000,SUCCESS,sync_sigmoid,sync_with_sensor1_matrix5
2026-05-22T02:27:01,97.3,30.0,sensor1_raspberry,5,TH0,4,0,107,138,20.000,20.749,1218176,1218294,118,5.900000,SUCCESS,sync_counter,sync_with_sensor2_IC1_TH1
2026-05-22T02:27:01,97.3,30.0,sensor2_serial,1,1,5,1,120,138,20.000,20.749,6805823,6805862,39,1.950000,SUCCESS,sync_sigmoid,sync_with_sensor1_matrix5
2026-05-22T02:27:24,97.3,30.0,sensor1_raspberry,5,TH0,4,0,107,137,20.000,20.759,1218306,1218434,128,6.400000,SUCCESS,sync_counter,sync_with_sensor2_IC1_TH1
2026-05-22T02:27:24,97.3,30.0,sensor2_serial,1,1,5,1,120,137,20.000,20.759,6805866,6805900,34,1.700000,SUCCESS,sync_sigmoid,sync_with_sensor1_matrix5
2026-05-22T02:27:47,97.3,30.0,sensor1_raspberry,5,TH0,4,0,107,136,20.000,20.780,1218443,1218566,123,6.150000,SUCCESS,sync_counter,sync_with_sensor2_IC1_TH1
2026-05-22T02:27:47,97.3,30.0,sensor2_serial,1,1,5,1,120,136,20.000,20.780,6805901,6805928,27,1.350000,SUCCESS,sync_sigmoid,sync_with_sensor1_matrix5
2026-05-22T02:28:10,97.3,30.0,sensor1_raspberry,5,TH0,4,0,107,135,20.000,20.705,1218577,1218694,117,5.850000,SUCCESS,sync_counter,sync_with_sensor2_IC1_TH1
2026-05-22T02:28:10,97.3,30.0,sensor2_serial,1,1,5,1,120,135,20.000,20.705,6805937,6805954,17,0.850000,SUCCESS,sync_sigmoid,sync_with_sensor1_matrix5
2026-05-22T02:28:33,97.3,30.0,sensor1_raspberry,5,TH0,4,0,107,134,20.000,20.745,1218706,1218829,123,6.150000,SUCCESS,sync_counter,sync_with_sensor2_IC1_TH1
2026-05-22T02:28:33,97.3,30.0,sensor2_serial,1,1,5,1,120,134,20.000,20.745,6805957,6805984,27,1.350000,SUCCESS,sync_sigmoid,sync_with_sensor1_matrix5
2026-05-22T02:28:55,97.3,30.0,sensor1_raspberry,5,TH0,4,0,107,133,20.000,20.752,1218845,1218963,118,5.900000,SUCCESS,sync_counter,sync_with_sensor2_IC1_TH1
2026-05-22T02:28:55,97.3,30.0,sensor2_serial,1,1,5,1,120,133,20.000,20.752,6805985,6806016,31,1.550000,SUCCESS,sync_sigmoid,sync_with_sensor1_matrix5
2026-05-22T02:29:18,97.3,30.0,sensor1_raspberry,5,TH0,4,0,107,132,20.000,20.725,1218971,1219095,124,6.200000,SUCCESS,sync_counter,sync_with_sensor2_IC1_TH1
2026-05-22T02:29:18,97.3,30.0,sensor2_serial,1,1,5,1,120,132,20.000,20.725,6806017,6806033,16,0.800000,SUCCESS,sync_sigmoid,sync_with_sensor1_matrix5
2026-05-22T02:29:41,97.3,30.0,sensor1_raspberry,5,TH0,4,0,107,131,20.000,20.762,1219104,1219182,78,3.900000,SUCCESS,sync_counter,sync_with_sensor2_IC1_TH1
2026-05-22T02:29:41,97.3,30.0,sensor2_serial,1,1,5,1,120,131,20.000,20.762,6806037,6806062,25,1.250000,SUCCESS,sync_sigmoid,sync_with_sensor1_matrix5
2026-05-22T02:30:04,97.3,30.0,sensor1_raspberry,5,TH0,4,0,107,130,20.000,20.736,1219194,1219287,93,4.650000,SUCCESS,sync_counter,sync_with_sensor2_IC1_TH1
2026-05-22T02:30:04,97.3,30.0,sensor2_serial,1,1,5,1,120,130,20.000,20.736,6806063,6806086,23,1.150000,SUCCESS,sync_sigmoid,sync_with_sensor1_matrix5
2026-05-22T02:30:27,97.3,30.0,sensor1_raspberry,5,TH0,4,0,107,129,20.000,20.761,1219299,1219400,101,5.050000,SUCCESS,sync_counter,sync_with_sensor2_IC1_TH1
2026-05-22T02:30:27,97.3,30.0,sensor2_serial,1,1,5,1,120,129,20.000,20.761,6806089,6806116,27,1.350000,SUCCESS,sync_sigmoid,sync_with_sensor1_matrix5
2026-05-22T02:30:50,97.3,30.0,sensor1_raspberry,5,TH0,4,0,107,128,20.000,20.757,1219416,1219533,117,5.850000,SUCCESS,sync_counter,sync_with_sensor2_IC1_TH1
2026-05-22T02:30:50,97.3,30.0,sensor2_serial,1,1,5,1,120,128,20.000,20.757,6806118,6806131,13,0.650000,SUCCESS,sync_sigmoid,sync_with_sensor1_matrix5
2026-05-22T02:31:13,97.3,30.0,sensor1_raspberry,5,TH0,4,0,107,127,20.000,20.738,1219542,1219640,98,4.900000,SUCCESS,sync_counter,sync_with_sensor2_IC1_TH1
2026-05-22T02:31:13,97.3,30.0,sensor2_serial,1,1,5,1,120,127,20.000,20.738,6806132,6806158,26,1.300000,SUCCESS,sync_sigmoid,sync_with_sensor1_matrix5
2026-05-22T02:31:35,97.3,30.0,sensor1_raspberry,5,TH0,4,0,107,126,20.000,20.742,1219649,1219743,94,4.700000,SUCCESS,sync_counter,sync_with_sensor2_IC1_TH1
2026-05-22T02:31:35,97.3,30.0,sensor2_serial,1,1,5,1,120,126,20.000,20.742,6806159,6806177,18,0.900000,SUCCESS,sync_sigmoid,sync_with_sensor1_matrix5
2026-05-22T02:31:58,97.3,30.0,sensor1_raspberry,5,TH0,4,0,107,125,20.000,20.781,1219751,1219847,96,4.800000,SUCCESS,sync_counter,sync_with_sensor2_IC1_TH1
2026-05-22T02:31:58,97.3,30.0,sensor2_serial,1,1,5,1,120,125,20.000,20.781,6806178,6806204,26,1.300000,SUCCESS,sync_sigmoid,sync_with_sensor1_matrix5
2026-05-22T02:32:21,97.3,30.0,sensor1_raspberry,5,TH0,4,0,107,124,20.000,20.730,1219863,1219959,96,4.800000,SUCCESS,sync_counter,sync_with_sensor2_IC1_TH1
2026-05-22T02:32:21,97.3,30.0,sensor2_serial,1,1,5,1,120,124,20.000,20.730,6806210,6806230,20,1.000000,SUCCESS,sync_sigmoid,sync_with_sensor1_matrix5
2026-05-22T02:32:44,97.3,30.0,sensor1_raspberry,5,TH0,4,0,107,123,20.000,20.745,1219970,1220056,86,4.300000,SUCCESS,sync_counter,sync_with_sensor2_IC1_TH1
2026-05-22T02:32:44,97.3,30.0,sensor2_serial,1,1,5,1,120,123,20.000,20.745,6806231,6806249,18,0.900000,SUCCESS,sync_sigmoid,sync_with_sensor1_matrix5
2026-05-22T02:33:07,97.3,30.0,sensor1_raspberry,5,TH0,4,0,107,122,20.000,20.772,1220064,1220148,84,4.200000,SUCCESS,sync_counter,sync_with_sensor2_IC1_TH1
2026-05-22T02:33:07,97.3,30.0,sensor2_serial,1,1,5,1,120,122,20.000,20.772,6806249,6806266,17,0.850000,SUCCESS,sync_sigmoid,sync_with_sensor1_matrix5
2026-05-22T02:33:30,97.3,30.0,sensor1_raspberry,5,TH0,4,0,107,121,20.000,20.754,1220153,1220227,74,3.700000,SUCCESS,sync_counter,sync_with_sensor2_IC1_TH1
2026-05-22T02:33:30,97.3,30.0,sensor2_serial,1,1,5,1,120,121,20.000,20.754,6806268,6806276,8,0.400000,SUCCESS,sync_sigmoid,sync_with_sensor1_matrix5
2026-05-22T02:33:53,97.3,30.0,sensor1_raspberry,5,TH0,4,0,107,120,20.000,20.766,1220232,1220313,81,4.050000,SUCCESS,sync_counter,sync_with_sensor2_IC1_TH1
2026-05-22T02:33:53,97.3,30.0,sensor2_serial,1,1,5,1,120,120,20.000,20.766,6806276,6806288,12,0.600000,SUCCESS,sync_sigmoid,sync_with_sensor1_matrix5
2026-05-22T02:34:15,97.3,30.0,sensor1_raspberry,5,TH0,4,0,107,119,20.000,20.767,1220318,1220379,61,3.050000,SUCCESS,sync_counter,sync_with_sensor2_IC1_TH1
2026-05-22T02:34:15,97.3,30.0,sensor2_serial,1,1,5,1,120,119,20.000,20.767,6806288,6806300,12,0.600000,SUCCESS,sync_sigmoid,sync_with_sensor1_matrix5
2026-05-22T02:34:38,97.3,30.0,sensor1_raspberry,5,TH0,4,0,107,118,20.000,20.786,1220394,1220456,62,3.100000,SUCCESS,sync_counter,sync_with_sensor2_IC1_TH1
2026-05-22T02:34:38,97.3,30.0,sensor2_serial,1,1,5,1,120,118,20.000,20.786,6806301,6806307,6,0.300000,SUCCESS,sync_sigmoid,sync_with_sensor1_matrix5
2026-05-22T02:35:01,97.3,30.0,sensor1_raspberry,5,TH0,4,0,107,117,20.000,20.769,1220463,1220527,64,3.200000,SUCCESS,sync_counter,sync_with_sensor2_IC1_TH1
2026-05-22T02:35:01,97.3,30.0,sensor2_serial,1,1,5,1,120,117,20.000,20.769,6806307,6806316,9,0.450000,SUCCESS,sync_sigmoid,sync_with_sensor1_matrix5
2026-05-22T02:35:24,97.3,30.0,sensor1_raspberry,5,TH0,4,0,107,116,20.000,20.795,1220533,1220605,72,3.600000,SUCCESS,sync_counter,sync_with_sensor2_IC1_TH1
2026-05-22T02:35:24,97.3,30.0,sensor2_serial,1,1,5,1,120,116,20.000,20.795,6806317,6806328,11,0.550000,SUCCESS,sync_sigmoid,sync_with_sensor1_matrix5
2026-05-22T02:35:47,97.3,30.0,sensor1_raspberry,5,TH0,4,0,107,115,20.000,20.738,1220613,1220676,63,3.150000,SUCCESS,sync_counter,sync_with_sensor2_IC1_TH1
2026-05-22T02:35:47,97.3,30.0,sensor2_serial,1,1,5,1,120,115,20.000,20.738,6806329,6806335,6,0.300000,SUCCESS,sync_sigmoid,sync_with_sensor1_matrix5
2026-05-22T02:36:10,97.3,30.0,sensor1_raspberry,5,TH0,4,0,107,114,20.000,20.757,1220680,1220730,50,2.500000,SUCCESS,sync_counter,sync_with_sensor2_IC1_TH1
2026-05-22T02:36:10,97.3,30.0,sensor2_serial,1,1,5,1,120,114,20.000,20.757,6806336,6806345,9,0.450000,SUCCESS,sync_sigmoid,sync_with_sensor1_matrix5
2026-05-22T02:36:33,97.3,30.0,sensor1_raspberry,5,TH0,4,0,107,113,20.000,20.751,1220736,1220792,56,2.800000,SUCCESS,sync_counter,sync_with_sensor2_IC1_TH1
2026-05-22T02:36:33,97.3,30.0,sensor2_serial,1,1,5,1,120,113,20.000,20.751,6806345,6806353,8,0.400000,SUCCESS,sync_sigmoid,sync_with_sensor1_matrix5
2026-05-22T02:36:56,97.3,30.0,sensor1_raspberry,5,TH0,4,0,107,112,20.000,20.767,1220797,1220849,52,2.600000,SUCCESS,sync_counter,sync_with_sensor2_IC1_TH1
2026-05-22T02:36:56,97.3,30.0,sensor2_serial,1,1,5,1,120,112,20.000,20.767,6806356,6806363,7,0.350000,SUCCESS,sync_sigmoid,sync_with_sensor1_matrix5
2026-05-22T02:37:18,97.3,30.0,sensor1_raspberry,5,TH0,4,0,107,111,20.000,20.749,1220855,1220898,43,2.150000,SUCCESS,sync_counter,sync_with_sensor2_IC1_TH1
2026-05-22T02:37:18,97.3,30.0,sensor2_serial,1,1,5,1,120,111,20.000,20.749,6806363,6806376,13,0.650000,SUCCESS,sync_sigmoid,sync_with_sensor1_matrix5
2026-05-22T02:37:41,97.3,30.0,sensor1_raspberry,5,TH0,4,0,107,110,20.000,20.736,1220905,1220947,42,2.100000,SUCCESS,sync_counter,sync_with_sensor2_IC1_TH1
2026-05-22T02:37:41,97.3,30.0,sensor2_serial,1,1,5,1,120,110,20.000,20.736,6806376,6806383,7,0.350000,SUCCESS,sync_sigmoid,sync_with_sensor1_matrix5
2026-05-22T02:38:04,97.3,30.0,sensor1_raspberry,5,TH0,4,0,107,109,20.000,20.764,1220953,1220994,41,2.050000,SUCCESS,sync_counter,sync_with_sensor2_IC1_TH1
2026-05-22T02:38:04,97.3,30.0,sensor2_serial,1,1,5,1,120,109,20.000,20.764,6806384,6806393,9,0.450000,SUCCESS,sync_sigmoid,sync_with_sensor1_matrix5
2026-05-22T02:38:27,97.3,30.0,sensor1_raspberry,5,TH0,4,0,107,108,20.000,20.746,1220995,1221025,30,1.500000,SUCCESS,sync_counter,sync_with_sensor2_IC1_TH1
2026-05-22T02:38:27,97.3,30.0,sensor2_serial,1,1,5,1,120,108,20.000,20.746,6806393,6806400,7,0.350000,SUCCESS,sync_sigmoid,sync_with_sensor1_matrix5
2026-05-22T02:38:50,97.3,30.0,sensor1_raspberry,5,TH0,4,0,107,107,20.000,20.725,1221031,1221057,26,1.300000,SUCCESS,sync_counter,sync_with_sensor2_IC1_TH1
2026-05-22T02:38:50,97.3,30.0,sensor2_serial,1,1,5,1,120,107,20.000,20.725,6806400,6806406,6,0.300000,SUCCESS,sync_sigmoid,sync_with_sensor1_matrix5
2026-05-22T02:39:13,97.3,30.0,sensor1_raspberry,5,TH0,4,0,107,106,20.000,20.753,1221059,1221081,22,1.100000,SUCCESS,sync_counter,sync_with_sensor2_IC1_TH1
2026-05-22T02:39:13,97.3,30.0,sensor2_serial,1,1,5,1,120,106,20.000,20.753,6806406,6806408,2,0.100000,SUCCESS,sync_sigmoid,sync_with_sensor1_matrix5
2026-05-22T02:39:36,97.3,30.0,sensor1_raspberry,5,TH0,4,0,107,105,20.000,20.760,1221083,1221107,24,1.200000,SUCCESS,sync_counter,sync_with_sensor2_IC1_TH1
2026-05-22T02:39:36,97.3,30.0,sensor2_serial,1,1,5,1,120,105,20.000,20.760,6806409,6806410,1,0.050000,SUCCESS,sync_sigmoid,sync_with_sensor1_matrix5
2026-05-22T02:39:58,97.3,30.0,sensor1_raspberry,5,TH0,4,0,107,104,20.000,20.740,1221108,1221130,22,1.100000,SUCCESS,sync_counter,sync_with_sensor2_IC1_TH1
2026-05-22T02:39:58,97.3,30.0,sensor2_serial,1,1,5,1,120,104,20.000,20.740,6806410,6806411,1,0.050000,SUCCESS,sync_sigmoid,sync_with_sensor1_matrix5
2026-05-22T02:40:21,97.3,30.0,sensor1_raspberry,5,TH0,4,0,107,103,20.000,20.776,1221130,1221147,17,0.850000,SUCCESS,sync_counter,sync_with_sensor2_IC1_TH1
2026-05-22T02:40:21,97.3,30.0,sensor2_serial,1,1,5,1,120,103,20.000,20.776,6806412,6806414,2,0.100000,SUCCESS,sync_sigmoid,sync_with_sensor1_matrix5
2026-05-22T02:40:44,97.3,30.0,sensor1_raspberry,5,TH0,4,0,107,102,20.000,20.691,1221150,1221171,21,1.050000,SUCCESS,sync_counter,sync_with_sensor2_IC1_TH1
2026-05-22T02:40:44,97.3,30.0,sensor2_serial,1,1,5,1,120,102,20.000,20.691,6806414,6806416,2,0.100000,SUCCESS,sync_sigmoid,sync_with_sensor1_matrix5
2026-05-22T02:41:07,97.3,30.0,sensor1_raspberry,5,TH0,4,0,107,101,20.000,20.809,1221172,1221184,12,0.600000,SUCCESS,sync_counter,sync_with_sensor2_IC1_TH1
2026-05-22T02:41:07,97.3,30.0,sensor2_serial,1,1,5,1,120,101,20.000,20.809,6806417,6806417,0,0.000000,SUCCESS,sync_sigmoid,sync_with_sensor1_matrix5
2026-05-22T02:41:30,97.3,30.0,sensor1_raspberry,5,TH0,4,0,107,100,20.000,20.701,1221184,1221196,12,0.600000,SUCCESS,sync_counter,sync_with_sensor2_IC1_TH1
2026-05-22T02:41:30,97.3,30.0,sensor2_serial,1,1,5,1,120,100,20.000,20.701,6806417,6806419,2,0.100000,SUCCESS,sync_sigmoid,sync_with_sensor1_matrix5
2026-05-22T02:41:53,97.3,30.0,sensor1_raspberry,5,TH0,4,0,107,99,20.000,20.740,1221197,1221203,6,0.300000,SUCCESS,sync_counter,sync_with_sensor2_IC1_TH1
2026-05-22T02:41:53,97.3,30.0,sensor2_serial,1,1,5,1,120,99,20.000,20.740,6806420,6806422,2,0.100000,SUCCESS,sync_sigmoid,sync_with_sensor1_matrix5
2026-05-22T02:42:15,97.3,30.0,sensor1_raspberry,5,TH0,4,0,107,98,20.000,20.750,1221204,1221212,8,0.400000,SUCCESS,sync_counter,sync_with_sensor2_IC1_TH1
2026-05-22T02:42:15,97.3,30.0,sensor2_serial,1,1,5,1,120,98,20.000,20.750,6806422,6806423,1,0.050000,SUCCESS,sync_sigmoid,sync_with_sensor1_matrix5
2026-05-22T02:42:38,97.3,30.0,sensor1_raspberry,5,TH0,4,0,107,97,20.000,20.794,1221213,1221218,5,0.250000,SUCCESS,sync_counter,sync_with_sensor2_IC1_TH1
2026-05-22T02:42:38,97.3,30.0,sensor2_serial,1,1,5,1,120,97,20.000,20.794,6806423,6806425,2,0.100000,SUCCESS,sync_sigmoid,sync_with_sensor1_matrix5
2026-05-22T02:43:01,97.3,30.0,sensor1_raspberry,5,TH0,4,0,107,96,20.000,20.720,1221219,1221231,12,0.600000,SUCCESS,sync_counter,sync_with_sensor2_IC1_TH1
2026-05-22T02:43:01,97.3,30.0,sensor2_serial,1,1,5,1,120,96,20.000,20.720,6806425,6806426,1,0.050000,SUCCESS,sync_sigmoid,sync_with_sensor1_matrix5
2026-05-22T02:43:24,97.3,30.0,sensor1_raspberry,5,TH0,4,0,107,95,20.000,20.740,1221232,1221236,4,0.200000,SUCCESS,sync_counter,sync_with_sensor2_IC1_TH1
2026-05-22T02:43:24,97.3,30.0,sensor2_serial,1,1,5,1,120,95,20.000,20.740,6806426,6806426,0,0.000000,SUCCESS,sync_sigmoid,sync_with_sensor1_matrix5
2026-05-22T02:43:47,97.3,30.0,sensor1_raspberry,5,TH0,4,0,107,94,20.000,20.737,1221237,1221242,5,0.250000,SUCCESS,sync_counter,sync_with_sensor2_IC1_TH1
2026-05-22T02:43:47,97.3,30.0,sensor2_serial,1,1,5,1,120,94,20.000,20.737,6806426,6806427,1,0.050000,SUCCESS,sync_sigmoid,sync_with_sensor1_matrix5
2026-05-22T02:44:10,97.3,30.0,sensor1_raspberry,5,TH0,4,0,107,93,20.000,20.779,1221243,1221244,1,0.050000,SUCCESS,sync_counter,sync_with_sensor2_IC1_TH1
2026-05-22T02:44:10,97.3,30.0,sensor2_serial,1,1,5,1,120,93,20.000,20.779,6806427,6806429,2,0.100000,SUCCESS,sync_sigmoid,sync_with_sensor1_matrix5
2026-05-22T02:44:33,97.3,30.0,sensor1_raspberry,5,TH0,4,0,107,255,20.000,20.750,1703593,9307358,7603765,380188.250000,SUCCESS,sync_counter,sync_with_sensor2_IC1_TH2
2026-05-22T02:44:33,97.3,30.0,sensor2_serial,1,2,6,2,120,255,20.000,20.750,6475651,8226649,1750998,87549.900000,SUCCESS,sync_sigmoid,sync_with_sensor1_matrix5
2026-05-22T02:44:55,97.3,30.0,sensor1_raspberry,5,TH0,4,0,107,254,20.000,20.778,9934281,15435701,5501420,275071.000000,SUCCESS,sync_counter,sync_with_sensor2_IC1_TH2
2026-05-22T02:44:55,97.3,30.0,sensor2_serial,1,2,6,2,120,254,20.000,20.778,8397887,10222383,1824496,91224.800000,SUCCESS,sync_sigmoid,sync_with_sensor1_matrix5
2026-05-22T02:45:18,97.3,30.0,sensor1_raspberry,5,TH0,4,0,107,253,20.000,20.753,15730121,326867,1373962,68698.100000,SUCCESS,sync_counter,sync_with_sensor2_IC1_TH2
2026-05-22T02:45:18,97.3,30.0,sensor2_serial,1,2,6,2,120,253,20.000,20.753,10400673,12257812,1857139,92856.950000,SUCCESS,sync_sigmoid,sync_with_sensor1_matrix5
2026-05-22T02:45:41,97.3,30.0,sensor1_raspberry,5,TH0,4,0,107,252,20.000,20.757,408662,915394,506732,25336.600000,SUCCESS,sync_counter,sync_with_sensor2_IC1_TH2
2026-05-22T02:45:41,97.3,30.0,sensor2_serial,1,2,6,2,120,252,20.000,20.757,12445527,14426192,1980665,99033.250000,SUCCESS,sync_sigmoid,sync_with_sensor1_matrix5
2026-05-22T02:46:04,97.3,30.0,sensor1_raspberry,5,TH0,4,0,107,251,20.000,20.738,939660,1034304,94644,4732.200000,SUCCESS,sync_counter,sync_with_sensor2_IC1_TH2
2026-05-22T02:46:04,97.3,30.0,sensor2_serial,1,2,6,2,120,251,20.000,20.738,14607900,16549754,1941854,97092.700000,SUCCESS,sync_sigmoid,sync_with_sensor1_matrix5
2026-05-22T02:46:27,97.3,30.0,sensor1_raspberry,5,TH0,4,0,107,250,20.000,20.732,1039949,1068510,28561,1428.050000,SUCCESS,sync_counter,sync_with_sensor2_IC1_TH2
2026-05-22T02:46:27,97.3,30.0,sensor2_serial,1,2,6,2,120,250,20.000,20.732,16743651,2177760,2211325,110566.250000,SUCCESS,sync_sigmoid,sync_with_sensor1_matrix5
2026-05-22T02:46:50,97.3,30.0,sensor1_raspberry,5,TH0,4,0,107,249,20.000,20.746,1069752,1071830,2078,103.900000,SUCCESS,sync_counter,sync_with_sensor2_IC1_TH2
2026-05-22T02:46:50,97.3,30.0,sensor2_serial,1,2,6,2,120,249,20.000,20.746,2406439,5028098,2621659,131082.950000,SUCCESS,sync_sigmoid,sync_with_sensor1_matrix5
2026-05-22T02:47:13,97.3,30.0,sensor1_raspberry,5,TH0,4,0,107,248,20.000,20.685,1071971,1072695,724,36.200000,SUCCESS,sync_counter,sync_with_sensor2_IC1_TH2
2026-05-22T02:47:13,97.3,30.0,sensor2_serial,1,2,6,2,120,248,20.000,20.685,5279455,8202316,2922861,146143.050000,SUCCESS,sync_sigmoid,sync_with_sensor1_matrix5
2026-05-22T02:47:35,97.3,30.0,sensor1_raspberry,5,TH0,4,0,107,247,20.000,20.695,1072738,1073036,298,14.900000,SUCCESS,sync_counter,sync_with_sensor2_IC1_TH2
2026-05-22T02:47:35,97.3,30.0,sensor2_serial,1,2,6,2,120,247,20.000,20.695,8473835,11493137,3019302,150965.100000,SUCCESS,sync_sigmoid,sync_with_sensor1_matrix5
2026-05-22T02:47:58,97.3,30.0,sensor1_raspberry,5,TH0,4,0,107,246,20.000,20.776,1073058,1073242,184,9.200000,SUCCESS,sync_counter,sync_with_sensor2_IC1_TH2
2026-05-22T02:47:58,97.3,30.0,sensor2_serial,1,2,6,2,120,246,20.000,20.776,11781489,14451229,2669740,133487.000000,SUCCESS,sync_sigmoid,sync_with_sensor1_matrix5
2026-05-22T02:48:21,97.3,30.0,sensor1_raspberry,5,TH0,4,0,107,245,20.000,20.738,1073269,1073445,176,8.800000,SUCCESS,sync_counter,sync_with_sensor2_IC1_TH2
2026-05-22T02:48:21,97.3,30.0,sensor2_serial,1,2,6,2,120,245,20.000,20.738,14707068,65893,2136041,106802.050000,SUCCESS,sync_sigmoid,sync_with_sensor1_matrix5
2026-05-22T02:48:44,97.3,30.0,sensor1_raspberry,5,TH0,4,0,107,244,20.000,20.727,1073462,1073657,195,9.750000,SUCCESS,sync_counter,sync_with_sensor2_IC1_TH2
2026-05-22T02:48:44,97.3,30.0,sensor2_serial,1,2,6,2,120,244,20.000,20.727,270701,1737165,1466464,73323.200000,SUCCESS,sync_sigmoid,sync_with_sensor1_matrix5
2026-05-22T02:49:07,97.3,30.0,sensor1_raspberry,5,TH0,4,0,107,243,20.000,20.752,1073671,1073860,189,9.450000,SUCCESS,sync_counter,sync_with_sensor2_IC1_TH2
2026-05-22T02:49:07,97.3,30.0,sensor2_serial,1,2,6,2,120,243,20.000,20.752,1885820,3082104,1196284,59814.200000,SUCCESS,sync_sigmoid,sync_with_sensor1_matrix5
2026-05-22T02:49:30,97.3,30.0,sensor1_raspberry,5,TH0,4,0,107,242,20.000,20.703,1073874,1074047,173,8.650000,SUCCESS,sync_counter,sync_with_sensor2_IC1_TH2
2026-05-22T02:49:30,97.3,30.0,sensor2_serial,1,2,6,2,120,242,20.000,20.703,3193183,3841107,647924,32396.200000,SUCCESS,sync_sigmoid,sync_with_sensor1_matrix5
2026-05-22T02:49:52,97.3,30.0,sensor1_raspberry,5,TH0,4,0,107,241,20.000,20.728,1074063,1074247,184,9.200000,SUCCESS,sync_counter,sync_with_sensor2_IC1_TH2
2026-05-22T02:49:52,97.3,30.0,sensor2_serial,1,2,6,2,120,241,20.000,20.728,3902975,4247508,344533,17226.650000,SUCCESS,sync_sigmoid,sync_with_sensor1_matrix5
2026-05-22T02:50:15,97.3,30.0,sensor1_raspberry,5,TH0,4,0,107,240,20.000,20.756,1074269,1074454,185,9.250000,SUCCESS,sync_counter,sync_with_sensor2_IC1_TH2
2026-05-22T02:50:15,97.3,30.0,sensor2_serial,1,2,6,2,120,240,20.000,20.756,4273782,4434032,160250,8012.500000,SUCCESS,sync_sigmoid,sync_with_sensor1_matrix5
2026-05-22T02:50:38,97.3,30.0,sensor1_raspberry,5,TH0,4,0,107,239,20.000,20.772,1074467,1074650,183,9.150000,SUCCESS,sync_counter,sync_with_sensor2_IC1_TH2
2026-05-22T02:50:38,97.3,30.0,sensor2_serial,1,2,6,2,120,239,20.000,20.772,4452946,4551696,98750,4937.500000,SUCCESS,sync_sigmoid,sync_with_sensor1_matrix5
2026-05-22T02:51:01,97.3,30.0,sensor1_raspberry,5,TH0,4,0,107,238,20.000,20.735,1074667,1074842,175,8.750000,SUCCESS,sync_counter,sync_with_sensor2_IC1_TH2
2026-05-22T02:51:01,97.3,30.0,sensor2_serial,1,2,6,2,120,238,20.000,20.735,4562050,4602650,40600,2030.000000,SUCCESS,sync_sigmoid,sync_with_sensor1_matrix5
2026-05-22T02:51:24,97.3,30.0,sensor1_raspberry,5,TH0,4,0,107,237,20.000,20.759,1074856,1075021,165,8.250000,SUCCESS,sync_counter,sync_with_sensor2_IC1_TH2
2026-05-22T02:51:24,97.3,30.0,sensor2_serial,1,2,6,2,120,237,20.000,20.759,4607047,4628333,21286,1064.300000,SUCCESS,sync_sigmoid,sync_with_sensor1_matrix5
2026-05-22T02:51:47,97.3,30.0,sensor1_raspberry,5,TH0,4,0,107,236,20.000,20.755,1075042,1075224,182,9.100000,SUCCESS,sync_counter,sync_with_sensor2_IC1_TH2
2026-05-22T02:51:47,97.3,30.0,sensor2_serial,1,2,6,2,120,236,20.000,20.755,4630094,4636589,6495,324.750000,SUCCESS,sync_sigmoid,sync_with_sensor1_matrix5
2026-05-22T02:52:09,97.3,30.0,sensor1_raspberry,5,TH0,4,0,107,235,20.000,20.693,1075236,1075409,173,8.650000,SUCCESS,sync_counter,sync_with_sensor2_IC1_TH2
2026-05-22T02:52:09,97.3,30.0,sensor2_serial,1,2,6,2,120,235,20.000,20.693,4637308,4641187,3879,193.950000,SUCCESS,sync_sigmoid,sync_with_sensor1_matrix5
2026-05-22T02:52:32,97.3,30.0,sensor1_raspberry,5,TH0,4,0,107,234,20.000,20.742,1075427,1075619,192,9.600000,SUCCESS,sync_counter,sync_with_sensor2_IC1_TH2
2026-05-22T02:52:32,97.3,30.0,sensor2_serial,1,2,6,2,120,234,20.000,20.742,4641604,4643502,1898,94.900000,SUCCESS,sync_sigmoid,sync_with_sensor1_matrix5
2026-05-22T02:52:55,97.3,30.0,sensor1_raspberry,5,TH0,4,0,107,233,20.000,20.711,1075632,1075827,195,9.750000,SUCCESS,sync_counter,sync_with_sensor2_IC1_TH2
2026-05-22T02:52:55,97.3,30.0,sensor2_serial,1,2,6,2,120,233,20.000,20.711,4643676,4644461,785,39.250000,SUCCESS,sync_sigmoid,sync_with_sensor1_matrix5
2026-05-22T02:53:18,97.3,30.0,sensor1_raspberry,5,TH0,4,0,107,232,20.000,20.720,1075854,1076031,177,8.850000,SUCCESS,sync_counter,sync_with_sensor2_IC1_TH2
2026-05-22T02:53:18,97.3,30.0,sensor2_serial,1,2,6,2,120,232,20.000,20.720,4644567,4644949,382,19.100000,SUCCESS,sync_sigmoid,sync_with_sensor1_matrix5
2026-05-22T02:53:41,97.3,30.0,sensor1_raspberry,5,TH0,4,0,107,231,20.000,20.700,1076047,1076226,179,8.950000,SUCCESS,sync_counter,sync_with_sensor2_IC1_TH2
2026-05-22T02:53:41,97.3,30.0,sensor2_serial,1,2,6,2,120,231,20.000,20.700,4644990,4645177,187,9.350000,SUCCESS,sync_sigmoid,sync_with_sensor1_matrix5
2026-05-22T02:54:04,97.3,30.0,sensor1_raspberry,5,TH0,4,0,107,230,20.000,20.786,1076247,1076433,186,9.300000,SUCCESS,sync_counter,sync_with_sensor2_IC1_TH2
2026-05-22T02:54:04,97.3,30.0,sensor2_serial,1,2,6,2,120,230,20.000,20.786,4645211,4645406,195,9.750000,SUCCESS,sync_sigmoid,sync_with_sensor1_matrix5
2026-05-22T02:54:26,97.3,30.0,sensor1_raspberry,5,TH0,4,0,107,229,20.000,20.736,1076446,1076597,151,7.550000,SUCCESS,sync_counter,sync_with_sensor2_IC1_TH2
2026-05-22T02:54:26,97.3,30.0,sensor2_serial,1,2,6,2,120,229,20.000,20.736,4645446,4645594,148,7.400000,SUCCESS,sync_sigmoid,sync_with_sensor1_matrix5
2026-05-22T02:54:49,97.3,30.0,sensor1_raspberry,5,TH0,4,0,107,228,20.000,20.756,1076618,1076796,178,8.900000,SUCCESS,sync_counter,sync_with_sensor2_IC1_TH2
2026-05-22T02:54:49,97.3,30.0,sensor2_serial,1,2,6,2,120,228,20.000,20.756,4645630,4645782,152,7.600000,SUCCESS,sync_sigmoid,sync_with_sensor1_matrix5
2026-05-22T02:55:12,97.3,30.0,sensor1_raspberry,5,TH0,4,0,107,227,20.000,20.765,1076811,1076985,174,8.700000,SUCCESS,sync_counter,sync_with_sensor2_IC1_TH2
2026-05-22T02:55:12,97.3,30.0,sensor2_serial,1,2,6,2,120,227,20.000,20.765,4645809,4645981,172,8.600000,SUCCESS,sync_sigmoid,sync_with_sensor1_matrix5
2026-05-22T02:55:35,97.3,30.0,sensor1_raspberry,5,TH0,4,0,107,226,20.000,20.771,1077005,1077184,179,8.950000,SUCCESS,sync_counter,sync_with_sensor2_IC1_TH2
2026-05-22T02:55:35,97.3,30.0,sensor2_serial,1,2,6,2,120,226,20.000,20.771,4646017,4646168,151,7.550000,SUCCESS,sync_sigmoid,sync_with_sensor1_matrix5
2026-05-22T02:55:58,97.3,30.0,sensor1_raspberry,5,TH0,4,0,107,225,20.000,20.732,1077203,1077362,159,7.950000,SUCCESS,sync_counter,sync_with_sensor2_IC1_TH2
2026-05-22T02:55:58,97.3,30.0,sensor2_serial,1,2,6,2,120,225,20.000,20.732,4646195,4646338,143,7.150000,SUCCESS,sync_sigmoid,sync_with_sensor1_matrix5
2026-05-22T02:56:21,97.3,30.0,sensor1_raspberry,5,TH0,4,0,107,224,20.000,20.785,1077377,1077537,160,8.000000,SUCCESS,sync_counter,sync_with_sensor2_IC1_TH2
2026-05-22T02:56:21,97.3,30.0,sensor2_serial,1,2,6,2,120,224,20.000,20.785,4646362,4646514,152,7.600000,SUCCESS,sync_sigmoid,sync_with_sensor1_matrix5
2026-05-22T02:56:44,97.3,30.0,sensor1_raspberry,5,TH0,4,0,107,223,20.000,20.756,1077559,1077745,186,9.300000,SUCCESS,sync_counter,sync_with_sensor2_IC1_TH2
2026-05-22T02:56:44,97.3,30.0,sensor2_serial,1,2,6,2,120,223,20.000,20.756,4646537,4646674,137,6.850000,SUCCESS,sync_sigmoid,sync_with_sensor1_matrix5
2026-05-22T02:57:06,97.3,30.0,sensor1_raspberry,5,TH0,4,0,107,222,20.000,20.769,1077759,1077934,175,8.750000,SUCCESS,sync_counter,sync_with_sensor2_IC1_TH2
2026-05-22T02:57:06,97.3,30.0,sensor2_serial,1,2,6,2,120,222,20.000,20.769,4646698,4646838,140,7.000000,SUCCESS,sync_sigmoid,sync_with_sensor1_matrix5
2026-05-22T02:57:29,97.3,30.0,sensor1_raspberry,5,TH0,4,0,107,221,20.000,20.722,1077955,1078130,175,8.750000,SUCCESS,sync_counter,sync_with_sensor2_IC1_TH2
2026-05-22T02:57:29,97.3,30.0,sensor2_serial,1,2,6,2,120,221,20.000,20.722,4646859,4646999,140,7.000000,SUCCESS,sync_sigmoid,sync_with_sensor1_matrix5
2026-05-22T02:57:52,97.3,30.0,sensor1_raspberry,5,TH0,4,0,107,220,20.000,20.747,1078141,1078311,170,8.500000,SUCCESS,sync_counter,sync_with_sensor2_IC1_TH2
2026-05-22T02:57:52,97.3,30.0,sensor2_serial,1,2,6,2,120,220,20.000,20.747,4647023,4647168,145,7.250000,SUCCESS,sync_sigmoid,sync_with_sensor1_matrix5
2026-05-22T02:58:15,97.3,30.0,sensor1_raspberry,5,TH0,4,0,107,219,20.000,20.779,1078329,1078529,200,10.000000,SUCCESS,sync_counter,sync_with_sensor2_IC1_TH2
2026-05-22T02:58:15,97.3,30.0,sensor2_serial,1,2,6,2,120,219,20.000,20.779,4647196,4647334,138,6.900000,SUCCESS,sync_sigmoid,sync_with_sensor1_matrix5
2026-05-22T02:58:38,97.3,30.0,sensor1_raspberry,5,TH0,4,0,107,218,20.000,20.755,1078544,1078686,142,7.100000,SUCCESS,sync_counter,sync_with_sensor2_IC1_TH2
2026-05-22T02:58:38,97.3,30.0,sensor2_serial,1,2,6,2,120,218,20.000,20.755,4647352,4647527,175,8.750000,SUCCESS,sync_sigmoid,sync_with_sensor1_matrix5
2026-05-22T02:59:01,97.3,30.0,sensor1_raspberry,5,TH0,4,0,107,217,20.000,20.682,1078702,1078865,163,8.150000,SUCCESS,sync_counter,sync_with_sensor2_IC1_TH2
2026-05-22T02:59:01,97.3,30.0,sensor2_serial,1,2,6,2,120,217,20.000,20.682,4647552,4647711,159,7.950000,SUCCESS,sync_sigmoid,sync_with_sensor1_matrix5
2026-05-22T02:59:23,97.3,30.0,sensor1_raspberry,5,TH0,4,0,107,216,20.000,20.762,1078885,1079047,162,8.100000,SUCCESS,sync_counter,sync_with_sensor2_IC1_TH2
2026-05-22T02:59:23,97.3,30.0,sensor2_serial,1,2,6,2,120,216,20.000,20.762,4647735,4647885,150,7.500000,SUCCESS,sync_sigmoid,sync_with_sensor1_matrix5
2026-05-22T02:59:46,97.3,30.0,sensor1_raspberry,5,TH0,4,0,107,215,20.000,20.744,1079066,1079227,161,8.050000,SUCCESS,sync_counter,sync_with_sensor2_IC1_TH2
2026-05-22T02:59:46,97.3,30.0,sensor2_serial,1,2,6,2,120,215,20.000,20.744,4647905,4648045,140,7.000000,SUCCESS,sync_sigmoid,sync_with_sensor1_matrix5
2026-05-22T03:00:09,97.3,30.0,sensor1_raspberry,5,TH0,4,0,107,214,20.000,20.768,1079241,1079425,184,9.200000,SUCCESS,sync_counter,sync_with_sensor2_IC1_TH2
2026-05-22T03:00:09,97.3,30.0,sensor2_serial,1,2,6,2,120,214,20.000,20.768,4648068,4648187,119,5.950000,SUCCESS,sync_sigmoid,sync_with_sensor1_matrix5
2026-05-22T03:00:32,97.3,30.0,sensor1_raspberry,5,TH0,4,0,107,213,20.000,20.764,1079442,1079616,174,8.700000,SUCCESS,sync_counter,sync_with_sensor2_IC1_TH2
2026-05-22T03:00:32,97.3,30.0,sensor2_serial,1,2,6,2,120,213,20.000,20.764,4648211,4648336,125,6.250000,SUCCESS,sync_sigmoid,sync_with_sensor1_matrix5
2026-05-22T03:00:55,97.3,30.0,sensor1_raspberry,5,TH0,4,0,107,212,20.000,20.767,1079644,1079820,176,8.800000,SUCCESS,sync_counter,sync_with_sensor2_IC1_TH2
2026-05-22T03:00:55,97.3,30.0,sensor2_serial,1,2,6,2,120,212,20.000,20.767,4648356,4648490,134,6.700000,SUCCESS,sync_sigmoid,sync_with_sensor1_matrix5
2026-05-22T03:01:18,97.3,30.0,sensor1_raspberry,5,TH0,4,0,107,211,20.000,20.752,1079833,1080005,172,8.600000,SUCCESS,sync_counter,sync_with_sensor2_IC1_TH2
2026-05-22T03:01:18,97.3,30.0,sensor2_serial,1,2,6,2,120,211,20.000,20.752,4648513,4648644,131,6.550000,SUCCESS,sync_sigmoid,sync_with_sensor1_matrix5
2026-05-22T03:01:41,97.3,30.0,sensor1_raspberry,5,TH0,4,0,107,210,20.000,20.749,1080015,1080190,175,8.750000,SUCCESS,sync_counter,sync_with_sensor2_IC1_TH2
2026-05-22T03:01:41,97.3,30.0,sensor2_serial,1,2,6,2,120,210,20.000,20.749,4648666,4648779,113,5.650000,SUCCESS,sync_sigmoid,sync_with_sensor1_matrix5
2026-05-22T03:02:04,97.3,30.0,sensor1_raspberry,5,TH0,4,0,107,209,20.000,20.769,1080206,1080385,179,8.950000,SUCCESS,sync_counter,sync_with_sensor2_IC1_TH2
2026-05-22T03:02:04,97.3,30.0,sensor2_serial,1,2,6,2,120,209,20.000,20.769,4648795,4648933,138,6.900000,SUCCESS,sync_sigmoid,sync_with_sensor1_matrix5
2026-05-22T03:02:26,97.3,30.0,sensor1_raspberry,5,TH0,4,0,107,208,20.000,20.762,1080401,1080587,186,9.300000,SUCCESS,sync_counter,sync_with_sensor2_IC1_TH2
2026-05-22T03:02:26,97.3,30.0,sensor2_serial,1,2,6,2,120,208,20.000,20.762,4648951,4649111,160,8.000000,SUCCESS,sync_sigmoid,sync_with_sensor1_matrix5
2026-05-22T03:02:49,97.3,30.0,sensor1_raspberry,5,TH0,4,0,107,207,20.000,20.761,1080606,1080796,190,9.500000,SUCCESS,sync_counter,sync_with_sensor2_IC1_TH2
2026-05-22T03:02:49,97.3,30.0,sensor2_serial,1,2,6,2,120,207,20.000,20.761,4649138,4649275,137,6.850000,SUCCESS,sync_sigmoid,sync_with_sensor1_matrix5
2026-05-22T03:03:12,97.3,30.0,sensor1_raspberry,5,TH0,4,0,107,206,20.000,20.746,1080816,1080983,167,8.350000,SUCCESS,sync_counter,sync_with_sensor2_IC1_TH2
2026-05-22T03:03:12,97.3,30.0,sensor2_serial,1,2,6,2,120,206,20.000,20.746,4649291,4649448,157,7.850000,SUCCESS,sync_sigmoid,sync_with_sensor1_matrix5
2026-05-22T03:03:35,97.3,30.0,sensor1_raspberry,5,TH0,4,0,107,205,20.000,20.717,1080994,1081170,176,8.800000,SUCCESS,sync_counter,sync_with_sensor2_IC1_TH2
2026-05-22T03:03:35,97.3,30.0,sensor2_serial,1,2,6,2,120,205,20.000,20.717,4649464,4649586,122,6.100000,SUCCESS,sync_sigmoid,sync_with_sensor1_matrix5
2026-05-22T03:03:58,97.3,30.0,sensor1_raspberry,5,TH0,4,0,107,204,20.000,20.760,1081186,1081346,160,8.000000,SUCCESS,sync_counter,sync_with_sensor2_IC1_TH2
2026-05-22T03:03:58,97.3,30.0,sensor2_serial,1,2,6,2,120,204,20.000,20.760,4649597,4649722,125,6.250000,SUCCESS,sync_sigmoid,sync_with_sensor1_matrix5
2026-05-22T03:04:21,97.3,30.0,sensor1_raspberry,5,TH0,4,0,107,203,20.000,20.750,1081363,1081528,165,8.250000,SUCCESS,sync_counter,sync_with_sensor2_IC1_TH2
2026-05-22T03:04:21,97.3,30.0,sensor2_serial,1,2,6,2,120,203,20.000,20.750,4649742,4649869,127,6.350000,SUCCESS,sync_sigmoid,sync_with_sensor1_matrix5
2026-05-22T03:04:43,97.3,30.0,sensor1_raspberry,5,TH0,4,0,107,202,20.000,20.698,1081544,1081717,173,8.650000,SUCCESS,sync_counter,sync_with_sensor2_IC1_TH2
2026-05-22T03:04:43,97.3,30.0,sensor2_serial,1,2,6,2,120,202,20.000,20.698,4649884,4650008,124,6.200000,SUCCESS,sync_sigmoid,sync_with_sensor1_matrix5
2026-05-22T03:05:06,97.3,30.0,sensor1_raspberry,5,TH0,4,0,107,201,20.000,20.774,1081729,1081889,160,8.000000,SUCCESS,sync_counter,sync_with_sensor2_IC1_TH2
2026-05-22T03:05:06,97.3,30.0,sensor2_serial,1,2,6,2,120,201,20.000,20.774,4650023,4650147,124,6.200000,SUCCESS,sync_sigmoid,sync_with_sensor1_matrix5
2026-05-22T03:05:29,97.3,30.0,sensor1_raspberry,5,TH0,4,0,107,200,20.000,20.758,1081905,1082074,169,8.450000,SUCCESS,sync_counter,sync_with_sensor2_IC1_TH2
2026-05-22T03:05:29,97.3,30.0,sensor2_serial,1,2,6,2,120,200,20.000,20.758,4650156,4650271,115,5.750000,SUCCESS,sync_sigmoid,sync_with_sensor1_matrix5
2026-05-22T03:05:52,97.3,30.0,sensor1_raspberry,5,TH0,4,0,107,199,20.000,20.768,1082085,1082259,174,8.700000,SUCCESS,sync_counter,sync_with_sensor2_IC1_TH2
2026-05-22T03:05:52,97.3,30.0,sensor2_serial,1,2,6,2,120,199,20.000,20.768,4650285,4650417,132,6.600000,SUCCESS,sync_sigmoid,sync_with_sensor1_matrix5
2026-05-22T03:06:15,97.3,30.0,sensor1_raspberry,5,TH0,4,0,107,198,20.000,20.736,1082275,1082441,166,8.300000,SUCCESS,sync_counter,sync_with_sensor2_IC1_TH2
2026-05-22T03:06:15,97.3,30.0,sensor2_serial,1,2,6,2,120,198,20.000,20.736,4650432,4650576,144,7.200000,SUCCESS,sync_sigmoid,sync_with_sensor1_matrix5
2026-05-22T03:06:38,97.3,30.0,sensor1_raspberry,5,TH0,4,0,107,197,20.000,20.730,1082453,1082619,166,8.300000,SUCCESS,sync_counter,sync_with_sensor2_IC1_TH2
2026-05-22T03:06:38,97.3,30.0,sensor2_serial,1,2,6,2,120,197,20.000,20.730,4650591,4650701,110,5.500000,SUCCESS,sync_sigmoid,sync_with_sensor1_matrix5
2026-05-22T03:07:01,97.3,30.0,sensor1_raspberry,5,TH0,4,0,107,196,20.000,20.752,1082641,1082810,169,8.450000,SUCCESS,sync_counter,sync_with_sensor2_IC1_TH2
2026-05-22T03:07:01,97.3,30.0,sensor2_serial,1,2,6,2,120,196,20.000,20.752,4650712,4650830,118,5.900000,SUCCESS,sync_sigmoid,sync_with_sensor1_matrix5
2026-05-22T03:07:24,97.3,30.0,sensor1_raspberry,5,TH0,4,0,107,195,20.000,20.794,1082820,1083000,180,9.000000,SUCCESS,sync_counter,sync_with_sensor2_IC1_TH2
2026-05-22T03:07:24,97.3,30.0,sensor2_serial,1,2,6,2,120,195,20.000,20.794,4650852,4650954,102,5.100000,SUCCESS,sync_sigmoid,sync_with_sensor1_matrix5
2026-05-22T03:07:46,97.3,30.0,sensor1_raspberry,5,TH0,4,0,107,194,20.000,20.780,1083020,1083165,145,7.250000,SUCCESS,sync_counter,sync_with_sensor2_IC1_TH2
2026-05-22T03:07:46,97.3,30.0,sensor2_serial,1,2,6,2,120,194,20.000,20.780,4650966,4651096,130,6.500000,SUCCESS,sync_sigmoid,sync_with_sensor1_matrix5
2026-05-22T03:08:09,97.3,30.0,sensor1_raspberry,5,TH0,4,0,107,193,20.000,20.751,1083183,1083343,160,8.000000,SUCCESS,sync_counter,sync_with_sensor2_IC1_TH2
2026-05-22T03:08:09,97.3,30.0,sensor2_serial,1,2,6,2,120,193,20.000,20.751,4651106,4651234,128,6.400000,SUCCESS,sync_sigmoid,sync_with_sensor1_matrix5
2026-05-22T03:08:32,97.3,30.0,sensor1_raspberry,5,TH0,4,0,107,192,20.000,20.791,1083360,1083533,173,8.650000,SUCCESS,sync_counter,sync_with_sensor2_IC1_TH2
2026-05-22T03:08:32,97.3,30.0,sensor2_serial,1,2,6,2,120,192,20.000,20.791,4651245,4651375,130,6.500000,SUCCESS,sync_sigmoid,sync_with_sensor1_matrix5
2026-05-22T03:08:55,97.3,30.0,sensor1_raspberry,5,TH0,4,0,107,191,20.000,20.709,1083554,1083701,147,7.350000,SUCCESS,sync_counter,sync_with_sensor2_IC1_TH2
2026-05-22T03:08:55,97.3,30.0,sensor2_serial,1,2,6,2,120,191,20.000,20.709,4651391,4651520,129,6.450000,SUCCESS,sync_sigmoid,sync_with_sensor1_matrix5
2026-05-22T03:09:18,97.3,30.0,sensor1_raspberry,5,TH0,4,0,107,190,20.000,20.732,1083711,1083861,150,7.500000,SUCCESS,sync_counter,sync_with_sensor2_IC1_TH2
2026-05-22T03:09:18,97.3,30.0,sensor2_serial,1,2,6,2,120,190,20.000,20.732,4651530,4651655,125,6.250000,SUCCESS,sync_sigmoid,sync_with_sensor1_matrix5
2026-05-22T03:09:41,97.3,30.0,sensor1_raspberry,5,TH0,4,0,107,189,20.000,20.753,1083877,1084068,191,9.550000,SUCCESS,sync_counter,sync_with_sensor2_IC1_TH2
2026-05-22T03:09:41,97.3,30.0,sensor2_serial,1,2,6,2,120,189,20.000,20.753,4651667,4651787,120,6.000000,SUCCESS,sync_sigmoid,sync_with_sensor1_matrix5
2026-05-22T03:10:04,97.3,30.0,sensor1_raspberry,5,TH0,4,0,107,188,20.000,20.745,1084087,1084249,162,8.100000,SUCCESS,sync_counter,sync_with_sensor2_IC1_TH2
2026-05-22T03:10:04,97.3,30.0,sensor2_serial,1,2,6,2,120,188,20.000,20.745,4651798,4651914,116,5.800000,SUCCESS,sync_sigmoid,sync_with_sensor1_matrix5
2026-05-22T03:10:26,97.3,30.0,sensor1_raspberry,5,TH0,4,0,107,187,20.000,20.760,1084262,1084424,162,8.100000,SUCCESS,sync_counter,sync_with_sensor2_IC1_TH2
2026-05-22T03:10:26,97.3,30.0,sensor2_serial,1,2,6,2,120,187,20.000,20.760,4651931,4652054,123,6.150000,SUCCESS,sync_sigmoid,sync_with_sensor1_matrix5
2026-05-22T03:10:49,97.3,30.0,sensor1_raspberry,5,TH0,4,0,107,186,20.000,20.695,1084440,1084597,157,7.850000,SUCCESS,sync_counter,sync_with_sensor2_IC1_TH2
2026-05-22T03:10:49,97.3,30.0,sensor2_serial,1,2,6,2,120,186,20.000,20.695,4652070,4652209,139,6.950000,SUCCESS,sync_sigmoid,sync_with_sensor1_matrix5
2026-05-22T03:11:12,97.3,30.0,sensor1_raspberry,5,TH0,4,0,107,185,20.000,20.760,1084615,1084783,168,8.400000,SUCCESS,sync_counter,sync_with_sensor2_IC1_TH2
2026-05-22T03:11:12,97.3,30.0,sensor2_serial,1,2,6,2,120,185,20.000,20.760,4652219,4652334,115,5.750000,SUCCESS,sync_sigmoid,sync_with_sensor1_matrix5
2026-05-22T03:11:35,97.3,30.0,sensor1_raspberry,5,TH0,4,0,107,184,20.000,20.786,1084800,1084990,190,9.500000,SUCCESS,sync_counter,sync_with_sensor2_IC1_TH2
2026-05-22T03:11:35,97.3,30.0,sensor2_serial,1,2,6,2,120,184,20.000,20.786,4652340,4652454,114,5.700000,SUCCESS,sync_sigmoid,sync_with_sensor1_matrix5
2026-05-22T03:11:58,97.3,30.0,sensor1_raspberry,5,TH0,4,0,107,183,20.000,20.758,1085006,1085182,176,8.800000,SUCCESS,sync_counter,sync_with_sensor2_IC1_TH2
2026-05-22T03:11:58,97.3,30.0,sensor2_serial,1,2,6,2,120,183,20.000,20.758,4652474,4652586,112,5.600000,SUCCESS,sync_sigmoid,sync_with_sensor1_matrix5
2026-05-22T03:12:21,97.3,30.0,sensor1_raspberry,5,TH0,4,0,107,182,20.000,20.752,1085202,1085364,162,8.100000,SUCCESS,sync_counter,sync_with_sensor2_IC1_TH2
2026-05-22T03:12:21,97.3,30.0,sensor2_serial,1,2,6,2,120,182,20.000,20.752,4652599,4652710,111,5.550000,SUCCESS,sync_sigmoid,sync_with_sensor1_matrix5
2026-05-22T03:12:43,97.3,30.0,sensor1_raspberry,5,TH0,4,0,107,181,20.000,20.750,1085375,1085547,172,8.600000,SUCCESS,sync_counter,sync_with_sensor2_IC1_TH2
2026-05-22T03:12:43,97.3,30.0,sensor2_serial,1,2,6,2,120,181,20.000,20.750,4652722,4652830,108,5.400000,SUCCESS,sync_sigmoid,sync_with_sensor1_matrix5
2026-05-22T03:13:06,97.3,30.0,sensor1_raspberry,5,TH0,4,0,107,180,20.000,20.764,1085568,1085722,154,7.700000,SUCCESS,sync_counter,sync_with_sensor2_IC1_TH2
2026-05-22T03:13:06,97.3,30.0,sensor2_serial,1,2,6,2,120,180,20.000,20.764,4652843,4652960,117,5.850000,SUCCESS,sync_sigmoid,sync_with_sensor1_matrix5
2026-05-22T03:13:29,97.3,30.0,sensor1_raspberry,5,TH0,4,0,107,179,20.000,20.736,1085740,1085917,177,8.850000,SUCCESS,sync_counter,sync_with_sensor2_IC1_TH2
2026-05-22T03:13:29,97.3,30.0,sensor2_serial,1,2,6,2,120,179,20.000,20.736,4652977,4653074,97,4.850000,SUCCESS,sync_sigmoid,sync_with_sensor1_matrix5
2026-05-22T03:13:52,97.3,30.0,sensor1_raspberry,5,TH0,4,0,107,178,20.000,20.743,1085941,1086135,194,9.700000,SUCCESS,sync_counter,sync_with_sensor2_IC1_TH2
2026-05-22T03:13:52,97.3,30.0,sensor2_serial,1,2,6,2,120,178,20.000,20.743,4653083,4653191,108,5.400000,SUCCESS,sync_sigmoid,sync_with_sensor1_matrix5
2026-05-22T03:14:15,97.3,30.0,sensor1_raspberry,5,TH0,4,0,107,177,20.000,20.743,1086155,1086338,183,9.150000,SUCCESS,sync_counter,sync_with_sensor2_IC1_TH2
2026-05-22T03:14:15,97.3,30.0,sensor2_serial,1,2,6,2,120,177,20.000,20.743,4653195,4653295,100,5.000000,SUCCESS,sync_sigmoid,sync_with_sensor1_matrix5
2026-05-22T03:14:38,97.3,30.0,sensor1_raspberry,5,TH0,4,0,107,176,20.000,20.739,1086361,1086521,160,8.000000,SUCCESS,sync_counter,sync_with_sensor2_IC1_TH2
2026-05-22T03:14:38,97.3,30.0,sensor2_serial,1,2,6,2,120,176,20.000,20.739,4653308,4653432,124,6.200000,SUCCESS,sync_sigmoid,sync_with_sensor1_matrix5
2026-05-22T03:15:01,97.3,30.0,sensor1_raspberry,5,TH0,4,0,107,175,20.000,20.751,1086541,1086716,175,8.750000,SUCCESS,sync_counter,sync_with_sensor2_IC1_TH2
2026-05-22T03:15:01,97.3,30.0,sensor2_serial,1,2,6,2,120,175,20.000,20.751,4653442,4653547,105,5.250000,SUCCESS,sync_sigmoid,sync_with_sensor1_matrix5
2026-05-22T03:15:24,97.3,30.0,sensor1_raspberry,5,TH0,4,0,107,174,20.000,20.872,1086730,1086897,167,8.350000,SUCCESS,sync_counter,sync_with_sensor2_IC1_TH2
2026-05-22T03:15:24,97.3,30.0,sensor2_serial,1,2,6,2,120,174,20.000,20.872,4653554,4653657,103,5.150000,SUCCESS,sync_sigmoid,sync_with_sensor1_matrix5
2026-05-22T03:15:46,97.3,30.0,sensor1_raspberry,5,TH0,4,0,107,173,20.000,20.710,1086916,1087068,152,7.600000,SUCCESS,sync_counter,sync_with_sensor2_IC1_TH2
2026-05-22T03:15:46,97.3,30.0,sensor2_serial,1,2,6,2,120,173,20.000,20.710,4653672,4653761,89,4.450000,SUCCESS,sync_sigmoid,sync_with_sensor1_matrix5
2026-05-22T03:16:09,97.3,30.0,sensor1_raspberry,5,TH0,4,0,107,172,20.000,20.689,1087090,1087245,155,7.750000,SUCCESS,sync_counter,sync_with_sensor2_IC1_TH2
2026-05-22T03:16:09,97.3,30.0,sensor2_serial,1,2,6,2,120,172,20.000,20.689,4653772,4653876,104,5.200000,SUCCESS,sync_sigmoid,sync_with_sensor1_matrix5
2026-05-22T03:16:32,97.3,30.0,sensor1_raspberry,5,TH0,4,0,107,171,20.000,20.760,1087263,1087436,173,8.650000,SUCCESS,sync_counter,sync_with_sensor2_IC1_TH2
2026-05-22T03:16:32,97.3,30.0,sensor2_serial,1,2,6,2,120,171,20.000,20.760,4653883,4654013,130,6.500000,SUCCESS,sync_sigmoid,sync_with_sensor1_matrix5
2026-05-22T03:16:55,97.3,30.0,sensor1_raspberry,5,TH0,4,0,107,170,20.000,20.749,1087448,1087600,152,7.600000,SUCCESS,sync_counter,sync_with_sensor2_IC1_TH2
2026-05-22T03:16:55,97.3,30.0,sensor2_serial,1,2,6,2,120,170,20.000,20.749,4654018,4654129,111,5.550000,SUCCESS,sync_sigmoid,sync_with_sensor1_matrix5
2026-05-22T03:17:18,97.3,30.0,sensor1_raspberry,5,TH0,4,0,107,169,20.000,20.757,1087623,1087795,172,8.600000,SUCCESS,sync_counter,sync_with_sensor2_IC1_TH2
2026-05-22T03:17:18,97.3,30.0,sensor2_serial,1,2,6,2,120,169,20.000,20.757,4654141,4654224,83,4.150000,SUCCESS,sync_sigmoid,sync_with_sensor1_matrix5
2026-05-22T03:17:41,97.3,30.0,sensor1_raspberry,5,TH0,4,0,107,168,20.000,20.745,1087808,1087975,167,8.350000,SUCCESS,sync_counter,sync_with_sensor2_IC1_TH2
2026-05-22T03:17:41,97.3,30.0,sensor2_serial,1,2,6,2,120,168,20.000,20.745,4654238,4654318,80,4.000000,SUCCESS,sync_sigmoid,sync_with_sensor1_matrix5
2026-05-22T03:18:04,97.3,30.0,sensor1_raspberry,5,TH0,4,0,107,167,20.000,20.803,1087988,1088152,164,8.200000,SUCCESS,sync_counter,sync_with_sensor2_IC1_TH2
2026-05-22T03:18:04,97.3,30.0,sensor2_serial,1,2,6,2,120,167,20.000,20.803,4654328,4654400,72,3.600000,SUCCESS,sync_sigmoid,sync_with_sensor1_matrix5
2026-05-22T03:18:26,97.3,30.0,sensor1_raspberry,5,TH0,4,0,107,166,20.000,20.741,1088164,1088343,179,8.950000,SUCCESS,sync_counter,sync_with_sensor2_IC1_TH2
2026-05-22T03:18:26,97.3,30.0,sensor2_serial,1,2,6,2,120,166,20.000,20.741,4654407,4654491,84,4.200000,SUCCESS,sync_sigmoid,sync_with_sensor1_matrix5
2026-05-22T03:18:49,97.3,30.0,sensor1_raspberry,5,TH0,4,0,107,165,20.000,20.722,1088360,1088515,155,7.750000,SUCCESS,sync_counter,sync_with_sensor2_IC1_TH2
2026-05-22T03:18:49,97.3,30.0,sensor2_serial,1,2,6,2,120,165,20.000,20.722,4654500,4654583,83,4.150000,SUCCESS,sync_sigmoid,sync_with_sensor1_matrix5
2026-05-22T03:19:12,97.3,30.0,sensor1_raspberry,5,TH0,4,0,107,164,20.000,20.755,1088531,1088688,157,7.850000,SUCCESS,sync_counter,sync_with_sensor2_IC1_TH2
2026-05-22T03:19:12,97.3,30.0,sensor2_serial,1,2,6,2,120,164,20.000,20.755,4654591,4654681,90,4.500000,SUCCESS,sync_sigmoid,sync_with_sensor1_matrix5
2026-05-22T03:19:35,97.3,30.0,sensor1_raspberry,5,TH0,4,0,107,163,20.000,20.689,1088698,1088834,136,6.800000,SUCCESS,sync_counter,sync_with_sensor2_IC1_TH2
2026-05-22T03:19:35,97.3,30.0,sensor2_serial,1,2,6,2,120,163,20.000,20.689,4654693,4654773,80,4.000000,SUCCESS,sync_sigmoid,sync_with_sensor1_matrix5
2026-05-22T03:19:58,97.3,30.0,sensor1_raspberry,5,TH0,4,0,107,162,20.000,20.736,1088854,1089005,151,7.550000,SUCCESS,sync_counter,sync_with_sensor2_IC1_TH2
2026-05-22T03:19:58,97.3,30.0,sensor2_serial,1,2,6,2,120,162,20.000,20.736,4654781,4654856,75,3.750000,SUCCESS,sync_sigmoid,sync_with_sensor1_matrix5
2026-05-22T03:20:21,97.3,30.0,sensor1_raspberry,5,TH0,4,0,107,161,20.000,20.757,1089020,1089182,162,8.100000,SUCCESS,sync_counter,sync_with_sensor2_IC1_TH2
2026-05-22T03:20:21,97.3,30.0,sensor2_serial,1,2,6,2,120,161,20.000,20.757,4654863,4654938,75,3.750000,SUCCESS,sync_sigmoid,sync_with_sensor1_matrix5
2026-05-22T03:20:43,97.3,30.0,sensor1_raspberry,5,TH0,4,0,107,160,20.000,20.742,1089203,1089354,151,7.550000,SUCCESS,sync_counter,sync_with_sensor2_IC1_TH2
2026-05-22T03:20:43,97.3,30.0,sensor2_serial,1,2,6,2,120,160,20.000,20.742,4654943,4655014,71,3.550000,SUCCESS,sync_sigmoid,sync_with_sensor1_matrix5
2026-05-22T03:21:06,97.3,30.0,sensor1_raspberry,5,TH0,4,0,107,159,20.000,20.721,1089362,1089508,146,7.300000,SUCCESS,sync_counter,sync_with_sensor2_IC1_TH2
2026-05-22T03:21:06,97.3,30.0,sensor2_serial,1,2,6,2,120,159,20.000,20.721,4655021,4655098,77,3.850000,SUCCESS,sync_sigmoid,sync_with_sensor1_matrix5
2026-05-22T03:21:29,97.3,30.0,sensor1_raspberry,5,TH0,4,0,107,158,20.000,20.707,1089521,1089694,173,8.650000,SUCCESS,sync_counter,sync_with_sensor2_IC1_TH2
2026-05-22T03:21:29,97.3,30.0,sensor2_serial,1,2,6,2,120,158,20.000,20.707,4655102,4655168,66,3.300000,SUCCESS,sync_sigmoid,sync_with_sensor1_matrix5
2026-05-22T03:21:52,97.3,30.0,sensor1_raspberry,5,TH0,4,0,107,157,20.000,20.771,1089708,1089887,179,8.950000,SUCCESS,sync_counter,sync_with_sensor2_IC1_TH2
2026-05-22T03:21:52,97.3,30.0,sensor2_serial,1,2,6,2,120,157,20.000,20.771,4655175,4655249,74,3.700000,SUCCESS,sync_sigmoid,sync_with_sensor1_matrix5
2026-05-22T03:22:15,97.3,30.0,sensor1_raspberry,5,TH0,4,0,107,156,20.000,20.752,1089906,1090072,166,8.300000,SUCCESS,sync_counter,sync_with_sensor2_IC1_TH2
2026-05-22T03:22:15,97.3,30.0,sensor2_serial,1,2,6,2,120,156,20.000,20.752,4655258,4655316,58,2.900000,SUCCESS,sync_sigmoid,sync_with_sensor1_matrix5
2026-05-22T03:22:38,97.3,30.0,sensor1_raspberry,5,TH0,4,0,107,155,20.000,20.762,1090091,1090243,152,7.600000,SUCCESS,sync_counter,sync_with_sensor2_IC1_TH2
2026-05-22T03:22:38,97.3,30.0,sensor2_serial,1,2,6,2,120,155,20.000,20.762,4655324,4655393,69,3.450000,SUCCESS,sync_sigmoid,sync_with_sensor1_matrix5
2026-05-22T03:23:00,97.3,30.0,sensor1_raspberry,5,TH0,4,0,107,154,20.000,20.765,1090260,1090428,168,8.400000,SUCCESS,sync_counter,sync_with_sensor2_IC1_TH2
2026-05-22T03:23:00,97.3,30.0,sensor2_serial,1,2,6,2,120,154,20.000,20.765,4655396,4655456,60,3.000000,SUCCESS,sync_sigmoid,sync_with_sensor1_matrix5
2026-05-22T03:23:23,97.3,30.0,sensor1_raspberry,5,TH0,4,0,107,153,20.000,20.749,1090437,1090596,159,7.950000,SUCCESS,sync_counter,sync_with_sensor2_IC1_TH2
2026-05-22T03:23:23,97.3,30.0,sensor2_serial,1,2,6,2,120,153,20.000,20.749,4655460,4655534,74,3.700000,SUCCESS,sync_sigmoid,sync_with_sensor1_matrix5
2026-05-22T03:23:46,97.3,30.0,sensor1_raspberry,5,TH0,4,0,107,152,20.000,20.731,1090605,1090755,150,7.500000,SUCCESS,sync_counter,sync_with_sensor2_IC1_TH2
2026-05-22T03:23:46,97.3,30.0,sensor2_serial,1,2,6,2,120,152,20.000,20.731,4655542,4655600,58,2.900000,SUCCESS,sync_sigmoid,sync_with_sensor1_matrix5
2026-05-22T03:24:09,97.3,30.0,sensor1_raspberry,5,TH0,4,0,107,151,20.000,20.736,1090771,1090912,141,7.050000,SUCCESS,sync_counter,sync_with_sensor2_IC1_TH2
2026-05-22T03:24:09,97.3,30.0,sensor2_serial,1,2,6,2,120,151,20.000,20.736,4655604,4655656,52,2.600000,SUCCESS,sync_sigmoid,sync_with_sensor1_matrix5
2026-05-22T03:24:32,97.3,30.0,sensor1_raspberry,5,TH0,4,0,107,150,20.000,20.752,1090928,1091100,172,8.600000,SUCCESS,sync_counter,sync_with_sensor2_IC1_TH2
2026-05-22T03:24:32,97.3,30.0,sensor2_serial,1,2,6,2,120,150,20.000,20.752,4655661,4655717,56,2.800000,SUCCESS,sync_sigmoid,sync_with_sensor1_matrix5
2026-05-22T03:24:55,97.3,30.0,sensor1_raspberry,5,TH0,4,0,107,149,20.000,20.701,1091112,1091266,154,7.700000,SUCCESS,sync_counter,sync_with_sensor2_IC1_TH2
2026-05-22T03:24:55,97.3,30.0,sensor2_serial,1,2,6,2,120,149,20.000,20.701,4655720,4655776,56,2.800000,SUCCESS,sync_sigmoid,sync_with_sensor1_matrix5
2026-05-22T03:25:17,97.3,30.0,sensor1_raspberry,5,TH0,4,0,107,148,20.000,20.688,1091279,1091428,149,7.450000,SUCCESS,sync_counter,sync_with_sensor2_IC1_TH2
2026-05-22T03:25:17,97.3,30.0,sensor2_serial,1,2,6,2,120,148,20.000,20.688,4655783,4655824,41,2.050000,SUCCESS,sync_sigmoid,sync_with_sensor1_matrix5
2026-05-22T03:25:40,97.3,30.0,sensor1_raspberry,5,TH0,4,0,107,147,20.000,20.749,1091443,1091599,156,7.800000,SUCCESS,sync_counter,sync_with_sensor2_IC1_TH2
2026-05-22T03:25:40,97.3,30.0,sensor2_serial,1,2,6,2,120,147,20.000,20.749,4655834,4655883,49,2.450000,SUCCESS,sync_sigmoid,sync_with_sensor1_matrix5
2026-05-22T03:26:03,97.3,30.0,sensor1_raspberry,5,TH0,4,0,107,146,20.000,20.759,1091618,1091753,135,6.750000,SUCCESS,sync_counter,sync_with_sensor2_IC1_TH2
2026-05-22T03:26:03,97.3,30.0,sensor2_serial,1,2,6,2,120,146,20.000,20.759,4655888,4655940,52,2.600000,SUCCESS,sync_sigmoid,sync_with_sensor1_matrix5
2026-05-22T03:26:26,97.3,30.0,sensor1_raspberry,5,TH0,4,0,107,145,20.000,20.768,1091767,1091906,139,6.950000,SUCCESS,sync_counter,sync_with_sensor2_IC1_TH2
2026-05-22T03:26:26,97.3,30.0,sensor2_serial,1,2,6,2,120,145,20.000,20.768,4655948,4655985,37,1.850000,SUCCESS,sync_sigmoid,sync_with_sensor1_matrix5
2026-05-22T03:26:49,97.3,30.0,sensor1_raspberry,5,TH0,4,0,107,144,20.000,20.756,1091918,1092065,147,7.350000,SUCCESS,sync_counter,sync_with_sensor2_IC1_TH2
2026-05-22T03:26:49,97.3,30.0,sensor2_serial,1,2,6,2,120,144,20.000,20.756,4655990,4656033,43,2.150000,SUCCESS,sync_sigmoid,sync_with_sensor1_matrix5
2026-05-22T03:27:12,97.3,30.0,sensor1_raspberry,5,TH0,4,0,107,143,20.000,20.785,1092082,1092218,136,6.800000,SUCCESS,sync_counter,sync_with_sensor2_IC1_TH2
2026-05-22T03:27:12,97.3,30.0,sensor2_serial,1,2,6,2,120,143,20.000,20.785,4656038,4656075,37,1.850000,SUCCESS,sync_sigmoid,sync_with_sensor1_matrix5
2026-05-22T03:27:35,97.3,30.0,sensor1_raspberry,5,TH0,4,0,107,142,20.000,20.706,1092234,1092380,146,7.300000,SUCCESS,sync_counter,sync_with_sensor2_IC1_TH2
2026-05-22T03:27:35,97.3,30.0,sensor2_serial,1,2,6,2,120,142,20.000,20.706,4656076,4656118,42,2.100000,SUCCESS,sync_sigmoid,sync_with_sensor1_matrix5
2026-05-22T03:27:57,97.3,30.0,sensor1_raspberry,5,TH0,4,0,107,141,20.000,20.721,1092389,1092507,118,5.900000,SUCCESS,sync_counter,sync_with_sensor2_IC1_TH2
2026-05-22T03:27:57,97.3,30.0,sensor2_serial,1,2,6,2,120,141,20.000,20.721,4656124,4656158,34,1.700000,SUCCESS,sync_sigmoid,sync_with_sensor1_matrix5
2026-05-22T03:28:20,97.3,30.0,sensor1_raspberry,5,TH0,4,0,107,140,20.000,20.728,1092526,1092647,121,6.050000,SUCCESS,sync_counter,sync_with_sensor2_IC1_TH2
2026-05-22T03:28:20,97.3,30.0,sensor2_serial,1,2,6,2,120,140,20.000,20.728,4656164,4656205,41,2.050000,SUCCESS,sync_sigmoid,sync_with_sensor1_matrix5
2026-05-22T03:28:43,97.3,30.0,sensor1_raspberry,5,TH0,4,0,107,139,20.000,20.772,1092655,1092780,125,6.250000,SUCCESS,sync_counter,sync_with_sensor2_IC1_TH2
2026-05-22T03:28:43,97.3,30.0,sensor2_serial,1,2,6,2,120,139,20.000,20.772,4656208,4656229,21,1.050000,SUCCESS,sync_sigmoid,sync_with_sensor1_matrix5
2026-05-22T03:29:06,97.3,30.0,sensor1_raspberry,5,TH0,4,0,107,138,20.000,20.745,1092786,1092910,124,6.200000,SUCCESS,sync_counter,sync_with_sensor2_IC1_TH2
2026-05-22T03:29:06,97.3,30.0,sensor2_serial,1,2,6,2,120,138,20.000,20.745,4656232,4656265,33,1.650000,SUCCESS,sync_sigmoid,sync_with_sensor1_matrix5
2026-05-22T03:29:29,97.3,30.0,sensor1_raspberry,5,TH0,4,0,107,137,20.000,20.747,1092929,1093048,119,5.950000,SUCCESS,sync_counter,sync_with_sensor2_IC1_TH2
2026-05-22T03:29:29,97.3,30.0,sensor2_serial,1,2,6,2,120,137,20.000,20.747,4656272,4656303,31,1.550000,SUCCESS,sync_sigmoid,sync_with_sensor1_matrix5
2026-05-22T03:29:52,97.3,30.0,sensor1_raspberry,5,TH0,4,0,107,136,20.000,20.722,1093061,1093174,113,5.650000,SUCCESS,sync_counter,sync_with_sensor2_IC1_TH2
2026-05-22T03:29:52,97.3,30.0,sensor2_serial,1,2,6,2,120,136,20.000,20.722,4656304,4656332,28,1.400000,SUCCESS,sync_sigmoid,sync_with_sensor1_matrix5
2026-05-22T03:30:15,97.3,30.0,sensor1_raspberry,5,TH0,4,0,107,135,20.000,20.781,1093188,1093308,120,6.000000,SUCCESS,sync_counter,sync_with_sensor2_IC1_TH2
2026-05-22T03:30:15,97.3,30.0,sensor2_serial,1,2,6,2,120,135,20.000,20.781,4656333,4656357,24,1.200000,SUCCESS,sync_sigmoid,sync_with_sensor1_matrix5
2026-05-22T03:30:37,97.3,30.0,sensor1_raspberry,5,TH0,4,0,107,134,20.000,20.709,1093316,1093419,103,5.150000,SUCCESS,sync_counter,sync_with_sensor2_IC1_TH2
2026-05-22T03:30:37,97.3,30.0,sensor2_serial,1,2,6,2,120,134,20.000,20.709,4656358,4656381,23,1.150000,SUCCESS,sync_sigmoid,sync_with_sensor1_matrix5
2026-05-22T03:31:00,97.3,30.0,sensor1_raspberry,5,TH0,4,0,107,133,20.000,20.754,1093433,1093541,108,5.400000,SUCCESS,sync_counter,sync_with_sensor2_IC1_TH2
2026-05-22T03:31:00,97.3,30.0,sensor2_serial,1,2,6,2,120,133,20.000,20.754,4656387,4656409,22,1.100000,SUCCESS,sync_sigmoid,sync_with_sensor1_matrix5
2026-05-22T03:31:23,97.3,30.0,sensor1_raspberry,5,TH0,4,0,107,132,20.000,20.730,1093551,1093661,110,5.500000,SUCCESS,sync_counter,sync_with_sensor2_IC1_TH2
2026-05-22T03:31:23,97.3,30.0,sensor2_serial,1,2,6,2,120,132,20.000,20.730,4656411,4656425,14,0.700000,SUCCESS,sync_sigmoid,sync_with_sensor1_matrix5
2026-05-22T03:31:46,97.3,30.0,sensor1_raspberry,5,TH0,4,0,107,131,20.000,20.756,1093672,1093777,105,5.250000,SUCCESS,sync_counter,sync_with_sensor2_IC1_TH2
2026-05-22T03:31:46,97.3,30.0,sensor2_serial,1,2,6,2,120,131,20.000,20.756,4656426,4656454,28,1.400000,SUCCESS,sync_sigmoid,sync_with_sensor1_matrix5
2026-05-22T03:32:09,97.3,30.0,sensor1_raspberry,5,TH0,4,0,107,130,20.000,20.724,1093792,1093888,96,4.800000,SUCCESS,sync_counter,sync_with_sensor2_IC1_TH2
2026-05-22T03:32:09,97.3,30.0,sensor2_serial,1,2,6,2,120,130,20.000,20.724,4656454,4656476,22,1.100000,SUCCESS,sync_sigmoid,sync_with_sensor1_matrix5
2026-05-22T03:32:32,97.3,30.0,sensor1_raspberry,5,TH0,4,0,107,129,20.000,20.740,1093897,1094005,108,5.400000,SUCCESS,sync_counter,sync_with_sensor2_IC1_TH2
2026-05-22T03:32:32,97.3,30.0,sensor2_serial,1,2,6,2,120,129,20.000,20.740,4656479,4656496,17,0.850000,SUCCESS,sync_sigmoid,sync_with_sensor1_matrix5
2026-05-22T03:32:54,97.3,30.0,sensor1_raspberry,5,TH0,4,0,107,128,20.000,20.717,1094010,1094098,88,4.400000,SUCCESS,sync_counter,sync_with_sensor2_IC1_TH2
2026-05-22T03:32:54,97.3,30.0,sensor2_serial,1,2,6,2,120,128,20.000,20.717,4656497,4656520,23,1.150000,SUCCESS,sync_sigmoid,sync_with_sensor1_matrix5
2026-05-22T03:33:17,97.3,30.0,sensor1_raspberry,5,TH0,4,0,107,127,20.000,20.704,1094109,1094222,113,5.650000,SUCCESS,sync_counter,sync_with_sensor2_IC1_TH2
2026-05-22T03:33:17,97.3,30.0,sensor2_serial,1,2,6,2,120,127,20.000,20.704,4656523,4656541,18,0.900000,SUCCESS,sync_sigmoid,sync_with_sensor1_matrix5
2026-05-22T03:33:40,97.3,30.0,sensor1_raspberry,5,TH0,4,0,107,126,20.000,20.737,1094233,1094347,114,5.700000,SUCCESS,sync_counter,sync_with_sensor2_IC1_TH2
2026-05-22T03:33:40,97.3,30.0,sensor2_serial,1,2,6,2,120,126,20.000,20.737,4656541,4656554,13,0.650000,SUCCESS,sync_sigmoid,sync_with_sensor1_matrix5
2026-05-22T03:34:03,97.3,30.0,sensor1_raspberry,5,TH0,4,0,107,125,20.000,20.767,1094355,1094443,88,4.400000,SUCCESS,sync_counter,sync_with_sensor2_IC1_TH2
2026-05-22T03:34:03,97.3,30.0,sensor2_serial,1,2,6,2,120,125,20.000,20.767,4656556,4656580,24,1.200000,SUCCESS,sync_sigmoid,sync_with_sensor1_matrix5
2026-05-22T03:34:26,97.3,30.0,sensor1_raspberry,5,TH0,4,0,107,124,20.000,20.748,1094454,1094542,88,4.400000,SUCCESS,sync_counter,sync_with_sensor2_IC1_TH2
2026-05-22T03:34:26,97.3,30.0,sensor2_serial,1,2,6,2,120,124,20.000,20.748,4656582,4656599,17,0.850000,SUCCESS,sync_sigmoid,sync_with_sensor1_matrix5
2026-05-22T03:34:49,97.3,30.0,sensor1_raspberry,5,TH0,4,0,107,123,20.000,20.776,1094553,1094657,104,5.200000,SUCCESS,sync_counter,sync_with_sensor2_IC1_TH2
2026-05-22T03:34:49,97.3,30.0,sensor2_serial,1,2,6,2,120,123,20.000,20.776,4656602,4656618,16,0.800000,SUCCESS,sync_sigmoid,sync_with_sensor1_matrix5
2026-05-22T03:35:11,97.3,30.0,sensor1_raspberry,5,TH0,4,0,107,122,20.000,20.742,1094667,1094749,82,4.100000,SUCCESS,sync_counter,sync_with_sensor2_IC1_TH2
2026-05-22T03:35:11,97.3,30.0,sensor2_serial,1,2,6,2,120,122,20.000,20.742,4656618,4656632,14,0.700000,SUCCESS,sync_sigmoid,sync_with_sensor1_matrix5
2026-05-22T03:35:34,97.3,30.0,sensor1_raspberry,5,TH0,4,0,107,121,20.000,20.748,1094757,1094831,74,3.700000,SUCCESS,sync_counter,sync_with_sensor2_IC1_TH2
2026-05-22T03:35:34,97.3,30.0,sensor2_serial,1,2,6,2,120,121,20.000,20.748,4656633,4656641,8,0.400000,SUCCESS,sync_sigmoid,sync_with_sensor1_matrix5
2026-05-22T03:35:57,97.3,30.0,sensor1_raspberry,5,TH0,4,0,107,120,20.000,20.768,1094841,1094915,74,3.700000,SUCCESS,sync_counter,sync_with_sensor2_IC1_TH2
2026-05-22T03:35:57,97.3,30.0,sensor2_serial,1,2,6,2,120,120,20.000,20.768,4656642,4656659,17,0.850000,SUCCESS,sync_sigmoid,sync_with_sensor1_matrix5
2026-05-22T03:36:20,97.3,30.0,sensor1_raspberry,5,TH0,4,0,107,119,20.000,20.741,1094921,1095006,85,4.250000,SUCCESS,sync_counter,sync_with_sensor2_IC1_TH2
2026-05-22T03:36:20,97.3,30.0,sensor2_serial,1,2,6,2,120,119,20.000,20.741,4656659,4656674,15,0.750000,SUCCESS,sync_sigmoid,sync_with_sensor1_matrix5
2026-05-22T03:36:43,97.3,30.0,sensor1_raspberry,5,TH0,4,0,107,118,20.000,20.730,1095014,1095084,70,3.500000,SUCCESS,sync_counter,sync_with_sensor2_IC1_TH2
2026-05-22T03:36:43,97.3,30.0,sensor2_serial,1,2,6,2,120,118,20.000,20.730,4656675,4656681,6,0.300000,SUCCESS,sync_sigmoid,sync_with_sensor1_matrix5
2026-05-22T03:37:06,97.3,30.0,sensor1_raspberry,5,TH0,4,0,107,117,20.000,20.780,1095088,1095146,58,2.900000,SUCCESS,sync_counter,sync_with_sensor2_IC1_TH2
2026-05-22T03:37:06,97.3,30.0,sensor2_serial,1,2,6,2,120,117,20.000,20.780,4656684,4656690,6,0.300000,SUCCESS,sync_sigmoid,sync_with_sensor1_matrix5
2026-05-22T03:37:29,97.3,30.0,sensor1_raspberry,5,TH0,4,0,107,116,20.000,20.749,1095156,1095225,69,3.450000,SUCCESS,sync_counter,sync_with_sensor2_IC1_TH2
2026-05-22T03:37:29,97.3,30.0,sensor2_serial,1,2,6,2,120,116,20.000,20.749,4656694,4656701,7,0.350000,SUCCESS,sync_sigmoid,sync_with_sensor1_matrix5
2026-05-22T03:37:52,97.3,30.0,sensor1_raspberry,5,TH0,4,0,107,115,20.000,20.721,1095233,1095284,51,2.550000,SUCCESS,sync_counter,sync_with_sensor2_IC1_TH2
2026-05-22T03:37:52,97.3,30.0,sensor2_serial,1,2,6,2,120,115,20.000,20.721,4656701,4656712,11,0.550000,SUCCESS,sync_sigmoid,sync_with_sensor1_matrix5
2026-05-22T03:38:14,97.3,30.0,sensor1_raspberry,5,TH0,4,0,107,114,20.000,20.733,1095287,1095342,55,2.750000,SUCCESS,sync_counter,sync_with_sensor2_IC1_TH2
2026-05-22T03:38:14,97.3,30.0,sensor2_serial,1,2,6,2,120,114,20.000,20.733,4656713,4656725,12,0.600000,SUCCESS,sync_sigmoid,sync_with_sensor1_matrix5
2026-05-22T03:38:37,97.3,30.0,sensor1_raspberry,5,TH0,4,0,107,113,20.000,20.725,1095348,1095398,50,2.500000,SUCCESS,sync_counter,sync_with_sensor2_IC1_TH2
2026-05-22T03:38:37,97.3,30.0,sensor2_serial,1,2,6,2,120,113,20.000,20.725,4656726,4656732,6,0.300000,SUCCESS,sync_sigmoid,sync_with_sensor1_matrix5
2026-05-22T03:39:00,97.3,30.0,sensor1_raspberry,5,TH0,4,0,107,112,20.000,20.755,1095407,1095460,53,2.650000,SUCCESS,sync_counter,sync_with_sensor2_IC1_TH2
2026-05-22T03:39:00,97.3,30.0,sensor2_serial,1,2,6,2,120,112,20.000,20.755,4656732,4656738,6,0.300000,SUCCESS,sync_sigmoid,sync_with_sensor1_matrix5
2026-05-22T03:39:23,97.3,30.0,sensor1_raspberry,5,TH0,4,0,107,111,20.000,20.698,1095463,1095491,28,1.400000,SUCCESS,sync_counter,sync_with_sensor2_IC1_TH2
2026-05-22T03:39:23,97.3,30.0,sensor2_serial,1,2,6,2,120,111,20.000,20.698,4656739,4656742,3,0.150000,SUCCESS,sync_sigmoid,sync_with_sensor1_matrix5
2026-05-22T03:39:46,97.3,30.0,sensor1_raspberry,5,TH0,4,0,107,110,20.000,20.774,1095497,1095527,30,1.500000,SUCCESS,sync_counter,sync_with_sensor2_IC1_TH2
2026-05-22T03:39:46,97.3,30.0,sensor2_serial,1,2,6,2,120,110,20.000,20.774,4656744,4656750,6,0.300000,SUCCESS,sync_sigmoid,sync_with_sensor1_matrix5
2026-05-22T03:40:09,97.3,30.0,sensor1_raspberry,5,TH0,4,0,107,109,20.000,20.739,1095529,1095558,29,1.450000,SUCCESS,sync_counter,sync_with_sensor2_IC1_TH2
2026-05-22T03:40:09,97.3,30.0,sensor2_serial,1,2,6,2,120,109,20.000,20.739,4656750,4656755,5,0.250000,SUCCESS,sync_sigmoid,sync_with_sensor1_matrix5
2026-05-22T03:40:31,97.3,30.0,sensor1_raspberry,5,TH0,4,0,107,108,20.000,20.736,1095561,1095595,34,1.700000,SUCCESS,sync_counter,sync_with_sensor2_IC1_TH2
2026-05-22T03:40:31,97.3,30.0,sensor2_serial,1,2,6,2,120,108,20.000,20.736,4656755,4656763,8,0.400000,SUCCESS,sync_sigmoid,sync_with_sensor1_matrix5
2026-05-22T03:40:54,97.3,30.0,sensor1_raspberry,5,TH0,4,0,107,107,20.000,20.751,1095598,1095632,34,1.700000,SUCCESS,sync_counter,sync_with_sensor2_IC1_TH2
2026-05-22T03:40:54,97.3,30.0,sensor2_serial,1,2,6,2,120,107,20.000,20.751,4656763,4656768,5,0.250000,SUCCESS,sync_sigmoid,sync_with_sensor1_matrix5
2026-05-22T03:41:17,97.3,30.0,sensor1_raspberry,5,TH0,4,0,107,106,20.000,20.700,1095634,1095659,25,1.250000,SUCCESS,sync_counter,sync_with_sensor2_IC1_TH2
2026-05-22T03:41:17,97.3,30.0,sensor2_serial,1,2,6,2,120,106,20.000,20.700,4656768,4656769,1,0.050000,SUCCESS,sync_sigmoid,sync_with_sensor1_matrix5
2026-05-22T03:41:40,97.3,30.0,sensor1_raspberry,5,TH0,4,0,107,105,20.000,20.812,1095662,1095688,26,1.300000,SUCCESS,sync_counter,sync_with_sensor2_IC1_TH2
2026-05-22T03:41:40,97.3,30.0,sensor2_serial,1,2,6,2,120,105,20.000,20.812,4656770,4656773,3,0.150000,SUCCESS,sync_sigmoid,sync_with_sensor1_matrix5
2026-05-22T03:42:03,97.3,30.0,sensor1_raspberry,5,TH0,4,0,107,104,20.000,20.751,1095690,1095705,15,0.750000,SUCCESS,sync_counter,sync_with_sensor2_IC1_TH2
2026-05-22T03:42:03,97.3,30.0,sensor2_serial,1,2,6,2,120,104,20.000,20.751,4656773,4656773,0,0.000000,SUCCESS,sync_sigmoid,sync_with_sensor1_matrix5
2026-05-22T03:42:26,97.3,30.0,sensor1_raspberry,5,TH0,4,0,107,103,20.000,20.755,1095705,1095721,16,0.800000,SUCCESS,sync_counter,sync_with_sensor2_IC1_TH2
2026-05-22T03:42:26,97.3,30.0,sensor2_serial,1,2,6,2,120,103,20.000,20.755,4656773,4656775,2,0.100000,SUCCESS,sync_sigmoid,sync_with_sensor1_matrix5
2026-05-22T03:42:49,97.3,30.0,sensor1_raspberry,5,TH0,4,0,107,102,20.000,20.748,1095723,1095746,23,1.150000,SUCCESS,sync_counter,sync_with_sensor2_IC1_TH2
2026-05-22T03:42:49,97.3,30.0,sensor2_serial,1,2,6,2,120,102,20.000,20.748,4656775,4656779,4,0.200000,SUCCESS,sync_sigmoid,sync_with_sensor1_matrix5
2026-05-22T03:43:11,97.3,30.0,sensor1_raspberry,5,TH0,4,0,107,101,20.000,20.776,1095748,1095765,17,0.850000,SUCCESS,sync_counter,sync_with_sensor2_IC1_TH2
2026-05-22T03:43:11,97.3,30.0,sensor2_serial,1,2,6,2,120,101,20.000,20.776,4656779,4656782,3,0.150000,SUCCESS,sync_sigmoid,sync_with_sensor1_matrix5
2026-05-22T03:43:34,97.3,30.0,sensor1_raspberry,5,TH0,4,0,107,100,20.000,20.751,1095765,1095774,9,0.450000,SUCCESS,sync_counter,sync_with_sensor2_IC1_TH2
2026-05-22T03:43:34,97.3,30.0,sensor2_serial,1,2,6,2,120,100,20.000,20.751,4656782,4656783,1,0.050000,SUCCESS,sync_sigmoid,sync_with_sensor1_matrix5
2026-05-22T03:43:57,97.3,30.0,sensor1_raspberry,5,TH0,4,0,107,99,20.000,20.777,1095777,1095791,14,0.700000,SUCCESS,sync_counter,sync_with_sensor2_IC1_TH2
2026-05-22T03:43:57,97.3,30.0,sensor2_serial,1,2,6,2,120,99,20.000,20.777,4656784,4656785,1,0.050000,SUCCESS,sync_sigmoid,sync_with_sensor1_matrix5
2026-05-22T03:44:20,97.3,30.0,sensor1_raspberry,5,TH0,4,0,107,98,20.000,20.795,1095791,1095800,9,0.450000,SUCCESS,sync_counter,sync_with_sensor2_IC1_TH2
2026-05-22T03:44:20,97.3,30.0,sensor2_serial,1,2,6,2,120,98,20.000,20.795,4656785,4656788,3,0.150000,SUCCESS,sync_sigmoid,sync_with_sensor1_matrix5
2026-05-22T03:44:43,97.3,30.0,sensor1_raspberry,5,TH0,4,0,107,97,20.000,20.746,1095802,1095811,9,0.450000,SUCCESS,sync_counter,sync_with_sensor2_IC1_TH2
2026-05-22T03:44:43,97.3,30.0,sensor2_serial,1,2,6,2,120,97,20.000,20.746,4656788,4656790,2,0.100000,SUCCESS,sync_sigmoid,sync_with_sensor1_matrix5
2026-05-22T03:45:06,97.3,30.0,sensor1_raspberry,5,TH0,4,0,107,96,20.000,20.748,1095811,1095815,4,0.200000,SUCCESS,sync_counter,sync_with_sensor2_IC1_TH2
2026-05-22T03:45:06,97.3,30.0,sensor2_serial,1,2,6,2,120,96,20.000,20.748,4656790,4656792,2,0.100000,SUCCESS,sync_sigmoid,sync_with_sensor1_matrix5
2026-05-22T03:45:29,97.3,30.0,sensor1_raspberry,5,TH0,4,0,107,95,20.000,20.741,1095815,1095819,4,0.200000,SUCCESS,sync_counter,sync_with_sensor2_IC1_TH2
2026-05-22T03:45:29,97.3,30.0,sensor2_serial,1,2,6,2,120,95,20.000,20.741,4656792,4656793,1,0.050000,SUCCESS,sync_sigmoid,sync_with_sensor1_matrix5
2026-05-22T03:45:51,97.3,30.0,sensor1_raspberry,5,TH0,4,0,107,94,20.000,20.740,1095819,1095828,9,0.450000,SUCCESS,sync_counter,sync_with_sensor2_IC1_TH2
2026-05-22T03:45:51,97.3,30.0,sensor2_serial,1,2,6,2,120,94,20.000,20.740,4656793,4656793,0,0.000000,SUCCESS,sync_sigmoid,sync_with_sensor1_matrix5
2026-05-22T03:46:14,97.3,30.0,sensor1_raspberry,5,TH0,4,0,107,93,20.000,20.689,1095828,1095832,4,0.200000,SUCCESS,sync_counter,sync_with_sensor2_IC1_TH2
2026-05-22T03:46:14,97.3,30.0,sensor2_serial,1,2,6,2,120,93,20.000,20.689,4656793,4656793,0,0.000000,SUCCESS,sync_sigmoid,sync_with_sensor1_matrix5
