run_timestamp,position_mm,delta_mm,sensor,chip,threshold,threshold_reg,counter_index,vth_bl,dac,integration_requested_s,measured_time_s,count_initial,count_final,hits,hits_per_s,status,analysis_mode,note
2026-08-27T17:44:10,87.3,40.0,sensor2_wifi,1,0,4,0,120,255,100.000,100.021,0,1476094,1476094,14757.845581,SUCCESS,gaussian,
2026-08-27T17:45:51,87.3,40.0,sensor2_wifi,1,0,4,0,120,254,100.000,100.020,0,15898962,15898962,158957.426064,SUCCESS,gaussian,
2026-08-27T17:47:31,87.3,40.0,sensor2_wifi,1,0,4,0,120,253,100.000,100.020,0,13603542,13603542,136007.543069,SUCCESS,gaussian,
2026-08-27T17:49:11,87.3,40.0,sensor2_wifi,1,0,4,0,120,252,100.000,100.020,0,8853580,8853580,88517.683259,SUCCESS,gaussian,
2026-08-27T17:50:52,87.3,40.0,sensor2_wifi,1,0,4,0,120,251,100.000,100.021,0,3423374,3423374,34226.659332,SUCCESS,gaussian,
2026-08-27T17:52:32,87.3,40.0,sensor2_wifi,1,0,4,0,120,250,100.000,100.020,0,1401824,1401824,14015.420745,SUCCESS,gaussian,
2026-08-27T17:54:12,87.3,40.0,sensor2_wifi,1,0,4,0,120,249,100.000,100.020,0,683919,683919,6837.811337,SUCCESS,gaussian,
2026-08-27T17:55:53,87.3,40.0,sensor2_wifi,1,0,4,0,120,248,100.000,100.020,0,292484,292484,2924.243056,SUCCESS,gaussian,
2026-08-27T17:57:33,87.3,40.0,sensor2_wifi,1,0,4,0,120,247,100.000,100.020,0,210649,210649,2106.068024,SUCCESS,gaussian,
2026-08-27T17:59:13,87.3,40.0,sensor2_wifi,1,0,4,0,120,246,100.000,100.020,0,83311,83311,832.939996,SUCCESS,gaussian,
2026-08-27T18:00:53,87.3,40.0,sensor2_wifi,1,0,4,0,120,245,100.000,100.020,0,31711,31711,317.045910,SUCCESS,gaussian,
2026-08-27T18:02:34,87.3,40.0,sensor2_wifi,1,0,4,0,120,244,100.000,100.020,0,11839,11839,118.365821,SUCCESS,gaussian,
2026-08-27T18:04:14,87.3,40.0,sensor2_wifi,1,0,4,0,120,243,100.000,100.021,0,4524,4524,45.230696,SUCCESS,gaussian,
2026-08-27T18:05:54,87.3,40.0,sensor2_wifi,1,0,4,0,120,242,100.000,100.020,0,2139,2139,21.385650,SUCCESS,gaussian,
2026-08-27T18:07:35,87.3,40.0,sensor2_wifi,1,0,4,0,120,241,100.000,100.020,0,1184,1184,11.837583,SUCCESS,gaussian,
2026-08-27T18:09:15,87.3,40.0,sensor2_wifi,1,0,4,0,120,240,100.000,100.020,0,738,738,7.378517,SUCCESS,gaussian,
2026-08-27T18:10:55,87.3,40.0,sensor2_wifi,1,0,4,0,120,239,100.000,100.020,0,514,514,5.138952,SUCCESS,gaussian,
2026-08-27T18:12:36,87.3,40.0,sensor2_wifi,1,0,4,0,120,238,100.000,100.020,0,447,447,4.469087,SUCCESS,gaussian,
2026-08-27T18:14:16,87.3,40.0,sensor2_wifi,1,0,4,0,120,237,100.000,100.020,0,411,411,4.109168,SUCCESS,gaussian,
2026-08-27T18:15:56,87.3,40.0,sensor2_wifi,1,0,4,0,120,236,100.000,100.020,0,392,392,3.919202,SUCCESS,gaussian,
2026-08-27T18:17:37,87.3,40.0,sensor2_wifi,1,0,4,0,120,235,100.000,100.021,0,323,323,3.229331,SUCCESS,gaussian,
2026-08-27T18:19:17,87.3,40.0,sensor2_wifi,1,0,4,0,120,234,100.000,100.020,0,277,277,2.769442,SUCCESS,gaussian,
2026-08-27T18:20:57,87.3,40.0,sensor2_wifi,1,0,4,0,120,233,100.000,100.021,0,267,267,2.669451,SUCCESS,gaussian,
2026-08-27T18:22:37,87.3,40.0,sensor2_wifi,1,0,4,0,120,232,100.000,100.020,0,229,229,2.289538,SUCCESS,gaussian,
2026-08-27T18:24:18,87.3,40.0,sensor2_wifi,1,0,4,0,120,231,100.000,100.020,0,216,216,2.159560,SUCCESS,gaussian,
2026-08-27T18:25:58,87.3,40.0,sensor2_wifi,1,0,4,0,120,230,100.000,100.020,0,189,189,1.889617,SUCCESS,gaussian,
2026-08-27T18:27:38,87.3,40.0,sensor2_wifi,1,0,4,0,120,229,100.000,100.021,0,166,166,1.659648,SUCCESS,gaussian,
2026-08-27T18:29:19,87.3,40.0,sensor2_wifi,1,0,4,0,120,228,100.000,100.021,0,148,148,1.479694,SUCCESS,gaussian,
2026-08-27T18:30:59,87.3,40.0,sensor2_wifi,1,0,4,0,120,227,100.000,100.020,0,102,102,1.019792,SUCCESS,gaussian,
2026-08-27T18:32:39,87.3,40.0,sensor2_wifi,1,0,4,0,120,226,100.000,100.020,0,83,83,0.829831,SUCCESS,gaussian,
2026-08-27T18:34:20,87.3,40.0,sensor2_wifi,1,0,4,0,120,225,100.000,100.021,0,96,96,0.959802,SUCCESS,gaussian,
2026-08-27T18:36:00,87.3,40.0,sensor2_wifi,1,0,4,0,120,224,100.000,100.022,0,76,76,0.759837,SUCCESS,gaussian,
2026-08-27T18:37:40,87.3,40.0,sensor2_wifi,1,0,4,0,120,223,100.000,100.020,0,89,89,0.889818,SUCCESS,gaussian,
2026-08-27T18:39:21,87.3,40.0,sensor2_wifi,1,0,4,0,120,222,100.000,100.021,0,59,59,0.589874,SUCCESS,gaussian,
2026-08-27T18:41:01,87.3,40.0,sensor2_wifi,1,0,4,0,120,221,100.000,100.021,0,49,49,0.489899,SUCCESS,gaussian,
2026-08-27T18:42:41,87.3,40.0,sensor2_wifi,1,0,4,0,120,220,100.000,100.021,0,33,33,0.329932,SUCCESS,gaussian,
2026-08-27T18:44:21,87.3,40.0,sensor2_wifi,1,0,4,0,120,219,100.000,100.020,0,22,22,0.219955,SUCCESS,gaussian,
2026-08-27T18:46:02,87.3,40.0,sensor2_wifi,1,0,4,0,120,218,100.000,100.021,0,15,15,0.149969,SUCCESS,gaussian,
2026-08-27T18:47:42,87.3,40.0,sensor2_wifi,1,0,4,0,120,217,100.000,100.021,0,17,17,0.169965,SUCCESS,gaussian,
2026-08-27T18:49:22,87.3,40.0,sensor2_wifi,1,0,4,0,120,216,100.000,100.020,0,11,11,0.109978,SUCCESS,gaussian,
2026-08-27T18:51:03,87.3,40.0,sensor2_wifi,1,0,4,0,120,215,100.000,100.020,0,12,12,0.119976,SUCCESS,gaussian,
2026-08-27T18:52:43,87.3,40.0,sensor2_wifi,1,0,4,0,120,214,100.000,100.020,0,6,6,0.059988,SUCCESS,gaussian,
2026-08-27T18:54:23,87.3,40.0,sensor2_wifi,1,0,4,0,120,213,100.000,100.021,0,5,5,0.049990,SUCCESS,gaussian,
2026-08-27T18:56:04,87.3,40.0,sensor2_wifi,1,0,4,0,120,212,100.000,100.020,0,8,8,0.079984,SUCCESS,gaussian,
2026-08-27T18:57:44,87.3,40.0,sensor2_wifi,1,0,4,0,120,211,100.000,100.020,0,4,4,0.039992,SUCCESS,gaussian,
2026-08-27T18:59:24,87.3,40.0,sensor2_wifi,1,0,4,0,120,210,100.000,100.020,0,2,2,0.019996,SUCCESS,gaussian,
2026-08-27T19:01:05,87.3,40.0,sensor2_wifi,1,0,4,0,120,209,100.000,100.020,0,1,1,0.009998,SUCCESS,gaussian,
2026-08-27T19:02:45,87.3,40.0,sensor2_wifi,1,0,4,0,120,208,100.000,100.020,0,1,1,0.009998,SUCCESS,gaussian,
2026-08-27T19:04:25,87.3,40.0,sensor2_wifi,1,0,4,0,120,207,100.000,100.021,0,1,1,0.009998,SUCCESS,gaussian,
2026-08-27T19:06:05,87.3,40.0,sensor2_wifi,1,0,4,0,120,206,100.000,100.021,0,1,1,0.009998,SUCCESS,gaussian,
2026-08-27T19:07:46,87.3,40.0,sensor2_wifi,1,0,4,0,120,205,100.000,100.022,0,1,1,0.009998,SUCCESS,gaussian,
2026-08-27T19:09:26,87.3,40.0,sensor2_wifi,1,0,4,0,120,204,100.000,100.020,0,1,1,0.009998,SUCCESS,gaussian,
2026-08-27T19:11:06,87.3,40.0,sensor2_wifi,1,0,4,0,120,203,100.000,100.021,0,0,0,0.000000,SUCCESS,gaussian,
2026-08-27T19:12:47,87.3,40.0,sensor2_wifi,1,0,4,0,120,202,100.000,100.021,0,1,1,0.009998,SUCCESS,gaussian,
2026-08-27T19:14:27,87.3,40.0,sensor2_wifi,1,0,4,0,120,201,100.000,100.020,0,0,0,0.000000,SUCCESS,gaussian,
2026-08-27T19:16:07,87.3,40.0,sensor2_wifi,1,0,4,0,120,200,100.000,100.020,0,0,0,0.000000,SUCCESS,gaussian,
2026-08-27T19:17:48,87.3,40.0,sensor2_wifi,1,1,5,1,120,255,100.000,100.021,0,10709310,10709310,107070.550442,SUCCESS,gaussian,
2026-08-27T19:19:28,87.3,40.0,sensor2_wifi,1,1,5,1,120,254,100.000,100.021,0,11141678,11141678,111393.903677,SUCCESS,gaussian,
2026-08-27T19:21:08,87.3,40.0,sensor2_wifi,1,1,5,1,120,253,100.000,100.021,0,12358192,12358192,123555.412009,SUCCESS,gaussian,
2026-08-27T19:22:48,87.3,40.0,sensor2_wifi,1,1,5,1,120,252,100.000,100.020,0,14218739,14218739,142158.356752,SUCCESS,gaussian,
2026-08-27T19:24:29,87.3,40.0,sensor2_wifi,1,1,5,1,120,251,100.000,100.021,0,15240296,15240296,152370.522398,SUCCESS,gaussian,
2026-08-27T19:26:09,87.3,40.0,sensor2_wifi,1,1,5,1,120,250,100.000,100.021,0,16574775,16574775,165713.662634,SUCCESS,gaussian,
2026-08-27T19:27:50,87.3,40.0,sensor2_wifi,1,1,5,1,120,249,100.000,100.021,0,15877558,15877558,158741.643012,SUCCESS,gaussian,
2026-08-27T19:29:30,87.3,40.0,sensor2_wifi,1,1,5,1,120,248,100.000,100.021,0,13116544,13116544,131137.373509,SUCCESS,gaussian,
2026-08-27T19:31:10,87.3,40.0,sensor2_wifi,1,1,5,1,120,247,100.000,100.021,0,9498340,9498340,94963.912526,SUCCESS,gaussian,
2026-08-27T19:32:51,87.3,40.0,sensor2_wifi,1,1,5,1,120,246,100.000,100.020,0,5628968,5628968,56278.147707,SUCCESS,gaussian,
2026-08-27T19:34:31,87.3,40.0,sensor2_wifi,1,1,5,1,120,245,100.000,100.021,0,2699961,2699961,26994.072047,SUCCESS,gaussian,
2026-08-27T19:36:11,87.3,40.0,sensor2_wifi,1,1,5,1,120,244,100.000,100.020,0,1176652,1176652,11764.120366,SUCCESS,gaussian,
2026-08-27T19:37:51,87.3,40.0,sensor2_wifi,1,1,5,1,120,243,100.000,100.021,0,840153,840153,8399.795770,SUCCESS,gaussian,
2026-08-27T19:39:32,87.3,40.0,sensor2_wifi,1,1,5,1,120,242,100.000,100.011,0,373680,373680,3736.386373,SUCCESS,gaussian,
2026-08-27T19:41:12,87.3,40.0,sensor2_wifi,1,1,5,1,120,241,100.000,100.020,0,130770,130770,1307.432205,SUCCESS,gaussian,
2026-08-27T19:42:52,87.3,40.0,sensor2_wifi,1,1,5,1,120,240,100.000,100.021,0,45063,45063,450.536536,SUCCESS,gaussian,
2026-08-27T19:44:33,87.3,40.0,sensor2_wifi,1,1,5,1,120,239,100.000,100.021,0,29815,29815,298.086279,SUCCESS,gaussian,
2026-08-27T19:46:13,87.3,40.0,sensor2_wifi,1,1,5,1,120,238,100.000,100.021,0,10861,10861,108.586873,SUCCESS,gaussian,
2026-08-27T19:47:53,87.3,40.0,sensor2_wifi,1,1,5,1,120,237,100.000,100.021,0,3773,3773,37.721918,SUCCESS,gaussian,
2026-08-27T19:49:34,87.3,40.0,sensor2_wifi,1,1,5,1,120,236,100.000,100.021,0,1785,1785,17.846174,SUCCESS,gaussian,
2026-08-27T19:51:14,87.3,40.0,sensor2_wifi,1,1,5,1,120,235,100.000,100.021,0,1252,1252,12.517362,SUCCESS,gaussian,
2026-08-27T19:52:54,87.3,40.0,sensor2_wifi,1,1,5,1,120,234,100.000,100.020,0,802,802,8.018367,SUCCESS,gaussian,
2026-08-27T19:54:34,87.3,40.0,sensor2_wifi,1,1,5,1,120,233,100.000,100.021,0,619,619,6.188723,SUCCESS,gaussian,
2026-08-27T19:56:15,87.3,40.0,sensor2_wifi,1,1,5,1,120,232,100.000,100.020,0,506,506,5.058965,SUCCESS,gaussian,
2026-08-27T19:57:55,87.3,40.0,sensor2_wifi,1,1,5,1,120,231,100.000,100.020,0,485,485,4.849011,SUCCESS,gaussian,
2026-08-27T19:59:35,87.3,40.0,sensor2_wifi,1,1,5,1,120,230,100.000,100.020,0,443,443,4.429104,SUCCESS,gaussian,
2026-08-27T20:01:16,87.3,40.0,sensor2_wifi,1,1,5,1,120,229,100.000,100.020,0,340,340,3.399319,SUCCESS,gaussian,
2026-08-27T20:02:56,87.3,40.0,sensor2_wifi,1,1,5,1,120,228,100.000,100.021,0,293,293,2.929399,SUCCESS,gaussian,
2026-08-27T20:04:36,87.3,40.0,sensor2_wifi,1,1,5,1,120,227,100.000,100.020,0,301,301,3.009389,SUCCESS,gaussian,
2026-08-27T20:06:17,87.3,40.0,sensor2_wifi,1,1,5,1,120,226,100.000,100.021,0,246,246,2.459475,SUCCESS,gaussian,
2026-08-27T20:07:57,87.3,40.0,sensor2_wifi,1,1,5,1,120,225,100.000,100.020,0,216,216,2.159567,SUCCESS,gaussian,
2026-08-27T20:09:37,87.3,40.0,sensor2_wifi,1,1,5,1,120,224,100.000,100.020,0,198,198,1.979600,SUCCESS,gaussian,
2026-08-27T20:11:18,87.3,40.0,sensor2_wifi,1,1,5,1,120,223,100.000,100.020,0,175,175,1.749643,SUCCESS,gaussian,
2026-08-27T20:12:58,87.3,40.0,sensor2_wifi,1,1,5,1,120,222,100.000,100.021,0,126,126,1.259741,SUCCESS,gaussian,
2026-08-27T20:14:38,87.3,40.0,sensor2_wifi,1,1,5,1,120,221,100.000,100.020,0,116,116,1.159766,SUCCESS,gaussian,
2026-08-27T20:16:18,87.3,40.0,sensor2_wifi,1,1,5,1,120,220,100.000,100.020,0,99,99,0.989797,SUCCESS,gaussian,
2026-08-27T20:17:59,87.3,40.0,sensor2_wifi,1,1,5,1,120,219,100.000,100.020,0,86,86,0.859825,SUCCESS,gaussian,
2026-08-27T20:19:39,87.3,40.0,sensor2_wifi,1,1,5,1,120,218,100.000,100.021,0,79,79,0.789837,SUCCESS,gaussian,
2026-08-27T20:21:19,87.3,40.0,sensor2_wifi,1,1,5,1,120,217,100.000,100.021,0,49,49,0.489899,SUCCESS,gaussian,
2026-08-27T20:23:00,87.3,40.0,sensor2_wifi,1,1,5,1,120,216,100.000,100.021,0,37,37,0.369923,SUCCESS,gaussian,
2026-08-27T20:24:40,87.3,40.0,sensor2_wifi,1,1,5,1,120,215,100.000,100.020,0,41,41,0.409918,SUCCESS,gaussian,
2026-08-27T20:26:20,87.3,40.0,sensor2_wifi,1,1,5,1,120,214,100.000,100.021,0,27,27,0.269944,SUCCESS,gaussian,
2026-08-27T20:28:01,87.3,40.0,sensor2_wifi,1,1,5,1,120,213,100.000,100.020,0,24,24,0.239951,SUCCESS,gaussian,
2026-08-27T20:29:41,87.3,40.0,sensor2_wifi,1,1,5,1,120,212,100.000,100.021,0,18,18,0.179961,SUCCESS,gaussian,
2026-08-27T20:31:21,87.3,40.0,sensor2_wifi,1,1,5,1,120,211,100.000,100.021,0,19,19,0.189961,SUCCESS,gaussian,
2026-08-27T20:33:02,87.3,40.0,sensor2_wifi,1,1,5,1,120,210,100.000,100.020,0,7,7,0.069986,SUCCESS,gaussian,
2026-08-27T20:34:42,87.3,40.0,sensor2_wifi,1,1,5,1,120,209,100.000,100.022,0,7,7,0.069985,SUCCESS,gaussian,
2026-08-27T20:36:22,87.3,40.0,sensor2_wifi,1,1,5,1,120,208,100.000,100.021,0,4,4,0.039992,SUCCESS,gaussian,
2026-08-27T20:38:02,87.3,40.0,sensor2_wifi,1,1,5,1,120,207,100.000,100.021,0,2,2,0.019996,SUCCESS,gaussian,
2026-08-27T20:39:43,87.3,40.0,sensor2_wifi,1,1,5,1,120,206,100.000,100.021,0,5,5,0.049989,SUCCESS,gaussian,
2026-08-27T20:41:23,87.3,40.0,sensor2_wifi,1,1,5,1,120,205,100.000,100.021,0,4,4,0.039992,SUCCESS,gaussian,
2026-08-27T20:43:03,87.3,40.0,sensor2_wifi,1,1,5,1,120,204,100.000,100.021,0,5,5,0.049989,SUCCESS,gaussian,
2026-08-27T20:44:44,87.3,40.0,sensor2_wifi,1,1,5,1,120,203,100.000,100.020,0,3,3,0.029994,SUCCESS,gaussian,
2026-08-27T20:46:24,87.3,40.0,sensor2_wifi,1,1,5,1,120,202,100.000,100.020,0,2,2,0.019996,SUCCESS,gaussian,
2026-08-27T20:48:04,87.3,40.0,sensor2_wifi,1,1,5,1,120,201,100.000,100.021,0,0,0,0.000000,SUCCESS,gaussian,
2026-08-27T20:49:45,87.3,40.0,sensor2_wifi,1,1,5,1,120,200,100.000,100.021,0,2,2,0.019996,SUCCESS,gaussian,
2026-08-27T20:51:25,87.3,40.0,sensor2_wifi,1,1,5,1,120,199,100.000,100.020,0,2,2,0.019996,SUCCESS,gaussian,
2026-08-27T20:53:05,87.3,40.0,sensor2_wifi,1,1,5,1,120,198,100.000,100.020,0,1,1,0.009998,SUCCESS,gaussian,
2026-08-27T20:54:45,87.3,40.0,sensor2_wifi,1,1,5,1,120,197,100.000,100.021,0,1,1,0.009998,SUCCESS,gaussian,
2026-08-27T20:56:26,87.3,40.0,sensor2_wifi,1,1,5,1,120,196,100.000,100.021,0,1,1,0.009998,SUCCESS,gaussian,
2026-08-27T20:58:06,87.3,40.0,sensor2_wifi,1,1,5,1,120,195,100.000,100.020,0,1,1,0.009998,SUCCESS,gaussian,
2026-08-27T20:59:46,87.3,40.0,sensor2_wifi,1,1,5,1,120,194,100.000,100.021,0,0,0,0.000000,SUCCESS,gaussian,
2026-08-27T21:01:27,87.3,40.0,sensor2_wifi,1,1,5,1,120,193,100.000,100.021,0,1,1,0.009998,SUCCESS,gaussian,
2026-08-27T21:03:07,87.3,40.0,sensor2_wifi,1,1,5,1,120,192,100.000,100.021,0,1,1,0.009998,SUCCESS,gaussian,
2026-08-27T21:04:47,87.3,40.0,sensor2_wifi,1,1,5,1,120,191,100.000,100.020,0,1,1,0.009998,SUCCESS,gaussian,
2026-08-27T21:06:28,87.3,40.0,sensor2_wifi,1,1,5,1,120,190,100.000,100.021,0,1,1,0.009998,SUCCESS,gaussian,
2026-08-27T21:08:08,87.3,40.0,sensor2_wifi,1,1,5,1,120,189,100.000,100.020,0,0,0,0.000000,SUCCESS,gaussian,
2026-08-27T21:09:48,87.3,40.0,sensor2_wifi,1,1,5,1,120,188,100.000,100.020,0,1,1,0.009998,SUCCESS,gaussian,
2026-08-27T21:11:28,87.3,40.0,sensor2_wifi,1,1,5,1,120,187,100.000,100.021,0,0,0,0.000000,SUCCESS,gaussian,
2026-08-27T21:13:09,87.3,40.0,sensor2_wifi,1,1,5,1,120,186,100.000,100.020,0,1,1,0.009998,SUCCESS,gaussian,
2026-08-27T21:14:49,87.3,40.0,sensor2_wifi,1,1,5,1,120,185,100.000,100.020,0,1,1,0.009998,SUCCESS,gaussian,
2026-08-27T21:16:31,87.3,40.0,sensor2_wifi,1,1,5,1,120,184,100.000,100.020,0,1,1,0.009998,SUCCESS,gaussian,
2026-08-27T21:18:11,87.3,40.0,sensor2_wifi,1,1,5,1,120,183,100.000,100.021,0,1,1,0.009998,SUCCESS,gaussian,
2026-08-27T21:19:51,87.3,40.0,sensor2_wifi,1,1,5,1,120,182,100.000,100.021,0,1,1,0.009998,SUCCESS,gaussian,
2026-08-27T21:21:31,87.3,40.0,sensor2_wifi,1,1,5,1,120,181,100.000,100.020,0,0,0,0.000000,SUCCESS,gaussian,
2026-08-27T21:23:12,87.3,40.0,sensor2_wifi,1,1,5,1,120,180,100.000,100.021,0,0,0,0.000000,SUCCESS,gaussian,
2026-08-27T21:24:52,87.3,40.0,sensor2_wifi,1,2,6,2,120,255,100.000,100.021,0,10578554,10578554,105763.282654,SUCCESS,gaussian,
2026-08-27T21:26:32,87.3,40.0,sensor2_wifi,1,2,6,2,120,254,100.000,100.020,0,11301868,11301868,112995.891722,SUCCESS,gaussian,
2026-08-27T21:28:13,87.3,40.0,sensor2_wifi,1,2,6,2,120,253,100.000,100.020,0,11973552,11973552,119711.223009,SUCCESS,gaussian,
2026-08-27T21:29:53,87.3,40.0,sensor2_wifi,1,2,6,2,120,252,100.000,100.020,0,13089856,13089856,130871.942876,SUCCESS,gaussian,
2026-08-27T21:31:33,87.3,40.0,sensor2_wifi,1,2,6,2,120,251,100.000,100.021,0,13757517,13757517,137546.201472,SUCCESS,gaussian,
2026-08-27T21:33:14,87.3,40.0,sensor2_wifi,1,2,6,2,120,250,100.000,100.021,0,16012948,16012948,160095.276524,SUCCESS,gaussian,
2026-08-27T21:34:54,87.3,40.0,sensor2_wifi,1,2,6,2,120,249,100.000,100.021,0,92947,92947,929.270525,SUCCESS,gaussian,
2026-08-27T21:36:34,87.3,40.0,sensor2_wifi,1,2,6,2,120,248,100.000,100.021,0,16606232,16606232,166028.163982,SUCCESS,gaussian,
2026-08-27T21:38:14,87.3,40.0,sensor2_wifi,1,2,6,2,120,247,100.000,100.021,0,11938629,11938629,119360.879131,SUCCESS,gaussian,
2026-08-27T21:39:55,87.3,40.0,sensor2_wifi,1,2,6,2,120,246,100.000,100.020,0,7722968,7722968,77214.044829,SUCCESS,gaussian,
2026-08-27T21:41:35,87.3,40.0,sensor2_wifi,1,2,6,2,120,245,100.000,100.021,0,5225670,5225670,52245.974905,SUCCESS,gaussian,
2026-08-27T21:43:15,87.3,40.0,sensor2_wifi,1,2,6,2,120,244,100.000,100.020,0,2488562,2488562,24880.585042,SUCCESS,gaussian,
2026-08-27T21:44:56,87.3,40.0,sensor2_wifi,1,2,6,2,120,243,100.000,100.021,0,1600731,1600731,16003.962614,SUCCESS,gaussian,
2026-08-27T21:46:36,87.3,40.0,sensor2_wifi,1,2,6,2,120,242,100.000,100.021,0,636160,636160,6360.286576,SUCCESS,gaussian,
2026-08-27T21:48:16,87.3,40.0,sensor2_wifi,1,2,6,2,120,241,100.000,100.020,0,322714,322714,3226.488980,SUCCESS,gaussian,
2026-08-27T21:49:57,87.3,40.0,sensor2_wifi,1,2,6,2,120,240,100.000,100.021,0,122979,122979,1229.536158,SUCCESS,gaussian,
2026-08-27T21:51:37,87.3,40.0,sensor2_wifi,1,2,6,2,120,239,100.000,100.020,0,65384,65384,653.706835,SUCCESS,gaussian,
2026-08-27T21:53:17,87.3,40.0,sensor2_wifi,1,2,6,2,120,238,100.000,100.021,0,24185,24185,241.800281,SUCCESS,gaussian,
2026-08-27T21:54:58,87.3,40.0,sensor2_wifi,1,2,6,2,120,237,100.000,100.020,0,10051,10051,100.489470,SUCCESS,gaussian,
2026-08-27T21:56:38,87.3,40.0,sensor2_wifi,1,2,6,2,120,236,100.000,100.020,0,3562,3562,35.612736,SUCCESS,gaussian,
2026-08-27T21:58:18,87.3,40.0,sensor2_wifi,1,2,6,2,120,235,100.000,100.020,0,2060,2060,20.595782,SUCCESS,gaussian,
2026-08-27T21:59:58,87.3,40.0,sensor2_wifi,1,2,6,2,120,234,100.000,100.020,0,1127,1127,11.267717,SUCCESS,gaussian,
2026-08-27T22:01:39,87.3,40.0,sensor2_wifi,1,2,6,2,120,233,100.000,100.020,0,797,797,7.968382,SUCCESS,gaussian,
2026-08-27T22:03:19,87.3,40.0,sensor2_wifi,1,2,6,2,120,232,100.000,100.021,0,593,593,5.928777,SUCCESS,gaussian,
2026-08-27T22:04:59,87.3,40.0,sensor2_wifi,1,2,6,2,120,231,100.000,100.021,0,494,494,4.938971,SUCCESS,gaussian,
2026-08-27T22:06:40,87.3,40.0,sensor2_wifi,1,2,6,2,120,230,100.000,100.020,0,412,412,4.119167,SUCCESS,gaussian,
2026-08-27T22:08:20,87.3,40.0,sensor2_wifi,1,2,6,2,120,229,100.000,100.020,0,381,381,3.809228,SUCCESS,gaussian,
2026-08-27T22:10:00,87.3,40.0,sensor2_wifi,1,2,6,2,120,228,100.000,100.020,0,336,336,3.359326,SUCCESS,gaussian,
2026-08-27T22:11:41,87.3,40.0,sensor2_wifi,1,2,6,2,120,227,100.000,100.021,0,332,332,3.319312,SUCCESS,gaussian,
2026-08-27T22:13:21,87.3,40.0,sensor2_wifi,1,2,6,2,120,226,100.000,100.020,0,285,285,2.849425,SUCCESS,gaussian,
2026-08-27T22:15:01,87.3,40.0,sensor2_wifi,1,2,6,2,120,225,100.000,100.020,0,286,286,2.859417,SUCCESS,gaussian,
2026-08-27T22:16:42,87.3,40.0,sensor2_wifi,1,2,6,2,120,224,100.000,100.020,0,244,244,2.439503,SUCCESS,gaussian,
2026-08-27T22:18:22,87.3,40.0,sensor2_wifi,1,2,6,2,120,223,100.000,100.021,0,160,160,1.599671,SUCCESS,gaussian,
2026-08-27T22:20:02,87.3,40.0,sensor2_wifi,1,2,6,2,120,222,100.000,100.021,0,147,147,1.469686,SUCCESS,gaussian,
2026-08-27T22:21:42,87.3,40.0,sensor2_wifi,1,2,6,2,120,221,100.000,100.020,0,126,126,1.259743,SUCCESS,gaussian,
2026-08-27T22:23:23,87.3,40.0,sensor2_wifi,1,2,6,2,120,220,100.000,100.020,0,116,116,1.159763,SUCCESS,gaussian,
2026-08-27T22:25:03,87.3,40.0,sensor2_wifi,1,2,6,2,120,219,100.000,100.021,0,92,92,0.919810,SUCCESS,gaussian,
2026-08-27T22:26:43,87.3,40.0,sensor2_wifi,1,2,6,2,120,218,100.000,100.020,0,78,78,0.779843,SUCCESS,gaussian,
2026-08-27T22:28:24,87.3,40.0,sensor2_wifi,1,2,6,2,120,217,100.000,100.020,0,47,47,0.469905,SUCCESS,gaussian,
2026-08-27T22:30:04,87.3,40.0,sensor2_wifi,1,2,6,2,120,216,100.000,100.021,0,64,64,0.639868,SUCCESS,gaussian,
2026-08-27T22:31:44,87.3,40.0,sensor2_wifi,1,2,6,2,120,215,100.000,100.020,0,43,43,0.429913,SUCCESS,gaussian,
2026-08-27T22:33:25,87.3,40.0,sensor2_wifi,1,2,6,2,120,214,100.000,100.020,0,38,38,0.379923,SUCCESS,gaussian,
2026-08-27T22:35:05,87.3,40.0,sensor2_wifi,1,2,6,2,120,213,100.000,100.020,0,19,19,0.189961,SUCCESS,gaussian,
2026-08-27T22:36:45,87.3,40.0,sensor2_wifi,1,2,6,2,120,212,100.000,100.020,0,17,17,0.169965,SUCCESS,gaussian,
2026-08-27T22:38:26,87.3,40.0,sensor2_wifi,1,2,6,2,120,211,100.000,100.021,0,17,17,0.169964,SUCCESS,gaussian,
2026-08-27T22:40:06,87.3,40.0,sensor2_wifi,1,2,6,2,120,210,100.000,100.020,0,4,4,0.039992,SUCCESS,gaussian,
2026-08-27T22:41:46,87.3,40.0,sensor2_wifi,1,2,6,2,120,209,100.000,100.020,0,17,17,0.169966,SUCCESS,gaussian,
2026-08-27T22:43:26,87.3,40.0,sensor2_wifi,1,2,6,2,120,208,100.000,100.020,0,6,6,0.059988,SUCCESS,gaussian,
2026-08-27T22:45:07,87.3,40.0,sensor2_wifi,1,2,6,2,120,207,100.000,100.021,0,6,6,0.059987,SUCCESS,gaussian,
2026-08-27T22:46:47,87.3,40.0,sensor2_wifi,1,2,6,2,120,206,100.000,100.020,0,10,10,0.099980,SUCCESS,gaussian,
2026-08-27T22:48:27,87.3,40.0,sensor2_wifi,1,2,6,2,120,205,100.000,100.020,0,6,6,0.059988,SUCCESS,gaussian,
2026-08-27T22:50:08,87.3,40.0,sensor2_wifi,1,2,6,2,120,204,100.000,100.021,0,2,2,0.019996,SUCCESS,gaussian,
2026-08-27T22:51:48,87.3,40.0,sensor2_wifi,1,2,6,2,120,203,100.000,100.020,0,2,2,0.019996,SUCCESS,gaussian,
2026-08-27T22:53:28,87.3,40.0,sensor2_wifi,1,2,6,2,120,202,100.000,100.020,0,2,2,0.019996,SUCCESS,gaussian,
2026-08-27T22:55:09,87.3,40.0,sensor2_wifi,1,2,6,2,120,201,100.000,100.021,0,6,6,0.059987,SUCCESS,gaussian,
2026-08-27T22:56:49,87.3,40.0,sensor2_wifi,1,2,6,2,120,200,100.000,100.022,0,2,2,0.019996,SUCCESS,gaussian,
2026-08-27T22:58:29,87.3,40.0,sensor2_wifi,1,2,6,2,120,199,100.000,100.020,0,0,0,0.000000,SUCCESS,gaussian,
2026-08-27T23:00:09,87.3,40.0,sensor2_wifi,1,2,6,2,120,198,100.000,100.021,0,0,0,0.000000,SUCCESS,gaussian,
2026-08-27T23:01:50,87.3,40.0,sensor2_wifi,2,0,4,0,120,255,100.000,100.021,0,1665366,1665366,16650.123038,SUCCESS,gaussian,
2026-08-27T23:03:30,87.3,40.0,sensor2_wifi,2,0,4,0,120,254,100.000,100.021,0,14701319,14701319,146981.966130,SUCCESS,gaussian,
2026-08-27T23:05:10,87.3,40.0,sensor2_wifi,2,0,4,0,120,253,100.000,100.020,0,10009006,10009006,100069.870446,SUCCESS,gaussian,
2026-08-27T23:06:51,87.3,40.0,sensor2_wifi,2,0,4,0,120,252,100.000,100.020,0,5896101,5896101,58949.124475,SUCCESS,gaussian,
2026-08-27T23:08:31,87.3,40.0,sensor2_wifi,2,0,4,0,120,251,100.000,100.020,0,2512663,2512663,25121.489512,SUCCESS,gaussian,
2026-08-27T23:10:11,87.3,40.0,sensor2_wifi,2,0,4,0,120,250,100.000,100.010,0,1130833,1130833,11307.144399,SUCCESS,gaussian,
2026-08-27T23:11:52,87.3,40.0,sensor2_wifi,2,0,4,0,120,249,100.000,100.021,0,493474,493474,4933.685463,SUCCESS,gaussian,
2026-08-27T23:13:32,87.3,40.0,sensor2_wifi,2,0,4,0,120,248,100.000,100.021,0,206386,206386,2063.434365,SUCCESS,gaussian,
2026-08-27T23:15:12,87.3,40.0,sensor2_wifi,2,0,4,0,120,247,100.000,100.020,0,83719,83719,837.018486,SUCCESS,gaussian,
2026-08-27T23:16:52,87.3,40.0,sensor2_wifi,2,0,4,0,120,246,100.000,100.021,0,31300,31300,312.934523,SUCCESS,gaussian,
2026-08-27T23:18:33,87.3,40.0,sensor2_wifi,2,0,4,0,120,245,100.000,100.021,0,11755,11755,117.525826,SUCCESS,gaussian,
2026-08-27T23:20:13,87.3,40.0,sensor2_wifi,2,0,4,0,120,244,100.000,100.020,0,4730,4730,47.290426,SUCCESS,gaussian,
2026-08-27T23:21:53,87.3,40.0,sensor2_wifi,2,0,4,0,120,243,100.000,100.021,0,1523,1523,15.226874,SUCCESS,gaussian,
2026-08-27T23:23:34,87.3,40.0,sensor2_wifi,2,0,4,0,120,242,100.000,100.021,0,824,824,8.238300,SUCCESS,gaussian,
2026-08-27T23:25:14,87.3,40.0,sensor2_wifi,2,0,4,0,120,241,100.000,100.021,0,559,559,5.588809,SUCCESS,gaussian,
2026-08-27T23:26:54,87.3,40.0,sensor2_wifi,2,0,4,0,120,240,100.000,100.021,0,434,434,4.339108,SUCCESS,gaussian,
2026-08-27T23:28:35,87.3,40.0,sensor2_wifi,2,0,4,0,120,239,100.000,100.021,0,397,397,3.969166,SUCCESS,gaussian,
2026-08-27T23:30:15,87.3,40.0,sensor2_wifi,2,0,4,0,120,238,100.000,100.021,0,326,326,3.259331,SUCCESS,gaussian,
2026-08-27T23:31:55,87.3,40.0,sensor2_wifi,2,0,4,0,120,237,100.000,100.020,0,272,272,2.719444,SUCCESS,gaussian,
2026-08-27T23:33:36,87.3,40.0,sensor2_wifi,2,0,4,0,120,236,100.000,100.020,0,237,237,2.369518,SUCCESS,gaussian,
2026-08-27T23:35:16,87.3,40.0,sensor2_wifi,2,0,4,0,120,235,100.000,100.021,0,206,206,2.059566,SUCCESS,gaussian,
2026-08-27T23:36:56,87.3,40.0,sensor2_wifi,2,0,4,0,120,234,100.000,100.020,0,167,167,1.669659,SUCCESS,gaussian,
2026-08-27T23:38:36,87.3,40.0,sensor2_wifi,2,0,4,0,120,233,100.000,100.020,0,135,135,1.349726,SUCCESS,gaussian,
2026-08-27T23:40:17,87.3,40.0,sensor2_wifi,2,0,4,0,120,232,100.000,100.021,0,108,108,1.079773,SUCCESS,gaussian,
2026-08-27T23:41:57,87.3,40.0,sensor2_wifi,2,0,4,0,120,231,100.000,100.020,0,86,86,0.859824,SUCCESS,gaussian,
2026-08-27T23:43:37,87.3,40.0,sensor2_wifi,2,0,4,0,120,230,100.000,100.020,0,74,74,0.739849,SUCCESS,gaussian,
2026-08-27T23:45:18,87.3,40.0,sensor2_wifi,2,0,4,0,120,229,100.000,100.021,0,75,75,0.749842,SUCCESS,gaussian,
2026-08-27T23:46:58,87.3,40.0,sensor2_wifi,2,0,4,0,120,228,100.000,100.020,0,66,66,0.659866,SUCCESS,gaussian,
2026-08-27T23:48:38,87.3,40.0,sensor2_wifi,2,0,4,0,120,227,100.000,100.020,0,57,57,0.569883,SUCCESS,gaussian,
2026-08-27T23:50:19,87.3,40.0,sensor2_wifi,2,0,4,0,120,226,100.000,100.021,0,41,41,0.409916,SUCCESS,gaussian,
2026-08-27T23:51:59,87.3,40.0,sensor2_wifi,2,0,4,0,120,225,100.000,100.021,0,37,37,0.369924,SUCCESS,gaussian,
2026-08-27T23:53:39,87.3,40.0,sensor2_wifi,2,0,4,0,120,224,100.000,100.021,0,20,20,0.199959,SUCCESS,gaussian,
2026-08-27T23:55:20,87.3,40.0,sensor2_wifi,2,0,4,0,120,223,100.000,100.021,0,16,16,0.159966,SUCCESS,gaussian,
2026-08-27T23:57:00,87.3,40.0,sensor2_wifi,2,0,4,0,120,222,100.000,100.021,0,12,12,0.119975,SUCCESS,gaussian,
2026-08-27T23:58:40,87.3,40.0,sensor2_wifi,2,0,4,0,120,221,100.000,100.021,0,18,18,0.179961,SUCCESS,gaussian,
2026-08-28T00:00:21,87.3,40.0,sensor2_wifi,2,0,4,0,120,220,100.000,100.021,0,11,11,0.109977,SUCCESS,gaussian,
2026-08-28T00:02:01,87.3,40.0,sensor2_wifi,2,0,4,0,120,219,100.000,100.021,0,7,7,0.069986,SUCCESS,gaussian,
2026-08-28T00:03:41,87.3,40.0,sensor2_wifi,2,0,4,0,120,218,100.000,100.020,0,6,6,0.059988,SUCCESS,gaussian,
2026-08-28T00:05:21,87.3,40.0,sensor2_wifi,2,0,4,0,120,217,100.000,100.021,0,4,4,0.039992,SUCCESS,gaussian,
2026-08-28T00:07:02,87.3,40.0,sensor2_wifi,2,0,4,0,120,216,100.000,100.021,0,4,4,0.039992,SUCCESS,gaussian,
2026-08-28T00:08:42,87.3,40.0,sensor2_wifi,2,0,4,0,120,215,100.000,100.021,0,4,4,0.039991,SUCCESS,gaussian,
2026-08-28T00:10:22,87.3,40.0,sensor2_wifi,2,0,4,0,120,214,100.000,100.021,0,5,5,0.049990,SUCCESS,gaussian,
2026-08-28T00:12:03,87.3,40.0,sensor2_wifi,2,0,4,0,120,213,100.000,100.020,0,4,4,0.039992,SUCCESS,gaussian,
2026-08-28T00:13:43,87.3,40.0,sensor2_wifi,2,0,4,0,120,212,100.000,100.020,0,2,2,0.019996,SUCCESS,gaussian,
2026-08-28T00:15:23,87.3,40.0,sensor2_wifi,2,0,4,0,120,211,100.000,100.021,0,2,2,0.019996,SUCCESS,gaussian,
2026-08-28T00:17:04,87.3,40.0,sensor2_wifi,2,0,4,0,120,210,100.000,100.021,0,6,6,0.059988,SUCCESS,gaussian,
2026-08-28T00:18:44,87.3,40.0,sensor2_wifi,2,0,4,0,120,209,100.000,100.020,0,0,0,0.000000,SUCCESS,gaussian,
2026-08-28T00:20:24,87.3,40.0,sensor2_wifi,2,0,4,0,120,208,100.000,100.020,0,2,2,0.019996,SUCCESS,gaussian,
2026-08-28T00:22:05,87.3,40.0,sensor2_wifi,2,0,4,0,120,207,100.000,100.020,0,1,1,0.009998,SUCCESS,gaussian,
2026-08-28T00:23:45,87.3,40.0,sensor2_wifi,2,0,4,0,120,206,100.000,100.020,0,2,2,0.019996,SUCCESS,gaussian,
2026-08-28T00:25:25,87.3,40.0,sensor2_wifi,2,0,4,0,120,205,100.000,100.021,0,1,1,0.009998,SUCCESS,gaussian,
2026-08-28T00:27:05,87.3,40.0,sensor2_wifi,2,0,4,0,120,204,100.000,100.020,0,1,1,0.009998,SUCCESS,gaussian,
2026-08-28T00:28:46,87.3,40.0,sensor2_wifi,2,0,4,0,120,203,100.000,100.021,0,1,1,0.009998,SUCCESS,gaussian,
2026-08-28T00:30:26,87.3,40.0,sensor2_wifi,2,0,4,0,120,202,100.000,100.020,0,0,0,0.000000,SUCCESS,gaussian,
2026-08-28T00:32:06,87.3,40.0,sensor2_wifi,2,0,4,0,120,201,100.000,100.020,0,0,0,0.000000,SUCCESS,gaussian,
2026-08-28T00:33:47,87.3,40.0,sensor2_wifi,2,1,5,1,120,255,100.000,100.021,0,9531191,9531191,95291.728202,SUCCESS,gaussian,
2026-08-28T00:35:27,87.3,40.0,sensor2_wifi,2,1,5,1,120,254,100.000,100.021,0,11118168,11118168,111158.283593,SUCCESS,gaussian,
2026-08-28T00:37:07,87.3,40.0,sensor2_wifi,2,1,5,1,120,253,100.000,100.021,0,12115895,12115895,121133.947212,SUCCESS,gaussian,
2026-08-28T00:38:48,87.3,40.0,sensor2_wifi,2,1,5,1,120,252,100.000,100.020,0,12661423,12661423,126588.358833,SUCCESS,gaussian,
2026-08-28T00:40:28,87.3,40.0,sensor2_wifi,2,1,5,1,120,251,100.000,100.020,0,14344999,14344999,143421.117394,SUCCESS,gaussian,
2026-08-28T00:42:08,87.3,40.0,sensor2_wifi,2,1,5,1,120,250,100.000,100.021,0,80209,80209,801.925065,SUCCESS,gaussian,
2026-08-28T00:43:49,87.3,40.0,sensor2_wifi,2,1,5,1,120,249,100.000,100.020,0,1326261,1326261,13259.913981,SUCCESS,gaussian,
2026-08-28T00:45:29,87.3,40.0,sensor2_wifi,2,1,5,1,120,248,100.000,100.022,0,276972,276972,2769.122939,SUCCESS,gaussian,
2026-08-28T00:47:09,87.3,40.0,sensor2_wifi,2,1,5,1,120,247,100.000,100.021,0,11993724,11993724,119912.630245,SUCCESS,gaussian,
2026-08-28T00:48:49,87.3,40.0,sensor2_wifi,2,1,5,1,120,246,100.000,100.020,0,7845509,7845509,78439.359691,SUCCESS,gaussian,
2026-08-28T00:50:30,87.3,40.0,sensor2_wifi,2,1,5,1,120,245,100.000,100.021,0,4445977,4445977,44450.650753,SUCCESS,gaussian,
2026-08-28T00:52:10,87.3,40.0,sensor2_wifi,2,1,5,1,120,244,100.000,100.020,0,1971761,1971761,19713.653502,SUCCESS,gaussian,
2026-08-28T00:53:50,87.3,40.0,sensor2_wifi,2,1,5,1,120,243,100.000,100.020,0,786934,786934,7867.735710,SUCCESS,gaussian,
2026-08-28T00:55:31,87.3,40.0,sensor2_wifi,2,1,5,1,120,242,100.000,100.021,0,338273,338273,3382.003559,SUCCESS,gaussian,
2026-08-28T00:57:11,87.3,40.0,sensor2_wifi,2,1,5,1,120,241,100.000,100.021,0,126586,126586,1265.596932,SUCCESS,gaussian,
2026-08-28T00:58:51,87.3,40.0,sensor2_wifi,2,1,5,1,120,240,100.000,100.020,0,45242,45242,452.327977,SUCCESS,gaussian,
2026-08-28T01:00:32,87.3,40.0,sensor2_wifi,2,1,5,1,120,239,100.000,100.020,0,67452,67452,674.382474,SUCCESS,gaussian,
2026-08-28T01:02:12,87.3,40.0,sensor2_wifi,2,1,5,1,120,238,100.000,100.020,0,22999,22999,229.943941,SUCCESS,gaussian,
2026-08-28T01:03:52,87.3,40.0,sensor2_wifi,2,1,5,1,120,237,100.000,100.021,0,7901,7901,78.993369,SUCCESS,gaussian,
2026-08-28T01:05:32,87.3,40.0,sensor2_wifi,2,1,5,1,120,236,100.000,100.020,0,3046,3046,30.453818,SUCCESS,gaussian,
2026-08-28T01:07:13,87.3,40.0,sensor2_wifi,2,1,5,1,120,235,100.000,100.020,0,1085,1085,10.847784,SUCCESS,gaussian,
2026-08-28T01:08:53,87.3,40.0,sensor2_wifi,2,1,5,1,120,234,100.000,100.020,0,628,628,6.278714,SUCCESS,gaussian,
2026-08-28T01:10:33,87.3,40.0,sensor2_wifi,2,1,5,1,120,233,100.000,100.020,0,488,488,4.879016,SUCCESS,gaussian,
2026-08-28T01:12:14,87.3,40.0,sensor2_wifi,2,1,5,1,120,232,100.000,100.020,0,378,378,3.779230,SUCCESS,gaussian,
2026-08-28T01:13:54,87.3,40.0,sensor2_wifi,2,1,5,1,120,231,100.000,100.021,0,287,287,2.869391,SUCCESS,gaussian,
2026-08-28T01:15:34,87.3,40.0,sensor2_wifi,2,1,5,1,120,230,100.000,100.020,0,261,261,2.609467,SUCCESS,gaussian,
2026-08-28T01:17:15,87.3,40.0,sensor2_wifi,2,1,5,1,120,229,100.000,100.020,0,223,223,2.229544,SUCCESS,gaussian,
2026-08-28T01:18:55,87.3,40.0,sensor2_wifi,2,1,5,1,120,228,100.000,100.021,0,166,166,1.659657,SUCCESS,gaussian,
2026-08-28T01:20:35,87.3,40.0,sensor2_wifi,2,1,5,1,120,227,100.000,100.020,0,130,130,1.299735,SUCCESS,gaussian,
2026-08-28T01:22:16,87.3,40.0,sensor2_wifi,2,1,5,1,120,226,100.000,100.020,0,94,94,0.939808,SUCCESS,gaussian,
2026-08-28T01:23:56,87.3,40.0,sensor2_wifi,2,1,5,1,120,225,100.000,100.021,0,98,98,0.979798,SUCCESS,gaussian,
2026-08-28T01:25:36,87.3,40.0,sensor2_wifi,2,1,5,1,120,224,100.000,100.021,0,71,71,0.709853,SUCCESS,gaussian,
2026-08-28T01:27:16,87.3,40.0,sensor2_wifi,2,1,5,1,120,223,100.000,100.020,0,68,68,0.679862,SUCCESS,gaussian,
2026-08-28T01:28:57,87.3,40.0,sensor2_wifi,2,1,5,1,120,222,100.000,100.020,0,47,47,0.469904,SUCCESS,gaussian,
2026-08-28T01:30:37,87.3,40.0,sensor2_wifi,2,1,5,1,120,221,100.000,100.020,0,48,48,0.479902,SUCCESS,gaussian,
2026-08-28T01:32:17,87.3,40.0,sensor2_wifi,2,1,5,1,120,220,100.000,100.020,0,32,32,0.319935,SUCCESS,gaussian,
2026-08-28T01:33:58,87.3,40.0,sensor2_wifi,2,1,5,1,120,219,100.000,100.020,0,24,24,0.239951,SUCCESS,gaussian,
2026-08-28T01:35:38,87.3,40.0,sensor2_wifi,2,1,5,1,120,218,100.000,100.020,0,18,18,0.179964,SUCCESS,gaussian,
2026-08-28T01:37:18,87.3,40.0,sensor2_wifi,2,1,5,1,120,217,100.000,100.020,0,21,21,0.209958,SUCCESS,gaussian,
2026-08-28T01:38:59,87.3,40.0,sensor2_wifi,2,1,5,1,120,216,100.000,100.020,0,12,12,0.119975,SUCCESS,gaussian,
2026-08-28T01:40:39,87.3,40.0,sensor2_wifi,2,1,5,1,120,215,100.000,100.021,0,14,14,0.139971,SUCCESS,gaussian,
2026-08-28T01:42:19,87.3,40.0,sensor2_wifi,2,1,5,1,120,214,100.000,100.021,0,6,6,0.059988,SUCCESS,gaussian,
2026-08-28T01:44:00,87.3,40.0,sensor2_wifi,2,1,5,1,120,213,100.000,100.020,0,5,5,0.049990,SUCCESS,gaussian,
2026-08-28T01:45:40,87.3,40.0,sensor2_wifi,2,1,5,1,120,212,100.000,100.021,0,12,12,0.119975,SUCCESS,gaussian,
2026-08-28T01:47:20,87.3,40.0,sensor2_wifi,2,1,5,1,120,211,100.000,100.021,0,2,2,0.019996,SUCCESS,gaussian,
2026-08-28T01:49:00,87.3,40.0,sensor2_wifi,2,1,5,1,120,210,100.000,100.021,0,6,6,0.059988,SUCCESS,gaussian,
2026-08-28T01:50:41,87.3,40.0,sensor2_wifi,2,1,5,1,120,209,100.000,100.021,0,5,5,0.049990,SUCCESS,gaussian,
2026-08-28T01:52:21,87.3,40.0,sensor2_wifi,2,1,5,1,120,208,100.000,100.021,0,2,2,0.019996,SUCCESS,gaussian,
2026-08-28T01:54:01,87.3,40.0,sensor2_wifi,2,1,5,1,120,207,100.000,100.021,0,4,4,0.039992,SUCCESS,gaussian,
2026-08-28T01:55:42,87.3,40.0,sensor2_wifi,2,1,5,1,120,206,100.000,100.020,0,2,2,0.019996,SUCCESS,gaussian,
2026-08-28T01:57:22,87.3,40.0,sensor2_wifi,2,1,5,1,120,205,100.000,100.020,0,2,2,0.019996,SUCCESS,gaussian,
2026-08-28T01:59:02,87.3,40.0,sensor2_wifi,2,1,5,1,120,204,100.000,100.020,0,3,3,0.029994,SUCCESS,gaussian,
2026-08-28T02:00:43,87.3,40.0,sensor2_wifi,2,1,5,1,120,203,100.000,100.021,0,1,1,0.009998,SUCCESS,gaussian,
2026-08-28T02:02:23,87.3,40.0,sensor2_wifi,2,1,5,1,120,202,100.000,100.021,0,0,0,0.000000,SUCCESS,gaussian,
2026-08-28T02:04:03,87.3,40.0,sensor2_wifi,2,1,5,1,120,201,100.000,100.020,0,1,1,0.009998,SUCCESS,gaussian,
2026-08-28T02:05:44,87.3,40.0,sensor2_wifi,2,1,5,1,120,200,100.000,100.021,0,2,2,0.019996,SUCCESS,gaussian,
2026-08-28T02:07:24,87.3,40.0,sensor2_wifi,2,1,5,1,120,199,100.000,100.020,0,1,1,0.009998,SUCCESS,gaussian,
2026-08-28T02:09:04,87.3,40.0,sensor2_wifi,2,1,5,1,120,198,100.000,100.022,0,1,1,0.009998,SUCCESS,gaussian,
2026-08-28T02:10:45,87.3,40.0,sensor2_wifi,2,1,5,1,120,197,100.000,100.020,0,1,1,0.009998,SUCCESS,gaussian,
2026-08-28T02:12:25,87.3,40.0,sensor2_wifi,2,1,5,1,120,196,100.000,100.021,0,0,0,0.000000,SUCCESS,gaussian,
2026-08-28T02:14:05,87.3,40.0,sensor2_wifi,2,1,5,1,120,195,100.000,100.021,0,1,1,0.009998,SUCCESS,gaussian,
2026-08-28T02:15:45,87.3,40.0,sensor2_wifi,2,1,5,1,120,194,100.000,100.020,0,0,0,0.000000,SUCCESS,gaussian,
2026-08-28T02:17:26,87.3,40.0,sensor2_wifi,2,1,5,1,120,193,100.000,100.021,0,0,0,0.000000,SUCCESS,gaussian,
2026-08-28T02:19:06,87.3,40.0,sensor2_wifi,2,2,6,2,120,255,100.000,100.021,0,2700133,2700133,26995.634939,SUCCESS,gaussian,
2026-08-28T02:20:46,87.3,40.0,sensor2_wifi,2,2,6,2,120,254,100.000,100.021,0,4449959,4449959,44490.250270,SUCCESS,gaussian,
2026-08-28T02:22:27,87.3,40.0,sensor2_wifi,2,2,6,2,120,253,100.000,100.032,0,6940098,6940098,69378.945924,SUCCESS,gaussian,
2026-08-28T02:24:07,87.3,40.0,sensor2_wifi,2,2,6,2,120,252,100.000,100.021,0,9139780,9139780,91378.521924,SUCCESS,gaussian,
2026-08-28T02:25:47,87.3,40.0,sensor2_wifi,2,2,6,2,120,251,100.000,100.021,0,11431141,11431141,114287.094281,SUCCESS,gaussian,
2026-08-28T02:27:28,87.3,40.0,sensor2_wifi,2,2,6,2,120,250,100.000,100.021,0,12188715,12188715,121861.275967,SUCCESS,gaussian,
2026-08-28T02:29:08,87.3,40.0,sensor2_wifi,2,2,6,2,120,249,100.000,100.020,0,13262398,13262398,132597.240862,SUCCESS,gaussian,
2026-08-28T02:30:48,87.3,40.0,sensor2_wifi,2,2,6,2,120,248,100.000,100.020,0,14459858,14459858,144569.441408,SUCCESS,gaussian,
2026-08-28T02:32:29,87.3,40.0,sensor2_wifi,2,2,6,2,120,247,100.000,100.020,0,278049,278049,2779.927626,SUCCESS,gaussian,
2026-08-28T02:34:09,87.3,40.0,sensor2_wifi,2,2,6,2,120,246,100.000,100.021,0,1705974,1705974,17056.239902,SUCCESS,gaussian,
2026-08-28T02:35:49,87.3,40.0,sensor2_wifi,2,2,6,2,120,245,100.000,100.021,0,1702483,1702483,17021.184630,SUCCESS,gaussian,
2026-08-28T02:37:30,87.3,40.0,sensor2_wifi,2,2,6,2,120,244,100.000,100.021,0,16038339,16038339,160350.252203,SUCCESS,gaussian,
2026-08-28T02:39:10,87.3,40.0,sensor2_wifi,2,2,6,2,120,243,100.000,100.020,0,10029835,10029835,100278.040267,SUCCESS,gaussian,
2026-08-28T02:40:50,87.3,40.0,sensor2_wifi,2,2,6,2,120,242,100.000,100.020,0,6363166,6363166,63618.757431,SUCCESS,gaussian,
2026-08-28T02:42:30,87.3,40.0,sensor2_wifi,2,2,6,2,120,241,100.000,100.020,0,3379880,3379880,33791.908288,SUCCESS,gaussian,
2026-08-28T02:44:11,87.3,40.0,sensor2_wifi,2,2,6,2,120,240,100.000,100.020,0,1652515,1652515,16521.799871,SUCCESS,gaussian,
2026-08-28T02:45:51,87.3,40.0,sensor2_wifi,2,2,6,2,120,239,100.000,100.021,0,1522169,1522169,15218.566247,SUCCESS,gaussian,
2026-08-28T02:47:31,87.3,40.0,sensor2_wifi,2,2,6,2,120,238,100.000,100.021,0,667074,667074,6669.345708,SUCCESS,gaussian,
2026-08-28T02:49:12,87.3,40.0,sensor2_wifi,2,2,6,2,120,237,100.000,100.020,0,286726,286726,2866.683089,SUCCESS,gaussian,
2026-08-28T02:50:52,87.3,40.0,sensor2_wifi,2,2,6,2,120,236,100.000,100.020,0,133763,133763,1337.361179,SUCCESS,gaussian,
2026-08-28T02:52:32,87.3,40.0,sensor2_wifi,2,2,6,2,120,235,100.000,100.020,0,35904,35904,358.966758,SUCCESS,gaussian,
2026-08-28T02:54:13,87.3,40.0,sensor2_wifi,2,2,6,2,120,234,100.000,100.020,0,13426,13426,134.232671,SUCCESS,gaussian,
2026-08-28T02:55:53,87.3,40.0,sensor2_wifi,2,2,6,2,120,233,100.000,100.020,0,4919,4919,49.180079,SUCCESS,gaussian,
2026-08-28T02:57:33,87.3,40.0,sensor2_wifi,2,2,6,2,120,232,100.000,100.021,0,2141,2141,21.405609,SUCCESS,gaussian,
2026-08-28T02:59:13,87.3,40.0,sensor2_wifi,2,2,6,2,120,231,100.000,100.021,0,754,754,7.538454,SUCCESS,gaussian,
2026-08-28T03:00:54,87.3,40.0,sensor2_wifi,2,2,6,2,120,230,100.000,100.020,0,559,559,5.588857,SUCCESS,gaussian,
2026-08-28T03:02:34,87.3,40.0,sensor2_wifi,2,2,6,2,120,229,100.000,100.021,0,470,470,4.699028,SUCCESS,gaussian,
2026-08-28T03:04:14,87.3,40.0,sensor2_wifi,2,2,6,2,120,228,100.000,100.010,0,335,335,3.349656,SUCCESS,gaussian,
2026-08-28T03:05:55,87.3,40.0,sensor2_wifi,2,2,6,2,120,227,100.000,100.020,0,255,255,2.549478,SUCCESS,gaussian,
2026-08-28T03:07:35,87.3,40.0,sensor2_wifi,2,2,6,2,120,226,100.000,100.021,0,229,229,2.289526,SUCCESS,gaussian,
2026-08-28T03:09:15,87.3,40.0,sensor2_wifi,2,2,6,2,120,225,100.000,100.021,0,226,226,2.259535,SUCCESS,gaussian,
2026-08-28T03:10:56,87.3,40.0,sensor2_wifi,2,2,6,2,120,224,100.000,100.020,0,184,184,1.839626,SUCCESS,gaussian,
2026-08-28T03:12:36,87.3,40.0,sensor2_wifi,2,2,6,2,120,223,100.000,100.021,0,127,127,1.269738,SUCCESS,gaussian,
2026-08-28T03:14:16,87.3,40.0,sensor2_wifi,2,2,6,2,120,222,100.000,100.020,0,139,139,1.389718,SUCCESS,gaussian,
2026-08-28T03:15:57,87.3,40.0,sensor2_wifi,2,2,6,2,120,221,100.000,100.021,0,72,72,0.719851,SUCCESS,gaussian,
2026-08-28T03:17:37,87.3,40.0,sensor2_wifi,2,2,6,2,120,220,100.000,100.020,0,75,75,0.749848,SUCCESS,gaussian,
2026-08-28T03:19:17,87.3,40.0,sensor2_wifi,2,2,6,2,120,219,100.000,100.020,0,49,49,0.489900,SUCCESS,gaussian,
2026-08-28T03:20:57,87.3,40.0,sensor2_wifi,2,2,6,2,120,218,100.000,100.021,0,36,36,0.359926,SUCCESS,gaussian,
2026-08-28T03:22:38,87.3,40.0,sensor2_wifi,2,2,6,2,120,217,100.000,100.020,0,36,36,0.359926,SUCCESS,gaussian,
2026-08-28T03:24:18,87.3,40.0,sensor2_wifi,2,2,6,2,120,216,100.000,100.020,0,33,33,0.329932,SUCCESS,gaussian,
2026-08-28T03:25:58,87.3,40.0,sensor2_wifi,2,2,6,2,120,215,100.000,100.020,0,26,26,0.259948,SUCCESS,gaussian,
2026-08-28T03:27:39,87.3,40.0,sensor2_wifi,2,2,6,2,120,214,100.000,100.021,0,23,23,0.229952,SUCCESS,gaussian,
2026-08-28T03:29:19,87.3,40.0,sensor2_wifi,2,2,6,2,120,213,100.000,100.020,0,10,10,0.099980,SUCCESS,gaussian,
2026-08-28T03:30:59,87.3,40.0,sensor2_wifi,2,2,6,2,120,212,100.000,100.020,0,21,21,0.209957,SUCCESS,gaussian,
2026-08-28T03:32:40,87.3,40.0,sensor2_wifi,2,2,6,2,120,211,100.000,100.020,0,20,20,0.199959,SUCCESS,gaussian,
2026-08-28T03:34:20,87.3,40.0,sensor2_wifi,2,2,6,2,120,210,100.000,100.021,0,4,4,0.039992,SUCCESS,gaussian,
2026-08-28T03:36:00,87.3,40.0,sensor2_wifi,2,2,6,2,120,209,100.000,100.020,0,8,8,0.079984,SUCCESS,gaussian,
2026-08-28T03:37:41,87.3,40.0,sensor2_wifi,2,2,6,2,120,208,100.000,100.022,0,2,2,0.019996,SUCCESS,gaussian,
2026-08-28T03:39:21,87.3,40.0,sensor2_wifi,2,2,6,2,120,207,100.000,100.020,0,4,4,0.039992,SUCCESS,gaussian,
2026-08-28T03:41:01,87.3,40.0,sensor2_wifi,2,2,6,2,120,206,100.000,100.020,0,2,2,0.019996,SUCCESS,gaussian,
2026-08-28T03:42:41,87.3,40.0,sensor2_wifi,2,2,6,2,120,205,100.000,100.021,0,2,2,0.019996,SUCCESS,gaussian,
2026-08-28T03:44:22,87.3,40.0,sensor2_wifi,2,2,6,2,120,204,100.000,100.021,0,6,6,0.059988,SUCCESS,gaussian,
2026-08-28T03:46:02,87.3,40.0,sensor2_wifi,2,2,6,2,120,203,100.000,100.021,0,2,2,0.019996,SUCCESS,gaussian,
2026-08-28T03:47:42,87.3,40.0,sensor2_wifi,2,2,6,2,120,202,100.000,100.020,0,2,2,0.019996,SUCCESS,gaussian,
2026-08-28T03:49:23,87.3,40.0,sensor2_wifi,2,2,6,2,120,201,100.000,100.020,0,2,2,0.019996,SUCCESS,gaussian,
2026-08-28T03:51:03,87.3,40.0,sensor2_wifi,2,2,6,2,120,200,100.000,100.020,0,4,4,0.039992,SUCCESS,gaussian,
2026-08-28T03:52:43,87.3,40.0,sensor2_wifi,2,2,6,2,120,199,100.000,100.020,0,2,2,0.019996,SUCCESS,gaussian,
2026-08-28T03:54:24,87.3,40.0,sensor2_wifi,2,2,6,2,120,198,100.000,100.020,0,2,2,0.019996,SUCCESS,gaussian,
2026-08-28T03:56:04,87.3,40.0,sensor2_wifi,2,2,6,2,120,197,100.000,100.021,0,2,2,0.019996,SUCCESS,gaussian,
2026-08-28T03:57:44,87.3,40.0,sensor2_wifi,2,2,6,2,120,196,100.000,100.020,0,2,2,0.019996,SUCCESS,gaussian,
2026-08-28T03:59:25,87.3,40.0,sensor2_wifi,2,2,6,2,120,195,100.000,100.020,0,1,1,0.009998,SUCCESS,gaussian,
2026-08-28T04:01:05,87.3,40.0,sensor2_wifi,2,2,6,2,120,194,100.000,100.020,0,2,2,0.019996,SUCCESS,gaussian,
2026-08-28T04:02:45,87.3,40.0,sensor2_wifi,2,2,6,2,120,193,100.000,100.020,0,2,2,0.019996,SUCCESS,gaussian,
2026-08-28T04:04:25,87.3,40.0,sensor2_wifi,2,2,6,2,120,192,100.000,100.020,0,2,2,0.019996,SUCCESS,gaussian,
2026-08-28T04:06:06,87.3,40.0,sensor2_wifi,2,2,6,2,120,191,100.000,100.020,0,2,2,0.019996,SUCCESS,gaussian,
2026-08-28T04:07:46,87.3,40.0,sensor2_wifi,2,2,6,2,120,190,100.000,100.020,0,2,2,0.019996,SUCCESS,gaussian,
2026-08-28T04:09:26,87.3,40.0,sensor2_wifi,2,2,6,2,120,189,100.000,100.021,0,2,2,0.019996,SUCCESS,gaussian,
2026-08-28T04:11:07,87.3,40.0,sensor2_wifi,2,2,6,2,120,188,100.000,100.020,0,0,0,0.000000,SUCCESS,gaussian,
2026-08-28T04:12:47,87.3,40.0,sensor2_wifi,2,2,6,2,120,187,100.000,100.021,0,0,0,0.000000,SUCCESS,gaussian,
2026-08-28T04:14:27,87.3,40.0,sensor2_wifi,3,0,4,0,120,255,100.000,100.020,0,6060389,6060389,60591.628813,SUCCESS,gaussian,
2026-08-28T04:16:08,87.3,40.0,sensor2_wifi,3,0,4,0,120,254,100.000,100.021,0,3564897,3564897,35641.451932,SUCCESS,gaussian,
2026-08-28T04:17:48,87.3,40.0,sensor2_wifi,3,0,4,0,120,253,100.000,100.021,0,16168702,16168702,161653.309210,SUCCESS,gaussian,
2026-08-28T04:19:28,87.3,40.0,sensor2_wifi,3,0,4,0,120,252,100.000,100.021,0,11605111,11605111,116027.106246,SUCCESS,gaussian,
2026-08-28T04:21:08,87.3,40.0,sensor2_wifi,3,0,4,0,120,251,100.000,100.021,0,7424492,7424492,74229.661371,SUCCESS,gaussian,
2026-08-28T04:22:49,87.3,40.0,sensor2_wifi,3,0,4,0,120,250,100.000,100.020,0,4432834,4432834,44319.420861,SUCCESS,gaussian,
2026-08-28T04:24:29,87.3,40.0,sensor2_wifi,3,0,4,0,120,249,100.000,100.020,0,2690885,2690885,26903.413839,SUCCESS,gaussian,
2026-08-28T04:26:09,87.3,40.0,sensor2_wifi,3,0,4,0,120,248,100.000,100.021,0,1532224,1532224,15319.076442,SUCCESS,gaussian,
2026-08-28T04:27:50,87.3,40.0,sensor2_wifi,3,0,4,0,120,247,100.000,100.020,0,974714,974714,9745.185621,SUCCESS,gaussian,
2026-08-28T04:29:30,87.3,40.0,sensor2_wifi,3,0,4,0,120,246,100.000,100.020,0,511626,511626,5115.215250,SUCCESS,gaussian,
2026-08-28T04:31:10,87.3,40.0,sensor2_wifi,3,0,4,0,120,245,100.000,100.021,0,253090,253090,2530.363546,SUCCESS,gaussian,
2026-08-28T04:32:51,87.3,40.0,sensor2_wifi,3,0,4,0,120,244,100.000,100.021,0,131422,131422,1313.949905,SUCCESS,gaussian,
2026-08-28T04:34:31,87.3,40.0,sensor2_wifi,3,0,4,0,120,243,100.000,100.021,0,66785,66785,667.707015,SUCCESS,gaussian,
2026-08-28T04:36:11,87.3,40.0,sensor2_wifi,3,0,4,0,120,242,100.000,100.021,0,32598,32598,325.912623,SUCCESS,gaussian,
2026-08-28T04:37:52,87.3,40.0,sensor2_wifi,3,0,4,0,120,241,100.000,100.021,0,15928,15928,159.246747,SUCCESS,gaussian,
2026-08-28T04:39:32,87.3,40.0,sensor2_wifi,3,0,4,0,120,240,100.000,100.020,0,7088,7088,70.865475,SUCCESS,gaussian,
2026-08-28T04:41:12,87.3,40.0,sensor2_wifi,3,0,4,0,120,239,100.000,100.021,0,6081,6081,60.797353,SUCCESS,gaussian,
2026-08-28T04:42:52,87.3,40.0,sensor2_wifi,3,0,4,0,120,238,100.000,100.021,0,2791,2791,27.904116,SUCCESS,gaussian,
2026-08-28T04:44:33,87.3,40.0,sensor2_wifi,3,0,4,0,120,237,100.000,100.021,0,1586,1586,15.856713,SUCCESS,gaussian,
2026-08-28T04:46:13,87.3,40.0,sensor2_wifi,3,0,4,0,120,236,100.000,100.021,0,883,883,8.828156,SUCCESS,gaussian,
2026-08-28T04:47:53,87.3,40.0,sensor2_wifi,3,0,4,0,120,235,100.000,100.020,0,613,613,6.128751,SUCCESS,gaussian,
2026-08-28T04:49:34,87.3,40.0,sensor2_wifi,3,0,4,0,120,234,100.000,100.020,0,513,513,5.128966,SUCCESS,gaussian,
2026-08-28T04:51:14,87.3,40.0,sensor2_wifi,3,0,4,0,120,233,100.000,100.020,0,477,477,4.769025,SUCCESS,gaussian,
2026-08-28T04:52:54,87.3,40.0,sensor2_wifi,3,0,4,0,120,232,100.000,100.020,0,441,441,4.409101,SUCCESS,gaussian,
2026-08-28T04:54:35,87.3,40.0,sensor2_wifi,3,0,4,0,120,231,100.000,100.021,0,430,430,4.299117,SUCCESS,gaussian,
2026-08-28T04:56:15,87.3,40.0,sensor2_wifi,3,0,4,0,120,230,100.000,100.021,0,427,427,4.269094,SUCCESS,gaussian,
2026-08-28T04:57:55,87.3,40.0,sensor2_wifi,3,0,4,0,120,229,100.000,100.020,0,420,420,4.199149,SUCCESS,gaussian,
2026-08-28T04:59:36,87.3,40.0,sensor2_wifi,3,0,4,0,120,228,100.000,100.021,0,406,406,4.059151,SUCCESS,gaussian,
2026-08-28T05:01:16,87.3,40.0,sensor2_wifi,3,0,4,0,120,227,100.000,100.021,0,393,393,3.929194,SUCCESS,gaussian,
2026-08-28T05:02:56,87.3,40.0,sensor2_wifi,3,0,4,0,120,226,100.000,100.021,0,379,379,3.789215,SUCCESS,gaussian,
2026-08-28T05:04:36,87.3,40.0,sensor2_wifi,3,0,4,0,120,225,100.000,100.021,0,389,389,3.889171,SUCCESS,gaussian,
2026-08-28T05:06:17,87.3,40.0,sensor2_wifi,3,0,4,0,120,224,100.000,100.021,0,367,367,3.669245,SUCCESS,gaussian,
2026-08-28T05:07:57,87.3,40.0,sensor2_wifi,3,0,4,0,120,223,100.000,100.021,0,338,338,3.379297,SUCCESS,gaussian,
2026-08-28T05:09:37,87.3,40.0,sensor2_wifi,3,0,4,0,120,222,100.000,100.021,0,340,340,3.399294,SUCCESS,gaussian,
2026-08-28T05:11:18,87.3,40.0,sensor2_wifi,3,0,4,0,120,221,100.000,100.021,0,329,329,3.289299,SUCCESS,gaussian,
2026-08-28T05:12:58,87.3,40.0,sensor2_wifi,3,0,4,0,120,220,100.000,100.021,0,338,338,3.379301,SUCCESS,gaussian,
2026-08-28T05:14:38,87.3,40.0,sensor2_wifi,3,0,4,0,120,219,100.000,100.021,0,319,319,3.189344,SUCCESS,gaussian,
2026-08-28T05:16:19,87.3,40.0,sensor2_wifi,3,0,4,0,120,218,100.000,100.020,0,313,313,3.129366,SUCCESS,gaussian,
2026-08-28T05:17:59,87.3,40.0,sensor2_wifi,3,0,4,0,120,217,100.000,100.021,0,320,320,3.199324,SUCCESS,gaussian,
2026-08-28T05:19:39,87.3,40.0,sensor2_wifi,3,0,4,0,120,216,100.000,100.020,0,302,302,3.019381,SUCCESS,gaussian,
2026-08-28T05:21:20,87.3,40.0,sensor2_wifi,3,0,4,0,120,215,100.000,100.021,0,285,285,2.849392,SUCCESS,gaussian,
2026-08-28T05:23:00,87.3,40.0,sensor2_wifi,3,0,4,0,120,214,100.000,100.020,0,279,279,2.789441,SUCCESS,gaussian,
2026-08-28T05:24:40,87.3,40.0,sensor2_wifi,3,0,4,0,120,213,100.000,100.020,0,271,271,2.709455,SUCCESS,gaussian,
2026-08-28T05:26:20,87.3,40.0,sensor2_wifi,3,0,4,0,120,212,100.000,100.020,0,266,266,2.659459,SUCCESS,gaussian,
2026-08-28T05:28:01,87.3,40.0,sensor2_wifi,3,0,4,0,120,211,100.000,100.021,0,274,274,2.739437,SUCCESS,gaussian,
2026-08-28T05:29:41,87.3,40.0,sensor2_wifi,3,0,4,0,120,210,100.000,100.020,0,246,246,2.459499,SUCCESS,gaussian,
2026-08-28T05:31:21,87.3,40.0,sensor2_wifi,3,0,4,0,120,209,100.000,100.021,0,232,232,2.319524,SUCCESS,gaussian,
2026-08-28T05:33:02,87.3,40.0,sensor2_wifi,3,0,4,0,120,208,100.000,100.020,0,234,234,2.339521,SUCCESS,gaussian,
2026-08-28T05:34:42,87.3,40.0,sensor2_wifi,3,0,4,0,120,207,100.000,100.020,0,231,231,2.309532,SUCCESS,gaussian,
2026-08-28T05:36:22,87.3,40.0,sensor2_wifi,3,0,4,0,120,206,100.000,100.020,0,215,215,2.149560,SUCCESS,gaussian,
2026-08-28T05:38:03,87.3,40.0,sensor2_wifi,3,0,4,0,120,205,100.000,100.020,0,214,214,2.139565,SUCCESS,gaussian,
2026-08-28T05:39:43,87.3,40.0,sensor2_wifi,3,0,4,0,120,204,100.000,100.020,0,211,211,2.109574,SUCCESS,gaussian,
2026-08-28T05:41:23,87.3,40.0,sensor2_wifi,3,0,4,0,120,203,100.000,100.021,0,196,196,1.959587,SUCCESS,gaussian,
2026-08-28T05:43:04,87.3,40.0,sensor2_wifi,3,0,4,0,120,202,100.000,100.020,0,177,177,1.769638,SUCCESS,gaussian,
2026-08-28T05:44:44,87.3,40.0,sensor2_wifi,3,0,4,0,120,201,100.000,100.020,0,180,180,1.799633,SUCCESS,gaussian,
2026-08-28T05:46:24,87.3,40.0,sensor2_wifi,3,0,4,0,120,200,100.000,100.020,0,150,150,1.499698,SUCCESS,gaussian,
2026-08-28T05:48:05,87.3,40.0,sensor2_wifi,3,0,4,0,120,199,100.000,100.010,0,159,159,1.589834,SUCCESS,gaussian,
2026-08-28T05:49:45,87.3,40.0,sensor2_wifi,3,0,4,0,120,198,100.000,100.021,0,147,147,1.469688,SUCCESS,gaussian,
2026-08-28T05:51:25,87.3,40.0,sensor2_wifi,3,0,4,0,120,197,100.000,100.021,0,143,143,1.429706,SUCCESS,gaussian,
2026-08-28T05:53:05,87.3,40.0,sensor2_wifi,3,0,4,0,120,196,100.000,100.021,0,119,119,1.189755,SUCCESS,gaussian,
2026-08-28T05:54:46,87.3,40.0,sensor2_wifi,3,0,4,0,120,195,100.000,100.020,0,112,112,1.119774,SUCCESS,gaussian,
2026-08-28T05:56:26,87.3,40.0,sensor2_wifi,3,0,4,0,120,194,100.000,100.020,0,104,104,1.039787,SUCCESS,gaussian,
2026-08-28T05:58:06,87.3,40.0,sensor2_wifi,3,0,4,0,120,193,100.000,100.021,0,82,82,0.819832,SUCCESS,gaussian,
2026-08-28T05:59:47,87.3,40.0,sensor2_wifi,3,0,4,0,120,192,100.000,100.021,0,69,69,0.689858,SUCCESS,gaussian,
2026-08-28T06:01:27,87.3,40.0,sensor2_wifi,3,0,4,0,120,191,100.000,100.020,0,102,102,1.019791,SUCCESS,gaussian,
2026-08-28T06:03:07,87.3,40.0,sensor2_wifi,3,0,4,0,120,190,100.000,100.020,0,72,72,0.719854,SUCCESS,gaussian,
2026-08-28T06:04:48,87.3,40.0,sensor2_wifi,3,0,4,0,120,189,100.000,100.020,0,66,66,0.659866,SUCCESS,gaussian,
2026-08-28T06:06:28,87.3,40.0,sensor2_wifi,3,0,4,0,120,188,100.000,100.020,0,68,68,0.679861,SUCCESS,gaussian,
2026-08-28T06:08:08,87.3,40.0,sensor2_wifi,3,0,4,0,120,187,100.000,100.020,0,47,47,0.469906,SUCCESS,gaussian,
2026-08-28T06:09:48,87.3,40.0,sensor2_wifi,3,0,4,0,120,186,100.000,100.081,0,37,37,0.369701,SUCCESS,gaussian,
2026-08-28T06:11:29,87.3,40.0,sensor2_wifi,3,0,4,0,120,185,100.000,100.021,0,37,37,0.369924,SUCCESS,gaussian,
2026-08-28T06:13:09,87.3,40.0,sensor2_wifi,3,0,4,0,120,184,100.000,100.021,0,34,34,0.339930,SUCCESS,gaussian,
2026-08-28T06:14:49,87.3,40.0,sensor2_wifi,3,0,4,0,120,183,100.000,100.021,0,23,23,0.229952,SUCCESS,gaussian,
2026-08-28T06:16:30,87.3,40.0,sensor2_wifi,3,0,4,0,120,182,100.000,100.020,0,16,16,0.159967,SUCCESS,gaussian,
2026-08-28T06:18:10,87.3,40.0,sensor2_wifi,3,0,4,0,120,181,100.000,100.020,0,22,22,0.219956,SUCCESS,gaussian,
2026-08-28T06:19:50,87.3,40.0,sensor2_wifi,3,0,4,0,120,180,100.000,100.020,0,10,10,0.099980,SUCCESS,gaussian,
2026-08-28T06:21:31,87.3,40.0,sensor2_wifi,3,0,4,0,120,179,100.000,100.020,0,8,8,0.079984,SUCCESS,gaussian,
2026-08-28T06:23:11,87.3,40.0,sensor2_wifi,3,0,4,0,120,178,100.000,100.020,0,5,5,0.049990,SUCCESS,gaussian,
2026-08-28T06:24:51,87.3,40.0,sensor2_wifi,3,0,4,0,120,177,100.000,100.020,0,2,2,0.019996,SUCCESS,gaussian,
2026-08-28T06:26:32,87.3,40.0,sensor2_wifi,3,0,4,0,120,176,100.000,100.020,0,8,8,0.079984,SUCCESS,gaussian,
2026-08-28T06:28:12,87.3,40.0,sensor2_wifi,3,0,4,0,120,175,100.000,100.022,0,5,5,0.049989,SUCCESS,gaussian,
2026-08-28T06:29:52,87.3,40.0,sensor2_wifi,3,0,4,0,120,174,100.000,100.021,0,4,4,0.039992,SUCCESS,gaussian,
2026-08-28T06:31:32,87.3,40.0,sensor2_wifi,3,0,4,0,120,173,100.000,100.021,0,2,2,0.019996,SUCCESS,gaussian,
2026-08-28T06:33:13,87.3,40.0,sensor2_wifi,3,0,4,0,120,172,100.000,100.021,0,2,2,0.019996,SUCCESS,gaussian,
2026-08-28T06:34:53,87.3,40.0,sensor2_wifi,3,0,4,0,120,171,100.000,100.020,0,2,2,0.019996,SUCCESS,gaussian,
2026-08-28T06:36:33,87.3,40.0,sensor2_wifi,3,0,4,0,120,170,100.000,100.021,0,2,2,0.019996,SUCCESS,gaussian,
2026-08-28T06:38:14,87.3,40.0,sensor2_wifi,3,0,4,0,120,169,100.000,100.021,0,2,2,0.019996,SUCCESS,gaussian,
2026-08-28T06:39:54,87.3,40.0,sensor2_wifi,3,0,4,0,120,168,100.000,100.021,0,2,2,0.019996,SUCCESS,gaussian,
2026-08-28T06:41:34,87.3,40.0,sensor2_wifi,3,0,4,0,120,167,100.000,100.021,0,2,2,0.019996,SUCCESS,gaussian,
2026-08-28T06:43:15,87.3,40.0,sensor2_wifi,3,0,4,0,120,166,100.000,100.020,0,2,2,0.019996,SUCCESS,gaussian,
2026-08-28T06:44:55,87.3,40.0,sensor2_wifi,3,0,4,0,120,165,100.000,100.021,0,4,4,0.039992,SUCCESS,gaussian,
2026-08-28T06:46:35,87.3,40.0,sensor2_wifi,3,0,4,0,120,164,100.000,100.022,0,2,2,0.019996,SUCCESS,gaussian,
2026-08-28T06:48:16,87.3,40.0,sensor2_wifi,3,0,4,0,120,163,100.000,100.021,0,2,2,0.019996,SUCCESS,gaussian,
2026-08-28T06:49:56,87.3,40.0,sensor2_wifi,3,0,4,0,120,162,100.000,100.021,0,2,2,0.019996,SUCCESS,gaussian,
2026-08-28T06:51:36,87.3,40.0,sensor2_wifi,3,0,4,0,120,161,100.000,100.020,0,2,2,0.019996,SUCCESS,gaussian,
2026-08-28T06:53:16,87.3,40.0,sensor2_wifi,3,0,4,0,120,160,100.000,100.020,0,2,2,0.019996,SUCCESS,gaussian,
2026-08-28T06:54:57,87.3,40.0,sensor2_wifi,3,0,4,0,120,159,100.000,100.020,0,2,2,0.019996,SUCCESS,gaussian,
2026-08-28T06:56:37,87.3,40.0,sensor2_wifi,3,0,4,0,120,158,100.000,100.021,0,2,2,0.019996,SUCCESS,gaussian,
2026-08-28T06:58:17,87.3,40.0,sensor2_wifi,3,0,4,0,120,157,100.000,100.020,0,2,2,0.019996,SUCCESS,gaussian,
2026-08-28T06:59:58,87.3,40.0,sensor2_wifi,3,0,4,0,120,156,100.000,100.021,0,2,2,0.019996,SUCCESS,gaussian,
2026-08-28T07:01:38,87.3,40.0,sensor2_wifi,3,0,4,0,120,155,100.000,100.020,0,2,2,0.019996,SUCCESS,gaussian,
2026-08-28T07:03:18,87.3,40.0,sensor2_wifi,3,0,4,0,120,154,100.000,100.021,0,1,1,0.009998,SUCCESS,gaussian,
2026-08-28T07:04:59,87.3,40.0,sensor2_wifi,3,0,4,0,120,153,100.000,100.020,0,1,1,0.009998,SUCCESS,gaussian,
2026-08-28T07:06:39,87.3,40.0,sensor2_wifi,3,0,4,0,120,152,100.000,100.021,0,1,1,0.009998,SUCCESS,gaussian,
2026-08-28T07:08:19,87.3,40.0,sensor2_wifi,3,0,4,0,120,151,100.000,100.020,0,1,1,0.009998,SUCCESS,gaussian,
2026-08-28T07:10:00,87.3,40.0,sensor2_wifi,3,0,4,0,120,150,100.000,100.021,0,0,0,0.000000,SUCCESS,gaussian,
2026-08-28T07:11:40,87.3,40.0,sensor2_wifi,3,0,4,0,120,149,100.000,100.021,0,1,1,0.009998,SUCCESS,gaussian,
2026-08-28T07:13:20,87.3,40.0,sensor2_wifi,3,0,4,0,120,148,100.000,100.021,0,1,1,0.009998,SUCCESS,gaussian,
2026-08-28T07:15:00,87.3,40.0,sensor2_wifi,3,0,4,0,120,147,100.000,100.020,0,1,1,0.009998,SUCCESS,gaussian,
2026-08-28T07:16:41,87.3,40.0,sensor2_wifi,3,0,4,0,120,146,100.000,100.021,0,1,1,0.009998,SUCCESS,gaussian,
2026-08-28T07:18:21,87.3,40.0,sensor2_wifi,3,0,4,0,120,145,100.000,100.022,0,1,1,0.009998,SUCCESS,gaussian,
2026-08-28T07:20:01,87.3,40.0,sensor2_wifi,3,0,4,0,120,144,100.000,100.021,0,1,1,0.009998,SUCCESS,gaussian,
2026-08-28T07:21:42,87.3,40.0,sensor2_wifi,3,0,4,0,120,143,100.000,100.021,0,1,1,0.009998,SUCCESS,gaussian,
2026-08-28T07:23:22,87.3,40.0,sensor2_wifi,3,0,4,0,120,142,100.000,100.021,0,1,1,0.009998,SUCCESS,gaussian,
2026-08-28T07:25:02,87.3,40.0,sensor2_wifi,3,0,4,0,120,141,100.000,100.021,0,1,1,0.009998,SUCCESS,gaussian,
2026-08-28T07:26:43,87.3,40.0,sensor2_wifi,3,0,4,0,120,140,100.000,100.020,0,1,1,0.009998,SUCCESS,gaussian,
2026-08-28T07:28:23,87.3,40.0,sensor2_wifi,3,0,4,0,120,139,100.000,100.021,0,1,1,0.009998,SUCCESS,gaussian,
2026-08-28T07:30:03,87.3,40.0,sensor2_wifi,3,0,4,0,120,138,100.000,100.021,0,1,1,0.009998,SUCCESS,gaussian,
2026-08-28T07:31:43,87.3,40.0,sensor2_wifi,3,0,4,0,120,137,100.000,100.021,0,1,1,0.009998,SUCCESS,gaussian,
2026-08-28T07:33:24,87.3,40.0,sensor2_wifi,3,0,4,0,120,136,100.000,100.021,0,1,1,0.009998,SUCCESS,gaussian,
2026-08-28T07:35:04,87.3,40.0,sensor2_wifi,3,0,4,0,120,135,100.000,100.020,0,1,1,0.009998,SUCCESS,gaussian,
2026-08-28T07:36:44,87.3,40.0,sensor2_wifi,3,0,4,0,120,134,100.000,100.020,0,0,0,0.000000,SUCCESS,gaussian,
2026-08-28T07:38:25,87.3,40.0,sensor2_wifi,3,0,4,0,120,133,100.000,100.020,0,1,1,0.009998,SUCCESS,gaussian,
2026-08-28T07:40:05,87.3,40.0,sensor2_wifi,3,0,4,0,120,132,100.000,100.021,0,1,1,0.009998,SUCCESS,gaussian,
2026-08-28T07:41:45,87.3,40.0,sensor2_wifi,3,0,4,0,120,131,100.000,100.021,0,1,1,0.009998,SUCCESS,gaussian,
2026-08-28T07:43:26,87.3,40.0,sensor2_wifi,3,0,4,0,120,130,100.000,100.021,0,0,0,0.000000,SUCCESS,gaussian,
2026-08-28T07:45:06,87.3,40.0,sensor2_wifi,3,0,4,0,120,129,100.000,100.022,0,0,0,0.000000,SUCCESS,gaussian,
2026-08-28T07:46:46,87.3,40.0,sensor2_wifi,3,1,5,1,120,255,100.000,100.021,0,5710285,5710285,57091.134371,SUCCESS,gaussian,
2026-08-28T07:48:27,87.3,40.0,sensor2_wifi,3,1,5,1,120,254,100.000,100.021,0,7538986,7538986,75374.286652,SUCCESS,gaussian,
2026-08-28T07:50:07,87.3,40.0,sensor2_wifi,3,1,5,1,120,253,100.000,100.020,0,9569157,9569157,95672.141797,SUCCESS,gaussian,
2026-08-28T07:51:47,87.3,40.0,sensor2_wifi,3,1,5,1,120,252,100.000,100.020,0,11142868,11142868,111406.093348,SUCCESS,gaussian,
2026-08-28T07:53:28,87.3,40.0,sensor2_wifi,3,1,5,1,120,251,100.000,100.021,0,12638503,12638503,126359.100244,SUCCESS,gaussian,
2026-08-28T07:55:08,87.3,40.0,sensor2_wifi,3,1,5,1,120,250,100.000,100.022,0,13798728,13798728,137957.593638,SUCCESS,gaussian,
2026-08-28T07:56:48,87.3,40.0,sensor2_wifi,3,1,5,1,120,249,100.000,100.020,0,15424615,15424615,154214.720641,SUCCESS,gaussian,
2026-08-28T07:58:29,87.3,40.0,sensor2_wifi,3,1,5,1,120,248,100.000,100.021,0,379989,379989,3799.104084,SUCCESS,gaussian,
2026-08-28T08:00:09,87.3,40.0,sensor2_wifi,3,1,5,1,120,247,100.000,100.020,0,2355039,2355039,23545.584837,SUCCESS,gaussian,
2026-08-28T08:01:49,87.3,40.0,sensor2_wifi,3,1,5,1,120,246,100.000,100.021,0,3848514,3848514,38476.941354,SUCCESS,gaussian,
2026-08-28T08:03:29,87.3,40.0,sensor2_wifi,3,1,5,1,120,245,100.000,100.021,0,3897558,3897558,38967.486518,SUCCESS,gaussian,
2026-08-28T08:05:10,87.3,40.0,sensor2_wifi,3,1,5,1,120,244,100.000,100.021,0,1911984,1911984,19115.807103,SUCCESS,gaussian,
2026-08-28T08:06:50,87.3,40.0,sensor2_wifi,3,1,5,1,120,243,100.000,100.020,0,14861166,14861166,148581.415565,SUCCESS,gaussian,
2026-08-28T08:08:30,87.3,40.0,sensor2_wifi,3,1,5,1,120,242,100.000,100.020,0,11246293,11246293,112440.177125,SUCCESS,gaussian,
2026-08-28T08:10:11,87.3,40.0,sensor2_wifi,3,1,5,1,120,241,100.000,100.020,0,6818750,6818750,68173.627169,SUCCESS,gaussian,
2026-08-28T08:11:51,87.3,40.0,sensor2_wifi,3,1,5,1,120,240,100.000,100.020,0,4431501,4431501,44306.096395,SUCCESS,gaussian,
2026-08-28T08:13:31,87.3,40.0,sensor2_wifi,3,1,5,1,120,239,100.000,100.020,0,3512058,3512058,35113.469326,SUCCESS,gaussian,
2026-08-28T08:15:12,87.3,40.0,sensor2_wifi,3,1,5,1,120,238,100.000,100.020,0,2115610,2115610,21151.773177,SUCCESS,gaussian,
2026-08-28T08:16:52,87.3,40.0,sensor2_wifi,3,1,5,1,120,237,100.000,100.020,0,1159679,1159679,11594.424041,SUCCESS,gaussian,
2026-08-28T08:18:32,87.3,40.0,sensor2_wifi,3,1,5,1,120,236,100.000,100.021,0,641484,641484,6413.516563,SUCCESS,gaussian,
2026-08-28T08:20:13,87.3,40.0,sensor2_wifi,3,1,5,1,120,235,100.000,100.021,0,314999,314999,3149.339214,SUCCESS,gaussian,
2026-08-28T08:21:53,87.3,40.0,sensor2_wifi,3,1,5,1,120,234,100.000,100.020,0,158107,158107,1580.748864,SUCCESS,gaussian,
2026-08-28T08:23:33,87.3,40.0,sensor2_wifi,3,1,5,1,120,233,100.000,100.020,0,71887,71887,718.725698,SUCCESS,gaussian,
2026-08-28T08:25:13,87.3,40.0,sensor2_wifi,3,1,5,1,120,232,100.000,100.020,0,39611,39611,396.030279,SUCCESS,gaussian,
2026-08-28T08:26:54,87.3,40.0,sensor2_wifi,3,1,5,1,120,231,100.000,100.020,0,18097,18097,180.933467,SUCCESS,gaussian,
2026-08-28T08:28:34,87.3,40.0,sensor2_wifi,3,1,5,1,120,230,100.000,100.020,0,8286,8286,82.843237,SUCCESS,gaussian,
2026-08-28T08:30:14,87.3,40.0,sensor2_wifi,3,1,5,1,120,229,100.000,100.020,0,3371,3371,33.703234,SUCCESS,gaussian,
2026-08-28T08:31:55,87.3,40.0,sensor2_wifi,3,1,5,1,120,228,100.000,100.020,0,1863,1863,18.626244,SUCCESS,gaussian,
2026-08-28T08:33:35,87.3,40.0,sensor2_wifi,3,1,5,1,120,227,100.000,100.021,0,1079,1079,10.787760,SUCCESS,gaussian,
2026-08-28T08:35:15,87.3,40.0,sensor2_wifi,3,1,5,1,120,226,100.000,100.021,0,705,705,7.048539,SUCCESS,gaussian,
2026-08-28T08:36:56,87.3,40.0,sensor2_wifi,3,1,5,1,120,225,100.000,100.022,0,565,565,5.648783,SUCCESS,gaussian,
2026-08-28T08:38:36,87.3,40.0,sensor2_wifi,3,1,5,1,120,224,100.000,100.021,0,463,463,4.629025,SUCCESS,gaussian,
2026-08-28T08:40:16,87.3,40.0,sensor2_wifi,3,1,5,1,120,223,100.000,100.020,0,454,454,4.539089,SUCCESS,gaussian,
2026-08-28T08:41:57,87.3,40.0,sensor2_wifi,3,1,5,1,120,222,100.000,100.020,0,431,431,4.309125,SUCCESS,gaussian,
2026-08-28T08:43:37,87.3,40.0,sensor2_wifi,3,1,5,1,120,221,100.000,100.021,0,418,418,4.179136,SUCCESS,gaussian,
2026-08-28T08:45:17,87.3,40.0,sensor2_wifi,3,1,5,1,120,220,100.000,100.020,0,405,405,4.049171,SUCCESS,gaussian,
2026-08-28T08:46:57,87.3,40.0,sensor2_wifi,3,1,5,1,120,219,100.000,100.020,0,402,402,4.019192,SUCCESS,gaussian,
2026-08-28T08:48:38,87.3,40.0,sensor2_wifi,3,1,5,1,120,218,100.000,100.021,0,401,401,4.009166,SUCCESS,gaussian,
2026-08-28T08:50:18,87.3,40.0,sensor2_wifi,3,1,5,1,120,217,100.000,100.021,0,380,380,3.799192,SUCCESS,gaussian,
2026-08-28T08:51:58,87.3,40.0,sensor2_wifi,3,1,5,1,120,216,100.000,100.020,0,369,369,3.689247,SUCCESS,gaussian,
2026-08-28T08:53:39,87.3,40.0,sensor2_wifi,3,1,5,1,120,215,100.000,100.021,0,367,367,3.669247,SUCCESS,gaussian,
2026-08-28T08:55:19,87.3,40.0,sensor2_wifi,3,1,5,1,120,214,100.000,100.021,0,366,366,3.659234,SUCCESS,gaussian,
2026-08-28T08:56:59,87.3,40.0,sensor2_wifi,3,1,5,1,120,213,100.000,100.021,0,345,345,3.449265,SUCCESS,gaussian,
2026-08-28T08:58:40,87.3,40.0,sensor2_wifi,3,1,5,1,120,212,100.000,100.021,0,326,326,3.259312,SUCCESS,gaussian,
2026-08-28T09:00:20,87.3,40.0,sensor2_wifi,3,1,5,1,120,211,100.000,100.021,0,339,339,3.389293,SUCCESS,gaussian,
2026-08-28T09:02:00,87.3,40.0,sensor2_wifi,3,1,5,1,120,210,100.000,100.021,0,313,313,3.129353,SUCCESS,gaussian,
2026-08-28T09:03:41,87.3,40.0,sensor2_wifi,3,1,5,1,120,209,100.000,100.021,0,319,319,3.189338,SUCCESS,gaussian,
2026-08-28T09:05:21,87.3,40.0,sensor2_wifi,3,1,5,1,120,208,100.000,100.021,0,317,317,3.169334,SUCCESS,gaussian,
2026-08-28T09:07:01,87.3,40.0,sensor2_wifi,3,1,5,1,120,207,100.000,100.021,0,317,317,3.169349,SUCCESS,gaussian,
2026-08-28T09:08:41,87.3,40.0,sensor2_wifi,3,1,5,1,120,206,100.000,100.021,0,310,310,3.099365,SUCCESS,gaussian,
2026-08-28T09:10:22,87.3,40.0,sensor2_wifi,3,1,5,1,120,205,100.000,100.020,0,297,297,2.969399,SUCCESS,gaussian,
2026-08-28T09:12:02,87.3,40.0,sensor2_wifi,3,1,5,1,120,204,100.000,100.021,0,294,294,2.939392,SUCCESS,gaussian,
2026-08-28T09:13:42,87.3,40.0,sensor2_wifi,3,1,5,1,120,203,100.000,100.021,0,274,274,2.739435,SUCCESS,gaussian,
2026-08-28T09:15:23,87.3,40.0,sensor2_wifi,3,1,5,1,120,202,100.000,100.020,0,274,274,2.739444,SUCCESS,gaussian,
2026-08-28T09:17:03,87.3,40.0,sensor2_wifi,3,1,5,1,120,201,100.000,100.020,0,267,267,2.669456,SUCCESS,gaussian,
2026-08-28T09:18:43,87.3,40.0,sensor2_wifi,3,1,5,1,120,200,100.000,100.020,0,252,252,2.519494,SUCCESS,gaussian,
2026-08-28T09:20:24,87.3,40.0,sensor2_wifi,3,1,5,1,120,199,100.000,100.020,0,256,256,2.559481,SUCCESS,gaussian,
2026-08-28T09:22:04,87.3,40.0,sensor2_wifi,3,1,5,1,120,198,100.000,100.020,0,228,228,2.279541,SUCCESS,gaussian,
2026-08-28T09:23:44,87.3,40.0,sensor2_wifi,3,1,5,1,120,197,100.000,100.021,0,217,217,2.169545,SUCCESS,gaussian,
2026-08-28T09:25:24,87.3,40.0,sensor2_wifi,3,1,5,1,120,196,100.000,100.020,0,218,218,2.179562,SUCCESS,gaussian,
2026-08-28T09:27:05,87.3,40.0,sensor2_wifi,3,1,5,1,120,195,100.000,100.021,0,211,211,2.109567,SUCCESS,gaussian,
2026-08-28T09:28:45,87.3,40.0,sensor2_wifi,3,1,5,1,120,194,100.000,100.020,0,205,205,2.049582,SUCCESS,gaussian,
2026-08-28T09:30:25,87.3,40.0,sensor2_wifi,3,1,5,1,120,193,100.000,100.021,0,198,198,1.979589,SUCCESS,gaussian,
2026-08-28T09:32:06,87.3,40.0,sensor2_wifi,3,1,5,1,120,192,100.000,100.020,0,182,182,1.819630,SUCCESS,gaussian,
2026-08-28T09:33:46,87.3,40.0,sensor2_wifi,3,1,5,1,120,191,100.000,100.020,0,176,176,1.759640,SUCCESS,gaussian,
2026-08-28T09:35:26,87.3,40.0,sensor2_wifi,3,1,5,1,120,190,100.000,100.020,0,180,180,1.799632,SUCCESS,gaussian,
2026-08-28T09:37:07,87.3,40.0,sensor2_wifi,3,1,5,1,120,189,100.000,100.020,0,165,165,1.649664,SUCCESS,gaussian,
2026-08-28T09:38:47,87.3,40.0,sensor2_wifi,3,1,5,1,120,188,100.000,100.020,0,149,149,1.489699,SUCCESS,gaussian,
2026-08-28T09:40:27,87.3,40.0,sensor2_wifi,3,1,5,1,120,187,100.000,100.020,0,143,143,1.429708,SUCCESS,gaussian,
2026-08-28T09:42:08,87.3,40.0,sensor2_wifi,3,1,5,1,120,186,100.000,100.020,0,133,133,1.329730,SUCCESS,gaussian,
2026-08-28T09:43:48,87.3,40.0,sensor2_wifi,3,1,5,1,120,185,100.000,100.021,0,121,121,1.209748,SUCCESS,gaussian,
2026-08-28T09:45:28,87.3,40.0,sensor2_wifi,3,1,5,1,120,184,100.000,100.020,0,97,97,0.969802,SUCCESS,gaussian,
2026-08-28T09:47:09,87.3,40.0,sensor2_wifi,3,1,5,1,120,183,100.000,100.020,0,84,84,0.839829,SUCCESS,gaussian,
2026-08-28T09:48:49,87.3,40.0,sensor2_wifi,3,1,5,1,120,182,100.000,100.021,0,76,76,0.759842,SUCCESS,gaussian,
2026-08-28T09:50:29,87.3,40.0,sensor2_wifi,3,1,5,1,120,181,100.000,100.021,0,70,70,0.699856,SUCCESS,gaussian,
2026-08-28T09:52:09,87.3,40.0,sensor2_wifi,3,1,5,1,120,180,100.000,100.021,0,54,54,0.539886,SUCCESS,gaussian,
2026-08-28T09:53:50,87.3,40.0,sensor2_wifi,3,1,5,1,120,179,100.000,100.020,0,46,46,0.459906,SUCCESS,gaussian,
2026-08-28T09:55:30,87.3,40.0,sensor2_wifi,3,1,5,1,120,178,100.000,100.020,0,44,44,0.439910,SUCCESS,gaussian,
2026-08-28T09:57:10,87.3,40.0,sensor2_wifi,3,1,5,1,120,177,100.000,100.021,0,39,39,0.389918,SUCCESS,gaussian,
2026-08-28T09:58:51,87.3,40.0,sensor2_wifi,3,1,5,1,120,176,100.000,100.021,0,27,27,0.269944,SUCCESS,gaussian,
2026-08-28T10:00:31,87.3,40.0,sensor2_wifi,3,1,5,1,120,175,100.000,100.020,0,25,25,0.249950,SUCCESS,gaussian,
2026-08-28T10:02:11,87.3,40.0,sensor2_wifi,3,1,5,1,120,174,100.000,100.021,0,22,22,0.219954,SUCCESS,gaussian,
2026-08-28T10:03:52,87.3,40.0,sensor2_wifi,3,1,5,1,120,173,100.000,100.020,0,13,13,0.129974,SUCCESS,gaussian,
2026-08-28T10:05:32,87.3,40.0,sensor2_wifi,3,1,5,1,120,172,100.000,100.020,0,21,21,0.209957,SUCCESS,gaussian,
2026-08-28T10:07:12,87.3,40.0,sensor2_wifi,3,1,5,1,120,171,100.000,100.020,0,16,16,0.159967,SUCCESS,gaussian,
2026-08-28T10:08:53,87.3,40.0,sensor2_wifi,3,1,5,1,120,170,100.000,100.021,0,16,16,0.159967,SUCCESS,gaussian,
2026-08-28T10:10:33,87.3,40.0,sensor2_wifi,3,1,5,1,120,169,100.000,100.020,0,8,8,0.079984,SUCCESS,gaussian,
2026-08-28T10:12:13,87.3,40.0,sensor2_wifi,3,1,5,1,120,168,100.000,100.021,0,6,6,0.059988,SUCCESS,gaussian,
2026-08-28T10:13:53,87.3,40.0,sensor2_wifi,3,1,5,1,120,167,100.000,100.020,0,4,4,0.039992,SUCCESS,gaussian,
2026-08-28T10:15:34,87.3,40.0,sensor2_wifi,3,1,5,1,120,166,100.000,100.020,0,2,2,0.019996,SUCCESS,gaussian,
2026-08-28T10:17:14,87.3,40.0,sensor2_wifi,3,1,5,1,120,165,100.000,100.021,0,4,4,0.039991,SUCCESS,gaussian,
2026-08-28T10:18:54,87.3,40.0,sensor2_wifi,3,1,5,1,120,164,100.000,100.021,0,2,2,0.019996,SUCCESS,gaussian,
2026-08-28T10:20:35,87.3,40.0,sensor2_wifi,3,1,5,1,120,163,100.000,100.020,0,3,3,0.029994,SUCCESS,gaussian,
2026-08-28T10:22:15,87.3,40.0,sensor2_wifi,3,1,5,1,120,162,100.000,100.021,0,2,2,0.019996,SUCCESS,gaussian,
2026-08-28T10:23:55,87.3,40.0,sensor2_wifi,3,1,5,1,120,161,100.000,100.021,0,2,2,0.019996,SUCCESS,gaussian,
2026-08-28T10:25:36,87.3,40.0,sensor2_wifi,3,1,5,1,120,160,100.000,100.020,0,2,2,0.019996,SUCCESS,gaussian,
2026-08-28T10:27:16,87.3,40.0,sensor2_wifi,3,1,5,1,120,159,100.000,100.020,0,4,4,0.039992,SUCCESS,gaussian,
2026-08-28T10:28:56,87.3,40.0,sensor2_wifi,3,1,5,1,120,158,100.000,100.021,0,2,2,0.019996,SUCCESS,gaussian,
2026-08-28T10:30:37,87.3,40.0,sensor2_wifi,3,1,5,1,120,157,100.000,100.021,0,2,2,0.019996,SUCCESS,gaussian,
2026-08-28T10:32:17,87.3,40.0,sensor2_wifi,3,1,5,1,120,156,100.000,100.021,0,2,2,0.019996,SUCCESS,gaussian,
2026-08-28T10:33:57,87.3,40.0,sensor2_wifi,3,1,5,1,120,155,100.000,100.021,0,2,2,0.019996,SUCCESS,gaussian,
2026-08-28T10:35:38,87.3,40.0,sensor2_wifi,3,1,5,1,120,154,100.000,100.020,0,2,2,0.019996,SUCCESS,gaussian,
2026-08-28T10:37:18,87.3,40.0,sensor2_wifi,3,1,5,1,120,153,100.000,100.021,0,2,2,0.019996,SUCCESS,gaussian,
2026-08-28T10:38:58,87.3,40.0,sensor2_wifi,3,1,5,1,120,152,100.000,100.020,0,2,2,0.019996,SUCCESS,gaussian,
2026-08-28T10:40:38,87.3,40.0,sensor2_wifi,3,1,5,1,120,151,100.000,100.021,0,2,2,0.019996,SUCCESS,gaussian,
2026-08-28T10:42:19,87.3,40.0,sensor2_wifi,3,1,5,1,120,150,100.000,100.021,0,2,2,0.019996,SUCCESS,gaussian,
2026-08-28T10:43:59,87.3,40.0,sensor2_wifi,3,1,5,1,120,149,100.000,100.021,0,2,2,0.019996,SUCCESS,gaussian,
2026-08-28T10:45:39,87.3,40.0,sensor2_wifi,3,1,5,1,120,148,100.000,100.020,0,2,2,0.019996,SUCCESS,gaussian,
2026-08-28T10:47:20,87.3,40.0,sensor2_wifi,3,1,5,1,120,147,100.000,100.020,0,1,1,0.009998,SUCCESS,gaussian,
2026-08-28T10:49:00,87.3,40.0,sensor2_wifi,3,1,5,1,120,146,100.000,100.020,0,1,1,0.009998,SUCCESS,gaussian,
2026-08-28T10:50:40,87.3,40.0,sensor2_wifi,3,1,5,1,120,145,100.000,100.020,0,1,1,0.009998,SUCCESS,gaussian,
2026-08-28T10:52:21,87.3,40.0,sensor2_wifi,3,1,5,1,120,144,100.000,100.020,0,2,2,0.019996,SUCCESS,gaussian,
2026-08-28T10:54:01,87.3,40.0,sensor2_wifi,3,1,5,1,120,143,100.000,100.021,0,1,1,0.009998,SUCCESS,gaussian,
2026-08-28T10:55:41,87.3,40.0,sensor2_wifi,3,1,5,1,120,142,100.000,100.020,0,1,1,0.009998,SUCCESS,gaussian,
2026-08-28T10:57:22,87.3,40.0,sensor2_wifi,3,1,5,1,120,141,100.000,100.020,0,1,1,0.009998,SUCCESS,gaussian,
2026-08-28T10:59:02,87.3,40.0,sensor2_wifi,3,1,5,1,120,140,100.000,100.021,0,2,2,0.019996,SUCCESS,gaussian,
2026-08-28T11:00:42,87.3,40.0,sensor2_wifi,3,1,5,1,120,139,100.000,100.021,0,1,1,0.009998,SUCCESS,gaussian,
2026-08-28T11:02:22,87.3,40.0,sensor2_wifi,3,1,5,1,120,138,100.000,100.020,0,1,1,0.009998,SUCCESS,gaussian,
2026-08-28T11:04:03,87.3,40.0,sensor2_wifi,3,1,5,1,120,137,100.000,100.021,0,1,1,0.009998,SUCCESS,gaussian,
2026-08-28T11:05:43,87.3,40.0,sensor2_wifi,3,1,5,1,120,136,100.000,100.020,0,1,1,0.009998,SUCCESS,gaussian,
2026-08-28T11:07:23,87.3,40.0,sensor2_wifi,3,1,5,1,120,135,100.000,100.020,0,1,1,0.009998,SUCCESS,gaussian,
2026-08-28T11:09:04,87.3,40.0,sensor2_wifi,3,1,5,1,120,134,100.000,100.020,0,1,1,0.009998,SUCCESS,gaussian,
2026-08-28T11:10:44,87.3,40.0,sensor2_wifi,3,1,5,1,120,133,100.000,100.021,0,1,1,0.009998,SUCCESS,gaussian,
2026-08-28T11:12:24,87.3,40.0,sensor2_wifi,3,1,5,1,120,132,100.000,100.020,0,0,0,0.000000,SUCCESS,gaussian,
2026-08-28T11:14:05,87.3,40.0,sensor2_wifi,3,1,5,1,120,131,100.000,100.020,0,0,0,0.000000,SUCCESS,gaussian,
2026-08-28T11:15:45,87.3,40.0,sensor2_wifi,3,2,6,2,120,255,100.000,100.021,0,14016216,14016216,140132.700855,SUCCESS,gaussian,
2026-08-28T11:17:25,87.3,40.0,sensor2_wifi,3,2,6,2,120,254,100.000,100.021,0,15203065,15203065,151998.618450,SUCCESS,gaussian,
2026-08-28T11:19:06,87.3,40.0,sensor2_wifi,3,2,6,2,120,253,100.000,100.020,0,16654110,16654110,166507.339650,SUCCESS,gaussian,
2026-08-28T11:20:46,87.3,40.0,sensor2_wifi,3,2,6,2,120,252,100.000,100.020,0,1893086,1893086,18927.008674,SUCCESS,gaussian,
2026-08-28T11:22:26,87.3,40.0,sensor2_wifi,3,2,6,2,120,251,100.000,100.020,0,4111383,4111383,41105.546862,SUCCESS,gaussian,
2026-08-28T11:24:06,87.3,40.0,sensor2_wifi,3,2,6,2,120,250,100.000,100.021,0,4701227,4701227,47002.577009,SUCCESS,gaussian,
2026-08-28T11:25:47,87.3,40.0,sensor2_wifi,3,2,6,2,120,249,100.000,100.020,0,3186327,3186327,31856.823676,SUCCESS,gaussian,
2026-08-28T11:27:27,87.3,40.0,sensor2_wifi,3,2,6,2,120,248,100.000,100.020,0,548633,548633,5485.207981,SUCCESS,gaussian,
2026-08-28T11:29:07,87.3,40.0,sensor2_wifi,3,2,6,2,120,247,100.000,100.020,0,13792171,13792171,137893.967179,SUCCESS,gaussian,
2026-08-28T11:30:48,87.3,40.0,sensor2_wifi,3,2,6,2,120,246,100.000,100.020,0,9804371,9804371,98023.947710,SUCCESS,gaussian,
2026-08-28T11:32:28,87.3,40.0,sensor2_wifi,3,2,6,2,120,245,100.000,100.020,0,6148447,6148447,61472.007212,SUCCESS,gaussian,
2026-08-28T11:34:08,87.3,40.0,sensor2_wifi,3,2,6,2,120,244,100.000,100.020,0,3850528,3850528,38497.522403,SUCCESS,gaussian,
2026-08-28T11:35:49,87.3,40.0,sensor2_wifi,3,2,6,2,120,243,100.000,100.020,0,1995699,1995699,19952.950225,SUCCESS,gaussian,
2026-08-28T11:37:29,87.3,40.0,sensor2_wifi,3,2,6,2,120,242,100.000,100.021,0,1170915,1170915,11706.733798,SUCCESS,gaussian,
2026-08-28T11:39:09,87.3,40.0,sensor2_wifi,3,2,6,2,120,241,100.000,100.020,0,644422,644422,6442.907011,SUCCESS,gaussian,
2026-08-28T11:40:50,87.3,40.0,sensor2_wifi,3,2,6,2,120,240,100.000,100.021,0,358005,358005,3579.316020,SUCCESS,gaussian,
2026-08-28T11:42:30,87.3,40.0,sensor2_wifi,3,2,6,2,120,239,100.000,100.020,0,176583,176583,1765.475693,SUCCESS,gaussian,
2026-08-28T11:44:10,87.3,40.0,sensor2_wifi,3,2,6,2,120,238,100.000,100.020,0,98325,98325,983.049755,SUCCESS,gaussian,
2026-08-28T11:45:51,87.3,40.0,sensor2_wifi,3,2,6,2,120,237,100.000,100.020,0,47092,47092,470.824027,SUCCESS,gaussian,
2026-08-28T11:47:31,87.3,40.0,sensor2_wifi,3,2,6,2,120,236,100.000,100.020,0,24382,24382,243.770255,SUCCESS,gaussian,
2026-08-28T11:49:11,87.3,40.0,sensor2_wifi,3,2,6,2,120,235,100.000,100.020,0,9666,9666,96.640221,SUCCESS,gaussian,
2026-08-28T11:50:51,87.3,40.0,sensor2_wifi,3,2,6,2,120,234,100.000,100.020,0,4654,4654,46.530501,SUCCESS,gaussian,
2026-08-28T11:52:32,87.3,40.0,sensor2_wifi,3,2,6,2,120,233,100.000,100.021,0,2066,2066,20.655746,SUCCESS,gaussian,
2026-08-28T11:54:12,87.3,40.0,sensor2_wifi,3,2,6,2,120,232,100.000,100.020,0,1205,1205,12.047554,SUCCESS,gaussian,
2026-08-28T11:55:52,87.3,40.0,sensor2_wifi,3,2,6,2,120,231,100.000,100.020,0,869,869,8.688227,SUCCESS,gaussian,
2026-08-28T11:57:33,87.3,40.0,sensor2_wifi,3,2,6,2,120,230,100.000,100.020,0,646,646,6.458686,SUCCESS,gaussian,
2026-08-28T11:59:13,87.3,40.0,sensor2_wifi,3,2,6,2,120,229,100.000,100.021,0,520,520,5.198926,SUCCESS,gaussian,
2026-08-28T12:00:53,87.3,40.0,sensor2_wifi,3,2,6,2,120,228,100.000,100.020,0,486,486,4.859010,SUCCESS,gaussian,
2026-08-28T12:02:34,87.3,40.0,sensor2_wifi,3,2,6,2,120,227,100.000,100.020,0,458,458,4.579074,SUCCESS,gaussian,
2026-08-28T12:04:14,87.3,40.0,sensor2_wifi,3,2,6,2,120,226,100.000,100.021,0,441,441,4.409092,SUCCESS,gaussian,
2026-08-28T12:05:54,87.3,40.0,sensor2_wifi,3,2,6,2,120,225,100.000,100.020,0,433,433,4.329120,SUCCESS,gaussian,
2026-08-28T12:07:34,87.3,40.0,sensor2_wifi,3,2,6,2,120,224,100.000,100.020,0,422,422,4.219140,SUCCESS,gaussian,
2026-08-28T12:09:15,87.3,40.0,sensor2_wifi,3,2,6,2,120,223,100.000,100.020,0,416,416,4.159158,SUCCESS,gaussian,
2026-08-28T12:10:55,87.3,40.0,sensor2_wifi,3,2,6,2,120,222,100.000,100.021,0,390,390,3.899197,SUCCESS,gaussian,
2026-08-28T12:12:35,87.3,40.0,sensor2_wifi,3,2,6,2,120,221,100.000,100.020,0,394,394,3.939193,SUCCESS,gaussian,
2026-08-28T12:14:16,87.3,40.0,sensor2_wifi,3,2,6,2,120,220,100.000,100.020,0,375,375,3.749244,SUCCESS,gaussian,
2026-08-28T12:15:56,87.3,40.0,sensor2_wifi,3,2,6,2,120,219,100.000,100.021,0,392,392,3.919171,SUCCESS,gaussian,
2026-08-28T12:17:36,87.3,40.0,sensor2_wifi,3,2,6,2,120,218,100.000,100.021,0,382,382,3.819214,SUCCESS,gaussian,
2026-08-28T12:19:17,87.3,40.0,sensor2_wifi,3,2,6,2,120,217,100.000,100.021,0,355,355,3.549268,SUCCESS,gaussian,
2026-08-28T12:20:57,87.3,40.0,sensor2_wifi,3,2,6,2,120,216,100.000,100.021,0,355,355,3.549246,SUCCESS,gaussian,
2026-08-28T12:22:37,87.3,40.0,sensor2_wifi,3,2,6,2,120,215,100.000,100.021,0,341,341,3.409299,SUCCESS,gaussian,
2026-08-28T12:24:18,87.3,40.0,sensor2_wifi,3,2,6,2,120,214,100.000,100.020,0,341,341,3.409305,SUCCESS,gaussian,
2026-08-28T12:25:58,87.3,40.0,sensor2_wifi,3,2,6,2,120,213,100.000,100.020,0,337,337,3.369321,SUCCESS,gaussian,
2026-08-28T12:27:38,87.3,40.0,sensor2_wifi,3,2,6,2,120,212,100.000,100.020,0,322,322,3.219340,SUCCESS,gaussian,
2026-08-28T12:29:18,87.3,40.0,sensor2_wifi,3,2,6,2,120,211,100.000,100.021,0,314,314,3.139356,SUCCESS,gaussian,
2026-08-28T12:30:59,87.3,40.0,sensor2_wifi,3,2,6,2,120,210,100.000,100.020,0,300,300,2.999390,SUCCESS,gaussian,
2026-08-28T12:32:39,87.3,40.0,sensor2_wifi,3,2,6,2,120,209,100.000,100.020,0,298,298,2.979396,SUCCESS,gaussian,
2026-08-28T12:34:19,87.3,40.0,sensor2_wifi,3,2,6,2,120,208,100.000,100.020,0,296,296,2.959396,SUCCESS,gaussian,
2026-08-28T12:36:00,87.3,40.0,sensor2_wifi,3,2,6,2,120,207,100.000,100.011,0,283,283,2.829678,SUCCESS,gaussian,
2026-08-28T12:37:40,87.3,40.0,sensor2_wifi,3,2,6,2,120,206,100.000,100.021,0,275,275,2.749412,SUCCESS,gaussian,
2026-08-28T12:39:20,87.3,40.0,sensor2_wifi,3,2,6,2,120,205,100.000,100.021,0,264,264,2.639437,SUCCESS,gaussian,
2026-08-28T12:41:01,87.3,40.0,sensor2_wifi,3,2,6,2,120,204,100.000,100.021,0,251,251,2.509483,SUCCESS,gaussian,
2026-08-28T12:42:41,87.3,40.0,sensor2_wifi,3,2,6,2,120,203,100.000,100.021,0,246,246,2.459473,SUCCESS,gaussian,
2026-08-28T12:44:21,87.3,40.0,sensor2_wifi,3,2,6,2,120,202,100.000,100.020,0,238,238,2.379514,SUCCESS,gaussian,
2026-08-28T12:46:02,87.3,40.0,sensor2_wifi,3,2,6,2,120,201,100.000,100.020,0,240,240,2.399513,SUCCESS,gaussian,
2026-08-28T12:47:42,87.3,40.0,sensor2_wifi,3,2,6,2,120,200,100.000,100.020,0,231,231,2.309537,SUCCESS,gaussian,
2026-08-28T12:49:22,87.3,40.0,sensor2_wifi,3,2,6,2,120,199,100.000,100.021,0,223,223,2.229523,SUCCESS,gaussian,
2026-08-28T12:51:02,87.3,40.0,sensor2_wifi,3,2,6,2,120,198,100.000,100.020,0,207,207,2.069583,SUCCESS,gaussian,
2026-08-28T12:52:43,87.3,40.0,sensor2_wifi,3,2,6,2,120,197,100.000,100.020,0,196,196,1.959603,SUCCESS,gaussian,
2026-08-28T12:54:23,87.3,40.0,sensor2_wifi,3,2,6,2,120,196,100.000,100.021,0,172,172,1.719636,SUCCESS,gaussian,
2026-08-28T12:56:03,87.3,40.0,sensor2_wifi,3,2,6,2,120,195,100.000,100.021,0,166,166,1.659645,SUCCESS,gaussian,
2026-08-28T12:57:44,87.3,40.0,sensor2_wifi,3,2,6,2,120,194,100.000,100.020,0,143,143,1.429711,SUCCESS,gaussian,
2026-08-28T12:59:24,87.3,40.0,sensor2_wifi,3,2,6,2,120,193,100.000,100.021,0,151,151,1.509680,SUCCESS,gaussian,
2026-08-28T13:01:04,87.3,40.0,sensor2_wifi,3,2,6,2,120,192,100.000,100.021,0,128,128,1.279728,SUCCESS,gaussian,
2026-08-28T13:02:45,87.3,40.0,sensor2_wifi,3,2,6,2,120,191,100.000,100.021,0,129,129,1.289726,SUCCESS,gaussian,
2026-08-28T13:04:25,87.3,40.0,sensor2_wifi,3,2,6,2,120,190,100.000,100.020,0,125,125,1.249746,SUCCESS,gaussian,
2026-08-28T13:06:05,87.3,40.0,sensor2_wifi,3,2,6,2,120,189,100.000,100.020,0,99,99,0.989801,SUCCESS,gaussian,
2026-08-28T13:07:46,87.3,40.0,sensor2_wifi,3,2,6,2,120,188,100.000,100.020,0,77,77,0.769843,SUCCESS,gaussian,
2026-08-28T13:09:26,87.3,40.0,sensor2_wifi,3,2,6,2,120,187,100.000,100.021,0,69,69,0.689852,SUCCESS,gaussian,
2026-08-28T13:11:06,87.3,40.0,sensor2_wifi,3,2,6,2,120,186,100.000,100.021,0,71,71,0.709853,SUCCESS,gaussian,
2026-08-28T13:12:46,87.3,40.0,sensor2_wifi,3,2,6,2,120,185,100.000,100.021,0,71,71,0.709854,SUCCESS,gaussian,
2026-08-28T13:14:27,87.3,40.0,sensor2_wifi,3,2,6,2,120,184,100.000,100.020,0,56,56,0.559886,SUCCESS,gaussian,
2026-08-28T13:16:07,87.3,40.0,sensor2_wifi,3,2,6,2,120,183,100.000,100.020,0,46,46,0.459907,SUCCESS,gaussian,
2026-08-28T13:17:47,87.3,40.0,sensor2_wifi,3,2,6,2,120,182,100.000,100.021,0,43,43,0.429910,SUCCESS,gaussian,
2026-08-28T13:19:28,87.3,40.0,sensor2_wifi,3,2,6,2,120,181,100.000,100.020,0,32,32,0.319935,SUCCESS,gaussian,
2026-08-28T13:21:08,87.3,40.0,sensor2_wifi,3,2,6,2,120,180,100.000,100.020,0,27,27,0.269945,SUCCESS,gaussian,
2026-08-28T13:22:48,87.3,40.0,sensor2_wifi,3,2,6,2,120,179,100.000,100.020,0,18,18,0.179963,SUCCESS,gaussian,
2026-08-28T13:24:29,87.3,40.0,sensor2_wifi,3,2,6,2,120,178,100.000,100.020,0,20,20,0.199959,SUCCESS,gaussian,
2026-08-28T13:26:09,87.3,40.0,sensor2_wifi,3,2,6,2,120,177,100.000,100.021,0,11,11,0.109977,SUCCESS,gaussian,
2026-08-28T13:27:49,87.3,40.0,sensor2_wifi,3,2,6,2,120,176,100.000,100.020,0,7,7,0.069986,SUCCESS,gaussian,
2026-08-28T13:29:29,87.3,40.0,sensor2_wifi,3,2,6,2,120,175,100.000,100.021,0,10,10,0.099979,SUCCESS,gaussian,
2026-08-28T13:31:10,87.3,40.0,sensor2_wifi,3,2,6,2,120,174,100.000,100.021,0,5,5,0.049989,SUCCESS,gaussian,
2026-08-28T13:32:50,87.3,40.0,sensor2_wifi,3,2,6,2,120,173,100.000,100.020,0,10,10,0.099980,SUCCESS,gaussian,
2026-08-28T13:34:30,87.3,40.0,sensor2_wifi,3,2,6,2,120,172,100.000,100.021,0,4,4,0.039992,SUCCESS,gaussian,
2026-08-28T13:36:11,87.3,40.0,sensor2_wifi,3,2,6,2,120,171,100.000,100.020,0,6,6,0.059988,SUCCESS,gaussian,
2026-08-28T13:37:51,87.3,40.0,sensor2_wifi,3,2,6,2,120,170,100.000,100.020,0,2,2,0.019996,SUCCESS,gaussian,
2026-08-28T13:39:31,87.3,40.0,sensor2_wifi,3,2,6,2,120,169,100.000,100.020,0,4,4,0.039992,SUCCESS,gaussian,
2026-08-28T13:41:12,87.3,40.0,sensor2_wifi,3,2,6,2,120,168,100.000,100.020,0,4,4,0.039992,SUCCESS,gaussian,
2026-08-28T13:42:52,87.3,40.0,sensor2_wifi,3,2,6,2,120,167,100.000,100.020,0,2,2,0.019996,SUCCESS,gaussian,
2026-08-28T13:44:32,87.3,40.0,sensor2_wifi,3,2,6,2,120,166,100.000,100.020,0,2,2,0.019996,SUCCESS,gaussian,
2026-08-28T13:46:13,87.3,40.0,sensor2_wifi,3,2,6,2,120,165,100.000,100.021,0,2,2,0.019996,SUCCESS,gaussian,
2026-08-28T13:47:53,87.3,40.0,sensor2_wifi,3,2,6,2,120,164,100.000,100.021,0,2,2,0.019996,SUCCESS,gaussian,
2026-08-28T13:49:33,87.3,40.0,sensor2_wifi,3,2,6,2,120,163,100.000,100.021,0,2,2,0.019996,SUCCESS,gaussian,
2026-08-28T13:51:13,87.3,40.0,sensor2_wifi,3,2,6,2,120,162,100.000,100.021,0,2,2,0.019996,SUCCESS,gaussian,
2026-08-28T13:52:54,87.3,40.0,sensor2_wifi,3,2,6,2,120,161,100.000,100.020,0,2,2,0.019996,SUCCESS,gaussian,
2026-08-28T13:54:34,87.3,40.0,sensor2_wifi,3,2,6,2,120,160,100.000,100.020,0,2,2,0.019996,SUCCESS,gaussian,
2026-08-28T13:56:14,87.3,40.0,sensor2_wifi,3,2,6,2,120,159,100.000,100.020,0,2,2,0.019996,SUCCESS,gaussian,
2026-08-28T13:57:55,87.3,40.0,sensor2_wifi,3,2,6,2,120,158,100.000,100.020,0,1,1,0.009998,SUCCESS,gaussian,
2026-08-28T13:59:35,87.3,40.0,sensor2_wifi,3,2,6,2,120,157,100.000,100.021,0,2,2,0.019996,SUCCESS,gaussian,
2026-08-28T14:01:15,87.3,40.0,sensor2_wifi,3,2,6,2,120,156,100.000,100.021,0,4,4,0.039992,SUCCESS,gaussian,
2026-08-28T14:02:56,87.3,40.0,sensor2_wifi,3,2,6,2,120,155,100.000,100.021,0,2,2,0.019996,SUCCESS,gaussian,
2026-08-28T14:04:36,87.3,40.0,sensor2_wifi,3,2,6,2,120,154,100.000,100.021,0,2,2,0.019996,SUCCESS,gaussian,
2026-08-28T14:06:16,87.3,40.0,sensor2_wifi,3,2,6,2,120,153,100.000,100.021,0,2,2,0.019996,SUCCESS,gaussian,
2026-08-28T14:07:57,87.3,40.0,sensor2_wifi,3,2,6,2,120,152,100.000,100.021,0,2,2,0.019996,SUCCESS,gaussian,
2026-08-28T14:09:37,87.3,40.0,sensor2_wifi,3,2,6,2,120,151,100.000,100.020,0,2,2,0.019996,SUCCESS,gaussian,
2026-08-28T14:11:17,87.3,40.0,sensor2_wifi,3,2,6,2,120,150,100.000,100.020,0,2,2,0.019996,SUCCESS,gaussian,
2026-08-28T14:12:57,87.3,40.0,sensor2_wifi,3,2,6,2,120,149,100.000,100.020,0,2,2,0.019996,SUCCESS,gaussian,
2026-08-28T14:14:38,87.3,40.0,sensor2_wifi,3,2,6,2,120,148,100.000,100.021,0,2,2,0.019996,SUCCESS,gaussian,
2026-08-28T14:16:18,87.3,40.0,sensor2_wifi,3,2,6,2,120,147,100.000,100.021,0,2,2,0.019996,SUCCESS,gaussian,
2026-08-28T14:17:58,87.3,40.0,sensor2_wifi,3,2,6,2,120,146,100.000,100.021,0,2,2,0.019996,SUCCESS,gaussian,
2026-08-28T14:19:39,87.3,40.0,sensor2_wifi,3,2,6,2,120,145,100.000,100.021,0,2,2,0.019996,SUCCESS,gaussian,
2026-08-28T14:21:19,87.3,40.0,sensor2_wifi,3,2,6,2,120,144,100.000,100.020,0,2,2,0.019996,SUCCESS,gaussian,
2026-08-28T14:22:59,87.3,40.0,sensor2_wifi,3,2,6,2,120,143,100.000,100.031,0,2,2,0.019994,SUCCESS,gaussian,
2026-08-28T14:24:40,87.3,40.0,sensor2_wifi,3,2,6,2,120,142,100.000,100.021,0,2,2,0.019996,SUCCESS,gaussian,
2026-08-28T14:26:20,87.3,40.0,sensor2_wifi,3,2,6,2,120,141,100.000,100.021,0,2,2,0.019996,SUCCESS,gaussian,
2026-08-28T14:28:00,87.3,40.0,sensor2_wifi,3,2,6,2,120,140,100.000,100.021,0,2,2,0.019996,SUCCESS,gaussian,
2026-08-28T14:29:41,87.3,40.0,sensor2_wifi,3,2,6,2,120,139,100.000,100.020,0,2,2,0.019996,SUCCESS,gaussian,
2026-08-28T14:31:21,87.3,40.0,sensor2_wifi,3,2,6,2,120,138,100.000,100.020,0,2,2,0.019996,SUCCESS,gaussian,
2026-08-28T14:33:01,87.3,40.0,sensor2_wifi,3,2,6,2,120,137,100.000,100.022,0,2,2,0.019996,SUCCESS,gaussian,
2026-08-28T14:34:42,87.3,40.0,sensor2_wifi,3,2,6,2,120,136,100.000,100.021,0,2,2,0.019996,SUCCESS,gaussian,
2026-08-28T14:36:22,87.3,40.0,sensor2_wifi,3,2,6,2,120,135,100.000,100.020,0,2,2,0.019996,SUCCESS,gaussian,
2026-08-28T14:38:02,87.3,40.0,sensor2_wifi,3,2,6,2,120,134,100.000,100.021,0,2,2,0.019996,SUCCESS,gaussian,
2026-08-28T14:39:42,87.3,40.0,sensor2_wifi,3,2,6,2,120,133,100.000,100.021,0,2,2,0.019996,SUCCESS,gaussian,
2026-08-28T14:41:23,87.3,40.0,sensor2_wifi,3,2,6,2,120,132,100.000,100.020,0,2,2,0.019996,SUCCESS,gaussian,
2026-08-28T14:43:03,87.3,40.0,sensor2_wifi,3,2,6,2,120,131,100.000,100.021,0,2,2,0.019996,SUCCESS,gaussian,
2026-08-28T14:44:43,87.3,40.0,sensor2_wifi,3,2,6,2,120,130,100.000,100.021,0,0,0,0.000000,SUCCESS,gaussian,
2026-08-28T14:46:24,87.3,40.0,sensor2_wifi,3,2,6,2,120,129,100.000,100.020,0,2,2,0.019996,SUCCESS,gaussian,
2026-08-28T14:48:04,87.3,40.0,sensor2_wifi,3,2,6,2,120,128,100.000,100.021,0,0,0,0.000000,SUCCESS,gaussian,
2026-08-28T14:49:44,87.3,40.0,sensor2_wifi,3,2,6,2,120,127,100.000,100.021,0,2,2,0.019996,SUCCESS,gaussian,
2026-08-28T14:51:25,87.3,40.0,sensor2_wifi,3,2,6,2,120,126,100.000,100.021,0,2,2,0.019996,SUCCESS,gaussian,
2026-08-28T14:53:05,87.3,40.0,sensor2_wifi,3,2,6,2,120,125,100.000,100.021,0,2,2,0.019996,SUCCESS,gaussian,
2026-08-28T14:54:45,87.3,40.0,sensor2_wifi,3,2,6,2,120,124,100.000,100.021,0,0,0,0.000000,SUCCESS,gaussian,
2026-08-28T14:56:26,87.3,40.0,sensor2_wifi,3,2,6,2,120,123,100.000,100.021,0,0,0,0.000000,SUCCESS,gaussian,
2026-08-28T14:59:50,88.3,39.0,sensor2_wifi,1,0,4,0,120,255,100.000,100.021,0,1914647,1914647,19142.505041,SUCCESS,gaussian,
2026-08-28T15:01:30,88.3,39.0,sensor2_wifi,1,0,4,0,120,254,100.000,100.021,0,15570264,15570264,155670.032572,SUCCESS,gaussian,
2026-08-28T15:03:11,88.3,39.0,sensor2_wifi,1,0,4,0,120,253,100.000,100.021,0,11405909,11405909,114035.428140,SUCCESS,gaussian,
2026-08-28T15:04:51,88.3,39.0,sensor2_wifi,1,0,4,0,120,252,100.000,100.021,0,7123626,7123626,71221.222272,SUCCESS,gaussian,
2026-08-28T15:06:31,88.3,39.0,sensor2_wifi,1,0,4,0,120,251,100.000,100.021,0,3645861,3645861,36450.888951,SUCCESS,gaussian,
2026-08-28T15:08:11,88.3,39.0,sensor2_wifi,1,0,4,0,120,250,100.000,100.021,0,1786792,1786792,17864.182380,SUCCESS,gaussian,
2026-08-28T15:09:52,88.3,39.0,sensor2_wifi,1,0,4,0,120,249,100.000,100.021,0,857004,857004,8568.271252,SUCCESS,gaussian,
2026-08-28T15:11:32,88.3,39.0,sensor2_wifi,1,0,4,0,120,248,100.000,100.021,0,338947,338947,3388.769616,SUCCESS,gaussian,
2026-08-28T15:13:12,88.3,39.0,sensor2_wifi,1,0,4,0,120,247,100.000,100.020,0,266298,266298,2662.435358,SUCCESS,gaussian,
2026-08-28T15:14:53,88.3,39.0,sensor2_wifi,1,0,4,0,120,246,100.000,100.021,0,105685,105685,1056.629600,SUCCESS,gaussian,
2026-08-28T15:16:33,88.3,39.0,sensor2_wifi,1,0,4,0,120,245,100.000,100.021,0,42888,42888,428.791627,SUCCESS,gaussian,
2026-08-28T15:18:13,88.3,39.0,sensor2_wifi,1,0,4,0,120,244,100.000,100.021,0,16242,16242,162.386085,SUCCESS,gaussian,
2026-08-28T15:19:54,88.3,39.0,sensor2_wifi,1,0,4,0,120,243,100.000,100.020,0,6079,6079,60.777597,SUCCESS,gaussian,
2026-08-28T15:21:34,88.3,39.0,sensor2_wifi,1,0,4,0,120,242,100.000,100.021,0,2346,2346,23.455158,SUCCESS,gaussian,
2026-08-28T15:23:14,88.3,39.0,sensor2_wifi,1,0,4,0,120,241,100.000,100.021,0,1388,1388,13.877085,SUCCESS,gaussian,
2026-08-28T15:24:54,88.3,39.0,sensor2_wifi,1,0,4,0,120,240,100.000,100.020,0,1032,1032,10.317898,SUCCESS,gaussian,
2026-08-28T15:26:35,88.3,39.0,sensor2_wifi,1,0,4,0,120,239,100.000,100.011,0,825,825,8.249112,SUCCESS,gaussian,
2026-08-28T15:28:15,88.3,39.0,sensor2_wifi,1,0,4,0,120,238,100.000,100.020,0,706,706,7.058580,SUCCESS,gaussian,
2026-08-28T15:29:55,88.3,39.0,sensor2_wifi,1,0,4,0,120,237,100.000,100.020,0,673,673,6.728632,SUCCESS,gaussian,
2026-08-28T15:31:36,88.3,39.0,sensor2_wifi,1,0,4,0,120,236,100.000,100.021,0,620,620,6.198713,SUCCESS,gaussian,
2026-08-28T15:33:16,88.3,39.0,sensor2_wifi,1,0,4,0,120,235,100.000,100.021,0,552,552,5.518867,SUCCESS,gaussian,
2026-08-28T15:34:56,88.3,39.0,sensor2_wifi,1,0,4,0,120,234,100.000,100.021,0,520,520,5.198909,SUCCESS,gaussian,
2026-08-28T15:36:37,88.3,39.0,sensor2_wifi,1,0,4,0,120,233,100.000,100.020,0,482,482,4.819016,SUCCESS,gaussian,
2026-08-28T15:38:17,88.3,39.0,sensor2_wifi,1,0,4,0,120,232,100.000,100.021,0,412,412,4.119139,SUCCESS,gaussian,
2026-08-28T15:39:57,88.3,39.0,sensor2_wifi,1,0,4,0,120,231,100.000,100.021,0,424,424,4.239091,SUCCESS,gaussian,
2026-08-28T15:41:38,88.3,39.0,sensor2_wifi,1,0,4,0,120,230,100.000,100.021,0,380,380,3.799203,SUCCESS,gaussian,
2026-08-28T15:43:18,88.3,39.0,sensor2_wifi,1,0,4,0,120,229,100.000,100.021,0,363,363,3.629243,SUCCESS,gaussian,
2026-08-28T15:44:58,88.3,39.0,sensor2_wifi,1,0,4,0,120,228,100.000,100.021,0,316,316,3.159348,SUCCESS,gaussian,
2026-08-28T15:46:38,88.3,39.0,sensor2_wifi,1,0,4,0,120,227,100.000,100.021,0,261,261,2.609447,SUCCESS,gaussian,
2026-08-28T15:48:19,88.3,39.0,sensor2_wifi,1,0,4,0,120,226,100.000,100.021,0,262,262,2.619449,SUCCESS,gaussian,
2026-08-28T15:49:59,88.3,39.0,sensor2_wifi,1,0,4,0,120,225,100.000,100.021,0,215,215,2.149551,SUCCESS,gaussian,
2026-08-28T15:51:39,88.3,39.0,sensor2_wifi,1,0,4,0,120,224,100.000,100.021,0,222,222,2.219541,SUCCESS,gaussian,
2026-08-28T15:53:20,88.3,39.0,sensor2_wifi,1,0,4,0,120,223,100.000,100.020,0,221,221,2.209548,SUCCESS,gaussian,
2026-08-28T15:55:00,88.3,39.0,sensor2_wifi,1,0,4,0,120,222,100.000,100.021,0,175,175,1.749632,SUCCESS,gaussian,
2026-08-28T15:56:40,88.3,39.0,sensor2_wifi,1,0,4,0,120,221,100.000,100.020,0,159,159,1.589678,SUCCESS,gaussian,
2026-08-28T15:58:21,88.3,39.0,sensor2_wifi,1,0,4,0,120,220,100.000,100.021,0,135,135,1.349723,SUCCESS,gaussian,
2026-08-28T16:00:01,88.3,39.0,sensor2_wifi,1,0,4,0,120,219,100.000,100.021,0,109,109,1.089775,SUCCESS,gaussian,
2026-08-28T16:01:41,88.3,39.0,sensor2_wifi,1,0,4,0,120,218,100.000,100.021,0,95,95,0.949801,SUCCESS,gaussian,
2026-08-28T16:03:22,88.3,39.0,sensor2_wifi,1,0,4,0,120,217,100.000,100.021,0,94,94,0.939806,SUCCESS,gaussian,
2026-08-28T16:05:02,88.3,39.0,sensor2_wifi,1,0,4,0,120,216,100.000,100.021,0,71,71,0.709852,SUCCESS,gaussian,
2026-08-28T16:06:42,88.3,39.0,sensor2_wifi,1,0,4,0,120,215,100.000,100.020,0,61,61,0.609877,SUCCESS,gaussian,
2026-08-28T16:08:22,88.3,39.0,sensor2_wifi,1,0,4,0,120,214,100.000,100.020,0,70,70,0.699859,SUCCESS,gaussian,
2026-08-28T16:10:03,88.3,39.0,sensor2_wifi,1,0,4,0,120,213,100.000,100.021,0,55,55,0.549886,SUCCESS,gaussian,
2026-08-28T16:11:43,88.3,39.0,sensor2_wifi,1,0,4,0,120,212,100.000,100.021,0,43,43,0.429911,SUCCESS,gaussian,
2026-08-28T16:13:23,88.3,39.0,sensor2_wifi,1,0,4,0,120,211,100.000,100.021,0,43,43,0.429910,SUCCESS,gaussian,
2026-08-28T16:15:04,88.3,39.0,sensor2_wifi,1,0,4,0,120,210,100.000,100.021,0,35,35,0.349927,SUCCESS,gaussian,
2026-08-28T16:16:44,88.3,39.0,sensor2_wifi,1,0,4,0,120,209,100.000,100.021,0,27,27,0.269944,SUCCESS,gaussian,
2026-08-28T16:18:24,88.3,39.0,sensor2_wifi,1,0,4,0,120,208,100.000,100.021,0,18,18,0.179962,SUCCESS,gaussian,
2026-08-28T16:20:05,88.3,39.0,sensor2_wifi,1,0,4,0,120,207,100.000,100.020,0,17,17,0.169965,SUCCESS,gaussian,
2026-08-28T16:21:45,88.3,39.0,sensor2_wifi,1,0,4,0,120,206,100.000,100.021,0,19,19,0.189961,SUCCESS,gaussian,
2026-08-28T16:23:25,88.3,39.0,sensor2_wifi,1,0,4,0,120,205,100.000,100.021,0,15,15,0.149969,SUCCESS,gaussian,
2026-08-28T16:25:06,88.3,39.0,sensor2_wifi,1,0,4,0,120,204,100.000,100.021,0,12,12,0.119975,SUCCESS,gaussian,
2026-08-28T16:26:46,88.3,39.0,sensor2_wifi,1,0,4,0,120,203,100.000,100.020,0,5,5,0.049990,SUCCESS,gaussian,
2026-08-28T16:28:26,88.3,39.0,sensor2_wifi,1,0,4,0,120,202,100.000,100.020,0,13,13,0.129973,SUCCESS,gaussian,
2026-08-28T16:30:07,88.3,39.0,sensor2_wifi,1,0,4,0,120,201,100.000,100.020,0,5,5,0.049990,SUCCESS,gaussian,
2026-08-28T16:31:47,88.3,39.0,sensor2_wifi,1,0,4,0,120,200,100.000,100.021,0,8,8,0.079983,SUCCESS,gaussian,
2026-08-28T16:33:27,88.3,39.0,sensor2_wifi,1,0,4,0,120,199,100.000,100.021,0,8,8,0.079983,SUCCESS,gaussian,
2026-08-28T16:35:07,88.3,39.0,sensor2_wifi,1,0,4,0,120,198,100.000,100.021,0,4,4,0.039992,SUCCESS,gaussian,
2026-08-28T16:36:48,88.3,39.0,sensor2_wifi,1,0,4,0,120,197,100.000,100.020,0,3,3,0.029994,SUCCESS,gaussian,
2026-08-28T16:38:28,88.3,39.0,sensor2_wifi,1,0,4,0,120,196,100.000,100.020,0,1,1,0.009998,SUCCESS,gaussian,
2026-08-28T16:40:08,88.3,39.0,sensor2_wifi,1,0,4,0,120,195,100.000,100.021,0,1,1,0.009998,SUCCESS,gaussian,
2026-08-28T16:41:49,88.3,39.0,sensor2_wifi,1,0,4,0,120,194,100.000,100.021,0,1,1,0.009998,SUCCESS,gaussian,
2026-08-28T16:43:29,88.3,39.0,sensor2_wifi,1,0,4,0,120,193,100.000,100.021,0,0,0,0.000000,SUCCESS,gaussian,
2026-08-28T16:45:09,88.3,39.0,sensor2_wifi,1,0,4,0,120,192,100.000,100.020,0,2,2,0.019996,SUCCESS,gaussian,
2026-08-28T16:46:50,88.3,39.0,sensor2_wifi,1,0,4,0,120,191,100.000,100.020,0,3,3,0.029994,SUCCESS,gaussian,
2026-08-28T16:48:30,88.3,39.0,sensor2_wifi,1,0,4,0,120,190,100.000,100.021,0,2,2,0.019996,SUCCESS,gaussian,
2026-08-28T16:50:10,88.3,39.0,sensor2_wifi,1,0,4,0,120,189,100.000,100.021,0,0,0,0.000000,SUCCESS,gaussian,
2026-08-28T16:51:51,88.3,39.0,sensor2_wifi,1,0,4,0,120,188,100.000,100.020,0,0,0,0.000000,SUCCESS,gaussian,
2026-08-28T16:53:31,88.3,39.0,sensor2_wifi,1,1,5,1,120,255,100.000,100.021,0,10598100,10598100,105958.663390,SUCCESS,gaussian,
2026-08-28T16:55:11,88.3,39.0,sensor2_wifi,1,1,5,1,120,254,100.000,100.021,0,11247426,11247426,112451.030384,SUCCESS,gaussian,
2026-08-28T16:56:52,88.3,39.0,sensor2_wifi,1,1,5,1,120,253,100.000,100.021,0,12278241,12278241,122757.045269,SUCCESS,gaussian,
2026-08-28T16:58:32,88.3,39.0,sensor2_wifi,1,1,5,1,120,252,100.000,100.021,0,14051160,14051160,140482.518140,SUCCESS,gaussian,
2026-08-28T17:00:12,88.3,39.0,sensor2_wifi,1,1,5,1,120,251,100.000,100.020,0,14957643,14957643,149546.054812,SUCCESS,gaussian,
2026-08-28T17:01:52,88.3,39.0,sensor2_wifi,1,1,5,1,120,250,100.000,100.021,0,16642408,16642408,166389.541796,SUCCESS,gaussian,
2026-08-28T17:03:33,88.3,39.0,sensor2_wifi,1,1,5,1,120,249,100.000,100.021,0,16386403,16386403,163829.533376,SUCCESS,gaussian,
2026-08-28T17:05:13,88.3,39.0,sensor2_wifi,1,1,5,1,120,248,100.000,100.021,0,13928805,13928805,139258.704534,SUCCESS,gaussian,
2026-08-28T17:06:53,88.3,39.0,sensor2_wifi,1,1,5,1,120,247,100.000,100.020,0,10621952,10621952,106197.816856,SUCCESS,gaussian,
2026-08-28T17:08:34,88.3,39.0,sensor2_wifi,1,1,5,1,120,246,100.000,100.021,0,6549345,6549345,65479.794378,SUCCESS,gaussian,
2026-08-28T17:10:14,88.3,39.0,sensor2_wifi,1,1,5,1,120,245,100.000,100.021,0,3094674,3094674,30940.262564,SUCCESS,gaussian,
2026-08-28T17:11:54,88.3,39.0,sensor2_wifi,1,1,5,1,120,244,100.000,100.021,0,1469737,1469737,14694.351605,SUCCESS,gaussian,
2026-08-28T17:13:35,88.3,39.0,sensor2_wifi,1,1,5,1,120,243,100.000,100.021,0,1095304,1095304,10950.794597,SUCCESS,gaussian,
2026-08-28T17:15:15,88.3,39.0,sensor2_wifi,1,1,5,1,120,242,100.000,100.020,0,462073,462073,4619.794378,SUCCESS,gaussian,
2026-08-28T17:16:55,88.3,39.0,sensor2_wifi,1,1,5,1,120,241,100.000,100.021,0,168438,168438,1684.031173,SUCCESS,gaussian,
2026-08-28T17:18:36,88.3,39.0,sensor2_wifi,1,1,5,1,120,240,100.000,100.020,0,73640,73640,736.250415,SUCCESS,gaussian,
2026-08-28T17:20:16,88.3,39.0,sensor2_wifi,1,1,5,1,120,239,100.000,100.021,0,49292,49292,492.817079,SUCCESS,gaussian,
2026-08-28T17:21:56,88.3,39.0,sensor2_wifi,1,1,5,1,120,238,100.000,100.021,0,13482,13482,134.792156,SUCCESS,gaussian,
2026-08-28T17:23:37,88.3,39.0,sensor2_wifi,1,1,5,1,120,237,100.000,100.021,0,4313,4313,43.121146,SUCCESS,gaussian,
2026-08-28T17:25:17,88.3,39.0,sensor2_wifi,1,1,5,1,120,236,100.000,100.020,0,2100,2100,20.995717,SUCCESS,gaussian,
2026-08-28T17:26:57,88.3,39.0,sensor2_wifi,1,1,5,1,120,235,100.000,100.021,0,1703,1703,17.026508,SUCCESS,gaussian,
2026-08-28T17:28:37,88.3,39.0,sensor2_wifi,1,1,5,1,120,234,100.000,100.021,0,1070,1070,10.697784,SUCCESS,gaussian,
2026-08-28T17:30:18,88.3,39.0,sensor2_wifi,1,1,5,1,120,233,100.000,100.021,0,875,875,8.748174,SUCCESS,gaussian,
2026-08-28T17:31:58,88.3,39.0,sensor2_wifi,1,1,5,1,120,232,100.000,100.020,0,758,758,7.578450,SUCCESS,gaussian,
2026-08-28T17:33:38,88.3,39.0,sensor2_wifi,1,1,5,1,120,231,100.000,100.021,0,697,697,6.968554,SUCCESS,gaussian,
2026-08-28T17:35:19,88.3,39.0,sensor2_wifi,1,1,5,1,120,230,100.000,100.021,0,621,621,6.208700,SUCCESS,gaussian,
2026-08-28T17:36:59,88.3,39.0,sensor2_wifi,1,1,5,1,120,229,100.000,100.021,0,621,621,6.208700,SUCCESS,gaussian,
2026-08-28T17:38:39,88.3,39.0,sensor2_wifi,1,1,5,1,120,228,100.000,100.020,0,531,531,5.308922,SUCCESS,gaussian,
2026-08-28T17:40:20,88.3,39.0,sensor2_wifi,1,1,5,1,120,227,100.000,100.021,0,525,525,5.248922,SUCCESS,gaussian,
2026-08-28T17:42:00,88.3,39.0,sensor2_wifi,1,1,5,1,120,226,100.000,100.010,0,482,482,4.819512,SUCCESS,gaussian,
2026-08-28T17:43:40,88.3,39.0,sensor2_wifi,1,1,5,1,120,225,100.000,100.021,0,391,391,3.909168,SUCCESS,gaussian,
2026-08-28T17:45:21,88.3,39.0,sensor2_wifi,1,1,5,1,120,224,100.000,100.020,0,379,379,3.789227,SUCCESS,gaussian,
2026-08-28T17:47:01,88.3,39.0,sensor2_wifi,1,1,5,1,120,223,100.000,100.021,0,338,338,3.379297,SUCCESS,gaussian,
2026-08-28T17:48:41,88.3,39.0,sensor2_wifi,1,1,5,1,120,222,100.000,100.021,0,334,334,3.339307,SUCCESS,gaussian,
2026-08-28T17:50:22,88.3,39.0,sensor2_wifi,1,1,5,1,120,221,100.000,100.020,0,257,257,2.569477,SUCCESS,gaussian,
2026-08-28T17:52:02,88.3,39.0,sensor2_wifi,1,1,5,1,120,220,100.000,100.021,0,271,271,2.709420,SUCCESS,gaussian,
2026-08-28T17:53:42,88.3,39.0,sensor2_wifi,1,1,5,1,120,219,100.000,100.020,0,244,244,2.439502,SUCCESS,gaussian,
2026-08-28T17:55:22,88.3,39.0,sensor2_wifi,1,1,5,1,120,218,100.000,100.020,0,219,219,2.189555,SUCCESS,gaussian,
2026-08-28T17:57:03,88.3,39.0,sensor2_wifi,1,1,5,1,120,217,100.000,100.020,0,188,188,1.879617,SUCCESS,gaussian,
2026-08-28T17:58:43,88.3,39.0,sensor2_wifi,1,1,5,1,120,216,100.000,100.021,0,163,163,1.629664,SUCCESS,gaussian,
2026-08-28T18:00:23,88.3,39.0,sensor2_wifi,1,1,5,1,120,215,100.000,100.021,0,159,159,1.589662,SUCCESS,gaussian,
2026-08-28T18:02:04,88.3,39.0,sensor2_wifi,1,1,5,1,120,214,100.000,100.021,0,111,111,1.109765,SUCCESS,gaussian,
2026-08-28T18:03:44,88.3,39.0,sensor2_wifi,1,1,5,1,120,213,100.000,100.021,0,96,96,0.959799,SUCCESS,gaussian,
2026-08-28T18:05:24,88.3,39.0,sensor2_wifi,1,1,5,1,120,212,100.000,100.021,0,105,105,1.049784,SUCCESS,gaussian,
2026-08-28T18:07:05,88.3,39.0,sensor2_wifi,1,1,5,1,120,211,100.000,100.021,0,91,91,0.909812,SUCCESS,gaussian,
2026-08-28T18:08:45,88.3,39.0,sensor2_wifi,1,1,5,1,120,210,100.000,100.020,0,76,76,0.759845,SUCCESS,gaussian,
2026-08-28T18:10:25,88.3,39.0,sensor2_wifi,1,1,5,1,120,209,100.000,100.021,0,63,63,0.629868,SUCCESS,gaussian,
2026-08-28T18:12:06,88.3,39.0,sensor2_wifi,1,1,5,1,120,208,100.000,100.021,0,40,40,0.399918,SUCCESS,gaussian,
2026-08-28T18:13:46,88.3,39.0,sensor2_wifi,1,1,5,1,120,207,100.000,100.022,0,58,58,0.579875,SUCCESS,gaussian,
2026-08-28T18:15:26,88.3,39.0,sensor2_wifi,1,1,5,1,120,206,100.000,100.021,0,37,37,0.369923,SUCCESS,gaussian,
2026-08-28T18:17:07,88.3,39.0,sensor2_wifi,1,1,5,1,120,205,100.000,100.021,0,30,30,0.299938,SUCCESS,gaussian,
2026-08-28T18:18:47,88.3,39.0,sensor2_wifi,1,1,5,1,120,204,100.000,100.020,0,29,29,0.289941,SUCCESS,gaussian,
2026-08-28T18:20:27,88.3,39.0,sensor2_wifi,1,1,5,1,120,203,100.000,100.021,0,28,28,0.279942,SUCCESS,gaussian,
2026-08-28T18:22:08,88.3,39.0,sensor2_wifi,1,1,5,1,120,202,100.000,100.021,0,23,23,0.229952,SUCCESS,gaussian,
2026-08-28T18:23:48,88.3,39.0,sensor2_wifi,1,1,5,1,120,201,100.000,100.021,0,17,17,0.169965,SUCCESS,gaussian,
2026-08-28T18:25:28,88.3,39.0,sensor2_wifi,1,1,5,1,120,200,100.000,100.020,0,21,21,0.209957,SUCCESS,gaussian,
2026-08-28T18:27:08,88.3,39.0,sensor2_wifi,1,1,5,1,120,199,100.000,100.020,0,15,15,0.149970,SUCCESS,gaussian,
2026-08-28T18:28:49,88.3,39.0,sensor2_wifi,1,1,5,1,120,198,100.000,100.021,0,13,13,0.129973,SUCCESS,gaussian,
2026-08-28T18:30:29,88.3,39.0,sensor2_wifi,1,1,5,1,120,197,100.000,100.021,0,9,9,0.089982,SUCCESS,gaussian,
2026-08-28T18:32:09,88.3,39.0,sensor2_wifi,1,1,5,1,120,196,100.000,100.021,0,8,8,0.079983,SUCCESS,gaussian,
2026-08-28T18:33:50,88.3,39.0,sensor2_wifi,1,1,5,1,120,195,100.000,100.021,0,2,2,0.019996,SUCCESS,gaussian,
2026-08-28T18:35:30,88.3,39.0,sensor2_wifi,1,1,5,1,120,194,100.000,100.021,0,6,6,0.059987,SUCCESS,gaussian,
2026-08-28T18:37:10,88.3,39.0,sensor2_wifi,1,1,5,1,120,193,100.000,100.021,0,6,6,0.059987,SUCCESS,gaussian,
2026-08-28T18:38:51,88.3,39.0,sensor2_wifi,1,1,5,1,120,192,100.000,100.020,0,3,3,0.029994,SUCCESS,gaussian,
2026-08-28T18:40:31,88.3,39.0,sensor2_wifi,1,1,5,1,120,191,100.000,100.021,0,3,3,0.029994,SUCCESS,gaussian,
2026-08-28T18:42:11,88.3,39.0,sensor2_wifi,1,1,5,1,120,190,100.000,100.021,0,5,5,0.049990,SUCCESS,gaussian,
2026-08-28T18:43:52,88.3,39.0,sensor2_wifi,1,1,5,1,120,189,100.000,100.020,0,2,2,0.019996,SUCCESS,gaussian,
2026-08-28T18:45:32,88.3,39.0,sensor2_wifi,1,1,5,1,120,188,100.000,100.020,0,2,2,0.019996,SUCCESS,gaussian,
2026-08-28T18:47:12,88.3,39.0,sensor2_wifi,1,1,5,1,120,187,100.000,100.020,0,1,1,0.009998,SUCCESS,gaussian,
2026-08-28T18:48:52,88.3,39.0,sensor2_wifi,1,1,5,1,120,186,100.000,100.021,0,0,0,0.000000,SUCCESS,gaussian,
2026-08-28T18:50:33,88.3,39.0,sensor2_wifi,1,1,5,1,120,185,100.000,100.021,0,3,3,0.029994,SUCCESS,gaussian,
2026-08-28T18:52:13,88.3,39.0,sensor2_wifi,1,1,5,1,120,184,100.000,100.020,0,0,0,0.000000,SUCCESS,gaussian,
2026-08-28T18:53:53,88.3,39.0,sensor2_wifi,1,1,5,1,120,183,100.000,100.020,0,1,1,0.009998,SUCCESS,gaussian,
2026-08-28T18:55:34,88.3,39.0,sensor2_wifi,1,1,5,1,120,182,100.000,100.021,0,2,2,0.019996,SUCCESS,gaussian,
2026-08-28T18:57:14,88.3,39.0,sensor2_wifi,1,1,5,1,120,181,100.000,100.021,0,0,0,0.000000,SUCCESS,gaussian,
2026-08-28T18:58:54,88.3,39.0,sensor2_wifi,1,1,5,1,120,180,100.000,100.021,0,0,0,0.000000,SUCCESS,gaussian,
2026-08-28T19:00:35,88.3,39.0,sensor2_wifi,1,2,6,2,120,255,100.000,100.021,0,10592776,10592776,105905.607536,SUCCESS,gaussian,
2026-08-28T19:02:15,88.3,39.0,sensor2_wifi,1,2,6,2,120,254,100.000,100.021,0,11415564,11415564,114131.938251,SUCCESS,gaussian,
2026-08-28T19:03:55,88.3,39.0,sensor2_wifi,1,2,6,2,120,253,100.000,100.021,0,11708276,11708276,117058.762181,SUCCESS,gaussian,
2026-08-28T19:05:36,88.3,39.0,sensor2_wifi,1,2,6,2,120,252,100.000,100.021,0,12983271,12983271,129806.028036,SUCCESS,gaussian,
2026-08-28T19:07:16,88.3,39.0,sensor2_wifi,1,2,6,2,120,251,100.000,100.021,0,13914241,13914241,139113.589969,SUCCESS,gaussian,
2026-08-28T19:08:56,88.3,39.0,sensor2_wifi,1,2,6,2,120,250,100.000,100.021,0,16076751,16076751,160733.958356,SUCCESS,gaussian,
2026-08-28T19:10:37,88.3,39.0,sensor2_wifi,1,2,6,2,120,249,100.000,100.020,0,354090,354090,3540.180123,SUCCESS,gaussian,
2026-08-28T19:12:17,88.3,39.0,sensor2_wifi,1,2,6,2,120,248,100.000,100.021,0,16706537,16706537,167030.361874,SUCCESS,gaussian,
2026-08-28T19:13:57,88.3,39.0,sensor2_wifi,1,2,6,2,120,247,100.000,100.021,0,11498552,11498552,114961.665402,SUCCESS,gaussian,
2026-08-28T19:15:38,88.3,39.0,sensor2_wifi,1,2,6,2,120,246,100.000,100.021,0,7000836,7000836,69993.595492,SUCCESS,gaussian,
2026-08-28T19:17:18,88.3,39.0,sensor2_wifi,1,2,6,2,120,245,100.000,100.021,0,4579974,4579974,45790.296245,SUCCESS,gaussian,
2026-08-28T19:18:58,88.3,39.0,sensor2_wifi,1,2,6,2,120,244,100.000,100.022,0,2079934,2079934,20794.805237,SUCCESS,gaussian,
2026-08-28T19:20:38,88.3,39.0,sensor2_wifi,1,2,6,2,120,243,100.000,100.020,0,1395753,1395753,13954.673259,SUCCESS,gaussian,
2026-08-28T19:22:19,88.3,39.0,sensor2_wifi,1,2,6,2,120,242,100.000,100.021,0,571865,571865,5717.468925,SUCCESS,gaussian,
2026-08-28T19:23:59,88.3,39.0,sensor2_wifi,1,2,6,2,120,241,100.000,100.021,0,316341,316341,3162.749098,SUCCESS,gaussian,
2026-08-28T19:25:39,88.3,39.0,sensor2_wifi,1,2,6,2,120,240,100.000,100.021,0,111222,111222,1111.988896,SUCCESS,gaussian,
2026-08-28T19:27:20,88.3,39.0,sensor2_wifi,1,2,6,2,120,239,100.000,100.021,0,51280,51280,512.691032,SUCCESS,gaussian,
2026-08-28T19:29:00,88.3,39.0,sensor2_wifi,1,2,6,2,120,238,100.000,100.011,0,17318,17318,173.161108,SUCCESS,gaussian,
2026-08-28T19:30:40,88.3,39.0,sensor2_wifi,1,2,6,2,120,237,100.000,100.022,0,8824,8824,88.221020,SUCCESS,gaussian,
2026-08-28T19:32:21,88.3,39.0,sensor2_wifi,1,2,6,2,120,236,100.000,100.021,0,3346,3346,33.453071,SUCCESS,gaussian,
2026-08-28T19:34:01,88.3,39.0,sensor2_wifi,1,2,6,2,120,235,100.000,100.021,0,2229,2229,22.285334,SUCCESS,gaussian,
2026-08-28T19:35:41,88.3,39.0,sensor2_wifi,1,2,6,2,120,234,100.000,100.020,0,1249,1249,12.487452,SUCCESS,gaussian,
2026-08-28T19:37:22,88.3,39.0,sensor2_wifi,1,2,6,2,120,233,100.000,100.021,0,971,971,9.707958,SUCCESS,gaussian,
2026-08-28T19:39:02,88.3,39.0,sensor2_wifi,1,2,6,2,120,232,100.000,100.021,0,788,788,7.878357,SUCCESS,gaussian,
2026-08-28T19:40:42,88.3,39.0,sensor2_wifi,1,2,6,2,120,231,100.000,100.021,0,635,635,6.348685,SUCCESS,gaussian,
2026-08-28T19:42:22,88.3,39.0,sensor2_wifi,1,2,6,2,120,230,100.000,100.021,0,630,630,6.298671,SUCCESS,gaussian,
2026-08-28T19:44:03,88.3,39.0,sensor2_wifi,1,2,6,2,120,229,100.000,100.020,0,572,572,5.718843,SUCCESS,gaussian,
2026-08-28T19:45:43,88.3,39.0,sensor2_wifi,1,2,6,2,120,228,100.000,100.021,0,546,546,5.458868,SUCCESS,gaussian,
2026-08-28T19:47:23,88.3,39.0,sensor2_wifi,1,2,6,2,120,227,100.000,100.021,0,560,560,5.598813,SUCCESS,gaussian,
2026-08-28T19:49:04,88.3,39.0,sensor2_wifi,1,2,6,2,120,226,100.000,100.021,0,462,462,4.619041,SUCCESS,gaussian,
2026-08-28T19:50:44,88.3,39.0,sensor2_wifi,1,2,6,2,120,225,100.000,100.020,0,450,450,4.499083,SUCCESS,gaussian,
2026-08-28T19:52:24,88.3,39.0,sensor2_wifi,1,2,6,2,120,224,100.000,100.021,0,420,420,4.199127,SUCCESS,gaussian,
2026-08-28T19:54:05,88.3,39.0,sensor2_wifi,1,2,6,2,120,223,100.000,100.021,0,349,349,3.489262,SUCCESS,gaussian,
2026-08-28T19:55:45,88.3,39.0,sensor2_wifi,1,2,6,2,120,222,100.000,100.021,0,341,341,3.409272,SUCCESS,gaussian,
2026-08-28T19:57:25,88.3,39.0,sensor2_wifi,1,2,6,2,120,221,100.000,100.021,0,304,304,3.039369,SUCCESS,gaussian,
2026-08-28T19:59:06,88.3,39.0,sensor2_wifi,1,2,6,2,120,220,100.000,100.021,0,269,269,2.689446,SUCCESS,gaussian,
2026-08-28T20:00:46,88.3,39.0,sensor2_wifi,1,2,6,2,120,219,100.000,100.021,0,258,258,2.579455,SUCCESS,gaussian,
2026-08-28T20:02:26,88.3,39.0,sensor2_wifi,1,2,6,2,120,218,100.000,100.021,0,205,205,2.049564,SUCCESS,gaussian,
2026-08-28T20:04:06,88.3,39.0,sensor2_wifi,1,2,6,2,120,217,100.000,100.021,0,167,167,1.669651,SUCCESS,gaussian,
2026-08-28T20:05:47,88.3,39.0,sensor2_wifi,1,2,6,2,120,216,100.000,100.021,0,159,159,1.589667,SUCCESS,gaussian,
2026-08-28T20:07:27,88.3,39.0,sensor2_wifi,1,2,6,2,120,215,100.000,100.021,0,120,120,1.199752,SUCCESS,gaussian,
2026-08-28T20:09:07,88.3,39.0,sensor2_wifi,1,2,6,2,120,214,100.000,100.021,0,104,104,1.039779,SUCCESS,gaussian,
2026-08-28T20:10:48,88.3,39.0,sensor2_wifi,1,2,6,2,120,213,100.000,100.021,0,94,94,0.939803,SUCCESS,gaussian,
2026-08-28T20:12:28,88.3,39.0,sensor2_wifi,1,2,6,2,120,212,100.000,100.021,0,79,79,0.789837,SUCCESS,gaussian,
2026-08-28T20:14:08,88.3,39.0,sensor2_wifi,1,2,6,2,120,211,100.000,100.021,0,75,75,0.749846,SUCCESS,gaussian,
2026-08-28T20:15:49,88.3,39.0,sensor2_wifi,1,2,6,2,120,210,100.000,100.021,0,63,63,0.629869,SUCCESS,gaussian,
2026-08-28T20:17:29,88.3,39.0,sensor2_wifi,1,2,6,2,120,209,100.000,100.021,0,45,45,0.449906,SUCCESS,gaussian,
2026-08-28T20:19:09,88.3,39.0,sensor2_wifi,1,2,6,2,120,208,100.000,100.020,0,52,52,0.519894,SUCCESS,gaussian,
2026-08-28T20:20:50,88.3,39.0,sensor2_wifi,1,2,6,2,120,207,100.000,100.021,0,43,43,0.429910,SUCCESS,gaussian,
2026-08-28T20:22:30,88.3,39.0,sensor2_wifi,1,2,6,2,120,206,100.000,100.011,0,29,29,0.289968,SUCCESS,gaussian,
2026-08-28T20:24:10,88.3,39.0,sensor2_wifi,1,2,6,2,120,205,100.000,100.021,0,30,30,0.299936,SUCCESS,gaussian,
2026-08-28T20:25:51,88.3,39.0,sensor2_wifi,1,2,6,2,120,204,100.000,100.021,0,26,26,0.259946,SUCCESS,gaussian,
2026-08-28T20:27:31,88.3,39.0,sensor2_wifi,1,2,6,2,120,203,100.000,100.021,0,24,24,0.239949,SUCCESS,gaussian,
2026-08-28T20:29:11,88.3,39.0,sensor2_wifi,1,2,6,2,120,202,100.000,100.021,0,21,21,0.209956,SUCCESS,gaussian,
2026-08-28T20:30:52,88.3,39.0,sensor2_wifi,1,2,6,2,120,201,100.000,100.021,0,24,24,0.239950,SUCCESS,gaussian,
2026-08-28T20:32:32,88.3,39.0,sensor2_wifi,1,2,6,2,120,200,100.000,100.021,0,16,16,0.159967,SUCCESS,gaussian,
2026-08-28T20:34:12,88.3,39.0,sensor2_wifi,1,2,6,2,120,199,100.000,100.021,0,6,6,0.059988,SUCCESS,gaussian,
2026-08-28T20:35:52,88.3,39.0,sensor2_wifi,1,2,6,2,120,198,100.000,100.021,0,9,9,0.089981,SUCCESS,gaussian,
2026-08-28T20:37:33,88.3,39.0,sensor2_wifi,1,2,6,2,120,197,100.000,100.021,0,8,8,0.079984,SUCCESS,gaussian,
2026-08-28T20:39:13,88.3,39.0,sensor2_wifi,1,2,6,2,120,196,100.000,100.021,0,11,11,0.109977,SUCCESS,gaussian,
2026-08-28T20:40:53,88.3,39.0,sensor2_wifi,1,2,6,2,120,195,100.000,100.021,0,4,4,0.039992,SUCCESS,gaussian,
2026-08-28T20:42:34,88.3,39.0,sensor2_wifi,1,2,6,2,120,194,100.000,100.021,0,1,1,0.009998,SUCCESS,gaussian,
2026-08-28T20:44:14,88.3,39.0,sensor2_wifi,1,2,6,2,120,193,100.000,100.021,0,3,3,0.029994,SUCCESS,gaussian,
2026-08-28T20:45:54,88.3,39.0,sensor2_wifi,1,2,6,2,120,192,100.000,100.021,0,1,1,0.009998,SUCCESS,gaussian,
2026-08-28T20:47:35,88.3,39.0,sensor2_wifi,1,2,6,2,120,191,100.000,100.021,0,4,4,0.039992,SUCCESS,gaussian,
2026-08-28T20:49:15,88.3,39.0,sensor2_wifi,1,2,6,2,120,190,100.000,100.021,0,3,3,0.029994,SUCCESS,gaussian,
2026-08-28T20:50:55,88.3,39.0,sensor2_wifi,1,2,6,2,120,189,100.000,100.021,0,3,3,0.029994,SUCCESS,gaussian,
2026-08-28T20:52:36,88.3,39.0,sensor2_wifi,1,2,6,2,120,188,100.000,100.021,0,1,1,0.009998,SUCCESS,gaussian,
2026-08-28T20:54:16,88.3,39.0,sensor2_wifi,1,2,6,2,120,187,100.000,100.020,0,0,0,0.000000,SUCCESS,gaussian,
2026-08-28T20:55:56,88.3,39.0,sensor2_wifi,1,2,6,2,120,186,100.000,100.021,0,3,3,0.029994,SUCCESS,gaussian,
2026-08-28T20:57:36,88.3,39.0,sensor2_wifi,1,2,6,2,120,185,100.000,100.021,0,0,0,0.000000,SUCCESS,gaussian,
2026-08-28T20:59:17,88.3,39.0,sensor2_wifi,1,2,6,2,120,184,100.000,100.021,0,1,1,0.009998,SUCCESS,gaussian,
2026-08-28T21:00:57,88.3,39.0,sensor2_wifi,1,2,6,2,120,183,100.000,100.021,0,0,0,0.000000,SUCCESS,gaussian,
2026-08-28T21:02:37,88.3,39.0,sensor2_wifi,1,2,6,2,120,182,100.000,100.021,0,0,0,0.000000,SUCCESS,gaussian,
2026-08-28T21:04:18,88.3,39.0,sensor2_wifi,2,0,4,0,120,255,100.000,100.021,0,1612270,1612270,16119.371249,SUCCESS,gaussian,
2026-08-28T21:05:58,88.3,39.0,sensor2_wifi,2,0,4,0,120,254,100.000,100.021,0,14582088,14582088,145789.733520,SUCCESS,gaussian,
2026-08-28T21:07:38,88.3,39.0,sensor2_wifi,2,0,4,0,120,253,100.000,100.021,0,9328368,9328368,93264.322941,SUCCESS,gaussian,
2026-08-28T21:09:19,88.3,39.0,sensor2_wifi,2,0,4,0,120,252,100.000,100.021,0,5332180,5332180,53310.576103,SUCCESS,gaussian,
2026-08-28T21:10:59,88.3,39.0,sensor2_wifi,2,0,4,0,120,251,100.000,100.021,0,2124992,2124992,21245.557024,SUCCESS,gaussian,
2026-08-28T21:12:39,88.3,39.0,sensor2_wifi,2,0,4,0,120,250,100.000,100.021,0,1012781,1012781,10125.717914,SUCCESS,gaussian,
2026-08-28T21:14:19,88.3,39.0,sensor2_wifi,2,0,4,0,120,249,100.000,100.021,0,420926,420926,4208.389898,SUCCESS,gaussian,
2026-08-28T21:16:00,88.3,39.0,sensor2_wifi,2,0,4,0,120,248,100.000,100.021,0,173366,173366,1733.300042,SUCCESS,gaussian,
2026-08-28T21:17:40,88.3,39.0,sensor2_wifi,2,0,4,0,120,247,100.000,100.021,0,77262,77262,772.457089,SUCCESS,gaussian,
2026-08-28T21:19:20,88.3,39.0,sensor2_wifi,2,0,4,0,120,246,100.000,100.020,0,28076,28076,280.703385,SUCCESS,gaussian,
2026-08-28T21:21:01,88.3,39.0,sensor2_wifi,2,0,4,0,120,245,100.000,100.021,0,10719,10719,107.167879,SUCCESS,gaussian,
2026-08-28T21:22:41,88.3,39.0,sensor2_wifi,2,0,4,0,120,244,100.000,100.021,0,4025,4025,40.241564,SUCCESS,gaussian,
2026-08-28T21:24:21,88.3,39.0,sensor2_wifi,2,0,4,0,120,243,100.000,100.021,0,1507,1507,15.066897,SUCCESS,gaussian,
2026-08-28T21:26:02,88.3,39.0,sensor2_wifi,2,0,4,0,120,242,100.000,100.021,0,942,942,9.418008,SUCCESS,gaussian,
2026-08-28T21:27:42,88.3,39.0,sensor2_wifi,2,0,4,0,120,241,100.000,100.021,0,756,756,7.558401,SUCCESS,gaussian,
2026-08-28T21:29:22,88.3,39.0,sensor2_wifi,2,0,4,0,120,240,100.000,100.021,0,567,567,5.668834,SUCCESS,gaussian,
2026-08-28T21:31:03,88.3,39.0,sensor2_wifi,2,0,4,0,120,239,100.000,100.021,0,575,575,5.748789,SUCCESS,gaussian,
2026-08-28T21:32:43,88.3,39.0,sensor2_wifi,2,0,4,0,120,238,100.000,100.021,0,504,504,5.038960,SUCCESS,gaussian,
2026-08-28T21:34:23,88.3,39.0,sensor2_wifi,2,0,4,0,120,237,100.000,100.021,0,478,478,4.778994,SUCCESS,gaussian,
2026-08-28T21:36:04,88.3,39.0,sensor2_wifi,2,0,4,0,120,236,100.000,100.021,0,435,435,4.349080,SUCCESS,gaussian,
2026-08-28T21:37:44,88.3,39.0,sensor2_wifi,2,0,4,0,120,235,100.000,100.021,0,317,317,3.169329,SUCCESS,gaussian,
2026-08-28T21:39:24,88.3,39.0,sensor2_wifi,2,0,4,0,120,234,100.000,100.021,0,377,377,3.769208,SUCCESS,gaussian,
2026-08-28T21:41:04,88.3,39.0,sensor2_wifi,2,0,4,0,120,233,100.000,100.021,0,318,318,3.179330,SUCCESS,gaussian,
2026-08-28T21:42:45,88.3,39.0,sensor2_wifi,2,0,4,0,120,232,100.000,100.020,0,256,256,2.559479,SUCCESS,gaussian,
2026-08-28T21:44:25,88.3,39.0,sensor2_wifi,2,0,4,0,120,231,100.000,100.020,0,260,260,2.599473,SUCCESS,gaussian,
2026-08-28T21:46:05,88.3,39.0,sensor2_wifi,2,0,4,0,120,230,100.000,100.020,0,257,257,2.569479,SUCCESS,gaussian,
2026-08-28T21:47:46,88.3,39.0,sensor2_wifi,2,0,4,0,120,229,100.000,100.021,0,243,243,2.429495,SUCCESS,gaussian,
2026-08-28T21:49:26,88.3,39.0,sensor2_wifi,2,0,4,0,120,228,100.000,100.021,0,187,187,1.869613,SUCCESS,gaussian,
2026-08-28T21:51:06,88.3,39.0,sensor2_wifi,2,0,4,0,120,227,100.000,100.020,0,153,153,1.529691,SUCCESS,gaussian,
2026-08-28T21:52:47,88.3,39.0,sensor2_wifi,2,0,4,0,120,226,100.000,100.021,0,149,149,1.489691,SUCCESS,gaussian,
2026-08-28T21:54:27,88.3,39.0,sensor2_wifi,2,0,4,0,120,225,100.000,100.021,0,143,143,1.429707,SUCCESS,gaussian,
2026-08-28T21:56:07,88.3,39.0,sensor2_wifi,2,0,4,0,120,224,100.000,100.020,0,129,129,1.289736,SUCCESS,gaussian,
2026-08-28T21:57:48,88.3,39.0,sensor2_wifi,2,0,4,0,120,223,100.000,100.020,0,104,104,1.039790,SUCCESS,gaussian,
2026-08-28T21:59:28,88.3,39.0,sensor2_wifi,2,0,4,0,120,222,100.000,100.021,0,100,100,0.999794,SUCCESS,gaussian,
2026-08-28T22:01:08,88.3,39.0,sensor2_wifi,2,0,4,0,120,221,100.000,100.021,0,65,65,0.649862,SUCCESS,gaussian,
2026-08-28T22:02:48,88.3,39.0,sensor2_wifi,2,0,4,0,120,220,100.000,100.021,0,63,63,0.629867,SUCCESS,gaussian,
2026-08-28T22:04:29,88.3,39.0,sensor2_wifi,2,0,4,0,120,219,100.000,100.021,0,72,72,0.719848,SUCCESS,gaussian,
2026-08-28T22:06:09,88.3,39.0,sensor2_wifi,2,0,4,0,120,218,100.000,100.021,0,49,49,0.489896,SUCCESS,gaussian,
2026-08-28T22:07:49,88.3,39.0,sensor2_wifi,2,0,4,0,120,217,100.000,100.021,0,35,35,0.349928,SUCCESS,gaussian,
2026-08-28T22:09:30,88.3,39.0,sensor2_wifi,2,0,4,0,120,216,100.000,100.021,0,45,45,0.449907,SUCCESS,gaussian,
2026-08-28T22:11:10,88.3,39.0,sensor2_wifi,2,0,4,0,120,215,100.000,100.021,0,31,31,0.309936,SUCCESS,gaussian,
2026-08-28T22:12:50,88.3,39.0,sensor2_wifi,2,0,4,0,120,214,100.000,100.020,0,25,25,0.249949,SUCCESS,gaussian,
2026-08-28T22:14:31,88.3,39.0,sensor2_wifi,2,0,4,0,120,213,100.000,100.020,0,26,26,0.259947,SUCCESS,gaussian,
2026-08-28T22:16:11,88.3,39.0,sensor2_wifi,2,0,4,0,120,212,100.000,100.020,0,16,16,0.159968,SUCCESS,gaussian,
2026-08-28T22:17:51,88.3,39.0,sensor2_wifi,2,0,4,0,120,211,100.000,100.020,0,26,26,0.259947,SUCCESS,gaussian,
2026-08-28T22:19:32,88.3,39.0,sensor2_wifi,2,0,4,0,120,210,100.000,100.021,0,8,8,0.079983,SUCCESS,gaussian,
2026-08-28T22:21:12,88.3,39.0,sensor2_wifi,2,0,4,0,120,209,100.000,100.021,0,10,10,0.099979,SUCCESS,gaussian,
2026-08-28T22:22:52,88.3,39.0,sensor2_wifi,2,0,4,0,120,208,100.000,100.022,0,7,7,0.069985,SUCCESS,gaussian,
2026-08-28T22:24:33,88.3,39.0,sensor2_wifi,2,0,4,0,120,207,100.000,100.021,0,8,8,0.079983,SUCCESS,gaussian,
2026-08-28T22:26:13,88.3,39.0,sensor2_wifi,2,0,4,0,120,206,100.000,100.020,0,2,2,0.019996,SUCCESS,gaussian,
2026-08-28T22:27:53,88.3,39.0,sensor2_wifi,2,0,4,0,120,205,100.000,100.020,0,10,10,0.099980,SUCCESS,gaussian,
2026-08-28T22:29:33,88.3,39.0,sensor2_wifi,2,0,4,0,120,204,100.000,100.021,0,1,1,0.009998,SUCCESS,gaussian,
2026-08-28T22:31:14,88.3,39.0,sensor2_wifi,2,0,4,0,120,203,100.000,100.021,0,5,5,0.049990,SUCCESS,gaussian,
2026-08-28T22:32:54,88.3,39.0,sensor2_wifi,2,0,4,0,120,202,100.000,100.021,0,2,2,0.019996,SUCCESS,gaussian,
2026-08-28T22:34:34,88.3,39.0,sensor2_wifi,2,0,4,0,120,201,100.000,100.021,0,2,2,0.019996,SUCCESS,gaussian,
2026-08-28T22:36:15,88.3,39.0,sensor2_wifi,2,0,4,0,120,200,100.000,100.020,0,2,2,0.019996,SUCCESS,gaussian,
2026-08-28T22:37:55,88.3,39.0,sensor2_wifi,2,0,4,0,120,199,100.000,100.020,0,0,0,0.000000,SUCCESS,gaussian,
2026-08-28T22:39:35,88.3,39.0,sensor2_wifi,2,0,4,0,120,198,100.000,100.021,0,0,0,0.000000,SUCCESS,gaussian,
2026-08-28T22:41:16,88.3,39.0,sensor2_wifi,2,1,5,1,120,255,100.000,100.021,0,9860535,9860535,98584.914269,SUCCESS,gaussian,
2026-08-28T22:42:56,88.3,39.0,sensor2_wifi,2,1,5,1,120,254,100.000,100.021,0,11334067,11334067,113317.084788,SUCCESS,gaussian,
2026-08-28T22:44:36,88.3,39.0,sensor2_wifi,2,1,5,1,120,253,100.000,100.021,0,12045187,12045187,120426.924139,SUCCESS,gaussian,
2026-08-28T22:46:17,88.3,39.0,sensor2_wifi,2,1,5,1,120,252,100.000,100.021,0,13127200,13127200,131244.694696,SUCCESS,gaussian,
2026-08-28T22:47:57,88.3,39.0,sensor2_wifi,2,1,5,1,120,251,100.000,100.021,0,15138243,15138243,151350.868378,SUCCESS,gaussian,
2026-08-28T22:49:37,88.3,39.0,sensor2_wifi,2,1,5,1,120,250,100.000,100.021,0,599023,599023,5988.985427,SUCCESS,gaussian,
2026-08-28T22:51:18,88.3,39.0,sensor2_wifi,2,1,5,1,120,249,100.000,100.021,0,1646040,1646040,16456.996230,SUCCESS,gaussian,
2026-08-28T22:52:58,88.3,39.0,sensor2_wifi,2,1,5,1,120,248,100.000,100.022,0,349308,349308,3492.313037,SUCCESS,gaussian,
2026-08-28T22:54:38,88.3,39.0,sensor2_wifi,2,1,5,1,120,247,100.000,100.021,0,12290977,12290977,122883.925229,SUCCESS,gaussian,
2026-08-28T22:56:18,88.3,39.0,sensor2_wifi,2,1,5,1,120,246,100.000,100.021,0,7622037,7622037,76204.674683,SUCCESS,gaussian,
2026-08-28T22:57:59,88.3,39.0,sensor2_wifi,2,1,5,1,120,245,100.000,100.021,0,4116259,4116259,41153.947807,SUCCESS,gaussian,
2026-08-28T22:59:39,88.3,39.0,sensor2_wifi,2,1,5,1,120,244,100.000,100.021,0,1954718,1954718,19543.113379,SUCCESS,gaussian,
2026-08-28T23:01:19,88.3,39.0,sensor2_wifi,2,1,5,1,120,243,100.000,100.021,0,752720,752720,7525.653118,SUCCESS,gaussian,
2026-08-28T23:03:00,88.3,39.0,sensor2_wifi,2,1,5,1,120,242,100.000,100.020,0,327106,327106,3270.394538,SUCCESS,gaussian,
2026-08-28T23:04:40,88.3,39.0,sensor2_wifi,2,1,5,1,120,241,100.000,100.021,0,133030,133030,1330.024451,SUCCESS,gaussian,
2026-08-28T23:06:20,88.3,39.0,sensor2_wifi,2,1,5,1,120,240,100.000,100.021,0,49705,49705,496.947201,SUCCESS,gaussian,
2026-08-28T23:08:01,88.3,39.0,sensor2_wifi,2,1,5,1,120,239,100.000,100.021,0,70707,70707,706.922262,SUCCESS,gaussian,
2026-08-28T23:09:41,88.3,39.0,sensor2_wifi,2,1,5,1,120,238,100.000,100.020,0,23208,23208,232.033282,SUCCESS,gaussian,
2026-08-28T23:11:21,88.3,39.0,sensor2_wifi,2,1,5,1,120,237,100.000,100.021,0,7862,7862,78.603529,SUCCESS,gaussian,
2026-08-28T23:13:02,88.3,39.0,sensor2_wifi,2,1,5,1,120,236,100.000,100.021,0,3149,3149,31.483511,SUCCESS,gaussian,
2026-08-28T23:14:42,88.3,39.0,sensor2_wifi,2,1,5,1,120,235,100.000,100.021,0,1376,1376,13.757112,SUCCESS,gaussian,
2026-08-28T23:16:22,88.3,39.0,sensor2_wifi,2,1,5,1,120,234,100.000,100.021,0,846,846,8.458257,SUCCESS,gaussian,
2026-08-28T23:18:03,88.3,39.0,sensor2_wifi,2,1,5,1,120,233,100.000,100.021,0,646,646,6.458669,SUCCESS,gaussian,
2026-08-28T23:19:43,88.3,39.0,sensor2_wifi,2,1,5,1,120,232,100.000,100.021,0,575,575,5.748799,SUCCESS,gaussian,
2026-08-28T23:21:23,88.3,39.0,sensor2_wifi,2,1,5,1,120,231,100.000,100.021,0,506,506,5.058938,SUCCESS,gaussian,
2026-08-28T23:23:03,88.3,39.0,sensor2_wifi,2,1,5,1,120,230,100.000,100.020,0,445,445,4.449093,SUCCESS,gaussian,
2026-08-28T23:24:44,88.3,39.0,sensor2_wifi,2,1,5,1,120,229,100.000,100.020,0,426,426,4.259131,SUCCESS,gaussian,
2026-08-28T23:26:24,88.3,39.0,sensor2_wifi,2,1,5,1,120,228,100.000,100.021,0,343,343,3.429288,SUCCESS,gaussian,
2026-08-28T23:28:04,88.3,39.0,sensor2_wifi,2,1,5,1,120,227,100.000,100.020,0,321,321,3.209346,SUCCESS,gaussian,
2026-08-28T23:29:45,88.3,39.0,sensor2_wifi,2,1,5,1,120,226,100.000,100.021,0,254,254,2.539469,SUCCESS,gaussian,
2026-08-28T23:31:25,88.3,39.0,sensor2_wifi,2,1,5,1,120,225,100.000,100.021,0,273,273,2.729438,SUCCESS,gaussian,
2026-08-28T23:33:05,88.3,39.0,sensor2_wifi,2,1,5,1,120,224,100.000,100.021,0,232,232,2.319523,SUCCESS,gaussian,
2026-08-28T23:34:46,88.3,39.0,sensor2_wifi,2,1,5,1,120,223,100.000,100.021,0,205,205,2.049568,SUCCESS,gaussian,
2026-08-28T23:36:26,88.3,39.0,sensor2_wifi,2,1,5,1,120,222,100.000,100.021,0,187,187,1.869609,SUCCESS,gaussian,
2026-08-28T23:38:06,88.3,39.0,sensor2_wifi,2,1,5,1,120,221,100.000,100.021,0,180,180,1.799631,SUCCESS,gaussian,
2026-08-28T23:39:47,88.3,39.0,sensor2_wifi,2,1,5,1,120,220,100.000,100.021,0,149,149,1.489689,SUCCESS,gaussian,
2026-08-28T23:41:27,88.3,39.0,sensor2_wifi,2,1,5,1,120,219,100.000,100.021,0,122,122,1.219746,SUCCESS,gaussian,
2026-08-28T23:43:07,88.3,39.0,sensor2_wifi,2,1,5,1,120,218,100.000,100.020,0,123,123,1.229749,SUCCESS,gaussian,
2026-08-28T23:44:48,88.3,39.0,sensor2_wifi,2,1,5,1,120,217,100.000,100.021,0,92,92,0.919809,SUCCESS,gaussian,
2026-08-28T23:46:28,88.3,39.0,sensor2_wifi,2,1,5,1,120,216,100.000,100.021,0,96,96,0.959797,SUCCESS,gaussian,
2026-08-28T23:48:08,88.3,39.0,sensor2_wifi,2,1,5,1,120,215,100.000,100.020,0,65,65,0.649868,SUCCESS,gaussian,
2026-08-28T23:49:48,88.3,39.0,sensor2_wifi,2,1,5,1,120,214,100.000,100.021,0,71,71,0.709852,SUCCESS,gaussian,
2026-08-28T23:51:29,88.3,39.0,sensor2_wifi,2,1,5,1,120,213,100.000,100.021,0,51,51,0.509894,SUCCESS,gaussian,
2026-08-28T23:53:09,88.3,39.0,sensor2_wifi,2,1,5,1,120,212,100.000,100.020,0,43,43,0.429913,SUCCESS,gaussian,
2026-08-28T23:54:49,88.3,39.0,sensor2_wifi,2,1,5,1,120,211,100.000,100.021,0,37,37,0.369923,SUCCESS,gaussian,
2026-08-28T23:56:30,88.3,39.0,sensor2_wifi,2,1,5,1,120,210,100.000,100.021,0,39,39,0.389916,SUCCESS,gaussian,
2026-08-28T23:58:10,88.3,39.0,sensor2_wifi,2,1,5,1,120,209,100.000,100.022,0,29,29,0.289937,SUCCESS,gaussian,
2026-08-28T23:59:50,88.3,39.0,sensor2_wifi,2,1,5,1,120,208,100.000,100.021,0,18,18,0.179963,SUCCESS,gaussian,
2026-08-29T00:01:31,88.3,39.0,sensor2_wifi,2,1,5,1,120,207,100.000,100.021,0,19,19,0.189961,SUCCESS,gaussian,
2026-08-29T00:03:11,88.3,39.0,sensor2_wifi,2,1,5,1,120,206,100.000,100.021,0,23,23,0.229952,SUCCESS,gaussian,
2026-08-29T00:04:51,88.3,39.0,sensor2_wifi,2,1,5,1,120,205,100.000,100.020,0,14,14,0.139972,SUCCESS,gaussian,
2026-08-29T00:06:32,88.3,39.0,sensor2_wifi,2,1,5,1,120,204,100.000,100.021,0,20,20,0.199959,SUCCESS,gaussian,
2026-08-29T00:08:12,88.3,39.0,sensor2_wifi,2,1,5,1,120,203,100.000,100.021,0,8,8,0.079983,SUCCESS,gaussian,
2026-08-29T00:09:52,88.3,39.0,sensor2_wifi,2,1,5,1,120,202,100.000,100.020,0,11,11,0.109978,SUCCESS,gaussian,
2026-08-29T00:11:32,88.3,39.0,sensor2_wifi,2,1,5,1,120,201,100.000,100.021,0,7,7,0.069985,SUCCESS,gaussian,
2026-08-29T00:13:13,88.3,39.0,sensor2_wifi,2,1,5,1,120,200,100.000,100.021,0,7,7,0.069986,SUCCESS,gaussian,
2026-08-29T00:14:53,88.3,39.0,sensor2_wifi,2,1,5,1,120,199,100.000,100.021,0,4,4,0.039992,SUCCESS,gaussian,
2026-08-29T00:16:33,88.3,39.0,sensor2_wifi,2,1,5,1,120,198,100.000,100.020,0,6,6,0.059988,SUCCESS,gaussian,
2026-08-29T00:18:14,88.3,39.0,sensor2_wifi,2,1,5,1,120,197,100.000,100.021,0,5,5,0.049990,SUCCESS,gaussian,
2026-08-29T00:19:54,88.3,39.0,sensor2_wifi,2,1,5,1,120,196,100.000,100.021,0,3,3,0.029994,SUCCESS,gaussian,
2026-08-29T00:21:34,88.3,39.0,sensor2_wifi,2,1,5,1,120,195,100.000,100.021,0,2,2,0.019996,SUCCESS,gaussian,
2026-08-29T00:23:15,88.3,39.0,sensor2_wifi,2,1,5,1,120,194,100.000,100.020,0,1,1,0.009998,SUCCESS,gaussian,
2026-08-29T00:24:55,88.3,39.0,sensor2_wifi,2,1,5,1,120,193,100.000,100.020,0,1,1,0.009998,SUCCESS,gaussian,
2026-08-29T00:26:35,88.3,39.0,sensor2_wifi,2,1,5,1,120,192,100.000,100.020,0,1,1,0.009998,SUCCESS,gaussian,
2026-08-29T00:28:16,88.3,39.0,sensor2_wifi,2,1,5,1,120,191,100.000,100.021,0,3,3,0.029994,SUCCESS,gaussian,
2026-08-29T00:29:56,88.3,39.0,sensor2_wifi,2,1,5,1,120,190,100.000,100.021,0,1,1,0.009998,SUCCESS,gaussian,
2026-08-29T00:31:36,88.3,39.0,sensor2_wifi,2,1,5,1,120,189,100.000,100.021,0,0,0,0.000000,SUCCESS,gaussian,
2026-08-29T00:33:17,88.3,39.0,sensor2_wifi,2,1,5,1,120,188,100.000,100.021,0,1,1,0.009998,SUCCESS,gaussian,
2026-08-29T00:34:57,88.3,39.0,sensor2_wifi,2,1,5,1,120,187,100.000,100.021,0,0,0,0.000000,SUCCESS,gaussian,
2026-08-29T00:36:37,88.3,39.0,sensor2_wifi,2,1,5,1,120,186,100.000,100.020,0,0,0,0.000000,SUCCESS,gaussian,
2026-08-29T00:38:17,88.3,39.0,sensor2_wifi,2,2,6,2,120,255,100.000,100.021,0,3236976,3236976,32363.014953,SUCCESS,gaussian,
2026-08-29T00:39:58,88.3,39.0,sensor2_wifi,2,2,6,2,120,254,100.000,100.021,0,5100589,5100589,50995.287056,SUCCESS,gaussian,
2026-08-29T00:41:38,88.3,39.0,sensor2_wifi,2,2,6,2,120,253,100.000,100.021,0,7405568,7405568,74040.495561,SUCCESS,gaussian,
2026-08-29T00:43:18,88.3,39.0,sensor2_wifi,2,2,6,2,120,252,100.000,100.021,0,9696192,9696192,96941.557970,SUCCESS,gaussian,
2026-08-29T00:44:59,88.3,39.0,sensor2_wifi,2,2,6,2,120,251,100.000,100.021,0,11677141,11677141,116747.310136,SUCCESS,gaussian,
2026-08-29T00:46:39,88.3,39.0,sensor2_wifi,2,2,6,2,120,250,100.000,100.020,0,12407549,12407549,124050.165371,SUCCESS,gaussian,
2026-08-29T00:48:19,88.3,39.0,sensor2_wifi,2,2,6,2,120,249,100.000,100.021,0,13431653,13431653,134288.505630,SUCCESS,gaussian,
2026-08-29T00:50:00,88.3,39.0,sensor2_wifi,2,2,6,2,120,248,100.000,100.021,0,14849765,14849765,148467.005502,SUCCESS,gaussian,
2026-08-29T00:51:40,88.3,39.0,sensor2_wifi,2,2,6,2,120,247,100.000,100.020,0,939576,939576,9393.875650,SUCCESS,gaussian,
2026-08-29T00:53:20,88.3,39.0,sensor2_wifi,2,2,6,2,120,246,100.000,100.020,0,2070567,2070567,20701.475614,SUCCESS,gaussian,
2026-08-29T00:55:01,88.3,39.0,sensor2_wifi,2,2,6,2,120,245,100.000,100.021,0,1457979,1457979,14576.752389,SUCCESS,gaussian,
2026-08-29T00:56:41,88.3,39.0,sensor2_wifi,2,2,6,2,120,244,100.000,100.020,0,15933161,15933161,159299.322892,SUCCESS,gaussian,
2026-08-29T00:58:21,88.3,39.0,sensor2_wifi,2,2,6,2,120,243,100.000,100.021,0,9634860,9634860,96328.663892,SUCCESS,gaussian,
2026-08-29T01:00:02,88.3,39.0,sensor2_wifi,2,2,6,2,120,242,100.000,100.021,0,5846544,5846544,58453.398553,SUCCESS,gaussian,
2026-08-29T01:01:42,88.3,39.0,sensor2_wifi,2,2,6,2,120,241,100.000,100.021,0,3057133,3057133,30564.914238,SUCCESS,gaussian,
2026-08-29T01:03:22,88.3,39.0,sensor2_wifi,2,2,6,2,120,240,100.000,100.021,0,1638383,1638383,16380.468576,SUCCESS,gaussian,
2026-08-29T01:05:02,88.3,39.0,sensor2_wifi,2,2,6,2,120,239,100.000,100.021,0,1408269,1408269,14079.745183,SUCCESS,gaussian,
2026-08-29T01:06:43,88.3,39.0,sensor2_wifi,2,2,6,2,120,238,100.000,100.020,0,683569,683569,6834.318852,SUCCESS,gaussian,
2026-08-29T01:08:23,88.3,39.0,sensor2_wifi,2,2,6,2,120,237,100.000,100.021,0,293464,293464,2934.028620,SUCCESS,gaussian,
2026-08-29T01:10:03,88.3,39.0,sensor2_wifi,2,2,6,2,120,236,100.000,100.021,0,125042,125042,1250.163675,SUCCESS,gaussian,
2026-08-29T01:11:44,88.3,39.0,sensor2_wifi,2,2,6,2,120,235,100.000,100.021,0,33457,33457,334.499417,SUCCESS,gaussian,
2026-08-29T01:13:24,88.3,39.0,sensor2_wifi,2,2,6,2,120,234,100.000,100.011,0,13021,13021,130.196196,SUCCESS,gaussian,
2026-08-29T01:15:04,88.3,39.0,sensor2_wifi,2,2,6,2,120,233,100.000,100.021,0,4787,4787,47.860069,SUCCESS,gaussian,
2026-08-29T01:16:45,88.3,39.0,sensor2_wifi,2,2,6,2,120,232,100.000,100.021,0,2258,2258,22.575292,SUCCESS,gaussian,
2026-08-29T01:18:25,88.3,39.0,sensor2_wifi,2,2,6,2,120,231,100.000,100.021,0,1011,1011,10.107891,SUCCESS,gaussian,
2026-08-29T01:20:05,88.3,39.0,sensor2_wifi,2,2,6,2,120,230,100.000,100.021,0,717,717,7.168526,SUCCESS,gaussian,
2026-08-29T01:21:46,88.3,39.0,sensor2_wifi,2,2,6,2,120,229,100.000,100.021,0,622,622,6.218717,SUCCESS,gaussian,
2026-08-29T01:23:26,88.3,39.0,sensor2_wifi,2,2,6,2,120,228,100.000,100.021,0,498,498,4.978958,SUCCESS,gaussian,
2026-08-29T01:25:06,88.3,39.0,sensor2_wifi,2,2,6,2,120,227,100.000,100.021,0,445,445,4.449071,SUCCESS,gaussian,
2026-08-29T01:26:47,88.3,39.0,sensor2_wifi,2,2,6,2,120,226,100.000,100.020,0,427,427,4.269129,SUCCESS,gaussian,
2026-08-29T01:28:27,88.3,39.0,sensor2_wifi,2,2,6,2,120,225,100.000,100.020,0,389,389,3.889211,SUCCESS,gaussian,
2026-08-29T01:30:07,88.3,39.0,sensor2_wifi,2,2,6,2,120,224,100.000,100.020,0,367,367,3.669250,SUCCESS,gaussian,
2026-08-29T01:31:48,88.3,39.0,sensor2_wifi,2,2,6,2,120,223,100.000,100.020,0,298,298,2.979394,SUCCESS,gaussian,
2026-08-29T01:33:28,88.3,39.0,sensor2_wifi,2,2,6,2,120,222,100.000,100.021,0,281,281,2.809407,SUCCESS,gaussian,
2026-08-29T01:35:08,88.3,39.0,sensor2_wifi,2,2,6,2,120,221,100.000,100.020,0,205,205,2.049588,SUCCESS,gaussian,
2026-08-29T01:36:48,88.3,39.0,sensor2_wifi,2,2,6,2,120,220,100.000,100.021,0,214,214,2.139557,SUCCESS,gaussian,
2026-08-29T01:38:29,88.3,39.0,sensor2_wifi,2,2,6,2,120,219,100.000,100.021,0,184,184,1.839622,SUCCESS,gaussian,
2026-08-29T01:40:09,88.3,39.0,sensor2_wifi,2,2,6,2,120,218,100.000,100.021,0,163,163,1.629662,SUCCESS,gaussian,
2026-08-29T01:41:49,88.3,39.0,sensor2_wifi,2,2,6,2,120,217,100.000,100.021,0,138,138,1.379715,SUCCESS,gaussian,
2026-08-29T01:43:30,88.3,39.0,sensor2_wifi,2,2,6,2,120,216,100.000,100.020,0,134,134,1.339726,SUCCESS,gaussian,
2026-08-29T01:45:10,88.3,39.0,sensor2_wifi,2,2,6,2,120,215,100.000,100.021,0,86,86,0.859820,SUCCESS,gaussian,
2026-08-29T01:46:50,88.3,39.0,sensor2_wifi,2,2,6,2,120,214,100.000,100.021,0,106,106,1.059779,SUCCESS,gaussian,
2026-08-29T01:48:31,88.3,39.0,sensor2_wifi,2,2,6,2,120,213,100.000,100.021,0,82,82,0.819830,SUCCESS,gaussian,
2026-08-29T01:50:11,88.3,39.0,sensor2_wifi,2,2,6,2,120,212,100.000,100.020,0,84,84,0.839829,SUCCESS,gaussian,
2026-08-29T01:51:51,88.3,39.0,sensor2_wifi,2,2,6,2,120,211,100.000,100.021,0,67,67,0.669857,SUCCESS,gaussian,
2026-08-29T01:53:32,88.3,39.0,sensor2_wifi,2,2,6,2,120,210,100.000,100.021,0,55,55,0.549886,SUCCESS,gaussian,
2026-08-29T01:55:12,88.3,39.0,sensor2_wifi,2,2,6,2,120,209,100.000,100.021,0,40,40,0.399918,SUCCESS,gaussian,
2026-08-29T01:56:52,88.3,39.0,sensor2_wifi,2,2,6,2,120,208,100.000,100.021,0,45,45,0.449905,SUCCESS,gaussian,
2026-08-29T01:58:32,88.3,39.0,sensor2_wifi,2,2,6,2,120,207,100.000,100.021,0,58,58,0.579877,SUCCESS,gaussian,
2026-08-29T02:00:13,88.3,39.0,sensor2_wifi,2,2,6,2,120,206,100.000,100.020,0,31,31,0.309937,SUCCESS,gaussian,
2026-08-29T02:01:53,88.3,39.0,sensor2_wifi,2,2,6,2,120,205,100.000,100.021,0,18,18,0.179963,SUCCESS,gaussian,
2026-08-29T02:03:33,88.3,39.0,sensor2_wifi,2,2,6,2,120,204,100.000,100.020,0,38,38,0.379923,SUCCESS,gaussian,
2026-08-29T02:05:14,88.3,39.0,sensor2_wifi,2,2,6,2,120,203,100.000,100.020,0,14,14,0.139972,SUCCESS,gaussian,
2026-08-29T02:06:54,88.3,39.0,sensor2_wifi,2,2,6,2,120,202,100.000,100.021,0,19,19,0.189960,SUCCESS,gaussian,
2026-08-29T02:08:34,88.3,39.0,sensor2_wifi,2,2,6,2,120,201,100.000,100.021,0,15,15,0.149969,SUCCESS,gaussian,
2026-08-29T02:10:15,88.3,39.0,sensor2_wifi,2,2,6,2,120,200,100.000,100.021,0,16,16,0.159967,SUCCESS,gaussian,
2026-08-29T02:11:55,88.3,39.0,sensor2_wifi,2,2,6,2,120,199,100.000,100.021,0,18,18,0.179963,SUCCESS,gaussian,
2026-08-29T02:13:35,88.3,39.0,sensor2_wifi,2,2,6,2,120,198,100.000,100.021,0,5,5,0.049990,SUCCESS,gaussian,
2026-08-29T02:15:16,88.3,39.0,sensor2_wifi,2,2,6,2,120,197,100.000,100.021,0,3,3,0.029994,SUCCESS,gaussian,
2026-08-29T02:16:56,88.3,39.0,sensor2_wifi,2,2,6,2,120,196,100.000,100.021,0,4,4,0.039992,SUCCESS,gaussian,
2026-08-29T02:18:36,88.3,39.0,sensor2_wifi,2,2,6,2,120,195,100.000,100.021,0,8,8,0.079983,SUCCESS,gaussian,
2026-08-29T02:20:16,88.3,39.0,sensor2_wifi,2,2,6,2,120,194,100.000,100.021,0,6,6,0.059988,SUCCESS,gaussian,
2026-08-29T02:21:57,88.3,39.0,sensor2_wifi,2,2,6,2,120,193,100.000,100.021,0,4,4,0.039992,SUCCESS,gaussian,
2026-08-29T02:23:37,88.3,39.0,sensor2_wifi,2,2,6,2,120,192,100.000,100.021,0,3,3,0.029994,SUCCESS,gaussian,
2026-08-29T02:25:17,88.3,39.0,sensor2_wifi,2,2,6,2,120,191,100.000,100.021,0,4,4,0.039992,SUCCESS,gaussian,
2026-08-29T02:26:58,88.3,39.0,sensor2_wifi,2,2,6,2,120,190,100.000,100.021,0,4,4,0.039991,SUCCESS,gaussian,
2026-08-29T02:28:38,88.3,39.0,sensor2_wifi,2,2,6,2,120,189,100.000,100.021,0,8,8,0.079983,SUCCESS,gaussian,
2026-08-29T02:30:18,88.3,39.0,sensor2_wifi,2,2,6,2,120,188,100.000,100.020,0,2,2,0.019996,SUCCESS,gaussian,
2026-08-29T02:31:59,88.3,39.0,sensor2_wifi,2,2,6,2,120,187,100.000,100.021,0,2,2,0.019996,SUCCESS,gaussian,
2026-08-29T02:33:39,88.3,39.0,sensor2_wifi,2,2,6,2,120,186,100.000,100.021,0,2,2,0.019996,SUCCESS,gaussian,
2026-08-29T02:35:19,88.3,39.0,sensor2_wifi,2,2,6,2,120,185,100.000,100.020,0,2,2,0.019996,SUCCESS,gaussian,
2026-08-29T02:37:00,88.3,39.0,sensor2_wifi,2,2,6,2,120,184,100.000,100.021,0,0,0,0.000000,SUCCESS,gaussian,
2026-08-29T02:38:40,88.3,39.0,sensor2_wifi,2,2,6,2,120,183,100.000,100.021,0,2,2,0.019996,SUCCESS,gaussian,
2026-08-29T02:40:20,88.3,39.0,sensor2_wifi,2,2,6,2,120,182,100.000,100.020,0,1,1,0.009998,SUCCESS,gaussian,
2026-08-29T02:42:01,88.3,39.0,sensor2_wifi,2,2,6,2,120,181,100.000,100.021,0,2,2,0.019996,SUCCESS,gaussian,
2026-08-29T02:43:41,88.3,39.0,sensor2_wifi,2,2,6,2,120,180,100.000,100.021,0,1,1,0.009998,SUCCESS,gaussian,
2026-08-29T02:45:21,88.3,39.0,sensor2_wifi,2,2,6,2,120,179,100.000,100.020,0,0,0,0.000000,SUCCESS,gaussian,
2026-08-29T02:47:01,88.3,39.0,sensor2_wifi,2,2,6,2,120,178,100.000,100.021,0,0,0,0.000000,SUCCESS,gaussian,
2026-08-29T02:48:42,88.3,39.0,sensor2_wifi,3,0,4,0,120,255,100.000,100.021,0,5940285,5940285,59390.655974,SUCCESS,gaussian,
2026-08-29T02:50:22,88.3,39.0,sensor2_wifi,3,0,4,0,120,254,100.000,100.021,0,3030762,3030762,30301.268031,SUCCESS,gaussian,
2026-08-29T02:52:02,88.3,39.0,sensor2_wifi,3,0,4,0,120,253,100.000,100.021,0,14983286,14983286,149801.119393,SUCCESS,gaussian,
2026-08-29T02:53:43,88.3,39.0,sensor2_wifi,3,0,4,0,120,252,100.000,100.020,0,10467048,10467048,104649.245278,SUCCESS,gaussian,
2026-08-29T02:55:23,88.3,39.0,sensor2_wifi,3,0,4,0,120,251,100.000,100.021,0,6838115,6838115,68367.029499,SUCCESS,gaussian,
2026-08-29T02:57:03,88.3,39.0,sensor2_wifi,3,0,4,0,120,250,100.000,100.011,0,4512438,4512438,45119.557269,SUCCESS,gaussian,
2026-08-29T02:58:44,88.3,39.0,sensor2_wifi,3,0,4,0,120,249,100.000,100.021,0,2746582,2746582,27459.925644,SUCCESS,gaussian,
2026-08-29T03:00:24,88.3,39.0,sensor2_wifi,3,0,4,0,120,248,100.000,100.021,0,1510364,1510364,15100.537342,SUCCESS,gaussian,
2026-08-29T03:02:04,88.3,39.0,sensor2_wifi,3,0,4,0,120,247,100.000,100.020,0,875981,875981,8758.014821,SUCCESS,gaussian,
2026-08-29T03:03:44,88.3,39.0,sensor2_wifi,3,0,4,0,120,246,100.000,100.021,0,493464,493464,4933.605124,SUCCESS,gaussian,
2026-08-29T03:05:25,88.3,39.0,sensor2_wifi,3,0,4,0,120,245,100.000,100.021,0,265901,265901,2658.459294,SUCCESS,gaussian,
2026-08-29T03:07:05,88.3,39.0,sensor2_wifi,3,0,4,0,120,244,100.000,100.021,0,141316,141316,1412.869517,SUCCESS,gaussian,
2026-08-29T03:08:45,88.3,39.0,sensor2_wifi,3,0,4,0,120,243,100.000,100.021,0,71311,71311,712.961171,SUCCESS,gaussian,
2026-08-29T03:10:26,88.3,39.0,sensor2_wifi,3,0,4,0,120,242,100.000,100.021,0,29625,29625,296.188991,SUCCESS,gaussian,
2026-08-29T03:12:06,88.3,39.0,sensor2_wifi,3,0,4,0,120,241,100.000,100.020,0,15541,15541,155.378171,SUCCESS,gaussian,
2026-08-29T03:13:46,88.3,39.0,sensor2_wifi,3,0,4,0,120,240,100.000,100.021,0,7558,7558,75.564279,SUCCESS,gaussian,
2026-08-29T03:15:27,88.3,39.0,sensor2_wifi,3,0,4,0,120,239,100.000,100.021,0,6849,6849,68.475748,SUCCESS,gaussian,
2026-08-29T03:17:07,88.3,39.0,sensor2_wifi,3,0,4,0,120,238,100.000,100.021,0,3056,3056,30.553717,SUCCESS,gaussian,
2026-08-29T03:18:47,88.3,39.0,sensor2_wifi,3,0,4,0,120,237,100.000,100.021,0,1672,1672,16.716487,SUCCESS,gaussian,
2026-08-29T03:20:28,88.3,39.0,sensor2_wifi,3,0,4,0,120,236,100.000,100.020,0,935,935,9.348096,SUCCESS,gaussian,
2026-08-29T03:22:08,88.3,39.0,sensor2_wifi,3,0,4,0,120,235,100.000,100.021,0,633,633,6.328690,SUCCESS,gaussian,
2026-08-29T03:23:48,88.3,39.0,sensor2_wifi,3,0,4,0,120,234,100.000,100.021,0,541,541,5.408881,SUCCESS,gaussian,
2026-08-29T03:25:29,88.3,39.0,sensor2_wifi,3,0,4,0,120,233,100.000,100.020,0,479,479,4.789021,SUCCESS,gaussian,
2026-08-29T03:27:09,88.3,39.0,sensor2_wifi,3,0,4,0,120,232,100.000,100.021,0,473,473,4.729000,SUCCESS,gaussian,
2026-08-29T03:28:49,88.3,39.0,sensor2_wifi,3,0,4,0,120,231,100.000,100.021,0,454,454,4.539059,SUCCESS,gaussian,
2026-08-29T03:30:30,88.3,39.0,sensor2_wifi,3,0,4,0,120,230,100.000,100.021,0,437,437,4.369098,SUCCESS,gaussian,
2026-08-29T03:32:10,88.3,39.0,sensor2_wifi,3,0,4,0,120,229,100.000,100.021,0,420,420,4.199127,SUCCESS,gaussian,
2026-08-29T03:33:50,88.3,39.0,sensor2_wifi,3,0,4,0,120,228,100.000,100.021,0,425,425,4.249124,SUCCESS,gaussian,
2026-08-29T03:35:31,88.3,39.0,sensor2_wifi,3,0,4,0,120,227,100.000,100.021,0,398,398,3.979165,SUCCESS,gaussian,
2026-08-29T03:37:11,88.3,39.0,sensor2_wifi,3,0,4,0,120,226,100.000,100.021,0,387,387,3.869185,SUCCESS,gaussian,
2026-08-29T03:38:51,88.3,39.0,sensor2_wifi,3,0,4,0,120,225,100.000,100.020,0,401,401,4.009187,SUCCESS,gaussian,
2026-08-29T03:40:31,88.3,39.0,sensor2_wifi,3,0,4,0,120,224,100.000,100.020,0,396,396,3.959193,SUCCESS,gaussian,
2026-08-29T03:42:12,88.3,39.0,sensor2_wifi,3,0,4,0,120,223,100.000,100.020,0,350,350,3.499284,SUCCESS,gaussian,
2026-08-29T03:43:52,88.3,39.0,sensor2_wifi,3,0,4,0,120,222,100.000,100.021,0,351,351,3.509246,SUCCESS,gaussian,
2026-08-29T03:45:32,88.3,39.0,sensor2_wifi,3,0,4,0,120,221,100.000,100.021,0,344,344,3.439283,SUCCESS,gaussian,
2026-08-29T03:47:13,88.3,39.0,sensor2_wifi,3,0,4,0,120,220,100.000,100.021,0,327,327,3.269319,SUCCESS,gaussian,
2026-08-29T03:48:53,88.3,39.0,sensor2_wifi,3,0,4,0,120,219,100.000,100.021,0,331,331,3.309310,SUCCESS,gaussian,
2026-08-29T03:50:33,88.3,39.0,sensor2_wifi,3,0,4,0,120,218,100.000,100.020,0,336,336,3.359318,SUCCESS,gaussian,
2026-08-29T03:52:14,88.3,39.0,sensor2_wifi,3,0,4,0,120,217,100.000,100.021,0,308,308,3.079368,SUCCESS,gaussian,
2026-08-29T03:53:54,88.3,39.0,sensor2_wifi,3,0,4,0,120,216,100.000,100.022,0,303,303,3.029346,SUCCESS,gaussian,
2026-08-29T03:55:34,88.3,39.0,sensor2_wifi,3,0,4,0,120,215,100.000,100.021,0,297,297,2.969369,SUCCESS,gaussian,
2026-08-29T03:57:15,88.3,39.0,sensor2_wifi,3,0,4,0,120,214,100.000,100.021,0,284,284,2.839415,SUCCESS,gaussian,
2026-08-29T03:58:55,88.3,39.0,sensor2_wifi,3,0,4,0,120,213,100.000,100.021,0,278,278,2.779421,SUCCESS,gaussian,
2026-08-29T04:00:35,88.3,39.0,sensor2_wifi,3,0,4,0,120,212,100.000,100.021,0,262,262,2.619460,SUCCESS,gaussian,
2026-08-29T04:02:16,88.3,39.0,sensor2_wifi,3,0,4,0,120,211,100.000,100.021,0,271,271,2.709431,SUCCESS,gaussian,
2026-08-29T04:03:56,88.3,39.0,sensor2_wifi,3,0,4,0,120,210,100.000,100.021,0,253,253,2.529476,SUCCESS,gaussian,
2026-08-29T04:05:36,88.3,39.0,sensor2_wifi,3,0,4,0,120,209,100.000,100.020,0,252,252,2.519486,SUCCESS,gaussian,
2026-08-29T04:07:16,88.3,39.0,sensor2_wifi,3,0,4,0,120,208,100.000,100.021,0,255,255,2.549473,SUCCESS,gaussian,
2026-08-29T04:08:57,88.3,39.0,sensor2_wifi,3,0,4,0,120,207,100.000,100.021,0,240,240,2.399502,SUCCESS,gaussian,
2026-08-29T04:10:37,88.3,39.0,sensor2_wifi,3,0,4,0,120,206,100.000,100.021,0,218,218,2.179550,SUCCESS,gaussian,
2026-08-29T04:12:17,88.3,39.0,sensor2_wifi,3,0,4,0,120,205,100.000,100.021,0,221,221,2.209540,SUCCESS,gaussian,
2026-08-29T04:13:58,88.3,39.0,sensor2_wifi,3,0,4,0,120,204,100.000,100.021,0,208,208,2.079564,SUCCESS,gaussian,
2026-08-29T04:15:38,88.3,39.0,sensor2_wifi,3,0,4,0,120,203,100.000,100.021,0,194,194,1.939599,SUCCESS,gaussian,
2026-08-29T04:17:18,88.3,39.0,sensor2_wifi,3,0,4,0,120,202,100.000,100.020,0,186,186,1.859624,SUCCESS,gaussian,
2026-08-29T04:18:59,88.3,39.0,sensor2_wifi,3,0,4,0,120,201,100.000,100.020,0,171,171,1.709652,SUCCESS,gaussian,
2026-08-29T04:20:39,88.3,39.0,sensor2_wifi,3,0,4,0,120,200,100.000,100.020,0,157,157,1.569682,SUCCESS,gaussian,
2026-08-29T04:22:19,88.3,39.0,sensor2_wifi,3,0,4,0,120,199,100.000,100.021,0,153,153,1.529686,SUCCESS,gaussian,
2026-08-29T04:23:59,88.3,39.0,sensor2_wifi,3,0,4,0,120,198,100.000,100.021,0,134,134,1.339722,SUCCESS,gaussian,
2026-08-29T04:25:40,88.3,39.0,sensor2_wifi,3,0,4,0,120,197,100.000,100.020,0,133,133,1.329732,SUCCESS,gaussian,
2026-08-29T04:27:20,88.3,39.0,sensor2_wifi,3,0,4,0,120,196,100.000,100.021,0,135,135,1.349717,SUCCESS,gaussian,
2026-08-29T04:29:00,88.3,39.0,sensor2_wifi,3,0,4,0,120,195,100.000,100.021,0,117,117,1.169760,SUCCESS,gaussian,
2026-08-29T04:30:41,88.3,39.0,sensor2_wifi,3,0,4,0,120,194,100.000,100.020,0,84,84,0.839829,SUCCESS,gaussian,
2026-08-29T04:32:21,88.3,39.0,sensor2_wifi,3,0,4,0,120,193,100.000,100.021,0,77,77,0.769842,SUCCESS,gaussian,
2026-08-29T04:34:01,88.3,39.0,sensor2_wifi,3,0,4,0,120,192,100.000,100.021,0,63,63,0.629870,SUCCESS,gaussian,
2026-08-29T04:35:42,88.3,39.0,sensor2_wifi,3,0,4,0,120,191,100.000,100.021,0,89,89,0.889816,SUCCESS,gaussian,
2026-08-29T04:37:22,88.3,39.0,sensor2_wifi,3,0,4,0,120,190,100.000,100.021,0,72,72,0.719850,SUCCESS,gaussian,
2026-08-29T04:39:02,88.3,39.0,sensor2_wifi,3,0,4,0,120,189,100.000,100.021,0,63,63,0.629868,SUCCESS,gaussian,
2026-08-29T04:40:43,88.3,39.0,sensor2_wifi,3,0,4,0,120,188,100.000,100.021,0,47,47,0.469903,SUCCESS,gaussian,
2026-08-29T04:42:23,88.3,39.0,sensor2_wifi,3,0,4,0,120,187,100.000,100.021,0,50,50,0.499897,SUCCESS,gaussian,
2026-08-29T04:44:03,88.3,39.0,sensor2_wifi,3,0,4,0,120,186,100.000,100.020,0,39,39,0.389921,SUCCESS,gaussian,
2026-08-29T04:45:44,88.3,39.0,sensor2_wifi,3,0,4,0,120,185,100.000,100.020,0,33,33,0.329933,SUCCESS,gaussian,
2026-08-29T04:47:24,88.3,39.0,sensor2_wifi,3,0,4,0,120,184,100.000,100.020,0,27,27,0.269945,SUCCESS,gaussian,
2026-08-29T04:49:04,88.3,39.0,sensor2_wifi,3,0,4,0,120,183,100.000,100.021,0,8,8,0.079984,SUCCESS,gaussian,
2026-08-29T04:50:44,88.3,39.0,sensor2_wifi,3,0,4,0,120,182,100.000,100.020,0,12,12,0.119976,SUCCESS,gaussian,
2026-08-29T04:52:25,88.3,39.0,sensor2_wifi,3,0,4,0,120,181,100.000,100.021,0,9,9,0.089981,SUCCESS,gaussian,
2026-08-29T04:54:05,88.3,39.0,sensor2_wifi,3,0,4,0,120,180,100.000,100.021,0,14,14,0.139971,SUCCESS,gaussian,
2026-08-29T04:55:45,88.3,39.0,sensor2_wifi,3,0,4,0,120,179,100.000,100.021,0,6,6,0.059988,SUCCESS,gaussian,
2026-08-29T04:57:26,88.3,39.0,sensor2_wifi,3,0,4,0,120,178,100.000,100.021,0,4,4,0.039992,SUCCESS,gaussian,
2026-08-29T04:59:06,88.3,39.0,sensor2_wifi,3,0,4,0,120,177,100.000,100.021,0,6,6,0.059987,SUCCESS,gaussian,
2026-08-29T05:00:46,88.3,39.0,sensor2_wifi,3,0,4,0,120,176,100.000,100.021,0,6,6,0.059988,SUCCESS,gaussian,
2026-08-29T05:02:27,88.3,39.0,sensor2_wifi,3,0,4,0,120,175,100.000,100.021,0,4,4,0.039992,SUCCESS,gaussian,
2026-08-29T05:04:07,88.3,39.0,sensor2_wifi,3,0,4,0,120,174,100.000,100.020,0,2,2,0.019996,SUCCESS,gaussian,
2026-08-29T05:05:47,88.3,39.0,sensor2_wifi,3,0,4,0,120,173,100.000,100.021,0,4,4,0.039992,SUCCESS,gaussian,
2026-08-29T05:07:28,88.3,39.0,sensor2_wifi,3,0,4,0,120,172,100.000,100.020,0,2,2,0.019996,SUCCESS,gaussian,
2026-08-29T05:09:08,88.3,39.0,sensor2_wifi,3,0,4,0,120,171,100.000,100.021,0,2,2,0.019996,SUCCESS,gaussian,
2026-08-29T05:10:48,88.3,39.0,sensor2_wifi,3,0,4,0,120,170,100.000,100.021,0,2,2,0.019996,SUCCESS,gaussian,
2026-08-29T05:12:28,88.3,39.0,sensor2_wifi,3,0,4,0,120,169,100.000,100.021,0,2,2,0.019996,SUCCESS,gaussian,
2026-08-29T05:14:09,88.3,39.0,sensor2_wifi,3,0,4,0,120,168,100.000,100.021,0,2,2,0.019996,SUCCESS,gaussian,
2026-08-29T05:15:49,88.3,39.0,sensor2_wifi,3,0,4,0,120,167,100.000,100.021,0,2,2,0.019996,SUCCESS,gaussian,
2026-08-29T05:17:29,88.3,39.0,sensor2_wifi,3,0,4,0,120,166,100.000,100.021,0,2,2,0.019996,SUCCESS,gaussian,
2026-08-29T05:19:10,88.3,39.0,sensor2_wifi,3,0,4,0,120,165,100.000,100.021,0,2,2,0.019996,SUCCESS,gaussian,
2026-08-29T05:20:50,88.3,39.0,sensor2_wifi,3,0,4,0,120,164,100.000,100.021,0,2,2,0.019996,SUCCESS,gaussian,
2026-08-29T05:22:30,88.3,39.0,sensor2_wifi,3,0,4,0,120,163,100.000,100.020,0,2,2,0.019996,SUCCESS,gaussian,
2026-08-29T05:24:11,88.3,39.0,sensor2_wifi,3,0,4,0,120,162,100.000,100.021,0,2,2,0.019996,SUCCESS,gaussian,
2026-08-29T05:25:51,88.3,39.0,sensor2_wifi,3,0,4,0,120,161,100.000,100.021,0,2,2,0.019996,SUCCESS,gaussian,
2026-08-29T05:27:31,88.3,39.0,sensor2_wifi,3,0,4,0,120,160,100.000,100.021,0,2,2,0.019996,SUCCESS,gaussian,
2026-08-29T05:29:12,88.3,39.0,sensor2_wifi,3,0,4,0,120,159,100.000,100.021,0,2,2,0.019996,SUCCESS,gaussian,
2026-08-29T05:30:52,88.3,39.0,sensor2_wifi,3,0,4,0,120,158,100.000,100.021,0,2,2,0.019996,SUCCESS,gaussian,
2026-08-29T05:32:32,88.3,39.0,sensor2_wifi,3,0,4,0,120,157,100.000,100.021,0,2,2,0.019996,SUCCESS,gaussian,
2026-08-29T05:34:13,88.3,39.0,sensor2_wifi,3,0,4,0,120,156,100.000,100.021,0,2,2,0.019996,SUCCESS,gaussian,
2026-08-29T05:35:53,88.3,39.0,sensor2_wifi,3,0,4,0,120,155,100.000,100.021,0,2,2,0.019996,SUCCESS,gaussian,
2026-08-29T05:37:33,88.3,39.0,sensor2_wifi,3,0,4,0,120,154,100.000,100.021,0,1,1,0.009998,SUCCESS,gaussian,
2026-08-29T05:39:13,88.3,39.0,sensor2_wifi,3,0,4,0,120,153,100.000,100.021,0,1,1,0.009998,SUCCESS,gaussian,
2026-08-29T05:40:54,88.3,39.0,sensor2_wifi,3,0,4,0,120,152,100.000,100.021,0,1,1,0.009998,SUCCESS,gaussian,
2026-08-29T05:42:34,88.3,39.0,sensor2_wifi,3,0,4,0,120,151,100.000,100.021,0,1,1,0.009998,SUCCESS,gaussian,
2026-08-29T05:44:14,88.3,39.0,sensor2_wifi,3,0,4,0,120,150,100.000,100.021,0,2,2,0.019996,SUCCESS,gaussian,
2026-08-29T05:45:55,88.3,39.0,sensor2_wifi,3,0,4,0,120,149,100.000,100.021,0,1,1,0.009998,SUCCESS,gaussian,
2026-08-29T05:47:35,88.3,39.0,sensor2_wifi,3,0,4,0,120,148,100.000,100.021,0,1,1,0.009998,SUCCESS,gaussian,
2026-08-29T05:49:15,88.3,39.0,sensor2_wifi,3,0,4,0,120,147,100.000,100.021,0,1,1,0.009998,SUCCESS,gaussian,
2026-08-29T05:50:56,88.3,39.0,sensor2_wifi,3,0,4,0,120,146,100.000,100.020,0,1,1,0.009998,SUCCESS,gaussian,
2026-08-29T05:52:36,88.3,39.0,sensor2_wifi,3,0,4,0,120,145,100.000,100.021,0,1,1,0.009998,SUCCESS,gaussian,
2026-08-29T05:54:16,88.3,39.0,sensor2_wifi,3,0,4,0,120,144,100.000,100.021,0,1,1,0.009998,SUCCESS,gaussian,
2026-08-29T05:55:57,88.3,39.0,sensor2_wifi,3,0,4,0,120,143,100.000,100.021,0,1,1,0.009998,SUCCESS,gaussian,
2026-08-29T05:57:37,88.3,39.0,sensor2_wifi,3,0,4,0,120,142,100.000,100.021,0,1,1,0.009998,SUCCESS,gaussian,
2026-08-29T05:59:17,88.3,39.0,sensor2_wifi,3,0,4,0,120,141,100.000,100.021,0,1,1,0.009998,SUCCESS,gaussian,
2026-08-29T06:00:57,88.3,39.0,sensor2_wifi,3,0,4,0,120,140,100.000,100.021,0,1,1,0.009998,SUCCESS,gaussian,
2026-08-29T06:02:38,88.3,39.0,sensor2_wifi,3,0,4,0,120,139,100.000,100.021,0,1,1,0.009998,SUCCESS,gaussian,
2026-08-29T06:04:18,88.3,39.0,sensor2_wifi,3,0,4,0,120,138,100.000,100.021,0,1,1,0.009998,SUCCESS,gaussian,
2026-08-29T06:05:58,88.3,39.0,sensor2_wifi,3,0,4,0,120,137,100.000,100.021,0,1,1,0.009998,SUCCESS,gaussian,
2026-08-29T06:07:39,88.3,39.0,sensor2_wifi,3,0,4,0,120,136,100.000,100.021,0,1,1,0.009998,SUCCESS,gaussian,
2026-08-29T06:09:19,88.3,39.0,sensor2_wifi,3,0,4,0,120,135,100.000,100.021,0,1,1,0.009998,SUCCESS,gaussian,
2026-08-29T06:10:59,88.3,39.0,sensor2_wifi,3,0,4,0,120,134,100.000,100.020,0,1,1,0.009998,SUCCESS,gaussian,
2026-08-29T06:12:40,88.3,39.0,sensor2_wifi,3,0,4,0,120,133,100.000,100.021,0,1,1,0.009998,SUCCESS,gaussian,
2026-08-29T06:14:20,88.3,39.0,sensor2_wifi,3,0,4,0,120,132,100.000,100.021,0,1,1,0.009998,SUCCESS,gaussian,
2026-08-29T06:16:00,88.3,39.0,sensor2_wifi,3,0,4,0,120,131,100.000,100.021,0,1,1,0.009998,SUCCESS,gaussian,
2026-08-29T06:17:41,88.3,39.0,sensor2_wifi,3,0,4,0,120,130,100.000,100.020,0,1,1,0.009998,SUCCESS,gaussian,
2026-08-29T06:19:21,88.3,39.0,sensor2_wifi,3,0,4,0,120,129,100.000,100.020,0,1,1,0.009998,SUCCESS,gaussian,
2026-08-29T06:21:01,88.3,39.0,sensor2_wifi,3,0,4,0,120,128,100.000,100.021,0,1,1,0.009998,SUCCESS,gaussian,
2026-08-29T06:22:41,88.3,39.0,sensor2_wifi,3,0,4,0,120,127,100.000,100.021,0,0,0,0.000000,SUCCESS,gaussian,
2026-08-29T06:24:22,88.3,39.0,sensor2_wifi,3,0,4,0,120,126,100.000,100.021,0,1,1,0.009998,SUCCESS,gaussian,
2026-08-29T06:26:02,88.3,39.0,sensor2_wifi,3,0,4,0,120,125,100.000,100.020,0,0,0,0.000000,SUCCESS,gaussian,
2026-08-29T06:27:42,88.3,39.0,sensor2_wifi,3,0,4,0,120,124,100.000,100.021,0,1,1,0.009998,SUCCESS,gaussian,
2026-08-29T06:29:23,88.3,39.0,sensor2_wifi,3,0,4,0,120,123,100.000,100.021,0,0,0,0.000000,SUCCESS,gaussian,
2026-08-29T06:31:03,88.3,39.0,sensor2_wifi,3,0,4,0,120,122,100.000,100.021,0,1,1,0.009998,SUCCESS,gaussian,
2026-08-29T06:32:43,88.3,39.0,sensor2_wifi,3,0,4,0,120,121,100.000,100.021,0,1,1,0.009998,SUCCESS,gaussian,
2026-08-29T06:34:24,88.3,39.0,sensor2_wifi,3,0,4,0,120,120,100.000,100.021,0,1,1,0.009998,SUCCESS,gaussian,
2026-08-29T06:36:04,88.3,39.0,sensor2_wifi,3,0,4,0,120,119,100.000,100.020,0,0,0,0.000000,SUCCESS,gaussian,
2026-08-29T06:37:44,88.3,39.0,sensor2_wifi,3,0,4,0,120,118,100.000,100.021,0,0,0,0.000000,SUCCESS,gaussian,
2026-08-29T06:39:25,88.3,39.0,sensor2_wifi,3,1,5,1,120,255,100.000,100.021,0,6146259,6146259,61449.927603,SUCCESS,gaussian,
2026-08-29T06:41:05,88.3,39.0,sensor2_wifi,3,1,5,1,120,254,100.000,100.021,0,7908987,7908987,79073.612633,SUCCESS,gaussian,
2026-08-29T06:42:45,88.3,39.0,sensor2_wifi,3,1,5,1,120,253,100.000,100.122,0,9903333,9903333,98912.532451,SUCCESS,gaussian,
2026-08-29T06:44:26,88.3,39.0,sensor2_wifi,3,1,5,1,120,252,100.000,100.021,0,11495216,11495216,114928.343827,SUCCESS,gaussian,
2026-08-29T06:46:06,88.3,39.0,sensor2_wifi,3,1,5,1,120,251,100.000,100.021,0,12932908,12932908,129302.572736,SUCCESS,gaussian,
2026-08-29T06:47:46,88.3,39.0,sensor2_wifi,3,1,5,1,120,250,100.000,100.020,0,13878283,13878283,138754.436694,SUCCESS,gaussian,
2026-08-29T06:49:27,88.3,39.0,sensor2_wifi,3,1,5,1,120,249,100.000,100.021,0,15601448,15601448,155981.632887,SUCCESS,gaussian,
2026-08-29T06:51:07,88.3,39.0,sensor2_wifi,3,1,5,1,120,248,100.000,100.021,0,689335,689335,6891.935662,SUCCESS,gaussian,
2026-08-29T06:52:47,88.3,39.0,sensor2_wifi,3,1,5,1,120,247,100.000,100.020,0,2759545,2759545,27589.911894,SUCCESS,gaussian,
2026-08-29T06:54:27,88.3,39.0,sensor2_wifi,3,1,5,1,120,246,100.000,100.020,0,4055062,4055062,40542.364611,SUCCESS,gaussian,
2026-08-29T06:56:08,88.3,39.0,sensor2_wifi,3,1,5,1,120,245,100.000,100.021,0,3989636,3989636,39888.109352,SUCCESS,gaussian,
2026-08-29T06:57:48,88.3,39.0,sensor2_wifi,3,1,5,1,120,244,100.000,100.020,0,2177096,2177096,21766.531086,SUCCESS,gaussian,
2026-08-29T06:59:28,88.3,39.0,sensor2_wifi,3,1,5,1,120,243,100.000,100.021,0,14845133,14845133,148420.850728,SUCCESS,gaussian,
2026-08-29T07:01:09,88.3,39.0,sensor2_wifi,3,1,5,1,120,242,100.000,100.021,0,10901717,10901717,108994.636979,SUCCESS,gaussian,
2026-08-29T07:02:49,88.3,39.0,sensor2_wifi,3,1,5,1,120,241,100.000,100.020,0,6818335,6818335,68169.402127,SUCCESS,gaussian,
2026-08-29T07:04:29,88.3,39.0,sensor2_wifi,3,1,5,1,120,240,100.000,100.021,0,4236919,4236919,42360.402217,SUCCESS,gaussian,
2026-08-29T07:06:10,88.3,39.0,sensor2_wifi,3,1,5,1,120,239,100.000,100.021,0,3474948,3474948,34742.336718,SUCCESS,gaussian,
2026-08-29T07:07:50,88.3,39.0,sensor2_wifi,3,1,5,1,120,238,100.000,100.021,0,2160784,2160784,21603.344780,SUCCESS,gaussian,
2026-08-29T07:09:30,88.3,39.0,sensor2_wifi,3,1,5,1,120,237,100.000,100.021,0,1121238,1121238,11210.052653,SUCCESS,gaussian,
2026-08-29T07:11:11,88.3,39.0,sensor2_wifi,3,1,5,1,120,236,100.000,100.020,0,597789,597789,5976.664801,SUCCESS,gaussian,
2026-08-29T07:12:51,88.3,39.0,sensor2_wifi,3,1,5,1,120,235,100.000,100.020,0,297117,297117,2970.561292,SUCCESS,gaussian,
2026-08-29T07:14:31,88.3,39.0,sensor2_wifi,3,1,5,1,120,234,100.000,100.020,0,152495,152495,1524.638181,SUCCESS,gaussian,
2026-08-29T07:16:11,88.3,39.0,sensor2_wifi,3,1,5,1,120,233,100.000,100.021,0,69370,69370,693.555035,SUCCESS,gaussian,
2026-08-29T07:17:52,88.3,39.0,sensor2_wifi,3,1,5,1,120,232,100.000,100.020,0,37531,37531,375.233641,SUCCESS,gaussian,
2026-08-29T07:19:32,88.3,39.0,sensor2_wifi,3,1,5,1,120,231,100.000,100.021,0,19699,19699,196.948909,SUCCESS,gaussian,
2026-08-29T07:21:12,88.3,39.0,sensor2_wifi,3,1,5,1,120,230,100.000,100.021,0,9266,9266,92.640354,SUCCESS,gaussian,
2026-08-29T07:22:53,88.3,39.0,sensor2_wifi,3,1,5,1,120,229,100.000,100.021,0,3638,3638,36.372371,SUCCESS,gaussian,
2026-08-29T07:24:33,88.3,39.0,sensor2_wifi,3,1,5,1,120,228,100.000,100.021,0,1918,1918,19.175981,SUCCESS,gaussian,
2026-08-29T07:26:13,88.3,39.0,sensor2_wifi,3,1,5,1,120,227,100.000,100.021,0,1034,1034,10.337828,SUCCESS,gaussian,
2026-08-29T07:27:54,88.3,39.0,sensor2_wifi,3,1,5,1,120,226,100.000,100.021,0,737,737,7.368427,SUCCESS,gaussian,
2026-08-29T07:29:34,88.3,39.0,sensor2_wifi,3,1,5,1,120,225,100.000,100.021,0,595,595,5.948756,SUCCESS,gaussian,
2026-08-29T07:31:14,88.3,39.0,sensor2_wifi,3,1,5,1,120,224,100.000,100.021,0,512,512,5.118905,SUCCESS,gaussian,
2026-08-29T07:32:55,88.3,39.0,sensor2_wifi,3,1,5,1,120,223,100.000,100.020,0,454,454,4.539070,SUCCESS,gaussian,
2026-08-29T07:34:35,88.3,39.0,sensor2_wifi,3,1,5,1,120,222,100.000,100.021,0,448,448,4.479076,SUCCESS,gaussian,
2026-08-29T07:36:15,88.3,39.0,sensor2_wifi,3,1,5,1,120,221,100.000,100.021,0,420,420,4.199137,SUCCESS,gaussian,
2026-08-29T07:37:56,88.3,39.0,sensor2_wifi,3,1,5,1,120,220,100.000,100.021,0,424,424,4.239119,SUCCESS,gaussian,
2026-08-29T07:39:36,88.3,39.0,sensor2_wifi,3,1,5,1,120,219,100.000,100.021,0,401,401,4.009170,SUCCESS,gaussian,
2026-08-29T07:41:16,88.3,39.0,sensor2_wifi,3,1,5,1,120,218,100.000,100.021,0,391,391,3.909183,SUCCESS,gaussian,
2026-08-29T07:42:56,88.3,39.0,sensor2_wifi,3,1,5,1,120,217,100.000,100.021,0,382,382,3.819207,SUCCESS,gaussian,
2026-08-29T07:44:37,88.3,39.0,sensor2_wifi,3,1,5,1,120,216,100.000,100.021,0,379,379,3.789219,SUCCESS,gaussian,
2026-08-29T07:46:17,88.3,39.0,sensor2_wifi,3,1,5,1,120,215,100.000,100.020,0,382,382,3.819222,SUCCESS,gaussian,
2026-08-29T07:47:57,88.3,39.0,sensor2_wifi,3,1,5,1,120,214,100.000,100.021,0,367,367,3.669245,SUCCESS,gaussian,
2026-08-29T07:49:38,88.3,39.0,sensor2_wifi,3,1,5,1,120,213,100.000,100.021,0,362,362,3.619242,SUCCESS,gaussian,
2026-08-29T07:51:18,88.3,39.0,sensor2_wifi,3,1,5,1,120,212,100.000,100.021,0,354,354,3.539269,SUCCESS,gaussian,
2026-08-29T07:52:58,88.3,39.0,sensor2_wifi,3,1,5,1,120,211,100.000,100.021,0,335,335,3.349297,SUCCESS,gaussian,
2026-08-29T07:54:39,88.3,39.0,sensor2_wifi,3,1,5,1,120,210,100.000,100.021,0,328,328,3.279309,SUCCESS,gaussian,
2026-08-29T07:56:19,88.3,39.0,sensor2_wifi,3,1,5,1,120,209,100.000,100.021,0,311,311,3.109351,SUCCESS,gaussian,
2026-08-29T07:57:59,88.3,39.0,sensor2_wifi,3,1,5,1,120,208,100.000,100.021,0,330,330,3.299317,SUCCESS,gaussian,
2026-08-29T07:59:40,88.3,39.0,sensor2_wifi,3,1,5,1,120,207,100.000,100.021,0,303,303,3.029361,SUCCESS,gaussian,
2026-08-29T08:01:20,88.3,39.0,sensor2_wifi,3,1,5,1,120,206,100.000,100.020,0,301,301,3.009384,SUCCESS,gaussian,
2026-08-29T08:03:00,88.3,39.0,sensor2_wifi,3,1,5,1,120,205,100.000,100.021,0,291,291,2.909396,SUCCESS,gaussian,
2026-08-29T08:04:41,88.3,39.0,sensor2_wifi,3,1,5,1,120,204,100.000,100.020,0,288,288,2.879416,SUCCESS,gaussian,
2026-08-29T08:06:21,88.3,39.0,sensor2_wifi,3,1,5,1,120,203,100.000,100.021,0,282,282,2.819421,SUCCESS,gaussian,
2026-08-29T08:08:01,88.3,39.0,sensor2_wifi,3,1,5,1,120,202,100.000,100.020,0,273,273,2.729444,SUCCESS,gaussian,
2026-08-29T08:09:41,88.3,39.0,sensor2_wifi,3,1,5,1,120,201,100.000,100.020,0,265,265,2.649465,SUCCESS,gaussian,
2026-08-29T08:11:22,88.3,39.0,sensor2_wifi,3,1,5,1,120,200,100.000,100.021,0,255,255,2.549477,SUCCESS,gaussian,
2026-08-29T08:13:02,88.3,39.0,sensor2_wifi,3,1,5,1,120,199,100.000,100.021,0,249,249,2.489481,SUCCESS,gaussian,
2026-08-29T08:14:42,88.3,39.0,sensor2_wifi,3,1,5,1,120,198,100.000,100.021,0,244,244,2.439488,SUCCESS,gaussian,
2026-08-29T08:16:23,88.3,39.0,sensor2_wifi,3,1,5,1,120,197,100.000,100.020,0,234,234,2.339527,SUCCESS,gaussian,
2026-08-29T08:18:03,88.3,39.0,sensor2_wifi,3,1,5,1,120,196,100.000,100.021,0,214,214,2.139559,SUCCESS,gaussian,
2026-08-29T08:19:43,88.3,39.0,sensor2_wifi,3,1,5,1,120,195,100.000,100.021,0,209,209,2.089565,SUCCESS,gaussian,
2026-08-29T08:21:24,88.3,39.0,sensor2_wifi,3,1,5,1,120,194,100.000,100.020,0,212,212,2.119572,SUCCESS,gaussian,
2026-08-29T08:23:04,88.3,39.0,sensor2_wifi,3,1,5,1,120,193,100.000,100.021,0,185,185,1.849615,SUCCESS,gaussian,
2026-08-29T08:24:44,88.3,39.0,sensor2_wifi,3,1,5,1,120,192,100.000,100.021,0,186,186,1.859615,SUCCESS,gaussian,
2026-08-29T08:26:24,88.3,39.0,sensor2_wifi,3,1,5,1,120,191,100.000,100.021,0,176,176,1.759633,SUCCESS,gaussian,
2026-08-29T08:28:05,88.3,39.0,sensor2_wifi,3,1,5,1,120,190,100.000,100.021,0,179,179,1.789626,SUCCESS,gaussian,
2026-08-29T08:29:45,88.3,39.0,sensor2_wifi,3,1,5,1,120,189,100.000,100.020,0,161,161,1.609675,SUCCESS,gaussian,
2026-08-29T08:31:25,88.3,39.0,sensor2_wifi,3,1,5,1,120,188,100.000,100.021,0,141,141,1.409709,SUCCESS,gaussian,
2026-08-29T08:33:06,88.3,39.0,sensor2_wifi,3,1,5,1,120,187,100.000,100.021,0,132,132,1.319729,SUCCESS,gaussian,
2026-08-29T08:34:46,88.3,39.0,sensor2_wifi,3,1,5,1,120,186,100.000,100.021,0,116,116,1.159761,SUCCESS,gaussian,
2026-08-29T08:36:26,88.3,39.0,sensor2_wifi,3,1,5,1,120,185,100.000,100.021,0,96,96,0.959801,SUCCESS,gaussian,
2026-08-29T08:38:07,88.3,39.0,sensor2_wifi,3,1,5,1,120,184,100.000,100.021,0,98,98,0.979798,SUCCESS,gaussian,
2026-08-29T08:39:47,88.3,39.0,sensor2_wifi,3,1,5,1,120,183,100.000,100.021,0,91,91,0.909806,SUCCESS,gaussian,
2026-08-29T08:41:27,88.3,39.0,sensor2_wifi,3,1,5,1,120,182,100.000,100.021,0,79,79,0.789837,SUCCESS,gaussian,
2026-08-29T08:43:08,88.3,39.0,sensor2_wifi,3,1,5,1,120,181,100.000,100.021,0,68,68,0.679858,SUCCESS,gaussian,
2026-08-29T08:44:48,88.3,39.0,sensor2_wifi,3,1,5,1,120,180,100.000,100.020,0,72,72,0.719855,SUCCESS,gaussian,
2026-08-29T08:46:28,88.3,39.0,sensor2_wifi,3,1,5,1,120,179,100.000,100.021,0,52,52,0.519892,SUCCESS,gaussian,
2026-08-29T08:48:09,88.3,39.0,sensor2_wifi,3,1,5,1,120,178,100.000,100.021,0,54,54,0.539888,SUCCESS,gaussian,
2026-08-29T08:49:49,88.3,39.0,sensor2_wifi,3,1,5,1,120,177,100.000,100.021,0,30,30,0.299938,SUCCESS,gaussian,
2026-08-29T08:51:29,88.3,39.0,sensor2_wifi,3,1,5,1,120,176,100.000,100.021,0,21,21,0.209956,SUCCESS,gaussian,
2026-08-29T08:53:09,88.3,39.0,sensor2_wifi,3,1,5,1,120,175,100.000,100.021,0,24,24,0.239950,SUCCESS,gaussian,
2026-08-29T08:54:50,88.3,39.0,sensor2_wifi,3,1,5,1,120,174,100.000,100.021,0,17,17,0.169964,SUCCESS,gaussian,
2026-08-29T08:56:30,88.3,39.0,sensor2_wifi,3,1,5,1,120,173,100.000,100.021,0,13,13,0.129972,SUCCESS,gaussian,
2026-08-29T08:58:11,88.3,39.0,sensor2_wifi,3,1,5,1,120,172,100.000,100.021,0,10,10,0.099979,SUCCESS,gaussian,
2026-08-29T08:59:51,88.3,39.0,sensor2_wifi,3,1,5,1,120,171,100.000,100.021,0,6,6,0.059988,SUCCESS,gaussian,
2026-08-29T09:01:31,88.3,39.0,sensor2_wifi,3,1,5,1,120,170,100.000,100.021,0,6,6,0.059987,SUCCESS,gaussian,
2026-08-29T09:03:11,88.3,39.0,sensor2_wifi,3,1,5,1,120,169,100.000,100.021,0,4,4,0.039992,SUCCESS,gaussian,
2026-08-29T09:04:52,88.3,39.0,sensor2_wifi,3,1,5,1,120,168,100.000,100.021,0,4,4,0.039992,SUCCESS,gaussian,
2026-08-29T09:06:32,88.3,39.0,sensor2_wifi,3,1,5,1,120,167,100.000,100.021,0,6,6,0.059988,SUCCESS,gaussian,
2026-08-29T09:08:12,88.3,39.0,sensor2_wifi,3,1,5,1,120,166,100.000,100.021,0,2,2,0.019996,SUCCESS,gaussian,
2026-08-29T09:09:53,88.3,39.0,sensor2_wifi,3,1,5,1,120,165,100.000,100.021,0,4,4,0.039992,SUCCESS,gaussian,
2026-08-29T09:11:33,88.3,39.0,sensor2_wifi,3,1,5,1,120,164,100.000,100.021,0,2,2,0.019996,SUCCESS,gaussian,
2026-08-29T09:13:13,88.3,39.0,sensor2_wifi,3,1,5,1,120,163,100.000,100.021,0,2,2,0.019996,SUCCESS,gaussian,
2026-08-29T09:14:54,88.3,39.0,sensor2_wifi,3,1,5,1,120,162,100.000,100.021,0,2,2,0.019996,SUCCESS,gaussian,
2026-08-29T09:16:34,88.3,39.0,sensor2_wifi,3,1,5,1,120,161,100.000,100.021,0,2,2,0.019996,SUCCESS,gaussian,
2026-08-29T09:18:14,88.3,39.0,sensor2_wifi,3,1,5,1,120,160,100.000,100.021,0,2,2,0.019996,SUCCESS,gaussian,
2026-08-29T09:19:54,88.3,39.0,sensor2_wifi,3,1,5,1,120,159,100.000,100.021,0,2,2,0.019996,SUCCESS,gaussian,
2026-08-29T09:21:35,88.3,39.0,sensor2_wifi,3,1,5,1,120,158,100.000,100.020,0,2,2,0.019996,SUCCESS,gaussian,
2026-08-29T09:23:15,88.3,39.0,sensor2_wifi,3,1,5,1,120,157,100.000,100.021,0,1,1,0.009998,SUCCESS,gaussian,
2026-08-29T09:24:55,88.3,39.0,sensor2_wifi,3,1,5,1,120,156,100.000,100.021,0,2,2,0.019996,SUCCESS,gaussian,
2026-08-29T09:26:36,88.3,39.0,sensor2_wifi,3,1,5,1,120,155,100.000,100.021,0,2,2,0.019996,SUCCESS,gaussian,
2026-08-29T09:28:16,88.3,39.0,sensor2_wifi,3,1,5,1,120,154,100.000,100.021,0,2,2,0.019996,SUCCESS,gaussian,
2026-08-29T09:29:56,88.3,39.0,sensor2_wifi,3,1,5,1,120,153,100.000,100.020,0,2,2,0.019996,SUCCESS,gaussian,
2026-08-29T09:31:37,88.3,39.0,sensor2_wifi,3,1,5,1,120,152,100.000,100.021,0,2,2,0.019996,SUCCESS,gaussian,
2026-08-29T09:33:17,88.3,39.0,sensor2_wifi,3,1,5,1,120,151,100.000,100.020,0,2,2,0.019996,SUCCESS,gaussian,
2026-08-29T09:34:57,88.3,39.0,sensor2_wifi,3,1,5,1,120,150,100.000,100.021,0,2,2,0.019996,SUCCESS,gaussian,
2026-08-29T09:36:38,88.3,39.0,sensor2_wifi,3,1,5,1,120,149,100.000,100.021,0,2,2,0.019996,SUCCESS,gaussian,
2026-08-29T09:38:18,88.3,39.0,sensor2_wifi,3,1,5,1,120,148,100.000,100.021,0,2,2,0.019996,SUCCESS,gaussian,
2026-08-29T09:39:58,88.3,39.0,sensor2_wifi,3,1,5,1,120,147,100.000,100.021,0,1,1,0.009998,SUCCESS,gaussian,
2026-08-29T09:41:38,88.3,39.0,sensor2_wifi,3,1,5,1,120,146,100.000,100.021,0,2,2,0.019996,SUCCESS,gaussian,
2026-08-29T09:43:19,88.3,39.0,sensor2_wifi,3,1,5,1,120,145,100.000,100.021,0,1,1,0.009998,SUCCESS,gaussian,
2026-08-29T09:44:59,88.3,39.0,sensor2_wifi,3,1,5,1,120,144,100.000,100.021,0,2,2,0.019996,SUCCESS,gaussian,
2026-08-29T09:46:39,88.3,39.0,sensor2_wifi,3,1,5,1,120,143,100.000,100.021,0,1,1,0.009998,SUCCESS,gaussian,
2026-08-29T09:48:20,88.3,39.0,sensor2_wifi,3,1,5,1,120,142,100.000,100.021,0,2,2,0.019996,SUCCESS,gaussian,
2026-08-29T09:50:00,88.3,39.0,sensor2_wifi,3,1,5,1,120,141,100.000,100.021,0,1,1,0.009998,SUCCESS,gaussian,
2026-08-29T09:51:40,88.3,39.0,sensor2_wifi,3,1,5,1,120,140,100.000,100.021,0,1,1,0.009998,SUCCESS,gaussian,
2026-08-29T09:53:21,88.3,39.0,sensor2_wifi,3,1,5,1,120,139,100.000,100.021,0,1,1,0.009998,SUCCESS,gaussian,
2026-08-29T09:55:01,88.3,39.0,sensor2_wifi,3,1,5,1,120,138,100.000,100.021,0,1,1,0.009998,SUCCESS,gaussian,
2026-08-29T09:56:41,88.3,39.0,sensor2_wifi,3,1,5,1,120,137,100.000,100.021,0,1,1,0.009998,SUCCESS,gaussian,
2026-08-29T09:58:22,88.3,39.0,sensor2_wifi,3,1,5,1,120,136,100.000,100.021,0,1,1,0.009998,SUCCESS,gaussian,
2026-08-29T10:00:02,88.3,39.0,sensor2_wifi,3,1,5,1,120,135,100.000,100.021,0,1,1,0.009998,SUCCESS,gaussian,
2026-08-29T10:01:42,88.3,39.0,sensor2_wifi,3,1,5,1,120,134,100.000,100.021,0,0,0,0.000000,SUCCESS,gaussian,
2026-08-29T10:03:23,88.3,39.0,sensor2_wifi,3,1,5,1,120,133,100.000,100.021,0,1,1,0.009998,SUCCESS,gaussian,
2026-08-29T10:05:03,88.3,39.0,sensor2_wifi,3,1,5,1,120,132,100.000,100.020,0,1,1,0.009998,SUCCESS,gaussian,
2026-08-29T10:06:43,88.3,39.0,sensor2_wifi,3,1,5,1,120,131,100.000,100.020,0,1,1,0.009998,SUCCESS,gaussian,
2026-08-29T10:08:23,88.3,39.0,sensor2_wifi,3,1,5,1,120,130,100.000,100.020,0,1,1,0.009998,SUCCESS,gaussian,
2026-08-29T10:10:04,88.3,39.0,sensor2_wifi,3,1,5,1,120,129,100.000,100.020,0,1,1,0.009998,SUCCESS,gaussian,
2026-08-29T10:11:44,88.3,39.0,sensor2_wifi,3,1,5,1,120,128,100.000,100.020,0,1,1,0.009998,SUCCESS,gaussian,
2026-08-29T10:13:24,88.3,39.0,sensor2_wifi,3,1,5,1,120,127,100.000,100.020,0,1,1,0.009998,SUCCESS,gaussian,
2026-08-29T10:15:05,88.3,39.0,sensor2_wifi,3,1,5,1,120,126,100.000,100.021,0,1,1,0.009998,SUCCESS,gaussian,
2026-08-29T10:16:45,88.3,39.0,sensor2_wifi,3,1,5,1,120,125,100.000,100.021,0,1,1,0.009998,SUCCESS,gaussian,
2026-08-29T10:18:25,88.3,39.0,sensor2_wifi,3,1,5,1,120,124,100.000,100.021,0,1,1,0.009998,SUCCESS,gaussian,
2026-08-29T10:20:06,88.3,39.0,sensor2_wifi,3,1,5,1,120,123,100.000,100.021,0,1,1,0.009998,SUCCESS,gaussian,
2026-08-29T10:21:46,88.3,39.0,sensor2_wifi,3,1,5,1,120,122,100.000,100.021,0,0,0,0.000000,SUCCESS,gaussian,
2026-08-29T10:23:26,88.3,39.0,sensor2_wifi,3,1,5,1,120,121,100.000,100.020,0,2,2,0.019996,SUCCESS,gaussian,
2026-08-29T10:25:07,88.3,39.0,sensor2_wifi,3,1,5,1,120,120,100.000,100.021,0,0,0,0.000000,SUCCESS,gaussian,
2026-08-29T10:26:47,88.3,39.0,sensor2_wifi,3,1,5,1,120,119,100.000,100.021,0,1,1,0.009998,SUCCESS,gaussian,
2026-08-29T10:28:27,88.3,39.0,sensor2_wifi,3,1,5,1,120,118,100.000,100.021,0,1,1,0.009998,SUCCESS,gaussian,
2026-08-29T10:30:07,88.3,39.0,sensor2_wifi,3,1,5,1,120,117,100.000,100.021,0,0,0,0.000000,SUCCESS,gaussian,
2026-08-29T10:31:48,88.3,39.0,sensor2_wifi,3,1,5,1,120,116,100.000,100.021,0,0,0,0.000000,SUCCESS,gaussian,
2026-08-29T10:33:28,88.3,39.0,sensor2_wifi,3,2,6,2,120,255,100.000,100.021,0,14004340,14004340,140013.308334,SUCCESS,gaussian,
2026-08-29T10:35:08,88.3,39.0,sensor2_wifi,3,2,6,2,120,254,100.000,100.021,0,15395751,15395751,153925.871975,SUCCESS,gaussian,
2026-08-29T10:36:49,88.3,39.0,sensor2_wifi,3,2,6,2,120,253,100.000,100.021,0,571881,571881,5717.621192,SUCCESS,gaussian,
2026-08-29T10:38:29,88.3,39.0,sensor2_wifi,3,2,6,2,120,252,100.000,100.021,0,2016961,2016961,20165.356543,SUCCESS,gaussian,
2026-08-29T10:40:09,88.3,39.0,sensor2_wifi,3,2,6,2,120,251,100.000,100.021,0,4024959,4024959,40241.284624,SUCCESS,gaussian,
2026-08-29T10:41:50,88.3,39.0,sensor2_wifi,3,2,6,2,120,250,100.000,100.021,0,4599588,4599588,45986.432523,SUCCESS,gaussian,
2026-08-29T10:43:30,88.3,39.0,sensor2_wifi,3,2,6,2,120,249,100.000,100.020,0,3091503,3091503,30908.768517,SUCCESS,gaussian,
2026-08-29T10:45:10,88.3,39.0,sensor2_wifi,3,2,6,2,120,248,100.000,100.021,0,96257,96257,962.372301,SUCCESS,gaussian,
2026-08-29T10:46:51,88.3,39.0,sensor2_wifi,3,2,6,2,120,247,100.000,100.021,0,12911571,12911571,129088.853832,SUCCESS,gaussian,
2026-08-29T10:48:31,88.3,39.0,sensor2_wifi,3,2,6,2,120,246,100.000,100.021,0,9415780,9415780,94138.256393,SUCCESS,gaussian,
2026-08-29T10:50:11,88.3,39.0,sensor2_wifi,3,2,6,2,120,245,100.000,100.021,0,5801044,5801044,57998.011294,SUCCESS,gaussian,
2026-08-29T10:51:52,88.3,39.0,sensor2_wifi,3,2,6,2,120,244,100.000,100.021,0,3784663,3784663,37838.512180,SUCCESS,gaussian,
2026-08-29T10:53:32,88.3,39.0,sensor2_wifi,3,2,6,2,120,243,100.000,100.021,0,1974187,1974187,19737.736905,SUCCESS,gaussian,
2026-08-29T10:55:12,88.3,39.0,sensor2_wifi,3,2,6,2,120,242,100.000,100.020,0,1134536,1134536,11343.050826,SUCCESS,gaussian,
2026-08-29T10:56:52,88.3,39.0,sensor2_wifi,3,2,6,2,120,241,100.000,100.021,0,636521,636521,6363.858620,SUCCESS,gaussian,
2026-08-29T10:58:33,88.3,39.0,sensor2_wifi,3,2,6,2,120,240,100.000,100.021,0,380109,380109,3800.287241,SUCCESS,gaussian,
2026-08-29T11:00:13,88.3,39.0,sensor2_wifi,3,2,6,2,120,239,100.000,100.021,0,203948,203948,2039.061848,SUCCESS,gaussian,
2026-08-29T11:01:53,88.3,39.0,sensor2_wifi,3,2,6,2,120,238,100.000,100.021,0,105658,105658,1056.359291,SUCCESS,gaussian,
2026-08-29T11:03:34,88.3,39.0,sensor2_wifi,3,2,6,2,120,237,100.000,100.021,0,48796,48796,487.858511,SUCCESS,gaussian,
2026-08-29T11:05:14,88.3,39.0,sensor2_wifi,3,2,6,2,120,236,100.000,100.020,0,23983,23983,239.780952,SUCCESS,gaussian,
2026-08-29T11:06:54,88.3,39.0,sensor2_wifi,3,2,6,2,120,235,100.000,100.021,0,9160,9160,91.581041,SUCCESS,gaussian,
2026-08-29T11:08:35,88.3,39.0,sensor2_wifi,3,2,6,2,120,234,100.000,100.021,0,4907,4907,49.059920,SUCCESS,gaussian,
2026-08-29T11:10:15,88.3,39.0,sensor2_wifi,3,2,6,2,120,233,100.000,100.020,0,2074,2074,20.735777,SUCCESS,gaussian,
2026-08-29T11:11:55,88.3,39.0,sensor2_wifi,3,2,6,2,120,232,100.000,100.020,0,1238,1238,12.377486,SUCCESS,gaussian,
2026-08-29T11:13:36,88.3,39.0,sensor2_wifi,3,2,6,2,120,231,100.000,100.020,0,850,850,8.498261,SUCCESS,gaussian,
2026-08-29T11:15:16,88.3,39.0,sensor2_wifi,3,2,6,2,120,230,100.000,100.021,0,662,662,6.618621,SUCCESS,gaussian,
2026-08-29T11:16:56,88.3,39.0,sensor2_wifi,3,2,6,2,120,229,100.000,100.021,0,560,560,5.598842,SUCCESS,gaussian,
2026-08-29T11:18:36,88.3,39.0,sensor2_wifi,3,2,6,2,120,228,100.000,100.021,0,519,519,5.188903,SUCCESS,gaussian,
2026-08-29T11:20:17,88.3,39.0,sensor2_wifi,3,2,6,2,120,227,100.000,100.021,0,477,477,4.769008,SUCCESS,gaussian,
2026-08-29T11:21:57,88.3,39.0,sensor2_wifi,3,2,6,2,120,226,100.000,100.021,0,455,455,4.549053,SUCCESS,gaussian,
2026-08-29T11:23:37,88.3,39.0,sensor2_wifi,3,2,6,2,120,225,100.000,100.021,0,432,432,4.319091,SUCCESS,gaussian,
2026-08-29T11:25:18,88.3,39.0,sensor2_wifi,3,2,6,2,120,224,100.000,100.020,0,419,419,4.189153,SUCCESS,gaussian,
2026-08-29T11:26:58,88.3,39.0,sensor2_wifi,3,2,6,2,120,223,100.000,100.021,0,418,418,4.179134,SUCCESS,gaussian,
2026-08-29T11:28:38,88.3,39.0,sensor2_wifi,3,2,6,2,120,222,100.000,100.021,0,415,415,4.149125,SUCCESS,gaussian,
2026-08-29T11:30:19,88.3,39.0,sensor2_wifi,3,2,6,2,120,221,100.000,100.021,0,397,397,3.969174,SUCCESS,gaussian,
2026-08-29T11:31:59,88.3,39.0,sensor2_wifi,3,2,6,2,120,220,100.000,100.021,0,381,381,3.809191,SUCCESS,gaussian,
2026-08-29T11:33:39,88.3,39.0,sensor2_wifi,3,2,6,2,120,219,100.000,100.021,0,380,380,3.799200,SUCCESS,gaussian,
2026-08-29T11:35:20,88.3,39.0,sensor2_wifi,3,2,6,2,120,218,100.000,100.021,0,364,364,3.639245,SUCCESS,gaussian,
2026-08-29T11:37:00,88.3,39.0,sensor2_wifi,3,2,6,2,120,217,100.000,100.021,0,372,372,3.719235,SUCCESS,gaussian,
2026-08-29T11:38:40,88.3,39.0,sensor2_wifi,3,2,6,2,120,216,100.000,100.021,0,369,369,3.689232,SUCCESS,gaussian,
2026-08-29T11:40:21,88.3,39.0,sensor2_wifi,3,2,6,2,120,215,100.000,100.021,0,362,362,3.619245,SUCCESS,gaussian,
2026-08-29T11:42:01,88.3,39.0,sensor2_wifi,3,2,6,2,120,214,100.000,100.021,0,337,337,3.369304,SUCCESS,gaussian,
2026-08-29T11:43:41,88.3,39.0,sensor2_wifi,3,2,6,2,120,213,100.000,100.021,0,320,320,3.199328,SUCCESS,gaussian,
2026-08-29T11:45:21,88.3,39.0,sensor2_wifi,3,2,6,2,120,212,100.000,100.020,0,324,324,3.239338,SUCCESS,gaussian,
2026-08-29T11:47:02,88.3,39.0,sensor2_wifi,3,2,6,2,120,211,100.000,100.020,0,319,319,3.189349,SUCCESS,gaussian,
2026-08-29T11:48:42,88.3,39.0,sensor2_wifi,3,2,6,2,120,210,100.000,100.021,0,310,310,3.099354,SUCCESS,gaussian,
2026-08-29T11:50:22,88.3,39.0,sensor2_wifi,3,2,6,2,120,209,100.000,100.021,0,293,293,2.929399,SUCCESS,gaussian,
2026-08-29T11:52:03,88.3,39.0,sensor2_wifi,3,2,6,2,120,208,100.000,100.020,0,287,287,2.869413,SUCCESS,gaussian,
2026-08-29T11:53:43,88.3,39.0,sensor2_wifi,3,2,6,2,120,207,100.000,100.021,0,284,284,2.839412,SUCCESS,gaussian,
2026-08-29T11:55:23,88.3,39.0,sensor2_wifi,3,2,6,2,120,206,100.000,100.021,0,278,278,2.779417,SUCCESS,gaussian,
2026-08-29T11:57:04,88.3,39.0,sensor2_wifi,3,2,6,2,120,205,100.000,100.020,0,262,262,2.619477,SUCCESS,gaussian,
2026-08-29T11:58:44,88.3,39.0,sensor2_wifi,3,2,6,2,120,204,100.000,100.021,0,247,247,2.469484,SUCCESS,gaussian,
2026-08-29T12:00:24,88.3,39.0,sensor2_wifi,3,2,6,2,120,203,100.000,100.021,0,246,246,2.459485,SUCCESS,gaussian,
2026-08-29T12:02:05,88.3,39.0,sensor2_wifi,3,2,6,2,120,202,100.000,100.020,0,231,231,2.309528,SUCCESS,gaussian,
2026-08-29T12:03:45,88.3,39.0,sensor2_wifi,3,2,6,2,120,201,100.000,100.021,0,223,223,2.229542,SUCCESS,gaussian,
2026-08-29T12:05:25,88.3,39.0,sensor2_wifi,3,2,6,2,120,200,100.000,100.021,0,219,219,2.189538,SUCCESS,gaussian,
2026-08-29T12:07:06,88.3,39.0,sensor2_wifi,3,2,6,2,120,199,100.000,100.020,0,200,200,1.999591,SUCCESS,gaussian,
2026-08-29T12:08:46,88.3,39.0,sensor2_wifi,3,2,6,2,120,198,100.000,100.021,0,201,201,2.009584,SUCCESS,gaussian,
2026-08-29T12:10:26,88.3,39.0,sensor2_wifi,3,2,6,2,120,197,100.000,100.021,0,186,186,1.859606,SUCCESS,gaussian,
2026-08-29T12:12:06,88.3,39.0,sensor2_wifi,3,2,6,2,120,196,100.000,100.020,0,184,184,1.839628,SUCCESS,gaussian,
2026-08-29T12:13:47,88.3,39.0,sensor2_wifi,3,2,6,2,120,195,100.000,100.020,0,155,155,1.549684,SUCCESS,gaussian,
2026-08-29T12:15:27,88.3,39.0,sensor2_wifi,3,2,6,2,120,194,100.000,100.020,0,144,144,1.439706,SUCCESS,gaussian,
2026-08-29T12:17:07,88.3,39.0,sensor2_wifi,3,2,6,2,120,193,100.000,100.021,0,142,142,1.419697,SUCCESS,gaussian,
2026-08-29T12:18:48,88.3,39.0,sensor2_wifi,3,2,6,2,120,192,100.000,100.021,0,135,135,1.349717,SUCCESS,gaussian,
2026-08-29T12:20:28,88.3,39.0,sensor2_wifi,3,2,6,2,120,191,100.000,100.020,0,112,112,1.119771,SUCCESS,gaussian,
2026-08-29T12:22:08,88.3,39.0,sensor2_wifi,3,2,6,2,120,190,100.000,100.022,0,114,114,1.139754,SUCCESS,gaussian,
2026-08-29T12:23:49,88.3,39.0,sensor2_wifi,3,2,6,2,120,189,100.000,100.022,0,108,108,1.079767,SUCCESS,gaussian,
2026-08-29T12:25:29,88.3,39.0,sensor2_wifi,3,2,6,2,120,188,100.000,100.021,0,89,89,0.889810,SUCCESS,gaussian,
2026-08-29T12:27:09,88.3,39.0,sensor2_wifi,3,2,6,2,120,187,100.000,100.021,0,84,84,0.839825,SUCCESS,gaussian,
2026-08-29T12:28:50,88.3,39.0,sensor2_wifi,3,2,6,2,120,186,100.000,100.021,0,79,79,0.789831,SUCCESS,gaussian,
2026-08-29T12:30:30,88.3,39.0,sensor2_wifi,3,2,6,2,120,185,100.000,100.021,0,61,61,0.609870,SUCCESS,gaussian,
2026-08-29T12:32:10,88.3,39.0,sensor2_wifi,3,2,6,2,120,184,100.000,100.021,0,55,55,0.549887,SUCCESS,gaussian,
2026-08-29T12:33:51,88.3,39.0,sensor2_wifi,3,2,6,2,120,183,100.000,100.020,0,52,52,0.519894,SUCCESS,gaussian,
2026-08-29T12:35:31,88.3,39.0,sensor2_wifi,3,2,6,2,120,182,100.000,100.021,0,36,36,0.359926,SUCCESS,gaussian,
2026-08-29T12:37:11,88.3,39.0,sensor2_wifi,3,2,6,2,120,181,100.000,100.021,0,24,24,0.239951,SUCCESS,gaussian,
2026-08-29T12:38:51,88.3,39.0,sensor2_wifi,3,2,6,2,120,180,100.000,100.021,0,30,30,0.299938,SUCCESS,gaussian,
2026-08-29T12:40:32,88.3,39.0,sensor2_wifi,3,2,6,2,120,179,100.000,100.021,0,26,26,0.259947,SUCCESS,gaussian,
2026-08-29T12:42:12,88.3,39.0,sensor2_wifi,3,2,6,2,120,178,100.000,100.021,0,20,20,0.199958,SUCCESS,gaussian,
2026-08-29T12:43:52,88.3,39.0,sensor2_wifi,3,2,6,2,120,177,100.000,100.021,0,15,15,0.149969,SUCCESS,gaussian,
2026-08-29T12:45:33,88.3,39.0,sensor2_wifi,3,2,6,2,120,176,100.000,100.021,0,16,16,0.159967,SUCCESS,gaussian,
2026-08-29T12:47:13,88.3,39.0,sensor2_wifi,3,2,6,2,120,175,100.000,100.021,0,6,6,0.059988,SUCCESS,gaussian,
2026-08-29T12:48:53,88.3,39.0,sensor2_wifi,3,2,6,2,120,174,100.000,100.021,0,12,12,0.119975,SUCCESS,gaussian,
2026-08-29T12:50:34,88.3,39.0,sensor2_wifi,3,2,6,2,120,173,100.000,100.021,0,4,4,0.039992,SUCCESS,gaussian,
2026-08-29T12:52:14,88.3,39.0,sensor2_wifi,3,2,6,2,120,172,100.000,100.021,0,6,6,0.059988,SUCCESS,gaussian,
2026-08-29T12:53:54,88.3,39.0,sensor2_wifi,3,2,6,2,120,171,100.000,100.021,0,4,4,0.039992,SUCCESS,gaussian,
2026-08-29T12:55:34,88.3,39.0,sensor2_wifi,3,2,6,2,120,170,100.000,100.021,0,2,2,0.019996,SUCCESS,gaussian,
2026-08-29T12:57:15,88.3,39.0,sensor2_wifi,3,2,6,2,120,169,100.000,100.021,0,2,2,0.019996,SUCCESS,gaussian,
2026-08-29T12:58:55,88.3,39.0,sensor2_wifi,3,2,6,2,120,168,100.000,100.021,0,3,3,0.029994,SUCCESS,gaussian,
2026-08-29T13:00:35,88.3,39.0,sensor2_wifi,3,2,6,2,120,167,100.000,100.021,0,4,4,0.039992,SUCCESS,gaussian,
2026-08-29T13:02:16,88.3,39.0,sensor2_wifi,3,2,6,2,120,166,100.000,100.021,0,2,2,0.019996,SUCCESS,gaussian,
2026-08-29T13:03:56,88.3,39.0,sensor2_wifi,3,2,6,2,120,165,100.000,100.020,0,2,2,0.019996,SUCCESS,gaussian,
2026-08-29T13:05:36,88.3,39.0,sensor2_wifi,3,2,6,2,120,164,100.000,100.021,0,2,2,0.019996,SUCCESS,gaussian,
2026-08-29T13:07:17,88.3,39.0,sensor2_wifi,3,2,6,2,120,163,100.000,100.021,0,2,2,0.019996,SUCCESS,gaussian,
2026-08-29T13:08:57,88.3,39.0,sensor2_wifi,3,2,6,2,120,162,100.000,100.021,0,2,2,0.019996,SUCCESS,gaussian,
2026-08-29T13:10:37,88.3,39.0,sensor2_wifi,3,2,6,2,120,161,100.000,100.020,0,2,2,0.019996,SUCCESS,gaussian,
2026-08-29T13:12:18,88.3,39.0,sensor2_wifi,3,2,6,2,120,160,100.000,100.021,0,2,2,0.019996,SUCCESS,gaussian,
2026-08-29T13:13:58,88.3,39.0,sensor2_wifi,3,2,6,2,120,159,100.000,100.020,0,4,4,0.039992,SUCCESS,gaussian,
2026-08-29T13:15:38,88.3,39.0,sensor2_wifi,3,2,6,2,120,158,100.000,100.020,0,2,2,0.019996,SUCCESS,gaussian,
2026-08-29T13:17:18,88.3,39.0,sensor2_wifi,3,2,6,2,120,157,100.000,100.021,0,27,27,0.269944,SUCCESS,gaussian,
2026-08-29T13:18:59,88.3,39.0,sensor2_wifi,3,2,6,2,120,156,100.000,100.021,0,2,2,0.019996,SUCCESS,gaussian,
2026-08-29T13:20:39,88.3,39.0,sensor2_wifi,3,2,6,2,120,155,100.000,100.021,0,4,4,0.039992,SUCCESS,gaussian,
2026-08-29T13:22:19,88.3,39.0,sensor2_wifi,3,2,6,2,120,154,100.000,100.021,0,2,2,0.019996,SUCCESS,gaussian,
2026-08-29T13:24:00,88.3,39.0,sensor2_wifi,3,2,6,2,120,153,100.000,100.021,0,2,2,0.019996,SUCCESS,gaussian,
2026-08-29T13:25:40,88.3,39.0,sensor2_wifi,3,2,6,2,120,152,100.000,100.021,0,2,2,0.019996,SUCCESS,gaussian,
2026-08-29T13:27:20,88.3,39.0,sensor2_wifi,3,2,6,2,120,151,100.000,100.020,0,2,2,0.019996,SUCCESS,gaussian,
2026-08-29T13:29:01,88.3,39.0,sensor2_wifi,3,2,6,2,120,150,100.000,100.021,0,2,2,0.019996,SUCCESS,gaussian,
2026-08-29T13:30:41,88.3,39.0,sensor2_wifi,3,2,6,2,120,149,100.000,100.020,0,2,2,0.019996,SUCCESS,gaussian,
2026-08-29T13:32:21,88.3,39.0,sensor2_wifi,3,2,6,2,120,148,100.000,100.021,0,2,2,0.019996,SUCCESS,gaussian,
2026-08-29T13:34:02,88.3,39.0,sensor2_wifi,3,2,6,2,120,147,100.000,100.021,0,2,2,0.019996,SUCCESS,gaussian,
2026-08-29T13:35:42,88.3,39.0,sensor2_wifi,3,2,6,2,120,146,100.000,100.021,0,2,2,0.019996,SUCCESS,gaussian,
2026-08-29T13:37:22,88.3,39.0,sensor2_wifi,3,2,6,2,120,145,100.000,100.021,0,2,2,0.019996,SUCCESS,gaussian,
2026-08-29T13:39:03,88.3,39.0,sensor2_wifi,3,2,6,2,120,144,100.000,100.021,0,2,2,0.019996,SUCCESS,gaussian,
2026-08-29T13:40:43,88.3,39.0,sensor2_wifi,3,2,6,2,120,143,100.000,100.021,0,2,2,0.019996,SUCCESS,gaussian,
2026-08-29T13:42:23,88.3,39.0,sensor2_wifi,3,2,6,2,120,142,100.000,100.021,0,2,2,0.019996,SUCCESS,gaussian,
2026-08-29T13:44:03,88.3,39.0,sensor2_wifi,3,2,6,2,120,141,100.000,100.021,0,2,2,0.019996,SUCCESS,gaussian,
2026-08-29T13:45:44,88.3,39.0,sensor2_wifi,3,2,6,2,120,140,100.000,100.021,0,2,2,0.019996,SUCCESS,gaussian,
2026-08-29T13:47:24,88.3,39.0,sensor2_wifi,3,2,6,2,120,139,100.000,100.021,0,2,2,0.019996,SUCCESS,gaussian,
2026-08-29T13:49:04,88.3,39.0,sensor2_wifi,3,2,6,2,120,138,100.000,100.021,0,2,2,0.019996,SUCCESS,gaussian,
2026-08-29T13:50:45,88.3,39.0,sensor2_wifi,3,2,6,2,120,137,100.000,100.020,0,2,2,0.019996,SUCCESS,gaussian,
2026-08-29T13:52:25,88.3,39.0,sensor2_wifi,3,2,6,2,120,136,100.000,100.021,0,2,2,0.019996,SUCCESS,gaussian,
2026-08-29T13:54:05,88.3,39.0,sensor2_wifi,3,2,6,2,120,135,100.000,100.020,0,2,2,0.019996,SUCCESS,gaussian,
2026-08-29T13:55:46,88.3,39.0,sensor2_wifi,3,2,6,2,120,134,100.000,100.021,0,2,2,0.019996,SUCCESS,gaussian,
2026-08-29T13:57:26,88.3,39.0,sensor2_wifi,3,2,6,2,120,133,100.000,100.021,0,0,0,0.000000,SUCCESS,gaussian,
2026-08-29T13:59:06,88.3,39.0,sensor2_wifi,3,2,6,2,120,132,100.000,100.022,0,2,2,0.019996,SUCCESS,gaussian,
2026-08-29T14:00:47,88.3,39.0,sensor2_wifi,3,2,6,2,120,131,100.000,100.021,0,2,2,0.019996,SUCCESS,gaussian,
2026-08-29T14:02:27,88.3,39.0,sensor2_wifi,3,2,6,2,120,130,100.000,100.020,0,2,2,0.019996,SUCCESS,gaussian,
2026-08-29T14:04:07,88.3,39.0,sensor2_wifi,3,2,6,2,120,129,100.000,100.021,0,0,0,0.000000,SUCCESS,gaussian,
2026-08-29T14:05:47,88.3,39.0,sensor2_wifi,3,2,6,2,120,128,100.000,100.021,0,2,2,0.019996,SUCCESS,gaussian,
2026-08-29T14:07:28,88.3,39.0,sensor2_wifi,3,2,6,2,120,127,100.000,100.021,0,2,2,0.019996,SUCCESS,gaussian,
2026-08-29T14:09:08,88.3,39.0,sensor2_wifi,3,2,6,2,120,126,100.000,100.021,0,2,2,0.019996,SUCCESS,gaussian,
2026-08-29T14:10:48,88.3,39.0,sensor2_wifi,3,2,6,2,120,125,100.000,100.020,0,2,2,0.019996,SUCCESS,gaussian,
2026-08-29T14:12:29,88.3,39.0,sensor2_wifi,3,2,6,2,120,124,100.000,100.021,0,2,2,0.019996,SUCCESS,gaussian,
2026-08-29T14:14:09,88.3,39.0,sensor2_wifi,3,2,6,2,120,123,100.000,100.021,0,0,0,0.000000,SUCCESS,gaussian,
2026-08-29T14:15:49,88.3,39.0,sensor2_wifi,3,2,6,2,120,122,100.000,100.021,0,0,0,0.000000,SUCCESS,gaussian,
2026-08-29T14:19:14,89.3,38.0,sensor2_wifi,1,0,4,0,120,255,100.000,100.020,0,1703109,1703109,17027.649276,SUCCESS,gaussian,
2026-08-29T14:20:54,89.3,38.0,sensor2_wifi,1,0,4,0,120,254,100.000,100.021,0,16522913,16522913,165194.555482,SUCCESS,gaussian,
2026-08-29T14:22:34,89.3,38.0,sensor2_wifi,1,0,4,0,120,253,100.000,100.021,0,13074104,13074104,130713.846385,SUCCESS,gaussian,
2026-08-29T14:24:15,89.3,38.0,sensor2_wifi,1,0,4,0,120,252,100.000,100.021,0,6866980,6866980,68655.313535,SUCCESS,gaussian,
2026-08-29T14:25:55,89.3,38.0,sensor2_wifi,1,0,4,0,120,251,100.000,100.020,0,3317295,3317295,33166.244800,SUCCESS,gaussian,
2026-08-29T14:27:35,89.3,38.0,sensor2_wifi,1,0,4,0,120,250,100.000,100.021,0,1591763,1591763,15914.342413,SUCCESS,gaussian,
2026-08-29T14:29:16,89.3,38.0,sensor2_wifi,1,0,4,0,120,249,100.000,100.021,0,777589,777589,7774.237492,SUCCESS,gaussian,
2026-08-29T14:30:56,89.3,38.0,sensor2_wifi,1,0,4,0,120,248,100.000,100.021,0,309969,309969,3099.044959,SUCCESS,gaussian,
2026-08-29T14:32:36,89.3,38.0,sensor2_wifi,1,0,4,0,120,247,100.000,100.021,0,220477,220477,2204.315993,SUCCESS,gaussian,
2026-08-29T14:34:16,89.3,38.0,sensor2_wifi,1,0,4,0,120,246,100.000,100.021,0,86724,86724,867.061354,SUCCESS,gaussian,
2026-08-29T14:35:57,89.3,38.0,sensor2_wifi,1,0,4,0,120,245,100.000,100.021,0,39781,39781,397.727190,SUCCESS,gaussian,
2026-08-29T14:37:37,89.3,38.0,sensor2_wifi,1,0,4,0,120,244,100.000,100.021,0,15367,15367,153.638334,SUCCESS,gaussian,
2026-08-29T14:39:17,89.3,38.0,sensor2_wifi,1,0,4,0,120,243,100.000,100.021,0,5821,5821,58.197952,SUCCESS,gaussian,
2026-08-29T14:40:58,89.3,38.0,sensor2_wifi,1,0,4,0,120,242,100.000,100.020,0,2518,2518,25.174899,SUCCESS,gaussian,
2026-08-29T14:42:38,89.3,38.0,sensor2_wifi,1,0,4,0,120,241,100.000,100.021,0,1398,1398,13.977064,SUCCESS,gaussian,
2026-08-29T14:44:18,89.3,38.0,sensor2_wifi,1,0,4,0,120,240,100.000,100.020,0,1074,1074,10.737820,SUCCESS,gaussian,
2026-08-29T14:45:59,89.3,38.0,sensor2_wifi,1,0,4,0,120,239,100.000,100.021,0,943,943,9.428026,SUCCESS,gaussian,
2026-08-29T14:47:39,89.3,38.0,sensor2_wifi,1,0,4,0,120,238,100.000,100.021,0,844,844,8.438259,SUCCESS,gaussian,
2026-08-29T14:49:19,89.3,38.0,sensor2_wifi,1,0,4,0,120,237,100.000,100.021,0,848,848,8.478202,SUCCESS,gaussian,
2026-08-29T14:51:00,89.3,38.0,sensor2_wifi,1,0,4,0,120,236,100.000,100.021,0,757,757,7.568430,SUCCESS,gaussian,
2026-08-29T14:52:40,89.3,38.0,sensor2_wifi,1,0,4,0,120,235,100.000,100.021,0,765,765,7.648417,SUCCESS,gaussian,
2026-08-29T14:54:20,89.3,38.0,sensor2_wifi,1,0,4,0,120,234,100.000,100.020,0,735,735,7.348526,SUCCESS,gaussian,
2026-08-29T14:56:01,89.3,38.0,sensor2_wifi,1,0,4,0,120,233,100.000,100.021,0,719,719,7.188501,SUCCESS,gaussian,
2026-08-29T14:57:41,89.3,38.0,sensor2_wifi,1,0,4,0,120,232,100.000,100.021,0,669,669,6.688629,SUCCESS,gaussian,
2026-08-29T14:59:21,89.3,38.0,sensor2_wifi,1,0,4,0,120,231,100.000,100.021,0,628,628,6.278706,SUCCESS,gaussian,
2026-08-29T15:01:01,89.3,38.0,sensor2_wifi,1,0,4,0,120,230,100.000,100.021,0,619,619,6.188728,SUCCESS,gaussian,
2026-08-29T15:02:42,89.3,38.0,sensor2_wifi,1,0,4,0,120,229,100.000,100.021,0,608,608,6.078746,SUCCESS,gaussian,
2026-08-29T15:04:22,89.3,38.0,sensor2_wifi,1,0,4,0,120,228,100.000,100.021,0,567,567,5.668821,SUCCESS,gaussian,
2026-08-29T15:06:02,89.3,38.0,sensor2_wifi,1,0,4,0,120,227,100.000,100.021,0,523,523,5.228912,SUCCESS,gaussian,
2026-08-29T15:07:43,89.3,38.0,sensor2_wifi,1,0,4,0,120,226,100.000,100.020,0,494,494,4.938996,SUCCESS,gaussian,
2026-08-29T15:09:23,89.3,38.0,sensor2_wifi,1,0,4,0,120,225,100.000,100.021,0,483,483,4.829002,SUCCESS,gaussian,
2026-08-29T15:11:03,89.3,38.0,sensor2_wifi,1,0,4,0,120,224,100.000,100.021,0,454,454,4.539057,SUCCESS,gaussian,
2026-08-29T15:12:44,89.3,38.0,sensor2_wifi,1,0,4,0,120,223,100.000,100.021,0,437,437,4.369082,SUCCESS,gaussian,
2026-08-29T15:14:24,89.3,38.0,sensor2_wifi,1,0,4,0,120,222,100.000,100.021,0,392,392,3.919185,SUCCESS,gaussian,
2026-08-29T15:16:04,89.3,38.0,sensor2_wifi,1,0,4,0,120,221,100.000,100.021,0,371,371,3.709230,SUCCESS,gaussian,
2026-08-29T15:17:44,89.3,38.0,sensor2_wifi,1,0,4,0,120,220,100.000,100.021,0,305,305,3.049373,SUCCESS,gaussian,
2026-08-29T15:19:25,89.3,38.0,sensor2_wifi,1,0,4,0,120,219,100.000,100.021,0,325,325,3.249320,SUCCESS,gaussian,
2026-08-29T15:21:05,89.3,38.0,sensor2_wifi,1,0,4,0,120,218,100.000,100.021,0,262,262,2.619458,SUCCESS,gaussian,
2026-08-29T15:22:45,89.3,38.0,sensor2_wifi,1,0,4,0,120,217,100.000,100.020,0,292,292,2.919404,SUCCESS,gaussian,
2026-08-29T15:24:26,89.3,38.0,sensor2_wifi,1,0,4,0,120,216,100.000,100.021,0,304,304,3.039363,SUCCESS,gaussian,
2026-08-29T15:26:06,89.3,38.0,sensor2_wifi,1,0,4,0,120,215,100.000,100.021,0,256,256,2.559469,SUCCESS,gaussian,
2026-08-29T15:27:46,89.3,38.0,sensor2_wifi,1,0,4,0,120,214,100.000,100.021,0,224,224,2.239529,SUCCESS,gaussian,
2026-08-29T15:29:27,89.3,38.0,sensor2_wifi,1,0,4,0,120,213,100.000,100.020,0,241,241,2.409508,SUCCESS,gaussian,
2026-08-29T15:31:07,89.3,38.0,sensor2_wifi,1,0,4,0,120,212,100.000,100.021,0,201,201,2.009581,SUCCESS,gaussian,
2026-08-29T15:32:47,89.3,38.0,sensor2_wifi,1,0,4,0,120,211,100.000,100.021,0,217,217,2.169550,SUCCESS,gaussian,
2026-08-29T15:34:28,89.3,38.0,sensor2_wifi,1,0,4,0,120,210,100.000,100.020,0,167,167,1.669664,SUCCESS,gaussian,
2026-08-29T15:36:08,89.3,38.0,sensor2_wifi,1,0,4,0,120,209,100.000,100.021,0,185,185,1.849613,SUCCESS,gaussian,
2026-08-29T15:37:48,89.3,38.0,sensor2_wifi,1,0,4,0,120,208,100.000,100.021,0,166,166,1.659658,SUCCESS,gaussian,
2026-08-29T15:39:29,89.3,38.0,sensor2_wifi,1,0,4,0,120,207,100.000,100.021,0,152,152,1.519684,SUCCESS,gaussian,
2026-08-29T15:41:09,89.3,38.0,sensor2_wifi,1,0,4,0,120,206,100.000,100.021,0,139,139,1.389709,SUCCESS,gaussian,
2026-08-29T15:42:49,89.3,38.0,sensor2_wifi,1,0,4,0,120,205,100.000,100.021,0,139,139,1.389715,SUCCESS,gaussian,
2026-08-29T15:44:29,89.3,38.0,sensor2_wifi,1,0,4,0,120,204,100.000,100.021,0,111,111,1.109772,SUCCESS,gaussian,
2026-08-29T15:46:10,89.3,38.0,sensor2_wifi,1,0,4,0,120,203,100.000,100.021,0,88,88,0.879816,SUCCESS,gaussian,
2026-08-29T15:47:50,89.3,38.0,sensor2_wifi,1,0,4,0,120,202,100.000,100.021,0,81,81,0.809833,SUCCESS,gaussian,
2026-08-29T15:49:30,89.3,38.0,sensor2_wifi,1,0,4,0,120,201,100.000,100.020,0,90,90,0.899817,SUCCESS,gaussian,
2026-08-29T15:51:11,89.3,38.0,sensor2_wifi,1,0,4,0,120,200,100.000,100.021,0,83,83,0.829829,SUCCESS,gaussian,
2026-08-29T15:52:51,89.3,38.0,sensor2_wifi,1,0,4,0,120,199,100.000,100.021,0,69,69,0.689858,SUCCESS,gaussian,
2026-08-29T15:54:31,89.3,38.0,sensor2_wifi,1,0,4,0,120,198,100.000,100.021,0,51,51,0.509894,SUCCESS,gaussian,
2026-08-29T15:56:12,89.3,38.0,sensor2_wifi,1,0,4,0,120,197,100.000,100.021,0,45,45,0.449907,SUCCESS,gaussian,
2026-08-29T15:57:52,89.3,38.0,sensor2_wifi,1,0,4,0,120,196,100.000,100.021,0,49,49,0.489898,SUCCESS,gaussian,
2026-08-29T15:59:32,89.3,38.0,sensor2_wifi,1,0,4,0,120,195,100.000,100.021,0,39,39,0.389919,SUCCESS,gaussian,
2026-08-29T16:01:13,89.3,38.0,sensor2_wifi,1,0,4,0,120,194,100.000,100.021,0,40,40,0.399917,SUCCESS,gaussian,
2026-08-29T16:02:53,89.3,38.0,sensor2_wifi,1,0,4,0,120,193,100.000,100.020,0,30,30,0.299939,SUCCESS,gaussian,
2026-08-29T16:04:33,89.3,38.0,sensor2_wifi,1,0,4,0,120,192,100.000,100.021,0,41,41,0.409914,SUCCESS,gaussian,
2026-08-29T16:06:13,89.3,38.0,sensor2_wifi,1,0,4,0,120,191,100.000,100.021,0,29,29,0.289940,SUCCESS,gaussian,
2026-08-29T16:07:54,89.3,38.0,sensor2_wifi,1,0,4,0,120,190,100.000,100.021,0,24,24,0.239951,SUCCESS,gaussian,
2026-08-29T16:09:34,89.3,38.0,sensor2_wifi,1,0,4,0,120,189,100.000,100.021,0,20,20,0.199958,SUCCESS,gaussian,
2026-08-29T16:11:14,89.3,38.0,sensor2_wifi,1,0,4,0,120,188,100.000,100.021,0,19,19,0.189960,SUCCESS,gaussian,
2026-08-29T16:12:55,89.3,38.0,sensor2_wifi,1,0,4,0,120,187,100.000,100.020,0,13,13,0.129973,SUCCESS,gaussian,
2026-08-29T16:14:35,89.3,38.0,sensor2_wifi,1,0,4,0,120,186,100.000,100.021,0,8,8,0.079984,SUCCESS,gaussian,
2026-08-29T16:16:15,89.3,38.0,sensor2_wifi,1,0,4,0,120,185,100.000,100.021,0,12,12,0.119975,SUCCESS,gaussian,
2026-08-29T16:17:56,89.3,38.0,sensor2_wifi,1,0,4,0,120,184,100.000,100.021,0,4,4,0.039992,SUCCESS,gaussian,
2026-08-29T16:19:36,89.3,38.0,sensor2_wifi,1,0,4,0,120,183,100.000,100.021,0,2,2,0.019996,SUCCESS,gaussian,
2026-08-29T16:21:16,89.3,38.0,sensor2_wifi,1,0,4,0,120,182,100.000,100.020,0,8,8,0.079984,SUCCESS,gaussian,
2026-08-29T16:22:57,89.3,38.0,sensor2_wifi,1,0,4,0,120,181,100.000,100.021,0,2,2,0.019996,SUCCESS,gaussian,
2026-08-29T16:24:37,89.3,38.0,sensor2_wifi,1,0,4,0,120,180,100.000,100.021,0,3,3,0.029994,SUCCESS,gaussian,
2026-08-29T16:26:17,89.3,38.0,sensor2_wifi,1,0,4,0,120,179,100.000,100.031,0,2,2,0.019994,SUCCESS,gaussian,
2026-08-29T16:27:57,89.3,38.0,sensor2_wifi,1,0,4,0,120,178,100.000,100.021,0,3,3,0.029994,SUCCESS,gaussian,
2026-08-29T16:29:38,89.3,38.0,sensor2_wifi,1,0,4,0,120,177,100.000,100.021,0,3,3,0.029994,SUCCESS,gaussian,
2026-08-29T16:31:18,89.3,38.0,sensor2_wifi,1,0,4,0,120,176,100.000,100.021,0,0,0,0.000000,SUCCESS,gaussian,
2026-08-29T16:32:58,89.3,38.0,sensor2_wifi,1,0,4,0,120,175,100.000,100.021,0,0,0,0.000000,SUCCESS,gaussian,
2026-08-29T16:34:39,89.3,38.0,sensor2_wifi,1,1,5,1,120,255,100.000,100.021,0,10814857,10814857,108126.394868,SUCCESS,gaussian,
2026-08-29T16:36:19,89.3,38.0,sensor2_wifi,1,1,5,1,120,254,100.000,100.021,0,11394870,11394870,113924.941825,SUCCESS,gaussian,
2026-08-29T16:37:59,89.3,38.0,sensor2_wifi,1,1,5,1,120,253,100.000,100.020,0,12341014,12341014,123385.029113,SUCCESS,gaussian,
2026-08-29T16:39:40,89.3,38.0,sensor2_wifi,1,1,5,1,120,252,100.000,100.021,0,14118585,14118585,141156.633300,SUCCESS,gaussian,
2026-08-29T16:41:20,89.3,38.0,sensor2_wifi,1,1,5,1,120,251,100.000,100.021,0,15014785,15014785,150116.836334,SUCCESS,gaussian,
2026-08-29T16:43:00,89.3,38.0,sensor2_wifi,1,1,5,1,120,250,100.000,100.021,0,16693416,16693416,166899.412501,SUCCESS,gaussian,
2026-08-29T16:44:41,89.3,38.0,sensor2_wifi,1,1,5,1,120,249,100.000,100.021,0,16228584,16228584,162252.067015,SUCCESS,gaussian,
2026-08-29T16:46:21,89.3,38.0,sensor2_wifi,1,1,5,1,120,248,100.000,100.021,0,13535435,13535435,135326.261995,SUCCESS,gaussian,
2026-08-29T16:48:01,89.3,38.0,sensor2_wifi,1,1,5,1,120,247,100.000,100.021,0,10331653,10331653,103294.855660,SUCCESS,gaussian,
2026-08-29T16:49:42,89.3,38.0,sensor2_wifi,1,1,5,1,120,246,100.000,100.021,0,6359783,6359783,63584.470649,SUCCESS,gaussian,
2026-08-29T16:51:22,89.3,38.0,sensor2_wifi,1,1,5,1,120,245,100.000,100.021,0,3111857,3111857,31112.187939,SUCCESS,gaussian,
2026-08-29T16:53:02,89.3,38.0,sensor2_wifi,1,1,5,1,120,244,100.000,100.021,0,1337624,1337624,13373.491778,SUCCESS,gaussian,
2026-08-29T16:54:42,89.3,38.0,sensor2_wifi,1,1,5,1,120,243,100.000,100.020,0,956842,956842,9566.477033,SUCCESS,gaussian,
2026-08-29T16:56:23,89.3,38.0,sensor2_wifi,1,1,5,1,120,242,100.000,100.021,0,409564,409564,4094.780012,SUCCESS,gaussian,
2026-08-29T16:58:03,89.3,38.0,sensor2_wifi,1,1,5,1,120,241,100.000,100.021,0,147841,147841,1478.104762,SUCCESS,gaussian,
2026-08-29T16:59:43,89.3,38.0,sensor2_wifi,1,1,5,1,120,240,100.000,100.020,0,61927,61927,619.143913,SUCCESS,gaussian,
2026-08-29T17:01:24,89.3,38.0,sensor2_wifi,1,1,5,1,120,239,100.000,100.021,0,41285,41285,412.763110,SUCCESS,gaussian,
2026-08-29T17:03:04,89.3,38.0,sensor2_wifi,1,1,5,1,120,238,100.000,100.021,0,14296,14296,142.929684,SUCCESS,gaussian,
2026-08-29T17:04:44,89.3,38.0,sensor2_wifi,1,1,5,1,120,237,100.000,100.020,0,4962,4962,49.609956,SUCCESS,gaussian,
2026-08-29T17:06:25,89.3,38.0,sensor2_wifi,1,1,5,1,120,236,100.000,100.021,0,2125,2125,21.245577,SUCCESS,gaussian,
2026-08-29T17:08:05,89.3,38.0,sensor2_wifi,1,1,5,1,120,235,100.000,100.020,0,1737,1737,17.366463,SUCCESS,gaussian,
2026-08-29T17:09:45,89.3,38.0,sensor2_wifi,1,1,5,1,120,234,100.000,100.020,0,1196,1196,11.957590,SUCCESS,gaussian,
2026-08-29T17:11:26,89.3,38.0,sensor2_wifi,1,1,5,1,120,233,100.000,100.020,0,954,954,9.538063,SUCCESS,gaussian,
2026-08-29T17:13:06,89.3,38.0,sensor2_wifi,1,1,5,1,120,232,100.000,100.020,0,897,897,8.968165,SUCCESS,gaussian,
2026-08-29T17:14:46,89.3,38.0,sensor2_wifi,1,1,5,1,120,231,100.000,100.020,0,835,835,8.348297,SUCCESS,gaussian,
2026-08-29T17:16:27,89.3,38.0,sensor2_wifi,1,1,5,1,120,230,100.000,100.021,0,794,794,7.938333,SUCCESS,gaussian,
2026-08-29T17:18:07,89.3,38.0,sensor2_wifi,1,1,5,1,120,229,100.000,100.020,0,782,782,7.818411,SUCCESS,gaussian,
2026-08-29T17:19:47,89.3,38.0,sensor2_wifi,1,1,5,1,120,228,100.000,100.021,0,725,725,7.248511,SUCCESS,gaussian,
2026-08-29T17:21:27,89.3,38.0,sensor2_wifi,1,1,5,1,120,227,100.000,100.021,0,731,731,7.308468,SUCCESS,gaussian,
2026-08-29T17:23:08,89.3,38.0,sensor2_wifi,1,1,5,1,120,226,100.000,100.021,0,714,714,7.138502,SUCCESS,gaussian,
2026-08-29T17:24:48,89.3,38.0,sensor2_wifi,1,1,5,1,120,225,100.000,100.020,0,670,670,6.698639,SUCCESS,gaussian,
2026-08-29T17:26:28,89.3,38.0,sensor2_wifi,1,1,5,1,120,224,100.000,100.021,0,610,610,6.098725,SUCCESS,gaussian,
2026-08-29T17:28:09,89.3,38.0,sensor2_wifi,1,1,5,1,120,223,100.000,100.020,0,598,598,5.978780,SUCCESS,gaussian,
2026-08-29T17:29:49,89.3,38.0,sensor2_wifi,1,1,5,1,120,222,100.000,100.020,0,542,542,5.418892,SUCCESS,gaussian,
2026-08-29T17:31:29,89.3,38.0,sensor2_wifi,1,1,5,1,120,221,100.000,100.021,0,529,529,5.288891,SUCCESS,gaussian,
2026-08-29T17:33:10,89.3,38.0,sensor2_wifi,1,1,5,1,120,220,100.000,100.021,0,504,504,5.038935,SUCCESS,gaussian,
2026-08-29T17:34:50,89.3,38.0,sensor2_wifi,1,1,5,1,120,219,100.000,100.020,0,459,459,4.589066,SUCCESS,gaussian,
2026-08-29T17:36:30,89.3,38.0,sensor2_wifi,1,1,5,1,120,218,100.000,100.021,0,493,493,4.928980,SUCCESS,gaussian,
2026-08-29T17:38:11,89.3,38.0,sensor2_wifi,1,1,5,1,120,217,100.000,100.020,0,411,411,4.109162,SUCCESS,gaussian,
2026-08-29T17:39:51,89.3,38.0,sensor2_wifi,1,1,5,1,120,216,100.000,100.021,0,397,397,3.969180,SUCCESS,gaussian,
2026-08-29T17:41:31,89.3,38.0,sensor2_wifi,1,1,5,1,120,215,100.000,100.021,0,374,374,3.739233,SUCCESS,gaussian,
2026-08-29T17:43:11,89.3,38.0,sensor2_wifi,1,1,5,1,120,214,100.000,100.021,0,391,391,3.909184,SUCCESS,gaussian,
2026-08-29T17:44:52,89.3,38.0,sensor2_wifi,1,1,5,1,120,213,100.000,100.020,0,323,323,3.229343,SUCCESS,gaussian,
2026-08-29T17:46:32,89.3,38.0,sensor2_wifi,1,1,5,1,120,212,100.000,100.020,0,291,291,2.909407,SUCCESS,gaussian,
2026-08-29T17:48:12,89.3,38.0,sensor2_wifi,1,1,5,1,120,211,100.000,100.020,0,295,295,2.949399,SUCCESS,gaussian,
2026-08-29T17:49:53,89.3,38.0,sensor2_wifi,1,1,5,1,120,210,100.000,100.020,0,265,265,2.649462,SUCCESS,gaussian,
2026-08-29T17:51:33,89.3,38.0,sensor2_wifi,1,1,5,1,120,209,100.000,100.031,0,221,221,2.209314,SUCCESS,gaussian,
2026-08-29T17:53:13,89.3,38.0,sensor2_wifi,1,1,5,1,120,208,100.000,100.021,0,203,203,2.029579,SUCCESS,gaussian,
2026-08-29T17:54:54,89.3,38.0,sensor2_wifi,1,1,5,1,120,207,100.000,100.021,0,230,230,2.299519,SUCCESS,gaussian,
2026-08-29T17:56:34,89.3,38.0,sensor2_wifi,1,1,5,1,120,206,100.000,100.021,0,210,210,2.099566,SUCCESS,gaussian,
2026-08-29T17:58:14,89.3,38.0,sensor2_wifi,1,1,5,1,120,205,100.000,100.021,0,203,203,2.029579,SUCCESS,gaussian,
2026-08-29T17:59:55,89.3,38.0,sensor2_wifi,1,1,5,1,120,204,100.000,100.020,0,161,161,1.609670,SUCCESS,gaussian,
2026-08-29T18:01:35,89.3,38.0,sensor2_wifi,1,1,5,1,120,203,100.000,100.021,0,174,174,1.739638,SUCCESS,gaussian,
2026-08-29T18:03:15,89.3,38.0,sensor2_wifi,1,1,5,1,120,202,100.000,100.021,0,171,171,1.709638,SUCCESS,gaussian,
2026-08-29T18:04:56,89.3,38.0,sensor2_wifi,1,1,5,1,120,201,100.000,100.021,0,160,160,1.599660,SUCCESS,gaussian,
2026-08-29T18:06:36,89.3,38.0,sensor2_wifi,1,1,5,1,120,200,100.000,100.020,0,134,134,1.339728,SUCCESS,gaussian,
2026-08-29T18:08:16,89.3,38.0,sensor2_wifi,1,1,5,1,120,199,100.000,100.020,0,126,126,1.259747,SUCCESS,gaussian,
2026-08-29T18:09:56,89.3,38.0,sensor2_wifi,1,1,5,1,120,198,100.000,100.021,0,96,96,0.959797,SUCCESS,gaussian,
2026-08-29T18:11:37,89.3,38.0,sensor2_wifi,1,1,5,1,120,197,100.000,100.020,0,81,81,0.809835,SUCCESS,gaussian,
2026-08-29T18:13:17,89.3,38.0,sensor2_wifi,1,1,5,1,120,196,100.000,100.020,0,89,89,0.889818,SUCCESS,gaussian,
2026-08-29T18:14:57,89.3,38.0,sensor2_wifi,1,1,5,1,120,195,100.000,100.021,0,74,74,0.739847,SUCCESS,gaussian,
2026-08-29T18:16:38,89.3,38.0,sensor2_wifi,1,1,5,1,120,194,100.000,100.021,0,83,83,0.829827,SUCCESS,gaussian,
2026-08-29T18:18:18,89.3,38.0,sensor2_wifi,1,1,5,1,120,193,100.000,100.020,0,64,64,0.639870,SUCCESS,gaussian,
2026-08-29T18:19:58,89.3,38.0,sensor2_wifi,1,1,5,1,120,192,100.000,100.021,0,66,66,0.659863,SUCCESS,gaussian,
2026-08-29T18:21:39,89.3,38.0,sensor2_wifi,1,1,5,1,120,191,100.000,100.021,0,60,60,0.599875,SUCCESS,gaussian,
2026-08-29T18:23:19,89.3,38.0,sensor2_wifi,1,1,5,1,120,190,100.000,100.021,0,58,58,0.579878,SUCCESS,gaussian,
2026-08-29T18:24:59,89.3,38.0,sensor2_wifi,1,1,5,1,120,189,100.000,100.021,0,49,49,0.489895,SUCCESS,gaussian,
2026-08-29T18:26:39,89.3,38.0,sensor2_wifi,1,1,5,1,120,188,100.000,100.021,0,50,50,0.499894,SUCCESS,gaussian,
2026-08-29T18:28:20,89.3,38.0,sensor2_wifi,1,1,5,1,120,187,100.000,100.021,0,41,41,0.409913,SUCCESS,gaussian,
2026-08-29T18:30:00,89.3,38.0,sensor2_wifi,1,1,5,1,120,186,100.000,100.021,0,36,36,0.359926,SUCCESS,gaussian,
2026-08-29T18:31:40,89.3,38.0,sensor2_wifi,1,1,5,1,120,185,100.000,100.020,0,28,28,0.279943,SUCCESS,gaussian,
2026-08-29T18:33:21,89.3,38.0,sensor2_wifi,1,1,5,1,120,184,100.000,100.021,0,31,31,0.309935,SUCCESS,gaussian,
2026-08-29T18:35:01,89.3,38.0,sensor2_wifi,1,1,5,1,120,183,100.000,100.020,0,17,17,0.169965,SUCCESS,gaussian,
2026-08-29T18:36:41,89.3,38.0,sensor2_wifi,1,1,5,1,120,182,100.000,100.021,0,16,16,0.159966,SUCCESS,gaussian,
2026-08-29T18:38:22,89.3,38.0,sensor2_wifi,1,1,5,1,120,181,100.000,100.021,0,13,13,0.129973,SUCCESS,gaussian,
2026-08-29T18:40:02,89.3,38.0,sensor2_wifi,1,1,5,1,120,180,100.000,100.021,0,16,16,0.159967,SUCCESS,gaussian,
2026-08-29T18:41:42,89.3,38.0,sensor2_wifi,1,1,5,1,120,179,100.000,100.021,0,11,11,0.109977,SUCCESS,gaussian,
2026-08-29T18:43:23,89.3,38.0,sensor2_wifi,1,1,5,1,120,178,100.000,100.021,0,5,5,0.049990,SUCCESS,gaussian,
2026-08-29T18:45:03,89.3,38.0,sensor2_wifi,1,1,5,1,120,177,100.000,100.021,0,13,13,0.129973,SUCCESS,gaussian,
2026-08-29T18:46:43,89.3,38.0,sensor2_wifi,1,1,5,1,120,176,100.000,100.021,0,6,6,0.059987,SUCCESS,gaussian,
2026-08-29T18:48:23,89.3,38.0,sensor2_wifi,1,1,5,1,120,175,100.000,100.021,0,5,5,0.049990,SUCCESS,gaussian,
2026-08-29T18:50:04,89.3,38.0,sensor2_wifi,1,1,5,1,120,174,100.000,100.021,0,5,5,0.049990,SUCCESS,gaussian,
2026-08-29T18:51:44,89.3,38.0,sensor2_wifi,1,1,5,1,120,173,100.000,100.020,0,4,4,0.039992,SUCCESS,gaussian,
2026-08-29T18:53:24,89.3,38.0,sensor2_wifi,1,1,5,1,120,172,100.000,100.020,0,1,1,0.009998,SUCCESS,gaussian,
2026-08-29T18:55:05,89.3,38.0,sensor2_wifi,1,1,5,1,120,171,100.000,100.021,0,3,3,0.029994,SUCCESS,gaussian,
2026-08-29T18:56:45,89.3,38.0,sensor2_wifi,1,1,5,1,120,170,100.000,100.021,0,2,2,0.019996,SUCCESS,gaussian,
2026-08-29T18:58:25,89.3,38.0,sensor2_wifi,1,1,5,1,120,169,100.000,100.021,0,2,2,0.019996,SUCCESS,gaussian,
2026-08-29T19:00:06,89.3,38.0,sensor2_wifi,1,1,5,1,120,168,100.000,100.021,0,1,1,0.009998,SUCCESS,gaussian,
2026-08-29T19:01:46,89.3,38.0,sensor2_wifi,1,1,5,1,120,167,100.000,100.021,0,2,2,0.019996,SUCCESS,gaussian,
2026-08-29T19:03:26,89.3,38.0,sensor2_wifi,1,1,5,1,120,166,100.000,100.021,0,3,3,0.029994,SUCCESS,gaussian,
2026-08-29T19:05:07,89.3,38.0,sensor2_wifi,1,1,5,1,120,165,100.000,100.021,0,0,0,0.000000,SUCCESS,gaussian,
2026-08-29T19:06:47,89.3,38.0,sensor2_wifi,1,1,5,1,120,164,100.000,100.021,0,0,0,0.000000,SUCCESS,gaussian,
2026-08-29T19:08:27,89.3,38.0,sensor2_wifi,1,2,6,2,120,255,100.000,100.021,0,10635261,10635261,106330.490602,SUCCESS,gaussian,
2026-08-29T19:10:08,89.3,38.0,sensor2_wifi,1,2,6,2,120,254,100.000,100.020,0,11246396,11246396,112440.953632,SUCCESS,gaussian,
2026-08-29T19:11:48,89.3,38.0,sensor2_wifi,1,2,6,2,120,253,100.000,100.021,0,11819029,11819029,118165.338749,SUCCESS,gaussian,
2026-08-29T19:13:28,89.3,38.0,sensor2_wifi,1,2,6,2,120,252,100.000,100.021,0,13120995,13120995,131182.957794,SUCCESS,gaussian,
2026-08-29T19:15:08,89.3,38.0,sensor2_wifi,1,2,6,2,120,251,100.000,100.021,0,13850816,13850816,138479.465067,SUCCESS,gaussian,
2026-08-29T19:16:49,89.3,38.0,sensor2_wifi,1,2,6,2,120,250,100.000,100.021,0,16122558,16122558,161192.045722,SUCCESS,gaussian,
2026-08-29T19:18:29,89.3,38.0,sensor2_wifi,1,2,6,2,120,249,100.000,100.021,0,348136,348136,3480.627213,SUCCESS,gaussian,
2026-08-29T19:20:09,89.3,38.0,sensor2_wifi,1,2,6,2,120,248,100.000,100.021,0,138198,138198,1381.689813,SUCCESS,gaussian,
2026-08-29T19:21:50,89.3,38.0,sensor2_wifi,1,2,6,2,120,247,100.000,100.021,0,11850815,11850815,118483.572232,SUCCESS,gaussian,
2026-08-29T19:23:30,89.3,38.0,sensor2_wifi,1,2,6,2,120,246,100.000,100.021,0,7253566,7253566,72520.644266,SUCCESS,gaussian,
2026-08-29T19:25:10,89.3,38.0,sensor2_wifi,1,2,6,2,120,245,100.000,100.021,0,4692437,4692437,46914.522691,SUCCESS,gaussian,
2026-08-29T19:26:51,89.3,38.0,sensor2_wifi,1,2,6,2,120,244,100.000,100.021,0,2306989,2306989,23065.113547,SUCCESS,gaussian,
2026-08-29T19:28:31,89.3,38.0,sensor2_wifi,1,2,6,2,120,243,100.000,100.021,0,1484218,1484218,14839.114533,SUCCESS,gaussian,
2026-08-29T19:30:11,89.3,38.0,sensor2_wifi,1,2,6,2,120,242,100.000,100.021,0,651390,651390,6512.547758,SUCCESS,gaussian,
2026-08-29T19:31:52,89.3,38.0,sensor2_wifi,1,2,6,2,120,241,100.000,100.021,0,371017,371017,3709.402075,SUCCESS,gaussian,
2026-08-29T19:33:32,89.3,38.0,sensor2_wifi,1,2,6,2,120,240,100.000,100.021,0,131318,131318,1312.906066,SUCCESS,gaussian,
2026-08-29T19:35:12,89.3,38.0,sensor2_wifi,1,2,6,2,120,239,100.000,100.021,0,59359,59359,593.465934,SUCCESS,gaussian,
2026-08-29T19:36:53,89.3,38.0,sensor2_wifi,1,2,6,2,120,238,100.000,100.021,0,20821,20821,208.167226,SUCCESS,gaussian,
2026-08-29T19:38:33,89.3,38.0,sensor2_wifi,1,2,6,2,120,237,100.000,100.021,0,10698,10698,106.957585,SUCCESS,gaussian,
2026-08-29T19:40:13,89.3,38.0,sensor2_wifi,1,2,6,2,120,236,100.000,100.021,0,4236,4236,42.351115,SUCCESS,gaussian,
2026-08-29T19:41:53,89.3,38.0,sensor2_wifi,1,2,6,2,120,235,100.000,100.021,0,2626,2626,26.254617,SUCCESS,gaussian,
2026-08-29T19:43:34,89.3,38.0,sensor2_wifi,1,2,6,2,120,234,100.000,100.021,0,1441,1441,14.407041,SUCCESS,gaussian,
2026-08-29T19:45:14,89.3,38.0,sensor2_wifi,1,2,6,2,120,233,100.000,100.020,0,1121,1121,11.207734,SUCCESS,gaussian,
2026-08-29T19:46:54,89.3,38.0,sensor2_wifi,1,2,6,2,120,232,100.000,100.021,0,971,971,9.707971,SUCCESS,gaussian,
2026-08-29T19:48:35,89.3,38.0,sensor2_wifi,1,2,6,2,120,231,100.000,100.021,0,852,852,8.518245,SUCCESS,gaussian,
2026-08-29T19:50:15,89.3,38.0,sensor2_wifi,1,2,6,2,120,230,100.000,100.021,0,839,839,8.388277,SUCCESS,gaussian,
2026-08-29T19:51:55,89.3,38.0,sensor2_wifi,1,2,6,2,120,229,100.000,100.021,0,799,799,7.988354,SUCCESS,gaussian,
2026-08-29T19:53:36,89.3,38.0,sensor2_wifi,1,2,6,2,120,228,100.000,100.020,0,710,710,7.098554,SUCCESS,gaussian,
2026-08-29T19:55:16,89.3,38.0,sensor2_wifi,1,2,6,2,120,227,100.000,100.021,0,697,697,6.968551,SUCCESS,gaussian,
2026-08-29T19:56:56,89.3,38.0,sensor2_wifi,1,2,6,2,120,226,100.000,100.021,0,727,727,7.268494,SUCCESS,gaussian,
2026-08-29T19:58:37,89.3,38.0,sensor2_wifi,1,2,6,2,120,225,100.000,100.020,0,691,691,6.908593,SUCCESS,gaussian,
2026-08-29T20:00:17,89.3,38.0,sensor2_wifi,1,2,6,2,120,224,100.000,100.020,0,652,652,6.518677,SUCCESS,gaussian,
2026-08-29T20:01:57,89.3,38.0,sensor2_wifi,1,2,6,2,120,223,100.000,100.021,0,609,609,6.088748,SUCCESS,gaussian,
2026-08-29T20:03:38,89.3,38.0,sensor2_wifi,1,2,6,2,120,222,100.000,100.020,0,566,566,5.658843,SUCCESS,gaussian,
2026-08-29T20:05:18,89.3,38.0,sensor2_wifi,1,2,6,2,120,221,100.000,100.021,0,534,534,5.338900,SUCCESS,gaussian,
2026-08-29T20:06:58,89.3,38.0,sensor2_wifi,1,2,6,2,120,220,100.000,100.021,0,505,505,5.048962,SUCCESS,gaussian,
2026-08-29T20:08:38,89.3,38.0,sensor2_wifi,1,2,6,2,120,219,100.000,100.021,0,527,527,5.268896,SUCCESS,gaussian,
2026-08-29T20:10:19,89.3,38.0,sensor2_wifi,1,2,6,2,120,218,100.000,100.021,0,464,464,4.639026,SUCCESS,gaussian,
2026-08-29T20:11:59,89.3,38.0,sensor2_wifi,1,2,6,2,120,217,100.000,100.021,0,445,445,4.449073,SUCCESS,gaussian,
2026-08-29T20:13:39,89.3,38.0,sensor2_wifi,1,2,6,2,120,216,100.000,100.021,0,422,422,4.219132,SUCCESS,gaussian,
2026-08-29T20:15:20,89.3,38.0,sensor2_wifi,1,2,6,2,120,215,100.000,100.021,0,372,372,3.719221,SUCCESS,gaussian,
2026-08-29T20:17:00,89.3,38.0,sensor2_wifi,1,2,6,2,120,214,100.000,100.021,0,340,340,3.399282,SUCCESS,gaussian,
2026-08-29T20:18:40,89.3,38.0,sensor2_wifi,1,2,6,2,120,213,100.000,100.021,0,333,333,3.329295,SUCCESS,gaussian,
2026-08-29T20:20:21,89.3,38.0,sensor2_wifi,1,2,6,2,120,212,100.000,100.021,0,297,297,2.969388,SUCCESS,gaussian,
2026-08-29T20:22:01,89.3,38.0,sensor2_wifi,1,2,6,2,120,211,100.000,100.020,0,295,295,2.949396,SUCCESS,gaussian,
2026-08-29T20:23:41,89.3,38.0,sensor2_wifi,1,2,6,2,120,210,100.000,100.021,0,269,269,2.689433,SUCCESS,gaussian,
2026-08-29T20:25:22,89.3,38.0,sensor2_wifi,1,2,6,2,120,209,100.000,100.021,0,280,280,2.799403,SUCCESS,gaussian,
2026-08-29T20:27:02,89.3,38.0,sensor2_wifi,1,2,6,2,120,208,100.000,100.021,0,280,280,2.799420,SUCCESS,gaussian,
2026-08-29T20:28:42,89.3,38.0,sensor2_wifi,1,2,6,2,120,207,100.000,100.021,0,234,234,2.339514,SUCCESS,gaussian,
2026-08-29T20:30:22,89.3,38.0,sensor2_wifi,1,2,6,2,120,206,100.000,100.021,0,203,203,2.029578,SUCCESS,gaussian,
2026-08-29T20:32:03,89.3,38.0,sensor2_wifi,1,2,6,2,120,205,100.000,100.021,0,223,223,2.229535,SUCCESS,gaussian,
2026-08-29T20:33:43,89.3,38.0,sensor2_wifi,1,2,6,2,120,204,100.000,100.021,0,168,168,1.679649,SUCCESS,gaussian,
2026-08-29T20:35:23,89.3,38.0,sensor2_wifi,1,2,6,2,120,203,100.000,100.021,0,191,191,1.909600,SUCCESS,gaussian,
2026-08-29T20:37:04,89.3,38.0,sensor2_wifi,1,2,6,2,120,202,100.000,100.021,0,139,139,1.389713,SUCCESS,gaussian,
2026-08-29T20:38:44,89.3,38.0,sensor2_wifi,1,2,6,2,120,201,100.000,100.020,0,151,151,1.509693,SUCCESS,gaussian,
2026-08-29T20:40:24,89.3,38.0,sensor2_wifi,1,2,6,2,120,200,100.000,100.020,0,141,141,1.409713,SUCCESS,gaussian,
2026-08-29T20:42:05,89.3,38.0,sensor2_wifi,1,2,6,2,120,199,100.000,100.021,0,102,102,1.019787,SUCCESS,gaussian,
2026-08-29T20:43:45,89.3,38.0,sensor2_wifi,1,2,6,2,120,198,100.000,100.021,0,111,111,1.109770,SUCCESS,gaussian,
2026-08-29T20:45:25,89.3,38.0,sensor2_wifi,1,2,6,2,120,197,100.000,100.021,0,105,105,1.049781,SUCCESS,gaussian,
2026-08-29T20:47:06,89.3,38.0,sensor2_wifi,1,2,6,2,120,196,100.000,100.021,0,93,93,0.929807,SUCCESS,gaussian,
2026-08-29T20:48:46,89.3,38.0,sensor2_wifi,1,2,6,2,120,195,100.000,100.021,0,80,80,0.799834,SUCCESS,gaussian,
2026-08-29T20:50:26,89.3,38.0,sensor2_wifi,1,2,6,2,120,194,100.000,100.020,0,94,94,0.939808,SUCCESS,gaussian,
2026-08-29T20:52:07,89.3,38.0,sensor2_wifi,1,2,6,2,120,193,100.000,100.021,0,71,71,0.709853,SUCCESS,gaussian,
2026-08-29T20:53:47,89.3,38.0,sensor2_wifi,1,2,6,2,120,192,100.000,100.020,0,61,61,0.609875,SUCCESS,gaussian,
2026-08-29T20:55:27,89.3,38.0,sensor2_wifi,1,2,6,2,120,191,100.000,100.021,0,71,71,0.709853,SUCCESS,gaussian,
2026-08-29T20:57:08,89.3,38.0,sensor2_wifi,1,2,6,2,120,190,100.000,100.021,0,66,66,0.659862,SUCCESS,gaussian,
2026-08-29T20:58:48,89.3,38.0,sensor2_wifi,1,2,6,2,120,189,100.000,100.021,0,61,61,0.609872,SUCCESS,gaussian,
2026-08-29T21:00:28,89.3,38.0,sensor2_wifi,1,2,6,2,120,188,100.000,100.021,0,58,58,0.579879,SUCCESS,gaussian,
2026-08-29T21:02:08,89.3,38.0,sensor2_wifi,1,2,6,2,120,187,100.000,100.021,0,41,41,0.409914,SUCCESS,gaussian,
2026-08-29T21:03:49,89.3,38.0,sensor2_wifi,1,2,6,2,120,186,100.000,100.021,0,38,38,0.379920,SUCCESS,gaussian,
2026-08-29T21:05:29,89.3,38.0,sensor2_wifi,1,2,6,2,120,185,100.000,100.020,0,32,32,0.319936,SUCCESS,gaussian,
2026-08-29T21:07:09,89.3,38.0,sensor2_wifi,1,2,6,2,120,184,100.000,100.030,0,39,39,0.389882,SUCCESS,gaussian,
2026-08-29T21:08:50,89.3,38.0,sensor2_wifi,1,2,6,2,120,183,100.000,100.021,0,20,20,0.199958,SUCCESS,gaussian,
2026-08-29T21:10:30,89.3,38.0,sensor2_wifi,1,2,6,2,120,182,100.000,100.021,0,23,23,0.229952,SUCCESS,gaussian,
2026-08-29T21:12:10,89.3,38.0,sensor2_wifi,1,2,6,2,120,181,100.000,100.021,0,21,21,0.209956,SUCCESS,gaussian,
2026-08-29T21:13:51,89.3,38.0,sensor2_wifi,1,2,6,2,120,180,100.000,100.020,0,18,18,0.179963,SUCCESS,gaussian,
2026-08-29T21:15:31,89.3,38.0,sensor2_wifi,1,2,6,2,120,179,100.000,100.021,0,15,15,0.149969,SUCCESS,gaussian,
2026-08-29T21:17:11,89.3,38.0,sensor2_wifi,1,2,6,2,120,178,100.000,100.021,0,10,10,0.099979,SUCCESS,gaussian,
2026-08-29T21:18:52,89.3,38.0,sensor2_wifi,1,2,6,2,120,177,100.000,100.021,0,6,6,0.059987,SUCCESS,gaussian,
2026-08-29T21:20:32,89.3,38.0,sensor2_wifi,1,2,6,2,120,176,100.000,100.021,0,8,8,0.079983,SUCCESS,gaussian,
2026-08-29T21:22:12,89.3,38.0,sensor2_wifi,1,2,6,2,120,175,100.000,100.021,0,3,3,0.029994,SUCCESS,gaussian,
2026-08-29T21:23:53,89.3,38.0,sensor2_wifi,1,2,6,2,120,174,100.000,100.021,0,2,2,0.019996,SUCCESS,gaussian,
2026-08-29T21:25:33,89.3,38.0,sensor2_wifi,1,2,6,2,120,173,100.000,100.021,0,3,3,0.029994,SUCCESS,gaussian,
2026-08-29T21:27:13,89.3,38.0,sensor2_wifi,1,2,6,2,120,172,100.000,100.021,0,4,4,0.039992,SUCCESS,gaussian,
2026-08-29T21:28:53,89.3,38.0,sensor2_wifi,1,2,6,2,120,171,100.000,100.020,0,5,5,0.049990,SUCCESS,gaussian,
2026-08-29T21:30:34,89.3,38.0,sensor2_wifi,1,2,6,2,120,170,100.000,100.020,0,1,1,0.009998,SUCCESS,gaussian,
2026-08-29T21:32:14,89.3,38.0,sensor2_wifi,1,2,6,2,120,169,100.000,100.021,0,0,0,0.000000,SUCCESS,gaussian,
2026-08-29T21:33:54,89.3,38.0,sensor2_wifi,1,2,6,2,120,168,100.000,100.021,0,3,3,0.029994,SUCCESS,gaussian,
2026-08-29T21:35:35,89.3,38.0,sensor2_wifi,1,2,6,2,120,167,100.000,100.020,0,0,0,0.000000,SUCCESS,gaussian,
2026-08-29T21:37:15,89.3,38.0,sensor2_wifi,1,2,6,2,120,166,100.000,100.021,0,0,0,0.000000,SUCCESS,gaussian,
2026-08-29T21:38:55,89.3,38.0,sensor2_wifi,2,0,4,0,120,255,100.000,100.020,0,1589999,1589999,15896.746526,SUCCESS,gaussian,
2026-08-29T21:40:36,89.3,38.0,sensor2_wifi,2,0,4,0,120,254,100.000,100.021,0,14902742,14902742,148996.184933,SUCCESS,gaussian,
2026-08-29T21:42:16,89.3,38.0,sensor2_wifi,2,0,4,0,120,253,100.000,100.021,0,9909092,9909092,99070.163778,SUCCESS,gaussian,
2026-08-29T21:43:56,89.3,38.0,sensor2_wifi,2,0,4,0,120,252,100.000,100.021,0,5656819,5656819,56556.202815,SUCCESS,gaussian,
2026-08-29T21:45:37,89.3,38.0,sensor2_wifi,2,0,4,0,120,251,100.000,100.021,0,2312617,2312617,23121.416947,SUCCESS,gaussian,
2026-08-29T21:47:17,89.3,38.0,sensor2_wifi,2,0,4,0,120,250,100.000,100.021,0,1122934,1122934,11227.016117,SUCCESS,gaussian,
2026-08-29T21:48:57,89.3,38.0,sensor2_wifi,2,0,4,0,120,249,100.000,100.022,0,467759,467759,4676.576826,SUCCESS,gaussian,
2026-08-29T21:50:37,89.3,38.0,sensor2_wifi,2,0,4,0,120,248,100.000,100.021,0,208864,208864,2088.206895,SUCCESS,gaussian,
2026-08-29T21:52:18,89.3,38.0,sensor2_wifi,2,0,4,0,120,247,100.000,100.020,0,92752,92752,927.331657,SUCCESS,gaussian,
2026-08-29T21:53:58,89.3,38.0,sensor2_wifi,2,0,4,0,120,246,100.000,100.021,0,36490,36490,364.823703,SUCCESS,gaussian,
2026-08-29T21:55:38,89.3,38.0,sensor2_wifi,2,0,4,0,120,245,100.000,100.021,0,13678,13678,136.751136,SUCCESS,gaussian,
2026-08-29T21:57:19,89.3,38.0,sensor2_wifi,2,0,4,0,120,244,100.000,100.021,0,5126,5126,51.249469,SUCCESS,gaussian,
2026-08-29T21:58:59,89.3,38.0,sensor2_wifi,2,0,4,0,120,243,100.000,100.021,0,1856,1856,18.556189,SUCCESS,gaussian,
2026-08-29T22:00:39,89.3,38.0,sensor2_wifi,2,0,4,0,120,242,100.000,100.021,0,1206,1206,12.057472,SUCCESS,gaussian,
2026-08-29T22:02:20,89.3,38.0,sensor2_wifi,2,0,4,0,120,241,100.000,100.021,0,858,858,8.578207,SUCCESS,gaussian,
2026-08-29T22:04:00,89.3,38.0,sensor2_wifi,2,0,4,0,120,240,100.000,100.021,0,793,793,7.928364,SUCCESS,gaussian,
2026-08-29T22:05:40,89.3,38.0,sensor2_wifi,2,0,4,0,120,239,100.000,100.021,0,706,706,7.058542,SUCCESS,gaussian,
2026-08-29T22:07:21,89.3,38.0,sensor2_wifi,2,0,4,0,120,238,100.000,100.021,0,693,693,6.928566,SUCCESS,gaussian,
2026-08-29T22:09:01,89.3,38.0,sensor2_wifi,2,0,4,0,120,237,100.000,100.021,0,656,656,6.558638,SUCCESS,gaussian,
2026-08-29T22:10:41,89.3,38.0,sensor2_wifi,2,0,4,0,120,236,100.000,100.021,0,683,683,6.828582,SUCCESS,gaussian,
2026-08-29T22:12:22,89.3,38.0,sensor2_wifi,2,0,4,0,120,235,100.000,100.021,0,585,585,5.848797,SUCCESS,gaussian,
2026-08-29T22:14:02,89.3,38.0,sensor2_wifi,2,0,4,0,120,234,100.000,100.021,0,595,595,5.948775,SUCCESS,gaussian,
2026-08-29T22:15:42,89.3,38.0,sensor2_wifi,2,0,4,0,120,233,100.000,100.021,0,504,504,5.038951,SUCCESS,gaussian,
2026-08-29T22:17:22,89.3,38.0,sensor2_wifi,2,0,4,0,120,232,100.000,100.020,0,505,505,5.048986,SUCCESS,gaussian,
2026-08-29T22:19:03,89.3,38.0,sensor2_wifi,2,0,4,0,120,231,100.000,100.021,0,490,490,4.898985,SUCCESS,gaussian,
2026-08-29T22:20:43,89.3,38.0,sensor2_wifi,2,0,4,0,120,230,100.000,100.081,0,522,522,5.215798,SUCCESS,gaussian,
2026-08-29T22:22:23,89.3,38.0,sensor2_wifi,2,0,4,0,120,229,100.000,100.021,0,472,472,4.719008,SUCCESS,gaussian,
2026-08-29T22:24:04,89.3,38.0,sensor2_wifi,2,0,4,0,120,228,100.000,100.021,0,454,454,4.539068,SUCCESS,gaussian,
2026-08-29T22:25:44,89.3,38.0,sensor2_wifi,2,0,4,0,120,227,100.000,100.021,0,459,459,4.589045,SUCCESS,gaussian,
2026-08-29T22:27:24,89.3,38.0,sensor2_wifi,2,0,4,0,120,226,100.000,100.021,0,411,411,4.109146,SUCCESS,gaussian,
2026-08-29T22:29:05,89.3,38.0,sensor2_wifi,2,0,4,0,120,225,100.000,100.021,0,371,371,3.709230,SUCCESS,gaussian,
2026-08-29T22:30:45,89.3,38.0,sensor2_wifi,2,0,4,0,120,224,100.000,100.021,0,333,333,3.329309,SUCCESS,gaussian,
2026-08-29T22:32:25,89.3,38.0,sensor2_wifi,2,0,4,0,120,223,100.000,100.021,0,307,307,3.069356,SUCCESS,gaussian,
2026-08-29T22:34:06,89.3,38.0,sensor2_wifi,2,0,4,0,120,222,100.000,100.021,0,346,346,3.459273,SUCCESS,gaussian,
2026-08-29T22:35:46,89.3,38.0,sensor2_wifi,2,0,4,0,120,221,100.000,100.020,0,342,342,3.419314,SUCCESS,gaussian,
2026-08-29T22:37:26,89.3,38.0,sensor2_wifi,2,0,4,0,120,220,100.000,100.021,0,311,311,3.109355,SUCCESS,gaussian,
2026-08-29T22:39:07,89.3,38.0,sensor2_wifi,2,0,4,0,120,219,100.000,100.021,0,304,304,3.039361,SUCCESS,gaussian,
2026-08-29T22:40:47,89.3,38.0,sensor2_wifi,2,0,4,0,120,218,100.000,100.021,0,269,269,2.689430,SUCCESS,gaussian,
2026-08-29T22:42:27,89.3,38.0,sensor2_wifi,2,0,4,0,120,217,100.000,100.021,0,228,228,2.279525,SUCCESS,gaussian,
2026-08-29T22:44:08,89.3,38.0,sensor2_wifi,2,0,4,0,120,216,100.000,100.021,0,226,226,2.259531,SUCCESS,gaussian,
2026-08-29T22:45:48,89.3,38.0,sensor2_wifi,2,0,4,0,120,215,100.000,100.021,0,237,237,2.369510,SUCCESS,gaussian,
2026-08-29T22:47:28,89.3,38.0,sensor2_wifi,2,0,4,0,120,214,100.000,100.021,0,205,205,2.049564,SUCCESS,gaussian,
2026-08-29T22:49:08,89.3,38.0,sensor2_wifi,2,0,4,0,120,213,100.000,100.020,0,206,206,2.059580,SUCCESS,gaussian,
2026-08-29T22:50:49,89.3,38.0,sensor2_wifi,2,0,4,0,120,212,100.000,100.021,0,159,159,1.589663,SUCCESS,gaussian,
2026-08-29T22:52:29,89.3,38.0,sensor2_wifi,2,0,4,0,120,211,100.000,100.021,0,178,178,1.779618,SUCCESS,gaussian,
2026-08-29T22:54:09,89.3,38.0,sensor2_wifi,2,0,4,0,120,210,100.000,100.021,0,136,136,1.359718,SUCCESS,gaussian,
2026-08-29T22:55:50,89.3,38.0,sensor2_wifi,2,0,4,0,120,209,100.000,100.021,0,121,121,1.209750,SUCCESS,gaussian,
2026-08-29T22:57:30,89.3,38.0,sensor2_wifi,2,0,4,0,120,208,100.000,100.021,0,122,122,1.219748,SUCCESS,gaussian,
2026-08-29T22:59:10,89.3,38.0,sensor2_wifi,2,0,4,0,120,207,100.000,100.021,0,103,103,1.029780,SUCCESS,gaussian,
2026-08-29T23:00:51,89.3,38.0,sensor2_wifi,2,0,4,0,120,206,100.000,100.020,0,100,100,0.999798,SUCCESS,gaussian,
2026-08-29T23:02:31,89.3,38.0,sensor2_wifi,2,0,4,0,120,205,100.000,100.021,0,88,88,0.879819,SUCCESS,gaussian,
2026-08-29T23:04:11,89.3,38.0,sensor2_wifi,2,0,4,0,120,204,100.000,100.021,0,97,97,0.969800,SUCCESS,gaussian,
2026-08-29T23:05:52,89.3,38.0,sensor2_wifi,2,0,4,0,120,203,100.000,100.021,0,64,64,0.639863,SUCCESS,gaussian,
2026-08-29T23:07:32,89.3,38.0,sensor2_wifi,2,0,4,0,120,202,100.000,100.020,0,63,63,0.629871,SUCCESS,gaussian,
2026-08-29T23:09:12,89.3,38.0,sensor2_wifi,2,0,4,0,120,201,100.000,100.020,0,51,51,0.509896,SUCCESS,gaussian,
2026-08-29T23:10:53,89.3,38.0,sensor2_wifi,2,0,4,0,120,200,100.000,100.021,0,31,31,0.309935,SUCCESS,gaussian,
2026-08-29T23:12:33,89.3,38.0,sensor2_wifi,2,0,4,0,120,199,100.000,100.021,0,38,38,0.379921,SUCCESS,gaussian,
2026-08-29T23:14:13,89.3,38.0,sensor2_wifi,2,0,4,0,120,198,100.000,100.021,0,52,52,0.519891,SUCCESS,gaussian,
2026-08-29T23:15:53,89.3,38.0,sensor2_wifi,2,0,4,0,120,197,100.000,100.021,0,26,26,0.259945,SUCCESS,gaussian,
2026-08-29T23:17:34,89.3,38.0,sensor2_wifi,2,0,4,0,120,196,100.000,100.020,0,30,30,0.299940,SUCCESS,gaussian,
2026-08-29T23:19:14,89.3,38.0,sensor2_wifi,2,0,4,0,120,195,100.000,100.021,0,19,19,0.189960,SUCCESS,gaussian,
2026-08-29T23:20:54,89.3,38.0,sensor2_wifi,2,0,4,0,120,194,100.000,100.021,0,20,20,0.199959,SUCCESS,gaussian,
2026-08-29T23:22:35,89.3,38.0,sensor2_wifi,2,0,4,0,120,193,100.000,100.021,0,15,15,0.149969,SUCCESS,gaussian,
2026-08-29T23:24:15,89.3,38.0,sensor2_wifi,2,0,4,0,120,192,100.000,100.020,0,14,14,0.139972,SUCCESS,gaussian,
2026-08-29T23:25:55,89.3,38.0,sensor2_wifi,2,0,4,0,120,191,100.000,100.021,0,27,27,0.269943,SUCCESS,gaussian,
2026-08-29T23:27:36,89.3,38.0,sensor2_wifi,2,0,4,0,120,190,100.000,100.021,0,17,17,0.169965,SUCCESS,gaussian,
2026-08-29T23:29:16,89.3,38.0,sensor2_wifi,2,0,4,0,120,189,100.000,100.021,0,11,11,0.109977,SUCCESS,gaussian,
2026-08-29T23:30:56,89.3,38.0,sensor2_wifi,2,0,4,0,120,188,100.000,100.021,0,9,9,0.089982,SUCCESS,gaussian,
2026-08-29T23:32:37,89.3,38.0,sensor2_wifi,2,0,4,0,120,187,100.000,100.021,0,9,9,0.089981,SUCCESS,gaussian,
2026-08-29T23:34:17,89.3,38.0,sensor2_wifi,2,0,4,0,120,186,100.000,100.021,0,8,8,0.079983,SUCCESS,gaussian,
2026-08-29T23:35:57,89.3,38.0,sensor2_wifi,2,0,4,0,120,185,100.000,100.021,0,3,3,0.029994,SUCCESS,gaussian,
2026-08-29T23:37:37,89.3,38.0,sensor2_wifi,2,0,4,0,120,184,100.000,100.021,0,4,4,0.039992,SUCCESS,gaussian,
2026-08-29T23:39:18,89.3,38.0,sensor2_wifi,2,0,4,0,120,183,100.000,100.020,0,3,3,0.029994,SUCCESS,gaussian,
2026-08-29T23:40:58,89.3,38.0,sensor2_wifi,2,0,4,0,120,182,100.000,100.020,0,2,2,0.019996,SUCCESS,gaussian,
2026-08-29T23:42:38,89.3,38.0,sensor2_wifi,2,0,4,0,120,181,100.000,100.021,0,3,3,0.029994,SUCCESS,gaussian,
2026-08-29T23:44:19,89.3,38.0,sensor2_wifi,2,0,4,0,120,180,100.000,100.021,0,0,0,0.000000,SUCCESS,gaussian,
2026-08-29T23:45:59,89.3,38.0,sensor2_wifi,2,0,4,0,120,179,100.000,100.021,0,1,1,0.009998,SUCCESS,gaussian,
2026-08-29T23:47:39,89.3,38.0,sensor2_wifi,2,0,4,0,120,178,100.000,100.020,0,1,1,0.009998,SUCCESS,gaussian,
2026-08-29T23:49:20,89.3,38.0,sensor2_wifi,2,0,4,0,120,177,100.000,100.020,0,0,0,0.000000,SUCCESS,gaussian,
2026-08-29T23:51:00,89.3,38.0,sensor2_wifi,2,0,4,0,120,176,100.000,100.021,0,0,0,0.000000,SUCCESS,gaussian,
2026-08-29T23:52:40,89.3,38.0,sensor2_wifi,2,1,5,1,120,255,100.000,100.021,0,9827205,9827205,98251.235319,SUCCESS,gaussian,
2026-08-29T23:54:21,89.3,38.0,sensor2_wifi,2,1,5,1,120,254,100.000,100.020,0,11181016,11181016,111787.430204,SUCCESS,gaussian,
2026-08-29T23:56:01,89.3,38.0,sensor2_wifi,2,1,5,1,120,253,100.000,100.021,0,12128591,12128591,121260.863670,SUCCESS,gaussian,
2026-08-29T23:57:41,89.3,38.0,sensor2_wifi,2,1,5,1,120,252,100.000,100.021,0,13096645,13096645,130939.409881,SUCCESS,gaussian,
2026-08-29T23:59:21,89.3,38.0,sensor2_wifi,2,1,5,1,120,251,100.000,100.021,0,14904245,14904245,149010.994759,SUCCESS,gaussian,
2026-08-30T00:01:02,89.3,38.0,sensor2_wifi,2,1,5,1,120,250,100.000,100.020,0,145566,145566,1455.363039,SUCCESS,gaussian,
2026-08-30T00:02:42,89.3,38.0,sensor2_wifi,2,1,5,1,120,249,100.000,100.020,0,1412157,1412157,14118.692237,SUCCESS,gaussian,
2026-08-30T00:04:22,89.3,38.0,sensor2_wifi,2,1,5,1,120,248,100.000,100.021,0,653770,653770,6536.342927,SUCCESS,gaussian,
2026-08-30T00:06:03,89.3,38.0,sensor2_wifi,2,1,5,1,120,247,100.000,100.020,0,12125252,12125252,121227.752774,SUCCESS,gaussian,
2026-08-30T00:07:43,89.3,38.0,sensor2_wifi,2,1,5,1,120,246,100.000,100.071,0,7990760,7990760,79850.669495,SUCCESS,gaussian,
2026-08-30T00:09:23,89.3,38.0,sensor2_wifi,2,1,5,1,120,245,100.000,100.020,0,4456007,4456007,44550.961720,SUCCESS,gaussian,
2026-08-30T00:11:04,89.3,38.0,sensor2_wifi,2,1,5,1,120,244,100.000,100.021,0,2156490,2156490,21560.412685,SUCCESS,gaussian,
2026-08-30T00:12:44,89.3,38.0,sensor2_wifi,2,1,5,1,120,243,100.000,100.021,0,881107,881107,8809.219232,SUCCESS,gaussian,
2026-08-30T00:14:24,89.3,38.0,sensor2_wifi,2,1,5,1,120,242,100.000,100.021,0,357876,357876,3578.013321,SUCCESS,gaussian,
2026-08-30T00:16:05,89.3,38.0,sensor2_wifi,2,1,5,1,120,241,100.000,100.021,0,142819,142819,1427.885039,SUCCESS,gaussian,
2026-08-30T00:17:45,89.3,38.0,sensor2_wifi,2,1,5,1,120,240,100.000,100.021,0,51222,51222,512.112149,SUCCESS,gaussian,
2026-08-30T00:19:25,89.3,38.0,sensor2_wifi,2,1,5,1,120,239,100.000,100.021,0,75548,75548,755.320915,SUCCESS,gaussian,
2026-08-30T00:21:06,89.3,38.0,sensor2_wifi,2,1,5,1,120,238,100.000,100.021,0,26065,26065,260.596296,SUCCESS,gaussian,
2026-08-30T00:22:46,89.3,38.0,sensor2_wifi,2,1,5,1,120,237,100.000,100.021,0,10552,10552,105.497620,SUCCESS,gaussian,
2026-08-30T00:24:26,89.3,38.0,sensor2_wifi,2,1,5,1,120,236,100.000,100.021,0,3643,3643,36.422263,SUCCESS,gaussian,
2026-08-30T00:26:06,89.3,38.0,sensor2_wifi,2,1,5,1,120,235,100.000,100.021,0,1581,1581,15.806719,SUCCESS,gaussian,
2026-08-30T00:27:47,89.3,38.0,sensor2_wifi,2,1,5,1,120,234,100.000,100.021,0,998,998,9.977911,SUCCESS,gaussian,
2026-08-30T00:29:27,89.3,38.0,sensor2_wifi,2,1,5,1,120,233,100.000,100.020,0,813,813,8.128340,SUCCESS,gaussian,
2026-08-30T00:31:07,89.3,38.0,sensor2_wifi,2,1,5,1,120,232,100.000,100.021,0,750,750,7.498432,SUCCESS,gaussian,
2026-08-30T00:32:48,89.3,38.0,sensor2_wifi,2,1,5,1,120,231,100.000,100.021,0,713,713,7.128513,SUCCESS,gaussian,
2026-08-30T00:34:28,89.3,38.0,sensor2_wifi,2,1,5,1,120,230,100.000,100.020,0,645,645,6.448691,SUCCESS,gaussian,
2026-08-30T00:36:08,89.3,38.0,sensor2_wifi,2,1,5,1,120,229,100.000,100.020,0,628,628,6.278716,SUCCESS,gaussian,
2026-08-30T00:37:49,89.3,38.0,sensor2_wifi,2,1,5,1,120,228,100.000,100.021,0,580,580,5.798785,SUCCESS,gaussian,
2026-08-30T00:39:29,89.3,38.0,sensor2_wifi,2,1,5,1,120,227,100.000,100.021,0,569,569,5.688787,SUCCESS,gaussian,
2026-08-30T00:41:09,89.3,38.0,sensor2_wifi,2,1,5,1,120,226,100.000,100.021,0,525,525,5.248913,SUCCESS,gaussian,
2026-08-30T00:42:50,89.3,38.0,sensor2_wifi,2,1,5,1,120,225,100.000,100.021,0,531,531,5.308872,SUCCESS,gaussian,
2026-08-30T00:44:30,89.3,38.0,sensor2_wifi,2,1,5,1,120,224,100.000,100.021,0,502,502,5.018963,SUCCESS,gaussian,
2026-08-30T00:46:10,89.3,38.0,sensor2_wifi,2,1,5,1,120,223,100.000,100.021,0,510,510,5.098920,SUCCESS,gaussian,
2026-08-30T00:47:51,89.3,38.0,sensor2_wifi,2,1,5,1,120,222,100.000,100.021,0,397,397,3.969186,SUCCESS,gaussian,
2026-08-30T00:49:31,89.3,38.0,sensor2_wifi,2,1,5,1,120,221,100.000,100.020,0,408,408,4.079167,SUCCESS,gaussian,
2026-08-30T00:51:11,89.3,38.0,sensor2_wifi,2,1,5,1,120,220,100.000,100.021,0,435,435,4.349082,SUCCESS,gaussian,
2026-08-30T00:52:51,89.3,38.0,sensor2_wifi,2,1,5,1,120,219,100.000,100.020,0,397,397,3.969195,SUCCESS,gaussian,
2026-08-30T00:54:32,89.3,38.0,sensor2_wifi,2,1,5,1,120,218,100.000,100.020,0,393,393,3.929199,SUCCESS,gaussian,
2026-08-30T00:56:12,89.3,38.0,sensor2_wifi,2,1,5,1,120,217,100.000,100.021,0,362,362,3.619257,SUCCESS,gaussian,
2026-08-30T00:57:52,89.3,38.0,sensor2_wifi,2,1,5,1,120,216,100.000,100.021,0,351,351,3.509267,SUCCESS,gaussian,
2026-08-30T00:59:33,89.3,38.0,sensor2_wifi,2,1,5,1,120,215,100.000,100.021,0,324,324,3.239321,SUCCESS,gaussian,
2026-08-30T01:01:13,89.3,38.0,sensor2_wifi,2,1,5,1,120,214,100.000,100.021,0,317,317,3.169338,SUCCESS,gaussian,
2026-08-30T01:02:53,89.3,38.0,sensor2_wifi,2,1,5,1,120,213,100.000,100.021,0,280,280,2.799419,SUCCESS,gaussian,
2026-08-30T01:04:34,89.3,38.0,sensor2_wifi,2,1,5,1,120,212,100.000,100.021,0,273,273,2.729426,SUCCESS,gaussian,
2026-08-30T01:06:14,89.3,38.0,sensor2_wifi,2,1,5,1,120,211,100.000,100.021,0,250,250,2.499480,SUCCESS,gaussian,
2026-08-30T01:07:54,89.3,38.0,sensor2_wifi,2,1,5,1,120,210,100.000,100.021,0,225,225,2.249517,SUCCESS,gaussian,
2026-08-30T01:09:35,89.3,38.0,sensor2_wifi,2,1,5,1,120,209,100.000,100.021,0,228,228,2.279520,SUCCESS,gaussian,
2026-08-30T01:11:15,89.3,38.0,sensor2_wifi,2,1,5,1,120,208,100.000,100.021,0,189,189,1.889610,SUCCESS,gaussian,
2026-08-30T01:12:55,89.3,38.0,sensor2_wifi,2,1,5,1,120,207,100.000,100.021,0,186,186,1.859616,SUCCESS,gaussian,
2026-08-30T01:14:36,89.3,38.0,sensor2_wifi,2,1,5,1,120,206,100.000,100.021,0,204,204,2.039581,SUCCESS,gaussian,
2026-08-30T01:16:16,89.3,38.0,sensor2_wifi,2,1,5,1,120,205,100.000,100.020,0,167,167,1.669660,SUCCESS,gaussian,
2026-08-30T01:17:56,89.3,38.0,sensor2_wifi,2,1,5,1,120,204,100.000,100.020,0,142,142,1.419711,SUCCESS,gaussian,
2026-08-30T01:19:36,89.3,38.0,sensor2_wifi,2,1,5,1,120,203,100.000,100.021,0,148,148,1.479688,SUCCESS,gaussian,
2026-08-30T01:21:17,89.3,38.0,sensor2_wifi,2,1,5,1,120,202,100.000,100.021,0,139,139,1.389714,SUCCESS,gaussian,
2026-08-30T01:22:57,89.3,38.0,sensor2_wifi,2,1,5,1,120,201,100.000,100.021,0,120,120,1.199749,SUCCESS,gaussian,
2026-08-30T01:24:37,89.3,38.0,sensor2_wifi,2,1,5,1,120,200,100.000,100.021,0,95,95,0.949804,SUCCESS,gaussian,
2026-08-30T01:26:18,89.3,38.0,sensor2_wifi,2,1,5,1,120,199,100.000,100.021,0,99,99,0.989793,SUCCESS,gaussian,
2026-08-30T01:27:58,89.3,38.0,sensor2_wifi,2,1,5,1,120,198,100.000,100.021,0,96,96,0.959800,SUCCESS,gaussian,
2026-08-30T01:29:38,89.3,38.0,sensor2_wifi,2,1,5,1,120,197,100.000,100.021,0,77,77,0.769842,SUCCESS,gaussian,
2026-08-30T01:31:19,89.3,38.0,sensor2_wifi,2,1,5,1,120,196,100.000,100.021,0,62,62,0.619872,SUCCESS,gaussian,
2026-08-30T01:32:59,89.3,38.0,sensor2_wifi,2,1,5,1,120,195,100.000,100.021,0,58,58,0.579879,SUCCESS,gaussian,
2026-08-30T01:34:39,89.3,38.0,sensor2_wifi,2,1,5,1,120,194,100.000,100.021,0,41,41,0.409914,SUCCESS,gaussian,
2026-08-30T01:36:19,89.3,38.0,sensor2_wifi,2,1,5,1,120,193,100.000,100.020,0,40,40,0.399918,SUCCESS,gaussian,
2026-08-30T01:38:00,89.3,38.0,sensor2_wifi,2,1,5,1,120,192,100.000,100.021,0,33,33,0.329931,SUCCESS,gaussian,
2026-08-30T01:39:40,89.3,38.0,sensor2_wifi,2,1,5,1,120,191,100.000,100.021,0,53,53,0.529889,SUCCESS,gaussian,
2026-08-30T01:41:20,89.3,38.0,sensor2_wifi,2,1,5,1,120,190,100.000,100.021,0,47,47,0.469902,SUCCESS,gaussian,
2026-08-30T01:43:01,89.3,38.0,sensor2_wifi,2,1,5,1,120,189,100.000,100.020,0,33,33,0.329933,SUCCESS,gaussian,
2026-08-30T01:44:41,89.3,38.0,sensor2_wifi,2,1,5,1,120,188,100.000,100.021,0,27,27,0.269944,SUCCESS,gaussian,
2026-08-30T01:46:21,89.3,38.0,sensor2_wifi,2,1,5,1,120,187,100.000,100.021,0,29,29,0.289939,SUCCESS,gaussian,
2026-08-30T01:48:02,89.3,38.0,sensor2_wifi,2,1,5,1,120,186,100.000,100.020,0,14,14,0.139971,SUCCESS,gaussian,
2026-08-30T01:49:42,89.3,38.0,sensor2_wifi,2,1,5,1,120,185,100.000,100.021,0,16,16,0.159966,SUCCESS,gaussian,
2026-08-30T01:51:22,89.3,38.0,sensor2_wifi,2,1,5,1,120,184,100.000,100.021,0,15,15,0.149969,SUCCESS,gaussian,
2026-08-30T01:53:03,89.3,38.0,sensor2_wifi,2,1,5,1,120,183,100.000,100.021,0,12,12,0.119975,SUCCESS,gaussian,
2026-08-30T01:54:43,89.3,38.0,sensor2_wifi,2,1,5,1,120,182,100.000,100.021,0,8,8,0.079984,SUCCESS,gaussian,
2026-08-30T01:56:23,89.3,38.0,sensor2_wifi,2,1,5,1,120,181,100.000,100.021,0,3,3,0.029994,SUCCESS,gaussian,
2026-08-30T01:58:04,89.3,38.0,sensor2_wifi,2,1,5,1,120,180,100.000,100.021,0,4,4,0.039992,SUCCESS,gaussian,
2026-08-30T01:59:44,89.3,38.0,sensor2_wifi,2,1,5,1,120,179,100.000,100.021,0,8,8,0.079983,SUCCESS,gaussian,
2026-08-30T02:01:24,89.3,38.0,sensor2_wifi,2,1,5,1,120,178,100.000,100.021,0,4,4,0.039992,SUCCESS,gaussian,
2026-08-30T02:03:04,89.3,38.0,sensor2_wifi,2,1,5,1,120,177,100.000,100.021,0,2,2,0.019996,SUCCESS,gaussian,
2026-08-30T02:04:45,89.3,38.0,sensor2_wifi,2,1,5,1,120,176,100.000,100.021,0,2,2,0.019996,SUCCESS,gaussian,
2026-08-30T02:06:25,89.3,38.0,sensor2_wifi,2,1,5,1,120,175,100.000,100.021,0,3,3,0.029994,SUCCESS,gaussian,
2026-08-30T02:08:05,89.3,38.0,sensor2_wifi,2,1,5,1,120,174,100.000,100.021,0,0,0,0.000000,SUCCESS,gaussian,
2026-08-30T02:09:46,89.3,38.0,sensor2_wifi,2,1,5,1,120,173,100.000,100.021,0,2,2,0.019996,SUCCESS,gaussian,
2026-08-30T02:11:26,89.3,38.0,sensor2_wifi,2,1,5,1,120,172,100.000,100.021,0,0,0,0.000000,SUCCESS,gaussian,
2026-08-30T02:13:06,89.3,38.0,sensor2_wifi,2,1,5,1,120,171,100.000,100.020,0,0,0,0.000000,SUCCESS,gaussian,
2026-08-30T02:14:47,89.3,38.0,sensor2_wifi,2,2,6,2,120,255,100.000,100.021,0,3294261,3294261,32935.707116,SUCCESS,gaussian,
2026-08-30T02:16:27,89.3,38.0,sensor2_wifi,2,2,6,2,120,254,100.000,100.020,0,4922325,4922325,49213.192416,SUCCESS,gaussian,
2026-08-30T02:18:07,89.3,38.0,sensor2_wifi,2,2,6,2,120,253,100.000,100.021,0,7461525,7461525,74599.686581,SUCCESS,gaussian,
2026-08-30T02:19:48,89.3,38.0,sensor2_wifi,2,2,6,2,120,252,100.000,100.021,0,9794055,9794055,97920.349614,SUCCESS,gaussian,
2026-08-30T02:21:28,89.3,38.0,sensor2_wifi,2,2,6,2,120,251,100.000,100.020,0,11703769,11703769,117013.869053,SUCCESS,gaussian,
2026-08-30T02:23:08,89.3,38.0,sensor2_wifi,2,2,6,2,120,250,100.000,100.021,0,12455884,12455884,124532.246543,SUCCESS,gaussian,
2026-08-30T02:24:48,89.3,38.0,sensor2_wifi,2,2,6,2,120,249,100.000,100.021,0,13598288,13598288,135954.900085,SUCCESS,gaussian,
2026-08-30T02:26:29,89.3,38.0,sensor2_wifi,2,2,6,2,120,248,100.000,100.021,0,15200187,15200187,151969.960071,SUCCESS,gaussian,
2026-08-30T02:28:09,89.3,38.0,sensor2_wifi,2,2,6,2,120,247,100.000,100.020,0,1192590,1192590,11923.479516,SUCCESS,gaussian,
2026-08-30T02:29:49,89.3,38.0,sensor2_wifi,2,2,6,2,120,246,100.000,100.020,0,2036892,2036892,20364.826112,SUCCESS,gaussian,
2026-08-30T02:31:30,89.3,38.0,sensor2_wifi,2,2,6,2,120,245,100.000,100.021,0,1149799,1149799,11495.616083,SUCCESS,gaussian,
2026-08-30T02:33:10,89.3,38.0,sensor2_wifi,2,2,6,2,120,244,100.000,100.021,0,15241355,15241355,152381.387651,SUCCESS,gaussian,
2026-08-30T02:34:50,89.3,38.0,sensor2_wifi,2,2,6,2,120,243,100.000,100.021,0,9144124,9144124,91422.297731,SUCCESS,gaussian,
2026-08-30T02:36:31,89.3,38.0,sensor2_wifi,2,2,6,2,120,242,100.000,100.021,0,5437451,5437451,54363.278588,SUCCESS,gaussian,
2026-08-30T02:38:11,89.3,38.0,sensor2_wifi,2,2,6,2,120,241,100.000,100.021,0,2765671,2765671,27651.035686,SUCCESS,gaussian,
2026-08-30T02:39:51,89.3,38.0,sensor2_wifi,2,2,6,2,120,240,100.000,100.021,0,1437165,1437165,14368.628148,SUCCESS,gaussian,
2026-08-30T02:41:32,89.3,38.0,sensor2_wifi,2,2,6,2,120,239,100.000,100.021,0,1289774,1289774,12895.087936,SUCCESS,gaussian,
2026-08-30T02:43:12,89.3,38.0,sensor2_wifi,2,2,6,2,120,238,100.000,100.021,0,635567,635567,6354.366025,SUCCESS,gaussian,
2026-08-30T02:44:52,89.3,38.0,sensor2_wifi,2,2,6,2,120,237,100.000,100.020,0,250581,250581,2505.310682,SUCCESS,gaussian,
2026-08-30T02:46:33,89.3,38.0,sensor2_wifi,2,2,6,2,120,236,100.000,100.021,0,100364,100364,1003.434227,SUCCESS,gaussian,
2026-08-30T02:48:13,89.3,38.0,sensor2_wifi,2,2,6,2,120,235,100.000,100.020,0,23415,23415,234.102691,SUCCESS,gaussian,
2026-08-30T02:49:53,89.3,38.0,sensor2_wifi,2,2,6,2,120,234,100.000,100.021,0,12141,12141,121.384728,SUCCESS,gaussian,
2026-08-30T02:51:33,89.3,38.0,sensor2_wifi,2,2,6,2,120,233,100.000,100.021,0,5006,5006,50.049436,SUCCESS,gaussian,
2026-08-30T02:53:14,89.3,38.0,sensor2_wifi,2,2,6,2,120,232,100.000,100.021,0,2446,2446,24.454960,SUCCESS,gaussian,
2026-08-30T02:54:54,89.3,38.0,sensor2_wifi,2,2,6,2,120,231,100.000,100.021,0,1106,1106,11.057696,SUCCESS,gaussian,
2026-08-30T02:56:34,89.3,38.0,sensor2_wifi,2,2,6,2,120,230,100.000,100.020,0,907,907,9.068154,SUCCESS,gaussian,
2026-08-30T02:58:15,89.3,38.0,sensor2_wifi,2,2,6,2,120,229,100.000,100.021,0,766,766,7.658404,SUCCESS,gaussian,
2026-08-30T02:59:55,89.3,38.0,sensor2_wifi,2,2,6,2,120,228,100.000,100.020,0,709,709,7.088552,SUCCESS,gaussian,
2026-08-30T03:01:35,89.3,38.0,sensor2_wifi,2,2,6,2,120,227,100.000,100.020,0,655,655,6.548674,SUCCESS,gaussian,
2026-08-30T03:03:16,89.3,38.0,sensor2_wifi,2,2,6,2,120,226,100.000,100.020,0,703,703,7.028573,SUCCESS,gaussian,
2026-08-30T03:04:56,89.3,38.0,sensor2_wifi,2,2,6,2,120,225,100.000,100.021,0,650,650,6.498654,SUCCESS,gaussian,
2026-08-30T03:06:36,89.3,38.0,sensor2_wifi,2,2,6,2,120,224,100.000,100.020,0,601,601,6.008783,SUCCESS,gaussian,
2026-08-30T03:08:17,89.3,38.0,sensor2_wifi,2,2,6,2,120,223,100.000,100.020,0,558,558,5.578862,SUCCESS,gaussian,
2026-08-30T03:09:57,89.3,38.0,sensor2_wifi,2,2,6,2,120,222,100.000,100.021,0,518,518,5.178909,SUCCESS,gaussian,
2026-08-30T03:11:37,89.3,38.0,sensor2_wifi,2,2,6,2,120,221,100.000,100.021,0,469,469,4.689026,SUCCESS,gaussian,
2026-08-30T03:13:18,89.3,38.0,sensor2_wifi,2,2,6,2,120,220,100.000,100.021,0,437,437,4.369088,SUCCESS,gaussian,
2026-08-30T03:14:58,89.3,38.0,sensor2_wifi,2,2,6,2,120,219,100.000,100.021,0,460,460,4.599037,SUCCESS,gaussian,
2026-08-30T03:16:38,89.3,38.0,sensor2_wifi,2,2,6,2,120,218,100.000,100.021,0,490,490,4.898991,SUCCESS,gaussian,
2026-08-30T03:18:18,89.3,38.0,sensor2_wifi,2,2,6,2,120,217,100.000,100.021,0,445,445,4.449061,SUCCESS,gaussian,
2026-08-30T03:19:59,89.3,38.0,sensor2_wifi,2,2,6,2,120,216,100.000,100.020,0,403,403,4.029180,SUCCESS,gaussian,
2026-08-30T03:21:39,89.3,38.0,sensor2_wifi,2,2,6,2,120,215,100.000,100.021,0,405,405,4.049163,SUCCESS,gaussian,
2026-08-30T03:23:19,89.3,38.0,sensor2_wifi,2,2,6,2,120,214,100.000,100.021,0,361,361,3.609233,SUCCESS,gaussian,
2026-08-30T03:25:00,89.3,38.0,sensor2_wifi,2,2,6,2,120,213,100.000,100.021,0,351,351,3.509279,SUCCESS,gaussian,
2026-08-30T03:26:40,89.3,38.0,sensor2_wifi,2,2,6,2,120,212,100.000,100.020,0,341,341,3.409316,SUCCESS,gaussian,
2026-08-30T03:28:20,89.3,38.0,sensor2_wifi,2,2,6,2,120,211,100.000,100.021,0,292,292,2.919389,SUCCESS,gaussian,
2026-08-30T03:30:01,89.3,38.0,sensor2_wifi,2,2,6,2,120,210,100.000,100.020,0,267,267,2.669455,SUCCESS,gaussian,
2026-08-30T03:31:41,89.3,38.0,sensor2_wifi,2,2,6,2,120,209,100.000,100.021,0,298,298,2.979375,SUCCESS,gaussian,
2026-08-30T03:33:21,89.3,38.0,sensor2_wifi,2,2,6,2,120,208,100.000,100.021,0,241,241,2.409504,SUCCESS,gaussian,
2026-08-30T03:35:02,89.3,38.0,sensor2_wifi,2,2,6,2,120,207,100.000,100.021,0,258,258,2.579467,SUCCESS,gaussian,
2026-08-30T03:36:42,89.3,38.0,sensor2_wifi,2,2,6,2,120,206,100.000,100.021,0,224,224,2.239530,SUCCESS,gaussian,
2026-08-30T03:38:22,89.3,38.0,sensor2_wifi,2,2,6,2,120,205,100.000,100.021,0,207,207,2.069575,SUCCESS,gaussian,
2026-08-30T03:40:02,89.3,38.0,sensor2_wifi,2,2,6,2,120,204,100.000,100.020,0,206,206,2.059582,SUCCESS,gaussian,
2026-08-30T03:41:43,89.3,38.0,sensor2_wifi,2,2,6,2,120,203,100.000,100.021,0,224,224,2.239537,SUCCESS,gaussian,
2026-08-30T03:43:23,89.3,38.0,sensor2_wifi,2,2,6,2,120,202,100.000,100.021,0,173,173,1.729637,SUCCESS,gaussian,
2026-08-30T03:45:03,89.3,38.0,sensor2_wifi,2,2,6,2,120,201,100.000,100.021,0,130,130,1.299728,SUCCESS,gaussian,
2026-08-30T03:46:44,89.3,38.0,sensor2_wifi,2,2,6,2,120,200,100.000,100.021,0,143,143,1.429701,SUCCESS,gaussian,
2026-08-30T03:48:24,89.3,38.0,sensor2_wifi,2,2,6,2,120,199,100.000,100.021,0,140,140,1.399709,SUCCESS,gaussian,
2026-08-30T03:50:04,89.3,38.0,sensor2_wifi,2,2,6,2,120,198,100.000,100.021,0,125,125,1.249740,SUCCESS,gaussian,
2026-08-30T03:51:45,89.3,38.0,sensor2_wifi,2,2,6,2,120,197,100.000,100.021,0,109,109,1.089770,SUCCESS,gaussian,
2026-08-30T03:53:25,89.3,38.0,sensor2_wifi,2,2,6,2,120,196,100.000,100.021,0,79,79,0.789836,SUCCESS,gaussian,
2026-08-30T03:55:05,89.3,38.0,sensor2_wifi,2,2,6,2,120,195,100.000,100.021,0,99,99,0.989793,SUCCESS,gaussian,
2026-08-30T03:56:46,89.3,38.0,sensor2_wifi,2,2,6,2,120,194,100.000,100.020,0,81,81,0.809835,SUCCESS,gaussian,
2026-08-30T03:58:26,89.3,38.0,sensor2_wifi,2,2,6,2,120,193,100.000,100.021,0,62,62,0.619871,SUCCESS,gaussian,
2026-08-30T04:00:06,89.3,38.0,sensor2_wifi,2,2,6,2,120,192,100.000,100.021,0,61,61,0.609874,SUCCESS,gaussian,
2026-08-30T04:01:47,89.3,38.0,sensor2_wifi,2,2,6,2,120,191,100.000,100.021,0,66,66,0.659861,SUCCESS,gaussian,
2026-08-30T04:03:27,89.3,38.0,sensor2_wifi,2,2,6,2,120,190,100.000,100.021,0,63,63,0.629869,SUCCESS,gaussian,
2026-08-30T04:05:07,89.3,38.0,sensor2_wifi,2,2,6,2,120,189,100.000,100.021,0,58,58,0.579881,SUCCESS,gaussian,
2026-08-30T04:06:47,89.3,38.0,sensor2_wifi,2,2,6,2,120,188,100.000,100.020,0,43,43,0.429912,SUCCESS,gaussian,
2026-08-30T04:08:28,89.3,38.0,sensor2_wifi,2,2,6,2,120,187,100.000,100.021,0,45,45,0.449907,SUCCESS,gaussian,
2026-08-30T04:10:08,89.3,38.0,sensor2_wifi,2,2,6,2,120,186,100.000,100.021,0,25,25,0.249949,SUCCESS,gaussian,
2026-08-30T04:11:48,89.3,38.0,sensor2_wifi,2,2,6,2,120,185,100.000,100.021,0,18,18,0.179962,SUCCESS,gaussian,
2026-08-30T04:13:29,89.3,38.0,sensor2_wifi,2,2,6,2,120,184,100.000,100.021,0,23,23,0.229951,SUCCESS,gaussian,
2026-08-30T04:15:09,89.3,38.0,sensor2_wifi,2,2,6,2,120,183,100.000,100.021,0,16,16,0.159966,SUCCESS,gaussian,
2026-08-30T04:16:49,89.3,38.0,sensor2_wifi,2,2,6,2,120,182,100.000,100.021,0,15,15,0.149968,SUCCESS,gaussian,
2026-08-30T04:18:30,89.3,38.0,sensor2_wifi,2,2,6,2,120,181,100.000,100.021,0,7,7,0.069985,SUCCESS,gaussian,
2026-08-30T04:20:10,89.3,38.0,sensor2_wifi,2,2,6,2,120,180,100.000,100.021,0,14,14,0.139971,SUCCESS,gaussian,
2026-08-30T04:21:50,89.3,38.0,sensor2_wifi,2,2,6,2,120,179,100.000,100.021,0,6,6,0.059988,SUCCESS,gaussian,
2026-08-30T04:23:31,89.3,38.0,sensor2_wifi,2,2,6,2,120,178,100.000,100.021,0,6,6,0.059987,SUCCESS,gaussian,
2026-08-30T04:25:11,89.3,38.0,sensor2_wifi,2,2,6,2,120,177,100.000,100.021,0,2,2,0.019996,SUCCESS,gaussian,
2026-08-30T04:26:51,89.3,38.0,sensor2_wifi,2,2,6,2,120,176,100.000,100.021,0,3,3,0.029994,SUCCESS,gaussian,
2026-08-30T04:28:32,89.3,38.0,sensor2_wifi,2,2,6,2,120,175,100.000,100.021,0,2,2,0.019996,SUCCESS,gaussian,
2026-08-30T04:30:12,89.3,38.0,sensor2_wifi,2,2,6,2,120,174,100.000,100.020,0,1,1,0.009998,SUCCESS,gaussian,
2026-08-30T04:31:52,89.3,38.0,sensor2_wifi,2,2,6,2,120,173,100.000,100.020,0,1,1,0.009998,SUCCESS,gaussian,
2026-08-30T04:33:32,89.3,38.0,sensor2_wifi,2,2,6,2,120,172,100.000,100.021,0,2,2,0.019996,SUCCESS,gaussian,
2026-08-30T04:35:13,89.3,38.0,sensor2_wifi,2,2,6,2,120,171,100.000,100.021,0,0,0,0.000000,SUCCESS,gaussian,
2026-08-30T04:36:53,89.3,38.0,sensor2_wifi,2,2,6,2,120,170,100.000,100.020,0,0,0,0.000000,SUCCESS,gaussian,
2026-08-30T04:38:33,89.3,38.0,sensor2_wifi,3,0,4,0,120,255,100.000,100.021,0,5801221,5801221,57999.932578,SUCCESS,gaussian,
2026-08-30T04:40:14,89.3,38.0,sensor2_wifi,3,0,4,0,120,254,100.000,100.021,0,2883336,2883336,28827.342711,SUCCESS,gaussian,
2026-08-30T04:41:54,89.3,38.0,sensor2_wifi,3,0,4,0,120,253,100.000,100.021,0,15639905,15639905,156366.126020,SUCCESS,gaussian,
2026-08-30T04:43:34,89.3,38.0,sensor2_wifi,3,0,4,0,120,252,100.000,100.020,0,10798627,10798627,107964.392964,SUCCESS,gaussian,
2026-08-30T04:45:15,89.3,38.0,sensor2_wifi,3,0,4,0,120,251,100.000,100.021,0,6617268,6617268,66159.073261,SUCCESS,gaussian,
2026-08-30T04:46:55,89.3,38.0,sensor2_wifi,3,0,4,0,120,250,100.000,100.020,0,3758994,3758994,37582.310287,SUCCESS,gaussian,
2026-08-30T04:48:35,89.3,38.0,sensor2_wifi,3,0,4,0,120,249,100.000,100.021,0,2245031,2245031,22445.600351,SUCCESS,gaussian,
2026-08-30T04:50:16,89.3,38.0,sensor2_wifi,3,0,4,0,120,248,100.000,100.021,0,1264841,1264841,12645.728811,SUCCESS,gaussian,
2026-08-30T04:51:56,89.3,38.0,sensor2_wifi,3,0,4,0,120,247,100.000,100.020,0,819111,819111,8189.439390,SUCCESS,gaussian,
2026-08-30T04:53:36,89.3,38.0,sensor2_wifi,3,0,4,0,120,246,100.000,100.020,0,429983,429983,4298.957039,SUCCESS,gaussian,
2026-08-30T04:55:17,89.3,38.0,sensor2_wifi,3,0,4,0,120,245,100.000,100.021,0,228353,228353,2283.059427,SUCCESS,gaussian,
2026-08-30T04:56:57,89.3,38.0,sensor2_wifi,3,0,4,0,120,244,100.000,100.021,0,113432,113432,1134.083947,SUCCESS,gaussian,
2026-08-30T04:58:37,89.3,38.0,sensor2_wifi,3,0,4,0,120,243,100.000,100.021,0,54907,54907,548.956583,SUCCESS,gaussian,
2026-08-30T05:00:17,89.3,38.0,sensor2_wifi,3,0,4,0,120,242,100.000,100.021,0,27509,27509,275.033370,SUCCESS,gaussian,
2026-08-30T05:01:58,89.3,38.0,sensor2_wifi,3,0,4,0,120,241,100.000,100.020,0,13987,13987,139.841469,SUCCESS,gaussian,
2026-08-30T05:03:38,89.3,38.0,sensor2_wifi,3,0,4,0,120,240,100.000,100.021,0,6683,6683,66.815901,SUCCESS,gaussian,
2026-08-30T05:05:18,89.3,38.0,sensor2_wifi,3,0,4,0,120,239,100.000,100.020,0,5862,5862,58.608010,SUCCESS,gaussian,
2026-08-30T05:06:59,89.3,38.0,sensor2_wifi,3,0,4,0,120,238,100.000,100.021,0,2673,2673,26.724479,SUCCESS,gaussian,
2026-08-30T05:08:39,89.3,38.0,sensor2_wifi,3,0,4,0,120,237,100.000,100.020,0,1415,1415,14.147122,SUCCESS,gaussian,
2026-08-30T05:10:19,89.3,38.0,sensor2_wifi,3,0,4,0,120,236,100.000,100.021,0,956,956,9.558027,SUCCESS,gaussian,
2026-08-30T05:12:00,89.3,38.0,sensor2_wifi,3,0,4,0,120,235,100.000,100.021,0,767,767,7.668397,SUCCESS,gaussian,
2026-08-30T05:13:40,89.3,38.0,sensor2_wifi,3,0,4,0,120,234,100.000,100.021,0,616,616,6.158711,SUCCESS,gaussian,
2026-08-30T05:15:20,89.3,38.0,sensor2_wifi,3,0,4,0,120,233,100.000,100.020,0,583,583,5.828821,SUCCESS,gaussian,
2026-08-30T05:17:01,89.3,38.0,sensor2_wifi,3,0,4,0,120,232,100.000,100.020,0,534,534,5.338906,SUCCESS,gaussian,
2026-08-30T05:18:41,89.3,38.0,sensor2_wifi,3,0,4,0,120,231,100.000,100.021,0,523,523,5.228920,SUCCESS,gaussian,
2026-08-30T05:20:21,89.3,38.0,sensor2_wifi,3,0,4,0,120,230,100.000,100.021,0,504,504,5.038952,SUCCESS,gaussian,
2026-08-30T05:22:01,89.3,38.0,sensor2_wifi,3,0,4,0,120,229,100.000,100.021,0,502,502,5.018966,SUCCESS,gaussian,
2026-08-30T05:23:42,89.3,38.0,sensor2_wifi,3,0,4,0,120,228,100.000,100.021,0,481,481,4.809004,SUCCESS,gaussian,
2026-08-30T05:25:22,89.3,38.0,sensor2_wifi,3,0,4,0,120,227,100.000,100.021,0,458,458,4.579040,SUCCESS,gaussian,
2026-08-30T05:27:02,89.3,38.0,sensor2_wifi,3,0,4,0,120,226,100.000,100.021,0,437,437,4.369102,SUCCESS,gaussian,
2026-08-30T05:28:43,89.3,38.0,sensor2_wifi,3,0,4,0,120,225,100.000,100.020,0,429,429,4.289127,SUCCESS,gaussian,
2026-08-30T05:30:23,89.3,38.0,sensor2_wifi,3,0,4,0,120,224,100.000,100.021,0,401,401,4.009174,SUCCESS,gaussian,
2026-08-30T05:32:03,89.3,38.0,sensor2_wifi,3,0,4,0,120,223,100.000,100.021,0,375,375,3.749210,SUCCESS,gaussian,
2026-08-30T05:33:44,89.3,38.0,sensor2_wifi,3,0,4,0,120,222,100.000,100.021,0,376,376,3.759229,SUCCESS,gaussian,
2026-08-30T05:35:24,89.3,38.0,sensor2_wifi,3,0,4,0,120,221,100.000,100.021,0,357,357,3.569238,SUCCESS,gaussian,
2026-08-30T05:37:04,89.3,38.0,sensor2_wifi,3,0,4,0,120,220,100.000,100.021,0,345,345,3.449275,SUCCESS,gaussian,
2026-08-30T05:38:45,89.3,38.0,sensor2_wifi,3,0,4,0,120,219,100.000,100.020,0,323,323,3.229344,SUCCESS,gaussian,
2026-08-30T05:40:25,89.3,38.0,sensor2_wifi,3,0,4,0,120,218,100.000,100.021,0,334,334,3.339298,SUCCESS,gaussian,
2026-08-30T05:42:05,89.3,38.0,sensor2_wifi,3,0,4,0,120,217,100.000,100.021,0,320,320,3.199338,SUCCESS,gaussian,
2026-08-30T05:43:46,89.3,38.0,sensor2_wifi,3,0,4,0,120,216,100.000,100.021,0,315,315,3.149346,SUCCESS,gaussian,
2026-08-30T05:45:26,89.3,38.0,sensor2_wifi,3,0,4,0,120,215,100.000,100.021,0,322,322,3.219336,SUCCESS,gaussian,
2026-08-30T05:47:06,89.3,38.0,sensor2_wifi,3,0,4,0,120,214,100.000,100.021,0,307,307,3.069353,SUCCESS,gaussian,
2026-08-30T05:48:46,89.3,38.0,sensor2_wifi,3,0,4,0,120,213,100.000,100.021,0,292,292,2.919390,SUCCESS,gaussian,
2026-08-30T05:50:27,89.3,38.0,sensor2_wifi,3,0,4,0,120,212,100.000,100.021,0,283,283,2.829411,SUCCESS,gaussian,
2026-08-30T05:52:07,89.3,38.0,sensor2_wifi,3,0,4,0,120,211,100.000,100.020,0,267,267,2.669458,SUCCESS,gaussian,
2026-08-30T05:53:47,89.3,38.0,sensor2_wifi,3,0,4,0,120,210,100.000,100.021,0,251,251,2.509467,SUCCESS,gaussian,
2026-08-30T05:55:28,89.3,38.0,sensor2_wifi,3,0,4,0,120,209,100.000,100.021,0,236,236,2.359514,SUCCESS,gaussian,
2026-08-30T05:57:08,89.3,38.0,sensor2_wifi,3,0,4,0,120,208,100.000,100.021,0,229,229,2.289517,SUCCESS,gaussian,
2026-08-30T05:58:48,89.3,38.0,sensor2_wifi,3,0,4,0,120,207,100.000,100.021,0,237,237,2.369513,SUCCESS,gaussian,
2026-08-30T06:00:29,89.3,38.0,sensor2_wifi,3,0,4,0,120,206,100.000,100.021,0,227,227,2.269525,SUCCESS,gaussian,
2026-08-30T06:02:09,89.3,38.0,sensor2_wifi,3,0,4,0,120,205,100.000,100.020,0,203,203,2.029587,SUCCESS,gaussian,
2026-08-30T06:03:49,89.3,38.0,sensor2_wifi,3,0,4,0,120,204,100.000,100.021,0,201,201,2.009587,SUCCESS,gaussian,
2026-08-30T06:05:29,89.3,38.0,sensor2_wifi,3,0,4,0,120,203,100.000,100.020,0,185,185,1.849626,SUCCESS,gaussian,
2026-08-30T06:07:10,89.3,38.0,sensor2_wifi,3,0,4,0,120,202,100.000,100.021,0,188,188,1.879615,SUCCESS,gaussian,
2026-08-30T06:08:50,89.3,38.0,sensor2_wifi,3,0,4,0,120,201,100.000,100.021,0,166,166,1.659648,SUCCESS,gaussian,
2026-08-30T06:10:30,89.3,38.0,sensor2_wifi,3,0,4,0,120,200,100.000,100.020,0,162,162,1.619671,SUCCESS,gaussian,
2026-08-30T06:12:11,89.3,38.0,sensor2_wifi,3,0,4,0,120,199,100.000,100.021,0,136,136,1.359717,SUCCESS,gaussian,
2026-08-30T06:13:51,89.3,38.0,sensor2_wifi,3,0,4,0,120,198,100.000,100.021,0,127,127,1.269738,SUCCESS,gaussian,
2026-08-30T06:15:31,89.3,38.0,sensor2_wifi,3,0,4,0,120,197,100.000,100.021,0,127,127,1.269731,SUCCESS,gaussian,
2026-08-30T06:17:12,89.3,38.0,sensor2_wifi,3,0,4,0,120,196,100.000,100.021,0,121,121,1.209748,SUCCESS,gaussian,
2026-08-30T06:18:52,89.3,38.0,sensor2_wifi,3,0,4,0,120,195,100.000,100.021,0,86,86,0.859821,SUCCESS,gaussian,
2026-08-30T06:20:32,89.3,38.0,sensor2_wifi,3,0,4,0,120,194,100.000,100.021,0,88,88,0.879817,SUCCESS,gaussian,
2026-08-30T06:22:13,89.3,38.0,sensor2_wifi,3,0,4,0,120,193,100.000,100.021,0,86,86,0.859820,SUCCESS,gaussian,
2026-08-30T06:23:53,89.3,38.0,sensor2_wifi,3,0,4,0,120,192,100.000,100.021,0,77,77,0.769841,SUCCESS,gaussian,
2026-08-30T06:25:33,89.3,38.0,sensor2_wifi,3,0,4,0,120,191,100.000,100.021,0,76,76,0.759842,SUCCESS,gaussian,
2026-08-30T06:27:14,89.3,38.0,sensor2_wifi,3,0,4,0,120,190,100.000,100.021,0,68,68,0.679859,SUCCESS,gaussian,
2026-08-30T06:28:54,89.3,38.0,sensor2_wifi,3,0,4,0,120,189,100.000,100.021,0,58,58,0.579880,SUCCESS,gaussian,
2026-08-30T06:30:34,89.3,38.0,sensor2_wifi,3,0,4,0,120,188,100.000,100.020,0,52,52,0.519894,SUCCESS,gaussian,
2026-08-30T06:32:14,89.3,38.0,sensor2_wifi,3,0,4,0,120,187,100.000,100.021,0,53,53,0.529889,SUCCESS,gaussian,
2026-08-30T06:33:55,89.3,38.0,sensor2_wifi,3,0,4,0,120,186,100.000,100.020,0,47,47,0.469904,SUCCESS,gaussian,
2026-08-30T06:35:35,89.3,38.0,sensor2_wifi,3,0,4,0,120,185,100.000,100.021,0,23,23,0.229952,SUCCESS,gaussian,
2026-08-30T06:37:15,89.3,38.0,sensor2_wifi,3,0,4,0,120,184,100.000,100.020,0,13,13,0.129974,SUCCESS,gaussian,
2026-08-30T06:38:56,89.3,38.0,sensor2_wifi,3,0,4,0,120,183,100.000,100.020,0,23,23,0.229954,SUCCESS,gaussian,
2026-08-30T06:40:36,89.3,38.0,sensor2_wifi,3,0,4,0,120,182,100.000,100.021,0,24,24,0.239950,SUCCESS,gaussian,
2026-08-30T06:42:16,89.3,38.0,sensor2_wifi,3,0,4,0,120,181,100.000,100.020,0,12,12,0.119976,SUCCESS,gaussian,
2026-08-30T06:43:57,89.3,38.0,sensor2_wifi,3,0,4,0,120,180,100.000,100.020,0,11,11,0.109977,SUCCESS,gaussian,
2026-08-30T06:45:37,89.3,38.0,sensor2_wifi,3,0,4,0,120,179,100.000,100.021,0,10,10,0.099979,SUCCESS,gaussian,
2026-08-30T06:47:17,89.3,38.0,sensor2_wifi,3,0,4,0,120,178,100.000,100.021,0,4,4,0.039992,SUCCESS,gaussian,
2026-08-30T06:48:58,89.3,38.0,sensor2_wifi,3,0,4,0,120,177,100.000,100.021,0,2,2,0.019996,SUCCESS,gaussian,
2026-08-30T06:50:38,89.3,38.0,sensor2_wifi,3,0,4,0,120,176,100.000,100.021,0,6,6,0.059987,SUCCESS,gaussian,
2026-08-30T06:52:18,89.3,38.0,sensor2_wifi,3,0,4,0,120,175,100.000,100.021,0,4,4,0.039992,SUCCESS,gaussian,
2026-08-30T06:53:58,89.3,38.0,sensor2_wifi,3,0,4,0,120,174,100.000,100.021,0,4,4,0.039992,SUCCESS,gaussian,
2026-08-30T06:55:39,89.3,38.0,sensor2_wifi,3,0,4,0,120,173,100.000,100.021,0,2,2,0.019996,SUCCESS,gaussian,
2026-08-30T06:57:19,89.3,38.0,sensor2_wifi,3,0,4,0,120,172,100.000,100.021,0,4,4,0.039992,SUCCESS,gaussian,
2026-08-30T06:58:59,89.3,38.0,sensor2_wifi,3,0,4,0,120,171,100.000,100.021,0,2,2,0.019996,SUCCESS,gaussian,
2026-08-30T07:00:40,89.3,38.0,sensor2_wifi,3,0,4,0,120,170,100.000,100.021,0,2,2,0.019996,SUCCESS,gaussian,
2026-08-30T07:02:20,89.3,38.0,sensor2_wifi,3,0,4,0,120,169,100.000,100.021,0,2,2,0.019996,SUCCESS,gaussian,
2026-08-30T07:04:00,89.3,38.0,sensor2_wifi,3,0,4,0,120,168,100.000,100.010,0,2,2,0.019998,SUCCESS,gaussian,
2026-08-30T07:05:41,89.3,38.0,sensor2_wifi,3,0,4,0,120,167,100.000,100.021,0,2,2,0.019996,SUCCESS,gaussian,
2026-08-30T07:07:21,89.3,38.0,sensor2_wifi,3,0,4,0,120,166,100.000,100.021,0,2,2,0.019996,SUCCESS,gaussian,
2026-08-30T07:09:01,89.3,38.0,sensor2_wifi,3,0,4,0,120,165,100.000,100.020,0,2,2,0.019996,SUCCESS,gaussian,
2026-08-30T07:10:42,89.3,38.0,sensor2_wifi,3,0,4,0,120,164,100.000,100.021,0,2,2,0.019996,SUCCESS,gaussian,
2026-08-30T07:12:22,89.3,38.0,sensor2_wifi,3,0,4,0,120,163,100.000,100.021,0,2,2,0.019996,SUCCESS,gaussian,
2026-08-30T07:14:02,89.3,38.0,sensor2_wifi,3,0,4,0,120,162,100.000,100.021,0,2,2,0.019996,SUCCESS,gaussian,
2026-08-30T07:15:43,89.3,38.0,sensor2_wifi,3,0,4,0,120,161,100.000,100.021,0,2,2,0.019996,SUCCESS,gaussian,
2026-08-30T07:17:23,89.3,38.0,sensor2_wifi,3,0,4,0,120,160,100.000,100.021,0,2,2,0.019996,SUCCESS,gaussian,
2026-08-30T07:19:03,89.3,38.0,sensor2_wifi,3,0,4,0,120,159,100.000,100.021,0,2,2,0.019996,SUCCESS,gaussian,
2026-08-30T07:20:43,89.3,38.0,sensor2_wifi,3,0,4,0,120,158,100.000,100.020,0,2,2,0.019996,SUCCESS,gaussian,
2026-08-30T07:22:24,89.3,38.0,sensor2_wifi,3,0,4,0,120,157,100.000,100.021,0,2,2,0.019996,SUCCESS,gaussian,
2026-08-30T07:24:04,89.3,38.0,sensor2_wifi,3,0,4,0,120,156,100.000,100.020,0,1,1,0.009998,SUCCESS,gaussian,
2026-08-30T07:25:44,89.3,38.0,sensor2_wifi,3,0,4,0,120,155,100.000,100.020,0,2,2,0.019996,SUCCESS,gaussian,
2026-08-30T07:27:25,89.3,38.0,sensor2_wifi,3,0,4,0,120,154,100.000,100.021,0,2,2,0.019996,SUCCESS,gaussian,
2026-08-30T07:29:05,89.3,38.0,sensor2_wifi,3,0,4,0,120,153,100.000,100.021,0,2,2,0.019996,SUCCESS,gaussian,
2026-08-30T07:30:45,89.3,38.0,sensor2_wifi,3,0,4,0,120,152,100.000,100.021,0,0,0,0.000000,SUCCESS,gaussian,
2026-08-30T07:32:26,89.3,38.0,sensor2_wifi,3,0,4,0,120,151,100.000,100.020,0,2,2,0.019996,SUCCESS,gaussian,
2026-08-30T07:34:06,89.3,38.0,sensor2_wifi,3,0,4,0,120,150,100.000,100.021,0,1,1,0.009998,SUCCESS,gaussian,
2026-08-30T07:35:46,89.3,38.0,sensor2_wifi,3,0,4,0,120,149,100.000,100.021,0,1,1,0.009998,SUCCESS,gaussian,
2026-08-30T07:37:27,89.3,38.0,sensor2_wifi,3,0,4,0,120,148,100.000,100.020,0,1,1,0.009998,SUCCESS,gaussian,
2026-08-30T07:39:07,89.3,38.0,sensor2_wifi,3,0,4,0,120,147,100.000,100.021,0,1,1,0.009998,SUCCESS,gaussian,
2026-08-30T07:40:47,89.3,38.0,sensor2_wifi,3,0,4,0,120,146,100.000,100.021,0,1,1,0.009998,SUCCESS,gaussian,
2026-08-30T07:42:27,89.3,38.0,sensor2_wifi,3,0,4,0,120,145,100.000,100.021,0,1,1,0.009998,SUCCESS,gaussian,
2026-08-30T07:44:08,89.3,38.0,sensor2_wifi,3,0,4,0,120,144,100.000,100.021,0,1,1,0.009998,SUCCESS,gaussian,
2026-08-30T07:45:48,89.3,38.0,sensor2_wifi,3,0,4,0,120,143,100.000,100.021,0,1,1,0.009998,SUCCESS,gaussian,
2026-08-30T07:47:28,89.3,38.0,sensor2_wifi,3,0,4,0,120,142,100.000,100.021,0,1,1,0.009998,SUCCESS,gaussian,
2026-08-30T07:49:09,89.3,38.0,sensor2_wifi,3,0,4,0,120,141,100.000,100.021,0,1,1,0.009998,SUCCESS,gaussian,
2026-08-30T07:50:49,89.3,38.0,sensor2_wifi,3,0,4,0,120,140,100.000,100.021,0,1,1,0.009998,SUCCESS,gaussian,
2026-08-30T07:52:29,89.3,38.0,sensor2_wifi,3,0,4,0,120,139,100.000,100.020,0,1,1,0.009998,SUCCESS,gaussian,
2026-08-30T07:54:10,89.3,38.0,sensor2_wifi,3,0,4,0,120,138,100.000,100.021,0,1,1,0.009998,SUCCESS,gaussian,
2026-08-30T07:55:50,89.3,38.0,sensor2_wifi,3,0,4,0,120,137,100.000,100.021,0,1,1,0.009998,SUCCESS,gaussian,
2026-08-30T07:57:30,89.3,38.0,sensor2_wifi,3,0,4,0,120,136,100.000,100.021,0,1,1,0.009998,SUCCESS,gaussian,
2026-08-30T07:59:11,89.3,38.0,sensor2_wifi,3,0,4,0,120,135,100.000,100.020,0,8,8,0.079984,SUCCESS,gaussian,
2026-08-30T08:00:51,89.3,38.0,sensor2_wifi,3,0,4,0,120,134,100.000,100.021,0,1,1,0.009998,SUCCESS,gaussian,
2026-08-30T08:02:31,89.3,38.0,sensor2_wifi,3,0,4,0,120,133,100.000,100.021,0,1,1,0.009998,SUCCESS,gaussian,
2026-08-30T08:04:11,89.3,38.0,sensor2_wifi,3,0,4,0,120,132,100.000,100.021,0,1,1,0.009998,SUCCESS,gaussian,
2026-08-30T08:05:52,89.3,38.0,sensor2_wifi,3,0,4,0,120,131,100.000,100.020,0,1,1,0.009998,SUCCESS,gaussian,
2026-08-30T08:07:32,89.3,38.0,sensor2_wifi,3,0,4,0,120,130,100.000,100.021,0,0,0,0.000000,SUCCESS,gaussian,
2026-08-30T08:09:12,89.3,38.0,sensor2_wifi,3,0,4,0,120,129,100.000,100.021,0,1,1,0.009998,SUCCESS,gaussian,
2026-08-30T08:10:53,89.3,38.0,sensor2_wifi,3,0,4,0,120,128,100.000,100.021,0,1,1,0.009998,SUCCESS,gaussian,
2026-08-30T08:12:33,89.3,38.0,sensor2_wifi,3,0,4,0,120,127,100.000,100.021,0,0,0,0.000000,SUCCESS,gaussian,
2026-08-30T08:14:13,89.3,38.0,sensor2_wifi,3,0,4,0,120,126,100.000,100.021,0,0,0,0.000000,SUCCESS,gaussian,
2026-08-30T08:15:54,89.3,38.0,sensor2_wifi,3,1,5,1,120,255,100.000,100.021,0,5662805,5662805,56616.409651,SUCCESS,gaussian,
2026-08-30T08:17:34,89.3,38.0,sensor2_wifi,3,1,5,1,120,254,100.000,100.021,0,7591922,7591922,75903.568422,SUCCESS,gaussian,
2026-08-30T08:19:14,89.3,38.0,sensor2_wifi,3,1,5,1,120,253,100.000,100.021,0,9744427,9744427,97424.195427,SUCCESS,gaussian,
2026-08-30T08:20:55,89.3,38.0,sensor2_wifi,3,1,5,1,120,252,100.000,100.020,0,11362356,11362356,113600.534673,SUCCESS,gaussian,
2026-08-30T08:22:35,89.3,38.0,sensor2_wifi,3,1,5,1,120,251,100.000,100.020,0,12751218,12751218,127486.541682,SUCCESS,gaussian,
2026-08-30T08:24:15,89.3,38.0,sensor2_wifi,3,1,5,1,120,250,100.000,100.020,0,14064216,14064216,140613.625951,SUCCESS,gaussian,
2026-08-30T08:25:56,89.3,38.0,sensor2_wifi,3,1,5,1,120,249,100.000,100.021,0,15991180,15991180,159878.554227,SUCCESS,gaussian,
2026-08-30T08:27:36,89.3,38.0,sensor2_wifi,3,1,5,1,120,248,100.000,100.021,0,1059305,1059305,10590.847168,SUCCESS,gaussian,
2026-08-30T08:29:16,89.3,38.0,sensor2_wifi,3,1,5,1,120,247,100.000,100.021,0,2805466,2805466,28048.795592,SUCCESS,gaussian,
2026-08-30T08:30:57,89.3,38.0,sensor2_wifi,3,1,5,1,120,246,100.000,100.021,0,4082139,4082139,40812.691416,SUCCESS,gaussian,
2026-08-30T08:32:37,89.3,38.0,sensor2_wifi,3,1,5,1,120,245,100.000,100.021,0,3652157,3652157,36514.060697,SUCCESS,gaussian,
2026-08-30T08:34:17,89.3,38.0,sensor2_wifi,3,1,5,1,120,244,100.000,100.020,0,1287656,1287656,12873.959151,SUCCESS,gaussian,
2026-08-30T08:35:57,89.3,38.0,sensor2_wifi,3,1,5,1,120,243,100.000,100.021,0,13796548,13796548,137937.071430,SUCCESS,gaussian,
2026-08-30T08:37:38,89.3,38.0,sensor2_wifi,3,1,5,1,120,242,100.000,100.051,0,9943221,9943221,99381.354082,SUCCESS,gaussian,
2026-08-30T08:39:18,89.3,38.0,sensor2_wifi,3,1,5,1,120,241,100.000,100.021,0,6068752,6068752,60674.529446,SUCCESS,gaussian,
2026-08-30T08:40:58,89.3,38.0,sensor2_wifi,3,1,5,1,120,240,100.000,100.020,0,4059067,4059067,40582.380532,SUCCESS,gaussian,
2026-08-30T08:42:39,89.3,38.0,sensor2_wifi,3,1,5,1,120,239,100.000,100.020,0,3459500,3459500,34587.988070,SUCCESS,gaussian,
2026-08-30T08:44:19,89.3,38.0,sensor2_wifi,3,1,5,1,120,238,100.000,100.021,0,2012053,2012053,20116.346688,SUCCESS,gaussian,
2026-08-30T08:45:59,89.3,38.0,sensor2_wifi,3,1,5,1,120,237,100.000,100.021,0,1057805,1057805,10575.864127,SUCCESS,gaussian,
2026-08-30T08:47:40,89.3,38.0,sensor2_wifi,3,1,5,1,120,236,100.000,100.021,0,586538,586538,5864.147556,SUCCESS,gaussian,
2026-08-30T08:49:20,89.3,38.0,sensor2_wifi,3,1,5,1,120,235,100.000,100.021,0,302077,302077,3020.150424,SUCCESS,gaussian,
2026-08-30T08:51:00,89.3,38.0,sensor2_wifi,3,1,5,1,120,234,100.000,100.021,0,164004,164004,1639.695482,SUCCESS,gaussian,
2026-08-30T08:52:41,89.3,38.0,sensor2_wifi,3,1,5,1,120,233,100.000,100.021,0,73737,73737,737.216310,SUCCESS,gaussian,
2026-08-30T08:54:21,89.3,38.0,sensor2_wifi,3,1,5,1,120,232,100.000,100.020,0,34427,34427,344.200253,SUCCESS,gaussian,
2026-08-30T08:56:01,89.3,38.0,sensor2_wifi,3,1,5,1,120,231,100.000,100.020,0,17718,17718,177.143864,SUCCESS,gaussian,
2026-08-30T08:57:41,89.3,38.0,sensor2_wifi,3,1,5,1,120,230,100.000,100.021,0,7824,7824,78.223686,SUCCESS,gaussian,
2026-08-30T08:59:22,89.3,38.0,sensor2_wifi,3,1,5,1,120,229,100.000,100.021,0,3441,3441,34.402946,SUCCESS,gaussian,
2026-08-30T09:01:02,89.3,38.0,sensor2_wifi,3,1,5,1,120,228,100.000,100.020,0,2001,2001,20.005906,SUCCESS,gaussian,
2026-08-30T09:02:42,89.3,38.0,sensor2_wifi,3,1,5,1,120,227,100.000,100.021,0,1095,1095,10.947718,SUCCESS,gaussian,
2026-08-30T09:04:23,89.3,38.0,sensor2_wifi,3,1,5,1,120,226,100.000,100.021,0,812,812,8.118311,SUCCESS,gaussian,
2026-08-30T09:06:03,89.3,38.0,sensor2_wifi,3,1,5,1,120,225,100.000,100.021,0,627,627,6.268689,SUCCESS,gaussian,
2026-08-30T09:07:43,89.3,38.0,sensor2_wifi,3,1,5,1,120,224,100.000,100.020,0,561,561,5.608853,SUCCESS,gaussian,
2026-08-30T09:09:24,89.3,38.0,sensor2_wifi,3,1,5,1,120,223,100.000,100.020,0,505,505,5.048969,SUCCESS,gaussian,
2026-08-30T09:11:04,89.3,38.0,sensor2_wifi,3,1,5,1,120,222,100.000,100.021,0,516,516,5.158936,SUCCESS,gaussian,
2026-08-30T09:12:44,89.3,38.0,sensor2_wifi,3,1,5,1,120,221,100.000,100.021,0,486,486,4.858993,SUCCESS,gaussian,
2026-08-30T09:14:25,89.3,38.0,sensor2_wifi,3,1,5,1,120,220,100.000,100.021,0,477,477,4.769018,SUCCESS,gaussian,
2026-08-30T09:16:05,89.3,38.0,sensor2_wifi,3,1,5,1,120,219,100.000,100.021,0,447,447,4.469081,SUCCESS,gaussian,
2026-08-30T09:17:45,89.3,38.0,sensor2_wifi,3,1,5,1,120,218,100.000,100.021,0,457,457,4.569042,SUCCESS,gaussian,
2026-08-30T09:19:26,89.3,38.0,sensor2_wifi,3,1,5,1,120,217,100.000,100.021,0,446,446,4.459070,SUCCESS,gaussian,
2026-08-30T09:21:06,89.3,38.0,sensor2_wifi,3,1,5,1,120,216,100.000,100.020,0,400,400,3.999186,SUCCESS,gaussian,
2026-08-30T09:22:46,89.3,38.0,sensor2_wifi,3,1,5,1,120,215,100.000,100.021,0,401,401,4.009162,SUCCESS,gaussian,
2026-08-30T09:24:26,89.3,38.0,sensor2_wifi,3,1,5,1,120,214,100.000,100.020,0,383,383,3.829220,SUCCESS,gaussian,
2026-08-30T09:26:07,89.3,38.0,sensor2_wifi,3,1,5,1,120,213,100.000,100.021,0,388,388,3.879183,SUCCESS,gaussian,
2026-08-30T09:27:47,89.3,38.0,sensor2_wifi,3,1,5,1,120,212,100.000,100.021,0,372,372,3.719207,SUCCESS,gaussian,
2026-08-30T09:29:27,89.3,38.0,sensor2_wifi,3,1,5,1,120,211,100.000,100.021,0,355,355,3.549254,SUCCESS,gaussian,
2026-08-30T09:31:08,89.3,38.0,sensor2_wifi,3,1,5,1,120,210,100.000,100.021,0,357,357,3.569256,SUCCESS,gaussian,
2026-08-30T09:32:48,89.3,38.0,sensor2_wifi,3,1,5,1,120,209,100.000,100.021,0,337,337,3.369291,SUCCESS,gaussian,
2026-08-30T09:34:28,89.3,38.0,sensor2_wifi,3,1,5,1,120,208,100.000,100.021,0,327,327,3.269314,SUCCESS,gaussian,
2026-08-30T09:36:09,89.3,38.0,sensor2_wifi,3,1,5,1,120,207,100.000,100.021,0,316,316,3.159346,SUCCESS,gaussian,
2026-08-30T09:37:49,89.3,38.0,sensor2_wifi,3,1,5,1,120,206,100.000,100.021,0,316,316,3.159348,SUCCESS,gaussian,
2026-08-30T09:39:29,89.3,38.0,sensor2_wifi,3,1,5,1,120,205,100.000,100.021,0,310,310,3.099352,SUCCESS,gaussian,
2026-08-30T09:41:10,89.3,38.0,sensor2_wifi,3,1,5,1,120,204,100.000,100.021,0,299,299,2.989363,SUCCESS,gaussian,
2026-08-30T09:42:50,89.3,38.0,sensor2_wifi,3,1,5,1,120,203,100.000,100.020,0,271,271,2.709445,SUCCESS,gaussian,
2026-08-30T09:44:30,89.3,38.0,sensor2_wifi,3,1,5,1,120,202,100.000,100.020,0,278,278,2.779437,SUCCESS,gaussian,
2026-08-30T09:46:11,89.3,38.0,sensor2_wifi,3,1,5,1,120,201,100.000,100.021,0,275,275,2.749436,SUCCESS,gaussian,
2026-08-30T09:47:51,89.3,38.0,sensor2_wifi,3,1,5,1,120,200,100.000,100.022,0,260,260,2.599441,SUCCESS,gaussian,
2026-08-30T09:49:31,89.3,38.0,sensor2_wifi,3,1,5,1,120,199,100.000,100.020,0,250,250,2.499490,SUCCESS,gaussian,
2026-08-30T09:51:11,89.3,38.0,sensor2_wifi,3,1,5,1,120,198,100.000,100.021,0,244,244,2.439500,SUCCESS,gaussian,
2026-08-30T09:52:52,89.3,38.0,sensor2_wifi,3,1,5,1,120,197,100.000,100.021,0,228,228,2.279520,SUCCESS,gaussian,
2026-08-30T09:54:32,89.3,38.0,sensor2_wifi,3,1,5,1,120,196,100.000,100.020,0,232,232,2.319533,SUCCESS,gaussian,
2026-08-30T09:56:12,89.3,38.0,sensor2_wifi,3,1,5,1,120,195,100.000,100.021,0,203,203,2.029574,SUCCESS,gaussian,
2026-08-30T09:57:53,89.3,38.0,sensor2_wifi,3,1,5,1,120,194,100.000,100.021,0,184,184,1.839616,SUCCESS,gaussian,
2026-08-30T09:59:33,89.3,38.0,sensor2_wifi,3,1,5,1,120,193,100.000,100.021,0,179,179,1.789623,SUCCESS,gaussian,
2026-08-30T10:01:13,89.3,38.0,sensor2_wifi,3,1,5,1,120,192,100.000,100.021,0,175,175,1.749638,SUCCESS,gaussian,
2026-08-30T10:02:54,89.3,38.0,sensor2_wifi,3,1,5,1,120,191,100.000,100.021,0,192,192,1.919599,SUCCESS,gaussian,
2026-08-30T10:04:34,89.3,38.0,sensor2_wifi,3,1,5,1,120,190,100.000,100.020,0,179,179,1.789635,SUCCESS,gaussian,
2026-08-30T10:06:14,89.3,38.0,sensor2_wifi,3,1,5,1,120,189,100.000,100.021,0,164,164,1.639657,SUCCESS,gaussian,
2026-08-30T10:07:54,89.3,38.0,sensor2_wifi,3,1,5,1,120,188,100.000,100.021,0,131,131,1.309720,SUCCESS,gaussian,
2026-08-30T10:09:35,89.3,38.0,sensor2_wifi,3,1,5,1,120,187,100.000,100.021,0,133,133,1.329726,SUCCESS,gaussian,
2026-08-30T10:11:15,89.3,38.0,sensor2_wifi,3,1,5,1,120,186,100.000,100.021,0,106,106,1.059778,SUCCESS,gaussian,
2026-08-30T10:12:55,89.3,38.0,sensor2_wifi,3,1,5,1,120,185,100.000,100.020,0,99,99,0.989798,SUCCESS,gaussian,
2026-08-30T10:14:36,89.3,38.0,sensor2_wifi,3,1,5,1,120,184,100.000,100.020,0,91,91,0.909816,SUCCESS,gaussian,
2026-08-30T10:16:16,89.3,38.0,sensor2_wifi,3,1,5,1,120,183,100.000,100.021,0,87,87,0.869820,SUCCESS,gaussian,
2026-08-30T10:17:56,89.3,38.0,sensor2_wifi,3,1,5,1,120,182,100.000,100.021,0,70,70,0.699854,SUCCESS,gaussian,
2026-08-30T10:19:37,89.3,38.0,sensor2_wifi,3,1,5,1,120,181,100.000,100.021,0,54,54,0.539888,SUCCESS,gaussian,
2026-08-30T10:21:17,89.3,38.0,sensor2_wifi,3,1,5,1,120,180,100.000,100.021,0,39,39,0.389919,SUCCESS,gaussian,
2026-08-30T10:22:57,89.3,38.0,sensor2_wifi,3,1,5,1,120,179,100.000,100.021,0,43,43,0.429909,SUCCESS,gaussian,
2026-08-30T10:24:38,89.3,38.0,sensor2_wifi,3,1,5,1,120,178,100.000,100.021,0,42,42,0.419913,SUCCESS,gaussian,
2026-08-30T10:26:18,89.3,38.0,sensor2_wifi,3,1,5,1,120,177,100.000,100.021,0,25,25,0.249947,SUCCESS,gaussian,
2026-08-30T10:27:58,89.3,38.0,sensor2_wifi,3,1,5,1,120,176,100.000,100.021,0,18,18,0.179963,SUCCESS,gaussian,
2026-08-30T10:29:39,89.3,38.0,sensor2_wifi,3,1,5,1,120,175,100.000,100.021,0,20,20,0.199957,SUCCESS,gaussian,
2026-08-30T10:31:19,89.3,38.0,sensor2_wifi,3,1,5,1,120,174,100.000,100.020,0,13,13,0.129973,SUCCESS,gaussian,
2026-08-30T10:32:59,89.3,38.0,sensor2_wifi,3,1,5,1,120,173,100.000,100.021,0,15,15,0.149969,SUCCESS,gaussian,
2026-08-30T10:34:39,89.3,38.0,sensor2_wifi,3,1,5,1,120,172,100.000,100.022,0,13,13,0.129972,SUCCESS,gaussian,
2026-08-30T10:36:20,89.3,38.0,sensor2_wifi,3,1,5,1,120,171,100.000,100.021,0,6,6,0.059988,SUCCESS,gaussian,
2026-08-30T10:38:00,89.3,38.0,sensor2_wifi,3,1,5,1,120,170,100.000,100.021,0,9,9,0.089981,SUCCESS,gaussian,
2026-08-30T10:39:40,89.3,38.0,sensor2_wifi,3,1,5,1,120,169,100.000,100.010,0,1,1,0.009999,SUCCESS,gaussian,
2026-08-30T10:41:21,89.3,38.0,sensor2_wifi,3,1,5,1,120,168,100.000,100.021,0,4,4,0.039992,SUCCESS,gaussian,
2026-08-30T10:43:01,89.3,38.0,sensor2_wifi,3,1,5,1,120,167,100.000,100.020,0,2,2,0.019996,SUCCESS,gaussian,
2026-08-30T10:44:41,89.3,38.0,sensor2_wifi,3,1,5,1,120,166,100.000,100.020,0,4,4,0.039992,SUCCESS,gaussian,
2026-08-30T10:46:22,89.3,38.0,sensor2_wifi,3,1,5,1,120,165,100.000,100.021,0,2,2,0.019996,SUCCESS,gaussian,
2026-08-30T10:48:02,89.3,38.0,sensor2_wifi,3,1,5,1,120,164,100.000,100.020,0,2,2,0.019996,SUCCESS,gaussian,
2026-08-30T10:49:42,89.3,38.0,sensor2_wifi,3,1,5,1,120,163,100.000,100.021,0,2,2,0.019996,SUCCESS,gaussian,
2026-08-30T10:51:23,89.3,38.0,sensor2_wifi,3,1,5,1,120,162,100.000,100.021,0,2,2,0.019996,SUCCESS,gaussian,
2026-08-30T10:53:03,89.3,38.0,sensor2_wifi,3,1,5,1,120,161,100.000,100.020,0,2,2,0.019996,SUCCESS,gaussian,
2026-08-30T10:54:43,89.3,38.0,sensor2_wifi,3,1,5,1,120,160,100.000,100.021,0,2,2,0.019996,SUCCESS,gaussian,
2026-08-30T10:56:24,89.3,38.0,sensor2_wifi,3,1,5,1,120,159,100.000,100.020,0,2,2,0.019996,SUCCESS,gaussian,
2026-08-30T10:58:04,89.3,38.0,sensor2_wifi,3,1,5,1,120,158,100.000,100.021,0,2,2,0.019996,SUCCESS,gaussian,
2026-08-30T10:59:44,89.3,38.0,sensor2_wifi,3,1,5,1,120,157,100.000,100.021,0,2,2,0.019996,SUCCESS,gaussian,
2026-08-30T11:01:25,89.3,38.0,sensor2_wifi,3,1,5,1,120,156,100.000,100.020,0,2,2,0.019996,SUCCESS,gaussian,
2026-08-30T11:03:05,89.3,38.0,sensor2_wifi,3,1,5,1,120,155,100.000,100.021,0,2,2,0.019996,SUCCESS,gaussian,
2026-08-30T11:04:45,89.3,38.0,sensor2_wifi,3,1,5,1,120,154,100.000,100.020,0,2,2,0.019996,SUCCESS,gaussian,
2026-08-30T11:06:26,89.3,38.0,sensor2_wifi,3,1,5,1,120,153,100.000,100.021,0,2,2,0.019996,SUCCESS,gaussian,
2026-08-30T11:08:06,89.3,38.0,sensor2_wifi,3,1,5,1,120,152,100.000,100.020,0,2,2,0.019996,SUCCESS,gaussian,
2026-08-30T11:09:46,89.3,38.0,sensor2_wifi,3,1,5,1,120,151,100.000,100.021,0,2,2,0.019996,SUCCESS,gaussian,
2026-08-30T11:11:26,89.3,38.0,sensor2_wifi,3,1,5,1,120,150,100.000,100.021,0,2,2,0.019996,SUCCESS,gaussian,
2026-08-30T11:13:07,89.3,38.0,sensor2_wifi,3,1,5,1,120,149,100.000,100.021,0,2,2,0.019996,SUCCESS,gaussian,
2026-08-30T11:14:47,89.3,38.0,sensor2_wifi,3,1,5,1,120,148,100.000,100.021,0,2,2,0.019996,SUCCESS,gaussian,
2026-08-30T11:16:27,89.3,38.0,sensor2_wifi,3,1,5,1,120,147,100.000,100.021,0,2,2,0.019996,SUCCESS,gaussian,
2026-08-30T11:18:08,89.3,38.0,sensor2_wifi,3,1,5,1,120,146,100.000,100.020,0,2,2,0.019996,SUCCESS,gaussian,
2026-08-30T11:19:48,89.3,38.0,sensor2_wifi,3,1,5,1,120,145,100.000,100.021,0,1,1,0.009998,SUCCESS,gaussian,
2026-08-30T11:21:28,89.3,38.0,sensor2_wifi,3,1,5,1,120,144,100.000,100.020,0,10,10,0.099980,SUCCESS,gaussian,
2026-08-30T11:23:09,89.3,38.0,sensor2_wifi,3,1,5,1,120,143,100.000,100.021,0,2,2,0.019996,SUCCESS,gaussian,
2026-08-30T11:24:49,89.3,38.0,sensor2_wifi,3,1,5,1,120,142,100.000,100.021,0,1,1,0.009998,SUCCESS,gaussian,
2026-08-30T11:26:29,89.3,38.0,sensor2_wifi,3,1,5,1,120,141,100.000,100.021,0,1,1,0.009998,SUCCESS,gaussian,
2026-08-30T11:28:09,89.3,38.0,sensor2_wifi,3,1,5,1,120,140,100.000,100.021,0,1,1,0.009998,SUCCESS,gaussian,
2026-08-30T11:29:50,89.3,38.0,sensor2_wifi,3,1,5,1,120,139,100.000,100.021,0,1,1,0.009998,SUCCESS,gaussian,
2026-08-30T11:31:30,89.3,38.0,sensor2_wifi,3,1,5,1,120,138,100.000,100.020,0,1,1,0.009998,SUCCESS,gaussian,
2026-08-30T11:33:10,89.3,38.0,sensor2_wifi,3,1,5,1,120,137,100.000,100.021,0,1,1,0.009998,SUCCESS,gaussian,
2026-08-30T11:34:51,89.3,38.0,sensor2_wifi,3,1,5,1,120,136,100.000,100.020,0,1,1,0.009998,SUCCESS,gaussian,
2026-08-30T11:36:31,89.3,38.0,sensor2_wifi,3,1,5,1,120,135,100.000,100.021,0,1,1,0.009998,SUCCESS,gaussian,
2026-08-30T11:38:11,89.3,38.0,sensor2_wifi,3,1,5,1,120,134,100.000,100.021,0,1,1,0.009998,SUCCESS,gaussian,
2026-08-30T11:39:52,89.3,38.0,sensor2_wifi,3,1,5,1,120,133,100.000,100.021,0,1,1,0.009998,SUCCESS,gaussian,
2026-08-30T11:41:32,89.3,38.0,sensor2_wifi,3,1,5,1,120,132,100.000,100.021,0,1,1,0.009998,SUCCESS,gaussian,
2026-08-30T11:43:12,89.3,38.0,sensor2_wifi,3,1,5,1,120,131,100.000,100.020,0,1,1,0.009998,SUCCESS,gaussian,
2026-08-30T11:44:53,89.3,38.0,sensor2_wifi,3,1,5,1,120,130,100.000,100.020,0,1,1,0.009998,SUCCESS,gaussian,
2026-08-30T11:46:33,89.3,38.0,sensor2_wifi,3,1,5,1,120,129,100.000,100.021,0,1,1,0.009998,SUCCESS,gaussian,
2026-08-30T11:48:13,89.3,38.0,sensor2_wifi,3,1,5,1,120,128,100.000,100.021,0,1,1,0.009998,SUCCESS,gaussian,
2026-08-30T11:49:54,89.3,38.0,sensor2_wifi,3,1,5,1,120,127,100.000,100.021,0,1,1,0.009998,SUCCESS,gaussian,
2026-08-30T11:51:34,89.3,38.0,sensor2_wifi,3,1,5,1,120,126,100.000,100.020,0,1,1,0.009998,SUCCESS,gaussian,
2026-08-30T11:53:14,89.3,38.0,sensor2_wifi,3,1,5,1,120,125,100.000,100.021,0,0,0,0.000000,SUCCESS,gaussian,
2026-08-30T11:54:54,89.3,38.0,sensor2_wifi,3,1,5,1,120,124,100.000,100.021,0,1,1,0.009998,SUCCESS,gaussian,
2026-08-30T11:56:35,89.3,38.0,sensor2_wifi,3,1,5,1,120,123,100.000,100.020,0,1,1,0.009998,SUCCESS,gaussian,
2026-08-30T11:58:15,89.3,38.0,sensor2_wifi,3,1,5,1,120,122,100.000,100.021,0,0,0,0.000000,SUCCESS,gaussian,
2026-08-30T11:59:55,89.3,38.0,sensor2_wifi,3,1,5,1,120,121,100.000,100.021,0,0,0,0.000000,SUCCESS,gaussian,
2026-08-30T12:01:36,89.3,38.0,sensor2_wifi,3,2,6,2,120,255,100.000,100.020,0,14053448,14053448,140505.679763,SUCCESS,gaussian,
2026-08-30T12:03:16,89.3,38.0,sensor2_wifi,3,2,6,2,120,254,100.000,100.021,0,15337535,15337535,153343.720489,SUCCESS,gaussian,
2026-08-30T12:04:56,89.3,38.0,sensor2_wifi,3,2,6,2,120,253,100.000,100.020,0,597854,597854,5977.332464,SUCCESS,gaussian,
2026-08-30T12:06:37,89.3,38.0,sensor2_wifi,3,2,6,2,120,252,100.000,100.021,0,2632586,2632586,26320.437467,SUCCESS,gaussian,
2026-08-30T12:08:17,89.3,38.0,sensor2_wifi,3,2,6,2,120,251,100.000,100.021,0,4526245,4526245,45252.974106,SUCCESS,gaussian,
2026-08-30T12:09:57,89.3,38.0,sensor2_wifi,3,2,6,2,120,250,100.000,100.021,0,4536685,4536685,45357.533131,SUCCESS,gaussian,
2026-08-30T12:11:38,89.3,38.0,sensor2_wifi,3,2,6,2,120,249,100.000,100.021,0,2221527,2221527,22210.649259,SUCCESS,gaussian,
2026-08-30T12:13:18,89.3,38.0,sensor2_wifi,3,2,6,2,120,248,100.000,100.020,0,15776147,15776147,157729.519489,SUCCESS,gaussian,
2026-08-30T12:14:58,89.3,38.0,sensor2_wifi,3,2,6,2,120,247,100.000,100.021,0,12687327,12687327,126846.906264,SUCCESS,gaussian,
2026-08-30T12:16:38,89.3,38.0,sensor2_wifi,3,2,6,2,120,246,100.000,100.021,0,8809501,8809501,88076.466565,SUCCESS,gaussian,
2026-08-30T12:18:19,89.3,38.0,sensor2_wifi,3,2,6,2,120,245,100.000,100.020,0,5250372,5250372,52492.971861,SUCCESS,gaussian,
2026-08-30T12:19:59,89.3,38.0,sensor2_wifi,3,2,6,2,120,244,100.000,100.021,0,3423104,3423104,34223.908251,SUCCESS,gaussian,
2026-08-30T12:21:39,89.3,38.0,sensor2_wifi,3,2,6,2,120,243,100.000,100.021,0,1867955,1867955,18675.701232,SUCCESS,gaussian,
2026-08-30T12:23:20,89.3,38.0,sensor2_wifi,3,2,6,2,120,242,100.000,100.021,0,1109639,1109639,11094.104553,SUCCESS,gaussian,
2026-08-30T12:25:00,89.3,38.0,sensor2_wifi,3,2,6,2,120,241,100.000,100.021,0,577149,577149,5770.283295,SUCCESS,gaussian,
2026-08-30T12:26:40,89.3,38.0,sensor2_wifi,3,2,6,2,120,240,100.000,100.020,0,324787,324787,3247.210974,SUCCESS,gaussian,
2026-08-30T12:28:21,89.3,38.0,sensor2_wifi,3,2,6,2,120,239,100.000,100.020,0,170709,170709,1706.745009,SUCCESS,gaussian,
2026-08-30T12:30:01,89.3,38.0,sensor2_wifi,3,2,6,2,120,238,100.000,100.021,0,95712,95712,956.921445,SUCCESS,gaussian,
2026-08-30T12:31:41,89.3,38.0,sensor2_wifi,3,2,6,2,120,237,100.000,100.061,0,44891,44891,448.636407,SUCCESS,gaussian,
2026-08-30T12:33:22,89.3,38.0,sensor2_wifi,3,2,6,2,120,236,100.000,100.021,0,21619,21619,216.143846,SUCCESS,gaussian,
2026-08-30T12:35:02,89.3,38.0,sensor2_wifi,3,2,6,2,120,235,100.000,100.021,0,8933,8933,89.311065,SUCCESS,gaussian,
2026-08-30T12:36:42,89.3,38.0,sensor2_wifi,3,2,6,2,120,234,100.000,100.021,0,4364,4364,43.631000,SUCCESS,gaussian,
2026-08-30T12:38:23,89.3,38.0,sensor2_wifi,3,2,6,2,120,233,100.000,100.020,0,2038,2038,20.375879,SUCCESS,gaussian,
2026-08-30T12:40:03,89.3,38.0,sensor2_wifi,3,2,6,2,120,232,100.000,100.021,0,1356,1356,13.557207,SUCCESS,gaussian,
2026-08-30T12:41:43,89.3,38.0,sensor2_wifi,3,2,6,2,120,231,100.000,100.021,0,930,930,9.298075,SUCCESS,gaussian,
2026-08-30T12:43:23,89.3,38.0,sensor2_wifi,3,2,6,2,120,230,100.000,100.021,0,730,730,7.298477,SUCCESS,gaussian,
2026-08-30T12:45:04,89.3,38.0,sensor2_wifi,3,2,6,2,120,229,100.000,100.021,0,615,615,6.148726,SUCCESS,gaussian,
2026-08-30T12:46:44,89.3,38.0,sensor2_wifi,3,2,6,2,120,228,100.000,100.020,0,580,580,5.798822,SUCCESS,gaussian,
2026-08-30T12:48:24,89.3,38.0,sensor2_wifi,3,2,6,2,120,227,100.000,100.021,0,522,522,5.218923,SUCCESS,gaussian,
2026-08-30T12:50:05,89.3,38.0,sensor2_wifi,3,2,6,2,120,226,100.000,100.020,0,520,520,5.198963,SUCCESS,gaussian,
2026-08-30T12:51:45,89.3,38.0,sensor2_wifi,3,2,6,2,120,225,100.000,100.021,0,497,497,4.968977,SUCCESS,gaussian,
2026-08-30T12:53:25,89.3,38.0,sensor2_wifi,3,2,6,2,120,224,100.000,100.021,0,494,494,4.938962,SUCCESS,gaussian,
2026-08-30T12:55:06,89.3,38.0,sensor2_wifi,3,2,6,2,120,223,100.000,100.031,0,466,466,4.658540,SUCCESS,gaussian,
2026-08-30T12:56:46,89.3,38.0,sensor2_wifi,3,2,6,2,120,222,100.000,100.020,0,455,455,4.549070,SUCCESS,gaussian,
2026-08-30T12:58:26,89.3,38.0,sensor2_wifi,3,2,6,2,120,221,100.000,100.021,0,434,434,4.339106,SUCCESS,gaussian,
2026-08-30T13:00:07,89.3,38.0,sensor2_wifi,3,2,6,2,120,220,100.000,100.021,0,439,439,4.389093,SUCCESS,gaussian,
2026-08-30T13:01:47,89.3,38.0,sensor2_wifi,3,2,6,2,120,219,100.000,100.021,0,420,420,4.199126,SUCCESS,gaussian,
2026-08-30T13:03:27,89.3,38.0,sensor2_wifi,3,2,6,2,120,218,100.000,100.021,0,410,410,4.099149,SUCCESS,gaussian,
2026-08-30T13:05:08,89.3,38.0,sensor2_wifi,3,2,6,2,120,217,100.000,100.021,0,394,394,3.939178,SUCCESS,gaussian,
2026-08-30T13:06:48,89.3,38.0,sensor2_wifi,3,2,6,2,120,216,100.000,100.021,0,372,372,3.719234,SUCCESS,gaussian,
2026-08-30T13:08:28,89.3,38.0,sensor2_wifi,3,2,6,2,120,215,100.000,100.021,0,363,363,3.629256,SUCCESS,gaussian,
2026-08-30T13:10:08,89.3,38.0,sensor2_wifi,3,2,6,2,120,214,100.000,100.020,0,373,373,3.729243,SUCCESS,gaussian,
2026-08-30T13:11:49,89.3,38.0,sensor2_wifi,3,2,6,2,120,213,100.000,100.021,0,353,353,3.529267,SUCCESS,gaussian,
2026-08-30T13:13:29,89.3,38.0,sensor2_wifi,3,2,6,2,120,212,100.000,100.021,0,351,351,3.509271,SUCCESS,gaussian,
2026-08-30T13:15:09,89.3,38.0,sensor2_wifi,3,2,6,2,120,211,100.000,100.020,0,330,330,3.299330,SUCCESS,gaussian,
2026-08-30T13:16:50,89.3,38.0,sensor2_wifi,3,2,6,2,120,210,100.000,100.021,0,315,315,3.149350,SUCCESS,gaussian,
2026-08-30T13:18:30,89.3,38.0,sensor2_wifi,3,2,6,2,120,209,100.000,100.020,0,302,302,3.019394,SUCCESS,gaussian,
2026-08-30T13:20:10,89.3,38.0,sensor2_wifi,3,2,6,2,120,208,100.000,100.021,0,289,289,2.889387,SUCCESS,gaussian,
2026-08-30T13:21:51,89.3,38.0,sensor2_wifi,3,2,6,2,120,207,100.000,100.021,0,299,299,2.989371,SUCCESS,gaussian,
2026-08-30T13:23:31,89.3,38.0,sensor2_wifi,3,2,6,2,120,206,100.000,100.021,0,273,273,2.729437,SUCCESS,gaussian,
2026-08-30T13:25:11,89.3,38.0,sensor2_wifi,3,2,6,2,120,205,100.000,100.020,0,275,275,2.749442,SUCCESS,gaussian,
2026-08-30T13:26:52,89.3,38.0,sensor2_wifi,3,2,6,2,120,204,100.000,100.021,0,280,280,2.799414,SUCCESS,gaussian,
2026-08-30T13:28:32,89.3,38.0,sensor2_wifi,3,2,6,2,120,203,100.000,100.021,0,241,241,2.409506,SUCCESS,gaussian,
2026-08-30T13:30:12,89.3,38.0,sensor2_wifi,3,2,6,2,120,202,100.000,100.021,0,231,231,2.309521,SUCCESS,gaussian,
2026-08-30T13:31:52,89.3,38.0,sensor2_wifi,3,2,6,2,120,201,100.000,100.021,0,243,243,2.429492,SUCCESS,gaussian,
2026-08-30T13:33:33,89.3,38.0,sensor2_wifi,3,2,6,2,120,200,100.000,100.021,0,211,211,2.109562,SUCCESS,gaussian,
2026-08-30T13:35:13,89.3,38.0,sensor2_wifi,3,2,6,2,120,199,100.000,100.020,0,208,208,2.079577,SUCCESS,gaussian,
2026-08-30T13:36:53,89.3,38.0,sensor2_wifi,3,2,6,2,120,198,100.000,100.021,0,206,206,2.059577,SUCCESS,gaussian,
2026-08-30T13:38:34,89.3,38.0,sensor2_wifi,3,2,6,2,120,197,100.000,100.021,0,180,180,1.799621,SUCCESS,gaussian,
2026-08-30T13:40:14,89.3,38.0,sensor2_wifi,3,2,6,2,120,196,100.000,100.021,0,167,167,1.669651,SUCCESS,gaussian,
2026-08-30T13:41:54,89.3,38.0,sensor2_wifi,3,2,6,2,120,195,100.000,100.021,0,169,169,1.689653,SUCCESS,gaussian,
2026-08-30T13:43:35,89.3,38.0,sensor2_wifi,3,2,6,2,120,194,100.000,100.021,0,154,154,1.539684,SUCCESS,gaussian,
2026-08-30T13:45:15,89.3,38.0,sensor2_wifi,3,2,6,2,120,193,100.000,100.021,0,140,140,1.399700,SUCCESS,gaussian,
2026-08-30T13:46:55,89.3,38.0,sensor2_wifi,3,2,6,2,120,192,100.000,100.020,0,134,134,1.339726,SUCCESS,gaussian,
2026-08-30T13:48:36,89.3,38.0,sensor2_wifi,3,2,6,2,120,191,100.000,100.021,0,125,125,1.249736,SUCCESS,gaussian,
2026-08-30T13:50:16,89.3,38.0,sensor2_wifi,3,2,6,2,120,190,100.000,100.021,0,120,120,1.199750,SUCCESS,gaussian,
2026-08-30T13:51:56,89.3,38.0,sensor2_wifi,3,2,6,2,120,189,100.000,100.021,0,110,110,1.099769,SUCCESS,gaussian,
2026-08-30T13:53:37,89.3,38.0,sensor2_wifi,3,2,6,2,120,188,100.000,100.021,0,81,81,0.809830,SUCCESS,gaussian,
2026-08-30T13:55:17,89.3,38.0,sensor2_wifi,3,2,6,2,120,187,100.000,100.021,0,67,67,0.669858,SUCCESS,gaussian,
2026-08-30T13:56:57,89.3,38.0,sensor2_wifi,3,2,6,2,120,186,100.000,100.021,0,68,68,0.679858,SUCCESS,gaussian,
2026-08-30T13:58:37,89.3,38.0,sensor2_wifi,3,2,6,2,120,185,100.000,100.021,0,62,62,0.619871,SUCCESS,gaussian,
2026-08-30T14:00:18,89.3,38.0,sensor2_wifi,3,2,6,2,120,184,100.000,100.021,0,50,50,0.499895,SUCCESS,gaussian,
2026-08-30T14:01:58,89.3,38.0,sensor2_wifi,3,2,6,2,120,183,100.000,100.021,0,31,31,0.309935,SUCCESS,gaussian,
2026-08-30T14:03:38,89.3,38.0,sensor2_wifi,3,2,6,2,120,182,100.000,100.021,0,42,42,0.419913,SUCCESS,gaussian,
2026-08-30T14:05:19,89.3,38.0,sensor2_wifi,3,2,6,2,120,181,100.000,100.021,0,30,30,0.299937,SUCCESS,gaussian,
2026-08-30T14:06:59,89.3,38.0,sensor2_wifi,3,2,6,2,120,180,100.000,100.020,0,25,25,0.249949,SUCCESS,gaussian,
2026-08-30T14:08:39,89.3,38.0,sensor2_wifi,3,2,6,2,120,179,100.000,100.021,0,18,18,0.179963,SUCCESS,gaussian,
2026-08-30T14:10:20,89.3,38.0,sensor2_wifi,3,2,6,2,120,178,100.000,100.021,0,16,16,0.159967,SUCCESS,gaussian,
2026-08-30T14:12:00,89.3,38.0,sensor2_wifi,3,2,6,2,120,177,100.000,100.021,0,14,14,0.139970,SUCCESS,gaussian,
2026-08-30T14:13:40,89.3,38.0,sensor2_wifi,3,2,6,2,120,176,100.000,100.021,0,10,10,0.099979,SUCCESS,gaussian,
2026-08-30T14:15:21,89.3,38.0,sensor2_wifi,3,2,6,2,120,175,100.000,100.021,0,11,11,0.109977,SUCCESS,gaussian,
2026-08-30T14:17:01,89.3,38.0,sensor2_wifi,3,2,6,2,120,174,100.000,100.020,0,4,4,0.039992,SUCCESS,gaussian,
2026-08-30T14:18:41,89.3,38.0,sensor2_wifi,3,2,6,2,120,173,100.000,100.021,0,2,2,0.019996,SUCCESS,gaussian,
2026-08-30T14:20:22,89.3,38.0,sensor2_wifi,3,2,6,2,120,172,100.000,100.021,0,4,4,0.039991,SUCCESS,gaussian,
2026-08-30T14:22:02,89.3,38.0,sensor2_wifi,3,2,6,2,120,171,100.000,100.021,0,4,4,0.039992,SUCCESS,gaussian,
2026-08-30T14:23:42,89.3,38.0,sensor2_wifi,3,2,6,2,120,170,100.000,100.020,0,2,2,0.019996,SUCCESS,gaussian,
2026-08-30T14:25:22,89.3,38.0,sensor2_wifi,3,2,6,2,120,169,100.000,100.020,0,2,2,0.019996,SUCCESS,gaussian,
2026-08-30T14:27:03,89.3,38.0,sensor2_wifi,3,2,6,2,120,168,100.000,100.021,0,2,2,0.019996,SUCCESS,gaussian,
2026-08-30T14:28:43,89.3,38.0,sensor2_wifi,3,2,6,2,120,167,100.000,100.020,0,2,2,0.019996,SUCCESS,gaussian,
2026-08-30T14:30:23,89.3,38.0,sensor2_wifi,3,2,6,2,120,166,100.000,100.021,0,2,2,0.019996,SUCCESS,gaussian,
2026-08-30T14:32:04,89.3,38.0,sensor2_wifi,3,2,6,2,120,165,100.000,100.021,0,2,2,0.019996,SUCCESS,gaussian,
2026-08-30T14:33:44,89.3,38.0,sensor2_wifi,3,2,6,2,120,164,100.000,100.021,0,2,2,0.019996,SUCCESS,gaussian,
2026-08-30T14:35:24,89.3,38.0,sensor2_wifi,3,2,6,2,120,163,100.000,100.021,0,2,2,0.019996,SUCCESS,gaussian,
2026-08-30T14:37:05,89.3,38.0,sensor2_wifi,3,2,6,2,120,162,100.000,100.021,0,2,2,0.019996,SUCCESS,gaussian,
2026-08-30T14:38:45,89.3,38.0,sensor2_wifi,3,2,6,2,120,161,100.000,100.021,0,2,2,0.019996,SUCCESS,gaussian,
2026-08-30T14:40:25,89.3,38.0,sensor2_wifi,3,2,6,2,120,160,100.000,100.021,0,2,2,0.019996,SUCCESS,gaussian,
2026-08-30T14:42:06,89.3,38.0,sensor2_wifi,3,2,6,2,120,159,100.000,100.021,0,1,1,0.009998,SUCCESS,gaussian,
2026-08-30T14:43:46,89.3,38.0,sensor2_wifi,3,2,6,2,120,158,100.000,100.021,0,2,2,0.019996,SUCCESS,gaussian,
2026-08-30T14:45:26,89.3,38.0,sensor2_wifi,3,2,6,2,120,157,100.000,100.021,0,2,2,0.019996,SUCCESS,gaussian,
2026-08-30T14:47:06,89.3,38.0,sensor2_wifi,3,2,6,2,120,156,100.000,100.021,0,28,28,0.279942,SUCCESS,gaussian,
2026-08-30T14:48:47,89.3,38.0,sensor2_wifi,3,2,6,2,120,155,100.000,100.021,0,2,2,0.019996,SUCCESS,gaussian,
2026-08-30T14:50:27,89.3,38.0,sensor2_wifi,3,2,6,2,120,154,100.000,100.021,0,2,2,0.019996,SUCCESS,gaussian,
2026-08-30T14:52:07,89.3,38.0,sensor2_wifi,3,2,6,2,120,153,100.000,100.020,0,2,2,0.019996,SUCCESS,gaussian,
2026-08-30T14:53:48,89.3,38.0,sensor2_wifi,3,2,6,2,120,152,100.000,100.020,0,2,2,0.019996,SUCCESS,gaussian,
2026-08-30T14:55:28,89.3,38.0,sensor2_wifi,3,2,6,2,120,151,100.000,100.021,0,2,2,0.019996,SUCCESS,gaussian,
2026-08-30T14:57:08,89.3,38.0,sensor2_wifi,3,2,6,2,120,150,100.000,100.011,0,2,2,0.019998,SUCCESS,gaussian,
2026-08-30T14:58:49,89.3,38.0,sensor2_wifi,3,2,6,2,120,149,100.000,100.021,0,2,2,0.019996,SUCCESS,gaussian,
2026-08-30T15:00:29,89.3,38.0,sensor2_wifi,3,2,6,2,120,148,100.000,100.021,0,2,2,0.019996,SUCCESS,gaussian,
2026-08-30T15:02:09,89.3,38.0,sensor2_wifi,3,2,6,2,120,147,100.000,100.021,0,2,2,0.019996,SUCCESS,gaussian,
2026-08-30T15:03:50,89.3,38.0,sensor2_wifi,3,2,6,2,120,146,100.000,100.021,0,2,2,0.019996,SUCCESS,gaussian,
2026-08-30T15:05:30,89.3,38.0,sensor2_wifi,3,2,6,2,120,145,100.000,100.021,0,2,2,0.019996,SUCCESS,gaussian,
2026-08-30T15:07:10,89.3,38.0,sensor2_wifi,3,2,6,2,120,144,100.000,100.021,0,2,2,0.019996,SUCCESS,gaussian,
2026-08-30T15:08:50,89.3,38.0,sensor2_wifi,3,2,6,2,120,143,100.000,100.021,0,2,2,0.019996,SUCCESS,gaussian,
2026-08-30T15:10:31,89.3,38.0,sensor2_wifi,3,2,6,2,120,142,100.000,100.020,0,2,2,0.019996,SUCCESS,gaussian,
2026-08-30T15:12:11,89.3,38.0,sensor2_wifi,3,2,6,2,120,141,100.000,100.021,0,2,2,0.019996,SUCCESS,gaussian,
2026-08-30T15:13:51,89.3,38.0,sensor2_wifi,3,2,6,2,120,140,100.000,100.021,0,2,2,0.019996,SUCCESS,gaussian,
2026-08-30T15:15:32,89.3,38.0,sensor2_wifi,3,2,6,2,120,139,100.000,100.021,0,2,2,0.019996,SUCCESS,gaussian,
2026-08-30T15:17:12,89.3,38.0,sensor2_wifi,3,2,6,2,120,138,100.000,100.021,0,2,2,0.019996,SUCCESS,gaussian,
2026-08-30T15:18:52,89.3,38.0,sensor2_wifi,3,2,6,2,120,137,100.000,100.020,0,2,2,0.019996,SUCCESS,gaussian,
2026-08-30T15:20:33,89.3,38.0,sensor2_wifi,3,2,6,2,120,136,100.000,100.020,0,0,0,0.000000,SUCCESS,gaussian,
2026-08-30T15:22:13,89.3,38.0,sensor2_wifi,3,2,6,2,120,135,100.000,100.020,0,0,0,0.000000,SUCCESS,gaussian,
2026-08-30T15:25:37,90.3,37.0,sensor2_wifi,1,0,4,0,120,255,100.000,100.021,0,2298746,2298746,22982.711954,SUCCESS,gaussian,
2026-08-30T15:27:18,90.3,37.0,sensor2_wifi,1,0,4,0,120,254,100.000,100.021,0,16017663,16017663,160142.976449,SUCCESS,gaussian,
2026-08-30T15:28:58,90.3,37.0,sensor2_wifi,1,0,4,0,120,253,100.000,100.021,0,12143449,12143449,121409.343530,SUCCESS,gaussian,
2026-08-30T15:30:38,90.3,37.0,sensor2_wifi,1,0,4,0,120,252,100.000,100.021,0,7761378,7761378,77597.828086,SUCCESS,gaussian,
2026-08-30T15:32:19,90.3,37.0,sensor2_wifi,1,0,4,0,120,251,100.000,100.020,0,4023146,4023146,40223.224235,SUCCESS,gaussian,
2026-08-30T15:33:59,90.3,37.0,sensor2_wifi,1,0,4,0,120,250,100.000,100.021,0,1955459,1955459,19550.541923,SUCCESS,gaussian,
2026-08-30T15:35:39,90.3,37.0,sensor2_wifi,1,0,4,0,120,249,100.000,100.021,0,858639,858639,8584.605579,SUCCESS,gaussian,
2026-08-30T15:37:19,90.3,37.0,sensor2_wifi,1,0,4,0,120,248,100.000,100.020,0,401339,401339,4012.568602,SUCCESS,gaussian,
2026-08-30T15:39:00,90.3,37.0,sensor2_wifi,1,0,4,0,120,247,100.000,100.021,0,305360,305360,3052.966967,SUCCESS,gaussian,
2026-08-30T15:40:40,90.3,37.0,sensor2_wifi,1,0,4,0,120,246,100.000,100.021,0,178282,178282,1782.453735,SUCCESS,gaussian,
2026-08-30T15:42:20,90.3,37.0,sensor2_wifi,1,0,4,0,120,245,100.000,100.021,0,60043,60043,600.304755,SUCCESS,gaussian,
2026-08-30T15:44:01,90.3,37.0,sensor2_wifi,1,0,4,0,120,244,100.000,100.021,0,20170,20170,201.658052,SUCCESS,gaussian,
2026-08-30T15:45:41,90.3,37.0,sensor2_wifi,1,0,4,0,120,243,100.000,100.020,0,7454,7454,74.524751,SUCCESS,gaussian,
2026-08-30T15:47:21,90.3,37.0,sensor2_wifi,1,0,4,0,120,242,100.000,100.021,0,3199,3199,31.983266,SUCCESS,gaussian,
2026-08-30T15:49:02,90.3,37.0,sensor2_wifi,1,0,4,0,120,241,100.000,100.021,0,1771,1771,17.706232,SUCCESS,gaussian,
2026-08-30T15:50:42,90.3,37.0,sensor2_wifi,1,0,4,0,120,240,100.000,100.021,0,1363,1363,13.627192,SUCCESS,gaussian,
2026-08-30T15:52:22,90.3,37.0,sensor2_wifi,1,0,4,0,120,239,100.000,100.021,0,1060,1060,10.597797,SUCCESS,gaussian,
2026-08-30T15:54:03,90.3,37.0,sensor2_wifi,1,0,4,0,120,238,100.000,100.021,0,999,999,9.987942,SUCCESS,gaussian,
2026-08-30T15:55:43,90.3,37.0,sensor2_wifi,1,0,4,0,120,237,100.000,100.021,0,929,929,9.288047,SUCCESS,gaussian,
2026-08-30T15:57:23,90.3,37.0,sensor2_wifi,1,0,4,0,120,236,100.000,100.020,0,908,908,9.078157,SUCCESS,gaussian,
2026-08-30T15:59:03,90.3,37.0,sensor2_wifi,1,0,4,0,120,235,100.000,100.020,0,869,869,8.688256,SUCCESS,gaussian,
2026-08-30T16:00:44,90.3,37.0,sensor2_wifi,1,0,4,0,120,234,100.000,100.021,0,838,838,8.378269,SUCCESS,gaussian,
2026-08-30T16:02:24,90.3,37.0,sensor2_wifi,1,0,4,0,120,233,100.000,100.021,0,811,811,8.108325,SUCCESS,gaussian,
2026-08-30T16:04:04,90.3,37.0,sensor2_wifi,1,0,4,0,120,232,100.000,100.021,0,793,793,7.928339,SUCCESS,gaussian,
2026-08-30T16:05:45,90.3,37.0,sensor2_wifi,1,0,4,0,120,231,100.000,100.021,0,844,844,8.438245,SUCCESS,gaussian,
2026-08-30T16:07:25,90.3,37.0,sensor2_wifi,1,0,4,0,120,230,100.000,100.020,0,755,755,7.548468,SUCCESS,gaussian,
2026-08-30T16:09:05,90.3,37.0,sensor2_wifi,1,0,4,0,120,229,100.000,100.021,0,765,765,7.648412,SUCCESS,gaussian,
2026-08-30T16:10:46,90.3,37.0,sensor2_wifi,1,0,4,0,120,228,100.000,100.020,0,730,730,7.298519,SUCCESS,gaussian,
2026-08-30T16:12:26,90.3,37.0,sensor2_wifi,1,0,4,0,120,227,100.000,100.020,0,745,745,7.448503,SUCCESS,gaussian,
2026-08-30T16:14:06,90.3,37.0,sensor2_wifi,1,0,4,0,120,226,100.000,100.021,0,762,762,7.618408,SUCCESS,gaussian,
2026-08-30T16:15:47,90.3,37.0,sensor2_wifi,1,0,4,0,120,225,100.000,100.021,0,647,647,6.468652,SUCCESS,gaussian,
2026-08-30T16:17:27,90.3,37.0,sensor2_wifi,1,0,4,0,120,224,100.000,100.021,0,665,665,6.648626,SUCCESS,gaussian,
2026-08-30T16:19:07,90.3,37.0,sensor2_wifi,1,0,4,0,120,223,100.000,100.020,0,650,650,6.498676,SUCCESS,gaussian,
2026-08-30T16:20:48,90.3,37.0,sensor2_wifi,1,0,4,0,120,222,100.000,100.021,0,594,594,5.938767,SUCCESS,gaussian,
2026-08-30T16:22:28,90.3,37.0,sensor2_wifi,1,0,4,0,120,221,100.000,100.021,0,626,626,6.258713,SUCCESS,gaussian,
2026-08-30T16:24:08,90.3,37.0,sensor2_wifi,1,0,4,0,120,220,100.000,100.021,0,633,633,6.328668,SUCCESS,gaussian,
2026-08-30T16:25:48,90.3,37.0,sensor2_wifi,1,0,4,0,120,219,100.000,100.020,0,526,526,5.258927,SUCCESS,gaussian,
2026-08-30T16:27:29,90.3,37.0,sensor2_wifi,1,0,4,0,120,218,100.000,100.020,0,559,559,5.588866,SUCCESS,gaussian,
2026-08-30T16:29:09,90.3,37.0,sensor2_wifi,1,0,4,0,120,217,100.000,100.021,0,564,564,5.638827,SUCCESS,gaussian,
2026-08-30T16:30:49,90.3,37.0,sensor2_wifi,1,0,4,0,120,216,100.000,100.021,0,564,564,5.638837,SUCCESS,gaussian,
2026-08-30T16:32:30,90.3,37.0,sensor2_wifi,1,0,4,0,120,215,100.000,100.021,0,556,556,5.558846,SUCCESS,gaussian,
2026-08-30T16:34:10,90.3,37.0,sensor2_wifi,1,0,4,0,120,214,100.000,100.021,0,489,489,4.888996,SUCCESS,gaussian,
2026-08-30T16:35:50,90.3,37.0,sensor2_wifi,1,0,4,0,120,213,100.000,100.020,0,520,520,5.198944,SUCCESS,gaussian,
2026-08-30T16:37:31,90.3,37.0,sensor2_wifi,1,0,4,0,120,212,100.000,100.021,0,511,511,5.108909,SUCCESS,gaussian,
2026-08-30T16:39:11,90.3,37.0,sensor2_wifi,1,0,4,0,120,211,100.000,100.021,0,502,502,5.018964,SUCCESS,gaussian,
2026-08-30T16:40:51,90.3,37.0,sensor2_wifi,1,0,4,0,120,210,100.000,100.021,0,504,504,5.038959,SUCCESS,gaussian,
2026-08-30T16:42:32,90.3,37.0,sensor2_wifi,1,0,4,0,120,209,100.000,100.021,0,532,532,5.318904,SUCCESS,gaussian,
2026-08-30T16:44:12,90.3,37.0,sensor2_wifi,1,0,4,0,120,208,100.000,100.021,0,439,439,4.389100,SUCCESS,gaussian,
2026-08-30T16:45:52,90.3,37.0,sensor2_wifi,1,0,4,0,120,207,100.000,100.021,0,424,424,4.239127,SUCCESS,gaussian,
2026-08-30T16:47:32,90.3,37.0,sensor2_wifi,1,0,4,0,120,206,100.000,100.021,0,412,412,4.119155,SUCCESS,gaussian,
2026-08-30T16:49:13,90.3,37.0,sensor2_wifi,1,0,4,0,120,205,100.000,100.021,0,415,415,4.149145,SUCCESS,gaussian,
2026-08-30T16:50:53,90.3,37.0,sensor2_wifi,1,0,4,0,120,204,100.000,100.021,0,422,422,4.219131,SUCCESS,gaussian,
2026-08-30T16:52:33,90.3,37.0,sensor2_wifi,1,0,4,0,120,203,100.000,100.021,0,396,396,3.959182,SUCCESS,gaussian,
2026-08-30T16:54:14,90.3,37.0,sensor2_wifi,1,0,4,0,120,202,100.000,100.021,0,375,375,3.749225,SUCCESS,gaussian,
2026-08-30T16:55:54,90.3,37.0,sensor2_wifi,1,0,4,0,120,201,100.000,100.020,0,344,344,3.439302,SUCCESS,gaussian,
2026-08-30T16:57:34,90.3,37.0,sensor2_wifi,1,0,4,0,120,200,100.000,100.021,0,320,320,3.199342,SUCCESS,gaussian,
2026-08-30T16:59:15,90.3,37.0,sensor2_wifi,1,0,4,0,120,199,100.000,100.021,0,347,347,3.469275,SUCCESS,gaussian,
2026-08-30T17:00:55,90.3,37.0,sensor2_wifi,1,0,4,0,120,198,100.000,100.021,0,339,339,3.389281,SUCCESS,gaussian,
2026-08-30T17:02:35,90.3,37.0,sensor2_wifi,1,0,4,0,120,197,100.000,100.020,0,325,325,3.249338,SUCCESS,gaussian,
2026-08-30T17:04:15,90.3,37.0,sensor2_wifi,1,0,4,0,120,196,100.000,100.021,0,277,277,2.769425,SUCCESS,gaussian,
2026-08-30T17:05:56,90.3,37.0,sensor2_wifi,1,0,4,0,120,195,100.000,100.010,0,278,278,2.779709,SUCCESS,gaussian,
2026-08-30T17:07:36,90.3,37.0,sensor2_wifi,1,0,4,0,120,194,100.000,100.020,0,293,293,2.929406,SUCCESS,gaussian,
2026-08-30T17:09:16,90.3,37.0,sensor2_wifi,1,0,4,0,120,193,100.000,100.021,0,247,247,2.469493,SUCCESS,gaussian,
2026-08-30T17:10:57,90.3,37.0,sensor2_wifi,1,0,4,0,120,192,100.000,100.021,0,249,249,2.489488,SUCCESS,gaussian,
2026-08-30T17:12:37,90.3,37.0,sensor2_wifi,1,0,4,0,120,191,100.000,100.020,0,239,239,2.389511,SUCCESS,gaussian,
2026-08-30T17:14:17,90.3,37.0,sensor2_wifi,1,0,4,0,120,190,100.000,100.021,0,210,210,2.099560,SUCCESS,gaussian,
2026-08-30T17:15:58,90.3,37.0,sensor2_wifi,1,0,4,0,120,189,100.000,100.021,0,214,214,2.139551,SUCCESS,gaussian,
2026-08-30T17:17:38,90.3,37.0,sensor2_wifi,1,0,4,0,120,188,100.000,100.021,0,188,188,1.879611,SUCCESS,gaussian,
2026-08-30T17:19:18,90.3,37.0,sensor2_wifi,1,0,4,0,120,187,100.000,100.021,0,176,176,1.759634,SUCCESS,gaussian,
2026-08-30T17:20:59,90.3,37.0,sensor2_wifi,1,0,4,0,120,186,100.000,100.021,0,149,149,1.489688,SUCCESS,gaussian,
2026-08-30T17:22:39,90.3,37.0,sensor2_wifi,1,0,4,0,120,185,100.000,100.051,0,162,162,1.619167,SUCCESS,gaussian,
2026-08-30T17:24:19,90.3,37.0,sensor2_wifi,1,0,4,0,120,184,100.000,100.021,0,125,125,1.249736,SUCCESS,gaussian,
2026-08-30T17:25:59,90.3,37.0,sensor2_wifi,1,0,4,0,120,183,100.000,100.020,0,131,131,1.309734,SUCCESS,gaussian,
2026-08-30T17:27:40,90.3,37.0,sensor2_wifi,1,0,4,0,120,182,100.000,100.020,0,106,106,1.059784,SUCCESS,gaussian,
2026-08-30T17:29:20,90.3,37.0,sensor2_wifi,1,0,4,0,120,181,100.000,100.020,0,101,101,1.009794,SUCCESS,gaussian,
2026-08-30T17:31:00,90.3,37.0,sensor2_wifi,1,0,4,0,120,180,100.000,100.021,0,91,91,0.909811,SUCCESS,gaussian,
2026-08-30T17:32:41,90.3,37.0,sensor2_wifi,1,0,4,0,120,179,100.000,100.081,0,102,102,1.019173,SUCCESS,gaussian,
2026-08-30T17:34:21,90.3,37.0,sensor2_wifi,1,0,4,0,120,178,100.000,100.021,0,74,74,0.739848,SUCCESS,gaussian,
2026-08-30T17:36:01,90.3,37.0,sensor2_wifi,1,0,4,0,120,177,100.000,100.021,0,73,73,0.729850,SUCCESS,gaussian,
2026-08-30T17:37:42,90.3,37.0,sensor2_wifi,1,0,4,0,120,176,100.000,100.021,0,58,58,0.579877,SUCCESS,gaussian,
2026-08-30T17:39:22,90.3,37.0,sensor2_wifi,1,0,4,0,120,175,100.000,100.021,0,47,47,0.469902,SUCCESS,gaussian,
2026-08-30T17:41:02,90.3,37.0,sensor2_wifi,1,0,4,0,120,174,100.000,100.021,0,47,47,0.469903,SUCCESS,gaussian,
2026-08-30T17:42:43,90.3,37.0,sensor2_wifi,1,0,4,0,120,173,100.000,100.021,0,35,35,0.349928,SUCCESS,gaussian,
2026-08-30T17:44:23,90.3,37.0,sensor2_wifi,1,0,4,0,120,172,100.000,100.020,0,32,32,0.319935,SUCCESS,gaussian,
2026-08-30T17:46:03,90.3,37.0,sensor2_wifi,1,0,4,0,120,171,100.000,100.021,0,28,28,0.279941,SUCCESS,gaussian,
2026-08-30T17:47:44,90.3,37.0,sensor2_wifi,1,0,4,0,120,170,100.000,100.021,0,30,30,0.299937,SUCCESS,gaussian,
2026-08-30T17:49:24,90.3,37.0,sensor2_wifi,1,0,4,0,120,169,100.000,100.021,0,27,27,0.269944,SUCCESS,gaussian,
2026-08-30T17:51:04,90.3,37.0,sensor2_wifi,1,0,4,0,120,168,100.000,100.020,0,17,17,0.169965,SUCCESS,gaussian,
2026-08-30T17:52:45,90.3,37.0,sensor2_wifi,1,0,4,0,120,167,100.000,100.020,0,19,19,0.189962,SUCCESS,gaussian,
2026-08-30T17:54:25,90.3,37.0,sensor2_wifi,1,0,4,0,120,166,100.000,100.021,0,21,21,0.209956,SUCCESS,gaussian,
2026-08-30T17:56:05,90.3,37.0,sensor2_wifi,1,0,4,0,120,165,100.000,100.021,0,6,6,0.059987,SUCCESS,gaussian,
2026-08-30T17:57:45,90.3,37.0,sensor2_wifi,1,0,4,0,120,164,100.000,100.021,0,12,12,0.119975,SUCCESS,gaussian,
2026-08-30T17:59:26,90.3,37.0,sensor2_wifi,1,0,4,0,120,163,100.000,100.021,0,4,4,0.039992,SUCCESS,gaussian,
2026-08-30T18:01:06,90.3,37.0,sensor2_wifi,1,0,4,0,120,162,100.000,100.021,0,3,3,0.029994,SUCCESS,gaussian,
2026-08-30T18:02:47,90.3,37.0,sensor2_wifi,1,0,4,0,120,161,100.000,100.021,0,6,6,0.059988,SUCCESS,gaussian,
2026-08-30T18:04:27,90.3,37.0,sensor2_wifi,1,0,4,0,120,160,100.000,100.021,0,2,2,0.019996,SUCCESS,gaussian,
2026-08-30T18:06:07,90.3,37.0,sensor2_wifi,1,0,4,0,120,159,100.000,100.021,0,1,1,0.009998,SUCCESS,gaussian,
2026-08-30T18:07:47,90.3,37.0,sensor2_wifi,1,0,4,0,120,158,100.000,100.021,0,1,1,0.009998,SUCCESS,gaussian,
2026-08-30T18:09:28,90.3,37.0,sensor2_wifi,1,0,4,0,120,157,100.000,100.020,0,1,1,0.009998,SUCCESS,gaussian,
2026-08-30T18:11:08,90.3,37.0,sensor2_wifi,1,0,4,0,120,156,100.000,100.021,0,2,2,0.019996,SUCCESS,gaussian,
2026-08-30T18:12:48,90.3,37.0,sensor2_wifi,1,0,4,0,120,155,100.000,100.021,0,2,2,0.019996,SUCCESS,gaussian,
2026-08-30T18:14:29,90.3,37.0,sensor2_wifi,1,0,4,0,120,154,100.000,100.021,0,0,0,0.000000,SUCCESS,gaussian,
2026-08-30T18:16:09,90.3,37.0,sensor2_wifi,1,0,4,0,120,153,100.000,100.021,0,0,0,0.000000,SUCCESS,gaussian,
2026-08-30T18:17:49,90.3,37.0,sensor2_wifi,1,1,5,1,120,255,100.000,100.021,0,10593466,10593466,105912.941088,SUCCESS,gaussian,
2026-08-30T18:19:30,90.3,37.0,sensor2_wifi,1,1,5,1,120,254,100.000,100.021,0,11270382,11270382,112680.375638,SUCCESS,gaussian,
2026-08-30T18:21:10,90.3,37.0,sensor2_wifi,1,1,5,1,120,253,100.000,100.021,0,10866070,10866070,108638.248169,SUCCESS,gaussian,
2026-08-30T18:22:50,90.3,37.0,sensor2_wifi,1,1,5,1,120,252,100.000,100.021,0,12401805,12401805,123992.332768,SUCCESS,gaussian,
2026-08-30T18:24:30,90.3,37.0,sensor2_wifi,1,1,5,1,120,251,100.000,100.021,0,14249560,14249560,142466.050797,SUCCESS,gaussian,
2026-08-30T18:26:11,90.3,37.0,sensor2_wifi,1,1,5,1,120,250,100.000,100.021,0,16703520,16703520,167000.662753,SUCCESS,gaussian,
2026-08-30T18:27:51,90.3,37.0,sensor2_wifi,1,1,5,1,120,249,100.000,100.021,0,16571689,16571689,165681.679467,SUCCESS,gaussian,
2026-08-30T18:29:31,90.3,37.0,sensor2_wifi,1,1,5,1,120,248,100.000,100.020,0,13882864,13882864,138800.444108,SUCCESS,gaussian,
2026-08-30T18:31:12,90.3,37.0,sensor2_wifi,1,1,5,1,120,247,100.000,100.021,0,10392044,10392044,103899.043897,SUCCESS,gaussian,
2026-08-30T18:32:52,90.3,37.0,sensor2_wifi,1,1,5,1,120,246,100.000,100.021,0,6689510,6689510,66881.177955,SUCCESS,gaussian,
2026-08-30T18:34:32,90.3,37.0,sensor2_wifi,1,1,5,1,120,245,100.000,100.020,0,3272887,3272887,32722.174689,SUCCESS,gaussian,
2026-08-30T18:36:13,90.3,37.0,sensor2_wifi,1,1,5,1,120,244,100.000,100.021,0,1551357,1551357,15510.336141,SUCCESS,gaussian,
2026-08-30T18:37:53,90.3,37.0,sensor2_wifi,1,1,5,1,120,243,100.000,100.021,0,1079037,1079037,10788.060920,SUCCESS,gaussian,
2026-08-30T18:39:33,90.3,37.0,sensor2_wifi,1,1,5,1,120,242,100.000,100.021,0,458681,458681,4585.851163,SUCCESS,gaussian,
2026-08-30T18:41:14,90.3,37.0,sensor2_wifi,1,1,5,1,120,241,100.000,100.021,0,165304,165304,1652.697171,SUCCESS,gaussian,
2026-08-30T18:42:54,90.3,37.0,sensor2_wifi,1,1,5,1,120,240,100.000,100.020,0,63901,63901,638.880984,SUCCESS,gaussian,
2026-08-30T18:44:34,90.3,37.0,sensor2_wifi,1,1,5,1,120,239,100.000,100.021,0,46741,46741,467.312318,SUCCESS,gaussian,
2026-08-30T18:46:15,90.3,37.0,sensor2_wifi,1,1,5,1,120,238,100.000,100.021,0,16757,16757,167.534528,SUCCESS,gaussian,
2026-08-30T18:47:55,90.3,37.0,sensor2_wifi,1,1,5,1,120,237,100.000,100.021,0,5237,5237,52.358793,SUCCESS,gaussian,
2026-08-30T18:49:35,90.3,37.0,sensor2_wifi,1,1,5,1,120,236,100.000,100.021,0,2365,2365,23.645114,SUCCESS,gaussian,
2026-08-30T18:51:15,90.3,37.0,sensor2_wifi,1,1,5,1,120,235,100.000,100.021,0,1875,1875,18.746060,SUCCESS,gaussian,
2026-08-30T18:52:56,90.3,37.0,sensor2_wifi,1,1,5,1,120,234,100.000,100.021,0,1305,1305,13.047252,SUCCESS,gaussian,
2026-08-30T18:54:36,90.3,37.0,sensor2_wifi,1,1,5,1,120,233,100.000,100.021,0,1059,1059,10.587801,SUCCESS,gaussian,
2026-08-30T18:56:16,90.3,37.0,sensor2_wifi,1,1,5,1,120,232,100.000,100.021,0,1028,1028,10.277881,SUCCESS,gaussian,
2026-08-30T18:57:57,90.3,37.0,sensor2_wifi,1,1,5,1,120,231,100.000,100.021,0,982,982,9.817968,SUCCESS,gaussian,
2026-08-30T18:59:37,90.3,37.0,sensor2_wifi,1,1,5,1,120,230,100.000,100.021,0,989,989,9.887955,SUCCESS,gaussian,
2026-08-30T19:01:17,90.3,37.0,sensor2_wifi,1,1,5,1,120,229,100.000,100.021,0,893,893,8.928084,SUCCESS,gaussian,
2026-08-30T19:02:58,90.3,37.0,sensor2_wifi,1,1,5,1,120,228,100.000,100.020,0,859,859,8.588247,SUCCESS,gaussian,
2026-08-30T19:04:38,90.3,37.0,sensor2_wifi,1,1,5,1,120,227,100.000,100.021,0,873,873,8.728196,SUCCESS,gaussian,
2026-08-30T19:06:18,90.3,37.0,sensor2_wifi,1,1,5,1,120,226,100.000,100.021,0,817,817,8.168303,SUCCESS,gaussian,
2026-08-30T19:07:59,90.3,37.0,sensor2_wifi,1,1,5,1,120,225,100.000,100.021,0,809,809,8.088309,SUCCESS,gaussian,
2026-08-30T19:09:39,90.3,37.0,sensor2_wifi,1,1,5,1,120,224,100.000,100.021,0,782,782,7.818350,SUCCESS,gaussian,
2026-08-30T19:11:19,90.3,37.0,sensor2_wifi,1,1,5,1,120,223,100.000,100.021,0,780,780,7.798392,SUCCESS,gaussian,
2026-08-30T19:13:00,90.3,37.0,sensor2_wifi,1,1,5,1,120,222,100.000,100.020,0,729,729,7.288520,SUCCESS,gaussian,
2026-08-30T19:14:40,90.3,37.0,sensor2_wifi,1,1,5,1,120,221,100.000,100.020,0,728,728,7.278550,SUCCESS,gaussian,
2026-08-30T19:16:20,90.3,37.0,sensor2_wifi,1,1,5,1,120,220,100.000,100.020,0,676,676,6.758631,SUCCESS,gaussian,
2026-08-30T19:18:00,90.3,37.0,sensor2_wifi,1,1,5,1,120,219,100.000,100.021,0,676,676,6.758608,SUCCESS,gaussian,
2026-08-30T19:19:41,90.3,37.0,sensor2_wifi,1,1,5,1,120,218,100.000,100.021,0,686,686,6.858570,SUCCESS,gaussian,
2026-08-30T19:21:21,90.3,37.0,sensor2_wifi,1,1,5,1,120,217,100.000,100.021,0,624,624,6.238702,SUCCESS,gaussian,
2026-08-30T19:23:01,90.3,37.0,sensor2_wifi,1,1,5,1,120,216,100.000,100.021,0,624,624,6.238699,SUCCESS,gaussian,
2026-08-30T19:24:42,90.3,37.0,sensor2_wifi,1,1,5,1,120,215,100.000,100.021,0,641,641,6.408640,SUCCESS,gaussian,
2026-08-30T19:26:22,90.3,37.0,sensor2_wifi,1,1,5,1,120,214,100.000,100.021,0,627,627,6.268708,SUCCESS,gaussian,
2026-08-30T19:28:02,90.3,37.0,sensor2_wifi,1,1,5,1,120,213,100.000,100.021,0,614,614,6.138717,SUCCESS,gaussian,
2026-08-30T19:29:43,90.3,37.0,sensor2_wifi,1,1,5,1,120,212,100.000,100.020,0,572,572,5.718845,SUCCESS,gaussian,
2026-08-30T19:31:23,90.3,37.0,sensor2_wifi,1,1,5,1,120,211,100.000,100.021,0,600,600,5.998767,SUCCESS,gaussian,
2026-08-30T19:33:03,90.3,37.0,sensor2_wifi,1,1,5,1,120,210,100.000,100.021,0,595,595,5.948763,SUCCESS,gaussian,
2026-08-30T19:34:44,90.3,37.0,sensor2_wifi,1,1,5,1,120,209,100.000,100.021,0,555,555,5.548855,SUCCESS,gaussian,
2026-08-30T19:36:24,90.3,37.0,sensor2_wifi,1,1,5,1,120,208,100.000,100.020,0,559,559,5.588876,SUCCESS,gaussian,
2026-08-30T19:38:04,90.3,37.0,sensor2_wifi,1,1,5,1,120,207,100.000,100.021,0,536,536,5.358889,SUCCESS,gaussian,
2026-08-30T19:39:44,90.3,37.0,sensor2_wifi,1,1,5,1,120,206,100.000,100.021,0,549,549,5.488872,SUCCESS,gaussian,
2026-08-30T19:41:25,90.3,37.0,sensor2_wifi,1,1,5,1,120,205,100.000,100.021,0,522,522,5.218898,SUCCESS,gaussian,
2026-08-30T19:43:05,90.3,37.0,sensor2_wifi,1,1,5,1,120,204,100.000,100.021,0,541,541,5.408867,SUCCESS,gaussian,
2026-08-30T19:44:45,90.3,37.0,sensor2_wifi,1,1,5,1,120,203,100.000,100.021,0,479,479,4.789003,SUCCESS,gaussian,
2026-08-30T19:46:26,90.3,37.0,sensor2_wifi,1,1,5,1,120,202,100.000,100.020,0,501,501,5.008990,SUCCESS,gaussian,
2026-08-30T19:48:06,90.3,37.0,sensor2_wifi,1,1,5,1,120,201,100.000,100.021,0,448,448,4.479063,SUCCESS,gaussian,
2026-08-30T19:49:46,90.3,37.0,sensor2_wifi,1,1,5,1,120,200,100.000,100.021,0,441,441,4.409092,SUCCESS,gaussian,
2026-08-30T19:51:27,90.3,37.0,sensor2_wifi,1,1,5,1,120,199,100.000,100.021,0,450,450,4.499068,SUCCESS,gaussian,
2026-08-30T19:53:07,90.3,37.0,sensor2_wifi,1,1,5,1,120,198,100.000,100.021,0,404,404,4.039152,SUCCESS,gaussian,
2026-08-30T19:54:47,90.3,37.0,sensor2_wifi,1,1,5,1,120,197,100.000,100.021,0,374,374,3.739221,SUCCESS,gaussian,
2026-08-30T19:56:28,90.3,37.0,sensor2_wifi,1,1,5,1,120,196,100.000,100.021,0,382,382,3.819206,SUCCESS,gaussian,
2026-08-30T19:58:08,90.3,37.0,sensor2_wifi,1,1,5,1,120,195,100.000,100.021,0,382,382,3.819198,SUCCESS,gaussian,
2026-08-30T19:59:48,90.3,37.0,sensor2_wifi,1,1,5,1,120,194,100.000,100.021,0,335,335,3.349301,SUCCESS,gaussian,
2026-08-30T20:01:29,90.3,37.0,sensor2_wifi,1,1,5,1,120,193,100.000,100.021,0,354,354,3.539271,SUCCESS,gaussian,
2026-08-30T20:03:09,90.3,37.0,sensor2_wifi,1,1,5,1,120,192,100.000,100.021,0,343,343,3.429293,SUCCESS,gaussian,
2026-08-30T20:04:49,90.3,37.0,sensor2_wifi,1,1,5,1,120,191,100.000,100.021,0,313,313,3.129358,SUCCESS,gaussian,
2026-08-30T20:06:29,90.3,37.0,sensor2_wifi,1,1,5,1,120,190,100.000,100.021,0,316,316,3.159342,SUCCESS,gaussian,
2026-08-30T20:08:10,90.3,37.0,sensor2_wifi,1,1,5,1,120,189,100.000,100.020,0,315,315,3.149360,SUCCESS,gaussian,
2026-08-30T20:09:50,90.3,37.0,sensor2_wifi,1,1,5,1,120,188,100.000,100.021,0,283,283,2.829417,SUCCESS,gaussian,
2026-08-30T20:11:30,90.3,37.0,sensor2_wifi,1,1,5,1,120,187,100.000,100.020,0,259,259,2.589470,SUCCESS,gaussian,
2026-08-30T20:13:11,90.3,37.0,sensor2_wifi,1,1,5,1,120,186,100.000,100.021,0,260,260,2.599463,SUCCESS,gaussian,
2026-08-30T20:14:51,90.3,37.0,sensor2_wifi,1,1,5,1,120,185,100.000,100.020,0,249,249,2.489490,SUCCESS,gaussian,
2026-08-30T20:16:31,90.3,37.0,sensor2_wifi,1,1,5,1,120,184,100.000,100.020,0,226,226,2.259547,SUCCESS,gaussian,
2026-08-30T20:18:12,90.3,37.0,sensor2_wifi,1,1,5,1,120,183,100.000,100.021,0,199,199,1.989582,SUCCESS,gaussian,
2026-08-30T20:19:52,90.3,37.0,sensor2_wifi,1,1,5,1,120,182,100.000,100.021,0,212,212,2.119562,SUCCESS,gaussian,
2026-08-30T20:21:32,90.3,37.0,sensor2_wifi,1,1,5,1,120,181,100.000,100.021,0,171,171,1.709636,SUCCESS,gaussian,
2026-08-30T20:23:13,90.3,37.0,sensor2_wifi,1,1,5,1,120,180,100.000,100.020,0,179,179,1.789637,SUCCESS,gaussian,
2026-08-30T20:24:53,90.3,37.0,sensor2_wifi,1,1,5,1,120,179,100.000,100.021,0,148,148,1.479689,SUCCESS,gaussian,
2026-08-30T20:26:33,90.3,37.0,sensor2_wifi,1,1,5,1,120,178,100.000,100.021,0,162,162,1.619663,SUCCESS,gaussian,
2026-08-30T20:28:13,90.3,37.0,sensor2_wifi,1,1,5,1,120,177,100.000,100.021,0,147,147,1.469696,SUCCESS,gaussian,
2026-08-30T20:29:54,90.3,37.0,sensor2_wifi,1,1,5,1,120,176,100.000,100.021,0,134,134,1.339719,SUCCESS,gaussian,
2026-08-30T20:31:34,90.3,37.0,sensor2_wifi,1,1,5,1,120,175,100.000,100.020,0,103,103,1.029789,SUCCESS,gaussian,
2026-08-30T20:33:14,90.3,37.0,sensor2_wifi,1,1,5,1,120,174,100.000,100.021,0,113,113,1.129761,SUCCESS,gaussian,
2026-08-30T20:34:55,90.3,37.0,sensor2_wifi,1,1,5,1,120,173,100.000,100.020,0,90,90,0.899816,SUCCESS,gaussian,
2026-08-30T20:36:35,90.3,37.0,sensor2_wifi,1,1,5,1,120,172,100.000,100.021,0,83,83,0.829825,SUCCESS,gaussian,
2026-08-30T20:38:15,90.3,37.0,sensor2_wifi,1,1,5,1,120,171,100.000,100.021,0,89,89,0.889814,SUCCESS,gaussian,
2026-08-30T20:39:56,90.3,37.0,sensor2_wifi,1,1,5,1,120,170,100.000,100.021,0,78,78,0.779836,SUCCESS,gaussian,
2026-08-30T20:41:36,90.3,37.0,sensor2_wifi,1,1,5,1,120,169,100.000,100.021,0,45,45,0.449905,SUCCESS,gaussian,
2026-08-30T20:43:16,90.3,37.0,sensor2_wifi,1,1,5,1,120,168,100.000,100.020,0,39,39,0.389922,SUCCESS,gaussian,
2026-08-30T20:44:57,90.3,37.0,sensor2_wifi,1,1,5,1,120,167,100.000,100.021,0,52,52,0.519889,SUCCESS,gaussian,
2026-08-30T20:46:37,90.3,37.0,sensor2_wifi,1,1,5,1,120,166,100.000,100.021,0,47,47,0.469901,SUCCESS,gaussian,
2026-08-30T20:48:17,90.3,37.0,sensor2_wifi,1,1,5,1,120,165,100.000,100.019,0,32,32,0.319938,SUCCESS,gaussian,
2026-08-30T20:49:58,90.3,37.0,sensor2_wifi,1,1,5,1,120,164,100.000,100.020,0,24,24,0.239951,SUCCESS,gaussian,
2026-08-30T20:51:38,90.3,37.0,sensor2_wifi,1,1,5,1,120,163,100.000,100.021,0,24,24,0.239951,SUCCESS,gaussian,
2026-08-30T20:53:18,90.3,37.0,sensor2_wifi,1,1,5,1,120,162,100.000,100.021,0,20,20,0.199959,SUCCESS,gaussian,
2026-08-30T20:54:59,90.3,37.0,sensor2_wifi,1,1,5,1,120,161,100.000,100.021,0,14,14,0.139970,SUCCESS,gaussian,
2026-08-30T20:56:39,90.3,37.0,sensor2_wifi,1,1,5,1,120,160,100.000,100.021,0,16,16,0.159967,SUCCESS,gaussian,
2026-08-30T20:58:19,90.3,37.0,sensor2_wifi,1,1,5,1,120,159,100.000,100.021,0,15,15,0.149969,SUCCESS,gaussian,
2026-08-30T20:59:59,90.3,37.0,sensor2_wifi,1,1,5,1,120,158,100.000,100.021,0,7,7,0.069985,SUCCESS,gaussian,
2026-08-30T21:01:40,90.3,37.0,sensor2_wifi,1,1,5,1,120,157,100.000,100.020,0,5,5,0.049990,SUCCESS,gaussian,
2026-08-30T21:03:20,90.3,37.0,sensor2_wifi,1,1,5,1,120,156,100.000,100.020,0,6,6,0.059988,SUCCESS,gaussian,
2026-08-30T21:05:00,90.3,37.0,sensor2_wifi,1,1,5,1,120,155,100.000,100.020,0,5,5,0.049990,SUCCESS,gaussian,
2026-08-30T21:06:41,90.3,37.0,sensor2_wifi,1,1,5,1,120,154,100.000,100.021,0,6,6,0.059987,SUCCESS,gaussian,
2026-08-30T21:08:21,90.3,37.0,sensor2_wifi,1,1,5,1,120,153,100.000,100.021,0,0,0,0.000000,SUCCESS,gaussian,
2026-08-30T21:10:01,90.3,37.0,sensor2_wifi,1,1,5,1,120,152,100.000,100.021,0,0,0,0.000000,SUCCESS,gaussian,
2026-08-30T21:11:42,90.3,37.0,sensor2_wifi,1,2,6,2,120,255,100.000,100.021,0,10552370,10552370,105501.474357,SUCCESS,gaussian,
2026-08-30T21:13:22,90.3,37.0,sensor2_wifi,1,2,6,2,120,254,100.000,100.021,0,11488010,11488010,114855.628542,SUCCESS,gaussian,
2026-08-30T21:15:02,90.3,37.0,sensor2_wifi,1,2,6,2,120,253,100.000,100.021,0,11911681,11911681,119092.319761,SUCCESS,gaussian,
2026-08-30T21:16:43,90.3,37.0,sensor2_wifi,1,2,6,2,120,252,100.000,100.021,0,12859184,12859184,128565.055409,SUCCESS,gaussian,
2026-08-30T21:18:23,90.3,37.0,sensor2_wifi,1,2,6,2,120,251,100.000,100.021,0,13681251,13681251,136784.117449,SUCCESS,gaussian,
2026-08-30T21:20:03,90.3,37.0,sensor2_wifi,1,2,6,2,120,250,100.000,100.021,0,15907005,15907005,159036.495883,SUCCESS,gaussian,
2026-08-30T21:21:44,90.3,37.0,sensor2_wifi,1,2,6,2,120,249,100.000,100.021,0,375610,375610,3755.311218,SUCCESS,gaussian,
2026-08-30T21:23:24,90.3,37.0,sensor2_wifi,1,2,6,2,120,248,100.000,100.020,0,453211,453211,4531.208059,SUCCESS,gaussian,
2026-08-30T21:25:04,90.3,37.0,sensor2_wifi,1,2,6,2,120,247,100.000,100.021,0,12411646,12411646,124090.900725,SUCCESS,gaussian,
2026-08-30T21:26:45,90.3,37.0,sensor2_wifi,1,2,6,2,120,246,100.000,100.021,0,8022068,8022068,80203.996904,SUCCESS,gaussian,
2026-08-30T21:28:25,90.3,37.0,sensor2_wifi,1,2,6,2,120,245,100.000,100.021,0,5635776,5635776,56346.034184,SUCCESS,gaussian,
2026-08-30T21:30:05,90.3,37.0,sensor2_wifi,1,2,6,2,120,244,100.000,100.021,0,2652665,2652665,26521.095454,SUCCESS,gaussian,
2026-08-30T21:31:45,90.3,37.0,sensor2_wifi,1,2,6,2,120,243,100.000,100.021,0,1812961,1812961,18125.875148,SUCCESS,gaussian,
2026-08-30T21:33:26,90.3,37.0,sensor2_wifi,1,2,6,2,120,242,100.000,100.021,0,724879,724879,7247.291834,SUCCESS,gaussian,
2026-08-30T21:35:06,90.3,37.0,sensor2_wifi,1,2,6,2,120,241,100.000,100.020,0,358202,358202,3581.289356,SUCCESS,gaussian,
2026-08-30T21:36:46,90.3,37.0,sensor2_wifi,1,2,6,2,120,240,100.000,100.020,0,140225,140225,1401.962866,SUCCESS,gaussian,
2026-08-30T21:38:27,90.3,37.0,sensor2_wifi,1,2,6,2,120,239,100.000,100.020,0,74928,74928,749.128179,SUCCESS,gaussian,
2026-08-30T21:40:07,90.3,37.0,sensor2_wifi,1,2,6,2,120,238,100.000,100.020,0,26098,26098,260.926761,SUCCESS,gaussian,
2026-08-30T21:41:47,90.3,37.0,sensor2_wifi,1,2,6,2,120,237,100.000,100.021,0,12771,12771,127.683503,SUCCESS,gaussian,
2026-08-30T21:43:28,90.3,37.0,sensor2_wifi,1,2,6,2,120,236,100.000,100.021,0,4315,4315,43.141136,SUCCESS,gaussian,
2026-08-30T21:45:08,90.3,37.0,sensor2_wifi,1,2,6,2,120,235,100.000,100.021,0,3086,3086,30.853632,SUCCESS,gaussian,
2026-08-30T21:46:48,90.3,37.0,sensor2_wifi,1,2,6,2,120,234,100.000,100.021,0,1692,1692,16.916488,SUCCESS,gaussian,
2026-08-30T21:48:29,90.3,37.0,sensor2_wifi,1,2,6,2,120,233,100.000,100.021,0,1248,1248,12.477360,SUCCESS,gaussian,
2026-08-30T21:50:09,90.3,37.0,sensor2_wifi,1,2,6,2,120,232,100.000,100.020,0,1065,1065,10.647826,SUCCESS,gaussian,
2026-08-30T21:51:49,90.3,37.0,sensor2_wifi,1,2,6,2,120,231,100.000,100.020,0,959,959,9.588065,SUCCESS,gaussian,
2026-08-30T21:53:29,90.3,37.0,sensor2_wifi,1,2,6,2,120,230,100.000,100.021,0,941,941,9.408024,SUCCESS,gaussian,
2026-08-30T21:55:10,90.3,37.0,sensor2_wifi,1,2,6,2,120,229,100.000,100.020,0,920,920,9.198133,SUCCESS,gaussian,
2026-08-30T21:56:50,90.3,37.0,sensor2_wifi,1,2,6,2,120,228,100.000,100.021,0,895,895,8.948160,SUCCESS,gaussian,
2026-08-30T21:58:30,90.3,37.0,sensor2_wifi,1,2,6,2,120,227,100.000,100.021,0,855,855,8.548238,SUCCESS,gaussian,
2026-08-30T22:00:11,90.3,37.0,sensor2_wifi,1,2,6,2,120,226,100.000,100.021,0,839,839,8.388256,SUCCESS,gaussian,
2026-08-30T22:01:51,90.3,37.0,sensor2_wifi,1,2,6,2,120,225,100.000,100.021,0,811,811,8.108297,SUCCESS,gaussian,
2026-08-30T22:03:31,90.3,37.0,sensor2_wifi,1,2,6,2,120,224,100.000,100.021,0,791,791,7.908366,SUCCESS,gaussian,
2026-08-30T22:05:12,90.3,37.0,sensor2_wifi,1,2,6,2,120,223,100.000,100.021,0,729,729,7.288454,SUCCESS,gaussian,
2026-08-30T22:06:52,90.3,37.0,sensor2_wifi,1,2,6,2,120,222,100.000,100.021,0,743,743,7.428443,SUCCESS,gaussian,
2026-08-30T22:08:32,90.3,37.0,sensor2_wifi,1,2,6,2,120,221,100.000,100.021,0,742,742,7.418416,SUCCESS,gaussian,
2026-08-30T22:10:13,90.3,37.0,sensor2_wifi,1,2,6,2,120,220,100.000,100.021,0,706,706,7.058534,SUCCESS,gaussian,
2026-08-30T22:11:53,90.3,37.0,sensor2_wifi,1,2,6,2,120,219,100.000,100.020,0,698,698,6.978587,SUCCESS,gaussian,
2026-08-30T22:13:33,90.3,37.0,sensor2_wifi,1,2,6,2,120,218,100.000,100.021,0,647,647,6.468670,SUCCESS,gaussian,
2026-08-30T22:15:14,90.3,37.0,sensor2_wifi,1,2,6,2,120,217,100.000,100.020,0,652,652,6.518670,SUCCESS,gaussian,
2026-08-30T22:16:54,90.3,37.0,sensor2_wifi,1,2,6,2,120,216,100.000,100.021,0,667,667,6.668599,SUCCESS,gaussian,
2026-08-30T22:18:34,90.3,37.0,sensor2_wifi,1,2,6,2,120,215,100.000,100.020,0,643,643,6.428686,SUCCESS,gaussian,
2026-08-30T22:20:14,90.3,37.0,sensor2_wifi,1,2,6,2,120,214,100.000,100.020,0,626,626,6.258720,SUCCESS,gaussian,
2026-08-30T22:21:55,90.3,37.0,sensor2_wifi,1,2,6,2,120,213,100.000,100.021,0,576,576,5.758811,SUCCESS,gaussian,
2026-08-30T22:23:35,90.3,37.0,sensor2_wifi,1,2,6,2,120,212,100.000,100.021,0,602,602,6.018754,SUCCESS,gaussian,
2026-08-30T22:25:15,90.3,37.0,sensor2_wifi,1,2,6,2,120,211,100.000,100.021,0,592,592,5.918772,SUCCESS,gaussian,
2026-08-30T22:26:56,90.3,37.0,sensor2_wifi,1,2,6,2,120,210,100.000,100.020,0,590,590,5.898808,SUCCESS,gaussian,
2026-08-30T22:28:36,90.3,37.0,sensor2_wifi,1,2,6,2,120,209,100.000,100.020,0,586,586,5.858806,SUCCESS,gaussian,
2026-08-30T22:30:16,90.3,37.0,sensor2_wifi,1,2,6,2,120,208,100.000,100.020,0,544,544,5.438888,SUCCESS,gaussian,
2026-08-30T22:31:57,90.3,37.0,sensor2_wifi,1,2,6,2,120,207,100.000,100.020,0,539,539,5.388903,SUCCESS,gaussian,
2026-08-30T22:33:37,90.3,37.0,sensor2_wifi,1,2,6,2,120,206,100.000,100.021,0,513,513,5.128937,SUCCESS,gaussian,
2026-08-30T22:35:17,90.3,37.0,sensor2_wifi,1,2,6,2,120,205,100.000,100.021,0,467,467,4.669031,SUCCESS,gaussian,
2026-08-30T22:36:58,90.3,37.0,sensor2_wifi,1,2,6,2,120,204,100.000,100.021,0,509,509,5.088941,SUCCESS,gaussian,
2026-08-30T22:38:38,90.3,37.0,sensor2_wifi,1,2,6,2,120,203,100.000,100.020,0,506,506,5.058975,SUCCESS,gaussian,
2026-08-30T22:40:18,90.3,37.0,sensor2_wifi,1,2,6,2,120,202,100.000,100.021,0,452,452,4.519060,SUCCESS,gaussian,
2026-08-30T22:41:58,90.3,37.0,sensor2_wifi,1,2,6,2,120,201,100.000,100.021,0,480,480,4.799007,SUCCESS,gaussian,
2026-08-30T22:43:39,90.3,37.0,sensor2_wifi,1,2,6,2,120,200,100.000,100.021,0,503,503,5.028966,SUCCESS,gaussian,
2026-08-30T22:45:19,90.3,37.0,sensor2_wifi,1,2,6,2,120,199,100.000,100.021,0,398,398,3.979153,SUCCESS,gaussian,
2026-08-30T22:46:59,90.3,37.0,sensor2_wifi,1,2,6,2,120,198,100.000,100.021,0,416,416,4.159139,SUCCESS,gaussian,
2026-08-30T22:48:40,90.3,37.0,sensor2_wifi,1,2,6,2,120,197,100.000,100.020,0,397,397,3.969189,SUCCESS,gaussian,
2026-08-30T22:50:20,90.3,37.0,sensor2_wifi,1,2,6,2,120,196,100.000,100.020,0,404,404,4.039202,SUCCESS,gaussian,
2026-08-30T22:52:00,90.3,37.0,sensor2_wifi,1,2,6,2,120,195,100.000,100.021,0,394,394,3.939190,SUCCESS,gaussian,
2026-08-30T22:53:41,90.3,37.0,sensor2_wifi,1,2,6,2,120,194,100.000,100.021,0,366,366,3.659242,SUCCESS,gaussian,
2026-08-30T22:55:21,90.3,37.0,sensor2_wifi,1,2,6,2,120,193,100.000,100.021,0,347,347,3.469268,SUCCESS,gaussian,
2026-08-30T22:57:01,90.3,37.0,sensor2_wifi,1,2,6,2,120,192,100.000,100.021,0,310,310,3.099352,SUCCESS,gaussian,
2026-08-30T22:58:42,90.3,37.0,sensor2_wifi,1,2,6,2,120,191,100.000,100.021,0,351,351,3.509270,SUCCESS,gaussian,
2026-08-30T23:00:22,90.3,37.0,sensor2_wifi,1,2,6,2,120,190,100.000,100.021,0,368,368,3.679225,SUCCESS,gaussian,
2026-08-30T23:02:02,90.3,37.0,sensor2_wifi,1,2,6,2,120,189,100.000,100.021,0,298,298,2.979381,SUCCESS,gaussian,
2026-08-30T23:03:43,90.3,37.0,sensor2_wifi,1,2,6,2,120,188,100.000,100.021,0,303,303,3.029371,SUCCESS,gaussian,
2026-08-30T23:05:23,90.3,37.0,sensor2_wifi,1,2,6,2,120,187,100.000,100.021,0,280,280,2.799418,SUCCESS,gaussian,
2026-08-30T23:07:03,90.3,37.0,sensor2_wifi,1,2,6,2,120,186,100.000,100.021,0,255,255,2.549475,SUCCESS,gaussian,
2026-08-30T23:08:44,90.3,37.0,sensor2_wifi,1,2,6,2,120,185,100.000,100.021,0,255,255,2.549467,SUCCESS,gaussian,
2026-08-30T23:10:24,90.3,37.0,sensor2_wifi,1,2,6,2,120,184,100.000,100.021,0,237,237,2.369512,SUCCESS,gaussian,
2026-08-30T23:12:04,90.3,37.0,sensor2_wifi,1,2,6,2,120,183,100.000,100.021,0,204,204,2.039575,SUCCESS,gaussian,
2026-08-30T23:13:44,90.3,37.0,sensor2_wifi,1,2,6,2,120,182,100.000,100.021,0,190,190,1.899606,SUCCESS,gaussian,
2026-08-30T23:15:25,90.3,37.0,sensor2_wifi,1,2,6,2,120,181,100.000,100.021,0,216,216,2.159540,SUCCESS,gaussian,
2026-08-30T23:17:05,90.3,37.0,sensor2_wifi,1,2,6,2,120,180,100.000,100.021,0,179,179,1.789626,SUCCESS,gaussian,
2026-08-30T23:18:45,90.3,37.0,sensor2_wifi,1,2,6,2,120,179,100.000,100.020,0,148,148,1.479703,SUCCESS,gaussian,
2026-08-30T23:20:26,90.3,37.0,sensor2_wifi,1,2,6,2,120,178,100.000,100.021,0,170,170,1.699644,SUCCESS,gaussian,
2026-08-30T23:22:06,90.3,37.0,sensor2_wifi,1,2,6,2,120,177,100.000,100.010,0,124,124,1.239875,SUCCESS,gaussian,
2026-08-30T23:23:46,90.3,37.0,sensor2_wifi,1,2,6,2,120,176,100.000,100.021,0,122,122,1.219750,SUCCESS,gaussian,
2026-08-30T23:25:27,90.3,37.0,sensor2_wifi,1,2,6,2,120,175,100.000,100.021,0,129,129,1.289732,SUCCESS,gaussian,
2026-08-30T23:27:07,90.3,37.0,sensor2_wifi,1,2,6,2,120,174,100.000,100.021,0,94,94,0.939805,SUCCESS,gaussian,
2026-08-30T23:28:47,90.3,37.0,sensor2_wifi,1,2,6,2,120,173,100.000,100.021,0,97,97,0.969799,SUCCESS,gaussian,
2026-08-30T23:30:28,90.3,37.0,sensor2_wifi,1,2,6,2,120,172,100.000,100.020,0,98,98,0.979801,SUCCESS,gaussian,
2026-08-30T23:32:08,90.3,37.0,sensor2_wifi,1,2,6,2,120,171,100.000,100.021,0,75,75,0.749842,SUCCESS,gaussian,
2026-08-30T23:33:48,90.3,37.0,sensor2_wifi,1,2,6,2,120,170,100.000,100.021,0,76,76,0.759843,SUCCESS,gaussian,
2026-08-30T23:35:28,90.3,37.0,sensor2_wifi,1,2,6,2,120,169,100.000,100.021,0,77,77,0.769842,SUCCESS,gaussian,
2026-08-30T23:37:09,90.3,37.0,sensor2_wifi,1,2,6,2,120,168,100.000,100.020,0,72,72,0.719853,SUCCESS,gaussian,
2026-08-30T23:38:49,90.3,37.0,sensor2_wifi,1,2,6,2,120,167,100.000,100.021,0,58,58,0.579880,SUCCESS,gaussian,
2026-08-30T23:40:29,90.3,37.0,sensor2_wifi,1,2,6,2,120,166,100.000,100.021,0,31,31,0.309936,SUCCESS,gaussian,
2026-08-30T23:42:10,90.3,37.0,sensor2_wifi,1,2,6,2,120,165,100.000,100.021,0,33,33,0.329932,SUCCESS,gaussian,
2026-08-30T23:43:50,90.3,37.0,sensor2_wifi,1,2,6,2,120,164,100.000,100.020,0,26,26,0.259947,SUCCESS,gaussian,
2026-08-30T23:45:30,90.3,37.0,sensor2_wifi,1,2,6,2,120,163,100.000,100.021,0,25,25,0.249948,SUCCESS,gaussian,
2026-08-30T23:47:11,90.3,37.0,sensor2_wifi,1,2,6,2,120,162,100.000,100.020,0,48,48,0.479903,SUCCESS,gaussian,
2026-08-30T23:48:51,90.3,37.0,sensor2_wifi,1,2,6,2,120,161,100.000,100.021,0,20,20,0.199958,SUCCESS,gaussian,
2026-08-30T23:50:31,90.3,37.0,sensor2_wifi,1,2,6,2,120,160,100.000,100.020,0,23,23,0.229953,SUCCESS,gaussian,
2026-08-30T23:52:12,90.3,37.0,sensor2_wifi,1,2,6,2,120,159,100.000,100.021,0,7,7,0.069985,SUCCESS,gaussian,
2026-08-30T23:53:52,90.3,37.0,sensor2_wifi,1,2,6,2,120,158,100.000,100.021,0,5,5,0.049990,SUCCESS,gaussian,
2026-08-30T23:55:32,90.3,37.0,sensor2_wifi,1,2,6,2,120,157,100.000,100.021,0,8,8,0.079983,SUCCESS,gaussian,
2026-08-30T23:57:12,90.3,37.0,sensor2_wifi,1,2,6,2,120,156,100.000,100.020,0,5,5,0.049990,SUCCESS,gaussian,
2026-08-30T23:58:53,90.3,37.0,sensor2_wifi,1,2,6,2,120,155,100.000,100.020,0,6,6,0.059988,SUCCESS,gaussian,
2026-08-31T00:00:33,90.3,37.0,sensor2_wifi,1,2,6,2,120,154,100.000,100.021,0,3,3,0.029994,SUCCESS,gaussian,
2026-08-31T00:02:13,90.3,37.0,sensor2_wifi,1,2,6,2,120,153,100.000,100.021,0,2,2,0.019996,SUCCESS,gaussian,
2026-08-31T00:03:54,90.3,37.0,sensor2_wifi,1,2,6,2,120,152,100.000,100.021,0,3,3,0.029994,SUCCESS,gaussian,
2026-08-31T00:05:34,90.3,37.0,sensor2_wifi,1,2,6,2,120,151,100.000,100.021,0,0,0,0.000000,SUCCESS,gaussian,
2026-08-31T00:07:14,90.3,37.0,sensor2_wifi,1,2,6,2,120,150,100.000,100.021,0,1,1,0.009998,SUCCESS,gaussian,
2026-08-31T00:08:55,90.3,37.0,sensor2_wifi,1,2,6,2,120,149,100.000,100.021,0,1,1,0.009998,SUCCESS,gaussian,
2026-08-31T00:10:35,90.3,37.0,sensor2_wifi,1,2,6,2,120,148,100.000,100.021,0,0,0,0.000000,SUCCESS,gaussian,
2026-08-31T00:12:15,90.3,37.0,sensor2_wifi,1,2,6,2,120,147,100.000,100.020,0,2,2,0.019996,SUCCESS,gaussian,
2026-08-31T00:13:56,90.3,37.0,sensor2_wifi,1,2,6,2,120,146,100.000,100.021,0,0,0,0.000000,SUCCESS,gaussian,
2026-08-31T00:15:36,90.3,37.0,sensor2_wifi,1,2,6,2,120,145,100.000,100.021,0,0,0,0.000000,SUCCESS,gaussian,
2026-08-31T00:17:16,90.3,37.0,sensor2_wifi,2,0,4,0,120,255,100.000,100.020,0,1158387,1158387,11581.500079,SUCCESS,gaussian,
2026-08-31T00:18:57,90.3,37.0,sensor2_wifi,2,0,4,0,120,254,100.000,100.021,0,13617024,13617024,136141.446905,SUCCESS,gaussian,
2026-08-31T00:20:37,90.3,37.0,sensor2_wifi,2,0,4,0,120,253,100.000,100.021,0,8867033,8867033,88651.913340,SUCCESS,gaussian,
2026-08-31T00:22:17,90.3,37.0,sensor2_wifi,2,0,4,0,120,252,100.000,100.021,0,5025896,5025896,50248.281756,SUCCESS,gaussian,
2026-08-31T00:23:57,90.3,37.0,sensor2_wifi,2,0,4,0,120,251,100.000,100.021,0,1906739,1906739,19063.460094,SUCCESS,gaussian,
2026-08-31T00:25:38,90.3,37.0,sensor2_wifi,2,0,4,0,120,250,100.000,100.021,0,789394,789394,7892.265490,SUCCESS,gaussian,
2026-08-31T00:27:18,90.3,37.0,sensor2_wifi,2,0,4,0,120,249,100.000,100.021,0,370176,370176,3700.993869,SUCCESS,gaussian,
2026-08-31T00:28:58,90.3,37.0,sensor2_wifi,2,0,4,0,120,248,100.000,100.021,0,158853,158853,1588.194084,SUCCESS,gaussian,
2026-08-31T00:30:39,90.3,37.0,sensor2_wifi,2,0,4,0,120,247,100.000,100.021,0,73251,73251,732.359383,SUCCESS,gaussian,
2026-08-31T00:32:19,90.3,37.0,sensor2_wifi,2,0,4,0,120,246,100.000,100.021,0,29245,29245,292.389177,SUCCESS,gaussian,
2026-08-31T00:33:59,90.3,37.0,sensor2_wifi,2,0,4,0,120,245,100.000,100.021,0,11233,11233,112.306782,SUCCESS,gaussian,
2026-08-31T00:35:40,90.3,37.0,sensor2_wifi,2,0,4,0,120,244,100.000,100.021,0,4751,4751,47.499955,SUCCESS,gaussian,
2026-08-31T00:37:20,90.3,37.0,sensor2_wifi,2,0,4,0,120,243,100.000,100.021,0,1836,1836,18.356153,SUCCESS,gaussian,
2026-08-31T00:39:00,90.3,37.0,sensor2_wifi,2,0,4,0,120,242,100.000,100.020,0,1248,1248,12.477473,SUCCESS,gaussian,
2026-08-31T00:40:41,90.3,37.0,sensor2_wifi,2,0,4,0,120,241,100.000,100.020,0,997,997,9.967961,SUCCESS,gaussian,
2026-08-31T00:42:21,90.3,37.0,sensor2_wifi,2,0,4,0,120,240,100.000,100.021,0,850,850,8.498257,SUCCESS,gaussian,
2026-08-31T00:44:01,90.3,37.0,sensor2_wifi,2,0,4,0,120,239,100.000,100.021,0,818,818,8.178267,SUCCESS,gaussian,
2026-08-31T00:45:42,90.3,37.0,sensor2_wifi,2,0,4,0,120,238,100.000,100.021,0,784,784,7.838381,SUCCESS,gaussian,
2026-08-31T00:47:22,90.3,37.0,sensor2_wifi,2,0,4,0,120,237,100.000,100.020,0,761,761,7.608451,SUCCESS,gaussian,
2026-08-31T00:49:02,90.3,37.0,sensor2_wifi,2,0,4,0,120,236,100.000,100.021,0,701,701,7.008520,SUCCESS,gaussian,
2026-08-31T00:50:42,90.3,37.0,sensor2_wifi,2,0,4,0,120,235,100.000,100.021,0,690,690,6.898582,SUCCESS,gaussian,
2026-08-31T00:52:23,90.3,37.0,sensor2_wifi,2,0,4,0,120,234,100.000,100.021,0,687,687,6.868581,SUCCESS,gaussian,
2026-08-31T00:54:03,90.3,37.0,sensor2_wifi,2,0,4,0,120,233,100.000,100.021,0,645,645,6.448622,SUCCESS,gaussian,
2026-08-31T00:55:43,90.3,37.0,sensor2_wifi,2,0,4,0,120,232,100.000,100.021,0,628,628,6.278684,SUCCESS,gaussian,
2026-08-31T00:57:24,90.3,37.0,sensor2_wifi,2,0,4,0,120,231,100.000,100.020,0,606,606,6.058774,SUCCESS,gaussian,
2026-08-31T00:59:04,90.3,37.0,sensor2_wifi,2,0,4,0,120,230,100.000,100.021,0,605,605,6.048748,SUCCESS,gaussian,
2026-08-31T01:00:44,90.3,37.0,sensor2_wifi,2,0,4,0,120,229,100.000,100.021,0,595,595,5.948741,SUCCESS,gaussian,
2026-08-31T01:02:25,90.3,37.0,sensor2_wifi,2,0,4,0,120,228,100.000,100.021,0,602,602,6.018760,SUCCESS,gaussian,
2026-08-31T01:04:05,90.3,37.0,sensor2_wifi,2,0,4,0,120,227,100.000,100.021,0,563,563,5.628835,SUCCESS,gaussian,
2026-08-31T01:05:45,90.3,37.0,sensor2_wifi,2,0,4,0,120,226,100.000,100.021,0,571,571,5.708812,SUCCESS,gaussian,
2026-08-31T01:07:26,90.3,37.0,sensor2_wifi,2,0,4,0,120,225,100.000,100.021,0,495,495,4.948955,SUCCESS,gaussian,
2026-08-31T01:09:06,90.3,37.0,sensor2_wifi,2,0,4,0,120,224,100.000,100.021,0,575,575,5.748783,SUCCESS,gaussian,
2026-08-31T01:10:46,90.3,37.0,sensor2_wifi,2,0,4,0,120,223,100.000,100.021,0,590,590,5.898769,SUCCESS,gaussian,
2026-08-31T01:12:27,90.3,37.0,sensor2_wifi,2,0,4,0,120,222,100.000,100.021,0,544,544,5.438852,SUCCESS,gaussian,
2026-08-31T01:14:07,90.3,37.0,sensor2_wifi,2,0,4,0,120,221,100.000,100.021,0,593,593,5.928784,SUCCESS,gaussian,
2026-08-31T01:15:47,90.3,37.0,sensor2_wifi,2,0,4,0,120,220,100.000,100.021,0,520,520,5.198900,SUCCESS,gaussian,
2026-08-31T01:17:27,90.3,37.0,sensor2_wifi,2,0,4,0,120,219,100.000,100.021,0,527,527,5.268898,SUCCESS,gaussian,
2026-08-31T01:19:08,90.3,37.0,sensor2_wifi,2,0,4,0,120,218,100.000,100.020,0,540,540,5.398898,SUCCESS,gaussian,
2026-08-31T01:20:48,90.3,37.0,sensor2_wifi,2,0,4,0,120,217,100.000,100.020,0,467,467,4.669050,SUCCESS,gaussian,
2026-08-31T01:22:28,90.3,37.0,sensor2_wifi,2,0,4,0,120,216,100.000,100.020,0,486,486,4.859007,SUCCESS,gaussian,
2026-08-31T01:24:09,90.3,37.0,sensor2_wifi,2,0,4,0,120,215,100.000,100.020,0,480,480,4.799028,SUCCESS,gaussian,
2026-08-31T01:25:49,90.3,37.0,sensor2_wifi,2,0,4,0,120,214,100.000,100.020,0,444,444,4.439100,SUCCESS,gaussian,
2026-08-31T01:27:29,90.3,37.0,sensor2_wifi,2,0,4,0,120,213,100.000,100.021,0,455,455,4.549044,SUCCESS,gaussian,
2026-08-31T01:29:10,90.3,37.0,sensor2_wifi,2,0,4,0,120,212,100.000,100.021,0,437,437,4.369094,SUCCESS,gaussian,
2026-08-31T01:30:50,90.3,37.0,sensor2_wifi,2,0,4,0,120,211,100.000,100.021,0,443,443,4.429059,SUCCESS,gaussian,
2026-08-31T01:32:30,90.3,37.0,sensor2_wifi,2,0,4,0,120,210,100.000,100.020,0,466,466,4.659045,SUCCESS,gaussian,
2026-08-31T01:34:10,90.3,37.0,sensor2_wifi,2,0,4,0,120,209,100.000,100.021,0,401,401,4.009178,SUCCESS,gaussian,
2026-08-31T01:35:51,90.3,37.0,sensor2_wifi,2,0,4,0,120,208,100.000,100.021,0,412,412,4.119134,SUCCESS,gaussian,
2026-08-31T01:37:31,90.3,37.0,sensor2_wifi,2,0,4,0,120,207,100.000,100.021,0,403,403,4.029158,SUCCESS,gaussian,
2026-08-31T01:39:11,90.3,37.0,sensor2_wifi,2,0,4,0,120,206,100.000,100.021,0,367,367,3.669242,SUCCESS,gaussian,
2026-08-31T01:40:52,90.3,37.0,sensor2_wifi,2,0,4,0,120,205,100.000,100.021,0,368,368,3.679241,SUCCESS,gaussian,
2026-08-31T01:42:32,90.3,37.0,sensor2_wifi,2,0,4,0,120,204,100.000,100.021,0,330,330,3.299313,SUCCESS,gaussian,
2026-08-31T01:44:12,90.3,37.0,sensor2_wifi,2,0,4,0,120,203,100.000,100.021,0,346,346,3.459278,SUCCESS,gaussian,
2026-08-31T01:45:53,90.3,37.0,sensor2_wifi,2,0,4,0,120,202,100.000,100.021,0,295,295,2.949379,SUCCESS,gaussian,
2026-08-31T01:47:33,90.3,37.0,sensor2_wifi,2,0,4,0,120,201,100.000,100.021,0,292,292,2.919388,SUCCESS,gaussian,
2026-08-31T01:49:13,90.3,37.0,sensor2_wifi,2,0,4,0,120,200,100.000,100.021,0,254,254,2.539475,SUCCESS,gaussian,
2026-08-31T01:50:54,90.3,37.0,sensor2_wifi,2,0,4,0,120,199,100.000,100.020,0,266,266,2.659458,SUCCESS,gaussian,
2026-08-31T01:52:34,90.3,37.0,sensor2_wifi,2,0,4,0,120,198,100.000,100.021,0,264,264,2.639446,SUCCESS,gaussian,
2026-08-31T01:54:14,90.3,37.0,sensor2_wifi,2,0,4,0,120,197,100.000,100.020,0,241,241,2.409510,SUCCESS,gaussian,
2026-08-31T01:55:55,90.3,37.0,sensor2_wifi,2,0,4,0,120,196,100.000,100.021,0,224,224,2.239532,SUCCESS,gaussian,
2026-08-31T01:57:35,90.3,37.0,sensor2_wifi,2,0,4,0,120,195,100.000,100.021,0,190,190,1.899608,SUCCESS,gaussian,
2026-08-31T01:59:15,90.3,37.0,sensor2_wifi,2,0,4,0,120,194,100.000,100.021,0,186,186,1.859618,SUCCESS,gaussian,
2026-08-31T02:00:55,90.3,37.0,sensor2_wifi,2,0,4,0,120,193,100.000,100.021,0,172,172,1.719643,SUCCESS,gaussian,
2026-08-31T02:02:36,90.3,37.0,sensor2_wifi,2,0,4,0,120,192,100.000,100.021,0,168,168,1.679652,SUCCESS,gaussian,
2026-08-31T02:04:16,90.3,37.0,sensor2_wifi,2,0,4,0,120,191,100.000,100.021,0,178,178,1.779632,SUCCESS,gaussian,
2026-08-31T02:05:56,90.3,37.0,sensor2_wifi,2,0,4,0,120,190,100.000,100.021,0,197,197,1.969586,SUCCESS,gaussian,
2026-08-31T02:07:37,90.3,37.0,sensor2_wifi,2,0,4,0,120,189,100.000,100.020,0,178,178,1.779636,SUCCESS,gaussian,
2026-08-31T02:09:17,90.3,37.0,sensor2_wifi,2,0,4,0,120,188,100.000,100.021,0,160,160,1.599667,SUCCESS,gaussian,
2026-08-31T02:10:57,90.3,37.0,sensor2_wifi,2,0,4,0,120,187,100.000,100.021,0,140,140,1.399702,SUCCESS,gaussian,
2026-08-31T02:12:38,90.3,37.0,sensor2_wifi,2,0,4,0,120,186,100.000,100.020,0,118,118,1.179761,SUCCESS,gaussian,
2026-08-31T02:14:18,90.3,37.0,sensor2_wifi,2,0,4,0,120,185,100.000,100.021,0,138,138,1.379715,SUCCESS,gaussian,
2026-08-31T02:15:58,90.3,37.0,sensor2_wifi,2,0,4,0,120,184,100.000,100.021,0,85,85,0.849823,SUCCESS,gaussian,
2026-08-31T02:17:38,90.3,37.0,sensor2_wifi,2,0,4,0,120,183,100.000,100.021,0,84,84,0.839824,SUCCESS,gaussian,
2026-08-31T02:19:19,90.3,37.0,sensor2_wifi,2,0,4,0,120,182,100.000,100.020,0,76,76,0.759845,SUCCESS,gaussian,
2026-08-31T02:20:59,90.3,37.0,sensor2_wifi,2,0,4,0,120,181,100.000,100.021,0,72,72,0.719850,SUCCESS,gaussian,
2026-08-31T02:22:39,90.3,37.0,sensor2_wifi,2,0,4,0,120,180,100.000,100.021,0,59,59,0.589875,SUCCESS,gaussian,
2026-08-31T02:24:20,90.3,37.0,sensor2_wifi,2,0,4,0,120,179,100.000,100.021,0,50,50,0.499894,SUCCESS,gaussian,
2026-08-31T02:26:00,90.3,37.0,sensor2_wifi,2,0,4,0,120,178,100.000,100.021,0,43,43,0.429910,SUCCESS,gaussian,
2026-08-31T02:27:40,90.3,37.0,sensor2_wifi,2,0,4,0,120,177,100.000,100.021,0,47,47,0.469903,SUCCESS,gaussian,
2026-08-31T02:29:21,90.3,37.0,sensor2_wifi,2,0,4,0,120,176,100.000,100.021,0,35,35,0.349928,SUCCESS,gaussian,
2026-08-31T02:31:01,90.3,37.0,sensor2_wifi,2,0,4,0,120,175,100.000,100.021,0,35,35,0.349927,SUCCESS,gaussian,
2026-08-31T02:32:41,90.3,37.0,sensor2_wifi,2,0,4,0,120,174,100.000,100.020,0,33,33,0.329932,SUCCESS,gaussian,
2026-08-31T02:34:22,90.3,37.0,sensor2_wifi,2,0,4,0,120,173,100.000,100.021,0,26,26,0.259945,SUCCESS,gaussian,
2026-08-31T02:36:02,90.3,37.0,sensor2_wifi,2,0,4,0,120,172,100.000,100.021,0,18,18,0.179962,SUCCESS,gaussian,
2026-08-31T02:37:42,90.3,37.0,sensor2_wifi,2,0,4,0,120,171,100.000,100.021,0,16,16,0.159966,SUCCESS,gaussian,
2026-08-31T02:39:23,90.3,37.0,sensor2_wifi,2,0,4,0,120,170,100.000,100.020,0,10,10,0.099980,SUCCESS,gaussian,
2026-08-31T02:41:03,90.3,37.0,sensor2_wifi,2,0,4,0,120,169,100.000,100.023,0,8,8,0.079982,SUCCESS,gaussian,
2026-08-31T02:42:43,90.3,37.0,sensor2_wifi,2,0,4,0,120,168,100.000,100.021,0,11,11,0.109977,SUCCESS,gaussian,
2026-08-31T02:44:24,90.3,37.0,sensor2_wifi,2,0,4,0,120,167,100.000,100.021,0,8,8,0.079983,SUCCESS,gaussian,
2026-08-31T02:46:04,90.3,37.0,sensor2_wifi,2,0,4,0,120,166,100.000,100.021,0,7,7,0.069986,SUCCESS,gaussian,
2026-08-31T02:47:44,90.3,37.0,sensor2_wifi,2,0,4,0,120,165,100.000,100.020,0,2,2,0.019996,SUCCESS,gaussian,
2026-08-31T02:49:25,90.3,37.0,sensor2_wifi,2,0,4,0,120,164,100.000,100.021,0,0,0,0.000000,SUCCESS,gaussian,
2026-08-31T02:51:05,90.3,37.0,sensor2_wifi,2,0,4,0,120,163,100.000,100.021,0,3,3,0.029994,SUCCESS,gaussian,
2026-08-31T02:52:45,90.3,37.0,sensor2_wifi,2,0,4,0,120,162,100.000,100.020,0,2,2,0.019996,SUCCESS,gaussian,
2026-08-31T02:54:26,90.3,37.0,sensor2_wifi,2,0,4,0,120,161,100.000,100.021,0,3,3,0.029994,SUCCESS,gaussian,
2026-08-31T02:56:06,90.3,37.0,sensor2_wifi,2,0,4,0,120,160,100.000,100.021,0,0,0,0.000000,SUCCESS,gaussian,
2026-08-31T02:57:46,90.3,37.0,sensor2_wifi,2,0,4,0,120,159,100.000,100.021,0,0,0,0.000000,SUCCESS,gaussian,
2026-08-31T02:59:27,90.3,37.0,sensor2_wifi,2,1,5,1,120,255,100.000,100.021,0,9856541,9856541,98545.155904,SUCCESS,gaussian,
2026-08-31T03:01:07,90.3,37.0,sensor2_wifi,2,1,5,1,120,254,100.000,100.020,0,11354775,11354775,113524.645322,SUCCESS,gaussian,
2026-08-31T03:02:47,90.3,37.0,sensor2_wifi,2,1,5,1,120,253,100.000,100.021,0,12257029,12257029,122545.133839,SUCCESS,gaussian,
2026-08-31T03:04:27,90.3,37.0,sensor2_wifi,2,1,5,1,120,252,100.000,100.021,0,13155966,13155966,131532.224316,SUCCESS,gaussian,
2026-08-31T03:06:08,90.3,37.0,sensor2_wifi,2,1,5,1,120,251,100.000,100.021,0,15292965,15292965,152897.756323,SUCCESS,gaussian,
2026-08-31T03:07:48,90.3,37.0,sensor2_wifi,2,1,5,1,120,250,100.000,100.021,0,729865,729865,7297.117177,SUCCESS,gaussian,
2026-08-31T03:09:28,90.3,37.0,sensor2_wifi,2,1,5,1,120,249,100.000,100.031,0,1718063,1718063,17175.238865,SUCCESS,gaussian,
2026-08-31T03:11:09,90.3,37.0,sensor2_wifi,2,1,5,1,120,248,100.000,100.020,0,352748,352748,3526.761867,SUCCESS,gaussian,
2026-08-31T03:12:49,90.3,37.0,sensor2_wifi,2,1,5,1,120,247,100.000,100.021,0,12097120,12097120,120946.392504,SUCCESS,gaussian,
2026-08-31T03:14:29,90.3,37.0,sensor2_wifi,2,1,5,1,120,246,100.000,100.021,0,7694499,7694499,76928.558488,SUCCESS,gaussian,
2026-08-31T03:16:10,90.3,37.0,sensor2_wifi,2,1,5,1,120,245,100.000,100.020,0,4135437,4135437,41345.934424,SUCCESS,gaussian,
2026-08-31T03:17:50,90.3,37.0,sensor2_wifi,2,1,5,1,120,244,100.000,100.021,0,1882256,1882256,18818.593755,SUCCESS,gaussian,
2026-08-31T03:19:30,90.3,37.0,sensor2_wifi,2,1,5,1,120,243,100.000,100.021,0,735191,735191,7350.391765,SUCCESS,gaussian,
2026-08-31T03:21:10,90.3,37.0,sensor2_wifi,2,1,5,1,120,242,100.000,100.021,0,298353,298353,2982.918254,SUCCESS,gaussian,
2026-08-31T03:22:51,90.3,37.0,sensor2_wifi,2,1,5,1,120,241,100.000,100.010,0,136796,136796,1367.817694,SUCCESS,gaussian,
2026-08-31T03:24:31,90.3,37.0,sensor2_wifi,2,1,5,1,120,240,100.000,100.021,0,49326,49326,493.158599,SUCCESS,gaussian,
2026-08-31T03:26:11,90.3,37.0,sensor2_wifi,2,1,5,1,120,239,100.000,100.021,0,68741,68741,687.268871,SUCCESS,gaussian,
2026-08-31T03:27:52,90.3,37.0,sensor2_wifi,2,1,5,1,120,238,100.000,100.021,0,24046,24046,240.410214,SUCCESS,gaussian,
2026-08-31T03:29:32,90.3,37.0,sensor2_wifi,2,1,5,1,120,237,100.000,100.020,0,9038,9038,90.361683,SUCCESS,gaussian,
2026-08-31T03:31:12,90.3,37.0,sensor2_wifi,2,1,5,1,120,236,100.000,100.021,0,3551,3551,35.502666,SUCCESS,gaussian,
2026-08-31T03:32:53,90.3,37.0,sensor2_wifi,2,1,5,1,120,235,100.000,100.020,0,1559,1559,15.586843,SUCCESS,gaussian,
2026-08-31T03:34:33,90.3,37.0,sensor2_wifi,2,1,5,1,120,234,100.000,100.020,0,1126,1126,11.257698,SUCCESS,gaussian,
2026-08-31T03:36:13,90.3,37.0,sensor2_wifi,2,1,5,1,120,233,100.000,100.021,0,862,862,8.618195,SUCCESS,gaussian,
2026-08-31T03:37:54,90.3,37.0,sensor2_wifi,2,1,5,1,120,232,100.000,100.021,0,860,860,8.598190,SUCCESS,gaussian,
2026-08-31T03:39:34,90.3,37.0,sensor2_wifi,2,1,5,1,120,231,100.000,100.021,0,751,751,7.508430,SUCCESS,gaussian,
2026-08-31T03:41:14,90.3,37.0,sensor2_wifi,2,1,5,1,120,230,100.000,100.021,0,743,743,7.428442,SUCCESS,gaussian,
2026-08-31T03:42:55,90.3,37.0,sensor2_wifi,2,1,5,1,120,229,100.000,100.020,0,740,740,7.398510,SUCCESS,gaussian,
2026-08-31T03:44:35,90.3,37.0,sensor2_wifi,2,1,5,1,120,228,100.000,100.021,0,766,766,7.658430,SUCCESS,gaussian,
2026-08-31T03:46:15,90.3,37.0,sensor2_wifi,2,1,5,1,120,227,100.000,100.020,0,687,687,6.868597,SUCCESS,gaussian,
2026-08-31T03:47:55,90.3,37.0,sensor2_wifi,2,1,5,1,120,226,100.000,100.020,0,705,705,7.048558,SUCCESS,gaussian,
2026-08-31T03:49:36,90.3,37.0,sensor2_wifi,2,1,5,1,120,225,100.000,100.021,0,641,641,6.408666,SUCCESS,gaussian,
2026-08-31T03:51:16,90.3,37.0,sensor2_wifi,2,1,5,1,120,224,100.000,100.021,0,661,661,6.608622,SUCCESS,gaussian,
2026-08-31T03:52:56,90.3,37.0,sensor2_wifi,2,1,5,1,120,223,100.000,100.021,0,622,622,6.218684,SUCCESS,gaussian,
2026-08-31T03:54:37,90.3,37.0,sensor2_wifi,2,1,5,1,120,222,100.000,100.021,0,583,583,5.828773,SUCCESS,gaussian,
2026-08-31T03:56:17,90.3,37.0,sensor2_wifi,2,1,5,1,120,221,100.000,100.021,0,611,611,6.108741,SUCCESS,gaussian,
2026-08-31T03:57:57,90.3,37.0,sensor2_wifi,2,1,5,1,120,220,100.000,100.020,0,539,539,5.388897,SUCCESS,gaussian,
2026-08-31T03:59:38,90.3,37.0,sensor2_wifi,2,1,5,1,120,219,100.000,100.020,0,569,569,5.688839,SUCCESS,gaussian,
2026-08-31T04:01:18,90.3,37.0,sensor2_wifi,2,1,5,1,120,218,100.000,100.021,0,552,552,5.518855,SUCCESS,gaussian,
2026-08-31T04:02:58,90.3,37.0,sensor2_wifi,2,1,5,1,120,217,100.000,100.021,0,568,568,5.678826,SUCCESS,gaussian,
2026-08-31T04:04:39,90.3,37.0,sensor2_wifi,2,1,5,1,120,216,100.000,100.020,0,566,566,5.658840,SUCCESS,gaussian,
2026-08-31T04:06:19,90.3,37.0,sensor2_wifi,2,1,5,1,120,215,100.000,100.021,0,563,563,5.628838,SUCCESS,gaussian,
2026-08-31T04:07:59,90.3,37.0,sensor2_wifi,2,1,5,1,120,214,100.000,100.021,0,532,532,5.318893,SUCCESS,gaussian,
2026-08-31T04:09:40,90.3,37.0,sensor2_wifi,2,1,5,1,120,213,100.000,100.020,0,509,509,5.088970,SUCCESS,gaussian,
2026-08-31T04:11:20,90.3,37.0,sensor2_wifi,2,1,5,1,120,212,100.000,100.021,0,522,522,5.218917,SUCCESS,gaussian,
2026-08-31T04:13:00,90.3,37.0,sensor2_wifi,2,1,5,1,120,211,100.000,100.021,0,530,530,5.298878,SUCCESS,gaussian,
2026-08-31T04:14:40,90.3,37.0,sensor2_wifi,2,1,5,1,120,210,100.000,100.021,0,501,501,5.008972,SUCCESS,gaussian,
2026-08-31T04:16:21,90.3,37.0,sensor2_wifi,2,1,5,1,120,209,100.000,100.020,0,494,494,4.938997,SUCCESS,gaussian,
2026-08-31T04:18:01,90.3,37.0,sensor2_wifi,2,1,5,1,120,208,100.000,100.020,0,426,426,4.259137,SUCCESS,gaussian,
2026-08-31T04:19:41,90.3,37.0,sensor2_wifi,2,1,5,1,120,207,100.000,100.021,0,453,453,4.529048,SUCCESS,gaussian,
2026-08-31T04:21:22,90.3,37.0,sensor2_wifi,2,1,5,1,120,206,100.000,100.021,0,483,483,4.828995,SUCCESS,gaussian,
2026-08-31T04:23:02,90.3,37.0,sensor2_wifi,2,1,5,1,120,205,100.000,100.020,0,466,466,4.659049,SUCCESS,gaussian,
2026-08-31T04:24:42,90.3,37.0,sensor2_wifi,2,1,5,1,120,204,100.000,100.020,0,441,441,4.409104,SUCCESS,gaussian,
2026-08-31T04:26:23,90.3,37.0,sensor2_wifi,2,1,5,1,120,203,100.000,100.021,0,379,379,3.789201,SUCCESS,gaussian,
2026-08-31T04:28:03,90.3,37.0,sensor2_wifi,2,1,5,1,120,202,100.000,100.020,0,378,378,3.779228,SUCCESS,gaussian,
2026-08-31T04:29:43,90.3,37.0,sensor2_wifi,2,1,5,1,120,201,100.000,100.020,0,427,427,4.269133,SUCCESS,gaussian,
2026-08-31T04:31:24,90.3,37.0,sensor2_wifi,2,1,5,1,120,200,100.000,100.021,0,392,392,3.919192,SUCCESS,gaussian,
2026-08-31T04:33:04,90.3,37.0,sensor2_wifi,2,1,5,1,120,199,100.000,100.021,0,334,334,3.339297,SUCCESS,gaussian,
2026-08-31T04:34:44,90.3,37.0,sensor2_wifi,2,1,5,1,120,198,100.000,100.020,0,328,328,3.279328,SUCCESS,gaussian,
2026-08-31T04:36:25,90.3,37.0,sensor2_wifi,2,1,5,1,120,197,100.000,100.021,0,323,323,3.229325,SUCCESS,gaussian,
2026-08-31T04:38:05,90.3,37.0,sensor2_wifi,2,1,5,1,120,196,100.000,100.021,0,317,317,3.169338,SUCCESS,gaussian,
2026-08-31T04:39:45,90.3,37.0,sensor2_wifi,2,1,5,1,120,195,100.000,100.021,0,308,308,3.079361,SUCCESS,gaussian,
2026-08-31T04:41:25,90.3,37.0,sensor2_wifi,2,1,5,1,120,194,100.000,100.020,0,268,268,2.679452,SUCCESS,gaussian,
2026-08-31T04:43:06,90.3,37.0,sensor2_wifi,2,1,5,1,120,193,100.000,100.021,0,248,248,2.479485,SUCCESS,gaussian,
2026-08-31T04:44:46,90.3,37.0,sensor2_wifi,2,1,5,1,120,192,100.000,100.021,0,238,238,2.379509,SUCCESS,gaussian,
2026-08-31T04:46:26,90.3,37.0,sensor2_wifi,2,1,5,1,120,191,100.000,100.020,0,292,292,2.919409,SUCCESS,gaussian,
2026-08-31T04:48:07,90.3,37.0,sensor2_wifi,2,1,5,1,120,190,100.000,100.021,0,278,278,2.779417,SUCCESS,gaussian,
2026-08-31T04:49:47,90.3,37.0,sensor2_wifi,2,1,5,1,120,189,100.000,100.020,0,257,257,2.569476,SUCCESS,gaussian,
2026-08-31T04:51:27,90.3,37.0,sensor2_wifi,2,1,5,1,120,188,100.000,100.020,0,233,233,2.329529,SUCCESS,gaussian,
2026-08-31T04:53:08,90.3,37.0,sensor2_wifi,2,1,5,1,120,187,100.000,100.021,0,200,200,1.999588,SUCCESS,gaussian,
2026-08-31T04:54:48,90.3,37.0,sensor2_wifi,2,1,5,1,120,186,100.000,100.020,0,193,193,1.929606,SUCCESS,gaussian,
2026-08-31T04:56:28,90.3,37.0,sensor2_wifi,2,1,5,1,120,185,100.000,100.021,0,155,155,1.549679,SUCCESS,gaussian,
2026-08-31T04:58:09,90.3,37.0,sensor2_wifi,2,1,5,1,120,184,100.000,100.021,0,194,194,1.939594,SUCCESS,gaussian,
2026-08-31T04:59:49,90.3,37.0,sensor2_wifi,2,1,5,1,120,183,100.000,100.021,0,154,154,1.539679,SUCCESS,gaussian,
2026-08-31T05:01:29,90.3,37.0,sensor2_wifi,2,1,5,1,120,182,100.000,100.021,0,127,127,1.269735,SUCCESS,gaussian,
2026-08-31T05:03:10,90.3,37.0,sensor2_wifi,2,1,5,1,120,181,100.000,100.021,0,143,143,1.429706,SUCCESS,gaussian,
2026-08-31T05:04:50,90.3,37.0,sensor2_wifi,2,1,5,1,120,180,100.000,100.021,0,93,93,0.929808,SUCCESS,gaussian,
2026-08-31T05:06:30,90.3,37.0,sensor2_wifi,2,1,5,1,120,179,100.000,100.021,0,85,85,0.849818,SUCCESS,gaussian,
2026-08-31T05:08:10,90.3,37.0,sensor2_wifi,2,1,5,1,120,178,100.000,100.021,0,86,86,0.859820,SUCCESS,gaussian,
2026-08-31T05:09:51,90.3,37.0,sensor2_wifi,2,1,5,1,120,177,100.000,100.021,0,90,90,0.899814,SUCCESS,gaussian,
2026-08-31T05:11:31,90.3,37.0,sensor2_wifi,2,1,5,1,120,176,100.000,100.021,0,73,73,0.729847,SUCCESS,gaussian,
2026-08-31T05:13:11,90.3,37.0,sensor2_wifi,2,1,5,1,120,175,100.000,100.021,0,62,62,0.619869,SUCCESS,gaussian,
2026-08-31T05:14:52,90.3,37.0,sensor2_wifi,2,1,5,1,120,174,100.000,100.021,0,62,62,0.619872,SUCCESS,gaussian,
2026-08-31T05:16:32,90.3,37.0,sensor2_wifi,2,1,5,1,120,173,100.000,100.020,0,54,54,0.539889,SUCCESS,gaussian,
2026-08-31T05:18:12,90.3,37.0,sensor2_wifi,2,1,5,1,120,172,100.000,100.020,0,40,40,0.399918,SUCCESS,gaussian,
2026-08-31T05:19:53,90.3,37.0,sensor2_wifi,2,1,5,1,120,171,100.000,100.021,0,36,36,0.359924,SUCCESS,gaussian,
2026-08-31T05:21:33,90.3,37.0,sensor2_wifi,2,1,5,1,120,170,100.000,100.021,0,28,28,0.279942,SUCCESS,gaussian,
2026-08-31T05:23:13,90.3,37.0,sensor2_wifi,2,1,5,1,120,169,100.000,100.021,0,26,26,0.259947,SUCCESS,gaussian,
2026-08-31T05:24:54,90.3,37.0,sensor2_wifi,2,1,5,1,120,168,100.000,100.021,0,26,26,0.259945,SUCCESS,gaussian,
2026-08-31T05:26:34,90.3,37.0,sensor2_wifi,2,1,5,1,120,167,100.000,100.020,0,19,19,0.189961,SUCCESS,gaussian,
2026-08-31T05:28:14,90.3,37.0,sensor2_wifi,2,1,5,1,120,166,100.000,100.021,0,16,16,0.159967,SUCCESS,gaussian,
2026-08-31T05:29:54,90.3,37.0,sensor2_wifi,2,1,5,1,120,165,100.000,100.021,0,15,15,0.149968,SUCCESS,gaussian,
2026-08-31T05:31:35,90.3,37.0,sensor2_wifi,2,1,5,1,120,164,100.000,100.021,0,13,13,0.129973,SUCCESS,gaussian,
2026-08-31T05:33:15,90.3,37.0,sensor2_wifi,2,1,5,1,120,163,100.000,100.021,0,10,10,0.099979,SUCCESS,gaussian,
2026-08-31T05:34:55,90.3,37.0,sensor2_wifi,2,1,5,1,120,162,100.000,100.021,0,7,7,0.069986,SUCCESS,gaussian,
2026-08-31T05:36:36,90.3,37.0,sensor2_wifi,2,1,5,1,120,161,100.000,100.021,0,7,7,0.069985,SUCCESS,gaussian,
2026-08-31T05:38:16,90.3,37.0,sensor2_wifi,2,1,5,1,120,160,100.000,100.021,0,1,1,0.009998,SUCCESS,gaussian,
2026-08-31T05:39:56,90.3,37.0,sensor2_wifi,2,1,5,1,120,159,100.000,100.021,0,5,5,0.049990,SUCCESS,gaussian,
2026-08-31T05:41:37,90.3,37.0,sensor2_wifi,2,1,5,1,120,158,100.000,100.021,0,5,5,0.049990,SUCCESS,gaussian,
2026-08-31T05:43:17,90.3,37.0,sensor2_wifi,2,1,5,1,120,157,100.000,100.021,0,2,2,0.019996,SUCCESS,gaussian,
2026-08-31T05:44:57,90.3,37.0,sensor2_wifi,2,1,5,1,120,156,100.000,100.021,0,2,2,0.019996,SUCCESS,gaussian,
2026-08-31T05:46:38,90.3,37.0,sensor2_wifi,2,1,5,1,120,155,100.000,100.021,0,1,1,0.009998,SUCCESS,gaussian,
2026-08-31T05:48:18,90.3,37.0,sensor2_wifi,2,1,5,1,120,154,100.000,100.021,0,2,2,0.019996,SUCCESS,gaussian,
2026-08-31T05:49:58,90.3,37.0,sensor2_wifi,2,1,5,1,120,153,100.000,100.021,0,1,1,0.009998,SUCCESS,gaussian,
2026-08-31T05:51:39,90.3,37.0,sensor2_wifi,2,1,5,1,120,152,100.000,100.021,0,0,0,0.000000,SUCCESS,gaussian,
2026-08-31T05:53:19,90.3,37.0,sensor2_wifi,2,1,5,1,120,151,100.000,100.021,0,0,0,0.000000,SUCCESS,gaussian,
2026-08-31T05:54:59,90.3,37.0,sensor2_wifi,2,2,6,2,120,255,100.000,100.021,0,3171162,3171162,31705.107242,SUCCESS,gaussian,
2026-08-31T05:56:39,90.3,37.0,sensor2_wifi,2,2,6,2,120,254,100.000,100.020,0,5431065,5431065,54299.563413,SUCCESS,gaussian,
2026-08-31T05:58:20,90.3,37.0,sensor2_wifi,2,2,6,2,120,253,100.000,100.021,0,7901250,7901250,78995.866304,SUCCESS,gaussian,
2026-08-31T06:00:00,90.3,37.0,sensor2_wifi,2,2,6,2,120,252,100.000,100.020,0,9831573,9831573,98295.605937,SUCCESS,gaussian,
2026-08-31T06:01:40,90.3,37.0,sensor2_wifi,2,2,6,2,120,251,100.000,100.020,0,11925415,11925415,119229.917721,SUCCESS,gaussian,
2026-08-31T06:03:21,90.3,37.0,sensor2_wifi,2,2,6,2,120,250,100.000,100.021,0,12771445,12771445,127687.697196,SUCCESS,gaussian,
2026-08-31T06:05:01,90.3,37.0,sensor2_wifi,2,2,6,2,120,249,100.000,100.020,0,13729951,13729951,137271.735271,SUCCESS,gaussian,
2026-08-31T06:06:41,90.3,37.0,sensor2_wifi,2,2,6,2,120,248,100.000,100.021,0,15101708,15101708,150986.018516,SUCCESS,gaussian,
2026-08-31T06:08:22,90.3,37.0,sensor2_wifi,2,2,6,2,120,247,100.000,100.021,0,1196230,1196230,11959.836293,SUCCESS,gaussian,
2026-08-31T06:10:02,90.3,37.0,sensor2_wifi,2,2,6,2,120,246,100.000,100.020,0,2201971,2201971,22015.264383,SUCCESS,gaussian,
2026-08-31T06:11:42,90.3,37.0,sensor2_wifi,2,2,6,2,120,245,100.000,100.020,0,1393904,1393904,13936.211526,SUCCESS,gaussian,
2026-08-31T06:13:23,90.3,37.0,sensor2_wifi,2,2,6,2,120,244,100.000,100.021,0,15141142,15141142,151379.990176,SUCCESS,gaussian,
2026-08-31T06:15:03,90.3,37.0,sensor2_wifi,2,2,6,2,120,243,100.000,100.021,0,8905349,8905349,89034.653340,SUCCESS,gaussian,
2026-08-31T06:16:43,90.3,37.0,sensor2_wifi,2,2,6,2,120,242,100.000,100.021,0,5788605,5788605,57874.163475,SUCCESS,gaussian,
2026-08-31T06:18:24,90.3,37.0,sensor2_wifi,2,2,6,2,120,241,100.000,100.021,0,3098732,3098732,30980.907255,SUCCESS,gaussian,
2026-08-31T06:20:04,90.3,37.0,sensor2_wifi,2,2,6,2,120,240,100.000,100.021,0,1535278,1535278,15349.588512,SUCCESS,gaussian,
2026-08-31T06:21:44,90.3,37.0,sensor2_wifi,2,2,6,2,120,239,100.000,100.020,0,1246149,1246149,12458.974206,SUCCESS,gaussian,
2026-08-31T06:23:24,90.3,37.0,sensor2_wifi,2,2,6,2,120,238,100.000,100.021,0,582497,582497,5823.769924,SUCCESS,gaussian,
2026-08-31T06:25:05,90.3,37.0,sensor2_wifi,2,2,6,2,120,237,100.000,100.021,0,292191,292191,2921.303626,SUCCESS,gaussian,
2026-08-31T06:26:45,90.3,37.0,sensor2_wifi,2,2,6,2,120,236,100.000,100.021,0,136153,136153,1361.244620,SUCCESS,gaussian,
2026-08-31T06:28:25,90.3,37.0,sensor2_wifi,2,2,6,2,120,235,100.000,100.020,0,35339,35339,353.317828,SUCCESS,gaussian,
2026-08-31T06:30:06,90.3,37.0,sensor2_wifi,2,2,6,2,120,234,100.000,100.021,0,13309,13309,133.062253,SUCCESS,gaussian,
2026-08-31T06:31:46,90.3,37.0,sensor2_wifi,2,2,6,2,120,233,100.000,100.021,0,4997,4997,49.959741,SUCCESS,gaussian,
2026-08-31T06:33:26,90.3,37.0,sensor2_wifi,2,2,6,2,120,232,100.000,100.031,0,2365,2365,23.642757,SUCCESS,gaussian,
2026-08-31T06:35:07,90.3,37.0,sensor2_wifi,2,2,6,2,120,231,100.000,100.021,0,1125,1125,11.247637,SUCCESS,gaussian,
2026-08-31T06:36:47,90.3,37.0,sensor2_wifi,2,2,6,2,120,230,100.000,100.021,0,979,979,9.787938,SUCCESS,gaussian,
2026-08-31T06:38:27,90.3,37.0,sensor2_wifi,2,2,6,2,120,229,100.000,100.021,0,854,854,8.538223,SUCCESS,gaussian,
2026-08-31T06:40:08,90.3,37.0,sensor2_wifi,2,2,6,2,120,228,100.000,100.021,0,774,774,7.738409,SUCCESS,gaussian,
2026-08-31T06:41:48,90.3,37.0,sensor2_wifi,2,2,6,2,120,227,100.000,100.020,0,747,747,7.468523,SUCCESS,gaussian,
2026-08-31T06:43:28,90.3,37.0,sensor2_wifi,2,2,6,2,120,226,100.000,100.021,0,735,735,7.348490,SUCCESS,gaussian,
2026-08-31T06:45:08,90.3,37.0,sensor2_wifi,2,2,6,2,120,225,100.000,100.021,0,758,758,7.578408,SUCCESS,gaussian,
2026-08-31T06:46:49,90.3,37.0,sensor2_wifi,2,2,6,2,120,224,100.000,100.022,0,709,709,7.088468,SUCCESS,gaussian,
2026-08-31T06:48:29,90.3,37.0,sensor2_wifi,2,2,6,2,120,223,100.000,100.021,0,661,661,6.608629,SUCCESS,gaussian,
2026-08-31T06:50:09,90.3,37.0,sensor2_wifi,2,2,6,2,120,222,100.000,100.021,0,665,665,6.648613,SUCCESS,gaussian,
2026-08-31T06:51:50,90.3,37.0,sensor2_wifi,2,2,6,2,120,221,100.000,100.021,0,635,635,6.348691,SUCCESS,gaussian,
2026-08-31T06:53:30,90.3,37.0,sensor2_wifi,2,2,6,2,120,220,100.000,100.021,0,629,629,6.288704,SUCCESS,gaussian,
2026-08-31T06:55:10,90.3,37.0,sensor2_wifi,2,2,6,2,120,219,100.000,100.021,0,559,559,5.588851,SUCCESS,gaussian,
2026-08-31T06:56:51,90.3,37.0,sensor2_wifi,2,2,6,2,120,218,100.000,100.021,0,592,592,5.918772,SUCCESS,gaussian,
2026-08-31T06:58:31,90.3,37.0,sensor2_wifi,2,2,6,2,120,217,100.000,100.021,0,605,605,6.048754,SUCCESS,gaussian,
2026-08-31T07:00:11,90.3,37.0,sensor2_wifi,2,2,6,2,120,216,100.000,100.021,0,558,558,5.578847,SUCCESS,gaussian,
2026-08-31T07:01:52,90.3,37.0,sensor2_wifi,2,2,6,2,120,215,100.000,100.020,0,546,546,5.458883,SUCCESS,gaussian,
2026-08-31T07:03:32,90.3,37.0,sensor2_wifi,2,2,6,2,120,214,100.000,100.021,0,575,575,5.748805,SUCCESS,gaussian,
2026-08-31T07:05:12,90.3,37.0,sensor2_wifi,2,2,6,2,120,213,100.000,100.021,0,547,547,5.468849,SUCCESS,gaussian,
2026-08-31T07:06:53,90.3,37.0,sensor2_wifi,2,2,6,2,120,212,100.000,100.021,0,512,512,5.118940,SUCCESS,gaussian,
2026-08-31T07:08:33,90.3,37.0,sensor2_wifi,2,2,6,2,120,211,100.000,100.021,0,520,520,5.198892,SUCCESS,gaussian,
2026-08-31T07:10:13,90.3,37.0,sensor2_wifi,2,2,6,2,120,210,100.000,100.020,0,514,514,5.138962,SUCCESS,gaussian,
2026-08-31T07:11:54,90.3,37.0,sensor2_wifi,2,2,6,2,120,209,100.000,100.021,0,550,550,5.498856,SUCCESS,gaussian,
2026-08-31T07:13:34,90.3,37.0,sensor2_wifi,2,2,6,2,120,208,100.000,100.020,0,513,513,5.128956,SUCCESS,gaussian,
2026-08-31T07:15:14,90.3,37.0,sensor2_wifi,2,2,6,2,120,207,100.000,100.021,0,506,506,5.058947,SUCCESS,gaussian,
2026-08-31T07:16:54,90.3,37.0,sensor2_wifi,2,2,6,2,120,206,100.000,100.020,0,486,486,4.859010,SUCCESS,gaussian,
2026-08-31T07:18:35,90.3,37.0,sensor2_wifi,2,2,6,2,120,205,100.000,100.021,0,436,436,4.359095,SUCCESS,gaussian,
2026-08-31T07:20:15,90.3,37.0,sensor2_wifi,2,2,6,2,120,204,100.000,100.021,0,498,498,4.978954,SUCCESS,gaussian,
2026-08-31T07:21:55,90.3,37.0,sensor2_wifi,2,2,6,2,120,203,100.000,100.021,0,462,462,4.619041,SUCCESS,gaussian,
2026-08-31T07:23:36,90.3,37.0,sensor2_wifi,2,2,6,2,120,202,100.000,100.021,0,438,438,4.379074,SUCCESS,gaussian,
2026-08-31T07:25:16,90.3,37.0,sensor2_wifi,2,2,6,2,120,201,100.000,100.021,0,435,435,4.349094,SUCCESS,gaussian,
2026-08-31T07:26:56,90.3,37.0,sensor2_wifi,2,2,6,2,120,200,100.000,100.021,0,439,439,4.389095,SUCCESS,gaussian,
2026-08-31T07:28:37,90.3,37.0,sensor2_wifi,2,2,6,2,120,199,100.000,100.021,0,398,398,3.979182,SUCCESS,gaussian,
2026-08-31T07:30:17,90.3,37.0,sensor2_wifi,2,2,6,2,120,198,100.000,100.021,0,446,446,4.459061,SUCCESS,gaussian,
2026-08-31T07:31:57,90.3,37.0,sensor2_wifi,2,2,6,2,120,197,100.000,100.021,0,398,398,3.979180,SUCCESS,gaussian,
2026-08-31T07:33:38,90.3,37.0,sensor2_wifi,2,2,6,2,120,196,100.000,100.021,0,370,370,3.699218,SUCCESS,gaussian,
2026-08-31T07:35:18,90.3,37.0,sensor2_wifi,2,2,6,2,120,195,100.000,100.031,0,327,327,3.268996,SUCCESS,gaussian,
2026-08-31T07:36:58,90.3,37.0,sensor2_wifi,2,2,6,2,120,194,100.000,100.020,0,327,327,3.269331,SUCCESS,gaussian,
2026-08-31T07:38:39,90.3,37.0,sensor2_wifi,2,2,6,2,120,193,100.000,100.021,0,283,283,2.829400,SUCCESS,gaussian,
2026-08-31T07:40:19,90.3,37.0,sensor2_wifi,2,2,6,2,120,192,100.000,100.021,0,283,283,2.829410,SUCCESS,gaussian,
2026-08-31T07:41:59,90.3,37.0,sensor2_wifi,2,2,6,2,120,191,100.000,100.021,0,281,281,2.809413,SUCCESS,gaussian,
2026-08-31T07:43:40,90.3,37.0,sensor2_wifi,2,2,6,2,120,190,100.000,100.021,0,265,265,2.649449,SUCCESS,gaussian,
2026-08-31T07:45:20,90.3,37.0,sensor2_wifi,2,2,6,2,120,189,100.000,100.021,0,265,265,2.649450,SUCCESS,gaussian,
2026-08-31T07:47:00,90.3,37.0,sensor2_wifi,2,2,6,2,120,188,100.000,100.020,0,284,284,2.839420,SUCCESS,gaussian,
2026-08-31T07:48:41,90.3,37.0,sensor2_wifi,2,2,6,2,120,187,100.000,100.021,0,227,227,2.269530,SUCCESS,gaussian,
2026-08-31T07:50:21,90.3,37.0,sensor2_wifi,2,2,6,2,120,186,100.000,100.021,0,208,208,2.079562,SUCCESS,gaussian,
2026-08-31T07:52:01,90.3,37.0,sensor2_wifi,2,2,6,2,120,185,100.000,100.021,0,218,218,2.179553,SUCCESS,gaussian,
2026-08-31T07:53:42,90.3,37.0,sensor2_wifi,2,2,6,2,120,184,100.000,100.021,0,226,226,2.259520,SUCCESS,gaussian,
2026-08-31T07:55:22,90.3,37.0,sensor2_wifi,2,2,6,2,120,183,100.000,100.021,0,194,194,1.939593,SUCCESS,gaussian,
2026-08-31T07:57:02,90.3,37.0,sensor2_wifi,2,2,6,2,120,182,100.000,100.021,0,149,149,1.489690,SUCCESS,gaussian,
2026-08-31T07:58:42,90.3,37.0,sensor2_wifi,2,2,6,2,120,181,100.000,100.020,0,149,149,1.489695,SUCCESS,gaussian,
2026-08-31T08:00:23,90.3,37.0,sensor2_wifi,2,2,6,2,120,180,100.000,100.020,0,136,136,1.359725,SUCCESS,gaussian,
2026-08-31T08:02:03,90.3,37.0,sensor2_wifi,2,2,6,2,120,179,100.000,100.021,0,113,113,1.129759,SUCCESS,gaussian,
2026-08-31T08:03:43,90.3,37.0,sensor2_wifi,2,2,6,2,120,178,100.000,100.021,0,100,100,0.999792,SUCCESS,gaussian,
2026-08-31T08:05:24,90.3,37.0,sensor2_wifi,2,2,6,2,120,177,100.000,100.021,0,105,105,1.049783,SUCCESS,gaussian,
2026-08-31T08:07:04,90.3,37.0,sensor2_wifi,2,2,6,2,120,176,100.000,100.021,0,90,90,0.899811,SUCCESS,gaussian,
2026-08-31T08:08:44,90.3,37.0,sensor2_wifi,2,2,6,2,120,175,100.000,100.021,0,86,86,0.859823,SUCCESS,gaussian,
2026-08-31T08:10:25,90.3,37.0,sensor2_wifi,2,2,6,2,120,174,100.000,100.021,0,82,82,0.819831,SUCCESS,gaussian,
2026-08-31T08:12:05,90.3,37.0,sensor2_wifi,2,2,6,2,120,173,100.000,100.021,0,69,69,0.689854,SUCCESS,gaussian,
2026-08-31T08:13:45,90.3,37.0,sensor2_wifi,2,2,6,2,120,172,100.000,100.020,0,62,62,0.619874,SUCCESS,gaussian,
2026-08-31T08:15:26,90.3,37.0,sensor2_wifi,2,2,6,2,120,171,100.000,100.021,0,42,42,0.419913,SUCCESS,gaussian,
2026-08-31T08:17:06,90.3,37.0,sensor2_wifi,2,2,6,2,120,170,100.000,100.021,0,40,40,0.399916,SUCCESS,gaussian,
2026-08-31T08:18:46,90.3,37.0,sensor2_wifi,2,2,6,2,120,169,100.000,100.021,0,39,39,0.389919,SUCCESS,gaussian,
2026-08-31T08:20:26,90.3,37.0,sensor2_wifi,2,2,6,2,120,168,100.000,100.021,0,39,39,0.389919,SUCCESS,gaussian,
2026-08-31T08:22:07,90.3,37.0,sensor2_wifi,2,2,6,2,120,167,100.000,100.021,0,24,24,0.239950,SUCCESS,gaussian,
2026-08-31T08:23:47,90.3,37.0,sensor2_wifi,2,2,6,2,120,166,100.000,100.020,0,27,27,0.269945,SUCCESS,gaussian,
2026-08-31T08:25:27,90.3,37.0,sensor2_wifi,2,2,6,2,120,165,100.000,100.021,0,14,14,0.139971,SUCCESS,gaussian,
2026-08-31T08:27:08,90.3,37.0,sensor2_wifi,2,2,6,2,120,164,100.000,100.021,0,12,12,0.119975,SUCCESS,gaussian,
2026-08-31T08:28:48,90.3,37.0,sensor2_wifi,2,2,6,2,120,163,100.000,100.020,0,10,10,0.099980,SUCCESS,gaussian,
2026-08-31T08:30:28,90.3,37.0,sensor2_wifi,2,2,6,2,120,162,100.000,100.020,0,9,9,0.089982,SUCCESS,gaussian,
2026-08-31T08:32:09,90.3,37.0,sensor2_wifi,2,2,6,2,120,161,100.000,100.020,0,5,5,0.049990,SUCCESS,gaussian,
2026-08-31T08:33:49,90.3,37.0,sensor2_wifi,2,2,6,2,120,160,100.000,100.021,0,7,7,0.069985,SUCCESS,gaussian,
2026-08-31T08:35:29,90.3,37.0,sensor2_wifi,2,2,6,2,120,159,100.000,100.021,0,5,5,0.049990,SUCCESS,gaussian,
2026-08-31T08:37:09,90.3,37.0,sensor2_wifi,2,2,6,2,120,158,100.000,100.021,0,4,4,0.039992,SUCCESS,gaussian,
2026-08-31T08:38:50,90.3,37.0,sensor2_wifi,2,2,6,2,120,157,100.000,100.021,0,4,4,0.039992,SUCCESS,gaussian,
2026-08-31T08:40:30,90.3,37.0,sensor2_wifi,2,2,6,2,120,156,100.000,100.020,0,2,2,0.019996,SUCCESS,gaussian,
2026-08-31T08:42:10,90.3,37.0,sensor2_wifi,2,2,6,2,120,155,100.000,100.021,0,0,0,0.000000,SUCCESS,gaussian,
2026-08-31T08:43:51,90.3,37.0,sensor2_wifi,2,2,6,2,120,154,100.000,100.021,0,1,1,0.009998,SUCCESS,gaussian,
2026-08-31T08:45:31,90.3,37.0,sensor2_wifi,2,2,6,2,120,153,100.000,100.022,0,0,0,0.000000,SUCCESS,gaussian,
2026-08-31T08:47:11,90.3,37.0,sensor2_wifi,2,2,6,2,120,152,100.000,100.021,0,0,0,0.000000,SUCCESS,gaussian,
2026-08-31T08:48:52,90.3,37.0,sensor2_wifi,3,0,4,0,120,255,100.000,100.020,0,5588847,5588847,55877.136583,SUCCESS,gaussian,
2026-08-31T08:50:32,90.3,37.0,sensor2_wifi,3,0,4,0,120,254,100.000,100.021,0,2899897,2899897,28992.969706,SUCCESS,gaussian,
2026-08-31T08:51:55,90.3,37.0,sensor2_wifi,3,0,4,0,120,253,100.000,82.536,0,12821970,12821970,155350.731805,SUCCESS,gaussian,
