run_timestamp,position_mm,delta_mm,sensor,chip,threshold,threshold_reg,counter_index,vth_bl,dac,integration_requested_s,measured_time_s,count_initial,count_final,hits,hits_per_s,status,analysis_mode,note
2026-06-04T17:35:24,85.0,42.3,sensor2_serial,2,0,4,0,120,255,20.000,20.005,0,3234423,3234423,161682.998816,SUCCESS,sigmoid,
2026-06-04T17:35:44,85.0,42.3,sensor2_serial,2,0,4,0,120,254,20.000,20.005,0,3294850,3294850,164699.103714,SUCCESS,sigmoid,
2026-06-04T17:36:04,85.0,42.3,sensor2_serial,2,0,4,0,120,253,20.000,20.006,0,3074042,3074042,153659.396115,SUCCESS,sigmoid,
2026-06-04T17:36:24,85.0,42.3,sensor2_serial,2,0,4,0,120,252,20.000,20.005,0,2518539,2518539,125894.230078,SUCCESS,sigmoid,
2026-06-04T17:36:44,85.0,42.3,sensor2_serial,2,0,4,0,120,251,20.000,20.005,0,1838291,1838291,91891.099093,SUCCESS,sigmoid,
2026-06-04T17:37:04,85.0,42.3,sensor2_serial,2,0,4,0,120,250,20.000,20.006,0,1029519,1029519,51461.448224,SUCCESS,sigmoid,
2026-06-04T17:37:24,85.0,42.3,sensor2_serial,2,0,4,0,120,249,20.000,20.006,0,349331,349331,17461.743581,SUCCESS,sigmoid,
2026-06-04T17:37:45,85.0,42.3,sensor2_serial,2,0,4,0,120,248,20.000,20.005,0,150273,150273,7511.600846,SUCCESS,sigmoid,
2026-06-04T17:38:05,85.0,42.3,sensor2_serial,2,0,4,0,120,247,20.000,20.005,0,80553,80553,4026.549883,SUCCESS,sigmoid,
2026-06-04T17:38:25,85.0,42.3,sensor2_serial,2,0,4,0,120,246,20.000,20.005,0,39724,39724,1985.681625,SUCCESS,sigmoid,
2026-06-04T17:38:45,85.0,42.3,sensor2_serial,2,0,4,0,120,245,20.000,20.005,0,39746,39746,1986.762041,SUCCESS,sigmoid,
2026-06-04T17:39:05,85.0,42.3,sensor2_serial,2,0,4,0,120,244,20.000,20.006,0,16338,16338,816.672919,SUCCESS,sigmoid,
2026-06-04T17:39:25,85.0,42.3,sensor2_serial,2,0,4,0,120,243,20.000,20.005,0,6210,6210,310.415626,SUCCESS,sigmoid,
2026-06-04T17:39:45,85.0,42.3,sensor2_serial,2,0,4,0,120,242,20.000,20.005,0,1660,1660,82.977647,SUCCESS,sigmoid,
2026-06-04T17:40:05,85.0,42.3,sensor2_serial,2,0,4,0,120,241,20.000,20.006,0,892,892,44.587585,SUCCESS,sigmoid,
2026-06-04T17:40:25,85.0,42.3,sensor2_serial,2,0,4,0,120,240,20.000,20.004,0,336,336,16.796447,SUCCESS,sigmoid,
2026-06-04T17:40:45,85.0,42.3,sensor2_serial,2,0,4,0,120,239,20.000,20.005,0,122,122,6.098325,SUCCESS,sigmoid,
2026-06-04T17:41:05,85.0,42.3,sensor2_serial,2,0,4,0,120,238,20.000,20.004,0,94,94,4.698973,SUCCESS,sigmoid,
2026-06-04T17:41:25,85.0,42.3,sensor2_serial,2,0,4,0,120,237,20.000,20.005,0,46,46,2.299476,SUCCESS,sigmoid,
2026-06-04T17:41:45,85.0,42.3,sensor2_serial,2,0,4,0,120,236,20.000,20.004,0,28,28,1.399691,SUCCESS,sigmoid,
2026-06-04T17:42:05,85.0,42.3,sensor2_serial,2,0,4,0,120,235,20.000,20.005,0,17,17,0.849767,SUCCESS,sigmoid,
2026-06-04T17:42:25,85.0,42.3,sensor2_serial,2,0,4,0,120,234,20.000,20.005,0,14,14,0.699819,SUCCESS,sigmoid,
2026-06-04T17:42:45,85.0,42.3,sensor2_serial,2,0,4,0,120,233,20.000,20.006,0,12,12,0.599835,SUCCESS,sigmoid,
2026-06-04T17:43:05,85.0,42.3,sensor2_serial,2,0,4,0,120,232,20.000,20.004,0,7,7,0.349927,SUCCESS,sigmoid,
2026-06-04T17:43:26,85.0,42.3,sensor2_serial,2,0,4,0,120,231,20.000,20.005,0,9,9,0.449897,SUCCESS,sigmoid,
2026-06-04T17:43:46,85.0,42.3,sensor2_serial,2,0,4,0,120,230,20.000,20.004,0,12,12,0.599875,SUCCESS,sigmoid,
2026-06-04T17:44:06,85.0,42.3,sensor2_serial,2,0,4,0,120,229,20.000,20.006,0,5,5,0.249931,SUCCESS,sigmoid,
2026-06-04T17:44:26,85.0,42.3,sensor2_serial,2,0,4,0,120,228,20.000,20.005,0,12,12,0.599845,SUCCESS,sigmoid,
2026-06-04T17:44:46,85.0,42.3,sensor2_serial,2,0,4,0,120,227,20.000,20.004,0,6,6,0.299936,SUCCESS,sigmoid,
2026-06-04T17:45:06,85.0,42.3,sensor2_serial,2,0,4,0,120,226,20.000,20.004,0,5,5,0.249946,SUCCESS,sigmoid,
2026-06-04T17:45:26,85.0,42.3,sensor2_serial,2,0,4,0,120,225,20.000,20.004,0,7,7,0.349925,SUCCESS,sigmoid,
2026-06-04T17:45:46,85.0,42.3,sensor2_serial,2,0,4,0,120,224,20.000,20.004,0,3,3,0.149968,SUCCESS,sigmoid,
2026-06-04T17:46:06,85.0,42.3,sensor2_serial,2,0,4,0,120,223,20.000,20.004,0,4,4,0.199958,SUCCESS,sigmoid,
2026-06-04T17:46:26,85.0,42.3,sensor2_serial,2,0,4,0,120,222,20.000,20.004,0,2,2,0.099978,SUCCESS,sigmoid,
2026-06-04T17:46:46,85.0,42.3,sensor2_serial,2,0,4,0,120,221,20.000,20.005,0,5,5,0.249936,SUCCESS,sigmoid,
2026-06-04T17:47:06,85.0,42.3,sensor2_serial,2,0,4,0,120,220,20.000,20.004,0,3,3,0.149969,SUCCESS,sigmoid,
2026-06-04T17:47:26,85.0,42.3,sensor2_serial,2,0,4,0,120,219,20.000,20.005,0,5,5,0.249935,SUCCESS,sigmoid,
2026-06-04T17:47:46,85.0,42.3,sensor2_serial,2,0,4,0,120,218,20.000,20.004,0,3,3,0.149969,SUCCESS,sigmoid,
2026-06-04T17:48:06,85.0,42.3,sensor2_serial,2,0,4,0,120,217,20.000,20.005,0,1,1,0.049988,SUCCESS,sigmoid,
2026-06-04T17:48:26,85.0,42.3,sensor2_serial,2,0,4,0,120,216,20.000,20.004,0,3,3,0.149967,SUCCESS,sigmoid,
2026-06-04T17:48:46,85.0,42.3,sensor2_serial,2,0,4,0,120,215,20.000,20.004,0,5,5,0.249944,SUCCESS,sigmoid,
2026-06-04T17:49:07,85.0,42.3,sensor2_serial,2,0,4,0,120,214,20.000,20.004,0,2,2,0.099978,SUCCESS,sigmoid,
2026-06-04T17:49:27,85.0,42.3,sensor2_serial,2,0,4,0,120,213,20.000,20.004,0,2,2,0.099979,SUCCESS,sigmoid,
2026-06-04T17:49:47,85.0,42.3,sensor2_serial,2,0,4,0,120,212,20.000,20.004,0,1,1,0.049989,SUCCESS,sigmoid,
2026-06-04T17:50:07,85.0,42.3,sensor2_serial,2,0,4,0,120,211,20.000,20.005,0,1,1,0.049988,SUCCESS,sigmoid,
2026-06-04T17:50:27,85.0,42.3,sensor2_serial,2,0,4,0,120,210,20.000,20.004,0,4,4,0.199956,SUCCESS,sigmoid,
2026-06-04T17:50:47,85.0,42.3,sensor2_serial,2,0,4,0,120,209,20.000,20.004,0,2,2,0.099978,SUCCESS,sigmoid,
2026-06-04T17:51:07,85.0,42.3,sensor2_serial,2,0,4,0,120,208,20.000,20.004,0,1,1,0.049989,SUCCESS,sigmoid,
2026-06-04T17:51:27,85.0,42.3,sensor2_serial,2,0,4,0,120,207,20.000,20.005,0,2,2,0.099973,SUCCESS,sigmoid,
2026-06-04T17:51:47,85.0,42.3,sensor2_serial,2,0,4,0,120,206,20.000,20.005,0,0,0,0.000000,SUCCESS,sigmoid,
2026-06-04T17:52:07,85.0,42.3,sensor2_serial,2,0,4,0,120,205,20.000,20.004,0,0,0,0.000000,SUCCESS,sigmoid,
2026-06-04T17:52:27,85.0,42.3,sensor2_serial,2,0,4,0,120,204,20.000,20.005,0,1,1,0.049986,SUCCESS,sigmoid,
2026-06-04T17:52:47,85.0,42.3,sensor2_serial,2,0,4,0,120,203,20.000,20.004,0,0,0,0.000000,SUCCESS,sigmoid,
2026-06-04T17:53:07,85.0,42.3,sensor2_serial,2,0,4,0,120,202,20.000,20.004,0,0,0,0.000000,SUCCESS,sigmoid,
2026-06-04T17:53:27,85.0,42.3,sensor2_serial,2,0,4,0,120,201,20.000,20.004,0,0,0,0.000000,SUCCESS,sigmoid,
2026-06-04T17:53:47,85.0,42.3,sensor2_serial,2,0,4,0,120,200,20.000,20.004,0,0,0,0.000000,SUCCESS,sigmoid,
2026-06-04T17:54:07,85.0,42.3,sensor2_serial,2,0,4,0,120,199,20.000,20.006,0,0,0,0.000000,SUCCESS,sigmoid,
2026-06-04T17:54:27,85.0,42.3,sensor2_serial,2,0,4,0,120,198,20.000,20.004,0,0,0,0.000000,SUCCESS,sigmoid,
2026-06-04T17:54:48,85.0,42.3,sensor2_serial,2,0,4,0,120,197,20.000,20.004,0,1,1,0.049989,SUCCESS,sigmoid,
2026-06-04T17:55:08,85.0,42.3,sensor2_serial,2,0,4,0,120,196,20.000,20.005,0,0,0,0.000000,SUCCESS,sigmoid,
2026-06-04T17:55:28,85.0,42.3,sensor2_serial,2,0,4,0,120,195,20.000,20.004,0,1,1,0.049989,SUCCESS,sigmoid,
2026-06-04T17:55:48,85.0,42.3,sensor2_serial,2,0,4,0,120,194,20.000,20.004,0,1,1,0.049989,SUCCESS,sigmoid,
2026-06-04T17:56:08,85.0,42.3,sensor2_serial,2,0,4,0,120,193,20.000,20.005,0,0,0,0.000000,SUCCESS,sigmoid,
2026-06-04T17:56:28,85.0,42.3,sensor2_serial,2,0,4,0,120,192,20.000,20.005,0,0,0,0.000000,SUCCESS,sigmoid,
2026-06-04T17:56:48,85.0,42.3,sensor2_serial,2,0,4,0,120,191,20.000,20.005,0,0,0,0.000000,SUCCESS,sigmoid,
2026-06-04T17:57:08,85.0,42.3,sensor2_serial,2,0,4,0,120,190,20.000,20.004,0,0,0,0.000000,SUCCESS,sigmoid,
2026-06-04T17:57:28,85.0,42.3,sensor2_serial,2,0,4,0,120,189,20.000,20.004,0,0,0,0.000000,SUCCESS,sigmoid,
2026-06-04T17:57:48,85.0,42.3,sensor2_serial,2,0,4,0,120,188,20.000,20.004,0,0,0,0.000000,SUCCESS,sigmoid,
2026-06-04T17:58:08,85.0,42.3,sensor2_serial,2,0,4,0,120,187,20.000,20.004,0,0,0,0.000000,SUCCESS,sigmoid,
2026-06-04T17:58:28,85.0,42.3,sensor2_serial,2,0,4,0,120,186,20.000,20.004,0,1,1,0.049990,SUCCESS,sigmoid,
2026-06-04T17:58:48,85.0,42.3,sensor2_serial,2,0,4,0,120,185,20.000,20.004,0,0,0,0.000000,SUCCESS,sigmoid,
2026-06-04T17:59:08,85.0,42.3,sensor2_serial,2,0,4,0,120,184,20.000,20.004,0,1,1,0.049989,SUCCESS,sigmoid,
2026-06-04T17:59:28,85.0,42.3,sensor2_serial,2,0,4,0,120,183,20.000,20.005,0,0,0,0.000000,SUCCESS,sigmoid,
2026-06-04T17:59:48,85.0,42.3,sensor2_serial,2,0,4,0,120,182,20.000,20.005,0,0,0,0.000000,SUCCESS,sigmoid,
2026-06-04T18:00:08,85.0,42.3,sensor2_serial,2,0,4,0,120,181,20.000,20.004,0,0,0,0.000000,SUCCESS,sigmoid,
2026-06-04T18:00:29,85.0,42.3,sensor2_serial,2,0,4,0,120,180,20.000,20.005,0,0,0,0.000000,SUCCESS,sigmoid,
2026-06-04T18:00:49,85.0,42.3,sensor2_serial,2,0,4,0,120,179,20.000,20.004,0,1,1,0.049989,SUCCESS,sigmoid,
2026-06-04T18:01:09,85.0,42.3,sensor2_serial,2,0,4,0,120,178,20.000,20.005,0,0,0,0.000000,SUCCESS,sigmoid,
2026-06-04T18:01:29,85.0,42.3,sensor2_serial,2,0,4,0,120,177,20.000,20.005,0,0,0,0.000000,SUCCESS,sigmoid,
2026-06-04T18:01:49,85.0,42.3,sensor2_serial,2,0,4,0,120,176,20.000,20.004,0,0,0,0.000000,SUCCESS,sigmoid,
2026-06-04T18:02:09,85.0,42.3,sensor2_serial,2,0,4,0,120,175,20.000,20.005,0,0,0,0.000000,SUCCESS,sigmoid,
2026-06-04T18:02:29,85.0,42.3,sensor2_serial,2,0,4,0,120,174,20.000,20.004,0,0,0,0.000000,SUCCESS,sigmoid,
2026-06-04T18:02:49,85.0,42.3,sensor2_serial,2,0,4,0,120,173,20.000,20.005,0,0,0,0.000000,SUCCESS,sigmoid,
2026-06-04T18:03:09,85.0,42.3,sensor2_serial,2,0,4,0,120,172,20.000,20.004,0,0,0,0.000000,SUCCESS,sigmoid,
2026-06-04T18:03:29,85.0,42.3,sensor2_serial,2,0,4,0,120,171,20.000,20.004,0,0,0,0.000000,SUCCESS,sigmoid,
2026-06-04T18:03:49,85.0,42.3,sensor2_serial,2,0,4,0,120,170,20.000,20.004,0,0,0,0.000000,SUCCESS,sigmoid,
2026-06-04T18:04:09,85.0,42.3,sensor2_serial,2,0,4,0,120,169,20.000,20.004,0,0,0,0.000000,SUCCESS,sigmoid,
2026-06-04T18:04:29,85.0,42.3,sensor2_serial,2,0,4,0,120,168,20.000,20.005,0,0,0,0.000000,SUCCESS,sigmoid,
2026-06-04T18:04:49,85.0,42.3,sensor2_serial,2,0,4,0,120,167,20.000,20.005,0,0,0,0.000000,SUCCESS,sigmoid,
2026-06-04T18:05:09,85.0,42.3,sensor2_serial,2,0,4,0,120,166,20.000,20.004,0,0,0,0.000000,SUCCESS,sigmoid,
2026-06-04T18:05:29,85.0,42.3,sensor2_serial,2,0,4,0,120,165,20.000,20.004,0,0,0,0.000000,SUCCESS,sigmoid,
2026-06-04T18:05:49,85.0,42.3,sensor2_serial,2,0,4,0,120,164,20.000,20.004,0,0,0,0.000000,SUCCESS,sigmoid,
2026-06-04T18:06:10,85.0,42.3,sensor2_serial,2,0,4,0,120,163,20.000,20.004,0,0,0,0.000000,SUCCESS,sigmoid,
2026-06-04T18:06:30,85.0,42.3,sensor2_serial,2,0,4,0,120,162,20.000,20.004,0,0,0,0.000000,SUCCESS,sigmoid,
2026-06-04T18:06:50,85.0,42.3,sensor2_serial,2,0,4,0,120,161,20.000,20.004,0,0,0,0.000000,SUCCESS,sigmoid,
2026-06-04T18:07:10,85.0,42.3,sensor2_serial,2,0,4,0,120,160,20.000,20.004,0,0,0,0.000000,SUCCESS,sigmoid,
2026-06-04T18:07:30,85.0,42.3,sensor2_serial,2,0,4,0,120,159,20.000,20.005,0,0,0,0.000000,SUCCESS,sigmoid,
2026-06-04T18:07:50,85.0,42.3,sensor2_serial,2,0,4,0,120,158,20.000,20.004,0,0,0,0.000000,SUCCESS,sigmoid,
2026-06-04T18:08:10,85.0,42.3,sensor2_serial,2,0,4,0,120,157,20.000,20.005,0,0,0,0.000000,SUCCESS,sigmoid,
2026-06-04T18:08:30,85.0,42.3,sensor2_serial,2,0,4,0,120,156,20.000,20.005,0,0,0,0.000000,SUCCESS,sigmoid,
2026-06-04T18:08:50,85.0,42.3,sensor2_serial,2,0,4,0,120,155,20.000,20.005,0,0,0,0.000000,SUCCESS,sigmoid,
2026-06-04T18:09:10,85.0,42.3,sensor2_serial,2,0,4,0,120,154,20.000,20.004,0,0,0,0.000000,SUCCESS,sigmoid,
2026-06-04T18:09:30,85.0,42.3,sensor2_serial,2,0,4,0,120,153,20.000,20.009,0,0,0,0.000000,SUCCESS,sigmoid,
2026-06-04T18:09:50,85.0,42.3,sensor2_serial,2,0,4,0,120,152,20.000,20.004,0,0,0,0.000000,SUCCESS,sigmoid,
2026-06-04T18:10:10,85.0,42.3,sensor2_serial,2,0,4,0,120,151,20.000,20.005,0,0,0,0.000000,SUCCESS,sigmoid,
2026-06-04T18:10:30,85.0,42.3,sensor2_serial,2,0,4,0,120,150,20.000,20.004,0,0,0,0.000000,SUCCESS,sigmoid,
2026-06-04T18:10:50,85.0,42.3,sensor2_serial,2,0,4,0,120,149,20.000,20.004,0,0,0,0.000000,SUCCESS,sigmoid,
2026-06-04T18:11:10,85.0,42.3,sensor2_serial,2,0,4,0,120,148,20.000,20.004,0,0,0,0.000000,SUCCESS,sigmoid,
2026-06-04T18:11:30,85.0,42.3,sensor2_serial,2,0,4,0,120,147,20.000,20.005,0,0,0,0.000000,SUCCESS,sigmoid,
2026-06-04T18:11:51,85.0,42.3,sensor2_serial,2,0,4,0,120,146,20.000,20.005,0,0,0,0.000000,SUCCESS,sigmoid,
2026-06-04T18:12:11,85.0,42.3,sensor2_serial,2,0,4,0,120,145,20.000,20.004,0,0,0,0.000000,SUCCESS,sigmoid,
2026-06-04T18:12:31,85.0,42.3,sensor2_serial,2,0,4,0,120,144,20.000,20.004,0,0,0,0.000000,SUCCESS,sigmoid,
2026-06-04T18:12:51,85.0,42.3,sensor2_serial,2,0,4,0,120,143,20.000,20.004,0,0,0,0.000000,SUCCESS,sigmoid,
2026-06-04T18:13:11,85.0,42.3,sensor2_serial,2,0,4,0,120,142,20.000,20.004,0,0,0,0.000000,SUCCESS,sigmoid,
2026-06-04T18:13:31,85.0,42.3,sensor2_serial,2,0,4,0,120,141,20.000,20.005,0,0,0,0.000000,SUCCESS,sigmoid,
2026-06-04T18:13:51,85.0,42.3,sensor2_serial,2,0,4,0,120,140,20.000,20.005,0,0,0,0.000000,SUCCESS,sigmoid,
2026-06-04T18:14:11,85.0,42.3,sensor2_serial,2,0,4,0,120,139,20.000,20.004,0,0,0,0.000000,SUCCESS,sigmoid,
2026-06-04T18:14:31,85.0,42.3,sensor2_serial,2,0,4,0,120,138,20.000,20.004,0,0,0,0.000000,SUCCESS,sigmoid,
2026-06-04T18:14:51,85.0,42.3,sensor2_serial,2,0,4,0,120,137,20.000,20.004,0,0,0,0.000000,SUCCESS,sigmoid,
2026-06-04T18:15:11,85.0,42.3,sensor2_serial,2,0,4,0,120,136,20.000,20.004,0,0,0,0.000000,SUCCESS,sigmoid,
2026-06-04T18:15:31,85.0,42.3,sensor2_serial,2,0,4,0,120,135,20.000,20.005,0,0,0,0.000000,SUCCESS,sigmoid,
2026-06-04T18:15:51,85.0,42.3,sensor2_serial,2,0,4,0,120,134,20.000,20.004,0,0,0,0.000000,SUCCESS,sigmoid,
2026-06-04T18:16:11,85.0,42.3,sensor2_serial,2,0,4,0,120,133,20.000,20.004,0,0,0,0.000000,SUCCESS,sigmoid,
2026-06-04T18:16:31,85.0,42.3,sensor2_serial,2,0,4,0,120,132,20.000,20.005,0,0,0,0.000000,SUCCESS,sigmoid,
2026-06-04T18:16:51,85.0,42.3,sensor2_serial,2,0,4,0,120,131,20.000,20.005,0,0,0,0.000000,SUCCESS,sigmoid,
2026-06-04T18:17:11,85.0,42.3,sensor2_serial,2,0,4,0,120,130,20.000,20.004,0,0,0,0.000000,SUCCESS,sigmoid,
2026-06-04T18:17:32,85.0,42.3,sensor2_serial,2,0,4,0,120,129,20.000,20.004,0,0,0,0.000000,SUCCESS,sigmoid,
2026-06-04T18:17:52,85.0,42.3,sensor2_serial,2,0,4,0,120,128,20.000,20.005,0,0,0,0.000000,SUCCESS,sigmoid,
2026-06-04T18:18:12,85.0,42.3,sensor2_serial,2,0,4,0,120,127,20.000,20.004,0,0,0,0.000000,SUCCESS,sigmoid,
2026-06-04T18:18:32,85.0,42.3,sensor2_serial,2,0,4,0,120,126,20.000,20.004,0,0,0,0.000000,SUCCESS,sigmoid,
2026-06-04T18:18:52,85.0,42.3,sensor2_serial,2,0,4,0,120,125,20.000,20.005,0,0,0,0.000000,SUCCESS,sigmoid,
2026-06-04T18:19:12,85.0,42.3,sensor2_serial,2,0,4,0,120,124,20.000,20.005,0,0,0,0.000000,SUCCESS,sigmoid,
2026-06-04T18:19:32,85.0,42.3,sensor2_serial,2,0,4,0,120,123,20.000,20.004,0,0,0,0.000000,SUCCESS,sigmoid,
2026-06-04T18:19:52,85.0,42.3,sensor2_serial,2,0,4,0,120,122,20.000,20.005,0,0,0,0.000000,SUCCESS,sigmoid,
2026-06-04T18:20:12,85.0,42.3,sensor2_serial,2,0,4,0,120,121,20.000,20.004,0,0,0,0.000000,SUCCESS,sigmoid,
2026-06-04T18:20:32,85.0,42.3,sensor2_serial,2,0,4,0,120,120,20.000,20.004,0,0,0,0.000000,SUCCESS,sigmoid,
2026-06-04T18:20:52,85.0,42.3,sensor2_serial,2,0,4,0,120,119,20.000,20.006,0,0,0,0.000000,SUCCESS,sigmoid,
2026-06-04T18:21:12,85.0,42.3,sensor2_serial,2,0,4,0,120,118,20.000,20.004,0,0,0,0.000000,SUCCESS,sigmoid,
2026-06-04T18:21:32,85.0,42.3,sensor2_serial,2,0,4,0,120,117,20.000,20.005,0,0,0,0.000000,SUCCESS,sigmoid,
2026-06-04T18:21:52,85.0,42.3,sensor2_serial,2,0,4,0,120,116,20.000,20.005,0,0,0,0.000000,SUCCESS,sigmoid,
2026-06-04T18:22:12,85.0,42.3,sensor2_serial,2,0,4,0,120,115,20.000,20.005,0,0,0,0.000000,SUCCESS,sigmoid,
2026-06-04T18:22:32,85.0,42.3,sensor2_serial,2,0,4,0,120,114,20.000,20.005,0,0,0,0.000000,SUCCESS,sigmoid,
2026-06-04T18:22:52,85.0,42.3,sensor2_serial,2,0,4,0,120,113,20.000,20.004,0,0,0,0.000000,SUCCESS,sigmoid,
2026-06-04T18:23:13,85.0,42.3,sensor2_serial,2,0,4,0,120,112,20.000,20.004,0,0,0,0.000000,SUCCESS,sigmoid,
2026-06-04T18:23:33,85.0,42.3,sensor2_serial,2,0,4,0,120,111,20.000,20.004,0,0,0,0.000000,SUCCESS,sigmoid,
2026-06-04T18:23:53,85.0,42.3,sensor2_serial,2,0,4,0,120,110,20.000,20.005,0,0,0,0.000000,SUCCESS,sigmoid,
2026-06-04T18:24:13,85.0,42.3,sensor2_serial,2,0,4,0,120,109,20.000,20.005,0,0,0,0.000000,SUCCESS,sigmoid,
2026-06-04T18:24:33,85.0,42.3,sensor2_serial,2,0,4,0,120,108,20.000,20.005,0,0,0,0.000000,SUCCESS,sigmoid,
2026-06-04T18:24:53,85.0,42.3,sensor2_serial,2,0,4,0,120,107,20.000,20.005,0,0,0,0.000000,SUCCESS,sigmoid,
2026-06-04T18:25:13,85.0,42.3,sensor2_serial,2,0,4,0,120,106,20.000,20.004,0,0,0,0.000000,SUCCESS,sigmoid,
2026-06-04T18:25:33,85.0,42.3,sensor2_serial,2,0,4,0,120,105,20.000,20.005,0,0,0,0.000000,SUCCESS,sigmoid,
2026-06-04T18:25:53,85.0,42.3,sensor2_serial,2,0,4,0,120,104,20.000,20.004,0,0,0,0.000000,SUCCESS,sigmoid,
2026-06-04T18:26:13,85.0,42.3,sensor2_serial,2,0,4,0,120,103,20.000,20.005,0,0,0,0.000000,SUCCESS,sigmoid,
2026-06-04T18:26:33,85.0,42.3,sensor2_serial,2,0,4,0,120,102,20.000,20.005,0,0,0,0.000000,SUCCESS,sigmoid,
2026-06-04T18:26:53,85.0,42.3,sensor2_serial,2,0,4,0,120,101,20.000,20.004,0,0,0,0.000000,SUCCESS,sigmoid,
2026-06-04T18:27:13,85.0,42.3,sensor2_serial,2,0,4,0,120,100,20.000,20.004,0,0,0,0.000000,SUCCESS,sigmoid,
2026-06-04T18:27:33,85.0,42.3,sensor2_serial,2,0,4,0,120,99,20.000,20.004,0,0,0,0.000000,SUCCESS,sigmoid,
2026-06-04T18:27:53,85.0,42.3,sensor2_serial,2,0,4,0,120,98,20.000,20.005,0,0,0,0.000000,SUCCESS,sigmoid,
2026-06-04T18:28:13,85.0,42.3,sensor2_serial,2,0,4,0,120,97,20.000,20.005,0,0,0,0.000000,SUCCESS,sigmoid,
2026-06-04T18:28:34,85.0,42.3,sensor2_serial,2,0,4,0,120,96,20.000,20.004,0,0,0,0.000000,SUCCESS,sigmoid,
2026-06-04T18:28:54,85.0,42.3,sensor2_serial,2,0,4,0,120,95,20.000,20.005,0,0,0,0.000000,SUCCESS,sigmoid,
2026-06-04T18:29:14,85.0,42.3,sensor2_serial,2,0,4,0,120,94,20.000,20.004,0,0,0,0.000000,SUCCESS,sigmoid,
2026-06-04T18:29:34,85.0,42.3,sensor2_serial,2,0,4,0,120,93,20.000,20.005,0,0,0,0.000000,SUCCESS,sigmoid,
2026-06-04T18:29:54,85.0,42.3,sensor2_serial,2,0,4,0,120,92,20.000,20.005,0,0,0,0.000000,SUCCESS,sigmoid,
2026-06-04T18:30:14,85.0,42.3,sensor2_serial,2,0,4,0,120,91,20.000,20.004,0,0,0,0.000000,SUCCESS,sigmoid,
2026-06-04T18:30:34,85.0,42.3,sensor2_serial,2,0,4,0,120,90,20.000,20.005,0,0,0,0.000000,SUCCESS,sigmoid,
2026-06-04T18:30:54,85.0,42.3,sensor2_serial,2,0,4,0,120,89,20.000,20.004,0,0,0,0.000000,SUCCESS,sigmoid,
2026-06-04T18:31:14,85.0,42.3,sensor2_serial,2,0,4,0,120,88,20.000,20.005,0,0,0,0.000000,SUCCESS,sigmoid,
2026-06-04T18:31:34,85.0,42.3,sensor2_serial,2,0,4,0,120,87,20.000,20.004,0,0,0,0.000000,SUCCESS,sigmoid,
2026-06-04T18:31:54,85.0,42.3,sensor2_serial,2,0,4,0,120,86,20.000,20.004,0,0,0,0.000000,SUCCESS,sigmoid,
2026-06-04T18:32:14,85.0,42.3,sensor2_serial,2,0,4,0,120,85,20.000,20.005,0,0,0,0.000000,SUCCESS,sigmoid,
2026-06-04T18:32:34,85.0,42.3,sensor2_serial,2,0,4,0,120,84,20.000,20.004,0,0,0,0.000000,SUCCESS,sigmoid,
2026-06-04T18:32:54,85.0,42.3,sensor2_serial,2,0,4,0,120,83,20.000,20.004,0,0,0,0.000000,SUCCESS,sigmoid,
2026-06-04T18:33:14,85.0,42.3,sensor2_serial,2,0,4,0,120,82,20.000,20.005,0,0,0,0.000000,SUCCESS,sigmoid,
2026-06-04T18:33:34,85.0,42.3,sensor2_serial,2,0,4,0,120,81,20.000,20.004,0,0,0,0.000000,SUCCESS,sigmoid,
2026-06-04T18:33:54,85.0,42.3,sensor2_serial,2,0,4,0,120,80,20.000,20.005,0,0,0,0.000000,SUCCESS,sigmoid,
2026-06-04T18:34:15,85.0,42.3,sensor2_serial,2,0,4,0,120,79,20.000,20.004,0,0,0,0.000000,SUCCESS,sigmoid,
2026-06-04T18:34:35,85.0,42.3,sensor2_serial,2,0,4,0,120,78,20.000,20.004,0,0,0,0.000000,SUCCESS,sigmoid,
2026-06-04T18:34:55,85.0,42.3,sensor2_serial,2,0,4,0,120,77,20.000,20.004,0,0,0,0.000000,SUCCESS,sigmoid,
2026-06-04T18:35:15,85.0,42.3,sensor2_serial,2,0,4,0,120,76,20.000,20.005,0,0,0,0.000000,SUCCESS,sigmoid,
2026-06-04T18:35:35,85.0,42.3,sensor2_serial,2,0,4,0,120,75,20.000,20.004,0,0,0,0.000000,SUCCESS,sigmoid,
2026-06-04T18:35:55,85.0,42.3,sensor2_serial,2,0,4,0,120,74,20.000,20.005,0,0,0,0.000000,SUCCESS,sigmoid,
2026-06-04T18:36:15,85.0,42.3,sensor2_serial,2,0,4,0,120,73,20.000,20.005,0,0,0,0.000000,SUCCESS,sigmoid,
2026-06-04T18:36:35,85.0,42.3,sensor2_serial,2,0,4,0,120,72,20.000,20.004,0,0,0,0.000000,SUCCESS,sigmoid,
2026-06-04T18:36:55,85.0,42.3,sensor2_serial,2,0,4,0,120,71,20.000,20.006,0,0,0,0.000000,SUCCESS,sigmoid,
2026-06-04T18:37:15,85.0,42.3,sensor2_serial,2,0,4,0,120,70,20.000,20.004,0,0,0,0.000000,SUCCESS,sigmoid,
2026-06-04T18:37:35,85.0,42.3,sensor2_serial,2,0,4,0,120,69,20.000,20.004,0,0,0,0.000000,SUCCESS,sigmoid,
2026-06-04T18:37:55,85.0,42.3,sensor2_serial,2,0,4,0,120,68,20.000,20.005,0,0,0,0.000000,SUCCESS,sigmoid,
2026-06-04T18:38:15,85.0,42.3,sensor2_serial,2,0,4,0,120,67,20.000,20.004,0,0,0,0.000000,SUCCESS,sigmoid,
2026-06-04T18:38:35,85.0,42.3,sensor2_serial,2,0,4,0,120,66,20.000,20.004,0,0,0,0.000000,SUCCESS,sigmoid,
2026-06-04T18:38:55,85.0,42.3,sensor2_serial,2,0,4,0,120,65,20.000,20.004,0,0,0,0.000000,SUCCESS,sigmoid,
2026-06-04T18:39:15,85.0,42.3,sensor2_serial,2,0,4,0,120,64,20.000,20.005,0,0,0,0.000000,SUCCESS,sigmoid,
2026-06-04T18:39:35,85.0,42.3,sensor2_serial,2,0,4,0,120,63,20.000,20.004,0,0,0,0.000000,SUCCESS,sigmoid,
2026-06-04T18:39:56,85.0,42.3,sensor2_serial,2,0,4,0,120,62,20.000,20.004,0,0,0,0.000000,SUCCESS,sigmoid,
2026-06-04T18:40:16,85.0,42.3,sensor2_serial,2,0,4,0,120,61,20.000,20.005,0,0,0,0.000000,SUCCESS,sigmoid,
2026-06-04T18:40:36,85.0,42.3,sensor2_serial,2,0,4,0,120,60,20.000,20.004,0,0,0,0.000000,SUCCESS,sigmoid,
2026-06-04T18:40:56,85.0,42.3,sensor2_serial,2,0,4,0,120,59,20.000,20.004,0,0,0,0.000000,SUCCESS,sigmoid,
2026-06-04T18:41:16,85.0,42.3,sensor2_serial,2,0,4,0,120,58,20.000,20.004,0,0,0,0.000000,SUCCESS,sigmoid,
2026-06-04T18:41:36,85.0,42.3,sensor2_serial,2,0,4,0,120,57,20.000,20.005,0,0,0,0.000000,SUCCESS,sigmoid,
2026-06-04T18:41:56,85.0,42.3,sensor2_serial,2,0,4,0,120,56,20.000,20.004,0,0,0,0.000000,SUCCESS,sigmoid,
2026-06-04T18:42:16,85.0,42.3,sensor2_serial,2,0,4,0,120,55,20.000,20.004,0,0,0,0.000000,SUCCESS,sigmoid,
2026-06-04T18:42:36,85.0,42.3,sensor2_serial,2,0,4,0,120,54,20.000,20.004,0,0,0,0.000000,SUCCESS,sigmoid,
2026-06-04T18:42:56,85.0,42.3,sensor2_serial,2,0,4,0,120,53,20.000,20.005,0,0,0,0.000000,SUCCESS,sigmoid,
2026-06-04T18:43:16,85.0,42.3,sensor2_serial,2,0,4,0,120,52,20.000,20.005,0,0,0,0.000000,SUCCESS,sigmoid,
2026-06-04T18:43:36,85.0,42.3,sensor2_serial,2,0,4,0,120,51,20.000,20.005,0,0,0,0.000000,SUCCESS,sigmoid,
2026-06-04T18:43:56,85.0,42.3,sensor2_serial,2,0,4,0,120,50,20.000,20.005,0,0,0,0.000000,SUCCESS,sigmoid,
2026-06-04T18:44:16,85.0,42.3,sensor2_serial,2,0,4,0,120,49,20.000,20.004,0,0,0,0.000000,SUCCESS,sigmoid,
2026-06-04T18:44:36,85.0,42.3,sensor2_serial,2,0,4,0,120,48,20.000,20.005,0,0,0,0.000000,SUCCESS,sigmoid,
2026-06-04T18:44:56,85.0,42.3,sensor2_serial,2,0,4,0,120,47,20.000,20.004,0,0,0,0.000000,SUCCESS,sigmoid,
2026-06-04T18:45:16,85.0,42.3,sensor2_serial,2,0,4,0,120,46,20.000,20.004,0,0,0,0.000000,SUCCESS,sigmoid,
2026-06-04T18:45:37,85.0,42.3,sensor2_serial,2,0,4,0,120,45,20.000,20.004,0,0,0,0.000000,SUCCESS,sigmoid,
2026-06-04T18:45:57,85.0,42.3,sensor2_serial,2,0,4,0,120,44,20.000,20.004,0,0,0,0.000000,SUCCESS,sigmoid,
2026-06-04T18:46:17,85.0,42.3,sensor2_serial,2,0,4,0,120,43,20.000,20.004,0,0,0,0.000000,SUCCESS,sigmoid,
2026-06-04T18:46:37,85.0,42.3,sensor2_serial,2,0,4,0,120,42,20.000,20.005,0,0,0,0.000000,SUCCESS,sigmoid,
2026-06-04T18:46:57,85.0,42.3,sensor2_serial,2,0,4,0,120,41,20.000,20.005,0,0,0,0.000000,SUCCESS,sigmoid,
2026-06-04T18:47:17,85.0,42.3,sensor2_serial,2,0,4,0,120,40,20.000,20.004,0,0,0,0.000000,SUCCESS,sigmoid,
2026-06-04T18:47:37,85.0,42.3,sensor2_serial,2,0,4,0,120,39,20.000,20.004,0,0,0,0.000000,SUCCESS,sigmoid,
2026-06-04T18:47:57,85.0,42.3,sensor2_serial,2,0,4,0,120,38,20.000,20.005,0,0,0,0.000000,SUCCESS,sigmoid,
2026-06-04T18:48:17,85.0,42.3,sensor2_serial,2,0,4,0,120,37,20.000,20.004,0,0,0,0.000000,SUCCESS,sigmoid,
2026-06-04T18:48:37,85.0,42.3,sensor2_serial,2,0,4,0,120,36,20.000,20.004,0,0,0,0.000000,SUCCESS,sigmoid,
2026-06-04T18:48:57,85.0,42.3,sensor2_serial,2,0,4,0,120,35,20.000,20.004,0,0,0,0.000000,SUCCESS,sigmoid,
2026-06-04T18:49:17,85.0,42.3,sensor2_serial,2,0,4,0,120,34,20.000,20.004,0,0,0,0.000000,SUCCESS,sigmoid,
2026-06-04T18:49:37,85.0,42.3,sensor2_serial,2,0,4,0,120,33,20.000,20.004,0,0,0,0.000000,SUCCESS,sigmoid,
2026-06-04T18:49:57,85.0,42.3,sensor2_serial,2,0,4,0,120,32,20.000,20.004,0,0,0,0.000000,SUCCESS,sigmoid,
2026-06-04T18:50:17,85.0,42.3,sensor2_serial,2,0,4,0,120,31,20.000,20.004,0,0,0,0.000000,SUCCESS,sigmoid,
2026-06-04T18:50:37,85.0,42.3,sensor2_serial,2,0,4,0,120,30,20.000,20.004,0,0,0,0.000000,SUCCESS,sigmoid,
2026-06-04T18:50:57,85.0,42.3,sensor2_serial,2,0,4,0,120,29,20.000,20.005,0,0,0,0.000000,SUCCESS,sigmoid,
2026-06-04T18:51:18,85.0,42.3,sensor2_serial,2,0,4,0,120,28,20.000,20.004,0,0,0,0.000000,SUCCESS,sigmoid,
2026-06-04T18:51:38,85.0,42.3,sensor2_serial,2,0,4,0,120,27,20.000,20.004,0,0,0,0.000000,SUCCESS,sigmoid,
2026-06-04T18:51:58,85.0,42.3,sensor2_serial,2,0,4,0,120,26,20.000,20.004,0,0,0,0.000000,SUCCESS,sigmoid,
2026-06-04T18:52:18,85.0,42.3,sensor2_serial,2,0,4,0,120,25,20.000,20.004,0,0,0,0.000000,SUCCESS,sigmoid,
2026-06-04T18:52:38,85.0,42.3,sensor2_serial,2,0,4,0,120,24,20.000,20.004,0,0,0,0.000000,SUCCESS,sigmoid,
2026-06-04T18:52:58,85.0,42.3,sensor2_serial,2,0,4,0,120,23,20.000,20.005,0,0,0,0.000000,SUCCESS,sigmoid,
2026-06-04T18:53:18,85.0,42.3,sensor2_serial,2,0,4,0,120,22,20.000,20.005,0,0,0,0.000000,SUCCESS,sigmoid,
2026-06-04T18:53:38,85.0,42.3,sensor2_serial,2,0,4,0,120,21,20.000,20.005,0,0,0,0.000000,SUCCESS,sigmoid,
2026-06-04T18:53:58,85.0,42.3,sensor2_serial,2,0,4,0,120,20,20.000,20.005,0,0,0,0.000000,SUCCESS,sigmoid,
2026-06-04T18:54:18,85.0,42.3,sensor2_serial,2,0,4,0,120,19,20.000,20.005,0,0,0,0.000000,SUCCESS,sigmoid,
2026-06-04T18:54:38,85.0,42.3,sensor2_serial,2,0,4,0,120,18,20.000,20.004,0,0,0,0.000000,SUCCESS,sigmoid,
2026-06-04T18:54:58,85.0,42.3,sensor2_serial,2,0,4,0,120,17,20.000,20.004,0,0,0,0.000000,SUCCESS,sigmoid,
2026-06-04T18:55:18,85.0,42.3,sensor2_serial,2,0,4,0,120,16,20.000,20.004,0,0,0,0.000000,SUCCESS,sigmoid,
2026-06-04T18:55:38,85.0,42.3,sensor2_serial,2,0,4,0,120,15,20.000,20.004,0,0,0,0.000000,SUCCESS,sigmoid,
2026-06-04T18:55:58,85.0,42.3,sensor2_serial,2,0,4,0,120,14,20.000,20.004,0,0,0,0.000000,SUCCESS,sigmoid,
2026-06-04T18:56:18,85.0,42.3,sensor2_serial,2,0,4,0,120,13,20.000,20.004,0,0,0,0.000000,SUCCESS,sigmoid,
2026-06-04T18:56:38,85.0,42.3,sensor2_serial,2,0,4,0,120,12,20.000,20.004,0,0,0,0.000000,SUCCESS,sigmoid,
2026-06-04T18:56:59,85.0,42.3,sensor2_serial,2,0,4,0,120,11,20.000,20.004,0,0,0,0.000000,SUCCESS,sigmoid,
2026-06-04T18:57:19,85.0,42.3,sensor2_serial,2,0,4,0,120,10,20.000,20.004,0,0,0,0.000000,SUCCESS,sigmoid,
2026-06-04T18:57:39,85.0,42.3,sensor2_serial,2,0,4,0,120,9,20.000,20.004,0,0,0,0.000000,SUCCESS,sigmoid,
2026-06-04T18:57:59,85.0,42.3,sensor2_serial,2,0,4,0,120,8,20.000,20.004,0,0,0,0.000000,SUCCESS,sigmoid,
2026-06-04T18:58:19,85.0,42.3,sensor2_serial,2,0,4,0,120,7,20.000,20.004,0,0,0,0.000000,SUCCESS,sigmoid,
2026-06-04T18:58:39,85.0,42.3,sensor2_serial,2,0,4,0,120,6,20.000,20.004,0,0,0,0.000000,SUCCESS,sigmoid,
2026-06-04T18:58:59,85.0,42.3,sensor2_serial,2,0,4,0,120,5,20.000,20.004,0,0,0,0.000000,SUCCESS,sigmoid,
2026-06-04T18:59:19,85.0,42.3,sensor2_serial,2,0,4,0,120,4,20.000,20.004,0,0,0,0.000000,SUCCESS,sigmoid,
2026-06-04T18:59:39,85.0,42.3,sensor2_serial,2,0,4,0,120,3,20.000,20.004,0,0,0,0.000000,SUCCESS,sigmoid,
2026-06-04T18:59:59,85.0,42.3,sensor2_serial,2,0,4,0,120,2,20.000,20.004,0,0,0,0.000000,SUCCESS,sigmoid,
2026-06-04T19:00:19,85.0,42.3,sensor2_serial,2,0,4,0,120,1,20.000,20.004,0,0,0,0.000000,SUCCESS,sigmoid,
2026-06-04T19:00:39,85.0,42.3,sensor2_serial,2,0,4,0,120,0,20.000,20.005,0,0,0,0.000000,SUCCESS,sigmoid,
2026-06-04T19:00:59,85.0,42.3,sensor2_serial,2,1,5,1,120,255,20.000,20.005,0,1757585,1757585,87856.577356,SUCCESS,sigmoid,
2026-06-04T19:01:19,85.0,42.3,sensor2_serial,2,1,5,1,120,254,20.000,20.005,0,1777834,1777834,88868.594569,SUCCESS,sigmoid,
2026-06-04T19:01:39,85.0,42.3,sensor2_serial,2,1,5,1,120,253,20.000,20.005,0,1896658,1896658,94811.026552,SUCCESS,sigmoid,
2026-06-04T19:01:59,85.0,42.3,sensor2_serial,2,1,5,1,120,252,20.000,20.005,0,2053410,2053410,102643.550068,SUCCESS,sigmoid,
2026-06-04T19:02:19,85.0,42.3,sensor2_serial,2,1,5,1,120,251,20.000,20.005,0,2330458,2330458,116493.206662,SUCCESS,sigmoid,
2026-06-04T19:02:40,85.0,42.3,sensor2_serial,2,1,5,1,120,250,20.000,20.005,0,2698276,2698276,134878.614797,SUCCESS,sigmoid,
2026-06-04T19:03:00,85.0,42.3,sensor2_serial,2,1,5,1,120,249,20.000,20.005,0,3123776,3123776,156147.429887,SUCCESS,sigmoid,
2026-06-04T19:03:20,85.0,42.3,sensor2_serial,2,1,5,1,120,248,20.000,20.005,0,3275218,3275218,163718.798356,SUCCESS,sigmoid,
2026-06-04T19:03:40,85.0,42.3,sensor2_serial,2,1,5,1,120,247,20.000,20.006,0,2830112,2830112,141465.220914,SUCCESS,sigmoid,
2026-06-04T19:04:00,85.0,42.3,sensor2_serial,2,1,5,1,120,246,20.000,20.005,0,2147134,2147134,107327.614380,SUCCESS,sigmoid,
2026-06-04T19:04:20,85.0,42.3,sensor2_serial,2,1,5,1,120,245,20.000,20.005,0,1377716,1377716,68866.936030,SUCCESS,sigmoid,
2026-06-04T19:04:40,85.0,42.3,sensor2_serial,2,1,5,1,120,244,20.000,20.006,0,813599,813599,40668.447501,SUCCESS,sigmoid,
2026-06-04T19:05:00,85.0,42.3,sensor2_serial,2,1,5,1,120,243,20.000,20.005,0,398408,398408,19915.010659,SUCCESS,sigmoid,
2026-06-04T19:05:20,85.0,42.3,sensor2_serial,2,1,5,1,120,242,20.000,20.005,0,188508,188508,9422.839348,SUCCESS,sigmoid,
2026-06-04T19:05:40,85.0,42.3,sensor2_serial,2,1,5,1,120,241,20.000,20.005,0,94267,94267,4712.092073,SUCCESS,sigmoid,
2026-06-04T19:06:00,85.0,42.3,sensor2_serial,2,1,5,1,120,240,20.000,20.005,0,33212,33212,1660.219986,SUCCESS,sigmoid,
2026-06-04T19:06:20,85.0,42.3,sensor2_serial,2,1,5,1,120,239,20.000,20.006,0,46659,46659,2332.299433,SUCCESS,sigmoid,
2026-06-04T19:06:40,85.0,42.3,sensor2_serial,2,1,5,1,120,238,20.000,20.005,0,24966,24966,1247.978551,SUCCESS,sigmoid,
2026-06-04T19:07:00,85.0,42.3,sensor2_serial,2,1,5,1,120,237,20.000,20.005,0,8492,8492,424.492002,SUCCESS,sigmoid,
2026-06-04T19:07:20,85.0,42.3,sensor2_serial,2,1,5,1,120,236,20.000,20.006,0,3485,3485,174.201610,SUCCESS,sigmoid,
2026-06-04T19:07:40,85.0,42.3,sensor2_serial,2,1,5,1,120,235,20.000,20.006,0,1072,1072,53.585067,SUCCESS,sigmoid,
2026-06-04T19:08:00,85.0,42.3,sensor2_serial,2,1,5,1,120,234,20.000,20.005,0,290,290,14.496082,SUCCESS,sigmoid,
2026-06-04T19:08:21,85.0,42.3,sensor2_serial,2,1,5,1,120,233,20.000,20.004,0,154,154,7.698440,SUCCESS,sigmoid,
2026-06-04T19:08:41,85.0,42.3,sensor2_serial,2,1,5,1,120,232,20.000,20.005,0,65,65,3.249225,SUCCESS,sigmoid,
2026-06-04T19:09:01,85.0,42.3,sensor2_serial,2,1,5,1,120,231,20.000,20.004,0,23,23,1.149743,SUCCESS,sigmoid,
2026-06-04T19:09:21,85.0,42.3,sensor2_serial,2,1,5,1,120,230,20.000,20.005,0,16,16,0.799813,SUCCESS,sigmoid,
2026-06-04T19:09:41,85.0,42.3,sensor2_serial,2,1,5,1,120,229,20.000,20.006,0,9,9,0.449875,SUCCESS,sigmoid,
2026-06-04T19:10:01,85.0,42.3,sensor2_serial,2,1,5,1,120,228,20.000,20.004,0,15,15,0.749841,SUCCESS,sigmoid,
2026-06-04T19:10:21,85.0,42.3,sensor2_serial,2,1,5,1,120,227,20.000,20.004,0,9,9,0.449909,SUCCESS,sigmoid,
2026-06-04T19:10:41,85.0,42.3,sensor2_serial,2,1,5,1,120,226,20.000,20.004,0,5,5,0.249945,SUCCESS,sigmoid,
2026-06-04T19:11:01,85.0,42.3,sensor2_serial,2,1,5,1,120,225,20.000,20.004,0,8,8,0.399917,SUCCESS,sigmoid,
2026-06-04T19:11:21,85.0,42.3,sensor2_serial,2,1,5,1,120,224,20.000,20.004,0,3,3,0.149967,SUCCESS,sigmoid,
2026-06-04T19:11:41,85.0,42.3,sensor2_serial,2,1,5,1,120,223,20.000,20.004,0,6,6,0.299938,SUCCESS,sigmoid,
2026-06-04T19:12:01,85.0,42.3,sensor2_serial,2,1,5,1,120,222,20.000,20.005,0,5,5,0.249943,SUCCESS,sigmoid,
2026-06-04T19:12:21,85.0,42.3,sensor2_serial,2,1,5,1,120,221,20.000,20.004,0,3,3,0.149969,SUCCESS,sigmoid,
2026-06-04T19:12:41,85.0,42.3,sensor2_serial,2,1,5,1,120,220,20.000,20.005,0,4,4,0.199953,SUCCESS,sigmoid,
2026-06-04T19:13:01,85.0,42.3,sensor2_serial,2,1,5,1,120,219,20.000,20.005,0,2,2,0.099974,SUCCESS,sigmoid,
2026-06-04T19:13:21,85.0,42.3,sensor2_serial,2,1,5,1,120,218,20.000,20.004,0,4,4,0.199956,SUCCESS,sigmoid,
2026-06-04T19:13:41,85.0,42.3,sensor2_serial,2,1,5,1,120,217,20.000,20.004,0,3,3,0.149969,SUCCESS,sigmoid,
2026-06-04T19:14:02,85.0,42.3,sensor2_serial,2,1,5,1,120,216,20.000,20.004,0,2,2,0.099979,SUCCESS,sigmoid,
2026-06-04T19:14:22,85.0,42.3,sensor2_serial,2,1,5,1,120,215,20.000,20.004,0,4,4,0.199956,SUCCESS,sigmoid,
2026-06-04T19:14:42,85.0,42.3,sensor2_serial,2,1,5,1,120,214,20.000,20.004,0,5,5,0.249946,SUCCESS,sigmoid,
2026-06-04T19:15:02,85.0,42.3,sensor2_serial,2,1,5,1,120,213,20.000,20.004,0,2,2,0.099980,SUCCESS,sigmoid,
2026-06-04T19:15:22,85.0,42.3,sensor2_serial,2,1,5,1,120,212,20.000,20.005,0,1,1,0.049986,SUCCESS,sigmoid,
2026-06-04T19:15:42,85.0,42.3,sensor2_serial,2,1,5,1,120,211,20.000,20.004,0,2,2,0.099978,SUCCESS,sigmoid,
2026-06-04T19:16:02,85.0,42.3,sensor2_serial,2,1,5,1,120,210,20.000,20.004,0,1,1,0.049989,SUCCESS,sigmoid,
2026-06-04T19:16:22,85.0,42.3,sensor2_serial,2,1,5,1,120,209,20.000,20.005,0,4,4,0.199954,SUCCESS,sigmoid,
2026-06-04T19:16:42,85.0,42.3,sensor2_serial,2,1,5,1,120,208,20.000,20.004,0,0,0,0.000000,SUCCESS,sigmoid,
2026-06-04T19:17:02,85.0,42.3,sensor2_serial,2,1,5,1,120,207,20.000,20.004,0,2,2,0.099980,SUCCESS,sigmoid,
2026-06-04T19:17:22,85.0,42.3,sensor2_serial,2,1,5,1,120,206,20.000,20.004,0,1,1,0.049989,SUCCESS,sigmoid,
2026-06-04T19:17:42,85.0,42.3,sensor2_serial,2,1,5,1,120,205,20.000,20.004,0,1,1,0.049989,SUCCESS,sigmoid,
2026-06-04T19:18:02,85.0,42.3,sensor2_serial,2,1,5,1,120,204,20.000,20.004,0,2,2,0.099979,SUCCESS,sigmoid,
2026-06-04T19:18:22,85.0,42.3,sensor2_serial,2,1,5,1,120,203,20.000,20.005,0,1,1,0.049986,SUCCESS,sigmoid,
2026-06-04T19:18:42,85.0,42.3,sensor2_serial,2,1,5,1,120,202,20.000,20.004,0,1,1,0.049989,SUCCESS,sigmoid,
2026-06-04T19:19:02,85.0,42.3,sensor2_serial,2,1,5,1,120,201,20.000,20.005,0,0,0,0.000000,SUCCESS,sigmoid,
2026-06-04T19:19:22,85.0,42.3,sensor2_serial,2,1,5,1,120,200,20.000,20.004,0,1,1,0.049989,SUCCESS,sigmoid,
2026-06-04T19:19:43,85.0,42.3,sensor2_serial,2,1,5,1,120,199,20.000,20.004,0,1,1,0.049989,SUCCESS,sigmoid,
2026-06-04T19:20:03,85.0,42.3,sensor2_serial,2,1,5,1,120,198,20.000,20.005,0,2,2,0.099977,SUCCESS,sigmoid,
2026-06-04T19:20:23,85.0,42.3,sensor2_serial,2,1,5,1,120,197,20.000,20.005,0,1,1,0.049987,SUCCESS,sigmoid,
2026-06-04T19:20:43,85.0,42.3,sensor2_serial,2,1,5,1,120,196,20.000,20.004,0,1,1,0.049989,SUCCESS,sigmoid,
2026-06-04T19:21:03,85.0,42.3,sensor2_serial,2,1,5,1,120,195,20.000,20.005,0,1,1,0.049989,SUCCESS,sigmoid,
2026-06-04T19:21:23,85.0,42.3,sensor2_serial,2,1,5,1,120,194,20.000,20.004,0,1,1,0.049989,SUCCESS,sigmoid,
2026-06-04T19:21:43,85.0,42.3,sensor2_serial,2,1,5,1,120,193,20.000,20.005,0,0,0,0.000000,SUCCESS,sigmoid,
2026-06-04T19:22:03,85.0,42.3,sensor2_serial,2,1,5,1,120,192,20.000,20.005,0,0,0,0.000000,SUCCESS,sigmoid,
2026-06-04T19:22:23,85.0,42.3,sensor2_serial,2,1,5,1,120,191,20.000,20.005,0,0,0,0.000000,SUCCESS,sigmoid,
2026-06-04T19:22:43,85.0,42.3,sensor2_serial,2,1,5,1,120,190,20.000,20.005,0,0,0,0.000000,SUCCESS,sigmoid,
2026-06-04T19:23:03,85.0,42.3,sensor2_serial,2,1,5,1,120,189,20.000,20.004,0,1,1,0.049989,SUCCESS,sigmoid,
2026-06-04T19:23:23,85.0,42.3,sensor2_serial,2,1,5,1,120,188,20.000,20.004,0,1,1,0.049989,SUCCESS,sigmoid,
2026-06-04T19:23:43,85.0,42.3,sensor2_serial,2,1,5,1,120,187,20.000,20.004,0,1,1,0.049989,SUCCESS,sigmoid,
2026-06-04T19:24:03,85.0,42.3,sensor2_serial,2,1,5,1,120,186,20.000,20.005,0,0,0,0.000000,SUCCESS,sigmoid,
2026-06-04T19:24:23,85.0,42.3,sensor2_serial,2,1,5,1,120,185,20.000,20.005,0,0,0,0.000000,SUCCESS,sigmoid,
2026-06-04T19:24:43,85.0,42.3,sensor2_serial,2,1,5,1,120,184,20.000,20.004,0,0,0,0.000000,SUCCESS,sigmoid,
2026-06-04T19:25:04,85.0,42.3,sensor2_serial,2,1,5,1,120,183,20.000,20.004,0,1,1,0.049989,SUCCESS,sigmoid,
2026-06-04T19:25:24,85.0,42.3,sensor2_serial,2,1,5,1,120,182,20.000,20.004,0,0,0,0.000000,SUCCESS,sigmoid,
2026-06-04T19:25:44,85.0,42.3,sensor2_serial,2,1,5,1,120,181,20.000,20.004,0,0,0,0.000000,SUCCESS,sigmoid,
2026-06-04T19:26:04,85.0,42.3,sensor2_serial,2,1,5,1,120,180,20.000,20.006,0,0,0,0.000000,SUCCESS,sigmoid,
2026-06-04T19:26:24,85.0,42.3,sensor2_serial,2,1,5,1,120,179,20.000,20.004,0,0,0,0.000000,SUCCESS,sigmoid,
2026-06-04T19:26:44,85.0,42.3,sensor2_serial,2,1,5,1,120,178,20.000,20.004,0,1,1,0.049989,SUCCESS,sigmoid,
2026-06-04T19:27:04,85.0,42.3,sensor2_serial,2,1,5,1,120,177,20.000,20.005,0,0,0,0.000000,SUCCESS,sigmoid,
2026-06-04T19:27:24,85.0,42.3,sensor2_serial,2,1,5,1,120,176,20.000,20.005,0,0,0,0.000000,SUCCESS,sigmoid,
2026-06-04T19:27:44,85.0,42.3,sensor2_serial,2,1,5,1,120,175,20.000,20.005,0,1,1,0.049989,SUCCESS,sigmoid,
2026-06-04T19:28:04,85.0,42.3,sensor2_serial,2,1,5,1,120,174,20.000,20.005,0,0,0,0.000000,SUCCESS,sigmoid,
2026-06-04T19:28:24,85.0,42.3,sensor2_serial,2,1,5,1,120,173,20.000,20.004,0,0,0,0.000000,SUCCESS,sigmoid,
2026-06-04T19:28:44,85.0,42.3,sensor2_serial,2,1,5,1,120,172,20.000,20.005,0,0,0,0.000000,SUCCESS,sigmoid,
2026-06-04T19:29:04,85.0,42.3,sensor2_serial,2,1,5,1,120,171,20.000,20.005,0,0,0,0.000000,SUCCESS,sigmoid,
2026-06-04T19:29:24,85.0,42.3,sensor2_serial,2,1,5,1,120,170,20.000,20.004,0,0,0,0.000000,SUCCESS,sigmoid,
2026-06-04T19:29:44,85.0,42.3,sensor2_serial,2,1,5,1,120,169,20.000,20.004,0,0,0,0.000000,SUCCESS,sigmoid,
2026-06-04T19:30:04,85.0,42.3,sensor2_serial,2,1,5,1,120,168,20.000,20.005,0,0,0,0.000000,SUCCESS,sigmoid,
2026-06-04T19:30:24,85.0,42.3,sensor2_serial,2,1,5,1,120,167,20.000,20.004,0,0,0,0.000000,SUCCESS,sigmoid,
2026-06-04T19:30:45,85.0,42.3,sensor2_serial,2,1,5,1,120,166,20.000,20.004,0,0,0,0.000000,SUCCESS,sigmoid,
2026-06-04T19:31:05,85.0,42.3,sensor2_serial,2,1,5,1,120,165,20.000,20.004,0,0,0,0.000000,SUCCESS,sigmoid,
2026-06-04T19:31:25,85.0,42.3,sensor2_serial,2,1,5,1,120,164,20.000,20.004,0,0,0,0.000000,SUCCESS,sigmoid,
2026-06-04T19:31:45,85.0,42.3,sensor2_serial,2,1,5,1,120,163,20.000,20.004,0,0,0,0.000000,SUCCESS,sigmoid,
2026-06-04T19:32:05,85.0,42.3,sensor2_serial,2,1,5,1,120,162,20.000,20.004,0,0,0,0.000000,SUCCESS,sigmoid,
2026-06-04T19:32:25,85.0,42.3,sensor2_serial,2,1,5,1,120,161,20.000,20.005,0,0,0,0.000000,SUCCESS,sigmoid,
2026-06-04T19:32:45,85.0,42.3,sensor2_serial,2,1,5,1,120,160,20.000,20.004,0,0,0,0.000000,SUCCESS,sigmoid,
2026-06-04T19:33:05,85.0,42.3,sensor2_serial,2,1,5,1,120,159,20.000,20.004,0,0,0,0.000000,SUCCESS,sigmoid,
2026-06-04T19:33:25,85.0,42.3,sensor2_serial,2,1,5,1,120,158,20.000,20.005,0,0,0,0.000000,SUCCESS,sigmoid,
2026-06-04T19:33:45,85.0,42.3,sensor2_serial,2,1,5,1,120,157,20.000,20.005,0,0,0,0.000000,SUCCESS,sigmoid,
2026-06-04T19:34:05,85.0,42.3,sensor2_serial,2,1,5,1,120,156,20.000,20.004,0,0,0,0.000000,SUCCESS,sigmoid,
2026-06-04T19:34:25,85.0,42.3,sensor2_serial,2,1,5,1,120,155,20.000,20.004,0,0,0,0.000000,SUCCESS,sigmoid,
2026-06-04T19:34:45,85.0,42.3,sensor2_serial,2,1,5,1,120,154,20.000,20.005,0,0,0,0.000000,SUCCESS,sigmoid,
2026-06-04T19:35:05,85.0,42.3,sensor2_serial,2,1,5,1,120,153,20.000,20.005,0,0,0,0.000000,SUCCESS,sigmoid,
2026-06-04T19:35:25,85.0,42.3,sensor2_serial,2,1,5,1,120,152,20.000,20.004,0,0,0,0.000000,SUCCESS,sigmoid,
2026-06-04T19:35:45,85.0,42.3,sensor2_serial,2,1,5,1,120,151,20.000,20.004,0,0,0,0.000000,SUCCESS,sigmoid,
2026-06-04T19:36:05,85.0,42.3,sensor2_serial,2,1,5,1,120,150,20.000,20.005,0,0,0,0.000000,SUCCESS,sigmoid,
2026-06-04T19:36:26,85.0,42.3,sensor2_serial,2,1,5,1,120,149,20.000,20.004,0,0,0,0.000000,SUCCESS,sigmoid,
2026-06-04T19:36:46,85.0,42.3,sensor2_serial,2,1,5,1,120,148,20.000,20.004,0,0,0,0.000000,SUCCESS,sigmoid,
2026-06-04T19:37:06,85.0,42.3,sensor2_serial,2,1,5,1,120,147,20.000,20.005,0,0,0,0.000000,SUCCESS,sigmoid,
2026-06-04T19:37:26,85.0,42.3,sensor2_serial,2,1,5,1,120,146,20.000,20.004,0,0,0,0.000000,SUCCESS,sigmoid,
2026-06-04T19:37:46,85.0,42.3,sensor2_serial,2,1,5,1,120,145,20.000,20.004,0,0,0,0.000000,SUCCESS,sigmoid,
2026-06-04T19:38:06,85.0,42.3,sensor2_serial,2,1,5,1,120,144,20.000,20.004,0,0,0,0.000000,SUCCESS,sigmoid,
2026-06-04T19:38:26,85.0,42.3,sensor2_serial,2,1,5,1,120,143,20.000,20.004,0,0,0,0.000000,SUCCESS,sigmoid,
2026-06-04T19:38:46,85.0,42.3,sensor2_serial,2,1,5,1,120,142,20.000,20.005,0,0,0,0.000000,SUCCESS,sigmoid,
2026-06-04T19:39:06,85.0,42.3,sensor2_serial,2,1,5,1,120,141,20.000,20.004,0,0,0,0.000000,SUCCESS,sigmoid,
2026-06-04T19:39:26,85.0,42.3,sensor2_serial,2,1,5,1,120,140,20.000,20.004,0,0,0,0.000000,SUCCESS,sigmoid,
2026-06-04T19:39:46,85.0,42.3,sensor2_serial,2,1,5,1,120,139,20.000,20.004,0,0,0,0.000000,SUCCESS,sigmoid,
2026-06-04T19:40:06,85.0,42.3,sensor2_serial,2,1,5,1,120,138,20.000,20.004,0,0,0,0.000000,SUCCESS,sigmoid,
2026-06-04T19:40:26,85.0,42.3,sensor2_serial,2,1,5,1,120,137,20.000,20.006,0,0,0,0.000000,SUCCESS,sigmoid,
2026-06-04T19:40:46,85.0,42.3,sensor2_serial,2,1,5,1,120,136,20.000,20.005,0,0,0,0.000000,SUCCESS,sigmoid,
2026-06-04T19:41:06,85.0,42.3,sensor2_serial,2,1,5,1,120,135,20.000,20.004,0,0,0,0.000000,SUCCESS,sigmoid,
2026-06-04T19:41:26,85.0,42.3,sensor2_serial,2,1,5,1,120,134,20.000,20.005,0,0,0,0.000000,SUCCESS,sigmoid,
2026-06-04T19:41:46,85.0,42.3,sensor2_serial,2,1,5,1,120,133,20.000,20.004,0,0,0,0.000000,SUCCESS,sigmoid,
2026-06-04T19:42:07,85.0,42.3,sensor2_serial,2,1,5,1,120,132,20.000,20.005,0,0,0,0.000000,SUCCESS,sigmoid,
2026-06-04T19:42:27,85.0,42.3,sensor2_serial,2,1,5,1,120,131,20.000,20.005,0,0,0,0.000000,SUCCESS,sigmoid,
2026-06-04T19:42:47,85.0,42.3,sensor2_serial,2,1,5,1,120,130,20.000,20.004,0,0,0,0.000000,SUCCESS,sigmoid,
2026-06-04T19:43:07,85.0,42.3,sensor2_serial,2,1,5,1,120,129,20.000,20.004,0,0,0,0.000000,SUCCESS,sigmoid,
2026-06-04T19:43:27,85.0,42.3,sensor2_serial,2,1,5,1,120,128,20.000,20.005,0,0,0,0.000000,SUCCESS,sigmoid,
2026-06-04T19:43:47,85.0,42.3,sensor2_serial,2,1,5,1,120,127,20.000,20.005,0,0,0,0.000000,SUCCESS,sigmoid,
2026-06-04T19:44:07,85.0,42.3,sensor2_serial,2,1,5,1,120,126,20.000,20.004,0,0,0,0.000000,SUCCESS,sigmoid,
2026-06-04T19:44:27,85.0,42.3,sensor2_serial,2,1,5,1,120,125,20.000,20.004,0,0,0,0.000000,SUCCESS,sigmoid,
2026-06-04T19:44:47,85.0,42.3,sensor2_serial,2,1,5,1,120,124,20.000,20.004,0,0,0,0.000000,SUCCESS,sigmoid,
2026-06-04T19:45:07,85.0,42.3,sensor2_serial,2,1,5,1,120,123,20.000,20.005,0,0,0,0.000000,SUCCESS,sigmoid,
2026-06-04T19:45:27,85.0,42.3,sensor2_serial,2,1,5,1,120,122,20.000,20.005,0,0,0,0.000000,SUCCESS,sigmoid,
2026-06-04T19:45:47,85.0,42.3,sensor2_serial,2,1,5,1,120,121,20.000,20.004,0,0,0,0.000000,SUCCESS,sigmoid,
2026-06-04T19:46:07,85.0,42.3,sensor2_serial,2,1,5,1,120,120,20.000,20.004,0,0,0,0.000000,SUCCESS,sigmoid,
2026-06-04T19:46:27,85.0,42.3,sensor2_serial,2,1,5,1,120,119,20.000,20.004,0,0,0,0.000000,SUCCESS,sigmoid,
2026-06-04T19:46:47,85.0,42.3,sensor2_serial,2,1,5,1,120,118,20.000,20.004,0,0,0,0.000000,SUCCESS,sigmoid,
2026-06-04T19:47:07,85.0,42.3,sensor2_serial,2,1,5,1,120,117,20.000,20.004,0,0,0,0.000000,SUCCESS,sigmoid,
2026-06-04T19:47:27,85.0,42.3,sensor2_serial,2,1,5,1,120,116,20.000,20.004,0,0,0,0.000000,SUCCESS,sigmoid,
2026-06-04T19:47:48,85.0,42.3,sensor2_serial,2,1,5,1,120,115,20.000,20.005,0,0,0,0.000000,SUCCESS,sigmoid,
2026-06-04T19:48:08,85.0,42.3,sensor2_serial,2,1,5,1,120,114,20.000,20.004,0,0,0,0.000000,SUCCESS,sigmoid,
2026-06-04T19:48:28,85.0,42.3,sensor2_serial,2,1,5,1,120,113,20.000,20.004,0,0,0,0.000000,SUCCESS,sigmoid,
2026-06-04T19:48:48,85.0,42.3,sensor2_serial,2,1,5,1,120,112,20.000,20.004,0,0,0,0.000000,SUCCESS,sigmoid,
2026-06-04T19:49:08,85.0,42.3,sensor2_serial,2,1,5,1,120,111,20.000,20.005,0,0,0,0.000000,SUCCESS,sigmoid,
2026-06-04T19:49:28,85.0,42.3,sensor2_serial,2,1,5,1,120,110,20.000,20.004,0,0,0,0.000000,SUCCESS,sigmoid,
2026-06-04T19:49:48,85.0,42.3,sensor2_serial,2,1,5,1,120,109,20.000,20.005,0,0,0,0.000000,SUCCESS,sigmoid,
2026-06-04T19:50:08,85.0,42.3,sensor2_serial,2,1,5,1,120,108,20.000,20.006,0,0,0,0.000000,SUCCESS,sigmoid,
2026-06-04T19:50:28,85.0,42.3,sensor2_serial,2,1,5,1,120,107,20.000,20.005,0,0,0,0.000000,SUCCESS,sigmoid,
2026-06-04T19:50:48,85.0,42.3,sensor2_serial,2,1,5,1,120,106,20.000,20.004,0,0,0,0.000000,SUCCESS,sigmoid,
2026-06-04T19:51:08,85.0,42.3,sensor2_serial,2,1,5,1,120,105,20.000,20.004,0,0,0,0.000000,SUCCESS,sigmoid,
2026-06-04T19:51:28,85.0,42.3,sensor2_serial,2,1,5,1,120,104,20.000,20.005,0,0,0,0.000000,SUCCESS,sigmoid,
2026-06-04T19:51:48,85.0,42.3,sensor2_serial,2,1,5,1,120,103,20.000,20.004,0,0,0,0.000000,SUCCESS,sigmoid,
2026-06-04T19:52:08,85.0,42.3,sensor2_serial,2,1,5,1,120,102,20.000,20.005,0,0,0,0.000000,SUCCESS,sigmoid,
2026-06-04T19:52:28,85.0,42.3,sensor2_serial,2,1,5,1,120,101,20.000,20.005,0,0,0,0.000000,SUCCESS,sigmoid,
2026-06-04T19:52:48,85.0,42.3,sensor2_serial,2,1,5,1,120,100,20.000,20.005,0,0,0,0.000000,SUCCESS,sigmoid,
2026-06-04T19:53:08,85.0,42.3,sensor2_serial,2,1,5,1,120,99,20.000,20.005,0,0,0,0.000000,SUCCESS,sigmoid,
2026-06-04T19:53:29,85.0,42.3,sensor2_serial,2,1,5,1,120,98,20.000,20.005,0,0,0,0.000000,SUCCESS,sigmoid,
2026-06-04T19:53:49,85.0,42.3,sensor2_serial,2,1,5,1,120,97,20.000,20.005,0,0,0,0.000000,SUCCESS,sigmoid,
2026-06-04T19:54:09,85.0,42.3,sensor2_serial,2,1,5,1,120,96,20.000,20.004,0,0,0,0.000000,SUCCESS,sigmoid,
2026-06-04T19:54:29,85.0,42.3,sensor2_serial,2,1,5,1,120,95,20.000,20.004,0,0,0,0.000000,SUCCESS,sigmoid,
2026-06-04T19:54:49,85.0,42.3,sensor2_serial,2,1,5,1,120,94,20.000,20.005,0,0,0,0.000000,SUCCESS,sigmoid,
2026-06-04T19:55:09,85.0,42.3,sensor2_serial,2,1,5,1,120,93,20.000,20.004,0,0,0,0.000000,SUCCESS,sigmoid,
2026-06-04T19:55:29,85.0,42.3,sensor2_serial,2,1,5,1,120,92,20.000,20.004,0,0,0,0.000000,SUCCESS,sigmoid,
2026-06-04T19:55:49,85.0,42.3,sensor2_serial,2,1,5,1,120,91,20.000,20.005,0,0,0,0.000000,SUCCESS,sigmoid,
2026-06-04T19:56:09,85.0,42.3,sensor2_serial,2,1,5,1,120,90,20.000,20.004,0,0,0,0.000000,SUCCESS,sigmoid,
2026-06-04T19:56:29,85.0,42.3,sensor2_serial,2,1,5,1,120,89,20.000,20.004,0,0,0,0.000000,SUCCESS,sigmoid,
2026-06-04T19:56:49,85.0,42.3,sensor2_serial,2,1,5,1,120,88,20.000,20.004,0,0,0,0.000000,SUCCESS,sigmoid,
2026-06-04T19:57:09,85.0,42.3,sensor2_serial,2,1,5,1,120,87,20.000,20.004,0,0,0,0.000000,SUCCESS,sigmoid,
2026-06-04T19:57:29,85.0,42.3,sensor2_serial,2,1,5,1,120,86,20.000,20.004,0,0,0,0.000000,SUCCESS,sigmoid,
2026-06-04T19:57:49,85.0,42.3,sensor2_serial,2,1,5,1,120,85,20.000,20.004,0,0,0,0.000000,SUCCESS,sigmoid,
2026-06-04T19:58:09,85.0,42.3,sensor2_serial,2,1,5,1,120,84,20.000,20.004,0,0,0,0.000000,SUCCESS,sigmoid,
2026-06-04T19:58:29,85.0,42.3,sensor2_serial,2,1,5,1,120,83,20.000,20.004,0,0,0,0.000000,SUCCESS,sigmoid,
2026-06-04T19:58:49,85.0,42.3,sensor2_serial,2,1,5,1,120,82,20.000,20.004,0,0,0,0.000000,SUCCESS,sigmoid,
2026-06-04T19:59:10,85.0,42.3,sensor2_serial,2,1,5,1,120,81,20.000,20.004,0,0,0,0.000000,SUCCESS,sigmoid,
2026-06-04T19:59:30,85.0,42.3,sensor2_serial,2,1,5,1,120,80,20.000,20.005,0,0,0,0.000000,SUCCESS,sigmoid,
2026-06-04T19:59:50,85.0,42.3,sensor2_serial,2,1,5,1,120,79,20.000,20.005,0,0,0,0.000000,SUCCESS,sigmoid,
2026-06-04T20:00:10,85.0,42.3,sensor2_serial,2,1,5,1,120,78,20.000,20.004,0,0,0,0.000000,SUCCESS,sigmoid,
2026-06-04T20:00:30,85.0,42.3,sensor2_serial,2,1,5,1,120,77,20.000,20.005,0,0,0,0.000000,SUCCESS,sigmoid,
2026-06-04T20:00:50,85.0,42.3,sensor2_serial,2,1,5,1,120,76,20.000,20.004,0,0,0,0.000000,SUCCESS,sigmoid,
2026-06-04T20:01:10,85.0,42.3,sensor2_serial,2,1,5,1,120,75,20.000,20.004,0,0,0,0.000000,SUCCESS,sigmoid,
2026-06-04T20:01:30,85.0,42.3,sensor2_serial,2,1,5,1,120,74,20.000,20.006,0,0,0,0.000000,SUCCESS,sigmoid,
2026-06-04T20:01:50,85.0,42.3,sensor2_serial,2,1,5,1,120,73,20.000,20.005,0,0,0,0.000000,SUCCESS,sigmoid,
2026-06-04T20:02:10,85.0,42.3,sensor2_serial,2,1,5,1,120,72,20.000,20.005,0,0,0,0.000000,SUCCESS,sigmoid,
2026-06-04T20:02:30,85.0,42.3,sensor2_serial,2,1,5,1,120,71,20.000,20.004,0,0,0,0.000000,SUCCESS,sigmoid,
2026-06-04T20:02:50,85.0,42.3,sensor2_serial,2,1,5,1,120,70,20.000,20.005,0,0,0,0.000000,SUCCESS,sigmoid,
2026-06-04T20:03:10,85.0,42.3,sensor2_serial,2,1,5,1,120,69,20.000,20.005,0,0,0,0.000000,SUCCESS,sigmoid,
2026-06-04T20:03:30,85.0,42.3,sensor2_serial,2,1,5,1,120,68,20.000,20.005,0,0,0,0.000000,SUCCESS,sigmoid,
2026-06-04T20:03:50,85.0,42.3,sensor2_serial,2,1,5,1,120,67,20.000,20.004,0,0,0,0.000000,SUCCESS,sigmoid,
2026-06-04T20:04:10,85.0,42.3,sensor2_serial,2,1,5,1,120,66,20.000,20.005,0,0,0,0.000000,SUCCESS,sigmoid,
2026-06-04T20:04:30,85.0,42.3,sensor2_serial,2,1,5,1,120,65,20.000,20.004,0,0,0,0.000000,SUCCESS,sigmoid,
2026-06-04T20:04:51,85.0,42.3,sensor2_serial,2,1,5,1,120,64,20.000,20.005,0,0,0,0.000000,SUCCESS,sigmoid,
2026-06-04T20:05:11,85.0,42.3,sensor2_serial,2,1,5,1,120,63,20.000,20.005,0,0,0,0.000000,SUCCESS,sigmoid,
2026-06-04T20:05:31,85.0,42.3,sensor2_serial,2,1,5,1,120,62,20.000,20.005,0,0,0,0.000000,SUCCESS,sigmoid,
2026-06-04T20:05:51,85.0,42.3,sensor2_serial,2,1,5,1,120,61,20.000,20.005,0,0,0,0.000000,SUCCESS,sigmoid,
2026-06-04T20:06:11,85.0,42.3,sensor2_serial,2,1,5,1,120,60,20.000,20.004,0,0,0,0.000000,SUCCESS,sigmoid,
2026-06-04T20:06:31,85.0,42.3,sensor2_serial,2,1,5,1,120,59,20.000,20.004,0,0,0,0.000000,SUCCESS,sigmoid,
2026-06-04T20:06:51,85.0,42.3,sensor2_serial,2,1,5,1,120,58,20.000,20.004,0,0,0,0.000000,SUCCESS,sigmoid,
2026-06-04T20:07:11,85.0,42.3,sensor2_serial,2,1,5,1,120,57,20.000,20.005,0,0,0,0.000000,SUCCESS,sigmoid,
2026-06-04T20:07:31,85.0,42.3,sensor2_serial,2,1,5,1,120,56,20.000,20.004,0,0,0,0.000000,SUCCESS,sigmoid,
2026-06-04T20:07:51,85.0,42.3,sensor2_serial,2,1,5,1,120,55,20.000,20.004,0,0,0,0.000000,SUCCESS,sigmoid,
2026-06-04T20:08:11,85.0,42.3,sensor2_serial,2,1,5,1,120,54,20.000,20.005,0,0,0,0.000000,SUCCESS,sigmoid,
2026-06-04T20:08:31,85.0,42.3,sensor2_serial,2,1,5,1,120,53,20.000,20.004,0,0,0,0.000000,SUCCESS,sigmoid,
2026-06-04T20:08:51,85.0,42.3,sensor2_serial,2,1,5,1,120,52,20.000,20.005,0,0,0,0.000000,SUCCESS,sigmoid,
2026-06-04T20:09:11,85.0,42.3,sensor2_serial,2,1,5,1,120,51,20.000,20.004,0,0,0,0.000000,SUCCESS,sigmoid,
2026-06-04T20:09:31,85.0,42.3,sensor2_serial,2,1,5,1,120,50,20.000,20.005,0,0,0,0.000000,SUCCESS,sigmoid,
2026-06-04T20:09:51,85.0,42.3,sensor2_serial,2,1,5,1,120,49,20.000,20.004,0,0,0,0.000000,SUCCESS,sigmoid,
2026-06-04T20:10:11,85.0,42.3,sensor2_serial,2,1,5,1,120,48,20.000,20.004,0,0,0,0.000000,SUCCESS,sigmoid,
2026-06-04T20:10:32,85.0,42.3,sensor2_serial,2,1,5,1,120,47,20.000,20.004,0,0,0,0.000000,SUCCESS,sigmoid,
2026-06-04T20:10:52,85.0,42.3,sensor2_serial,2,1,5,1,120,46,20.000,20.006,0,0,0,0.000000,SUCCESS,sigmoid,
2026-06-04T20:11:12,85.0,42.3,sensor2_serial,2,1,5,1,120,45,20.000,20.005,0,0,0,0.000000,SUCCESS,sigmoid,
2026-06-04T20:11:32,85.0,42.3,sensor2_serial,2,1,5,1,120,44,20.000,20.004,0,0,0,0.000000,SUCCESS,sigmoid,
2026-06-04T20:11:52,85.0,42.3,sensor2_serial,2,1,5,1,120,43,20.000,20.004,0,0,0,0.000000,SUCCESS,sigmoid,
2026-06-04T20:12:12,85.0,42.3,sensor2_serial,2,1,5,1,120,42,20.000,20.006,0,0,0,0.000000,SUCCESS,sigmoid,
2026-06-04T20:12:32,85.0,42.3,sensor2_serial,2,1,5,1,120,41,20.000,20.004,0,0,0,0.000000,SUCCESS,sigmoid,
2026-06-04T20:12:52,85.0,42.3,sensor2_serial,2,1,5,1,120,40,20.000,20.005,0,0,0,0.000000,SUCCESS,sigmoid,
2026-06-04T20:13:12,85.0,42.3,sensor2_serial,2,1,5,1,120,39,20.000,20.004,0,0,0,0.000000,SUCCESS,sigmoid,
2026-06-04T20:13:32,85.0,42.3,sensor2_serial,2,1,5,1,120,38,20.000,20.004,0,0,0,0.000000,SUCCESS,sigmoid,
2026-06-04T20:13:52,85.0,42.3,sensor2_serial,2,1,5,1,120,37,20.000,20.005,0,0,0,0.000000,SUCCESS,sigmoid,
2026-06-04T20:14:12,85.0,42.3,sensor2_serial,2,1,5,1,120,36,20.000,20.004,0,0,0,0.000000,SUCCESS,sigmoid,
2026-06-04T20:14:32,85.0,42.3,sensor2_serial,2,1,5,1,120,35,20.000,20.005,0,0,0,0.000000,SUCCESS,sigmoid,
2026-06-04T20:14:52,85.0,42.3,sensor2_serial,2,1,5,1,120,34,20.000,20.005,0,0,0,0.000000,SUCCESS,sigmoid,
2026-06-04T20:15:12,85.0,42.3,sensor2_serial,2,1,5,1,120,33,20.000,20.005,0,0,0,0.000000,SUCCESS,sigmoid,
2026-06-04T20:15:32,85.0,42.3,sensor2_serial,2,1,5,1,120,32,20.000,20.005,0,0,0,0.000000,SUCCESS,sigmoid,
2026-06-04T20:15:52,85.0,42.3,sensor2_serial,2,1,5,1,120,31,20.000,20.004,0,0,0,0.000000,SUCCESS,sigmoid,
2026-06-04T20:16:13,85.0,42.3,sensor2_serial,2,1,5,1,120,30,20.000,20.004,0,0,0,0.000000,SUCCESS,sigmoid,
2026-06-04T20:16:33,85.0,42.3,sensor2_serial,2,1,5,1,120,29,20.000,20.004,0,0,0,0.000000,SUCCESS,sigmoid,
2026-06-04T20:16:53,85.0,42.3,sensor2_serial,2,1,5,1,120,28,20.000,20.004,0,0,0,0.000000,SUCCESS,sigmoid,
2026-06-04T20:17:13,85.0,42.3,sensor2_serial,2,1,5,1,120,27,20.000,20.005,0,0,0,0.000000,SUCCESS,sigmoid,
2026-06-04T20:17:33,85.0,42.3,sensor2_serial,2,1,5,1,120,26,20.000,20.005,0,0,0,0.000000,SUCCESS,sigmoid,
2026-06-04T20:17:53,85.0,42.3,sensor2_serial,2,1,5,1,120,25,20.000,20.004,0,0,0,0.000000,SUCCESS,sigmoid,
2026-06-04T20:18:13,85.0,42.3,sensor2_serial,2,1,5,1,120,24,20.000,20.004,0,0,0,0.000000,SUCCESS,sigmoid,
2026-06-04T20:18:33,85.0,42.3,sensor2_serial,2,1,5,1,120,23,20.000,20.005,0,0,0,0.000000,SUCCESS,sigmoid,
2026-06-04T20:18:53,85.0,42.3,sensor2_serial,2,1,5,1,120,22,20.000,20.004,0,0,0,0.000000,SUCCESS,sigmoid,
2026-06-04T20:19:13,85.0,42.3,sensor2_serial,2,1,5,1,120,21,20.000,20.004,0,0,0,0.000000,SUCCESS,sigmoid,
2026-06-04T20:19:33,85.0,42.3,sensor2_serial,2,1,5,1,120,20,20.000,20.005,0,0,0,0.000000,SUCCESS,sigmoid,
2026-06-04T20:19:53,85.0,42.3,sensor2_serial,2,1,5,1,120,19,20.000,20.005,0,0,0,0.000000,SUCCESS,sigmoid,
2026-06-04T20:20:13,85.0,42.3,sensor2_serial,2,1,5,1,120,18,20.000,20.004,0,0,0,0.000000,SUCCESS,sigmoid,
2026-06-04T20:20:33,85.0,42.3,sensor2_serial,2,1,5,1,120,17,20.000,20.004,0,0,0,0.000000,SUCCESS,sigmoid,
2026-06-04T20:20:53,85.0,42.3,sensor2_serial,2,1,5,1,120,16,20.000,20.004,0,0,0,0.000000,SUCCESS,sigmoid,
2026-06-04T20:21:13,85.0,42.3,sensor2_serial,2,1,5,1,120,15,20.000,20.004,0,0,0,0.000000,SUCCESS,sigmoid,
2026-06-04T20:21:34,85.0,42.3,sensor2_serial,2,1,5,1,120,14,20.000,20.004,0,0,0,0.000000,SUCCESS,sigmoid,
2026-06-04T20:21:54,85.0,42.3,sensor2_serial,2,1,5,1,120,13,20.000,20.004,0,0,0,0.000000,SUCCESS,sigmoid,
2026-06-04T20:22:14,85.0,42.3,sensor2_serial,2,1,5,1,120,12,20.000,20.004,0,0,0,0.000000,SUCCESS,sigmoid,
2026-06-04T20:22:34,85.0,42.3,sensor2_serial,2,1,5,1,120,11,20.000,20.005,0,0,0,0.000000,SUCCESS,sigmoid,
2026-06-04T20:22:54,85.0,42.3,sensor2_serial,2,1,5,1,120,10,20.000,20.005,0,0,0,0.000000,SUCCESS,sigmoid,
2026-06-04T20:23:14,85.0,42.3,sensor2_serial,2,1,5,1,120,9,20.000,20.005,0,0,0,0.000000,SUCCESS,sigmoid,
2026-06-04T20:23:34,85.0,42.3,sensor2_serial,2,1,5,1,120,8,20.000,20.005,0,0,0,0.000000,SUCCESS,sigmoid,
2026-06-04T20:23:54,85.0,42.3,sensor2_serial,2,1,5,1,120,7,20.000,20.004,0,0,0,0.000000,SUCCESS,sigmoid,
2026-06-04T20:24:14,85.0,42.3,sensor2_serial,2,1,5,1,120,6,20.000,20.005,0,0,0,0.000000,SUCCESS,sigmoid,
2026-06-04T20:24:34,85.0,42.3,sensor2_serial,2,1,5,1,120,5,20.000,20.005,0,0,0,0.000000,SUCCESS,sigmoid,
2026-06-04T20:24:54,85.0,42.3,sensor2_serial,2,1,5,1,120,4,20.000,20.005,0,0,0,0.000000,SUCCESS,sigmoid,
2026-06-04T20:25:14,85.0,42.3,sensor2_serial,2,1,5,1,120,3,20.000,20.005,0,0,0,0.000000,SUCCESS,sigmoid,
2026-06-04T20:25:34,85.0,42.3,sensor2_serial,2,1,5,1,120,2,20.000,20.005,0,0,0,0.000000,SUCCESS,sigmoid,
2026-06-04T20:25:54,85.0,42.3,sensor2_serial,2,1,5,1,120,1,20.000,20.005,0,0,0,0.000000,SUCCESS,sigmoid,
2026-06-04T20:26:14,85.0,42.3,sensor2_serial,2,1,5,1,120,0,20.000,20.005,0,0,0,0.000000,SUCCESS,sigmoid,
2026-06-04T20:26:34,85.0,42.3,sensor2_serial,2,2,6,2,120,255,20.000,20.005,0,1510254,1510254,75493.228694,SUCCESS,sigmoid,
2026-06-04T20:26:54,85.0,42.3,sensor2_serial,2,2,6,2,120,254,20.000,20.005,0,1697013,1697013,84831.086061,SUCCESS,sigmoid,
2026-06-04T20:27:15,85.0,42.3,sensor2_serial,2,2,6,2,120,253,20.000,20.005,0,1825256,1825256,91239.136972,SUCCESS,sigmoid,
2026-06-04T20:27:35,85.0,42.3,sensor2_serial,2,2,6,2,120,252,20.000,20.005,0,1889887,1889887,94469.363831,SUCCESS,sigmoid,
2026-06-04T20:27:55,85.0,42.3,sensor2_serial,2,2,6,2,120,251,20.000,20.005,0,1895674,1895674,94758.702821,SUCCESS,sigmoid,
2026-06-04T20:28:15,85.0,42.3,sensor2_serial,2,2,6,2,120,250,20.000,20.006,0,1958702,1958702,97907.736141,SUCCESS,sigmoid,
2026-06-04T20:28:35,85.0,42.3,sensor2_serial,2,2,6,2,120,249,20.000,20.005,0,2048224,2048224,102387.275971,SUCCESS,sigmoid,
2026-06-04T20:28:55,85.0,42.3,sensor2_serial,2,2,6,2,120,248,20.000,20.005,0,2323299,2323299,116133.473852,SUCCESS,sigmoid,
2026-06-04T20:29:15,85.0,42.3,sensor2_serial,2,2,6,2,120,247,20.000,20.006,0,2897126,2897126,144814.973410,SUCCESS,sigmoid,
2026-06-04T20:29:35,85.0,42.3,sensor2_serial,2,2,6,2,120,246,20.000,20.005,0,3140467,3140467,156982.069403,SUCCESS,sigmoid,
2026-06-04T20:29:55,85.0,42.3,sensor2_serial,2,2,6,2,120,245,20.000,20.005,0,3377148,3377148,168812.137156,SUCCESS,sigmoid,
2026-06-04T20:30:15,85.0,42.3,sensor2_serial,2,2,6,2,120,244,20.000,20.005,0,3228199,3228199,161367.204640,SUCCESS,sigmoid,
2026-06-04T20:30:35,85.0,42.3,sensor2_serial,2,2,6,2,120,243,20.000,20.005,0,2636009,2636009,131764.762370,SUCCESS,sigmoid,
2026-06-04T20:30:55,85.0,42.3,sensor2_serial,2,2,6,2,120,242,20.000,20.005,0,1910464,1910464,95497.627662,SUCCESS,sigmoid,
2026-06-04T20:31:15,85.0,42.3,sensor2_serial,2,2,6,2,120,241,20.000,20.005,0,1218476,1218476,60907.469152,SUCCESS,sigmoid,
2026-06-04T20:31:35,85.0,42.3,sensor2_serial,2,2,6,2,120,240,20.000,20.005,0,782017,782017,39090.297596,SUCCESS,sigmoid,
2026-06-04T20:31:55,85.0,42.3,sensor2_serial,2,2,6,2,120,239,20.000,20.005,0,650739,650739,32528.098485,SUCCESS,sigmoid,
2026-06-04T20:32:15,85.0,42.3,sensor2_serial,2,2,6,2,120,238,20.000,20.005,0,396934,396934,19841.286616,SUCCESS,sigmoid,
2026-06-04T20:32:35,85.0,42.3,sensor2_serial,2,2,6,2,120,237,20.000,20.006,0,208574,208574,10425.740289,SUCCESS,sigmoid,
2026-06-04T20:32:56,85.0,42.3,sensor2_serial,2,2,6,2,120,236,20.000,20.005,0,90663,90663,4531.911108,SUCCESS,sigmoid,
2026-06-04T20:33:16,85.0,42.3,sensor2_serial,2,2,6,2,120,235,20.000,20.005,0,31019,31019,1550.547475,SUCCESS,sigmoid,
2026-06-04T20:33:36,85.0,42.3,sensor2_serial,2,2,6,2,120,234,20.000,20.005,0,12022,12022,600.953276,SUCCESS,sigmoid,
2026-06-04T20:33:56,85.0,42.3,sensor2_serial,2,2,6,2,120,233,20.000,20.005,0,5605,5605,280.176117,SUCCESS,sigmoid,
2026-06-04T20:34:16,85.0,42.3,sensor2_serial,2,2,6,2,120,232,20.000,20.005,0,2620,2620,130.965166,SUCCESS,sigmoid,
2026-06-04T20:34:36,85.0,42.3,sensor2_serial,2,2,6,2,120,231,20.000,20.004,0,681,681,34.042505,SUCCESS,sigmoid,
2026-06-04T20:34:56,85.0,42.3,sensor2_serial,2,2,6,2,120,230,20.000,20.005,0,201,201,10.047254,SUCCESS,sigmoid,
2026-06-04T20:35:16,85.0,42.3,sensor2_serial,2,2,6,2,120,229,20.000,20.005,0,84,84,4.198873,SUCCESS,sigmoid,
2026-06-04T20:35:36,85.0,42.3,sensor2_serial,2,2,6,2,120,228,20.000,20.005,0,33,33,1.649580,SUCCESS,sigmoid,
2026-06-04T20:35:56,85.0,42.3,sensor2_serial,2,2,6,2,120,227,20.000,20.004,0,19,19,0.949790,SUCCESS,sigmoid,
2026-06-04T20:36:16,85.0,42.3,sensor2_serial,2,2,6,2,120,226,20.000,20.006,0,20,20,0.999723,SUCCESS,sigmoid,
2026-06-04T20:36:36,85.0,42.3,sensor2_serial,2,2,6,2,120,225,20.000,20.005,0,15,15,0.749797,SUCCESS,sigmoid,
2026-06-04T20:36:56,85.0,42.3,sensor2_serial,2,2,6,2,120,224,20.000,20.005,0,15,15,0.749827,SUCCESS,sigmoid,
2026-06-04T20:37:16,85.0,42.3,sensor2_serial,2,2,6,2,120,223,20.000,20.005,0,9,9,0.449898,SUCCESS,sigmoid,
2026-06-04T20:37:36,85.0,42.3,sensor2_serial,2,2,6,2,120,222,20.000,20.004,0,7,7,0.349926,SUCCESS,sigmoid,
2026-06-04T20:37:56,85.0,42.3,sensor2_serial,2,2,6,2,120,221,20.000,20.006,0,7,7,0.349903,SUCCESS,sigmoid,
2026-06-04T20:38:16,85.0,42.3,sensor2_serial,2,2,6,2,120,220,20.000,20.004,0,6,6,0.299936,SUCCESS,sigmoid,
2026-06-04T20:38:37,85.0,42.3,sensor2_serial,2,2,6,2,120,219,20.000,20.004,0,3,3,0.149968,SUCCESS,sigmoid,
2026-06-04T20:38:57,85.0,42.3,sensor2_serial,2,2,6,2,120,218,20.000,20.005,0,3,3,0.149966,SUCCESS,sigmoid,
2026-06-04T20:39:17,85.0,42.3,sensor2_serial,2,2,6,2,120,217,20.000,20.004,0,6,6,0.299935,SUCCESS,sigmoid,
2026-06-04T20:39:37,85.0,42.3,sensor2_serial,2,2,6,2,120,216,20.000,20.004,0,3,3,0.149969,SUCCESS,sigmoid,
2026-06-04T20:39:57,85.0,42.3,sensor2_serial,2,2,6,2,120,215,20.000,20.005,0,3,3,0.149965,SUCCESS,sigmoid,
2026-06-04T20:40:17,85.0,42.3,sensor2_serial,2,2,6,2,120,214,20.000,20.004,0,2,2,0.099979,SUCCESS,sigmoid,
2026-06-04T20:40:37,85.0,42.3,sensor2_serial,2,2,6,2,120,213,20.000,20.004,0,3,3,0.149966,SUCCESS,sigmoid,
2026-06-04T20:40:57,85.0,42.3,sensor2_serial,2,2,6,2,120,212,20.000,20.004,0,3,3,0.149967,SUCCESS,sigmoid,
2026-06-04T20:41:17,85.0,42.3,sensor2_serial,2,2,6,2,120,211,20.000,20.004,0,1,1,0.049989,SUCCESS,sigmoid,
2026-06-04T20:41:37,85.0,42.3,sensor2_serial,2,2,6,2,120,210,20.000,20.004,0,3,3,0.149966,SUCCESS,sigmoid,
2026-06-04T20:41:57,85.0,42.3,sensor2_serial,2,2,6,2,120,209,20.000,20.004,0,3,3,0.149968,SUCCESS,sigmoid,
2026-06-04T20:42:17,85.0,42.3,sensor2_serial,2,2,6,2,120,208,20.000,20.004,0,1,1,0.049989,SUCCESS,sigmoid,
2026-06-04T20:42:37,85.0,42.3,sensor2_serial,2,2,6,2,120,207,20.000,20.005,0,2,2,0.099975,SUCCESS,sigmoid,
2026-06-04T20:42:57,85.0,42.3,sensor2_serial,2,2,6,2,120,206,20.000,20.004,0,1,1,0.049989,SUCCESS,sigmoid,
2026-06-04T20:43:17,85.0,42.3,sensor2_serial,2,2,6,2,120,205,20.000,20.004,0,0,0,0.000000,SUCCESS,sigmoid,
2026-06-04T20:43:37,85.0,42.3,sensor2_serial,2,2,6,2,120,204,20.000,20.004,0,2,2,0.099978,SUCCESS,sigmoid,
2026-06-04T20:43:57,85.0,42.3,sensor2_serial,2,2,6,2,120,203,20.000,20.004,0,1,1,0.049989,SUCCESS,sigmoid,
2026-06-04T20:44:18,85.0,42.3,sensor2_serial,2,2,6,2,120,202,20.000,20.004,0,0,0,0.000000,SUCCESS,sigmoid,
2026-06-04T20:44:38,85.0,42.3,sensor2_serial,2,2,6,2,120,201,20.000,20.005,0,2,2,0.099973,SUCCESS,sigmoid,
2026-06-04T20:44:58,85.0,42.3,sensor2_serial,2,2,6,2,120,200,20.000,20.004,0,2,2,0.099978,SUCCESS,sigmoid,
2026-06-04T20:45:18,85.0,42.3,sensor2_serial,2,2,6,2,120,199,20.000,20.005,0,0,0,0.000000,SUCCESS,sigmoid,
2026-06-04T20:45:38,85.0,42.3,sensor2_serial,2,2,6,2,120,198,20.000,20.006,0,3,3,0.149959,SUCCESS,sigmoid,
2026-06-04T20:45:58,85.0,42.3,sensor2_serial,2,2,6,2,120,197,20.000,20.006,0,0,0,0.000000,SUCCESS,sigmoid,
2026-06-04T20:46:18,85.0,42.3,sensor2_serial,2,2,6,2,120,196,20.000,20.004,0,1,1,0.049990,SUCCESS,sigmoid,
2026-06-04T20:46:38,85.0,42.3,sensor2_serial,2,2,6,2,120,195,20.000,20.004,0,1,1,0.049989,SUCCESS,sigmoid,
2026-06-04T20:46:58,85.0,42.3,sensor2_serial,2,2,6,2,120,194,20.000,20.004,0,1,1,0.049990,SUCCESS,sigmoid,
2026-06-04T20:47:18,85.0,42.3,sensor2_serial,2,2,6,2,120,193,20.000,20.004,0,0,0,0.000000,SUCCESS,sigmoid,
2026-06-04T20:47:38,85.0,42.3,sensor2_serial,2,2,6,2,120,192,20.000,20.005,0,1,1,0.049989,SUCCESS,sigmoid,
2026-06-04T20:47:58,85.0,42.3,sensor2_serial,2,2,6,2,120,191,20.000,20.004,0,0,0,0.000000,SUCCESS,sigmoid,
2026-06-04T20:48:18,85.0,42.3,sensor2_serial,2,2,6,2,120,190,20.000,20.005,0,1,1,0.049989,SUCCESS,sigmoid,
2026-06-04T20:48:38,85.0,42.3,sensor2_serial,2,2,6,2,120,189,20.000,20.004,0,0,0,0.000000,SUCCESS,sigmoid,
2026-06-04T20:48:58,85.0,42.3,sensor2_serial,2,2,6,2,120,188,20.000,20.005,0,2,2,0.099977,SUCCESS,sigmoid,
2026-06-04T20:49:18,85.0,42.3,sensor2_serial,2,2,6,2,120,187,20.000,20.004,0,1,1,0.049989,SUCCESS,sigmoid,
2026-06-04T20:49:38,85.0,42.3,sensor2_serial,2,2,6,2,120,186,20.000,20.004,0,2,2,0.099978,SUCCESS,sigmoid,
2026-06-04T20:49:59,85.0,42.3,sensor2_serial,2,2,6,2,120,185,20.000,20.005,0,0,0,0.000000,SUCCESS,sigmoid,
2026-06-04T20:50:19,85.0,42.3,sensor2_serial,2,2,6,2,120,184,20.000,20.006,0,0,0,0.000000,SUCCESS,sigmoid,
2026-06-04T20:50:39,85.0,42.3,sensor2_serial,2,2,6,2,120,183,20.000,20.005,0,1,1,0.049986,SUCCESS,sigmoid,
2026-06-04T20:50:59,85.0,42.3,sensor2_serial,2,2,6,2,120,182,20.000,20.005,0,0,0,0.000000,SUCCESS,sigmoid,
2026-06-04T20:51:19,85.0,42.3,sensor2_serial,2,2,6,2,120,181,20.000,20.005,0,0,0,0.000000,SUCCESS,sigmoid,
2026-06-04T20:51:39,85.0,42.3,sensor2_serial,2,2,6,2,120,180,20.000,20.004,0,0,0,0.000000,SUCCESS,sigmoid,
2026-06-04T20:51:59,85.0,42.3,sensor2_serial,2,2,6,2,120,179,20.000,20.005,0,0,0,0.000000,SUCCESS,sigmoid,
2026-06-04T20:52:19,85.0,42.3,sensor2_serial,2,2,6,2,120,178,20.000,20.004,0,0,0,0.000000,SUCCESS,sigmoid,
2026-06-04T20:52:39,85.0,42.3,sensor2_serial,2,2,6,2,120,177,20.000,20.005,0,0,0,0.000000,SUCCESS,sigmoid,
2026-06-04T20:52:59,85.0,42.3,sensor2_serial,2,2,6,2,120,176,20.000,20.004,0,0,0,0.000000,SUCCESS,sigmoid,
2026-06-04T20:53:19,85.0,42.3,sensor2_serial,2,2,6,2,120,175,20.000,20.005,0,0,0,0.000000,SUCCESS,sigmoid,
2026-06-04T20:53:39,85.0,42.3,sensor2_serial,2,2,6,2,120,174,20.000,20.004,0,0,0,0.000000,SUCCESS,sigmoid,
2026-06-04T20:53:59,85.0,42.3,sensor2_serial,2,2,6,2,120,173,20.000,20.004,0,0,0,0.000000,SUCCESS,sigmoid,
2026-06-04T20:54:19,85.0,42.3,sensor2_serial,2,2,6,2,120,172,20.000,20.006,0,0,0,0.000000,SUCCESS,sigmoid,
2026-06-04T20:54:39,85.0,42.3,sensor2_serial,2,2,6,2,120,171,20.000,20.005,0,0,0,0.000000,SUCCESS,sigmoid,
2026-06-04T20:54:59,85.0,42.3,sensor2_serial,2,2,6,2,120,170,20.000,20.004,0,0,0,0.000000,SUCCESS,sigmoid,
2026-06-04T20:55:19,85.0,42.3,sensor2_serial,2,2,6,2,120,169,20.000,20.005,0,0,0,0.000000,SUCCESS,sigmoid,
2026-06-04T20:55:40,85.0,42.3,sensor2_serial,2,2,6,2,120,168,20.000,20.004,0,0,0,0.000000,SUCCESS,sigmoid,
2026-06-04T20:56:00,85.0,42.3,sensor2_serial,2,2,6,2,120,167,20.000,20.005,0,0,0,0.000000,SUCCESS,sigmoid,
2026-06-04T20:56:20,85.0,42.3,sensor2_serial,2,2,6,2,120,166,20.000,20.004,0,0,0,0.000000,SUCCESS,sigmoid,
2026-06-04T20:56:40,85.0,42.3,sensor2_serial,2,2,6,2,120,165,20.000,20.004,0,0,0,0.000000,SUCCESS,sigmoid,
2026-06-04T20:57:00,85.0,42.3,sensor2_serial,2,2,6,2,120,164,20.000,20.004,0,0,0,0.000000,SUCCESS,sigmoid,
2026-06-04T20:57:20,85.0,42.3,sensor2_serial,2,2,6,2,120,163,20.000,20.004,0,0,0,0.000000,SUCCESS,sigmoid,
2026-06-04T20:57:40,85.0,42.3,sensor2_serial,2,2,6,2,120,162,20.000,20.005,0,0,0,0.000000,SUCCESS,sigmoid,
2026-06-04T20:58:00,85.0,42.3,sensor2_serial,2,2,6,2,120,161,20.000,20.005,0,0,0,0.000000,SUCCESS,sigmoid,
2026-06-04T20:58:20,85.0,42.3,sensor2_serial,2,2,6,2,120,160,20.000,20.004,0,0,0,0.000000,SUCCESS,sigmoid,
2026-06-04T20:58:40,85.0,42.3,sensor2_serial,2,2,6,2,120,159,20.000,20.004,0,0,0,0.000000,SUCCESS,sigmoid,
2026-06-04T20:59:00,85.0,42.3,sensor2_serial,2,2,6,2,120,158,20.000,20.005,0,0,0,0.000000,SUCCESS,sigmoid,
2026-06-04T20:59:20,85.0,42.3,sensor2_serial,2,2,6,2,120,157,20.000,20.004,0,0,0,0.000000,SUCCESS,sigmoid,
2026-06-04T20:59:40,85.0,42.3,sensor2_serial,2,2,6,2,120,156,20.000,20.004,0,0,0,0.000000,SUCCESS,sigmoid,
2026-06-04T21:00:00,85.0,42.3,sensor2_serial,2,2,6,2,120,155,20.000,20.004,0,0,0,0.000000,SUCCESS,sigmoid,
2026-06-04T21:00:20,85.0,42.3,sensor2_serial,2,2,6,2,120,154,20.000,20.005,0,0,0,0.000000,SUCCESS,sigmoid,
2026-06-04T21:00:40,85.0,42.3,sensor2_serial,2,2,6,2,120,153,20.000,20.005,0,0,0,0.000000,SUCCESS,sigmoid,
2026-06-04T21:01:00,85.0,42.3,sensor2_serial,2,2,6,2,120,152,20.000,20.004,0,0,0,0.000000,SUCCESS,sigmoid,
2026-06-04T21:01:21,85.0,42.3,sensor2_serial,2,2,6,2,120,151,20.000,20.005,0,0,0,0.000000,SUCCESS,sigmoid,
2026-06-04T21:01:41,85.0,42.3,sensor2_serial,2,2,6,2,120,150,20.000,20.005,0,0,0,0.000000,SUCCESS,sigmoid,
2026-06-04T21:02:01,85.0,42.3,sensor2_serial,2,2,6,2,120,149,20.000,20.005,0,0,0,0.000000,SUCCESS,sigmoid,
2026-06-04T21:02:21,85.0,42.3,sensor2_serial,2,2,6,2,120,148,20.000,20.006,0,0,0,0.000000,SUCCESS,sigmoid,
2026-06-04T21:02:41,85.0,42.3,sensor2_serial,2,2,6,2,120,147,20.000,20.004,0,0,0,0.000000,SUCCESS,sigmoid,
2026-06-04T21:03:01,85.0,42.3,sensor2_serial,2,2,6,2,120,146,20.000,20.004,0,0,0,0.000000,SUCCESS,sigmoid,
2026-06-04T21:03:21,85.0,42.3,sensor2_serial,2,2,6,2,120,145,20.000,20.005,0,0,0,0.000000,SUCCESS,sigmoid,
2026-06-04T21:03:41,85.0,42.3,sensor2_serial,2,2,6,2,120,144,20.000,20.004,0,0,0,0.000000,SUCCESS,sigmoid,
2026-06-04T21:04:01,85.0,42.3,sensor2_serial,2,2,6,2,120,143,20.000,20.004,0,0,0,0.000000,SUCCESS,sigmoid,
2026-06-04T21:04:21,85.0,42.3,sensor2_serial,2,2,6,2,120,142,20.000,20.005,0,0,0,0.000000,SUCCESS,sigmoid,
2026-06-04T21:04:41,85.0,42.3,sensor2_serial,2,2,6,2,120,141,20.000,20.004,0,0,0,0.000000,SUCCESS,sigmoid,
2026-06-04T21:05:01,85.0,42.3,sensor2_serial,2,2,6,2,120,140,20.000,20.005,0,0,0,0.000000,SUCCESS,sigmoid,
2026-06-04T21:05:21,85.0,42.3,sensor2_serial,2,2,6,2,120,139,20.000,20.006,0,0,0,0.000000,SUCCESS,sigmoid,
2026-06-04T21:05:41,85.0,42.3,sensor2_serial,2,2,6,2,120,138,20.000,20.005,0,0,0,0.000000,SUCCESS,sigmoid,
2026-06-04T21:06:01,85.0,42.3,sensor2_serial,2,2,6,2,120,137,20.000,20.005,0,0,0,0.000000,SUCCESS,sigmoid,
2026-06-04T21:06:21,85.0,42.3,sensor2_serial,2,2,6,2,120,136,20.000,20.005,0,0,0,0.000000,SUCCESS,sigmoid,
2026-06-04T21:06:42,85.0,42.3,sensor2_serial,2,2,6,2,120,135,20.000,20.004,0,0,0,0.000000,SUCCESS,sigmoid,
2026-06-04T21:07:02,85.0,42.3,sensor2_serial,2,2,6,2,120,134,20.000,20.004,0,0,0,0.000000,SUCCESS,sigmoid,
2026-06-04T21:07:22,85.0,42.3,sensor2_serial,2,2,6,2,120,133,20.000,20.004,0,0,0,0.000000,SUCCESS,sigmoid,
2026-06-04T21:07:42,85.0,42.3,sensor2_serial,2,2,6,2,120,132,20.000,20.006,0,0,0,0.000000,SUCCESS,sigmoid,
2026-06-04T21:08:02,85.0,42.3,sensor2_serial,2,2,6,2,120,131,20.000,20.004,0,0,0,0.000000,SUCCESS,sigmoid,
2026-06-04T21:08:22,85.0,42.3,sensor2_serial,2,2,6,2,120,130,20.000,20.004,0,0,0,0.000000,SUCCESS,sigmoid,
2026-06-04T21:08:42,85.0,42.3,sensor2_serial,2,2,6,2,120,129,20.000,20.004,0,0,0,0.000000,SUCCESS,sigmoid,
2026-06-04T21:09:02,85.0,42.3,sensor2_serial,2,2,6,2,120,128,20.000,20.004,0,0,0,0.000000,SUCCESS,sigmoid,
2026-06-04T21:09:22,85.0,42.3,sensor2_serial,2,2,6,2,120,127,20.000,20.005,0,0,0,0.000000,SUCCESS,sigmoid,
2026-06-04T21:09:42,85.0,42.3,sensor2_serial,2,2,6,2,120,126,20.000,20.004,0,0,0,0.000000,SUCCESS,sigmoid,
2026-06-04T21:10:02,85.0,42.3,sensor2_serial,2,2,6,2,120,125,20.000,20.004,0,0,0,0.000000,SUCCESS,sigmoid,
2026-06-04T21:10:22,85.0,42.3,sensor2_serial,2,2,6,2,120,124,20.000,20.004,0,0,0,0.000000,SUCCESS,sigmoid,
2026-06-04T21:10:42,85.0,42.3,sensor2_serial,2,2,6,2,120,123,20.000,20.005,0,0,0,0.000000,SUCCESS,sigmoid,
2026-06-04T21:11:02,85.0,42.3,sensor2_serial,2,2,6,2,120,122,20.000,20.005,0,0,0,0.000000,SUCCESS,sigmoid,
2026-06-04T21:11:22,85.0,42.3,sensor2_serial,2,2,6,2,120,121,20.000,20.004,0,0,0,0.000000,SUCCESS,sigmoid,
2026-06-04T21:11:42,85.0,42.3,sensor2_serial,2,2,6,2,120,120,20.000,20.004,0,0,0,0.000000,SUCCESS,sigmoid,
2026-06-04T21:12:02,85.0,42.3,sensor2_serial,2,2,6,2,120,119,20.000,20.004,0,0,0,0.000000,SUCCESS,sigmoid,
2026-06-04T21:12:23,85.0,42.3,sensor2_serial,2,2,6,2,120,118,20.000,20.005,0,0,0,0.000000,SUCCESS,sigmoid,
2026-06-04T21:12:43,85.0,42.3,sensor2_serial,2,2,6,2,120,117,20.000,20.005,0,0,0,0.000000,SUCCESS,sigmoid,
2026-06-04T21:13:03,85.0,42.3,sensor2_serial,2,2,6,2,120,116,20.000,20.005,0,0,0,0.000000,SUCCESS,sigmoid,
2026-06-04T21:13:23,85.0,42.3,sensor2_serial,2,2,6,2,120,115,20.000,20.004,0,0,0,0.000000,SUCCESS,sigmoid,
2026-06-04T21:13:43,85.0,42.3,sensor2_serial,2,2,6,2,120,114,20.000,20.004,0,0,0,0.000000,SUCCESS,sigmoid,
2026-06-04T21:14:03,85.0,42.3,sensor2_serial,2,2,6,2,120,113,20.000,20.004,0,0,0,0.000000,SUCCESS,sigmoid,
2026-06-04T21:14:23,85.0,42.3,sensor2_serial,2,2,6,2,120,112,20.000,20.004,0,0,0,0.000000,SUCCESS,sigmoid,
2026-06-04T21:14:43,85.0,42.3,sensor2_serial,2,2,6,2,120,111,20.000,20.004,0,0,0,0.000000,SUCCESS,sigmoid,
2026-06-04T21:15:03,85.0,42.3,sensor2_serial,2,2,6,2,120,110,20.000,20.005,0,0,0,0.000000,SUCCESS,sigmoid,
2026-06-04T21:15:23,85.0,42.3,sensor2_serial,2,2,6,2,120,109,20.000,20.004,0,0,0,0.000000,SUCCESS,sigmoid,
2026-06-04T21:15:43,85.0,42.3,sensor2_serial,2,2,6,2,120,108,20.000,20.005,0,0,0,0.000000,SUCCESS,sigmoid,
2026-06-04T21:16:03,85.0,42.3,sensor2_serial,2,2,6,2,120,107,20.000,20.005,0,0,0,0.000000,SUCCESS,sigmoid,
2026-06-04T21:16:23,85.0,42.3,sensor2_serial,2,2,6,2,120,106,20.000,20.005,0,0,0,0.000000,SUCCESS,sigmoid,
2026-06-04T21:16:43,85.0,42.3,sensor2_serial,2,2,6,2,120,105,20.000,20.004,0,0,0,0.000000,SUCCESS,sigmoid,
2026-06-04T21:17:03,85.0,42.3,sensor2_serial,2,2,6,2,120,104,20.000,20.005,0,0,0,0.000000,SUCCESS,sigmoid,
2026-06-04T21:17:23,85.0,42.3,sensor2_serial,2,2,6,2,120,103,20.000,20.006,0,0,0,0.000000,SUCCESS,sigmoid,
2026-06-04T21:17:43,85.0,42.3,sensor2_serial,2,2,6,2,120,102,20.000,20.005,0,0,0,0.000000,SUCCESS,sigmoid,
2026-06-04T21:18:04,85.0,42.3,sensor2_serial,2,2,6,2,120,101,20.000,20.004,0,0,0,0.000000,SUCCESS,sigmoid,
2026-06-04T21:18:24,85.0,42.3,sensor2_serial,2,2,6,2,120,100,20.000,20.004,0,0,0,0.000000,SUCCESS,sigmoid,
2026-06-04T21:18:44,85.0,42.3,sensor2_serial,2,2,6,2,120,99,20.000,20.005,0,0,0,0.000000,SUCCESS,sigmoid,
2026-06-04T21:19:04,85.0,42.3,sensor2_serial,2,2,6,2,120,98,20.000,20.004,0,0,0,0.000000,SUCCESS,sigmoid,
2026-06-04T21:19:24,85.0,42.3,sensor2_serial,2,2,6,2,120,97,20.000,20.004,0,0,0,0.000000,SUCCESS,sigmoid,
2026-06-04T21:19:44,85.0,42.3,sensor2_serial,2,2,6,2,120,96,20.000,20.005,0,0,0,0.000000,SUCCESS,sigmoid,
2026-06-04T21:20:04,85.0,42.3,sensor2_serial,2,2,6,2,120,95,20.000,20.004,0,0,0,0.000000,SUCCESS,sigmoid,
2026-06-04T21:20:24,85.0,42.3,sensor2_serial,2,2,6,2,120,94,20.000,20.005,0,0,0,0.000000,SUCCESS,sigmoid,
2026-06-04T21:20:44,85.0,42.3,sensor2_serial,2,2,6,2,120,93,20.000,20.004,0,0,0,0.000000,SUCCESS,sigmoid,
2026-06-04T21:21:04,85.0,42.3,sensor2_serial,2,2,6,2,120,92,20.000,20.005,0,0,0,0.000000,SUCCESS,sigmoid,
2026-06-04T21:21:24,85.0,42.3,sensor2_serial,2,2,6,2,120,91,20.000,20.005,0,0,0,0.000000,SUCCESS,sigmoid,
2026-06-04T21:21:44,85.0,42.3,sensor2_serial,2,2,6,2,120,90,20.000,20.004,0,0,0,0.000000,SUCCESS,sigmoid,
2026-06-04T21:22:04,85.0,42.3,sensor2_serial,2,2,6,2,120,89,20.000,20.004,0,0,0,0.000000,SUCCESS,sigmoid,
2026-06-04T21:22:24,85.0,42.3,sensor2_serial,2,2,6,2,120,88,20.000,20.004,0,0,0,0.000000,SUCCESS,sigmoid,
2026-06-04T21:22:44,85.0,42.3,sensor2_serial,2,2,6,2,120,87,20.000,20.006,0,0,0,0.000000,SUCCESS,sigmoid,
2026-06-04T21:23:04,85.0,42.3,sensor2_serial,2,2,6,2,120,86,20.000,20.004,0,0,0,0.000000,SUCCESS,sigmoid,
2026-06-04T21:23:24,85.0,42.3,sensor2_serial,2,2,6,2,120,85,20.000,20.004,0,0,0,0.000000,SUCCESS,sigmoid,
2026-06-04T21:23:45,85.0,42.3,sensor2_serial,2,2,6,2,120,84,20.000,20.005,0,0,0,0.000000,SUCCESS,sigmoid,
2026-06-04T21:24:05,85.0,42.3,sensor2_serial,2,2,6,2,120,83,20.000,20.004,0,0,0,0.000000,SUCCESS,sigmoid,
2026-06-04T21:24:25,85.0,42.3,sensor2_serial,2,2,6,2,120,82,20.000,20.004,0,0,0,0.000000,SUCCESS,sigmoid,
2026-06-04T21:24:45,85.0,42.3,sensor2_serial,2,2,6,2,120,81,20.000,20.005,0,0,0,0.000000,SUCCESS,sigmoid,
2026-06-04T21:25:05,85.0,42.3,sensor2_serial,2,2,6,2,120,80,20.000,20.005,0,0,0,0.000000,SUCCESS,sigmoid,
2026-06-04T21:25:25,85.0,42.3,sensor2_serial,2,2,6,2,120,79,20.000,20.004,0,0,0,0.000000,SUCCESS,sigmoid,
2026-06-04T21:25:45,85.0,42.3,sensor2_serial,2,2,6,2,120,78,20.000,20.004,0,0,0,0.000000,SUCCESS,sigmoid,
2026-06-04T21:26:05,85.0,42.3,sensor2_serial,2,2,6,2,120,77,20.000,20.005,0,0,0,0.000000,SUCCESS,sigmoid,
2026-06-04T21:26:25,85.0,42.3,sensor2_serial,2,2,6,2,120,76,20.000,20.004,0,0,0,0.000000,SUCCESS,sigmoid,
2026-06-04T21:26:45,85.0,42.3,sensor2_serial,2,2,6,2,120,75,20.000,20.005,0,0,0,0.000000,SUCCESS,sigmoid,
2026-06-04T21:27:05,85.0,42.3,sensor2_serial,2,2,6,2,120,74,20.000,20.004,0,0,0,0.000000,SUCCESS,sigmoid,
2026-06-04T21:27:25,85.0,42.3,sensor2_serial,2,2,6,2,120,73,20.000,20.004,0,0,0,0.000000,SUCCESS,sigmoid,
2026-06-04T21:27:45,85.0,42.3,sensor2_serial,2,2,6,2,120,72,20.000,20.005,0,0,0,0.000000,SUCCESS,sigmoid,
2026-06-04T21:28:05,85.0,42.3,sensor2_serial,2,2,6,2,120,71,20.000,20.005,0,0,0,0.000000,SUCCESS,sigmoid,
2026-06-04T21:28:25,85.0,42.3,sensor2_serial,2,2,6,2,120,70,20.000,20.004,0,0,0,0.000000,SUCCESS,sigmoid,
2026-06-04T21:28:45,85.0,42.3,sensor2_serial,2,2,6,2,120,69,20.000,20.004,0,0,0,0.000000,SUCCESS,sigmoid,
2026-06-04T21:29:05,85.0,42.3,sensor2_serial,2,2,6,2,120,68,20.000,20.005,0,0,0,0.000000,SUCCESS,sigmoid,
2026-06-04T21:29:26,85.0,42.3,sensor2_serial,2,2,6,2,120,67,20.000,20.005,0,0,0,0.000000,SUCCESS,sigmoid,
2026-06-04T21:29:46,85.0,42.3,sensor2_serial,2,2,6,2,120,66,20.000,20.004,0,0,0,0.000000,SUCCESS,sigmoid,
2026-06-04T21:30:06,85.0,42.3,sensor2_serial,2,2,6,2,120,65,20.000,20.004,0,0,0,0.000000,SUCCESS,sigmoid,
2026-06-04T21:30:26,85.0,42.3,sensor2_serial,2,2,6,2,120,64,20.000,20.005,0,0,0,0.000000,SUCCESS,sigmoid,
2026-06-04T21:30:46,85.0,42.3,sensor2_serial,2,2,6,2,120,63,20.000,20.005,0,0,0,0.000000,SUCCESS,sigmoid,
2026-06-04T21:31:06,85.0,42.3,sensor2_serial,2,2,6,2,120,62,20.000,20.004,0,0,0,0.000000,SUCCESS,sigmoid,
2026-06-04T21:31:26,85.0,42.3,sensor2_serial,2,2,6,2,120,61,20.000,20.004,0,0,0,0.000000,SUCCESS,sigmoid,
2026-06-04T21:31:46,85.0,42.3,sensor2_serial,2,2,6,2,120,60,20.000,20.006,0,0,0,0.000000,SUCCESS,sigmoid,
2026-06-04T21:32:06,85.0,42.3,sensor2_serial,2,2,6,2,120,59,20.000,20.005,0,0,0,0.000000,SUCCESS,sigmoid,
2026-06-04T21:32:26,85.0,42.3,sensor2_serial,2,2,6,2,120,58,20.000,20.004,0,0,0,0.000000,SUCCESS,sigmoid,
2026-06-04T21:32:46,85.0,42.3,sensor2_serial,2,2,6,2,120,57,20.000,20.004,0,0,0,0.000000,SUCCESS,sigmoid,
2026-06-04T21:33:06,85.0,42.3,sensor2_serial,2,2,6,2,120,56,20.000,20.005,0,0,0,0.000000,SUCCESS,sigmoid,
2026-06-04T21:33:26,85.0,42.3,sensor2_serial,2,2,6,2,120,55,20.000,20.005,0,0,0,0.000000,SUCCESS,sigmoid,
2026-06-04T21:33:46,85.0,42.3,sensor2_serial,2,2,6,2,120,54,20.000,20.005,0,0,0,0.000000,SUCCESS,sigmoid,
2026-06-04T21:34:06,85.0,42.3,sensor2_serial,2,2,6,2,120,53,20.000,20.005,0,0,0,0.000000,SUCCESS,sigmoid,
2026-06-04T21:34:26,85.0,42.3,sensor2_serial,2,2,6,2,120,52,20.000,20.004,0,0,0,0.000000,SUCCESS,sigmoid,
2026-06-04T21:34:46,85.0,42.3,sensor2_serial,2,2,6,2,120,51,20.000,20.004,0,0,0,0.000000,SUCCESS,sigmoid,
2026-06-04T21:35:07,85.0,42.3,sensor2_serial,2,2,6,2,120,50,20.000,20.004,0,0,0,0.000000,SUCCESS,sigmoid,
2026-06-04T21:35:27,85.0,42.3,sensor2_serial,2,2,6,2,120,49,20.000,20.004,0,0,0,0.000000,SUCCESS,sigmoid,
2026-06-04T21:35:47,85.0,42.3,sensor2_serial,2,2,6,2,120,48,20.000,20.005,0,0,0,0.000000,SUCCESS,sigmoid,
2026-06-04T21:36:07,85.0,42.3,sensor2_serial,2,2,6,2,120,47,20.000,20.005,0,0,0,0.000000,SUCCESS,sigmoid,
2026-06-04T21:36:27,85.0,42.3,sensor2_serial,2,2,6,2,120,46,20.000,20.005,0,0,0,0.000000,SUCCESS,sigmoid,
2026-06-04T21:36:47,85.0,42.3,sensor2_serial,2,2,6,2,120,45,20.000,20.004,0,0,0,0.000000,SUCCESS,sigmoid,
2026-06-04T21:37:07,85.0,42.3,sensor2_serial,2,2,6,2,120,44,20.000,20.005,0,0,0,0.000000,SUCCESS,sigmoid,
2026-06-04T21:37:27,85.0,42.3,sensor2_serial,2,2,6,2,120,43,20.000,20.005,0,0,0,0.000000,SUCCESS,sigmoid,
2026-06-04T21:37:47,85.0,42.3,sensor2_serial,2,2,6,2,120,42,20.000,20.004,0,0,0,0.000000,SUCCESS,sigmoid,
2026-06-04T21:38:07,85.0,42.3,sensor2_serial,2,2,6,2,120,41,20.000,20.004,0,0,0,0.000000,SUCCESS,sigmoid,
2026-06-04T21:38:27,85.0,42.3,sensor2_serial,2,2,6,2,120,40,20.000,20.005,0,0,0,0.000000,SUCCESS,sigmoid,
2026-06-04T21:38:47,85.0,42.3,sensor2_serial,2,2,6,2,120,39,20.000,20.004,0,0,0,0.000000,SUCCESS,sigmoid,
2026-06-04T21:39:07,85.0,42.3,sensor2_serial,2,2,6,2,120,38,20.000,20.004,0,0,0,0.000000,SUCCESS,sigmoid,
2026-06-04T21:39:27,85.0,42.3,sensor2_serial,2,2,6,2,120,37,20.000,20.004,0,0,0,0.000000,SUCCESS,sigmoid,
2026-06-04T21:39:47,85.0,42.3,sensor2_serial,2,2,6,2,120,36,20.000,20.006,0,0,0,0.000000,SUCCESS,sigmoid,
2026-06-04T21:40:07,85.0,42.3,sensor2_serial,2,2,6,2,120,35,20.000,20.005,0,0,0,0.000000,SUCCESS,sigmoid,
2026-06-04T21:40:27,85.0,42.3,sensor2_serial,2,2,6,2,120,34,20.000,20.004,0,0,0,0.000000,SUCCESS,sigmoid,
2026-06-04T21:40:48,85.0,42.3,sensor2_serial,2,2,6,2,120,33,20.000,20.004,0,0,0,0.000000,SUCCESS,sigmoid,
2026-06-04T21:41:08,85.0,42.3,sensor2_serial,2,2,6,2,120,32,20.000,20.004,0,0,0,0.000000,SUCCESS,sigmoid,
2026-06-04T21:41:28,85.0,42.3,sensor2_serial,2,2,6,2,120,31,20.000,20.005,0,0,0,0.000000,SUCCESS,sigmoid,
2026-06-04T21:41:48,85.0,42.3,sensor2_serial,2,2,6,2,120,30,20.000,20.004,0,0,0,0.000000,SUCCESS,sigmoid,
2026-06-04T21:42:08,85.0,42.3,sensor2_serial,2,2,6,2,120,29,20.000,20.004,0,0,0,0.000000,SUCCESS,sigmoid,
2026-06-04T21:42:28,85.0,42.3,sensor2_serial,2,2,6,2,120,28,20.000,20.005,0,0,0,0.000000,SUCCESS,sigmoid,
2026-06-04T21:42:48,85.0,42.3,sensor2_serial,2,2,6,2,120,27,20.000,20.004,0,0,0,0.000000,SUCCESS,sigmoid,
2026-06-04T21:43:08,85.0,42.3,sensor2_serial,2,2,6,2,120,26,20.000,20.004,0,0,0,0.000000,SUCCESS,sigmoid,
2026-06-04T21:43:28,85.0,42.3,sensor2_serial,2,2,6,2,120,25,20.000,20.004,0,0,0,0.000000,SUCCESS,sigmoid,
2026-06-04T21:43:48,85.0,42.3,sensor2_serial,2,2,6,2,120,24,20.000,20.004,0,0,0,0.000000,SUCCESS,sigmoid,
2026-06-04T21:44:08,85.0,42.3,sensor2_serial,2,2,6,2,120,23,20.000,20.005,0,0,0,0.000000,SUCCESS,sigmoid,
2026-06-04T21:44:28,85.0,42.3,sensor2_serial,2,2,6,2,120,22,20.000,20.004,0,0,0,0.000000,SUCCESS,sigmoid,
2026-06-04T21:44:48,85.0,42.3,sensor2_serial,2,2,6,2,120,21,20.000,20.005,0,0,0,0.000000,SUCCESS,sigmoid,
2026-06-04T21:45:08,85.0,42.3,sensor2_serial,2,2,6,2,120,20,20.000,20.005,0,0,0,0.000000,SUCCESS,sigmoid,
2026-06-04T21:45:28,85.0,42.3,sensor2_serial,2,2,6,2,120,19,20.000,20.004,0,0,0,0.000000,SUCCESS,sigmoid,
2026-06-04T21:45:48,85.0,42.3,sensor2_serial,2,2,6,2,120,18,20.000,20.004,0,0,0,0.000000,SUCCESS,sigmoid,
2026-06-04T21:46:08,85.0,42.3,sensor2_serial,2,2,6,2,120,17,20.000,20.004,0,0,0,0.000000,SUCCESS,sigmoid,
2026-06-04T21:46:29,85.0,42.3,sensor2_serial,2,2,6,2,120,16,20.000,20.004,0,0,0,0.000000,SUCCESS,sigmoid,
2026-06-04T21:46:49,85.0,42.3,sensor2_serial,2,2,6,2,120,15,20.000,20.005,0,0,0,0.000000,SUCCESS,sigmoid,
2026-06-04T21:47:09,85.0,42.3,sensor2_serial,2,2,6,2,120,14,20.000,20.005,0,0,0,0.000000,SUCCESS,sigmoid,
2026-06-04T21:47:29,85.0,42.3,sensor2_serial,2,2,6,2,120,13,20.000,20.004,0,0,0,0.000000,SUCCESS,sigmoid,
2026-06-04T21:47:49,85.0,42.3,sensor2_serial,2,2,6,2,120,12,20.000,20.004,0,0,0,0.000000,SUCCESS,sigmoid,
2026-06-04T21:48:09,85.0,42.3,sensor2_serial,2,2,6,2,120,11,20.000,20.004,0,0,0,0.000000,SUCCESS,sigmoid,
2026-06-04T21:48:29,85.0,42.3,sensor2_serial,2,2,6,2,120,10,20.000,20.004,0,0,0,0.000000,SUCCESS,sigmoid,
2026-06-04T21:48:49,85.0,42.3,sensor2_serial,2,2,6,2,120,9,20.000,20.005,0,0,0,0.000000,SUCCESS,sigmoid,
2026-06-04T21:49:09,85.0,42.3,sensor2_serial,2,2,6,2,120,8,20.000,20.004,0,0,0,0.000000,SUCCESS,sigmoid,
2026-06-04T21:49:29,85.0,42.3,sensor2_serial,2,2,6,2,120,7,20.000,20.004,0,0,0,0.000000,SUCCESS,sigmoid,
2026-06-04T21:49:49,85.0,42.3,sensor2_serial,2,2,6,2,120,6,20.000,20.004,0,0,0,0.000000,SUCCESS,sigmoid,
2026-06-04T21:50:09,85.0,42.3,sensor2_serial,2,2,6,2,120,5,20.000,20.004,0,0,0,0.000000,SUCCESS,sigmoid,
2026-06-04T21:50:29,85.0,42.3,sensor2_serial,2,2,6,2,120,4,20.000,20.005,0,0,0,0.000000,SUCCESS,sigmoid,
2026-06-04T21:50:49,85.0,42.3,sensor2_serial,2,2,6,2,120,3,20.000,20.004,0,0,0,0.000000,SUCCESS,sigmoid,
2026-06-04T21:51:09,85.0,42.3,sensor2_serial,2,2,6,2,120,2,20.000,20.005,0,0,0,0.000000,SUCCESS,sigmoid,
2026-06-04T21:51:29,85.0,42.3,sensor2_serial,2,2,6,2,120,1,20.000,20.005,0,0,0,0.000000,SUCCESS,sigmoid,
2026-06-04T21:51:49,85.0,42.3,sensor2_serial,2,2,6,2,120,0,20.000,20.005,0,0,0,0.000000,SUCCESS,sigmoid,
2026-06-04T21:52:24,86.0,41.3,sensor2_serial,2,0,4,0,120,255,20.000,20.005,0,3563316,3563316,178117.354232,SUCCESS,sigmoid,
2026-06-04T21:52:44,86.0,41.3,sensor2_serial,2,0,4,0,120,254,20.000,20.006,0,3248434,3248434,162376.542539,SUCCESS,sigmoid,
2026-06-04T21:53:04,86.0,41.3,sensor2_serial,2,0,4,0,120,253,20.000,20.005,0,2547779,2547779,127354.101715,SUCCESS,sigmoid,
2026-06-04T21:53:24,86.0,41.3,sensor2_serial,2,0,4,0,120,252,20.000,20.006,0,1795740,1795740,89761.951297,SUCCESS,sigmoid,
2026-06-04T21:53:44,86.0,41.3,sensor2_serial,2,0,4,0,120,251,20.000,20.005,0,993326,993326,49652.747700,SUCCESS,sigmoid,
2026-06-04T21:54:04,86.0,41.3,sensor2_serial,2,0,4,0,120,250,20.000,20.005,0,486673,486673,24327.386761,SUCCESS,sigmoid,
2026-06-04T21:54:24,86.0,41.3,sensor2_serial,2,0,4,0,120,249,20.000,20.005,0,290803,290803,14536.269437,SUCCESS,sigmoid,
2026-06-04T21:54:44,86.0,41.3,sensor2_serial,2,0,4,0,120,248,20.000,20.005,0,152352,152352,7615.560525,SUCCESS,sigmoid,
2026-06-04T21:55:04,86.0,41.3,sensor2_serial,2,0,4,0,120,247,20.000,20.005,0,64866,64866,3242.427221,SUCCESS,sigmoid,
2026-06-04T21:55:24,86.0,41.3,sensor2_serial,2,0,4,0,120,246,20.000,20.005,0,64897,64897,3243.990799,SUCCESS,sigmoid,
2026-06-04T21:55:44,86.0,41.3,sensor2_serial,2,0,4,0,120,245,20.000,20.005,0,31199,31199,1559.524248,SUCCESS,sigmoid,
2026-06-04T21:56:04,86.0,41.3,sensor2_serial,2,0,4,0,120,244,20.000,20.005,0,11676,11676,583.644394,SUCCESS,sigmoid,
2026-06-04T21:56:24,86.0,41.3,sensor2_serial,2,0,4,0,120,243,20.000,20.006,0,5182,5182,259.027420,SUCCESS,sigmoid,
2026-06-04T21:56:44,86.0,41.3,sensor2_serial,2,0,4,0,120,242,20.000,20.005,0,2001,2001,100.023664,SUCCESS,sigmoid,
2026-06-04T21:57:04,86.0,41.3,sensor2_serial,2,0,4,0,120,241,20.000,20.005,0,762,762,38.089607,SUCCESS,sigmoid,
2026-06-04T21:57:24,86.0,41.3,sensor2_serial,2,0,4,0,120,240,20.000,20.005,0,339,339,16.945557,SUCCESS,sigmoid,
2026-06-04T21:57:45,86.0,41.3,sensor2_serial,2,0,4,0,120,239,20.000,20.004,0,160,160,7.998292,SUCCESS,sigmoid,
2026-06-04T21:58:05,86.0,41.3,sensor2_serial,2,0,4,0,120,238,20.000,20.005,0,112,112,5.598580,SUCCESS,sigmoid,
2026-06-04T21:58:25,86.0,41.3,sensor2_serial,2,0,4,0,120,237,20.000,20.004,0,77,77,3.849170,SUCCESS,sigmoid,
2026-06-04T21:58:45,86.0,41.3,sensor2_serial,2,0,4,0,120,236,20.000,20.006,0,59,59,2.949182,SUCCESS,sigmoid,
2026-06-04T21:59:05,86.0,41.3,sensor2_serial,2,0,4,0,120,235,20.000,20.005,0,71,71,3.549169,SUCCESS,sigmoid,
2026-06-04T21:59:25,86.0,41.3,sensor2_serial,2,0,4,0,120,234,20.000,20.005,0,53,53,2.649296,SUCCESS,sigmoid,
2026-06-04T21:59:45,86.0,41.3,sensor2_serial,2,0,4,0,120,233,20.000,20.004,0,50,50,2.499445,SUCCESS,sigmoid,
2026-06-04T22:00:05,86.0,41.3,sensor2_serial,2,0,4,0,120,232,20.000,20.005,0,50,50,2.499342,SUCCESS,sigmoid,
2026-06-04T22:00:25,86.0,41.3,sensor2_serial,2,0,4,0,120,231,20.000,20.006,0,45,45,2.249381,SUCCESS,sigmoid,
2026-06-04T22:00:45,86.0,41.3,sensor2_serial,2,0,4,0,120,230,20.000,20.004,0,49,49,2.449466,SUCCESS,sigmoid,
2026-06-04T22:01:05,86.0,41.3,sensor2_serial,2,0,4,0,120,229,20.000,20.005,0,37,37,1.849583,SUCCESS,sigmoid,
2026-06-04T22:01:25,86.0,41.3,sensor2_serial,2,0,4,0,120,228,20.000,20.005,0,31,31,1.549634,SUCCESS,sigmoid,
2026-06-04T22:01:45,86.0,41.3,sensor2_serial,2,0,4,0,120,227,20.000,20.005,0,32,32,1.599590,SUCCESS,sigmoid,
2026-06-04T22:02:05,86.0,41.3,sensor2_serial,2,0,4,0,120,226,20.000,20.005,0,22,22,1.099708,SUCCESS,sigmoid,
2026-06-04T22:02:25,86.0,41.3,sensor2_serial,2,0,4,0,120,225,20.000,20.004,0,27,27,1.349710,SUCCESS,sigmoid,
2026-06-04T22:02:45,86.0,41.3,sensor2_serial,2,0,4,0,120,224,20.000,20.005,0,23,23,1.149700,SUCCESS,sigmoid,
2026-06-04T22:03:05,86.0,41.3,sensor2_serial,2,0,4,0,120,223,20.000,20.004,0,19,19,0.949798,SUCCESS,sigmoid,
2026-06-04T22:03:26,86.0,41.3,sensor2_serial,2,0,4,0,120,222,20.000,20.004,0,16,16,0.799830,SUCCESS,sigmoid,
2026-06-04T22:03:46,86.0,41.3,sensor2_serial,2,0,4,0,120,221,20.000,20.005,0,10,10,0.499864,SUCCESS,sigmoid,
2026-06-04T22:04:06,86.0,41.3,sensor2_serial,2,0,4,0,120,220,20.000,20.005,0,10,10,0.499865,SUCCESS,sigmoid,
2026-06-04T22:04:26,86.0,41.3,sensor2_serial,2,0,4,0,120,219,20.000,20.004,0,13,13,0.649854,SUCCESS,sigmoid,
2026-06-04T22:04:46,86.0,41.3,sensor2_serial,2,0,4,0,120,218,20.000,20.004,0,4,4,0.199956,SUCCESS,sigmoid,
2026-06-04T22:05:06,86.0,41.3,sensor2_serial,2,0,4,0,120,217,20.000,20.005,0,7,7,0.349907,SUCCESS,sigmoid,
2026-06-04T22:05:26,86.0,41.3,sensor2_serial,2,0,4,0,120,216,20.000,20.004,0,7,7,0.349921,SUCCESS,sigmoid,
2026-06-04T22:05:46,86.0,41.3,sensor2_serial,2,0,4,0,120,215,20.000,20.004,0,6,6,0.299935,SUCCESS,sigmoid,
2026-06-04T22:06:06,86.0,41.3,sensor2_serial,2,0,4,0,120,214,20.000,20.004,0,3,3,0.149966,SUCCESS,sigmoid,
2026-06-04T22:06:26,86.0,41.3,sensor2_serial,2,0,4,0,120,213,20.000,20.005,0,4,4,0.199953,SUCCESS,sigmoid,
2026-06-04T22:06:46,86.0,41.3,sensor2_serial,2,0,4,0,120,212,20.000,20.004,0,4,4,0.199957,SUCCESS,sigmoid,
2026-06-04T22:07:06,86.0,41.3,sensor2_serial,2,0,4,0,120,211,20.000,20.004,0,3,3,0.149967,SUCCESS,sigmoid,
2026-06-04T22:07:26,86.0,41.3,sensor2_serial,2,0,4,0,120,210,20.000,20.004,0,2,2,0.099978,SUCCESS,sigmoid,
2026-06-04T22:07:46,86.0,41.3,sensor2_serial,2,0,4,0,120,209,20.000,20.004,0,3,3,0.149968,SUCCESS,sigmoid,
2026-06-04T22:08:06,86.0,41.3,sensor2_serial,2,0,4,0,120,208,20.000,20.004,0,2,2,0.099979,SUCCESS,sigmoid,
2026-06-04T22:08:26,86.0,41.3,sensor2_serial,2,0,4,0,120,207,20.000,20.004,0,2,2,0.099978,SUCCESS,sigmoid,
2026-06-04T22:08:46,86.0,41.3,sensor2_serial,2,0,4,0,120,206,20.000,20.005,0,0,0,0.000000,SUCCESS,sigmoid,
2026-06-04T22:09:07,86.0,41.3,sensor2_serial,2,0,4,0,120,205,20.000,20.004,0,0,0,0.000000,SUCCESS,sigmoid,
2026-06-04T22:09:27,86.0,41.3,sensor2_serial,2,0,4,0,120,204,20.000,20.005,0,1,1,0.049988,SUCCESS,sigmoid,
2026-06-04T22:09:47,86.0,41.3,sensor2_serial,2,0,4,0,120,203,20.000,20.005,0,0,0,0.000000,SUCCESS,sigmoid,
2026-06-04T22:10:07,86.0,41.3,sensor2_serial,2,0,4,0,120,202,20.000,20.004,0,0,0,0.000000,SUCCESS,sigmoid,
2026-06-04T22:10:27,86.0,41.3,sensor2_serial,2,0,4,0,120,201,20.000,20.005,0,0,0,0.000000,SUCCESS,sigmoid,
2026-06-04T22:10:47,86.0,41.3,sensor2_serial,2,0,4,0,120,200,20.000,20.006,0,0,0,0.000000,SUCCESS,sigmoid,
2026-06-04T22:11:07,86.0,41.3,sensor2_serial,2,0,4,0,120,199,20.000,20.005,0,1,1,0.049987,SUCCESS,sigmoid,
2026-06-04T22:11:27,86.0,41.3,sensor2_serial,2,0,4,0,120,198,20.000,20.004,0,0,0,0.000000,SUCCESS,sigmoid,
2026-06-04T22:11:47,86.0,41.3,sensor2_serial,2,0,4,0,120,197,20.000,20.004,0,0,0,0.000000,SUCCESS,sigmoid,
2026-06-04T22:12:07,86.0,41.3,sensor2_serial,2,0,4,0,120,196,20.000,20.004,0,1,1,0.049989,SUCCESS,sigmoid,
2026-06-04T22:12:27,86.0,41.3,sensor2_serial,2,0,4,0,120,195,20.000,20.005,0,1,1,0.049987,SUCCESS,sigmoid,
2026-06-04T22:12:47,86.0,41.3,sensor2_serial,2,0,4,0,120,194,20.000,20.004,0,0,0,0.000000,SUCCESS,sigmoid,
2026-06-04T22:13:07,86.0,41.3,sensor2_serial,2,0,4,0,120,193,20.000,20.004,0,0,0,0.000000,SUCCESS,sigmoid,
2026-06-04T22:13:27,86.0,41.3,sensor2_serial,2,0,4,0,120,192,20.000,20.004,0,1,1,0.049989,SUCCESS,sigmoid,
2026-06-04T22:13:47,86.0,41.3,sensor2_serial,2,0,4,0,120,191,20.000,20.004,0,1,1,0.049989,SUCCESS,sigmoid,
2026-06-04T22:14:07,86.0,41.3,sensor2_serial,2,0,4,0,120,190,20.000,20.004,0,0,0,0.000000,SUCCESS,sigmoid,
2026-06-04T22:14:27,86.0,41.3,sensor2_serial,2,0,4,0,120,189,20.000,20.005,0,0,0,0.000000,SUCCESS,sigmoid,
2026-06-04T22:14:48,86.0,41.3,sensor2_serial,2,0,4,0,120,188,20.000,20.005,0,0,0,0.000000,SUCCESS,sigmoid,
2026-06-04T22:15:08,86.0,41.3,sensor2_serial,2,0,4,0,120,187,20.000,20.005,0,0,0,0.000000,SUCCESS,sigmoid,
2026-06-04T22:15:28,86.0,41.3,sensor2_serial,2,0,4,0,120,186,20.000,20.004,0,0,0,0.000000,SUCCESS,sigmoid,
2026-06-04T22:15:48,86.0,41.3,sensor2_serial,2,0,4,0,120,185,20.000,20.005,0,0,0,0.000000,SUCCESS,sigmoid,
2026-06-04T22:16:08,86.0,41.3,sensor2_serial,2,0,4,0,120,184,20.000,20.004,0,0,0,0.000000,SUCCESS,sigmoid,
2026-06-04T22:16:28,86.0,41.3,sensor2_serial,2,0,4,0,120,183,20.000,20.005,0,0,0,0.000000,SUCCESS,sigmoid,
2026-06-04T22:16:48,86.0,41.3,sensor2_serial,2,0,4,0,120,182,20.000,20.005,0,0,0,0.000000,SUCCESS,sigmoid,
2026-06-04T22:17:08,86.0,41.3,sensor2_serial,2,0,4,0,120,181,20.000,20.005,0,0,0,0.000000,SUCCESS,sigmoid,
2026-06-04T22:17:28,86.0,41.3,sensor2_serial,2,0,4,0,120,180,20.000,20.004,0,0,0,0.000000,SUCCESS,sigmoid,
2026-06-04T22:17:48,86.0,41.3,sensor2_serial,2,0,4,0,120,179,20.000,20.005,0,0,0,0.000000,SUCCESS,sigmoid,
2026-06-04T22:18:08,86.0,41.3,sensor2_serial,2,0,4,0,120,178,20.000,20.005,0,0,0,0.000000,SUCCESS,sigmoid,
2026-06-04T22:18:28,86.0,41.3,sensor2_serial,2,0,4,0,120,177,20.000,20.004,0,0,0,0.000000,SUCCESS,sigmoid,
2026-06-04T22:18:48,86.0,41.3,sensor2_serial,2,0,4,0,120,176,20.000,20.005,0,0,0,0.000000,SUCCESS,sigmoid,
2026-06-04T22:19:08,86.0,41.3,sensor2_serial,2,0,4,0,120,175,20.000,20.005,0,0,0,0.000000,SUCCESS,sigmoid,
2026-06-04T22:19:28,86.0,41.3,sensor2_serial,2,0,4,0,120,174,20.000,20.005,0,0,0,0.000000,SUCCESS,sigmoid,
2026-06-04T22:19:48,86.0,41.3,sensor2_serial,2,0,4,0,120,173,20.000,20.005,0,0,0,0.000000,SUCCESS,sigmoid,
2026-06-04T22:20:08,86.0,41.3,sensor2_serial,2,0,4,0,120,172,20.000,20.005,0,0,0,0.000000,SUCCESS,sigmoid,
2026-06-04T22:20:29,86.0,41.3,sensor2_serial,2,0,4,0,120,171,20.000,20.004,0,0,0,0.000000,SUCCESS,sigmoid,
2026-06-04T22:20:49,86.0,41.3,sensor2_serial,2,0,4,0,120,170,20.000,20.004,0,0,0,0.000000,SUCCESS,sigmoid,
2026-06-04T22:21:09,86.0,41.3,sensor2_serial,2,0,4,0,120,169,20.000,20.004,0,0,0,0.000000,SUCCESS,sigmoid,
2026-06-04T22:21:29,86.0,41.3,sensor2_serial,2,0,4,0,120,168,20.000,20.004,0,0,0,0.000000,SUCCESS,sigmoid,
2026-06-04T22:21:49,86.0,41.3,sensor2_serial,2,0,4,0,120,167,20.000,20.004,0,0,0,0.000000,SUCCESS,sigmoid,
2026-06-04T22:22:09,86.0,41.3,sensor2_serial,2,0,4,0,120,166,20.000,20.005,0,0,0,0.000000,SUCCESS,sigmoid,
2026-06-04T22:22:29,86.0,41.3,sensor2_serial,2,0,4,0,120,165,20.000,20.005,0,0,0,0.000000,SUCCESS,sigmoid,
2026-06-04T22:22:49,86.0,41.3,sensor2_serial,2,0,4,0,120,164,20.000,20.006,0,0,0,0.000000,SUCCESS,sigmoid,
2026-06-04T22:23:09,86.0,41.3,sensor2_serial,2,0,4,0,120,163,20.000,20.004,0,0,0,0.000000,SUCCESS,sigmoid,
2026-06-04T22:23:29,86.0,41.3,sensor2_serial,2,0,4,0,120,162,20.000,20.004,0,0,0,0.000000,SUCCESS,sigmoid,
2026-06-04T22:23:49,86.0,41.3,sensor2_serial,2,0,4,0,120,161,20.000,20.004,0,0,0,0.000000,SUCCESS,sigmoid,
2026-06-04T22:24:09,86.0,41.3,sensor2_serial,2,0,4,0,120,160,20.000,20.004,0,0,0,0.000000,SUCCESS,sigmoid,
2026-06-04T22:24:29,86.0,41.3,sensor2_serial,2,0,4,0,120,159,20.000,20.005,0,0,0,0.000000,SUCCESS,sigmoid,
2026-06-04T22:24:49,86.0,41.3,sensor2_serial,2,0,4,0,120,158,20.000,20.004,0,0,0,0.000000,SUCCESS,sigmoid,
2026-06-04T22:25:09,86.0,41.3,sensor2_serial,2,0,4,0,120,157,20.000,20.004,0,0,0,0.000000,SUCCESS,sigmoid,
2026-06-04T22:25:29,86.0,41.3,sensor2_serial,2,0,4,0,120,156,20.000,20.004,0,0,0,0.000000,SUCCESS,sigmoid,
2026-06-04T22:25:49,86.0,41.3,sensor2_serial,2,0,4,0,120,155,20.000,20.005,0,0,0,0.000000,SUCCESS,sigmoid,
2026-06-04T22:26:10,86.0,41.3,sensor2_serial,2,0,4,0,120,154,20.000,20.004,0,0,0,0.000000,SUCCESS,sigmoid,
2026-06-04T22:26:30,86.0,41.3,sensor2_serial,2,0,4,0,120,153,20.000,20.005,0,0,0,0.000000,SUCCESS,sigmoid,
2026-06-04T22:26:50,86.0,41.3,sensor2_serial,2,0,4,0,120,152,20.000,20.005,0,0,0,0.000000,SUCCESS,sigmoid,
2026-06-04T22:27:10,86.0,41.3,sensor2_serial,2,0,4,0,120,151,20.000,20.004,0,0,0,0.000000,SUCCESS,sigmoid,
2026-06-04T22:27:30,86.0,41.3,sensor2_serial,2,0,4,0,120,150,20.000,20.005,0,0,0,0.000000,SUCCESS,sigmoid,
2026-06-04T22:27:50,86.0,41.3,sensor2_serial,2,0,4,0,120,149,20.000,20.004,0,0,0,0.000000,SUCCESS,sigmoid,
2026-06-04T22:28:10,86.0,41.3,sensor2_serial,2,0,4,0,120,148,20.000,20.004,0,0,0,0.000000,SUCCESS,sigmoid,
2026-06-04T22:28:30,86.0,41.3,sensor2_serial,2,0,4,0,120,147,20.000,20.005,0,0,0,0.000000,SUCCESS,sigmoid,
2026-06-04T22:28:50,86.0,41.3,sensor2_serial,2,0,4,0,120,146,20.000,20.004,0,0,0,0.000000,SUCCESS,sigmoid,
2026-06-04T22:29:10,86.0,41.3,sensor2_serial,2,0,4,0,120,145,20.000,20.005,0,0,0,0.000000,SUCCESS,sigmoid,
2026-06-04T22:29:30,86.0,41.3,sensor2_serial,2,0,4,0,120,144,20.000,20.006,0,0,0,0.000000,SUCCESS,sigmoid,
2026-06-04T22:29:50,86.0,41.3,sensor2_serial,2,0,4,0,120,143,20.000,20.004,0,0,0,0.000000,SUCCESS,sigmoid,
2026-06-04T22:30:10,86.0,41.3,sensor2_serial,2,0,4,0,120,142,20.000,20.005,0,0,0,0.000000,SUCCESS,sigmoid,
2026-06-04T22:30:30,86.0,41.3,sensor2_serial,2,0,4,0,120,141,20.000,20.005,0,0,0,0.000000,SUCCESS,sigmoid,
2026-06-04T22:30:50,86.0,41.3,sensor2_serial,2,0,4,0,120,140,20.000,20.005,0,0,0,0.000000,SUCCESS,sigmoid,
2026-06-04T22:31:10,86.0,41.3,sensor2_serial,2,0,4,0,120,139,20.000,20.005,0,0,0,0.000000,SUCCESS,sigmoid,
2026-06-04T22:31:31,86.0,41.3,sensor2_serial,2,0,4,0,120,138,20.000,20.005,0,0,0,0.000000,SUCCESS,sigmoid,
2026-06-04T22:31:51,86.0,41.3,sensor2_serial,2,0,4,0,120,137,20.000,20.005,0,0,0,0.000000,SUCCESS,sigmoid,
2026-06-04T22:32:11,86.0,41.3,sensor2_serial,2,0,4,0,120,136,20.000,20.004,0,0,0,0.000000,SUCCESS,sigmoid,
2026-06-04T22:32:31,86.0,41.3,sensor2_serial,2,0,4,0,120,135,20.000,20.005,0,0,0,0.000000,SUCCESS,sigmoid,
2026-06-04T22:32:51,86.0,41.3,sensor2_serial,2,0,4,0,120,134,20.000,20.004,0,0,0,0.000000,SUCCESS,sigmoid,
2026-06-04T22:33:11,86.0,41.3,sensor2_serial,2,0,4,0,120,133,20.000,20.004,0,0,0,0.000000,SUCCESS,sigmoid,
2026-06-04T22:33:31,86.0,41.3,sensor2_serial,2,0,4,0,120,132,20.000,20.004,0,0,0,0.000000,SUCCESS,sigmoid,
2026-06-04T22:33:51,86.0,41.3,sensor2_serial,2,0,4,0,120,131,20.000,20.005,0,0,0,0.000000,SUCCESS,sigmoid,
2026-06-04T22:34:11,86.0,41.3,sensor2_serial,2,0,4,0,120,130,20.000,20.004,0,0,0,0.000000,SUCCESS,sigmoid,
2026-06-04T22:34:31,86.0,41.3,sensor2_serial,2,0,4,0,120,129,20.000,20.004,0,0,0,0.000000,SUCCESS,sigmoid,
2026-06-04T22:34:51,86.0,41.3,sensor2_serial,2,0,4,0,120,128,20.000,20.004,0,0,0,0.000000,SUCCESS,sigmoid,
2026-06-04T22:35:11,86.0,41.3,sensor2_serial,2,0,4,0,120,127,20.000,20.006,0,0,0,0.000000,SUCCESS,sigmoid,
2026-06-04T22:35:31,86.0,41.3,sensor2_serial,2,0,4,0,120,126,20.000,20.004,0,0,0,0.000000,SUCCESS,sigmoid,
2026-06-04T22:35:51,86.0,41.3,sensor2_serial,2,0,4,0,120,125,20.000,20.004,0,0,0,0.000000,SUCCESS,sigmoid,
2026-06-04T22:36:11,86.0,41.3,sensor2_serial,2,0,4,0,120,124,20.000,20.004,0,0,0,0.000000,SUCCESS,sigmoid,
2026-06-04T22:36:31,86.0,41.3,sensor2_serial,2,0,4,0,120,123,20.000,20.004,0,0,0,0.000000,SUCCESS,sigmoid,
2026-06-04T22:36:51,86.0,41.3,sensor2_serial,2,0,4,0,120,122,20.000,20.005,0,0,0,0.000000,SUCCESS,sigmoid,
2026-06-04T22:37:12,86.0,41.3,sensor2_serial,2,0,4,0,120,121,20.000,20.004,0,0,0,0.000000,SUCCESS,sigmoid,
2026-06-04T22:37:32,86.0,41.3,sensor2_serial,2,0,4,0,120,120,20.000,20.004,0,0,0,0.000000,SUCCESS,sigmoid,
2026-06-04T22:37:52,86.0,41.3,sensor2_serial,2,0,4,0,120,119,20.000,20.004,0,0,0,0.000000,SUCCESS,sigmoid,
2026-06-04T22:38:12,86.0,41.3,sensor2_serial,2,0,4,0,120,118,20.000,20.005,0,0,0,0.000000,SUCCESS,sigmoid,
2026-06-04T22:38:32,86.0,41.3,sensor2_serial,2,0,4,0,120,117,20.000,20.004,0,0,0,0.000000,SUCCESS,sigmoid,
2026-06-04T22:38:52,86.0,41.3,sensor2_serial,2,0,4,0,120,116,20.000,20.005,0,0,0,0.000000,SUCCESS,sigmoid,
2026-06-04T22:39:12,86.0,41.3,sensor2_serial,2,0,4,0,120,115,20.000,20.005,0,0,0,0.000000,SUCCESS,sigmoid,
2026-06-04T22:39:32,86.0,41.3,sensor2_serial,2,0,4,0,120,114,20.000,20.004,0,0,0,0.000000,SUCCESS,sigmoid,
2026-06-04T22:39:52,86.0,41.3,sensor2_serial,2,0,4,0,120,113,20.000,20.004,0,0,0,0.000000,SUCCESS,sigmoid,
2026-06-04T22:40:12,86.0,41.3,sensor2_serial,2,0,4,0,120,112,20.000,20.004,0,0,0,0.000000,SUCCESS,sigmoid,
2026-06-04T22:40:32,86.0,41.3,sensor2_serial,2,0,4,0,120,111,20.000,20.004,0,0,0,0.000000,SUCCESS,sigmoid,
2026-06-04T22:40:52,86.0,41.3,sensor2_serial,2,0,4,0,120,110,20.000,20.006,0,0,0,0.000000,SUCCESS,sigmoid,
2026-06-04T22:41:12,86.0,41.3,sensor2_serial,2,0,4,0,120,109,20.000,20.004,0,0,0,0.000000,SUCCESS,sigmoid,
2026-06-04T22:41:32,86.0,41.3,sensor2_serial,2,0,4,0,120,108,20.000,20.005,0,0,0,0.000000,SUCCESS,sigmoid,
2026-06-04T22:41:52,86.0,41.3,sensor2_serial,2,0,4,0,120,107,20.000,20.006,0,0,0,0.000000,SUCCESS,sigmoid,
2026-06-04T22:42:12,86.0,41.3,sensor2_serial,2,0,4,0,120,106,20.000,20.005,0,0,0,0.000000,SUCCESS,sigmoid,
2026-06-04T22:42:32,86.0,41.3,sensor2_serial,2,0,4,0,120,105,20.000,20.004,0,0,0,0.000000,SUCCESS,sigmoid,
2026-06-04T22:42:53,86.0,41.3,sensor2_serial,2,0,4,0,120,104,20.000,20.004,0,0,0,0.000000,SUCCESS,sigmoid,
2026-06-04T22:43:13,86.0,41.3,sensor2_serial,2,0,4,0,120,103,20.000,20.005,0,0,0,0.000000,SUCCESS,sigmoid,
2026-06-04T22:43:33,86.0,41.3,sensor2_serial,2,0,4,0,120,102,20.000,20.005,0,0,0,0.000000,SUCCESS,sigmoid,
2026-06-04T22:43:53,86.0,41.3,sensor2_serial,2,0,4,0,120,101,20.000,20.004,0,0,0,0.000000,SUCCESS,sigmoid,
2026-06-04T22:44:13,86.0,41.3,sensor2_serial,2,0,4,0,120,100,20.000,20.005,0,0,0,0.000000,SUCCESS,sigmoid,
2026-06-04T22:44:33,86.0,41.3,sensor2_serial,2,0,4,0,120,99,20.000,20.004,0,0,0,0.000000,SUCCESS,sigmoid,
2026-06-04T22:44:53,86.0,41.3,sensor2_serial,2,0,4,0,120,98,20.000,20.005,0,0,0,0.000000,SUCCESS,sigmoid,
2026-06-04T22:45:13,86.0,41.3,sensor2_serial,2,0,4,0,120,97,20.000,20.004,0,0,0,0.000000,SUCCESS,sigmoid,
2026-06-04T22:45:33,86.0,41.3,sensor2_serial,2,0,4,0,120,96,20.000,20.004,0,0,0,0.000000,SUCCESS,sigmoid,
2026-06-04T22:45:53,86.0,41.3,sensor2_serial,2,0,4,0,120,95,20.000,20.004,0,0,0,0.000000,SUCCESS,sigmoid,
2026-06-04T22:46:13,86.0,41.3,sensor2_serial,2,0,4,0,120,94,20.000,20.005,0,0,0,0.000000,SUCCESS,sigmoid,
2026-06-04T22:46:33,86.0,41.3,sensor2_serial,2,0,4,0,120,93,20.000,20.004,0,0,0,0.000000,SUCCESS,sigmoid,
2026-06-04T22:46:53,86.0,41.3,sensor2_serial,2,0,4,0,120,92,20.000,20.005,0,0,0,0.000000,SUCCESS,sigmoid,
2026-06-04T22:47:13,86.0,41.3,sensor2_serial,2,0,4,0,120,91,20.000,20.004,0,0,0,0.000000,SUCCESS,sigmoid,
2026-06-04T22:47:33,86.0,41.3,sensor2_serial,2,0,4,0,120,90,20.000,20.004,0,0,0,0.000000,SUCCESS,sigmoid,
2026-06-04T22:47:53,86.0,41.3,sensor2_serial,2,0,4,0,120,89,20.000,20.004,0,0,0,0.000000,SUCCESS,sigmoid,
2026-06-04T22:48:13,86.0,41.3,sensor2_serial,2,0,4,0,120,88,20.000,20.004,0,0,0,0.000000,SUCCESS,sigmoid,
2026-06-04T22:48:34,86.0,41.3,sensor2_serial,2,0,4,0,120,87,20.000,20.004,0,0,0,0.000000,SUCCESS,sigmoid,
2026-06-04T22:48:54,86.0,41.3,sensor2_serial,2,0,4,0,120,86,20.000,20.005,0,0,0,0.000000,SUCCESS,sigmoid,
2026-06-04T22:49:14,86.0,41.3,sensor2_serial,2,0,4,0,120,85,20.000,20.005,0,0,0,0.000000,SUCCESS,sigmoid,
2026-06-04T22:49:34,86.0,41.3,sensor2_serial,2,0,4,0,120,84,20.000,20.004,0,0,0,0.000000,SUCCESS,sigmoid,
2026-06-04T22:49:54,86.0,41.3,sensor2_serial,2,0,4,0,120,83,20.000,20.005,0,0,0,0.000000,SUCCESS,sigmoid,
2026-06-04T22:50:14,86.0,41.3,sensor2_serial,2,0,4,0,120,82,20.000,20.004,0,0,0,0.000000,SUCCESS,sigmoid,
2026-06-04T22:50:34,86.0,41.3,sensor2_serial,2,0,4,0,120,81,20.000,20.005,0,0,0,0.000000,SUCCESS,sigmoid,
2026-06-04T22:50:54,86.0,41.3,sensor2_serial,2,0,4,0,120,80,20.000,20.005,0,0,0,0.000000,SUCCESS,sigmoid,
2026-06-04T22:51:14,86.0,41.3,sensor2_serial,2,0,4,0,120,79,20.000,20.005,0,0,0,0.000000,SUCCESS,sigmoid,
2026-06-04T22:51:34,86.0,41.3,sensor2_serial,2,0,4,0,120,78,20.000,20.005,0,0,0,0.000000,SUCCESS,sigmoid,
2026-06-04T22:51:54,86.0,41.3,sensor2_serial,2,0,4,0,120,77,20.000,20.004,0,0,0,0.000000,SUCCESS,sigmoid,
2026-06-04T22:52:14,86.0,41.3,sensor2_serial,2,0,4,0,120,76,20.000,20.004,0,0,0,0.000000,SUCCESS,sigmoid,
2026-06-04T22:52:34,86.0,41.3,sensor2_serial,2,0,4,0,120,75,20.000,20.005,0,0,0,0.000000,SUCCESS,sigmoid,
2026-06-04T22:52:54,86.0,41.3,sensor2_serial,2,0,4,0,120,74,20.000,20.004,0,0,0,0.000000,SUCCESS,sigmoid,
2026-06-04T22:53:14,86.0,41.3,sensor2_serial,2,0,4,0,120,73,20.000,20.004,0,0,0,0.000000,SUCCESS,sigmoid,
2026-06-04T22:53:34,86.0,41.3,sensor2_serial,2,0,4,0,120,72,20.000,20.004,0,0,0,0.000000,SUCCESS,sigmoid,
2026-06-04T22:53:54,86.0,41.3,sensor2_serial,2,0,4,0,120,71,20.000,20.004,0,0,0,0.000000,SUCCESS,sigmoid,
2026-06-04T22:54:15,86.0,41.3,sensor2_serial,2,0,4,0,120,70,20.000,20.004,0,0,0,0.000000,SUCCESS,sigmoid,
2026-06-04T22:54:35,86.0,41.3,sensor2_serial,2,0,4,0,120,69,20.000,20.005,0,0,0,0.000000,SUCCESS,sigmoid,
2026-06-04T22:54:55,86.0,41.3,sensor2_serial,2,0,4,0,120,68,20.000,20.005,0,0,0,0.000000,SUCCESS,sigmoid,
2026-06-04T22:55:15,86.0,41.3,sensor2_serial,2,0,4,0,120,67,20.000,20.005,0,0,0,0.000000,SUCCESS,sigmoid,
2026-06-04T22:55:35,86.0,41.3,sensor2_serial,2,0,4,0,120,66,20.000,20.004,0,0,0,0.000000,SUCCESS,sigmoid,
2026-06-04T22:55:55,86.0,41.3,sensor2_serial,2,0,4,0,120,65,20.000,20.004,0,0,0,0.000000,SUCCESS,sigmoid,
2026-06-04T22:56:15,86.0,41.3,sensor2_serial,2,0,4,0,120,64,20.000,20.004,0,0,0,0.000000,SUCCESS,sigmoid,
2026-06-04T22:56:35,86.0,41.3,sensor2_serial,2,0,4,0,120,63,20.000,20.004,0,0,0,0.000000,SUCCESS,sigmoid,
2026-06-04T22:56:55,86.0,41.3,sensor2_serial,2,0,4,0,120,62,20.000,20.005,0,0,0,0.000000,SUCCESS,sigmoid,
2026-06-04T22:57:15,86.0,41.3,sensor2_serial,2,0,4,0,120,61,20.000,20.005,0,0,0,0.000000,SUCCESS,sigmoid,
2026-06-04T22:57:35,86.0,41.3,sensor2_serial,2,0,4,0,120,60,20.000,20.004,0,0,0,0.000000,SUCCESS,sigmoid,
2026-06-04T22:57:55,86.0,41.3,sensor2_serial,2,0,4,0,120,59,20.000,20.004,0,0,0,0.000000,SUCCESS,sigmoid,
2026-06-04T22:58:15,86.0,41.3,sensor2_serial,2,0,4,0,120,58,20.000,20.005,0,0,0,0.000000,SUCCESS,sigmoid,
2026-06-04T22:58:35,86.0,41.3,sensor2_serial,2,0,4,0,120,57,20.000,20.004,0,0,0,0.000000,SUCCESS,sigmoid,
2026-06-04T22:58:55,86.0,41.3,sensor2_serial,2,0,4,0,120,56,20.000,20.005,0,0,0,0.000000,SUCCESS,sigmoid,
2026-06-04T22:59:15,86.0,41.3,sensor2_serial,2,0,4,0,120,55,20.000,20.005,0,0,0,0.000000,SUCCESS,sigmoid,
2026-06-04T22:59:35,86.0,41.3,sensor2_serial,2,0,4,0,120,54,20.000,20.005,0,0,0,0.000000,SUCCESS,sigmoid,
2026-06-04T22:59:56,86.0,41.3,sensor2_serial,2,0,4,0,120,53,20.000,20.005,0,0,0,0.000000,SUCCESS,sigmoid,
2026-06-04T23:00:16,86.0,41.3,sensor2_serial,2,0,4,0,120,52,20.000,20.005,0,0,0,0.000000,SUCCESS,sigmoid,
2026-06-04T23:00:36,86.0,41.3,sensor2_serial,2,0,4,0,120,51,20.000,20.005,0,0,0,0.000000,SUCCESS,sigmoid,
2026-06-04T23:00:56,86.0,41.3,sensor2_serial,2,0,4,0,120,50,20.000,20.004,0,0,0,0.000000,SUCCESS,sigmoid,
2026-06-04T23:01:16,86.0,41.3,sensor2_serial,2,0,4,0,120,49,20.000,20.004,0,0,0,0.000000,SUCCESS,sigmoid,
2026-06-04T23:01:36,86.0,41.3,sensor2_serial,2,0,4,0,120,48,20.000,20.005,0,0,0,0.000000,SUCCESS,sigmoid,
2026-06-04T23:01:56,86.0,41.3,sensor2_serial,2,0,4,0,120,47,20.000,20.004,0,0,0,0.000000,SUCCESS,sigmoid,
2026-06-04T23:02:16,86.0,41.3,sensor2_serial,2,0,4,0,120,46,20.000,20.005,0,0,0,0.000000,SUCCESS,sigmoid,
2026-06-04T23:02:36,86.0,41.3,sensor2_serial,2,0,4,0,120,45,20.000,20.004,0,0,0,0.000000,SUCCESS,sigmoid,
2026-06-04T23:02:56,86.0,41.3,sensor2_serial,2,0,4,0,120,44,20.000,20.004,0,0,0,0.000000,SUCCESS,sigmoid,
2026-06-04T23:03:16,86.0,41.3,sensor2_serial,2,0,4,0,120,43,20.000,20.005,0,0,0,0.000000,SUCCESS,sigmoid,
2026-06-04T23:03:36,86.0,41.3,sensor2_serial,2,0,4,0,120,42,20.000,20.005,0,0,0,0.000000,SUCCESS,sigmoid,
2026-06-04T23:03:56,86.0,41.3,sensor2_serial,2,0,4,0,120,41,20.000,20.005,0,0,0,0.000000,SUCCESS,sigmoid,
2026-06-04T23:04:16,86.0,41.3,sensor2_serial,2,0,4,0,120,40,20.000,20.005,0,0,0,0.000000,SUCCESS,sigmoid,
2026-06-04T23:04:36,86.0,41.3,sensor2_serial,2,0,4,0,120,39,20.000,20.005,0,0,0,0.000000,SUCCESS,sigmoid,
2026-06-04T23:04:56,86.0,41.3,sensor2_serial,2,0,4,0,120,38,20.000,20.005,0,0,0,0.000000,SUCCESS,sigmoid,
2026-06-04T23:05:16,86.0,41.3,sensor2_serial,2,0,4,0,120,37,20.000,20.004,0,0,0,0.000000,SUCCESS,sigmoid,
2026-06-04T23:05:37,86.0,41.3,sensor2_serial,2,0,4,0,120,36,20.000,20.004,0,0,0,0.000000,SUCCESS,sigmoid,
2026-06-04T23:05:57,86.0,41.3,sensor2_serial,2,0,4,0,120,35,20.000,20.004,0,0,0,0.000000,SUCCESS,sigmoid,
2026-06-04T23:06:17,86.0,41.3,sensor2_serial,2,0,4,0,120,34,20.000,20.005,0,0,0,0.000000,SUCCESS,sigmoid,
2026-06-04T23:06:37,86.0,41.3,sensor2_serial,2,0,4,0,120,33,20.000,20.004,0,0,0,0.000000,SUCCESS,sigmoid,
2026-06-04T23:06:57,86.0,41.3,sensor2_serial,2,0,4,0,120,32,20.000,20.006,0,0,0,0.000000,SUCCESS,sigmoid,
2026-06-04T23:07:17,86.0,41.3,sensor2_serial,2,0,4,0,120,31,20.000,20.005,0,0,0,0.000000,SUCCESS,sigmoid,
2026-06-04T23:07:37,86.0,41.3,sensor2_serial,2,0,4,0,120,30,20.000,20.004,0,0,0,0.000000,SUCCESS,sigmoid,
2026-06-04T23:07:57,86.0,41.3,sensor2_serial,2,0,4,0,120,29,20.000,20.004,0,0,0,0.000000,SUCCESS,sigmoid,
2026-06-04T23:08:17,86.0,41.3,sensor2_serial,2,0,4,0,120,28,20.000,20.005,0,0,0,0.000000,SUCCESS,sigmoid,
2026-06-04T23:08:37,86.0,41.3,sensor2_serial,2,0,4,0,120,27,20.000,20.005,0,0,0,0.000000,SUCCESS,sigmoid,
2026-06-04T23:08:57,86.0,41.3,sensor2_serial,2,0,4,0,120,26,20.000,20.004,0,0,0,0.000000,SUCCESS,sigmoid,
2026-06-04T23:09:17,86.0,41.3,sensor2_serial,2,0,4,0,120,25,20.000,20.004,0,0,0,0.000000,SUCCESS,sigmoid,
2026-06-04T23:09:37,86.0,41.3,sensor2_serial,2,0,4,0,120,24,20.000,20.004,0,0,0,0.000000,SUCCESS,sigmoid,
2026-06-04T23:09:57,86.0,41.3,sensor2_serial,2,0,4,0,120,23,20.000,20.004,0,0,0,0.000000,SUCCESS,sigmoid,
2026-06-04T23:10:17,86.0,41.3,sensor2_serial,2,0,4,0,120,22,20.000,20.005,0,0,0,0.000000,SUCCESS,sigmoid,
2026-06-04T23:10:37,86.0,41.3,sensor2_serial,2,0,4,0,120,21,20.000,20.005,0,0,0,0.000000,SUCCESS,sigmoid,
2026-06-04T23:10:57,86.0,41.3,sensor2_serial,2,0,4,0,120,20,20.000,20.004,0,0,0,0.000000,SUCCESS,sigmoid,
2026-06-04T23:11:18,86.0,41.3,sensor2_serial,2,0,4,0,120,19,20.000,20.004,0,0,0,0.000000,SUCCESS,sigmoid,
2026-06-04T23:11:38,86.0,41.3,sensor2_serial,2,0,4,0,120,18,20.000,20.004,0,0,0,0.000000,SUCCESS,sigmoid,
2026-06-04T23:11:58,86.0,41.3,sensor2_serial,2,0,4,0,120,17,20.000,20.005,0,0,0,0.000000,SUCCESS,sigmoid,
2026-06-04T23:12:18,86.0,41.3,sensor2_serial,2,0,4,0,120,16,20.000,20.005,0,0,0,0.000000,SUCCESS,sigmoid,
2026-06-04T23:12:38,86.0,41.3,sensor2_serial,2,0,4,0,120,15,20.000,20.005,0,0,0,0.000000,SUCCESS,sigmoid,
2026-06-04T23:12:58,86.0,41.3,sensor2_serial,2,0,4,0,120,14,20.000,20.005,0,0,0,0.000000,SUCCESS,sigmoid,
2026-06-04T23:13:18,86.0,41.3,sensor2_serial,2,0,4,0,120,13,20.000,20.004,0,0,0,0.000000,SUCCESS,sigmoid,
2026-06-04T23:13:38,86.0,41.3,sensor2_serial,2,0,4,0,120,12,20.000,20.005,0,0,0,0.000000,SUCCESS,sigmoid,
2026-06-04T23:13:58,86.0,41.3,sensor2_serial,2,0,4,0,120,11,20.000,20.004,0,0,0,0.000000,SUCCESS,sigmoid,
2026-06-04T23:14:18,86.0,41.3,sensor2_serial,2,0,4,0,120,10,20.000,20.005,0,0,0,0.000000,SUCCESS,sigmoid,
2026-06-04T23:14:38,86.0,41.3,sensor2_serial,2,0,4,0,120,9,20.000,20.004,0,0,0,0.000000,SUCCESS,sigmoid,
2026-06-04T23:14:58,86.0,41.3,sensor2_serial,2,0,4,0,120,8,20.000,20.004,0,0,0,0.000000,SUCCESS,sigmoid,
2026-06-04T23:15:18,86.0,41.3,sensor2_serial,2,0,4,0,120,7,20.000,20.005,0,0,0,0.000000,SUCCESS,sigmoid,
2026-06-04T23:15:38,86.0,41.3,sensor2_serial,2,0,4,0,120,6,20.000,20.005,0,0,0,0.000000,SUCCESS,sigmoid,
2026-06-04T23:15:58,86.0,41.3,sensor2_serial,2,0,4,0,120,5,20.000,20.004,0,0,0,0.000000,SUCCESS,sigmoid,
2026-06-04T23:16:18,86.0,41.3,sensor2_serial,2,0,4,0,120,4,20.000,20.005,0,0,0,0.000000,SUCCESS,sigmoid,
2026-06-04T23:16:38,86.0,41.3,sensor2_serial,2,0,4,0,120,3,20.000,20.005,0,0,0,0.000000,SUCCESS,sigmoid,
2026-06-04T23:16:59,86.0,41.3,sensor2_serial,2,0,4,0,120,2,20.000,20.005,0,0,0,0.000000,SUCCESS,sigmoid,
2026-06-04T23:17:19,86.0,41.3,sensor2_serial,2,0,4,0,120,1,20.000,20.005,0,0,0,0.000000,SUCCESS,sigmoid,
2026-06-04T23:17:39,86.0,41.3,sensor2_serial,2,0,4,0,120,0,20.000,20.004,0,0,0,0.000000,SUCCESS,sigmoid,
2026-06-04T23:17:59,86.0,41.3,sensor2_serial,2,1,5,1,120,255,20.000,20.005,0,1818353,1818353,90893.847897,SUCCESS,sigmoid,
2026-06-04T23:18:19,86.0,41.3,sensor2_serial,2,1,5,1,120,254,20.000,20.006,0,1760133,1760133,87982.040308,SUCCESS,sigmoid,
2026-06-04T23:18:39,86.0,41.3,sensor2_serial,2,1,5,1,120,253,20.000,20.006,0,1812829,1812829,90616.009574,SUCCESS,sigmoid,
2026-06-04T23:18:59,86.0,41.3,sensor2_serial,2,1,5,1,120,252,20.000,20.005,0,2015233,2015233,100734.425577,SUCCESS,sigmoid,
2026-06-04T23:19:19,86.0,41.3,sensor2_serial,2,1,5,1,120,251,20.000,20.005,0,2356979,2356979,117818.146468,SUCCESS,sigmoid,
2026-06-04T23:19:39,86.0,41.3,sensor2_serial,2,1,5,1,120,250,20.000,20.005,0,2811208,2811208,140523.690260,SUCCESS,sigmoid,
2026-06-04T23:19:59,86.0,41.3,sensor2_serial,2,1,5,1,120,249,20.000,20.005,0,3145608,3145608,157239.400380,SUCCESS,sigmoid,
2026-06-04T23:20:19,86.0,41.3,sensor2_serial,2,1,5,1,120,248,20.000,20.005,0,3235650,3235650,161739.627066,SUCCESS,sigmoid,
2026-06-04T23:20:39,86.0,41.3,sensor2_serial,2,1,5,1,120,247,20.000,20.006,0,2877197,2877197,143819.515562,SUCCESS,sigmoid,
2026-06-04T23:20:59,86.0,41.3,sensor2_serial,2,1,5,1,120,246,20.000,20.005,0,2231825,2231825,111561.243158,SUCCESS,sigmoid,
2026-06-04T23:21:19,86.0,41.3,sensor2_serial,2,1,5,1,120,245,20.000,20.005,0,1452199,1452199,72590.766935,SUCCESS,sigmoid,
2026-06-04T23:21:39,86.0,41.3,sensor2_serial,2,1,5,1,120,244,20.000,20.005,0,777675,777675,38874.755882,SUCCESS,sigmoid,
2026-06-04T23:21:59,86.0,41.3,sensor2_serial,2,1,5,1,120,243,20.000,20.005,0,421957,421957,21092.400268,SUCCESS,sigmoid,
2026-06-04T23:22:20,86.0,41.3,sensor2_serial,2,1,5,1,120,242,20.000,20.005,0,200703,200703,10032.789332,SUCCESS,sigmoid,
2026-06-04T23:22:40,86.0,41.3,sensor2_serial,2,1,5,1,120,241,20.000,20.005,0,92330,92330,4615.242014,SUCCESS,sigmoid,
2026-06-04T23:23:00,86.0,41.3,sensor2_serial,2,1,5,1,120,240,20.000,20.005,0,38850,38850,1941.979329,SUCCESS,sigmoid,
2026-06-04T23:23:20,86.0,41.3,sensor2_serial,2,1,5,1,120,239,20.000,20.005,0,50329,50329,2515.787839,SUCCESS,sigmoid,
2026-06-04T23:23:40,86.0,41.3,sensor2_serial,2,1,5,1,120,238,20.000,20.005,0,19026,19026,951.051926,SUCCESS,sigmoid,
2026-06-04T23:24:00,86.0,41.3,sensor2_serial,2,1,5,1,120,237,20.000,20.005,0,7227,7227,361.256923,SUCCESS,sigmoid,
2026-06-04T23:24:20,86.0,41.3,sensor2_serial,2,1,5,1,120,236,20.000,20.005,0,3184,3184,159.158071,SUCCESS,sigmoid,
2026-06-04T23:24:40,86.0,41.3,sensor2_serial,2,1,5,1,120,235,20.000,20.006,0,1292,1292,64.582170,SUCCESS,sigmoid,
2026-06-04T23:25:00,86.0,41.3,sensor2_serial,2,1,5,1,120,234,20.000,20.005,0,502,502,25.094282,SUCCESS,sigmoid,
2026-06-04T23:25:20,86.0,41.3,sensor2_serial,2,1,5,1,120,233,20.000,20.004,0,209,209,10.447731,SUCCESS,sigmoid,
2026-06-04T23:25:40,86.0,41.3,sensor2_serial,2,1,5,1,120,232,20.000,20.005,0,100,100,4.998688,SUCCESS,sigmoid,
2026-06-04T23:26:00,86.0,41.3,sensor2_serial,2,1,5,1,120,231,20.000,20.006,0,92,92,4.598733,SUCCESS,sigmoid,
2026-06-04T23:26:20,86.0,41.3,sensor2_serial,2,1,5,1,120,230,20.000,20.005,0,58,58,2.899265,SUCCESS,sigmoid,
2026-06-04T23:26:40,86.0,41.3,sensor2_serial,2,1,5,1,120,229,20.000,20.005,0,48,48,2.399378,SUCCESS,sigmoid,
2026-06-04T23:27:00,86.0,41.3,sensor2_serial,2,1,5,1,120,228,20.000,20.004,0,59,59,2.949342,SUCCESS,sigmoid,
2026-06-04T23:27:20,86.0,41.3,sensor2_serial,2,1,5,1,120,227,20.000,20.005,0,45,45,2.249472,SUCCESS,sigmoid,
2026-06-04T23:27:40,86.0,41.3,sensor2_serial,2,1,5,1,120,226,20.000,20.004,0,44,44,2.199509,SUCCESS,sigmoid,
2026-06-04T23:28:01,86.0,41.3,sensor2_serial,2,1,5,1,120,225,20.000,20.004,0,36,36,1.799622,SUCCESS,sigmoid,
2026-06-04T23:28:21,86.0,41.3,sensor2_serial,2,1,5,1,120,224,20.000,20.005,0,36,36,1.799515,SUCCESS,sigmoid,
2026-06-04T23:28:41,86.0,41.3,sensor2_serial,2,1,5,1,120,223,20.000,20.005,0,34,34,1.699555,SUCCESS,sigmoid,
2026-06-04T23:29:01,86.0,41.3,sensor2_serial,2,1,5,1,120,222,20.000,20.005,0,29,29,1.449620,SUCCESS,sigmoid,
2026-06-04T23:29:21,86.0,41.3,sensor2_serial,2,1,5,1,120,221,20.000,20.005,0,25,25,1.249660,SUCCESS,sigmoid,
2026-06-04T23:29:41,86.0,41.3,sensor2_serial,2,1,5,1,120,220,20.000,20.005,0,16,16,0.799783,SUCCESS,sigmoid,
2026-06-04T23:30:01,86.0,41.3,sensor2_serial,2,1,5,1,120,219,20.000,20.006,0,21,21,1.049706,SUCCESS,sigmoid,
2026-06-04T23:30:21,86.0,41.3,sensor2_serial,2,1,5,1,120,218,20.000,20.004,0,11,11,0.549884,SUCCESS,sigmoid,
2026-06-04T23:30:41,86.0,41.3,sensor2_serial,2,1,5,1,120,217,20.000,20.004,0,16,16,0.799825,SUCCESS,sigmoid,
2026-06-04T23:31:01,86.0,41.3,sensor2_serial,2,1,5,1,120,216,20.000,20.004,0,12,12,0.599873,SUCCESS,sigmoid,
2026-06-04T23:31:21,86.0,41.3,sensor2_serial,2,1,5,1,120,215,20.000,20.004,0,8,8,0.399916,SUCCESS,sigmoid,
2026-06-04T23:31:41,86.0,41.3,sensor2_serial,2,1,5,1,120,214,20.000,20.004,0,13,13,0.649859,SUCCESS,sigmoid,
2026-06-04T23:32:01,86.0,41.3,sensor2_serial,2,1,5,1,120,213,20.000,20.005,0,9,9,0.449895,SUCCESS,sigmoid,
2026-06-04T23:32:21,86.0,41.3,sensor2_serial,2,1,5,1,120,212,20.000,20.004,0,5,5,0.249944,SUCCESS,sigmoid,
2026-06-04T23:32:41,86.0,41.3,sensor2_serial,2,1,5,1,120,211,20.000,20.004,0,9,9,0.449903,SUCCESS,sigmoid,
2026-06-04T23:33:01,86.0,41.3,sensor2_serial,2,1,5,1,120,210,20.000,20.006,0,4,4,0.199945,SUCCESS,sigmoid,
2026-06-04T23:33:21,86.0,41.3,sensor2_serial,2,1,5,1,120,209,20.000,20.005,0,4,4,0.199945,SUCCESS,sigmoid,
2026-06-04T23:33:42,86.0,41.3,sensor2_serial,2,1,5,1,120,208,20.000,20.004,0,5,5,0.249948,SUCCESS,sigmoid,
2026-06-04T23:34:02,86.0,41.3,sensor2_serial,2,1,5,1,120,207,20.000,20.004,0,1,1,0.049990,SUCCESS,sigmoid,
2026-06-04T23:34:22,86.0,41.3,sensor2_serial,2,1,5,1,120,206,20.000,20.005,0,3,3,0.149966,SUCCESS,sigmoid,
2026-06-04T23:34:42,86.0,41.3,sensor2_serial,2,1,5,1,120,205,20.000,20.004,0,3,3,0.149967,SUCCESS,sigmoid,
2026-06-04T23:35:02,86.0,41.3,sensor2_serial,2,1,5,1,120,204,20.000,20.005,0,3,3,0.149964,SUCCESS,sigmoid,
2026-06-04T23:35:22,86.0,41.3,sensor2_serial,2,1,5,1,120,203,20.000,20.005,0,2,2,0.099977,SUCCESS,sigmoid,
2026-06-04T23:35:42,86.0,41.3,sensor2_serial,2,1,5,1,120,202,20.000,20.005,0,1,1,0.049989,SUCCESS,sigmoid,
2026-06-04T23:36:02,86.0,41.3,sensor2_serial,2,1,5,1,120,201,20.000,20.004,0,2,2,0.099979,SUCCESS,sigmoid,
2026-06-04T23:36:22,86.0,41.3,sensor2_serial,2,1,5,1,120,200,20.000,20.005,0,1,1,0.049989,SUCCESS,sigmoid,
2026-06-04T23:36:42,86.0,41.3,sensor2_serial,2,1,5,1,120,199,20.000,20.004,0,1,1,0.049989,SUCCESS,sigmoid,
2026-06-04T23:37:02,86.0,41.3,sensor2_serial,2,1,5,1,120,198,20.000,20.005,0,0,0,0.000000,SUCCESS,sigmoid,
2026-06-04T23:37:22,86.0,41.3,sensor2_serial,2,1,5,1,120,197,20.000,20.005,0,2,2,0.099974,SUCCESS,sigmoid,
2026-06-04T23:37:42,86.0,41.3,sensor2_serial,2,1,5,1,120,196,20.000,20.005,0,1,1,0.049988,SUCCESS,sigmoid,
2026-06-04T23:38:02,86.0,41.3,sensor2_serial,2,1,5,1,120,195,20.000,20.004,0,0,0,0.000000,SUCCESS,sigmoid,
2026-06-04T23:38:22,86.0,41.3,sensor2_serial,2,1,5,1,120,194,20.000,20.005,0,1,1,0.049989,SUCCESS,sigmoid,
2026-06-04T23:38:42,86.0,41.3,sensor2_serial,2,1,5,1,120,193,20.000,20.005,0,0,0,0.000000,SUCCESS,sigmoid,
2026-06-04T23:39:02,86.0,41.3,sensor2_serial,2,1,5,1,120,192,20.000,20.005,0,0,0,0.000000,SUCCESS,sigmoid,
2026-06-04T23:39:23,86.0,41.3,sensor2_serial,2,1,5,1,120,191,20.000,20.004,0,0,0,0.000000,SUCCESS,sigmoid,
2026-06-04T23:39:43,86.0,41.3,sensor2_serial,2,1,5,1,120,190,20.000,20.004,0,0,0,0.000000,SUCCESS,sigmoid,
2026-06-04T23:40:03,86.0,41.3,sensor2_serial,2,1,5,1,120,189,20.000,20.004,0,0,0,0.000000,SUCCESS,sigmoid,
2026-06-04T23:40:23,86.0,41.3,sensor2_serial,2,1,5,1,120,188,20.000,20.005,0,0,0,0.000000,SUCCESS,sigmoid,
2026-06-04T23:40:43,86.0,41.3,sensor2_serial,2,1,5,1,120,187,20.000,20.005,0,0,0,0.000000,SUCCESS,sigmoid,
2026-06-04T23:41:03,86.0,41.3,sensor2_serial,2,1,5,1,120,186,20.000,20.004,0,0,0,0.000000,SUCCESS,sigmoid,
2026-06-04T23:41:23,86.0,41.3,sensor2_serial,2,1,5,1,120,185,20.000,20.005,0,0,0,0.000000,SUCCESS,sigmoid,
2026-06-04T23:41:43,86.0,41.3,sensor2_serial,2,1,5,1,120,184,20.000,20.005,0,1,1,0.049988,SUCCESS,sigmoid,
2026-06-04T23:42:03,86.0,41.3,sensor2_serial,2,1,5,1,120,183,20.000,20.004,0,0,0,0.000000,SUCCESS,sigmoid,
2026-06-04T23:42:23,86.0,41.3,sensor2_serial,2,1,5,1,120,182,20.000,20.004,0,0,0,0.000000,SUCCESS,sigmoid,
2026-06-04T23:42:43,86.0,41.3,sensor2_serial,2,1,5,1,120,181,20.000,20.004,0,0,0,0.000000,SUCCESS,sigmoid,
2026-06-04T23:43:03,86.0,41.3,sensor2_serial,2,1,5,1,120,180,20.000,20.004,0,0,0,0.000000,SUCCESS,sigmoid,
2026-06-04T23:43:23,86.0,41.3,sensor2_serial,2,1,5,1,120,179,20.000,20.004,0,0,0,0.000000,SUCCESS,sigmoid,
2026-06-04T23:43:43,86.0,41.3,sensor2_serial,2,1,5,1,120,178,20.000,20.005,0,0,0,0.000000,SUCCESS,sigmoid,
2026-06-04T23:44:03,86.0,41.3,sensor2_serial,2,1,5,1,120,177,20.000,20.004,0,0,0,0.000000,SUCCESS,sigmoid,
2026-06-04T23:44:23,86.0,41.3,sensor2_serial,2,1,5,1,120,176,20.000,20.004,0,0,0,0.000000,SUCCESS,sigmoid,
2026-06-04T23:44:43,86.0,41.3,sensor2_serial,2,1,5,1,120,175,20.000,20.005,0,0,0,0.000000,SUCCESS,sigmoid,
2026-06-04T23:45:04,86.0,41.3,sensor2_serial,2,1,5,1,120,174,20.000,20.006,0,0,0,0.000000,SUCCESS,sigmoid,
2026-06-04T23:45:24,86.0,41.3,sensor2_serial,2,1,5,1,120,173,20.000,20.005,0,0,0,0.000000,SUCCESS,sigmoid,
2026-06-04T23:45:44,86.0,41.3,sensor2_serial,2,1,5,1,120,172,20.000,20.005,0,0,0,0.000000,SUCCESS,sigmoid,
2026-06-04T23:46:04,86.0,41.3,sensor2_serial,2,1,5,1,120,171,20.000,20.004,0,0,0,0.000000,SUCCESS,sigmoid,
2026-06-04T23:46:24,86.0,41.3,sensor2_serial,2,1,5,1,120,170,20.000,20.005,0,0,0,0.000000,SUCCESS,sigmoid,
2026-06-04T23:46:44,86.0,41.3,sensor2_serial,2,1,5,1,120,169,20.000,20.006,0,0,0,0.000000,SUCCESS,sigmoid,
2026-06-04T23:47:04,86.0,41.3,sensor2_serial,2,1,5,1,120,168,20.000,20.004,0,0,0,0.000000,SUCCESS,sigmoid,
2026-06-04T23:47:24,86.0,41.3,sensor2_serial,2,1,5,1,120,167,20.000,20.004,0,0,0,0.000000,SUCCESS,sigmoid,
2026-06-04T23:47:44,86.0,41.3,sensor2_serial,2,1,5,1,120,166,20.000,20.005,0,0,0,0.000000,SUCCESS,sigmoid,
2026-06-04T23:48:04,86.0,41.3,sensor2_serial,2,1,5,1,120,165,20.000,20.004,0,0,0,0.000000,SUCCESS,sigmoid,
2026-06-04T23:48:24,86.0,41.3,sensor2_serial,2,1,5,1,120,164,20.000,20.004,0,0,0,0.000000,SUCCESS,sigmoid,
2026-06-04T23:48:44,86.0,41.3,sensor2_serial,2,1,5,1,120,163,20.000,20.004,0,0,0,0.000000,SUCCESS,sigmoid,
2026-06-04T23:49:04,86.0,41.3,sensor2_serial,2,1,5,1,120,162,20.000,20.004,0,0,0,0.000000,SUCCESS,sigmoid,
2026-06-04T23:49:24,86.0,41.3,sensor2_serial,2,1,5,1,120,161,20.000,20.005,0,0,0,0.000000,SUCCESS,sigmoid,
2026-06-04T23:49:44,86.0,41.3,sensor2_serial,2,1,5,1,120,160,20.000,20.005,0,0,0,0.000000,SUCCESS,sigmoid,
2026-06-04T23:50:04,86.0,41.3,sensor2_serial,2,1,5,1,120,159,20.000,20.004,0,0,0,0.000000,SUCCESS,sigmoid,
2026-06-04T23:50:24,86.0,41.3,sensor2_serial,2,1,5,1,120,158,20.000,20.004,0,0,0,0.000000,SUCCESS,sigmoid,
2026-06-04T23:50:45,86.0,41.3,sensor2_serial,2,1,5,1,120,157,20.000,20.004,0,0,0,0.000000,SUCCESS,sigmoid,
2026-06-04T23:51:05,86.0,41.3,sensor2_serial,2,1,5,1,120,156,20.000,20.005,0,0,0,0.000000,SUCCESS,sigmoid,
2026-06-04T23:51:25,86.0,41.3,sensor2_serial,2,1,5,1,120,155,20.000,20.006,0,0,0,0.000000,SUCCESS,sigmoid,
2026-06-04T23:51:45,86.0,41.3,sensor2_serial,2,1,5,1,120,154,20.000,20.004,0,0,0,0.000000,SUCCESS,sigmoid,
2026-06-04T23:52:05,86.0,41.3,sensor2_serial,2,1,5,1,120,153,20.000,20.004,0,0,0,0.000000,SUCCESS,sigmoid,
2026-06-04T23:52:25,86.0,41.3,sensor2_serial,2,1,5,1,120,152,20.000,20.005,0,0,0,0.000000,SUCCESS,sigmoid,
2026-06-04T23:52:45,86.0,41.3,sensor2_serial,2,1,5,1,120,151,20.000,20.004,0,0,0,0.000000,SUCCESS,sigmoid,
2026-06-04T23:53:05,86.0,41.3,sensor2_serial,2,1,5,1,120,150,20.000,20.006,0,0,0,0.000000,SUCCESS,sigmoid,
2026-06-04T23:53:25,86.0,41.3,sensor2_serial,2,1,5,1,120,149,20.000,20.004,0,0,0,0.000000,SUCCESS,sigmoid,
2026-06-04T23:53:45,86.0,41.3,sensor2_serial,2,1,5,1,120,148,20.000,20.005,0,0,0,0.000000,SUCCESS,sigmoid,
2026-06-04T23:54:05,86.0,41.3,sensor2_serial,2,1,5,1,120,147,20.000,20.004,0,0,0,0.000000,SUCCESS,sigmoid,
2026-06-04T23:54:25,86.0,41.3,sensor2_serial,2,1,5,1,120,146,20.000,20.004,0,0,0,0.000000,SUCCESS,sigmoid,
2026-06-04T23:54:45,86.0,41.3,sensor2_serial,2,1,5,1,120,145,20.000,20.004,0,0,0,0.000000,SUCCESS,sigmoid,
2026-06-04T23:55:05,86.0,41.3,sensor2_serial,2,1,5,1,120,144,20.000,20.004,0,0,0,0.000000,SUCCESS,sigmoid,
2026-06-04T23:55:25,86.0,41.3,sensor2_serial,2,1,5,1,120,143,20.000,20.005,0,0,0,0.000000,SUCCESS,sigmoid,
2026-06-04T23:55:45,86.0,41.3,sensor2_serial,2,1,5,1,120,142,20.000,20.005,0,0,0,0.000000,SUCCESS,sigmoid,
2026-06-04T23:56:05,86.0,41.3,sensor2_serial,2,1,5,1,120,141,20.000,20.005,0,0,0,0.000000,SUCCESS,sigmoid,
2026-06-04T23:56:26,86.0,41.3,sensor2_serial,2,1,5,1,120,140,20.000,20.005,0,0,0,0.000000,SUCCESS,sigmoid,
2026-06-04T23:56:46,86.0,41.3,sensor2_serial,2,1,5,1,120,139,20.000,20.004,0,0,0,0.000000,SUCCESS,sigmoid,
2026-06-04T23:57:06,86.0,41.3,sensor2_serial,2,1,5,1,120,138,20.000,20.005,0,0,0,0.000000,SUCCESS,sigmoid,
2026-06-04T23:57:26,86.0,41.3,sensor2_serial,2,1,5,1,120,137,20.000,20.004,0,0,0,0.000000,SUCCESS,sigmoid,
2026-06-04T23:57:46,86.0,41.3,sensor2_serial,2,1,5,1,120,136,20.000,20.004,0,0,0,0.000000,SUCCESS,sigmoid,
2026-06-04T23:58:06,86.0,41.3,sensor2_serial,2,1,5,1,120,135,20.000,20.004,0,0,0,0.000000,SUCCESS,sigmoid,
2026-06-04T23:58:26,86.0,41.3,sensor2_serial,2,1,5,1,120,134,20.000,20.004,0,0,0,0.000000,SUCCESS,sigmoid,
2026-06-04T23:58:46,86.0,41.3,sensor2_serial,2,1,5,1,120,133,20.000,20.004,0,0,0,0.000000,SUCCESS,sigmoid,
2026-06-04T23:59:06,86.0,41.3,sensor2_serial,2,1,5,1,120,132,20.000,20.005,0,0,0,0.000000,SUCCESS,sigmoid,
2026-06-04T23:59:26,86.0,41.3,sensor2_serial,2,1,5,1,120,131,20.000,20.004,0,0,0,0.000000,SUCCESS,sigmoid,
2026-06-04T23:59:46,86.0,41.3,sensor2_serial,2,1,5,1,120,130,20.000,20.005,0,0,0,0.000000,SUCCESS,sigmoid,
2026-06-05T00:00:06,86.0,41.3,sensor2_serial,2,1,5,1,120,129,20.000,20.004,0,0,0,0.000000,SUCCESS,sigmoid,
2026-06-05T00:00:26,86.0,41.3,sensor2_serial,2,1,5,1,120,128,20.000,20.005,0,0,0,0.000000,SUCCESS,sigmoid,
2026-06-05T00:00:46,86.0,41.3,sensor2_serial,2,1,5,1,120,127,20.000,20.005,0,0,0,0.000000,SUCCESS,sigmoid,
2026-06-05T00:01:06,86.0,41.3,sensor2_serial,2,1,5,1,120,126,20.000,20.004,0,0,0,0.000000,SUCCESS,sigmoid,
2026-06-05T00:01:26,86.0,41.3,sensor2_serial,2,1,5,1,120,125,20.000,20.005,0,0,0,0.000000,SUCCESS,sigmoid,
2026-06-05T00:01:46,86.0,41.3,sensor2_serial,2,1,5,1,120,124,20.000,20.004,0,0,0,0.000000,SUCCESS,sigmoid,
2026-06-05T00:02:07,86.0,41.3,sensor2_serial,2,1,5,1,120,123,20.000,20.005,0,0,0,0.000000,SUCCESS,sigmoid,
2026-06-05T00:02:27,86.0,41.3,sensor2_serial,2,1,5,1,120,122,20.000,20.005,0,0,0,0.000000,SUCCESS,sigmoid,
2026-06-05T00:02:47,86.0,41.3,sensor2_serial,2,1,5,1,120,121,20.000,20.004,0,0,0,0.000000,SUCCESS,sigmoid,
2026-06-05T00:03:07,86.0,41.3,sensor2_serial,2,1,5,1,120,120,20.000,20.005,0,0,0,0.000000,SUCCESS,sigmoid,
2026-06-05T00:03:27,86.0,41.3,sensor2_serial,2,1,5,1,120,119,20.000,20.005,0,0,0,0.000000,SUCCESS,sigmoid,
2026-06-05T00:03:47,86.0,41.3,sensor2_serial,2,1,5,1,120,118,20.000,20.006,0,0,0,0.000000,SUCCESS,sigmoid,
2026-06-05T00:04:07,86.0,41.3,sensor2_serial,2,1,5,1,120,117,20.000,20.005,0,0,0,0.000000,SUCCESS,sigmoid,
2026-06-05T00:04:27,86.0,41.3,sensor2_serial,2,1,5,1,120,116,20.000,20.004,0,0,0,0.000000,SUCCESS,sigmoid,
2026-06-05T00:04:47,86.0,41.3,sensor2_serial,2,1,5,1,120,115,20.000,20.004,0,0,0,0.000000,SUCCESS,sigmoid,
2026-06-05T00:05:07,86.0,41.3,sensor2_serial,2,1,5,1,120,114,20.000,20.005,0,0,0,0.000000,SUCCESS,sigmoid,
2026-06-05T00:05:27,86.0,41.3,sensor2_serial,2,1,5,1,120,113,20.000,20.005,0,0,0,0.000000,SUCCESS,sigmoid,
2026-06-05T00:05:47,86.0,41.3,sensor2_serial,2,1,5,1,120,112,20.000,20.004,0,0,0,0.000000,SUCCESS,sigmoid,
2026-06-05T00:06:07,86.0,41.3,sensor2_serial,2,1,5,1,120,111,20.000,20.005,0,0,0,0.000000,SUCCESS,sigmoid,
2026-06-05T00:06:27,86.0,41.3,sensor2_serial,2,1,5,1,120,110,20.000,20.004,0,0,0,0.000000,SUCCESS,sigmoid,
2026-06-05T00:06:47,86.0,41.3,sensor2_serial,2,1,5,1,120,109,20.000,20.005,0,0,0,0.000000,SUCCESS,sigmoid,
2026-06-05T00:07:07,86.0,41.3,sensor2_serial,2,1,5,1,120,108,20.000,20.005,0,0,0,0.000000,SUCCESS,sigmoid,
2026-06-05T00:07:28,86.0,41.3,sensor2_serial,2,1,5,1,120,107,20.000,20.004,0,0,0,0.000000,SUCCESS,sigmoid,
2026-06-05T00:07:48,86.0,41.3,sensor2_serial,2,1,5,1,120,106,20.000,20.004,0,0,0,0.000000,SUCCESS,sigmoid,
2026-06-05T00:08:08,86.0,41.3,sensor2_serial,2,1,5,1,120,105,20.000,20.005,0,0,0,0.000000,SUCCESS,sigmoid,
2026-06-05T00:08:28,86.0,41.3,sensor2_serial,2,1,5,1,120,104,20.000,20.005,0,0,0,0.000000,SUCCESS,sigmoid,
2026-06-05T00:08:48,86.0,41.3,sensor2_serial,2,1,5,1,120,103,20.000,20.005,0,0,0,0.000000,SUCCESS,sigmoid,
2026-06-05T00:09:08,86.0,41.3,sensor2_serial,2,1,5,1,120,102,20.000,20.005,0,0,0,0.000000,SUCCESS,sigmoid,
2026-06-05T00:09:28,86.0,41.3,sensor2_serial,2,1,5,1,120,101,20.000,20.006,0,0,0,0.000000,SUCCESS,sigmoid,
2026-06-05T00:09:48,86.0,41.3,sensor2_serial,2,1,5,1,120,100,20.000,20.004,0,0,0,0.000000,SUCCESS,sigmoid,
2026-06-05T00:10:08,86.0,41.3,sensor2_serial,2,1,5,1,120,99,20.000,20.004,0,0,0,0.000000,SUCCESS,sigmoid,
2026-06-05T00:10:28,86.0,41.3,sensor2_serial,2,1,5,1,120,98,20.000,20.005,0,0,0,0.000000,SUCCESS,sigmoid,
2026-06-05T00:10:48,86.0,41.3,sensor2_serial,2,1,5,1,120,97,20.000,20.004,0,0,0,0.000000,SUCCESS,sigmoid,
2026-06-05T00:11:08,86.0,41.3,sensor2_serial,2,1,5,1,120,96,20.000,20.004,0,0,0,0.000000,SUCCESS,sigmoid,
2026-06-05T00:11:28,86.0,41.3,sensor2_serial,2,1,5,1,120,95,20.000,20.005,0,0,0,0.000000,SUCCESS,sigmoid,
2026-06-05T00:11:48,86.0,41.3,sensor2_serial,2,1,5,1,120,94,20.000,20.004,0,0,0,0.000000,SUCCESS,sigmoid,
2026-06-05T00:12:08,86.0,41.3,sensor2_serial,2,1,5,1,120,93,20.000,20.004,0,0,0,0.000000,SUCCESS,sigmoid,
2026-06-05T00:12:28,86.0,41.3,sensor2_serial,2,1,5,1,120,92,20.000,20.004,0,0,0,0.000000,SUCCESS,sigmoid,
2026-06-05T00:12:48,86.0,41.3,sensor2_serial,2,1,5,1,120,91,20.000,20.004,0,0,0,0.000000,SUCCESS,sigmoid,
2026-06-05T00:13:09,86.0,41.3,sensor2_serial,2,1,5,1,120,90,20.000,20.004,0,0,0,0.000000,SUCCESS,sigmoid,
2026-06-05T00:13:29,86.0,41.3,sensor2_serial,2,1,5,1,120,89,20.000,20.004,0,0,0,0.000000,SUCCESS,sigmoid,
2026-06-05T00:13:49,86.0,41.3,sensor2_serial,2,1,5,1,120,88,20.000,20.005,0,0,0,0.000000,SUCCESS,sigmoid,
2026-06-05T00:14:09,86.0,41.3,sensor2_serial,2,1,5,1,120,87,20.000,20.006,0,0,0,0.000000,SUCCESS,sigmoid,
2026-06-05T00:14:29,86.0,41.3,sensor2_serial,2,1,5,1,120,86,20.000,20.004,0,0,0,0.000000,SUCCESS,sigmoid,
2026-06-05T00:14:49,86.0,41.3,sensor2_serial,2,1,5,1,120,85,20.000,20.006,0,0,0,0.000000,SUCCESS,sigmoid,
2026-06-05T00:15:09,86.0,41.3,sensor2_serial,2,1,5,1,120,84,20.000,20.004,0,0,0,0.000000,SUCCESS,sigmoid,
2026-06-05T00:15:29,86.0,41.3,sensor2_serial,2,1,5,1,120,83,20.000,20.005,0,0,0,0.000000,SUCCESS,sigmoid,
2026-06-05T00:15:49,86.0,41.3,sensor2_serial,2,1,5,1,120,82,20.000,20.005,0,0,0,0.000000,SUCCESS,sigmoid,
2026-06-05T00:16:09,86.0,41.3,sensor2_serial,2,1,5,1,120,81,20.000,20.004,0,0,0,0.000000,SUCCESS,sigmoid,
2026-06-05T00:16:29,86.0,41.3,sensor2_serial,2,1,5,1,120,80,20.000,20.005,0,0,0,0.000000,SUCCESS,sigmoid,
2026-06-05T00:16:49,86.0,41.3,sensor2_serial,2,1,5,1,120,79,20.000,20.004,0,0,0,0.000000,SUCCESS,sigmoid,
2026-06-05T00:17:09,86.0,41.3,sensor2_serial,2,1,5,1,120,78,20.000,20.004,0,0,0,0.000000,SUCCESS,sigmoid,
2026-06-05T00:17:29,86.0,41.3,sensor2_serial,2,1,5,1,120,77,20.000,20.004,0,0,0,0.000000,SUCCESS,sigmoid,
2026-06-05T00:17:49,86.0,41.3,sensor2_serial,2,1,5,1,120,76,20.000,20.005,0,0,0,0.000000,SUCCESS,sigmoid,
2026-06-05T00:18:09,86.0,41.3,sensor2_serial,2,1,5,1,120,75,20.000,20.004,0,0,0,0.000000,SUCCESS,sigmoid,
2026-06-05T00:18:29,86.0,41.3,sensor2_serial,2,1,5,1,120,74,20.000,20.004,0,0,0,0.000000,SUCCESS,sigmoid,
2026-06-05T00:18:50,86.0,41.3,sensor2_serial,2,1,5,1,120,73,20.000,20.004,0,0,0,0.000000,SUCCESS,sigmoid,
2026-06-05T00:19:10,86.0,41.3,sensor2_serial,2,1,5,1,120,72,20.000,20.004,0,0,0,0.000000,SUCCESS,sigmoid,
2026-06-05T00:19:30,86.0,41.3,sensor2_serial,2,1,5,1,120,71,20.000,20.005,0,0,0,0.000000,SUCCESS,sigmoid,
2026-06-05T00:19:50,86.0,41.3,sensor2_serial,2,1,5,1,120,70,20.000,20.005,0,0,0,0.000000,SUCCESS,sigmoid,
2026-06-05T00:20:10,86.0,41.3,sensor2_serial,2,1,5,1,120,69,20.000,20.005,0,0,0,0.000000,SUCCESS,sigmoid,
2026-06-05T00:20:30,86.0,41.3,sensor2_serial,2,1,5,1,120,68,20.000,20.004,0,0,0,0.000000,SUCCESS,sigmoid,
2026-06-05T00:20:50,86.0,41.3,sensor2_serial,2,1,5,1,120,67,20.000,20.005,0,0,0,0.000000,SUCCESS,sigmoid,
2026-06-05T00:21:10,86.0,41.3,sensor2_serial,2,1,5,1,120,66,20.000,20.005,0,0,0,0.000000,SUCCESS,sigmoid,
2026-06-05T00:21:30,86.0,41.3,sensor2_serial,2,1,5,1,120,65,20.000,20.006,0,0,0,0.000000,SUCCESS,sigmoid,
2026-06-05T00:21:50,86.0,41.3,sensor2_serial,2,1,5,1,120,64,20.000,20.005,0,0,0,0.000000,SUCCESS,sigmoid,
2026-06-05T00:22:10,86.0,41.3,sensor2_serial,2,1,5,1,120,63,20.000,20.004,0,0,0,0.000000,SUCCESS,sigmoid,
2026-06-05T00:22:30,86.0,41.3,sensor2_serial,2,1,5,1,120,62,20.000,20.004,0,0,0,0.000000,SUCCESS,sigmoid,
2026-06-05T00:22:50,86.0,41.3,sensor2_serial,2,1,5,1,120,61,20.000,20.006,0,0,0,0.000000,SUCCESS,sigmoid,
2026-06-05T00:23:10,86.0,41.3,sensor2_serial,2,1,5,1,120,60,20.000,20.004,0,0,0,0.000000,SUCCESS,sigmoid,
2026-06-05T00:23:30,86.0,41.3,sensor2_serial,2,1,5,1,120,59,20.000,20.005,0,0,0,0.000000,SUCCESS,sigmoid,
2026-06-05T00:23:50,86.0,41.3,sensor2_serial,2,1,5,1,120,58,20.000,20.004,0,0,0,0.000000,SUCCESS,sigmoid,
2026-06-05T00:24:10,86.0,41.3,sensor2_serial,2,1,5,1,120,57,20.000,20.004,0,0,0,0.000000,SUCCESS,sigmoid,
2026-06-05T00:24:31,86.0,41.3,sensor2_serial,2,1,5,1,120,56,20.000,20.004,0,0,0,0.000000,SUCCESS,sigmoid,
2026-06-05T00:24:51,86.0,41.3,sensor2_serial,2,1,5,1,120,55,20.000,20.004,0,0,0,0.000000,SUCCESS,sigmoid,
2026-06-05T00:25:11,86.0,41.3,sensor2_serial,2,1,5,1,120,54,20.000,20.004,0,0,0,0.000000,SUCCESS,sigmoid,
2026-06-05T00:25:31,86.0,41.3,sensor2_serial,2,1,5,1,120,53,20.000,20.005,0,0,0,0.000000,SUCCESS,sigmoid,
2026-06-05T00:25:51,86.0,41.3,sensor2_serial,2,1,5,1,120,52,20.000,20.004,0,0,0,0.000000,SUCCESS,sigmoid,
2026-06-05T00:26:11,86.0,41.3,sensor2_serial,2,1,5,1,120,51,20.000,20.004,0,0,0,0.000000,SUCCESS,sigmoid,
2026-06-05T00:26:31,86.0,41.3,sensor2_serial,2,1,5,1,120,50,20.000,20.005,0,0,0,0.000000,SUCCESS,sigmoid,
2026-06-05T00:26:51,86.0,41.3,sensor2_serial,2,1,5,1,120,49,20.000,20.006,0,0,0,0.000000,SUCCESS,sigmoid,
2026-06-05T00:27:11,86.0,41.3,sensor2_serial,2,1,5,1,120,48,20.000,20.005,0,0,0,0.000000,SUCCESS,sigmoid,
2026-06-05T00:27:31,86.0,41.3,sensor2_serial,2,1,5,1,120,47,20.000,20.005,0,0,0,0.000000,SUCCESS,sigmoid,
2026-06-05T00:27:51,86.0,41.3,sensor2_serial,2,1,5,1,120,46,20.000,20.005,0,0,0,0.000000,SUCCESS,sigmoid,
2026-06-05T00:28:11,86.0,41.3,sensor2_serial,2,1,5,1,120,45,20.000,20.005,0,0,0,0.000000,SUCCESS,sigmoid,
2026-06-05T00:28:31,86.0,41.3,sensor2_serial,2,1,5,1,120,44,20.000,20.004,0,0,0,0.000000,SUCCESS,sigmoid,
2026-06-05T00:28:51,86.0,41.3,sensor2_serial,2,1,5,1,120,43,20.000,20.004,0,0,0,0.000000,SUCCESS,sigmoid,
2026-06-05T00:29:11,86.0,41.3,sensor2_serial,2,1,5,1,120,42,20.000,20.005,0,0,0,0.000000,SUCCESS,sigmoid,
2026-06-05T00:29:31,86.0,41.3,sensor2_serial,2,1,5,1,120,41,20.000,20.005,0,0,0,0.000000,SUCCESS,sigmoid,
2026-06-05T00:29:51,86.0,41.3,sensor2_serial,2,1,5,1,120,40,20.000,20.004,0,0,0,0.000000,SUCCESS,sigmoid,
2026-06-05T00:30:12,86.0,41.3,sensor2_serial,2,1,5,1,120,39,20.000,20.004,0,0,0,0.000000,SUCCESS,sigmoid,
2026-06-05T00:30:32,86.0,41.3,sensor2_serial,2,1,5,1,120,38,20.000,20.004,0,0,0,0.000000,SUCCESS,sigmoid,
2026-06-05T00:30:52,86.0,41.3,sensor2_serial,2,1,5,1,120,37,20.000,20.005,0,0,0,0.000000,SUCCESS,sigmoid,
2026-06-05T00:31:12,86.0,41.3,sensor2_serial,2,1,5,1,120,36,20.000,20.004,0,0,0,0.000000,SUCCESS,sigmoid,
2026-06-05T00:31:32,86.0,41.3,sensor2_serial,2,1,5,1,120,35,20.000,20.005,0,0,0,0.000000,SUCCESS,sigmoid,
2026-06-05T00:31:52,86.0,41.3,sensor2_serial,2,1,5,1,120,34,20.000,20.005,0,0,0,0.000000,SUCCESS,sigmoid,
2026-06-05T00:32:12,86.0,41.3,sensor2_serial,2,1,5,1,120,33,20.000,20.004,0,0,0,0.000000,SUCCESS,sigmoid,
2026-06-05T00:32:32,86.0,41.3,sensor2_serial,2,1,5,1,120,32,20.000,20.004,0,0,0,0.000000,SUCCESS,sigmoid,
2026-06-05T00:32:52,86.0,41.3,sensor2_serial,2,1,5,1,120,31,20.000,20.005,0,0,0,0.000000,SUCCESS,sigmoid,
2026-06-05T00:33:12,86.0,41.3,sensor2_serial,2,1,5,1,120,30,20.000,20.004,0,0,0,0.000000,SUCCESS,sigmoid,
2026-06-05T00:33:32,86.0,41.3,sensor2_serial,2,1,5,1,120,29,20.000,20.005,0,0,0,0.000000,SUCCESS,sigmoid,
2026-06-05T00:33:52,86.0,41.3,sensor2_serial,2,1,5,1,120,28,20.000,20.004,0,0,0,0.000000,SUCCESS,sigmoid,
2026-06-05T00:34:12,86.0,41.3,sensor2_serial,2,1,5,1,120,27,20.000,20.004,0,0,0,0.000000,SUCCESS,sigmoid,
2026-06-05T00:34:32,86.0,41.3,sensor2_serial,2,1,5,1,120,26,20.000,20.004,0,0,0,0.000000,SUCCESS,sigmoid,
2026-06-05T00:34:52,86.0,41.3,sensor2_serial,2,1,5,1,120,25,20.000,20.005,0,0,0,0.000000,SUCCESS,sigmoid,
2026-06-05T00:35:12,86.0,41.3,sensor2_serial,2,1,5,1,120,24,20.000,20.005,0,0,0,0.000000,SUCCESS,sigmoid,
2026-06-05T00:35:32,86.0,41.3,sensor2_serial,2,1,5,1,120,23,20.000,20.004,0,0,0,0.000000,SUCCESS,sigmoid,
2026-06-05T00:35:53,86.0,41.3,sensor2_serial,2,1,5,1,120,22,20.000,20.005,0,0,0,0.000000,SUCCESS,sigmoid,
2026-06-05T00:36:13,86.0,41.3,sensor2_serial,2,1,5,1,120,21,20.000,20.005,0,0,0,0.000000,SUCCESS,sigmoid,
2026-06-05T00:36:33,86.0,41.3,sensor2_serial,2,1,5,1,120,20,20.000,20.004,0,0,0,0.000000,SUCCESS,sigmoid,
2026-06-05T00:36:53,86.0,41.3,sensor2_serial,2,1,5,1,120,19,20.000,20.004,0,0,0,0.000000,SUCCESS,sigmoid,
2026-06-05T00:37:13,86.0,41.3,sensor2_serial,2,1,5,1,120,18,20.000,20.004,0,0,0,0.000000,SUCCESS,sigmoid,
2026-06-05T00:37:33,86.0,41.3,sensor2_serial,2,1,5,1,120,17,20.000,20.004,0,0,0,0.000000,SUCCESS,sigmoid,
2026-06-05T00:37:53,86.0,41.3,sensor2_serial,2,1,5,1,120,16,20.000,20.005,0,0,0,0.000000,SUCCESS,sigmoid,
2026-06-05T00:38:13,86.0,41.3,sensor2_serial,2,1,5,1,120,15,20.000,20.004,0,0,0,0.000000,SUCCESS,sigmoid,
2026-06-05T00:38:33,86.0,41.3,sensor2_serial,2,1,5,1,120,14,20.000,20.005,0,0,0,0.000000,SUCCESS,sigmoid,
2026-06-05T00:38:53,86.0,41.3,sensor2_serial,2,1,5,1,120,13,20.000,20.004,0,0,0,0.000000,SUCCESS,sigmoid,
2026-06-05T00:39:13,86.0,41.3,sensor2_serial,2,1,5,1,120,12,20.000,20.004,0,0,0,0.000000,SUCCESS,sigmoid,
2026-06-05T00:39:33,86.0,41.3,sensor2_serial,2,1,5,1,120,11,20.000,20.004,0,0,0,0.000000,SUCCESS,sigmoid,
2026-06-05T00:39:53,86.0,41.3,sensor2_serial,2,1,5,1,120,10,20.000,20.004,0,0,0,0.000000,SUCCESS,sigmoid,
2026-06-05T00:40:13,86.0,41.3,sensor2_serial,2,1,5,1,120,9,20.000,20.004,0,0,0,0.000000,SUCCESS,sigmoid,
2026-06-05T00:40:33,86.0,41.3,sensor2_serial,2,1,5,1,120,8,20.000,20.005,0,0,0,0.000000,SUCCESS,sigmoid,
2026-06-05T00:40:53,86.0,41.3,sensor2_serial,2,1,5,1,120,7,20.000,20.005,0,0,0,0.000000,SUCCESS,sigmoid,
2026-06-05T00:41:13,86.0,41.3,sensor2_serial,2,1,5,1,120,6,20.000,20.004,0,0,0,0.000000,SUCCESS,sigmoid,
2026-06-05T00:41:34,86.0,41.3,sensor2_serial,2,1,5,1,120,5,20.000,20.004,0,0,0,0.000000,SUCCESS,sigmoid,
2026-06-05T00:41:54,86.0,41.3,sensor2_serial,2,1,5,1,120,4,20.000,20.004,0,0,0,0.000000,SUCCESS,sigmoid,
2026-06-05T00:42:14,86.0,41.3,sensor2_serial,2,1,5,1,120,3,20.000,20.004,0,0,0,0.000000,SUCCESS,sigmoid,
2026-06-05T00:42:34,86.0,41.3,sensor2_serial,2,1,5,1,120,2,20.000,20.004,0,0,0,0.000000,SUCCESS,sigmoid,
2026-06-05T00:42:54,86.0,41.3,sensor2_serial,2,1,5,1,120,1,20.000,20.004,0,0,0,0.000000,SUCCESS,sigmoid,
2026-06-05T00:43:14,86.0,41.3,sensor2_serial,2,1,5,1,120,0,20.000,20.004,0,0,0,0.000000,SUCCESS,sigmoid,
2026-06-05T00:43:34,86.0,41.3,sensor2_serial,2,2,6,2,120,255,20.000,20.005,0,1438732,1438732,71917.842532,SUCCESS,sigmoid,
2026-06-05T00:43:54,86.0,41.3,sensor2_serial,2,2,6,2,120,254,20.000,20.005,0,1681641,1681641,84059.078724,SUCCESS,sigmoid,
2026-06-05T00:44:14,86.0,41.3,sensor2_serial,2,2,6,2,120,253,20.000,20.005,0,1769090,1769090,88431.259487,SUCCESS,sigmoid,
2026-06-05T00:44:34,86.0,41.3,sensor2_serial,2,2,6,2,120,252,20.000,20.006,0,1788263,1788263,89388.471917,SUCCESS,sigmoid,
2026-06-05T00:44:54,86.0,41.3,sensor2_serial,2,2,6,2,120,251,20.000,20.005,0,1786215,1786215,89286.658825,SUCCESS,sigmoid,
2026-06-05T00:45:14,86.0,41.3,sensor2_serial,2,2,6,2,120,250,20.000,20.006,0,1870861,1870861,93516.815240,SUCCESS,sigmoid,
2026-06-05T00:45:34,86.0,41.3,sensor2_serial,2,2,6,2,120,249,20.000,20.006,0,2098452,2098452,104893.400034,SUCCESS,sigmoid,
2026-06-05T00:45:54,86.0,41.3,sensor2_serial,2,2,6,2,120,248,20.000,20.005,0,2317868,2317868,115862.118943,SUCCESS,sigmoid,
2026-06-05T00:46:14,86.0,41.3,sensor2_serial,2,2,6,2,120,247,20.000,20.005,0,2875650,2875650,143745.656279,SUCCESS,sigmoid,
2026-06-05T00:46:34,86.0,41.3,sensor2_serial,2,2,6,2,120,246,20.000,20.006,0,3112633,3112633,155588.102214,SUCCESS,sigmoid,
2026-06-05T00:46:54,86.0,41.3,sensor2_serial,2,2,6,2,120,245,20.000,20.005,0,3352407,3352407,167577.469818,SUCCESS,sigmoid,
2026-06-05T00:47:15,86.0,41.3,sensor2_serial,2,2,6,2,120,244,20.000,20.005,0,3249040,3249040,162408.560601,SUCCESS,sigmoid,
2026-06-05T00:47:35,86.0,41.3,sensor2_serial,2,2,6,2,120,243,20.000,20.005,0,2432824,2432824,121608.496528,SUCCESS,sigmoid,
2026-06-05T00:47:55,86.0,41.3,sensor2_serial,2,2,6,2,120,242,20.000,20.005,0,1737761,1737761,86866.095844,SUCCESS,sigmoid,
2026-06-05T00:48:15,86.0,41.3,sensor2_serial,2,2,6,2,120,241,20.000,20.005,0,1030915,1030915,51532.009127,SUCCESS,sigmoid,
2026-06-05T00:48:35,86.0,41.3,sensor2_serial,2,2,6,2,120,240,20.000,20.006,0,727730,727730,36376.430426,SUCCESS,sigmoid,
2026-06-05T00:48:55,86.0,41.3,sensor2_serial,2,2,6,2,120,239,20.000,20.005,0,618427,618427,30913.418047,SUCCESS,sigmoid,
2026-06-05T00:49:15,86.0,41.3,sensor2_serial,2,2,6,2,120,238,20.000,20.005,0,327516,327516,16371.655079,SUCCESS,sigmoid,
2026-06-05T00:49:35,86.0,41.3,sensor2_serial,2,2,6,2,120,237,20.000,20.005,0,166943,166943,8344.953391,SUCCESS,sigmoid,
2026-06-05T00:49:55,86.0,41.3,sensor2_serial,2,2,6,2,120,236,20.000,20.005,0,79092,79092,3953.516302,SUCCESS,sigmoid,
2026-06-05T00:50:15,86.0,41.3,sensor2_serial,2,2,6,2,120,235,20.000,20.006,0,25611,25611,1280.170479,SUCCESS,sigmoid,
2026-06-05T00:50:35,86.0,41.3,sensor2_serial,2,2,6,2,120,234,20.000,20.005,0,15184,15184,758.997733,SUCCESS,sigmoid,
2026-06-05T00:50:55,86.0,41.3,sensor2_serial,2,2,6,2,120,233,20.000,20.005,0,5668,5668,283.325816,SUCCESS,sigmoid,
2026-06-05T00:51:15,86.0,41.3,sensor2_serial,2,2,6,2,120,232,20.000,20.005,0,2344,2344,117.169717,SUCCESS,sigmoid,
2026-06-05T00:51:35,86.0,41.3,sensor2_serial,2,2,6,2,120,231,20.000,20.005,0,612,612,30.591617,SUCCESS,sigmoid,
2026-06-05T00:51:55,86.0,41.3,sensor2_serial,2,2,6,2,120,230,20.000,20.005,0,270,270,13.496926,SUCCESS,sigmoid,
2026-06-05T00:52:15,86.0,41.3,sensor2_serial,2,2,6,2,120,229,20.000,20.005,0,139,139,6.948207,SUCCESS,sigmoid,
2026-06-05T00:52:36,86.0,41.3,sensor2_serial,2,2,6,2,120,228,20.000,20.004,0,89,89,4.449008,SUCCESS,sigmoid,
2026-06-05T00:52:56,86.0,41.3,sensor2_serial,2,2,6,2,120,227,20.000,20.004,0,73,73,3.649226,SUCCESS,sigmoid,
2026-06-05T00:53:16,86.0,41.3,sensor2_serial,2,2,6,2,120,226,20.000,20.006,0,54,54,2.699242,SUCCESS,sigmoid,
2026-06-05T00:53:36,86.0,41.3,sensor2_serial,2,2,6,2,120,225,20.000,20.005,0,54,54,2.699359,SUCCESS,sigmoid,
2026-06-05T00:53:56,86.0,41.3,sensor2_serial,2,2,6,2,120,224,20.000,20.004,0,43,43,2.149543,SUCCESS,sigmoid,
2026-06-05T00:54:16,86.0,41.3,sensor2_serial,2,2,6,2,120,223,20.000,20.005,0,38,38,1.899505,SUCCESS,sigmoid,
2026-06-05T00:54:36,86.0,41.3,sensor2_serial,2,2,6,2,120,222,20.000,20.005,0,40,40,1.999468,SUCCESS,sigmoid,
2026-06-05T00:54:56,86.0,41.3,sensor2_serial,2,2,6,2,120,221,20.000,20.004,0,35,35,1.749610,SUCCESS,sigmoid,
2026-06-05T00:55:16,86.0,41.3,sensor2_serial,2,2,6,2,120,220,20.000,20.004,0,36,36,1.799617,SUCCESS,sigmoid,
2026-06-05T00:55:36,86.0,41.3,sensor2_serial,2,2,6,2,120,219,20.000,20.004,0,24,24,1.199733,SUCCESS,sigmoid,
2026-06-05T00:55:56,86.0,41.3,sensor2_serial,2,2,6,2,120,218,20.000,20.005,0,23,23,1.149687,SUCCESS,sigmoid,
2026-06-05T00:56:16,86.0,41.3,sensor2_serial,2,2,6,2,120,217,20.000,20.005,0,20,20,0.999743,SUCCESS,sigmoid,
2026-06-05T00:56:36,86.0,41.3,sensor2_serial,2,2,6,2,120,216,20.000,20.006,0,20,20,0.999722,SUCCESS,sigmoid,
2026-06-05T00:56:56,86.0,41.3,sensor2_serial,2,2,6,2,120,215,20.000,20.005,0,13,13,0.649833,SUCCESS,sigmoid,
2026-06-05T00:57:16,86.0,41.3,sensor2_serial,2,2,6,2,120,214,20.000,20.004,0,10,10,0.499888,SUCCESS,sigmoid,
2026-06-05T00:57:36,86.0,41.3,sensor2_serial,2,2,6,2,120,213,20.000,20.005,0,14,14,0.699822,SUCCESS,sigmoid,
2026-06-05T00:57:56,86.0,41.3,sensor2_serial,2,2,6,2,120,212,20.000,20.004,0,16,16,0.799831,SUCCESS,sigmoid,
2026-06-05T00:58:17,86.0,41.3,sensor2_serial,2,2,6,2,120,211,20.000,20.004,0,8,8,0.399917,SUCCESS,sigmoid,
2026-06-05T00:58:37,86.0,41.3,sensor2_serial,2,2,6,2,120,210,20.000,20.004,0,14,14,0.699855,SUCCESS,sigmoid,
2026-06-05T00:58:57,86.0,41.3,sensor2_serial,2,2,6,2,120,209,20.000,20.004,0,4,4,0.199956,SUCCESS,sigmoid,
2026-06-05T00:59:17,86.0,41.3,sensor2_serial,2,2,6,2,120,208,20.000,20.005,0,9,9,0.449887,SUCCESS,sigmoid,
2026-06-05T00:59:37,86.0,41.3,sensor2_serial,2,2,6,2,120,207,20.000,20.004,0,9,9,0.449900,SUCCESS,sigmoid,
2026-06-05T00:59:57,86.0,41.3,sensor2_serial,2,2,6,2,120,206,20.000,20.005,0,6,6,0.299931,SUCCESS,sigmoid,
2026-06-05T01:00:17,86.0,41.3,sensor2_serial,2,2,6,2,120,205,20.000,20.005,0,2,2,0.099974,SUCCESS,sigmoid,
2026-06-05T01:00:37,86.0,41.3,sensor2_serial,2,2,6,2,120,204,20.000,20.005,0,3,3,0.149962,SUCCESS,sigmoid,
2026-06-05T01:00:57,86.0,41.3,sensor2_serial,2,2,6,2,120,203,20.000,20.004,0,2,2,0.099978,SUCCESS,sigmoid,
2026-06-05T01:01:17,86.0,41.3,sensor2_serial,2,2,6,2,120,202,20.000,20.004,0,4,4,0.199959,SUCCESS,sigmoid,
2026-06-05T01:01:37,86.0,41.3,sensor2_serial,2,2,6,2,120,201,20.000,20.005,0,2,2,0.099977,SUCCESS,sigmoid,
2026-06-05T01:01:57,86.0,41.3,sensor2_serial,2,2,6,2,120,200,20.000,20.005,0,3,3,0.149966,SUCCESS,sigmoid,
2026-06-05T01:02:17,86.0,41.3,sensor2_serial,2,2,6,2,120,199,20.000,20.004,0,1,1,0.049989,SUCCESS,sigmoid,
2026-06-05T01:02:37,86.0,41.3,sensor2_serial,2,2,6,2,120,198,20.000,20.004,0,1,1,0.049989,SUCCESS,sigmoid,
2026-06-05T01:02:57,86.0,41.3,sensor2_serial,2,2,6,2,120,197,20.000,20.005,0,2,2,0.099973,SUCCESS,sigmoid,
2026-06-05T01:03:17,86.0,41.3,sensor2_serial,2,2,6,2,120,196,20.000,20.004,0,1,1,0.049989,SUCCESS,sigmoid,
2026-06-05T01:03:37,86.0,41.3,sensor2_serial,2,2,6,2,120,195,20.000,20.005,0,1,1,0.049988,SUCCESS,sigmoid,
2026-06-05T01:03:58,86.0,41.3,sensor2_serial,2,2,6,2,120,194,20.000,20.004,0,2,2,0.099978,SUCCESS,sigmoid,
2026-06-05T01:04:18,86.0,41.3,sensor2_serial,2,2,6,2,120,193,20.000,20.005,0,1,1,0.049989,SUCCESS,sigmoid,
2026-06-05T01:04:38,86.0,41.3,sensor2_serial,2,2,6,2,120,192,20.000,20.004,0,1,1,0.049989,SUCCESS,sigmoid,
2026-06-05T01:04:58,86.0,41.3,sensor2_serial,2,2,6,2,120,191,20.000,20.004,0,2,2,0.099978,SUCCESS,sigmoid,
2026-06-05T01:05:18,86.0,41.3,sensor2_serial,2,2,6,2,120,190,20.000,20.005,0,1,1,0.049987,SUCCESS,sigmoid,
2026-06-05T01:05:38,86.0,41.3,sensor2_serial,2,2,6,2,120,189,20.000,20.004,0,0,0,0.000000,SUCCESS,sigmoid,
2026-06-05T01:05:58,86.0,41.3,sensor2_serial,2,2,6,2,120,188,20.000,20.005,0,1,1,0.049988,SUCCESS,sigmoid,
2026-06-05T01:06:18,86.0,41.3,sensor2_serial,2,2,6,2,120,187,20.000,20.004,0,0,0,0.000000,SUCCESS,sigmoid,
2026-06-05T01:06:38,86.0,41.3,sensor2_serial,2,2,6,2,120,186,20.000,20.004,0,0,0,0.000000,SUCCESS,sigmoid,
2026-06-05T01:06:58,86.0,41.3,sensor2_serial,2,2,6,2,120,185,20.000,20.004,0,1,1,0.049989,SUCCESS,sigmoid,
2026-06-05T01:07:18,86.0,41.3,sensor2_serial,2,2,6,2,120,184,20.000,20.005,0,1,1,0.049987,SUCCESS,sigmoid,
2026-06-05T01:07:38,86.0,41.3,sensor2_serial,2,2,6,2,120,183,20.000,20.004,0,0,0,0.000000,SUCCESS,sigmoid,
2026-06-05T01:07:58,86.0,41.3,sensor2_serial,2,2,6,2,120,182,20.000,20.004,0,1,1,0.049990,SUCCESS,sigmoid,
2026-06-05T01:08:18,86.0,41.3,sensor2_serial,2,2,6,2,120,181,20.000,20.005,0,0,0,0.000000,SUCCESS,sigmoid,
2026-06-05T01:08:38,86.0,41.3,sensor2_serial,2,2,6,2,120,180,20.000,20.005,0,0,0,0.000000,SUCCESS,sigmoid,
2026-06-05T01:08:58,86.0,41.3,sensor2_serial,2,2,6,2,120,179,20.000,20.005,0,0,0,0.000000,SUCCESS,sigmoid,
2026-06-05T01:09:18,86.0,41.3,sensor2_serial,2,2,6,2,120,178,20.000,20.004,0,0,0,0.000000,SUCCESS,sigmoid,
2026-06-05T01:09:39,86.0,41.3,sensor2_serial,2,2,6,2,120,177,20.000,20.005,0,1,1,0.049989,SUCCESS,sigmoid,
2026-06-05T01:09:59,86.0,41.3,sensor2_serial,2,2,6,2,120,176,20.000,20.004,0,0,0,0.000000,SUCCESS,sigmoid,
2026-06-05T01:10:19,86.0,41.3,sensor2_serial,2,2,6,2,120,175,20.000,20.005,0,0,0,0.000000,SUCCESS,sigmoid,
2026-06-05T01:10:39,86.0,41.3,sensor2_serial,2,2,6,2,120,174,20.000,20.004,0,0,0,0.000000,SUCCESS,sigmoid,
2026-06-05T01:10:59,86.0,41.3,sensor2_serial,2,2,6,2,120,173,20.000,20.005,0,0,0,0.000000,SUCCESS,sigmoid,
2026-06-05T01:11:19,86.0,41.3,sensor2_serial,2,2,6,2,120,172,20.000,20.005,0,0,0,0.000000,SUCCESS,sigmoid,
2026-06-05T01:11:39,86.0,41.3,sensor2_serial,2,2,6,2,120,171,20.000,20.005,0,0,0,0.000000,SUCCESS,sigmoid,
2026-06-05T01:11:59,86.0,41.3,sensor2_serial,2,2,6,2,120,170,20.000,20.004,0,0,0,0.000000,SUCCESS,sigmoid,
2026-06-05T01:12:19,86.0,41.3,sensor2_serial,2,2,6,2,120,169,20.000,20.005,0,0,0,0.000000,SUCCESS,sigmoid,
2026-06-05T01:12:39,86.0,41.3,sensor2_serial,2,2,6,2,120,168,20.000,20.004,0,0,0,0.000000,SUCCESS,sigmoid,
2026-06-05T01:12:59,86.0,41.3,sensor2_serial,2,2,6,2,120,167,20.000,20.004,0,0,0,0.000000,SUCCESS,sigmoid,
2026-06-05T01:13:19,86.0,41.3,sensor2_serial,2,2,6,2,120,166,20.000,20.004,0,0,0,0.000000,SUCCESS,sigmoid,
2026-06-05T01:13:39,86.0,41.3,sensor2_serial,2,2,6,2,120,165,20.000,20.004,0,0,0,0.000000,SUCCESS,sigmoid,
2026-06-05T01:13:59,86.0,41.3,sensor2_serial,2,2,6,2,120,164,20.000,20.006,0,0,0,0.000000,SUCCESS,sigmoid,
2026-06-05T01:14:19,86.0,41.3,sensor2_serial,2,2,6,2,120,163,20.000,20.005,0,0,0,0.000000,SUCCESS,sigmoid,
2026-06-05T01:14:39,86.0,41.3,sensor2_serial,2,2,6,2,120,162,20.000,20.004,0,0,0,0.000000,SUCCESS,sigmoid,
2026-06-05T01:14:59,86.0,41.3,sensor2_serial,2,2,6,2,120,161,20.000,20.004,0,0,0,0.000000,SUCCESS,sigmoid,
2026-06-05T01:15:20,86.0,41.3,sensor2_serial,2,2,6,2,120,160,20.000,20.004,0,0,0,0.000000,SUCCESS,sigmoid,
2026-06-05T01:15:40,86.0,41.3,sensor2_serial,2,2,6,2,120,159,20.000,20.005,0,0,0,0.000000,SUCCESS,sigmoid,
2026-06-05T01:16:00,86.0,41.3,sensor2_serial,2,2,6,2,120,158,20.000,20.005,0,0,0,0.000000,SUCCESS,sigmoid,
2026-06-05T01:16:20,86.0,41.3,sensor2_serial,2,2,6,2,120,157,20.000,20.004,0,0,0,0.000000,SUCCESS,sigmoid,
2026-06-05T01:16:40,86.0,41.3,sensor2_serial,2,2,6,2,120,156,20.000,20.005,0,0,0,0.000000,SUCCESS,sigmoid,
2026-06-05T01:17:00,86.0,41.3,sensor2_serial,2,2,6,2,120,155,20.000,20.004,0,0,0,0.000000,SUCCESS,sigmoid,
2026-06-05T01:17:20,86.0,41.3,sensor2_serial,2,2,6,2,120,154,20.000,20.005,0,0,0,0.000000,SUCCESS,sigmoid,
2026-06-05T01:17:40,86.0,41.3,sensor2_serial,2,2,6,2,120,153,20.000,20.006,0,0,0,0.000000,SUCCESS,sigmoid,
2026-06-05T01:18:00,86.0,41.3,sensor2_serial,2,2,6,2,120,152,20.000,20.005,0,0,0,0.000000,SUCCESS,sigmoid,
2026-06-05T01:18:20,86.0,41.3,sensor2_serial,2,2,6,2,120,151,20.000,20.005,0,0,0,0.000000,SUCCESS,sigmoid,
2026-06-05T01:18:40,86.0,41.3,sensor2_serial,2,2,6,2,120,150,20.000,20.004,0,0,0,0.000000,SUCCESS,sigmoid,
2026-06-05T01:19:00,86.0,41.3,sensor2_serial,2,2,6,2,120,149,20.000,20.005,0,0,0,0.000000,SUCCESS,sigmoid,
2026-06-05T01:19:20,86.0,41.3,sensor2_serial,2,2,6,2,120,148,20.000,20.005,0,0,0,0.000000,SUCCESS,sigmoid,
2026-06-05T01:19:40,86.0,41.3,sensor2_serial,2,2,6,2,120,147,20.000,20.004,0,0,0,0.000000,SUCCESS,sigmoid,
2026-06-05T01:20:00,86.0,41.3,sensor2_serial,2,2,6,2,120,146,20.000,20.004,0,0,0,0.000000,SUCCESS,sigmoid,
2026-06-05T01:20:20,86.0,41.3,sensor2_serial,2,2,6,2,120,145,20.000,20.005,0,0,0,0.000000,SUCCESS,sigmoid,
2026-06-05T01:20:40,86.0,41.3,sensor2_serial,2,2,6,2,120,144,20.000,20.005,0,0,0,0.000000,SUCCESS,sigmoid,
2026-06-05T01:21:01,86.0,41.3,sensor2_serial,2,2,6,2,120,143,20.000,20.005,0,0,0,0.000000,SUCCESS,sigmoid,
2026-06-05T01:21:21,86.0,41.3,sensor2_serial,2,2,6,2,120,142,20.000,20.005,0,0,0,0.000000,SUCCESS,sigmoid,
2026-06-05T01:21:41,86.0,41.3,sensor2_serial,2,2,6,2,120,141,20.000,20.004,0,0,0,0.000000,SUCCESS,sigmoid,
2026-06-05T01:22:01,86.0,41.3,sensor2_serial,2,2,6,2,120,140,20.000,20.005,0,0,0,0.000000,SUCCESS,sigmoid,
2026-06-05T01:22:21,86.0,41.3,sensor2_serial,2,2,6,2,120,139,20.000,20.005,0,0,0,0.000000,SUCCESS,sigmoid,
2026-06-05T01:22:41,86.0,41.3,sensor2_serial,2,2,6,2,120,138,20.000,20.005,0,0,0,0.000000,SUCCESS,sigmoid,
2026-06-05T01:23:01,86.0,41.3,sensor2_serial,2,2,6,2,120,137,20.000,20.005,0,0,0,0.000000,SUCCESS,sigmoid,
2026-06-05T01:23:21,86.0,41.3,sensor2_serial,2,2,6,2,120,136,20.000,20.004,0,0,0,0.000000,SUCCESS,sigmoid,
2026-06-05T01:23:41,86.0,41.3,sensor2_serial,2,2,6,2,120,135,20.000,20.005,0,0,0,0.000000,SUCCESS,sigmoid,
2026-06-05T01:24:01,86.0,41.3,sensor2_serial,2,2,6,2,120,134,20.000,20.005,0,0,0,0.000000,SUCCESS,sigmoid,
2026-06-05T01:24:21,86.0,41.3,sensor2_serial,2,2,6,2,120,133,20.000,20.005,0,0,0,0.000000,SUCCESS,sigmoid,
2026-06-05T01:24:41,86.0,41.3,sensor2_serial,2,2,6,2,120,132,20.000,20.004,0,0,0,0.000000,SUCCESS,sigmoid,
2026-06-05T01:25:01,86.0,41.3,sensor2_serial,2,2,6,2,120,131,20.000,20.005,0,0,0,0.000000,SUCCESS,sigmoid,
2026-06-05T01:25:21,86.0,41.3,sensor2_serial,2,2,6,2,120,130,20.000,20.004,0,0,0,0.000000,SUCCESS,sigmoid,
2026-06-05T01:25:41,86.0,41.3,sensor2_serial,2,2,6,2,120,129,20.000,20.005,0,0,0,0.000000,SUCCESS,sigmoid,
2026-06-05T01:26:01,86.0,41.3,sensor2_serial,2,2,6,2,120,128,20.000,20.004,0,0,0,0.000000,SUCCESS,sigmoid,
2026-06-05T01:26:21,86.0,41.3,sensor2_serial,2,2,6,2,120,127,20.000,20.004,0,0,0,0.000000,SUCCESS,sigmoid,
2026-06-05T01:26:42,86.0,41.3,sensor2_serial,2,2,6,2,120,126,20.000,20.005,0,0,0,0.000000,SUCCESS,sigmoid,
2026-06-05T01:27:02,86.0,41.3,sensor2_serial,2,2,6,2,120,125,20.000,20.004,0,0,0,0.000000,SUCCESS,sigmoid,
2026-06-05T01:27:22,86.0,41.3,sensor2_serial,2,2,6,2,120,124,20.000,20.004,0,0,0,0.000000,SUCCESS,sigmoid,
2026-06-05T01:27:42,86.0,41.3,sensor2_serial,2,2,6,2,120,123,20.000,20.005,0,0,0,0.000000,SUCCESS,sigmoid,
2026-06-05T01:28:02,86.0,41.3,sensor2_serial,2,2,6,2,120,122,20.000,20.005,0,0,0,0.000000,SUCCESS,sigmoid,
2026-06-05T01:28:22,86.0,41.3,sensor2_serial,2,2,6,2,120,121,20.000,20.004,0,0,0,0.000000,SUCCESS,sigmoid,
2026-06-05T01:28:42,86.0,41.3,sensor2_serial,2,2,6,2,120,120,20.000,20.005,0,0,0,0.000000,SUCCESS,sigmoid,
2026-06-05T01:29:02,86.0,41.3,sensor2_serial,2,2,6,2,120,119,20.000,20.005,0,0,0,0.000000,SUCCESS,sigmoid,
2026-06-05T01:29:22,86.0,41.3,sensor2_serial,2,2,6,2,120,118,20.000,20.005,0,0,0,0.000000,SUCCESS,sigmoid,
2026-06-05T01:29:42,86.0,41.3,sensor2_serial,2,2,6,2,120,117,20.000,20.004,0,0,0,0.000000,SUCCESS,sigmoid,
2026-06-05T01:30:02,86.0,41.3,sensor2_serial,2,2,6,2,120,116,20.000,20.005,0,0,0,0.000000,SUCCESS,sigmoid,
2026-06-05T01:30:22,86.0,41.3,sensor2_serial,2,2,6,2,120,115,20.000,20.004,0,0,0,0.000000,SUCCESS,sigmoid,
2026-06-05T01:30:42,86.0,41.3,sensor2_serial,2,2,6,2,120,114,20.000,20.004,0,0,0,0.000000,SUCCESS,sigmoid,
2026-06-05T01:31:02,86.0,41.3,sensor2_serial,2,2,6,2,120,113,20.000,20.005,0,0,0,0.000000,SUCCESS,sigmoid,
2026-06-05T01:31:22,86.0,41.3,sensor2_serial,2,2,6,2,120,112,20.000,20.005,0,0,0,0.000000,SUCCESS,sigmoid,
2026-06-05T01:31:42,86.0,41.3,sensor2_serial,2,2,6,2,120,111,20.000,20.005,0,0,0,0.000000,SUCCESS,sigmoid,
2026-06-05T01:32:02,86.0,41.3,sensor2_serial,2,2,6,2,120,110,20.000,20.004,0,0,0,0.000000,SUCCESS,sigmoid,
2026-06-05T01:32:23,86.0,41.3,sensor2_serial,2,2,6,2,120,109,20.000,20.004,0,0,0,0.000000,SUCCESS,sigmoid,
2026-06-05T01:32:43,86.0,41.3,sensor2_serial,2,2,6,2,120,108,20.000,20.005,0,0,0,0.000000,SUCCESS,sigmoid,
2026-06-05T01:33:03,86.0,41.3,sensor2_serial,2,2,6,2,120,107,20.000,20.004,0,0,0,0.000000,SUCCESS,sigmoid,
2026-06-05T01:33:23,86.0,41.3,sensor2_serial,2,2,6,2,120,106,20.000,20.004,0,0,0,0.000000,SUCCESS,sigmoid,
2026-06-05T01:33:43,86.0,41.3,sensor2_serial,2,2,6,2,120,105,20.000,20.004,0,0,0,0.000000,SUCCESS,sigmoid,
2026-06-05T01:34:03,86.0,41.3,sensor2_serial,2,2,6,2,120,104,20.000,20.004,0,0,0,0.000000,SUCCESS,sigmoid,
2026-06-05T01:34:23,86.0,41.3,sensor2_serial,2,2,6,2,120,103,20.000,20.005,0,0,0,0.000000,SUCCESS,sigmoid,
2026-06-05T01:34:43,86.0,41.3,sensor2_serial,2,2,6,2,120,102,20.000,20.004,0,0,0,0.000000,SUCCESS,sigmoid,
2026-06-05T01:35:03,86.0,41.3,sensor2_serial,2,2,6,2,120,101,20.000,20.004,0,0,0,0.000000,SUCCESS,sigmoid,
2026-06-05T01:35:23,86.0,41.3,sensor2_serial,2,2,6,2,120,100,20.000,20.004,0,0,0,0.000000,SUCCESS,sigmoid,
2026-06-05T01:35:43,86.0,41.3,sensor2_serial,2,2,6,2,120,99,20.000,20.005,0,0,0,0.000000,SUCCESS,sigmoid,
2026-06-05T01:36:03,86.0,41.3,sensor2_serial,2,2,6,2,120,98,20.000,20.004,0,0,0,0.000000,SUCCESS,sigmoid,
2026-06-05T01:36:23,86.0,41.3,sensor2_serial,2,2,6,2,120,97,20.000,20.005,0,0,0,0.000000,SUCCESS,sigmoid,
2026-06-05T01:36:43,86.0,41.3,sensor2_serial,2,2,6,2,120,96,20.000,20.005,0,0,0,0.000000,SUCCESS,sigmoid,
2026-06-05T01:37:03,86.0,41.3,sensor2_serial,2,2,6,2,120,95,20.000,20.004,0,0,0,0.000000,SUCCESS,sigmoid,
2026-06-05T01:37:23,86.0,41.3,sensor2_serial,2,2,6,2,120,94,20.000,20.004,0,0,0,0.000000,SUCCESS,sigmoid,
2026-06-05T01:37:44,86.0,41.3,sensor2_serial,2,2,6,2,120,93,20.000,20.004,0,0,0,0.000000,SUCCESS,sigmoid,
2026-06-05T01:38:04,86.0,41.3,sensor2_serial,2,2,6,2,120,92,20.000,20.005,0,0,0,0.000000,SUCCESS,sigmoid,
2026-06-05T01:38:24,86.0,41.3,sensor2_serial,2,2,6,2,120,91,20.000,20.004,0,0,0,0.000000,SUCCESS,sigmoid,
2026-06-05T01:38:44,86.0,41.3,sensor2_serial,2,2,6,2,120,90,20.000,20.005,0,0,0,0.000000,SUCCESS,sigmoid,
2026-06-05T01:39:04,86.0,41.3,sensor2_serial,2,2,6,2,120,89,20.000,20.005,0,0,0,0.000000,SUCCESS,sigmoid,
2026-06-05T01:39:24,86.0,41.3,sensor2_serial,2,2,6,2,120,88,20.000,20.006,0,0,0,0.000000,SUCCESS,sigmoid,
2026-06-05T01:39:44,86.0,41.3,sensor2_serial,2,2,6,2,120,87,20.000,20.004,0,0,0,0.000000,SUCCESS,sigmoid,
2026-06-05T01:40:04,86.0,41.3,sensor2_serial,2,2,6,2,120,86,20.000,20.005,0,0,0,0.000000,SUCCESS,sigmoid,
2026-06-05T01:40:24,86.0,41.3,sensor2_serial,2,2,6,2,120,85,20.000,20.005,0,0,0,0.000000,SUCCESS,sigmoid,
2026-06-05T01:40:44,86.0,41.3,sensor2_serial,2,2,6,2,120,84,20.000,20.004,0,0,0,0.000000,SUCCESS,sigmoid,
2026-06-05T01:41:04,86.0,41.3,sensor2_serial,2,2,6,2,120,83,20.000,20.004,0,0,0,0.000000,SUCCESS,sigmoid,
2026-06-05T01:41:24,86.0,41.3,sensor2_serial,2,2,6,2,120,82,20.000,20.004,0,0,0,0.000000,SUCCESS,sigmoid,
2026-06-05T01:41:44,86.0,41.3,sensor2_serial,2,2,6,2,120,81,20.000,20.004,0,0,0,0.000000,SUCCESS,sigmoid,
2026-06-05T01:42:04,86.0,41.3,sensor2_serial,2,2,6,2,120,80,20.000,20.004,0,0,0,0.000000,SUCCESS,sigmoid,
2026-06-05T01:42:24,86.0,41.3,sensor2_serial,2,2,6,2,120,79,20.000,20.004,0,0,0,0.000000,SUCCESS,sigmoid,
2026-06-05T01:42:44,86.0,41.3,sensor2_serial,2,2,6,2,120,78,20.000,20.004,0,0,0,0.000000,SUCCESS,sigmoid,
2026-06-05T01:43:04,86.0,41.3,sensor2_serial,2,2,6,2,120,77,20.000,20.004,0,0,0,0.000000,SUCCESS,sigmoid,
2026-06-05T01:43:25,86.0,41.3,sensor2_serial,2,2,6,2,120,76,20.000,20.004,0,0,0,0.000000,SUCCESS,sigmoid,
2026-06-05T01:43:45,86.0,41.3,sensor2_serial,2,2,6,2,120,75,20.000,20.005,0,0,0,0.000000,SUCCESS,sigmoid,
2026-06-05T01:44:05,86.0,41.3,sensor2_serial,2,2,6,2,120,74,20.000,20.004,0,0,0,0.000000,SUCCESS,sigmoid,
2026-06-05T01:44:25,86.0,41.3,sensor2_serial,2,2,6,2,120,73,20.000,20.004,0,0,0,0.000000,SUCCESS,sigmoid,
2026-06-05T01:44:45,86.0,41.3,sensor2_serial,2,2,6,2,120,72,20.000,20.004,0,0,0,0.000000,SUCCESS,sigmoid,
2026-06-05T01:45:05,86.0,41.3,sensor2_serial,2,2,6,2,120,71,20.000,20.004,0,0,0,0.000000,SUCCESS,sigmoid,
2026-06-05T01:45:25,86.0,41.3,sensor2_serial,2,2,6,2,120,70,20.000,20.004,0,0,0,0.000000,SUCCESS,sigmoid,
2026-06-05T01:45:45,86.0,41.3,sensor2_serial,2,2,6,2,120,69,20.000,20.006,0,0,0,0.000000,SUCCESS,sigmoid,
2026-06-05T01:46:05,86.0,41.3,sensor2_serial,2,2,6,2,120,68,20.000,20.004,0,0,0,0.000000,SUCCESS,sigmoid,
2026-06-05T01:46:25,86.0,41.3,sensor2_serial,2,2,6,2,120,67,20.000,20.004,0,0,0,0.000000,SUCCESS,sigmoid,
2026-06-05T01:46:45,86.0,41.3,sensor2_serial,2,2,6,2,120,66,20.000,20.005,0,0,0,0.000000,SUCCESS,sigmoid,
2026-06-05T01:47:05,86.0,41.3,sensor2_serial,2,2,6,2,120,65,20.000,20.004,0,0,0,0.000000,SUCCESS,sigmoid,
2026-06-05T01:47:25,86.0,41.3,sensor2_serial,2,2,6,2,120,64,20.000,20.004,0,0,0,0.000000,SUCCESS,sigmoid,
2026-06-05T01:47:45,86.0,41.3,sensor2_serial,2,2,6,2,120,63,20.000,20.004,0,0,0,0.000000,SUCCESS,sigmoid,
2026-06-05T01:48:05,86.0,41.3,sensor2_serial,2,2,6,2,120,62,20.000,20.004,0,0,0,0.000000,SUCCESS,sigmoid,
2026-06-05T01:48:25,86.0,41.3,sensor2_serial,2,2,6,2,120,61,20.000,20.004,0,0,0,0.000000,SUCCESS,sigmoid,
2026-06-05T01:48:45,86.0,41.3,sensor2_serial,2,2,6,2,120,60,20.000,20.005,0,0,0,0.000000,SUCCESS,sigmoid,
2026-06-05T01:49:06,86.0,41.3,sensor2_serial,2,2,6,2,120,59,20.000,20.004,0,0,0,0.000000,SUCCESS,sigmoid,
2026-06-05T01:49:26,86.0,41.3,sensor2_serial,2,2,6,2,120,58,20.000,20.004,0,0,0,0.000000,SUCCESS,sigmoid,
2026-06-05T01:49:46,86.0,41.3,sensor2_serial,2,2,6,2,120,57,20.000,20.005,0,0,0,0.000000,SUCCESS,sigmoid,
2026-06-05T01:50:06,86.0,41.3,sensor2_serial,2,2,6,2,120,56,20.000,20.004,0,0,0,0.000000,SUCCESS,sigmoid,
2026-06-05T01:50:26,86.0,41.3,sensor2_serial,2,2,6,2,120,55,20.000,20.005,0,0,0,0.000000,SUCCESS,sigmoid,
2026-06-05T01:50:46,86.0,41.3,sensor2_serial,2,2,6,2,120,54,20.000,20.005,0,0,0,0.000000,SUCCESS,sigmoid,
2026-06-05T01:51:06,86.0,41.3,sensor2_serial,2,2,6,2,120,53,20.000,20.004,0,0,0,0.000000,SUCCESS,sigmoid,
2026-06-05T01:51:26,86.0,41.3,sensor2_serial,2,2,6,2,120,52,20.000,20.004,0,0,0,0.000000,SUCCESS,sigmoid,
2026-06-05T01:51:46,86.0,41.3,sensor2_serial,2,2,6,2,120,51,20.000,20.005,0,0,0,0.000000,SUCCESS,sigmoid,
2026-06-05T01:52:06,86.0,41.3,sensor2_serial,2,2,6,2,120,50,20.000,20.004,0,0,0,0.000000,SUCCESS,sigmoid,
2026-06-05T01:52:26,86.0,41.3,sensor2_serial,2,2,6,2,120,49,20.000,20.006,0,0,0,0.000000,SUCCESS,sigmoid,
2026-06-05T01:52:46,86.0,41.3,sensor2_serial,2,2,6,2,120,48,20.000,20.006,0,0,0,0.000000,SUCCESS,sigmoid,
2026-06-05T01:53:06,86.0,41.3,sensor2_serial,2,2,6,2,120,47,20.000,20.006,0,0,0,0.000000,SUCCESS,sigmoid,
2026-06-05T01:53:26,86.0,41.3,sensor2_serial,2,2,6,2,120,46,20.000,20.004,0,0,0,0.000000,SUCCESS,sigmoid,
2026-06-05T01:53:46,86.0,41.3,sensor2_serial,2,2,6,2,120,45,20.000,20.004,0,0,0,0.000000,SUCCESS,sigmoid,
2026-06-05T01:54:06,86.0,41.3,sensor2_serial,2,2,6,2,120,44,20.000,20.004,0,0,0,0.000000,SUCCESS,sigmoid,
2026-06-05T01:54:26,86.0,41.3,sensor2_serial,2,2,6,2,120,43,20.000,20.004,0,0,0,0.000000,SUCCESS,sigmoid,
2026-06-05T01:54:47,86.0,41.3,sensor2_serial,2,2,6,2,120,42,20.000,20.005,0,0,0,0.000000,SUCCESS,sigmoid,
2026-06-05T01:55:07,86.0,41.3,sensor2_serial,2,2,6,2,120,41,20.000,20.005,0,0,0,0.000000,SUCCESS,sigmoid,
2026-06-05T01:55:27,86.0,41.3,sensor2_serial,2,2,6,2,120,40,20.000,20.004,0,0,0,0.000000,SUCCESS,sigmoid,
2026-06-05T01:55:47,86.0,41.3,sensor2_serial,2,2,6,2,120,39,20.000,20.004,0,0,0,0.000000,SUCCESS,sigmoid,
2026-06-05T01:56:07,86.0,41.3,sensor2_serial,2,2,6,2,120,38,20.000,20.005,0,0,0,0.000000,SUCCESS,sigmoid,
2026-06-05T01:56:27,86.0,41.3,sensor2_serial,2,2,6,2,120,37,20.000,20.004,0,0,0,0.000000,SUCCESS,sigmoid,
2026-06-05T01:56:47,86.0,41.3,sensor2_serial,2,2,6,2,120,36,20.000,20.004,0,0,0,0.000000,SUCCESS,sigmoid,
2026-06-05T01:57:07,86.0,41.3,sensor2_serial,2,2,6,2,120,35,20.000,20.005,0,0,0,0.000000,SUCCESS,sigmoid,
2026-06-05T01:57:27,86.0,41.3,sensor2_serial,2,2,6,2,120,34,20.000,20.004,0,0,0,0.000000,SUCCESS,sigmoid,
2026-06-05T01:57:47,86.0,41.3,sensor2_serial,2,2,6,2,120,33,20.000,20.005,0,0,0,0.000000,SUCCESS,sigmoid,
2026-06-05T01:58:07,86.0,41.3,sensor2_serial,2,2,6,2,120,32,20.000,20.004,0,0,0,0.000000,SUCCESS,sigmoid,
2026-06-05T01:58:27,86.0,41.3,sensor2_serial,2,2,6,2,120,31,20.000,20.005,0,0,0,0.000000,SUCCESS,sigmoid,
2026-06-05T01:58:47,86.0,41.3,sensor2_serial,2,2,6,2,120,30,20.000,20.004,0,0,0,0.000000,SUCCESS,sigmoid,
2026-06-05T01:59:07,86.0,41.3,sensor2_serial,2,2,6,2,120,29,20.000,20.006,0,0,0,0.000000,SUCCESS,sigmoid,
2026-06-05T01:59:27,86.0,41.3,sensor2_serial,2,2,6,2,120,28,20.000,20.005,0,0,0,0.000000,SUCCESS,sigmoid,
2026-06-05T01:59:47,86.0,41.3,sensor2_serial,2,2,6,2,120,27,20.000,20.004,0,0,0,0.000000,SUCCESS,sigmoid,
2026-06-05T02:00:07,86.0,41.3,sensor2_serial,2,2,6,2,120,26,20.000,20.004,0,0,0,0.000000,SUCCESS,sigmoid,
2026-06-05T02:00:28,86.0,41.3,sensor2_serial,2,2,6,2,120,25,20.000,20.004,0,0,0,0.000000,SUCCESS,sigmoid,
2026-06-05T02:00:48,86.0,41.3,sensor2_serial,2,2,6,2,120,24,20.000,20.005,0,0,0,0.000000,SUCCESS,sigmoid,
2026-06-05T02:01:08,86.0,41.3,sensor2_serial,2,2,6,2,120,23,20.000,20.005,0,0,0,0.000000,SUCCESS,sigmoid,
2026-06-05T02:01:28,86.0,41.3,sensor2_serial,2,2,6,2,120,22,20.000,20.004,0,0,0,0.000000,SUCCESS,sigmoid,
2026-06-05T02:01:48,86.0,41.3,sensor2_serial,2,2,6,2,120,21,20.000,20.005,0,0,0,0.000000,SUCCESS,sigmoid,
2026-06-05T02:02:08,86.0,41.3,sensor2_serial,2,2,6,2,120,20,20.000,20.004,0,0,0,0.000000,SUCCESS,sigmoid,
2026-06-05T02:02:28,86.0,41.3,sensor2_serial,2,2,6,2,120,19,20.000,20.006,0,0,0,0.000000,SUCCESS,sigmoid,
2026-06-05T02:02:48,86.0,41.3,sensor2_serial,2,2,6,2,120,18,20.000,20.004,0,0,0,0.000000,SUCCESS,sigmoid,
2026-06-05T02:03:08,86.0,41.3,sensor2_serial,2,2,6,2,120,17,20.000,20.004,0,0,0,0.000000,SUCCESS,sigmoid,
2026-06-05T02:03:28,86.0,41.3,sensor2_serial,2,2,6,2,120,16,20.000,20.005,0,0,0,0.000000,SUCCESS,sigmoid,
2026-06-05T02:03:48,86.0,41.3,sensor2_serial,2,2,6,2,120,15,20.000,20.005,0,0,0,0.000000,SUCCESS,sigmoid,
2026-06-05T02:04:08,86.0,41.3,sensor2_serial,2,2,6,2,120,14,20.000,20.004,0,0,0,0.000000,SUCCESS,sigmoid,
2026-06-05T02:04:28,86.0,41.3,sensor2_serial,2,2,6,2,120,13,20.000,20.005,0,0,0,0.000000,SUCCESS,sigmoid,
2026-06-05T02:04:48,86.0,41.3,sensor2_serial,2,2,6,2,120,12,20.000,20.005,0,0,0,0.000000,SUCCESS,sigmoid,
2026-06-05T02:05:08,86.0,41.3,sensor2_serial,2,2,6,2,120,11,20.000,20.005,0,0,0,0.000000,SUCCESS,sigmoid,
2026-06-05T02:05:28,86.0,41.3,sensor2_serial,2,2,6,2,120,10,20.000,20.004,0,0,0,0.000000,SUCCESS,sigmoid,
2026-06-05T02:05:48,86.0,41.3,sensor2_serial,2,2,6,2,120,9,20.000,20.004,0,0,0,0.000000,SUCCESS,sigmoid,
2026-06-05T02:06:09,86.0,41.3,sensor2_serial,2,2,6,2,120,8,20.000,20.004,0,0,0,0.000000,SUCCESS,sigmoid,
2026-06-05T02:06:29,86.0,41.3,sensor2_serial,2,2,6,2,120,7,20.000,20.006,0,0,0,0.000000,SUCCESS,sigmoid,
2026-06-05T02:06:49,86.0,41.3,sensor2_serial,2,2,6,2,120,6,20.000,20.005,0,0,0,0.000000,SUCCESS,sigmoid,
2026-06-05T02:07:09,86.0,41.3,sensor2_serial,2,2,6,2,120,5,20.000,20.005,0,0,0,0.000000,SUCCESS,sigmoid,
2026-06-05T02:07:29,86.0,41.3,sensor2_serial,2,2,6,2,120,4,20.000,20.004,0,0,0,0.000000,SUCCESS,sigmoid,
2026-06-05T02:07:49,86.0,41.3,sensor2_serial,2,2,6,2,120,3,20.000,20.004,0,0,0,0.000000,SUCCESS,sigmoid,
2026-06-05T02:08:09,86.0,41.3,sensor2_serial,2,2,6,2,120,2,20.000,20.005,0,0,0,0.000000,SUCCESS,sigmoid,
2026-06-05T02:08:29,86.0,41.3,sensor2_serial,2,2,6,2,120,1,20.000,20.004,0,0,0,0.000000,SUCCESS,sigmoid,
2026-06-05T02:08:49,86.0,41.3,sensor2_serial,2,2,6,2,120,0,20.000,20.005,0,0,0,0.000000,SUCCESS,sigmoid,
2026-06-05T02:09:23,87.0,40.3,sensor2_serial,2,0,4,0,120,255,20.000,20.006,0,3598182,3598182,179859.192048,SUCCESS,sigmoid,
2026-06-05T02:09:43,87.0,40.3,sensor2_serial,2,0,4,0,120,254,20.000,20.005,0,3223540,3223540,161133.763269,SUCCESS,sigmoid,
2026-06-05T02:10:03,87.0,40.3,sensor2_serial,2,0,4,0,120,253,20.000,20.006,0,2516669,2516669,125796.603025,SUCCESS,sigmoid,
2026-06-05T02:10:23,87.0,40.3,sensor2_serial,2,0,4,0,120,252,20.000,20.005,0,1861929,1861929,93071.337649,SUCCESS,sigmoid,
2026-06-05T02:10:43,87.0,40.3,sensor2_serial,2,0,4,0,120,251,20.000,20.005,0,1069538,1069538,53462.966730,SUCCESS,sigmoid,
2026-06-05T02:11:03,87.0,40.3,sensor2_serial,2,0,4,0,120,250,20.000,20.005,0,598046,598046,29894.463785,SUCCESS,sigmoid,
2026-06-05T02:11:23,87.0,40.3,sensor2_serial,2,0,4,0,120,249,20.000,20.005,0,283523,283523,14172.384149,SUCCESS,sigmoid,
2026-06-05T02:11:43,87.0,40.3,sensor2_serial,2,0,4,0,120,248,20.000,20.006,0,139063,139063,6951.237388,SUCCESS,sigmoid,
2026-06-05T02:12:04,87.0,40.3,sensor2_serial,2,0,4,0,120,247,20.000,20.004,0,56366,56366,2817.678429,SUCCESS,sigmoid,
2026-06-05T02:12:24,87.0,40.3,sensor2_serial,2,0,4,0,120,246,20.000,20.006,0,56390,56390,2818.715467,SUCCESS,sigmoid,
2026-06-05T02:12:44,87.0,40.3,sensor2_serial,2,0,4,0,120,245,20.000,20.005,0,31126,31126,1555.894770,SUCCESS,sigmoid,
2026-06-05T02:13:04,87.0,40.3,sensor2_serial,2,0,4,0,120,244,20.000,20.005,0,15749,15749,787.237448,SUCCESS,sigmoid,
2026-06-05T02:13:24,87.0,40.3,sensor2_serial,2,0,4,0,120,243,20.000,20.005,0,5375,5375,268.679225,SUCCESS,sigmoid,
2026-06-05T02:13:44,87.0,40.3,sensor2_serial,2,0,4,0,120,242,20.000,20.006,0,1881,1881,94.023528,SUCCESS,sigmoid,
2026-06-05T02:14:04,87.0,40.3,sensor2_serial,2,0,4,0,120,241,20.000,20.004,0,752,752,37.591984,SUCCESS,sigmoid,
2026-06-05T02:14:24,87.0,40.3,sensor2_serial,2,0,4,0,120,240,20.000,20.004,0,345,345,17.246339,SUCCESS,sigmoid,
2026-06-05T02:14:44,87.0,40.3,sensor2_serial,2,0,4,0,120,239,20.000,20.005,0,226,226,11.297375,SUCCESS,sigmoid,
2026-06-05T02:15:04,87.0,40.3,sensor2_serial,2,0,4,0,120,238,20.000,20.006,0,186,186,9.297441,SUCCESS,sigmoid,
2026-06-05T02:15:24,87.0,40.3,sensor2_serial,2,0,4,0,120,237,20.000,20.005,0,139,139,6.948215,SUCCESS,sigmoid,
2026-06-05T02:15:44,87.0,40.3,sensor2_serial,2,0,4,0,120,236,20.000,20.005,0,119,119,5.948380,SUCCESS,sigmoid,
2026-06-05T02:16:04,87.0,40.3,sensor2_serial,2,0,4,0,120,235,20.000,20.006,0,88,88,4.398781,SUCCESS,sigmoid,
2026-06-05T02:16:24,87.0,40.3,sensor2_serial,2,0,4,0,120,234,20.000,20.005,0,104,104,5.198813,SUCCESS,sigmoid,
2026-06-05T02:16:44,87.0,40.3,sensor2_serial,2,0,4,0,120,233,20.000,20.006,0,94,94,4.698688,SUCCESS,sigmoid,
2026-06-05T02:17:04,87.0,40.3,sensor2_serial,2,0,4,0,120,232,20.000,20.005,0,95,95,4.748777,SUCCESS,sigmoid,
2026-06-05T02:17:25,87.0,40.3,sensor2_serial,2,0,4,0,120,231,20.000,20.004,0,76,76,3.799170,SUCCESS,sigmoid,
2026-06-05T02:17:45,87.0,40.3,sensor2_serial,2,0,4,0,120,230,20.000,20.004,0,80,80,3.999133,SUCCESS,sigmoid,
2026-06-05T02:18:05,87.0,40.3,sensor2_serial,2,0,4,0,120,229,20.000,20.005,0,84,84,4.199024,SUCCESS,sigmoid,
2026-06-05T02:18:25,87.0,40.3,sensor2_serial,2,0,4,0,120,228,20.000,20.005,0,77,77,3.849129,SUCCESS,sigmoid,
2026-06-05T02:18:45,87.0,40.3,sensor2_serial,2,0,4,0,120,227,20.000,20.004,0,95,95,4.748934,SUCCESS,sigmoid,
2026-06-05T02:19:05,87.0,40.3,sensor2_serial,2,0,4,0,120,226,20.000,20.005,0,64,64,3.199187,SUCCESS,sigmoid,
2026-06-05T02:19:25,87.0,40.3,sensor2_serial,2,0,4,0,120,225,20.000,20.005,0,58,58,2.899266,SUCCESS,sigmoid,
2026-06-05T02:19:45,87.0,40.3,sensor2_serial,2,0,4,0,120,224,20.000,20.004,0,66,66,3.299317,SUCCESS,sigmoid,
2026-06-05T02:20:05,87.0,40.3,sensor2_serial,2,0,4,0,120,223,20.000,20.005,0,52,52,2.599327,SUCCESS,sigmoid,
2026-06-05T02:20:25,87.0,40.3,sensor2_serial,2,0,4,0,120,222,20.000,20.004,0,63,63,3.149359,SUCCESS,sigmoid,
2026-06-05T02:20:45,87.0,40.3,sensor2_serial,2,0,4,0,120,221,20.000,20.005,0,59,59,2.949206,SUCCESS,sigmoid,
2026-06-05T02:21:05,87.0,40.3,sensor2_serial,2,0,4,0,120,220,20.000,20.005,0,46,46,2.299416,SUCCESS,sigmoid,
2026-06-05T02:21:25,87.0,40.3,sensor2_serial,2,0,4,0,120,219,20.000,20.004,0,44,44,2.199514,SUCCESS,sigmoid,
2026-06-05T02:21:45,87.0,40.3,sensor2_serial,2,0,4,0,120,218,20.000,20.005,0,51,51,2.549341,SUCCESS,sigmoid,
2026-06-05T02:22:05,87.0,40.3,sensor2_serial,2,0,4,0,120,217,20.000,20.004,0,38,38,1.899580,SUCCESS,sigmoid,
2026-06-05T02:22:25,87.0,40.3,sensor2_serial,2,0,4,0,120,216,20.000,20.005,0,51,51,2.549310,SUCCESS,sigmoid,
2026-06-05T02:22:45,87.0,40.3,sensor2_serial,2,0,4,0,120,215,20.000,20.005,0,37,37,1.849522,SUCCESS,sigmoid,
2026-06-05T02:23:06,87.0,40.3,sensor2_serial,2,0,4,0,120,214,20.000,20.004,0,25,25,1.249740,SUCCESS,sigmoid,
2026-06-05T02:23:26,87.0,40.3,sensor2_serial,2,0,4,0,120,213,20.000,20.004,0,25,25,1.249736,SUCCESS,sigmoid,
2026-06-05T02:23:46,87.0,40.3,sensor2_serial,2,0,4,0,120,212,20.000,20.004,0,27,27,1.349707,SUCCESS,sigmoid,
2026-06-05T02:24:06,87.0,40.3,sensor2_serial,2,0,4,0,120,211,20.000,20.004,0,23,23,1.149763,SUCCESS,sigmoid,
2026-06-05T02:24:26,87.0,40.3,sensor2_serial,2,0,4,0,120,210,20.000,20.005,0,23,23,1.149696,SUCCESS,sigmoid,
2026-06-05T02:24:46,87.0,40.3,sensor2_serial,2,0,4,0,120,209,20.000,20.005,0,28,28,1.399680,SUCCESS,sigmoid,
2026-06-05T02:25:06,87.0,40.3,sensor2_serial,2,0,4,0,120,208,20.000,20.004,0,17,17,0.849809,SUCCESS,sigmoid,
2026-06-05T02:25:26,87.0,40.3,sensor2_serial,2,0,4,0,120,207,20.000,20.005,0,13,13,0.649822,SUCCESS,sigmoid,
2026-06-05T02:25:46,87.0,40.3,sensor2_serial,2,0,4,0,120,206,20.000,20.004,0,9,9,0.449900,SUCCESS,sigmoid,
2026-06-05T02:26:06,87.0,40.3,sensor2_serial,2,0,4,0,120,205,20.000,20.004,0,11,11,0.549881,SUCCESS,sigmoid,
2026-06-05T02:26:26,87.0,40.3,sensor2_serial,2,0,4,0,120,204,20.000,20.004,0,5,5,0.249946,SUCCESS,sigmoid,
2026-06-05T02:26:46,87.0,40.3,sensor2_serial,2,0,4,0,120,203,20.000,20.005,0,12,12,0.599842,SUCCESS,sigmoid,
2026-06-05T02:27:06,87.0,40.3,sensor2_serial,2,0,4,0,120,202,20.000,20.004,0,15,15,0.749836,SUCCESS,sigmoid,
2026-06-05T02:27:26,87.0,40.3,sensor2_serial,2,0,4,0,120,201,20.000,20.004,0,10,10,0.499893,SUCCESS,sigmoid,
2026-06-05T02:27:46,87.0,40.3,sensor2_serial,2,0,4,0,120,200,20.000,20.004,0,6,6,0.299939,SUCCESS,sigmoid,
2026-06-05T02:28:06,87.0,40.3,sensor2_serial,2,0,4,0,120,199,20.000,20.005,0,4,4,0.199948,SUCCESS,sigmoid,
2026-06-05T02:28:26,87.0,40.3,sensor2_serial,2,0,4,0,120,198,20.000,20.005,0,1,1,0.049987,SUCCESS,sigmoid,
2026-06-05T02:28:47,87.0,40.3,sensor2_serial,2,0,4,0,120,197,20.000,20.004,0,4,4,0.199957,SUCCESS,sigmoid,
2026-06-05T02:29:07,87.0,40.3,sensor2_serial,2,0,4,0,120,196,20.000,20.005,0,1,1,0.049989,SUCCESS,sigmoid,
2026-06-05T02:29:27,87.0,40.3,sensor2_serial,2,0,4,0,120,195,20.000,20.004,0,1,1,0.049989,SUCCESS,sigmoid,
2026-06-05T02:29:47,87.0,40.3,sensor2_serial,2,0,4,0,120,194,20.000,20.005,0,0,0,0.000000,SUCCESS,sigmoid,
2026-06-05T02:30:07,87.0,40.3,sensor2_serial,2,0,4,0,120,193,20.000,20.005,0,2,2,0.099977,SUCCESS,sigmoid,
2026-06-05T02:30:27,87.0,40.3,sensor2_serial,2,0,4,0,120,192,20.000,20.005,0,1,1,0.049989,SUCCESS,sigmoid,
2026-06-05T02:30:47,87.0,40.3,sensor2_serial,2,0,4,0,120,191,20.000,20.004,0,1,1,0.049989,SUCCESS,sigmoid,
2026-06-05T02:31:07,87.0,40.3,sensor2_serial,2,0,4,0,120,190,20.000,20.005,0,2,2,0.099975,SUCCESS,sigmoid,
2026-06-05T02:31:27,87.0,40.3,sensor2_serial,2,0,4,0,120,189,20.000,20.004,0,1,1,0.049990,SUCCESS,sigmoid,
2026-06-05T02:31:47,87.0,40.3,sensor2_serial,2,0,4,0,120,188,20.000,20.005,0,1,1,0.049987,SUCCESS,sigmoid,
2026-06-05T02:32:07,87.0,40.3,sensor2_serial,2,0,4,0,120,187,20.000,20.005,0,2,2,0.099977,SUCCESS,sigmoid,
2026-06-05T02:32:27,87.0,40.3,sensor2_serial,2,0,4,0,120,186,20.000,20.004,0,0,0,0.000000,SUCCESS,sigmoid,
2026-06-05T02:32:47,87.0,40.3,sensor2_serial,2,0,4,0,120,185,20.000,20.004,0,1,1,0.049990,SUCCESS,sigmoid,
2026-06-05T02:33:07,87.0,40.3,sensor2_serial,2,0,4,0,120,184,20.000,20.006,0,1,1,0.049986,SUCCESS,sigmoid,
2026-06-05T02:33:27,87.0,40.3,sensor2_serial,2,0,4,0,120,183,20.000,20.004,0,0,0,0.000000,SUCCESS,sigmoid,
2026-06-05T02:33:47,87.0,40.3,sensor2_serial,2,0,4,0,120,182,20.000,20.004,0,0,0,0.000000,SUCCESS,sigmoid,
2026-06-05T02:34:07,87.0,40.3,sensor2_serial,2,0,4,0,120,181,20.000,20.004,0,0,0,0.000000,SUCCESS,sigmoid,
2026-06-05T02:34:28,87.0,40.3,sensor2_serial,2,0,4,0,120,180,20.000,20.005,0,0,0,0.000000,SUCCESS,sigmoid,
2026-06-05T02:34:48,87.0,40.3,sensor2_serial,2,0,4,0,120,179,20.000,20.004,0,0,0,0.000000,SUCCESS,sigmoid,
2026-06-05T02:35:08,87.0,40.3,sensor2_serial,2,0,4,0,120,178,20.000,20.005,0,0,0,0.000000,SUCCESS,sigmoid,
2026-06-05T02:35:28,87.0,40.3,sensor2_serial,2,0,4,0,120,177,20.000,20.005,0,0,0,0.000000,SUCCESS,sigmoid,
2026-06-05T02:35:48,87.0,40.3,sensor2_serial,2,0,4,0,120,176,20.000,20.004,0,0,0,0.000000,SUCCESS,sigmoid,
2026-06-05T02:36:08,87.0,40.3,sensor2_serial,2,0,4,0,120,175,20.000,20.005,0,0,0,0.000000,SUCCESS,sigmoid,
2026-06-05T02:36:28,87.0,40.3,sensor2_serial,2,0,4,0,120,174,20.000,20.005,0,0,0,0.000000,SUCCESS,sigmoid,
2026-06-05T02:36:48,87.0,40.3,sensor2_serial,2,0,4,0,120,173,20.000,20.004,0,0,0,0.000000,SUCCESS,sigmoid,
2026-06-05T02:37:08,87.0,40.3,sensor2_serial,2,0,4,0,120,172,20.000,20.005,0,0,0,0.000000,SUCCESS,sigmoid,
2026-06-05T02:37:28,87.0,40.3,sensor2_serial,2,0,4,0,120,171,20.000,20.005,0,0,0,0.000000,SUCCESS,sigmoid,
2026-06-05T02:37:48,87.0,40.3,sensor2_serial,2,0,4,0,120,170,20.000,20.004,0,0,0,0.000000,SUCCESS,sigmoid,
2026-06-05T02:38:08,87.0,40.3,sensor2_serial,2,0,4,0,120,169,20.000,20.005,0,0,0,0.000000,SUCCESS,sigmoid,
2026-06-05T02:38:28,87.0,40.3,sensor2_serial,2,0,4,0,120,168,20.000,20.004,0,0,0,0.000000,SUCCESS,sigmoid,
2026-06-05T02:38:48,87.0,40.3,sensor2_serial,2,0,4,0,120,167,20.000,20.006,0,0,0,0.000000,SUCCESS,sigmoid,
2026-06-05T02:39:08,87.0,40.3,sensor2_serial,2,0,4,0,120,166,20.000,20.004,0,0,0,0.000000,SUCCESS,sigmoid,
2026-06-05T02:39:28,87.0,40.3,sensor2_serial,2,0,4,0,120,165,20.000,20.005,0,0,0,0.000000,SUCCESS,sigmoid,
2026-06-05T02:39:48,87.0,40.3,sensor2_serial,2,0,4,0,120,164,20.000,20.004,0,0,0,0.000000,SUCCESS,sigmoid,
2026-06-05T02:40:09,87.0,40.3,sensor2_serial,2,0,4,0,120,163,20.000,20.004,0,0,0,0.000000,SUCCESS,sigmoid,
2026-06-05T02:40:29,87.0,40.3,sensor2_serial,2,0,4,0,120,162,20.000,20.005,0,0,0,0.000000,SUCCESS,sigmoid,
2026-06-05T02:40:49,87.0,40.3,sensor2_serial,2,0,4,0,120,161,20.000,20.004,0,0,0,0.000000,SUCCESS,sigmoid,
2026-06-05T02:41:09,87.0,40.3,sensor2_serial,2,0,4,0,120,160,20.000,20.005,0,0,0,0.000000,SUCCESS,sigmoid,
2026-06-05T02:41:29,87.0,40.3,sensor2_serial,2,0,4,0,120,159,20.000,20.004,0,0,0,0.000000,SUCCESS,sigmoid,
2026-06-05T02:41:49,87.0,40.3,sensor2_serial,2,0,4,0,120,158,20.000,20.004,0,0,0,0.000000,SUCCESS,sigmoid,
2026-06-05T02:42:09,87.0,40.3,sensor2_serial,2,0,4,0,120,157,20.000,20.004,0,0,0,0.000000,SUCCESS,sigmoid,
2026-06-05T02:42:29,87.0,40.3,sensor2_serial,2,0,4,0,120,156,20.000,20.005,0,0,0,0.000000,SUCCESS,sigmoid,
2026-06-05T02:42:49,87.0,40.3,sensor2_serial,2,0,4,0,120,155,20.000,20.004,0,0,0,0.000000,SUCCESS,sigmoid,
2026-06-05T02:43:09,87.0,40.3,sensor2_serial,2,0,4,0,120,154,20.000,20.004,0,0,0,0.000000,SUCCESS,sigmoid,
2026-06-05T02:43:29,87.0,40.3,sensor2_serial,2,0,4,0,120,153,20.000,20.005,0,0,0,0.000000,SUCCESS,sigmoid,
2026-06-05T02:43:49,87.0,40.3,sensor2_serial,2,0,4,0,120,152,20.000,20.004,0,0,0,0.000000,SUCCESS,sigmoid,
2026-06-05T02:44:09,87.0,40.3,sensor2_serial,2,0,4,0,120,151,20.000,20.004,0,0,0,0.000000,SUCCESS,sigmoid,
2026-06-05T02:44:29,87.0,40.3,sensor2_serial,2,0,4,0,120,150,20.000,20.005,0,0,0,0.000000,SUCCESS,sigmoid,
2026-06-05T02:44:49,87.0,40.3,sensor2_serial,2,0,4,0,120,149,20.000,20.005,0,0,0,0.000000,SUCCESS,sigmoid,
2026-06-05T02:45:09,87.0,40.3,sensor2_serial,2,0,4,0,120,148,20.000,20.004,0,0,0,0.000000,SUCCESS,sigmoid,
2026-06-05T02:45:29,87.0,40.3,sensor2_serial,2,0,4,0,120,147,20.000,20.005,0,0,0,0.000000,SUCCESS,sigmoid,
2026-06-05T02:45:50,87.0,40.3,sensor2_serial,2,0,4,0,120,146,20.000,20.005,0,0,0,0.000000,SUCCESS,sigmoid,
2026-06-05T02:46:10,87.0,40.3,sensor2_serial,2,0,4,0,120,145,20.000,20.004,0,0,0,0.000000,SUCCESS,sigmoid,
2026-06-05T02:46:30,87.0,40.3,sensor2_serial,2,0,4,0,120,144,20.000,20.005,0,0,0,0.000000,SUCCESS,sigmoid,
2026-06-05T02:46:50,87.0,40.3,sensor2_serial,2,0,4,0,120,143,20.000,20.005,0,0,0,0.000000,SUCCESS,sigmoid,
2026-06-05T02:47:10,87.0,40.3,sensor2_serial,2,0,4,0,120,142,20.000,20.005,0,0,0,0.000000,SUCCESS,sigmoid,
2026-06-05T02:47:30,87.0,40.3,sensor2_serial,2,0,4,0,120,141,20.000,20.005,0,0,0,0.000000,SUCCESS,sigmoid,
2026-06-05T02:47:50,87.0,40.3,sensor2_serial,2,0,4,0,120,140,20.000,20.004,0,0,0,0.000000,SUCCESS,sigmoid,
2026-06-05T02:48:10,87.0,40.3,sensor2_serial,2,0,4,0,120,139,20.000,20.005,0,0,0,0.000000,SUCCESS,sigmoid,
2026-06-05T02:48:30,87.0,40.3,sensor2_serial,2,0,4,0,120,138,20.000,20.005,0,0,0,0.000000,SUCCESS,sigmoid,
2026-06-05T02:48:50,87.0,40.3,sensor2_serial,2,0,4,0,120,137,20.000,20.005,0,0,0,0.000000,SUCCESS,sigmoid,
2026-06-05T02:49:10,87.0,40.3,sensor2_serial,2,0,4,0,120,136,20.000,20.005,0,0,0,0.000000,SUCCESS,sigmoid,
2026-06-05T02:49:30,87.0,40.3,sensor2_serial,2,0,4,0,120,135,20.000,20.004,0,0,0,0.000000,SUCCESS,sigmoid,
2026-06-05T02:49:50,87.0,40.3,sensor2_serial,2,0,4,0,120,134,20.000,20.005,0,0,0,0.000000,SUCCESS,sigmoid,
2026-06-05T02:50:10,87.0,40.3,sensor2_serial,2,0,4,0,120,133,20.000,20.004,0,0,0,0.000000,SUCCESS,sigmoid,
2026-06-05T02:50:30,87.0,40.3,sensor2_serial,2,0,4,0,120,132,20.000,20.004,0,0,0,0.000000,SUCCESS,sigmoid,
2026-06-05T02:50:50,87.0,40.3,sensor2_serial,2,0,4,0,120,131,20.000,20.004,0,0,0,0.000000,SUCCESS,sigmoid,
2026-06-05T02:51:10,87.0,40.3,sensor2_serial,2,0,4,0,120,130,20.000,20.004,0,0,0,0.000000,SUCCESS,sigmoid,
2026-06-05T02:51:31,87.0,40.3,sensor2_serial,2,0,4,0,120,129,20.000,20.004,0,0,0,0.000000,SUCCESS,sigmoid,
2026-06-05T02:51:51,87.0,40.3,sensor2_serial,2,0,4,0,120,128,20.000,20.004,0,0,0,0.000000,SUCCESS,sigmoid,
2026-06-05T02:52:11,87.0,40.3,sensor2_serial,2,0,4,0,120,127,20.000,20.004,0,0,0,0.000000,SUCCESS,sigmoid,
2026-06-05T02:52:31,87.0,40.3,sensor2_serial,2,0,4,0,120,126,20.000,20.004,0,0,0,0.000000,SUCCESS,sigmoid,
2026-06-05T02:52:51,87.0,40.3,sensor2_serial,2,0,4,0,120,125,20.000,20.005,0,0,0,0.000000,SUCCESS,sigmoid,
2026-06-05T02:53:11,87.0,40.3,sensor2_serial,2,0,4,0,120,124,20.000,20.005,0,0,0,0.000000,SUCCESS,sigmoid,
2026-06-05T02:53:31,87.0,40.3,sensor2_serial,2,0,4,0,120,123,20.000,20.004,0,0,0,0.000000,SUCCESS,sigmoid,
2026-06-05T02:53:51,87.0,40.3,sensor2_serial,2,0,4,0,120,122,20.000,20.005,0,0,0,0.000000,SUCCESS,sigmoid,
2026-06-05T02:54:11,87.0,40.3,sensor2_serial,2,0,4,0,120,121,20.000,20.004,0,0,0,0.000000,SUCCESS,sigmoid,
2026-06-05T02:54:31,87.0,40.3,sensor2_serial,2,0,4,0,120,120,20.000,20.005,0,0,0,0.000000,SUCCESS,sigmoid,
2026-06-05T02:54:51,87.0,40.3,sensor2_serial,2,0,4,0,120,119,20.000,20.004,0,0,0,0.000000,SUCCESS,sigmoid,
2026-06-05T02:55:11,87.0,40.3,sensor2_serial,2,0,4,0,120,118,20.000,20.004,0,0,0,0.000000,SUCCESS,sigmoid,
2026-06-05T02:55:31,87.0,40.3,sensor2_serial,2,0,4,0,120,117,20.000,20.005,0,0,0,0.000000,SUCCESS,sigmoid,
2026-06-05T02:55:51,87.0,40.3,sensor2_serial,2,0,4,0,120,116,20.000,20.004,0,0,0,0.000000,SUCCESS,sigmoid,
2026-06-05T02:56:11,87.0,40.3,sensor2_serial,2,0,4,0,120,115,20.000,20.005,0,0,0,0.000000,SUCCESS,sigmoid,
2026-06-05T02:56:31,87.0,40.3,sensor2_serial,2,0,4,0,120,114,20.000,20.005,0,0,0,0.000000,SUCCESS,sigmoid,
2026-06-05T02:56:51,87.0,40.3,sensor2_serial,2,0,4,0,120,113,20.000,20.005,0,0,0,0.000000,SUCCESS,sigmoid,
2026-06-05T02:57:12,87.0,40.3,sensor2_serial,2,0,4,0,120,112,20.000,20.004,0,0,0,0.000000,SUCCESS,sigmoid,
2026-06-05T02:57:32,87.0,40.3,sensor2_serial,2,0,4,0,120,111,20.000,20.004,0,0,0,0.000000,SUCCESS,sigmoid,
2026-06-05T02:57:52,87.0,40.3,sensor2_serial,2,0,4,0,120,110,20.000,20.006,0,0,0,0.000000,SUCCESS,sigmoid,
2026-06-05T02:58:12,87.0,40.3,sensor2_serial,2,0,4,0,120,109,20.000,20.004,0,0,0,0.000000,SUCCESS,sigmoid,
2026-06-05T02:58:32,87.0,40.3,sensor2_serial,2,0,4,0,120,108,20.000,20.005,0,0,0,0.000000,SUCCESS,sigmoid,
2026-06-05T02:58:52,87.0,40.3,sensor2_serial,2,0,4,0,120,107,20.000,20.005,0,0,0,0.000000,SUCCESS,sigmoid,
2026-06-05T02:59:12,87.0,40.3,sensor2_serial,2,0,4,0,120,106,20.000,20.005,0,0,0,0.000000,SUCCESS,sigmoid,
2026-06-05T02:59:32,87.0,40.3,sensor2_serial,2,0,4,0,120,105,20.000,20.005,0,0,0,0.000000,SUCCESS,sigmoid,
2026-06-05T02:59:52,87.0,40.3,sensor2_serial,2,0,4,0,120,104,20.000,20.005,0,0,0,0.000000,SUCCESS,sigmoid,
2026-06-05T03:00:12,87.0,40.3,sensor2_serial,2,0,4,0,120,103,20.000,20.005,0,0,0,0.000000,SUCCESS,sigmoid,
2026-06-05T03:00:32,87.0,40.3,sensor2_serial,2,0,4,0,120,102,20.000,20.005,0,0,0,0.000000,SUCCESS,sigmoid,
2026-06-05T03:00:52,87.0,40.3,sensor2_serial,2,0,4,0,120,101,20.000,20.005,0,0,0,0.000000,SUCCESS,sigmoid,
2026-06-05T03:01:12,87.0,40.3,sensor2_serial,2,0,4,0,120,100,20.000,20.004,0,0,0,0.000000,SUCCESS,sigmoid,
2026-06-05T03:01:32,87.0,40.3,sensor2_serial,2,0,4,0,120,99,20.000,20.004,0,0,0,0.000000,SUCCESS,sigmoid,
2026-06-05T03:01:52,87.0,40.3,sensor2_serial,2,0,4,0,120,98,20.000,20.005,0,0,0,0.000000,SUCCESS,sigmoid,
2026-06-05T03:02:12,87.0,40.3,sensor2_serial,2,0,4,0,120,97,20.000,20.004,0,0,0,0.000000,SUCCESS,sigmoid,
2026-06-05T03:02:32,87.0,40.3,sensor2_serial,2,0,4,0,120,96,20.000,20.005,0,0,0,0.000000,SUCCESS,sigmoid,
2026-06-05T03:02:53,87.0,40.3,sensor2_serial,2,0,4,0,120,95,20.000,20.004,0,0,0,0.000000,SUCCESS,sigmoid,
2026-06-05T03:03:13,87.0,40.3,sensor2_serial,2,0,4,0,120,94,20.000,20.004,0,0,0,0.000000,SUCCESS,sigmoid,
2026-06-05T03:03:33,87.0,40.3,sensor2_serial,2,0,4,0,120,93,20.000,20.005,0,0,0,0.000000,SUCCESS,sigmoid,
2026-06-05T03:03:53,87.0,40.3,sensor2_serial,2,0,4,0,120,92,20.000,20.004,0,0,0,0.000000,SUCCESS,sigmoid,
2026-06-05T03:04:13,87.0,40.3,sensor2_serial,2,0,4,0,120,91,20.000,20.006,0,0,0,0.000000,SUCCESS,sigmoid,
2026-06-05T03:04:33,87.0,40.3,sensor2_serial,2,0,4,0,120,90,20.000,20.004,0,0,0,0.000000,SUCCESS,sigmoid,
2026-06-05T03:04:53,87.0,40.3,sensor2_serial,2,0,4,0,120,89,20.000,20.005,0,0,0,0.000000,SUCCESS,sigmoid,
2026-06-05T03:05:13,87.0,40.3,sensor2_serial,2,0,4,0,120,88,20.000,20.004,0,0,0,0.000000,SUCCESS,sigmoid,
2026-06-05T03:05:33,87.0,40.3,sensor2_serial,2,0,4,0,120,87,20.000,20.004,0,0,0,0.000000,SUCCESS,sigmoid,
2026-06-05T03:05:53,87.0,40.3,sensor2_serial,2,0,4,0,120,86,20.000,20.004,0,0,0,0.000000,SUCCESS,sigmoid,
2026-06-05T03:06:13,87.0,40.3,sensor2_serial,2,0,4,0,120,85,20.000,20.005,0,0,0,0.000000,SUCCESS,sigmoid,
2026-06-05T03:06:33,87.0,40.3,sensor2_serial,2,0,4,0,120,84,20.000,20.005,0,0,0,0.000000,SUCCESS,sigmoid,
2026-06-05T03:06:53,87.0,40.3,sensor2_serial,2,0,4,0,120,83,20.000,20.004,0,0,0,0.000000,SUCCESS,sigmoid,
2026-06-05T03:07:13,87.0,40.3,sensor2_serial,2,0,4,0,120,82,20.000,20.004,0,0,0,0.000000,SUCCESS,sigmoid,
2026-06-05T03:07:33,87.0,40.3,sensor2_serial,2,0,4,0,120,81,20.000,20.005,0,0,0,0.000000,SUCCESS,sigmoid,
2026-06-05T03:07:53,87.0,40.3,sensor2_serial,2,0,4,0,120,80,20.000,20.004,0,0,0,0.000000,SUCCESS,sigmoid,
2026-06-05T03:08:14,87.0,40.3,sensor2_serial,2,0,4,0,120,79,20.000,20.005,0,0,0,0.000000,SUCCESS,sigmoid,
2026-06-05T03:08:34,87.0,40.3,sensor2_serial,2,0,4,0,120,78,20.000,20.005,0,0,0,0.000000,SUCCESS,sigmoid,
2026-06-05T03:08:54,87.0,40.3,sensor2_serial,2,0,4,0,120,77,20.000,20.005,0,0,0,0.000000,SUCCESS,sigmoid,
2026-06-05T03:09:14,87.0,40.3,sensor2_serial,2,0,4,0,120,76,20.000,20.005,0,0,0,0.000000,SUCCESS,sigmoid,
2026-06-05T03:09:34,87.0,40.3,sensor2_serial,2,0,4,0,120,75,20.000,20.004,0,0,0,0.000000,SUCCESS,sigmoid,
2026-06-05T03:09:54,87.0,40.3,sensor2_serial,2,0,4,0,120,74,20.000,20.004,0,0,0,0.000000,SUCCESS,sigmoid,
2026-06-05T03:10:14,87.0,40.3,sensor2_serial,2,0,4,0,120,73,20.000,20.004,0,0,0,0.000000,SUCCESS,sigmoid,
2026-06-05T03:10:34,87.0,40.3,sensor2_serial,2,0,4,0,120,72,20.000,20.004,0,0,0,0.000000,SUCCESS,sigmoid,
2026-06-05T03:10:54,87.0,40.3,sensor2_serial,2,0,4,0,120,71,20.000,20.005,0,0,0,0.000000,SUCCESS,sigmoid,
2026-06-05T03:11:14,87.0,40.3,sensor2_serial,2,0,4,0,120,70,20.000,20.004,0,0,0,0.000000,SUCCESS,sigmoid,
2026-06-05T03:11:34,87.0,40.3,sensor2_serial,2,0,4,0,120,69,20.000,20.005,0,0,0,0.000000,SUCCESS,sigmoid,
2026-06-05T03:11:54,87.0,40.3,sensor2_serial,2,0,4,0,120,68,20.000,20.004,0,0,0,0.000000,SUCCESS,sigmoid,
2026-06-05T03:12:14,87.0,40.3,sensor2_serial,2,0,4,0,120,67,20.000,20.004,0,0,0,0.000000,SUCCESS,sigmoid,
2026-06-05T03:12:34,87.0,40.3,sensor2_serial,2,0,4,0,120,66,20.000,20.005,0,0,0,0.000000,SUCCESS,sigmoid,
2026-06-05T03:12:54,87.0,40.3,sensor2_serial,2,0,4,0,120,65,20.000,20.006,0,0,0,0.000000,SUCCESS,sigmoid,
2026-06-05T03:13:14,87.0,40.3,sensor2_serial,2,0,4,0,120,64,20.000,20.005,0,0,0,0.000000,SUCCESS,sigmoid,
2026-06-05T03:13:34,87.0,40.3,sensor2_serial,2,0,4,0,120,63,20.000,20.005,0,0,0,0.000000,SUCCESS,sigmoid,
2026-06-05T03:13:55,87.0,40.3,sensor2_serial,2,0,4,0,120,62,20.000,20.005,0,0,0,0.000000,SUCCESS,sigmoid,
2026-06-05T03:14:15,87.0,40.3,sensor2_serial,2,0,4,0,120,61,20.000,20.005,0,0,0,0.000000,SUCCESS,sigmoid,
2026-06-05T03:14:35,87.0,40.3,sensor2_serial,2,0,4,0,120,60,20.000,20.004,0,0,0,0.000000,SUCCESS,sigmoid,
2026-06-05T03:14:55,87.0,40.3,sensor2_serial,2,0,4,0,120,59,20.000,20.005,0,0,0,0.000000,SUCCESS,sigmoid,
2026-06-05T03:15:15,87.0,40.3,sensor2_serial,2,0,4,0,120,58,20.000,20.004,0,0,0,0.000000,SUCCESS,sigmoid,
2026-06-05T03:15:35,87.0,40.3,sensor2_serial,2,0,4,0,120,57,20.000,20.004,0,0,0,0.000000,SUCCESS,sigmoid,
2026-06-05T03:15:55,87.0,40.3,sensor2_serial,2,0,4,0,120,56,20.000,20.004,0,0,0,0.000000,SUCCESS,sigmoid,
2026-06-05T03:16:15,87.0,40.3,sensor2_serial,2,0,4,0,120,55,20.000,20.005,0,0,0,0.000000,SUCCESS,sigmoid,
2026-06-05T03:16:35,87.0,40.3,sensor2_serial,2,0,4,0,120,54,20.000,20.004,0,0,0,0.000000,SUCCESS,sigmoid,
2026-06-05T03:16:55,87.0,40.3,sensor2_serial,2,0,4,0,120,53,20.000,20.004,0,0,0,0.000000,SUCCESS,sigmoid,
2026-06-05T03:17:15,87.0,40.3,sensor2_serial,2,0,4,0,120,52,20.000,20.004,0,0,0,0.000000,SUCCESS,sigmoid,
2026-06-05T03:17:35,87.0,40.3,sensor2_serial,2,0,4,0,120,51,20.000,20.005,0,0,0,0.000000,SUCCESS,sigmoid,
2026-06-05T03:17:55,87.0,40.3,sensor2_serial,2,0,4,0,120,50,20.000,20.004,0,0,0,0.000000,SUCCESS,sigmoid,
2026-06-05T03:18:15,87.0,40.3,sensor2_serial,2,0,4,0,120,49,20.000,20.005,0,0,0,0.000000,SUCCESS,sigmoid,
2026-06-05T03:18:35,87.0,40.3,sensor2_serial,2,0,4,0,120,48,20.000,20.004,0,0,0,0.000000,SUCCESS,sigmoid,
2026-06-05T03:18:55,87.0,40.3,sensor2_serial,2,0,4,0,120,47,20.000,20.004,0,0,0,0.000000,SUCCESS,sigmoid,
2026-06-05T03:19:15,87.0,40.3,sensor2_serial,2,0,4,0,120,46,20.000,20.004,0,0,0,0.000000,SUCCESS,sigmoid,
2026-06-05T03:19:36,87.0,40.3,sensor2_serial,2,0,4,0,120,45,20.000,20.004,0,0,0,0.000000,SUCCESS,sigmoid,
2026-06-05T03:19:56,87.0,40.3,sensor2_serial,2,0,4,0,120,44,20.000,20.005,0,0,0,0.000000,SUCCESS,sigmoid,
2026-06-05T03:20:16,87.0,40.3,sensor2_serial,2,0,4,0,120,43,20.000,20.004,0,0,0,0.000000,SUCCESS,sigmoid,
2026-06-05T03:20:36,87.0,40.3,sensor2_serial,2,0,4,0,120,42,20.000,20.004,0,0,0,0.000000,SUCCESS,sigmoid,
2026-06-05T03:20:56,87.0,40.3,sensor2_serial,2,0,4,0,120,41,20.000,20.004,0,0,0,0.000000,SUCCESS,sigmoid,
2026-06-05T03:21:16,87.0,40.3,sensor2_serial,2,0,4,0,120,40,20.000,20.004,0,0,0,0.000000,SUCCESS,sigmoid,
2026-06-05T03:21:36,87.0,40.3,sensor2_serial,2,0,4,0,120,39,20.000,20.004,0,0,0,0.000000,SUCCESS,sigmoid,
2026-06-05T03:21:56,87.0,40.3,sensor2_serial,2,0,4,0,120,38,20.000,20.006,0,0,0,0.000000,SUCCESS,sigmoid,
2026-06-05T03:22:16,87.0,40.3,sensor2_serial,2,0,4,0,120,37,20.000,20.005,0,0,0,0.000000,SUCCESS,sigmoid,
2026-06-05T03:22:36,87.0,40.3,sensor2_serial,2,0,4,0,120,36,20.000,20.005,0,0,0,0.000000,SUCCESS,sigmoid,
2026-06-05T03:22:56,87.0,40.3,sensor2_serial,2,0,4,0,120,35,20.000,20.005,0,0,0,0.000000,SUCCESS,sigmoid,
2026-06-05T03:23:16,87.0,40.3,sensor2_serial,2,0,4,0,120,34,20.000,20.004,0,0,0,0.000000,SUCCESS,sigmoid,
2026-06-05T03:23:36,87.0,40.3,sensor2_serial,2,0,4,0,120,33,20.000,20.004,0,0,0,0.000000,SUCCESS,sigmoid,
2026-06-05T03:23:56,87.0,40.3,sensor2_serial,2,0,4,0,120,32,20.000,20.004,0,0,0,0.000000,SUCCESS,sigmoid,
2026-06-05T03:24:16,87.0,40.3,sensor2_serial,2,0,4,0,120,31,20.000,20.004,0,0,0,0.000000,SUCCESS,sigmoid,
2026-06-05T03:24:36,87.0,40.3,sensor2_serial,2,0,4,0,120,30,20.000,20.005,0,0,0,0.000000,SUCCESS,sigmoid,
2026-06-05T03:24:56,87.0,40.3,sensor2_serial,2,0,4,0,120,29,20.000,20.004,0,0,0,0.000000,SUCCESS,sigmoid,
2026-06-05T03:25:17,87.0,40.3,sensor2_serial,2,0,4,0,120,28,20.000,20.004,0,0,0,0.000000,SUCCESS,sigmoid,
2026-06-05T03:25:37,87.0,40.3,sensor2_serial,2,0,4,0,120,27,20.000,20.006,0,0,0,0.000000,SUCCESS,sigmoid,
2026-06-05T03:25:57,87.0,40.3,sensor2_serial,2,0,4,0,120,26,20.000,20.005,0,0,0,0.000000,SUCCESS,sigmoid,
2026-06-05T03:26:17,87.0,40.3,sensor2_serial,2,0,4,0,120,25,20.000,20.005,0,0,0,0.000000,SUCCESS,sigmoid,
2026-06-05T03:26:37,87.0,40.3,sensor2_serial,2,0,4,0,120,24,20.000,20.004,0,0,0,0.000000,SUCCESS,sigmoid,
2026-06-05T03:26:57,87.0,40.3,sensor2_serial,2,0,4,0,120,23,20.000,20.004,0,0,0,0.000000,SUCCESS,sigmoid,
2026-06-05T03:27:17,87.0,40.3,sensor2_serial,2,0,4,0,120,22,20.000,20.005,0,0,0,0.000000,SUCCESS,sigmoid,
2026-06-05T03:27:37,87.0,40.3,sensor2_serial,2,0,4,0,120,21,20.000,20.005,0,0,0,0.000000,SUCCESS,sigmoid,
2026-06-05T03:27:57,87.0,40.3,sensor2_serial,2,0,4,0,120,20,20.000,20.005,0,0,0,0.000000,SUCCESS,sigmoid,
2026-06-05T03:28:17,87.0,40.3,sensor2_serial,2,0,4,0,120,19,20.000,20.005,0,0,0,0.000000,SUCCESS,sigmoid,
2026-06-05T03:28:37,87.0,40.3,sensor2_serial,2,0,4,0,120,18,20.000,20.004,0,0,0,0.000000,SUCCESS,sigmoid,
2026-06-05T03:28:57,87.0,40.3,sensor2_serial,2,0,4,0,120,17,20.000,20.004,0,0,0,0.000000,SUCCESS,sigmoid,
2026-06-05T03:29:17,87.0,40.3,sensor2_serial,2,0,4,0,120,16,20.000,20.005,0,0,0,0.000000,SUCCESS,sigmoid,
2026-06-05T03:29:37,87.0,40.3,sensor2_serial,2,0,4,0,120,15,20.000,20.004,0,0,0,0.000000,SUCCESS,sigmoid,
2026-06-05T03:29:57,87.0,40.3,sensor2_serial,2,0,4,0,120,14,20.000,20.004,0,0,0,0.000000,SUCCESS,sigmoid,
2026-06-05T03:30:17,87.0,40.3,sensor2_serial,2,0,4,0,120,13,20.000,20.004,0,0,0,0.000000,SUCCESS,sigmoid,
2026-06-05T03:30:37,87.0,40.3,sensor2_serial,2,0,4,0,120,12,20.000,20.005,0,0,0,0.000000,SUCCESS,sigmoid,
2026-06-05T03:30:58,87.0,40.3,sensor2_serial,2,0,4,0,120,11,20.000,20.004,0,0,0,0.000000,SUCCESS,sigmoid,
2026-06-05T03:31:18,87.0,40.3,sensor2_serial,2,0,4,0,120,10,20.000,20.004,0,0,0,0.000000,SUCCESS,sigmoid,
2026-06-05T03:31:38,87.0,40.3,sensor2_serial,2,0,4,0,120,9,20.000,20.005,0,0,0,0.000000,SUCCESS,sigmoid,
2026-06-05T03:31:58,87.0,40.3,sensor2_serial,2,0,4,0,120,8,20.000,20.005,0,0,0,0.000000,SUCCESS,sigmoid,
2026-06-05T03:32:18,87.0,40.3,sensor2_serial,2,0,4,0,120,7,20.000,20.004,0,0,0,0.000000,SUCCESS,sigmoid,
2026-06-05T03:32:38,87.0,40.3,sensor2_serial,2,0,4,0,120,6,20.000,20.005,0,0,0,0.000000,SUCCESS,sigmoid,
2026-06-05T03:32:58,87.0,40.3,sensor2_serial,2,0,4,0,120,5,20.000,20.005,0,0,0,0.000000,SUCCESS,sigmoid,
2026-06-05T03:33:18,87.0,40.3,sensor2_serial,2,0,4,0,120,4,20.000,20.004,0,0,0,0.000000,SUCCESS,sigmoid,
2026-06-05T03:33:38,87.0,40.3,sensor2_serial,2,0,4,0,120,3,20.000,20.004,0,0,0,0.000000,SUCCESS,sigmoid,
2026-06-05T03:33:58,87.0,40.3,sensor2_serial,2,0,4,0,120,2,20.000,20.004,0,0,0,0.000000,SUCCESS,sigmoid,
2026-06-05T03:34:18,87.0,40.3,sensor2_serial,2,0,4,0,120,1,20.000,20.004,0,0,0,0.000000,SUCCESS,sigmoid,
2026-06-05T03:34:38,87.0,40.3,sensor2_serial,2,0,4,0,120,0,20.000,20.004,0,0,0,0.000000,SUCCESS,sigmoid,
2026-06-05T03:34:58,87.0,40.3,sensor2_serial,2,1,5,1,120,255,20.000,20.006,0,1755088,1755088,87730.007220,SUCCESS,sigmoid,
2026-06-05T03:35:18,87.0,40.3,sensor2_serial,2,1,5,1,120,254,20.000,20.005,0,1776615,1776615,88807.462492,SUCCESS,sigmoid,
2026-06-05T03:35:38,87.0,40.3,sensor2_serial,2,1,5,1,120,253,20.000,20.006,0,1863917,1863917,93170.137883,SUCCESS,sigmoid,
2026-06-05T03:35:58,87.0,40.3,sensor2_serial,2,1,5,1,120,252,20.000,20.005,0,2075382,2075382,103740.779880,SUCCESS,sigmoid,
2026-06-05T03:36:18,87.0,40.3,sensor2_serial,2,1,5,1,120,251,20.000,20.005,0,2392106,2392106,119574.771301,SUCCESS,sigmoid,
2026-06-05T03:36:39,87.0,40.3,sensor2_serial,2,1,5,1,120,250,20.000,20.006,0,2696024,2696024,134763.803667,SUCCESS,sigmoid,
2026-06-05T03:36:59,87.0,40.3,sensor2_serial,2,1,5,1,120,249,20.000,20.005,0,3120344,3120344,155976.029626,SUCCESS,sigmoid,
2026-06-05T03:37:19,87.0,40.3,sensor2_serial,2,1,5,1,120,248,20.000,20.006,0,3249265,3249265,162417.962914,SUCCESS,sigmoid,
2026-06-05T03:37:39,87.0,40.3,sensor2_serial,2,1,5,1,120,247,20.000,20.005,0,2880278,2880278,143975.070054,SUCCESS,sigmoid,
2026-06-05T03:37:59,87.0,40.3,sensor2_serial,2,1,5,1,120,246,20.000,20.005,0,2132349,2132349,106589.309057,SUCCESS,sigmoid,
2026-06-05T03:38:19,87.0,40.3,sensor2_serial,2,1,5,1,120,245,20.000,20.005,0,1493723,1493723,74665.866709,SUCCESS,sigmoid,
2026-06-05T03:38:39,87.0,40.3,sensor2_serial,2,1,5,1,120,244,20.000,20.005,0,1005996,1005996,50286.542891,SUCCESS,sigmoid,
2026-06-05T03:38:59,87.0,40.3,sensor2_serial,2,1,5,1,120,243,20.000,20.005,0,453569,453569,22672.503899,SUCCESS,sigmoid,
2026-06-05T03:39:19,87.0,40.3,sensor2_serial,2,1,5,1,120,242,20.000,20.005,0,222441,222441,11119.146878,SUCCESS,sigmoid,
2026-06-05T03:39:39,87.0,40.3,sensor2_serial,2,1,5,1,120,241,20.000,20.006,0,104272,104272,5212.149676,SUCCESS,sigmoid,
2026-06-05T03:39:59,87.0,40.3,sensor2_serial,2,1,5,1,120,240,20.000,20.005,0,46870,46870,2342.856320,SUCCESS,sigmoid,
2026-06-05T03:40:19,87.0,40.3,sensor2_serial,2,1,5,1,120,239,20.000,20.005,0,68267,68267,3412.424587,SUCCESS,sigmoid,
2026-06-05T03:40:39,87.0,40.3,sensor2_serial,2,1,5,1,120,238,20.000,20.005,0,26704,26704,1334.832948,SUCCESS,sigmoid,
2026-06-05T03:40:59,87.0,40.3,sensor2_serial,2,1,5,1,120,237,20.000,20.005,0,10008,10008,500.264071,SUCCESS,sigmoid,
2026-06-05T03:41:19,87.0,40.3,sensor2_serial,2,1,5,1,120,236,20.000,20.005,0,4031,4031,201.496658,SUCCESS,sigmoid,
2026-06-05T03:41:39,87.0,40.3,sensor2_serial,2,1,5,1,120,235,20.000,20.005,0,997,997,49.837037,SUCCESS,sigmoid,
2026-06-05T03:41:59,87.0,40.3,sensor2_serial,2,1,5,1,120,234,20.000,20.004,0,498,498,24.894529,SUCCESS,sigmoid,
2026-06-05T03:42:20,87.0,40.3,sensor2_serial,2,1,5,1,120,233,20.000,20.005,0,272,272,13.596866,SUCCESS,sigmoid,
2026-06-05T03:42:40,87.0,40.3,sensor2_serial,2,1,5,1,120,232,20.000,20.005,0,152,152,7.598209,SUCCESS,sigmoid,
2026-06-05T03:43:00,87.0,40.3,sensor2_serial,2,1,5,1,120,231,20.000,20.006,0,96,96,4.798652,SUCCESS,sigmoid,
2026-06-05T03:43:20,87.0,40.3,sensor2_serial,2,1,5,1,120,230,20.000,20.006,0,115,115,5.748404,SUCCESS,sigmoid,
2026-06-05T03:43:40,87.0,40.3,sensor2_serial,2,1,5,1,120,229,20.000,20.005,0,99,99,4.948649,SUCCESS,sigmoid,
2026-06-05T03:44:00,87.0,40.3,sensor2_serial,2,1,5,1,120,228,20.000,20.004,0,80,80,3.999185,SUCCESS,sigmoid,
2026-06-05T03:44:20,87.0,40.3,sensor2_serial,2,1,5,1,120,227,20.000,20.005,0,85,85,4.249040,SUCCESS,sigmoid,
2026-06-05T03:44:40,87.0,40.3,sensor2_serial,2,1,5,1,120,226,20.000,20.005,0,89,89,4.448976,SUCCESS,sigmoid,
2026-06-05T03:45:00,87.0,40.3,sensor2_serial,2,1,5,1,120,225,20.000,20.004,0,71,71,3.549273,SUCCESS,sigmoid,
2026-06-05T03:45:20,87.0,40.3,sensor2_serial,2,1,5,1,120,224,20.000,20.005,0,82,82,4.098936,SUCCESS,sigmoid,
2026-06-05T03:45:40,87.0,40.3,sensor2_serial,2,1,5,1,120,223,20.000,20.004,0,79,79,3.949138,SUCCESS,sigmoid,
2026-06-05T03:46:00,87.0,40.3,sensor2_serial,2,1,5,1,120,222,20.000,20.005,0,76,76,3.799144,SUCCESS,sigmoid,
2026-06-05T03:46:20,87.0,40.3,sensor2_serial,2,1,5,1,120,221,20.000,20.005,0,67,67,3.349218,SUCCESS,sigmoid,
2026-06-05T03:46:40,87.0,40.3,sensor2_serial,2,1,5,1,120,220,20.000,20.004,0,63,63,3.149299,SUCCESS,sigmoid,
2026-06-05T03:47:00,87.0,40.3,sensor2_serial,2,1,5,1,120,219,20.000,20.004,0,65,65,3.249317,SUCCESS,sigmoid,
2026-06-05T03:47:20,87.0,40.3,sensor2_serial,2,1,5,1,120,218,20.000,20.004,0,43,43,2.149535,SUCCESS,sigmoid,
2026-06-05T03:47:40,87.0,40.3,sensor2_serial,2,1,5,1,120,217,20.000,20.005,0,63,63,3.149280,SUCCESS,sigmoid,
2026-06-05T03:48:01,87.0,40.3,sensor2_serial,2,1,5,1,120,216,20.000,20.005,0,59,59,2.949319,SUCCESS,sigmoid,
2026-06-05T03:48:21,87.0,40.3,sensor2_serial,2,1,5,1,120,215,20.000,20.004,0,35,35,1.749617,SUCCESS,sigmoid,
2026-06-05T03:48:41,87.0,40.3,sensor2_serial,2,1,5,1,120,214,20.000,20.005,0,52,52,2.599318,SUCCESS,sigmoid,
2026-06-05T03:49:01,87.0,40.3,sensor2_serial,2,1,5,1,120,213,20.000,20.005,0,43,43,2.149447,SUCCESS,sigmoid,
2026-06-05T03:49:21,87.0,40.3,sensor2_serial,2,1,5,1,120,212,20.000,20.005,0,40,40,1.999459,SUCCESS,sigmoid,
2026-06-05T03:49:41,87.0,40.3,sensor2_serial,2,1,5,1,120,211,20.000,20.005,0,30,30,1.499621,SUCCESS,sigmoid,
2026-06-05T03:50:01,87.0,40.3,sensor2_serial,2,1,5,1,120,210,20.000,20.005,0,29,29,1.449604,SUCCESS,sigmoid,
2026-06-05T03:50:21,87.0,40.3,sensor2_serial,2,1,5,1,120,209,20.000,20.005,0,35,35,1.749549,SUCCESS,sigmoid,
2026-06-05T03:50:41,87.0,40.3,sensor2_serial,2,1,5,1,120,208,20.000,20.004,0,27,27,1.349709,SUCCESS,sigmoid,
2026-06-05T03:51:01,87.0,40.3,sensor2_serial,2,1,5,1,120,207,20.000,20.005,0,25,25,1.249717,SUCCESS,sigmoid,
2026-06-05T03:51:21,87.0,40.3,sensor2_serial,2,1,5,1,120,206,20.000,20.004,0,24,24,1.199750,SUCCESS,sigmoid,
2026-06-05T03:51:41,87.0,40.3,sensor2_serial,2,1,5,1,120,205,20.000,20.004,0,22,22,1.099770,SUCCESS,sigmoid,
2026-06-05T03:52:01,87.0,40.3,sensor2_serial,2,1,5,1,120,204,20.000,20.005,0,21,21,1.049750,SUCCESS,sigmoid,
2026-06-05T03:52:21,87.0,40.3,sensor2_serial,2,1,5,1,120,203,20.000,20.005,0,19,19,0.949781,SUCCESS,sigmoid,
2026-06-05T03:52:41,87.0,40.3,sensor2_serial,2,1,5,1,120,202,20.000,20.005,0,11,11,0.549852,SUCCESS,sigmoid,
2026-06-05T03:53:01,87.0,40.3,sensor2_serial,2,1,5,1,120,201,20.000,20.005,0,16,16,0.799789,SUCCESS,sigmoid,
2026-06-05T03:53:22,87.0,40.3,sensor2_serial,2,1,5,1,120,200,20.000,20.004,0,14,14,0.699844,SUCCESS,sigmoid,
2026-06-05T03:53:42,87.0,40.3,sensor2_serial,2,1,5,1,120,199,20.000,20.004,0,9,9,0.449905,SUCCESS,sigmoid,
2026-06-05T03:54:02,87.0,40.3,sensor2_serial,2,1,5,1,120,198,20.000,20.004,0,6,6,0.299935,SUCCESS,sigmoid,
2026-06-05T03:54:22,87.0,40.3,sensor2_serial,2,1,5,1,120,197,20.000,20.004,0,5,5,0.249944,SUCCESS,sigmoid,
2026-06-05T03:54:42,87.0,40.3,sensor2_serial,2,1,5,1,120,196,20.000,20.004,0,6,6,0.299938,SUCCESS,sigmoid,
2026-06-05T03:55:02,87.0,40.3,sensor2_serial,2,1,5,1,120,195,20.000,20.004,0,4,4,0.199956,SUCCESS,sigmoid,
2026-06-05T03:55:22,87.0,40.3,sensor2_serial,2,1,5,1,120,194,20.000,20.004,0,6,6,0.299936,SUCCESS,sigmoid,
2026-06-05T03:55:42,87.0,40.3,sensor2_serial,2,1,5,1,120,193,20.000,20.004,0,4,4,0.199958,SUCCESS,sigmoid,
2026-06-05T03:56:02,87.0,40.3,sensor2_serial,2,1,5,1,120,192,20.000,20.005,0,4,4,0.199947,SUCCESS,sigmoid,
2026-06-05T03:56:22,87.0,40.3,sensor2_serial,2,1,5,1,120,191,20.000,20.004,0,3,3,0.149968,SUCCESS,sigmoid,
2026-06-05T03:56:42,87.0,40.3,sensor2_serial,2,1,5,1,120,190,20.000,20.004,0,4,4,0.199957,SUCCESS,sigmoid,
2026-06-05T03:57:02,87.0,40.3,sensor2_serial,2,1,5,1,120,189,20.000,20.004,0,4,4,0.199957,SUCCESS,sigmoid,
2026-06-05T03:57:22,87.0,40.3,sensor2_serial,2,1,5,1,120,188,20.000,20.004,0,3,3,0.149967,SUCCESS,sigmoid,
2026-06-05T03:57:42,87.0,40.3,sensor2_serial,2,1,5,1,120,187,20.000,20.005,0,1,1,0.049989,SUCCESS,sigmoid,
2026-06-05T03:58:02,87.0,40.3,sensor2_serial,2,1,5,1,120,186,20.000,20.004,0,2,2,0.099980,SUCCESS,sigmoid,
2026-06-05T03:58:22,87.0,40.3,sensor2_serial,2,1,5,1,120,185,20.000,20.004,0,0,0,0.000000,SUCCESS,sigmoid,
2026-06-05T03:58:42,87.0,40.3,sensor2_serial,2,1,5,1,120,184,20.000,20.004,0,1,1,0.049989,SUCCESS,sigmoid,
2026-06-05T03:59:03,87.0,40.3,sensor2_serial,2,1,5,1,120,183,20.000,20.004,0,2,2,0.099978,SUCCESS,sigmoid,
2026-06-05T03:59:23,87.0,40.3,sensor2_serial,2,1,5,1,120,182,20.000,20.004,0,2,2,0.099979,SUCCESS,sigmoid,
2026-06-05T03:59:43,87.0,40.3,sensor2_serial,2,1,5,1,120,181,20.000,20.005,0,0,0,0.000000,SUCCESS,sigmoid,
2026-06-05T04:00:03,87.0,40.3,sensor2_serial,2,1,5,1,120,180,20.000,20.005,0,0,0,0.000000,SUCCESS,sigmoid,
2026-06-05T04:00:23,87.0,40.3,sensor2_serial,2,1,5,1,120,179,20.000,20.006,0,0,0,0.000000,SUCCESS,sigmoid,
2026-06-05T04:00:43,87.0,40.3,sensor2_serial,2,1,5,1,120,178,20.000,20.004,0,0,0,0.000000,SUCCESS,sigmoid,
2026-06-05T04:01:03,87.0,40.3,sensor2_serial,2,1,5,1,120,177,20.000,20.004,0,0,0,0.000000,SUCCESS,sigmoid,
2026-06-05T04:01:23,87.0,40.3,sensor2_serial,2,1,5,1,120,176,20.000,20.004,0,0,0,0.000000,SUCCESS,sigmoid,
2026-06-05T04:01:43,87.0,40.3,sensor2_serial,2,1,5,1,120,175,20.000,20.004,0,0,0,0.000000,SUCCESS,sigmoid,
2026-06-05T04:02:03,87.0,40.3,sensor2_serial,2,1,5,1,120,174,20.000,20.004,0,0,0,0.000000,SUCCESS,sigmoid,
2026-06-05T04:02:23,87.0,40.3,sensor2_serial,2,1,5,1,120,173,20.000,20.004,0,0,0,0.000000,SUCCESS,sigmoid,
2026-06-05T04:02:43,87.0,40.3,sensor2_serial,2,1,5,1,120,172,20.000,20.005,0,0,0,0.000000,SUCCESS,sigmoid,
2026-06-05T04:03:03,87.0,40.3,sensor2_serial,2,1,5,1,120,171,20.000,20.004,0,0,0,0.000000,SUCCESS,sigmoid,
2026-06-05T04:03:23,87.0,40.3,sensor2_serial,2,1,5,1,120,170,20.000,20.005,0,0,0,0.000000,SUCCESS,sigmoid,
2026-06-05T04:03:43,87.0,40.3,sensor2_serial,2,1,5,1,120,169,20.000,20.004,0,0,0,0.000000,SUCCESS,sigmoid,
2026-06-05T04:04:03,87.0,40.3,sensor2_serial,2,1,5,1,120,168,20.000,20.006,0,0,0,0.000000,SUCCESS,sigmoid,
2026-06-05T04:04:23,87.0,40.3,sensor2_serial,2,1,5,1,120,167,20.000,20.004,0,0,0,0.000000,SUCCESS,sigmoid,
2026-06-05T04:04:44,87.0,40.3,sensor2_serial,2,1,5,1,120,166,20.000,20.004,0,0,0,0.000000,SUCCESS,sigmoid,
2026-06-05T04:05:04,87.0,40.3,sensor2_serial,2,1,5,1,120,165,20.000,20.004,0,0,0,0.000000,SUCCESS,sigmoid,
2026-06-05T04:05:24,87.0,40.3,sensor2_serial,2,1,5,1,120,164,20.000,20.004,0,0,0,0.000000,SUCCESS,sigmoid,
2026-06-05T04:05:44,87.0,40.3,sensor2_serial,2,1,5,1,120,163,20.000,20.004,0,0,0,0.000000,SUCCESS,sigmoid,
2026-06-05T04:06:04,87.0,40.3,sensor2_serial,2,1,5,1,120,162,20.000,20.006,0,0,0,0.000000,SUCCESS,sigmoid,
2026-06-05T04:06:24,87.0,40.3,sensor2_serial,2,1,5,1,120,161,20.000,20.004,0,0,0,0.000000,SUCCESS,sigmoid,
2026-06-05T04:06:44,87.0,40.3,sensor2_serial,2,1,5,1,120,160,20.000,20.006,0,0,0,0.000000,SUCCESS,sigmoid,
2026-06-05T04:07:04,87.0,40.3,sensor2_serial,2,1,5,1,120,159,20.000,20.004,0,0,0,0.000000,SUCCESS,sigmoid,
2026-06-05T04:07:24,87.0,40.3,sensor2_serial,2,1,5,1,120,158,20.000,20.005,0,0,0,0.000000,SUCCESS,sigmoid,
2026-06-05T04:07:44,87.0,40.3,sensor2_serial,2,1,5,1,120,157,20.000,20.004,0,0,0,0.000000,SUCCESS,sigmoid,
2026-06-05T04:08:04,87.0,40.3,sensor2_serial,2,1,5,1,120,156,20.000,20.004,0,0,0,0.000000,SUCCESS,sigmoid,
2026-06-05T04:08:24,87.0,40.3,sensor2_serial,2,1,5,1,120,155,20.000,20.006,0,0,0,0.000000,SUCCESS,sigmoid,
2026-06-05T04:08:44,87.0,40.3,sensor2_serial,2,1,5,1,120,154,20.000,20.004,0,0,0,0.000000,SUCCESS,sigmoid,
2026-06-05T04:09:04,87.0,40.3,sensor2_serial,2,1,5,1,120,153,20.000,20.005,0,0,0,0.000000,SUCCESS,sigmoid,
2026-06-05T04:09:24,87.0,40.3,sensor2_serial,2,1,5,1,120,152,20.000,20.006,0,0,0,0.000000,SUCCESS,sigmoid,
2026-06-05T04:09:44,87.0,40.3,sensor2_serial,2,1,5,1,120,151,20.000,20.005,0,0,0,0.000000,SUCCESS,sigmoid,
2026-06-05T04:10:04,87.0,40.3,sensor2_serial,2,1,5,1,120,150,20.000,20.005,0,0,0,0.000000,SUCCESS,sigmoid,
2026-06-05T04:10:25,87.0,40.3,sensor2_serial,2,1,5,1,120,149,20.000,20.004,0,0,0,0.000000,SUCCESS,sigmoid,
2026-06-05T04:10:45,87.0,40.3,sensor2_serial,2,1,5,1,120,148,20.000,20.004,0,0,0,0.000000,SUCCESS,sigmoid,
2026-06-05T04:11:05,87.0,40.3,sensor2_serial,2,1,5,1,120,147,20.000,20.004,0,0,0,0.000000,SUCCESS,sigmoid,
2026-06-05T04:11:25,87.0,40.3,sensor2_serial,2,1,5,1,120,146,20.000,20.004,0,0,0,0.000000,SUCCESS,sigmoid,
2026-06-05T04:11:45,87.0,40.3,sensor2_serial,2,1,5,1,120,145,20.000,20.004,0,0,0,0.000000,SUCCESS,sigmoid,
2026-06-05T04:12:05,87.0,40.3,sensor2_serial,2,1,5,1,120,144,20.000,20.004,0,0,0,0.000000,SUCCESS,sigmoid,
2026-06-05T04:12:25,87.0,40.3,sensor2_serial,2,1,5,1,120,143,20.000,20.005,0,0,0,0.000000,SUCCESS,sigmoid,
2026-06-05T04:12:45,87.0,40.3,sensor2_serial,2,1,5,1,120,142,20.000,20.004,0,0,0,0.000000,SUCCESS,sigmoid,
2026-06-05T04:13:05,87.0,40.3,sensor2_serial,2,1,5,1,120,141,20.000,20.004,0,0,0,0.000000,SUCCESS,sigmoid,
2026-06-05T04:13:25,87.0,40.3,sensor2_serial,2,1,5,1,120,140,20.000,20.005,0,0,0,0.000000,SUCCESS,sigmoid,
2026-06-05T04:13:45,87.0,40.3,sensor2_serial,2,1,5,1,120,139,20.000,20.005,0,0,0,0.000000,SUCCESS,sigmoid,
2026-06-05T04:14:05,87.0,40.3,sensor2_serial,2,1,5,1,120,138,20.000,20.004,0,0,0,0.000000,SUCCESS,sigmoid,
2026-06-05T04:14:25,87.0,40.3,sensor2_serial,2,1,5,1,120,137,20.000,20.005,0,0,0,0.000000,SUCCESS,sigmoid,
2026-06-05T04:14:45,87.0,40.3,sensor2_serial,2,1,5,1,120,136,20.000,20.005,0,0,0,0.000000,SUCCESS,sigmoid,
2026-06-05T04:15:05,87.0,40.3,sensor2_serial,2,1,5,1,120,135,20.000,20.004,0,0,0,0.000000,SUCCESS,sigmoid,
2026-06-05T04:15:25,87.0,40.3,sensor2_serial,2,1,5,1,120,134,20.000,20.005,0,0,0,0.000000,SUCCESS,sigmoid,
2026-06-05T04:15:45,87.0,40.3,sensor2_serial,2,1,5,1,120,133,20.000,20.005,0,0,0,0.000000,SUCCESS,sigmoid,
2026-06-05T04:16:06,87.0,40.3,sensor2_serial,2,1,5,1,120,132,20.000,20.004,0,0,0,0.000000,SUCCESS,sigmoid,
2026-06-05T04:16:26,87.0,40.3,sensor2_serial,2,1,5,1,120,131,20.000,20.005,0,0,0,0.000000,SUCCESS,sigmoid,
2026-06-05T04:16:46,87.0,40.3,sensor2_serial,2,1,5,1,120,130,20.000,20.005,0,0,0,0.000000,SUCCESS,sigmoid,
2026-06-05T04:17:06,87.0,40.3,sensor2_serial,2,1,5,1,120,129,20.000,20.005,0,0,0,0.000000,SUCCESS,sigmoid,
2026-06-05T04:17:26,87.0,40.3,sensor2_serial,2,1,5,1,120,128,20.000,20.005,0,0,0,0.000000,SUCCESS,sigmoid,
2026-06-05T04:17:46,87.0,40.3,sensor2_serial,2,1,5,1,120,127,20.000,20.005,0,0,0,0.000000,SUCCESS,sigmoid,
2026-06-05T04:18:06,87.0,40.3,sensor2_serial,2,1,5,1,120,126,20.000,20.004,0,0,0,0.000000,SUCCESS,sigmoid,
2026-06-05T04:18:26,87.0,40.3,sensor2_serial,2,1,5,1,120,125,20.000,20.005,0,0,0,0.000000,SUCCESS,sigmoid,
2026-06-05T04:18:46,87.0,40.3,sensor2_serial,2,1,5,1,120,124,20.000,20.004,0,0,0,0.000000,SUCCESS,sigmoid,
2026-06-05T04:19:06,87.0,40.3,sensor2_serial,2,1,5,1,120,123,20.000,20.004,0,0,0,0.000000,SUCCESS,sigmoid,
2026-06-05T04:19:26,87.0,40.3,sensor2_serial,2,1,5,1,120,122,20.000,20.004,0,0,0,0.000000,SUCCESS,sigmoid,
2026-06-05T04:19:46,87.0,40.3,sensor2_serial,2,1,5,1,120,121,20.000,20.004,0,0,0,0.000000,SUCCESS,sigmoid,
2026-06-05T04:20:06,87.0,40.3,sensor2_serial,2,1,5,1,120,120,20.000,20.004,0,0,0,0.000000,SUCCESS,sigmoid,
2026-06-05T04:20:26,87.0,40.3,sensor2_serial,2,1,5,1,120,119,20.000,20.004,0,0,0,0.000000,SUCCESS,sigmoid,
2026-06-05T04:20:46,87.0,40.3,sensor2_serial,2,1,5,1,120,118,20.000,20.004,0,0,0,0.000000,SUCCESS,sigmoid,
2026-06-05T04:21:06,87.0,40.3,sensor2_serial,2,1,5,1,120,117,20.000,20.005,0,0,0,0.000000,SUCCESS,sigmoid,
2026-06-05T04:21:26,87.0,40.3,sensor2_serial,2,1,5,1,120,116,20.000,20.004,0,0,0,0.000000,SUCCESS,sigmoid,
2026-06-05T04:21:47,87.0,40.3,sensor2_serial,2,1,5,1,120,115,20.000,20.004,0,0,0,0.000000,SUCCESS,sigmoid,
2026-06-05T04:22:07,87.0,40.3,sensor2_serial,2,1,5,1,120,114,20.000,20.005,0,0,0,0.000000,SUCCESS,sigmoid,
2026-06-05T04:22:27,87.0,40.3,sensor2_serial,2,1,5,1,120,113,20.000,20.004,0,0,0,0.000000,SUCCESS,sigmoid,
2026-06-05T04:22:47,87.0,40.3,sensor2_serial,2,1,5,1,120,112,20.000,20.005,0,0,0,0.000000,SUCCESS,sigmoid,
2026-06-05T04:23:07,87.0,40.3,sensor2_serial,2,1,5,1,120,111,20.000,20.004,0,0,0,0.000000,SUCCESS,sigmoid,
2026-06-05T04:23:27,87.0,40.3,sensor2_serial,2,1,5,1,120,110,20.000,20.004,0,0,0,0.000000,SUCCESS,sigmoid,
2026-06-05T04:23:47,87.0,40.3,sensor2_serial,2,1,5,1,120,109,20.000,20.005,0,0,0,0.000000,SUCCESS,sigmoid,
2026-06-05T04:24:07,87.0,40.3,sensor2_serial,2,1,5,1,120,108,20.000,20.004,0,0,0,0.000000,SUCCESS,sigmoid,
2026-06-05T04:24:27,87.0,40.3,sensor2_serial,2,1,5,1,120,107,20.000,20.004,0,0,0,0.000000,SUCCESS,sigmoid,
2026-06-05T04:24:47,87.0,40.3,sensor2_serial,2,1,5,1,120,106,20.000,20.005,0,0,0,0.000000,SUCCESS,sigmoid,
2026-06-05T04:25:07,87.0,40.3,sensor2_serial,2,1,5,1,120,105,20.000,20.005,0,0,0,0.000000,SUCCESS,sigmoid,
2026-06-05T04:25:27,87.0,40.3,sensor2_serial,2,1,5,1,120,104,20.000,20.005,0,0,0,0.000000,SUCCESS,sigmoid,
2026-06-05T04:25:47,87.0,40.3,sensor2_serial,2,1,5,1,120,103,20.000,20.004,0,0,0,0.000000,SUCCESS,sigmoid,
2026-06-05T04:26:07,87.0,40.3,sensor2_serial,2,1,5,1,120,102,20.000,20.004,0,0,0,0.000000,SUCCESS,sigmoid,
2026-06-05T04:26:27,87.0,40.3,sensor2_serial,2,1,5,1,120,101,20.000,20.004,0,0,0,0.000000,SUCCESS,sigmoid,
2026-06-05T04:26:47,87.0,40.3,sensor2_serial,2,1,5,1,120,100,20.000,20.004,0,0,0,0.000000,SUCCESS,sigmoid,
2026-06-05T04:27:07,87.0,40.3,sensor2_serial,2,1,5,1,120,99,20.000,20.005,0,0,0,0.000000,SUCCESS,sigmoid,
2026-06-05T04:27:28,87.0,40.3,sensor2_serial,2,1,5,1,120,98,20.000,20.005,0,0,0,0.000000,SUCCESS,sigmoid,
2026-06-05T04:27:48,87.0,40.3,sensor2_serial,2,1,5,1,120,97,20.000,20.004,0,0,0,0.000000,SUCCESS,sigmoid,
2026-06-05T04:28:08,87.0,40.3,sensor2_serial,2,1,5,1,120,96,20.000,20.004,0,0,0,0.000000,SUCCESS,sigmoid,
2026-06-05T04:28:28,87.0,40.3,sensor2_serial,2,1,5,1,120,95,20.000,20.005,0,0,0,0.000000,SUCCESS,sigmoid,
2026-06-05T04:28:48,87.0,40.3,sensor2_serial,2,1,5,1,120,94,20.000,20.006,0,0,0,0.000000,SUCCESS,sigmoid,
2026-06-05T04:29:08,87.0,40.3,sensor2_serial,2,1,5,1,120,93,20.000,20.004,0,0,0,0.000000,SUCCESS,sigmoid,
2026-06-05T04:29:28,87.0,40.3,sensor2_serial,2,1,5,1,120,92,20.000,20.004,0,0,0,0.000000,SUCCESS,sigmoid,
2026-06-05T04:29:48,87.0,40.3,sensor2_serial,2,1,5,1,120,91,20.000,20.006,0,0,0,0.000000,SUCCESS,sigmoid,
2026-06-05T04:30:08,87.0,40.3,sensor2_serial,2,1,5,1,120,90,20.000,20.004,0,0,0,0.000000,SUCCESS,sigmoid,
2026-06-05T04:30:28,87.0,40.3,sensor2_serial,2,1,5,1,120,89,20.000,20.005,0,0,0,0.000000,SUCCESS,sigmoid,
2026-06-05T04:30:48,87.0,40.3,sensor2_serial,2,1,5,1,120,88,20.000,20.005,0,0,0,0.000000,SUCCESS,sigmoid,
2026-06-05T04:31:08,87.0,40.3,sensor2_serial,2,1,5,1,120,87,20.000,20.005,0,0,0,0.000000,SUCCESS,sigmoid,
2026-06-05T04:31:28,87.0,40.3,sensor2_serial,2,1,5,1,120,86,20.000,20.004,0,0,0,0.000000,SUCCESS,sigmoid,
2026-06-05T04:31:48,87.0,40.3,sensor2_serial,2,1,5,1,120,85,20.000,20.005,0,0,0,0.000000,SUCCESS,sigmoid,
2026-06-05T04:32:08,87.0,40.3,sensor2_serial,2,1,5,1,120,84,20.000,20.004,0,0,0,0.000000,SUCCESS,sigmoid,
2026-06-05T04:32:28,87.0,40.3,sensor2_serial,2,1,5,1,120,83,20.000,20.005,0,0,0,0.000000,SUCCESS,sigmoid,
2026-06-05T04:32:48,87.0,40.3,sensor2_serial,2,1,5,1,120,82,20.000,20.005,0,0,0,0.000000,SUCCESS,sigmoid,
2026-06-05T04:33:09,87.0,40.3,sensor2_serial,2,1,5,1,120,81,20.000,20.004,0,0,0,0.000000,SUCCESS,sigmoid,
2026-06-05T04:33:29,87.0,40.3,sensor2_serial,2,1,5,1,120,80,20.000,20.005,0,0,0,0.000000,SUCCESS,sigmoid,
2026-06-05T04:33:49,87.0,40.3,sensor2_serial,2,1,5,1,120,79,20.000,20.004,0,0,0,0.000000,SUCCESS,sigmoid,
2026-06-05T04:34:09,87.0,40.3,sensor2_serial,2,1,5,1,120,78,20.000,20.005,0,0,0,0.000000,SUCCESS,sigmoid,
2026-06-05T04:34:29,87.0,40.3,sensor2_serial,2,1,5,1,120,77,20.000,20.005,0,0,0,0.000000,SUCCESS,sigmoid,
2026-06-05T04:34:49,87.0,40.3,sensor2_serial,2,1,5,1,120,76,20.000,20.005,0,0,0,0.000000,SUCCESS,sigmoid,
2026-06-05T04:35:09,87.0,40.3,sensor2_serial,2,1,5,1,120,75,20.000,20.005,0,0,0,0.000000,SUCCESS,sigmoid,
2026-06-05T04:35:29,87.0,40.3,sensor2_serial,2,1,5,1,120,74,20.000,20.004,0,0,0,0.000000,SUCCESS,sigmoid,
2026-06-05T04:35:49,87.0,40.3,sensor2_serial,2,1,5,1,120,73,20.000,20.005,0,0,0,0.000000,SUCCESS,sigmoid,
2026-06-05T04:36:09,87.0,40.3,sensor2_serial,2,1,5,1,120,72,20.000,20.005,0,0,0,0.000000,SUCCESS,sigmoid,
2026-06-05T04:36:29,87.0,40.3,sensor2_serial,2,1,5,1,120,71,20.000,20.005,0,0,0,0.000000,SUCCESS,sigmoid,
2026-06-05T04:36:49,87.0,40.3,sensor2_serial,2,1,5,1,120,70,20.000,20.005,0,0,0,0.000000,SUCCESS,sigmoid,
2026-06-05T04:37:09,87.0,40.3,sensor2_serial,2,1,5,1,120,69,20.000,20.005,0,0,0,0.000000,SUCCESS,sigmoid,
2026-06-05T04:37:29,87.0,40.3,sensor2_serial,2,1,5,1,120,68,20.000,20.006,0,0,0,0.000000,SUCCESS,sigmoid,
2026-06-05T04:37:49,87.0,40.3,sensor2_serial,2,1,5,1,120,67,20.000,20.005,0,0,0,0.000000,SUCCESS,sigmoid,
2026-06-05T04:38:09,87.0,40.3,sensor2_serial,2,1,5,1,120,66,20.000,20.004,0,0,0,0.000000,SUCCESS,sigmoid,
2026-06-05T04:38:29,87.0,40.3,sensor2_serial,2,1,5,1,120,65,20.000,20.004,0,0,0,0.000000,SUCCESS,sigmoid,
2026-06-05T04:38:50,87.0,40.3,sensor2_serial,2,1,5,1,120,64,20.000,20.005,0,0,0,0.000000,SUCCESS,sigmoid,
2026-06-05T04:39:10,87.0,40.3,sensor2_serial,2,1,5,1,120,63,20.000,20.004,0,0,0,0.000000,SUCCESS,sigmoid,
2026-06-05T04:39:30,87.0,40.3,sensor2_serial,2,1,5,1,120,62,20.000,20.005,0,0,0,0.000000,SUCCESS,sigmoid,
2026-06-05T04:39:50,87.0,40.3,sensor2_serial,2,1,5,1,120,61,20.000,20.004,0,0,0,0.000000,SUCCESS,sigmoid,
2026-06-05T04:40:10,87.0,40.3,sensor2_serial,2,1,5,1,120,60,20.000,20.005,0,0,0,0.000000,SUCCESS,sigmoid,
2026-06-05T04:40:30,87.0,40.3,sensor2_serial,2,1,5,1,120,59,20.000,20.004,0,0,0,0.000000,SUCCESS,sigmoid,
2026-06-05T04:40:50,87.0,40.3,sensor2_serial,2,1,5,1,120,58,20.000,20.005,0,0,0,0.000000,SUCCESS,sigmoid,
2026-06-05T04:41:10,87.0,40.3,sensor2_serial,2,1,5,1,120,57,20.000,20.004,0,0,0,0.000000,SUCCESS,sigmoid,
2026-06-05T04:41:30,87.0,40.3,sensor2_serial,2,1,5,1,120,56,20.000,20.004,0,0,0,0.000000,SUCCESS,sigmoid,
2026-06-05T04:41:50,87.0,40.3,sensor2_serial,2,1,5,1,120,55,20.000,20.004,0,0,0,0.000000,SUCCESS,sigmoid,
2026-06-05T04:42:10,87.0,40.3,sensor2_serial,2,1,5,1,120,54,20.000,20.005,0,0,0,0.000000,SUCCESS,sigmoid,
2026-06-05T04:42:30,87.0,40.3,sensor2_serial,2,1,5,1,120,53,20.000,20.006,0,0,0,0.000000,SUCCESS,sigmoid,
2026-06-05T04:42:50,87.0,40.3,sensor2_serial,2,1,5,1,120,52,20.000,20.004,0,0,0,0.000000,SUCCESS,sigmoid,
2026-06-05T04:43:10,87.0,40.3,sensor2_serial,2,1,5,1,120,51,20.000,20.004,0,0,0,0.000000,SUCCESS,sigmoid,
2026-06-05T04:43:30,87.0,40.3,sensor2_serial,2,1,5,1,120,50,20.000,20.005,0,0,0,0.000000,SUCCESS,sigmoid,
2026-06-05T04:43:50,87.0,40.3,sensor2_serial,2,1,5,1,120,49,20.000,20.004,0,0,0,0.000000,SUCCESS,sigmoid,
2026-06-05T04:44:11,87.0,40.3,sensor2_serial,2,1,5,1,120,48,20.000,20.004,0,0,0,0.000000,SUCCESS,sigmoid,
2026-06-05T04:44:31,87.0,40.3,sensor2_serial,2,1,5,1,120,47,20.000,20.004,0,0,0,0.000000,SUCCESS,sigmoid,
2026-06-05T04:44:51,87.0,40.3,sensor2_serial,2,1,5,1,120,46,20.000,20.005,0,0,0,0.000000,SUCCESS,sigmoid,
2026-06-05T04:45:11,87.0,40.3,sensor2_serial,2,1,5,1,120,45,20.000,20.004,0,0,0,0.000000,SUCCESS,sigmoid,
2026-06-05T04:45:31,87.0,40.3,sensor2_serial,2,1,5,1,120,44,20.000,20.004,0,0,0,0.000000,SUCCESS,sigmoid,
2026-06-05T04:45:51,87.0,40.3,sensor2_serial,2,1,5,1,120,43,20.000,20.004,0,0,0,0.000000,SUCCESS,sigmoid,
2026-06-05T04:46:11,87.0,40.3,sensor2_serial,2,1,5,1,120,42,20.000,20.005,0,0,0,0.000000,SUCCESS,sigmoid,
2026-06-05T04:46:31,87.0,40.3,sensor2_serial,2,1,5,1,120,41,20.000,20.004,0,0,0,0.000000,SUCCESS,sigmoid,
2026-06-05T04:46:51,87.0,40.3,sensor2_serial,2,1,5,1,120,40,20.000,20.005,0,0,0,0.000000,SUCCESS,sigmoid,
2026-06-05T04:47:11,87.0,40.3,sensor2_serial,2,1,5,1,120,39,20.000,20.004,0,0,0,0.000000,SUCCESS,sigmoid,
2026-06-05T04:47:31,87.0,40.3,sensor2_serial,2,1,5,1,120,38,20.000,20.005,0,0,0,0.000000,SUCCESS,sigmoid,
2026-06-05T04:47:51,87.0,40.3,sensor2_serial,2,1,5,1,120,37,20.000,20.004,0,0,0,0.000000,SUCCESS,sigmoid,
2026-06-05T04:48:11,87.0,40.3,sensor2_serial,2,1,5,1,120,36,20.000,20.005,0,0,0,0.000000,SUCCESS,sigmoid,
2026-06-05T04:48:31,87.0,40.3,sensor2_serial,2,1,5,1,120,35,20.000,20.005,0,0,0,0.000000,SUCCESS,sigmoid,
2026-06-05T04:48:51,87.0,40.3,sensor2_serial,2,1,5,1,120,34,20.000,20.004,0,0,0,0.000000,SUCCESS,sigmoid,
2026-06-05T04:49:11,87.0,40.3,sensor2_serial,2,1,5,1,120,33,20.000,20.004,0,0,0,0.000000,SUCCESS,sigmoid,
2026-06-05T04:49:31,87.0,40.3,sensor2_serial,2,1,5,1,120,32,20.000,20.004,0,0,0,0.000000,SUCCESS,sigmoid,
2026-06-05T04:49:52,87.0,40.3,sensor2_serial,2,1,5,1,120,31,20.000,20.004,0,0,0,0.000000,SUCCESS,sigmoid,
2026-06-05T04:50:12,87.0,40.3,sensor2_serial,2,1,5,1,120,30,20.000,20.004,0,0,0,0.000000,SUCCESS,sigmoid,
2026-06-05T04:50:32,87.0,40.3,sensor2_serial,2,1,5,1,120,29,20.000,20.004,0,0,0,0.000000,SUCCESS,sigmoid,
2026-06-05T04:50:52,87.0,40.3,sensor2_serial,2,1,5,1,120,28,20.000,20.004,0,0,0,0.000000,SUCCESS,sigmoid,
2026-06-05T04:51:12,87.0,40.3,sensor2_serial,2,1,5,1,120,27,20.000,20.004,0,0,0,0.000000,SUCCESS,sigmoid,
2026-06-05T04:51:32,87.0,40.3,sensor2_serial,2,1,5,1,120,26,20.000,20.005,0,0,0,0.000000,SUCCESS,sigmoid,
2026-06-05T04:51:52,87.0,40.3,sensor2_serial,2,1,5,1,120,25,20.000,20.004,0,0,0,0.000000,SUCCESS,sigmoid,
2026-06-05T04:52:12,87.0,40.3,sensor2_serial,2,1,5,1,120,24,20.000,20.005,0,0,0,0.000000,SUCCESS,sigmoid,
2026-06-05T04:52:32,87.0,40.3,sensor2_serial,2,1,5,1,120,23,20.000,20.004,0,0,0,0.000000,SUCCESS,sigmoid,
2026-06-05T04:52:52,87.0,40.3,sensor2_serial,2,1,5,1,120,22,20.000,20.005,0,0,0,0.000000,SUCCESS,sigmoid,
2026-06-05T04:53:12,87.0,40.3,sensor2_serial,2,1,5,1,120,21,20.000,20.005,0,0,0,0.000000,SUCCESS,sigmoid,
2026-06-05T04:53:32,87.0,40.3,sensor2_serial,2,1,5,1,120,20,20.000,20.005,0,0,0,0.000000,SUCCESS,sigmoid,
2026-06-05T04:53:52,87.0,40.3,sensor2_serial,2,1,5,1,120,19,20.000,20.004,0,0,0,0.000000,SUCCESS,sigmoid,
2026-06-05T04:54:12,87.0,40.3,sensor2_serial,2,1,5,1,120,18,20.000,20.004,0,0,0,0.000000,SUCCESS,sigmoid,
2026-06-05T04:54:32,87.0,40.3,sensor2_serial,2,1,5,1,120,17,20.000,20.004,0,0,0,0.000000,SUCCESS,sigmoid,
2026-06-05T04:54:52,87.0,40.3,sensor2_serial,2,1,5,1,120,16,20.000,20.004,0,0,0,0.000000,SUCCESS,sigmoid,
2026-06-05T04:55:12,87.0,40.3,sensor2_serial,2,1,5,1,120,15,20.000,20.005,0,0,0,0.000000,SUCCESS,sigmoid,
2026-06-05T04:55:33,87.0,40.3,sensor2_serial,2,1,5,1,120,14,20.000,20.004,0,0,0,0.000000,SUCCESS,sigmoid,
2026-06-05T04:55:53,87.0,40.3,sensor2_serial,2,1,5,1,120,13,20.000,20.004,0,0,0,0.000000,SUCCESS,sigmoid,
2026-06-05T04:56:13,87.0,40.3,sensor2_serial,2,1,5,1,120,12,20.000,20.005,0,0,0,0.000000,SUCCESS,sigmoid,
2026-06-05T04:56:33,87.0,40.3,sensor2_serial,2,1,5,1,120,11,20.000,20.004,0,0,0,0.000000,SUCCESS,sigmoid,
2026-06-05T04:56:53,87.0,40.3,sensor2_serial,2,1,5,1,120,10,20.000,20.005,0,0,0,0.000000,SUCCESS,sigmoid,
2026-06-05T04:57:13,87.0,40.3,sensor2_serial,2,1,5,1,120,9,20.000,20.004,0,0,0,0.000000,SUCCESS,sigmoid,
2026-06-05T04:57:33,87.0,40.3,sensor2_serial,2,1,5,1,120,8,20.000,20.006,0,0,0,0.000000,SUCCESS,sigmoid,
2026-06-05T04:57:53,87.0,40.3,sensor2_serial,2,1,5,1,120,7,20.000,20.005,0,0,0,0.000000,SUCCESS,sigmoid,
2026-06-05T04:58:13,87.0,40.3,sensor2_serial,2,1,5,1,120,6,20.000,20.004,0,0,0,0.000000,SUCCESS,sigmoid,
2026-06-05T04:58:33,87.0,40.3,sensor2_serial,2,1,5,1,120,5,20.000,20.004,0,0,0,0.000000,SUCCESS,sigmoid,
2026-06-05T04:58:53,87.0,40.3,sensor2_serial,2,1,5,1,120,4,20.000,20.005,0,0,0,0.000000,SUCCESS,sigmoid,
2026-06-05T04:59:13,87.0,40.3,sensor2_serial,2,1,5,1,120,3,20.000,20.004,0,0,0,0.000000,SUCCESS,sigmoid,
2026-06-05T04:59:33,87.0,40.3,sensor2_serial,2,1,5,1,120,2,20.000,20.004,0,0,0,0.000000,SUCCESS,sigmoid,
2026-06-05T04:59:53,87.0,40.3,sensor2_serial,2,1,5,1,120,1,20.000,20.004,0,0,0,0.000000,SUCCESS,sigmoid,
2026-06-05T05:00:13,87.0,40.3,sensor2_serial,2,1,5,1,120,0,20.000,20.005,0,0,0,0.000000,SUCCESS,sigmoid,
2026-06-05T05:00:33,87.0,40.3,sensor2_serial,2,2,6,2,120,255,20.000,20.005,0,1504961,1504961,75227.965553,SUCCESS,sigmoid,
2026-06-05T05:00:53,87.0,40.3,sensor2_serial,2,2,6,2,120,254,20.000,20.006,0,1677110,1677110,83831.998162,SUCCESS,sigmoid,
2026-06-05T05:01:14,87.0,40.3,sensor2_serial,2,2,6,2,120,253,20.000,20.005,0,1818189,1818189,90885.817933,SUCCESS,sigmoid,
2026-06-05T05:01:34,87.0,40.3,sensor2_serial,2,2,6,2,120,252,20.000,20.005,0,1798808,1798808,89917.217017,SUCCESS,sigmoid,
2026-06-05T05:01:54,87.0,40.3,sensor2_serial,2,2,6,2,120,251,20.000,20.005,0,1859044,1859044,92928.744615,SUCCESS,sigmoid,
2026-06-05T05:02:14,87.0,40.3,sensor2_serial,2,2,6,2,120,250,20.000,20.005,0,1947878,1947878,97367.672527,SUCCESS,sigmoid,
2026-06-05T05:02:34,87.0,40.3,sensor2_serial,2,2,6,2,120,249,20.000,20.005,0,1956128,1956128,97781.185986,SUCCESS,sigmoid,
2026-06-05T05:02:54,87.0,40.3,sensor2_serial,2,2,6,2,120,248,20.000,20.005,0,2277513,2277513,113844.981397,SUCCESS,sigmoid,
2026-06-05T05:03:14,87.0,40.3,sensor2_serial,2,2,6,2,120,247,20.000,20.006,0,2768062,2768062,138364.986409,SUCCESS,sigmoid,
2026-06-05T05:03:34,87.0,40.3,sensor2_serial,2,2,6,2,120,246,20.000,20.005,0,3139274,3139274,156923.697459,SUCCESS,sigmoid,
2026-06-05T05:03:54,87.0,40.3,sensor2_serial,2,2,6,2,120,245,20.000,20.005,0,3361143,3361143,168011.466931,SUCCESS,sigmoid,
2026-06-05T05:04:14,87.0,40.3,sensor2_serial,2,2,6,2,120,244,20.000,20.006,0,3206150,3206150,160262.789006,SUCCESS,sigmoid,
2026-06-05T05:04:34,87.0,40.3,sensor2_serial,2,2,6,2,120,243,20.000,20.005,0,2521017,2521017,126018.281112,SUCCESS,sigmoid,
2026-06-05T05:04:54,87.0,40.3,sensor2_serial,2,2,6,2,120,242,20.000,20.005,0,1775276,1775276,88740.669646,SUCCESS,sigmoid,
2026-06-05T05:05:14,87.0,40.3,sensor2_serial,2,2,6,2,120,241,20.000,20.005,0,1161523,1161523,58061.192090,SUCCESS,sigmoid,
2026-06-05T05:05:34,87.0,40.3,sensor2_serial,2,2,6,2,120,240,20.000,20.005,0,676251,676251,33803.424382,SUCCESS,sigmoid,
2026-06-05T05:05:54,87.0,40.3,sensor2_serial,2,2,6,2,120,239,20.000,20.005,0,596635,596635,29823.996252,SUCCESS,sigmoid,
2026-06-05T05:06:14,87.0,40.3,sensor2_serial,2,2,6,2,120,238,20.000,20.005,0,337528,337528,16871.914423,SUCCESS,sigmoid,
2026-06-05T05:06:34,87.0,40.3,sensor2_serial,2,2,6,2,120,237,20.000,20.005,0,177553,177553,8875.215523,SUCCESS,sigmoid,
2026-06-05T05:06:55,87.0,40.3,sensor2_serial,2,2,6,2,120,236,20.000,20.005,0,88199,88199,4408.819809,SUCCESS,sigmoid,
2026-06-05T05:07:15,87.0,40.3,sensor2_serial,2,2,6,2,120,235,20.000,20.005,0,27196,27196,1359.428404,SUCCESS,sigmoid,
2026-06-05T05:07:35,87.0,40.3,sensor2_serial,2,2,6,2,120,234,20.000,20.005,0,11499,11499,574.796300,SUCCESS,sigmoid,
2026-06-05T05:07:55,87.0,40.3,sensor2_serial,2,2,6,2,120,233,20.000,20.006,0,5046,5046,252.230452,SUCCESS,sigmoid,
2026-06-05T05:08:15,87.0,40.3,sensor2_serial,2,2,6,2,120,232,20.000,20.005,0,1816,1816,90.775296,SUCCESS,sigmoid,
2026-06-05T05:08:35,87.0,40.3,sensor2_serial,2,2,6,2,120,231,20.000,20.005,0,677,677,33.841303,SUCCESS,sigmoid,
2026-06-05T05:08:55,87.0,40.3,sensor2_serial,2,2,6,2,120,230,20.000,20.005,0,336,336,16.796115,SUCCESS,sigmoid,
2026-06-05T05:09:15,87.0,40.3,sensor2_serial,2,2,6,2,120,229,20.000,20.005,0,168,168,8.398051,SUCCESS,sigmoid,
2026-06-05T05:09:35,87.0,40.3,sensor2_serial,2,2,6,2,120,228,20.000,20.004,0,125,125,6.248670,SUCCESS,sigmoid,
2026-06-05T05:09:55,87.0,40.3,sensor2_serial,2,2,6,2,120,227,20.000,20.005,0,99,99,4.948734,SUCCESS,sigmoid,
2026-06-05T05:10:15,87.0,40.3,sensor2_serial,2,2,6,2,120,226,20.000,20.005,0,117,117,5.848671,SUCCESS,sigmoid,
2026-06-05T05:10:35,87.0,40.3,sensor2_serial,2,2,6,2,120,225,20.000,20.004,0,95,95,4.748987,SUCCESS,sigmoid,
2026-06-05T05:10:55,87.0,40.3,sensor2_serial,2,2,6,2,120,224,20.000,20.005,0,114,114,5.698539,SUCCESS,sigmoid,
2026-06-05T05:11:15,87.0,40.3,sensor2_serial,2,2,6,2,120,223,20.000,20.005,0,80,80,3.998929,SUCCESS,sigmoid,
2026-06-05T05:11:35,87.0,40.3,sensor2_serial,2,2,6,2,120,222,20.000,20.005,0,87,87,4.348989,SUCCESS,sigmoid,
2026-06-05T05:11:55,87.0,40.3,sensor2_serial,2,2,6,2,120,221,20.000,20.005,0,73,73,3.649024,SUCCESS,sigmoid,
2026-06-05T05:12:15,87.0,40.3,sensor2_serial,2,2,6,2,120,220,20.000,20.004,0,93,93,4.649036,SUCCESS,sigmoid,
2026-06-05T05:12:36,87.0,40.3,sensor2_serial,2,2,6,2,120,219,20.000,20.004,0,62,62,3.099357,SUCCESS,sigmoid,
2026-06-05T05:12:56,87.0,40.3,sensor2_serial,2,2,6,2,120,218,20.000,20.004,0,72,72,3.599208,SUCCESS,sigmoid,
2026-06-05T05:13:16,87.0,40.3,sensor2_serial,2,2,6,2,120,217,20.000,20.005,0,73,73,3.649050,SUCCESS,sigmoid,
2026-06-05T05:13:36,87.0,40.3,sensor2_serial,2,2,6,2,120,216,20.000,20.004,0,62,62,3.099312,SUCCESS,sigmoid,
2026-06-05T05:13:56,87.0,40.3,sensor2_serial,2,2,6,2,120,215,20.000,20.005,0,51,51,2.549418,SUCCESS,sigmoid,
2026-06-05T05:14:16,87.0,40.3,sensor2_serial,2,2,6,2,120,214,20.000,20.004,0,54,54,2.699422,SUCCESS,sigmoid,
2026-06-05T05:14:36,87.0,40.3,sensor2_serial,2,2,6,2,120,213,20.000,20.005,0,48,48,2.399371,SUCCESS,sigmoid,
2026-06-05T05:14:56,87.0,40.3,sensor2_serial,2,2,6,2,120,212,20.000,20.006,0,48,48,2.399337,SUCCESS,sigmoid,
2026-06-05T05:15:16,87.0,40.3,sensor2_serial,2,2,6,2,120,211,20.000,20.005,0,58,58,2.899336,SUCCESS,sigmoid,
2026-06-05T05:15:36,87.0,40.3,sensor2_serial,2,2,6,2,120,210,20.000,20.005,0,38,38,1.899562,SUCCESS,sigmoid,
2026-06-05T05:15:56,87.0,40.3,sensor2_serial,2,2,6,2,120,209,20.000,20.004,0,36,36,1.799624,SUCCESS,sigmoid,
2026-06-05T05:16:16,87.0,40.3,sensor2_serial,2,2,6,2,120,208,20.000,20.005,0,32,32,1.599572,SUCCESS,sigmoid,
2026-06-05T05:16:36,87.0,40.3,sensor2_serial,2,2,6,2,120,207,20.000,20.005,0,33,33,1.649576,SUCCESS,sigmoid,
2026-06-05T05:16:56,87.0,40.3,sensor2_serial,2,2,6,2,120,206,20.000,20.006,0,45,45,2.249370,SUCCESS,sigmoid,
2026-06-05T05:17:16,87.0,40.3,sensor2_serial,2,2,6,2,120,205,20.000,20.005,0,34,34,1.699534,SUCCESS,sigmoid,
2026-06-05T05:17:36,87.0,40.3,sensor2_serial,2,2,6,2,120,204,20.000,20.005,0,24,24,1.199689,SUCCESS,sigmoid,
2026-06-05T05:17:57,87.0,40.3,sensor2_serial,2,2,6,2,120,203,20.000,20.005,0,26,26,1.299694,SUCCESS,sigmoid,
2026-06-05T05:18:17,87.0,40.3,sensor2_serial,2,2,6,2,120,202,20.000,20.005,0,30,30,1.499589,SUCCESS,sigmoid,
2026-06-05T05:18:37,87.0,40.3,sensor2_serial,2,2,6,2,120,201,20.000,20.005,0,16,16,0.799782,SUCCESS,sigmoid,
2026-06-05T05:18:57,87.0,40.3,sensor2_serial,2,2,6,2,120,200,20.000,20.005,0,12,12,0.599860,SUCCESS,sigmoid,
2026-06-05T05:19:17,87.0,40.3,sensor2_serial,2,2,6,2,120,199,20.000,20.005,0,7,7,0.349904,SUCCESS,sigmoid,
2026-06-05T05:19:37,87.0,40.3,sensor2_serial,2,2,6,2,120,198,20.000,20.005,0,13,13,0.649841,SUCCESS,sigmoid,
2026-06-05T05:19:57,87.0,40.3,sensor2_serial,2,2,6,2,120,197,20.000,20.005,0,12,12,0.599840,SUCCESS,sigmoid,
2026-06-05T05:20:17,87.0,40.3,sensor2_serial,2,2,6,2,120,196,20.000,20.004,0,7,7,0.349924,SUCCESS,sigmoid,
2026-06-05T05:20:37,87.0,40.3,sensor2_serial,2,2,6,2,120,195,20.000,20.004,0,9,9,0.449899,SUCCESS,sigmoid,
2026-06-05T05:20:57,87.0,40.3,sensor2_serial,2,2,6,2,120,194,20.000,20.004,0,7,7,0.349923,SUCCESS,sigmoid,
2026-06-05T05:21:17,87.0,40.3,sensor2_serial,2,2,6,2,120,193,20.000,20.004,0,6,6,0.299939,SUCCESS,sigmoid,
2026-06-05T05:21:37,87.0,40.3,sensor2_serial,2,2,6,2,120,192,20.000,20.004,0,4,4,0.199956,SUCCESS,sigmoid,
2026-06-05T05:21:57,87.0,40.3,sensor2_serial,2,2,6,2,120,191,20.000,20.004,0,7,7,0.349923,SUCCESS,sigmoid,
2026-06-05T05:22:17,87.0,40.3,sensor2_serial,2,2,6,2,120,190,20.000,20.005,0,9,9,0.449899,SUCCESS,sigmoid,
2026-06-05T05:22:37,87.0,40.3,sensor2_serial,2,2,6,2,120,189,20.000,20.005,0,5,5,0.249934,SUCCESS,sigmoid,
2026-06-05T05:22:57,87.0,40.3,sensor2_serial,2,2,6,2,120,188,20.000,20.005,0,4,4,0.199955,SUCCESS,sigmoid,
2026-06-05T05:23:17,87.0,40.3,sensor2_serial,2,2,6,2,120,187,20.000,20.006,0,5,5,0.249931,SUCCESS,sigmoid,
2026-06-05T05:23:38,87.0,40.3,sensor2_serial,2,2,6,2,120,186,20.000,20.004,0,7,7,0.349923,SUCCESS,sigmoid,
2026-06-05T05:23:58,87.0,40.3,sensor2_serial,2,2,6,2,120,185,20.000,20.004,0,2,2,0.099978,SUCCESS,sigmoid,
2026-06-05T05:24:18,87.0,40.3,sensor2_serial,2,2,6,2,120,184,20.000,20.004,0,2,2,0.099978,SUCCESS,sigmoid,
2026-06-05T05:24:38,87.0,40.3,sensor2_serial,2,2,6,2,120,183,20.000,20.005,0,2,2,0.099977,SUCCESS,sigmoid,
2026-06-05T05:24:58,87.0,40.3,sensor2_serial,2,2,6,2,120,182,20.000,20.004,0,1,1,0.049990,SUCCESS,sigmoid,
2026-06-05T05:25:18,87.0,40.3,sensor2_serial,2,2,6,2,120,181,20.000,20.004,0,1,1,0.049990,SUCCESS,sigmoid,
2026-06-05T05:25:38,87.0,40.3,sensor2_serial,2,2,6,2,120,180,20.000,20.004,0,0,0,0.000000,SUCCESS,sigmoid,
2026-06-05T05:25:58,87.0,40.3,sensor2_serial,2,2,6,2,120,179,20.000,20.005,0,0,0,0.000000,SUCCESS,sigmoid,
2026-06-05T05:26:18,87.0,40.3,sensor2_serial,2,2,6,2,120,178,20.000,20.005,0,0,0,0.000000,SUCCESS,sigmoid,
2026-06-05T05:26:38,87.0,40.3,sensor2_serial,2,2,6,2,120,177,20.000,20.005,0,0,0,0.000000,SUCCESS,sigmoid,
2026-06-05T05:26:58,87.0,40.3,sensor2_serial,2,2,6,2,120,176,20.000,20.004,0,1,1,0.049989,SUCCESS,sigmoid,
2026-06-05T05:27:18,87.0,40.3,sensor2_serial,2,2,6,2,120,175,20.000,20.004,0,0,0,0.000000,SUCCESS,sigmoid,
2026-06-05T05:27:38,87.0,40.3,sensor2_serial,2,2,6,2,120,174,20.000,20.004,0,0,0,0.000000,SUCCESS,sigmoid,
2026-06-05T05:27:58,87.0,40.3,sensor2_serial,2,2,6,2,120,173,20.000,20.004,0,0,0,0.000000,SUCCESS,sigmoid,
2026-06-05T05:28:18,87.0,40.3,sensor2_serial,2,2,6,2,120,172,20.000,20.005,0,0,0,0.000000,SUCCESS,sigmoid,
2026-06-05T05:28:38,87.0,40.3,sensor2_serial,2,2,6,2,120,171,20.000,20.005,0,0,0,0.000000,SUCCESS,sigmoid,
2026-06-05T05:28:58,87.0,40.3,sensor2_serial,2,2,6,2,120,170,20.000,20.006,0,0,0,0.000000,SUCCESS,sigmoid,
2026-06-05T05:29:19,87.0,40.3,sensor2_serial,2,2,6,2,120,169,20.000,20.004,0,0,0,0.000000,SUCCESS,sigmoid,
2026-06-05T05:29:39,87.0,40.3,sensor2_serial,2,2,6,2,120,168,20.000,20.005,0,0,0,0.000000,SUCCESS,sigmoid,
2026-06-05T05:29:59,87.0,40.3,sensor2_serial,2,2,6,2,120,167,20.000,20.004,0,0,0,0.000000,SUCCESS,sigmoid,
2026-06-05T05:30:19,87.0,40.3,sensor2_serial,2,2,6,2,120,166,20.000,20.004,0,0,0,0.000000,SUCCESS,sigmoid,
2026-06-05T05:30:39,87.0,40.3,sensor2_serial,2,2,6,2,120,165,20.000,20.004,0,0,0,0.000000,SUCCESS,sigmoid,
2026-06-05T05:30:59,87.0,40.3,sensor2_serial,2,2,6,2,120,164,20.000,20.005,0,0,0,0.000000,SUCCESS,sigmoid,
2026-06-05T05:31:19,87.0,40.3,sensor2_serial,2,2,6,2,120,163,20.000,20.004,0,0,0,0.000000,SUCCESS,sigmoid,
2026-06-05T05:31:39,87.0,40.3,sensor2_serial,2,2,6,2,120,162,20.000,20.005,0,0,0,0.000000,SUCCESS,sigmoid,
2026-06-05T05:31:59,87.0,40.3,sensor2_serial,2,2,6,2,120,161,20.000,20.004,0,0,0,0.000000,SUCCESS,sigmoid,
2026-06-05T05:32:19,87.0,40.3,sensor2_serial,2,2,6,2,120,160,20.000,20.004,0,0,0,0.000000,SUCCESS,sigmoid,
2026-06-05T05:32:39,87.0,40.3,sensor2_serial,2,2,6,2,120,159,20.000,20.004,0,0,0,0.000000,SUCCESS,sigmoid,
2026-06-05T05:32:59,87.0,40.3,sensor2_serial,2,2,6,2,120,158,20.000,20.005,0,0,0,0.000000,SUCCESS,sigmoid,
2026-06-05T05:33:19,87.0,40.3,sensor2_serial,2,2,6,2,120,157,20.000,20.005,0,0,0,0.000000,SUCCESS,sigmoid,
2026-06-05T05:33:39,87.0,40.3,sensor2_serial,2,2,6,2,120,156,20.000,20.005,0,0,0,0.000000,SUCCESS,sigmoid,
2026-06-05T05:33:59,87.0,40.3,sensor2_serial,2,2,6,2,120,155,20.000,20.004,0,0,0,0.000000,SUCCESS,sigmoid,
2026-06-05T05:34:19,87.0,40.3,sensor2_serial,2,2,6,2,120,154,20.000,20.006,0,0,0,0.000000,SUCCESS,sigmoid,
2026-06-05T05:34:39,87.0,40.3,sensor2_serial,2,2,6,2,120,153,20.000,20.004,0,0,0,0.000000,SUCCESS,sigmoid,
2026-06-05T05:35:00,87.0,40.3,sensor2_serial,2,2,6,2,120,152,20.000,20.004,0,0,0,0.000000,SUCCESS,sigmoid,
2026-06-05T05:35:20,87.0,40.3,sensor2_serial,2,2,6,2,120,151,20.000,20.005,0,0,0,0.000000,SUCCESS,sigmoid,
2026-06-05T05:35:40,87.0,40.3,sensor2_serial,2,2,6,2,120,150,20.000,20.005,0,0,0,0.000000,SUCCESS,sigmoid,
2026-06-05T05:36:00,87.0,40.3,sensor2_serial,2,2,6,2,120,149,20.000,20.005,0,0,0,0.000000,SUCCESS,sigmoid,
2026-06-05T05:36:20,87.0,40.3,sensor2_serial,2,2,6,2,120,148,20.000,20.005,0,0,0,0.000000,SUCCESS,sigmoid,
2026-06-05T05:36:40,87.0,40.3,sensor2_serial,2,2,6,2,120,147,20.000,20.005,0,0,0,0.000000,SUCCESS,sigmoid,
2026-06-05T05:37:00,87.0,40.3,sensor2_serial,2,2,6,2,120,146,20.000,20.005,0,0,0,0.000000,SUCCESS,sigmoid,
2026-06-05T05:37:20,87.0,40.3,sensor2_serial,2,2,6,2,120,145,20.000,20.006,0,0,0,0.000000,SUCCESS,sigmoid,
2026-06-05T05:37:40,87.0,40.3,sensor2_serial,2,2,6,2,120,144,20.000,20.004,0,0,0,0.000000,SUCCESS,sigmoid,
2026-06-05T05:38:00,87.0,40.3,sensor2_serial,2,2,6,2,120,143,20.000,20.005,0,0,0,0.000000,SUCCESS,sigmoid,
2026-06-05T05:38:20,87.0,40.3,sensor2_serial,2,2,6,2,120,142,20.000,20.004,0,0,0,0.000000,SUCCESS,sigmoid,
2026-06-05T05:38:40,87.0,40.3,sensor2_serial,2,2,6,2,120,141,20.000,20.005,0,0,0,0.000000,SUCCESS,sigmoid,
2026-06-05T05:39:00,87.0,40.3,sensor2_serial,2,2,6,2,120,140,20.000,20.004,0,0,0,0.000000,SUCCESS,sigmoid,
2026-06-05T05:39:20,87.0,40.3,sensor2_serial,2,2,6,2,120,139,20.000,20.004,0,0,0,0.000000,SUCCESS,sigmoid,
2026-06-05T05:39:40,87.0,40.3,sensor2_serial,2,2,6,2,120,138,20.000,20.004,0,0,0,0.000000,SUCCESS,sigmoid,
2026-06-05T05:40:00,87.0,40.3,sensor2_serial,2,2,6,2,120,137,20.000,20.005,0,0,0,0.000000,SUCCESS,sigmoid,
2026-06-05T05:40:20,87.0,40.3,sensor2_serial,2,2,6,2,120,136,20.000,20.005,0,0,0,0.000000,SUCCESS,sigmoid,
2026-06-05T05:40:41,87.0,40.3,sensor2_serial,2,2,6,2,120,135,20.000,20.004,0,0,0,0.000000,SUCCESS,sigmoid,
2026-06-05T05:41:01,87.0,40.3,sensor2_serial,2,2,6,2,120,134,20.000,20.004,0,0,0,0.000000,SUCCESS,sigmoid,
2026-06-05T05:41:21,87.0,40.3,sensor2_serial,2,2,6,2,120,133,20.000,20.004,0,0,0,0.000000,SUCCESS,sigmoid,
2026-06-05T05:41:41,87.0,40.3,sensor2_serial,2,2,6,2,120,132,20.000,20.004,0,0,0,0.000000,SUCCESS,sigmoid,
2026-06-05T05:42:01,87.0,40.3,sensor2_serial,2,2,6,2,120,131,20.000,20.004,0,0,0,0.000000,SUCCESS,sigmoid,
2026-06-05T05:42:21,87.0,40.3,sensor2_serial,2,2,6,2,120,130,20.000,20.005,0,0,0,0.000000,SUCCESS,sigmoid,
2026-06-05T05:42:41,87.0,40.3,sensor2_serial,2,2,6,2,120,129,20.000,20.005,0,0,0,0.000000,SUCCESS,sigmoid,
2026-06-05T05:43:01,87.0,40.3,sensor2_serial,2,2,6,2,120,128,20.000,20.004,0,0,0,0.000000,SUCCESS,sigmoid,
2026-06-05T05:43:21,87.0,40.3,sensor2_serial,2,2,6,2,120,127,20.000,20.004,0,0,0,0.000000,SUCCESS,sigmoid,
2026-06-05T05:43:41,87.0,40.3,sensor2_serial,2,2,6,2,120,126,20.000,20.005,0,0,0,0.000000,SUCCESS,sigmoid,
2026-06-05T05:44:01,87.0,40.3,sensor2_serial,2,2,6,2,120,125,20.000,20.004,0,0,0,0.000000,SUCCESS,sigmoid,
2026-06-05T05:44:21,87.0,40.3,sensor2_serial,2,2,6,2,120,124,20.000,20.005,0,0,0,0.000000,SUCCESS,sigmoid,
2026-06-05T05:44:41,87.0,40.3,sensor2_serial,2,2,6,2,120,123,20.000,20.006,0,0,0,0.000000,SUCCESS,sigmoid,
2026-06-05T05:45:01,87.0,40.3,sensor2_serial,2,2,6,2,120,122,20.000,20.006,0,0,0,0.000000,SUCCESS,sigmoid,
2026-06-05T05:45:21,87.0,40.3,sensor2_serial,2,2,6,2,120,121,20.000,20.005,0,0,0,0.000000,SUCCESS,sigmoid,
2026-06-05T05:45:41,87.0,40.3,sensor2_serial,2,2,6,2,120,120,20.000,20.004,0,0,0,0.000000,SUCCESS,sigmoid,
2026-06-05T05:46:01,87.0,40.3,sensor2_serial,2,2,6,2,120,119,20.000,20.004,0,0,0,0.000000,SUCCESS,sigmoid,
2026-06-05T05:46:22,87.0,40.3,sensor2_serial,2,2,6,2,120,118,20.000,20.004,0,0,0,0.000000,SUCCESS,sigmoid,
2026-06-05T05:46:42,87.0,40.3,sensor2_serial,2,2,6,2,120,117,20.000,20.004,0,0,0,0.000000,SUCCESS,sigmoid,
2026-06-05T05:47:02,87.0,40.3,sensor2_serial,2,2,6,2,120,116,20.000,20.005,0,0,0,0.000000,SUCCESS,sigmoid,
2026-06-05T05:47:22,87.0,40.3,sensor2_serial,2,2,6,2,120,115,20.000,20.005,0,0,0,0.000000,SUCCESS,sigmoid,
2026-06-05T05:47:42,87.0,40.3,sensor2_serial,2,2,6,2,120,114,20.000,20.004,0,0,0,0.000000,SUCCESS,sigmoid,
2026-06-05T05:48:02,87.0,40.3,sensor2_serial,2,2,6,2,120,113,20.000,20.005,0,0,0,0.000000,SUCCESS,sigmoid,
2026-06-05T05:48:22,87.0,40.3,sensor2_serial,2,2,6,2,120,112,20.000,20.004,0,0,0,0.000000,SUCCESS,sigmoid,
2026-06-05T05:48:42,87.0,40.3,sensor2_serial,2,2,6,2,120,111,20.000,20.004,0,0,0,0.000000,SUCCESS,sigmoid,
2026-06-05T05:49:02,87.0,40.3,sensor2_serial,2,2,6,2,120,110,20.000,20.004,0,0,0,0.000000,SUCCESS,sigmoid,
2026-06-05T05:49:22,87.0,40.3,sensor2_serial,2,2,6,2,120,109,20.000,20.004,0,0,0,0.000000,SUCCESS,sigmoid,
2026-06-05T05:49:42,87.0,40.3,sensor2_serial,2,2,6,2,120,108,20.000,20.004,0,0,0,0.000000,SUCCESS,sigmoid,
2026-06-05T05:50:02,87.0,40.3,sensor2_serial,2,2,6,2,120,107,20.000,20.004,0,0,0,0.000000,SUCCESS,sigmoid,
2026-06-05T05:50:22,87.0,40.3,sensor2_serial,2,2,6,2,120,106,20.000,20.004,0,0,0,0.000000,SUCCESS,sigmoid,
2026-06-05T05:50:42,87.0,40.3,sensor2_serial,2,2,6,2,120,105,20.000,20.004,0,0,0,0.000000,SUCCESS,sigmoid,
2026-06-05T05:51:02,87.0,40.3,sensor2_serial,2,2,6,2,120,104,20.000,20.005,0,0,0,0.000000,SUCCESS,sigmoid,
2026-06-05T05:51:22,87.0,40.3,sensor2_serial,2,2,6,2,120,103,20.000,20.004,0,0,0,0.000000,SUCCESS,sigmoid,
2026-06-05T05:51:42,87.0,40.3,sensor2_serial,2,2,6,2,120,102,20.000,20.004,0,0,0,0.000000,SUCCESS,sigmoid,
2026-06-05T05:52:03,87.0,40.3,sensor2_serial,2,2,6,2,120,101,20.000,20.004,0,0,0,0.000000,SUCCESS,sigmoid,
2026-06-05T05:52:23,87.0,40.3,sensor2_serial,2,2,6,2,120,100,20.000,20.005,0,0,0,0.000000,SUCCESS,sigmoid,
2026-06-05T05:52:43,87.0,40.3,sensor2_serial,2,2,6,2,120,99,20.000,20.004,0,0,0,0.000000,SUCCESS,sigmoid,
2026-06-05T05:53:03,87.0,40.3,sensor2_serial,2,2,6,2,120,98,20.000,20.005,0,0,0,0.000000,SUCCESS,sigmoid,
2026-06-05T05:53:23,87.0,40.3,sensor2_serial,2,2,6,2,120,97,20.000,20.005,0,0,0,0.000000,SUCCESS,sigmoid,
2026-06-05T05:53:43,87.0,40.3,sensor2_serial,2,2,6,2,120,96,20.000,20.005,0,0,0,0.000000,SUCCESS,sigmoid,
2026-06-05T05:54:03,87.0,40.3,sensor2_serial,2,2,6,2,120,95,20.000,20.004,0,0,0,0.000000,SUCCESS,sigmoid,
2026-06-05T05:54:23,87.0,40.3,sensor2_serial,2,2,6,2,120,94,20.000,20.005,0,0,0,0.000000,SUCCESS,sigmoid,
2026-06-05T05:54:43,87.0,40.3,sensor2_serial,2,2,6,2,120,93,20.000,20.004,0,0,0,0.000000,SUCCESS,sigmoid,
2026-06-05T05:55:03,87.0,40.3,sensor2_serial,2,2,6,2,120,92,20.000,20.004,0,0,0,0.000000,SUCCESS,sigmoid,
2026-06-05T05:55:23,87.0,40.3,sensor2_serial,2,2,6,2,120,91,20.000,20.005,0,0,0,0.000000,SUCCESS,sigmoid,
2026-06-05T05:55:43,87.0,40.3,sensor2_serial,2,2,6,2,120,90,20.000,20.005,0,0,0,0.000000,SUCCESS,sigmoid,
2026-06-05T05:56:03,87.0,40.3,sensor2_serial,2,2,6,2,120,89,20.000,20.005,0,0,0,0.000000,SUCCESS,sigmoid,
2026-06-05T05:56:23,87.0,40.3,sensor2_serial,2,2,6,2,120,88,20.000,20.005,0,0,0,0.000000,SUCCESS,sigmoid,
2026-06-05T05:56:43,87.0,40.3,sensor2_serial,2,2,6,2,120,87,20.000,20.005,0,0,0,0.000000,SUCCESS,sigmoid,
2026-06-05T05:57:03,87.0,40.3,sensor2_serial,2,2,6,2,120,86,20.000,20.005,0,0,0,0.000000,SUCCESS,sigmoid,
2026-06-05T05:57:23,87.0,40.3,sensor2_serial,2,2,6,2,120,85,20.000,20.004,0,0,0,0.000000,SUCCESS,sigmoid,
2026-06-05T05:57:44,87.0,40.3,sensor2_serial,2,2,6,2,120,84,20.000,20.004,0,0,0,0.000000,SUCCESS,sigmoid,
2026-06-05T05:58:04,87.0,40.3,sensor2_serial,2,2,6,2,120,83,20.000,20.004,0,0,0,0.000000,SUCCESS,sigmoid,
2026-06-05T05:58:24,87.0,40.3,sensor2_serial,2,2,6,2,120,82,20.000,20.004,0,0,0,0.000000,SUCCESS,sigmoid,
2026-06-05T05:58:44,87.0,40.3,sensor2_serial,2,2,6,2,120,81,20.000,20.004,0,0,0,0.000000,SUCCESS,sigmoid,
2026-06-05T05:59:04,87.0,40.3,sensor2_serial,2,2,6,2,120,80,20.000,20.004,0,0,0,0.000000,SUCCESS,sigmoid,
2026-06-05T05:59:24,87.0,40.3,sensor2_serial,2,2,6,2,120,79,20.000,20.004,0,0,0,0.000000,SUCCESS,sigmoid,
2026-06-05T05:59:44,87.0,40.3,sensor2_serial,2,2,6,2,120,78,20.000,20.004,0,0,0,0.000000,SUCCESS,sigmoid,
2026-06-05T06:00:04,87.0,40.3,sensor2_serial,2,2,6,2,120,77,20.000,20.004,0,0,0,0.000000,SUCCESS,sigmoid,
2026-06-05T06:00:24,87.0,40.3,sensor2_serial,2,2,6,2,120,76,20.000,20.004,0,0,0,0.000000,SUCCESS,sigmoid,
2026-06-05T06:00:44,87.0,40.3,sensor2_serial,2,2,6,2,120,75,20.000,20.005,0,0,0,0.000000,SUCCESS,sigmoid,
2026-06-05T06:01:04,87.0,40.3,sensor2_serial,2,2,6,2,120,74,20.000,20.005,0,0,0,0.000000,SUCCESS,sigmoid,
2026-06-05T06:01:24,87.0,40.3,sensor2_serial,2,2,6,2,120,73,20.000,20.005,0,0,0,0.000000,SUCCESS,sigmoid,
2026-06-05T06:01:44,87.0,40.3,sensor2_serial,2,2,6,2,120,72,20.000,20.004,0,0,0,0.000000,SUCCESS,sigmoid,
2026-06-05T06:02:04,87.0,40.3,sensor2_serial,2,2,6,2,120,71,20.000,20.005,0,0,0,0.000000,SUCCESS,sigmoid,
2026-06-05T06:02:24,87.0,40.3,sensor2_serial,2,2,6,2,120,70,20.000,20.004,0,0,0,0.000000,SUCCESS,sigmoid,
2026-06-05T06:02:44,87.0,40.3,sensor2_serial,2,2,6,2,120,69,20.000,20.005,0,0,0,0.000000,SUCCESS,sigmoid,
2026-06-05T06:03:04,87.0,40.3,sensor2_serial,2,2,6,2,120,68,20.000,20.004,0,0,0,0.000000,SUCCESS,sigmoid,
2026-06-05T06:03:25,87.0,40.3,sensor2_serial,2,2,6,2,120,67,20.000,20.004,0,0,0,0.000000,SUCCESS,sigmoid,
2026-06-05T06:03:45,87.0,40.3,sensor2_serial,2,2,6,2,120,66,20.000,20.006,0,0,0,0.000000,SUCCESS,sigmoid,
2026-06-05T06:04:05,87.0,40.3,sensor2_serial,2,2,6,2,120,65,20.000,20.005,0,0,0,0.000000,SUCCESS,sigmoid,
2026-06-05T06:04:25,87.0,40.3,sensor2_serial,2,2,6,2,120,64,20.000,20.004,0,0,0,0.000000,SUCCESS,sigmoid,
2026-06-05T06:04:45,87.0,40.3,sensor2_serial,2,2,6,2,120,63,20.000,20.004,0,0,0,0.000000,SUCCESS,sigmoid,
2026-06-05T06:05:05,87.0,40.3,sensor2_serial,2,2,6,2,120,62,20.000,20.004,0,0,0,0.000000,SUCCESS,sigmoid,
2026-06-05T06:05:25,87.0,40.3,sensor2_serial,2,2,6,2,120,61,20.000,20.004,0,0,0,0.000000,SUCCESS,sigmoid,
2026-06-05T06:05:45,87.0,40.3,sensor2_serial,2,2,6,2,120,60,20.000,20.005,0,0,0,0.000000,SUCCESS,sigmoid,
2026-06-05T06:06:05,87.0,40.3,sensor2_serial,2,2,6,2,120,59,20.000,20.004,0,0,0,0.000000,SUCCESS,sigmoid,
2026-06-05T06:06:25,87.0,40.3,sensor2_serial,2,2,6,2,120,58,20.000,20.004,0,0,0,0.000000,SUCCESS,sigmoid,
2026-06-05T06:06:45,87.0,40.3,sensor2_serial,2,2,6,2,120,57,20.000,20.004,0,0,0,0.000000,SUCCESS,sigmoid,
2026-06-05T06:07:05,87.0,40.3,sensor2_serial,2,2,6,2,120,56,20.000,20.004,0,0,0,0.000000,SUCCESS,sigmoid,
2026-06-05T06:07:25,87.0,40.3,sensor2_serial,2,2,6,2,120,55,20.000,20.004,0,0,0,0.000000,SUCCESS,sigmoid,
2026-06-05T06:07:45,87.0,40.3,sensor2_serial,2,2,6,2,120,54,20.000,20.004,0,0,0,0.000000,SUCCESS,sigmoid,
2026-06-05T06:08:05,87.0,40.3,sensor2_serial,2,2,6,2,120,53,20.000,20.006,0,0,0,0.000000,SUCCESS,sigmoid,
2026-06-05T06:08:25,87.0,40.3,sensor2_serial,2,2,6,2,120,52,20.000,20.004,0,0,0,0.000000,SUCCESS,sigmoid,
2026-06-05T06:08:45,87.0,40.3,sensor2_serial,2,2,6,2,120,51,20.000,20.004,0,0,0,0.000000,SUCCESS,sigmoid,
2026-06-05T06:09:06,87.0,40.3,sensor2_serial,2,2,6,2,120,50,20.000,20.004,0,0,0,0.000000,SUCCESS,sigmoid,
2026-06-05T06:09:26,87.0,40.3,sensor2_serial,2,2,6,2,120,49,20.000,20.004,0,0,0,0.000000,SUCCESS,sigmoid,
2026-06-05T06:09:46,87.0,40.3,sensor2_serial,2,2,6,2,120,48,20.000,20.004,0,0,0,0.000000,SUCCESS,sigmoid,
2026-06-05T06:10:06,87.0,40.3,sensor2_serial,2,2,6,2,120,47,20.000,20.004,0,0,0,0.000000,SUCCESS,sigmoid,
2026-06-05T06:10:26,87.0,40.3,sensor2_serial,2,2,6,2,120,46,20.000,20.004,0,0,0,0.000000,SUCCESS,sigmoid,
2026-06-05T06:10:46,87.0,40.3,sensor2_serial,2,2,6,2,120,45,20.000,20.004,0,0,0,0.000000,SUCCESS,sigmoid,
2026-06-05T06:11:06,87.0,40.3,sensor2_serial,2,2,6,2,120,44,20.000,20.004,0,0,0,0.000000,SUCCESS,sigmoid,
2026-06-05T06:11:26,87.0,40.3,sensor2_serial,2,2,6,2,120,43,20.000,20.004,0,0,0,0.000000,SUCCESS,sigmoid,
2026-06-05T06:11:46,87.0,40.3,sensor2_serial,2,2,6,2,120,42,20.000,20.005,0,0,0,0.000000,SUCCESS,sigmoid,
2026-06-05T06:12:06,87.0,40.3,sensor2_serial,2,2,6,2,120,41,20.000,20.006,0,0,0,0.000000,SUCCESS,sigmoid,
2026-06-05T06:12:26,87.0,40.3,sensor2_serial,2,2,6,2,120,40,20.000,20.004,0,0,0,0.000000,SUCCESS,sigmoid,
2026-06-05T06:12:46,87.0,40.3,sensor2_serial,2,2,6,2,120,39,20.000,20.004,0,0,0,0.000000,SUCCESS,sigmoid,
2026-06-05T06:13:06,87.0,40.3,sensor2_serial,2,2,6,2,120,38,20.000,20.004,0,0,0,0.000000,SUCCESS,sigmoid,
2026-06-05T06:13:26,87.0,40.3,sensor2_serial,2,2,6,2,120,37,20.000,20.004,0,0,0,0.000000,SUCCESS,sigmoid,
2026-06-05T06:13:46,87.0,40.3,sensor2_serial,2,2,6,2,120,36,20.000,20.005,0,0,0,0.000000,SUCCESS,sigmoid,
2026-06-05T06:14:06,87.0,40.3,sensor2_serial,2,2,6,2,120,35,20.000,20.004,0,0,0,0.000000,SUCCESS,sigmoid,
2026-06-05T06:14:27,87.0,40.3,sensor2_serial,2,2,6,2,120,34,20.000,20.004,0,0,0,0.000000,SUCCESS,sigmoid,
2026-06-05T06:14:47,87.0,40.3,sensor2_serial,2,2,6,2,120,33,20.000,20.004,0,0,0,0.000000,SUCCESS,sigmoid,
2026-06-05T06:15:07,87.0,40.3,sensor2_serial,2,2,6,2,120,32,20.000,20.005,0,0,0,0.000000,SUCCESS,sigmoid,
2026-06-05T06:15:27,87.0,40.3,sensor2_serial,2,2,6,2,120,31,20.000,20.004,0,0,0,0.000000,SUCCESS,sigmoid,
2026-06-05T06:15:47,87.0,40.3,sensor2_serial,2,2,6,2,120,30,20.000,20.004,0,0,0,0.000000,SUCCESS,sigmoid,
2026-06-05T06:16:07,87.0,40.3,sensor2_serial,2,2,6,2,120,29,20.000,20.005,0,0,0,0.000000,SUCCESS,sigmoid,
2026-06-05T06:16:27,87.0,40.3,sensor2_serial,2,2,6,2,120,28,20.000,20.005,0,0,0,0.000000,SUCCESS,sigmoid,
2026-06-05T06:16:47,87.0,40.3,sensor2_serial,2,2,6,2,120,27,20.000,20.005,0,0,0,0.000000,SUCCESS,sigmoid,
2026-06-05T06:17:07,87.0,40.3,sensor2_serial,2,2,6,2,120,26,20.000,20.004,0,0,0,0.000000,SUCCESS,sigmoid,
2026-06-05T06:17:27,87.0,40.3,sensor2_serial,2,2,6,2,120,25,20.000,20.004,0,0,0,0.000000,SUCCESS,sigmoid,
2026-06-05T06:17:47,87.0,40.3,sensor2_serial,2,2,6,2,120,24,20.000,20.004,0,0,0,0.000000,SUCCESS,sigmoid,
2026-06-05T06:18:07,87.0,40.3,sensor2_serial,2,2,6,2,120,23,20.000,20.004,0,0,0,0.000000,SUCCESS,sigmoid,
2026-06-05T06:18:27,87.0,40.3,sensor2_serial,2,2,6,2,120,22,20.000,20.005,0,0,0,0.000000,SUCCESS,sigmoid,
2026-06-05T06:18:47,87.0,40.3,sensor2_serial,2,2,6,2,120,21,20.000,20.006,0,0,0,0.000000,SUCCESS,sigmoid,
2026-06-05T06:19:07,87.0,40.3,sensor2_serial,2,2,6,2,120,20,20.000,20.004,0,0,0,0.000000,SUCCESS,sigmoid,
2026-06-05T06:19:27,87.0,40.3,sensor2_serial,2,2,6,2,120,19,20.000,20.004,0,0,0,0.000000,SUCCESS,sigmoid,
2026-06-05T06:19:47,87.0,40.3,sensor2_serial,2,2,6,2,120,18,20.000,20.005,0,0,0,0.000000,SUCCESS,sigmoid,
2026-06-05T06:20:08,87.0,40.3,sensor2_serial,2,2,6,2,120,17,20.000,20.004,0,0,0,0.000000,SUCCESS,sigmoid,
2026-06-05T06:20:28,87.0,40.3,sensor2_serial,2,2,6,2,120,16,20.000,20.005,0,0,0,0.000000,SUCCESS,sigmoid,
2026-06-05T06:20:48,87.0,40.3,sensor2_serial,2,2,6,2,120,15,20.000,20.005,0,0,0,0.000000,SUCCESS,sigmoid,
2026-06-05T06:21:08,87.0,40.3,sensor2_serial,2,2,6,2,120,14,20.000,20.005,0,0,0,0.000000,SUCCESS,sigmoid,
2026-06-05T06:21:28,87.0,40.3,sensor2_serial,2,2,6,2,120,13,20.000,20.005,0,0,0,0.000000,SUCCESS,sigmoid,
2026-06-05T06:21:48,87.0,40.3,sensor2_serial,2,2,6,2,120,12,20.000,20.005,0,0,0,0.000000,SUCCESS,sigmoid,
2026-06-05T06:22:08,87.0,40.3,sensor2_serial,2,2,6,2,120,11,20.000,20.004,0,0,0,0.000000,SUCCESS,sigmoid,
2026-06-05T06:22:28,87.0,40.3,sensor2_serial,2,2,6,2,120,10,20.000,20.004,0,0,0,0.000000,SUCCESS,sigmoid,
2026-06-05T06:22:48,87.0,40.3,sensor2_serial,2,2,6,2,120,9,20.000,20.004,0,0,0,0.000000,SUCCESS,sigmoid,
2026-06-05T06:23:08,87.0,40.3,sensor2_serial,2,2,6,2,120,8,20.000,20.004,0,0,0,0.000000,SUCCESS,sigmoid,
2026-06-05T06:23:28,87.0,40.3,sensor2_serial,2,2,6,2,120,7,20.000,20.004,0,0,0,0.000000,SUCCESS,sigmoid,
2026-06-05T06:23:48,87.0,40.3,sensor2_serial,2,2,6,2,120,6,20.000,20.004,0,0,0,0.000000,SUCCESS,sigmoid,
2026-06-05T06:24:08,87.0,40.3,sensor2_serial,2,2,6,2,120,5,20.000,20.004,0,0,0,0.000000,SUCCESS,sigmoid,
2026-06-05T06:24:28,87.0,40.3,sensor2_serial,2,2,6,2,120,4,20.000,20.005,0,0,0,0.000000,SUCCESS,sigmoid,
2026-06-05T06:24:48,87.0,40.3,sensor2_serial,2,2,6,2,120,3,20.000,20.004,0,0,0,0.000000,SUCCESS,sigmoid,
2026-06-05T06:25:08,87.0,40.3,sensor2_serial,2,2,6,2,120,2,20.000,20.005,0,0,0,0.000000,SUCCESS,sigmoid,
2026-06-05T06:25:28,87.0,40.3,sensor2_serial,2,2,6,2,120,1,20.000,20.004,0,0,0,0.000000,SUCCESS,sigmoid,
2026-06-05T06:25:49,87.0,40.3,sensor2_serial,2,2,6,2,120,0,20.000,20.005,0,0,0,0.000000,SUCCESS,sigmoid,
2026-06-05T06:26:23,88.0,39.3,sensor2_serial,2,0,4,0,120,255,20.000,20.006,0,3543969,3543969,177149.655016,SUCCESS,sigmoid,
2026-06-05T06:26:43,88.0,39.3,sensor2_serial,2,0,4,0,120,254,20.000,20.006,0,3316267,3316267,165767.346374,SUCCESS,sigmoid,
2026-06-05T06:27:03,88.0,39.3,sensor2_serial,2,0,4,0,120,253,20.000,20.005,0,2614617,2614617,130697.003363,SUCCESS,sigmoid,
2026-06-05T06:27:23,88.0,39.3,sensor2_serial,2,0,4,0,120,252,20.000,20.005,0,1909331,1909331,95440.848373,SUCCESS,sigmoid,
2026-06-05T06:27:43,88.0,39.3,sensor2_serial,2,0,4,0,120,251,20.000,20.005,0,1075582,1075582,53764.446597,SUCCESS,sigmoid,
2026-06-05T06:28:03,88.0,39.3,sensor2_serial,2,0,4,0,120,250,20.000,20.006,0,606129,606129,30297.821092,SUCCESS,sigmoid,
2026-06-05T06:28:23,88.0,39.3,sensor2_serial,2,0,4,0,120,249,20.000,20.005,0,334616,334616,16726.555655,SUCCESS,sigmoid,
2026-06-05T06:28:43,88.0,39.3,sensor2_serial,2,0,4,0,120,248,20.000,20.005,0,149000,149000,7447.974685,SUCCESS,sigmoid,
2026-06-05T06:29:03,88.0,39.3,sensor2_serial,2,0,4,0,120,247,20.000,20.005,0,73114,73114,3654.809760,SUCCESS,sigmoid,
2026-06-05T06:29:23,88.0,39.3,sensor2_serial,2,0,4,0,120,246,20.000,20.006,0,31592,31592,1579.158572,SUCCESS,sigmoid,
2026-06-05T06:29:43,88.0,39.3,sensor2_serial,2,0,4,0,120,245,20.000,20.005,0,31619,31619,1580.517838,SUCCESS,sigmoid,
2026-06-05T06:30:03,88.0,39.3,sensor2_serial,2,0,4,0,120,244,20.000,20.005,0,11316,11316,565.646791,SUCCESS,sigmoid,
2026-06-05T06:30:23,88.0,39.3,sensor2_serial,2,0,4,0,120,243,20.000,20.006,0,5595,5595,279.672249,SUCCESS,sigmoid,
2026-06-05T06:30:43,88.0,39.3,sensor2_serial,2,0,4,0,120,242,20.000,20.006,0,1824,1824,91.174216,SUCCESS,sigmoid,
2026-06-05T06:31:03,88.0,39.3,sensor2_serial,2,0,4,0,120,241,20.000,20.006,0,732,732,36.589804,SUCCESS,sigmoid,
2026-06-05T06:31:23,88.0,39.3,sensor2_serial,2,0,4,0,120,240,20.000,20.004,0,380,380,18.995803,SUCCESS,sigmoid,
2026-06-05T06:31:44,88.0,39.3,sensor2_serial,2,0,4,0,120,239,20.000,20.005,0,207,207,10.347346,SUCCESS,sigmoid,
2026-06-05T06:32:04,88.0,39.3,sensor2_serial,2,0,4,0,120,238,20.000,20.005,0,157,157,7.847933,SUCCESS,sigmoid,
2026-06-05T06:32:24,88.0,39.3,sensor2_serial,2,0,4,0,120,237,20.000,20.005,0,170,170,8.497676,SUCCESS,sigmoid,
2026-06-05T06:32:44,88.0,39.3,sensor2_serial,2,0,4,0,120,236,20.000,20.005,0,140,140,6.998160,SUCCESS,sigmoid,
2026-06-05T06:33:04,88.0,39.3,sensor2_serial,2,0,4,0,120,235,20.000,20.005,0,140,140,6.998108,SUCCESS,sigmoid,
2026-06-05T06:33:24,88.0,39.3,sensor2_serial,2,0,4,0,120,234,20.000,20.005,0,106,106,5.298575,SUCCESS,sigmoid,
2026-06-05T06:33:44,88.0,39.3,sensor2_serial,2,0,4,0,120,233,20.000,20.006,0,117,117,5.848388,SUCCESS,sigmoid,
2026-06-05T06:34:04,88.0,39.3,sensor2_serial,2,0,4,0,120,232,20.000,20.005,0,127,127,6.348262,SUCCESS,sigmoid,
2026-06-05T06:34:24,88.0,39.3,sensor2_serial,2,0,4,0,120,231,20.000,20.005,0,115,115,5.748432,SUCCESS,sigmoid,
2026-06-05T06:34:44,88.0,39.3,sensor2_serial,2,0,4,0,120,230,20.000,20.006,0,108,108,5.398507,SUCCESS,sigmoid,
2026-06-05T06:35:04,88.0,39.3,sensor2_serial,2,0,4,0,120,229,20.000,20.005,0,108,108,5.398635,SUCCESS,sigmoid,
2026-06-05T06:35:24,88.0,39.3,sensor2_serial,2,0,4,0,120,228,20.000,20.004,0,117,117,5.848744,SUCCESS,sigmoid,
2026-06-05T06:35:44,88.0,39.3,sensor2_serial,2,0,4,0,120,227,20.000,20.004,0,115,115,5.748743,SUCCESS,sigmoid,
2026-06-05T06:36:04,88.0,39.3,sensor2_serial,2,0,4,0,120,226,20.000,20.005,0,111,111,5.548540,SUCCESS,sigmoid,
2026-06-05T06:36:24,88.0,39.3,sensor2_serial,2,0,4,0,120,225,20.000,20.005,0,105,105,5.248567,SUCCESS,sigmoid,
2026-06-05T06:36:44,88.0,39.3,sensor2_serial,2,0,4,0,120,224,20.000,20.006,0,97,97,4.848659,SUCCESS,sigmoid,
2026-06-05T06:37:04,88.0,39.3,sensor2_serial,2,0,4,0,120,223,20.000,20.006,0,106,106,5.298538,SUCCESS,sigmoid,
2026-06-05T06:37:25,88.0,39.3,sensor2_serial,2,0,4,0,120,222,20.000,20.005,0,88,88,4.398845,SUCCESS,sigmoid,
2026-06-05T06:37:45,88.0,39.3,sensor2_serial,2,0,4,0,120,221,20.000,20.005,0,103,103,5.148610,SUCCESS,sigmoid,
2026-06-05T06:38:05,88.0,39.3,sensor2_serial,2,0,4,0,120,220,20.000,20.005,0,73,73,3.649079,SUCCESS,sigmoid,
2026-06-05T06:38:25,88.0,39.3,sensor2_serial,2,0,4,0,120,219,20.000,20.004,0,110,110,5.498867,SUCCESS,sigmoid,
2026-06-05T06:38:45,88.0,39.3,sensor2_serial,2,0,4,0,120,218,20.000,20.005,0,86,86,4.298858,SUCCESS,sigmoid,
2026-06-05T06:39:05,88.0,39.3,sensor2_serial,2,0,4,0,120,217,20.000,20.005,0,91,91,4.548849,SUCCESS,sigmoid,
2026-06-05T06:39:25,88.0,39.3,sensor2_serial,2,0,4,0,120,216,20.000,20.004,0,71,71,3.549256,SUCCESS,sigmoid,
2026-06-05T06:39:45,88.0,39.3,sensor2_serial,2,0,4,0,120,215,20.000,20.005,0,84,84,4.198901,SUCCESS,sigmoid,
2026-06-05T06:40:05,88.0,39.3,sensor2_serial,2,0,4,0,120,214,20.000,20.005,0,84,84,4.198890,SUCCESS,sigmoid,
2026-06-05T06:40:25,88.0,39.3,sensor2_serial,2,0,4,0,120,213,20.000,20.005,0,72,72,3.599058,SUCCESS,sigmoid,
2026-06-05T06:40:45,88.0,39.3,sensor2_serial,2,0,4,0,120,212,20.000,20.005,0,74,74,3.699007,SUCCESS,sigmoid,
2026-06-05T06:41:05,88.0,39.3,sensor2_serial,2,0,4,0,120,211,20.000,20.005,0,73,73,3.649010,SUCCESS,sigmoid,
2026-06-05T06:41:25,88.0,39.3,sensor2_serial,2,0,4,0,120,210,20.000,20.005,0,57,57,2.849280,SUCCESS,sigmoid,
2026-06-05T06:41:45,88.0,39.3,sensor2_serial,2,0,4,0,120,209,20.000,20.006,0,56,56,2.799201,SUCCESS,sigmoid,
2026-06-05T06:42:05,88.0,39.3,sensor2_serial,2,0,4,0,120,208,20.000,20.005,0,57,57,2.849237,SUCCESS,sigmoid,
2026-06-05T06:42:25,88.0,39.3,sensor2_serial,2,0,4,0,120,207,20.000,20.005,0,59,59,2.949210,SUCCESS,sigmoid,
2026-06-05T06:42:46,88.0,39.3,sensor2_serial,2,0,4,0,120,206,20.000,20.004,0,56,56,2.799414,SUCCESS,sigmoid,
2026-06-05T06:43:06,88.0,39.3,sensor2_serial,2,0,4,0,120,205,20.000,20.006,0,58,58,2.899193,SUCCESS,sigmoid,
2026-06-05T06:43:26,88.0,39.3,sensor2_serial,2,0,4,0,120,204,20.000,20.004,0,53,53,2.649428,SUCCESS,sigmoid,
2026-06-05T06:43:46,88.0,39.3,sensor2_serial,2,0,4,0,120,203,20.000,20.004,0,47,47,2.349506,SUCCESS,sigmoid,
2026-06-05T06:44:06,88.0,39.3,sensor2_serial,2,0,4,0,120,202,20.000,20.006,0,33,33,1.649540,SUCCESS,sigmoid,
2026-06-05T06:44:26,88.0,39.3,sensor2_serial,2,0,4,0,120,201,20.000,20.005,0,36,36,1.799509,SUCCESS,sigmoid,
2026-06-05T06:44:46,88.0,39.3,sensor2_serial,2,0,4,0,120,200,20.000,20.005,0,29,29,1.449614,SUCCESS,sigmoid,
2026-06-05T06:45:06,88.0,39.3,sensor2_serial,2,0,4,0,120,199,20.000,20.006,0,28,28,1.399611,SUCCESS,sigmoid,
2026-06-05T06:45:26,88.0,39.3,sensor2_serial,2,0,4,0,120,198,20.000,20.004,0,22,22,1.099763,SUCCESS,sigmoid,
2026-06-05T06:45:46,88.0,39.3,sensor2_serial,2,0,4,0,120,197,20.000,20.006,0,31,31,1.549559,SUCCESS,sigmoid,
2026-06-05T06:46:06,88.0,39.3,sensor2_serial,2,0,4,0,120,196,20.000,20.005,0,30,30,1.499662,SUCCESS,sigmoid,
2026-06-05T06:46:26,88.0,39.3,sensor2_serial,2,0,4,0,120,195,20.000,20.004,0,19,19,0.949797,SUCCESS,sigmoid,
2026-06-05T06:46:46,88.0,39.3,sensor2_serial,2,0,4,0,120,194,20.000,20.006,0,11,11,0.549823,SUCCESS,sigmoid,
2026-06-05T06:47:06,88.0,39.3,sensor2_serial,2,0,4,0,120,193,20.000,20.006,0,12,12,0.599834,SUCCESS,sigmoid,
2026-06-05T06:47:26,88.0,39.3,sensor2_serial,2,0,4,0,120,192,20.000,20.005,0,17,17,0.849808,SUCCESS,sigmoid,
2026-06-05T06:47:46,88.0,39.3,sensor2_serial,2,0,4,0,120,191,20.000,20.005,0,20,20,0.999727,SUCCESS,sigmoid,
2026-06-05T06:48:06,88.0,39.3,sensor2_serial,2,0,4,0,120,190,20.000,20.005,0,17,17,0.849786,SUCCESS,sigmoid,
2026-06-05T06:48:27,88.0,39.3,sensor2_serial,2,0,4,0,120,189,20.000,20.005,0,11,11,0.549870,SUCCESS,sigmoid,
2026-06-05T06:48:47,88.0,39.3,sensor2_serial,2,0,4,0,120,188,20.000,20.005,0,17,17,0.849808,SUCCESS,sigmoid,
2026-06-05T06:49:07,88.0,39.3,sensor2_serial,2,0,4,0,120,187,20.000,20.004,0,9,9,0.449905,SUCCESS,sigmoid,
2026-06-05T06:49:27,88.0,39.3,sensor2_serial,2,0,4,0,120,186,20.000,20.004,0,10,10,0.499894,SUCCESS,sigmoid,
2026-06-05T06:49:47,88.0,39.3,sensor2_serial,2,0,4,0,120,185,20.000,20.004,0,7,7,0.349921,SUCCESS,sigmoid,
2026-06-05T06:50:07,88.0,39.3,sensor2_serial,2,0,4,0,120,184,20.000,20.004,0,3,3,0.149968,SUCCESS,sigmoid,
2026-06-05T06:50:27,88.0,39.3,sensor2_serial,2,0,4,0,120,183,20.000,20.004,0,4,4,0.199957,SUCCESS,sigmoid,
2026-06-05T06:50:47,88.0,39.3,sensor2_serial,2,0,4,0,120,182,20.000,20.005,0,5,5,0.249936,SUCCESS,sigmoid,
2026-06-05T06:51:07,88.0,39.3,sensor2_serial,2,0,4,0,120,181,20.000,20.004,0,6,6,0.299935,SUCCESS,sigmoid,
2026-06-05T06:51:27,88.0,39.3,sensor2_serial,2,0,4,0,120,180,20.000,20.005,0,3,3,0.149965,SUCCESS,sigmoid,
2026-06-05T06:51:47,88.0,39.3,sensor2_serial,2,0,4,0,120,179,20.000,20.005,0,2,2,0.099975,SUCCESS,sigmoid,
2026-06-05T06:52:07,88.0,39.3,sensor2_serial,2,0,4,0,120,178,20.000,20.004,0,0,0,0.000000,SUCCESS,sigmoid,
2026-06-05T06:52:27,88.0,39.3,sensor2_serial,2,0,4,0,120,177,20.000,20.005,0,1,1,0.049988,SUCCESS,sigmoid,
2026-06-05T06:52:47,88.0,39.3,sensor2_serial,2,0,4,0,120,176,20.000,20.005,0,0,0,0.000000,SUCCESS,sigmoid,
2026-06-05T06:53:07,88.0,39.3,sensor2_serial,2,0,4,0,120,175,20.000,20.006,0,0,0,0.000000,SUCCESS,sigmoid,
2026-06-05T06:53:27,88.0,39.3,sensor2_serial,2,0,4,0,120,174,20.000,20.004,0,1,1,0.049989,SUCCESS,sigmoid,
2026-06-05T06:53:47,88.0,39.3,sensor2_serial,2,0,4,0,120,173,20.000,20.005,0,0,0,0.000000,SUCCESS,sigmoid,
2026-06-05T06:54:08,88.0,39.3,sensor2_serial,2,0,4,0,120,172,20.000,20.004,0,0,0,0.000000,SUCCESS,sigmoid,
2026-06-05T06:54:28,88.0,39.3,sensor2_serial,2,0,4,0,120,171,20.000,20.004,0,0,0,0.000000,SUCCESS,sigmoid,
2026-06-05T06:54:48,88.0,39.3,sensor2_serial,2,0,4,0,120,170,20.000,20.004,0,0,0,0.000000,SUCCESS,sigmoid,
2026-06-05T06:55:08,88.0,39.3,sensor2_serial,2,0,4,0,120,169,20.000,20.005,0,0,0,0.000000,SUCCESS,sigmoid,
2026-06-05T06:55:28,88.0,39.3,sensor2_serial,2,0,4,0,120,168,20.000,20.004,0,0,0,0.000000,SUCCESS,sigmoid,
2026-06-05T06:55:48,88.0,39.3,sensor2_serial,2,0,4,0,120,167,20.000,20.005,0,1,1,0.049987,SUCCESS,sigmoid,
2026-06-05T06:56:08,88.0,39.3,sensor2_serial,2,0,4,0,120,166,20.000,20.004,0,0,0,0.000000,SUCCESS,sigmoid,
2026-06-05T06:56:28,88.0,39.3,sensor2_serial,2,0,4,0,120,165,20.000,20.005,0,0,0,0.000000,SUCCESS,sigmoid,
2026-06-05T06:56:48,88.0,39.3,sensor2_serial,2,0,4,0,120,164,20.000,20.004,0,0,0,0.000000,SUCCESS,sigmoid,
2026-06-05T06:57:08,88.0,39.3,sensor2_serial,2,0,4,0,120,163,20.000,20.004,0,1,1,0.049989,SUCCESS,sigmoid,
2026-06-05T06:57:28,88.0,39.3,sensor2_serial,2,0,4,0,120,162,20.000,20.005,0,0,0,0.000000,SUCCESS,sigmoid,
2026-06-05T06:57:48,88.0,39.3,sensor2_serial,2,0,4,0,120,161,20.000,20.004,0,0,0,0.000000,SUCCESS,sigmoid,
2026-06-05T06:58:08,88.0,39.3,sensor2_serial,2,0,4,0,120,160,20.000,20.004,0,0,0,0.000000,SUCCESS,sigmoid,
2026-06-05T06:58:28,88.0,39.3,sensor2_serial,2,0,4,0,120,159,20.000,20.005,0,0,0,0.000000,SUCCESS,sigmoid,
2026-06-05T06:58:48,88.0,39.3,sensor2_serial,2,0,4,0,120,158,20.000,20.006,0,0,0,0.000000,SUCCESS,sigmoid,
2026-06-05T06:59:08,88.0,39.3,sensor2_serial,2,0,4,0,120,157,20.000,20.004,0,0,0,0.000000,SUCCESS,sigmoid,
2026-06-05T06:59:28,88.0,39.3,sensor2_serial,2,0,4,0,120,156,20.000,20.005,0,0,0,0.000000,SUCCESS,sigmoid,
2026-06-05T06:59:49,88.0,39.3,sensor2_serial,2,0,4,0,120,155,20.000,20.004,0,0,0,0.000000,SUCCESS,sigmoid,
2026-06-05T07:00:09,88.0,39.3,sensor2_serial,2,0,4,0,120,154,20.000,20.004,0,0,0,0.000000,SUCCESS,sigmoid,
2026-06-05T07:00:29,88.0,39.3,sensor2_serial,2,0,4,0,120,153,20.000,20.004,0,0,0,0.000000,SUCCESS,sigmoid,
2026-06-05T07:00:49,88.0,39.3,sensor2_serial,2,0,4,0,120,152,20.000,20.005,0,0,0,0.000000,SUCCESS,sigmoid,
2026-06-05T07:01:09,88.0,39.3,sensor2_serial,2,0,4,0,120,151,20.000,20.005,0,0,0,0.000000,SUCCESS,sigmoid,
2026-06-05T07:01:29,88.0,39.3,sensor2_serial,2,0,4,0,120,150,20.000,20.005,0,0,0,0.000000,SUCCESS,sigmoid,
2026-06-05T07:01:49,88.0,39.3,sensor2_serial,2,0,4,0,120,149,20.000,20.006,0,0,0,0.000000,SUCCESS,sigmoid,
2026-06-05T07:02:09,88.0,39.3,sensor2_serial,2,0,4,0,120,148,20.000,20.004,0,0,0,0.000000,SUCCESS,sigmoid,
2026-06-05T07:02:29,88.0,39.3,sensor2_serial,2,0,4,0,120,147,20.000,20.004,0,0,0,0.000000,SUCCESS,sigmoid,
2026-06-05T07:02:49,88.0,39.3,sensor2_serial,2,0,4,0,120,146,20.000,20.005,0,0,0,0.000000,SUCCESS,sigmoid,
2026-06-05T07:03:09,88.0,39.3,sensor2_serial,2,0,4,0,120,145,20.000,20.004,0,0,0,0.000000,SUCCESS,sigmoid,
2026-06-05T07:03:29,88.0,39.3,sensor2_serial,2,0,4,0,120,144,20.000,20.005,0,0,0,0.000000,SUCCESS,sigmoid,
2026-06-05T07:03:49,88.0,39.3,sensor2_serial,2,0,4,0,120,143,20.000,20.004,0,0,0,0.000000,SUCCESS,sigmoid,
2026-06-05T07:04:09,88.0,39.3,sensor2_serial,2,0,4,0,120,142,20.000,20.004,0,0,0,0.000000,SUCCESS,sigmoid,
2026-06-05T07:04:29,88.0,39.3,sensor2_serial,2,0,4,0,120,141,20.000,20.004,0,0,0,0.000000,SUCCESS,sigmoid,
2026-06-05T07:04:49,88.0,39.3,sensor2_serial,2,0,4,0,120,140,20.000,20.004,0,0,0,0.000000,SUCCESS,sigmoid,
2026-06-05T07:05:09,88.0,39.3,sensor2_serial,2,0,4,0,120,139,20.000,20.005,0,0,0,0.000000,SUCCESS,sigmoid,
2026-06-05T07:05:30,88.0,39.3,sensor2_serial,2,0,4,0,120,138,20.000,20.004,0,0,0,0.000000,SUCCESS,sigmoid,
2026-06-05T07:05:50,88.0,39.3,sensor2_serial,2,0,4,0,120,137,20.000,20.004,0,0,0,0.000000,SUCCESS,sigmoid,
2026-06-05T07:06:10,88.0,39.3,sensor2_serial,2,0,4,0,120,136,20.000,20.004,0,0,0,0.000000,SUCCESS,sigmoid,
2026-06-05T07:06:30,88.0,39.3,sensor2_serial,2,0,4,0,120,135,20.000,20.005,0,0,0,0.000000,SUCCESS,sigmoid,
2026-06-05T07:06:50,88.0,39.3,sensor2_serial,2,0,4,0,120,134,20.000,20.004,0,0,0,0.000000,SUCCESS,sigmoid,
2026-06-05T07:07:10,88.0,39.3,sensor2_serial,2,0,4,0,120,133,20.000,20.005,0,0,0,0.000000,SUCCESS,sigmoid,
2026-06-05T07:07:30,88.0,39.3,sensor2_serial,2,0,4,0,120,132,20.000,20.004,0,0,0,0.000000,SUCCESS,sigmoid,
2026-06-05T07:07:50,88.0,39.3,sensor2_serial,2,0,4,0,120,131,20.000,20.004,0,0,0,0.000000,SUCCESS,sigmoid,
2026-06-05T07:08:10,88.0,39.3,sensor2_serial,2,0,4,0,120,130,20.000,20.005,0,0,0,0.000000,SUCCESS,sigmoid,
2026-06-05T07:08:30,88.0,39.3,sensor2_serial,2,0,4,0,120,129,20.000,20.006,0,0,0,0.000000,SUCCESS,sigmoid,
2026-06-05T07:08:50,88.0,39.3,sensor2_serial,2,0,4,0,120,128,20.000,20.006,0,0,0,0.000000,SUCCESS,sigmoid,
2026-06-05T07:09:10,88.0,39.3,sensor2_serial,2,0,4,0,120,127,20.000,20.006,0,0,0,0.000000,SUCCESS,sigmoid,
2026-06-05T07:09:30,88.0,39.3,sensor2_serial,2,0,4,0,120,126,20.000,20.005,0,0,0,0.000000,SUCCESS,sigmoid,
2026-06-05T07:09:50,88.0,39.3,sensor2_serial,2,0,4,0,120,125,20.000,20.005,0,0,0,0.000000,SUCCESS,sigmoid,
2026-06-05T07:10:10,88.0,39.3,sensor2_serial,2,0,4,0,120,124,20.000,20.005,0,0,0,0.000000,SUCCESS,sigmoid,
2026-06-05T07:10:30,88.0,39.3,sensor2_serial,2,0,4,0,120,123,20.000,20.006,0,0,0,0.000000,SUCCESS,sigmoid,
2026-06-05T07:10:50,88.0,39.3,sensor2_serial,2,0,4,0,120,122,20.000,20.004,0,0,0,0.000000,SUCCESS,sigmoid,
2026-06-05T07:11:11,88.0,39.3,sensor2_serial,2,0,4,0,120,121,20.000,20.005,0,0,0,0.000000,SUCCESS,sigmoid,
2026-06-05T07:11:31,88.0,39.3,sensor2_serial,2,0,4,0,120,120,20.000,20.004,0,0,0,0.000000,SUCCESS,sigmoid,
2026-06-05T07:11:51,88.0,39.3,sensor2_serial,2,0,4,0,120,119,20.000,20.005,0,0,0,0.000000,SUCCESS,sigmoid,
2026-06-05T07:12:11,88.0,39.3,sensor2_serial,2,0,4,0,120,118,20.000,20.006,0,0,0,0.000000,SUCCESS,sigmoid,
2026-06-05T07:12:31,88.0,39.3,sensor2_serial,2,0,4,0,120,117,20.000,20.004,0,0,0,0.000000,SUCCESS,sigmoid,
2026-06-05T07:12:51,88.0,39.3,sensor2_serial,2,0,4,0,120,116,20.000,20.004,0,0,0,0.000000,SUCCESS,sigmoid,
2026-06-05T07:13:11,88.0,39.3,sensor2_serial,2,0,4,0,120,115,20.000,20.004,0,0,0,0.000000,SUCCESS,sigmoid,
2026-06-05T07:13:31,88.0,39.3,sensor2_serial,2,0,4,0,120,114,20.000,20.004,0,0,0,0.000000,SUCCESS,sigmoid,
2026-06-05T07:13:51,88.0,39.3,sensor2_serial,2,0,4,0,120,113,20.000,20.005,0,0,0,0.000000,SUCCESS,sigmoid,
2026-06-05T07:14:11,88.0,39.3,sensor2_serial,2,0,4,0,120,112,20.000,20.004,0,0,0,0.000000,SUCCESS,sigmoid,
2026-06-05T07:14:31,88.0,39.3,sensor2_serial,2,0,4,0,120,111,20.000,20.004,0,0,0,0.000000,SUCCESS,sigmoid,
2026-06-05T07:14:51,88.0,39.3,sensor2_serial,2,0,4,0,120,110,20.000,20.005,0,0,0,0.000000,SUCCESS,sigmoid,
2026-06-05T07:15:11,88.0,39.3,sensor2_serial,2,0,4,0,120,109,20.000,20.006,0,0,0,0.000000,SUCCESS,sigmoid,
2026-06-05T07:15:31,88.0,39.3,sensor2_serial,2,0,4,0,120,108,20.000,20.005,0,0,0,0.000000,SUCCESS,sigmoid,
2026-06-05T07:15:51,88.0,39.3,sensor2_serial,2,0,4,0,120,107,20.000,20.004,0,0,0,0.000000,SUCCESS,sigmoid,
2026-06-05T07:16:11,88.0,39.3,sensor2_serial,2,0,4,0,120,106,20.000,20.005,0,0,0,0.000000,SUCCESS,sigmoid,
2026-06-05T07:16:31,88.0,39.3,sensor2_serial,2,0,4,0,120,105,20.000,20.004,0,0,0,0.000000,SUCCESS,sigmoid,
2026-06-05T07:16:52,88.0,39.3,sensor2_serial,2,0,4,0,120,104,20.000,20.004,0,0,0,0.000000,SUCCESS,sigmoid,
2026-06-05T07:17:12,88.0,39.3,sensor2_serial,2,0,4,0,120,103,20.000,20.005,0,0,0,0.000000,SUCCESS,sigmoid,
2026-06-05T07:17:32,88.0,39.3,sensor2_serial,2,0,4,0,120,102,20.000,20.006,0,0,0,0.000000,SUCCESS,sigmoid,
2026-06-05T07:17:52,88.0,39.3,sensor2_serial,2,0,4,0,120,101,20.000,20.004,0,0,0,0.000000,SUCCESS,sigmoid,
2026-06-05T07:18:12,88.0,39.3,sensor2_serial,2,0,4,0,120,100,20.000,20.006,0,0,0,0.000000,SUCCESS,sigmoid,
2026-06-05T07:18:32,88.0,39.3,sensor2_serial,2,0,4,0,120,99,20.000,20.004,0,0,0,0.000000,SUCCESS,sigmoid,
2026-06-05T07:18:52,88.0,39.3,sensor2_serial,2,0,4,0,120,98,20.000,20.005,0,0,0,0.000000,SUCCESS,sigmoid,
2026-06-05T07:19:12,88.0,39.3,sensor2_serial,2,0,4,0,120,97,20.000,20.005,0,0,0,0.000000,SUCCESS,sigmoid,
2026-06-05T07:19:32,88.0,39.3,sensor2_serial,2,0,4,0,120,96,20.000,20.006,0,0,0,0.000000,SUCCESS,sigmoid,
2026-06-05T07:19:52,88.0,39.3,sensor2_serial,2,0,4,0,120,95,20.000,20.004,0,0,0,0.000000,SUCCESS,sigmoid,
2026-06-05T07:20:12,88.0,39.3,sensor2_serial,2,0,4,0,120,94,20.000,20.005,0,0,0,0.000000,SUCCESS,sigmoid,
2026-06-05T07:20:32,88.0,39.3,sensor2_serial,2,0,4,0,120,93,20.000,20.005,0,0,0,0.000000,SUCCESS,sigmoid,
2026-06-05T07:20:52,88.0,39.3,sensor2_serial,2,0,4,0,120,92,20.000,20.004,0,0,0,0.000000,SUCCESS,sigmoid,
2026-06-05T07:21:12,88.0,39.3,sensor2_serial,2,0,4,0,120,91,20.000,20.005,0,0,0,0.000000,SUCCESS,sigmoid,
2026-06-05T07:21:32,88.0,39.3,sensor2_serial,2,0,4,0,120,90,20.000,20.004,0,0,0,0.000000,SUCCESS,sigmoid,
2026-06-05T07:21:52,88.0,39.3,sensor2_serial,2,0,4,0,120,89,20.000,20.005,0,0,0,0.000000,SUCCESS,sigmoid,
2026-06-05T07:22:12,88.0,39.3,sensor2_serial,2,0,4,0,120,88,20.000,20.004,0,0,0,0.000000,SUCCESS,sigmoid,
2026-06-05T07:22:33,88.0,39.3,sensor2_serial,2,0,4,0,120,87,20.000,20.005,0,0,0,0.000000,SUCCESS,sigmoid,
2026-06-05T07:22:53,88.0,39.3,sensor2_serial,2,0,4,0,120,86,20.000,20.006,0,0,0,0.000000,SUCCESS,sigmoid,
2026-06-05T07:23:13,88.0,39.3,sensor2_serial,2,0,4,0,120,85,20.000,20.005,0,0,0,0.000000,SUCCESS,sigmoid,
2026-06-05T07:23:33,88.0,39.3,sensor2_serial,2,0,4,0,120,84,20.000,20.004,0,0,0,0.000000,SUCCESS,sigmoid,
2026-06-05T07:23:53,88.0,39.3,sensor2_serial,2,0,4,0,120,83,20.000,20.004,0,0,0,0.000000,SUCCESS,sigmoid,
2026-06-05T07:24:13,88.0,39.3,sensor2_serial,2,0,4,0,120,82,20.000,20.004,0,0,0,0.000000,SUCCESS,sigmoid,
2026-06-05T07:24:33,88.0,39.3,sensor2_serial,2,0,4,0,120,81,20.000,20.005,0,0,0,0.000000,SUCCESS,sigmoid,
2026-06-05T07:24:53,88.0,39.3,sensor2_serial,2,0,4,0,120,80,20.000,20.005,0,0,0,0.000000,SUCCESS,sigmoid,
2026-06-05T07:25:13,88.0,39.3,sensor2_serial,2,0,4,0,120,79,20.000,20.004,0,0,0,0.000000,SUCCESS,sigmoid,
2026-06-05T07:25:33,88.0,39.3,sensor2_serial,2,0,4,0,120,78,20.000,20.006,0,0,0,0.000000,SUCCESS,sigmoid,
2026-06-05T07:25:53,88.0,39.3,sensor2_serial,2,0,4,0,120,77,20.000,20.005,0,0,0,0.000000,SUCCESS,sigmoid,
2026-06-05T07:26:13,88.0,39.3,sensor2_serial,2,0,4,0,120,76,20.000,20.005,0,0,0,0.000000,SUCCESS,sigmoid,
2026-06-05T07:26:33,88.0,39.3,sensor2_serial,2,0,4,0,120,75,20.000,20.004,0,0,0,0.000000,SUCCESS,sigmoid,
2026-06-05T07:26:53,88.0,39.3,sensor2_serial,2,0,4,0,120,74,20.000,20.005,0,0,0,0.000000,SUCCESS,sigmoid,
2026-06-05T07:27:13,88.0,39.3,sensor2_serial,2,0,4,0,120,73,20.000,20.005,0,0,0,0.000000,SUCCESS,sigmoid,
2026-06-05T07:27:33,88.0,39.3,sensor2_serial,2,0,4,0,120,72,20.000,20.004,0,0,0,0.000000,SUCCESS,sigmoid,
2026-06-05T07:27:54,88.0,39.3,sensor2_serial,2,0,4,0,120,71,20.000,20.004,0,0,0,0.000000,SUCCESS,sigmoid,
2026-06-05T07:28:14,88.0,39.3,sensor2_serial,2,0,4,0,120,70,20.000,20.006,0,0,0,0.000000,SUCCESS,sigmoid,
2026-06-05T07:28:34,88.0,39.3,sensor2_serial,2,0,4,0,120,69,20.000,20.004,0,0,0,0.000000,SUCCESS,sigmoid,
2026-06-05T07:28:54,88.0,39.3,sensor2_serial,2,0,4,0,120,68,20.000,20.004,0,0,0,0.000000,SUCCESS,sigmoid,
2026-06-05T07:29:14,88.0,39.3,sensor2_serial,2,0,4,0,120,67,20.000,20.005,0,0,0,0.000000,SUCCESS,sigmoid,
2026-06-05T07:29:34,88.0,39.3,sensor2_serial,2,0,4,0,120,66,20.000,20.004,0,0,0,0.000000,SUCCESS,sigmoid,
2026-06-05T07:29:54,88.0,39.3,sensor2_serial,2,0,4,0,120,65,20.000,20.004,0,0,0,0.000000,SUCCESS,sigmoid,
2026-06-05T07:30:14,88.0,39.3,sensor2_serial,2,0,4,0,120,64,20.000,20.005,0,0,0,0.000000,SUCCESS,sigmoid,
2026-06-05T07:30:34,88.0,39.3,sensor2_serial,2,0,4,0,120,63,20.000,20.005,0,0,0,0.000000,SUCCESS,sigmoid,
2026-06-05T07:30:54,88.0,39.3,sensor2_serial,2,0,4,0,120,62,20.000,20.004,0,0,0,0.000000,SUCCESS,sigmoid,
2026-06-05T07:31:14,88.0,39.3,sensor2_serial,2,0,4,0,120,61,20.000,20.004,0,0,0,0.000000,SUCCESS,sigmoid,
2026-06-05T07:31:34,88.0,39.3,sensor2_serial,2,0,4,0,120,60,20.000,20.005,0,0,0,0.000000,SUCCESS,sigmoid,
2026-06-05T07:31:54,88.0,39.3,sensor2_serial,2,0,4,0,120,59,20.000,20.005,0,0,0,0.000000,SUCCESS,sigmoid,
2026-06-05T07:32:14,88.0,39.3,sensor2_serial,2,0,4,0,120,58,20.000,20.004,0,0,0,0.000000,SUCCESS,sigmoid,
2026-06-05T07:32:34,88.0,39.3,sensor2_serial,2,0,4,0,120,57,20.000,20.005,0,0,0,0.000000,SUCCESS,sigmoid,
2026-06-05T07:32:54,88.0,39.3,sensor2_serial,2,0,4,0,120,56,20.000,20.005,0,0,0,0.000000,SUCCESS,sigmoid,
2026-06-05T07:33:14,88.0,39.3,sensor2_serial,2,0,4,0,120,55,20.000,20.004,0,0,0,0.000000,SUCCESS,sigmoid,
2026-06-05T07:33:35,88.0,39.3,sensor2_serial,2,0,4,0,120,54,20.000,20.004,0,0,0,0.000000,SUCCESS,sigmoid,
2026-06-05T07:33:55,88.0,39.3,sensor2_serial,2,0,4,0,120,53,20.000,20.004,0,0,0,0.000000,SUCCESS,sigmoid,
2026-06-05T07:34:15,88.0,39.3,sensor2_serial,2,0,4,0,120,52,20.000,20.005,0,0,0,0.000000,SUCCESS,sigmoid,
2026-06-05T07:34:35,88.0,39.3,sensor2_serial,2,0,4,0,120,51,20.000,20.004,0,0,0,0.000000,SUCCESS,sigmoid,
2026-06-05T07:34:55,88.0,39.3,sensor2_serial,2,0,4,0,120,50,20.000,20.004,0,0,0,0.000000,SUCCESS,sigmoid,
2026-06-05T07:35:15,88.0,39.3,sensor2_serial,2,0,4,0,120,49,20.000,20.005,0,0,0,0.000000,SUCCESS,sigmoid,
2026-06-05T07:35:35,88.0,39.3,sensor2_serial,2,0,4,0,120,48,20.000,20.004,0,0,0,0.000000,SUCCESS,sigmoid,
2026-06-05T07:35:55,88.0,39.3,sensor2_serial,2,0,4,0,120,47,20.000,20.005,0,0,0,0.000000,SUCCESS,sigmoid,
2026-06-05T07:36:15,88.0,39.3,sensor2_serial,2,0,4,0,120,46,20.000,20.006,0,0,0,0.000000,SUCCESS,sigmoid,
2026-06-05T07:36:35,88.0,39.3,sensor2_serial,2,0,4,0,120,45,20.000,20.004,0,0,0,0.000000,SUCCESS,sigmoid,
2026-06-05T07:36:55,88.0,39.3,sensor2_serial,2,0,4,0,120,44,20.000,20.004,0,0,0,0.000000,SUCCESS,sigmoid,
2026-06-05T07:37:15,88.0,39.3,sensor2_serial,2,0,4,0,120,43,20.000,20.005,0,0,0,0.000000,SUCCESS,sigmoid,
2026-06-05T07:37:35,88.0,39.3,sensor2_serial,2,0,4,0,120,42,20.000,20.004,0,0,0,0.000000,SUCCESS,sigmoid,
2026-06-05T07:37:55,88.0,39.3,sensor2_serial,2,0,4,0,120,41,20.000,20.005,0,0,0,0.000000,SUCCESS,sigmoid,
2026-06-05T07:38:15,88.0,39.3,sensor2_serial,2,0,4,0,120,40,20.000,20.005,0,0,0,0.000000,SUCCESS,sigmoid,
2026-06-05T07:38:35,88.0,39.3,sensor2_serial,2,0,4,0,120,39,20.000,20.004,0,0,0,0.000000,SUCCESS,sigmoid,
2026-06-05T07:38:55,88.0,39.3,sensor2_serial,2,0,4,0,120,38,20.000,20.004,0,0,0,0.000000,SUCCESS,sigmoid,
2026-06-05T07:39:16,88.0,39.3,sensor2_serial,2,0,4,0,120,37,20.000,20.005,0,0,0,0.000000,SUCCESS,sigmoid,
2026-06-05T07:39:36,88.0,39.3,sensor2_serial,2,0,4,0,120,36,20.000,20.005,0,0,0,0.000000,SUCCESS,sigmoid,
2026-06-05T07:39:56,88.0,39.3,sensor2_serial,2,0,4,0,120,35,20.000,20.005,0,0,0,0.000000,SUCCESS,sigmoid,
2026-06-05T07:40:16,88.0,39.3,sensor2_serial,2,0,4,0,120,34,20.000,20.005,0,0,0,0.000000,SUCCESS,sigmoid,
2026-06-05T07:40:36,88.0,39.3,sensor2_serial,2,0,4,0,120,33,20.000,20.004,0,0,0,0.000000,SUCCESS,sigmoid,
2026-06-05T07:40:56,88.0,39.3,sensor2_serial,2,0,4,0,120,32,20.000,20.005,0,0,0,0.000000,SUCCESS,sigmoid,
2026-06-05T07:41:16,88.0,39.3,sensor2_serial,2,0,4,0,120,31,20.000,20.005,0,0,0,0.000000,SUCCESS,sigmoid,
2026-06-05T07:41:36,88.0,39.3,sensor2_serial,2,0,4,0,120,30,20.000,20.004,0,0,0,0.000000,SUCCESS,sigmoid,
2026-06-05T07:41:56,88.0,39.3,sensor2_serial,2,0,4,0,120,29,20.000,20.005,0,0,0,0.000000,SUCCESS,sigmoid,
2026-06-05T07:42:16,88.0,39.3,sensor2_serial,2,0,4,0,120,28,20.000,20.004,0,0,0,0.000000,SUCCESS,sigmoid,
2026-06-05T07:42:36,88.0,39.3,sensor2_serial,2,0,4,0,120,27,20.000,20.005,0,0,0,0.000000,SUCCESS,sigmoid,
2026-06-05T07:42:56,88.0,39.3,sensor2_serial,2,0,4,0,120,26,20.000,20.004,0,0,0,0.000000,SUCCESS,sigmoid,
2026-06-05T07:43:16,88.0,39.3,sensor2_serial,2,0,4,0,120,25,20.000,20.004,0,0,0,0.000000,SUCCESS,sigmoid,
2026-06-05T07:43:36,88.0,39.3,sensor2_serial,2,0,4,0,120,24,20.000,20.005,0,0,0,0.000000,SUCCESS,sigmoid,
2026-06-05T07:43:56,88.0,39.3,sensor2_serial,2,0,4,0,120,23,20.000,20.004,0,0,0,0.000000,SUCCESS,sigmoid,
2026-06-05T07:44:16,88.0,39.3,sensor2_serial,2,0,4,0,120,22,20.000,20.005,0,0,0,0.000000,SUCCESS,sigmoid,
2026-06-05T07:44:36,88.0,39.3,sensor2_serial,2,0,4,0,120,21,20.000,20.004,0,0,0,0.000000,SUCCESS,sigmoid,
2026-06-05T07:44:57,88.0,39.3,sensor2_serial,2,0,4,0,120,20,20.000,20.004,0,0,0,0.000000,SUCCESS,sigmoid,
2026-06-05T07:45:17,88.0,39.3,sensor2_serial,2,0,4,0,120,19,20.000,20.005,0,0,0,0.000000,SUCCESS,sigmoid,
2026-06-05T07:45:37,88.0,39.3,sensor2_serial,2,0,4,0,120,18,20.000,20.005,0,0,0,0.000000,SUCCESS,sigmoid,
2026-06-05T07:45:57,88.0,39.3,sensor2_serial,2,0,4,0,120,17,20.000,20.005,0,0,0,0.000000,SUCCESS,sigmoid,
2026-06-05T07:46:17,88.0,39.3,sensor2_serial,2,0,4,0,120,16,20.000,20.004,0,0,0,0.000000,SUCCESS,sigmoid,
2026-06-05T07:46:37,88.0,39.3,sensor2_serial,2,0,4,0,120,15,20.000,20.005,0,0,0,0.000000,SUCCESS,sigmoid,
2026-06-05T07:46:57,88.0,39.3,sensor2_serial,2,0,4,0,120,14,20.000,20.005,0,0,0,0.000000,SUCCESS,sigmoid,
2026-06-05T07:47:17,88.0,39.3,sensor2_serial,2,0,4,0,120,13,20.000,20.004,0,0,0,0.000000,SUCCESS,sigmoid,
2026-06-05T07:47:37,88.0,39.3,sensor2_serial,2,0,4,0,120,12,20.000,20.005,0,0,0,0.000000,SUCCESS,sigmoid,
2026-06-05T07:47:57,88.0,39.3,sensor2_serial,2,0,4,0,120,11,20.000,20.005,0,0,0,0.000000,SUCCESS,sigmoid,
2026-06-05T07:48:17,88.0,39.3,sensor2_serial,2,0,4,0,120,10,20.000,20.004,0,0,0,0.000000,SUCCESS,sigmoid,
2026-06-05T07:48:37,88.0,39.3,sensor2_serial,2,0,4,0,120,9,20.000,20.005,0,0,0,0.000000,SUCCESS,sigmoid,
2026-06-05T07:48:57,88.0,39.3,sensor2_serial,2,0,4,0,120,8,20.000,20.005,0,0,0,0.000000,SUCCESS,sigmoid,
2026-06-05T07:49:17,88.0,39.3,sensor2_serial,2,0,4,0,120,7,20.000,20.004,0,0,0,0.000000,SUCCESS,sigmoid,
2026-06-05T07:49:37,88.0,39.3,sensor2_serial,2,0,4,0,120,6,20.000,20.005,0,0,0,0.000000,SUCCESS,sigmoid,
2026-06-05T07:49:57,88.0,39.3,sensor2_serial,2,0,4,0,120,5,20.000,20.005,0,0,0,0.000000,SUCCESS,sigmoid,
2026-06-05T07:50:17,88.0,39.3,sensor2_serial,2,0,4,0,120,4,20.000,20.004,0,0,0,0.000000,SUCCESS,sigmoid,
2026-06-05T07:50:38,88.0,39.3,sensor2_serial,2,0,4,0,120,3,20.000,20.005,0,0,0,0.000000,SUCCESS,sigmoid,
2026-06-05T07:50:58,88.0,39.3,sensor2_serial,2,0,4,0,120,2,20.000,20.005,0,0,0,0.000000,SUCCESS,sigmoid,
2026-06-05T07:51:18,88.0,39.3,sensor2_serial,2,0,4,0,120,1,20.000,20.005,0,0,0,0.000000,SUCCESS,sigmoid,
2026-06-05T07:51:38,88.0,39.3,sensor2_serial,2,0,4,0,120,0,20.000,20.005,0,0,0,0.000000,SUCCESS,sigmoid,
2026-06-05T07:51:58,88.0,39.3,sensor2_serial,2,1,5,1,120,255,20.000,20.005,0,1766993,1766993,88326.149661,SUCCESS,sigmoid,
2026-06-05T07:52:18,88.0,39.3,sensor2_serial,2,1,5,1,120,254,20.000,20.005,0,1752024,1752024,87577.674341,SUCCESS,sigmoid,
2026-06-05T07:52:38,88.0,39.3,sensor2_serial,2,1,5,1,120,253,20.000,20.005,0,1760245,1760245,87989.546189,SUCCESS,sigmoid,
2026-06-05T07:52:58,88.0,39.3,sensor2_serial,2,1,5,1,120,252,20.000,20.005,0,1973813,1973813,98665.618413,SUCCESS,sigmoid,
2026-06-05T07:53:18,88.0,39.3,sensor2_serial,2,1,5,1,120,251,20.000,20.006,0,2306739,2306739,115304.310304,SUCCESS,sigmoid,
2026-06-05T07:53:38,88.0,39.3,sensor2_serial,2,1,5,1,120,250,20.000,20.006,0,2800573,2800573,139989.529868,SUCCESS,sigmoid,
2026-06-05T07:53:58,88.0,39.3,sensor2_serial,2,1,5,1,120,249,20.000,20.005,0,3094954,3094954,154707.572635,SUCCESS,sigmoid,
2026-06-05T07:54:18,88.0,39.3,sensor2_serial,2,1,5,1,120,248,20.000,20.005,0,3219666,3219666,160940.778875,SUCCESS,sigmoid,
2026-06-05T07:54:38,88.0,39.3,sensor2_serial,2,1,5,1,120,247,20.000,20.005,0,2933919,2933919,146658.936513,SUCCESS,sigmoid,
2026-06-05T07:54:58,88.0,39.3,sensor2_serial,2,1,5,1,120,246,20.000,20.005,0,2292727,2292727,114605.144631,SUCCESS,sigmoid,
2026-06-05T07:55:18,88.0,39.3,sensor2_serial,2,1,5,1,120,245,20.000,20.005,0,1567095,1567095,78333.768194,SUCCESS,sigmoid,
2026-06-05T07:55:38,88.0,39.3,sensor2_serial,2,1,5,1,120,244,20.000,20.005,0,917088,917088,45842.205261,SUCCESS,sigmoid,
2026-06-05T07:55:58,88.0,39.3,sensor2_serial,2,1,5,1,120,243,20.000,20.005,0,458291,458291,22908.486027,SUCCESS,sigmoid,
2026-06-05T07:56:19,88.0,39.3,sensor2_serial,2,1,5,1,120,242,20.000,20.006,0,227843,227843,11389.006981,SUCCESS,sigmoid,
2026-06-05T07:56:39,88.0,39.3,sensor2_serial,2,1,5,1,120,241,20.000,20.004,0,127139,127139,6355.554804,SUCCESS,sigmoid,
2026-06-05T07:56:59,88.0,39.3,sensor2_serial,2,1,5,1,120,240,20.000,20.005,0,48583,48583,2428.519870,SUCCESS,sigmoid,
2026-06-05T07:57:19,88.0,39.3,sensor2_serial,2,1,5,1,120,239,20.000,20.005,0,57894,57894,2893.909683,SUCCESS,sigmoid,
2026-06-05T07:57:39,88.0,39.3,sensor2_serial,2,1,5,1,120,238,20.000,20.005,0,25313,25313,1265.316740,SUCCESS,sigmoid,
2026-06-05T07:57:59,88.0,39.3,sensor2_serial,2,1,5,1,120,237,20.000,20.005,0,8256,8256,412.686662,SUCCESS,sigmoid,
2026-06-05T07:58:19,88.0,39.3,sensor2_serial,2,1,5,1,120,236,20.000,20.005,0,3553,3553,177.602795,SUCCESS,sigmoid,
2026-06-05T07:58:39,88.0,39.3,sensor2_serial,2,1,5,1,120,235,20.000,20.005,0,1850,1850,92.475705,SUCCESS,sigmoid,
2026-06-05T07:58:59,88.0,39.3,sensor2_serial,2,1,5,1,120,234,20.000,20.005,0,603,603,30.141716,SUCCESS,sigmoid,
2026-06-05T07:59:19,88.0,39.3,sensor2_serial,2,1,5,1,120,233,20.000,20.005,0,259,259,12.946492,SUCCESS,sigmoid,
2026-06-05T07:59:39,88.0,39.3,sensor2_serial,2,1,5,1,120,232,20.000,20.005,0,185,185,9.247576,SUCCESS,sigmoid,
2026-06-05T07:59:59,88.0,39.3,sensor2_serial,2,1,5,1,120,231,20.000,20.005,0,117,117,5.848477,SUCCESS,sigmoid,
2026-06-05T08:00:19,88.0,39.3,sensor2_serial,2,1,5,1,120,230,20.000,20.005,0,125,125,6.248375,SUCCESS,sigmoid,
2026-06-05T08:00:39,88.0,39.3,sensor2_serial,2,1,5,1,120,229,20.000,20.004,0,121,121,6.048658,SUCCESS,sigmoid,
2026-06-05T08:00:59,88.0,39.3,sensor2_serial,2,1,5,1,120,228,20.000,20.004,0,127,127,6.348683,SUCCESS,sigmoid,
2026-06-05T08:01:19,88.0,39.3,sensor2_serial,2,1,5,1,120,227,20.000,20.005,0,126,126,6.298362,SUCCESS,sigmoid,
2026-06-05T08:01:39,88.0,39.3,sensor2_serial,2,1,5,1,120,226,20.000,20.004,0,119,119,5.948798,SUCCESS,sigmoid,
2026-06-05T08:02:00,88.0,39.3,sensor2_serial,2,1,5,1,120,225,20.000,20.004,0,115,115,5.748760,SUCCESS,sigmoid,
2026-06-05T08:02:20,88.0,39.3,sensor2_serial,2,1,5,1,120,224,20.000,20.004,0,100,100,4.998949,SUCCESS,sigmoid,
2026-06-05T08:02:40,88.0,39.3,sensor2_serial,2,1,5,1,120,223,20.000,20.005,0,110,110,5.498554,SUCCESS,sigmoid,
2026-06-05T08:03:00,88.0,39.3,sensor2_serial,2,1,5,1,120,222,20.000,20.004,0,103,103,5.148868,SUCCESS,sigmoid,
2026-06-05T08:03:20,88.0,39.3,sensor2_serial,2,1,5,1,120,221,20.000,20.004,0,119,119,5.948743,SUCCESS,sigmoid,
2026-06-05T08:03:40,88.0,39.3,sensor2_serial,2,1,5,1,120,220,20.000,20.005,0,108,108,5.398567,SUCCESS,sigmoid,
2026-06-05T08:04:00,88.0,39.3,sensor2_serial,2,1,5,1,120,219,20.000,20.006,0,103,103,5.148532,SUCCESS,sigmoid,
2026-06-05T08:04:20,88.0,39.3,sensor2_serial,2,1,5,1,120,218,20.000,20.005,0,112,112,5.598497,SUCCESS,sigmoid,
2026-06-05T08:04:40,88.0,39.3,sensor2_serial,2,1,5,1,120,217,20.000,20.004,0,98,98,4.898970,SUCCESS,sigmoid,
2026-06-05T08:05:00,88.0,39.3,sensor2_serial,2,1,5,1,120,216,20.000,20.006,0,105,105,5.248541,SUCCESS,sigmoid,
2026-06-05T08:05:20,88.0,39.3,sensor2_serial,2,1,5,1,120,215,20.000,20.005,0,89,89,4.448820,SUCCESS,sigmoid,
2026-06-05T08:05:40,88.0,39.3,sensor2_serial,2,1,5,1,120,214,20.000,20.005,0,76,76,3.798985,SUCCESS,sigmoid,
2026-06-05T08:06:00,88.0,39.3,sensor2_serial,2,1,5,1,120,213,20.000,20.005,0,80,80,3.998978,SUCCESS,sigmoid,
2026-06-05T08:06:20,88.0,39.3,sensor2_serial,2,1,5,1,120,212,20.000,20.006,0,82,82,4.098863,SUCCESS,sigmoid,
2026-06-05T08:06:40,88.0,39.3,sensor2_serial,2,1,5,1,120,211,20.000,20.005,0,83,83,4.149004,SUCCESS,sigmoid,
2026-06-05T08:07:00,88.0,39.3,sensor2_serial,2,1,5,1,120,210,20.000,20.005,0,74,74,3.699038,SUCCESS,sigmoid,
2026-06-05T08:07:20,88.0,39.3,sensor2_serial,2,1,5,1,120,209,20.000,20.005,0,67,67,3.349143,SUCCESS,sigmoid,
2026-06-05T08:07:41,88.0,39.3,sensor2_serial,2,1,5,1,120,208,20.000,20.004,0,67,67,3.349292,SUCCESS,sigmoid,
2026-06-05T08:08:01,88.0,39.3,sensor2_serial,2,1,5,1,120,207,20.000,20.005,0,67,67,3.349079,SUCCESS,sigmoid,
2026-06-05T08:08:21,88.0,39.3,sensor2_serial,2,1,5,1,120,206,20.000,20.005,0,72,72,3.599096,SUCCESS,sigmoid,
2026-06-05T08:08:41,88.0,39.3,sensor2_serial,2,1,5,1,120,205,20.000,20.005,0,56,56,2.799270,SUCCESS,sigmoid,
2026-06-05T08:09:01,88.0,39.3,sensor2_serial,2,1,5,1,120,204,20.000,20.005,0,59,59,2.949193,SUCCESS,sigmoid,
2026-06-05T08:09:21,88.0,39.3,sensor2_serial,2,1,5,1,120,203,20.000,20.005,0,61,61,3.049187,SUCCESS,sigmoid,
2026-06-05T08:09:41,88.0,39.3,sensor2_serial,2,1,5,1,120,202,20.000,20.004,0,38,38,1.899611,SUCCESS,sigmoid,
2026-06-05T08:10:01,88.0,39.3,sensor2_serial,2,1,5,1,120,201,20.000,20.005,0,48,48,2.399423,SUCCESS,sigmoid,
2026-06-05T08:10:21,88.0,39.3,sensor2_serial,2,1,5,1,120,200,20.000,20.005,0,50,50,2.499346,SUCCESS,sigmoid,
2026-06-05T08:10:41,88.0,39.3,sensor2_serial,2,1,5,1,120,199,20.000,20.005,0,34,34,1.699565,SUCCESS,sigmoid,
2026-06-05T08:11:01,88.0,39.3,sensor2_serial,2,1,5,1,120,198,20.000,20.005,0,51,51,2.549310,SUCCESS,sigmoid,
2026-06-05T08:11:21,88.0,39.3,sensor2_serial,2,1,5,1,120,197,20.000,20.005,0,25,25,1.249713,SUCCESS,sigmoid,
2026-06-05T08:11:41,88.0,39.3,sensor2_serial,2,1,5,1,120,196,20.000,20.005,0,31,31,1.549650,SUCCESS,sigmoid,
2026-06-05T08:12:01,88.0,39.3,sensor2_serial,2,1,5,1,120,195,20.000,20.005,0,36,36,1.799528,SUCCESS,sigmoid,
2026-06-05T08:12:21,88.0,39.3,sensor2_serial,2,1,5,1,120,194,20.000,20.005,0,32,32,1.599570,SUCCESS,sigmoid,
2026-06-05T08:12:41,88.0,39.3,sensor2_serial,2,1,5,1,120,193,20.000,20.006,0,24,24,1.199666,SUCCESS,sigmoid,
2026-06-05T08:13:02,88.0,39.3,sensor2_serial,2,1,5,1,120,192,20.000,20.004,0,23,23,1.149753,SUCCESS,sigmoid,
2026-06-05T08:13:22,88.0,39.3,sensor2_serial,2,1,5,1,120,191,20.000,20.004,0,28,28,1.399697,SUCCESS,sigmoid,
2026-06-05T08:13:42,88.0,39.3,sensor2_serial,2,1,5,1,120,190,20.000,20.005,0,36,36,1.799517,SUCCESS,sigmoid,
2026-06-05T08:14:02,88.0,39.3,sensor2_serial,2,1,5,1,120,189,20.000,20.005,0,30,30,1.499647,SUCCESS,sigmoid,
2026-06-05T08:14:22,88.0,39.3,sensor2_serial,2,1,5,1,120,188,20.000,20.005,0,27,27,1.349654,SUCCESS,sigmoid,
2026-06-05T08:14:42,88.0,39.3,sensor2_serial,2,1,5,1,120,187,20.000,20.005,0,20,20,0.999730,SUCCESS,sigmoid,
2026-06-05T08:15:02,88.0,39.3,sensor2_serial,2,1,5,1,120,186,20.000,20.004,0,21,21,1.049773,SUCCESS,sigmoid,
2026-06-05T08:15:22,88.0,39.3,sensor2_serial,2,1,5,1,120,185,20.000,20.004,0,16,16,0.799824,SUCCESS,sigmoid,
2026-06-05T08:15:42,88.0,39.3,sensor2_serial,2,1,5,1,120,184,20.000,20.004,0,24,24,1.199751,SUCCESS,sigmoid,
2026-06-05T08:16:02,88.0,39.3,sensor2_serial,2,1,5,1,120,183,20.000,20.006,0,10,10,0.499859,SUCCESS,sigmoid,
2026-06-05T08:16:22,88.0,39.3,sensor2_serial,2,1,5,1,120,182,20.000,20.005,0,16,16,0.799789,SUCCESS,sigmoid,
2026-06-05T08:16:42,88.0,39.3,sensor2_serial,2,1,5,1,120,181,20.000,20.004,0,6,6,0.299936,SUCCESS,sigmoid,
2026-06-05T08:17:02,88.0,39.3,sensor2_serial,2,1,5,1,120,180,20.000,20.004,0,9,9,0.449904,SUCCESS,sigmoid,
2026-06-05T08:17:22,88.0,39.3,sensor2_serial,2,1,5,1,120,179,20.000,20.004,0,3,3,0.149968,SUCCESS,sigmoid,
2026-06-05T08:17:42,88.0,39.3,sensor2_serial,2,1,5,1,120,178,20.000,20.004,0,4,4,0.199956,SUCCESS,sigmoid,
2026-06-05T08:18:02,88.0,39.3,sensor2_serial,2,1,5,1,120,177,20.000,20.005,0,3,3,0.149959,SUCCESS,sigmoid,
2026-06-05T08:18:22,88.0,39.3,sensor2_serial,2,1,5,1,120,176,20.000,20.004,0,3,3,0.149966,SUCCESS,sigmoid,
2026-06-05T08:18:43,88.0,39.3,sensor2_serial,2,1,5,1,120,175,20.000,20.004,0,1,1,0.049989,SUCCESS,sigmoid,
2026-06-05T08:19:03,88.0,39.3,sensor2_serial,2,1,5,1,120,174,20.000,20.005,0,3,3,0.149966,SUCCESS,sigmoid,
2026-06-05T08:19:23,88.0,39.3,sensor2_serial,2,1,5,1,120,173,20.000,20.004,0,4,4,0.199958,SUCCESS,sigmoid,
2026-06-05T08:19:43,88.0,39.3,sensor2_serial,2,1,5,1,120,172,20.000,20.004,0,0,0,0.000000,SUCCESS,sigmoid,
2026-06-05T08:20:03,88.0,39.3,sensor2_serial,2,1,5,1,120,171,20.000,20.004,0,0,0,0.000000,SUCCESS,sigmoid,
2026-06-05T08:20:23,88.0,39.3,sensor2_serial,2,1,5,1,120,170,20.000,20.004,0,4,4,0.199956,SUCCESS,sigmoid,
2026-06-05T08:20:43,88.0,39.3,sensor2_serial,2,1,5,1,120,169,20.000,20.005,0,1,1,0.049987,SUCCESS,sigmoid,
2026-06-05T08:21:03,88.0,39.3,sensor2_serial,2,1,5,1,120,168,20.000,20.005,0,0,0,0.000000,SUCCESS,sigmoid,
2026-06-05T08:21:23,88.0,39.3,sensor2_serial,2,1,5,1,120,167,20.000,20.004,0,0,0,0.000000,SUCCESS,sigmoid,
2026-06-05T08:21:43,88.0,39.3,sensor2_serial,2,1,5,1,120,166,20.000,20.005,0,0,0,0.000000,SUCCESS,sigmoid,
2026-06-05T08:22:03,88.0,39.3,sensor2_serial,2,1,5,1,120,165,20.000,20.005,0,0,0,0.000000,SUCCESS,sigmoid,
2026-06-05T08:22:23,88.0,39.3,sensor2_serial,2,1,5,1,120,164,20.000,20.005,0,2,2,0.099974,SUCCESS,sigmoid,
2026-06-05T08:22:43,88.0,39.3,sensor2_serial,2,1,5,1,120,163,20.000,20.004,0,0,0,0.000000,SUCCESS,sigmoid,
2026-06-05T08:23:03,88.0,39.3,sensor2_serial,2,1,5,1,120,162,20.000,20.004,0,0,0,0.000000,SUCCESS,sigmoid,
2026-06-05T08:23:23,88.0,39.3,sensor2_serial,2,1,5,1,120,161,20.000,20.005,0,0,0,0.000000,SUCCESS,sigmoid,
2026-06-05T08:23:43,88.0,39.3,sensor2_serial,2,1,5,1,120,160,20.000,20.004,0,0,0,0.000000,SUCCESS,sigmoid,
2026-06-05T08:24:03,88.0,39.3,sensor2_serial,2,1,5,1,120,159,20.000,20.005,0,0,0,0.000000,SUCCESS,sigmoid,
2026-06-05T08:24:24,88.0,39.3,sensor2_serial,2,1,5,1,120,158,20.000,20.004,0,0,0,0.000000,SUCCESS,sigmoid,
2026-06-05T08:24:44,88.0,39.3,sensor2_serial,2,1,5,1,120,157,20.000,20.004,0,0,0,0.000000,SUCCESS,sigmoid,
2026-06-05T08:25:04,88.0,39.3,sensor2_serial,2,1,5,1,120,156,20.000,20.005,0,0,0,0.000000,SUCCESS,sigmoid,
2026-06-05T08:25:24,88.0,39.3,sensor2_serial,2,1,5,1,120,155,20.000,20.005,0,0,0,0.000000,SUCCESS,sigmoid,
2026-06-05T08:25:44,88.0,39.3,sensor2_serial,2,1,5,1,120,154,20.000,20.004,0,0,0,0.000000,SUCCESS,sigmoid,
2026-06-05T08:26:04,88.0,39.3,sensor2_serial,2,1,5,1,120,153,20.000,20.004,0,0,0,0.000000,SUCCESS,sigmoid,
2026-06-05T08:26:24,88.0,39.3,sensor2_serial,2,1,5,1,120,152,20.000,20.005,0,0,0,0.000000,SUCCESS,sigmoid,
2026-06-05T08:26:44,88.0,39.3,sensor2_serial,2,1,5,1,120,151,20.000,20.005,0,0,0,0.000000,SUCCESS,sigmoid,
2026-06-05T08:27:04,88.0,39.3,sensor2_serial,2,1,5,1,120,150,20.000,20.005,0,0,0,0.000000,SUCCESS,sigmoid,
2026-06-05T08:27:24,88.0,39.3,sensor2_serial,2,1,5,1,120,149,20.000,20.004,0,0,0,0.000000,SUCCESS,sigmoid,
2026-06-05T08:27:44,88.0,39.3,sensor2_serial,2,1,5,1,120,148,20.000,20.005,0,0,0,0.000000,SUCCESS,sigmoid,
2026-06-05T08:28:04,88.0,39.3,sensor2_serial,2,1,5,1,120,147,20.000,20.004,0,0,0,0.000000,SUCCESS,sigmoid,
2026-06-05T08:28:24,88.0,39.3,sensor2_serial,2,1,5,1,120,146,20.000,20.005,0,0,0,0.000000,SUCCESS,sigmoid,
2026-06-05T08:28:44,88.0,39.3,sensor2_serial,2,1,5,1,120,145,20.000,20.004,0,0,0,0.000000,SUCCESS,sigmoid,
2026-06-05T08:29:04,88.0,39.3,sensor2_serial,2,1,5,1,120,144,20.000,20.004,0,0,0,0.000000,SUCCESS,sigmoid,
2026-06-05T08:29:24,88.0,39.3,sensor2_serial,2,1,5,1,120,143,20.000,20.004,0,0,0,0.000000,SUCCESS,sigmoid,
2026-06-05T08:29:44,88.0,39.3,sensor2_serial,2,1,5,1,120,142,20.000,20.005,0,0,0,0.000000,SUCCESS,sigmoid,
2026-06-05T08:30:05,88.0,39.3,sensor2_serial,2,1,5,1,120,141,20.000,20.004,0,0,0,0.000000,SUCCESS,sigmoid,
2026-06-05T08:30:25,88.0,39.3,sensor2_serial,2,1,5,1,120,140,20.000,20.005,0,0,0,0.000000,SUCCESS,sigmoid,
2026-06-05T08:30:45,88.0,39.3,sensor2_serial,2,1,5,1,120,139,20.000,20.004,0,0,0,0.000000,SUCCESS,sigmoid,
2026-06-05T08:31:05,88.0,39.3,sensor2_serial,2,1,5,1,120,138,20.000,20.005,0,0,0,0.000000,SUCCESS,sigmoid,
2026-06-05T08:31:25,88.0,39.3,sensor2_serial,2,1,5,1,120,137,20.000,20.004,0,0,0,0.000000,SUCCESS,sigmoid,
2026-06-05T08:31:45,88.0,39.3,sensor2_serial,2,1,5,1,120,136,20.000,20.004,0,0,0,0.000000,SUCCESS,sigmoid,
2026-06-05T08:32:05,88.0,39.3,sensor2_serial,2,1,5,1,120,135,20.000,20.005,0,0,0,0.000000,SUCCESS,sigmoid,
2026-06-05T08:32:25,88.0,39.3,sensor2_serial,2,1,5,1,120,134,20.000,20.005,0,0,0,0.000000,SUCCESS,sigmoid,
2026-06-05T08:32:45,88.0,39.3,sensor2_serial,2,1,5,1,120,133,20.000,20.004,0,0,0,0.000000,SUCCESS,sigmoid,
2026-06-05T08:33:05,88.0,39.3,sensor2_serial,2,1,5,1,120,132,20.000,20.005,0,0,0,0.000000,SUCCESS,sigmoid,
2026-06-05T08:33:25,88.0,39.3,sensor2_serial,2,1,5,1,120,131,20.000,20.004,0,0,0,0.000000,SUCCESS,sigmoid,
2026-06-05T08:33:45,88.0,39.3,sensor2_serial,2,1,5,1,120,130,20.000,20.005,0,0,0,0.000000,SUCCESS,sigmoid,
2026-06-05T08:34:05,88.0,39.3,sensor2_serial,2,1,5,1,120,129,20.000,20.005,0,0,0,0.000000,SUCCESS,sigmoid,
2026-06-05T08:34:25,88.0,39.3,sensor2_serial,2,1,5,1,120,128,20.000,20.004,0,0,0,0.000000,SUCCESS,sigmoid,
2026-06-05T08:34:45,88.0,39.3,sensor2_serial,2,1,5,1,120,127,20.000,20.005,0,0,0,0.000000,SUCCESS,sigmoid,
2026-06-05T08:35:05,88.0,39.3,sensor2_serial,2,1,5,1,120,126,20.000,20.004,0,0,0,0.000000,SUCCESS,sigmoid,
2026-06-05T08:35:25,88.0,39.3,sensor2_serial,2,1,5,1,120,125,20.000,20.006,0,0,0,0.000000,SUCCESS,sigmoid,
2026-06-05T08:35:46,88.0,39.3,sensor2_serial,2,1,5,1,120,124,20.000,20.004,0,0,0,0.000000,SUCCESS,sigmoid,
2026-06-05T08:36:06,88.0,39.3,sensor2_serial,2,1,5,1,120,123,20.000,20.004,0,0,0,0.000000,SUCCESS,sigmoid,
2026-06-05T08:36:26,88.0,39.3,sensor2_serial,2,1,5,1,120,122,20.000,20.005,0,0,0,0.000000,SUCCESS,sigmoid,
2026-06-05T08:36:46,88.0,39.3,sensor2_serial,2,1,5,1,120,121,20.000,20.004,0,0,0,0.000000,SUCCESS,sigmoid,
2026-06-05T08:37:06,88.0,39.3,sensor2_serial,2,1,5,1,120,120,20.000,20.005,0,0,0,0.000000,SUCCESS,sigmoid,
2026-06-05T08:37:26,88.0,39.3,sensor2_serial,2,1,5,1,120,119,20.000,20.005,0,0,0,0.000000,SUCCESS,sigmoid,
2026-06-05T08:37:46,88.0,39.3,sensor2_serial,2,1,5,1,120,118,20.000,20.004,0,0,0,0.000000,SUCCESS,sigmoid,
2026-06-05T08:38:06,88.0,39.3,sensor2_serial,2,1,5,1,120,117,20.000,20.004,0,0,0,0.000000,SUCCESS,sigmoid,
2026-06-05T08:38:26,88.0,39.3,sensor2_serial,2,1,5,1,120,116,20.000,20.004,0,0,0,0.000000,SUCCESS,sigmoid,
2026-06-05T08:38:46,88.0,39.3,sensor2_serial,2,1,5,1,120,115,20.000,20.005,0,0,0,0.000000,SUCCESS,sigmoid,
2026-06-05T08:39:06,88.0,39.3,sensor2_serial,2,1,5,1,120,114,20.000,20.004,0,0,0,0.000000,SUCCESS,sigmoid,
2026-06-05T08:39:26,88.0,39.3,sensor2_serial,2,1,5,1,120,113,20.000,20.004,0,0,0,0.000000,SUCCESS,sigmoid,
2026-06-05T08:39:46,88.0,39.3,sensor2_serial,2,1,5,1,120,112,20.000,20.005,0,0,0,0.000000,SUCCESS,sigmoid,
2026-06-05T08:40:06,88.0,39.3,sensor2_serial,2,1,5,1,120,111,20.000,20.004,0,0,0,0.000000,SUCCESS,sigmoid,
2026-06-05T08:40:26,88.0,39.3,sensor2_serial,2,1,5,1,120,110,20.000,20.004,0,0,0,0.000000,SUCCESS,sigmoid,
2026-06-05T08:40:46,88.0,39.3,sensor2_serial,2,1,5,1,120,109,20.000,20.005,0,0,0,0.000000,SUCCESS,sigmoid,
2026-06-05T08:41:06,88.0,39.3,sensor2_serial,2,1,5,1,120,108,20.000,20.004,0,0,0,0.000000,SUCCESS,sigmoid,
2026-06-05T08:41:27,88.0,39.3,sensor2_serial,2,1,5,1,120,107,20.000,20.004,0,0,0,0.000000,SUCCESS,sigmoid,
2026-06-05T08:41:47,88.0,39.3,sensor2_serial,2,1,5,1,120,106,20.000,20.005,0,0,0,0.000000,SUCCESS,sigmoid,
2026-06-05T08:42:07,88.0,39.3,sensor2_serial,2,1,5,1,120,105,20.000,20.005,0,0,0,0.000000,SUCCESS,sigmoid,
2026-06-05T08:42:27,88.0,39.3,sensor2_serial,2,1,5,1,120,104,20.000,20.005,0,0,0,0.000000,SUCCESS,sigmoid,
2026-06-05T08:42:47,88.0,39.3,sensor2_serial,2,1,5,1,120,103,20.000,20.005,0,0,0,0.000000,SUCCESS,sigmoid,
2026-06-05T08:43:07,88.0,39.3,sensor2_serial,2,1,5,1,120,102,20.000,20.006,0,0,0,0.000000,SUCCESS,sigmoid,
2026-06-05T08:43:27,88.0,39.3,sensor2_serial,2,1,5,1,120,101,20.000,20.005,0,0,0,0.000000,SUCCESS,sigmoid,
2026-06-05T08:43:47,88.0,39.3,sensor2_serial,2,1,5,1,120,100,20.000,20.004,0,0,0,0.000000,SUCCESS,sigmoid,
2026-06-05T08:44:07,88.0,39.3,sensor2_serial,2,1,5,1,120,99,20.000,20.004,0,0,0,0.000000,SUCCESS,sigmoid,
2026-06-05T08:44:27,88.0,39.3,sensor2_serial,2,1,5,1,120,98,20.000,20.004,0,0,0,0.000000,SUCCESS,sigmoid,
2026-06-05T08:44:47,88.0,39.3,sensor2_serial,2,1,5,1,120,97,20.000,20.005,0,0,0,0.000000,SUCCESS,sigmoid,
2026-06-05T08:45:07,88.0,39.3,sensor2_serial,2,1,5,1,120,96,20.000,20.005,0,0,0,0.000000,SUCCESS,sigmoid,
2026-06-05T08:45:27,88.0,39.3,sensor2_serial,2,1,5,1,120,95,20.000,20.005,0,0,0,0.000000,SUCCESS,sigmoid,
2026-06-05T08:45:47,88.0,39.3,sensor2_serial,2,1,5,1,120,94,20.000,20.006,0,0,0,0.000000,SUCCESS,sigmoid,
2026-06-05T08:46:07,88.0,39.3,sensor2_serial,2,1,5,1,120,93,20.000,20.005,0,0,0,0.000000,SUCCESS,sigmoid,
2026-06-05T08:46:27,88.0,39.3,sensor2_serial,2,1,5,1,120,92,20.000,20.004,0,0,0,0.000000,SUCCESS,sigmoid,
2026-06-05T08:46:47,88.0,39.3,sensor2_serial,2,1,5,1,120,91,20.000,20.004,0,0,0,0.000000,SUCCESS,sigmoid,
2026-06-05T08:47:08,88.0,39.3,sensor2_serial,2,1,5,1,120,90,20.000,20.005,0,0,0,0.000000,SUCCESS,sigmoid,
2026-06-05T08:47:28,88.0,39.3,sensor2_serial,2,1,5,1,120,89,20.000,20.006,0,0,0,0.000000,SUCCESS,sigmoid,
2026-06-05T08:47:48,88.0,39.3,sensor2_serial,2,1,5,1,120,88,20.000,20.004,0,0,0,0.000000,SUCCESS,sigmoid,
2026-06-05T08:48:08,88.0,39.3,sensor2_serial,2,1,5,1,120,87,20.000,20.004,0,0,0,0.000000,SUCCESS,sigmoid,
2026-06-05T08:48:28,88.0,39.3,sensor2_serial,2,1,5,1,120,86,20.000,20.005,0,0,0,0.000000,SUCCESS,sigmoid,
2026-06-05T08:48:48,88.0,39.3,sensor2_serial,2,1,5,1,120,85,20.000,20.004,0,0,0,0.000000,SUCCESS,sigmoid,
2026-06-05T08:49:08,88.0,39.3,sensor2_serial,2,1,5,1,120,84,20.000,20.005,0,0,0,0.000000,SUCCESS,sigmoid,
2026-06-05T08:49:28,88.0,39.3,sensor2_serial,2,1,5,1,120,83,20.000,20.004,0,0,0,0.000000,SUCCESS,sigmoid,
2026-06-05T08:49:48,88.0,39.3,sensor2_serial,2,1,5,1,120,82,20.000,20.004,0,0,0,0.000000,SUCCESS,sigmoid,
2026-06-05T08:50:08,88.0,39.3,sensor2_serial,2,1,5,1,120,81,20.000,20.004,0,0,0,0.000000,SUCCESS,sigmoid,
2026-06-05T08:50:28,88.0,39.3,sensor2_serial,2,1,5,1,120,80,20.000,20.006,0,0,0,0.000000,SUCCESS,sigmoid,
2026-06-05T08:50:48,88.0,39.3,sensor2_serial,2,1,5,1,120,79,20.000,20.004,0,0,0,0.000000,SUCCESS,sigmoid,
2026-06-05T08:51:08,88.0,39.3,sensor2_serial,2,1,5,1,120,78,20.000,20.005,0,0,0,0.000000,SUCCESS,sigmoid,
2026-06-05T08:51:28,88.0,39.3,sensor2_serial,2,1,5,1,120,77,20.000,20.004,0,0,0,0.000000,SUCCESS,sigmoid,
2026-06-05T08:51:48,88.0,39.3,sensor2_serial,2,1,5,1,120,76,20.000,20.005,0,0,0,0.000000,SUCCESS,sigmoid,
2026-06-05T08:52:08,88.0,39.3,sensor2_serial,2,1,5,1,120,75,20.000,20.004,0,0,0,0.000000,SUCCESS,sigmoid,
2026-06-05T08:52:28,88.0,39.3,sensor2_serial,2,1,5,1,120,74,20.000,20.004,0,0,0,0.000000,SUCCESS,sigmoid,
2026-06-05T08:52:49,88.0,39.3,sensor2_serial,2,1,5,1,120,73,20.000,20.004,0,0,0,0.000000,SUCCESS,sigmoid,
2026-06-05T08:53:09,88.0,39.3,sensor2_serial,2,1,5,1,120,72,20.000,20.004,0,0,0,0.000000,SUCCESS,sigmoid,
2026-06-05T08:53:29,88.0,39.3,sensor2_serial,2,1,5,1,120,71,20.000,20.005,0,0,0,0.000000,SUCCESS,sigmoid,
2026-06-05T08:53:49,88.0,39.3,sensor2_serial,2,1,5,1,120,70,20.000,20.005,0,0,0,0.000000,SUCCESS,sigmoid,
2026-06-05T08:54:09,88.0,39.3,sensor2_serial,2,1,5,1,120,69,20.000,20.004,0,0,0,0.000000,SUCCESS,sigmoid,
2026-06-05T08:54:29,88.0,39.3,sensor2_serial,2,1,5,1,120,68,20.000,20.005,0,0,0,0.000000,SUCCESS,sigmoid,
2026-06-05T08:54:49,88.0,39.3,sensor2_serial,2,1,5,1,120,67,20.000,20.006,0,0,0,0.000000,SUCCESS,sigmoid,
2026-06-05T08:55:09,88.0,39.3,sensor2_serial,2,1,5,1,120,66,20.000,20.005,0,0,0,0.000000,SUCCESS,sigmoid,
2026-06-05T08:55:29,88.0,39.3,sensor2_serial,2,1,5,1,120,65,20.000,20.004,0,0,0,0.000000,SUCCESS,sigmoid,
2026-06-05T08:55:49,88.0,39.3,sensor2_serial,2,1,5,1,120,64,20.000,20.004,0,0,0,0.000000,SUCCESS,sigmoid,
2026-06-05T08:56:09,88.0,39.3,sensor2_serial,2,1,5,1,120,63,20.000,20.005,0,0,0,0.000000,SUCCESS,sigmoid,
2026-06-05T08:56:29,88.0,39.3,sensor2_serial,2,1,5,1,120,62,20.000,20.005,0,0,0,0.000000,SUCCESS,sigmoid,
2026-06-05T08:56:49,88.0,39.3,sensor2_serial,2,1,5,1,120,61,20.000,20.004,0,0,0,0.000000,SUCCESS,sigmoid,
2026-06-05T08:57:09,88.0,39.3,sensor2_serial,2,1,5,1,120,60,20.000,20.004,0,0,0,0.000000,SUCCESS,sigmoid,
2026-06-05T08:57:29,88.0,39.3,sensor2_serial,2,1,5,1,120,59,20.000,20.004,0,0,0,0.000000,SUCCESS,sigmoid,
2026-06-05T08:57:49,88.0,39.3,sensor2_serial,2,1,5,1,120,58,20.000,20.004,0,0,0,0.000000,SUCCESS,sigmoid,
2026-06-05T08:58:09,88.0,39.3,sensor2_serial,2,1,5,1,120,57,20.000,20.004,0,0,0,0.000000,SUCCESS,sigmoid,
2026-06-05T08:58:30,88.0,39.3,sensor2_serial,2,1,5,1,120,56,20.000,20.004,0,0,0,0.000000,SUCCESS,sigmoid,
2026-06-05T08:58:50,88.0,39.3,sensor2_serial,2,1,5,1,120,55,20.000,20.005,0,0,0,0.000000,SUCCESS,sigmoid,
2026-06-05T08:59:10,88.0,39.3,sensor2_serial,2,1,5,1,120,54,20.000,20.005,0,0,0,0.000000,SUCCESS,sigmoid,
2026-06-05T08:59:30,88.0,39.3,sensor2_serial,2,1,5,1,120,53,20.000,20.005,0,0,0,0.000000,SUCCESS,sigmoid,
2026-06-05T08:59:50,88.0,39.3,sensor2_serial,2,1,5,1,120,52,20.000,20.005,0,0,0,0.000000,SUCCESS,sigmoid,
2026-06-05T09:00:10,88.0,39.3,sensor2_serial,2,1,5,1,120,51,20.000,20.005,0,0,0,0.000000,SUCCESS,sigmoid,
2026-06-05T09:00:30,88.0,39.3,sensor2_serial,2,1,5,1,120,50,20.000,20.005,0,0,0,0.000000,SUCCESS,sigmoid,
2026-06-05T09:00:50,88.0,39.3,sensor2_serial,2,1,5,1,120,49,20.000,20.006,0,0,0,0.000000,SUCCESS,sigmoid,
2026-06-05T09:01:10,88.0,39.3,sensor2_serial,2,1,5,1,120,48,20.000,20.005,0,0,0,0.000000,SUCCESS,sigmoid,
2026-06-05T09:01:30,88.0,39.3,sensor2_serial,2,1,5,1,120,47,20.000,20.005,0,0,0,0.000000,SUCCESS,sigmoid,
2026-06-05T09:01:50,88.0,39.3,sensor2_serial,2,1,5,1,120,46,20.000,20.004,0,0,0,0.000000,SUCCESS,sigmoid,
2026-06-05T09:02:10,88.0,39.3,sensor2_serial,2,1,5,1,120,45,20.000,20.005,0,0,0,0.000000,SUCCESS,sigmoid,
2026-06-05T09:02:30,88.0,39.3,sensor2_serial,2,1,5,1,120,44,20.000,20.005,0,0,0,0.000000,SUCCESS,sigmoid,
2026-06-05T09:02:50,88.0,39.3,sensor2_serial,2,1,5,1,120,43,20.000,20.004,0,0,0,0.000000,SUCCESS,sigmoid,
2026-06-05T09:03:10,88.0,39.3,sensor2_serial,2,1,5,1,120,42,20.000,20.004,0,0,0,0.000000,SUCCESS,sigmoid,
2026-06-05T09:03:30,88.0,39.3,sensor2_serial,2,1,5,1,120,41,20.000,20.005,0,0,0,0.000000,SUCCESS,sigmoid,
2026-06-05T09:03:51,88.0,39.3,sensor2_serial,2,1,5,1,120,40,20.000,20.004,0,0,0,0.000000,SUCCESS,sigmoid,
2026-06-05T09:04:11,88.0,39.3,sensor2_serial,2,1,5,1,120,39,20.000,20.004,0,0,0,0.000000,SUCCESS,sigmoid,
2026-06-05T09:04:31,88.0,39.3,sensor2_serial,2,1,5,1,120,38,20.000,20.004,0,0,0,0.000000,SUCCESS,sigmoid,
2026-06-05T09:04:51,88.0,39.3,sensor2_serial,2,1,5,1,120,37,20.000,20.004,0,0,0,0.000000,SUCCESS,sigmoid,
2026-06-05T09:05:11,88.0,39.3,sensor2_serial,2,1,5,1,120,36,20.000,20.004,0,0,0,0.000000,SUCCESS,sigmoid,
2026-06-05T09:05:31,88.0,39.3,sensor2_serial,2,1,5,1,120,35,20.000,20.004,0,0,0,0.000000,SUCCESS,sigmoid,
2026-06-05T09:05:51,88.0,39.3,sensor2_serial,2,1,5,1,120,34,20.000,20.005,0,0,0,0.000000,SUCCESS,sigmoid,
2026-06-05T09:06:11,88.0,39.3,sensor2_serial,2,1,5,1,120,33,20.000,20.004,0,0,0,0.000000,SUCCESS,sigmoid,
2026-06-05T09:06:31,88.0,39.3,sensor2_serial,2,1,5,1,120,32,20.000,20.004,0,0,0,0.000000,SUCCESS,sigmoid,
2026-06-05T09:06:51,88.0,39.3,sensor2_serial,2,1,5,1,120,31,20.000,20.004,0,0,0,0.000000,SUCCESS,sigmoid,
2026-06-05T09:07:11,88.0,39.3,sensor2_serial,2,1,5,1,120,30,20.000,20.004,0,0,0,0.000000,SUCCESS,sigmoid,
2026-06-05T09:07:31,88.0,39.3,sensor2_serial,2,1,5,1,120,29,20.000,20.004,0,0,0,0.000000,SUCCESS,sigmoid,
2026-06-05T09:07:51,88.0,39.3,sensor2_serial,2,1,5,1,120,28,20.000,20.005,0,0,0,0.000000,SUCCESS,sigmoid,
2026-06-05T09:08:11,88.0,39.3,sensor2_serial,2,1,5,1,120,27,20.000,20.005,0,0,0,0.000000,SUCCESS,sigmoid,
2026-06-05T09:08:31,88.0,39.3,sensor2_serial,2,1,5,1,120,26,20.000,20.005,0,0,0,0.000000,SUCCESS,sigmoid,
2026-06-05T09:08:51,88.0,39.3,sensor2_serial,2,1,5,1,120,25,20.000,20.006,0,0,0,0.000000,SUCCESS,sigmoid,
2026-06-05T09:09:11,88.0,39.3,sensor2_serial,2,1,5,1,120,24,20.000,20.005,0,0,0,0.000000,SUCCESS,sigmoid,
2026-06-05T09:09:32,88.0,39.3,sensor2_serial,2,1,5,1,120,23,20.000,20.004,0,0,0,0.000000,SUCCESS,sigmoid,
2026-06-05T09:09:52,88.0,39.3,sensor2_serial,2,1,5,1,120,22,20.000,20.005,0,0,0,0.000000,SUCCESS,sigmoid,
2026-06-05T09:10:12,88.0,39.3,sensor2_serial,2,1,5,1,120,21,20.000,20.005,0,0,0,0.000000,SUCCESS,sigmoid,
2026-06-05T09:10:32,88.0,39.3,sensor2_serial,2,1,5,1,120,20,20.000,20.004,0,0,0,0.000000,SUCCESS,sigmoid,
2026-06-05T09:10:52,88.0,39.3,sensor2_serial,2,1,5,1,120,19,20.000,20.004,0,0,0,0.000000,SUCCESS,sigmoid,
2026-06-05T09:11:12,88.0,39.3,sensor2_serial,2,1,5,1,120,18,20.000,20.004,0,0,0,0.000000,SUCCESS,sigmoid,
2026-06-05T09:11:32,88.0,39.3,sensor2_serial,2,1,5,1,120,17,20.000,20.005,0,0,0,0.000000,SUCCESS,sigmoid,
2026-06-05T09:11:52,88.0,39.3,sensor2_serial,2,1,5,1,120,16,20.000,20.004,0,0,0,0.000000,SUCCESS,sigmoid,
2026-06-05T09:12:12,88.0,39.3,sensor2_serial,2,1,5,1,120,15,20.000,20.004,0,0,0,0.000000,SUCCESS,sigmoid,
2026-06-05T09:12:32,88.0,39.3,sensor2_serial,2,1,5,1,120,14,20.000,20.005,0,0,0,0.000000,SUCCESS,sigmoid,
2026-06-05T09:12:52,88.0,39.3,sensor2_serial,2,1,5,1,120,13,20.000,20.005,0,0,0,0.000000,SUCCESS,sigmoid,
2026-06-05T09:13:12,88.0,39.3,sensor2_serial,2,1,5,1,120,12,20.000,20.005,0,0,0,0.000000,SUCCESS,sigmoid,
2026-06-05T09:13:32,88.0,39.3,sensor2_serial,2,1,5,1,120,11,20.000,20.004,0,0,0,0.000000,SUCCESS,sigmoid,
2026-06-05T09:13:52,88.0,39.3,sensor2_serial,2,1,5,1,120,10,20.000,20.005,0,0,0,0.000000,SUCCESS,sigmoid,
2026-06-05T09:14:12,88.0,39.3,sensor2_serial,2,1,5,1,120,9,20.000,20.005,0,0,0,0.000000,SUCCESS,sigmoid,
2026-06-05T09:14:32,88.0,39.3,sensor2_serial,2,1,5,1,120,8,20.000,20.005,0,0,0,0.000000,SUCCESS,sigmoid,
2026-06-05T09:14:52,88.0,39.3,sensor2_serial,2,1,5,1,120,7,20.000,20.005,0,0,0,0.000000,SUCCESS,sigmoid,
2026-06-05T09:15:13,88.0,39.3,sensor2_serial,2,1,5,1,120,6,20.000,20.004,0,0,0,0.000000,SUCCESS,sigmoid,
2026-06-05T09:15:33,88.0,39.3,sensor2_serial,2,1,5,1,120,5,20.000,20.005,0,0,0,0.000000,SUCCESS,sigmoid,
2026-06-05T09:15:53,88.0,39.3,sensor2_serial,2,1,5,1,120,4,20.000,20.004,0,0,0,0.000000,SUCCESS,sigmoid,
2026-06-05T09:16:13,88.0,39.3,sensor2_serial,2,1,5,1,120,3,20.000,20.004,0,0,0,0.000000,SUCCESS,sigmoid,
2026-06-05T09:16:33,88.0,39.3,sensor2_serial,2,1,5,1,120,2,20.000,20.004,0,0,0,0.000000,SUCCESS,sigmoid,
2026-06-05T09:16:53,88.0,39.3,sensor2_serial,2,1,5,1,120,1,20.000,20.005,0,0,0,0.000000,SUCCESS,sigmoid,
2026-06-05T09:17:13,88.0,39.3,sensor2_serial,2,1,5,1,120,0,20.000,20.004,0,0,0,0.000000,SUCCESS,sigmoid,
2026-06-05T09:17:33,88.0,39.3,sensor2_serial,2,2,6,2,120,255,20.000,20.005,0,1438996,1438996,71930.228130,SUCCESS,sigmoid,
2026-06-05T09:17:53,88.0,39.3,sensor2_serial,2,2,6,2,120,254,20.000,20.005,0,1702052,1702052,85079.535462,SUCCESS,sigmoid,
2026-06-05T09:18:13,88.0,39.3,sensor2_serial,2,2,6,2,120,253,20.000,20.005,0,1748475,1748475,87401.055296,SUCCESS,sigmoid,
2026-06-05T09:18:33,88.0,39.3,sensor2_serial,2,2,6,2,120,252,20.000,20.005,0,1823482,1823482,91150.673975,SUCCESS,sigmoid,
2026-06-05T09:18:53,88.0,39.3,sensor2_serial,2,2,6,2,120,251,20.000,20.005,0,1810983,1810983,90525.456237,SUCCESS,sigmoid,
2026-06-05T09:19:13,88.0,39.3,sensor2_serial,2,2,6,2,120,250,20.000,20.006,0,1869333,1869333,93440.663838,SUCCESS,sigmoid,
2026-06-05T09:19:33,88.0,39.3,sensor2_serial,2,2,6,2,120,249,20.000,20.005,0,2106919,2106919,105319.234149,SUCCESS,sigmoid,
2026-06-05T09:19:53,88.0,39.3,sensor2_serial,2,2,6,2,120,248,20.000,20.006,0,2320497,2320497,115992.413748,SUCCESS,sigmoid,
2026-06-05T09:20:13,88.0,39.3,sensor2_serial,2,2,6,2,120,247,20.000,20.005,0,2941249,2941249,147024.630883,SUCCESS,sigmoid,
2026-06-05T09:20:33,88.0,39.3,sensor2_serial,2,2,6,2,120,246,20.000,20.005,0,3105492,3105492,155234.456259,SUCCESS,sigmoid,
2026-06-05T09:20:54,88.0,39.3,sensor2_serial,2,2,6,2,120,245,20.000,20.005,0,3331039,3331039,166509.936482,SUCCESS,sigmoid,
2026-06-05T09:21:14,88.0,39.3,sensor2_serial,2,2,6,2,120,244,20.000,20.005,0,3232989,3232989,161606.390836,SUCCESS,sigmoid,
2026-06-05T09:21:34,88.0,39.3,sensor2_serial,2,2,6,2,120,243,20.000,20.005,0,2432481,2432481,121590.880186,SUCCESS,sigmoid,
2026-06-05T09:21:54,88.0,39.3,sensor2_serial,2,2,6,2,120,242,20.000,20.005,0,1740968,1740968,87024.704397,SUCCESS,sigmoid,
2026-06-05T09:22:14,88.0,39.3,sensor2_serial,2,2,6,2,120,241,20.000,20.006,0,1104014,1104014,55185.470493,SUCCESS,sigmoid,
2026-06-05T09:22:34,88.0,39.3,sensor2_serial,2,2,6,2,120,240,20.000,20.005,0,799152,799152,39947.485276,SUCCESS,sigmoid,
2026-06-05T09:22:54,88.0,39.3,sensor2_serial,2,2,6,2,120,239,20.000,20.005,0,661931,661931,33087.517068,SUCCESS,sigmoid,
2026-06-05T09:23:14,88.0,39.3,sensor2_serial,2,2,6,2,120,238,20.000,20.006,0,341770,341770,17083.617836,SUCCESS,sigmoid,
2026-06-05T09:23:34,88.0,39.3,sensor2_serial,2,2,6,2,120,237,20.000,20.005,0,174383,174383,8716.825993,SUCCESS,sigmoid,
2026-06-05T09:23:54,88.0,39.3,sensor2_serial,2,2,6,2,120,236,20.000,20.005,0,78908,78908,3944.384728,SUCCESS,sigmoid,
2026-06-05T09:24:14,88.0,39.3,sensor2_serial,2,2,6,2,120,235,20.000,20.005,0,27528,27528,1376.023163,SUCCESS,sigmoid,
2026-06-05T09:24:34,88.0,39.3,sensor2_serial,2,2,6,2,120,234,20.000,20.005,0,14763,14763,737.960438,SUCCESS,sigmoid,
2026-06-05T09:24:54,88.0,39.3,sensor2_serial,2,2,6,2,120,233,20.000,20.005,0,5705,5705,285.175047,SUCCESS,sigmoid,
2026-06-05T09:25:14,88.0,39.3,sensor2_serial,2,2,6,2,120,232,20.000,20.005,0,2123,2123,106.122203,SUCCESS,sigmoid,
2026-06-05T09:25:34,88.0,39.3,sensor2_serial,2,2,6,2,120,231,20.000,20.005,0,622,622,31.092079,SUCCESS,sigmoid,
2026-06-05T09:25:54,88.0,39.3,sensor2_serial,2,2,6,2,120,230,20.000,20.005,0,325,325,16.245773,SUCCESS,sigmoid,
2026-06-05T09:26:14,88.0,39.3,sensor2_serial,2,2,6,2,120,229,20.000,20.005,0,214,214,10.697131,SUCCESS,sigmoid,
2026-06-05T09:26:35,88.0,39.3,sensor2_serial,2,2,6,2,120,228,20.000,20.005,0,194,194,9.697547,SUCCESS,sigmoid,
2026-06-05T09:26:55,88.0,39.3,sensor2_serial,2,2,6,2,120,227,20.000,20.005,0,150,150,7.498041,SUCCESS,sigmoid,
2026-06-05T09:27:15,88.0,39.3,sensor2_serial,2,2,6,2,120,226,20.000,20.005,0,131,131,6.548245,SUCCESS,sigmoid,
2026-06-05T09:27:35,88.0,39.3,sensor2_serial,2,2,6,2,120,225,20.000,20.005,0,133,133,6.648280,SUCCESS,sigmoid,
2026-06-05T09:27:55,88.0,39.3,sensor2_serial,2,2,6,2,120,224,20.000,20.004,0,142,142,7.098411,SUCCESS,sigmoid,
2026-06-05T09:28:15,88.0,39.3,sensor2_serial,2,2,6,2,120,223,20.000,20.005,0,131,131,6.548319,SUCCESS,sigmoid,
2026-06-05T09:28:35,88.0,39.3,sensor2_serial,2,2,6,2,120,222,20.000,20.005,0,116,116,5.798631,SUCCESS,sigmoid,
2026-06-05T09:28:55,88.0,39.3,sensor2_serial,2,2,6,2,120,221,20.000,20.005,0,106,106,5.298628,SUCCESS,sigmoid,
2026-06-05T09:29:15,88.0,39.3,sensor2_serial,2,2,6,2,120,220,20.000,20.005,0,107,107,5.348570,SUCCESS,sigmoid,
2026-06-05T09:29:35,88.0,39.3,sensor2_serial,2,2,6,2,120,219,20.000,20.005,0,113,113,5.648470,SUCCESS,sigmoid,
2026-06-05T09:29:55,88.0,39.3,sensor2_serial,2,2,6,2,120,218,20.000,20.005,0,96,96,4.798736,SUCCESS,sigmoid,
2026-06-05T09:30:15,88.0,39.3,sensor2_serial,2,2,6,2,120,217,20.000,20.005,0,102,102,5.098711,SUCCESS,sigmoid,
2026-06-05T09:30:35,88.0,39.3,sensor2_serial,2,2,6,2,120,216,20.000,20.004,0,107,107,5.348850,SUCCESS,sigmoid,
2026-06-05T09:30:55,88.0,39.3,sensor2_serial,2,2,6,2,120,215,20.000,20.004,0,79,79,3.949185,SUCCESS,sigmoid,
2026-06-05T09:31:15,88.0,39.3,sensor2_serial,2,2,6,2,120,214,20.000,20.006,0,86,86,4.298797,SUCCESS,sigmoid,
2026-06-05T09:31:35,88.0,39.3,sensor2_serial,2,2,6,2,120,213,20.000,20.006,0,82,82,4.098846,SUCCESS,sigmoid,
2026-06-05T09:31:55,88.0,39.3,sensor2_serial,2,2,6,2,120,212,20.000,20.005,0,98,98,4.898882,SUCCESS,sigmoid,
2026-06-05T09:32:16,88.0,39.3,sensor2_serial,2,2,6,2,120,211,20.000,20.005,0,82,82,4.098987,SUCCESS,sigmoid,
2026-06-05T09:32:36,88.0,39.3,sensor2_serial,2,2,6,2,120,210,20.000,20.004,0,85,85,4.249055,SUCCESS,sigmoid,
2026-06-05T09:32:56,88.0,39.3,sensor2_serial,2,2,6,2,120,209,20.000,20.004,0,69,69,3.449251,SUCCESS,sigmoid,
2026-06-05T09:33:16,88.0,39.3,sensor2_serial,2,2,6,2,120,208,20.000,20.005,0,85,85,4.248879,SUCCESS,sigmoid,
2026-06-05T09:33:36,88.0,39.3,sensor2_serial,2,2,6,2,120,207,20.000,20.006,0,83,83,4.148858,SUCCESS,sigmoid,
2026-06-05T09:33:56,88.0,39.3,sensor2_serial,2,2,6,2,120,206,20.000,20.004,0,61,61,3.049319,SUCCESS,sigmoid,
2026-06-05T09:34:16,88.0,39.3,sensor2_serial,2,2,6,2,120,205,20.000,20.005,0,80,80,3.999097,SUCCESS,sigmoid,
2026-06-05T09:34:36,88.0,39.3,sensor2_serial,2,2,6,2,120,204,20.000,20.004,0,71,71,3.549228,SUCCESS,sigmoid,
2026-06-05T09:34:56,88.0,39.3,sensor2_serial,2,2,6,2,120,203,20.000,20.005,0,61,61,3.049216,SUCCESS,sigmoid,
2026-06-05T09:35:16,88.0,39.3,sensor2_serial,2,2,6,2,120,202,20.000,20.004,0,58,58,2.899360,SUCCESS,sigmoid,
2026-06-05T09:35:36,88.0,39.3,sensor2_serial,2,2,6,2,120,201,20.000,20.005,0,66,66,3.299099,SUCCESS,sigmoid,
2026-06-05T09:35:56,88.0,39.3,sensor2_serial,2,2,6,2,120,200,20.000,20.005,0,63,63,3.149250,SUCCESS,sigmoid,
2026-06-05T09:36:16,88.0,39.3,sensor2_serial,2,2,6,2,120,199,20.000,20.005,0,55,55,2.749247,SUCCESS,sigmoid,
2026-06-05T09:36:36,88.0,39.3,sensor2_serial,2,2,6,2,120,198,20.000,20.006,0,57,57,2.849213,SUCCESS,sigmoid,
2026-06-05T09:36:56,88.0,39.3,sensor2_serial,2,2,6,2,120,197,20.000,20.004,0,55,55,2.749397,SUCCESS,sigmoid,
2026-06-05T09:37:16,88.0,39.3,sensor2_serial,2,2,6,2,120,196,20.000,20.004,0,37,37,1.849598,SUCCESS,sigmoid,
2026-06-05T09:37:37,88.0,39.3,sensor2_serial,2,2,6,2,120,195,20.000,20.005,0,33,33,1.649573,SUCCESS,sigmoid,
2026-06-05T09:37:57,88.0,39.3,sensor2_serial,2,2,6,2,120,194,20.000,20.005,0,48,48,2.399363,SUCCESS,sigmoid,
2026-06-05T09:38:17,88.0,39.3,sensor2_serial,2,2,6,2,120,193,20.000,20.005,0,30,30,1.499588,SUCCESS,sigmoid,
2026-06-05T09:38:37,88.0,39.3,sensor2_serial,2,2,6,2,120,192,20.000,20.004,0,32,32,1.599664,SUCCESS,sigmoid,
2026-06-05T09:38:57,88.0,39.3,sensor2_serial,2,2,6,2,120,191,20.000,20.005,0,24,24,1.199673,SUCCESS,sigmoid,
2026-06-05T09:39:17,88.0,39.3,sensor2_serial,2,2,6,2,120,190,20.000,20.005,0,22,22,1.099733,SUCCESS,sigmoid,
2026-06-05T09:39:37,88.0,39.3,sensor2_serial,2,2,6,2,120,189,20.000,20.005,0,35,35,1.749538,SUCCESS,sigmoid,
2026-06-05T09:39:57,88.0,39.3,sensor2_serial,2,2,6,2,120,188,20.000,20.005,0,40,40,1.999549,SUCCESS,sigmoid,
2026-06-05T09:40:17,88.0,39.3,sensor2_serial,2,2,6,2,120,187,20.000,20.005,0,26,26,1.299656,SUCCESS,sigmoid,
2026-06-05T09:40:37,88.0,39.3,sensor2_serial,2,2,6,2,120,186,20.000,20.005,0,18,18,0.899791,SUCCESS,sigmoid,
2026-06-05T09:40:57,88.0,39.3,sensor2_serial,2,2,6,2,120,185,20.000,20.004,0,12,12,0.599875,SUCCESS,sigmoid,
2026-06-05T09:41:17,88.0,39.3,sensor2_serial,2,2,6,2,120,184,20.000,20.005,0,19,19,0.949767,SUCCESS,sigmoid,
2026-06-05T09:41:37,88.0,39.3,sensor2_serial,2,2,6,2,120,183,20.000,20.005,0,19,19,0.949786,SUCCESS,sigmoid,
2026-06-05T09:41:57,88.0,39.3,sensor2_serial,2,2,6,2,120,182,20.000,20.004,0,11,11,0.549879,SUCCESS,sigmoid,
2026-06-05T09:42:17,88.0,39.3,sensor2_serial,2,2,6,2,120,181,20.000,20.006,0,10,10,0.499861,SUCCESS,sigmoid,
2026-06-05T09:42:37,88.0,39.3,sensor2_serial,2,2,6,2,120,180,20.000,20.005,0,12,12,0.599843,SUCCESS,sigmoid,
2026-06-05T09:42:57,88.0,39.3,sensor2_serial,2,2,6,2,120,179,20.000,20.005,0,8,8,0.399895,SUCCESS,sigmoid,
2026-06-05T09:43:18,88.0,39.3,sensor2_serial,2,2,6,2,120,178,20.000,20.004,0,10,10,0.499898,SUCCESS,sigmoid,
2026-06-05T09:43:38,88.0,39.3,sensor2_serial,2,2,6,2,120,177,20.000,20.005,0,9,9,0.449898,SUCCESS,sigmoid,
2026-06-05T09:43:58,88.0,39.3,sensor2_serial,2,2,6,2,120,176,20.000,20.005,0,6,6,0.299921,SUCCESS,sigmoid,
2026-06-05T09:44:18,88.0,39.3,sensor2_serial,2,2,6,2,120,175,20.000,20.005,0,6,6,0.299932,SUCCESS,sigmoid,
2026-06-05T09:44:38,88.0,39.3,sensor2_serial,2,2,6,2,120,174,20.000,20.005,0,5,5,0.249943,SUCCESS,sigmoid,
2026-06-05T09:44:58,88.0,39.3,sensor2_serial,2,2,6,2,120,173,20.000,20.004,0,2,2,0.099978,SUCCESS,sigmoid,
2026-06-05T09:45:18,88.0,39.3,sensor2_serial,2,2,6,2,120,172,20.000,20.005,0,1,1,0.049986,SUCCESS,sigmoid,
2026-06-05T09:45:38,88.0,39.3,sensor2_serial,2,2,6,2,120,171,20.000,20.005,0,1,1,0.049986,SUCCESS,sigmoid,
2026-06-05T09:45:58,88.0,39.3,sensor2_serial,2,2,6,2,120,170,20.000,20.005,0,1,1,0.049989,SUCCESS,sigmoid,
2026-06-05T09:46:18,88.0,39.3,sensor2_serial,2,2,6,2,120,169,20.000,20.004,0,0,0,0.000000,SUCCESS,sigmoid,
2026-06-05T09:46:38,88.0,39.3,sensor2_serial,2,2,6,2,120,168,20.000,20.005,0,0,0,0.000000,SUCCESS,sigmoid,
2026-06-05T09:46:58,88.0,39.3,sensor2_serial,2,2,6,2,120,167,20.000,20.006,0,1,1,0.049986,SUCCESS,sigmoid,
2026-06-05T09:47:18,88.0,39.3,sensor2_serial,2,2,6,2,120,166,20.000,20.005,0,1,1,0.049989,SUCCESS,sigmoid,
2026-06-05T09:47:38,88.0,39.3,sensor2_serial,2,2,6,2,120,165,20.000,20.005,0,0,0,0.000000,SUCCESS,sigmoid,
2026-06-05T09:47:58,88.0,39.3,sensor2_serial,2,2,6,2,120,164,20.000,20.004,0,0,0,0.000000,SUCCESS,sigmoid,
2026-06-05T09:48:18,88.0,39.3,sensor2_serial,2,2,6,2,120,163,20.000,20.005,0,0,0,0.000000,SUCCESS,sigmoid,
2026-06-05T09:48:38,88.0,39.3,sensor2_serial,2,2,6,2,120,162,20.000,20.004,0,0,0,0.000000,SUCCESS,sigmoid,
2026-06-05T09:48:59,88.0,39.3,sensor2_serial,2,2,6,2,120,161,20.000,20.005,0,0,0,0.000000,SUCCESS,sigmoid,
2026-06-05T09:49:19,88.0,39.3,sensor2_serial,2,2,6,2,120,160,20.000,20.004,0,0,0,0.000000,SUCCESS,sigmoid,
2026-06-05T09:49:39,88.0,39.3,sensor2_serial,2,2,6,2,120,159,20.000,20.004,0,0,0,0.000000,SUCCESS,sigmoid,
2026-06-05T09:49:59,88.0,39.3,sensor2_serial,2,2,6,2,120,158,20.000,20.004,0,0,0,0.000000,SUCCESS,sigmoid,
2026-06-05T09:50:19,88.0,39.3,sensor2_serial,2,2,6,2,120,157,20.000,20.004,0,0,0,0.000000,SUCCESS,sigmoid,
2026-06-05T09:50:39,88.0,39.3,sensor2_serial,2,2,6,2,120,156,20.000,20.005,0,0,0,0.000000,SUCCESS,sigmoid,
2026-06-05T09:50:59,88.0,39.3,sensor2_serial,2,2,6,2,120,155,20.000,20.004,0,0,0,0.000000,SUCCESS,sigmoid,
2026-06-05T09:51:19,88.0,39.3,sensor2_serial,2,2,6,2,120,154,20.000,20.005,0,0,0,0.000000,SUCCESS,sigmoid,
2026-06-05T09:51:39,88.0,39.3,sensor2_serial,2,2,6,2,120,153,20.000,20.004,0,0,0,0.000000,SUCCESS,sigmoid,
2026-06-05T09:51:59,88.0,39.3,sensor2_serial,2,2,6,2,120,152,20.000,20.005,0,0,0,0.000000,SUCCESS,sigmoid,
2026-06-05T09:52:19,88.0,39.3,sensor2_serial,2,2,6,2,120,151,20.000,20.005,0,0,0,0.000000,SUCCESS,sigmoid,
2026-06-05T09:52:39,88.0,39.3,sensor2_serial,2,2,6,2,120,150,20.000,20.004,0,0,0,0.000000,SUCCESS,sigmoid,
2026-06-05T09:52:59,88.0,39.3,sensor2_serial,2,2,6,2,120,149,20.000,20.005,0,0,0,0.000000,SUCCESS,sigmoid,
2026-06-05T09:53:19,88.0,39.3,sensor2_serial,2,2,6,2,120,148,20.000,20.004,0,0,0,0.000000,SUCCESS,sigmoid,
2026-06-05T09:53:39,88.0,39.3,sensor2_serial,2,2,6,2,120,147,20.000,20.005,0,0,0,0.000000,SUCCESS,sigmoid,
2026-06-05T09:53:59,88.0,39.3,sensor2_serial,2,2,6,2,120,146,20.000,20.004,0,0,0,0.000000,SUCCESS,sigmoid,
2026-06-05T09:54:19,88.0,39.3,sensor2_serial,2,2,6,2,120,145,20.000,20.004,0,0,0,0.000000,SUCCESS,sigmoid,
2026-06-05T09:54:40,88.0,39.3,sensor2_serial,2,2,6,2,120,144,20.000,20.004,0,0,0,0.000000,SUCCESS,sigmoid,
2026-06-05T09:55:00,88.0,39.3,sensor2_serial,2,2,6,2,120,143,20.000,20.004,0,0,0,0.000000,SUCCESS,sigmoid,
2026-06-05T09:55:20,88.0,39.3,sensor2_serial,2,2,6,2,120,142,20.000,20.004,0,0,0,0.000000,SUCCESS,sigmoid,
2026-06-05T09:55:40,88.0,39.3,sensor2_serial,2,2,6,2,120,141,20.000,20.004,0,0,0,0.000000,SUCCESS,sigmoid,
2026-06-05T09:56:00,88.0,39.3,sensor2_serial,2,2,6,2,120,140,20.000,20.004,0,0,0,0.000000,SUCCESS,sigmoid,
2026-06-05T09:56:20,88.0,39.3,sensor2_serial,2,2,6,2,120,139,20.000,20.005,0,0,0,0.000000,SUCCESS,sigmoid,
2026-06-05T09:56:40,88.0,39.3,sensor2_serial,2,2,6,2,120,138,20.000,20.004,0,0,0,0.000000,SUCCESS,sigmoid,
2026-06-05T09:57:00,88.0,39.3,sensor2_serial,2,2,6,2,120,137,20.000,20.006,0,0,0,0.000000,SUCCESS,sigmoid,
2026-06-05T09:57:20,88.0,39.3,sensor2_serial,2,2,6,2,120,136,20.000,20.004,0,0,0,0.000000,SUCCESS,sigmoid,
2026-06-05T09:57:40,88.0,39.3,sensor2_serial,2,2,6,2,120,135,20.000,20.005,0,0,0,0.000000,SUCCESS,sigmoid,
2026-06-05T09:58:00,88.0,39.3,sensor2_serial,2,2,6,2,120,134,20.000,20.004,0,0,0,0.000000,SUCCESS,sigmoid,
2026-06-05T09:58:20,88.0,39.3,sensor2_serial,2,2,6,2,120,133,20.000,20.006,0,0,0,0.000000,SUCCESS,sigmoid,
2026-06-05T09:58:40,88.0,39.3,sensor2_serial,2,2,6,2,120,132,20.000,20.004,0,0,0,0.000000,SUCCESS,sigmoid,
2026-06-05T09:59:00,88.0,39.3,sensor2_serial,2,2,6,2,120,131,20.000,20.004,0,0,0,0.000000,SUCCESS,sigmoid,
2026-06-05T09:59:20,88.0,39.3,sensor2_serial,2,2,6,2,120,130,20.000,20.004,0,0,0,0.000000,SUCCESS,sigmoid,
2026-06-05T09:59:40,88.0,39.3,sensor2_serial,2,2,6,2,120,129,20.000,20.004,0,0,0,0.000000,SUCCESS,sigmoid,
2026-06-05T10:00:00,88.0,39.3,sensor2_serial,2,2,6,2,120,128,20.000,20.004,0,0,0,0.000000,SUCCESS,sigmoid,
2026-06-05T10:00:21,88.0,39.3,sensor2_serial,2,2,6,2,120,127,20.000,20.004,0,0,0,0.000000,SUCCESS,sigmoid,
2026-06-05T10:00:41,88.0,39.3,sensor2_serial,2,2,6,2,120,126,20.000,20.004,0,0,0,0.000000,SUCCESS,sigmoid,
2026-06-05T10:01:01,88.0,39.3,sensor2_serial,2,2,6,2,120,125,20.000,20.004,0,0,0,0.000000,SUCCESS,sigmoid,
2026-06-05T10:01:21,88.0,39.3,sensor2_serial,2,2,6,2,120,124,20.000,20.005,0,0,0,0.000000,SUCCESS,sigmoid,
2026-06-05T10:01:41,88.0,39.3,sensor2_serial,2,2,6,2,120,123,20.000,20.005,0,0,0,0.000000,SUCCESS,sigmoid,
2026-06-05T10:02:01,88.0,39.3,sensor2_serial,2,2,6,2,120,122,20.000,20.004,0,0,0,0.000000,SUCCESS,sigmoid,
2026-06-05T10:02:21,88.0,39.3,sensor2_serial,2,2,6,2,120,121,20.000,20.004,0,0,0,0.000000,SUCCESS,sigmoid,
2026-06-05T10:02:41,88.0,39.3,sensor2_serial,2,2,6,2,120,120,20.000,20.004,0,0,0,0.000000,SUCCESS,sigmoid,
2026-06-05T10:03:01,88.0,39.3,sensor2_serial,2,2,6,2,120,119,20.000,20.005,0,0,0,0.000000,SUCCESS,sigmoid,
2026-06-05T10:03:21,88.0,39.3,sensor2_serial,2,2,6,2,120,118,20.000,20.005,0,0,0,0.000000,SUCCESS,sigmoid,
2026-06-05T10:03:41,88.0,39.3,sensor2_serial,2,2,6,2,120,117,20.000,20.004,0,0,0,0.000000,SUCCESS,sigmoid,
2026-06-05T10:04:01,88.0,39.3,sensor2_serial,2,2,6,2,120,116,20.000,20.004,0,0,0,0.000000,SUCCESS,sigmoid,
2026-06-05T10:04:21,88.0,39.3,sensor2_serial,2,2,6,2,120,115,20.000,20.005,0,0,0,0.000000,SUCCESS,sigmoid,
2026-06-05T10:04:41,88.0,39.3,sensor2_serial,2,2,6,2,120,114,20.000,20.004,0,0,0,0.000000,SUCCESS,sigmoid,
2026-06-05T10:05:01,88.0,39.3,sensor2_serial,2,2,6,2,120,113,20.000,20.005,0,0,0,0.000000,SUCCESS,sigmoid,
2026-06-05T10:05:21,88.0,39.3,sensor2_serial,2,2,6,2,120,112,20.000,20.004,0,0,0,0.000000,SUCCESS,sigmoid,
2026-06-05T10:05:41,88.0,39.3,sensor2_serial,2,2,6,2,120,111,20.000,20.005,0,0,0,0.000000,SUCCESS,sigmoid,
2026-06-05T10:06:02,88.0,39.3,sensor2_serial,2,2,6,2,120,110,20.000,20.004,0,0,0,0.000000,SUCCESS,sigmoid,
2026-06-05T10:06:22,88.0,39.3,sensor2_serial,2,2,6,2,120,109,20.000,20.006,0,0,0,0.000000,SUCCESS,sigmoid,
2026-06-05T10:06:42,88.0,39.3,sensor2_serial,2,2,6,2,120,108,20.000,20.004,0,0,0,0.000000,SUCCESS,sigmoid,
2026-06-05T10:07:02,88.0,39.3,sensor2_serial,2,2,6,2,120,107,20.000,20.005,0,0,0,0.000000,SUCCESS,sigmoid,
2026-06-05T10:07:22,88.0,39.3,sensor2_serial,2,2,6,2,120,106,20.000,20.006,0,0,0,0.000000,SUCCESS,sigmoid,
2026-06-05T10:07:42,88.0,39.3,sensor2_serial,2,2,6,2,120,105,20.000,20.005,0,0,0,0.000000,SUCCESS,sigmoid,
2026-06-05T10:08:02,88.0,39.3,sensor2_serial,2,2,6,2,120,104,20.000,20.005,0,0,0,0.000000,SUCCESS,sigmoid,
2026-06-05T10:08:22,88.0,39.3,sensor2_serial,2,2,6,2,120,103,20.000,20.005,0,0,0,0.000000,SUCCESS,sigmoid,
2026-06-05T10:08:42,88.0,39.3,sensor2_serial,2,2,6,2,120,102,20.000,20.005,0,0,0,0.000000,SUCCESS,sigmoid,
2026-06-05T10:09:02,88.0,39.3,sensor2_serial,2,2,6,2,120,101,20.000,20.005,0,0,0,0.000000,SUCCESS,sigmoid,
2026-06-05T10:09:22,88.0,39.3,sensor2_serial,2,2,6,2,120,100,20.000,20.004,0,0,0,0.000000,SUCCESS,sigmoid,
2026-06-05T10:09:42,88.0,39.3,sensor2_serial,2,2,6,2,120,99,20.000,20.004,0,0,0,0.000000,SUCCESS,sigmoid,
2026-06-05T10:10:02,88.0,39.3,sensor2_serial,2,2,6,2,120,98,20.000,20.004,0,0,0,0.000000,SUCCESS,sigmoid,
2026-06-05T10:10:22,88.0,39.3,sensor2_serial,2,2,6,2,120,97,20.000,20.004,0,0,0,0.000000,SUCCESS,sigmoid,
2026-06-05T10:10:42,88.0,39.3,sensor2_serial,2,2,6,2,120,96,20.000,20.004,0,0,0,0.000000,SUCCESS,sigmoid,
2026-06-05T10:11:02,88.0,39.3,sensor2_serial,2,2,6,2,120,95,20.000,20.005,0,0,0,0.000000,SUCCESS,sigmoid,
2026-06-05T10:11:22,88.0,39.3,sensor2_serial,2,2,6,2,120,94,20.000,20.005,0,0,0,0.000000,SUCCESS,sigmoid,
2026-06-05T10:11:43,88.0,39.3,sensor2_serial,2,2,6,2,120,93,20.000,20.004,0,0,0,0.000000,SUCCESS,sigmoid,
2026-06-05T10:12:03,88.0,39.3,sensor2_serial,2,2,6,2,120,92,20.000,20.004,0,0,0,0.000000,SUCCESS,sigmoid,
2026-06-05T10:12:23,88.0,39.3,sensor2_serial,2,2,6,2,120,91,20.000,20.005,0,0,0,0.000000,SUCCESS,sigmoid,
2026-06-05T10:12:43,88.0,39.3,sensor2_serial,2,2,6,2,120,90,20.000,20.005,0,0,0,0.000000,SUCCESS,sigmoid,
2026-06-05T10:13:03,88.0,39.3,sensor2_serial,2,2,6,2,120,89,20.000,20.005,0,0,0,0.000000,SUCCESS,sigmoid,
2026-06-05T10:13:23,88.0,39.3,sensor2_serial,2,2,6,2,120,88,20.000,20.004,0,0,0,0.000000,SUCCESS,sigmoid,
2026-06-05T10:13:43,88.0,39.3,sensor2_serial,2,2,6,2,120,87,20.000,20.004,0,0,0,0.000000,SUCCESS,sigmoid,
2026-06-05T10:14:03,88.0,39.3,sensor2_serial,2,2,6,2,120,86,20.000,20.004,0,0,0,0.000000,SUCCESS,sigmoid,
2026-06-05T10:14:23,88.0,39.3,sensor2_serial,2,2,6,2,120,85,20.000,20.004,0,0,0,0.000000,SUCCESS,sigmoid,
2026-06-05T10:14:43,88.0,39.3,sensor2_serial,2,2,6,2,120,84,20.000,20.004,0,0,0,0.000000,SUCCESS,sigmoid,
2026-06-05T10:15:03,88.0,39.3,sensor2_serial,2,2,6,2,120,83,20.000,20.005,0,0,0,0.000000,SUCCESS,sigmoid,
2026-06-05T10:15:23,88.0,39.3,sensor2_serial,2,2,6,2,120,82,20.000,20.005,0,0,0,0.000000,SUCCESS,sigmoid,
2026-06-05T10:15:43,88.0,39.3,sensor2_serial,2,2,6,2,120,81,20.000,20.004,0,0,0,0.000000,SUCCESS,sigmoid,
2026-06-05T10:16:03,88.0,39.3,sensor2_serial,2,2,6,2,120,80,20.000,20.004,0,0,0,0.000000,SUCCESS,sigmoid,
2026-06-05T10:16:23,88.0,39.3,sensor2_serial,2,2,6,2,120,79,20.000,20.005,0,0,0,0.000000,SUCCESS,sigmoid,
2026-06-05T10:16:43,88.0,39.3,sensor2_serial,2,2,6,2,120,78,20.000,20.005,0,0,0,0.000000,SUCCESS,sigmoid,
2026-06-05T10:17:03,88.0,39.3,sensor2_serial,2,2,6,2,120,77,20.000,20.005,0,0,0,0.000000,SUCCESS,sigmoid,
2026-06-05T10:17:24,88.0,39.3,sensor2_serial,2,2,6,2,120,76,20.000,20.004,0,0,0,0.000000,SUCCESS,sigmoid,
2026-06-05T10:17:44,88.0,39.3,sensor2_serial,2,2,6,2,120,75,20.000,20.004,0,0,0,0.000000,SUCCESS,sigmoid,
2026-06-05T10:18:04,88.0,39.3,sensor2_serial,2,2,6,2,120,74,20.000,20.004,0,0,0,0.000000,SUCCESS,sigmoid,
2026-06-05T10:18:24,88.0,39.3,sensor2_serial,2,2,6,2,120,73,20.000,20.004,0,0,0,0.000000,SUCCESS,sigmoid,
2026-06-05T10:18:44,88.0,39.3,sensor2_serial,2,2,6,2,120,72,20.000,20.004,0,0,0,0.000000,SUCCESS,sigmoid,
2026-06-05T10:19:04,88.0,39.3,sensor2_serial,2,2,6,2,120,71,20.000,20.004,0,0,0,0.000000,SUCCESS,sigmoid,
2026-06-05T10:19:24,88.0,39.3,sensor2_serial,2,2,6,2,120,70,20.000,20.004,0,0,0,0.000000,SUCCESS,sigmoid,
2026-06-05T10:19:44,88.0,39.3,sensor2_serial,2,2,6,2,120,69,20.000,20.004,0,0,0,0.000000,SUCCESS,sigmoid,
2026-06-05T10:20:04,88.0,39.3,sensor2_serial,2,2,6,2,120,68,20.000,20.004,0,0,0,0.000000,SUCCESS,sigmoid,
2026-06-05T10:20:24,88.0,39.3,sensor2_serial,2,2,6,2,120,67,20.000,20.004,0,0,0,0.000000,SUCCESS,sigmoid,
2026-06-05T10:20:44,88.0,39.3,sensor2_serial,2,2,6,2,120,66,20.000,20.004,0,0,0,0.000000,SUCCESS,sigmoid,
2026-06-05T10:21:04,88.0,39.3,sensor2_serial,2,2,6,2,120,65,20.000,20.006,0,0,0,0.000000,SUCCESS,sigmoid,
2026-06-05T10:21:24,88.0,39.3,sensor2_serial,2,2,6,2,120,64,20.000,20.005,0,0,0,0.000000,SUCCESS,sigmoid,
2026-06-05T10:21:44,88.0,39.3,sensor2_serial,2,2,6,2,120,63,20.000,20.005,0,0,0,0.000000,SUCCESS,sigmoid,
2026-06-05T10:22:04,88.0,39.3,sensor2_serial,2,2,6,2,120,62,20.000,20.004,0,0,0,0.000000,SUCCESS,sigmoid,
2026-06-05T10:22:24,88.0,39.3,sensor2_serial,2,2,6,2,120,61,20.000,20.004,0,0,0,0.000000,SUCCESS,sigmoid,
2026-06-05T10:22:45,88.0,39.3,sensor2_serial,2,2,6,2,120,60,20.000,20.004,0,0,0,0.000000,SUCCESS,sigmoid,
2026-06-05T10:23:05,88.0,39.3,sensor2_serial,2,2,6,2,120,59,20.000,20.006,0,0,0,0.000000,SUCCESS,sigmoid,
2026-06-05T10:23:25,88.0,39.3,sensor2_serial,2,2,6,2,120,58,20.000,20.004,0,0,0,0.000000,SUCCESS,sigmoid,
2026-06-05T10:23:45,88.0,39.3,sensor2_serial,2,2,6,2,120,57,20.000,20.005,0,0,0,0.000000,SUCCESS,sigmoid,
2026-06-05T10:24:05,88.0,39.3,sensor2_serial,2,2,6,2,120,56,20.000,20.004,0,0,0,0.000000,SUCCESS,sigmoid,
2026-06-05T10:24:25,88.0,39.3,sensor2_serial,2,2,6,2,120,55,20.000,20.005,0,0,0,0.000000,SUCCESS,sigmoid,
2026-06-05T10:24:45,88.0,39.3,sensor2_serial,2,2,6,2,120,54,20.000,20.005,0,0,0,0.000000,SUCCESS,sigmoid,
2026-06-05T10:25:05,88.0,39.3,sensor2_serial,2,2,6,2,120,53,20.000,20.005,0,0,0,0.000000,SUCCESS,sigmoid,
2026-06-05T10:25:25,88.0,39.3,sensor2_serial,2,2,6,2,120,52,20.000,20.005,0,0,0,0.000000,SUCCESS,sigmoid,
2026-06-05T10:25:45,88.0,39.3,sensor2_serial,2,2,6,2,120,51,20.000,20.004,0,0,0,0.000000,SUCCESS,sigmoid,
2026-06-05T10:26:05,88.0,39.3,sensor2_serial,2,2,6,2,120,50,20.000,20.006,0,0,0,0.000000,SUCCESS,sigmoid,
2026-06-05T10:26:25,88.0,39.3,sensor2_serial,2,2,6,2,120,49,20.000,20.004,0,0,0,0.000000,SUCCESS,sigmoid,
2026-06-05T10:26:45,88.0,39.3,sensor2_serial,2,2,6,2,120,48,20.000,20.005,0,0,0,0.000000,SUCCESS,sigmoid,
2026-06-05T10:27:05,88.0,39.3,sensor2_serial,2,2,6,2,120,47,20.000,20.004,0,0,0,0.000000,SUCCESS,sigmoid,
2026-06-05T10:27:25,88.0,39.3,sensor2_serial,2,2,6,2,120,46,20.000,20.004,0,0,0,0.000000,SUCCESS,sigmoid,
2026-06-05T10:27:45,88.0,39.3,sensor2_serial,2,2,6,2,120,45,20.000,20.005,0,0,0,0.000000,SUCCESS,sigmoid,
2026-06-05T10:28:05,88.0,39.3,sensor2_serial,2,2,6,2,120,44,20.000,20.004,0,0,0,0.000000,SUCCESS,sigmoid,
2026-06-05T10:28:26,88.0,39.3,sensor2_serial,2,2,6,2,120,43,20.000,20.004,0,0,0,0.000000,SUCCESS,sigmoid,
2026-06-05T10:28:46,88.0,39.3,sensor2_serial,2,2,6,2,120,42,20.000,20.005,0,0,0,0.000000,SUCCESS,sigmoid,
2026-06-05T10:29:06,88.0,39.3,sensor2_serial,2,2,6,2,120,41,20.000,20.005,0,0,0,0.000000,SUCCESS,sigmoid,
2026-06-05T10:29:26,88.0,39.3,sensor2_serial,2,2,6,2,120,40,20.000,20.004,0,0,0,0.000000,SUCCESS,sigmoid,
2026-06-05T10:29:46,88.0,39.3,sensor2_serial,2,2,6,2,120,39,20.000,20.004,0,0,0,0.000000,SUCCESS,sigmoid,
2026-06-05T10:30:06,88.0,39.3,sensor2_serial,2,2,6,2,120,38,20.000,20.005,0,0,0,0.000000,SUCCESS,sigmoid,
2026-06-05T10:30:26,88.0,39.3,sensor2_serial,2,2,6,2,120,37,20.000,20.004,0,0,0,0.000000,SUCCESS,sigmoid,
2026-06-05T10:30:46,88.0,39.3,sensor2_serial,2,2,6,2,120,36,20.000,20.004,0,0,0,0.000000,SUCCESS,sigmoid,
2026-06-05T10:31:06,88.0,39.3,sensor2_serial,2,2,6,2,120,35,20.000,20.004,0,0,0,0.000000,SUCCESS,sigmoid,
2026-06-05T10:31:26,88.0,39.3,sensor2_serial,2,2,6,2,120,34,20.000,20.004,0,0,0,0.000000,SUCCESS,sigmoid,
2026-06-05T10:31:46,88.0,39.3,sensor2_serial,2,2,6,2,120,33,20.000,20.005,0,0,0,0.000000,SUCCESS,sigmoid,
2026-06-05T10:32:06,88.0,39.3,sensor2_serial,2,2,6,2,120,32,20.000,20.006,0,0,0,0.000000,SUCCESS,sigmoid,
2026-06-05T10:32:26,88.0,39.3,sensor2_serial,2,2,6,2,120,31,20.000,20.005,0,0,0,0.000000,SUCCESS,sigmoid,
2026-06-05T10:32:46,88.0,39.3,sensor2_serial,2,2,6,2,120,30,20.000,20.005,0,0,0,0.000000,SUCCESS,sigmoid,
2026-06-05T10:33:06,88.0,39.3,sensor2_serial,2,2,6,2,120,29,20.000,20.005,0,0,0,0.000000,SUCCESS,sigmoid,
2026-06-05T10:33:26,88.0,39.3,sensor2_serial,2,2,6,2,120,28,20.000,20.004,0,0,0,0.000000,SUCCESS,sigmoid,
2026-06-05T10:33:46,88.0,39.3,sensor2_serial,2,2,6,2,120,27,20.000,20.005,0,0,0,0.000000,SUCCESS,sigmoid,
2026-06-05T10:34:07,88.0,39.3,sensor2_serial,2,2,6,2,120,26,20.000,20.004,0,0,0,0.000000,SUCCESS,sigmoid,
2026-06-05T10:34:27,88.0,39.3,sensor2_serial,2,2,6,2,120,25,20.000,20.004,0,0,0,0.000000,SUCCESS,sigmoid,
2026-06-05T10:34:47,88.0,39.3,sensor2_serial,2,2,6,2,120,24,20.000,20.005,0,0,0,0.000000,SUCCESS,sigmoid,
2026-06-05T10:35:07,88.0,39.3,sensor2_serial,2,2,6,2,120,23,20.000,20.005,0,0,0,0.000000,SUCCESS,sigmoid,
2026-06-05T10:35:27,88.0,39.3,sensor2_serial,2,2,6,2,120,22,20.000,20.004,0,0,0,0.000000,SUCCESS,sigmoid,
2026-06-05T10:35:47,88.0,39.3,sensor2_serial,2,2,6,2,120,21,20.000,20.004,0,0,0,0.000000,SUCCESS,sigmoid,
2026-06-05T10:36:07,88.0,39.3,sensor2_serial,2,2,6,2,120,20,20.000,20.004,0,0,0,0.000000,SUCCESS,sigmoid,
2026-06-05T10:36:27,88.0,39.3,sensor2_serial,2,2,6,2,120,19,20.000,20.005,0,0,0,0.000000,SUCCESS,sigmoid,
2026-06-05T10:36:47,88.0,39.3,sensor2_serial,2,2,6,2,120,18,20.000,20.004,0,0,0,0.000000,SUCCESS,sigmoid,
2026-06-05T10:37:07,88.0,39.3,sensor2_serial,2,2,6,2,120,17,20.000,20.004,0,0,0,0.000000,SUCCESS,sigmoid,
2026-06-05T10:37:27,88.0,39.3,sensor2_serial,2,2,6,2,120,16,20.000,20.005,0,0,0,0.000000,SUCCESS,sigmoid,
2026-06-05T10:37:47,88.0,39.3,sensor2_serial,2,2,6,2,120,15,20.000,20.004,0,0,0,0.000000,SUCCESS,sigmoid,
2026-06-05T10:38:07,88.0,39.3,sensor2_serial,2,2,6,2,120,14,20.000,20.005,0,0,0,0.000000,SUCCESS,sigmoid,
2026-06-05T10:38:27,88.0,39.3,sensor2_serial,2,2,6,2,120,13,20.000,20.006,0,0,0,0.000000,SUCCESS,sigmoid,
2026-06-05T10:38:47,88.0,39.3,sensor2_serial,2,2,6,2,120,12,20.000,20.004,0,0,0,0.000000,SUCCESS,sigmoid,
2026-06-05T10:39:07,88.0,39.3,sensor2_serial,2,2,6,2,120,11,20.000,20.005,0,0,0,0.000000,SUCCESS,sigmoid,
2026-06-05T10:39:27,88.0,39.3,sensor2_serial,2,2,6,2,120,10,20.000,20.005,0,0,0,0.000000,SUCCESS,sigmoid,
2026-06-05T10:39:48,88.0,39.3,sensor2_serial,2,2,6,2,120,9,20.000,20.005,0,0,0,0.000000,SUCCESS,sigmoid,
2026-06-05T10:40:08,88.0,39.3,sensor2_serial,2,2,6,2,120,8,20.000,20.005,0,0,0,0.000000,SUCCESS,sigmoid,
2026-06-05T10:40:28,88.0,39.3,sensor2_serial,2,2,6,2,120,7,20.000,20.004,0,0,0,0.000000,SUCCESS,sigmoid,
2026-06-05T10:40:48,88.0,39.3,sensor2_serial,2,2,6,2,120,6,20.000,20.005,0,0,0,0.000000,SUCCESS,sigmoid,
2026-06-05T10:41:08,88.0,39.3,sensor2_serial,2,2,6,2,120,5,20.000,20.004,0,0,0,0.000000,SUCCESS,sigmoid,
2026-06-05T10:41:28,88.0,39.3,sensor2_serial,2,2,6,2,120,4,20.000,20.006,0,0,0,0.000000,SUCCESS,sigmoid,
2026-06-05T10:41:48,88.0,39.3,sensor2_serial,2,2,6,2,120,3,20.000,20.004,0,0,0,0.000000,SUCCESS,sigmoid,
2026-06-05T10:42:08,88.0,39.3,sensor2_serial,2,2,6,2,120,2,20.000,20.004,0,0,0,0.000000,SUCCESS,sigmoid,
2026-06-05T10:42:28,88.0,39.3,sensor2_serial,2,2,6,2,120,1,20.000,20.005,0,0,0,0.000000,SUCCESS,sigmoid,
2026-06-05T10:42:48,88.0,39.3,sensor2_serial,2,2,6,2,120,0,20.000,20.005,0,0,0,0.000000,SUCCESS,sigmoid,
2026-06-05T10:43:22,89.0,38.3,sensor2_serial,2,0,4,0,120,255,20.000,20.005,0,3578052,3578052,178854.226722,SUCCESS,sigmoid,
2026-06-05T10:43:42,89.0,38.3,sensor2_serial,2,0,4,0,120,254,20.000,20.005,0,3259559,3259559,162936.432191,SUCCESS,sigmoid,
2026-06-05T10:44:02,89.0,38.3,sensor2_serial,2,0,4,0,120,253,20.000,20.005,0,2711796,2711796,135554.028159,SUCCESS,sigmoid,
2026-06-05T10:44:22,89.0,38.3,sensor2_serial,2,0,4,0,120,252,20.000,20.005,0,1940517,1940517,96999.945907,SUCCESS,sigmoid,
2026-06-05T10:44:42,89.0,38.3,sensor2_serial,2,0,4,0,120,251,20.000,20.005,0,1061929,1061929,53082.793625,SUCCESS,sigmoid,
2026-06-05T10:45:02,89.0,38.3,sensor2_serial,2,0,4,0,120,250,20.000,20.005,0,576500,576500,28817.369516,SUCCESS,sigmoid,
2026-06-05T10:45:22,89.0,38.3,sensor2_serial,2,0,4,0,120,249,20.000,20.005,0,272626,272626,13627.658586,SUCCESS,sigmoid,
2026-06-05T10:45:43,89.0,38.3,sensor2_serial,2,0,4,0,120,248,20.000,20.005,0,136075,136075,6802.036640,SUCCESS,sigmoid,
2026-06-05T10:46:03,89.0,38.3,sensor2_serial,2,0,4,0,120,247,20.000,20.005,0,60169,60169,3007.636728,SUCCESS,sigmoid,
2026-06-05T10:46:23,89.0,38.3,sensor2_serial,2,0,4,0,120,246,20.000,20.005,0,60199,60199,3009.189255,SUCCESS,sigmoid,
2026-06-05T10:46:43,89.0,38.3,sensor2_serial,2,0,4,0,120,245,20.000,20.005,0,32451,32451,1622.109463,SUCCESS,sigmoid,
2026-06-05T10:47:03,89.0,38.3,sensor2_serial,2,0,4,0,120,244,20.000,20.006,0,16058,16058,802.677720,SUCCESS,sigmoid,
2026-06-05T10:47:23,89.0,38.3,sensor2_serial,2,0,4,0,120,243,20.000,20.006,0,5789,5789,289.369187,SUCCESS,sigmoid,
2026-06-05T10:47:43,89.0,38.3,sensor2_serial,2,0,4,0,120,242,20.000,20.005,0,1956,1956,97.773326,SUCCESS,sigmoid,
2026-06-05T10:48:03,89.0,38.3,sensor2_serial,2,0,4,0,120,241,20.000,20.005,0,934,934,46.687886,SUCCESS,sigmoid,
2026-06-05T10:48:23,89.0,38.3,sensor2_serial,2,0,4,0,120,240,20.000,20.006,0,306,306,15.295793,SUCCESS,sigmoid,
2026-06-05T10:48:43,89.0,38.3,sensor2_serial,2,0,4,0,120,239,20.000,20.005,0,246,246,12.296830,SUCCESS,sigmoid,
2026-06-05T10:49:03,89.0,38.3,sensor2_serial,2,0,4,0,120,238,20.000,20.005,0,190,190,9.497481,SUCCESS,sigmoid,
2026-06-05T10:49:23,89.0,38.3,sensor2_serial,2,0,4,0,120,237,20.000,20.005,0,160,160,7.997869,SUCCESS,sigmoid,
2026-06-05T10:49:43,89.0,38.3,sensor2_serial,2,0,4,0,120,236,20.000,20.005,0,161,161,8.047961,SUCCESS,sigmoid,
2026-06-05T10:50:03,89.0,38.3,sensor2_serial,2,0,4,0,120,235,20.000,20.005,0,128,128,6.398297,SUCCESS,sigmoid,
2026-06-05T10:50:23,89.0,38.3,sensor2_serial,2,0,4,0,120,234,20.000,20.004,0,160,160,7.998286,SUCCESS,sigmoid,
2026-06-05T10:50:43,89.0,38.3,sensor2_serial,2,0,4,0,120,233,20.000,20.005,0,140,140,6.998164,SUCCESS,sigmoid,
2026-06-05T10:51:03,89.0,38.3,sensor2_serial,2,0,4,0,120,232,20.000,20.004,0,134,134,6.698622,SUCCESS,sigmoid,
2026-06-05T10:51:24,89.0,38.3,sensor2_serial,2,0,4,0,120,231,20.000,20.005,0,155,155,7.748081,SUCCESS,sigmoid,
2026-06-05T10:51:44,89.0,38.3,sensor2_serial,2,0,4,0,120,230,20.000,20.005,0,158,158,7.897872,SUCCESS,sigmoid,
2026-06-05T10:52:04,89.0,38.3,sensor2_serial,2,0,4,0,120,229,20.000,20.004,0,119,119,5.948755,SUCCESS,sigmoid,
2026-06-05T10:52:24,89.0,38.3,sensor2_serial,2,0,4,0,120,228,20.000,20.005,0,149,149,7.448058,SUCCESS,sigmoid,
2026-06-05T10:52:44,89.0,38.3,sensor2_serial,2,0,4,0,120,227,20.000,20.005,0,118,118,5.898404,SUCCESS,sigmoid,
2026-06-05T10:53:04,89.0,38.3,sensor2_serial,2,0,4,0,120,226,20.000,20.004,0,124,124,6.198689,SUCCESS,sigmoid,
2026-06-05T10:53:24,89.0,38.3,sensor2_serial,2,0,4,0,120,225,20.000,20.005,0,139,139,6.948129,SUCCESS,sigmoid,
2026-06-05T10:53:44,89.0,38.3,sensor2_serial,2,0,4,0,120,224,20.000,20.005,0,143,143,7.148193,SUCCESS,sigmoid,
2026-06-05T10:54:04,89.0,38.3,sensor2_serial,2,0,4,0,120,223,20.000,20.005,0,124,124,6.198375,SUCCESS,sigmoid,
2026-06-05T10:54:24,89.0,38.3,sensor2_serial,2,0,4,0,120,222,20.000,20.005,0,136,136,6.798261,SUCCESS,sigmoid,
2026-06-05T10:54:44,89.0,38.3,sensor2_serial,2,0,4,0,120,221,20.000,20.005,0,117,117,5.848416,SUCCESS,sigmoid,
2026-06-05T10:55:04,89.0,38.3,sensor2_serial,2,0,4,0,120,220,20.000,20.005,0,126,126,6.298494,SUCCESS,sigmoid,
2026-06-05T10:55:24,89.0,38.3,sensor2_serial,2,0,4,0,120,219,20.000,20.005,0,105,105,5.248615,SUCCESS,sigmoid,
2026-06-05T10:55:44,89.0,38.3,sensor2_serial,2,0,4,0,120,218,20.000,20.004,0,121,121,6.048717,SUCCESS,sigmoid,
2026-06-05T10:56:04,89.0,38.3,sensor2_serial,2,0,4,0,120,217,20.000,20.005,0,111,111,5.548493,SUCCESS,sigmoid,
2026-06-05T10:56:24,89.0,38.3,sensor2_serial,2,0,4,0,120,216,20.000,20.005,0,111,111,5.548536,SUCCESS,sigmoid,
2026-06-05T10:56:45,89.0,38.3,sensor2_serial,2,0,4,0,120,215,20.000,20.005,0,121,121,6.048417,SUCCESS,sigmoid,
2026-06-05T10:57:05,89.0,38.3,sensor2_serial,2,0,4,0,120,214,20.000,20.005,0,102,102,5.098672,SUCCESS,sigmoid,
2026-06-05T10:57:25,89.0,38.3,sensor2_serial,2,0,4,0,120,213,20.000,20.005,0,123,123,6.148451,SUCCESS,sigmoid,
2026-06-05T10:57:45,89.0,38.3,sensor2_serial,2,0,4,0,120,212,20.000,20.005,0,107,107,5.348602,SUCCESS,sigmoid,
2026-06-05T10:58:05,89.0,38.3,sensor2_serial,2,0,4,0,120,211,20.000,20.005,0,104,104,5.198636,SUCCESS,sigmoid,
2026-06-05T10:58:25,89.0,38.3,sensor2_serial,2,0,4,0,120,210,20.000,20.005,0,106,106,5.298711,SUCCESS,sigmoid,
2026-06-05T10:58:45,89.0,38.3,sensor2_serial,2,0,4,0,120,209,20.000,20.005,0,109,109,5.448554,SUCCESS,sigmoid,
2026-06-05T10:59:05,89.0,38.3,sensor2_serial,2,0,4,0,120,208,20.000,20.005,0,101,101,5.048677,SUCCESS,sigmoid,
2026-06-05T10:59:25,89.0,38.3,sensor2_serial,2,0,4,0,120,207,20.000,20.005,0,119,119,5.948385,SUCCESS,sigmoid,
2026-06-05T10:59:45,89.0,38.3,sensor2_serial,2,0,4,0,120,206,20.000,20.005,0,104,104,5.198626,SUCCESS,sigmoid,
2026-06-05T11:00:05,89.0,38.3,sensor2_serial,2,0,4,0,120,205,20.000,20.005,0,94,94,4.698919,SUCCESS,sigmoid,
2026-06-05T11:00:25,89.0,38.3,sensor2_serial,2,0,4,0,120,204,20.000,20.005,0,92,92,4.598738,SUCCESS,sigmoid,
2026-06-05T11:00:45,89.0,38.3,sensor2_serial,2,0,4,0,120,203,20.000,20.005,0,81,81,4.048895,SUCCESS,sigmoid,
2026-06-05T11:01:05,89.0,38.3,sensor2_serial,2,0,4,0,120,202,20.000,20.005,0,99,99,4.948714,SUCCESS,sigmoid,
2026-06-05T11:01:25,89.0,38.3,sensor2_serial,2,0,4,0,120,201,20.000,20.005,0,79,79,3.948954,SUCCESS,sigmoid,
2026-06-05T11:01:45,89.0,38.3,sensor2_serial,2,0,4,0,120,200,20.000,20.005,0,100,100,4.998714,SUCCESS,sigmoid,
2026-06-05T11:02:05,89.0,38.3,sensor2_serial,2,0,4,0,120,199,20.000,20.005,0,84,84,4.198917,SUCCESS,sigmoid,
2026-06-05T11:02:26,89.0,38.3,sensor2_serial,2,0,4,0,120,198,20.000,20.004,0,81,81,4.049113,SUCCESS,sigmoid,
2026-06-05T11:02:46,89.0,38.3,sensor2_serial,2,0,4,0,120,197,20.000,20.005,0,75,75,3.748984,SUCCESS,sigmoid,
2026-06-05T11:03:06,89.0,38.3,sensor2_serial,2,0,4,0,120,196,20.000,20.006,0,94,94,4.698708,SUCCESS,sigmoid,
2026-06-05T11:03:26,89.0,38.3,sensor2_serial,2,0,4,0,120,195,20.000,20.004,0,64,64,3.199333,SUCCESS,sigmoid,
2026-06-05T11:03:46,89.0,38.3,sensor2_serial,2,0,4,0,120,194,20.000,20.004,0,62,62,3.099344,SUCCESS,sigmoid,
2026-06-05T11:04:06,89.0,38.3,sensor2_serial,2,0,4,0,120,193,20.000,20.006,0,68,68,3.399058,SUCCESS,sigmoid,
2026-06-05T11:04:26,89.0,38.3,sensor2_serial,2,0,4,0,120,192,20.000,20.006,0,68,68,3.399049,SUCCESS,sigmoid,
2026-06-05T11:04:46,89.0,38.3,sensor2_serial,2,0,4,0,120,191,20.000,20.006,0,59,59,2.949176,SUCCESS,sigmoid,
2026-06-05T11:05:06,89.0,38.3,sensor2_serial,2,0,4,0,120,190,20.000,20.006,0,61,61,3.049138,SUCCESS,sigmoid,
2026-06-05T11:05:26,89.0,38.3,sensor2_serial,2,0,4,0,120,189,20.000,20.005,0,49,49,2.449432,SUCCESS,sigmoid,
2026-06-05T11:05:46,89.0,38.3,sensor2_serial,2,0,4,0,120,188,20.000,20.005,0,55,55,2.749247,SUCCESS,sigmoid,
2026-06-05T11:06:06,89.0,38.3,sensor2_serial,2,0,4,0,120,187,20.000,20.005,0,48,48,2.399374,SUCCESS,sigmoid,
2026-06-05T11:06:26,89.0,38.3,sensor2_serial,2,0,4,0,120,186,20.000,20.005,0,49,49,2.449327,SUCCESS,sigmoid,
2026-06-05T11:06:46,89.0,38.3,sensor2_serial,2,0,4,0,120,185,20.000,20.005,0,60,60,2.999226,SUCCESS,sigmoid,
2026-06-05T11:07:06,89.0,38.3,sensor2_serial,2,0,4,0,120,184,20.000,20.005,0,36,36,1.799506,SUCCESS,sigmoid,
2026-06-05T11:07:26,89.0,38.3,sensor2_serial,2,0,4,0,120,183,20.000,20.004,0,33,33,1.649642,SUCCESS,sigmoid,
2026-06-05T11:07:46,89.0,38.3,sensor2_serial,2,0,4,0,120,182,20.000,20.004,0,29,29,1.449705,SUCCESS,sigmoid,
2026-06-05T11:08:07,89.0,38.3,sensor2_serial,2,0,4,0,120,181,20.000,20.004,0,36,36,1.799635,SUCCESS,sigmoid,
2026-06-05T11:08:27,89.0,38.3,sensor2_serial,2,0,4,0,120,180,20.000,20.005,0,25,25,1.249676,SUCCESS,sigmoid,
2026-06-05T11:08:47,89.0,38.3,sensor2_serial,2,0,4,0,120,179,20.000,20.005,0,34,34,1.699540,SUCCESS,sigmoid,
2026-06-05T11:09:07,89.0,38.3,sensor2_serial,2,0,4,0,120,178,20.000,20.005,0,27,27,1.349641,SUCCESS,sigmoid,
2026-06-05T11:09:27,89.0,38.3,sensor2_serial,2,0,4,0,120,177,20.000,20.005,0,24,24,1.199673,SUCCESS,sigmoid,
2026-06-05T11:09:47,89.0,38.3,sensor2_serial,2,0,4,0,120,176,20.000,20.005,0,22,22,1.099705,SUCCESS,sigmoid,
2026-06-05T11:10:07,89.0,38.3,sensor2_serial,2,0,4,0,120,175,20.000,20.005,0,14,14,0.699841,SUCCESS,sigmoid,
2026-06-05T11:10:27,89.0,38.3,sensor2_serial,2,0,4,0,120,174,20.000,20.006,0,19,19,0.949736,SUCCESS,sigmoid,
2026-06-05T11:10:47,89.0,38.3,sensor2_serial,2,0,4,0,120,173,20.000,20.005,0,18,18,0.899771,SUCCESS,sigmoid,
2026-06-05T11:11:07,89.0,38.3,sensor2_serial,2,0,4,0,120,172,20.000,20.004,0,18,18,0.899798,SUCCESS,sigmoid,
2026-06-05T11:11:27,89.0,38.3,sensor2_serial,2,0,4,0,120,171,20.000,20.005,0,6,6,0.299930,SUCCESS,sigmoid,
2026-06-05T11:11:47,89.0,38.3,sensor2_serial,2,0,4,0,120,170,20.000,20.004,0,5,5,0.249944,SUCCESS,sigmoid,
2026-06-05T11:12:07,89.0,38.3,sensor2_serial,2,0,4,0,120,169,20.000,20.004,0,4,4,0.199957,SUCCESS,sigmoid,
2026-06-05T11:12:27,89.0,38.3,sensor2_serial,2,0,4,0,120,168,20.000,20.006,0,5,5,0.249930,SUCCESS,sigmoid,
2026-06-05T11:12:47,89.0,38.3,sensor2_serial,2,0,4,0,120,167,20.000,20.005,0,4,4,0.199954,SUCCESS,sigmoid,
2026-06-05T11:13:07,89.0,38.3,sensor2_serial,2,0,4,0,120,166,20.000,20.005,0,4,4,0.199954,SUCCESS,sigmoid,
2026-06-05T11:13:27,89.0,38.3,sensor2_serial,2,0,4,0,120,165,20.000,20.005,0,2,2,0.099977,SUCCESS,sigmoid,
2026-06-05T11:13:48,89.0,38.3,sensor2_serial,2,0,4,0,120,164,20.000,20.004,0,0,0,0.000000,SUCCESS,sigmoid,
2026-06-05T11:14:08,89.0,38.3,sensor2_serial,2,0,4,0,120,163,20.000,20.004,0,3,3,0.149967,SUCCESS,sigmoid,
2026-06-05T11:14:28,89.0,38.3,sensor2_serial,2,0,4,0,120,162,20.000,20.005,0,4,4,0.199946,SUCCESS,sigmoid,
2026-06-05T11:14:48,89.0,38.3,sensor2_serial,2,0,4,0,120,161,20.000,20.006,0,2,2,0.099972,SUCCESS,sigmoid,
2026-06-05T11:15:08,89.0,38.3,sensor2_serial,2,0,4,0,120,160,20.000,20.005,0,5,5,0.249932,SUCCESS,sigmoid,
2026-06-05T11:15:28,89.0,38.3,sensor2_serial,2,0,4,0,120,159,20.000,20.005,0,2,2,0.099973,SUCCESS,sigmoid,
2026-06-05T11:15:48,89.0,38.3,sensor2_serial,2,0,4,0,120,158,20.000,20.005,0,0,0,0.000000,SUCCESS,sigmoid,
2026-06-05T11:16:08,89.0,38.3,sensor2_serial,2,0,4,0,120,157,20.000,20.005,0,1,1,0.049986,SUCCESS,sigmoid,
2026-06-05T11:16:28,89.0,38.3,sensor2_serial,2,0,4,0,120,156,20.000,20.005,0,3,3,0.149963,SUCCESS,sigmoid,
2026-06-05T11:16:48,89.0,38.3,sensor2_serial,2,0,4,0,120,155,20.000,20.005,0,0,0,0.000000,SUCCESS,sigmoid,
2026-06-05T11:17:08,89.0,38.3,sensor2_serial,2,0,4,0,120,154,20.000,20.006,0,0,0,0.000000,SUCCESS,sigmoid,
2026-06-05T11:17:28,89.0,38.3,sensor2_serial,2,0,4,0,120,153,20.000,20.004,0,0,0,0.000000,SUCCESS,sigmoid,
2026-06-05T11:17:48,89.0,38.3,sensor2_serial,2,0,4,0,120,152,20.000,20.005,0,1,1,0.049988,SUCCESS,sigmoid,
2026-06-05T11:18:08,89.0,38.3,sensor2_serial,2,0,4,0,120,151,20.000,20.005,0,1,1,0.049987,SUCCESS,sigmoid,
2026-06-05T11:18:28,89.0,38.3,sensor2_serial,2,0,4,0,120,150,20.000,20.005,0,0,0,0.000000,SUCCESS,sigmoid,
2026-06-05T11:18:48,89.0,38.3,sensor2_serial,2,0,4,0,120,149,20.000,20.005,0,0,0,0.000000,SUCCESS,sigmoid,
2026-06-05T11:19:08,89.0,38.3,sensor2_serial,2,0,4,0,120,148,20.000,20.004,0,1,1,0.049989,SUCCESS,sigmoid,
2026-06-05T11:19:29,89.0,38.3,sensor2_serial,2,0,4,0,120,147,20.000,20.004,0,0,0,0.000000,SUCCESS,sigmoid,
2026-06-05T11:19:49,89.0,38.3,sensor2_serial,2,0,4,0,120,146,20.000,20.004,0,0,0,0.000000,SUCCESS,sigmoid,
2026-06-05T11:20:09,89.0,38.3,sensor2_serial,2,0,4,0,120,145,20.000,20.005,0,0,0,0.000000,SUCCESS,sigmoid,
2026-06-05T11:20:29,89.0,38.3,sensor2_serial,2,0,4,0,120,144,20.000,20.005,0,0,0,0.000000,SUCCESS,sigmoid,
2026-06-05T11:20:49,89.0,38.3,sensor2_serial,2,0,4,0,120,143,20.000,20.005,0,0,0,0.000000,SUCCESS,sigmoid,
2026-06-05T11:21:09,89.0,38.3,sensor2_serial,2,0,4,0,120,142,20.000,20.005,0,0,0,0.000000,SUCCESS,sigmoid,
2026-06-05T11:21:29,89.0,38.3,sensor2_serial,2,0,4,0,120,141,20.000,20.005,0,0,0,0.000000,SUCCESS,sigmoid,
2026-06-05T11:21:49,89.0,38.3,sensor2_serial,2,0,4,0,120,140,20.000,20.005,0,0,0,0.000000,SUCCESS,sigmoid,
2026-06-05T11:22:09,89.0,38.3,sensor2_serial,2,0,4,0,120,139,20.000,20.006,0,0,0,0.000000,SUCCESS,sigmoid,
2026-06-05T11:22:29,89.0,38.3,sensor2_serial,2,0,4,0,120,138,20.000,20.005,0,0,0,0.000000,SUCCESS,sigmoid,
2026-06-05T11:22:49,89.0,38.3,sensor2_serial,2,0,4,0,120,137,20.000,20.006,0,0,0,0.000000,SUCCESS,sigmoid,
2026-06-05T11:23:09,89.0,38.3,sensor2_serial,2,0,4,0,120,136,20.000,20.004,0,0,0,0.000000,SUCCESS,sigmoid,
2026-06-05T11:23:29,89.0,38.3,sensor2_serial,2,0,4,0,120,135,20.000,20.004,0,0,0,0.000000,SUCCESS,sigmoid,
2026-06-05T11:23:49,89.0,38.3,sensor2_serial,2,0,4,0,120,134,20.000,20.005,0,0,0,0.000000,SUCCESS,sigmoid,
2026-06-05T11:24:09,89.0,38.3,sensor2_serial,2,0,4,0,120,133,20.000,20.004,0,0,0,0.000000,SUCCESS,sigmoid,
2026-06-05T11:24:29,89.0,38.3,sensor2_serial,2,0,4,0,120,132,20.000,20.004,0,0,0,0.000000,SUCCESS,sigmoid,
2026-06-05T11:24:49,89.0,38.3,sensor2_serial,2,0,4,0,120,131,20.000,20.004,0,0,0,0.000000,SUCCESS,sigmoid,
2026-06-05T11:25:10,89.0,38.3,sensor2_serial,2,0,4,0,120,130,20.000,20.005,0,0,0,0.000000,SUCCESS,sigmoid,
2026-06-05T11:25:30,89.0,38.3,sensor2_serial,2,0,4,0,120,129,20.000,20.004,0,0,0,0.000000,SUCCESS,sigmoid,
2026-06-05T11:25:50,89.0,38.3,sensor2_serial,2,0,4,0,120,128,20.000,20.005,0,0,0,0.000000,SUCCESS,sigmoid,
2026-06-05T11:26:10,89.0,38.3,sensor2_serial,2,0,4,0,120,127,20.000,20.004,0,0,0,0.000000,SUCCESS,sigmoid,
2026-06-05T11:26:30,89.0,38.3,sensor2_serial,2,0,4,0,120,126,20.000,20.004,0,0,0,0.000000,SUCCESS,sigmoid,
2026-06-05T11:26:50,89.0,38.3,sensor2_serial,2,0,4,0,120,125,20.000,20.005,0,0,0,0.000000,SUCCESS,sigmoid,
2026-06-05T11:27:10,89.0,38.3,sensor2_serial,2,0,4,0,120,124,20.000,20.004,0,0,0,0.000000,SUCCESS,sigmoid,
2026-06-05T11:27:30,89.0,38.3,sensor2_serial,2,0,4,0,120,123,20.000,20.004,0,0,0,0.000000,SUCCESS,sigmoid,
2026-06-05T11:27:50,89.0,38.3,sensor2_serial,2,0,4,0,120,122,20.000,20.004,0,0,0,0.000000,SUCCESS,sigmoid,
2026-06-05T11:28:10,89.0,38.3,sensor2_serial,2,0,4,0,120,121,20.000,20.005,0,0,0,0.000000,SUCCESS,sigmoid,
2026-06-05T11:28:30,89.0,38.3,sensor2_serial,2,0,4,0,120,120,20.000,20.006,0,0,0,0.000000,SUCCESS,sigmoid,
2026-06-05T11:28:50,89.0,38.3,sensor2_serial,2,0,4,0,120,119,20.000,20.005,0,0,0,0.000000,SUCCESS,sigmoid,
2026-06-05T11:29:10,89.0,38.3,sensor2_serial,2,0,4,0,120,118,20.000,20.005,0,0,0,0.000000,SUCCESS,sigmoid,
2026-06-05T11:29:30,89.0,38.3,sensor2_serial,2,0,4,0,120,117,20.000,20.005,0,0,0,0.000000,SUCCESS,sigmoid,
2026-06-05T11:29:50,89.0,38.3,sensor2_serial,2,0,4,0,120,116,20.000,20.005,0,0,0,0.000000,SUCCESS,sigmoid,
2026-06-05T11:30:10,89.0,38.3,sensor2_serial,2,0,4,0,120,115,20.000,20.005,0,0,0,0.000000,SUCCESS,sigmoid,
2026-06-05T11:30:30,89.0,38.3,sensor2_serial,2,0,4,0,120,114,20.000,20.004,0,0,0,0.000000,SUCCESS,sigmoid,
2026-06-05T11:30:51,89.0,38.3,sensor2_serial,2,0,4,0,120,113,20.000,20.005,0,0,0,0.000000,SUCCESS,sigmoid,
2026-06-05T11:31:11,89.0,38.3,sensor2_serial,2,0,4,0,120,112,20.000,20.005,0,0,0,0.000000,SUCCESS,sigmoid,
2026-06-05T11:31:31,89.0,38.3,sensor2_serial,2,0,4,0,120,111,20.000,20.004,0,0,0,0.000000,SUCCESS,sigmoid,
2026-06-05T11:31:51,89.0,38.3,sensor2_serial,2,0,4,0,120,110,20.000,20.004,0,0,0,0.000000,SUCCESS,sigmoid,
2026-06-05T11:32:11,89.0,38.3,sensor2_serial,2,0,4,0,120,109,20.000,20.005,0,0,0,0.000000,SUCCESS,sigmoid,
2026-06-05T11:32:31,89.0,38.3,sensor2_serial,2,0,4,0,120,108,20.000,20.004,0,0,0,0.000000,SUCCESS,sigmoid,
2026-06-05T11:32:51,89.0,38.3,sensor2_serial,2,0,4,0,120,107,20.000,20.005,0,0,0,0.000000,SUCCESS,sigmoid,
2026-06-05T11:33:11,89.0,38.3,sensor2_serial,2,0,4,0,120,106,20.000,20.004,0,0,0,0.000000,SUCCESS,sigmoid,
2026-06-05T11:33:31,89.0,38.3,sensor2_serial,2,0,4,0,120,105,20.000,20.004,0,0,0,0.000000,SUCCESS,sigmoid,
2026-06-05T11:33:51,89.0,38.3,sensor2_serial,2,0,4,0,120,104,20.000,20.005,0,0,0,0.000000,SUCCESS,sigmoid,
2026-06-05T11:34:11,89.0,38.3,sensor2_serial,2,0,4,0,120,103,20.000,20.004,0,0,0,0.000000,SUCCESS,sigmoid,
2026-06-05T11:34:31,89.0,38.3,sensor2_serial,2,0,4,0,120,102,20.000,20.004,0,0,0,0.000000,SUCCESS,sigmoid,
2026-06-05T11:34:51,89.0,38.3,sensor2_serial,2,0,4,0,120,101,20.000,20.005,0,0,0,0.000000,SUCCESS,sigmoid,
2026-06-05T11:35:11,89.0,38.3,sensor2_serial,2,0,4,0,120,100,20.000,20.004,0,0,0,0.000000,SUCCESS,sigmoid,
2026-06-05T11:35:31,89.0,38.3,sensor2_serial,2,0,4,0,120,99,20.000,20.005,0,0,0,0.000000,SUCCESS,sigmoid,
2026-06-05T11:35:51,89.0,38.3,sensor2_serial,2,0,4,0,120,98,20.000,20.004,0,0,0,0.000000,SUCCESS,sigmoid,
2026-06-05T11:36:12,89.0,38.3,sensor2_serial,2,0,4,0,120,97,20.000,20.004,0,0,0,0.000000,SUCCESS,sigmoid,
2026-06-05T11:36:32,89.0,38.3,sensor2_serial,2,0,4,0,120,96,20.000,20.005,0,0,0,0.000000,SUCCESS,sigmoid,
2026-06-05T11:36:52,89.0,38.3,sensor2_serial,2,0,4,0,120,95,20.000,20.004,0,0,0,0.000000,SUCCESS,sigmoid,
2026-06-05T11:37:12,89.0,38.3,sensor2_serial,2,0,4,0,120,94,20.000,20.004,0,0,0,0.000000,SUCCESS,sigmoid,
2026-06-05T11:37:32,89.0,38.3,sensor2_serial,2,0,4,0,120,93,20.000,20.004,0,0,0,0.000000,SUCCESS,sigmoid,
2026-06-05T11:37:52,89.0,38.3,sensor2_serial,2,0,4,0,120,92,20.000,20.004,0,0,0,0.000000,SUCCESS,sigmoid,
2026-06-05T11:38:12,89.0,38.3,sensor2_serial,2,0,4,0,120,91,20.000,20.005,0,0,0,0.000000,SUCCESS,sigmoid,
2026-06-05T11:38:32,89.0,38.3,sensor2_serial,2,0,4,0,120,90,20.000,20.006,0,0,0,0.000000,SUCCESS,sigmoid,
2026-06-05T11:38:52,89.0,38.3,sensor2_serial,2,0,4,0,120,89,20.000,20.004,0,0,0,0.000000,SUCCESS,sigmoid,
2026-06-05T11:39:12,89.0,38.3,sensor2_serial,2,0,4,0,120,88,20.000,20.004,0,0,0,0.000000,SUCCESS,sigmoid,
2026-06-05T11:39:32,89.0,38.3,sensor2_serial,2,0,4,0,120,87,20.000,20.005,0,0,0,0.000000,SUCCESS,sigmoid,
2026-06-05T11:39:52,89.0,38.3,sensor2_serial,2,0,4,0,120,86,20.000,20.005,0,0,0,0.000000,SUCCESS,sigmoid,
2026-06-05T11:40:12,89.0,38.3,sensor2_serial,2,0,4,0,120,85,20.000,20.006,0,0,0,0.000000,SUCCESS,sigmoid,
2026-06-05T11:40:32,89.0,38.3,sensor2_serial,2,0,4,0,120,84,20.000,20.005,0,0,0,0.000000,SUCCESS,sigmoid,
2026-06-05T11:40:52,89.0,38.3,sensor2_serial,2,0,4,0,120,83,20.000,20.005,0,0,0,0.000000,SUCCESS,sigmoid,
2026-06-05T11:41:12,89.0,38.3,sensor2_serial,2,0,4,0,120,82,20.000,20.006,0,0,0,0.000000,SUCCESS,sigmoid,
2026-06-05T11:41:32,89.0,38.3,sensor2_serial,2,0,4,0,120,81,20.000,20.005,0,0,0,0.000000,SUCCESS,sigmoid,
2026-06-05T11:41:53,89.0,38.3,sensor2_serial,2,0,4,0,120,80,20.000,20.005,0,0,0,0.000000,SUCCESS,sigmoid,
2026-06-05T11:42:13,89.0,38.3,sensor2_serial,2,0,4,0,120,79,20.000,20.004,0,0,0,0.000000,SUCCESS,sigmoid,
2026-06-05T11:42:33,89.0,38.3,sensor2_serial,2,0,4,0,120,78,20.000,20.005,0,0,0,0.000000,SUCCESS,sigmoid,
2026-06-05T11:42:53,89.0,38.3,sensor2_serial,2,0,4,0,120,77,20.000,20.004,0,0,0,0.000000,SUCCESS,sigmoid,
2026-06-05T11:43:13,89.0,38.3,sensor2_serial,2,0,4,0,120,76,20.000,20.004,0,0,0,0.000000,SUCCESS,sigmoid,
2026-06-05T11:43:33,89.0,38.3,sensor2_serial,2,0,4,0,120,75,20.000,20.004,0,0,0,0.000000,SUCCESS,sigmoid,
2026-06-05T11:43:53,89.0,38.3,sensor2_serial,2,0,4,0,120,74,20.000,20.004,0,0,0,0.000000,SUCCESS,sigmoid,
2026-06-05T11:44:13,89.0,38.3,sensor2_serial,2,0,4,0,120,73,20.000,20.004,0,0,0,0.000000,SUCCESS,sigmoid,
2026-06-05T11:44:33,89.0,38.3,sensor2_serial,2,0,4,0,120,72,20.000,20.004,0,0,0,0.000000,SUCCESS,sigmoid,
2026-06-05T11:44:53,89.0,38.3,sensor2_serial,2,0,4,0,120,71,20.000,20.004,0,0,0,0.000000,SUCCESS,sigmoid,
2026-06-05T11:45:13,89.0,38.3,sensor2_serial,2,0,4,0,120,70,20.000,20.005,0,0,0,0.000000,SUCCESS,sigmoid,
2026-06-05T11:45:33,89.0,38.3,sensor2_serial,2,0,4,0,120,69,20.000,20.004,0,0,0,0.000000,SUCCESS,sigmoid,
2026-06-05T11:45:53,89.0,38.3,sensor2_serial,2,0,4,0,120,68,20.000,20.004,0,0,0,0.000000,SUCCESS,sigmoid,
2026-06-05T11:46:13,89.0,38.3,sensor2_serial,2,0,4,0,120,67,20.000,20.004,0,0,0,0.000000,SUCCESS,sigmoid,
2026-06-05T11:46:33,89.0,38.3,sensor2_serial,2,0,4,0,120,66,20.000,20.004,0,0,0,0.000000,SUCCESS,sigmoid,
2026-06-05T11:46:53,89.0,38.3,sensor2_serial,2,0,4,0,120,65,20.000,20.005,0,0,0,0.000000,SUCCESS,sigmoid,
2026-06-05T11:47:13,89.0,38.3,sensor2_serial,2,0,4,0,120,64,20.000,20.004,0,0,0,0.000000,SUCCESS,sigmoid,
2026-06-05T11:47:34,89.0,38.3,sensor2_serial,2,0,4,0,120,63,20.000,20.004,0,0,0,0.000000,SUCCESS,sigmoid,
2026-06-05T11:47:54,89.0,38.3,sensor2_serial,2,0,4,0,120,62,20.000,20.004,0,0,0,0.000000,SUCCESS,sigmoid,
2026-06-05T11:48:14,89.0,38.3,sensor2_serial,2,0,4,0,120,61,20.000,20.006,0,0,0,0.000000,SUCCESS,sigmoid,
2026-06-05T11:48:34,89.0,38.3,sensor2_serial,2,0,4,0,120,60,20.000,20.005,0,0,0,0.000000,SUCCESS,sigmoid,
2026-06-05T11:48:54,89.0,38.3,sensor2_serial,2,0,4,0,120,59,20.000,20.005,0,0,0,0.000000,SUCCESS,sigmoid,
2026-06-05T11:49:14,89.0,38.3,sensor2_serial,2,0,4,0,120,58,20.000,20.004,0,0,0,0.000000,SUCCESS,sigmoid,
2026-06-05T11:49:34,89.0,38.3,sensor2_serial,2,0,4,0,120,57,20.000,20.005,0,0,0,0.000000,SUCCESS,sigmoid,
2026-06-05T11:49:54,89.0,38.3,sensor2_serial,2,0,4,0,120,56,20.000,20.005,0,0,0,0.000000,SUCCESS,sigmoid,
2026-06-05T11:50:14,89.0,38.3,sensor2_serial,2,0,4,0,120,55,20.000,20.005,0,0,0,0.000000,SUCCESS,sigmoid,
2026-06-05T11:50:34,89.0,38.3,sensor2_serial,2,0,4,0,120,54,20.000,20.005,0,0,0,0.000000,SUCCESS,sigmoid,
2026-06-05T11:50:54,89.0,38.3,sensor2_serial,2,0,4,0,120,53,20.000,20.005,0,0,0,0.000000,SUCCESS,sigmoid,
2026-06-05T11:51:14,89.0,38.3,sensor2_serial,2,0,4,0,120,52,20.000,20.004,0,0,0,0.000000,SUCCESS,sigmoid,
2026-06-05T11:51:34,89.0,38.3,sensor2_serial,2,0,4,0,120,51,20.000,20.004,0,0,0,0.000000,SUCCESS,sigmoid,
2026-06-05T11:51:54,89.0,38.3,sensor2_serial,2,0,4,0,120,50,20.000,20.005,0,0,0,0.000000,SUCCESS,sigmoid,
2026-06-05T11:52:14,89.0,38.3,sensor2_serial,2,0,4,0,120,49,20.000,20.005,0,0,0,0.000000,SUCCESS,sigmoid,
2026-06-05T11:52:34,89.0,38.3,sensor2_serial,2,0,4,0,120,48,20.000,20.004,0,0,0,0.000000,SUCCESS,sigmoid,
2026-06-05T11:52:54,89.0,38.3,sensor2_serial,2,0,4,0,120,47,20.000,20.005,0,0,0,0.000000,SUCCESS,sigmoid,
2026-06-05T11:53:15,89.0,38.3,sensor2_serial,2,0,4,0,120,46,20.000,20.004,0,0,0,0.000000,SUCCESS,sigmoid,
2026-06-05T11:53:35,89.0,38.3,sensor2_serial,2,0,4,0,120,45,20.000,20.005,0,0,0,0.000000,SUCCESS,sigmoid,
2026-06-05T11:53:55,89.0,38.3,sensor2_serial,2,0,4,0,120,44,20.000,20.005,0,0,0,0.000000,SUCCESS,sigmoid,
2026-06-05T11:54:15,89.0,38.3,sensor2_serial,2,0,4,0,120,43,20.000,20.005,0,0,0,0.000000,SUCCESS,sigmoid,
2026-06-05T11:54:35,89.0,38.3,sensor2_serial,2,0,4,0,120,42,20.000,20.006,0,0,0,0.000000,SUCCESS,sigmoid,
2026-06-05T11:54:55,89.0,38.3,sensor2_serial,2,0,4,0,120,41,20.000,20.004,0,0,0,0.000000,SUCCESS,sigmoid,
2026-06-05T11:55:15,89.0,38.3,sensor2_serial,2,0,4,0,120,40,20.000,20.005,0,0,0,0.000000,SUCCESS,sigmoid,
2026-06-05T11:55:35,89.0,38.3,sensor2_serial,2,0,4,0,120,39,20.000,20.004,0,0,0,0.000000,SUCCESS,sigmoid,
2026-06-05T11:55:55,89.0,38.3,sensor2_serial,2,0,4,0,120,38,20.000,20.004,0,0,0,0.000000,SUCCESS,sigmoid,
2026-06-05T11:56:15,89.0,38.3,sensor2_serial,2,0,4,0,120,37,20.000,20.005,0,0,0,0.000000,SUCCESS,sigmoid,
2026-06-05T11:56:35,89.0,38.3,sensor2_serial,2,0,4,0,120,36,20.000,20.004,0,0,0,0.000000,SUCCESS,sigmoid,
2026-06-05T11:56:55,89.0,38.3,sensor2_serial,2,0,4,0,120,35,20.000,20.004,0,0,0,0.000000,SUCCESS,sigmoid,
2026-06-05T11:57:15,89.0,38.3,sensor2_serial,2,0,4,0,120,34,20.000,20.004,0,0,0,0.000000,SUCCESS,sigmoid,
2026-06-05T11:57:35,89.0,38.3,sensor2_serial,2,0,4,0,120,33,20.000,20.005,0,0,0,0.000000,SUCCESS,sigmoid,
2026-06-05T11:57:55,89.0,38.3,sensor2_serial,2,0,4,0,120,32,20.000,20.005,0,0,0,0.000000,SUCCESS,sigmoid,
2026-06-05T11:58:15,89.0,38.3,sensor2_serial,2,0,4,0,120,31,20.000,20.004,0,0,0,0.000000,SUCCESS,sigmoid,
2026-06-05T11:58:35,89.0,38.3,sensor2_serial,2,0,4,0,120,30,20.000,20.005,0,0,0,0.000000,SUCCESS,sigmoid,
2026-06-05T11:58:56,89.0,38.3,sensor2_serial,2,0,4,0,120,29,20.000,20.004,0,0,0,0.000000,SUCCESS,sigmoid,
2026-06-05T11:59:16,89.0,38.3,sensor2_serial,2,0,4,0,120,28,20.000,20.005,0,0,0,0.000000,SUCCESS,sigmoid,
2026-06-05T11:59:36,89.0,38.3,sensor2_serial,2,0,4,0,120,27,20.000,20.005,0,0,0,0.000000,SUCCESS,sigmoid,
2026-06-05T11:59:56,89.0,38.3,sensor2_serial,2,0,4,0,120,26,20.000,20.004,0,0,0,0.000000,SUCCESS,sigmoid,
2026-06-05T12:00:16,89.0,38.3,sensor2_serial,2,0,4,0,120,25,20.000,20.004,0,0,0,0.000000,SUCCESS,sigmoid,
2026-06-05T12:00:36,89.0,38.3,sensor2_serial,2,0,4,0,120,24,20.000,20.005,0,0,0,0.000000,SUCCESS,sigmoid,
2026-06-05T12:00:56,89.0,38.3,sensor2_serial,2,0,4,0,120,23,20.000,20.005,0,0,0,0.000000,SUCCESS,sigmoid,
2026-06-05T12:01:16,89.0,38.3,sensor2_serial,2,0,4,0,120,22,20.000,20.005,0,0,0,0.000000,SUCCESS,sigmoid,
2026-06-05T12:01:36,89.0,38.3,sensor2_serial,2,0,4,0,120,21,20.000,20.005,0,0,0,0.000000,SUCCESS,sigmoid,
2026-06-05T12:01:56,89.0,38.3,sensor2_serial,2,0,4,0,120,20,20.000,20.005,0,0,0,0.000000,SUCCESS,sigmoid,
2026-06-05T12:02:16,89.0,38.3,sensor2_serial,2,0,4,0,120,19,20.000,20.004,0,0,0,0.000000,SUCCESS,sigmoid,
2026-06-05T12:02:36,89.0,38.3,sensor2_serial,2,0,4,0,120,18,20.000,20.005,0,0,0,0.000000,SUCCESS,sigmoid,
2026-06-05T12:02:56,89.0,38.3,sensor2_serial,2,0,4,0,120,17,20.000,20.005,0,0,0,0.000000,SUCCESS,sigmoid,
2026-06-05T12:03:16,89.0,38.3,sensor2_serial,2,0,4,0,120,16,20.000,20.005,0,0,0,0.000000,SUCCESS,sigmoid,
2026-06-05T12:03:36,89.0,38.3,sensor2_serial,2,0,4,0,120,15,20.000,20.004,0,0,0,0.000000,SUCCESS,sigmoid,
2026-06-05T12:03:56,89.0,38.3,sensor2_serial,2,0,4,0,120,14,20.000,20.005,0,0,0,0.000000,SUCCESS,sigmoid,
2026-06-05T12:04:16,89.0,38.3,sensor2_serial,2,0,4,0,120,13,20.000,20.005,0,0,0,0.000000,SUCCESS,sigmoid,
2026-06-05T12:04:37,89.0,38.3,sensor2_serial,2,0,4,0,120,12,20.000,20.005,0,0,0,0.000000,SUCCESS,sigmoid,
2026-06-05T12:04:57,89.0,38.3,sensor2_serial,2,0,4,0,120,11,20.000,20.004,0,0,0,0.000000,SUCCESS,sigmoid,
2026-06-05T12:05:17,89.0,38.3,sensor2_serial,2,0,4,0,120,10,20.000,20.005,0,0,0,0.000000,SUCCESS,sigmoid,
2026-06-05T12:05:37,89.0,38.3,sensor2_serial,2,0,4,0,120,9,20.000,20.005,0,0,0,0.000000,SUCCESS,sigmoid,
2026-06-05T12:05:57,89.0,38.3,sensor2_serial,2,0,4,0,120,8,20.000,20.005,0,0,0,0.000000,SUCCESS,sigmoid,
2026-06-05T12:06:17,89.0,38.3,sensor2_serial,2,0,4,0,120,7,20.000,20.005,0,0,0,0.000000,SUCCESS,sigmoid,
2026-06-05T12:06:37,89.0,38.3,sensor2_serial,2,0,4,0,120,6,20.000,20.005,0,0,0,0.000000,SUCCESS,sigmoid,
2026-06-05T12:06:57,89.0,38.3,sensor2_serial,2,0,4,0,120,5,20.000,20.005,0,0,0,0.000000,SUCCESS,sigmoid,
2026-06-05T12:07:17,89.0,38.3,sensor2_serial,2,0,4,0,120,4,20.000,20.004,0,0,0,0.000000,SUCCESS,sigmoid,
2026-06-05T12:07:37,89.0,38.3,sensor2_serial,2,0,4,0,120,3,20.000,20.004,0,0,0,0.000000,SUCCESS,sigmoid,
2026-06-05T12:07:57,89.0,38.3,sensor2_serial,2,0,4,0,120,2,20.000,20.004,0,0,0,0.000000,SUCCESS,sigmoid,
2026-06-05T12:08:17,89.0,38.3,sensor2_serial,2,0,4,0,120,1,20.000,20.005,0,0,0,0.000000,SUCCESS,sigmoid,
2026-06-05T12:08:37,89.0,38.3,sensor2_serial,2,0,4,0,120,0,20.000,20.004,0,0,0,0.000000,SUCCESS,sigmoid,
2026-06-05T12:08:57,89.0,38.3,sensor2_serial,2,1,5,1,120,255,20.000,20.005,0,1748234,1748234,87387.984653,SUCCESS,sigmoid,
2026-06-05T12:09:17,89.0,38.3,sensor2_serial,2,1,5,1,120,254,20.000,20.006,0,1750865,1750865,87518.482020,SUCCESS,sigmoid,
2026-06-05T12:09:37,89.0,38.3,sensor2_serial,2,1,5,1,120,253,20.000,20.006,0,1730844,1730844,86517.668841,SUCCESS,sigmoid,
2026-06-05T12:09:57,89.0,38.3,sensor2_serial,2,1,5,1,120,252,20.000,20.005,0,1995687,1995687,99758.381165,SUCCESS,sigmoid,
2026-06-05T12:10:18,89.0,38.3,sensor2_serial,2,1,5,1,120,251,20.000,20.005,0,2256226,2256226,112780.907291,SUCCESS,sigmoid,
2026-06-05T12:10:38,89.0,38.3,sensor2_serial,2,1,5,1,120,250,20.000,20.005,0,2632934,2632934,131613.522868,SUCCESS,sigmoid,
2026-06-05T12:10:58,89.0,38.3,sensor2_serial,2,1,5,1,120,249,20.000,20.005,0,3050168,3050168,152467.310602,SUCCESS,sigmoid,
2026-06-05T12:11:18,89.0,38.3,sensor2_serial,2,1,5,1,120,248,20.000,20.006,0,3240801,3240801,161993.803619,SUCCESS,sigmoid,
2026-06-05T12:11:38,89.0,38.3,sensor2_serial,2,1,5,1,120,247,20.000,20.005,0,2916378,2916378,145779.388794,SUCCESS,sigmoid,
2026-06-05T12:11:58,89.0,38.3,sensor2_serial,2,1,5,1,120,246,20.000,20.005,0,2226539,2226539,111297.134932,SUCCESS,sigmoid,
2026-06-05T12:12:18,89.0,38.3,sensor2_serial,2,1,5,1,120,245,20.000,20.005,0,1571971,1571971,78577.767930,SUCCESS,sigmoid,
2026-06-05T12:12:38,89.0,38.3,sensor2_serial,2,1,5,1,120,244,20.000,20.005,0,954214,954214,47697.640959,SUCCESS,sigmoid,
2026-06-05T12:12:58,89.0,38.3,sensor2_serial,2,1,5,1,120,243,20.000,20.005,0,467799,467799,23383.901791,SUCCESS,sigmoid,
2026-06-05T12:13:18,89.0,38.3,sensor2_serial,2,1,5,1,120,242,20.000,20.005,0,209239,209239,10459.217559,SUCCESS,sigmoid,
2026-06-05T12:13:38,89.0,38.3,sensor2_serial,2,1,5,1,120,241,20.000,20.005,0,91533,91533,4575.415524,SUCCESS,sigmoid,
2026-06-05T12:13:58,89.0,38.3,sensor2_serial,2,1,5,1,120,240,20.000,20.005,0,38947,38947,1946.816962,SUCCESS,sigmoid,
2026-06-05T12:14:18,89.0,38.3,sensor2_serial,2,1,5,1,120,239,20.000,20.005,0,54282,54282,2713.366817,SUCCESS,sigmoid,
2026-06-05T12:14:38,89.0,38.3,sensor2_serial,2,1,5,1,120,238,20.000,20.005,0,26416,26416,1320.443783,SUCCESS,sigmoid,
2026-06-05T12:14:58,89.0,38.3,sensor2_serial,2,1,5,1,120,237,20.000,20.005,0,9995,9995,499.614700,SUCCESS,sigmoid,
2026-06-05T12:15:18,89.0,38.3,sensor2_serial,2,1,5,1,120,236,20.000,20.006,0,3396,3396,169.752366,SUCCESS,sigmoid,
2026-06-05T12:15:39,89.0,38.3,sensor2_serial,2,1,5,1,120,235,20.000,20.006,0,1402,1402,70.080499,SUCCESS,sigmoid,
2026-06-05T12:15:59,89.0,38.3,sensor2_serial,2,1,5,1,120,234,20.000,20.006,0,535,535,26.742544,SUCCESS,sigmoid,
2026-06-05T12:16:19,89.0,38.3,sensor2_serial,2,1,5,1,120,233,20.000,20.005,0,268,268,13.396391,SUCCESS,sigmoid,
2026-06-05T12:16:39,89.0,38.3,sensor2_serial,2,1,5,1,120,232,20.000,20.005,0,200,200,9.997680,SUCCESS,sigmoid,
2026-06-05T12:16:59,89.0,38.3,sensor2_serial,2,1,5,1,120,231,20.000,20.005,0,142,142,7.098080,SUCCESS,sigmoid,
2026-06-05T12:17:19,89.0,38.3,sensor2_serial,2,1,5,1,120,230,20.000,20.005,0,140,140,6.998209,SUCCESS,sigmoid,
2026-06-05T12:17:39,89.0,38.3,sensor2_serial,2,1,5,1,120,229,20.000,20.005,0,154,154,7.698002,SUCCESS,sigmoid,
2026-06-05T12:17:59,89.0,38.3,sensor2_serial,2,1,5,1,120,228,20.000,20.006,0,150,150,7.497809,SUCCESS,sigmoid,
2026-06-05T12:18:19,89.0,38.3,sensor2_serial,2,1,5,1,120,227,20.000,20.005,0,133,133,6.648210,SUCCESS,sigmoid,
2026-06-05T12:18:39,89.0,38.3,sensor2_serial,2,1,5,1,120,226,20.000,20.005,0,157,157,7.847990,SUCCESS,sigmoid,
2026-06-05T12:18:59,89.0,38.3,sensor2_serial,2,1,5,1,120,225,20.000,20.005,0,139,139,6.948168,SUCCESS,sigmoid,
2026-06-05T12:19:19,89.0,38.3,sensor2_serial,2,1,5,1,120,224,20.000,20.006,0,137,137,6.848103,SUCCESS,sigmoid,
2026-06-05T12:19:39,89.0,38.3,sensor2_serial,2,1,5,1,120,223,20.000,20.006,0,132,132,6.598135,SUCCESS,sigmoid,
2026-06-05T12:19:59,89.0,38.3,sensor2_serial,2,1,5,1,120,222,20.000,20.005,0,121,121,6.048456,SUCCESS,sigmoid,
2026-06-05T12:20:19,89.0,38.3,sensor2_serial,2,1,5,1,120,221,20.000,20.006,0,156,156,7.797852,SUCCESS,sigmoid,
2026-06-05T12:20:39,89.0,38.3,sensor2_serial,2,1,5,1,120,220,20.000,20.005,0,145,145,7.248036,SUCCESS,sigmoid,
2026-06-05T12:20:59,89.0,38.3,sensor2_serial,2,1,5,1,120,219,20.000,20.006,0,138,138,6.898090,SUCCESS,sigmoid,
2026-06-05T12:21:20,89.0,38.3,sensor2_serial,2,1,5,1,120,218,20.000,20.005,0,148,148,7.398299,SUCCESS,sigmoid,
2026-06-05T12:21:40,89.0,38.3,sensor2_serial,2,1,5,1,120,217,20.000,20.005,0,125,125,6.248586,SUCCESS,sigmoid,
2026-06-05T12:22:00,89.0,38.3,sensor2_serial,2,1,5,1,120,216,20.000,20.005,0,122,122,6.098332,SUCCESS,sigmoid,
2026-06-05T12:22:20,89.0,38.3,sensor2_serial,2,1,5,1,120,215,20.000,20.005,0,107,107,5.348572,SUCCESS,sigmoid,
2026-06-05T12:22:40,89.0,38.3,sensor2_serial,2,1,5,1,120,214,20.000,20.005,0,125,125,6.248340,SUCCESS,sigmoid,
2026-06-05T12:23:00,89.0,38.3,sensor2_serial,2,1,5,1,120,213,20.000,20.006,0,112,112,5.598451,SUCCESS,sigmoid,
2026-06-05T12:23:20,89.0,38.3,sensor2_serial,2,1,5,1,120,212,20.000,20.005,0,126,126,6.298408,SUCCESS,sigmoid,
2026-06-05T12:23:40,89.0,38.3,sensor2_serial,2,1,5,1,120,211,20.000,20.005,0,98,98,4.898696,SUCCESS,sigmoid,
2026-06-05T12:24:00,89.0,38.3,sensor2_serial,2,1,5,1,120,210,20.000,20.005,0,113,113,5.648494,SUCCESS,sigmoid,
2026-06-05T12:24:20,89.0,38.3,sensor2_serial,2,1,5,1,120,209,20.000,20.005,0,123,123,6.148411,SUCCESS,sigmoid,
2026-06-05T12:24:40,89.0,38.3,sensor2_serial,2,1,5,1,120,208,20.000,20.005,0,104,104,5.198586,SUCCESS,sigmoid,
2026-06-05T12:25:00,89.0,38.3,sensor2_serial,2,1,5,1,120,207,20.000,20.005,0,107,107,5.348594,SUCCESS,sigmoid,
2026-06-05T12:25:20,89.0,38.3,sensor2_serial,2,1,5,1,120,206,20.000,20.005,0,114,114,5.698506,SUCCESS,sigmoid,
2026-06-05T12:25:40,89.0,38.3,sensor2_serial,2,1,5,1,120,205,20.000,20.005,0,116,116,5.798485,SUCCESS,sigmoid,
2026-06-05T12:26:00,89.0,38.3,sensor2_serial,2,1,5,1,120,204,20.000,20.005,0,101,101,5.048691,SUCCESS,sigmoid,
2026-06-05T12:26:20,89.0,38.3,sensor2_serial,2,1,5,1,120,203,20.000,20.005,0,114,114,5.698489,SUCCESS,sigmoid,
2026-06-05T12:26:40,89.0,38.3,sensor2_serial,2,1,5,1,120,202,20.000,20.006,0,107,107,5.348500,SUCCESS,sigmoid,
2026-06-05T12:27:01,89.0,38.3,sensor2_serial,2,1,5,1,120,201,20.000,20.005,0,100,100,4.998730,SUCCESS,sigmoid,
2026-06-05T12:27:21,89.0,38.3,sensor2_serial,2,1,5,1,120,200,20.000,20.005,0,101,101,5.048678,SUCCESS,sigmoid,
2026-06-05T12:27:41,89.0,38.3,sensor2_serial,2,1,5,1,120,199,20.000,20.005,0,84,84,4.198919,SUCCESS,sigmoid,
2026-06-05T12:28:01,89.0,38.3,sensor2_serial,2,1,5,1,120,198,20.000,20.005,0,105,105,5.248779,SUCCESS,sigmoid,
2026-06-05T12:28:21,89.0,38.3,sensor2_serial,2,1,5,1,120,197,20.000,20.006,0,78,78,3.898918,SUCCESS,sigmoid,
2026-06-05T12:28:41,89.0,38.3,sensor2_serial,2,1,5,1,120,196,20.000,20.004,0,76,76,3.799204,SUCCESS,sigmoid,
2026-06-05T12:29:01,89.0,38.3,sensor2_serial,2,1,5,1,120,195,20.000,20.006,0,90,90,4.498744,SUCCESS,sigmoid,
2026-06-05T12:29:21,89.0,38.3,sensor2_serial,2,1,5,1,120,194,20.000,20.005,0,72,72,3.599029,SUCCESS,sigmoid,
2026-06-05T12:29:41,89.0,38.3,sensor2_serial,2,1,5,1,120,193,20.000,20.004,0,83,83,4.149107,SUCCESS,sigmoid,
2026-06-05T12:30:01,89.0,38.3,sensor2_serial,2,1,5,1,120,192,20.000,20.005,0,67,67,3.349105,SUCCESS,sigmoid,
2026-06-05T12:30:21,89.0,38.3,sensor2_serial,2,1,5,1,120,191,20.000,20.005,0,70,70,3.499058,SUCCESS,sigmoid,
2026-06-05T12:30:41,89.0,38.3,sensor2_serial,2,1,5,1,120,190,20.000,20.005,0,59,59,2.949319,SUCCESS,sigmoid,
2026-06-05T12:31:01,89.0,38.3,sensor2_serial,2,1,5,1,120,189,20.000,20.005,0,57,57,2.849226,SUCCESS,sigmoid,
2026-06-05T12:31:21,89.0,38.3,sensor2_serial,2,1,5,1,120,188,20.000,20.005,0,71,71,3.549026,SUCCESS,sigmoid,
2026-06-05T12:31:41,89.0,38.3,sensor2_serial,2,1,5,1,120,187,20.000,20.005,0,68,68,3.399088,SUCCESS,sigmoid,
2026-06-05T12:32:01,89.0,38.3,sensor2_serial,2,1,5,1,120,186,20.000,20.005,0,65,65,3.249265,SUCCESS,sigmoid,
2026-06-05T12:32:21,89.0,38.3,sensor2_serial,2,1,5,1,120,185,20.000,20.004,0,58,58,2.899394,SUCCESS,sigmoid,
2026-06-05T12:32:42,89.0,38.3,sensor2_serial,2,1,5,1,120,184,20.000,20.005,0,69,69,3.449057,SUCCESS,sigmoid,
2026-06-05T12:33:02,89.0,38.3,sensor2_serial,2,1,5,1,120,183,20.000,20.005,0,51,51,2.549314,SUCCESS,sigmoid,
2026-06-05T12:33:22,89.0,38.3,sensor2_serial,2,1,5,1,120,182,20.000,20.005,0,53,53,2.649319,SUCCESS,sigmoid,
2026-06-05T12:33:42,89.0,38.3,sensor2_serial,2,1,5,1,120,181,20.000,20.005,0,42,42,2.099447,SUCCESS,sigmoid,
2026-06-05T12:34:02,89.0,38.3,sensor2_serial,2,1,5,1,120,180,20.000,20.005,0,40,40,1.999467,SUCCESS,sigmoid,
2026-06-05T12:34:22,89.0,38.3,sensor2_serial,2,1,5,1,120,179,20.000,20.005,0,43,43,2.149416,SUCCESS,sigmoid,
2026-06-05T12:34:42,89.0,38.3,sensor2_serial,2,1,5,1,120,178,20.000,20.006,0,43,43,2.149400,SUCCESS,sigmoid,
2026-06-05T12:35:02,89.0,38.3,sensor2_serial,2,1,5,1,120,177,20.000,20.005,0,36,36,1.799518,SUCCESS,sigmoid,
2026-06-05T12:35:22,89.0,38.3,sensor2_serial,2,1,5,1,120,176,20.000,20.006,0,32,32,1.599554,SUCCESS,sigmoid,
2026-06-05T12:35:42,89.0,38.3,sensor2_serial,2,1,5,1,120,175,20.000,20.006,0,29,29,1.449600,SUCCESS,sigmoid,
2026-06-05T12:36:02,89.0,38.3,sensor2_serial,2,1,5,1,120,174,20.000,20.005,0,34,34,1.699567,SUCCESS,sigmoid,
2026-06-05T12:36:22,89.0,38.3,sensor2_serial,2,1,5,1,120,173,20.000,20.006,0,25,25,1.249646,SUCCESS,sigmoid,
2026-06-05T12:36:42,89.0,38.3,sensor2_serial,2,1,5,1,120,172,20.000,20.005,0,20,20,0.999741,SUCCESS,sigmoid,
2026-06-05T12:37:02,89.0,38.3,sensor2_serial,2,1,5,1,120,171,20.000,20.004,0,20,20,0.999790,SUCCESS,sigmoid,
2026-06-05T12:37:22,89.0,38.3,sensor2_serial,2,1,5,1,120,170,20.000,20.005,0,19,19,0.949745,SUCCESS,sigmoid,
2026-06-05T12:37:42,89.0,38.3,sensor2_serial,2,1,5,1,120,169,20.000,20.004,0,25,25,1.249730,SUCCESS,sigmoid,
2026-06-05T12:38:02,89.0,38.3,sensor2_serial,2,1,5,1,120,168,20.000,20.005,0,15,15,0.749829,SUCCESS,sigmoid,
2026-06-05T12:38:23,89.0,38.3,sensor2_serial,2,1,5,1,120,167,20.000,20.005,0,10,10,0.499886,SUCCESS,sigmoid,
2026-06-05T12:38:43,89.0,38.3,sensor2_serial,2,1,5,1,120,166,20.000,20.005,0,13,13,0.649825,SUCCESS,sigmoid,
2026-06-05T12:39:03,89.0,38.3,sensor2_serial,2,1,5,1,120,165,20.000,20.006,0,11,11,0.549847,SUCCESS,sigmoid,
2026-06-05T12:39:23,89.0,38.3,sensor2_serial,2,1,5,1,120,164,20.000,20.005,0,7,7,0.349909,SUCCESS,sigmoid,
2026-06-05T12:39:43,89.0,38.3,sensor2_serial,2,1,5,1,120,163,20.000,20.004,0,8,8,0.399917,SUCCESS,sigmoid,
2026-06-05T12:40:03,89.0,38.3,sensor2_serial,2,1,5,1,120,162,20.000,20.004,0,9,9,0.449905,SUCCESS,sigmoid,
2026-06-05T12:40:23,89.0,38.3,sensor2_serial,2,1,5,1,120,161,20.000,20.005,0,3,3,0.149959,SUCCESS,sigmoid,
2026-06-05T12:40:43,89.0,38.3,sensor2_serial,2,1,5,1,120,160,20.000,20.006,0,7,7,0.349904,SUCCESS,sigmoid,
2026-06-05T12:41:03,89.0,38.3,sensor2_serial,2,1,5,1,120,159,20.000,20.005,0,3,3,0.149966,SUCCESS,sigmoid,
2026-06-05T12:41:23,89.0,38.3,sensor2_serial,2,1,5,1,120,158,20.000,20.005,0,1,1,0.049987,SUCCESS,sigmoid,
2026-06-05T12:41:43,89.0,38.3,sensor2_serial,2,1,5,1,120,157,20.000,20.004,0,4,4,0.199957,SUCCESS,sigmoid,
2026-06-05T12:42:03,89.0,38.3,sensor2_serial,2,1,5,1,120,156,20.000,20.005,0,1,1,0.049989,SUCCESS,sigmoid,
2026-06-05T12:42:23,89.0,38.3,sensor2_serial,2,1,5,1,120,155,20.000,20.004,0,1,1,0.049989,SUCCESS,sigmoid,
2026-06-05T12:42:43,89.0,38.3,sensor2_serial,2,1,5,1,120,154,20.000,20.005,0,2,2,0.099977,SUCCESS,sigmoid,
2026-06-05T12:43:03,89.0,38.3,sensor2_serial,2,1,5,1,120,153,20.000,20.004,0,2,2,0.099978,SUCCESS,sigmoid,
2026-06-05T12:43:23,89.0,38.3,sensor2_serial,2,1,5,1,120,152,20.000,20.004,0,1,1,0.049989,SUCCESS,sigmoid,
2026-06-05T12:43:43,89.0,38.3,sensor2_serial,2,1,5,1,120,151,20.000,20.004,0,0,0,0.000000,SUCCESS,sigmoid,
2026-06-05T12:44:04,89.0,38.3,sensor2_serial,2,1,5,1,120,150,20.000,20.005,0,1,1,0.049987,SUCCESS,sigmoid,
2026-06-05T12:44:24,89.0,38.3,sensor2_serial,2,1,5,1,120,149,20.000,20.005,0,0,0,0.000000,SUCCESS,sigmoid,
2026-06-05T12:44:44,89.0,38.3,sensor2_serial,2,1,5,1,120,148,20.000,20.005,0,0,0,0.000000,SUCCESS,sigmoid,
2026-06-05T12:45:04,89.0,38.3,sensor2_serial,2,1,5,1,120,147,20.000,20.006,0,0,0,0.000000,SUCCESS,sigmoid,
2026-06-05T12:45:24,89.0,38.3,sensor2_serial,2,1,5,1,120,146,20.000,20.004,0,0,0,0.000000,SUCCESS,sigmoid,
2026-06-05T12:45:44,89.0,38.3,sensor2_serial,2,1,5,1,120,145,20.000,20.004,0,1,1,0.049989,SUCCESS,sigmoid,
2026-06-05T12:46:04,89.0,38.3,sensor2_serial,2,1,5,1,120,144,20.000,20.005,0,0,0,0.000000,SUCCESS,sigmoid,
2026-06-05T12:46:24,89.0,38.3,sensor2_serial,2,1,5,1,120,143,20.000,20.005,0,0,0,0.000000,SUCCESS,sigmoid,
2026-06-05T12:46:44,89.0,38.3,sensor2_serial,2,1,5,1,120,142,20.000,20.004,0,0,0,0.000000,SUCCESS,sigmoid,
2026-06-05T12:47:04,89.0,38.3,sensor2_serial,2,1,5,1,120,141,20.000,20.005,0,0,0,0.000000,SUCCESS,sigmoid,
2026-06-05T12:47:24,89.0,38.3,sensor2_serial,2,1,5,1,120,140,20.000,20.006,0,0,0,0.000000,SUCCESS,sigmoid,
2026-06-05T12:47:44,89.0,38.3,sensor2_serial,2,1,5,1,120,139,20.000,20.005,0,0,0,0.000000,SUCCESS,sigmoid,
2026-06-05T12:48:04,89.0,38.3,sensor2_serial,2,1,5,1,120,138,20.000,20.004,0,0,0,0.000000,SUCCESS,sigmoid,
2026-06-05T12:48:24,89.0,38.3,sensor2_serial,2,1,5,1,120,137,20.000,20.005,0,0,0,0.000000,SUCCESS,sigmoid,
2026-06-05T12:48:44,89.0,38.3,sensor2_serial,2,1,5,1,120,136,20.000,20.004,0,0,0,0.000000,SUCCESS,sigmoid,
2026-06-05T12:49:04,89.0,38.3,sensor2_serial,2,1,5,1,120,135,20.000,20.004,0,0,0,0.000000,SUCCESS,sigmoid,
2026-06-05T12:49:24,89.0,38.3,sensor2_serial,2,1,5,1,120,134,20.000,20.004,0,0,0,0.000000,SUCCESS,sigmoid,
2026-06-05T12:49:45,89.0,38.3,sensor2_serial,2,1,5,1,120,133,20.000,20.004,0,0,0,0.000000,SUCCESS,sigmoid,
2026-06-05T12:50:05,89.0,38.3,sensor2_serial,2,1,5,1,120,132,20.000,20.004,0,0,0,0.000000,SUCCESS,sigmoid,
2026-06-05T12:50:25,89.0,38.3,sensor2_serial,2,1,5,1,120,131,20.000,20.005,0,0,0,0.000000,SUCCESS,sigmoid,
2026-06-05T12:50:45,89.0,38.3,sensor2_serial,2,1,5,1,120,130,20.000,20.004,0,0,0,0.000000,SUCCESS,sigmoid,
2026-06-05T12:51:05,89.0,38.3,sensor2_serial,2,1,5,1,120,129,20.000,20.005,0,0,0,0.000000,SUCCESS,sigmoid,
2026-06-05T12:51:25,89.0,38.3,sensor2_serial,2,1,5,1,120,128,20.000,20.005,0,0,0,0.000000,SUCCESS,sigmoid,
2026-06-05T12:51:45,89.0,38.3,sensor2_serial,2,1,5,1,120,127,20.000,20.005,0,0,0,0.000000,SUCCESS,sigmoid,
2026-06-05T12:52:05,89.0,38.3,sensor2_serial,2,1,5,1,120,126,20.000,20.005,0,0,0,0.000000,SUCCESS,sigmoid,
2026-06-05T12:52:25,89.0,38.3,sensor2_serial,2,1,5,1,120,125,20.000,20.005,0,0,0,0.000000,SUCCESS,sigmoid,
2026-06-05T12:52:45,89.0,38.3,sensor2_serial,2,1,5,1,120,124,20.000,20.005,0,0,0,0.000000,SUCCESS,sigmoid,
2026-06-05T12:53:05,89.0,38.3,sensor2_serial,2,1,5,1,120,123,20.000,20.005,0,0,0,0.000000,SUCCESS,sigmoid,
2026-06-05T12:53:25,89.0,38.3,sensor2_serial,2,1,5,1,120,122,20.000,20.005,0,0,0,0.000000,SUCCESS,sigmoid,
2026-06-05T12:53:45,89.0,38.3,sensor2_serial,2,1,5,1,120,121,20.000,20.005,0,0,0,0.000000,SUCCESS,sigmoid,
2026-06-05T12:54:05,89.0,38.3,sensor2_serial,2,1,5,1,120,120,20.000,20.006,0,0,0,0.000000,SUCCESS,sigmoid,
2026-06-05T12:54:25,89.0,38.3,sensor2_serial,2,1,5,1,120,119,20.000,20.005,0,0,0,0.000000,SUCCESS,sigmoid,
2026-06-05T12:54:45,89.0,38.3,sensor2_serial,2,1,5,1,120,118,20.000,20.005,0,0,0,0.000000,SUCCESS,sigmoid,
2026-06-05T12:55:06,89.0,38.3,sensor2_serial,2,1,5,1,120,117,20.000,20.004,0,0,0,0.000000,SUCCESS,sigmoid,
2026-06-05T12:55:26,89.0,38.3,sensor2_serial,2,1,5,1,120,116,20.000,20.004,0,0,0,0.000000,SUCCESS,sigmoid,
2026-06-05T12:55:46,89.0,38.3,sensor2_serial,2,1,5,1,120,115,20.000,20.004,0,0,0,0.000000,SUCCESS,sigmoid,
2026-06-05T12:56:06,89.0,38.3,sensor2_serial,2,1,5,1,120,114,20.000,20.005,0,0,0,0.000000,SUCCESS,sigmoid,
2026-06-05T12:56:26,89.0,38.3,sensor2_serial,2,1,5,1,120,113,20.000,20.005,0,0,0,0.000000,SUCCESS,sigmoid,
2026-06-05T12:56:46,89.0,38.3,sensor2_serial,2,1,5,1,120,112,20.000,20.004,0,0,0,0.000000,SUCCESS,sigmoid,
2026-06-05T12:57:06,89.0,38.3,sensor2_serial,2,1,5,1,120,111,20.000,20.004,0,0,0,0.000000,SUCCESS,sigmoid,
2026-06-05T12:57:26,89.0,38.3,sensor2_serial,2,1,5,1,120,110,20.000,20.005,0,0,0,0.000000,SUCCESS,sigmoid,
2026-06-05T12:57:46,89.0,38.3,sensor2_serial,2,1,5,1,120,109,20.000,20.005,0,0,0,0.000000,SUCCESS,sigmoid,
2026-06-05T12:58:06,89.0,38.3,sensor2_serial,2,1,5,1,120,108,20.000,20.004,0,0,0,0.000000,SUCCESS,sigmoid,
2026-06-05T12:58:26,89.0,38.3,sensor2_serial,2,1,5,1,120,107,20.000,20.005,0,0,0,0.000000,SUCCESS,sigmoid,
2026-06-05T12:58:46,89.0,38.3,sensor2_serial,2,1,5,1,120,106,20.000,20.005,0,0,0,0.000000,SUCCESS,sigmoid,
2026-06-05T12:59:06,89.0,38.3,sensor2_serial,2,1,5,1,120,105,20.000,20.004,0,0,0,0.000000,SUCCESS,sigmoid,
2026-06-05T12:59:26,89.0,38.3,sensor2_serial,2,1,5,1,120,104,20.000,20.004,0,0,0,0.000000,SUCCESS,sigmoid,
2026-06-05T12:59:46,89.0,38.3,sensor2_serial,2,1,5,1,120,103,20.000,20.004,0,0,0,0.000000,SUCCESS,sigmoid,
2026-06-05T13:00:06,89.0,38.3,sensor2_serial,2,1,5,1,120,102,20.000,20.005,0,0,0,0.000000,SUCCESS,sigmoid,
2026-06-05T13:00:26,89.0,38.3,sensor2_serial,2,1,5,1,120,101,20.000,20.006,0,0,0,0.000000,SUCCESS,sigmoid,
2026-06-05T13:00:47,89.0,38.3,sensor2_serial,2,1,5,1,120,100,20.000,20.004,0,0,0,0.000000,SUCCESS,sigmoid,
2026-06-05T13:01:07,89.0,38.3,sensor2_serial,2,1,5,1,120,99,20.000,20.005,0,0,0,0.000000,SUCCESS,sigmoid,
2026-06-05T13:01:27,89.0,38.3,sensor2_serial,2,1,5,1,120,98,20.000,20.005,0,0,0,0.000000,SUCCESS,sigmoid,
2026-06-05T13:01:47,89.0,38.3,sensor2_serial,2,1,5,1,120,97,20.000,20.004,0,0,0,0.000000,SUCCESS,sigmoid,
2026-06-05T13:02:07,89.0,38.3,sensor2_serial,2,1,5,1,120,96,20.000,20.005,0,0,0,0.000000,SUCCESS,sigmoid,
2026-06-05T13:02:27,89.0,38.3,sensor2_serial,2,1,5,1,120,95,20.000,20.004,0,0,0,0.000000,SUCCESS,sigmoid,
2026-06-05T13:02:47,89.0,38.3,sensor2_serial,2,1,5,1,120,94,20.000,20.005,0,0,0,0.000000,SUCCESS,sigmoid,
2026-06-05T13:03:07,89.0,38.3,sensor2_serial,2,1,5,1,120,93,20.000,20.005,0,0,0,0.000000,SUCCESS,sigmoid,
2026-06-05T13:03:27,89.0,38.3,sensor2_serial,2,1,5,1,120,92,20.000,20.005,0,0,0,0.000000,SUCCESS,sigmoid,
2026-06-05T13:03:47,89.0,38.3,sensor2_serial,2,1,5,1,120,91,20.000,20.004,0,0,0,0.000000,SUCCESS,sigmoid,
2026-06-05T13:04:07,89.0,38.3,sensor2_serial,2,1,5,1,120,90,20.000,20.006,0,0,0,0.000000,SUCCESS,sigmoid,
2026-06-05T13:04:27,89.0,38.3,sensor2_serial,2,1,5,1,120,89,20.000,20.005,0,0,0,0.000000,SUCCESS,sigmoid,
2026-06-05T13:04:47,89.0,38.3,sensor2_serial,2,1,5,1,120,88,20.000,20.005,0,0,0,0.000000,SUCCESS,sigmoid,
2026-06-05T13:05:07,89.0,38.3,sensor2_serial,2,1,5,1,120,87,20.000,20.005,0,0,0,0.000000,SUCCESS,sigmoid,
2026-06-05T13:05:27,89.0,38.3,sensor2_serial,2,1,5,1,120,86,20.000,20.004,0,0,0,0.000000,SUCCESS,sigmoid,
2026-06-05T13:05:47,89.0,38.3,sensor2_serial,2,1,5,1,120,85,20.000,20.004,0,0,0,0.000000,SUCCESS,sigmoid,
2026-06-05T13:06:07,89.0,38.3,sensor2_serial,2,1,5,1,120,84,20.000,20.005,0,0,0,0.000000,SUCCESS,sigmoid,
2026-06-05T13:06:28,89.0,38.3,sensor2_serial,2,1,5,1,120,83,20.000,20.004,0,0,0,0.000000,SUCCESS,sigmoid,
2026-06-05T13:06:48,89.0,38.3,sensor2_serial,2,1,5,1,120,82,20.000,20.005,0,0,0,0.000000,SUCCESS,sigmoid,
2026-06-05T13:07:08,89.0,38.3,sensor2_serial,2,1,5,1,120,81,20.000,20.004,0,0,0,0.000000,SUCCESS,sigmoid,
2026-06-05T13:07:28,89.0,38.3,sensor2_serial,2,1,5,1,120,80,20.000,20.004,0,0,0,0.000000,SUCCESS,sigmoid,
2026-06-05T13:07:48,89.0,38.3,sensor2_serial,2,1,5,1,120,79,20.000,20.004,0,0,0,0.000000,SUCCESS,sigmoid,
2026-06-05T13:08:08,89.0,38.3,sensor2_serial,2,1,5,1,120,78,20.000,20.004,0,0,0,0.000000,SUCCESS,sigmoid,
2026-06-05T13:08:28,89.0,38.3,sensor2_serial,2,1,5,1,120,77,20.000,20.005,0,0,0,0.000000,SUCCESS,sigmoid,
2026-06-05T13:08:48,89.0,38.3,sensor2_serial,2,1,5,1,120,76,20.000,20.005,0,0,0,0.000000,SUCCESS,sigmoid,
2026-06-05T13:09:08,89.0,38.3,sensor2_serial,2,1,5,1,120,75,20.000,20.005,0,0,0,0.000000,SUCCESS,sigmoid,
2026-06-05T13:09:28,89.0,38.3,sensor2_serial,2,1,5,1,120,74,20.000,20.005,0,0,0,0.000000,SUCCESS,sigmoid,
2026-06-05T13:09:48,89.0,38.3,sensor2_serial,2,1,5,1,120,73,20.000,20.004,0,0,0,0.000000,SUCCESS,sigmoid,
2026-06-05T13:10:08,89.0,38.3,sensor2_serial,2,1,5,1,120,72,20.000,20.004,0,0,0,0.000000,SUCCESS,sigmoid,
2026-06-05T13:10:28,89.0,38.3,sensor2_serial,2,1,5,1,120,71,20.000,20.005,0,0,0,0.000000,SUCCESS,sigmoid,
2026-06-05T13:10:48,89.0,38.3,sensor2_serial,2,1,5,1,120,70,20.000,20.005,0,0,0,0.000000,SUCCESS,sigmoid,
2026-06-05T13:11:08,89.0,38.3,sensor2_serial,2,1,5,1,120,69,20.000,20.004,0,0,0,0.000000,SUCCESS,sigmoid,
2026-06-05T13:11:28,89.0,38.3,sensor2_serial,2,1,5,1,120,68,20.000,20.005,0,0,0,0.000000,SUCCESS,sigmoid,
2026-06-05T13:11:48,89.0,38.3,sensor2_serial,2,1,5,1,120,67,20.000,20.004,0,0,0,0.000000,SUCCESS,sigmoid,
2026-06-05T13:12:09,89.0,38.3,sensor2_serial,2,1,5,1,120,66,20.000,20.005,0,0,0,0.000000,SUCCESS,sigmoid,
2026-06-05T13:12:29,89.0,38.3,sensor2_serial,2,1,5,1,120,65,20.000,20.005,0,0,0,0.000000,SUCCESS,sigmoid,
2026-06-05T13:12:49,89.0,38.3,sensor2_serial,2,1,5,1,120,64,20.000,20.004,0,0,0,0.000000,SUCCESS,sigmoid,
2026-06-05T13:13:09,89.0,38.3,sensor2_serial,2,1,5,1,120,63,20.000,20.004,0,0,0,0.000000,SUCCESS,sigmoid,
2026-06-05T13:13:29,89.0,38.3,sensor2_serial,2,1,5,1,120,62,20.000,20.006,0,0,0,0.000000,SUCCESS,sigmoid,
2026-06-05T13:13:49,89.0,38.3,sensor2_serial,2,1,5,1,120,61,20.000,20.006,0,0,0,0.000000,SUCCESS,sigmoid,
2026-06-05T13:14:09,89.0,38.3,sensor2_serial,2,1,5,1,120,60,20.000,20.004,0,0,0,0.000000,SUCCESS,sigmoid,
2026-06-05T13:14:29,89.0,38.3,sensor2_serial,2,1,5,1,120,59,20.000,20.004,0,0,0,0.000000,SUCCESS,sigmoid,
2026-06-05T13:14:49,89.0,38.3,sensor2_serial,2,1,5,1,120,58,20.000,20.005,0,0,0,0.000000,SUCCESS,sigmoid,
2026-06-05T13:15:09,89.0,38.3,sensor2_serial,2,1,5,1,120,57,20.000,20.005,0,0,0,0.000000,SUCCESS,sigmoid,
2026-06-05T13:15:29,89.0,38.3,sensor2_serial,2,1,5,1,120,56,20.000,20.004,0,0,0,0.000000,SUCCESS,sigmoid,
2026-06-05T13:15:49,89.0,38.3,sensor2_serial,2,1,5,1,120,55,20.000,20.005,0,0,0,0.000000,SUCCESS,sigmoid,
2026-06-05T13:16:09,89.0,38.3,sensor2_serial,2,1,5,1,120,54,20.000,20.005,0,0,0,0.000000,SUCCESS,sigmoid,
2026-06-05T13:16:29,89.0,38.3,sensor2_serial,2,1,5,1,120,53,20.000,20.005,0,0,0,0.000000,SUCCESS,sigmoid,
2026-06-05T13:16:49,89.0,38.3,sensor2_serial,2,1,5,1,120,52,20.000,20.004,0,0,0,0.000000,SUCCESS,sigmoid,
2026-06-05T13:17:09,89.0,38.3,sensor2_serial,2,1,5,1,120,51,20.000,20.005,0,0,0,0.000000,SUCCESS,sigmoid,
2026-06-05T13:17:29,89.0,38.3,sensor2_serial,2,1,5,1,120,50,20.000,20.005,0,0,0,0.000000,SUCCESS,sigmoid,
2026-06-05T13:17:50,89.0,38.3,sensor2_serial,2,1,5,1,120,49,20.000,20.005,0,0,0,0.000000,SUCCESS,sigmoid,
2026-06-05T13:18:10,89.0,38.3,sensor2_serial,2,1,5,1,120,48,20.000,20.004,0,0,0,0.000000,SUCCESS,sigmoid,
2026-06-05T13:18:30,89.0,38.3,sensor2_serial,2,1,5,1,120,47,20.000,20.005,0,0,0,0.000000,SUCCESS,sigmoid,
2026-06-05T13:18:50,89.0,38.3,sensor2_serial,2,1,5,1,120,46,20.000,20.004,0,0,0,0.000000,SUCCESS,sigmoid,
2026-06-05T13:19:10,89.0,38.3,sensor2_serial,2,1,5,1,120,45,20.000,20.005,0,0,0,0.000000,SUCCESS,sigmoid,
2026-06-05T13:19:30,89.0,38.3,sensor2_serial,2,1,5,1,120,44,20.000,20.005,0,0,0,0.000000,SUCCESS,sigmoid,
2026-06-05T13:19:50,89.0,38.3,sensor2_serial,2,1,5,1,120,43,20.000,20.004,0,0,0,0.000000,SUCCESS,sigmoid,
2026-06-05T13:20:10,89.0,38.3,sensor2_serial,2,1,5,1,120,42,20.000,20.005,0,0,0,0.000000,SUCCESS,sigmoid,
2026-06-05T13:20:30,89.0,38.3,sensor2_serial,2,1,5,1,120,41,20.000,20.005,0,0,0,0.000000,SUCCESS,sigmoid,
2026-06-05T13:20:50,89.0,38.3,sensor2_serial,2,1,5,1,120,40,20.000,20.004,0,0,0,0.000000,SUCCESS,sigmoid,
2026-06-05T13:21:10,89.0,38.3,sensor2_serial,2,1,5,1,120,39,20.000,20.004,0,0,0,0.000000,SUCCESS,sigmoid,
2026-06-05T13:21:30,89.0,38.3,sensor2_serial,2,1,5,1,120,38,20.000,20.004,0,0,0,0.000000,SUCCESS,sigmoid,
2026-06-05T13:21:50,89.0,38.3,sensor2_serial,2,1,5,1,120,37,20.000,20.005,0,0,0,0.000000,SUCCESS,sigmoid,
2026-06-05T13:22:10,89.0,38.3,sensor2_serial,2,1,5,1,120,36,20.000,20.004,0,0,0,0.000000,SUCCESS,sigmoid,
2026-06-05T13:22:30,89.0,38.3,sensor2_serial,2,1,5,1,120,35,20.000,20.004,0,0,0,0.000000,SUCCESS,sigmoid,
2026-06-05T13:22:50,89.0,38.3,sensor2_serial,2,1,5,1,120,34,20.000,20.005,0,0,0,0.000000,SUCCESS,sigmoid,
2026-06-05T13:23:10,89.0,38.3,sensor2_serial,2,1,5,1,120,33,20.000,20.004,0,0,0,0.000000,SUCCESS,sigmoid,
2026-06-05T13:23:31,89.0,38.3,sensor2_serial,2,1,5,1,120,32,20.000,20.004,0,0,0,0.000000,SUCCESS,sigmoid,
2026-06-05T13:23:51,89.0,38.3,sensor2_serial,2,1,5,1,120,31,20.000,20.005,0,0,0,0.000000,SUCCESS,sigmoid,
2026-06-05T13:24:11,89.0,38.3,sensor2_serial,2,1,5,1,120,30,20.000,20.006,0,0,0,0.000000,SUCCESS,sigmoid,
2026-06-05T13:24:31,89.0,38.3,sensor2_serial,2,1,5,1,120,29,20.000,20.006,0,0,0,0.000000,SUCCESS,sigmoid,
2026-06-05T13:24:51,89.0,38.3,sensor2_serial,2,1,5,1,120,28,20.000,20.005,0,0,0,0.000000,SUCCESS,sigmoid,
2026-06-05T13:25:11,89.0,38.3,sensor2_serial,2,1,5,1,120,27,20.000,20.005,0,0,0,0.000000,SUCCESS,sigmoid,
2026-06-05T13:25:31,89.0,38.3,sensor2_serial,2,1,5,1,120,26,20.000,20.004,0,0,0,0.000000,SUCCESS,sigmoid,
2026-06-05T13:25:51,89.0,38.3,sensor2_serial,2,1,5,1,120,25,20.000,20.005,0,0,0,0.000000,SUCCESS,sigmoid,
2026-06-05T13:26:11,89.0,38.3,sensor2_serial,2,1,5,1,120,24,20.000,20.005,0,0,0,0.000000,SUCCESS,sigmoid,
2026-06-05T13:26:31,89.0,38.3,sensor2_serial,2,1,5,1,120,23,20.000,20.004,0,0,0,0.000000,SUCCESS,sigmoid,
2026-06-05T13:26:51,89.0,38.3,sensor2_serial,2,1,5,1,120,22,20.000,20.005,0,0,0,0.000000,SUCCESS,sigmoid,
2026-06-05T13:27:11,89.0,38.3,sensor2_serial,2,1,5,1,120,21,20.000,20.004,0,0,0,0.000000,SUCCESS,sigmoid,
2026-06-05T13:27:31,89.0,38.3,sensor2_serial,2,1,5,1,120,20,20.000,20.004,0,0,0,0.000000,SUCCESS,sigmoid,
2026-06-05T13:27:51,89.0,38.3,sensor2_serial,2,1,5,1,120,19,20.000,20.004,0,0,0,0.000000,SUCCESS,sigmoid,
2026-06-05T13:28:11,89.0,38.3,sensor2_serial,2,1,5,1,120,18,20.000,20.004,0,0,0,0.000000,SUCCESS,sigmoid,
2026-06-05T13:28:31,89.0,38.3,sensor2_serial,2,1,5,1,120,17,20.000,20.006,0,0,0,0.000000,SUCCESS,sigmoid,
2026-06-05T13:28:51,89.0,38.3,sensor2_serial,2,1,5,1,120,16,20.000,20.004,0,0,0,0.000000,SUCCESS,sigmoid,
2026-06-05T13:29:12,89.0,38.3,sensor2_serial,2,1,5,1,120,15,20.000,20.004,0,0,0,0.000000,SUCCESS,sigmoid,
2026-06-05T13:29:32,89.0,38.3,sensor2_serial,2,1,5,1,120,14,20.000,20.006,0,0,0,0.000000,SUCCESS,sigmoid,
2026-06-05T13:29:52,89.0,38.3,sensor2_serial,2,1,5,1,120,13,20.000,20.006,0,0,0,0.000000,SUCCESS,sigmoid,
2026-06-05T13:30:12,89.0,38.3,sensor2_serial,2,1,5,1,120,12,20.000,20.004,0,0,0,0.000000,SUCCESS,sigmoid,
2026-06-05T13:30:32,89.0,38.3,sensor2_serial,2,1,5,1,120,11,20.000,20.004,0,0,0,0.000000,SUCCESS,sigmoid,
2026-06-05T13:30:52,89.0,38.3,sensor2_serial,2,1,5,1,120,10,20.000,20.004,0,0,0,0.000000,SUCCESS,sigmoid,
2026-06-05T13:31:12,89.0,38.3,sensor2_serial,2,1,5,1,120,9,20.000,20.005,0,0,0,0.000000,SUCCESS,sigmoid,
2026-06-05T13:31:32,89.0,38.3,sensor2_serial,2,1,5,1,120,8,20.000,20.006,0,0,0,0.000000,SUCCESS,sigmoid,
2026-06-05T13:31:52,89.0,38.3,sensor2_serial,2,1,5,1,120,7,20.000,20.005,0,0,0,0.000000,SUCCESS,sigmoid,
2026-06-05T13:32:12,89.0,38.3,sensor2_serial,2,1,5,1,120,6,20.000,20.004,0,0,0,0.000000,SUCCESS,sigmoid,
2026-06-05T13:32:32,89.0,38.3,sensor2_serial,2,1,5,1,120,5,20.000,20.005,0,0,0,0.000000,SUCCESS,sigmoid,
2026-06-05T13:32:52,89.0,38.3,sensor2_serial,2,1,5,1,120,4,20.000,20.005,0,0,0,0.000000,SUCCESS,sigmoid,
2026-06-05T13:33:12,89.0,38.3,sensor2_serial,2,1,5,1,120,3,20.000,20.004,0,0,0,0.000000,SUCCESS,sigmoid,
2026-06-05T13:33:32,89.0,38.3,sensor2_serial,2,1,5,1,120,2,20.000,20.005,0,0,0,0.000000,SUCCESS,sigmoid,
2026-06-05T13:33:52,89.0,38.3,sensor2_serial,2,1,5,1,120,1,20.000,20.005,0,0,0,0.000000,SUCCESS,sigmoid,
2026-06-05T13:34:12,89.0,38.3,sensor2_serial,2,1,5,1,120,0,20.000,20.005,0,0,0,0.000000,SUCCESS,sigmoid,
2026-06-05T13:34:32,89.0,38.3,sensor2_serial,2,2,6,2,120,255,20.000,20.005,0,1497570,1497570,74860.425213,SUCCESS,sigmoid,
2026-06-05T13:34:53,89.0,38.3,sensor2_serial,2,2,6,2,120,254,20.000,20.005,0,1676503,1676503,83802.745280,SUCCESS,sigmoid,
2026-06-05T13:35:13,89.0,38.3,sensor2_serial,2,2,6,2,120,253,20.000,20.005,0,1807213,1807213,90335.904193,SUCCESS,sigmoid,
2026-06-05T13:35:33,89.0,38.3,sensor2_serial,2,2,6,2,120,252,20.000,20.005,0,1826626,1826626,91306.615911,SUCCESS,sigmoid,
2026-06-05T13:35:53,89.0,38.3,sensor2_serial,2,2,6,2,120,251,20.000,20.006,0,1863480,1863480,93148.138497,SUCCESS,sigmoid,
2026-06-05T13:36:13,89.0,38.3,sensor2_serial,2,2,6,2,120,250,20.000,20.005,0,1900241,1900241,94987.455603,SUCCESS,sigmoid,
2026-06-05T13:36:33,89.0,38.3,sensor2_serial,2,2,6,2,120,249,20.000,20.005,0,2030204,2030204,101482.791470,SUCCESS,sigmoid,
2026-06-05T13:36:53,89.0,38.3,sensor2_serial,2,2,6,2,120,248,20.000,20.006,0,2325879,2325879,116261.800149,SUCCESS,sigmoid,
2026-06-05T13:37:13,89.0,38.3,sensor2_serial,2,2,6,2,120,247,20.000,20.005,0,2850264,2850264,142476.542295,SUCCESS,sigmoid,
2026-06-05T13:37:33,89.0,38.3,sensor2_serial,2,2,6,2,120,246,20.000,20.005,0,3227288,3227288,161321.537889,SUCCESS,sigmoid,
2026-06-05T13:37:53,89.0,38.3,sensor2_serial,2,2,6,2,120,245,20.000,20.005,0,3381902,3381902,169050.508804,SUCCESS,sigmoid,
2026-06-05T13:38:13,89.0,38.3,sensor2_serial,2,2,6,2,120,244,20.000,20.006,0,3234487,3234487,161679.750593,SUCCESS,sigmoid,
2026-06-05T13:38:33,89.0,38.3,sensor2_serial,2,2,6,2,120,243,20.000,20.006,0,2587783,2587783,129353.498639,SUCCESS,sigmoid,
2026-06-05T13:38:53,89.0,38.3,sensor2_serial,2,2,6,2,120,242,20.000,20.005,0,1889771,1889771,94464.020188,SUCCESS,sigmoid,
2026-06-05T13:39:13,89.0,38.3,sensor2_serial,2,2,6,2,120,241,20.000,20.005,0,1197434,1197434,59855.304489,SUCCESS,sigmoid,
2026-06-05T13:39:33,89.0,38.3,sensor2_serial,2,2,6,2,120,240,20.000,20.005,0,680074,680074,33994.360738,SUCCESS,sigmoid,
2026-06-05T13:39:53,89.0,38.3,sensor2_serial,2,2,6,2,120,239,20.000,20.005,0,614430,614430,30713.400056,SUCCESS,sigmoid,
2026-06-05T13:40:14,89.0,38.3,sensor2_serial,2,2,6,2,120,238,20.000,20.005,0,294904,294904,14741.354486,SUCCESS,sigmoid,
2026-06-05T13:40:34,89.0,38.3,sensor2_serial,2,2,6,2,120,237,20.000,20.005,0,180913,180913,9043.196289,SUCCESS,sigmoid,
2026-06-05T13:40:54,89.0,38.3,sensor2_serial,2,2,6,2,120,236,20.000,20.006,0,79897,79897,3993.749323,SUCCESS,sigmoid,
2026-06-05T13:41:14,89.0,38.3,sensor2_serial,2,2,6,2,120,235,20.000,20.005,0,25130,25130,1256.162173,SUCCESS,sigmoid,
2026-06-05T13:41:34,89.0,38.3,sensor2_serial,2,2,6,2,120,234,20.000,20.005,0,10188,10188,509.267089,SUCCESS,sigmoid,
2026-06-05T13:41:54,89.0,38.3,sensor2_serial,2,2,6,2,120,233,20.000,20.005,0,4952,4952,247.540173,SUCCESS,sigmoid,
2026-06-05T13:42:14,89.0,38.3,sensor2_serial,2,2,6,2,120,232,20.000,20.005,0,1870,1870,93.474635,SUCCESS,sigmoid,
2026-06-05T13:42:34,89.0,38.3,sensor2_serial,2,2,6,2,120,231,20.000,20.005,0,700,700,34.990699,SUCCESS,sigmoid,
2026-06-05T13:42:54,89.0,38.3,sensor2_serial,2,2,6,2,120,230,20.000,20.005,0,339,339,16.945615,SUCCESS,sigmoid,
2026-06-05T13:43:14,89.0,38.3,sensor2_serial,2,2,6,2,120,229,20.000,20.005,0,212,212,10.597295,SUCCESS,sigmoid,
2026-06-05T13:43:34,89.0,38.3,sensor2_serial,2,2,6,2,120,228,20.000,20.006,0,172,172,8.597602,SUCCESS,sigmoid,
2026-06-05T13:43:54,89.0,38.3,sensor2_serial,2,2,6,2,120,227,20.000,20.005,0,157,157,7.847952,SUCCESS,sigmoid,
2026-06-05T13:44:14,89.0,38.3,sensor2_serial,2,2,6,2,120,226,20.000,20.005,0,140,140,6.998159,SUCCESS,sigmoid,
2026-06-05T13:44:34,89.0,38.3,sensor2_serial,2,2,6,2,120,225,20.000,20.006,0,158,158,7.897824,SUCCESS,sigmoid,
2026-06-05T13:44:54,89.0,38.3,sensor2_serial,2,2,6,2,120,224,20.000,20.006,0,143,143,7.148018,SUCCESS,sigmoid,
2026-06-05T13:45:14,89.0,38.3,sensor2_serial,2,2,6,2,120,223,20.000,20.004,0,156,156,7.798319,SUCCESS,sigmoid,
2026-06-05T13:45:34,89.0,38.3,sensor2_serial,2,2,6,2,120,222,20.000,20.005,0,121,121,6.048405,SUCCESS,sigmoid,
2026-06-05T13:45:55,89.0,38.3,sensor2_serial,2,2,6,2,120,221,20.000,20.004,0,141,141,7.048480,SUCCESS,sigmoid,
2026-06-05T13:46:15,89.0,38.3,sensor2_serial,2,2,6,2,120,220,20.000,20.005,0,132,132,6.598262,SUCCESS,sigmoid,
2026-06-05T13:46:35,89.0,38.3,sensor2_serial,2,2,6,2,120,219,20.000,20.005,0,134,134,6.698167,SUCCESS,sigmoid,
2026-06-05T13:46:55,89.0,38.3,sensor2_serial,2,2,6,2,120,218,20.000,20.005,0,134,134,6.698199,SUCCESS,sigmoid,
2026-06-05T13:47:15,89.0,38.3,sensor2_serial,2,2,6,2,120,217,20.000,20.005,0,126,126,6.298301,SUCCESS,sigmoid,
2026-06-05T13:47:35,89.0,38.3,sensor2_serial,2,2,6,2,120,216,20.000,20.006,0,155,155,7.747851,SUCCESS,sigmoid,
2026-06-05T13:47:55,89.0,38.3,sensor2_serial,2,2,6,2,120,215,20.000,20.005,0,123,123,6.148410,SUCCESS,sigmoid,
2026-06-05T13:48:15,89.0,38.3,sensor2_serial,2,2,6,2,120,214,20.000,20.006,0,142,142,7.098030,SUCCESS,sigmoid,
2026-06-05T13:48:35,89.0,38.3,sensor2_serial,2,2,6,2,120,213,20.000,20.005,0,132,132,6.598359,SUCCESS,sigmoid,
2026-06-05T13:48:55,89.0,38.3,sensor2_serial,2,2,6,2,120,212,20.000,20.005,0,112,112,5.598500,SUCCESS,sigmoid,
2026-06-05T13:49:15,89.0,38.3,sensor2_serial,2,2,6,2,120,211,20.000,20.005,0,97,97,4.848827,SUCCESS,sigmoid,
2026-06-05T13:49:35,89.0,38.3,sensor2_serial,2,2,6,2,120,210,20.000,20.004,0,149,149,7.448433,SUCCESS,sigmoid,
2026-06-05T13:49:55,89.0,38.3,sensor2_serial,2,2,6,2,120,209,20.000,20.005,0,139,139,6.948120,SUCCESS,sigmoid,
2026-06-05T13:50:15,89.0,38.3,sensor2_serial,2,2,6,2,120,208,20.000,20.005,0,110,110,5.498690,SUCCESS,sigmoid,
2026-06-05T13:50:35,89.0,38.3,sensor2_serial,2,2,6,2,120,207,20.000,20.005,0,134,134,6.698427,SUCCESS,sigmoid,
2026-06-05T13:50:55,89.0,38.3,sensor2_serial,2,2,6,2,120,206,20.000,20.005,0,111,111,5.548583,SUCCESS,sigmoid,
2026-06-05T13:51:15,89.0,38.3,sensor2_serial,2,2,6,2,120,205,20.000,20.005,0,103,103,5.148653,SUCCESS,sigmoid,
2026-06-05T13:51:36,89.0,38.3,sensor2_serial,2,2,6,2,120,204,20.000,20.006,0,114,114,5.698423,SUCCESS,sigmoid,
2026-06-05T13:51:56,89.0,38.3,sensor2_serial,2,2,6,2,120,203,20.000,20.005,0,117,117,5.848436,SUCCESS,sigmoid,
2026-06-05T13:52:16,89.0,38.3,sensor2_serial,2,2,6,2,120,202,20.000,20.005,0,136,136,6.798331,SUCCESS,sigmoid,
2026-06-05T13:52:36,89.0,38.3,sensor2_serial,2,2,6,2,120,201,20.000,20.004,0,89,89,4.449058,SUCCESS,sigmoid,
2026-06-05T13:52:56,89.0,38.3,sensor2_serial,2,2,6,2,120,200,20.000,20.004,0,96,96,4.798947,SUCCESS,sigmoid,
2026-06-05T13:53:16,89.0,38.3,sensor2_serial,2,2,6,2,120,199,20.000,20.005,0,124,124,6.198355,SUCCESS,sigmoid,
2026-06-05T13:53:36,89.0,38.3,sensor2_serial,2,2,6,2,120,198,20.000,20.004,0,108,108,5.398876,SUCCESS,sigmoid,
2026-06-05T13:53:56,89.0,38.3,sensor2_serial,2,2,6,2,120,197,20.000,20.005,0,97,97,4.848751,SUCCESS,sigmoid,
2026-06-05T13:54:16,89.0,38.3,sensor2_serial,2,2,6,2,120,196,20.000,20.004,0,88,88,4.399073,SUCCESS,sigmoid,
2026-06-05T13:54:36,89.0,38.3,sensor2_serial,2,2,6,2,120,195,20.000,20.004,0,87,87,4.349040,SUCCESS,sigmoid,
2026-06-05T13:54:56,89.0,38.3,sensor2_serial,2,2,6,2,120,194,20.000,20.005,0,81,81,4.048887,SUCCESS,sigmoid,
2026-06-05T13:55:16,89.0,38.3,sensor2_serial,2,2,6,2,120,193,20.000,20.005,0,95,95,4.748721,SUCCESS,sigmoid,
2026-06-05T13:55:36,89.0,38.3,sensor2_serial,2,2,6,2,120,192,20.000,20.005,0,90,90,4.498796,SUCCESS,sigmoid,
2026-06-05T13:55:56,89.0,38.3,sensor2_serial,2,2,6,2,120,191,20.000,20.005,0,88,88,4.398926,SUCCESS,sigmoid,
2026-06-05T13:56:16,89.0,38.3,sensor2_serial,2,2,6,2,120,190,20.000,20.006,0,86,86,4.298805,SUCCESS,sigmoid,
2026-06-05T13:56:36,89.0,38.3,sensor2_serial,2,2,6,2,120,189,20.000,20.005,0,75,75,3.749122,SUCCESS,sigmoid,
2026-06-05T13:56:56,89.0,38.3,sensor2_serial,2,2,6,2,120,188,20.000,20.004,0,83,83,4.149156,SUCCESS,sigmoid,
2026-06-05T13:57:17,89.0,38.3,sensor2_serial,2,2,6,2,120,187,20.000,20.005,0,67,67,3.349203,SUCCESS,sigmoid,
2026-06-05T13:57:37,89.0,38.3,sensor2_serial,2,2,6,2,120,186,20.000,20.005,0,77,77,3.848963,SUCCESS,sigmoid,
2026-06-05T13:57:57,89.0,38.3,sensor2_serial,2,2,6,2,120,185,20.000,20.004,0,67,67,3.349295,SUCCESS,sigmoid,
2026-06-05T13:58:17,89.0,38.3,sensor2_serial,2,2,6,2,120,184,20.000,20.005,0,74,74,3.699060,SUCCESS,sigmoid,
2026-06-05T13:58:37,89.0,38.3,sensor2_serial,2,2,6,2,120,183,20.000,20.005,0,56,56,2.799236,SUCCESS,sigmoid,
2026-06-05T13:58:57,89.0,38.3,sensor2_serial,2,2,6,2,120,182,20.000,20.005,0,64,64,3.199141,SUCCESS,sigmoid,
2026-06-05T13:59:17,89.0,38.3,sensor2_serial,2,2,6,2,120,181,20.000,20.004,0,63,63,3.149307,SUCCESS,sigmoid,
2026-06-05T13:59:37,89.0,38.3,sensor2_serial,2,2,6,2,120,180,20.000,20.006,0,56,56,2.799229,SUCCESS,sigmoid,
2026-06-05T13:59:57,89.0,38.3,sensor2_serial,2,2,6,2,120,179,20.000,20.005,0,41,41,2.049463,SUCCESS,sigmoid,
2026-06-05T14:00:17,89.0,38.3,sensor2_serial,2,2,6,2,120,178,20.000,20.006,0,47,47,2.349352,SUCCESS,sigmoid,
2026-06-05T14:00:37,89.0,38.3,sensor2_serial,2,2,6,2,120,177,20.000,20.005,0,39,39,1.949488,SUCCESS,sigmoid,
2026-06-05T14:00:57,89.0,38.3,sensor2_serial,2,2,6,2,120,176,20.000,20.006,0,37,37,1.849478,SUCCESS,sigmoid,
2026-06-05T14:01:17,89.0,38.3,sensor2_serial,2,2,6,2,120,175,20.000,20.005,0,31,31,1.549596,SUCCESS,sigmoid,
2026-06-05T14:01:37,89.0,38.3,sensor2_serial,2,2,6,2,120,174,20.000,20.006,0,39,39,1.949435,SUCCESS,sigmoid,
2026-06-05T14:01:57,89.0,38.3,sensor2_serial,2,2,6,2,120,173,20.000,20.005,0,51,51,2.549333,SUCCESS,sigmoid,
2026-06-05T14:02:17,89.0,38.3,sensor2_serial,2,2,6,2,120,172,20.000,20.004,0,42,42,2.099534,SUCCESS,sigmoid,
2026-06-05T14:02:37,89.0,38.3,sensor2_serial,2,2,6,2,120,171,20.000,20.006,0,30,30,1.499584,SUCCESS,sigmoid,
2026-06-05T14:02:58,89.0,38.3,sensor2_serial,2,2,6,2,120,170,20.000,20.005,0,18,18,0.899761,SUCCESS,sigmoid,
2026-06-05T14:03:18,89.0,38.3,sensor2_serial,2,2,6,2,120,169,20.000,20.005,0,21,21,1.049722,SUCCESS,sigmoid,
2026-06-05T14:03:38,89.0,38.3,sensor2_serial,2,2,6,2,120,168,20.000,20.005,0,27,27,1.349644,SUCCESS,sigmoid,
2026-06-05T14:03:58,89.0,38.3,sensor2_serial,2,2,6,2,120,167,20.000,20.004,0,18,18,0.899800,SUCCESS,sigmoid,
2026-06-05T14:04:18,89.0,38.3,sensor2_serial,2,2,6,2,120,166,20.000,20.004,0,12,12,0.599877,SUCCESS,sigmoid,
2026-06-05T14:04:38,89.0,38.3,sensor2_serial,2,2,6,2,120,165,20.000,20.005,0,19,19,0.949753,SUCCESS,sigmoid,
2026-06-05T14:04:58,89.0,38.3,sensor2_serial,2,2,6,2,120,164,20.000,20.004,0,25,25,1.249725,SUCCESS,sigmoid,
2026-06-05T14:05:18,89.0,38.3,sensor2_serial,2,2,6,2,120,163,20.000,20.005,0,11,11,0.549870,SUCCESS,sigmoid,
2026-06-05T14:05:38,89.0,38.3,sensor2_serial,2,2,6,2,120,162,20.000,20.004,0,7,7,0.349926,SUCCESS,sigmoid,
2026-06-05T14:05:58,89.0,38.3,sensor2_serial,2,2,6,2,120,161,20.000,20.004,0,8,8,0.399915,SUCCESS,sigmoid,
2026-06-05T14:06:18,89.0,38.3,sensor2_serial,2,2,6,2,120,160,20.000,20.005,0,9,9,0.449879,SUCCESS,sigmoid,
2026-06-05T14:06:38,89.0,38.3,sensor2_serial,2,2,6,2,120,159,20.000,20.004,0,2,2,0.099978,SUCCESS,sigmoid,
2026-06-05T14:06:58,89.0,38.3,sensor2_serial,2,2,6,2,120,158,20.000,20.005,0,4,4,0.199947,SUCCESS,sigmoid,
2026-06-05T14:07:18,89.0,38.3,sensor2_serial,2,2,6,2,120,157,20.000,20.004,0,6,6,0.299937,SUCCESS,sigmoid,
2026-06-05T14:07:38,89.0,38.3,sensor2_serial,2,2,6,2,120,156,20.000,20.004,0,3,3,0.149967,SUCCESS,sigmoid,
2026-06-05T14:07:58,89.0,38.3,sensor2_serial,2,2,6,2,120,155,20.000,20.005,0,3,3,0.149961,SUCCESS,sigmoid,
2026-06-05T14:08:18,89.0,38.3,sensor2_serial,2,2,6,2,120,154,20.000,20.004,0,0,0,0.000000,SUCCESS,sigmoid,
2026-06-05T14:08:39,89.0,38.3,sensor2_serial,2,2,6,2,120,153,20.000,20.005,0,0,0,0.000000,SUCCESS,sigmoid,
2026-06-05T14:08:59,89.0,38.3,sensor2_serial,2,2,6,2,120,152,20.000,20.006,0,2,2,0.099972,SUCCESS,sigmoid,
2026-06-05T14:09:19,89.0,38.3,sensor2_serial,2,2,6,2,120,151,20.000,20.005,0,0,0,0.000000,SUCCESS,sigmoid,
2026-06-05T14:09:39,89.0,38.3,sensor2_serial,2,2,6,2,120,150,20.000,20.005,0,0,0,0.000000,SUCCESS,sigmoid,
2026-06-05T14:09:59,89.0,38.3,sensor2_serial,2,2,6,2,120,149,20.000,20.005,0,0,0,0.000000,SUCCESS,sigmoid,
2026-06-05T14:10:19,89.0,38.3,sensor2_serial,2,2,6,2,120,148,20.000,20.005,0,0,0,0.000000,SUCCESS,sigmoid,
2026-06-05T14:10:39,89.0,38.3,sensor2_serial,2,2,6,2,120,147,20.000,20.005,0,0,0,0.000000,SUCCESS,sigmoid,
2026-06-05T14:10:59,89.0,38.3,sensor2_serial,2,2,6,2,120,146,20.000,20.005,0,0,0,0.000000,SUCCESS,sigmoid,
2026-06-05T14:11:19,89.0,38.3,sensor2_serial,2,2,6,2,120,145,20.000,20.005,0,0,0,0.000000,SUCCESS,sigmoid,
2026-06-05T14:11:39,89.0,38.3,sensor2_serial,2,2,6,2,120,144,20.000,20.004,0,0,0,0.000000,SUCCESS,sigmoid,
2026-06-05T14:11:59,89.0,38.3,sensor2_serial,2,2,6,2,120,143,20.000,20.005,0,0,0,0.000000,SUCCESS,sigmoid,
2026-06-05T14:12:19,89.0,38.3,sensor2_serial,2,2,6,2,120,142,20.000,20.005,0,0,0,0.000000,SUCCESS,sigmoid,
2026-06-05T14:12:39,89.0,38.3,sensor2_serial,2,2,6,2,120,141,20.000,20.004,0,0,0,0.000000,SUCCESS,sigmoid,
2026-06-05T14:12:59,89.0,38.3,sensor2_serial,2,2,6,2,120,140,20.000,20.006,0,0,0,0.000000,SUCCESS,sigmoid,
2026-06-05T14:13:19,89.0,38.3,sensor2_serial,2,2,6,2,120,139,20.000,20.005,0,0,0,0.000000,SUCCESS,sigmoid,
2026-06-05T14:13:39,89.0,38.3,sensor2_serial,2,2,6,2,120,138,20.000,20.005,0,0,0,0.000000,SUCCESS,sigmoid,
2026-06-05T14:14:00,89.0,38.3,sensor2_serial,2,2,6,2,120,137,20.000,20.004,0,0,0,0.000000,SUCCESS,sigmoid,
2026-06-05T14:14:20,89.0,38.3,sensor2_serial,2,2,6,2,120,136,20.000,20.005,0,0,0,0.000000,SUCCESS,sigmoid,
2026-06-05T14:14:40,89.0,38.3,sensor2_serial,2,2,6,2,120,135,20.000,20.005,0,0,0,0.000000,SUCCESS,sigmoid,
2026-06-05T14:15:00,89.0,38.3,sensor2_serial,2,2,6,2,120,134,20.000,20.005,0,0,0,0.000000,SUCCESS,sigmoid,
2026-06-05T14:15:20,89.0,38.3,sensor2_serial,2,2,6,2,120,133,20.000,20.004,0,0,0,0.000000,SUCCESS,sigmoid,
2026-06-05T14:15:40,89.0,38.3,sensor2_serial,2,2,6,2,120,132,20.000,20.005,0,0,0,0.000000,SUCCESS,sigmoid,
2026-06-05T14:16:00,89.0,38.3,sensor2_serial,2,2,6,2,120,131,20.000,20.004,0,0,0,0.000000,SUCCESS,sigmoid,
2026-06-05T14:16:20,89.0,38.3,sensor2_serial,2,2,6,2,120,130,20.000,20.005,0,0,0,0.000000,SUCCESS,sigmoid,
2026-06-05T14:16:40,89.0,38.3,sensor2_serial,2,2,6,2,120,129,20.000,20.005,0,0,0,0.000000,SUCCESS,sigmoid,
2026-06-05T14:17:00,89.0,38.3,sensor2_serial,2,2,6,2,120,128,20.000,20.004,0,0,0,0.000000,SUCCESS,sigmoid,
2026-06-05T14:17:20,89.0,38.3,sensor2_serial,2,2,6,2,120,127,20.000,20.005,0,0,0,0.000000,SUCCESS,sigmoid,
2026-06-05T14:17:40,89.0,38.3,sensor2_serial,2,2,6,2,120,126,20.000,20.004,0,0,0,0.000000,SUCCESS,sigmoid,
2026-06-05T14:18:00,89.0,38.3,sensor2_serial,2,2,6,2,120,125,20.000,20.005,0,0,0,0.000000,SUCCESS,sigmoid,
2026-06-05T14:18:20,89.0,38.3,sensor2_serial,2,2,6,2,120,124,20.000,20.004,0,0,0,0.000000,SUCCESS,sigmoid,
2026-06-05T14:18:40,89.0,38.3,sensor2_serial,2,2,6,2,120,123,20.000,20.006,0,0,0,0.000000,SUCCESS,sigmoid,
2026-06-05T14:19:00,89.0,38.3,sensor2_serial,2,2,6,2,120,122,20.000,20.006,0,0,0,0.000000,SUCCESS,sigmoid,
2026-06-05T14:19:20,89.0,38.3,sensor2_serial,2,2,6,2,120,121,20.000,20.005,0,0,0,0.000000,SUCCESS,sigmoid,
2026-06-05T14:19:41,89.0,38.3,sensor2_serial,2,2,6,2,120,120,20.000,20.005,0,0,0,0.000000,SUCCESS,sigmoid,
2026-06-05T14:20:01,89.0,38.3,sensor2_serial,2,2,6,2,120,119,20.000,20.005,0,0,0,0.000000,SUCCESS,sigmoid,
2026-06-05T14:20:21,89.0,38.3,sensor2_serial,2,2,6,2,120,118,20.000,20.005,0,0,0,0.000000,SUCCESS,sigmoid,
2026-06-05T14:20:41,89.0,38.3,sensor2_serial,2,2,6,2,120,117,20.000,20.005,0,0,0,0.000000,SUCCESS,sigmoid,
2026-06-05T14:21:01,89.0,38.3,sensor2_serial,2,2,6,2,120,116,20.000,20.005,0,0,0,0.000000,SUCCESS,sigmoid,
2026-06-05T14:21:21,89.0,38.3,sensor2_serial,2,2,6,2,120,115,20.000,20.005,0,0,0,0.000000,SUCCESS,sigmoid,
2026-06-05T14:21:41,89.0,38.3,sensor2_serial,2,2,6,2,120,114,20.000,20.005,0,0,0,0.000000,SUCCESS,sigmoid,
2026-06-05T14:22:01,89.0,38.3,sensor2_serial,2,2,6,2,120,113,20.000,20.005,0,0,0,0.000000,SUCCESS,sigmoid,
2026-06-05T14:22:21,89.0,38.3,sensor2_serial,2,2,6,2,120,112,20.000,20.005,0,0,0,0.000000,SUCCESS,sigmoid,
2026-06-05T14:22:41,89.0,38.3,sensor2_serial,2,2,6,2,120,111,20.000,20.004,0,0,0,0.000000,SUCCESS,sigmoid,
2026-06-05T14:23:01,89.0,38.3,sensor2_serial,2,2,6,2,120,110,20.000,20.005,0,0,0,0.000000,SUCCESS,sigmoid,
2026-06-05T14:23:21,89.0,38.3,sensor2_serial,2,2,6,2,120,109,20.000,20.005,0,0,0,0.000000,SUCCESS,sigmoid,
2026-06-05T14:23:41,89.0,38.3,sensor2_serial,2,2,6,2,120,108,20.000,20.006,0,0,0,0.000000,SUCCESS,sigmoid,
2026-06-05T14:24:01,89.0,38.3,sensor2_serial,2,2,6,2,120,107,20.000,20.004,0,0,0,0.000000,SUCCESS,sigmoid,
2026-06-05T14:24:21,89.0,38.3,sensor2_serial,2,2,6,2,120,106,20.000,20.004,0,0,0,0.000000,SUCCESS,sigmoid,
2026-06-05T14:24:41,89.0,38.3,sensor2_serial,2,2,6,2,120,105,20.000,20.005,0,0,0,0.000000,SUCCESS,sigmoid,
2026-06-05T14:25:01,89.0,38.3,sensor2_serial,2,2,6,2,120,104,20.000,20.005,0,0,0,0.000000,SUCCESS,sigmoid,
2026-06-05T14:25:22,89.0,38.3,sensor2_serial,2,2,6,2,120,103,20.000,20.004,0,0,0,0.000000,SUCCESS,sigmoid,
2026-06-05T14:25:42,89.0,38.3,sensor2_serial,2,2,6,2,120,102,20.000,20.004,0,0,0,0.000000,SUCCESS,sigmoid,
2026-06-05T14:26:02,89.0,38.3,sensor2_serial,2,2,6,2,120,101,20.000,20.004,0,0,0,0.000000,SUCCESS,sigmoid,
2026-06-05T14:26:22,89.0,38.3,sensor2_serial,2,2,6,2,120,100,20.000,20.005,0,0,0,0.000000,SUCCESS,sigmoid,
2026-06-05T14:26:42,89.0,38.3,sensor2_serial,2,2,6,2,120,99,20.000,20.004,0,0,0,0.000000,SUCCESS,sigmoid,
2026-06-05T14:27:02,89.0,38.3,sensor2_serial,2,2,6,2,120,98,20.000,20.005,0,0,0,0.000000,SUCCESS,sigmoid,
2026-06-05T14:27:22,89.0,38.3,sensor2_serial,2,2,6,2,120,97,20.000,20.005,0,0,0,0.000000,SUCCESS,sigmoid,
2026-06-05T14:27:42,89.0,38.3,sensor2_serial,2,2,6,2,120,96,20.000,20.005,0,0,0,0.000000,SUCCESS,sigmoid,
2026-06-05T14:28:02,89.0,38.3,sensor2_serial,2,2,6,2,120,95,20.000,20.005,0,0,0,0.000000,SUCCESS,sigmoid,
2026-06-05T14:28:22,89.0,38.3,sensor2_serial,2,2,6,2,120,94,20.000,20.004,0,0,0,0.000000,SUCCESS,sigmoid,
2026-06-05T14:28:42,89.0,38.3,sensor2_serial,2,2,6,2,120,93,20.000,20.004,0,0,0,0.000000,SUCCESS,sigmoid,
2026-06-05T14:29:02,89.0,38.3,sensor2_serial,2,2,6,2,120,92,20.000,20.005,0,0,0,0.000000,SUCCESS,sigmoid,
2026-06-05T14:29:22,89.0,38.3,sensor2_serial,2,2,6,2,120,91,20.000,20.004,0,0,0,0.000000,SUCCESS,sigmoid,
2026-06-05T14:29:42,89.0,38.3,sensor2_serial,2,2,6,2,120,90,20.000,20.004,0,0,0,0.000000,SUCCESS,sigmoid,
2026-06-05T14:30:02,89.0,38.3,sensor2_serial,2,2,6,2,120,89,20.000,20.005,0,0,0,0.000000,SUCCESS,sigmoid,
2026-06-05T14:30:22,89.0,38.3,sensor2_serial,2,2,6,2,120,88,20.000,20.004,0,0,0,0.000000,SUCCESS,sigmoid,
2026-06-05T14:30:42,89.0,38.3,sensor2_serial,2,2,6,2,120,87,20.000,20.004,0,0,0,0.000000,SUCCESS,sigmoid,
2026-06-05T14:31:03,89.0,38.3,sensor2_serial,2,2,6,2,120,86,20.000,20.004,0,0,0,0.000000,SUCCESS,sigmoid,
2026-06-05T14:31:23,89.0,38.3,sensor2_serial,2,2,6,2,120,85,20.000,20.004,0,0,0,0.000000,SUCCESS,sigmoid,
2026-06-05T14:31:43,89.0,38.3,sensor2_serial,2,2,6,2,120,84,20.000,20.006,0,0,0,0.000000,SUCCESS,sigmoid,
2026-06-05T14:32:03,89.0,38.3,sensor2_serial,2,2,6,2,120,83,20.000,20.004,0,0,0,0.000000,SUCCESS,sigmoid,
2026-06-05T14:32:23,89.0,38.3,sensor2_serial,2,2,6,2,120,82,20.000,20.005,0,0,0,0.000000,SUCCESS,sigmoid,
2026-06-05T14:32:43,89.0,38.3,sensor2_serial,2,2,6,2,120,81,20.000,20.006,0,0,0,0.000000,SUCCESS,sigmoid,
2026-06-05T14:33:03,89.0,38.3,sensor2_serial,2,2,6,2,120,80,20.000,20.004,0,0,0,0.000000,SUCCESS,sigmoid,
2026-06-05T14:33:23,89.0,38.3,sensor2_serial,2,2,6,2,120,79,20.000,20.004,0,0,0,0.000000,SUCCESS,sigmoid,
2026-06-05T14:33:43,89.0,38.3,sensor2_serial,2,2,6,2,120,78,20.000,20.004,0,0,0,0.000000,SUCCESS,sigmoid,
2026-06-05T14:34:03,89.0,38.3,sensor2_serial,2,2,6,2,120,77,20.000,20.004,0,0,0,0.000000,SUCCESS,sigmoid,
2026-06-05T14:34:23,89.0,38.3,sensor2_serial,2,2,6,2,120,76,20.000,20.004,0,0,0,0.000000,SUCCESS,sigmoid,
2026-06-05T14:34:43,89.0,38.3,sensor2_serial,2,2,6,2,120,75,20.000,20.006,0,0,0,0.000000,SUCCESS,sigmoid,
2026-06-05T14:35:03,89.0,38.3,sensor2_serial,2,2,6,2,120,74,20.000,20.005,0,0,0,0.000000,SUCCESS,sigmoid,
2026-06-05T14:35:23,89.0,38.3,sensor2_serial,2,2,6,2,120,73,20.000,20.004,0,0,0,0.000000,SUCCESS,sigmoid,
2026-06-05T14:35:43,89.0,38.3,sensor2_serial,2,2,6,2,120,72,20.000,20.006,0,0,0,0.000000,SUCCESS,sigmoid,
2026-06-05T14:36:03,89.0,38.3,sensor2_serial,2,2,6,2,120,71,20.000,20.005,0,0,0,0.000000,SUCCESS,sigmoid,
2026-06-05T14:36:23,89.0,38.3,sensor2_serial,2,2,6,2,120,70,20.000,20.005,0,0,0,0.000000,SUCCESS,sigmoid,
2026-06-05T14:36:44,89.0,38.3,sensor2_serial,2,2,6,2,120,69,20.000,20.005,0,0,0,0.000000,SUCCESS,sigmoid,
2026-06-05T14:37:04,89.0,38.3,sensor2_serial,2,2,6,2,120,68,20.000,20.006,0,0,0,0.000000,SUCCESS,sigmoid,
2026-06-05T14:37:24,89.0,38.3,sensor2_serial,2,2,6,2,120,67,20.000,20.004,0,0,0,0.000000,SUCCESS,sigmoid,
2026-06-05T14:37:44,89.0,38.3,sensor2_serial,2,2,6,2,120,66,20.000,20.006,0,0,0,0.000000,SUCCESS,sigmoid,
2026-06-05T14:38:04,89.0,38.3,sensor2_serial,2,2,6,2,120,65,20.000,20.005,0,0,0,0.000000,SUCCESS,sigmoid,
2026-06-05T14:38:24,89.0,38.3,sensor2_serial,2,2,6,2,120,64,20.000,20.005,0,0,0,0.000000,SUCCESS,sigmoid,
2026-06-05T14:38:44,89.0,38.3,sensor2_serial,2,2,6,2,120,63,20.000,20.004,0,0,0,0.000000,SUCCESS,sigmoid,
2026-06-05T14:39:04,89.0,38.3,sensor2_serial,2,2,6,2,120,62,20.000,20.004,0,0,0,0.000000,SUCCESS,sigmoid,
2026-06-05T14:39:24,89.0,38.3,sensor2_serial,2,2,6,2,120,61,20.000,20.004,0,0,0,0.000000,SUCCESS,sigmoid,
2026-06-05T14:39:44,89.0,38.3,sensor2_serial,2,2,6,2,120,60,20.000,20.005,0,0,0,0.000000,SUCCESS,sigmoid,
2026-06-05T14:40:04,89.0,38.3,sensor2_serial,2,2,6,2,120,59,20.000,20.005,0,0,0,0.000000,SUCCESS,sigmoid,
2026-06-05T14:40:24,89.0,38.3,sensor2_serial,2,2,6,2,120,58,20.000,20.004,0,0,0,0.000000,SUCCESS,sigmoid,
2026-06-05T14:40:44,89.0,38.3,sensor2_serial,2,2,6,2,120,57,20.000,20.004,0,0,0,0.000000,SUCCESS,sigmoid,
2026-06-05T14:41:04,89.0,38.3,sensor2_serial,2,2,6,2,120,56,20.000,20.004,0,0,0,0.000000,SUCCESS,sigmoid,
2026-06-05T14:41:24,89.0,38.3,sensor2_serial,2,2,6,2,120,55,20.000,20.005,0,0,0,0.000000,SUCCESS,sigmoid,
2026-06-05T14:41:44,89.0,38.3,sensor2_serial,2,2,6,2,120,54,20.000,20.005,0,0,0,0.000000,SUCCESS,sigmoid,
2026-06-05T14:42:04,89.0,38.3,sensor2_serial,2,2,6,2,120,53,20.000,20.004,0,0,0,0.000000,SUCCESS,sigmoid,
2026-06-05T14:42:25,89.0,38.3,sensor2_serial,2,2,6,2,120,52,20.000,20.004,0,0,0,0.000000,SUCCESS,sigmoid,
2026-06-05T14:42:45,89.0,38.3,sensor2_serial,2,2,6,2,120,51,20.000,20.005,0,0,0,0.000000,SUCCESS,sigmoid,
2026-06-05T14:43:05,89.0,38.3,sensor2_serial,2,2,6,2,120,50,20.000,20.004,0,0,0,0.000000,SUCCESS,sigmoid,
2026-06-05T14:43:25,89.0,38.3,sensor2_serial,2,2,6,2,120,49,20.000,20.004,0,0,0,0.000000,SUCCESS,sigmoid,
2026-06-05T14:43:45,89.0,38.3,sensor2_serial,2,2,6,2,120,48,20.000,20.004,0,0,0,0.000000,SUCCESS,sigmoid,
2026-06-05T14:44:05,89.0,38.3,sensor2_serial,2,2,6,2,120,47,20.000,20.005,0,0,0,0.000000,SUCCESS,sigmoid,
2026-06-05T14:44:25,89.0,38.3,sensor2_serial,2,2,6,2,120,46,20.000,20.005,0,0,0,0.000000,SUCCESS,sigmoid,
2026-06-05T14:44:45,89.0,38.3,sensor2_serial,2,2,6,2,120,45,20.000,20.004,0,0,0,0.000000,SUCCESS,sigmoid,
2026-06-05T14:45:05,89.0,38.3,sensor2_serial,2,2,6,2,120,44,20.000,20.004,0,0,0,0.000000,SUCCESS,sigmoid,
2026-06-05T14:45:25,89.0,38.3,sensor2_serial,2,2,6,2,120,43,20.000,20.004,0,0,0,0.000000,SUCCESS,sigmoid,
2026-06-05T14:45:45,89.0,38.3,sensor2_serial,2,2,6,2,120,42,20.000,20.005,0,0,0,0.000000,SUCCESS,sigmoid,
2026-06-05T14:46:05,89.0,38.3,sensor2_serial,2,2,6,2,120,41,20.000,20.005,0,0,0,0.000000,SUCCESS,sigmoid,
2026-06-05T14:46:25,89.0,38.3,sensor2_serial,2,2,6,2,120,40,20.000,20.005,0,0,0,0.000000,SUCCESS,sigmoid,
2026-06-05T14:46:45,89.0,38.3,sensor2_serial,2,2,6,2,120,39,20.000,20.006,0,0,0,0.000000,SUCCESS,sigmoid,
2026-06-05T14:47:05,89.0,38.3,sensor2_serial,2,2,6,2,120,38,20.000,20.004,0,0,0,0.000000,SUCCESS,sigmoid,
2026-06-05T14:47:25,89.0,38.3,sensor2_serial,2,2,6,2,120,37,20.000,20.004,0,0,0,0.000000,SUCCESS,sigmoid,
2026-06-05T14:47:45,89.0,38.3,sensor2_serial,2,2,6,2,120,36,20.000,20.004,0,0,0,0.000000,SUCCESS,sigmoid,
2026-06-05T14:48:06,89.0,38.3,sensor2_serial,2,2,6,2,120,35,20.000,20.006,0,0,0,0.000000,SUCCESS,sigmoid,
2026-06-05T14:48:26,89.0,38.3,sensor2_serial,2,2,6,2,120,34,20.000,20.004,0,0,0,0.000000,SUCCESS,sigmoid,
2026-06-05T14:48:46,89.0,38.3,sensor2_serial,2,2,6,2,120,33,20.000,20.004,0,0,0,0.000000,SUCCESS,sigmoid,
2026-06-05T14:49:06,89.0,38.3,sensor2_serial,2,2,6,2,120,32,20.000,20.004,0,0,0,0.000000,SUCCESS,sigmoid,
2026-06-05T14:49:26,89.0,38.3,sensor2_serial,2,2,6,2,120,31,20.000,20.005,0,0,0,0.000000,SUCCESS,sigmoid,
2026-06-05T14:49:46,89.0,38.3,sensor2_serial,2,2,6,2,120,30,20.000,20.004,0,0,0,0.000000,SUCCESS,sigmoid,
2026-06-05T14:50:06,89.0,38.3,sensor2_serial,2,2,6,2,120,29,20.000,20.005,0,0,0,0.000000,SUCCESS,sigmoid,
2026-06-05T14:50:26,89.0,38.3,sensor2_serial,2,2,6,2,120,28,20.000,20.005,0,0,0,0.000000,SUCCESS,sigmoid,
2026-06-05T14:50:46,89.0,38.3,sensor2_serial,2,2,6,2,120,27,20.000,20.004,0,0,0,0.000000,SUCCESS,sigmoid,
2026-06-05T14:51:06,89.0,38.3,sensor2_serial,2,2,6,2,120,26,20.000,20.005,0,0,0,0.000000,SUCCESS,sigmoid,
2026-06-05T14:51:26,89.0,38.3,sensor2_serial,2,2,6,2,120,25,20.000,20.005,0,0,0,0.000000,SUCCESS,sigmoid,
2026-06-05T14:51:46,89.0,38.3,sensor2_serial,2,2,6,2,120,24,20.000,20.005,0,0,0,0.000000,SUCCESS,sigmoid,
2026-06-05T14:52:06,89.0,38.3,sensor2_serial,2,2,6,2,120,23,20.000,20.005,0,0,0,0.000000,SUCCESS,sigmoid,
2026-06-05T14:52:26,89.0,38.3,sensor2_serial,2,2,6,2,120,22,20.000,20.005,0,0,0,0.000000,SUCCESS,sigmoid,
2026-06-05T14:52:46,89.0,38.3,sensor2_serial,2,2,6,2,120,21,20.000,20.005,0,0,0,0.000000,SUCCESS,sigmoid,
2026-06-05T14:53:06,89.0,38.3,sensor2_serial,2,2,6,2,120,20,20.000,20.005,0,0,0,0.000000,SUCCESS,sigmoid,
2026-06-05T14:53:26,89.0,38.3,sensor2_serial,2,2,6,2,120,19,20.000,20.004,0,0,0,0.000000,SUCCESS,sigmoid,
2026-06-05T14:53:47,89.0,38.3,sensor2_serial,2,2,6,2,120,18,20.000,20.004,0,0,0,0.000000,SUCCESS,sigmoid,
2026-06-05T14:54:07,89.0,38.3,sensor2_serial,2,2,6,2,120,17,20.000,20.005,0,0,0,0.000000,SUCCESS,sigmoid,
2026-06-05T14:54:27,89.0,38.3,sensor2_serial,2,2,6,2,120,16,20.000,20.004,0,0,0,0.000000,SUCCESS,sigmoid,
2026-06-05T14:54:47,89.0,38.3,sensor2_serial,2,2,6,2,120,15,20.000,20.005,0,0,0,0.000000,SUCCESS,sigmoid,
2026-06-05T14:55:07,89.0,38.3,sensor2_serial,2,2,6,2,120,14,20.000,20.005,0,0,0,0.000000,SUCCESS,sigmoid,
2026-06-05T14:55:27,89.0,38.3,sensor2_serial,2,2,6,2,120,13,20.000,20.005,0,0,0,0.000000,SUCCESS,sigmoid,
2026-06-05T14:55:47,89.0,38.3,sensor2_serial,2,2,6,2,120,12,20.000,20.005,0,0,0,0.000000,SUCCESS,sigmoid,
2026-06-05T14:56:07,89.0,38.3,sensor2_serial,2,2,6,2,120,11,20.000,20.004,0,0,0,0.000000,SUCCESS,sigmoid,
2026-06-05T14:56:27,89.0,38.3,sensor2_serial,2,2,6,2,120,10,20.000,20.005,0,0,0,0.000000,SUCCESS,sigmoid,
2026-06-05T14:56:47,89.0,38.3,sensor2_serial,2,2,6,2,120,9,20.000,20.005,0,0,0,0.000000,SUCCESS,sigmoid,
2026-06-05T14:57:07,89.0,38.3,sensor2_serial,2,2,6,2,120,8,20.000,20.004,0,0,0,0.000000,SUCCESS,sigmoid,
2026-06-05T14:57:27,89.0,38.3,sensor2_serial,2,2,6,2,120,7,20.000,20.005,0,0,0,0.000000,SUCCESS,sigmoid,
2026-06-05T14:57:47,89.0,38.3,sensor2_serial,2,2,6,2,120,6,20.000,20.004,0,0,0,0.000000,SUCCESS,sigmoid,
2026-06-05T14:58:07,89.0,38.3,sensor2_serial,2,2,6,2,120,5,20.000,20.004,0,0,0,0.000000,SUCCESS,sigmoid,
2026-06-05T14:58:27,89.0,38.3,sensor2_serial,2,2,6,2,120,4,20.000,20.004,0,0,0,0.000000,SUCCESS,sigmoid,
2026-06-05T14:58:47,89.0,38.3,sensor2_serial,2,2,6,2,120,3,20.000,20.005,0,0,0,0.000000,SUCCESS,sigmoid,
2026-06-05T14:59:07,89.0,38.3,sensor2_serial,2,2,6,2,120,2,20.000,20.004,0,0,0,0.000000,SUCCESS,sigmoid,
2026-06-05T14:59:28,89.0,38.3,sensor2_serial,2,2,6,2,120,1,20.000,20.004,0,0,0,0.000000,SUCCESS,sigmoid,
2026-06-05T14:59:48,89.0,38.3,sensor2_serial,2,2,6,2,120,0,20.000,20.005,0,0,0,0.000000,SUCCESS,sigmoid,
2026-06-05T15:00:22,90.0,37.3,sensor2_serial,2,0,4,0,120,255,20.000,20.006,0,3589424,3589424,179420.506900,SUCCESS,sigmoid,
2026-06-05T15:00:42,90.0,37.3,sensor2_serial,2,0,4,0,120,254,20.000,20.004,0,3296314,3296314,164780.294841,SUCCESS,sigmoid,
2026-06-05T15:01:02,90.0,37.3,sensor2_serial,2,0,4,0,120,253,20.000,20.005,0,2648266,2648266,132377.214516,SUCCESS,sigmoid,
2026-06-05T15:01:22,90.0,37.3,sensor2_serial,2,0,4,0,120,252,20.000,20.005,0,1948348,1948348,97395.141691,SUCCESS,sigmoid,
2026-06-05T15:01:42,90.0,37.3,sensor2_serial,2,0,4,0,120,251,20.000,20.004,0,1040012,1040012,51989.470920,SUCCESS,sigmoid,
2026-06-05T15:02:02,90.0,37.3,sensor2_serial,2,0,4,0,120,250,20.000,20.005,0,588395,588395,29411.819412,SUCCESS,sigmoid,
2026-06-05T15:02:22,90.0,37.3,sensor2_serial,2,0,4,0,120,249,20.000,20.005,0,308024,308024,15397.165604,SUCCESS,sigmoid,
2026-06-05T15:02:42,90.0,37.3,sensor2_serial,2,0,4,0,120,248,20.000,20.005,0,173808,173808,8688.095667,SUCCESS,sigmoid,
2026-06-05T15:03:02,90.0,37.3,sensor2_serial,2,0,4,0,120,247,20.000,20.006,0,75651,75651,3781.497316,SUCCESS,sigmoid,
2026-06-05T15:03:22,90.0,37.3,sensor2_serial,2,0,4,0,120,246,20.000,20.005,0,33006,33006,1649.874207,SUCCESS,sigmoid,
2026-06-05T15:03:42,90.0,37.3,sensor2_serial,2,0,4,0,120,245,20.000,20.005,0,33028,33028,1651.001647,SUCCESS,sigmoid,
2026-06-05T15:04:02,90.0,37.3,sensor2_serial,2,0,4,0,120,244,20.000,20.006,0,12103,12103,604.982531,SUCCESS,sigmoid,
2026-06-05T15:04:22,90.0,37.3,sensor2_serial,2,0,4,0,120,243,20.000,20.005,0,5707,5707,285.277360,SUCCESS,sigmoid,
2026-06-05T15:04:42,90.0,37.3,sensor2_serial,2,0,4,0,120,242,20.000,20.005,0,2455,2455,122.716707,SUCCESS,sigmoid,
2026-06-05T15:05:03,90.0,37.3,sensor2_serial,2,0,4,0,120,241,20.000,20.005,0,1046,1046,52.286225,SUCCESS,sigmoid,
2026-06-05T15:05:23,90.0,37.3,sensor2_serial,2,0,4,0,120,240,20.000,20.005,0,433,433,21.644059,SUCCESS,sigmoid,
2026-06-05T15:05:43,90.0,37.3,sensor2_serial,2,0,4,0,120,239,20.000,20.005,0,235,235,11.746928,SUCCESS,sigmoid,
2026-06-05T15:06:03,90.0,37.3,sensor2_serial,2,0,4,0,120,238,20.000,20.005,0,200,200,9.997438,SUCCESS,sigmoid,
2026-06-05T15:06:23,90.0,37.3,sensor2_serial,2,0,4,0,120,237,20.000,20.005,0,188,188,9.397489,SUCCESS,sigmoid,
2026-06-05T15:06:43,90.0,37.3,sensor2_serial,2,0,4,0,120,236,20.000,20.005,0,149,149,7.448098,SUCCESS,sigmoid,
2026-06-05T15:07:03,90.0,37.3,sensor2_serial,2,0,4,0,120,235,20.000,20.005,0,165,165,8.247836,SUCCESS,sigmoid,
2026-06-05T15:07:23,90.0,37.3,sensor2_serial,2,0,4,0,120,234,20.000,20.005,0,155,155,7.748006,SUCCESS,sigmoid,
2026-06-05T15:07:43,90.0,37.3,sensor2_serial,2,0,4,0,120,233,20.000,20.005,0,166,166,8.297887,SUCCESS,sigmoid,
2026-06-05T15:08:03,90.0,37.3,sensor2_serial,2,0,4,0,120,232,20.000,20.006,0,143,143,7.148013,SUCCESS,sigmoid,
2026-06-05T15:08:23,90.0,37.3,sensor2_serial,2,0,4,0,120,231,20.000,20.006,0,173,173,8.647600,SUCCESS,sigmoid,
2026-06-05T15:08:43,90.0,37.3,sensor2_serial,2,0,4,0,120,230,20.000,20.005,0,158,158,7.897835,SUCCESS,sigmoid,
2026-06-05T15:09:03,90.0,37.3,sensor2_serial,2,0,4,0,120,229,20.000,20.005,0,141,141,7.048182,SUCCESS,sigmoid,
2026-06-05T15:09:23,90.0,37.3,sensor2_serial,2,0,4,0,120,228,20.000,20.005,0,150,150,7.498044,SUCCESS,sigmoid,
2026-06-05T15:09:43,90.0,37.3,sensor2_serial,2,0,4,0,120,227,20.000,20.005,0,138,138,6.898109,SUCCESS,sigmoid,
2026-06-05T15:10:03,90.0,37.3,sensor2_serial,2,0,4,0,120,226,20.000,20.005,0,150,150,7.497951,SUCCESS,sigmoid,
2026-06-05T15:10:23,90.0,37.3,sensor2_serial,2,0,4,0,120,225,20.000,20.005,0,162,162,8.097889,SUCCESS,sigmoid,
2026-06-05T15:10:44,90.0,37.3,sensor2_serial,2,0,4,0,120,224,20.000,20.006,0,131,131,6.548196,SUCCESS,sigmoid,
2026-06-05T15:11:04,90.0,37.3,sensor2_serial,2,0,4,0,120,223,20.000,20.005,0,134,134,6.698266,SUCCESS,sigmoid,
2026-06-05T15:11:24,90.0,37.3,sensor2_serial,2,0,4,0,120,222,20.000,20.005,0,151,151,7.547939,SUCCESS,sigmoid,
2026-06-05T15:11:44,90.0,37.3,sensor2_serial,2,0,4,0,120,221,20.000,20.010,0,140,140,6.996536,SUCCESS,sigmoid,
2026-06-05T15:12:04,90.0,37.3,sensor2_serial,2,0,4,0,120,220,20.000,20.005,0,123,123,6.148402,SUCCESS,sigmoid,
2026-06-05T15:12:24,90.0,37.3,sensor2_serial,2,0,4,0,120,219,20.000,20.005,0,134,134,6.698287,SUCCESS,sigmoid,
2026-06-05T15:12:44,90.0,37.3,sensor2_serial,2,0,4,0,120,218,20.000,20.005,0,141,141,7.048156,SUCCESS,sigmoid,
2026-06-05T15:13:04,90.0,37.3,sensor2_serial,2,0,4,0,120,217,20.000,20.005,0,144,144,7.198024,SUCCESS,sigmoid,
2026-06-05T15:13:24,90.0,37.3,sensor2_serial,2,0,4,0,120,216,20.000,20.005,0,160,160,7.997801,SUCCESS,sigmoid,
2026-06-05T15:13:44,90.0,37.3,sensor2_serial,2,0,4,0,120,215,20.000,20.005,0,150,150,7.498006,SUCCESS,sigmoid,
2026-06-05T15:14:04,90.0,37.3,sensor2_serial,2,0,4,0,120,214,20.000,20.006,0,133,133,6.648074,SUCCESS,sigmoid,
2026-06-05T15:14:24,90.0,37.3,sensor2_serial,2,0,4,0,120,213,20.000,20.005,0,147,147,7.348043,SUCCESS,sigmoid,
2026-06-05T15:14:44,90.0,37.3,sensor2_serial,2,0,4,0,120,212,20.000,20.005,0,140,140,6.998202,SUCCESS,sigmoid,
2026-06-05T15:15:04,90.0,37.3,sensor2_serial,2,0,4,0,120,211,20.000,20.005,0,148,148,7.397978,SUCCESS,sigmoid,
2026-06-05T15:15:24,90.0,37.3,sensor2_serial,2,0,4,0,120,210,20.000,20.006,0,149,149,7.447921,SUCCESS,sigmoid,
2026-06-05T15:15:44,90.0,37.3,sensor2_serial,2,0,4,0,120,209,20.000,20.005,0,144,144,7.198245,SUCCESS,sigmoid,
2026-06-05T15:16:04,90.0,37.3,sensor2_serial,2,0,4,0,120,208,20.000,20.006,0,142,142,7.098037,SUCCESS,sigmoid,
2026-06-05T15:16:25,90.0,37.3,sensor2_serial,2,0,4,0,120,207,20.000,20.005,0,141,141,7.048100,SUCCESS,sigmoid,
2026-06-05T15:16:45,90.0,37.3,sensor2_serial,2,0,4,0,120,206,20.000,20.005,0,130,130,6.498224,SUCCESS,sigmoid,
2026-06-05T15:17:05,90.0,37.3,sensor2_serial,2,0,4,0,120,205,20.000,20.005,0,149,149,7.448062,SUCCESS,sigmoid,
2026-06-05T15:17:25,90.0,37.3,sensor2_serial,2,0,4,0,120,204,20.000,20.005,0,141,141,7.048197,SUCCESS,sigmoid,
2026-06-05T15:17:45,90.0,37.3,sensor2_serial,2,0,4,0,120,203,20.000,20.005,0,132,132,6.598317,SUCCESS,sigmoid,
2026-06-05T15:18:05,90.0,37.3,sensor2_serial,2,0,4,0,120,202,20.000,20.005,0,133,133,6.648227,SUCCESS,sigmoid,
2026-06-05T15:18:25,90.0,37.3,sensor2_serial,2,0,4,0,120,201,20.000,20.006,0,114,114,5.698302,SUCCESS,sigmoid,
2026-06-05T15:18:45,90.0,37.3,sensor2_serial,2,0,4,0,120,200,20.000,20.005,0,143,143,7.148156,SUCCESS,sigmoid,
2026-06-05T15:19:05,90.0,37.3,sensor2_serial,2,0,4,0,120,199,20.000,20.005,0,135,135,6.748458,SUCCESS,sigmoid,
2026-06-05T15:19:25,90.0,37.3,sensor2_serial,2,0,4,0,120,198,20.000,20.005,0,146,146,7.298146,SUCCESS,sigmoid,
2026-06-05T15:19:45,90.0,37.3,sensor2_serial,2,0,4,0,120,197,20.000,20.005,0,148,148,7.398256,SUCCESS,sigmoid,
2026-06-05T15:20:05,90.0,37.3,sensor2_serial,2,0,4,0,120,196,20.000,20.005,0,109,109,5.448518,SUCCESS,sigmoid,
2026-06-05T15:20:25,90.0,37.3,sensor2_serial,2,0,4,0,120,195,20.000,20.005,0,141,141,7.048135,SUCCESS,sigmoid,
2026-06-05T15:20:45,90.0,37.3,sensor2_serial,2,0,4,0,120,194,20.000,20.005,0,126,126,6.298286,SUCCESS,sigmoid,
2026-06-05T15:21:05,90.0,37.3,sensor2_serial,2,0,4,0,120,193,20.000,20.005,0,136,136,6.798164,SUCCESS,sigmoid,
2026-06-05T15:21:25,90.0,37.3,sensor2_serial,2,0,4,0,120,192,20.000,20.005,0,100,100,4.998695,SUCCESS,sigmoid,
2026-06-05T15:21:45,90.0,37.3,sensor2_serial,2,0,4,0,120,191,20.000,20.006,0,123,123,6.148303,SUCCESS,sigmoid,
2026-06-05T15:22:06,90.0,37.3,sensor2_serial,2,0,4,0,120,190,20.000,20.005,0,113,113,5.648513,SUCCESS,sigmoid,
2026-06-05T15:22:26,90.0,37.3,sensor2_serial,2,0,4,0,120,189,20.000,20.005,0,108,108,5.398516,SUCCESS,sigmoid,
2026-06-05T15:22:46,90.0,37.3,sensor2_serial,2,0,4,0,120,188,20.000,20.005,0,105,105,5.248572,SUCCESS,sigmoid,
2026-06-05T15:23:06,90.0,37.3,sensor2_serial,2,0,4,0,120,187,20.000,20.006,0,127,127,6.348200,SUCCESS,sigmoid,
2026-06-05T15:23:26,90.0,37.3,sensor2_serial,2,0,4,0,120,186,20.000,20.005,0,110,110,5.498503,SUCCESS,sigmoid,
2026-06-05T15:23:46,90.0,37.3,sensor2_serial,2,0,4,0,120,185,20.000,20.006,0,103,103,5.148569,SUCCESS,sigmoid,
2026-06-05T15:24:06,90.0,37.3,sensor2_serial,2,0,4,0,120,184,20.000,20.005,0,102,102,5.098669,SUCCESS,sigmoid,
2026-06-05T15:24:26,90.0,37.3,sensor2_serial,2,0,4,0,120,183,20.000,20.006,0,104,104,5.198544,SUCCESS,sigmoid,
2026-06-05T15:24:46,90.0,37.3,sensor2_serial,2,0,4,0,120,182,20.000,20.005,0,84,84,4.198923,SUCCESS,sigmoid,
2026-06-05T15:25:06,90.0,37.3,sensor2_serial,2,0,4,0,120,181,20.000,20.004,0,105,105,5.248914,SUCCESS,sigmoid,
2026-06-05T15:25:26,90.0,37.3,sensor2_serial,2,0,4,0,120,180,20.000,20.005,0,95,95,4.748728,SUCCESS,sigmoid,
2026-06-05T15:25:46,90.0,37.3,sensor2_serial,2,0,4,0,120,179,20.000,20.006,0,89,89,4.448750,SUCCESS,sigmoid,
2026-06-05T15:26:06,90.0,37.3,sensor2_serial,2,0,4,0,120,178,20.000,20.005,0,74,74,3.699139,SUCCESS,sigmoid,
2026-06-05T15:26:26,90.0,37.3,sensor2_serial,2,0,4,0,120,177,20.000,20.005,0,84,84,4.198871,SUCCESS,sigmoid,
2026-06-05T15:26:46,90.0,37.3,sensor2_serial,2,0,4,0,120,176,20.000,20.005,0,95,95,4.748723,SUCCESS,sigmoid,
2026-06-05T15:27:06,90.0,37.3,sensor2_serial,2,0,4,0,120,175,20.000,20.004,0,85,85,4.249105,SUCCESS,sigmoid,
2026-06-05T15:27:27,90.0,37.3,sensor2_serial,2,0,4,0,120,174,20.000,20.005,0,85,85,4.249008,SUCCESS,sigmoid,
2026-06-05T15:27:47,90.0,37.3,sensor2_serial,2,0,4,0,120,173,20.000,20.005,0,84,84,4.198926,SUCCESS,sigmoid,
2026-06-05T15:28:07,90.0,37.3,sensor2_serial,2,0,4,0,120,172,20.000,20.005,0,69,69,3.449120,SUCCESS,sigmoid,
2026-06-05T15:28:27,90.0,37.3,sensor2_serial,2,0,4,0,120,171,20.000,20.006,0,65,65,3.249102,SUCCESS,sigmoid,
2026-06-05T15:28:47,90.0,37.3,sensor2_serial,2,0,4,0,120,170,20.000,20.005,0,63,63,3.149195,SUCCESS,sigmoid,
2026-06-05T15:29:07,90.0,37.3,sensor2_serial,2,0,4,0,120,169,20.000,20.005,0,67,67,3.349133,SUCCESS,sigmoid,
2026-06-05T15:29:27,90.0,37.3,sensor2_serial,2,0,4,0,120,168,20.000,20.005,0,55,55,2.749270,SUCCESS,sigmoid,
2026-06-05T15:29:47,90.0,37.3,sensor2_serial,2,0,4,0,120,167,20.000,20.005,0,54,54,2.699277,SUCCESS,sigmoid,
2026-06-05T15:30:07,90.0,37.3,sensor2_serial,2,0,4,0,120,166,20.000,20.005,0,47,47,2.349460,SUCCESS,sigmoid,
2026-06-05T15:30:27,90.0,37.3,sensor2_serial,2,0,4,0,120,165,20.000,20.005,0,42,42,2.099432,SUCCESS,sigmoid,
2026-06-05T15:30:47,90.0,37.3,sensor2_serial,2,0,4,0,120,164,20.000,20.006,0,44,44,2.199392,SUCCESS,sigmoid,
2026-06-05T15:31:07,90.0,37.3,sensor2_serial,2,0,4,0,120,163,20.000,20.004,0,39,39,1.949577,SUCCESS,sigmoid,
2026-06-05T15:31:27,90.0,37.3,sensor2_serial,2,0,4,0,120,162,20.000,20.006,0,35,35,1.749511,SUCCESS,sigmoid,
2026-06-05T15:31:47,90.0,37.3,sensor2_serial,2,0,4,0,120,161,20.000,20.005,0,31,31,1.549600,SUCCESS,sigmoid,
2026-06-05T15:32:07,90.0,37.3,sensor2_serial,2,0,4,0,120,160,20.000,20.005,0,26,26,1.299661,SUCCESS,sigmoid,
2026-06-05T15:32:27,90.0,37.3,sensor2_serial,2,0,4,0,120,159,20.000,20.005,0,32,32,1.599570,SUCCESS,sigmoid,
2026-06-05T15:32:47,90.0,37.3,sensor2_serial,2,0,4,0,120,158,20.000,20.004,0,29,29,1.449704,SUCCESS,sigmoid,
2026-06-05T15:33:08,90.0,37.3,sensor2_serial,2,0,4,0,120,157,20.000,20.004,0,25,25,1.249719,SUCCESS,sigmoid,
2026-06-05T15:33:28,90.0,37.3,sensor2_serial,2,0,4,0,120,156,20.000,20.005,0,20,20,0.999736,SUCCESS,sigmoid,
2026-06-05T15:33:48,90.0,37.3,sensor2_serial,2,0,4,0,120,155,20.000,20.005,0,19,19,0.949761,SUCCESS,sigmoid,
2026-06-05T15:34:08,90.0,37.3,sensor2_serial,2,0,4,0,120,154,20.000,20.005,0,17,17,0.849770,SUCCESS,sigmoid,
2026-06-05T15:34:28,90.0,37.3,sensor2_serial,2,0,4,0,120,153,20.000,20.005,0,19,19,0.949748,SUCCESS,sigmoid,
2026-06-05T15:34:48,90.0,37.3,sensor2_serial,2,0,4,0,120,152,20.000,20.004,0,8,8,0.399917,SUCCESS,sigmoid,
2026-06-05T15:35:08,90.0,37.3,sensor2_serial,2,0,4,0,120,151,20.000,20.005,0,11,11,0.549852,SUCCESS,sigmoid,
2026-06-05T15:35:28,90.0,37.3,sensor2_serial,2,0,4,0,120,150,20.000,20.005,0,9,9,0.449881,SUCCESS,sigmoid,
2026-06-05T15:35:48,90.0,37.3,sensor2_serial,2,0,4,0,120,149,20.000,20.005,0,8,8,0.399894,SUCCESS,sigmoid,
2026-06-05T15:36:08,90.0,37.3,sensor2_serial,2,0,4,0,120,148,20.000,20.005,0,7,7,0.349921,SUCCESS,sigmoid,
2026-06-05T15:36:28,90.0,37.3,sensor2_serial,2,0,4,0,120,147,20.000,20.005,0,6,6,0.299932,SUCCESS,sigmoid,
2026-06-05T15:36:48,90.0,37.3,sensor2_serial,2,0,4,0,120,146,20.000,20.006,0,4,4,0.199944,SUCCESS,sigmoid,
2026-06-05T15:37:08,90.0,37.3,sensor2_serial,2,0,4,0,120,145,20.000,20.005,0,3,3,0.149964,SUCCESS,sigmoid,
2026-06-05T15:37:28,90.0,37.3,sensor2_serial,2,0,4,0,120,144,20.000,20.005,0,2,2,0.099975,SUCCESS,sigmoid,
2026-06-05T15:37:48,90.0,37.3,sensor2_serial,2,0,4,0,120,143,20.000,20.004,0,4,4,0.199957,SUCCESS,sigmoid,
2026-06-05T15:38:08,90.0,37.3,sensor2_serial,2,0,4,0,120,142,20.000,20.005,0,4,4,0.199946,SUCCESS,sigmoid,
2026-06-05T15:38:28,90.0,37.3,sensor2_serial,2,0,4,0,120,141,20.000,20.005,0,1,1,0.049987,SUCCESS,sigmoid,
2026-06-05T15:38:49,90.0,37.3,sensor2_serial,2,0,4,0,120,140,20.000,20.004,0,4,4,0.199958,SUCCESS,sigmoid,
2026-06-05T15:39:09,90.0,37.3,sensor2_serial,2,0,4,0,120,139,20.000,20.004,0,1,1,0.049989,SUCCESS,sigmoid,
2026-06-05T15:39:29,90.0,37.3,sensor2_serial,2,0,4,0,120,138,20.000,20.005,0,0,0,0.000000,SUCCESS,sigmoid,
2026-06-05T15:39:49,90.0,37.3,sensor2_serial,2,0,4,0,120,137,20.000,20.005,0,1,1,0.049987,SUCCESS,sigmoid,
2026-06-05T15:40:09,90.0,37.3,sensor2_serial,2,0,4,0,120,136,20.000,20.005,0,0,0,0.000000,SUCCESS,sigmoid,
2026-06-05T15:40:29,90.0,37.3,sensor2_serial,2,0,4,0,120,135,20.000,20.004,0,0,0,0.000000,SUCCESS,sigmoid,
2026-06-05T15:40:49,90.0,37.3,sensor2_serial,2,0,4,0,120,134,20.000,20.004,0,0,0,0.000000,SUCCESS,sigmoid,
2026-06-05T15:41:09,90.0,37.3,sensor2_serial,2,0,4,0,120,133,20.000,20.005,0,0,0,0.000000,SUCCESS,sigmoid,
2026-06-05T15:41:29,90.0,37.3,sensor2_serial,2,0,4,0,120,132,20.000,20.004,0,0,0,0.000000,SUCCESS,sigmoid,
2026-06-05T15:41:49,90.0,37.3,sensor2_serial,2,0,4,0,120,131,20.000,20.004,0,0,0,0.000000,SUCCESS,sigmoid,
2026-06-05T15:42:09,90.0,37.3,sensor2_serial,2,0,4,0,120,130,20.000,20.005,0,0,0,0.000000,SUCCESS,sigmoid,
2026-06-05T15:42:29,90.0,37.3,sensor2_serial,2,0,4,0,120,129,20.000,20.006,0,0,0,0.000000,SUCCESS,sigmoid,
2026-06-05T15:42:49,90.0,37.3,sensor2_serial,2,0,4,0,120,128,20.000,20.006,0,0,0,0.000000,SUCCESS,sigmoid,
2026-06-05T15:43:09,90.0,37.3,sensor2_serial,2,0,4,0,120,127,20.000,20.004,0,0,0,0.000000,SUCCESS,sigmoid,
2026-06-05T15:43:29,90.0,37.3,sensor2_serial,2,0,4,0,120,126,20.000,20.004,0,0,0,0.000000,SUCCESS,sigmoid,
2026-06-05T15:43:49,90.0,37.3,sensor2_serial,2,0,4,0,120,125,20.000,20.005,0,0,0,0.000000,SUCCESS,sigmoid,
2026-06-05T15:44:09,90.0,37.3,sensor2_serial,2,0,4,0,120,124,20.000,20.005,0,0,0,0.000000,SUCCESS,sigmoid,
2026-06-05T15:44:30,90.0,37.3,sensor2_serial,2,0,4,0,120,123,20.000,20.004,0,0,0,0.000000,SUCCESS,sigmoid,
2026-06-05T15:44:50,90.0,37.3,sensor2_serial,2,0,4,0,120,122,20.000,20.006,0,0,0,0.000000,SUCCESS,sigmoid,
2026-06-05T15:45:10,90.0,37.3,sensor2_serial,2,0,4,0,120,121,20.000,20.005,0,0,0,0.000000,SUCCESS,sigmoid,
2026-06-05T15:45:30,90.0,37.3,sensor2_serial,2,0,4,0,120,120,20.000,20.004,0,0,0,0.000000,SUCCESS,sigmoid,
2026-06-05T15:45:50,90.0,37.3,sensor2_serial,2,0,4,0,120,119,20.000,20.005,0,0,0,0.000000,SUCCESS,sigmoid,
2026-06-05T15:46:10,90.0,37.3,sensor2_serial,2,0,4,0,120,118,20.000,20.005,0,0,0,0.000000,SUCCESS,sigmoid,
2026-06-05T15:46:30,90.0,37.3,sensor2_serial,2,0,4,0,120,117,20.000,20.006,0,0,0,0.000000,SUCCESS,sigmoid,
2026-06-05T15:46:50,90.0,37.3,sensor2_serial,2,0,4,0,120,116,20.000,20.005,0,0,0,0.000000,SUCCESS,sigmoid,
2026-06-05T15:47:10,90.0,37.3,sensor2_serial,2,0,4,0,120,115,20.000,20.004,0,0,0,0.000000,SUCCESS,sigmoid,
2026-06-05T15:47:30,90.0,37.3,sensor2_serial,2,0,4,0,120,114,20.000,20.005,0,0,0,0.000000,SUCCESS,sigmoid,
2026-06-05T15:47:50,90.0,37.3,sensor2_serial,2,0,4,0,120,113,20.000,20.006,0,0,0,0.000000,SUCCESS,sigmoid,
2026-06-05T15:48:10,90.0,37.3,sensor2_serial,2,0,4,0,120,112,20.000,20.004,0,0,0,0.000000,SUCCESS,sigmoid,
2026-06-05T15:48:30,90.0,37.3,sensor2_serial,2,0,4,0,120,111,20.000,20.006,0,0,0,0.000000,SUCCESS,sigmoid,
2026-06-05T15:48:50,90.0,37.3,sensor2_serial,2,0,4,0,120,110,20.000,20.004,0,0,0,0.000000,SUCCESS,sigmoid,
2026-06-05T15:49:10,90.0,37.3,sensor2_serial,2,0,4,0,120,109,20.000,20.005,0,0,0,0.000000,SUCCESS,sigmoid,
2026-06-05T15:49:30,90.0,37.3,sensor2_serial,2,0,4,0,120,108,20.000,20.005,0,0,0,0.000000,SUCCESS,sigmoid,
2026-06-05T15:49:50,90.0,37.3,sensor2_serial,2,0,4,0,120,107,20.000,20.004,0,0,0,0.000000,SUCCESS,sigmoid,
2026-06-05T15:50:11,90.0,37.3,sensor2_serial,2,0,4,0,120,106,20.000,20.005,0,0,0,0.000000,SUCCESS,sigmoid,
2026-06-05T15:50:31,90.0,37.3,sensor2_serial,2,0,4,0,120,105,20.000,20.005,0,0,0,0.000000,SUCCESS,sigmoid,
2026-06-05T15:50:51,90.0,37.3,sensor2_serial,2,0,4,0,120,104,20.000,20.006,0,0,0,0.000000,SUCCESS,sigmoid,
2026-06-05T15:51:11,90.0,37.3,sensor2_serial,2,0,4,0,120,103,20.000,20.005,0,0,0,0.000000,SUCCESS,sigmoid,
2026-06-05T15:51:31,90.0,37.3,sensor2_serial,2,0,4,0,120,102,20.000,20.004,0,0,0,0.000000,SUCCESS,sigmoid,
2026-06-05T15:51:51,90.0,37.3,sensor2_serial,2,0,4,0,120,101,20.000,20.005,0,0,0,0.000000,SUCCESS,sigmoid,
2026-06-05T15:52:11,90.0,37.3,sensor2_serial,2,0,4,0,120,100,20.000,20.006,0,0,0,0.000000,SUCCESS,sigmoid,
2026-06-05T15:52:31,90.0,37.3,sensor2_serial,2,0,4,0,120,99,20.000,20.006,0,0,0,0.000000,SUCCESS,sigmoid,
2026-06-05T15:52:51,90.0,37.3,sensor2_serial,2,0,4,0,120,98,20.000,20.006,0,0,0,0.000000,SUCCESS,sigmoid,
2026-06-05T15:53:11,90.0,37.3,sensor2_serial,2,0,4,0,120,97,20.000,20.005,0,0,0,0.000000,SUCCESS,sigmoid,
2026-06-05T15:53:31,90.0,37.3,sensor2_serial,2,0,4,0,120,96,20.000,20.005,0,0,0,0.000000,SUCCESS,sigmoid,
2026-06-05T15:53:51,90.0,37.3,sensor2_serial,2,0,4,0,120,95,20.000,20.005,0,0,0,0.000000,SUCCESS,sigmoid,
2026-06-05T15:54:11,90.0,37.3,sensor2_serial,2,0,4,0,120,94,20.000,20.004,0,0,0,0.000000,SUCCESS,sigmoid,
2026-06-05T15:54:31,90.0,37.3,sensor2_serial,2,0,4,0,120,93,20.000,20.005,0,0,0,0.000000,SUCCESS,sigmoid,
2026-06-05T15:54:51,90.0,37.3,sensor2_serial,2,0,4,0,120,92,20.000,20.005,0,0,0,0.000000,SUCCESS,sigmoid,
2026-06-05T15:55:11,90.0,37.3,sensor2_serial,2,0,4,0,120,91,20.000,20.005,0,0,0,0.000000,SUCCESS,sigmoid,
2026-06-05T15:55:31,90.0,37.3,sensor2_serial,2,0,4,0,120,90,20.000,20.004,0,0,0,0.000000,SUCCESS,sigmoid,
2026-06-05T15:55:52,90.0,37.3,sensor2_serial,2,0,4,0,120,89,20.000,20.005,0,0,0,0.000000,SUCCESS,sigmoid,
2026-06-05T15:56:12,90.0,37.3,sensor2_serial,2,0,4,0,120,88,20.000,20.005,0,0,0,0.000000,SUCCESS,sigmoid,
2026-06-05T15:56:32,90.0,37.3,sensor2_serial,2,0,4,0,120,87,20.000,20.004,0,0,0,0.000000,SUCCESS,sigmoid,
2026-06-05T15:56:52,90.0,37.3,sensor2_serial,2,0,4,0,120,86,20.000,20.005,0,0,0,0.000000,SUCCESS,sigmoid,
2026-06-05T15:57:12,90.0,37.3,sensor2_serial,2,0,4,0,120,85,20.000,20.005,0,0,0,0.000000,SUCCESS,sigmoid,
2026-06-05T15:57:32,90.0,37.3,sensor2_serial,2,0,4,0,120,84,20.000,20.005,0,0,0,0.000000,SUCCESS,sigmoid,
2026-06-05T15:57:52,90.0,37.3,sensor2_serial,2,0,4,0,120,83,20.000,20.005,0,0,0,0.000000,SUCCESS,sigmoid,
2026-06-05T15:58:12,90.0,37.3,sensor2_serial,2,0,4,0,120,82,20.000,20.006,0,0,0,0.000000,SUCCESS,sigmoid,
2026-06-05T15:58:32,90.0,37.3,sensor2_serial,2,0,4,0,120,81,20.000,20.005,0,0,0,0.000000,SUCCESS,sigmoid,
2026-06-05T15:58:52,90.0,37.3,sensor2_serial,2,0,4,0,120,80,20.000,20.004,0,0,0,0.000000,SUCCESS,sigmoid,
2026-06-05T15:59:12,90.0,37.3,sensor2_serial,2,0,4,0,120,79,20.000,20.006,0,0,0,0.000000,SUCCESS,sigmoid,
2026-06-05T15:59:32,90.0,37.3,sensor2_serial,2,0,4,0,120,78,20.000,20.004,0,0,0,0.000000,SUCCESS,sigmoid,
2026-06-05T15:59:52,90.0,37.3,sensor2_serial,2,0,4,0,120,77,20.000,20.005,0,0,0,0.000000,SUCCESS,sigmoid,
2026-06-05T16:00:12,90.0,37.3,sensor2_serial,2,0,4,0,120,76,20.000,20.005,0,0,0,0.000000,SUCCESS,sigmoid,
2026-06-05T16:00:32,90.0,37.3,sensor2_serial,2,0,4,0,120,75,20.000,20.005,0,0,0,0.000000,SUCCESS,sigmoid,
2026-06-05T16:00:52,90.0,37.3,sensor2_serial,2,0,4,0,120,74,20.000,20.004,0,0,0,0.000000,SUCCESS,sigmoid,
2026-06-05T16:01:12,90.0,37.3,sensor2_serial,2,0,4,0,120,73,20.000,20.004,0,0,0,0.000000,SUCCESS,sigmoid,
2026-06-05T16:01:33,90.0,37.3,sensor2_serial,2,0,4,0,120,72,20.000,20.005,0,0,0,0.000000,SUCCESS,sigmoid,
2026-06-05T16:01:53,90.0,37.3,sensor2_serial,2,0,4,0,120,71,20.000,20.005,0,0,0,0.000000,SUCCESS,sigmoid,
2026-06-05T16:02:13,90.0,37.3,sensor2_serial,2,0,4,0,120,70,20.000,20.004,0,0,0,0.000000,SUCCESS,sigmoid,
2026-06-05T16:02:33,90.0,37.3,sensor2_serial,2,0,4,0,120,69,20.000,20.005,0,0,0,0.000000,SUCCESS,sigmoid,
2026-06-05T16:02:53,90.0,37.3,sensor2_serial,2,0,4,0,120,68,20.000,20.004,0,0,0,0.000000,SUCCESS,sigmoid,
2026-06-05T16:03:13,90.0,37.3,sensor2_serial,2,0,4,0,120,67,20.000,20.005,0,0,0,0.000000,SUCCESS,sigmoid,
2026-06-05T16:03:33,90.0,37.3,sensor2_serial,2,0,4,0,120,66,20.000,20.005,0,0,0,0.000000,SUCCESS,sigmoid,
2026-06-05T16:03:53,90.0,37.3,sensor2_serial,2,0,4,0,120,65,20.000,20.004,0,0,0,0.000000,SUCCESS,sigmoid,
2026-06-05T16:04:13,90.0,37.3,sensor2_serial,2,0,4,0,120,64,20.000,20.005,0,0,0,0.000000,SUCCESS,sigmoid,
2026-06-05T16:04:33,90.0,37.3,sensor2_serial,2,0,4,0,120,63,20.000,20.004,0,0,0,0.000000,SUCCESS,sigmoid,
2026-06-05T16:04:53,90.0,37.3,sensor2_serial,2,0,4,0,120,62,20.000,20.006,0,0,0,0.000000,SUCCESS,sigmoid,
2026-06-05T16:05:13,90.0,37.3,sensor2_serial,2,0,4,0,120,61,20.000,20.005,0,0,0,0.000000,SUCCESS,sigmoid,
2026-06-05T16:05:33,90.0,37.3,sensor2_serial,2,0,4,0,120,60,20.000,20.005,0,0,0,0.000000,SUCCESS,sigmoid,
2026-06-05T16:05:53,90.0,37.3,sensor2_serial,2,0,4,0,120,59,20.000,20.004,0,0,0,0.000000,SUCCESS,sigmoid,
2026-06-05T16:06:13,90.0,37.3,sensor2_serial,2,0,4,0,120,58,20.000,20.005,0,0,0,0.000000,SUCCESS,sigmoid,
2026-06-05T16:06:33,90.0,37.3,sensor2_serial,2,0,4,0,120,57,20.000,20.004,0,0,0,0.000000,SUCCESS,sigmoid,
2026-06-05T16:06:54,90.0,37.3,sensor2_serial,2,0,4,0,120,56,20.000,20.005,0,0,0,0.000000,SUCCESS,sigmoid,
2026-06-05T16:07:14,90.0,37.3,sensor2_serial,2,0,4,0,120,55,20.000,20.004,0,0,0,0.000000,SUCCESS,sigmoid,
2026-06-05T16:07:34,90.0,37.3,sensor2_serial,2,0,4,0,120,54,20.000,20.004,0,0,0,0.000000,SUCCESS,sigmoid,
2026-06-05T16:07:54,90.0,37.3,sensor2_serial,2,0,4,0,120,53,20.000,20.004,0,0,0,0.000000,SUCCESS,sigmoid,
2026-06-05T16:08:14,90.0,37.3,sensor2_serial,2,0,4,0,120,52,20.000,20.005,0,0,0,0.000000,SUCCESS,sigmoid,
2026-06-05T16:08:34,90.0,37.3,sensor2_serial,2,0,4,0,120,51,20.000,20.005,0,0,0,0.000000,SUCCESS,sigmoid,
2026-06-05T16:08:54,90.0,37.3,sensor2_serial,2,0,4,0,120,50,20.000,20.006,0,0,0,0.000000,SUCCESS,sigmoid,
2026-06-05T16:09:14,90.0,37.3,sensor2_serial,2,0,4,0,120,49,20.000,20.005,0,0,0,0.000000,SUCCESS,sigmoid,
2026-06-05T16:09:34,90.0,37.3,sensor2_serial,2,0,4,0,120,48,20.000,20.004,0,0,0,0.000000,SUCCESS,sigmoid,
2026-06-05T16:09:54,90.0,37.3,sensor2_serial,2,0,4,0,120,47,20.000,20.005,0,0,0,0.000000,SUCCESS,sigmoid,
2026-06-05T16:10:14,90.0,37.3,sensor2_serial,2,0,4,0,120,46,20.000,20.005,0,0,0,0.000000,SUCCESS,sigmoid,
2026-06-05T16:10:34,90.0,37.3,sensor2_serial,2,0,4,0,120,45,20.000,20.004,0,0,0,0.000000,SUCCESS,sigmoid,
2026-06-05T16:10:54,90.0,37.3,sensor2_serial,2,0,4,0,120,44,20.000,20.004,0,0,0,0.000000,SUCCESS,sigmoid,
2026-06-05T16:11:14,90.0,37.3,sensor2_serial,2,0,4,0,120,43,20.000,20.004,0,0,0,0.000000,SUCCESS,sigmoid,
2026-06-05T16:11:34,90.0,37.3,sensor2_serial,2,0,4,0,120,42,20.000,20.005,0,0,0,0.000000,SUCCESS,sigmoid,
2026-06-05T16:11:54,90.0,37.3,sensor2_serial,2,0,4,0,120,41,20.000,20.006,0,0,0,0.000000,SUCCESS,sigmoid,
2026-06-05T16:12:14,90.0,37.3,sensor2_serial,2,0,4,0,120,40,20.000,20.004,0,0,0,0.000000,SUCCESS,sigmoid,
2026-06-05T16:12:35,90.0,37.3,sensor2_serial,2,0,4,0,120,39,20.000,20.004,0,0,0,0.000000,SUCCESS,sigmoid,
2026-06-05T16:12:55,90.0,37.3,sensor2_serial,2,0,4,0,120,38,20.000,20.006,0,0,0,0.000000,SUCCESS,sigmoid,
2026-06-05T16:13:15,90.0,37.3,sensor2_serial,2,0,4,0,120,37,20.000,20.006,0,0,0,0.000000,SUCCESS,sigmoid,
2026-06-05T16:13:35,90.0,37.3,sensor2_serial,2,0,4,0,120,36,20.000,20.004,0,0,0,0.000000,SUCCESS,sigmoid,
2026-06-05T16:13:55,90.0,37.3,sensor2_serial,2,0,4,0,120,35,20.000,20.005,0,0,0,0.000000,SUCCESS,sigmoid,
2026-06-05T16:14:15,90.0,37.3,sensor2_serial,2,0,4,0,120,34,20.000,20.005,0,0,0,0.000000,SUCCESS,sigmoid,
2026-06-05T16:14:35,90.0,37.3,sensor2_serial,2,0,4,0,120,33,20.000,20.005,0,0,0,0.000000,SUCCESS,sigmoid,
2026-06-05T16:14:55,90.0,37.3,sensor2_serial,2,0,4,0,120,32,20.000,20.005,0,0,0,0.000000,SUCCESS,sigmoid,
2026-06-05T16:15:15,90.0,37.3,sensor2_serial,2,0,4,0,120,31,20.000,20.005,0,0,0,0.000000,SUCCESS,sigmoid,
2026-06-05T16:15:35,90.0,37.3,sensor2_serial,2,0,4,0,120,30,20.000,20.005,0,0,0,0.000000,SUCCESS,sigmoid,
2026-06-05T16:15:55,90.0,37.3,sensor2_serial,2,0,4,0,120,29,20.000,20.005,0,0,0,0.000000,SUCCESS,sigmoid,
2026-06-05T16:16:15,90.0,37.3,sensor2_serial,2,0,4,0,120,28,20.000,20.005,0,0,0,0.000000,SUCCESS,sigmoid,
2026-06-05T16:16:35,90.0,37.3,sensor2_serial,2,0,4,0,120,27,20.000,20.005,0,0,0,0.000000,SUCCESS,sigmoid,
2026-06-05T16:16:55,90.0,37.3,sensor2_serial,2,0,4,0,120,26,20.000,20.005,0,0,0,0.000000,SUCCESS,sigmoid,
2026-06-05T16:17:15,90.0,37.3,sensor2_serial,2,0,4,0,120,25,20.000,20.004,0,0,0,0.000000,SUCCESS,sigmoid,
2026-06-05T16:17:35,90.0,37.3,sensor2_serial,2,0,4,0,120,24,20.000,20.005,0,0,0,0.000000,SUCCESS,sigmoid,
2026-06-05T16:17:55,90.0,37.3,sensor2_serial,2,0,4,0,120,23,20.000,20.004,0,0,0,0.000000,SUCCESS,sigmoid,
2026-06-05T16:18:16,90.0,37.3,sensor2_serial,2,0,4,0,120,22,20.000,20.004,0,0,0,0.000000,SUCCESS,sigmoid,
2026-06-05T16:18:36,90.0,37.3,sensor2_serial,2,0,4,0,120,21,20.000,20.005,0,0,0,0.000000,SUCCESS,sigmoid,
2026-06-05T16:18:56,90.0,37.3,sensor2_serial,2,0,4,0,120,20,20.000,20.005,0,0,0,0.000000,SUCCESS,sigmoid,
2026-06-05T16:19:16,90.0,37.3,sensor2_serial,2,0,4,0,120,19,20.000,20.005,0,0,0,0.000000,SUCCESS,sigmoid,
2026-06-05T16:19:36,90.0,37.3,sensor2_serial,2,0,4,0,120,18,20.000,20.005,0,0,0,0.000000,SUCCESS,sigmoid,
2026-06-05T16:19:56,90.0,37.3,sensor2_serial,2,0,4,0,120,17,20.000,20.005,0,0,0,0.000000,SUCCESS,sigmoid,
2026-06-05T16:20:16,90.0,37.3,sensor2_serial,2,0,4,0,120,16,20.000,20.005,0,0,0,0.000000,SUCCESS,sigmoid,
2026-06-05T16:20:36,90.0,37.3,sensor2_serial,2,0,4,0,120,15,20.000,20.005,0,0,0,0.000000,SUCCESS,sigmoid,
2026-06-05T16:20:56,90.0,37.3,sensor2_serial,2,0,4,0,120,14,20.000,20.005,0,0,0,0.000000,SUCCESS,sigmoid,
2026-06-05T16:21:16,90.0,37.3,sensor2_serial,2,0,4,0,120,13,20.000,20.005,0,0,0,0.000000,SUCCESS,sigmoid,
2026-06-05T16:21:36,90.0,37.3,sensor2_serial,2,0,4,0,120,12,20.000,20.005,0,0,0,0.000000,SUCCESS,sigmoid,
2026-06-05T16:21:56,90.0,37.3,sensor2_serial,2,0,4,0,120,11,20.000,20.004,0,0,0,0.000000,SUCCESS,sigmoid,
2026-06-05T16:22:16,90.0,37.3,sensor2_serial,2,0,4,0,120,10,20.000,20.005,0,0,0,0.000000,SUCCESS,sigmoid,
2026-06-05T16:22:36,90.0,37.3,sensor2_serial,2,0,4,0,120,9,20.000,20.004,0,0,0,0.000000,SUCCESS,sigmoid,
2026-06-05T16:22:56,90.0,37.3,sensor2_serial,2,0,4,0,120,8,20.000,20.004,0,0,0,0.000000,SUCCESS,sigmoid,
2026-06-05T16:23:16,90.0,37.3,sensor2_serial,2,0,4,0,120,7,20.000,20.004,0,0,0,0.000000,SUCCESS,sigmoid,
2026-06-05T16:23:36,90.0,37.3,sensor2_serial,2,0,4,0,120,6,20.000,20.004,0,0,0,0.000000,SUCCESS,sigmoid,
2026-06-05T16:23:57,90.0,37.3,sensor2_serial,2,0,4,0,120,5,20.000,20.005,0,0,0,0.000000,SUCCESS,sigmoid,
2026-06-05T16:24:17,90.0,37.3,sensor2_serial,2,0,4,0,120,4,20.000,20.005,0,0,0,0.000000,SUCCESS,sigmoid,
2026-06-05T16:24:37,90.0,37.3,sensor2_serial,2,0,4,0,120,3,20.000,20.005,0,0,0,0.000000,SUCCESS,sigmoid,
2026-06-05T16:24:57,90.0,37.3,sensor2_serial,2,0,4,0,120,2,20.000,20.005,0,0,0,0.000000,SUCCESS,sigmoid,
2026-06-05T16:25:17,90.0,37.3,sensor2_serial,2,0,4,0,120,1,20.000,20.004,0,0,0,0.000000,SUCCESS,sigmoid,
2026-06-05T16:25:37,90.0,37.3,sensor2_serial,2,0,4,0,120,0,20.000,20.005,0,0,0,0.000000,SUCCESS,sigmoid,
2026-06-05T16:25:57,90.0,37.3,sensor2_serial,2,1,5,1,120,255,20.000,20.005,0,1812380,1812380,90594.643385,SUCCESS,sigmoid,
2026-06-05T16:26:17,90.0,37.3,sensor2_serial,2,1,5,1,120,254,20.000,20.006,0,1745961,1745961,87273.356593,SUCCESS,sigmoid,
2026-06-05T16:26:37,90.0,37.3,sensor2_serial,2,1,5,1,120,253,20.000,20.005,0,1747854,1747854,87369.061654,SUCCESS,sigmoid,
2026-06-05T16:26:57,90.0,37.3,sensor2_serial,2,1,5,1,120,252,20.000,20.005,0,1982779,1982779,99113.782264,SUCCESS,sigmoid,
2026-06-05T16:27:17,90.0,37.3,sensor2_serial,2,1,5,1,120,251,20.000,20.004,0,2323677,2323677,116159.610293,SUCCESS,sigmoid,
2026-06-05T16:27:37,90.0,37.3,sensor2_serial,2,1,5,1,120,250,20.000,20.005,0,2724640,2724640,136195.945110,SUCCESS,sigmoid,
2026-06-05T16:27:57,90.0,37.3,sensor2_serial,2,1,5,1,120,249,20.000,20.005,0,3082821,3082821,154099.630919,SUCCESS,sigmoid,
2026-06-05T16:28:17,90.0,37.3,sensor2_serial,2,1,5,1,120,248,20.000,20.004,0,3255474,3255474,162740.065999,SUCCESS,sigmoid,
2026-06-05T16:28:37,90.0,37.3,sensor2_serial,2,1,5,1,120,247,20.000,20.004,0,2975753,2975753,148755.191516,SUCCESS,sigmoid,
2026-06-05T16:28:57,90.0,37.3,sensor2_serial,2,1,5,1,120,246,20.000,20.005,0,2322896,2322896,116113.682183,SUCCESS,sigmoid,
2026-06-05T16:29:17,90.0,37.3,sensor2_serial,2,1,5,1,120,245,20.000,20.006,0,1602729,1602729,80112.981310,SUCCESS,sigmoid,
2026-06-05T16:29:38,90.0,37.3,sensor2_serial,2,1,5,1,120,244,20.000,20.006,0,849125,849125,42444.316058,SUCCESS,sigmoid,
2026-06-05T16:29:58,90.0,37.3,sensor2_serial,2,1,5,1,120,243,20.000,20.006,0,464651,464651,23226.145276,SUCCESS,sigmoid,
2026-06-05T16:30:18,90.0,37.3,sensor2_serial,2,1,5,1,120,242,20.000,20.005,0,236199,236199,11806.877310,SUCCESS,sigmoid,
2026-06-05T16:30:38,90.0,37.3,sensor2_serial,2,1,5,1,120,241,20.000,20.006,0,111711,111711,5584.009915,SUCCESS,sigmoid,
2026-06-05T16:30:58,90.0,37.3,sensor2_serial,2,1,5,1,120,240,20.000,20.005,0,48283,48283,2413.501009,SUCCESS,sigmoid,
2026-06-05T16:31:18,90.0,37.3,sensor2_serial,2,1,5,1,120,239,20.000,20.005,0,60104,60104,3004.417468,SUCCESS,sigmoid,
2026-06-05T16:31:38,90.0,37.3,sensor2_serial,2,1,5,1,120,238,20.000,20.006,0,21539,21539,1076.651478,SUCCESS,sigmoid,
2026-06-05T16:31:58,90.0,37.3,sensor2_serial,2,1,5,1,120,237,20.000,20.005,0,9863,9863,493.017827,SUCCESS,sigmoid,
2026-06-05T16:32:18,90.0,37.3,sensor2_serial,2,1,5,1,120,236,20.000,20.005,0,4117,4117,205.794088,SUCCESS,sigmoid,
2026-06-05T16:32:38,90.0,37.3,sensor2_serial,2,1,5,1,120,235,20.000,20.005,0,1903,1903,95.124003,SUCCESS,sigmoid,
2026-06-05T16:32:58,90.0,37.3,sensor2_serial,2,1,5,1,120,234,20.000,20.005,0,629,629,31.442188,SUCCESS,sigmoid,
2026-06-05T16:33:18,90.0,37.3,sensor2_serial,2,1,5,1,120,233,20.000,20.006,0,268,268,13.396266,SUCCESS,sigmoid,
2026-06-05T16:33:38,90.0,37.3,sensor2_serial,2,1,5,1,120,232,20.000,20.005,0,192,192,9.597414,SUCCESS,sigmoid,
2026-06-05T16:33:58,90.0,37.3,sensor2_serial,2,1,5,1,120,231,20.000,20.006,0,176,176,8.797488,SUCCESS,sigmoid,
2026-06-05T16:34:18,90.0,37.3,sensor2_serial,2,1,5,1,120,230,20.000,20.005,0,144,144,7.198056,SUCCESS,sigmoid,
2026-06-05T16:34:38,90.0,37.3,sensor2_serial,2,1,5,1,120,229,20.000,20.005,0,154,154,7.697937,SUCCESS,sigmoid,
2026-06-05T16:34:58,90.0,37.3,sensor2_serial,2,1,5,1,120,228,20.000,20.005,0,142,142,7.098149,SUCCESS,sigmoid,
2026-06-05T16:35:19,90.0,37.3,sensor2_serial,2,1,5,1,120,227,20.000,20.005,0,177,177,8.847675,SUCCESS,sigmoid,
2026-06-05T16:35:39,90.0,37.3,sensor2_serial,2,1,5,1,120,226,20.000,20.005,0,146,146,7.298086,SUCCESS,sigmoid,
2026-06-05T16:35:59,90.0,37.3,sensor2_serial,2,1,5,1,120,225,20.000,20.005,0,164,164,8.197757,SUCCESS,sigmoid,
2026-06-05T16:36:19,90.0,37.3,sensor2_serial,2,1,5,1,120,224,20.000,20.005,0,140,140,6.998109,SUCCESS,sigmoid,
2026-06-05T16:36:39,90.0,37.3,sensor2_serial,2,1,5,1,120,223,20.000,20.006,0,138,138,6.898044,SUCCESS,sigmoid,
2026-06-05T16:36:59,90.0,37.3,sensor2_serial,2,1,5,1,120,222,20.000,20.005,0,162,162,8.097806,SUCCESS,sigmoid,
2026-06-05T16:37:19,90.0,37.3,sensor2_serial,2,1,5,1,120,221,20.000,20.005,0,151,151,7.548081,SUCCESS,sigmoid,
2026-06-05T16:37:39,90.0,37.3,sensor2_serial,2,1,5,1,120,220,20.000,20.006,0,145,145,7.247971,SUCCESS,sigmoid,
2026-06-05T16:37:59,90.0,37.3,sensor2_serial,2,1,5,1,120,219,20.000,20.005,0,133,133,6.648202,SUCCESS,sigmoid,
2026-06-05T16:38:19,90.0,37.3,sensor2_serial,2,1,5,1,120,218,20.000,20.005,0,155,155,7.747945,SUCCESS,sigmoid,
2026-06-05T16:38:39,90.0,37.3,sensor2_serial,2,1,5,1,120,217,20.000,20.005,0,132,132,6.598229,SUCCESS,sigmoid,
2026-06-05T16:38:59,90.0,37.3,sensor2_serial,2,1,5,1,120,216,20.000,20.005,0,134,134,6.698168,SUCCESS,sigmoid,
2026-06-05T16:39:19,90.0,37.3,sensor2_serial,2,1,5,1,120,215,20.000,20.005,0,139,139,6.948174,SUCCESS,sigmoid,
2026-06-05T16:39:39,90.0,37.3,sensor2_serial,2,1,5,1,120,214,20.000,20.005,0,162,162,8.097804,SUCCESS,sigmoid,
2026-06-05T16:39:59,90.0,37.3,sensor2_serial,2,1,5,1,120,213,20.000,20.005,0,146,146,7.298087,SUCCESS,sigmoid,
2026-06-05T16:40:19,90.0,37.3,sensor2_serial,2,1,5,1,120,212,20.000,20.006,0,135,135,6.748063,SUCCESS,sigmoid,
2026-06-05T16:40:39,90.0,37.3,sensor2_serial,2,1,5,1,120,211,20.000,20.005,0,124,124,6.198401,SUCCESS,sigmoid,
2026-06-05T16:41:00,90.0,37.3,sensor2_serial,2,1,5,1,120,210,20.000,20.006,0,156,156,7.797812,SUCCESS,sigmoid,
2026-06-05T16:41:20,90.0,37.3,sensor2_serial,2,1,5,1,120,209,20.000,20.006,0,145,145,7.247971,SUCCESS,sigmoid,
2026-06-05T16:41:40,90.0,37.3,sensor2_serial,2,1,5,1,120,208,20.000,20.006,0,124,124,6.198206,SUCCESS,sigmoid,
2026-06-05T16:42:00,90.0,37.3,sensor2_serial,2,1,5,1,120,207,20.000,20.005,0,144,144,7.198135,SUCCESS,sigmoid,
2026-06-05T16:42:20,90.0,37.3,sensor2_serial,2,1,5,1,120,206,20.000,20.005,0,125,125,6.248332,SUCCESS,sigmoid,
2026-06-05T16:42:40,90.0,37.3,sensor2_serial,2,1,5,1,120,205,20.000,20.005,0,150,150,7.498060,SUCCESS,sigmoid,
2026-06-05T16:43:00,90.0,37.3,sensor2_serial,2,1,5,1,120,204,20.000,20.005,0,138,138,6.898149,SUCCESS,sigmoid,
2026-06-05T16:43:20,90.0,37.3,sensor2_serial,2,1,5,1,120,203,20.000,20.006,0,123,123,6.148284,SUCCESS,sigmoid,
2026-06-05T16:43:40,90.0,37.3,sensor2_serial,2,1,5,1,120,202,20.000,20.005,0,139,139,6.948118,SUCCESS,sigmoid,
2026-06-05T16:44:00,90.0,37.3,sensor2_serial,2,1,5,1,120,201,20.000,20.005,0,130,130,6.498296,SUCCESS,sigmoid,
2026-06-05T16:44:20,90.0,37.3,sensor2_serial,2,1,5,1,120,200,20.000,20.006,0,144,144,7.197959,SUCCESS,sigmoid,
2026-06-05T16:44:40,90.0,37.3,sensor2_serial,2,1,5,1,120,199,20.000,20.006,0,125,125,6.248279,SUCCESS,sigmoid,
2026-06-05T16:45:00,90.0,37.3,sensor2_serial,2,1,5,1,120,198,20.000,20.005,0,139,139,6.948112,SUCCESS,sigmoid,
2026-06-05T16:45:20,90.0,37.3,sensor2_serial,2,1,5,1,120,197,20.000,20.005,0,148,148,7.398060,SUCCESS,sigmoid,
2026-06-05T16:45:40,90.0,37.3,sensor2_serial,2,1,5,1,120,196,20.000,20.005,0,139,139,6.948157,SUCCESS,sigmoid,
2026-06-05T16:46:00,90.0,37.3,sensor2_serial,2,1,5,1,120,195,20.000,20.005,0,144,144,7.198053,SUCCESS,sigmoid,
2026-06-05T16:46:21,90.0,37.3,sensor2_serial,2,1,5,1,120,194,20.000,20.004,0,109,109,5.448784,SUCCESS,sigmoid,
2026-06-05T16:46:41,90.0,37.3,sensor2_serial,2,1,5,1,120,193,20.000,20.006,0,129,129,6.448170,SUCCESS,sigmoid,
2026-06-05T16:47:01,90.0,37.3,sensor2_serial,2,1,5,1,120,192,20.000,20.005,0,136,136,6.798255,SUCCESS,sigmoid,
2026-06-05T16:47:21,90.0,37.3,sensor2_serial,2,1,5,1,120,191,20.000,20.005,0,112,112,5.598547,SUCCESS,sigmoid,
2026-06-05T16:47:41,90.0,37.3,sensor2_serial,2,1,5,1,120,190,20.000,20.005,0,145,145,7.248060,SUCCESS,sigmoid,
2026-06-05T16:48:01,90.0,37.3,sensor2_serial,2,1,5,1,120,189,20.000,20.005,0,155,155,7.748027,SUCCESS,sigmoid,
2026-06-05T16:48:21,90.0,37.3,sensor2_serial,2,1,5,1,120,188,20.000,20.005,0,125,125,6.248353,SUCCESS,sigmoid,
2026-06-05T16:48:41,90.0,37.3,sensor2_serial,2,1,5,1,120,187,20.000,20.005,0,120,120,5.998462,SUCCESS,sigmoid,
2026-06-05T16:49:01,90.0,37.3,sensor2_serial,2,1,5,1,120,186,20.000,20.005,0,119,119,5.948373,SUCCESS,sigmoid,
2026-06-05T16:49:21,90.0,37.3,sensor2_serial,2,1,5,1,120,185,20.000,20.005,0,115,115,5.748590,SUCCESS,sigmoid,
2026-06-05T16:49:41,90.0,37.3,sensor2_serial,2,1,5,1,120,184,20.000,20.005,0,103,103,5.148602,SUCCESS,sigmoid,
2026-06-05T16:50:01,90.0,37.3,sensor2_serial,2,1,5,1,120,183,20.000,20.005,0,116,116,5.798425,SUCCESS,sigmoid,
2026-06-05T16:50:21,90.0,37.3,sensor2_serial,2,1,5,1,120,182,20.000,20.005,0,128,128,6.398280,SUCCESS,sigmoid,
2026-06-05T16:50:41,90.0,37.3,sensor2_serial,2,1,5,1,120,181,20.000,20.005,0,113,113,5.648524,SUCCESS,sigmoid,
2026-06-05T16:51:01,90.0,37.3,sensor2_serial,2,1,5,1,120,180,20.000,20.005,0,111,111,5.548550,SUCCESS,sigmoid,
2026-06-05T16:51:21,90.0,37.3,sensor2_serial,2,1,5,1,120,179,20.000,20.005,0,130,130,6.498238,SUCCESS,sigmoid,
2026-06-05T16:51:41,90.0,37.3,sensor2_serial,2,1,5,1,120,178,20.000,20.006,0,111,111,5.548454,SUCCESS,sigmoid,
2026-06-05T16:52:02,90.0,37.3,sensor2_serial,2,1,5,1,120,177,20.000,20.005,0,74,74,3.699148,SUCCESS,sigmoid,
2026-06-05T16:52:22,90.0,37.3,sensor2_serial,2,1,5,1,120,176,20.000,20.005,0,85,85,4.248852,SUCCESS,sigmoid,
2026-06-05T16:52:42,90.0,37.3,sensor2_serial,2,1,5,1,120,175,20.000,20.006,0,116,116,5.798237,SUCCESS,sigmoid,
2026-06-05T16:53:02,90.0,37.3,sensor2_serial,2,1,5,1,120,174,20.000,20.005,0,90,90,4.498765,SUCCESS,sigmoid,
2026-06-05T16:53:22,90.0,37.3,sensor2_serial,2,1,5,1,120,173,20.000,20.004,0,76,76,3.799167,SUCCESS,sigmoid,
2026-06-05T16:53:42,90.0,37.3,sensor2_serial,2,1,5,1,120,172,20.000,20.005,0,91,91,4.548969,SUCCESS,sigmoid,
2026-06-05T16:54:02,90.0,37.3,sensor2_serial,2,1,5,1,120,171,20.000,20.006,0,76,76,3.798948,SUCCESS,sigmoid,
2026-06-05T16:54:22,90.0,37.3,sensor2_serial,2,1,5,1,120,170,20.000,20.005,0,83,83,4.148880,SUCCESS,sigmoid,
2026-06-05T16:54:42,90.0,37.3,sensor2_serial,2,1,5,1,120,169,20.000,20.004,0,90,90,4.499088,SUCCESS,sigmoid,
2026-06-05T16:55:02,90.0,37.3,sensor2_serial,2,1,5,1,120,168,20.000,20.005,0,61,61,3.049198,SUCCESS,sigmoid,
2026-06-05T16:55:22,90.0,37.3,sensor2_serial,2,1,5,1,120,167,20.000,20.005,0,53,53,2.649307,SUCCESS,sigmoid,
2026-06-05T16:55:42,90.0,37.3,sensor2_serial,2,1,5,1,120,166,20.000,20.005,0,70,70,3.499107,SUCCESS,sigmoid,
2026-06-05T16:56:02,90.0,37.3,sensor2_serial,2,1,5,1,120,165,20.000,20.005,0,69,69,3.449094,SUCCESS,sigmoid,
2026-06-05T16:56:22,90.0,37.3,sensor2_serial,2,1,5,1,120,164,20.000,20.005,0,49,49,2.449356,SUCCESS,sigmoid,
2026-06-05T16:56:42,90.0,37.3,sensor2_serial,2,1,5,1,120,163,20.000,20.005,0,70,70,3.499074,SUCCESS,sigmoid,
2026-06-05T16:57:02,90.0,37.3,sensor2_serial,2,1,5,1,120,162,20.000,20.005,0,55,55,2.749255,SUCCESS,sigmoid,
2026-06-05T16:57:22,90.0,37.3,sensor2_serial,2,1,5,1,120,161,20.000,20.005,0,43,43,2.149418,SUCCESS,sigmoid,
2026-06-05T16:57:43,90.0,37.3,sensor2_serial,2,1,5,1,120,160,20.000,20.004,0,55,55,2.749393,SUCCESS,sigmoid,
2026-06-05T16:58:03,90.0,37.3,sensor2_serial,2,1,5,1,120,159,20.000,20.005,0,45,45,2.249407,SUCCESS,sigmoid,
2026-06-05T16:58:23,90.0,37.3,sensor2_serial,2,1,5,1,120,158,20.000,20.005,0,38,38,1.899511,SUCCESS,sigmoid,
2026-06-05T16:58:43,90.0,37.3,sensor2_serial,2,1,5,1,120,157,20.000,20.006,0,38,38,1.899460,SUCCESS,sigmoid,
2026-06-05T16:59:03,90.0,37.3,sensor2_serial,2,1,5,1,120,156,20.000,20.004,0,37,37,1.849602,SUCCESS,sigmoid,
2026-06-05T16:59:23,90.0,37.3,sensor2_serial,2,1,5,1,120,155,20.000,20.005,0,26,26,1.299644,SUCCESS,sigmoid,
2026-06-05T16:59:43,90.0,37.3,sensor2_serial,2,1,5,1,120,154,20.000,20.005,0,19,19,0.949747,SUCCESS,sigmoid,
2026-06-05T17:00:03,90.0,37.3,sensor2_serial,2,1,5,1,120,153,20.000,20.005,0,22,22,1.099701,SUCCESS,sigmoid,
2026-06-05T17:00:23,90.0,37.3,sensor2_serial,2,1,5,1,120,152,20.000,20.005,0,21,21,1.049751,SUCCESS,sigmoid,
2026-06-05T17:00:43,90.0,37.3,sensor2_serial,2,1,5,1,120,151,20.000,20.005,0,15,15,0.749830,SUCCESS,sigmoid,
2026-06-05T17:01:03,90.0,37.3,sensor2_serial,2,1,5,1,120,150,20.000,20.006,0,15,15,0.749793,SUCCESS,sigmoid,
2026-06-05T17:01:23,90.0,37.3,sensor2_serial,2,1,5,1,120,149,20.000,20.006,0,9,9,0.449875,SUCCESS,sigmoid,
2026-06-05T17:01:43,90.0,37.3,sensor2_serial,2,1,5,1,120,148,20.000,20.005,0,10,10,0.499871,SUCCESS,sigmoid,
2026-06-05T17:02:03,90.0,37.3,sensor2_serial,2,1,5,1,120,147,20.000,20.005,0,6,6,0.299921,SUCCESS,sigmoid,
2026-06-05T17:02:23,90.0,37.3,sensor2_serial,2,1,5,1,120,146,20.000,20.005,0,11,11,0.549853,SUCCESS,sigmoid,
2026-06-05T17:02:43,90.0,37.3,sensor2_serial,2,1,5,1,120,145,20.000,20.005,0,9,9,0.449881,SUCCESS,sigmoid,
2026-06-05T17:03:03,90.0,37.3,sensor2_serial,2,1,5,1,120,144,20.000,20.005,0,8,8,0.399898,SUCCESS,sigmoid,
2026-06-05T17:03:24,90.0,37.3,sensor2_serial,2,1,5,1,120,143,20.000,20.006,0,10,10,0.499861,SUCCESS,sigmoid,
2026-06-05T17:03:44,90.0,37.3,sensor2_serial,2,1,5,1,120,142,20.000,20.005,0,7,7,0.349905,SUCCESS,sigmoid,
2026-06-05T17:04:04,90.0,37.3,sensor2_serial,2,1,5,1,120,141,20.000,20.004,0,2,2,0.099978,SUCCESS,sigmoid,
2026-06-05T17:04:24,90.0,37.3,sensor2_serial,2,1,5,1,120,140,20.000,20.005,0,5,5,0.249935,SUCCESS,sigmoid,
2026-06-05T17:04:44,90.0,37.3,sensor2_serial,2,1,5,1,120,139,20.000,20.005,0,2,2,0.099974,SUCCESS,sigmoid,
2026-06-05T17:05:04,90.0,37.3,sensor2_serial,2,1,5,1,120,138,20.000,20.005,0,2,2,0.099974,SUCCESS,sigmoid,
2026-06-05T17:05:24,90.0,37.3,sensor2_serial,2,1,5,1,120,137,20.000,20.004,0,1,1,0.049990,SUCCESS,sigmoid,
2026-06-05T17:05:44,90.0,37.3,sensor2_serial,2,1,5,1,120,136,20.000,20.005,0,0,0,0.000000,SUCCESS,sigmoid,
2026-06-05T17:06:04,90.0,37.3,sensor2_serial,2,1,5,1,120,135,20.000,20.004,0,2,2,0.099979,SUCCESS,sigmoid,
2026-06-05T17:06:24,90.0,37.3,sensor2_serial,2,1,5,1,120,134,20.000,20.005,0,1,1,0.049987,SUCCESS,sigmoid,
2026-06-05T17:06:44,90.0,37.3,sensor2_serial,2,1,5,1,120,133,20.000,20.004,0,0,0,0.000000,SUCCESS,sigmoid,
2026-06-05T17:07:04,90.0,37.3,sensor2_serial,2,1,5,1,120,132,20.000,20.005,0,0,0,0.000000,SUCCESS,sigmoid,
2026-06-05T17:07:24,90.0,37.3,sensor2_serial,2,1,5,1,120,131,20.000,20.004,0,0,0,0.000000,SUCCESS,sigmoid,
2026-06-05T17:07:44,90.0,37.3,sensor2_serial,2,1,5,1,120,130,20.000,20.004,0,0,0,0.000000,SUCCESS,sigmoid,
2026-06-05T17:08:04,90.0,37.3,sensor2_serial,2,1,5,1,120,129,20.000,20.005,0,0,0,0.000000,SUCCESS,sigmoid,
2026-06-05T17:08:24,90.0,37.3,sensor2_serial,2,1,5,1,120,128,20.000,20.005,0,0,0,0.000000,SUCCESS,sigmoid,
2026-06-05T17:08:44,90.0,37.3,sensor2_serial,2,1,5,1,120,127,20.000,20.005,0,0,0,0.000000,SUCCESS,sigmoid,
2026-06-05T17:09:05,90.0,37.3,sensor2_serial,2,1,5,1,120,126,20.000,20.004,0,1,1,0.049989,SUCCESS,sigmoid,
2026-06-05T17:09:25,90.0,37.3,sensor2_serial,2,1,5,1,120,125,20.000,20.005,0,1,1,0.049987,SUCCESS,sigmoid,
2026-06-05T17:09:45,90.0,37.3,sensor2_serial,2,1,5,1,120,124,20.000,20.005,0,0,0,0.000000,SUCCESS,sigmoid,
2026-06-05T17:10:05,90.0,37.3,sensor2_serial,2,1,5,1,120,123,20.000,20.005,0,0,0,0.000000,SUCCESS,sigmoid,
2026-06-05T17:10:25,90.0,37.3,sensor2_serial,2,1,5,1,120,122,20.000,20.006,0,0,0,0.000000,SUCCESS,sigmoid,
2026-06-05T17:10:45,90.0,37.3,sensor2_serial,2,1,5,1,120,121,20.000,20.004,0,0,0,0.000000,SUCCESS,sigmoid,
2026-06-05T17:11:05,90.0,37.3,sensor2_serial,2,1,5,1,120,120,20.000,20.005,0,0,0,0.000000,SUCCESS,sigmoid,
2026-06-05T17:11:25,90.0,37.3,sensor2_serial,2,1,5,1,120,119,20.000,20.004,0,0,0,0.000000,SUCCESS,sigmoid,
2026-06-05T17:11:45,90.0,37.3,sensor2_serial,2,1,5,1,120,118,20.000,20.005,0,0,0,0.000000,SUCCESS,sigmoid,
2026-06-05T17:12:05,90.0,37.3,sensor2_serial,2,1,5,1,120,117,20.000,20.006,0,0,0,0.000000,SUCCESS,sigmoid,
2026-06-05T17:12:25,90.0,37.3,sensor2_serial,2,1,5,1,120,116,20.000,20.006,0,0,0,0.000000,SUCCESS,sigmoid,
2026-06-05T17:12:45,90.0,37.3,sensor2_serial,2,1,5,1,120,115,20.000,20.005,0,0,0,0.000000,SUCCESS,sigmoid,
2026-06-05T17:13:05,90.0,37.3,sensor2_serial,2,1,5,1,120,114,20.000,20.005,0,0,0,0.000000,SUCCESS,sigmoid,
2026-06-05T17:13:25,90.0,37.3,sensor2_serial,2,1,5,1,120,113,20.000,20.006,0,0,0,0.000000,SUCCESS,sigmoid,
2026-06-05T17:13:45,90.0,37.3,sensor2_serial,2,1,5,1,120,112,20.000,20.004,0,0,0,0.000000,SUCCESS,sigmoid,
2026-06-05T17:14:05,90.0,37.3,sensor2_serial,2,1,5,1,120,111,20.000,20.004,0,0,0,0.000000,SUCCESS,sigmoid,
2026-06-05T17:14:25,90.0,37.3,sensor2_serial,2,1,5,1,120,110,20.000,20.005,0,0,0,0.000000,SUCCESS,sigmoid,
2026-06-05T17:14:46,90.0,37.3,sensor2_serial,2,1,5,1,120,109,20.000,20.006,0,0,0,0.000000,SUCCESS,sigmoid,
2026-06-05T17:15:06,90.0,37.3,sensor2_serial,2,1,5,1,120,108,20.000,20.006,0,0,0,0.000000,SUCCESS,sigmoid,
2026-06-05T17:15:26,90.0,37.3,sensor2_serial,2,1,5,1,120,107,20.000,20.004,0,0,0,0.000000,SUCCESS,sigmoid,
2026-06-05T17:15:46,90.0,37.3,sensor2_serial,2,1,5,1,120,106,20.000,20.005,0,0,0,0.000000,SUCCESS,sigmoid,
2026-06-05T17:16:06,90.0,37.3,sensor2_serial,2,1,5,1,120,105,20.000,20.005,0,0,0,0.000000,SUCCESS,sigmoid,
2026-06-05T17:16:26,90.0,37.3,sensor2_serial,2,1,5,1,120,104,20.000,20.006,0,0,0,0.000000,SUCCESS,sigmoid,
2026-06-05T17:16:46,90.0,37.3,sensor2_serial,2,1,5,1,120,103,20.000,20.005,0,0,0,0.000000,SUCCESS,sigmoid,
2026-06-05T17:17:06,90.0,37.3,sensor2_serial,2,1,5,1,120,102,20.000,20.006,0,0,0,0.000000,SUCCESS,sigmoid,
2026-06-05T17:17:26,90.0,37.3,sensor2_serial,2,1,5,1,120,101,20.000,20.005,0,0,0,0.000000,SUCCESS,sigmoid,
2026-06-05T17:17:46,90.0,37.3,sensor2_serial,2,1,5,1,120,100,20.000,20.005,0,0,0,0.000000,SUCCESS,sigmoid,
2026-06-05T17:18:06,90.0,37.3,sensor2_serial,2,1,5,1,120,99,20.000,20.006,0,0,0,0.000000,SUCCESS,sigmoid,
2026-06-05T17:18:26,90.0,37.3,sensor2_serial,2,1,5,1,120,98,20.000,20.006,0,0,0,0.000000,SUCCESS,sigmoid,
2026-06-05T17:18:46,90.0,37.3,sensor2_serial,2,1,5,1,120,97,20.000,20.006,0,0,0,0.000000,SUCCESS,sigmoid,
2026-06-05T17:19:06,90.0,37.3,sensor2_serial,2,1,5,1,120,96,20.000,20.006,0,0,0,0.000000,SUCCESS,sigmoid,
2026-06-05T17:19:26,90.0,37.3,sensor2_serial,2,1,5,1,120,95,20.000,20.005,0,0,0,0.000000,SUCCESS,sigmoid,
2026-06-05T17:19:46,90.0,37.3,sensor2_serial,2,1,5,1,120,94,20.000,20.004,0,0,0,0.000000,SUCCESS,sigmoid,
2026-06-05T17:20:07,90.0,37.3,sensor2_serial,2,1,5,1,120,93,20.000,20.005,0,0,0,0.000000,SUCCESS,sigmoid,
2026-06-05T17:20:27,90.0,37.3,sensor2_serial,2,1,5,1,120,92,20.000,20.005,0,0,0,0.000000,SUCCESS,sigmoid,
2026-06-05T17:20:47,90.0,37.3,sensor2_serial,2,1,5,1,120,91,20.000,20.004,0,0,0,0.000000,SUCCESS,sigmoid,
2026-06-05T17:21:07,90.0,37.3,sensor2_serial,2,1,5,1,120,90,20.000,20.005,0,0,0,0.000000,SUCCESS,sigmoid,
2026-06-05T17:21:27,90.0,37.3,sensor2_serial,2,1,5,1,120,89,20.000,20.005,0,0,0,0.000000,SUCCESS,sigmoid,
2026-06-05T17:21:47,90.0,37.3,sensor2_serial,2,1,5,1,120,88,20.000,20.005,0,0,0,0.000000,SUCCESS,sigmoid,
2026-06-05T17:22:07,90.0,37.3,sensor2_serial,2,1,5,1,120,87,20.000,20.005,0,0,0,0.000000,SUCCESS,sigmoid,
2026-06-05T17:22:27,90.0,37.3,sensor2_serial,2,1,5,1,120,86,20.000,20.004,0,0,0,0.000000,SUCCESS,sigmoid,
2026-06-05T17:22:47,90.0,37.3,sensor2_serial,2,1,5,1,120,85,20.000,20.005,0,0,0,0.000000,SUCCESS,sigmoid,
2026-06-05T17:23:07,90.0,37.3,sensor2_serial,2,1,5,1,120,84,20.000,20.004,0,0,0,0.000000,SUCCESS,sigmoid,
2026-06-05T17:23:27,90.0,37.3,sensor2_serial,2,1,5,1,120,83,20.000,20.006,0,0,0,0.000000,SUCCESS,sigmoid,
2026-06-05T17:23:47,90.0,37.3,sensor2_serial,2,1,5,1,120,82,20.000,20.004,0,0,0,0.000000,SUCCESS,sigmoid,
2026-06-05T17:24:07,90.0,37.3,sensor2_serial,2,1,5,1,120,81,20.000,20.004,0,0,0,0.000000,SUCCESS,sigmoid,
2026-06-05T17:24:27,90.0,37.3,sensor2_serial,2,1,5,1,120,80,20.000,20.006,0,0,0,0.000000,SUCCESS,sigmoid,
2026-06-05T17:24:47,90.0,37.3,sensor2_serial,2,1,5,1,120,79,20.000,20.004,0,0,0,0.000000,SUCCESS,sigmoid,
2026-06-05T17:25:07,90.0,37.3,sensor2_serial,2,1,5,1,120,78,20.000,20.005,0,0,0,0.000000,SUCCESS,sigmoid,
2026-06-05T17:25:27,90.0,37.3,sensor2_serial,2,1,5,1,120,77,20.000,20.005,0,0,0,0.000000,SUCCESS,sigmoid,
2026-06-05T17:25:48,90.0,37.3,sensor2_serial,2,1,5,1,120,76,20.000,20.004,0,0,0,0.000000,SUCCESS,sigmoid,
2026-06-05T17:26:08,90.0,37.3,sensor2_serial,2,1,5,1,120,75,20.000,20.005,0,0,0,0.000000,SUCCESS,sigmoid,
2026-06-05T17:26:28,90.0,37.3,sensor2_serial,2,1,5,1,120,74,20.000,20.005,0,0,0,0.000000,SUCCESS,sigmoid,
2026-06-05T17:26:48,90.0,37.3,sensor2_serial,2,1,5,1,120,73,20.000,20.006,0,0,0,0.000000,SUCCESS,sigmoid,
2026-06-05T17:27:08,90.0,37.3,sensor2_serial,2,1,5,1,120,72,20.000,20.005,0,0,0,0.000000,SUCCESS,sigmoid,
2026-06-05T17:27:28,90.0,37.3,sensor2_serial,2,1,5,1,120,71,20.000,20.005,0,0,0,0.000000,SUCCESS,sigmoid,
2026-06-05T17:27:48,90.0,37.3,sensor2_serial,2,1,5,1,120,70,20.000,20.005,0,0,0,0.000000,SUCCESS,sigmoid,
2026-06-05T17:28:08,90.0,37.3,sensor2_serial,2,1,5,1,120,69,20.000,20.004,0,0,0,0.000000,SUCCESS,sigmoid,
2026-06-05T17:28:28,90.0,37.3,sensor2_serial,2,1,5,1,120,68,20.000,20.005,0,0,0,0.000000,SUCCESS,sigmoid,
2026-06-05T17:28:48,90.0,37.3,sensor2_serial,2,1,5,1,120,67,20.000,20.004,0,0,0,0.000000,SUCCESS,sigmoid,
2026-06-05T17:29:08,90.0,37.3,sensor2_serial,2,1,5,1,120,66,20.000,20.005,0,0,0,0.000000,SUCCESS,sigmoid,
2026-06-05T17:29:28,90.0,37.3,sensor2_serial,2,1,5,1,120,65,20.000,20.005,0,0,0,0.000000,SUCCESS,sigmoid,
2026-06-05T17:29:48,90.0,37.3,sensor2_serial,2,1,5,1,120,64,20.000,20.005,0,0,0,0.000000,SUCCESS,sigmoid,
2026-06-05T17:30:08,90.0,37.3,sensor2_serial,2,1,5,1,120,63,20.000,20.005,0,0,0,0.000000,SUCCESS,sigmoid,
2026-06-05T17:30:28,90.0,37.3,sensor2_serial,2,1,5,1,120,62,20.000,20.005,0,0,0,0.000000,SUCCESS,sigmoid,
2026-06-05T17:30:48,90.0,37.3,sensor2_serial,2,1,5,1,120,61,20.000,20.006,0,0,0,0.000000,SUCCESS,sigmoid,
2026-06-05T17:31:08,90.0,37.3,sensor2_serial,2,1,5,1,120,60,20.000,20.005,0,0,0,0.000000,SUCCESS,sigmoid,
2026-06-05T17:31:29,90.0,37.3,sensor2_serial,2,1,5,1,120,59,20.000,20.004,0,0,0,0.000000,SUCCESS,sigmoid,
2026-06-05T17:31:49,90.0,37.3,sensor2_serial,2,1,5,1,120,58,20.000,20.005,0,0,0,0.000000,SUCCESS,sigmoid,
2026-06-05T17:32:09,90.0,37.3,sensor2_serial,2,1,5,1,120,57,20.000,20.005,0,0,0,0.000000,SUCCESS,sigmoid,
2026-06-05T17:32:29,90.0,37.3,sensor2_serial,2,1,5,1,120,56,20.000,20.005,0,0,0,0.000000,SUCCESS,sigmoid,
2026-06-05T17:32:49,90.0,37.3,sensor2_serial,2,1,5,1,120,55,20.000,20.005,0,0,0,0.000000,SUCCESS,sigmoid,
2026-06-05T17:33:09,90.0,37.3,sensor2_serial,2,1,5,1,120,54,20.000,20.004,0,0,0,0.000000,SUCCESS,sigmoid,
2026-06-05T17:33:29,90.0,37.3,sensor2_serial,2,1,5,1,120,53,20.000,20.005,0,0,0,0.000000,SUCCESS,sigmoid,
2026-06-05T17:33:49,90.0,37.3,sensor2_serial,2,1,5,1,120,52,20.000,20.005,0,0,0,0.000000,SUCCESS,sigmoid,
2026-06-05T17:34:09,90.0,37.3,sensor2_serial,2,1,5,1,120,51,20.000,20.005,0,0,0,0.000000,SUCCESS,sigmoid,
2026-06-05T17:34:29,90.0,37.3,sensor2_serial,2,1,5,1,120,50,20.000,20.005,0,0,0,0.000000,SUCCESS,sigmoid,
2026-06-05T17:34:49,90.0,37.3,sensor2_serial,2,1,5,1,120,49,20.000,20.005,0,0,0,0.000000,SUCCESS,sigmoid,
2026-06-05T17:35:09,90.0,37.3,sensor2_serial,2,1,5,1,120,48,20.000,20.005,0,0,0,0.000000,SUCCESS,sigmoid,
2026-06-05T17:35:29,90.0,37.3,sensor2_serial,2,1,5,1,120,47,20.000,20.006,0,0,0,0.000000,SUCCESS,sigmoid,
2026-06-05T17:35:49,90.0,37.3,sensor2_serial,2,1,5,1,120,46,20.000,20.005,0,0,0,0.000000,SUCCESS,sigmoid,
2026-06-05T17:36:09,90.0,37.3,sensor2_serial,2,1,5,1,120,45,20.000,20.005,0,0,0,0.000000,SUCCESS,sigmoid,
2026-06-05T17:36:29,90.0,37.3,sensor2_serial,2,1,5,1,120,44,20.000,20.005,0,0,0,0.000000,SUCCESS,sigmoid,
2026-06-05T17:36:49,90.0,37.3,sensor2_serial,2,1,5,1,120,43,20.000,20.005,0,0,0,0.000000,SUCCESS,sigmoid,
2026-06-05T17:37:10,90.0,37.3,sensor2_serial,2,1,5,1,120,42,20.000,20.005,0,0,0,0.000000,SUCCESS,sigmoid,
2026-06-05T17:37:30,90.0,37.3,sensor2_serial,2,1,5,1,120,41,20.000,20.005,0,0,0,0.000000,SUCCESS,sigmoid,
2026-06-05T17:37:50,90.0,37.3,sensor2_serial,2,1,5,1,120,40,20.000,20.005,0,0,0,0.000000,SUCCESS,sigmoid,
2026-06-05T17:38:10,90.0,37.3,sensor2_serial,2,1,5,1,120,39,20.000,20.005,0,0,0,0.000000,SUCCESS,sigmoid,
2026-06-05T17:38:30,90.0,37.3,sensor2_serial,2,1,5,1,120,38,20.000,20.004,0,0,0,0.000000,SUCCESS,sigmoid,
2026-06-05T17:38:50,90.0,37.3,sensor2_serial,2,1,5,1,120,37,20.000,20.005,0,0,0,0.000000,SUCCESS,sigmoid,
2026-06-05T17:39:10,90.0,37.3,sensor2_serial,2,1,5,1,120,36,20.000,20.006,0,0,0,0.000000,SUCCESS,sigmoid,
2026-06-05T17:39:30,90.0,37.3,sensor2_serial,2,1,5,1,120,35,20.000,20.005,0,0,0,0.000000,SUCCESS,sigmoid,
2026-06-05T17:39:50,90.0,37.3,sensor2_serial,2,1,5,1,120,34,20.000,20.005,0,0,0,0.000000,SUCCESS,sigmoid,
2026-06-05T17:40:10,90.0,37.3,sensor2_serial,2,1,5,1,120,33,20.000,20.006,0,0,0,0.000000,SUCCESS,sigmoid,
2026-06-05T17:40:30,90.0,37.3,sensor2_serial,2,1,5,1,120,32,20.000,20.006,0,0,0,0.000000,SUCCESS,sigmoid,
2026-06-05T17:40:50,90.0,37.3,sensor2_serial,2,1,5,1,120,31,20.000,20.004,0,0,0,0.000000,SUCCESS,sigmoid,
2026-06-05T17:41:10,90.0,37.3,sensor2_serial,2,1,5,1,120,30,20.000,20.006,0,0,0,0.000000,SUCCESS,sigmoid,
2026-06-05T17:41:30,90.0,37.3,sensor2_serial,2,1,5,1,120,29,20.000,20.004,0,0,0,0.000000,SUCCESS,sigmoid,
2026-06-05T17:41:50,90.0,37.3,sensor2_serial,2,1,5,1,120,28,20.000,20.004,0,0,0,0.000000,SUCCESS,sigmoid,
2026-06-05T17:42:10,90.0,37.3,sensor2_serial,2,1,5,1,120,27,20.000,20.005,0,0,0,0.000000,SUCCESS,sigmoid,
2026-06-05T17:42:30,90.0,37.3,sensor2_serial,2,1,5,1,120,26,20.000,20.004,0,0,0,0.000000,SUCCESS,sigmoid,
2026-06-05T17:42:51,90.0,37.3,sensor2_serial,2,1,5,1,120,25,20.000,20.004,0,0,0,0.000000,SUCCESS,sigmoid,
2026-06-05T17:43:11,90.0,37.3,sensor2_serial,2,1,5,1,120,24,20.000,20.005,0,0,0,0.000000,SUCCESS,sigmoid,
2026-06-05T17:43:31,90.0,37.3,sensor2_serial,2,1,5,1,120,23,20.000,20.005,0,0,0,0.000000,SUCCESS,sigmoid,
2026-06-05T17:43:51,90.0,37.3,sensor2_serial,2,1,5,1,120,22,20.000,20.005,0,0,0,0.000000,SUCCESS,sigmoid,
2026-06-05T17:44:11,90.0,37.3,sensor2_serial,2,1,5,1,120,21,20.000,20.005,0,0,0,0.000000,SUCCESS,sigmoid,
2026-06-05T17:44:31,90.0,37.3,sensor2_serial,2,1,5,1,120,20,20.000,20.004,0,0,0,0.000000,SUCCESS,sigmoid,
2026-06-05T17:44:51,90.0,37.3,sensor2_serial,2,1,5,1,120,19,20.000,20.005,0,0,0,0.000000,SUCCESS,sigmoid,
2026-06-05T17:45:11,90.0,37.3,sensor2_serial,2,1,5,1,120,18,20.000,20.005,0,0,0,0.000000,SUCCESS,sigmoid,
2026-06-05T17:45:31,90.0,37.3,sensor2_serial,2,1,5,1,120,17,20.000,20.004,0,0,0,0.000000,SUCCESS,sigmoid,
2026-06-05T17:45:51,90.0,37.3,sensor2_serial,2,1,5,1,120,16,20.000,20.004,0,0,0,0.000000,SUCCESS,sigmoid,
2026-06-05T17:46:11,90.0,37.3,sensor2_serial,2,1,5,1,120,15,20.000,20.005,0,0,0,0.000000,SUCCESS,sigmoid,
2026-06-05T17:46:31,90.0,37.3,sensor2_serial,2,1,5,1,120,14,20.000,20.006,0,0,0,0.000000,SUCCESS,sigmoid,
2026-06-05T17:46:51,90.0,37.3,sensor2_serial,2,1,5,1,120,13,20.000,20.005,0,0,0,0.000000,SUCCESS,sigmoid,
2026-06-05T17:47:11,90.0,37.3,sensor2_serial,2,1,5,1,120,12,20.000,20.004,0,0,0,0.000000,SUCCESS,sigmoid,
2026-06-05T17:47:31,90.0,37.3,sensor2_serial,2,1,5,1,120,11,20.000,20.004,0,0,0,0.000000,SUCCESS,sigmoid,
2026-06-05T17:47:51,90.0,37.3,sensor2_serial,2,1,5,1,120,10,20.000,20.005,0,0,0,0.000000,SUCCESS,sigmoid,
2026-06-05T17:48:11,90.0,37.3,sensor2_serial,2,1,5,1,120,9,20.000,20.004,0,0,0,0.000000,SUCCESS,sigmoid,
2026-06-05T17:48:32,90.0,37.3,sensor2_serial,2,1,5,1,120,8,20.000,20.005,0,0,0,0.000000,SUCCESS,sigmoid,
2026-06-05T17:48:52,90.0,37.3,sensor2_serial,2,1,5,1,120,7,20.000,20.005,0,0,0,0.000000,SUCCESS,sigmoid,
2026-06-05T17:49:12,90.0,37.3,sensor2_serial,2,1,5,1,120,6,20.000,20.005,0,0,0,0.000000,SUCCESS,sigmoid,
2026-06-05T17:49:32,90.0,37.3,sensor2_serial,2,1,5,1,120,5,20.000,20.005,0,0,0,0.000000,SUCCESS,sigmoid,
2026-06-05T17:49:52,90.0,37.3,sensor2_serial,2,1,5,1,120,4,20.000,20.005,0,0,0,0.000000,SUCCESS,sigmoid,
2026-06-05T17:50:12,90.0,37.3,sensor2_serial,2,1,5,1,120,3,20.000,20.004,0,0,0,0.000000,SUCCESS,sigmoid,
2026-06-05T17:50:32,90.0,37.3,sensor2_serial,2,1,5,1,120,2,20.000,20.005,0,0,0,0.000000,SUCCESS,sigmoid,
2026-06-05T17:50:52,90.0,37.3,sensor2_serial,2,1,5,1,120,1,20.000,20.004,0,0,0,0.000000,SUCCESS,sigmoid,
2026-06-05T17:51:12,90.0,37.3,sensor2_serial,2,1,5,1,120,0,20.000,20.004,0,0,0,0.000000,SUCCESS,sigmoid,
2026-06-05T17:51:32,90.0,37.3,sensor2_serial,2,2,6,2,120,255,20.000,20.004,0,1519397,1519397,75953.944108,SUCCESS,sigmoid,
2026-06-05T17:51:52,90.0,37.3,sensor2_serial,2,2,6,2,120,254,20.000,20.006,0,1697962,1697962,84874.026784,SUCCESS,sigmoid,
2026-06-05T17:52:12,90.0,37.3,sensor2_serial,2,2,6,2,120,253,20.000,20.005,0,1840657,1840657,92008.715367,SUCCESS,sigmoid,
2026-06-05T17:52:32,90.0,37.3,sensor2_serial,2,2,6,2,120,252,20.000,20.005,0,1760995,1760995,88027.127786,SUCCESS,sigmoid,
2026-06-05T17:52:52,90.0,37.3,sensor2_serial,2,2,6,2,120,251,20.000,20.004,0,1817293,1817293,90845.106939,SUCCESS,sigmoid,
2026-06-05T17:53:12,90.0,37.3,sensor2_serial,2,2,6,2,120,250,20.000,20.005,0,1896529,1896529,94801.516115,SUCCESS,sigmoid,
2026-06-05T17:53:32,90.0,37.3,sensor2_serial,2,2,6,2,120,249,20.000,20.004,0,2050882,2050882,102522.328417,SUCCESS,sigmoid,
2026-06-05T17:53:52,90.0,37.3,sensor2_serial,2,2,6,2,120,248,20.000,20.004,0,2266358,2266358,113293.237412,SUCCESS,sigmoid,
2026-06-05T17:54:13,90.0,37.3,sensor2_serial,2,2,6,2,120,247,20.000,20.004,0,2792366,2792366,139590.207593,SUCCESS,sigmoid,
2026-06-05T17:54:33,90.0,37.3,sensor2_serial,2,2,6,2,120,246,20.000,20.004,0,3007043,3007043,150320.167169,SUCCESS,sigmoid,
2026-06-05T17:54:53,90.0,37.3,sensor2_serial,2,2,6,2,120,245,20.000,20.005,0,3357192,3357192,167813.692638,SUCCESS,sigmoid,
2026-06-05T17:55:13,90.0,37.3,sensor2_serial,2,2,6,2,120,244,20.000,20.005,0,3268280,3268280,163370.885521,SUCCESS,sigmoid,
2026-06-05T17:55:33,90.0,37.3,sensor2_serial,2,2,6,2,120,243,20.000,20.004,0,2542213,2542213,127082.826514,SUCCESS,sigmoid,
2026-06-05T17:55:53,90.0,37.3,sensor2_serial,2,2,6,2,120,242,20.000,20.004,0,1921925,1921925,96076.228698,SUCCESS,sigmoid,
2026-06-05T17:56:13,90.0,37.3,sensor2_serial,2,2,6,2,120,241,20.000,20.005,0,1240798,1240798,62023.892371,SUCCESS,sigmoid,
2026-06-05T17:56:33,90.0,37.3,sensor2_serial,2,2,6,2,120,240,20.000,20.005,0,849466,849466,42462.428017,SUCCESS,sigmoid,
2026-06-05T17:56:53,90.0,37.3,sensor2_serial,2,2,6,2,120,239,20.000,20.006,0,698242,698242,34902.196783,SUCCESS,sigmoid,
2026-06-05T17:57:13,90.0,37.3,sensor2_serial,2,2,6,2,120,238,20.000,20.006,0,359069,359069,17948.293984,SUCCESS,sigmoid,
2026-06-05T17:57:33,90.0,37.3,sensor2_serial,2,2,6,2,120,237,20.000,20.006,0,148462,148462,7421.008768,SUCCESS,sigmoid,
2026-06-05T17:57:53,90.0,37.3,sensor2_serial,2,2,6,2,120,236,20.000,20.005,0,79411,79411,3969.476738,SUCCESS,sigmoid,
2026-06-05T17:58:13,90.0,37.3,sensor2_serial,2,2,6,2,120,235,20.000,20.005,0,23691,23691,1184.244953,SUCCESS,sigmoid,
2026-06-05T17:58:33,90.0,37.3,sensor2_serial,2,2,6,2,120,234,20.000,20.005,0,14483,14483,723.955760,SUCCESS,sigmoid,
2026-06-05T17:58:53,90.0,37.3,sensor2_serial,2,2,6,2,120,233,20.000,20.005,0,5598,5598,279.826396,SUCCESS,sigmoid,
2026-06-05T17:59:13,90.0,37.3,sensor2_serial,2,2,6,2,120,232,20.000,20.005,0,2395,2395,119.718654,SUCCESS,sigmoid,
2026-06-05T17:59:33,90.0,37.3,sensor2_serial,2,2,6,2,120,231,20.000,20.005,0,679,679,33.941891,SUCCESS,sigmoid,
2026-06-05T17:59:54,90.0,37.3,sensor2_serial,2,2,6,2,120,230,20.000,20.005,0,326,326,16.295895,SUCCESS,sigmoid,
2026-06-05T18:00:14,90.0,37.3,sensor2_serial,2,2,6,2,120,229,20.000,20.006,0,223,223,11.146929,SUCCESS,sigmoid,
2026-06-05T18:00:34,90.0,37.3,sensor2_serial,2,2,6,2,120,228,20.000,20.005,0,188,188,9.397570,SUCCESS,sigmoid,
2026-06-05T18:00:54,90.0,37.3,sensor2_serial,2,2,6,2,120,227,20.000,20.006,0,174,174,8.697524,SUCCESS,sigmoid,
2026-06-05T18:01:14,90.0,37.3,sensor2_serial,2,2,6,2,120,226,20.000,20.005,0,139,139,6.948142,SUCCESS,sigmoid,
2026-06-05T18:01:34,90.0,37.3,sensor2_serial,2,2,6,2,120,225,20.000,20.005,0,162,162,8.097855,SUCCESS,sigmoid,
2026-06-05T18:01:54,90.0,37.3,sensor2_serial,2,2,6,2,120,224,20.000,20.005,0,151,151,7.548263,SUCCESS,sigmoid,
2026-06-05T18:02:14,90.0,37.3,sensor2_serial,2,2,6,2,120,223,20.000,20.005,0,151,151,7.548064,SUCCESS,sigmoid,
2026-06-05T18:02:34,90.0,37.3,sensor2_serial,2,2,6,2,120,222,20.000,20.005,0,167,167,8.347810,SUCCESS,sigmoid,
2026-06-05T18:02:54,90.0,37.3,sensor2_serial,2,2,6,2,120,221,20.000,20.005,0,132,132,6.598303,SUCCESS,sigmoid,
2026-06-05T18:03:14,90.0,37.3,sensor2_serial,2,2,6,2,120,220,20.000,20.004,0,146,146,7.298432,SUCCESS,sigmoid,
2026-06-05T18:03:34,90.0,37.3,sensor2_serial,2,2,6,2,120,219,20.000,20.005,0,141,141,7.048104,SUCCESS,sigmoid,
2026-06-05T18:03:54,90.0,37.3,sensor2_serial,2,2,6,2,120,218,20.000,20.005,0,144,144,7.198075,SUCCESS,sigmoid,
2026-06-05T18:04:14,90.0,37.3,sensor2_serial,2,2,6,2,120,217,20.000,20.006,0,154,154,7.697882,SUCCESS,sigmoid,
2026-06-05T18:04:34,90.0,37.3,sensor2_serial,2,2,6,2,120,216,20.000,20.005,0,162,162,8.097835,SUCCESS,sigmoid,
2026-06-05T18:04:54,90.0,37.3,sensor2_serial,2,2,6,2,120,215,20.000,20.005,0,157,157,7.847995,SUCCESS,sigmoid,
2026-06-05T18:05:15,90.0,37.3,sensor2_serial,2,2,6,2,120,214,20.000,20.005,0,153,153,7.647936,SUCCESS,sigmoid,
2026-06-05T18:05:35,90.0,37.3,sensor2_serial,2,2,6,2,120,213,20.000,20.005,0,129,129,6.448371,SUCCESS,sigmoid,
2026-06-05T18:05:55,90.0,37.3,sensor2_serial,2,2,6,2,120,212,20.000,20.005,0,144,144,7.198153,SUCCESS,sigmoid,
2026-06-05T18:06:15,90.0,37.3,sensor2_serial,2,2,6,2,120,211,20.000,20.005,0,129,129,6.448541,SUCCESS,sigmoid,
2026-06-05T18:06:35,90.0,37.3,sensor2_serial,2,2,6,2,120,210,20.000,20.005,0,153,153,7.647932,SUCCESS,sigmoid,
2026-06-05T18:06:55,90.0,37.3,sensor2_serial,2,2,6,2,120,209,20.000,20.005,0,130,130,6.498282,SUCCESS,sigmoid,
2026-06-05T18:07:15,90.0,37.3,sensor2_serial,2,2,6,2,120,208,20.000,20.006,0,134,134,6.698157,SUCCESS,sigmoid,
2026-06-05T18:07:35,90.0,37.3,sensor2_serial,2,2,6,2,120,207,20.000,20.005,0,150,150,7.498089,SUCCESS,sigmoid,
2026-06-05T18:07:55,90.0,37.3,sensor2_serial,2,2,6,2,120,206,20.000,20.005,0,149,149,7.447968,SUCCESS,sigmoid,
2026-06-05T18:08:15,90.0,37.3,sensor2_serial,2,2,6,2,120,205,20.000,20.005,0,142,142,7.098143,SUCCESS,sigmoid,
2026-06-05T18:08:35,90.0,37.3,sensor2_serial,2,2,6,2,120,204,20.000,20.005,0,143,143,7.148135,SUCCESS,sigmoid,
2026-06-05T18:08:55,90.0,37.3,sensor2_serial,2,2,6,2,120,203,20.000,20.006,0,161,161,8.047737,SUCCESS,sigmoid,
2026-06-05T18:09:15,90.0,37.3,sensor2_serial,2,2,6,2,120,202,20.000,20.005,0,144,144,7.198077,SUCCESS,sigmoid,
2026-06-05T18:09:35,90.0,37.3,sensor2_serial,2,2,6,2,120,201,20.000,20.005,0,130,130,6.498260,SUCCESS,sigmoid,
2026-06-05T18:09:55,90.0,37.3,sensor2_serial,2,2,6,2,120,200,20.000,20.005,0,136,136,6.798171,SUCCESS,sigmoid,
2026-06-05T18:10:15,90.0,37.3,sensor2_serial,2,2,6,2,120,199,20.000,20.005,0,129,129,6.448289,SUCCESS,sigmoid,
2026-06-05T18:10:35,90.0,37.3,sensor2_serial,2,2,6,2,120,198,20.000,20.005,0,123,123,6.148369,SUCCESS,sigmoid,
2026-06-05T18:10:56,90.0,37.3,sensor2_serial,2,2,6,2,120,197,20.000,20.005,0,129,129,6.448237,SUCCESS,sigmoid,
2026-06-05T18:11:16,90.0,37.3,sensor2_serial,2,2,6,2,120,196,20.000,20.005,0,134,134,6.698468,SUCCESS,sigmoid,
2026-06-05T18:11:36,90.0,37.3,sensor2_serial,2,2,6,2,120,195,20.000,20.005,0,114,114,5.698450,SUCCESS,sigmoid,
2026-06-05T18:11:56,90.0,37.3,sensor2_serial,2,2,6,2,120,194,20.000,20.005,0,119,119,5.948378,SUCCESS,sigmoid,
2026-06-05T18:12:16,90.0,37.3,sensor2_serial,2,2,6,2,120,193,20.000,20.005,0,148,148,7.397993,SUCCESS,sigmoid,
2026-06-05T18:12:36,90.0,37.3,sensor2_serial,2,2,6,2,120,192,20.000,20.004,0,164,164,8.198273,SUCCESS,sigmoid,
2026-06-05T18:12:56,90.0,37.3,sensor2_serial,2,2,6,2,120,191,20.000,20.006,0,124,124,6.198257,SUCCESS,sigmoid,
2026-06-05T18:13:16,90.0,37.3,sensor2_serial,2,2,6,2,120,190,20.000,20.005,0,127,127,6.348331,SUCCESS,sigmoid,
2026-06-05T18:13:36,90.0,37.3,sensor2_serial,2,2,6,2,120,189,20.000,20.006,0,140,140,6.997970,SUCCESS,sigmoid,
2026-06-05T18:13:56,90.0,37.3,sensor2_serial,2,2,6,2,120,188,20.000,20.005,0,125,125,6.248325,SUCCESS,sigmoid,
2026-06-05T18:14:16,90.0,37.3,sensor2_serial,2,2,6,2,120,187,20.000,20.005,0,103,103,5.148774,SUCCESS,sigmoid,
2026-06-05T18:14:36,90.0,37.3,sensor2_serial,2,2,6,2,120,186,20.000,20.004,0,125,125,6.248690,SUCCESS,sigmoid,
2026-06-05T18:14:56,90.0,37.3,sensor2_serial,2,2,6,2,120,185,20.000,20.005,0,119,119,5.948397,SUCCESS,sigmoid,
2026-06-05T18:15:16,90.0,37.3,sensor2_serial,2,2,6,2,120,184,20.000,20.005,0,113,113,5.648508,SUCCESS,sigmoid,
2026-06-05T18:15:36,90.0,37.3,sensor2_serial,2,2,6,2,120,183,20.000,20.005,0,100,100,4.998666,SUCCESS,sigmoid,
2026-06-05T18:15:56,90.0,37.3,sensor2_serial,2,2,6,2,120,182,20.000,20.006,0,122,122,6.098307,SUCCESS,sigmoid,
2026-06-05T18:16:16,90.0,37.3,sensor2_serial,2,2,6,2,120,181,20.000,20.005,0,113,113,5.648566,SUCCESS,sigmoid,
2026-06-05T18:16:37,90.0,37.3,sensor2_serial,2,2,6,2,120,180,20.000,20.006,0,108,108,5.398505,SUCCESS,sigmoid,
2026-06-05T18:16:57,90.0,37.3,sensor2_serial,2,2,6,2,120,179,20.000,20.005,0,101,101,5.048639,SUCCESS,sigmoid,
2026-06-05T18:17:17,90.0,37.3,sensor2_serial,2,2,6,2,120,178,20.000,20.005,0,110,110,5.498705,SUCCESS,sigmoid,
2026-06-05T18:17:37,90.0,37.3,sensor2_serial,2,2,6,2,120,177,20.000,20.005,0,100,100,4.998703,SUCCESS,sigmoid,
2026-06-05T18:17:57,90.0,37.3,sensor2_serial,2,2,6,2,120,176,20.000,20.005,0,95,95,4.748746,SUCCESS,sigmoid,
2026-06-05T18:18:17,90.0,37.3,sensor2_serial,2,2,6,2,120,175,20.000,20.005,0,114,114,5.698449,SUCCESS,sigmoid,
2026-06-05T18:18:37,90.0,37.3,sensor2_serial,2,2,6,2,120,174,20.000,20.006,0,88,88,4.398781,SUCCESS,sigmoid,
2026-06-05T18:18:57,90.0,37.3,sensor2_serial,2,2,6,2,120,173,20.000,20.006,0,82,82,4.098844,SUCCESS,sigmoid,
2026-06-05T18:19:17,90.0,37.3,sensor2_serial,2,2,6,2,120,172,20.000,20.005,0,101,101,5.048788,SUCCESS,sigmoid,
2026-06-05T18:19:37,90.0,37.3,sensor2_serial,2,2,6,2,120,171,20.000,20.004,0,92,92,4.598980,SUCCESS,sigmoid,
2026-06-05T18:19:57,90.0,37.3,sensor2_serial,2,2,6,2,120,170,20.000,20.005,0,84,84,4.198865,SUCCESS,sigmoid,
2026-06-05T18:20:17,90.0,37.3,sensor2_serial,2,2,6,2,120,169,20.000,20.005,0,85,85,4.248853,SUCCESS,sigmoid,
2026-06-05T18:20:37,90.0,37.3,sensor2_serial,2,2,6,2,120,168,20.000,20.005,0,90,90,4.498842,SUCCESS,sigmoid,
2026-06-05T18:20:57,90.0,37.3,sensor2_serial,2,2,6,2,120,167,20.000,20.006,0,79,79,3.948880,SUCCESS,sigmoid,
2026-06-05T18:21:17,90.0,37.3,sensor2_serial,2,2,6,2,120,166,20.000,20.005,0,90,90,4.498779,SUCCESS,sigmoid,
2026-06-05T18:21:37,90.0,37.3,sensor2_serial,2,2,6,2,120,165,20.000,20.005,0,74,74,3.699017,SUCCESS,sigmoid,
2026-06-05T18:21:57,90.0,37.3,sensor2_serial,2,2,6,2,120,164,20.000,20.004,0,80,80,3.999156,SUCCESS,sigmoid,
2026-06-05T18:22:18,90.0,37.3,sensor2_serial,2,2,6,2,120,163,20.000,20.005,0,57,57,2.849356,SUCCESS,sigmoid,
2026-06-05T18:22:38,90.0,37.3,sensor2_serial,2,2,6,2,120,162,20.000,20.004,0,65,65,3.249292,SUCCESS,sigmoid,
2026-06-05T18:22:58,90.0,37.3,sensor2_serial,2,2,6,2,120,161,20.000,20.005,0,62,62,3.099186,SUCCESS,sigmoid,
2026-06-05T18:23:18,90.0,37.3,sensor2_serial,2,2,6,2,120,160,20.000,20.006,0,73,73,3.648963,SUCCESS,sigmoid,
2026-06-05T18:23:38,90.0,37.3,sensor2_serial,2,2,6,2,120,159,20.000,20.005,0,45,45,2.249397,SUCCESS,sigmoid,
2026-06-05T18:23:58,90.0,37.3,sensor2_serial,2,2,6,2,120,158,20.000,20.005,0,39,39,1.949482,SUCCESS,sigmoid,
2026-06-05T18:24:18,90.0,37.3,sensor2_serial,2,2,6,2,120,157,20.000,20.005,0,44,44,2.199416,SUCCESS,sigmoid,
2026-06-05T18:24:38,90.0,37.3,sensor2_serial,2,2,6,2,120,156,20.000,20.005,0,38,38,1.899478,SUCCESS,sigmoid,
2026-06-05T18:24:58,90.0,37.3,sensor2_serial,2,2,6,2,120,155,20.000,20.005,0,42,42,2.099443,SUCCESS,sigmoid,
2026-06-05T18:25:18,90.0,37.3,sensor2_serial,2,2,6,2,120,154,20.000,20.005,0,16,16,0.799811,SUCCESS,sigmoid,
2026-06-05T18:25:38,90.0,37.3,sensor2_serial,2,2,6,2,120,153,20.000,20.005,0,25,25,1.249656,SUCCESS,sigmoid,
2026-06-05T18:25:58,90.0,37.3,sensor2_serial,2,2,6,2,120,152,20.000,20.006,0,32,32,1.599553,SUCCESS,sigmoid,
2026-06-05T18:26:18,90.0,37.3,sensor2_serial,2,2,6,2,120,151,20.000,20.005,0,28,28,1.399680,SUCCESS,sigmoid,
2026-06-05T18:26:38,90.0,37.3,sensor2_serial,2,2,6,2,120,150,20.000,20.005,0,28,28,1.399646,SUCCESS,sigmoid,
2026-06-05T18:26:58,90.0,37.3,sensor2_serial,2,2,6,2,120,149,20.000,20.005,0,15,15,0.749811,SUCCESS,sigmoid,
2026-06-05T18:27:18,90.0,37.3,sensor2_serial,2,2,6,2,120,148,20.000,20.006,0,19,19,0.949736,SUCCESS,sigmoid,
2026-06-05T18:27:38,90.0,37.3,sensor2_serial,2,2,6,2,120,147,20.000,20.005,0,15,15,0.749828,SUCCESS,sigmoid,
2026-06-05T18:27:59,90.0,37.3,sensor2_serial,2,2,6,2,120,146,20.000,20.005,0,16,16,0.799787,SUCCESS,sigmoid,
2026-06-05T18:28:19,90.0,37.3,sensor2_serial,2,2,6,2,120,145,20.000,20.005,0,11,11,0.549853,SUCCESS,sigmoid,
2026-06-05T18:28:39,90.0,37.3,sensor2_serial,2,2,6,2,120,144,20.000,20.005,0,10,10,0.499869,SUCCESS,sigmoid,
2026-06-05T18:28:59,90.0,37.3,sensor2_serial,2,2,6,2,120,143,20.000,20.005,0,10,10,0.499867,SUCCESS,sigmoid,
2026-06-05T18:29:19,90.0,37.3,sensor2_serial,2,2,6,2,120,142,20.000,20.005,0,14,14,0.699814,SUCCESS,sigmoid,
2026-06-05T18:29:39,90.0,37.3,sensor2_serial,2,2,6,2,120,141,20.000,20.004,0,4,4,0.199958,SUCCESS,sigmoid,
2026-06-05T18:29:59,90.0,37.3,sensor2_serial,2,2,6,2,120,140,20.000,20.005,0,5,5,0.249936,SUCCESS,sigmoid,
2026-06-05T18:30:19,90.0,37.3,sensor2_serial,2,2,6,2,120,139,20.000,20.005,0,1,1,0.049987,SUCCESS,sigmoid,
2026-06-05T18:30:39,90.0,37.3,sensor2_serial,2,2,6,2,120,138,20.000,20.004,0,3,3,0.149968,SUCCESS,sigmoid,
2026-06-05T18:30:59,90.0,37.3,sensor2_serial,2,2,6,2,120,137,20.000,20.004,0,3,3,0.149969,SUCCESS,sigmoid,
2026-06-05T18:31:19,90.0,37.3,sensor2_serial,2,2,6,2,120,136,20.000,20.005,0,2,2,0.099974,SUCCESS,sigmoid,
2026-06-05T18:31:39,90.0,37.3,sensor2_serial,2,2,6,2,120,135,20.000,20.005,0,2,2,0.099973,SUCCESS,sigmoid,
2026-06-05T18:31:59,90.0,37.3,sensor2_serial,2,2,6,2,120,134,20.000,20.005,0,2,2,0.099973,SUCCESS,sigmoid,
2026-06-05T18:32:19,90.0,37.3,sensor2_serial,2,2,6,2,120,133,20.000,20.005,0,0,0,0.000000,SUCCESS,sigmoid,
2026-06-05T18:32:39,90.0,37.3,sensor2_serial,2,2,6,2,120,132,20.000,20.005,0,0,0,0.000000,SUCCESS,sigmoid,
2026-06-05T18:32:59,90.0,37.3,sensor2_serial,2,2,6,2,120,131,20.000,20.005,0,0,0,0.000000,SUCCESS,sigmoid,
2026-06-05T18:33:19,90.0,37.3,sensor2_serial,2,2,6,2,120,130,20.000,20.004,0,0,0,0.000000,SUCCESS,sigmoid,
2026-06-05T18:33:40,90.0,37.3,sensor2_serial,2,2,6,2,120,129,20.000,20.004,0,0,0,0.000000,SUCCESS,sigmoid,
2026-06-05T18:34:00,90.0,37.3,sensor2_serial,2,2,6,2,120,128,20.000,20.005,0,0,0,0.000000,SUCCESS,sigmoid,
2026-06-05T18:34:20,90.0,37.3,sensor2_serial,2,2,6,2,120,127,20.000,20.004,0,0,0,0.000000,SUCCESS,sigmoid,
2026-06-05T18:34:40,90.0,37.3,sensor2_serial,2,2,6,2,120,126,20.000,20.006,0,0,0,0.000000,SUCCESS,sigmoid,
2026-06-05T18:35:00,90.0,37.3,sensor2_serial,2,2,6,2,120,125,20.000,20.005,0,1,1,0.049987,SUCCESS,sigmoid,
2026-06-05T18:35:20,90.0,37.3,sensor2_serial,2,2,6,2,120,124,20.000,20.004,0,0,0,0.000000,SUCCESS,sigmoid,
2026-06-05T18:35:40,90.0,37.3,sensor2_serial,2,2,6,2,120,123,20.000,20.004,0,0,0,0.000000,SUCCESS,sigmoid,
2026-06-05T18:36:00,90.0,37.3,sensor2_serial,2,2,6,2,120,122,20.000,20.005,0,0,0,0.000000,SUCCESS,sigmoid,
2026-06-05T18:36:20,90.0,37.3,sensor2_serial,2,2,6,2,120,121,20.000,20.005,0,0,0,0.000000,SUCCESS,sigmoid,
2026-06-05T18:36:40,90.0,37.3,sensor2_serial,2,2,6,2,120,120,20.000,20.004,0,0,0,0.000000,SUCCESS,sigmoid,
2026-06-05T18:37:00,90.0,37.3,sensor2_serial,2,2,6,2,120,119,20.000,20.005,0,0,0,0.000000,SUCCESS,sigmoid,
2026-06-05T18:37:20,90.0,37.3,sensor2_serial,2,2,6,2,120,118,20.000,20.004,0,0,0,0.000000,SUCCESS,sigmoid,
2026-06-05T18:37:40,90.0,37.3,sensor2_serial,2,2,6,2,120,117,20.000,20.005,0,0,0,0.000000,SUCCESS,sigmoid,
2026-06-05T18:38:00,90.0,37.3,sensor2_serial,2,2,6,2,120,116,20.000,20.005,0,0,0,0.000000,SUCCESS,sigmoid,
2026-06-05T18:38:20,90.0,37.3,sensor2_serial,2,2,6,2,120,115,20.000,20.005,0,1,1,0.049989,SUCCESS,sigmoid,
2026-06-05T18:38:40,90.0,37.3,sensor2_serial,2,2,6,2,120,114,20.000,20.005,0,0,0,0.000000,SUCCESS,sigmoid,
2026-06-05T18:39:01,90.0,37.3,sensor2_serial,2,2,6,2,120,113,20.000,20.005,0,0,0,0.000000,SUCCESS,sigmoid,
2026-06-05T18:39:21,90.0,37.3,sensor2_serial,2,2,6,2,120,112,20.000,20.005,0,0,0,0.000000,SUCCESS,sigmoid,
2026-06-05T18:39:41,90.0,37.3,sensor2_serial,2,2,6,2,120,111,20.000,20.005,0,0,0,0.000000,SUCCESS,sigmoid,
2026-06-05T18:40:01,90.0,37.3,sensor2_serial,2,2,6,2,120,110,20.000,20.005,0,0,0,0.000000,SUCCESS,sigmoid,
2026-06-05T18:40:21,90.0,37.3,sensor2_serial,2,2,6,2,120,109,20.000,20.005,0,0,0,0.000000,SUCCESS,sigmoid,
2026-06-05T18:40:41,90.0,37.3,sensor2_serial,2,2,6,2,120,108,20.000,20.005,0,0,0,0.000000,SUCCESS,sigmoid,
2026-06-05T18:41:01,90.0,37.3,sensor2_serial,2,2,6,2,120,107,20.000,20.005,0,0,0,0.000000,SUCCESS,sigmoid,
2026-06-05T18:41:21,90.0,37.3,sensor2_serial,2,2,6,2,120,106,20.000,20.005,0,0,0,0.000000,SUCCESS,sigmoid,
2026-06-05T18:41:41,90.0,37.3,sensor2_serial,2,2,6,2,120,105,20.000,20.004,0,0,0,0.000000,SUCCESS,sigmoid,
2026-06-05T18:42:01,90.0,37.3,sensor2_serial,2,2,6,2,120,104,20.000,20.004,0,0,0,0.000000,SUCCESS,sigmoid,
2026-06-05T18:42:21,90.0,37.3,sensor2_serial,2,2,6,2,120,103,20.000,20.004,0,0,0,0.000000,SUCCESS,sigmoid,
2026-06-05T18:42:41,90.0,37.3,sensor2_serial,2,2,6,2,120,102,20.000,20.005,0,0,0,0.000000,SUCCESS,sigmoid,
2026-06-05T18:43:01,90.0,37.3,sensor2_serial,2,2,6,2,120,101,20.000,20.005,0,0,0,0.000000,SUCCESS,sigmoid,
2026-06-05T18:43:21,90.0,37.3,sensor2_serial,2,2,6,2,120,100,20.000,20.006,0,0,0,0.000000,SUCCESS,sigmoid,
2026-06-05T18:43:41,90.0,37.3,sensor2_serial,2,2,6,2,120,99,20.000,20.006,0,0,0,0.000000,SUCCESS,sigmoid,
2026-06-05T18:44:01,90.0,37.3,sensor2_serial,2,2,6,2,120,98,20.000,20.004,0,0,0,0.000000,SUCCESS,sigmoid,
2026-06-05T18:44:21,90.0,37.3,sensor2_serial,2,2,6,2,120,97,20.000,20.005,0,0,0,0.000000,SUCCESS,sigmoid,
2026-06-05T18:44:42,90.0,37.3,sensor2_serial,2,2,6,2,120,96,20.000,20.004,0,0,0,0.000000,SUCCESS,sigmoid,
2026-06-05T18:45:02,90.0,37.3,sensor2_serial,2,2,6,2,120,95,20.000,20.006,0,0,0,0.000000,SUCCESS,sigmoid,
2026-06-05T18:45:22,90.0,37.3,sensor2_serial,2,2,6,2,120,94,20.000,20.006,0,0,0,0.000000,SUCCESS,sigmoid,
2026-06-05T18:45:42,90.0,37.3,sensor2_serial,2,2,6,2,120,93,20.000,20.006,0,0,0,0.000000,SUCCESS,sigmoid,
2026-06-05T18:46:02,90.0,37.3,sensor2_serial,2,2,6,2,120,92,20.000,20.005,0,0,0,0.000000,SUCCESS,sigmoid,
2026-06-05T18:46:22,90.0,37.3,sensor2_serial,2,2,6,2,120,91,20.000,20.006,0,0,0,0.000000,SUCCESS,sigmoid,
2026-06-05T18:46:42,90.0,37.3,sensor2_serial,2,2,6,2,120,90,20.000,20.006,0,0,0,0.000000,SUCCESS,sigmoid,
2026-06-05T18:47:02,90.0,37.3,sensor2_serial,2,2,6,2,120,89,20.000,20.005,0,0,0,0.000000,SUCCESS,sigmoid,
2026-06-05T18:47:22,90.0,37.3,sensor2_serial,2,2,6,2,120,88,20.000,20.005,0,0,0,0.000000,SUCCESS,sigmoid,
2026-06-05T18:47:42,90.0,37.3,sensor2_serial,2,2,6,2,120,87,20.000,20.006,0,0,0,0.000000,SUCCESS,sigmoid,
2026-06-05T18:48:02,90.0,37.3,sensor2_serial,2,2,6,2,120,86,20.000,20.005,0,0,0,0.000000,SUCCESS,sigmoid,
2026-06-05T18:48:22,90.0,37.3,sensor2_serial,2,2,6,2,120,85,20.000,20.005,0,0,0,0.000000,SUCCESS,sigmoid,
2026-06-05T18:48:42,90.0,37.3,sensor2_serial,2,2,6,2,120,84,20.000,20.004,0,0,0,0.000000,SUCCESS,sigmoid,
2026-06-05T18:49:02,90.0,37.3,sensor2_serial,2,2,6,2,120,83,20.000,20.006,0,0,0,0.000000,SUCCESS,sigmoid,
2026-06-05T18:49:22,90.0,37.3,sensor2_serial,2,2,6,2,120,82,20.000,20.005,0,0,0,0.000000,SUCCESS,sigmoid,
2026-06-05T18:49:42,90.0,37.3,sensor2_serial,2,2,6,2,120,81,20.000,20.005,0,0,0,0.000000,SUCCESS,sigmoid,
2026-06-05T18:50:02,90.0,37.3,sensor2_serial,2,2,6,2,120,80,20.000,20.005,0,0,0,0.000000,SUCCESS,sigmoid,
2026-06-05T18:50:23,90.0,37.3,sensor2_serial,2,2,6,2,120,79,20.000,20.004,0,0,0,0.000000,SUCCESS,sigmoid,
2026-06-05T18:50:43,90.0,37.3,sensor2_serial,2,2,6,2,120,78,20.000,20.006,0,0,0,0.000000,SUCCESS,sigmoid,
2026-06-05T18:51:03,90.0,37.3,sensor2_serial,2,2,6,2,120,77,20.000,20.005,0,0,0,0.000000,SUCCESS,sigmoid,
2026-06-05T18:51:23,90.0,37.3,sensor2_serial,2,2,6,2,120,76,20.000,20.005,0,0,0,0.000000,SUCCESS,sigmoid,
2026-06-05T18:51:43,90.0,37.3,sensor2_serial,2,2,6,2,120,75,20.000,20.005,0,0,0,0.000000,SUCCESS,sigmoid,
2026-06-05T18:52:03,90.0,37.3,sensor2_serial,2,2,6,2,120,74,20.000,20.005,0,0,0,0.000000,SUCCESS,sigmoid,
2026-06-05T18:52:23,90.0,37.3,sensor2_serial,2,2,6,2,120,73,20.000,20.005,0,0,0,0.000000,SUCCESS,sigmoid,
2026-06-05T18:52:43,90.0,37.3,sensor2_serial,2,2,6,2,120,72,20.000,20.005,0,0,0,0.000000,SUCCESS,sigmoid,
2026-06-05T18:53:03,90.0,37.3,sensor2_serial,2,2,6,2,120,71,20.000,20.005,0,0,0,0.000000,SUCCESS,sigmoid,
2026-06-05T18:53:23,90.0,37.3,sensor2_serial,2,2,6,2,120,70,20.000,20.005,0,0,0,0.000000,SUCCESS,sigmoid,
2026-06-05T18:53:43,90.0,37.3,sensor2_serial,2,2,6,2,120,69,20.000,20.005,0,0,0,0.000000,SUCCESS,sigmoid,
2026-06-05T18:54:03,90.0,37.3,sensor2_serial,2,2,6,2,120,68,20.000,20.005,0,0,0,0.000000,SUCCESS,sigmoid,
2026-06-05T18:54:23,90.0,37.3,sensor2_serial,2,2,6,2,120,67,20.000,20.005,0,0,0,0.000000,SUCCESS,sigmoid,
2026-06-05T18:54:43,90.0,37.3,sensor2_serial,2,2,6,2,120,66,20.000,20.005,0,0,0,0.000000,SUCCESS,sigmoid,
2026-06-05T18:55:03,90.0,37.3,sensor2_serial,2,2,6,2,120,65,20.000,20.005,0,0,0,0.000000,SUCCESS,sigmoid,
2026-06-05T18:55:23,90.0,37.3,sensor2_serial,2,2,6,2,120,64,20.000,20.005,0,0,0,0.000000,SUCCESS,sigmoid,
2026-06-05T18:55:43,90.0,37.3,sensor2_serial,2,2,6,2,120,63,20.000,20.005,0,0,0,0.000000,SUCCESS,sigmoid,
2026-06-05T18:56:04,90.0,37.3,sensor2_serial,2,2,6,2,120,62,20.000,20.005,0,0,0,0.000000,SUCCESS,sigmoid,
2026-06-05T18:56:24,90.0,37.3,sensor2_serial,2,2,6,2,120,61,20.000,20.004,0,0,0,0.000000,SUCCESS,sigmoid,
2026-06-05T18:56:44,90.0,37.3,sensor2_serial,2,2,6,2,120,60,20.000,20.006,0,0,0,0.000000,SUCCESS,sigmoid,
2026-06-05T18:57:04,90.0,37.3,sensor2_serial,2,2,6,2,120,59,20.000,20.005,0,0,0,0.000000,SUCCESS,sigmoid,
2026-06-05T18:57:24,90.0,37.3,sensor2_serial,2,2,6,2,120,58,20.000,20.005,0,0,0,0.000000,SUCCESS,sigmoid,
2026-06-05T18:57:44,90.0,37.3,sensor2_serial,2,2,6,2,120,57,20.000,20.005,0,0,0,0.000000,SUCCESS,sigmoid,
2026-06-05T18:58:04,90.0,37.3,sensor2_serial,2,2,6,2,120,56,20.000,20.004,0,0,0,0.000000,SUCCESS,sigmoid,
2026-06-05T18:58:24,90.0,37.3,sensor2_serial,2,2,6,2,120,55,20.000,20.006,0,0,0,0.000000,SUCCESS,sigmoid,
2026-06-05T18:58:44,90.0,37.3,sensor2_serial,2,2,6,2,120,54,20.000,20.004,0,0,0,0.000000,SUCCESS,sigmoid,
2026-06-05T18:59:04,90.0,37.3,sensor2_serial,2,2,6,2,120,53,20.000,20.004,0,0,0,0.000000,SUCCESS,sigmoid,
2026-06-05T18:59:24,90.0,37.3,sensor2_serial,2,2,6,2,120,52,20.000,20.004,0,0,0,0.000000,SUCCESS,sigmoid,
2026-06-05T18:59:44,90.0,37.3,sensor2_serial,2,2,6,2,120,51,20.000,20.004,0,0,0,0.000000,SUCCESS,sigmoid,
2026-06-05T19:00:04,90.0,37.3,sensor2_serial,2,2,6,2,120,50,20.000,20.004,0,0,0,0.000000,SUCCESS,sigmoid,
2026-06-05T19:00:24,90.0,37.3,sensor2_serial,2,2,6,2,120,49,20.000,20.004,0,0,0,0.000000,SUCCESS,sigmoid,
2026-06-05T19:00:44,90.0,37.3,sensor2_serial,2,2,6,2,120,48,20.000,20.004,0,0,0,0.000000,SUCCESS,sigmoid,
2026-06-05T19:01:04,90.0,37.3,sensor2_serial,2,2,6,2,120,47,20.000,20.006,0,0,0,0.000000,SUCCESS,sigmoid,
2026-06-05T19:01:24,90.0,37.3,sensor2_serial,2,2,6,2,120,46,20.000,20.004,0,0,0,0.000000,SUCCESS,sigmoid,
2026-06-05T19:01:45,90.0,37.3,sensor2_serial,2,2,6,2,120,45,20.000,20.004,0,0,0,0.000000,SUCCESS,sigmoid,
2026-06-05T19:02:05,90.0,37.3,sensor2_serial,2,2,6,2,120,44,20.000,20.004,0,0,0,0.000000,SUCCESS,sigmoid,
2026-06-05T19:02:25,90.0,37.3,sensor2_serial,2,2,6,2,120,43,20.000,20.005,0,0,0,0.000000,SUCCESS,sigmoid,
2026-06-05T19:02:45,90.0,37.3,sensor2_serial,2,2,6,2,120,42,20.000,20.005,0,0,0,0.000000,SUCCESS,sigmoid,
2026-06-05T19:03:05,90.0,37.3,sensor2_serial,2,2,6,2,120,41,20.000,20.004,0,0,0,0.000000,SUCCESS,sigmoid,
2026-06-05T19:03:25,90.0,37.3,sensor2_serial,2,2,6,2,120,40,20.000,20.005,0,0,0,0.000000,SUCCESS,sigmoid,
2026-06-05T19:03:45,90.0,37.3,sensor2_serial,2,2,6,2,120,39,20.000,20.005,0,0,0,0.000000,SUCCESS,sigmoid,
2026-06-05T19:04:05,90.0,37.3,sensor2_serial,2,2,6,2,120,38,20.000,20.005,0,0,0,0.000000,SUCCESS,sigmoid,
2026-06-05T19:04:25,90.0,37.3,sensor2_serial,2,2,6,2,120,37,20.000,20.005,0,0,0,0.000000,SUCCESS,sigmoid,
2026-06-05T19:04:45,90.0,37.3,sensor2_serial,2,2,6,2,120,36,20.000,20.004,0,0,0,0.000000,SUCCESS,sigmoid,
2026-06-05T19:05:05,90.0,37.3,sensor2_serial,2,2,6,2,120,35,20.000,20.004,0,0,0,0.000000,SUCCESS,sigmoid,
2026-06-05T19:05:25,90.0,37.3,sensor2_serial,2,2,6,2,120,34,20.000,20.006,0,0,0,0.000000,SUCCESS,sigmoid,
2026-06-05T19:05:45,90.0,37.3,sensor2_serial,2,2,6,2,120,33,20.000,20.005,0,0,0,0.000000,SUCCESS,sigmoid,
2026-06-05T19:06:05,90.0,37.3,sensor2_serial,2,2,6,2,120,32,20.000,20.005,0,0,0,0.000000,SUCCESS,sigmoid,
2026-06-05T19:06:25,90.0,37.3,sensor2_serial,2,2,6,2,120,31,20.000,20.004,0,0,0,0.000000,SUCCESS,sigmoid,
2026-06-05T19:06:45,90.0,37.3,sensor2_serial,2,2,6,2,120,30,20.000,20.005,0,0,0,0.000000,SUCCESS,sigmoid,
2026-06-05T19:07:05,90.0,37.3,sensor2_serial,2,2,6,2,120,29,20.000,20.004,0,0,0,0.000000,SUCCESS,sigmoid,
2026-06-05T19:07:26,90.0,37.3,sensor2_serial,2,2,6,2,120,28,20.000,20.004,0,0,0,0.000000,SUCCESS,sigmoid,
2026-06-05T19:07:46,90.0,37.3,sensor2_serial,2,2,6,2,120,27,20.000,20.005,0,0,0,0.000000,SUCCESS,sigmoid,
2026-06-05T19:08:06,90.0,37.3,sensor2_serial,2,2,6,2,120,26,20.000,20.005,0,0,0,0.000000,SUCCESS,sigmoid,
2026-06-05T19:08:26,90.0,37.3,sensor2_serial,2,2,6,2,120,25,20.000,20.004,0,0,0,0.000000,SUCCESS,sigmoid,
2026-06-05T19:08:46,90.0,37.3,sensor2_serial,2,2,6,2,120,24,20.000,20.004,0,0,0,0.000000,SUCCESS,sigmoid,
2026-06-05T19:09:06,90.0,37.3,sensor2_serial,2,2,6,2,120,23,20.000,20.005,0,0,0,0.000000,SUCCESS,sigmoid,
2026-06-05T19:09:26,90.0,37.3,sensor2_serial,2,2,6,2,120,22,20.000,20.005,0,0,0,0.000000,SUCCESS,sigmoid,
2026-06-05T19:09:46,90.0,37.3,sensor2_serial,2,2,6,2,120,21,20.000,20.005,0,0,0,0.000000,SUCCESS,sigmoid,
2026-06-05T19:10:06,90.0,37.3,sensor2_serial,2,2,6,2,120,20,20.000,20.004,0,0,0,0.000000,SUCCESS,sigmoid,
2026-06-05T19:10:26,90.0,37.3,sensor2_serial,2,2,6,2,120,19,20.000,20.005,0,0,0,0.000000,SUCCESS,sigmoid,
2026-06-05T19:10:46,90.0,37.3,sensor2_serial,2,2,6,2,120,18,20.000,20.005,0,0,0,0.000000,SUCCESS,sigmoid,
2026-06-05T19:11:06,90.0,37.3,sensor2_serial,2,2,6,2,120,17,20.000,20.005,0,0,0,0.000000,SUCCESS,sigmoid,
2026-06-05T19:11:26,90.0,37.3,sensor2_serial,2,2,6,2,120,16,20.000,20.005,0,0,0,0.000000,SUCCESS,sigmoid,
2026-06-05T19:11:46,90.0,37.3,sensor2_serial,2,2,6,2,120,15,20.000,20.005,0,0,0,0.000000,SUCCESS,sigmoid,
2026-06-05T19:12:06,90.0,37.3,sensor2_serial,2,2,6,2,120,14,20.000,20.005,0,0,0,0.000000,SUCCESS,sigmoid,
2026-06-05T19:12:26,90.0,37.3,sensor2_serial,2,2,6,2,120,13,20.000,20.005,0,0,0,0.000000,SUCCESS,sigmoid,
2026-06-05T19:12:46,90.0,37.3,sensor2_serial,2,2,6,2,120,12,20.000,20.004,0,0,0,0.000000,SUCCESS,sigmoid,
2026-06-05T19:13:07,90.0,37.3,sensor2_serial,2,2,6,2,120,11,20.000,20.004,0,0,0,0.000000,SUCCESS,sigmoid,
2026-06-05T19:13:27,90.0,37.3,sensor2_serial,2,2,6,2,120,10,20.000,20.006,0,0,0,0.000000,SUCCESS,sigmoid,
2026-06-05T19:13:47,90.0,37.3,sensor2_serial,2,2,6,2,120,9,20.000,20.005,0,0,0,0.000000,SUCCESS,sigmoid,
2026-06-05T19:14:07,90.0,37.3,sensor2_serial,2,2,6,2,120,8,20.000,20.005,0,0,0,0.000000,SUCCESS,sigmoid,
2026-06-05T19:14:27,90.0,37.3,sensor2_serial,2,2,6,2,120,7,20.000,20.005,0,0,0,0.000000,SUCCESS,sigmoid,
2026-06-05T19:14:47,90.0,37.3,sensor2_serial,2,2,6,2,120,6,20.000,20.005,0,0,0,0.000000,SUCCESS,sigmoid,
2026-06-05T19:15:07,90.0,37.3,sensor2_serial,2,2,6,2,120,5,20.000,20.005,0,0,0,0.000000,SUCCESS,sigmoid,
2026-06-05T19:15:27,90.0,37.3,sensor2_serial,2,2,6,2,120,4,20.000,20.005,0,0,0,0.000000,SUCCESS,sigmoid,
2026-06-05T19:15:47,90.0,37.3,sensor2_serial,2,2,6,2,120,3,20.000,20.004,0,0,0,0.000000,SUCCESS,sigmoid,
2026-06-05T19:16:07,90.0,37.3,sensor2_serial,2,2,6,2,120,2,20.000,20.005,0,0,0,0.000000,SUCCESS,sigmoid,
2026-06-05T19:16:27,90.0,37.3,sensor2_serial,2,2,6,2,120,1,20.000,20.004,0,0,0,0.000000,SUCCESS,sigmoid,
2026-06-05T19:16:47,90.0,37.3,sensor2_serial,2,2,6,2,120,0,20.000,20.004,0,0,0,0.000000,SUCCESS,sigmoid,
2026-06-05T19:17:21,91.0,36.3,sensor2_serial,2,0,4,0,120,255,20.000,20.004,0,3591965,3591965,179560.255680,SUCCESS,sigmoid,
2026-06-05T19:17:41,91.0,36.3,sensor2_serial,2,0,4,0,120,254,20.000,20.004,0,3367140,3367140,168321.072838,SUCCESS,sigmoid,
2026-06-05T19:18:01,91.0,36.3,sensor2_serial,2,0,4,0,120,253,20.000,20.005,0,2641459,2641459,132036.837678,SUCCESS,sigmoid,
2026-06-05T19:18:21,91.0,36.3,sensor2_serial,2,0,4,0,120,252,20.000,20.004,0,2069538,2069538,103455.400152,SUCCESS,sigmoid,
2026-06-05T19:18:42,91.0,36.3,sensor2_serial,2,0,4,0,120,251,20.000,20.006,0,1150486,1150486,57508.408866,SUCCESS,sigmoid,
2026-06-05T19:19:02,91.0,36.3,sensor2_serial,2,0,4,0,120,250,20.000,20.005,0,619220,619220,30952.894826,SUCCESS,sigmoid,
2026-06-05T19:19:22,91.0,36.3,sensor2_serial,2,0,4,0,120,249,20.000,20.005,0,332688,332688,16630.613380,SUCCESS,sigmoid,
2026-06-05T19:19:42,91.0,36.3,sensor2_serial,2,0,4,0,120,248,20.000,20.005,0,155721,155721,7783.916445,SUCCESS,sigmoid,
2026-06-05T19:20:02,91.0,36.3,sensor2_serial,2,0,4,0,120,247,20.000,20.005,0,86657,86657,4331.707045,SUCCESS,sigmoid,
2026-06-05T19:20:22,91.0,36.3,sensor2_serial,2,0,4,0,120,246,20.000,20.005,0,42580,42580,2128.445624,SUCCESS,sigmoid,
2026-06-05T19:20:42,91.0,36.3,sensor2_serial,2,0,4,0,120,245,20.000,20.005,0,42605,42605,2129.684486,SUCCESS,sigmoid,
2026-06-05T19:21:02,91.0,36.3,sensor2_serial,2,0,4,0,120,244,20.000,20.005,0,19223,19223,960.893242,SUCCESS,sigmoid,
2026-06-05T19:21:22,91.0,36.3,sensor2_serial,2,0,4,0,120,243,20.000,20.005,0,6327,6327,316.269434,SUCCESS,sigmoid,
2026-06-05T19:21:42,91.0,36.3,sensor2_serial,2,0,4,0,120,242,20.000,20.005,0,1915,1915,95.723993,SUCCESS,sigmoid,
2026-06-05T19:22:02,91.0,36.3,sensor2_serial,2,0,4,0,120,241,20.000,20.005,0,779,779,38.939888,SUCCESS,sigmoid,
2026-06-05T19:22:22,91.0,36.3,sensor2_serial,2,0,4,0,120,240,20.000,20.006,0,486,486,24.293282,SUCCESS,sigmoid,
2026-06-05T19:22:42,91.0,36.3,sensor2_serial,2,0,4,0,120,239,20.000,20.005,0,259,259,12.946448,SUCCESS,sigmoid,
2026-06-05T19:23:02,91.0,36.3,sensor2_serial,2,0,4,0,120,238,20.000,20.005,0,231,231,11.546984,SUCCESS,sigmoid,
2026-06-05T19:23:22,91.0,36.3,sensor2_serial,2,0,4,0,120,237,20.000,20.006,0,214,214,10.696997,SUCCESS,sigmoid,
2026-06-05T19:23:42,91.0,36.3,sensor2_serial,2,0,4,0,120,236,20.000,20.005,0,182,182,9.097589,SUCCESS,sigmoid,
2026-06-05T19:24:02,91.0,36.3,sensor2_serial,2,0,4,0,120,235,20.000,20.005,0,144,144,7.198136,SUCCESS,sigmoid,
2026-06-05T19:24:23,91.0,36.3,sensor2_serial,2,0,4,0,120,234,20.000,20.005,0,167,167,8.348082,SUCCESS,sigmoid,
2026-06-05T19:24:43,91.0,36.3,sensor2_serial,2,0,4,0,120,233,20.000,20.006,0,176,176,8.797537,SUCCESS,sigmoid,
2026-06-05T19:25:03,91.0,36.3,sensor2_serial,2,0,4,0,120,232,20.000,20.005,0,163,163,8.147842,SUCCESS,sigmoid,
2026-06-05T19:25:23,91.0,36.3,sensor2_serial,2,0,4,0,120,231,20.000,20.006,0,160,160,7.997753,SUCCESS,sigmoid,
2026-06-05T19:25:43,91.0,36.3,sensor2_serial,2,0,4,0,120,230,20.000,20.005,0,151,151,7.548058,SUCCESS,sigmoid,
2026-06-05T19:26:03,91.0,36.3,sensor2_serial,2,0,4,0,120,229,20.000,20.005,0,177,177,8.847667,SUCCESS,sigmoid,
2026-06-05T19:26:23,91.0,36.3,sensor2_serial,2,0,4,0,120,228,20.000,20.005,0,156,156,7.797999,SUCCESS,sigmoid,
2026-06-05T19:26:43,91.0,36.3,sensor2_serial,2,0,4,0,120,227,20.000,20.005,0,143,143,7.148124,SUCCESS,sigmoid,
2026-06-05T19:27:03,91.0,36.3,sensor2_serial,2,0,4,0,120,226,20.000,20.005,0,170,170,8.497681,SUCCESS,sigmoid,
2026-06-05T19:27:23,91.0,36.3,sensor2_serial,2,0,4,0,120,225,20.000,20.005,0,161,161,8.047878,SUCCESS,sigmoid,
2026-06-05T19:27:43,91.0,36.3,sensor2_serial,2,0,4,0,120,224,20.000,20.005,0,185,185,9.247578,SUCCESS,sigmoid,
2026-06-05T19:28:03,91.0,36.3,sensor2_serial,2,0,4,0,120,223,20.000,20.005,0,173,173,8.647669,SUCCESS,sigmoid,
2026-06-05T19:28:23,91.0,36.3,sensor2_serial,2,0,4,0,120,222,20.000,20.005,0,132,132,6.598249,SUCCESS,sigmoid,
2026-06-05T19:28:43,91.0,36.3,sensor2_serial,2,0,4,0,120,221,20.000,20.005,0,141,141,7.048165,SUCCESS,sigmoid,
2026-06-05T19:29:03,91.0,36.3,sensor2_serial,2,0,4,0,120,220,20.000,20.005,0,168,168,8.397767,SUCCESS,sigmoid,
2026-06-05T19:29:23,91.0,36.3,sensor2_serial,2,0,4,0,120,219,20.000,20.006,0,145,145,7.247948,SUCCESS,sigmoid,
2026-06-05T19:29:43,91.0,36.3,sensor2_serial,2,0,4,0,120,218,20.000,20.005,0,153,153,7.647963,SUCCESS,sigmoid,
2026-06-05T19:30:04,91.0,36.3,sensor2_serial,2,0,4,0,120,217,20.000,20.005,0,151,151,7.548023,SUCCESS,sigmoid,
2026-06-05T19:30:24,91.0,36.3,sensor2_serial,2,0,4,0,120,216,20.000,20.006,0,150,150,7.497906,SUCCESS,sigmoid,
2026-06-05T19:30:44,91.0,36.3,sensor2_serial,2,0,4,0,120,215,20.000,20.006,0,147,147,7.347950,SUCCESS,sigmoid,
2026-06-05T19:31:04,91.0,36.3,sensor2_serial,2,0,4,0,120,214,20.000,20.005,0,163,163,8.147827,SUCCESS,sigmoid,
2026-06-05T19:31:24,91.0,36.3,sensor2_serial,2,0,4,0,120,213,20.000,20.005,0,172,172,8.597639,SUCCESS,sigmoid,
2026-06-05T19:31:44,91.0,36.3,sensor2_serial,2,0,4,0,120,212,20.000,20.005,0,151,151,7.547959,SUCCESS,sigmoid,
2026-06-05T19:32:04,91.0,36.3,sensor2_serial,2,0,4,0,120,211,20.000,20.005,0,144,144,7.198166,SUCCESS,sigmoid,
2026-06-05T19:32:24,91.0,36.3,sensor2_serial,2,0,4,0,120,210,20.000,20.005,0,163,163,8.147880,SUCCESS,sigmoid,
2026-06-05T19:32:44,91.0,36.3,sensor2_serial,2,0,4,0,120,209,20.000,20.006,0,170,170,8.497654,SUCCESS,sigmoid,
2026-06-05T19:33:04,91.0,36.3,sensor2_serial,2,0,4,0,120,208,20.000,20.005,0,151,151,7.548022,SUCCESS,sigmoid,
2026-06-05T19:33:24,91.0,36.3,sensor2_serial,2,0,4,0,120,207,20.000,20.005,0,142,142,7.098078,SUCCESS,sigmoid,
2026-06-05T19:33:44,91.0,36.3,sensor2_serial,2,0,4,0,120,206,20.000,20.005,0,146,146,7.297999,SUCCESS,sigmoid,
2026-06-05T19:34:04,91.0,36.3,sensor2_serial,2,0,4,0,120,205,20.000,20.005,0,153,153,7.648041,SUCCESS,sigmoid,
2026-06-05T19:34:24,91.0,36.3,sensor2_serial,2,0,4,0,120,204,20.000,20.006,0,152,152,7.597883,SUCCESS,sigmoid,
2026-06-05T19:34:44,91.0,36.3,sensor2_serial,2,0,4,0,120,203,20.000,20.005,0,141,141,7.048188,SUCCESS,sigmoid,
2026-06-05T19:35:04,91.0,36.3,sensor2_serial,2,0,4,0,120,202,20.000,20.006,0,146,146,7.297976,SUCCESS,sigmoid,
2026-06-05T19:35:24,91.0,36.3,sensor2_serial,2,0,4,0,120,201,20.000,20.006,0,147,147,7.347970,SUCCESS,sigmoid,
2026-06-05T19:35:45,91.0,36.3,sensor2_serial,2,0,4,0,120,200,20.000,20.005,0,171,171,8.547774,SUCCESS,sigmoid,
2026-06-05T19:36:05,91.0,36.3,sensor2_serial,2,0,4,0,120,199,20.000,20.006,0,136,136,6.798115,SUCCESS,sigmoid,
2026-06-05T19:36:25,91.0,36.3,sensor2_serial,2,0,4,0,120,198,20.000,20.006,0,164,164,8.197715,SUCCESS,sigmoid,
2026-06-05T19:36:45,91.0,36.3,sensor2_serial,2,0,4,0,120,197,20.000,20.006,0,151,151,7.547908,SUCCESS,sigmoid,
2026-06-05T19:37:05,91.0,36.3,sensor2_serial,2,0,4,0,120,196,20.000,20.006,0,149,149,7.447950,SUCCESS,sigmoid,
2026-06-05T19:37:25,91.0,36.3,sensor2_serial,2,0,4,0,120,195,20.000,20.005,0,120,120,5.998455,SUCCESS,sigmoid,
2026-06-05T19:37:45,91.0,36.3,sensor2_serial,2,0,4,0,120,194,20.000,20.005,0,159,159,7.947964,SUCCESS,sigmoid,
2026-06-05T19:38:05,91.0,36.3,sensor2_serial,2,0,4,0,120,193,20.000,20.005,0,134,134,6.698311,SUCCESS,sigmoid,
2026-06-05T19:38:25,91.0,36.3,sensor2_serial,2,0,4,0,120,192,20.000,20.005,0,141,141,7.048063,SUCCESS,sigmoid,
2026-06-05T19:38:45,91.0,36.3,sensor2_serial,2,0,4,0,120,191,20.000,20.005,0,156,156,7.797914,SUCCESS,sigmoid,
2026-06-05T19:39:05,91.0,36.3,sensor2_serial,2,0,4,0,120,190,20.000,20.005,0,153,153,7.648061,SUCCESS,sigmoid,
2026-06-05T19:39:25,91.0,36.3,sensor2_serial,2,0,4,0,120,189,20.000,20.006,0,128,128,6.398236,SUCCESS,sigmoid,
2026-06-05T19:39:45,91.0,36.3,sensor2_serial,2,0,4,0,120,188,20.000,20.005,0,137,137,6.848154,SUCCESS,sigmoid,
2026-06-05T19:40:05,91.0,36.3,sensor2_serial,2,0,4,0,120,187,20.000,20.005,0,143,143,7.148154,SUCCESS,sigmoid,
2026-06-05T19:40:25,91.0,36.3,sensor2_serial,2,0,4,0,120,186,20.000,20.005,0,159,159,7.947930,SUCCESS,sigmoid,
2026-06-05T19:40:45,91.0,36.3,sensor2_serial,2,0,4,0,120,185,20.000,20.006,0,134,134,6.698126,SUCCESS,sigmoid,
2026-06-05T19:41:05,91.0,36.3,sensor2_serial,2,0,4,0,120,184,20.000,20.004,0,154,154,7.698382,SUCCESS,sigmoid,
2026-06-05T19:41:26,91.0,36.3,sensor2_serial,2,0,4,0,120,183,20.000,20.006,0,153,153,7.647889,SUCCESS,sigmoid,
2026-06-05T19:41:46,91.0,36.3,sensor2_serial,2,0,4,0,120,182,20.000,20.006,0,149,149,7.447914,SUCCESS,sigmoid,
2026-06-05T19:42:06,91.0,36.3,sensor2_serial,2,0,4,0,120,181,20.000,20.005,0,145,145,7.248090,SUCCESS,sigmoid,
2026-06-05T19:42:26,91.0,36.3,sensor2_serial,2,0,4,0,120,180,20.000,20.005,0,142,142,7.098094,SUCCESS,sigmoid,
2026-06-05T19:42:46,91.0,36.3,sensor2_serial,2,0,4,0,120,179,20.000,20.005,0,134,134,6.698265,SUCCESS,sigmoid,
2026-06-05T19:43:06,91.0,36.3,sensor2_serial,2,0,4,0,120,178,20.000,20.005,0,130,130,6.498257,SUCCESS,sigmoid,
2026-06-05T19:43:26,91.0,36.3,sensor2_serial,2,0,4,0,120,177,20.000,20.005,0,144,144,7.198130,SUCCESS,sigmoid,
2026-06-05T19:43:46,91.0,36.3,sensor2_serial,2,0,4,0,120,176,20.000,20.006,0,128,128,6.398203,SUCCESS,sigmoid,
2026-06-05T19:44:06,91.0,36.3,sensor2_serial,2,0,4,0,120,175,20.000,20.005,0,107,107,5.348711,SUCCESS,sigmoid,
2026-06-05T19:44:26,91.0,36.3,sensor2_serial,2,0,4,0,120,174,20.000,20.005,0,148,148,7.398176,SUCCESS,sigmoid,
2026-06-05T19:44:46,91.0,36.3,sensor2_serial,2,0,4,0,120,173,20.000,20.005,0,115,115,5.748513,SUCCESS,sigmoid,
2026-06-05T19:45:06,91.0,36.3,sensor2_serial,2,0,4,0,120,172,20.000,20.006,0,125,125,6.248274,SUCCESS,sigmoid,
2026-06-05T19:45:26,91.0,36.3,sensor2_serial,2,0,4,0,120,171,20.000,20.005,0,110,110,5.498586,SUCCESS,sigmoid,
2026-06-05T19:45:46,91.0,36.3,sensor2_serial,2,0,4,0,120,170,20.000,20.005,0,127,127,6.348346,SUCCESS,sigmoid,
2026-06-05T19:46:06,91.0,36.3,sensor2_serial,2,0,4,0,120,169,20.000,20.004,0,104,104,5.198890,SUCCESS,sigmoid,
2026-06-05T19:46:26,91.0,36.3,sensor2_serial,2,0,4,0,120,168,20.000,20.005,0,116,116,5.798689,SUCCESS,sigmoid,
2026-06-05T19:46:47,91.0,36.3,sensor2_serial,2,0,4,0,120,167,20.000,20.005,0,101,101,5.048637,SUCCESS,sigmoid,
2026-06-05T19:47:07,91.0,36.3,sensor2_serial,2,0,4,0,120,166,20.000,20.005,0,110,110,5.498541,SUCCESS,sigmoid,
2026-06-05T19:47:27,91.0,36.3,sensor2_serial,2,0,4,0,120,165,20.000,20.005,0,99,99,4.948642,SUCCESS,sigmoid,
2026-06-05T19:47:47,91.0,36.3,sensor2_serial,2,0,4,0,120,164,20.000,20.006,0,111,111,5.548409,SUCCESS,sigmoid,
2026-06-05T19:48:07,91.0,36.3,sensor2_serial,2,0,4,0,120,163,20.000,20.006,0,79,79,3.948913,SUCCESS,sigmoid,
2026-06-05T19:48:27,91.0,36.3,sensor2_serial,2,0,4,0,120,162,20.000,20.005,0,85,85,4.248900,SUCCESS,sigmoid,
2026-06-05T19:48:47,91.0,36.3,sensor2_serial,2,0,4,0,120,161,20.000,20.005,0,95,95,4.748762,SUCCESS,sigmoid,
2026-06-05T19:49:07,91.0,36.3,sensor2_serial,2,0,4,0,120,160,20.000,20.005,0,83,83,4.148892,SUCCESS,sigmoid,
2026-06-05T19:49:27,91.0,36.3,sensor2_serial,2,0,4,0,120,159,20.000,20.005,0,77,77,3.848957,SUCCESS,sigmoid,
2026-06-05T19:49:47,91.0,36.3,sensor2_serial,2,0,4,0,120,158,20.000,20.005,0,83,83,4.148924,SUCCESS,sigmoid,
2026-06-05T19:50:07,91.0,36.3,sensor2_serial,2,0,4,0,120,157,20.000,20.005,0,70,70,3.499101,SUCCESS,sigmoid,
2026-06-05T19:50:27,91.0,36.3,sensor2_serial,2,0,4,0,120,156,20.000,20.006,0,72,72,3.598987,SUCCESS,sigmoid,
2026-06-05T19:50:47,91.0,36.3,sensor2_serial,2,0,4,0,120,155,20.000,20.005,0,82,82,4.098929,SUCCESS,sigmoid,
2026-06-05T19:51:07,91.0,36.3,sensor2_serial,2,0,4,0,120,154,20.000,20.005,0,58,58,2.899219,SUCCESS,sigmoid,
2026-06-05T19:51:27,91.0,36.3,sensor2_serial,2,0,4,0,120,153,20.000,20.006,0,65,65,3.249090,SUCCESS,sigmoid,
2026-06-05T19:51:47,91.0,36.3,sensor2_serial,2,0,4,0,120,152,20.000,20.006,0,56,56,2.799222,SUCCESS,sigmoid,
2026-06-05T19:52:07,91.0,36.3,sensor2_serial,2,0,4,0,120,151,20.000,20.005,0,40,40,1.999478,SUCCESS,sigmoid,
2026-06-05T19:52:28,91.0,36.3,sensor2_serial,2,0,4,0,120,150,20.000,20.005,0,55,55,2.749284,SUCCESS,sigmoid,
2026-06-05T19:52:48,91.0,36.3,sensor2_serial,2,0,4,0,120,149,20.000,20.004,0,46,46,2.299487,SUCCESS,sigmoid,
2026-06-05T19:53:08,91.0,36.3,sensor2_serial,2,0,4,0,120,148,20.000,20.005,0,49,49,2.449341,SUCCESS,sigmoid,
2026-06-05T19:53:28,91.0,36.3,sensor2_serial,2,0,4,0,120,147,20.000,20.006,0,42,42,2.099421,SUCCESS,sigmoid,
2026-06-05T19:53:48,91.0,36.3,sensor2_serial,2,0,4,0,120,146,20.000,20.005,0,37,37,1.849570,SUCCESS,sigmoid,
2026-06-05T19:54:08,91.0,36.3,sensor2_serial,2,0,4,0,120,145,20.000,20.005,0,29,29,1.449626,SUCCESS,sigmoid,
2026-06-05T19:54:28,91.0,36.3,sensor2_serial,2,0,4,0,120,144,20.000,20.005,0,37,37,1.849494,SUCCESS,sigmoid,
2026-06-05T19:54:48,91.0,36.3,sensor2_serial,2,0,4,0,120,143,20.000,20.005,0,34,34,1.699545,SUCCESS,sigmoid,
2026-06-05T19:55:08,91.0,36.3,sensor2_serial,2,0,4,0,120,142,20.000,20.005,0,22,22,1.099700,SUCCESS,sigmoid,
2026-06-05T19:55:28,91.0,36.3,sensor2_serial,2,0,4,0,120,141,20.000,20.005,0,16,16,0.799797,SUCCESS,sigmoid,
2026-06-05T19:55:48,91.0,36.3,sensor2_serial,2,0,4,0,120,140,20.000,20.006,0,22,22,1.099691,SUCCESS,sigmoid,
2026-06-05T19:56:08,91.0,36.3,sensor2_serial,2,0,4,0,120,139,20.000,20.006,0,20,20,0.999723,SUCCESS,sigmoid,
2026-06-05T19:56:28,91.0,36.3,sensor2_serial,2,0,4,0,120,138,20.000,20.005,0,11,11,0.549861,SUCCESS,sigmoid,
2026-06-05T19:56:48,91.0,36.3,sensor2_serial,2,0,4,0,120,137,20.000,20.005,0,9,9,0.449883,SUCCESS,sigmoid,
2026-06-05T19:57:08,91.0,36.3,sensor2_serial,2,0,4,0,120,136,20.000,20.005,0,16,16,0.799792,SUCCESS,sigmoid,
2026-06-05T19:57:28,91.0,36.3,sensor2_serial,2,0,4,0,120,135,20.000,20.006,0,12,12,0.599835,SUCCESS,sigmoid,
2026-06-05T19:57:48,91.0,36.3,sensor2_serial,2,0,4,0,120,134,20.000,20.005,0,13,13,0.649825,SUCCESS,sigmoid,
2026-06-05T19:58:09,91.0,36.3,sensor2_serial,2,0,4,0,120,133,20.000,20.005,0,4,4,0.199947,SUCCESS,sigmoid,
2026-06-05T19:58:29,91.0,36.3,sensor2_serial,2,0,4,0,120,132,20.000,20.005,0,7,7,0.349904,SUCCESS,sigmoid,
2026-06-05T19:58:49,91.0,36.3,sensor2_serial,2,0,4,0,120,131,20.000,20.006,0,11,11,0.549847,SUCCESS,sigmoid,
2026-06-05T19:59:09,91.0,36.3,sensor2_serial,2,0,4,0,120,130,20.000,20.005,0,8,8,0.399896,SUCCESS,sigmoid,
2026-06-05T19:59:29,91.0,36.3,sensor2_serial,2,0,4,0,120,129,20.000,20.006,0,2,2,0.099972,SUCCESS,sigmoid,
2026-06-05T19:59:49,91.0,36.3,sensor2_serial,2,0,4,0,120,128,20.000,20.006,0,1,1,0.049986,SUCCESS,sigmoid,
2026-06-05T20:00:09,91.0,36.3,sensor2_serial,2,0,4,0,120,127,20.000,20.005,0,1,1,0.049987,SUCCESS,sigmoid,
2026-06-05T20:00:29,91.0,36.3,sensor2_serial,2,0,4,0,120,126,20.000,20.005,0,2,2,0.099973,SUCCESS,sigmoid,
2026-06-05T20:00:49,91.0,36.3,sensor2_serial,2,0,4,0,120,125,20.000,20.005,0,3,3,0.149961,SUCCESS,sigmoid,
2026-06-05T20:01:09,91.0,36.3,sensor2_serial,2,0,4,0,120,124,20.000,20.004,0,4,4,0.199957,SUCCESS,sigmoid,
2026-06-05T20:01:29,91.0,36.3,sensor2_serial,2,0,4,0,120,123,20.000,20.005,0,3,3,0.149960,SUCCESS,sigmoid,
2026-06-05T20:01:49,91.0,36.3,sensor2_serial,2,0,4,0,120,122,20.000,20.005,0,0,0,0.000000,SUCCESS,sigmoid,
2026-06-05T20:02:09,91.0,36.3,sensor2_serial,2,0,4,0,120,121,20.000,20.005,0,3,3,0.149959,SUCCESS,sigmoid,
2026-06-05T20:02:29,91.0,36.3,sensor2_serial,2,0,4,0,120,120,20.000,20.006,0,0,0,0.000000,SUCCESS,sigmoid,
2026-06-05T20:02:49,91.0,36.3,sensor2_serial,2,0,4,0,120,119,20.000,20.005,0,1,1,0.049987,SUCCESS,sigmoid,
2026-06-05T20:03:09,91.0,36.3,sensor2_serial,2,0,4,0,120,118,20.000,20.005,0,1,1,0.049987,SUCCESS,sigmoid,
2026-06-05T20:03:29,91.0,36.3,sensor2_serial,2,0,4,0,120,117,20.000,20.006,0,1,1,0.049986,SUCCESS,sigmoid,
2026-06-05T20:03:50,91.0,36.3,sensor2_serial,2,0,4,0,120,116,20.000,20.005,0,1,1,0.049987,SUCCESS,sigmoid,
2026-06-05T20:04:10,91.0,36.3,sensor2_serial,2,0,4,0,120,115,20.000,20.005,0,0,0,0.000000,SUCCESS,sigmoid,
2026-06-05T20:04:30,91.0,36.3,sensor2_serial,2,0,4,0,120,114,20.000,20.005,0,0,0,0.000000,SUCCESS,sigmoid,
2026-06-05T20:04:50,91.0,36.3,sensor2_serial,2,0,4,0,120,113,20.000,20.004,0,0,0,0.000000,SUCCESS,sigmoid,
2026-06-05T20:05:10,91.0,36.3,sensor2_serial,2,0,4,0,120,112,20.000,20.005,0,0,0,0.000000,SUCCESS,sigmoid,
2026-06-05T20:05:30,91.0,36.3,sensor2_serial,2,0,4,0,120,111,20.000,20.005,0,0,0,0.000000,SUCCESS,sigmoid,
2026-06-05T20:05:50,91.0,36.3,sensor2_serial,2,0,4,0,120,110,20.000,20.005,0,1,1,0.049988,SUCCESS,sigmoid,
2026-06-05T20:06:10,91.0,36.3,sensor2_serial,2,0,4,0,120,109,20.000,20.006,0,0,0,0.000000,SUCCESS,sigmoid,
2026-06-05T20:06:30,91.0,36.3,sensor2_serial,2,0,4,0,120,108,20.000,20.005,0,0,0,0.000000,SUCCESS,sigmoid,
2026-06-05T20:06:50,91.0,36.3,sensor2_serial,2,0,4,0,120,107,20.000,20.005,0,0,0,0.000000,SUCCESS,sigmoid,
2026-06-05T20:07:10,91.0,36.3,sensor2_serial,2,0,4,0,120,106,20.000,20.005,0,0,0,0.000000,SUCCESS,sigmoid,
2026-06-05T20:07:30,91.0,36.3,sensor2_serial,2,0,4,0,120,105,20.000,20.005,0,0,0,0.000000,SUCCESS,sigmoid,
2026-06-05T20:07:50,91.0,36.3,sensor2_serial,2,0,4,0,120,104,20.000,20.005,0,0,0,0.000000,SUCCESS,sigmoid,
2026-06-05T20:08:10,91.0,36.3,sensor2_serial,2,0,4,0,120,103,20.000,20.006,0,0,0,0.000000,SUCCESS,sigmoid,
2026-06-05T20:08:30,91.0,36.3,sensor2_serial,2,0,4,0,120,102,20.000,20.005,0,0,0,0.000000,SUCCESS,sigmoid,
2026-06-05T20:08:50,91.0,36.3,sensor2_serial,2,0,4,0,120,101,20.000,20.005,0,0,0,0.000000,SUCCESS,sigmoid,
2026-06-05T20:09:10,91.0,36.3,sensor2_serial,2,0,4,0,120,100,20.000,20.004,0,0,0,0.000000,SUCCESS,sigmoid,
2026-06-05T20:09:31,91.0,36.3,sensor2_serial,2,0,4,0,120,99,20.000,20.005,0,0,0,0.000000,SUCCESS,sigmoid,
2026-06-05T20:09:51,91.0,36.3,sensor2_serial,2,0,4,0,120,98,20.000,20.005,0,0,0,0.000000,SUCCESS,sigmoid,
2026-06-05T20:10:11,91.0,36.3,sensor2_serial,2,0,4,0,120,97,20.000,20.005,0,0,0,0.000000,SUCCESS,sigmoid,
2026-06-05T20:10:31,91.0,36.3,sensor2_serial,2,0,4,0,120,96,20.000,20.004,0,0,0,0.000000,SUCCESS,sigmoid,
2026-06-05T20:10:51,91.0,36.3,sensor2_serial,2,0,4,0,120,95,20.000,20.005,0,0,0,0.000000,SUCCESS,sigmoid,
2026-06-05T20:11:11,91.0,36.3,sensor2_serial,2,0,4,0,120,94,20.000,20.006,0,0,0,0.000000,SUCCESS,sigmoid,
2026-06-05T20:11:31,91.0,36.3,sensor2_serial,2,0,4,0,120,93,20.000,20.005,0,0,0,0.000000,SUCCESS,sigmoid,
2026-06-05T20:11:51,91.0,36.3,sensor2_serial,2,0,4,0,120,92,20.000,20.005,0,0,0,0.000000,SUCCESS,sigmoid,
2026-06-05T20:12:11,91.0,36.3,sensor2_serial,2,0,4,0,120,91,20.000,20.005,0,0,0,0.000000,SUCCESS,sigmoid,
2026-06-05T20:12:31,91.0,36.3,sensor2_serial,2,0,4,0,120,90,20.000,20.005,0,0,0,0.000000,SUCCESS,sigmoid,
2026-06-05T20:12:51,91.0,36.3,sensor2_serial,2,0,4,0,120,89,20.000,20.004,0,0,0,0.000000,SUCCESS,sigmoid,
2026-06-05T20:13:11,91.0,36.3,sensor2_serial,2,0,4,0,120,88,20.000,20.005,0,0,0,0.000000,SUCCESS,sigmoid,
2026-06-05T20:13:31,91.0,36.3,sensor2_serial,2,0,4,0,120,87,20.000,20.005,0,0,0,0.000000,SUCCESS,sigmoid,
2026-06-05T20:13:51,91.0,36.3,sensor2_serial,2,0,4,0,120,86,20.000,20.005,0,0,0,0.000000,SUCCESS,sigmoid,
2026-06-05T20:14:11,91.0,36.3,sensor2_serial,2,0,4,0,120,85,20.000,20.005,0,0,0,0.000000,SUCCESS,sigmoid,
2026-06-05T20:14:31,91.0,36.3,sensor2_serial,2,0,4,0,120,84,20.000,20.004,0,0,0,0.000000,SUCCESS,sigmoid,
2026-06-05T20:14:52,91.0,36.3,sensor2_serial,2,0,4,0,120,83,20.000,20.004,0,0,0,0.000000,SUCCESS,sigmoid,
2026-06-05T20:15:12,91.0,36.3,sensor2_serial,2,0,4,0,120,82,20.000,20.006,0,0,0,0.000000,SUCCESS,sigmoid,
2026-06-05T20:15:32,91.0,36.3,sensor2_serial,2,0,4,0,120,81,20.000,20.004,0,0,0,0.000000,SUCCESS,sigmoid,
2026-06-05T20:15:52,91.0,36.3,sensor2_serial,2,0,4,0,120,80,20.000,20.008,0,0,0,0.000000,SUCCESS,sigmoid,
2026-06-05T20:16:12,91.0,36.3,sensor2_serial,2,0,4,0,120,79,20.000,20.006,0,0,0,0.000000,SUCCESS,sigmoid,
2026-06-05T20:16:32,91.0,36.3,sensor2_serial,2,0,4,0,120,78,20.000,20.004,0,0,0,0.000000,SUCCESS,sigmoid,
2026-06-05T20:16:52,91.0,36.3,sensor2_serial,2,0,4,0,120,77,20.000,20.005,0,0,0,0.000000,SUCCESS,sigmoid,
2026-06-05T20:17:12,91.0,36.3,sensor2_serial,2,0,4,0,120,76,20.000,20.005,0,0,0,0.000000,SUCCESS,sigmoid,
2026-06-05T20:17:32,91.0,36.3,sensor2_serial,2,0,4,0,120,75,20.000,20.005,0,0,0,0.000000,SUCCESS,sigmoid,
2026-06-05T20:17:52,91.0,36.3,sensor2_serial,2,0,4,0,120,74,20.000,20.004,0,0,0,0.000000,SUCCESS,sigmoid,
2026-06-05T20:18:12,91.0,36.3,sensor2_serial,2,0,4,0,120,73,20.000,20.005,0,0,0,0.000000,SUCCESS,sigmoid,
2026-06-05T20:18:32,91.0,36.3,sensor2_serial,2,0,4,0,120,72,20.000,20.005,0,0,0,0.000000,SUCCESS,sigmoid,
2026-06-05T20:18:52,91.0,36.3,sensor2_serial,2,0,4,0,120,71,20.000,20.005,0,0,0,0.000000,SUCCESS,sigmoid,
2026-06-05T20:19:12,91.0,36.3,sensor2_serial,2,0,4,0,120,70,20.000,20.005,0,0,0,0.000000,SUCCESS,sigmoid,
2026-06-05T20:19:32,91.0,36.3,sensor2_serial,2,0,4,0,120,69,20.000,20.005,0,0,0,0.000000,SUCCESS,sigmoid,
2026-06-05T20:19:52,91.0,36.3,sensor2_serial,2,0,4,0,120,68,20.000,20.004,0,0,0,0.000000,SUCCESS,sigmoid,
2026-06-05T20:20:12,91.0,36.3,sensor2_serial,2,0,4,0,120,67,20.000,20.005,0,0,0,0.000000,SUCCESS,sigmoid,
2026-06-05T20:20:33,91.0,36.3,sensor2_serial,2,0,4,0,120,66,20.000,20.005,0,0,0,0.000000,SUCCESS,sigmoid,
2026-06-05T20:20:53,91.0,36.3,sensor2_serial,2,0,4,0,120,65,20.000,20.006,0,0,0,0.000000,SUCCESS,sigmoid,
2026-06-05T20:21:13,91.0,36.3,sensor2_serial,2,0,4,0,120,64,20.000,20.005,0,0,0,0.000000,SUCCESS,sigmoid,
2026-06-05T20:21:33,91.0,36.3,sensor2_serial,2,0,4,0,120,63,20.000,20.005,0,0,0,0.000000,SUCCESS,sigmoid,
2026-06-05T20:21:53,91.0,36.3,sensor2_serial,2,0,4,0,120,62,20.000,20.005,0,0,0,0.000000,SUCCESS,sigmoid,
2026-06-05T20:22:13,91.0,36.3,sensor2_serial,2,0,4,0,120,61,20.000,20.005,0,0,0,0.000000,SUCCESS,sigmoid,
2026-06-05T20:22:33,91.0,36.3,sensor2_serial,2,0,4,0,120,60,20.000,20.005,0,0,0,0.000000,SUCCESS,sigmoid,
2026-06-05T20:22:53,91.0,36.3,sensor2_serial,2,0,4,0,120,59,20.000,20.006,0,0,0,0.000000,SUCCESS,sigmoid,
2026-06-05T20:23:13,91.0,36.3,sensor2_serial,2,0,4,0,120,58,20.000,20.005,0,0,0,0.000000,SUCCESS,sigmoid,
2026-06-05T20:23:33,91.0,36.3,sensor2_serial,2,0,4,0,120,57,20.000,20.006,0,0,0,0.000000,SUCCESS,sigmoid,
2026-06-05T20:23:53,91.0,36.3,sensor2_serial,2,0,4,0,120,56,20.000,20.006,0,0,0,0.000000,SUCCESS,sigmoid,
2026-06-05T20:24:13,91.0,36.3,sensor2_serial,2,0,4,0,120,55,20.000,20.005,0,0,0,0.000000,SUCCESS,sigmoid,
2026-06-05T20:24:33,91.0,36.3,sensor2_serial,2,0,4,0,120,54,20.000,20.005,0,0,0,0.000000,SUCCESS,sigmoid,
2026-06-05T20:24:53,91.0,36.3,sensor2_serial,2,0,4,0,120,53,20.000,20.005,0,0,0,0.000000,SUCCESS,sigmoid,
2026-06-05T20:25:13,91.0,36.3,sensor2_serial,2,0,4,0,120,52,20.000,20.005,0,0,0,0.000000,SUCCESS,sigmoid,
2026-06-05T20:25:33,91.0,36.3,sensor2_serial,2,0,4,0,120,51,20.000,20.005,0,0,0,0.000000,SUCCESS,sigmoid,
2026-06-05T20:25:53,91.0,36.3,sensor2_serial,2,0,4,0,120,50,20.000,20.006,0,0,0,0.000000,SUCCESS,sigmoid,
2026-06-05T20:26:14,91.0,36.3,sensor2_serial,2,0,4,0,120,49,20.000,20.004,0,0,0,0.000000,SUCCESS,sigmoid,
2026-06-05T20:26:34,91.0,36.3,sensor2_serial,2,0,4,0,120,48,20.000,20.005,0,0,0,0.000000,SUCCESS,sigmoid,
2026-06-05T20:26:54,91.0,36.3,sensor2_serial,2,0,4,0,120,47,20.000,20.005,0,0,0,0.000000,SUCCESS,sigmoid,
2026-06-05T20:27:14,91.0,36.3,sensor2_serial,2,0,4,0,120,46,20.000,20.005,0,0,0,0.000000,SUCCESS,sigmoid,
2026-06-05T20:27:34,91.0,36.3,sensor2_serial,2,0,4,0,120,45,20.000,20.005,0,0,0,0.000000,SUCCESS,sigmoid,
2026-06-05T20:27:54,91.0,36.3,sensor2_serial,2,0,4,0,120,44,20.000,20.004,0,0,0,0.000000,SUCCESS,sigmoid,
2026-06-05T20:28:14,91.0,36.3,sensor2_serial,2,0,4,0,120,43,20.000,20.005,0,0,0,0.000000,SUCCESS,sigmoid,
2026-06-05T20:28:34,91.0,36.3,sensor2_serial,2,0,4,0,120,42,20.000,20.005,0,0,0,0.000000,SUCCESS,sigmoid,
2026-06-05T20:28:54,91.0,36.3,sensor2_serial,2,0,4,0,120,41,20.000,20.005,0,0,0,0.000000,SUCCESS,sigmoid,
2026-06-05T20:29:14,91.0,36.3,sensor2_serial,2,0,4,0,120,40,20.000,20.005,0,0,0,0.000000,SUCCESS,sigmoid,
2026-06-05T20:29:34,91.0,36.3,sensor2_serial,2,0,4,0,120,39,20.000,20.005,0,0,0,0.000000,SUCCESS,sigmoid,
2026-06-05T20:29:54,91.0,36.3,sensor2_serial,2,0,4,0,120,38,20.000,20.006,0,0,0,0.000000,SUCCESS,sigmoid,
2026-06-05T20:30:14,91.0,36.3,sensor2_serial,2,0,4,0,120,37,20.000,20.005,0,0,0,0.000000,SUCCESS,sigmoid,
2026-06-05T20:30:34,91.0,36.3,sensor2_serial,2,0,4,0,120,36,20.000,20.005,0,0,0,0.000000,SUCCESS,sigmoid,
2026-06-05T20:30:54,91.0,36.3,sensor2_serial,2,0,4,0,120,35,20.000,20.005,0,0,0,0.000000,SUCCESS,sigmoid,
2026-06-05T20:31:14,91.0,36.3,sensor2_serial,2,0,4,0,120,34,20.000,20.005,0,0,0,0.000000,SUCCESS,sigmoid,
2026-06-05T20:31:34,91.0,36.3,sensor2_serial,2,0,4,0,120,33,20.000,20.004,0,0,0,0.000000,SUCCESS,sigmoid,
2026-06-05T20:31:55,91.0,36.3,sensor2_serial,2,0,4,0,120,32,20.000,20.005,0,0,0,0.000000,SUCCESS,sigmoid,
2026-06-05T20:32:15,91.0,36.3,sensor2_serial,2,0,4,0,120,31,20.000,20.005,0,0,0,0.000000,SUCCESS,sigmoid,
2026-06-05T20:32:35,91.0,36.3,sensor2_serial,2,0,4,0,120,30,20.000,20.005,0,0,0,0.000000,SUCCESS,sigmoid,
2026-06-05T20:32:55,91.0,36.3,sensor2_serial,2,0,4,0,120,29,20.000,20.005,0,0,0,0.000000,SUCCESS,sigmoid,
2026-06-05T20:33:15,91.0,36.3,sensor2_serial,2,0,4,0,120,28,20.000,20.005,0,0,0,0.000000,SUCCESS,sigmoid,
2026-06-05T20:33:35,91.0,36.3,sensor2_serial,2,0,4,0,120,27,20.000,20.006,0,0,0,0.000000,SUCCESS,sigmoid,
2026-06-05T20:33:55,91.0,36.3,sensor2_serial,2,0,4,0,120,26,20.000,20.005,0,0,0,0.000000,SUCCESS,sigmoid,
2026-06-05T20:34:15,91.0,36.3,sensor2_serial,2,0,4,0,120,25,20.000,20.005,0,0,0,0.000000,SUCCESS,sigmoid,
2026-06-05T20:34:35,91.0,36.3,sensor2_serial,2,0,4,0,120,24,20.000,20.005,0,0,0,0.000000,SUCCESS,sigmoid,
2026-06-05T20:34:55,91.0,36.3,sensor2_serial,2,0,4,0,120,23,20.000,20.005,0,0,0,0.000000,SUCCESS,sigmoid,
2026-06-05T20:35:15,91.0,36.3,sensor2_serial,2,0,4,0,120,22,20.000,20.004,0,0,0,0.000000,SUCCESS,sigmoid,
2026-06-05T20:35:35,91.0,36.3,sensor2_serial,2,0,4,0,120,21,20.000,20.005,0,0,0,0.000000,SUCCESS,sigmoid,
2026-06-05T20:35:55,91.0,36.3,sensor2_serial,2,0,4,0,120,20,20.000,20.005,0,0,0,0.000000,SUCCESS,sigmoid,
2026-06-05T20:36:15,91.0,36.3,sensor2_serial,2,0,4,0,120,19,20.000,20.005,0,0,0,0.000000,SUCCESS,sigmoid,
2026-06-05T20:36:35,91.0,36.3,sensor2_serial,2,0,4,0,120,18,20.000,20.004,0,0,0,0.000000,SUCCESS,sigmoid,
2026-06-05T20:36:55,91.0,36.3,sensor2_serial,2,0,4,0,120,17,20.000,20.004,0,0,0,0.000000,SUCCESS,sigmoid,
2026-06-05T20:37:15,91.0,36.3,sensor2_serial,2,0,4,0,120,16,20.000,20.006,0,0,0,0.000000,SUCCESS,sigmoid,
2026-06-05T20:37:36,91.0,36.3,sensor2_serial,2,0,4,0,120,15,20.000,20.006,0,0,0,0.000000,SUCCESS,sigmoid,
2026-06-05T20:37:56,91.0,36.3,sensor2_serial,2,0,4,0,120,14,20.000,20.005,0,0,0,0.000000,SUCCESS,sigmoid,
2026-06-05T20:38:16,91.0,36.3,sensor2_serial,2,0,4,0,120,13,20.000,20.005,0,0,0,0.000000,SUCCESS,sigmoid,
2026-06-05T20:38:36,91.0,36.3,sensor2_serial,2,0,4,0,120,12,20.000,20.005,0,0,0,0.000000,SUCCESS,sigmoid,
2026-06-05T20:38:56,91.0,36.3,sensor2_serial,2,0,4,0,120,11,20.000,20.005,0,0,0,0.000000,SUCCESS,sigmoid,
2026-06-05T20:39:16,91.0,36.3,sensor2_serial,2,0,4,0,120,10,20.000,20.005,0,0,0,0.000000,SUCCESS,sigmoid,
2026-06-05T20:39:36,91.0,36.3,sensor2_serial,2,0,4,0,120,9,20.000,20.005,0,0,0,0.000000,SUCCESS,sigmoid,
2026-06-05T20:39:56,91.0,36.3,sensor2_serial,2,0,4,0,120,8,20.000,20.005,0,0,0,0.000000,SUCCESS,sigmoid,
2026-06-05T20:40:16,91.0,36.3,sensor2_serial,2,0,4,0,120,7,20.000,20.005,0,0,0,0.000000,SUCCESS,sigmoid,
2026-06-05T20:40:36,91.0,36.3,sensor2_serial,2,0,4,0,120,6,20.000,20.006,0,0,0,0.000000,SUCCESS,sigmoid,
2026-06-05T20:40:56,91.0,36.3,sensor2_serial,2,0,4,0,120,5,20.000,20.005,0,0,0,0.000000,SUCCESS,sigmoid,
2026-06-05T20:41:16,91.0,36.3,sensor2_serial,2,0,4,0,120,4,20.000,20.005,0,0,0,0.000000,SUCCESS,sigmoid,
2026-06-05T20:41:36,91.0,36.3,sensor2_serial,2,0,4,0,120,3,20.000,20.004,0,0,0,0.000000,SUCCESS,sigmoid,
2026-06-05T20:41:56,91.0,36.3,sensor2_serial,2,0,4,0,120,2,20.000,20.006,0,0,0,0.000000,SUCCESS,sigmoid,
2026-06-05T20:42:16,91.0,36.3,sensor2_serial,2,0,4,0,120,1,20.000,20.005,0,0,0,0.000000,SUCCESS,sigmoid,
2026-06-05T20:42:36,91.0,36.3,sensor2_serial,2,0,4,0,120,0,20.000,20.005,0,0,0,0.000000,SUCCESS,sigmoid,
2026-06-05T20:42:57,91.0,36.3,sensor2_serial,2,1,5,1,120,255,20.000,20.004,0,1773579,1773579,88662.586449,SUCCESS,sigmoid,
2026-06-05T20:43:17,91.0,36.3,sensor2_serial,2,1,5,1,120,254,20.000,20.005,0,1780068,1780068,88979.749098,SUCCESS,sigmoid,
2026-06-05T20:43:37,91.0,36.3,sensor2_serial,2,1,5,1,120,253,20.000,20.006,0,1855101,1855101,92729.358931,SUCCESS,sigmoid,
2026-06-05T20:43:57,91.0,36.3,sensor2_serial,2,1,5,1,120,252,20.000,20.005,0,2040493,2040493,101997.012613,SUCCESS,sigmoid,
2026-06-05T20:44:17,91.0,36.3,sensor2_serial,2,1,5,1,120,251,20.000,20.004,0,2313974,2313974,115673.377254,SUCCESS,sigmoid,
2026-06-05T20:44:37,91.0,36.3,sensor2_serial,2,1,5,1,120,250,20.000,20.006,0,2660972,2660972,133011.480626,SUCCESS,sigmoid,
2026-06-05T20:44:57,91.0,36.3,sensor2_serial,2,1,5,1,120,249,20.000,20.004,0,3086266,3086266,154279.884310,SUCCESS,sigmoid,
2026-06-05T20:45:17,91.0,36.3,sensor2_serial,2,1,5,1,120,248,20.000,20.006,0,3274936,3274936,163701.635050,SUCCESS,sigmoid,
2026-06-05T20:45:37,91.0,36.3,sensor2_serial,2,1,5,1,120,247,20.000,20.004,0,2932791,2932791,146608.954502,SUCCESS,sigmoid,
2026-06-05T20:45:57,91.0,36.3,sensor2_serial,2,1,5,1,120,246,20.000,20.005,0,2296976,2296976,114818.932543,SUCCESS,sigmoid,
2026-06-05T20:46:17,91.0,36.3,sensor2_serial,2,1,5,1,120,245,20.000,20.005,0,1616268,1616268,80791.279356,SUCCESS,sigmoid,
2026-06-05T20:46:37,91.0,36.3,sensor2_serial,2,1,5,1,120,244,20.000,20.005,0,971355,971355,48554.672213,SUCCESS,sigmoid,
2026-06-05T20:46:57,91.0,36.3,sensor2_serial,2,1,5,1,120,243,20.000,20.005,0,489373,489373,24462.361343,SUCCESS,sigmoid,
2026-06-05T20:47:17,91.0,36.3,sensor2_serial,2,1,5,1,120,242,20.000,20.005,0,227995,227995,11397.112061,SUCCESS,sigmoid,
2026-06-05T20:47:37,91.0,36.3,sensor2_serial,2,1,5,1,120,241,20.000,20.005,0,94447,94447,4721.107788,SUCCESS,sigmoid,
2026-06-05T20:47:57,91.0,36.3,sensor2_serial,2,1,5,1,120,240,20.000,20.005,0,47689,47689,2383.808283,SUCCESS,sigmoid,
2026-06-05T20:48:17,91.0,36.3,sensor2_serial,2,1,5,1,120,239,20.000,20.005,0,55766,55766,2787.556539,SUCCESS,sigmoid,
2026-06-05T20:48:38,91.0,36.3,sensor2_serial,2,1,5,1,120,238,20.000,20.006,0,27178,27178,1358.526287,SUCCESS,sigmoid,
2026-06-05T20:48:58,91.0,36.3,sensor2_serial,2,1,5,1,120,237,20.000,20.005,0,10513,10513,525.527405,SUCCESS,sigmoid,
2026-06-05T20:49:18,91.0,36.3,sensor2_serial,2,1,5,1,120,236,20.000,20.005,0,3623,3623,181.101794,SUCCESS,sigmoid,
2026-06-05T20:49:38,91.0,36.3,sensor2_serial,2,1,5,1,120,235,20.000,20.005,0,1269,1269,63.434289,SUCCESS,sigmoid,
2026-06-05T20:49:58,91.0,36.3,sensor2_serial,2,1,5,1,120,234,20.000,20.005,0,507,507,25.343276,SUCCESS,sigmoid,
2026-06-05T20:50:18,91.0,36.3,sensor2_serial,2,1,5,1,120,233,20.000,20.005,0,325,325,16.245593,SUCCESS,sigmoid,
2026-06-05T20:50:38,91.0,36.3,sensor2_serial,2,1,5,1,120,232,20.000,20.005,0,222,222,11.097143,SUCCESS,sigmoid,
2026-06-05T20:50:58,91.0,36.3,sensor2_serial,2,1,5,1,120,231,20.000,20.005,0,189,189,9.447449,SUCCESS,sigmoid,
2026-06-05T20:51:18,91.0,36.3,sensor2_serial,2,1,5,1,120,230,20.000,20.004,0,196,196,9.797866,SUCCESS,sigmoid,
2026-06-05T20:51:38,91.0,36.3,sensor2_serial,2,1,5,1,120,229,20.000,20.005,0,141,141,7.048101,SUCCESS,sigmoid,
2026-06-05T20:51:58,91.0,36.3,sensor2_serial,2,1,5,1,120,228,20.000,20.006,0,158,158,7.897787,SUCCESS,sigmoid,
2026-06-05T20:52:18,91.0,36.3,sensor2_serial,2,1,5,1,120,227,20.000,20.005,0,162,162,8.097936,SUCCESS,sigmoid,
2026-06-05T20:52:38,91.0,36.3,sensor2_serial,2,1,5,1,120,226,20.000,20.005,0,164,164,8.197820,SUCCESS,sigmoid,
2026-06-05T20:52:58,91.0,36.3,sensor2_serial,2,1,5,1,120,225,20.000,20.005,0,177,177,8.847659,SUCCESS,sigmoid,
2026-06-05T20:53:18,91.0,36.3,sensor2_serial,2,1,5,1,120,224,20.000,20.005,0,161,161,8.047962,SUCCESS,sigmoid,
2026-06-05T20:53:38,91.0,36.3,sensor2_serial,2,1,5,1,120,223,20.000,20.005,0,155,155,7.747919,SUCCESS,sigmoid,
2026-06-05T20:53:58,91.0,36.3,sensor2_serial,2,1,5,1,120,222,20.000,20.005,0,174,174,8.697799,SUCCESS,sigmoid,
2026-06-05T20:54:19,91.0,36.3,sensor2_serial,2,1,5,1,120,221,20.000,20.005,0,177,177,8.847903,SUCCESS,sigmoid,
2026-06-05T20:54:39,91.0,36.3,sensor2_serial,2,1,5,1,120,220,20.000,20.006,0,165,165,8.247716,SUCCESS,sigmoid,
2026-06-05T20:54:59,91.0,36.3,sensor2_serial,2,1,5,1,120,219,20.000,20.005,0,185,185,9.247476,SUCCESS,sigmoid,
2026-06-05T20:55:19,91.0,36.3,sensor2_serial,2,1,5,1,120,218,20.000,20.005,0,159,159,7.947911,SUCCESS,sigmoid,
2026-06-05T20:55:39,91.0,36.3,sensor2_serial,2,1,5,1,120,217,20.000,20.005,0,156,156,7.797910,SUCCESS,sigmoid,
2026-06-05T20:55:59,91.0,36.3,sensor2_serial,2,1,5,1,120,216,20.000,20.005,0,161,161,8.047967,SUCCESS,sigmoid,
2026-06-05T20:56:19,91.0,36.3,sensor2_serial,2,1,5,1,120,215,20.000,20.005,0,136,136,6.798214,SUCCESS,sigmoid,
2026-06-05T20:56:39,91.0,36.3,sensor2_serial,2,1,5,1,120,214,20.000,20.005,0,169,169,8.447767,SUCCESS,sigmoid,
2026-06-05T20:56:59,91.0,36.3,sensor2_serial,2,1,5,1,120,213,20.000,20.005,0,137,137,6.848126,SUCCESS,sigmoid,
2026-06-05T20:57:19,91.0,36.3,sensor2_serial,2,1,5,1,120,212,20.000,20.006,0,142,142,7.097991,SUCCESS,sigmoid,
2026-06-05T20:57:39,91.0,36.3,sensor2_serial,2,1,5,1,120,211,20.000,20.006,0,162,162,8.097712,SUCCESS,sigmoid,
2026-06-05T20:57:59,91.0,36.3,sensor2_serial,2,1,5,1,120,210,20.000,20.005,0,176,176,8.797627,SUCCESS,sigmoid,
2026-06-05T20:58:19,91.0,36.3,sensor2_serial,2,1,5,1,120,209,20.000,20.005,0,148,148,7.398052,SUCCESS,sigmoid,
2026-06-05T20:58:39,91.0,36.3,sensor2_serial,2,1,5,1,120,208,20.000,20.006,0,178,178,8.897545,SUCCESS,sigmoid,
2026-06-05T20:58:59,91.0,36.3,sensor2_serial,2,1,5,1,120,207,20.000,20.006,0,135,135,6.748056,SUCCESS,sigmoid,
2026-06-05T20:59:19,91.0,36.3,sensor2_serial,2,1,5,1,120,206,20.000,20.006,0,169,169,8.447596,SUCCESS,sigmoid,
2026-06-05T20:59:39,91.0,36.3,sensor2_serial,2,1,5,1,120,205,20.000,20.005,0,171,171,8.547656,SUCCESS,sigmoid,
2026-06-05T21:00:00,91.0,36.3,sensor2_serial,2,1,5,1,120,204,20.000,20.005,0,147,147,7.348112,SUCCESS,sigmoid,
2026-06-05T21:00:20,91.0,36.3,sensor2_serial,2,1,5,1,120,203,20.000,20.006,0,155,155,7.747842,SUCCESS,sigmoid,
2026-06-05T21:00:40,91.0,36.3,sensor2_serial,2,1,5,1,120,202,20.000,20.005,0,158,158,7.897896,SUCCESS,sigmoid,
2026-06-05T21:01:00,91.0,36.3,sensor2_serial,2,1,5,1,120,201,20.000,20.005,0,140,140,6.998168,SUCCESS,sigmoid,
2026-06-05T21:01:20,91.0,36.3,sensor2_serial,2,1,5,1,120,200,20.000,20.005,0,150,150,7.498060,SUCCESS,sigmoid,
2026-06-05T21:01:40,91.0,36.3,sensor2_serial,2,1,5,1,120,199,20.000,20.005,0,136,136,6.798178,SUCCESS,sigmoid,
2026-06-05T21:02:00,91.0,36.3,sensor2_serial,2,1,5,1,120,198,20.000,20.005,0,147,147,7.348065,SUCCESS,sigmoid,
2026-06-05T21:02:20,91.0,36.3,sensor2_serial,2,1,5,1,120,197,20.000,20.006,0,179,179,8.947535,SUCCESS,sigmoid,
2026-06-05T21:02:40,91.0,36.3,sensor2_serial,2,1,5,1,120,196,20.000,20.005,0,113,113,5.648570,SUCCESS,sigmoid,
2026-06-05T21:03:00,91.0,36.3,sensor2_serial,2,1,5,1,120,195,20.000,20.004,0,132,132,6.598599,SUCCESS,sigmoid,
2026-06-05T21:03:20,91.0,36.3,sensor2_serial,2,1,5,1,120,194,20.000,20.005,0,149,149,7.447969,SUCCESS,sigmoid,
2026-06-05T21:03:40,91.0,36.3,sensor2_serial,2,1,5,1,120,193,20.000,20.005,0,149,149,7.448108,SUCCESS,sigmoid,
2026-06-05T21:04:00,91.0,36.3,sensor2_serial,2,1,5,1,120,192,20.000,20.005,0,133,133,6.648236,SUCCESS,sigmoid,
2026-06-05T21:04:20,91.0,36.3,sensor2_serial,2,1,5,1,120,191,20.000,20.005,0,165,165,8.247829,SUCCESS,sigmoid,
2026-06-05T21:04:40,91.0,36.3,sensor2_serial,2,1,5,1,120,190,20.000,20.005,0,164,164,8.197805,SUCCESS,sigmoid,
2026-06-05T21:05:00,91.0,36.3,sensor2_serial,2,1,5,1,120,189,20.000,20.005,0,129,129,6.448246,SUCCESS,sigmoid,
2026-06-05T21:05:20,91.0,36.3,sensor2_serial,2,1,5,1,120,188,20.000,20.005,0,158,158,7.897947,SUCCESS,sigmoid,
2026-06-05T21:05:41,91.0,36.3,sensor2_serial,2,1,5,1,120,187,20.000,20.006,0,151,151,7.547897,SUCCESS,sigmoid,
2026-06-05T21:06:01,91.0,36.3,sensor2_serial,2,1,5,1,120,186,20.000,20.005,0,154,154,7.697957,SUCCESS,sigmoid,
2026-06-05T21:06:21,91.0,36.3,sensor2_serial,2,1,5,1,120,185,20.000,20.005,0,166,166,8.297874,SUCCESS,sigmoid,
2026-06-05T21:06:41,91.0,36.3,sensor2_serial,2,1,5,1,120,184,20.000,20.005,0,153,153,7.647969,SUCCESS,sigmoid,
2026-06-05T21:07:01,91.0,36.3,sensor2_serial,2,1,5,1,120,183,20.000,20.006,0,131,131,6.548180,SUCCESS,sigmoid,
2026-06-05T21:07:21,91.0,36.3,sensor2_serial,2,1,5,1,120,182,20.000,20.005,0,145,145,7.248029,SUCCESS,sigmoid,
2026-06-05T21:07:41,91.0,36.3,sensor2_serial,2,1,5,1,120,181,20.000,20.005,0,154,154,7.697991,SUCCESS,sigmoid,
2026-06-05T21:08:01,91.0,36.3,sensor2_serial,2,1,5,1,120,180,20.000,20.005,0,124,124,6.198324,SUCCESS,sigmoid,
2026-06-05T21:08:21,91.0,36.3,sensor2_serial,2,1,5,1,120,179,20.000,20.006,0,130,130,6.498203,SUCCESS,sigmoid,
2026-06-05T21:08:41,91.0,36.3,sensor2_serial,2,1,5,1,120,178,20.000,20.005,0,157,157,7.847868,SUCCESS,sigmoid,
2026-06-05T21:09:01,91.0,36.3,sensor2_serial,2,1,5,1,120,177,20.000,20.005,0,145,145,7.248045,SUCCESS,sigmoid,
2026-06-05T21:09:21,91.0,36.3,sensor2_serial,2,1,5,1,120,176,20.000,20.005,0,138,138,6.898231,SUCCESS,sigmoid,
2026-06-05T21:09:41,91.0,36.3,sensor2_serial,2,1,5,1,120,175,20.000,20.005,0,119,119,5.948450,SUCCESS,sigmoid,
2026-06-05T21:10:01,91.0,36.3,sensor2_serial,2,1,5,1,120,174,20.000,20.006,0,147,147,7.347930,SUCCESS,sigmoid,
2026-06-05T21:10:21,91.0,36.3,sensor2_serial,2,1,5,1,120,173,20.000,20.005,0,127,127,6.348542,SUCCESS,sigmoid,
2026-06-05T21:10:41,91.0,36.3,sensor2_serial,2,1,5,1,120,172,20.000,20.005,0,132,132,6.598437,SUCCESS,sigmoid,
2026-06-05T21:11:02,91.0,36.3,sensor2_serial,2,1,5,1,120,171,20.000,20.005,0,115,115,5.748512,SUCCESS,sigmoid,
2026-06-05T21:11:22,91.0,36.3,sensor2_serial,2,1,5,1,120,170,20.000,20.005,0,114,114,5.698433,SUCCESS,sigmoid,
2026-06-05T21:11:42,91.0,36.3,sensor2_serial,2,1,5,1,120,169,20.000,20.005,0,143,143,7.148088,SUCCESS,sigmoid,
2026-06-05T21:12:02,91.0,36.3,sensor2_serial,2,1,5,1,120,168,20.000,20.005,0,101,101,5.048650,SUCCESS,sigmoid,
2026-06-05T21:12:22,91.0,36.3,sensor2_serial,2,1,5,1,120,167,20.000,20.006,0,112,112,5.598429,SUCCESS,sigmoid,
2026-06-05T21:12:42,91.0,36.3,sensor2_serial,2,1,5,1,120,166,20.000,20.005,0,122,122,6.098325,SUCCESS,sigmoid,
2026-06-05T21:13:02,91.0,36.3,sensor2_serial,2,1,5,1,120,165,20.000,20.005,0,97,97,4.848757,SUCCESS,sigmoid,
2026-06-05T21:13:22,91.0,36.3,sensor2_serial,2,1,5,1,120,164,20.000,20.005,0,123,123,6.148543,SUCCESS,sigmoid,
2026-06-05T21:13:42,91.0,36.3,sensor2_serial,2,1,5,1,120,163,20.000,20.006,0,106,106,5.298505,SUCCESS,sigmoid,
2026-06-05T21:14:02,91.0,36.3,sensor2_serial,2,1,5,1,120,162,20.000,20.005,0,88,88,4.398857,SUCCESS,sigmoid,
2026-06-05T21:14:22,91.0,36.3,sensor2_serial,2,1,5,1,120,161,20.000,20.005,0,97,97,4.848695,SUCCESS,sigmoid,
2026-06-05T21:14:42,91.0,36.3,sensor2_serial,2,1,5,1,120,160,20.000,20.005,0,107,107,5.348591,SUCCESS,sigmoid,
2026-06-05T21:15:02,91.0,36.3,sensor2_serial,2,1,5,1,120,159,20.000,20.005,0,82,82,4.098890,SUCCESS,sigmoid,
2026-06-05T21:15:22,91.0,36.3,sensor2_serial,2,1,5,1,120,158,20.000,20.005,0,99,99,4.948643,SUCCESS,sigmoid,
2026-06-05T21:15:42,91.0,36.3,sensor2_serial,2,1,5,1,120,157,20.000,20.006,0,83,83,4.148837,SUCCESS,sigmoid,
2026-06-05T21:16:02,91.0,36.3,sensor2_serial,2,1,5,1,120,156,20.000,20.005,0,83,83,4.148929,SUCCESS,sigmoid,
2026-06-05T21:16:22,91.0,36.3,sensor2_serial,2,1,5,1,120,155,20.000,20.006,0,97,97,4.848648,SUCCESS,sigmoid,
2026-06-05T21:16:43,91.0,36.3,sensor2_serial,2,1,5,1,120,154,20.000,20.005,0,78,78,3.899064,SUCCESS,sigmoid,
2026-06-05T21:17:03,91.0,36.3,sensor2_serial,2,1,5,1,120,153,20.000,20.005,0,78,78,3.898999,SUCCESS,sigmoid,
2026-06-05T21:17:23,91.0,36.3,sensor2_serial,2,1,5,1,120,152,20.000,20.006,0,56,56,2.799226,SUCCESS,sigmoid,
2026-06-05T21:17:43,91.0,36.3,sensor2_serial,2,1,5,1,120,151,20.000,20.005,0,61,61,3.049182,SUCCESS,sigmoid,
2026-06-05T21:18:03,91.0,36.3,sensor2_serial,2,1,5,1,120,150,20.000,20.006,0,60,60,2.999166,SUCCESS,sigmoid,
2026-06-05T21:18:23,91.0,36.3,sensor2_serial,2,1,5,1,120,149,20.000,20.006,0,68,68,3.399062,SUCCESS,sigmoid,
2026-06-05T21:18:43,91.0,36.3,sensor2_serial,2,1,5,1,120,148,20.000,20.005,0,49,49,2.449380,SUCCESS,sigmoid,
2026-06-05T21:19:03,91.0,36.3,sensor2_serial,2,1,5,1,120,147,20.000,20.005,0,53,53,2.649287,SUCCESS,sigmoid,
2026-06-05T21:19:23,91.0,36.3,sensor2_serial,2,1,5,1,120,146,20.000,20.005,0,33,33,1.649554,SUCCESS,sigmoid,
2026-06-05T21:19:43,91.0,36.3,sensor2_serial,2,1,5,1,120,145,20.000,20.005,0,50,50,2.499414,SUCCESS,sigmoid,
2026-06-05T21:20:03,91.0,36.3,sensor2_serial,2,1,5,1,120,144,20.000,20.006,0,39,39,1.949463,SUCCESS,sigmoid,
2026-06-05T21:20:23,91.0,36.3,sensor2_serial,2,1,5,1,120,143,20.000,20.005,0,51,51,2.549343,SUCCESS,sigmoid,
2026-06-05T21:20:43,91.0,36.3,sensor2_serial,2,1,5,1,120,142,20.000,20.005,0,41,41,2.049461,SUCCESS,sigmoid,
2026-06-05T21:21:03,91.0,36.3,sensor2_serial,2,1,5,1,120,141,20.000,20.005,0,36,36,1.799510,SUCCESS,sigmoid,
2026-06-05T21:21:23,91.0,36.3,sensor2_serial,2,1,5,1,120,140,20.000,20.005,0,28,28,1.399646,SUCCESS,sigmoid,
2026-06-05T21:21:43,91.0,36.3,sensor2_serial,2,1,5,1,120,139,20.000,20.005,0,37,37,1.849568,SUCCESS,sigmoid,
2026-06-05T21:22:03,91.0,36.3,sensor2_serial,2,1,5,1,120,138,20.000,20.004,0,32,32,1.599648,SUCCESS,sigmoid,
2026-06-05T21:22:24,91.0,36.3,sensor2_serial,2,1,5,1,120,137,20.000,20.005,0,38,38,1.899486,SUCCESS,sigmoid,
2026-06-05T21:22:44,91.0,36.3,sensor2_serial,2,1,5,1,120,136,20.000,20.005,0,21,21,1.049726,SUCCESS,sigmoid,
2026-06-05T21:23:04,91.0,36.3,sensor2_serial,2,1,5,1,120,135,20.000,20.005,0,18,18,0.899761,SUCCESS,sigmoid,
2026-06-05T21:23:24,91.0,36.3,sensor2_serial,2,1,5,1,120,134,20.000,20.005,0,19,19,0.949759,SUCCESS,sigmoid,
2026-06-05T21:23:44,91.0,36.3,sensor2_serial,2,1,5,1,120,133,20.000,20.006,0,12,12,0.599833,SUCCESS,sigmoid,
2026-06-05T21:24:04,91.0,36.3,sensor2_serial,2,1,5,1,120,132,20.000,20.005,0,6,6,0.299926,SUCCESS,sigmoid,
2026-06-05T21:24:24,91.0,36.3,sensor2_serial,2,1,5,1,120,131,20.000,20.005,0,9,9,0.449877,SUCCESS,sigmoid,
2026-06-05T21:24:44,91.0,36.3,sensor2_serial,2,1,5,1,120,130,20.000,20.005,0,6,6,0.299920,SUCCESS,sigmoid,
2026-06-05T21:25:04,91.0,36.3,sensor2_serial,2,1,5,1,120,129,20.000,20.005,0,4,4,0.199955,SUCCESS,sigmoid,
2026-06-05T21:25:24,91.0,36.3,sensor2_serial,2,1,5,1,120,128,20.000,20.005,0,2,2,0.099974,SUCCESS,sigmoid,
2026-06-05T21:25:44,91.0,36.3,sensor2_serial,2,1,5,1,120,127,20.000,20.005,0,8,8,0.399899,SUCCESS,sigmoid,
2026-06-05T21:26:04,91.0,36.3,sensor2_serial,2,1,5,1,120,126,20.000,20.005,0,5,5,0.249937,SUCCESS,sigmoid,
2026-06-05T21:26:24,91.0,36.3,sensor2_serial,2,1,5,1,120,125,20.000,20.005,0,3,3,0.149961,SUCCESS,sigmoid,
2026-06-05T21:26:44,91.0,36.3,sensor2_serial,2,1,5,1,120,124,20.000,20.005,0,6,6,0.299932,SUCCESS,sigmoid,
2026-06-05T21:27:04,91.0,36.3,sensor2_serial,2,1,5,1,120,123,20.000,20.005,0,5,5,0.249933,SUCCESS,sigmoid,
2026-06-05T21:27:24,91.0,36.3,sensor2_serial,2,1,5,1,120,122,20.000,20.006,0,3,3,0.149958,SUCCESS,sigmoid,
2026-06-05T21:27:44,91.0,36.3,sensor2_serial,2,1,5,1,120,121,20.000,20.005,0,2,2,0.099977,SUCCESS,sigmoid,
2026-06-05T21:28:05,91.0,36.3,sensor2_serial,2,1,5,1,120,120,20.000,20.006,0,1,1,0.049986,SUCCESS,sigmoid,
2026-06-05T21:28:25,91.0,36.3,sensor2_serial,2,1,5,1,120,119,20.000,20.005,0,1,1,0.049987,SUCCESS,sigmoid,
2026-06-05T21:28:45,91.0,36.3,sensor2_serial,2,1,5,1,120,118,20.000,20.005,0,3,3,0.149963,SUCCESS,sigmoid,
2026-06-05T21:29:05,91.0,36.3,sensor2_serial,2,1,5,1,120,117,20.000,20.005,0,1,1,0.049987,SUCCESS,sigmoid,
2026-06-05T21:29:25,91.0,36.3,sensor2_serial,2,1,5,1,120,116,20.000,20.005,0,1,1,0.049987,SUCCESS,sigmoid,
2026-06-05T21:29:45,91.0,36.3,sensor2_serial,2,1,5,1,120,115,20.000,20.004,0,2,2,0.099978,SUCCESS,sigmoid,
2026-06-05T21:30:05,91.0,36.3,sensor2_serial,2,1,5,1,120,114,20.000,20.005,0,0,0,0.000000,SUCCESS,sigmoid,
2026-06-05T21:30:25,91.0,36.3,sensor2_serial,2,1,5,1,120,113,20.000,20.006,0,0,0,0.000000,SUCCESS,sigmoid,
2026-06-05T21:30:45,91.0,36.3,sensor2_serial,2,1,5,1,120,112,20.000,20.005,0,0,0,0.000000,SUCCESS,sigmoid,
2026-06-05T21:31:05,91.0,36.3,sensor2_serial,2,1,5,1,120,111,20.000,20.005,0,0,0,0.000000,SUCCESS,sigmoid,
2026-06-05T21:31:25,91.0,36.3,sensor2_serial,2,1,5,1,120,110,20.000,20.005,0,0,0,0.000000,SUCCESS,sigmoid,
2026-06-05T21:31:45,91.0,36.3,sensor2_serial,2,1,5,1,120,109,20.000,20.005,0,0,0,0.000000,SUCCESS,sigmoid,
2026-06-05T21:32:05,91.0,36.3,sensor2_serial,2,1,5,1,120,108,20.000,20.005,0,0,0,0.000000,SUCCESS,sigmoid,
2026-06-05T21:32:25,91.0,36.3,sensor2_serial,2,1,5,1,120,107,20.000,20.005,0,0,0,0.000000,SUCCESS,sigmoid,
2026-06-05T21:32:45,91.0,36.3,sensor2_serial,2,1,5,1,120,106,20.000,20.005,0,0,0,0.000000,SUCCESS,sigmoid,
2026-06-05T21:33:05,91.0,36.3,sensor2_serial,2,1,5,1,120,105,20.000,20.004,0,0,0,0.000000,SUCCESS,sigmoid,
2026-06-05T21:33:25,91.0,36.3,sensor2_serial,2,1,5,1,120,104,20.000,20.005,0,0,0,0.000000,SUCCESS,sigmoid,
2026-06-05T21:33:46,91.0,36.3,sensor2_serial,2,1,5,1,120,103,20.000,20.004,0,0,0,0.000000,SUCCESS,sigmoid,
2026-06-05T21:34:06,91.0,36.3,sensor2_serial,2,1,5,1,120,102,20.000,20.005,0,0,0,0.000000,SUCCESS,sigmoid,
2026-06-05T21:34:26,91.0,36.3,sensor2_serial,2,1,5,1,120,101,20.000,20.005,0,0,0,0.000000,SUCCESS,sigmoid,
2026-06-05T21:34:46,91.0,36.3,sensor2_serial,2,1,5,1,120,100,20.000,20.006,0,0,0,0.000000,SUCCESS,sigmoid,
2026-06-05T21:35:06,91.0,36.3,sensor2_serial,2,1,5,1,120,99,20.000,20.006,0,0,0,0.000000,SUCCESS,sigmoid,
2026-06-05T21:35:26,91.0,36.3,sensor2_serial,2,1,5,1,120,98,20.000,20.005,0,0,0,0.000000,SUCCESS,sigmoid,
2026-06-05T21:35:46,91.0,36.3,sensor2_serial,2,1,5,1,120,97,20.000,20.005,0,0,0,0.000000,SUCCESS,sigmoid,
2026-06-05T21:36:06,91.0,36.3,sensor2_serial,2,1,5,1,120,96,20.000,20.006,0,0,0,0.000000,SUCCESS,sigmoid,
2026-06-05T21:36:26,91.0,36.3,sensor2_serial,2,1,5,1,120,95,20.000,20.005,0,0,0,0.000000,SUCCESS,sigmoid,
2026-06-05T21:36:46,91.0,36.3,sensor2_serial,2,1,5,1,120,94,20.000,20.005,0,0,0,0.000000,SUCCESS,sigmoid,
2026-06-05T21:37:06,91.0,36.3,sensor2_serial,2,1,5,1,120,93,20.000,20.005,0,0,0,0.000000,SUCCESS,sigmoid,
2026-06-05T21:37:26,91.0,36.3,sensor2_serial,2,1,5,1,120,92,20.000,20.005,0,0,0,0.000000,SUCCESS,sigmoid,
2026-06-05T21:37:46,91.0,36.3,sensor2_serial,2,1,5,1,120,91,20.000,20.006,0,0,0,0.000000,SUCCESS,sigmoid,
2026-06-05T21:38:06,91.0,36.3,sensor2_serial,2,1,5,1,120,90,20.000,20.006,0,0,0,0.000000,SUCCESS,sigmoid,
2026-06-05T21:38:26,91.0,36.3,sensor2_serial,2,1,5,1,120,89,20.000,20.005,0,0,0,0.000000,SUCCESS,sigmoid,
2026-06-05T21:38:46,91.0,36.3,sensor2_serial,2,1,5,1,120,88,20.000,20.005,0,0,0,0.000000,SUCCESS,sigmoid,
2026-06-05T21:39:07,91.0,36.3,sensor2_serial,2,1,5,1,120,87,20.000,20.005,0,0,0,0.000000,SUCCESS,sigmoid,
2026-06-05T21:39:27,91.0,36.3,sensor2_serial,2,1,5,1,120,86,20.000,20.004,0,0,0,0.000000,SUCCESS,sigmoid,
2026-06-05T21:39:47,91.0,36.3,sensor2_serial,2,1,5,1,120,85,20.000,20.006,0,0,0,0.000000,SUCCESS,sigmoid,
2026-06-05T21:40:07,91.0,36.3,sensor2_serial,2,1,5,1,120,84,20.000,20.005,0,0,0,0.000000,SUCCESS,sigmoid,
2026-06-05T21:40:27,91.0,36.3,sensor2_serial,2,1,5,1,120,83,20.000,20.005,0,0,0,0.000000,SUCCESS,sigmoid,
2026-06-05T21:40:47,91.0,36.3,sensor2_serial,2,1,5,1,120,82,20.000,20.005,0,0,0,0.000000,SUCCESS,sigmoid,
2026-06-05T21:41:07,91.0,36.3,sensor2_serial,2,1,5,1,120,81,20.000,20.005,0,0,0,0.000000,SUCCESS,sigmoid,
2026-06-05T21:41:27,91.0,36.3,sensor2_serial,2,1,5,1,120,80,20.000,20.005,0,0,0,0.000000,SUCCESS,sigmoid,
2026-06-05T21:41:47,91.0,36.3,sensor2_serial,2,1,5,1,120,79,20.000,20.005,0,0,0,0.000000,SUCCESS,sigmoid,
2026-06-05T21:42:07,91.0,36.3,sensor2_serial,2,1,5,1,120,78,20.000,20.006,0,0,0,0.000000,SUCCESS,sigmoid,
2026-06-05T21:42:27,91.0,36.3,sensor2_serial,2,1,5,1,120,77,20.000,20.005,0,0,0,0.000000,SUCCESS,sigmoid,
2026-06-05T21:42:47,91.0,36.3,sensor2_serial,2,1,5,1,120,76,20.000,20.006,0,0,0,0.000000,SUCCESS,sigmoid,
2026-06-05T21:43:07,91.0,36.3,sensor2_serial,2,1,5,1,120,75,20.000,20.005,0,0,0,0.000000,SUCCESS,sigmoid,
2026-06-05T21:43:27,91.0,36.3,sensor2_serial,2,1,5,1,120,74,20.000,20.005,0,0,0,0.000000,SUCCESS,sigmoid,
2026-06-05T21:43:47,91.0,36.3,sensor2_serial,2,1,5,1,120,73,20.000,20.005,0,0,0,0.000000,SUCCESS,sigmoid,
2026-06-05T21:44:07,91.0,36.3,sensor2_serial,2,1,5,1,120,72,20.000,20.005,0,0,0,0.000000,SUCCESS,sigmoid,
2026-06-05T21:44:27,91.0,36.3,sensor2_serial,2,1,5,1,120,71,20.000,20.005,0,0,0,0.000000,SUCCESS,sigmoid,
2026-06-05T21:44:48,91.0,36.3,sensor2_serial,2,1,5,1,120,70,20.000,20.005,0,0,0,0.000000,SUCCESS,sigmoid,
2026-06-05T21:45:08,91.0,36.3,sensor2_serial,2,1,5,1,120,69,20.000,20.005,0,0,0,0.000000,SUCCESS,sigmoid,
2026-06-05T21:45:28,91.0,36.3,sensor2_serial,2,1,5,1,120,68,20.000,20.006,0,0,0,0.000000,SUCCESS,sigmoid,
2026-06-05T21:45:48,91.0,36.3,sensor2_serial,2,1,5,1,120,67,20.000,20.005,0,0,0,0.000000,SUCCESS,sigmoid,
2026-06-05T21:46:08,91.0,36.3,sensor2_serial,2,1,5,1,120,66,20.000,20.005,0,0,0,0.000000,SUCCESS,sigmoid,
2026-06-05T21:46:28,91.0,36.3,sensor2_serial,2,1,5,1,120,65,20.000,20.006,0,0,0,0.000000,SUCCESS,sigmoid,
2026-06-05T21:46:48,91.0,36.3,sensor2_serial,2,1,5,1,120,64,20.000,20.005,0,0,0,0.000000,SUCCESS,sigmoid,
2026-06-05T21:47:08,91.0,36.3,sensor2_serial,2,1,5,1,120,63,20.000,20.005,0,0,0,0.000000,SUCCESS,sigmoid,
2026-06-05T21:47:28,91.0,36.3,sensor2_serial,2,1,5,1,120,62,20.000,20.005,0,0,0,0.000000,SUCCESS,sigmoid,
2026-06-05T21:47:48,91.0,36.3,sensor2_serial,2,1,5,1,120,61,20.000,20.005,0,0,0,0.000000,SUCCESS,sigmoid,
2026-06-05T21:48:08,91.0,36.3,sensor2_serial,2,1,5,1,120,60,20.000,20.005,0,0,0,0.000000,SUCCESS,sigmoid,
2026-06-05T21:48:28,91.0,36.3,sensor2_serial,2,1,5,1,120,59,20.000,20.005,0,0,0,0.000000,SUCCESS,sigmoid,
2026-06-05T21:48:48,91.0,36.3,sensor2_serial,2,1,5,1,120,58,20.000,20.006,0,0,0,0.000000,SUCCESS,sigmoid,
2026-06-05T21:49:08,91.0,36.3,sensor2_serial,2,1,5,1,120,57,20.000,20.006,0,0,0,0.000000,SUCCESS,sigmoid,
2026-06-05T21:49:28,91.0,36.3,sensor2_serial,2,1,5,1,120,56,20.000,20.004,0,0,0,0.000000,SUCCESS,sigmoid,
2026-06-05T21:49:48,91.0,36.3,sensor2_serial,2,1,5,1,120,55,20.000,20.005,0,0,0,0.000000,SUCCESS,sigmoid,
2026-06-05T21:50:08,91.0,36.3,sensor2_serial,2,1,5,1,120,54,20.000,20.004,0,0,0,0.000000,SUCCESS,sigmoid,
2026-06-05T21:50:29,91.0,36.3,sensor2_serial,2,1,5,1,120,53,20.000,20.004,0,0,0,0.000000,SUCCESS,sigmoid,
2026-06-05T21:50:49,91.0,36.3,sensor2_serial,2,1,5,1,120,52,20.000,20.006,0,0,0,0.000000,SUCCESS,sigmoid,
2026-06-05T21:51:09,91.0,36.3,sensor2_serial,2,1,5,1,120,51,20.000,20.005,0,0,0,0.000000,SUCCESS,sigmoid,
2026-06-05T21:51:29,91.0,36.3,sensor2_serial,2,1,5,1,120,50,20.000,20.006,0,0,0,0.000000,SUCCESS,sigmoid,
2026-06-05T21:51:49,91.0,36.3,sensor2_serial,2,1,5,1,120,49,20.000,20.005,0,0,0,0.000000,SUCCESS,sigmoid,
2026-06-05T21:52:09,91.0,36.3,sensor2_serial,2,1,5,1,120,48,20.000,20.005,0,0,0,0.000000,SUCCESS,sigmoid,
2026-06-05T21:52:29,91.0,36.3,sensor2_serial,2,1,5,1,120,47,20.000,20.005,0,0,0,0.000000,SUCCESS,sigmoid,
2026-06-05T21:52:49,91.0,36.3,sensor2_serial,2,1,5,1,120,46,20.000,20.006,0,0,0,0.000000,SUCCESS,sigmoid,
2026-06-05T21:53:09,91.0,36.3,sensor2_serial,2,1,5,1,120,45,20.000,20.005,0,0,0,0.000000,SUCCESS,sigmoid,
2026-06-05T21:53:29,91.0,36.3,sensor2_serial,2,1,5,1,120,44,20.000,20.005,0,0,0,0.000000,SUCCESS,sigmoid,
2026-06-05T21:53:49,91.0,36.3,sensor2_serial,2,1,5,1,120,43,20.000,20.005,0,0,0,0.000000,SUCCESS,sigmoid,
2026-06-05T21:54:09,91.0,36.3,sensor2_serial,2,1,5,1,120,42,20.000,20.005,0,0,0,0.000000,SUCCESS,sigmoid,
2026-06-05T21:54:29,91.0,36.3,sensor2_serial,2,1,5,1,120,41,20.000,20.006,0,0,0,0.000000,SUCCESS,sigmoid,
2026-06-05T21:54:49,91.0,36.3,sensor2_serial,2,1,5,1,120,40,20.000,20.005,0,0,0,0.000000,SUCCESS,sigmoid,
2026-06-05T21:55:09,91.0,36.3,sensor2_serial,2,1,5,1,120,39,20.000,20.005,0,0,0,0.000000,SUCCESS,sigmoid,
2026-06-05T21:55:29,91.0,36.3,sensor2_serial,2,1,5,1,120,38,20.000,20.005,0,0,0,0.000000,SUCCESS,sigmoid,
2026-06-05T21:55:49,91.0,36.3,sensor2_serial,2,1,5,1,120,37,20.000,20.004,0,0,0,0.000000,SUCCESS,sigmoid,
2026-06-05T21:56:10,91.0,36.3,sensor2_serial,2,1,5,1,120,36,20.000,20.005,0,0,0,0.000000,SUCCESS,sigmoid,
2026-06-05T21:56:30,91.0,36.3,sensor2_serial,2,1,5,1,120,35,20.000,20.005,0,0,0,0.000000,SUCCESS,sigmoid,
2026-06-05T21:56:50,91.0,36.3,sensor2_serial,2,1,5,1,120,34,20.000,20.005,0,0,0,0.000000,SUCCESS,sigmoid,
2026-06-05T21:57:10,91.0,36.3,sensor2_serial,2,1,5,1,120,33,20.000,20.005,0,0,0,0.000000,SUCCESS,sigmoid,
2026-06-05T21:57:30,91.0,36.3,sensor2_serial,2,1,5,1,120,32,20.000,20.005,0,0,0,0.000000,SUCCESS,sigmoid,
2026-06-05T21:57:50,91.0,36.3,sensor2_serial,2,1,5,1,120,31,20.000,20.006,0,0,0,0.000000,SUCCESS,sigmoid,
2026-06-05T21:58:10,91.0,36.3,sensor2_serial,2,1,5,1,120,30,20.000,20.005,0,0,0,0.000000,SUCCESS,sigmoid,
2026-06-05T21:58:30,91.0,36.3,sensor2_serial,2,1,5,1,120,29,20.000,20.005,0,0,0,0.000000,SUCCESS,sigmoid,
2026-06-05T21:58:50,91.0,36.3,sensor2_serial,2,1,5,1,120,28,20.000,20.006,0,0,0,0.000000,SUCCESS,sigmoid,
2026-06-05T21:59:10,91.0,36.3,sensor2_serial,2,1,5,1,120,27,20.000,20.006,0,0,0,0.000000,SUCCESS,sigmoid,
2026-06-05T21:59:30,91.0,36.3,sensor2_serial,2,1,5,1,120,26,20.000,20.006,0,0,0,0.000000,SUCCESS,sigmoid,
2026-06-05T21:59:50,91.0,36.3,sensor2_serial,2,1,5,1,120,25,20.000,20.005,0,0,0,0.000000,SUCCESS,sigmoid,
2026-06-05T22:00:10,91.0,36.3,sensor2_serial,2,1,5,1,120,24,20.000,20.005,0,0,0,0.000000,SUCCESS,sigmoid,
2026-06-05T22:00:30,91.0,36.3,sensor2_serial,2,1,5,1,120,23,20.000,20.005,0,0,0,0.000000,SUCCESS,sigmoid,
2026-06-05T22:00:50,91.0,36.3,sensor2_serial,2,1,5,1,120,22,20.000,20.005,0,0,0,0.000000,SUCCESS,sigmoid,
2026-06-05T22:01:10,91.0,36.3,sensor2_serial,2,1,5,1,120,21,20.000,20.005,0,0,0,0.000000,SUCCESS,sigmoid,
2026-06-05T22:01:30,91.0,36.3,sensor2_serial,2,1,5,1,120,20,20.000,20.004,0,0,0,0.000000,SUCCESS,sigmoid,
2026-06-05T22:01:51,91.0,36.3,sensor2_serial,2,1,5,1,120,19,20.000,20.005,0,0,0,0.000000,SUCCESS,sigmoid,
2026-06-05T22:02:11,91.0,36.3,sensor2_serial,2,1,5,1,120,18,20.000,20.005,0,0,0,0.000000,SUCCESS,sigmoid,
2026-06-05T22:02:31,91.0,36.3,sensor2_serial,2,1,5,1,120,17,20.000,20.004,0,0,0,0.000000,SUCCESS,sigmoid,
2026-06-05T22:02:51,91.0,36.3,sensor2_serial,2,1,5,1,120,16,20.000,20.006,0,0,0,0.000000,SUCCESS,sigmoid,
2026-06-05T22:03:11,91.0,36.3,sensor2_serial,2,1,5,1,120,15,20.000,20.004,0,0,0,0.000000,SUCCESS,sigmoid,
2026-06-05T22:03:31,91.0,36.3,sensor2_serial,2,1,5,1,120,14,20.000,20.005,0,0,0,0.000000,SUCCESS,sigmoid,
2026-06-05T22:03:51,91.0,36.3,sensor2_serial,2,1,5,1,120,13,20.000,20.006,0,0,0,0.000000,SUCCESS,sigmoid,
2026-06-05T22:04:11,91.0,36.3,sensor2_serial,2,1,5,1,120,12,20.000,20.005,0,0,0,0.000000,SUCCESS,sigmoid,
2026-06-05T22:04:31,91.0,36.3,sensor2_serial,2,1,5,1,120,11,20.000,20.005,0,0,0,0.000000,SUCCESS,sigmoid,
2026-06-05T22:04:51,91.0,36.3,sensor2_serial,2,1,5,1,120,10,20.000,20.005,0,0,0,0.000000,SUCCESS,sigmoid,
2026-06-05T22:05:11,91.0,36.3,sensor2_serial,2,1,5,1,120,9,20.000,20.004,0,0,0,0.000000,SUCCESS,sigmoid,
2026-06-05T22:05:31,91.0,36.3,sensor2_serial,2,1,5,1,120,8,20.000,20.005,0,0,0,0.000000,SUCCESS,sigmoid,
2026-06-05T22:05:51,91.0,36.3,sensor2_serial,2,1,5,1,120,7,20.000,20.005,0,0,0,0.000000,SUCCESS,sigmoid,
2026-06-05T22:06:11,91.0,36.3,sensor2_serial,2,1,5,1,120,6,20.000,20.005,0,0,0,0.000000,SUCCESS,sigmoid,
2026-06-05T22:06:31,91.0,36.3,sensor2_serial,2,1,5,1,120,5,20.000,20.005,0,0,0,0.000000,SUCCESS,sigmoid,
2026-06-05T22:06:51,91.0,36.3,sensor2_serial,2,1,5,1,120,4,20.000,20.005,0,0,0,0.000000,SUCCESS,sigmoid,
2026-06-05T22:07:11,91.0,36.3,sensor2_serial,2,1,5,1,120,3,20.000,20.004,0,0,0,0.000000,SUCCESS,sigmoid,
2026-06-05T22:07:32,91.0,36.3,sensor2_serial,2,1,5,1,120,2,20.000,20.006,0,0,0,0.000000,SUCCESS,sigmoid,
2026-06-05T22:07:52,91.0,36.3,sensor2_serial,2,1,5,1,120,1,20.000,20.005,0,0,0,0.000000,SUCCESS,sigmoid,
2026-06-05T22:08:12,91.0,36.3,sensor2_serial,2,1,5,1,120,0,20.000,20.005,0,0,0,0.000000,SUCCESS,sigmoid,
2026-06-05T22:08:32,91.0,36.3,sensor2_serial,2,2,6,2,120,255,20.000,20.004,0,1475315,1475315,73749.819506,SUCCESS,sigmoid,
2026-06-05T22:08:52,91.0,36.3,sensor2_serial,2,2,6,2,120,254,20.000,20.005,0,1671075,1671075,83530.804592,SUCCESS,sigmoid,
2026-06-05T22:09:12,91.0,36.3,sensor2_serial,2,2,6,2,120,253,20.000,20.004,0,1790601,1790601,89510.138959,SUCCESS,sigmoid,
2026-06-05T22:09:32,91.0,36.3,sensor2_serial,2,2,6,2,120,252,20.000,20.005,0,1802837,1802837,90118.859969,SUCCESS,sigmoid,
2026-06-05T22:09:52,91.0,36.3,sensor2_serial,2,2,6,2,120,251,20.000,20.005,0,1868198,1868198,93384.535045,SUCCESS,sigmoid,
2026-06-05T22:10:12,91.0,36.3,sensor2_serial,2,2,6,2,120,250,20.000,20.005,0,1868138,1868138,93381.701681,SUCCESS,sigmoid,
2026-06-05T22:10:32,91.0,36.3,sensor2_serial,2,2,6,2,120,249,20.000,20.006,0,1978542,1978542,98899.616907,SUCCESS,sigmoid,
2026-06-05T22:10:52,91.0,36.3,sensor2_serial,2,2,6,2,120,248,20.000,20.004,0,2245491,2245491,112250.753976,SUCCESS,sigmoid,
2026-06-05T22:11:12,91.0,36.3,sensor2_serial,2,2,6,2,120,247,20.000,20.005,0,2831688,2831688,141547.200150,SUCCESS,sigmoid,
2026-06-05T22:11:32,91.0,36.3,sensor2_serial,2,2,6,2,120,246,20.000,20.005,0,3182593,3182593,159088.558894,SUCCESS,sigmoid,
2026-06-05T22:11:52,91.0,36.3,sensor2_serial,2,2,6,2,120,245,20.000,20.006,0,3391205,3391205,169510.653339,SUCCESS,sigmoid,
2026-06-05T22:12:12,91.0,36.3,sensor2_serial,2,2,6,2,120,244,20.000,20.004,0,3281173,3281173,164024.748534,SUCCESS,sigmoid,
2026-06-05T22:12:32,91.0,36.3,sensor2_serial,2,2,6,2,120,243,20.000,20.005,0,2605107,2605107,130225.045531,SUCCESS,sigmoid,
2026-06-05T22:12:53,91.0,36.3,sensor2_serial,2,2,6,2,120,242,20.000,20.005,0,1887717,1887717,94360.348231,SUCCESS,sigmoid,
2026-06-05T22:13:13,91.0,36.3,sensor2_serial,2,2,6,2,120,241,20.000,20.005,0,1232176,1232176,61592.493270,SUCCESS,sigmoid,
2026-06-05T22:13:33,91.0,36.3,sensor2_serial,2,2,6,2,120,240,20.000,20.006,0,697618,697618,34871.186410,SUCCESS,sigmoid,
2026-06-05T22:13:53,91.0,36.3,sensor2_serial,2,2,6,2,120,239,20.000,20.005,0,642285,642285,32105.673416,SUCCESS,sigmoid,
2026-06-05T22:14:13,91.0,36.3,sensor2_serial,2,2,6,2,120,238,20.000,20.005,0,371756,371756,18582.938171,SUCCESS,sigmoid,
2026-06-05T22:14:33,91.0,36.3,sensor2_serial,2,2,6,2,120,237,20.000,20.004,0,223218,223218,11158.537030,SUCCESS,sigmoid,
2026-06-05T22:14:53,91.0,36.3,sensor2_serial,2,2,6,2,120,236,20.000,20.005,0,95375,95375,4767.523651,SUCCESS,sigmoid,
2026-06-05T22:15:13,91.0,36.3,sensor2_serial,2,2,6,2,120,235,20.000,20.005,0,27663,27663,1382.784597,SUCCESS,sigmoid,
2026-06-05T22:15:33,91.0,36.3,sensor2_serial,2,2,6,2,120,234,20.000,20.005,0,11511,11511,575.396881,SUCCESS,sigmoid,
2026-06-05T22:15:53,91.0,36.3,sensor2_serial,2,2,6,2,120,233,20.000,20.005,0,4516,4516,225.738282,SUCCESS,sigmoid,
2026-06-05T22:16:13,91.0,36.3,sensor2_serial,2,2,6,2,120,232,20.000,20.005,0,2071,2071,103.521795,SUCCESS,sigmoid,
2026-06-05T22:16:33,91.0,36.3,sensor2_serial,2,2,6,2,120,231,20.000,20.005,0,886,886,44.288611,SUCCESS,sigmoid,
2026-06-05T22:16:53,91.0,36.3,sensor2_serial,2,2,6,2,120,230,20.000,20.006,0,426,426,21.293979,SUCCESS,sigmoid,
2026-06-05T22:17:13,91.0,36.3,sensor2_serial,2,2,6,2,120,229,20.000,20.005,0,224,224,11.197030,SUCCESS,sigmoid,
2026-06-05T22:17:33,91.0,36.3,sensor2_serial,2,2,6,2,120,228,20.000,20.006,0,196,196,9.797224,SUCCESS,sigmoid,
2026-06-05T22:17:53,91.0,36.3,sensor2_serial,2,2,6,2,120,227,20.000,20.005,0,171,171,8.547745,SUCCESS,sigmoid,
2026-06-05T22:18:13,91.0,36.3,sensor2_serial,2,2,6,2,120,226,20.000,20.005,0,173,173,8.647726,SUCCESS,sigmoid,
2026-06-05T22:18:34,91.0,36.3,sensor2_serial,2,2,6,2,120,225,20.000,20.005,0,161,161,8.047851,SUCCESS,sigmoid,
2026-06-05T22:18:54,91.0,36.3,sensor2_serial,2,2,6,2,120,224,20.000,20.006,0,184,184,9.197464,SUCCESS,sigmoid,
2026-06-05T22:19:14,91.0,36.3,sensor2_serial,2,2,6,2,120,223,20.000,20.005,0,163,163,8.147864,SUCCESS,sigmoid,
2026-06-05T22:19:34,91.0,36.3,sensor2_serial,2,2,6,2,120,222,20.000,20.006,0,160,160,7.997801,SUCCESS,sigmoid,
2026-06-05T22:19:54,91.0,36.3,sensor2_serial,2,2,6,2,120,221,20.000,20.005,0,159,159,7.947843,SUCCESS,sigmoid,
2026-06-05T22:20:14,91.0,36.3,sensor2_serial,2,2,6,2,120,220,20.000,20.005,0,171,171,8.547706,SUCCESS,sigmoid,
2026-06-05T22:20:34,91.0,36.3,sensor2_serial,2,2,6,2,120,219,20.000,20.006,0,172,172,8.597528,SUCCESS,sigmoid,
2026-06-05T22:20:54,91.0,36.3,sensor2_serial,2,2,6,2,120,218,20.000,20.005,0,160,160,7.997898,SUCCESS,sigmoid,
2026-06-05T22:21:14,91.0,36.3,sensor2_serial,2,2,6,2,120,217,20.000,20.006,0,153,153,7.647887,SUCCESS,sigmoid,
2026-06-05T22:21:34,91.0,36.3,sensor2_serial,2,2,6,2,120,216,20.000,20.005,0,153,153,7.648062,SUCCESS,sigmoid,
2026-06-05T22:21:54,91.0,36.3,sensor2_serial,2,2,6,2,120,215,20.000,20.006,0,159,159,7.947790,SUCCESS,sigmoid,
2026-06-05T22:22:14,91.0,36.3,sensor2_serial,2,2,6,2,120,214,20.000,20.005,0,185,185,9.247535,SUCCESS,sigmoid,
2026-06-05T22:22:34,91.0,36.3,sensor2_serial,2,2,6,2,120,213,20.000,20.006,0,134,134,6.698133,SUCCESS,sigmoid,
2026-06-05T22:22:54,91.0,36.3,sensor2_serial,2,2,6,2,120,212,20.000,20.005,0,168,168,8.398017,SUCCESS,sigmoid,
2026-06-05T22:23:14,91.0,36.3,sensor2_serial,2,2,6,2,120,211,20.000,20.005,0,177,177,8.847582,SUCCESS,sigmoid,
2026-06-05T22:23:34,91.0,36.3,sensor2_serial,2,2,6,2,120,210,20.000,20.005,0,162,162,8.098108,SUCCESS,sigmoid,
2026-06-05T22:23:54,91.0,36.3,sensor2_serial,2,2,6,2,120,209,20.000,20.005,0,164,164,8.197824,SUCCESS,sigmoid,
2026-06-05T22:24:15,91.0,36.3,sensor2_serial,2,2,6,2,120,208,20.000,20.005,0,139,139,6.948235,SUCCESS,sigmoid,
2026-06-05T22:24:35,91.0,36.3,sensor2_serial,2,2,6,2,120,207,20.000,20.005,0,179,179,8.947611,SUCCESS,sigmoid,
2026-06-05T22:24:55,91.0,36.3,sensor2_serial,2,2,6,2,120,206,20.000,20.006,0,167,167,8.347680,SUCCESS,sigmoid,
2026-06-05T22:25:15,91.0,36.3,sensor2_serial,2,2,6,2,120,205,20.000,20.006,0,150,150,7.497895,SUCCESS,sigmoid,
2026-06-05T22:25:35,91.0,36.3,sensor2_serial,2,2,6,2,120,204,20.000,20.005,0,154,154,7.697931,SUCCESS,sigmoid,
2026-06-05T22:25:55,91.0,36.3,sensor2_serial,2,2,6,2,120,203,20.000,20.005,0,157,157,7.847851,SUCCESS,sigmoid,
2026-06-05T22:26:15,91.0,36.3,sensor2_serial,2,2,6,2,120,202,20.000,20.005,0,153,153,7.647946,SUCCESS,sigmoid,
2026-06-05T22:26:35,91.0,36.3,sensor2_serial,2,2,6,2,120,201,20.000,20.005,0,166,166,8.297870,SUCCESS,sigmoid,
2026-06-05T22:26:55,91.0,36.3,sensor2_serial,2,2,6,2,120,200,20.000,20.005,0,178,178,8.897584,SUCCESS,sigmoid,
2026-06-05T22:27:15,91.0,36.3,sensor2_serial,2,2,6,2,120,199,20.000,20.005,0,138,138,6.898194,SUCCESS,sigmoid,
2026-06-05T22:27:35,91.0,36.3,sensor2_serial,2,2,6,2,120,198,20.000,20.005,0,141,141,7.048074,SUCCESS,sigmoid,
2026-06-05T22:27:55,91.0,36.3,sensor2_serial,2,2,6,2,120,197,20.000,20.005,0,161,161,8.047914,SUCCESS,sigmoid,
2026-06-05T22:28:15,91.0,36.3,sensor2_serial,2,2,6,2,120,196,20.000,20.006,0,168,168,8.397664,SUCCESS,sigmoid,
2026-06-05T22:28:35,91.0,36.3,sensor2_serial,2,2,6,2,120,195,20.000,20.005,0,156,156,7.797935,SUCCESS,sigmoid,
2026-06-05T22:28:55,91.0,36.3,sensor2_serial,2,2,6,2,120,194,20.000,20.005,0,147,147,7.348093,SUCCESS,sigmoid,
2026-06-05T22:29:15,91.0,36.3,sensor2_serial,2,2,6,2,120,193,20.000,20.006,0,149,149,7.447945,SUCCESS,sigmoid,
2026-06-05T22:29:35,91.0,36.3,sensor2_serial,2,2,6,2,120,192,20.000,20.006,0,166,166,8.297711,SUCCESS,sigmoid,
2026-06-05T22:29:56,91.0,36.3,sensor2_serial,2,2,6,2,120,191,20.000,20.005,0,139,139,6.948128,SUCCESS,sigmoid,
2026-06-05T22:30:16,91.0,36.3,sensor2_serial,2,2,6,2,120,190,20.000,20.005,0,179,179,8.947748,SUCCESS,sigmoid,
2026-06-05T22:30:36,91.0,36.3,sensor2_serial,2,2,6,2,120,189,20.000,20.005,0,143,143,7.148075,SUCCESS,sigmoid,
2026-06-05T22:30:56,91.0,36.3,sensor2_serial,2,2,6,2,120,188,20.000,20.005,0,147,147,7.347983,SUCCESS,sigmoid,
2026-06-05T22:31:16,91.0,36.3,sensor2_serial,2,2,6,2,120,187,20.000,20.006,0,113,113,5.648429,SUCCESS,sigmoid,
2026-06-05T22:31:36,91.0,36.3,sensor2_serial,2,2,6,2,120,186,20.000,20.006,0,157,157,7.847835,SUCCESS,sigmoid,
2026-06-05T22:31:56,91.0,36.3,sensor2_serial,2,2,6,2,120,185,20.000,20.005,0,147,147,7.348029,SUCCESS,sigmoid,
2026-06-05T22:32:16,91.0,36.3,sensor2_serial,2,2,6,2,120,184,20.000,20.005,0,148,148,7.397991,SUCCESS,sigmoid,
2026-06-05T22:32:36,91.0,36.3,sensor2_serial,2,2,6,2,120,183,20.000,20.005,0,143,143,7.148140,SUCCESS,sigmoid,
2026-06-05T22:32:56,91.0,36.3,sensor2_serial,2,2,6,2,120,182,20.000,20.005,0,141,141,7.048163,SUCCESS,sigmoid,
2026-06-05T22:33:16,91.0,36.3,sensor2_serial,2,2,6,2,120,181,20.000,20.005,0,132,132,6.598294,SUCCESS,sigmoid,
2026-06-05T22:33:36,91.0,36.3,sensor2_serial,2,2,6,2,120,180,20.000,20.005,0,128,128,6.398381,SUCCESS,sigmoid,
2026-06-05T22:33:56,91.0,36.3,sensor2_serial,2,2,6,2,120,179,20.000,20.006,0,130,130,6.498071,SUCCESS,sigmoid,
2026-06-05T22:34:16,91.0,36.3,sensor2_serial,2,2,6,2,120,178,20.000,20.005,0,141,141,7.048149,SUCCESS,sigmoid,
2026-06-05T22:34:36,91.0,36.3,sensor2_serial,2,2,6,2,120,177,20.000,20.006,0,159,159,7.947773,SUCCESS,sigmoid,
2026-06-05T22:34:56,91.0,36.3,sensor2_serial,2,2,6,2,120,176,20.000,20.005,0,150,150,7.498053,SUCCESS,sigmoid,
2026-06-05T22:35:17,91.0,36.3,sensor2_serial,2,2,6,2,120,175,20.000,20.005,0,160,160,7.997906,SUCCESS,sigmoid,
2026-06-05T22:35:37,91.0,36.3,sensor2_serial,2,2,6,2,120,174,20.000,20.005,0,118,118,5.898411,SUCCESS,sigmoid,
2026-06-05T22:35:57,91.0,36.3,sensor2_serial,2,2,6,2,120,173,20.000,20.005,0,148,148,7.398000,SUCCESS,sigmoid,
2026-06-05T22:36:17,91.0,36.3,sensor2_serial,2,2,6,2,120,172,20.000,20.006,0,132,132,6.598180,SUCCESS,sigmoid,
2026-06-05T22:36:37,91.0,36.3,sensor2_serial,2,2,6,2,120,171,20.000,20.005,0,126,126,6.298293,SUCCESS,sigmoid,
2026-06-05T22:36:57,91.0,36.3,sensor2_serial,2,2,6,2,120,170,20.000,20.005,0,129,129,6.448349,SUCCESS,sigmoid,
2026-06-05T22:37:17,91.0,36.3,sensor2_serial,2,2,6,2,120,169,20.000,20.005,0,124,124,6.198362,SUCCESS,sigmoid,
2026-06-05T22:37:37,91.0,36.3,sensor2_serial,2,2,6,2,120,168,20.000,20.005,0,137,137,6.848357,SUCCESS,sigmoid,
2026-06-05T22:37:57,91.0,36.3,sensor2_serial,2,2,6,2,120,167,20.000,20.006,0,123,123,6.148267,SUCCESS,sigmoid,
2026-06-05T22:38:17,91.0,36.3,sensor2_serial,2,2,6,2,120,166,20.000,20.005,0,97,97,4.848737,SUCCESS,sigmoid,
2026-06-05T22:38:37,91.0,36.3,sensor2_serial,2,2,6,2,120,165,20.000,20.005,0,125,125,6.248356,SUCCESS,sigmoid,
2026-06-05T22:38:57,91.0,36.3,sensor2_serial,2,2,6,2,120,164,20.000,20.006,0,125,125,6.248279,SUCCESS,sigmoid,
2026-06-05T22:39:17,91.0,36.3,sensor2_serial,2,2,6,2,120,163,20.000,20.006,0,118,118,5.898362,SUCCESS,sigmoid,
2026-06-05T22:39:37,91.0,36.3,sensor2_serial,2,2,6,2,120,162,20.000,20.005,0,107,107,5.348587,SUCCESS,sigmoid,
2026-06-05T22:39:57,91.0,36.3,sensor2_serial,2,2,6,2,120,161,20.000,20.005,0,117,117,5.848499,SUCCESS,sigmoid,
2026-06-05T22:40:17,91.0,36.3,sensor2_serial,2,2,6,2,120,160,20.000,20.005,0,80,80,3.998918,SUCCESS,sigmoid,
2026-06-05T22:40:37,91.0,36.3,sensor2_serial,2,2,6,2,120,159,20.000,20.005,0,104,104,5.198615,SUCCESS,sigmoid,
2026-06-05T22:40:58,91.0,36.3,sensor2_serial,2,2,6,2,120,158,20.000,20.005,0,84,84,4.198923,SUCCESS,sigmoid,
2026-06-05T22:41:18,91.0,36.3,sensor2_serial,2,2,6,2,120,157,20.000,20.005,0,103,103,5.148611,SUCCESS,sigmoid,
2026-06-05T22:41:38,91.0,36.3,sensor2_serial,2,2,6,2,120,156,20.000,20.005,0,100,100,4.998718,SUCCESS,sigmoid,
2026-06-05T22:41:58,91.0,36.3,sensor2_serial,2,2,6,2,120,155,20.000,20.005,0,83,83,4.148897,SUCCESS,sigmoid,
2026-06-05T22:42:18,91.0,36.3,sensor2_serial,2,2,6,2,120,154,20.000,20.004,0,66,66,3.299309,SUCCESS,sigmoid,
2026-06-05T22:42:38,91.0,36.3,sensor2_serial,2,2,6,2,120,153,20.000,20.005,0,93,93,4.648787,SUCCESS,sigmoid,
2026-06-05T22:42:58,91.0,36.3,sensor2_serial,2,2,6,2,120,152,20.000,20.005,0,62,62,3.099173,SUCCESS,sigmoid,
2026-06-05T22:43:18,91.0,36.3,sensor2_serial,2,2,6,2,120,151,20.000,20.004,0,68,68,3.399291,SUCCESS,sigmoid,
2026-06-05T22:43:38,91.0,36.3,sensor2_serial,2,2,6,2,120,150,20.000,20.005,0,73,73,3.649020,SUCCESS,sigmoid,
2026-06-05T22:43:58,91.0,36.3,sensor2_serial,2,2,6,2,120,149,20.000,20.007,0,64,64,3.198946,SUCCESS,sigmoid,
2026-06-05T22:44:18,91.0,36.3,sensor2_serial,2,2,6,2,120,148,20.000,20.005,0,65,65,3.249111,SUCCESS,sigmoid,
2026-06-05T22:44:38,91.0,36.3,sensor2_serial,2,2,6,2,120,147,20.000,20.005,0,56,56,2.799250,SUCCESS,sigmoid,
2026-06-05T22:44:58,91.0,36.3,sensor2_serial,2,2,6,2,120,146,20.000,20.006,0,62,62,3.099144,SUCCESS,sigmoid,
2026-06-05T22:45:18,91.0,36.3,sensor2_serial,2,2,6,2,120,145,20.000,20.005,0,35,35,1.749524,SUCCESS,sigmoid,
2026-06-05T22:45:38,91.0,36.3,sensor2_serial,2,2,6,2,120,144,20.000,20.005,0,52,52,2.599318,SUCCESS,sigmoid,
2026-06-05T22:45:58,91.0,36.3,sensor2_serial,2,2,6,2,120,143,20.000,20.005,0,45,45,2.249413,SUCCESS,sigmoid,
2026-06-05T22:46:18,91.0,36.3,sensor2_serial,2,2,6,2,120,142,20.000,20.005,0,59,59,2.949257,SUCCESS,sigmoid,
2026-06-05T22:46:39,91.0,36.3,sensor2_serial,2,2,6,2,120,141,20.000,20.005,0,39,39,1.949485,SUCCESS,sigmoid,
2026-06-05T22:46:59,91.0,36.3,sensor2_serial,2,2,6,2,120,140,20.000,20.005,0,27,27,1.349653,SUCCESS,sigmoid,
2026-06-05T22:47:19,91.0,36.3,sensor2_serial,2,2,6,2,120,139,20.000,20.005,0,30,30,1.499606,SUCCESS,sigmoid,
2026-06-05T22:47:39,91.0,36.3,sensor2_serial,2,2,6,2,120,138,20.000,20.005,0,29,29,1.449653,SUCCESS,sigmoid,
2026-06-05T22:47:59,91.0,36.3,sensor2_serial,2,2,6,2,120,137,20.000,20.005,0,27,27,1.349637,SUCCESS,sigmoid,
2026-06-05T22:48:19,91.0,36.3,sensor2_serial,2,2,6,2,120,136,20.000,20.006,0,29,29,1.449598,SUCCESS,sigmoid,
2026-06-05T22:48:39,91.0,36.3,sensor2_serial,2,2,6,2,120,135,20.000,20.005,0,13,13,0.649830,SUCCESS,sigmoid,
2026-06-05T22:48:59,91.0,36.3,sensor2_serial,2,2,6,2,120,134,20.000,20.006,0,24,24,1.199654,SUCCESS,sigmoid,
2026-06-05T22:49:19,91.0,36.3,sensor2_serial,2,2,6,2,120,133,20.000,20.005,0,15,15,0.749794,SUCCESS,sigmoid,
2026-06-05T22:49:39,91.0,36.3,sensor2_serial,2,2,6,2,120,132,20.000,20.005,0,9,9,0.449885,SUCCESS,sigmoid,
2026-06-05T22:49:59,91.0,36.3,sensor2_serial,2,2,6,2,120,131,20.000,20.005,0,12,12,0.599843,SUCCESS,sigmoid,
2026-06-05T22:50:19,91.0,36.3,sensor2_serial,2,2,6,2,120,130,20.000,20.005,0,10,10,0.499869,SUCCESS,sigmoid,
2026-06-05T22:50:39,91.0,36.3,sensor2_serial,2,2,6,2,120,129,20.000,20.005,0,7,7,0.349909,SUCCESS,sigmoid,
2026-06-05T22:50:59,91.0,36.3,sensor2_serial,2,2,6,2,120,128,20.000,20.005,0,11,11,0.549850,SUCCESS,sigmoid,
2026-06-05T22:51:19,91.0,36.3,sensor2_serial,2,2,6,2,120,127,20.000,20.005,0,10,10,0.499866,SUCCESS,sigmoid,
2026-06-05T22:51:39,91.0,36.3,sensor2_serial,2,2,6,2,120,126,20.000,20.006,0,7,7,0.349903,SUCCESS,sigmoid,
2026-06-05T22:51:59,91.0,36.3,sensor2_serial,2,2,6,2,120,125,20.000,20.005,0,7,7,0.349909,SUCCESS,sigmoid,
2026-06-05T22:52:20,91.0,36.3,sensor2_serial,2,2,6,2,120,124,20.000,20.006,0,6,6,0.299917,SUCCESS,sigmoid,
2026-06-05T22:52:40,91.0,36.3,sensor2_serial,2,2,6,2,120,123,20.000,20.005,0,3,3,0.149959,SUCCESS,sigmoid,
2026-06-05T22:53:00,91.0,36.3,sensor2_serial,2,2,6,2,120,122,20.000,20.006,0,4,4,0.199944,SUCCESS,sigmoid,
2026-06-05T22:53:20,91.0,36.3,sensor2_serial,2,2,6,2,120,121,20.000,20.005,0,2,2,0.099973,SUCCESS,sigmoid,
2026-06-05T22:53:40,91.0,36.3,sensor2_serial,2,2,6,2,120,120,20.000,20.005,0,3,3,0.149960,SUCCESS,sigmoid,
2026-06-05T22:54:00,91.0,36.3,sensor2_serial,2,2,6,2,120,119,20.000,20.004,0,0,0,0.000000,SUCCESS,sigmoid,
2026-06-05T22:54:20,91.0,36.3,sensor2_serial,2,2,6,2,120,118,20.000,20.004,0,1,1,0.049989,SUCCESS,sigmoid,
2026-06-05T22:54:40,91.0,36.3,sensor2_serial,2,2,6,2,120,117,20.000,20.004,0,0,0,0.000000,SUCCESS,sigmoid,
2026-06-05T22:55:00,91.0,36.3,sensor2_serial,2,2,6,2,120,116,20.000,20.005,0,0,0,0.000000,SUCCESS,sigmoid,
2026-06-05T22:55:20,91.0,36.3,sensor2_serial,2,2,6,2,120,115,20.000,20.004,0,0,0,0.000000,SUCCESS,sigmoid,
2026-06-05T22:55:40,91.0,36.3,sensor2_serial,2,2,6,2,120,114,20.000,20.005,0,1,1,0.049987,SUCCESS,sigmoid,
2026-06-05T22:56:00,91.0,36.3,sensor2_serial,2,2,6,2,120,113,20.000,20.006,0,0,0,0.000000,SUCCESS,sigmoid,
2026-06-05T22:56:20,91.0,36.3,sensor2_serial,2,2,6,2,120,112,20.000,20.005,0,1,1,0.049987,SUCCESS,sigmoid,
2026-06-05T22:56:40,91.0,36.3,sensor2_serial,2,2,6,2,120,111,20.000,20.005,0,0,0,0.000000,SUCCESS,sigmoid,
2026-06-05T22:57:00,91.0,36.3,sensor2_serial,2,2,6,2,120,110,20.000,20.005,0,1,1,0.049987,SUCCESS,sigmoid,
2026-06-05T22:57:20,91.0,36.3,sensor2_serial,2,2,6,2,120,109,20.000,20.005,0,0,0,0.000000,SUCCESS,sigmoid,
2026-06-05T22:57:40,91.0,36.3,sensor2_serial,2,2,6,2,120,108,20.000,20.004,0,0,0,0.000000,SUCCESS,sigmoid,
2026-06-05T22:58:01,91.0,36.3,sensor2_serial,2,2,6,2,120,107,20.000,20.006,0,0,0,0.000000,SUCCESS,sigmoid,
2026-06-05T22:58:21,91.0,36.3,sensor2_serial,2,2,6,2,120,106,20.000,20.006,0,0,0,0.000000,SUCCESS,sigmoid,
2026-06-05T22:58:41,91.0,36.3,sensor2_serial,2,2,6,2,120,105,20.000,20.005,0,0,0,0.000000,SUCCESS,sigmoid,
2026-06-05T22:59:01,91.0,36.3,sensor2_serial,2,2,6,2,120,104,20.000,20.005,0,0,0,0.000000,SUCCESS,sigmoid,
2026-06-05T22:59:21,91.0,36.3,sensor2_serial,2,2,6,2,120,103,20.000,20.005,0,0,0,0.000000,SUCCESS,sigmoid,
2026-06-05T22:59:41,91.0,36.3,sensor2_serial,2,2,6,2,120,102,20.000,20.005,0,0,0,0.000000,SUCCESS,sigmoid,
2026-06-05T23:00:01,91.0,36.3,sensor2_serial,2,2,6,2,120,101,20.000,20.005,0,0,0,0.000000,SUCCESS,sigmoid,
2026-06-05T23:00:21,91.0,36.3,sensor2_serial,2,2,6,2,120,100,20.000,20.005,0,0,0,0.000000,SUCCESS,sigmoid,
2026-06-05T23:00:41,91.0,36.3,sensor2_serial,2,2,6,2,120,99,20.000,20.005,0,0,0,0.000000,SUCCESS,sigmoid,
2026-06-05T23:01:01,91.0,36.3,sensor2_serial,2,2,6,2,120,98,20.000,20.005,0,0,0,0.000000,SUCCESS,sigmoid,
2026-06-05T23:01:21,91.0,36.3,sensor2_serial,2,2,6,2,120,97,20.000,20.005,0,0,0,0.000000,SUCCESS,sigmoid,
2026-06-05T23:01:41,91.0,36.3,sensor2_serial,2,2,6,2,120,96,20.000,20.005,0,0,0,0.000000,SUCCESS,sigmoid,
2026-06-05T23:02:01,91.0,36.3,sensor2_serial,2,2,6,2,120,95,20.000,20.006,0,0,0,0.000000,SUCCESS,sigmoid,
2026-06-05T23:02:21,91.0,36.3,sensor2_serial,2,2,6,2,120,94,20.000,20.005,0,0,0,0.000000,SUCCESS,sigmoid,
2026-06-05T23:02:41,91.0,36.3,sensor2_serial,2,2,6,2,120,93,20.000,20.005,0,0,0,0.000000,SUCCESS,sigmoid,
2026-06-05T23:03:01,91.0,36.3,sensor2_serial,2,2,6,2,120,92,20.000,20.005,0,0,0,0.000000,SUCCESS,sigmoid,
2026-06-05T23:03:22,91.0,36.3,sensor2_serial,2,2,6,2,120,91,20.000,20.004,0,0,0,0.000000,SUCCESS,sigmoid,
2026-06-05T23:03:42,91.0,36.3,sensor2_serial,2,2,6,2,120,90,20.000,20.004,0,0,0,0.000000,SUCCESS,sigmoid,
2026-06-05T23:04:02,91.0,36.3,sensor2_serial,2,2,6,2,120,89,20.000,20.005,0,0,0,0.000000,SUCCESS,sigmoid,
2026-06-05T23:04:22,91.0,36.3,sensor2_serial,2,2,6,2,120,88,20.000,20.005,0,0,0,0.000000,SUCCESS,sigmoid,
2026-06-05T23:04:42,91.0,36.3,sensor2_serial,2,2,6,2,120,87,20.000,20.005,0,0,0,0.000000,SUCCESS,sigmoid,
2026-06-05T23:05:02,91.0,36.3,sensor2_serial,2,2,6,2,120,86,20.000,20.004,0,0,0,0.000000,SUCCESS,sigmoid,
2026-06-05T23:05:22,91.0,36.3,sensor2_serial,2,2,6,2,120,85,20.000,20.006,0,0,0,0.000000,SUCCESS,sigmoid,
2026-06-05T23:05:42,91.0,36.3,sensor2_serial,2,2,6,2,120,84,20.000,20.006,0,0,0,0.000000,SUCCESS,sigmoid,
2026-06-05T23:06:02,91.0,36.3,sensor2_serial,2,2,6,2,120,83,20.000,20.005,0,0,0,0.000000,SUCCESS,sigmoid,
2026-06-05T23:06:22,91.0,36.3,sensor2_serial,2,2,6,2,120,82,20.000,20.005,0,0,0,0.000000,SUCCESS,sigmoid,
2026-06-05T23:06:42,91.0,36.3,sensor2_serial,2,2,6,2,120,81,20.000,20.006,0,0,0,0.000000,SUCCESS,sigmoid,
2026-06-05T23:07:02,91.0,36.3,sensor2_serial,2,2,6,2,120,80,20.000,20.005,0,0,0,0.000000,SUCCESS,sigmoid,
2026-06-05T23:07:22,91.0,36.3,sensor2_serial,2,2,6,2,120,79,20.000,20.005,0,0,0,0.000000,SUCCESS,sigmoid,
2026-06-05T23:07:42,91.0,36.3,sensor2_serial,2,2,6,2,120,78,20.000,20.005,0,0,0,0.000000,SUCCESS,sigmoid,
2026-06-05T23:08:02,91.0,36.3,sensor2_serial,2,2,6,2,120,77,20.000,20.005,0,0,0,0.000000,SUCCESS,sigmoid,
2026-06-05T23:08:22,91.0,36.3,sensor2_serial,2,2,6,2,120,76,20.000,20.005,0,0,0,0.000000,SUCCESS,sigmoid,
2026-06-05T23:08:42,91.0,36.3,sensor2_serial,2,2,6,2,120,75,20.000,20.004,0,0,0,0.000000,SUCCESS,sigmoid,
2026-06-05T23:09:03,91.0,36.3,sensor2_serial,2,2,6,2,120,74,20.000,20.006,0,0,0,0.000000,SUCCESS,sigmoid,
2026-06-05T23:09:23,91.0,36.3,sensor2_serial,2,2,6,2,120,73,20.000,20.006,0,0,0,0.000000,SUCCESS,sigmoid,
2026-06-05T23:09:43,91.0,36.3,sensor2_serial,2,2,6,2,120,72,20.000,20.005,0,0,0,0.000000,SUCCESS,sigmoid,
2026-06-05T23:10:03,91.0,36.3,sensor2_serial,2,2,6,2,120,71,20.000,20.004,0,0,0,0.000000,SUCCESS,sigmoid,
2026-06-05T23:10:23,91.0,36.3,sensor2_serial,2,2,6,2,120,70,20.000,20.005,0,0,0,0.000000,SUCCESS,sigmoid,
2026-06-05T23:10:43,91.0,36.3,sensor2_serial,2,2,6,2,120,69,20.000,20.005,0,0,0,0.000000,SUCCESS,sigmoid,
2026-06-05T23:11:03,91.0,36.3,sensor2_serial,2,2,6,2,120,68,20.000,20.005,0,0,0,0.000000,SUCCESS,sigmoid,
2026-06-05T23:11:23,91.0,36.3,sensor2_serial,2,2,6,2,120,67,20.000,20.005,0,0,0,0.000000,SUCCESS,sigmoid,
2026-06-05T23:11:43,91.0,36.3,sensor2_serial,2,2,6,2,120,66,20.000,20.004,0,0,0,0.000000,SUCCESS,sigmoid,
2026-06-05T23:12:03,91.0,36.3,sensor2_serial,2,2,6,2,120,65,20.000,20.006,0,0,0,0.000000,SUCCESS,sigmoid,
2026-06-05T23:12:23,91.0,36.3,sensor2_serial,2,2,6,2,120,64,20.000,20.005,0,0,0,0.000000,SUCCESS,sigmoid,
2026-06-05T23:12:43,91.0,36.3,sensor2_serial,2,2,6,2,120,63,20.000,20.004,0,0,0,0.000000,SUCCESS,sigmoid,
2026-06-05T23:13:03,91.0,36.3,sensor2_serial,2,2,6,2,120,62,20.000,20.005,0,0,0,0.000000,SUCCESS,sigmoid,
2026-06-05T23:13:23,91.0,36.3,sensor2_serial,2,2,6,2,120,61,20.000,20.005,0,0,0,0.000000,SUCCESS,sigmoid,
2026-06-05T23:13:43,91.0,36.3,sensor2_serial,2,2,6,2,120,60,20.000,20.005,0,0,0,0.000000,SUCCESS,sigmoid,
2026-06-05T23:14:03,91.0,36.3,sensor2_serial,2,2,6,2,120,59,20.000,20.005,0,0,0,0.000000,SUCCESS,sigmoid,
2026-06-05T23:14:23,91.0,36.3,sensor2_serial,2,2,6,2,120,58,20.000,20.005,0,0,0,0.000000,SUCCESS,sigmoid,
2026-06-05T23:14:44,91.0,36.3,sensor2_serial,2,2,6,2,120,57,20.000,20.005,0,0,0,0.000000,SUCCESS,sigmoid,
2026-06-05T23:15:04,91.0,36.3,sensor2_serial,2,2,6,2,120,56,20.000,20.006,0,0,0,0.000000,SUCCESS,sigmoid,
2026-06-05T23:15:24,91.0,36.3,sensor2_serial,2,2,6,2,120,55,20.000,20.005,0,0,0,0.000000,SUCCESS,sigmoid,
2026-06-05T23:15:44,91.0,36.3,sensor2_serial,2,2,6,2,120,54,20.000,20.005,0,0,0,0.000000,SUCCESS,sigmoid,
2026-06-05T23:16:04,91.0,36.3,sensor2_serial,2,2,6,2,120,53,20.000,20.006,0,0,0,0.000000,SUCCESS,sigmoid,
2026-06-05T23:16:24,91.0,36.3,sensor2_serial,2,2,6,2,120,52,20.000,20.006,0,0,0,0.000000,SUCCESS,sigmoid,
2026-06-05T23:16:44,91.0,36.3,sensor2_serial,2,2,6,2,120,51,20.000,20.005,0,0,0,0.000000,SUCCESS,sigmoid,
2026-06-05T23:17:04,91.0,36.3,sensor2_serial,2,2,6,2,120,50,20.000,20.005,0,0,0,0.000000,SUCCESS,sigmoid,
2026-06-05T23:17:24,91.0,36.3,sensor2_serial,2,2,6,2,120,49,20.000,20.005,0,0,0,0.000000,SUCCESS,sigmoid,
2026-06-05T23:17:44,91.0,36.3,sensor2_serial,2,2,6,2,120,48,20.000,20.005,0,0,0,0.000000,SUCCESS,sigmoid,
2026-06-05T23:18:04,91.0,36.3,sensor2_serial,2,2,6,2,120,47,20.000,20.005,0,0,0,0.000000,SUCCESS,sigmoid,
2026-06-05T23:18:24,91.0,36.3,sensor2_serial,2,2,6,2,120,46,20.000,20.005,0,0,0,0.000000,SUCCESS,sigmoid,
2026-06-05T23:18:44,91.0,36.3,sensor2_serial,2,2,6,2,120,45,20.000,20.005,0,0,0,0.000000,SUCCESS,sigmoid,
2026-06-05T23:19:04,91.0,36.3,sensor2_serial,2,2,6,2,120,44,20.000,20.006,0,0,0,0.000000,SUCCESS,sigmoid,
2026-06-05T23:19:24,91.0,36.3,sensor2_serial,2,2,6,2,120,43,20.000,20.006,0,0,0,0.000000,SUCCESS,sigmoid,
2026-06-05T23:19:44,91.0,36.3,sensor2_serial,2,2,6,2,120,42,20.000,20.005,0,0,0,0.000000,SUCCESS,sigmoid,
2026-06-05T23:20:04,91.0,36.3,sensor2_serial,2,2,6,2,120,41,20.000,20.005,0,0,0,0.000000,SUCCESS,sigmoid,
2026-06-05T23:20:25,91.0,36.3,sensor2_serial,2,2,6,2,120,40,20.000,20.006,0,0,0,0.000000,SUCCESS,sigmoid,
2026-06-05T23:20:45,91.0,36.3,sensor2_serial,2,2,6,2,120,39,20.000,20.005,0,0,0,0.000000,SUCCESS,sigmoid,
2026-06-05T23:21:05,91.0,36.3,sensor2_serial,2,2,6,2,120,38,20.000,20.005,0,0,0,0.000000,SUCCESS,sigmoid,
2026-06-05T23:21:25,91.0,36.3,sensor2_serial,2,2,6,2,120,37,20.000,20.005,0,0,0,0.000000,SUCCESS,sigmoid,
2026-06-05T23:21:45,91.0,36.3,sensor2_serial,2,2,6,2,120,36,20.000,20.005,0,0,0,0.000000,SUCCESS,sigmoid,
2026-06-05T23:22:05,91.0,36.3,sensor2_serial,2,2,6,2,120,35,20.000,20.006,0,0,0,0.000000,SUCCESS,sigmoid,
2026-06-05T23:22:25,91.0,36.3,sensor2_serial,2,2,6,2,120,34,20.000,20.005,0,0,0,0.000000,SUCCESS,sigmoid,
2026-06-05T23:22:45,91.0,36.3,sensor2_serial,2,2,6,2,120,33,20.000,20.005,0,0,0,0.000000,SUCCESS,sigmoid,
2026-06-05T23:23:05,91.0,36.3,sensor2_serial,2,2,6,2,120,32,20.000,20.004,0,0,0,0.000000,SUCCESS,sigmoid,
2026-06-05T23:23:25,91.0,36.3,sensor2_serial,2,2,6,2,120,31,20.000,20.005,0,0,0,0.000000,SUCCESS,sigmoid,
2026-06-05T23:23:45,91.0,36.3,sensor2_serial,2,2,6,2,120,30,20.000,20.004,0,0,0,0.000000,SUCCESS,sigmoid,
2026-06-05T23:24:05,91.0,36.3,sensor2_serial,2,2,6,2,120,29,20.000,20.005,0,0,0,0.000000,SUCCESS,sigmoid,
2026-06-05T23:24:25,91.0,36.3,sensor2_serial,2,2,6,2,120,28,20.000,20.004,0,0,0,0.000000,SUCCESS,sigmoid,
2026-06-05T23:24:45,91.0,36.3,sensor2_serial,2,2,6,2,120,27,20.000,20.005,0,0,0,0.000000,SUCCESS,sigmoid,
2026-06-05T23:25:05,91.0,36.3,sensor2_serial,2,2,6,2,120,26,20.000,20.006,0,0,0,0.000000,SUCCESS,sigmoid,
2026-06-05T23:25:25,91.0,36.3,sensor2_serial,2,2,6,2,120,25,20.000,20.005,0,0,0,0.000000,SUCCESS,sigmoid,
2026-06-05T23:25:45,91.0,36.3,sensor2_serial,2,2,6,2,120,24,20.000,20.005,0,0,0,0.000000,SUCCESS,sigmoid,
2026-06-05T23:26:06,91.0,36.3,sensor2_serial,2,2,6,2,120,23,20.000,20.005,0,0,0,0.000000,SUCCESS,sigmoid,
2026-06-05T23:26:26,91.0,36.3,sensor2_serial,2,2,6,2,120,22,20.000,20.005,0,0,0,0.000000,SUCCESS,sigmoid,
2026-06-05T23:26:46,91.0,36.3,sensor2_serial,2,2,6,2,120,21,20.000,20.005,0,0,0,0.000000,SUCCESS,sigmoid,
2026-06-05T23:27:06,91.0,36.3,sensor2_serial,2,2,6,2,120,20,20.000,20.005,0,0,0,0.000000,SUCCESS,sigmoid,
2026-06-05T23:27:26,91.0,36.3,sensor2_serial,2,2,6,2,120,19,20.000,20.005,0,0,0,0.000000,SUCCESS,sigmoid,
2026-06-05T23:27:46,91.0,36.3,sensor2_serial,2,2,6,2,120,18,20.000,20.004,0,0,0,0.000000,SUCCESS,sigmoid,
2026-06-05T23:28:06,91.0,36.3,sensor2_serial,2,2,6,2,120,17,20.000,20.005,0,0,0,0.000000,SUCCESS,sigmoid,
2026-06-05T23:28:26,91.0,36.3,sensor2_serial,2,2,6,2,120,16,20.000,20.006,0,0,0,0.000000,SUCCESS,sigmoid,
2026-06-05T23:28:46,91.0,36.3,sensor2_serial,2,2,6,2,120,15,20.000,20.004,0,0,0,0.000000,SUCCESS,sigmoid,
2026-06-05T23:29:06,91.0,36.3,sensor2_serial,2,2,6,2,120,14,20.000,20.005,0,0,0,0.000000,SUCCESS,sigmoid,
2026-06-05T23:29:26,91.0,36.3,sensor2_serial,2,2,6,2,120,13,20.000,20.005,0,0,0,0.000000,SUCCESS,sigmoid,
2026-06-05T23:29:46,91.0,36.3,sensor2_serial,2,2,6,2,120,12,20.000,20.005,0,0,0,0.000000,SUCCESS,sigmoid,
2026-06-05T23:30:06,91.0,36.3,sensor2_serial,2,2,6,2,120,11,20.000,20.004,0,0,0,0.000000,SUCCESS,sigmoid,
2026-06-05T23:30:26,91.0,36.3,sensor2_serial,2,2,6,2,120,10,20.000,20.006,0,0,0,0.000000,SUCCESS,sigmoid,
2026-06-05T23:30:46,91.0,36.3,sensor2_serial,2,2,6,2,120,9,20.000,20.004,0,0,0,0.000000,SUCCESS,sigmoid,
2026-06-05T23:31:06,91.0,36.3,sensor2_serial,2,2,6,2,120,8,20.000,20.005,0,0,0,0.000000,SUCCESS,sigmoid,
2026-06-05T23:31:26,91.0,36.3,sensor2_serial,2,2,6,2,120,7,20.000,20.004,0,0,0,0.000000,SUCCESS,sigmoid,
2026-06-05T23:31:47,91.0,36.3,sensor2_serial,2,2,6,2,120,6,20.000,20.005,0,0,0,0.000000,SUCCESS,sigmoid,
2026-06-05T23:32:07,91.0,36.3,sensor2_serial,2,2,6,2,120,5,20.000,20.005,0,0,0,0.000000,SUCCESS,sigmoid,
2026-06-05T23:32:27,91.0,36.3,sensor2_serial,2,2,6,2,120,4,20.000,20.005,0,0,0,0.000000,SUCCESS,sigmoid,
2026-06-05T23:32:47,91.0,36.3,sensor2_serial,2,2,6,2,120,3,20.000,20.005,0,0,0,0.000000,SUCCESS,sigmoid,
2026-06-05T23:33:07,91.0,36.3,sensor2_serial,2,2,6,2,120,2,20.000,20.006,0,0,0,0.000000,SUCCESS,sigmoid,
2026-06-05T23:33:27,91.0,36.3,sensor2_serial,2,2,6,2,120,1,20.000,20.004,0,0,0,0.000000,SUCCESS,sigmoid,
2026-06-05T23:33:47,91.0,36.3,sensor2_serial,2,2,6,2,120,0,20.000,20.005,0,0,0,0.000000,SUCCESS,sigmoid,
2026-06-05T23:34:21,92.0,35.3,sensor2_serial,2,0,4,0,120,255,20.000,20.004,0,3593663,3593663,179646.135470,SUCCESS,sigmoid,
2026-06-05T23:34:41,92.0,35.3,sensor2_serial,2,0,4,0,120,254,20.000,20.005,0,3307234,3307234,165317.068809,SUCCESS,sigmoid,
2026-06-05T23:35:01,92.0,35.3,sensor2_serial,2,0,4,0,120,253,20.000,20.005,0,2635675,2635675,131749.921246,SUCCESS,sigmoid,
2026-06-05T23:35:21,92.0,35.3,sensor2_serial,2,0,4,0,120,252,20.000,20.005,0,1951280,1951280,97538.563675,SUCCESS,sigmoid,
2026-06-05T23:35:41,92.0,35.3,sensor2_serial,2,0,4,0,120,251,20.000,20.005,0,1060873,1060873,53029.382160,SUCCESS,sigmoid,
2026-06-05T23:36:01,92.0,35.3,sensor2_serial,2,0,4,0,120,250,20.000,20.006,0,554406,554406,27712.658758,SUCCESS,sigmoid,
2026-06-05T23:36:21,92.0,35.3,sensor2_serial,2,0,4,0,120,249,20.000,20.004,0,311187,311187,15555.931022,SUCCESS,sigmoid,
2026-06-05T23:36:41,92.0,35.3,sensor2_serial,2,0,4,0,120,248,20.000,20.006,0,157308,157308,7863.137403,SUCCESS,sigmoid,
2026-06-05T23:37:01,92.0,35.3,sensor2_serial,2,0,4,0,120,247,20.000,20.004,0,83549,83549,4176.549229,SUCCESS,sigmoid,
2026-06-05T23:37:22,92.0,35.3,sensor2_serial,2,0,4,0,120,246,20.000,20.005,0,35433,35433,1771.248732,SUCCESS,sigmoid,
2026-06-05T23:37:42,92.0,35.3,sensor2_serial,2,0,4,0,120,245,20.000,20.004,0,35457,35457,1772.468254,SUCCESS,sigmoid,
2026-06-05T23:38:02,92.0,35.3,sensor2_serial,2,0,4,0,120,244,20.000,20.005,0,13709,13709,685.263739,SUCCESS,sigmoid,
2026-06-05T23:38:22,92.0,35.3,sensor2_serial,2,0,4,0,120,243,20.000,20.006,0,6456,6456,322.710730,SUCCESS,sigmoid,
2026-06-05T23:38:42,92.0,35.3,sensor2_serial,2,0,4,0,120,242,20.000,20.006,0,2411,2411,120.515751,SUCCESS,sigmoid,
2026-06-05T23:39:02,92.0,35.3,sensor2_serial,2,0,4,0,120,241,20.000,20.006,0,1031,1031,51.535331,SUCCESS,sigmoid,
2026-06-05T23:39:22,92.0,35.3,sensor2_serial,2,0,4,0,120,240,20.000,20.005,0,443,443,22.144136,SUCCESS,sigmoid,
2026-06-05T23:39:42,92.0,35.3,sensor2_serial,2,0,4,0,120,239,20.000,20.006,0,265,265,13.246350,SUCCESS,sigmoid,
2026-06-05T23:40:02,92.0,35.3,sensor2_serial,2,0,4,0,120,238,20.000,20.005,0,245,245,12.246751,SUCCESS,sigmoid,
2026-06-05T23:40:22,92.0,35.3,sensor2_serial,2,0,4,0,120,237,20.000,20.005,0,179,179,8.947546,SUCCESS,sigmoid,
2026-06-05T23:40:42,92.0,35.3,sensor2_serial,2,0,4,0,120,236,20.000,20.005,0,207,207,10.347168,SUCCESS,sigmoid,
2026-06-05T23:41:02,92.0,35.3,sensor2_serial,2,0,4,0,120,235,20.000,20.005,0,192,192,9.597408,SUCCESS,sigmoid,
2026-06-05T23:41:22,92.0,35.3,sensor2_serial,2,0,4,0,120,234,20.000,20.005,0,190,190,9.497739,SUCCESS,sigmoid,
2026-06-05T23:41:42,92.0,35.3,sensor2_serial,2,0,4,0,120,233,20.000,20.005,0,212,212,10.597101,SUCCESS,sigmoid,
2026-06-05T23:42:02,92.0,35.3,sensor2_serial,2,0,4,0,120,232,20.000,20.005,0,175,175,8.747693,SUCCESS,sigmoid,
2026-06-05T23:42:22,92.0,35.3,sensor2_serial,2,0,4,0,120,231,20.000,20.005,0,190,190,9.497475,SUCCESS,sigmoid,
2026-06-05T23:42:42,92.0,35.3,sensor2_serial,2,0,4,0,120,230,20.000,20.005,0,162,162,8.097824,SUCCESS,sigmoid,
2026-06-05T23:43:03,92.0,35.3,sensor2_serial,2,0,4,0,120,229,20.000,20.005,0,161,161,8.047822,SUCCESS,sigmoid,
2026-06-05T23:43:23,92.0,35.3,sensor2_serial,2,0,4,0,120,228,20.000,20.005,0,168,168,8.397697,SUCCESS,sigmoid,
2026-06-05T23:43:43,92.0,35.3,sensor2_serial,2,0,4,0,120,227,20.000,20.005,0,166,166,8.298086,SUCCESS,sigmoid,
2026-06-05T23:44:03,92.0,35.3,sensor2_serial,2,0,4,0,120,226,20.000,20.006,0,173,173,8.647594,SUCCESS,sigmoid,
2026-06-05T23:44:23,92.0,35.3,sensor2_serial,2,0,4,0,120,225,20.000,20.005,0,173,173,8.647670,SUCCESS,sigmoid,
2026-06-05T23:44:43,92.0,35.3,sensor2_serial,2,0,4,0,120,224,20.000,20.006,0,168,168,8.397668,SUCCESS,sigmoid,
2026-06-05T23:45:03,92.0,35.3,sensor2_serial,2,0,4,0,120,223,20.000,20.005,0,177,177,8.847688,SUCCESS,sigmoid,
2026-06-05T23:45:23,92.0,35.3,sensor2_serial,2,0,4,0,120,222,20.000,20.005,0,170,170,8.497707,SUCCESS,sigmoid,
2026-06-05T23:45:43,92.0,35.3,sensor2_serial,2,0,4,0,120,221,20.000,20.005,0,180,180,8.997607,SUCCESS,sigmoid,
2026-06-05T23:46:03,92.0,35.3,sensor2_serial,2,0,4,0,120,220,20.000,20.005,0,159,159,7.947966,SUCCESS,sigmoid,
2026-06-05T23:46:23,92.0,35.3,sensor2_serial,2,0,4,0,120,219,20.000,20.005,0,175,175,8.747645,SUCCESS,sigmoid,
2026-06-05T23:46:43,92.0,35.3,sensor2_serial,2,0,4,0,120,218,20.000,20.005,0,162,162,8.097809,SUCCESS,sigmoid,
2026-06-05T23:47:03,92.0,35.3,sensor2_serial,2,0,4,0,120,217,20.000,20.005,0,152,152,7.598005,SUCCESS,sigmoid,
2026-06-05T23:47:23,92.0,35.3,sensor2_serial,2,0,4,0,120,216,20.000,20.005,0,168,168,8.397781,SUCCESS,sigmoid,
2026-06-05T23:47:43,92.0,35.3,sensor2_serial,2,0,4,0,120,215,20.000,20.005,0,162,162,8.097906,SUCCESS,sigmoid,
2026-06-05T23:48:03,92.0,35.3,sensor2_serial,2,0,4,0,120,214,20.000,20.005,0,160,160,7.997895,SUCCESS,sigmoid,
2026-06-05T23:48:23,92.0,35.3,sensor2_serial,2,0,4,0,120,213,20.000,20.005,0,166,166,8.297769,SUCCESS,sigmoid,
2026-06-05T23:48:44,92.0,35.3,sensor2_serial,2,0,4,0,120,212,20.000,20.005,0,159,159,7.947857,SUCCESS,sigmoid,
2026-06-05T23:49:04,92.0,35.3,sensor2_serial,2,0,4,0,120,211,20.000,20.006,0,169,169,8.447629,SUCCESS,sigmoid,
2026-06-05T23:49:24,92.0,35.3,sensor2_serial,2,0,4,0,120,210,20.000,20.006,0,164,164,8.197681,SUCCESS,sigmoid,
2026-06-05T23:49:44,92.0,35.3,sensor2_serial,2,0,4,0,120,209,20.000,20.005,0,134,134,6.698187,SUCCESS,sigmoid,
2026-06-05T23:50:04,92.0,35.3,sensor2_serial,2,0,4,0,120,208,20.000,20.006,0,154,154,7.697854,SUCCESS,sigmoid,
2026-06-05T23:50:24,92.0,35.3,sensor2_serial,2,0,4,0,120,207,20.000,20.006,0,163,163,8.147749,SUCCESS,sigmoid,
2026-06-05T23:50:44,92.0,35.3,sensor2_serial,2,0,4,0,120,206,20.000,20.005,0,173,173,8.647689,SUCCESS,sigmoid,
2026-06-05T23:51:04,92.0,35.3,sensor2_serial,2,0,4,0,120,205,20.000,20.006,0,186,186,9.297349,SUCCESS,sigmoid,
2026-06-05T23:51:24,92.0,35.3,sensor2_serial,2,0,4,0,120,204,20.000,20.006,0,156,156,7.797853,SUCCESS,sigmoid,
2026-06-05T23:51:44,92.0,35.3,sensor2_serial,2,0,4,0,120,203,20.000,20.005,0,171,171,8.547728,SUCCESS,sigmoid,
2026-06-05T23:52:04,92.0,35.3,sensor2_serial,2,0,4,0,120,202,20.000,20.005,0,149,149,7.447961,SUCCESS,sigmoid,
2026-06-05T23:52:24,92.0,35.3,sensor2_serial,2,0,4,0,120,201,20.000,20.005,0,149,149,7.447989,SUCCESS,sigmoid,
2026-06-05T23:52:44,92.0,35.3,sensor2_serial,2,0,4,0,120,200,20.000,20.005,0,153,153,7.647980,SUCCESS,sigmoid,
2026-06-05T23:53:04,92.0,35.3,sensor2_serial,2,0,4,0,120,199,20.000,20.005,0,157,157,7.848006,SUCCESS,sigmoid,
2026-06-05T23:53:24,92.0,35.3,sensor2_serial,2,0,4,0,120,198,20.000,20.005,0,170,170,8.497828,SUCCESS,sigmoid,
2026-06-05T23:53:44,92.0,35.3,sensor2_serial,2,0,4,0,120,197,20.000,20.005,0,157,157,7.847924,SUCCESS,sigmoid,
2026-06-05T23:54:05,92.0,35.3,sensor2_serial,2,0,4,0,120,196,20.000,20.005,0,149,149,7.447963,SUCCESS,sigmoid,
2026-06-05T23:54:25,92.0,35.3,sensor2_serial,2,0,4,0,120,195,20.000,20.005,0,161,161,8.047917,SUCCESS,sigmoid,
2026-06-05T23:54:45,92.0,35.3,sensor2_serial,2,0,4,0,120,194,20.000,20.005,0,170,170,8.497706,SUCCESS,sigmoid,
2026-06-05T23:55:05,92.0,35.3,sensor2_serial,2,0,4,0,120,193,20.000,20.005,0,151,151,7.548037,SUCCESS,sigmoid,
2026-06-05T23:55:25,92.0,35.3,sensor2_serial,2,0,4,0,120,192,20.000,20.005,0,159,159,7.947941,SUCCESS,sigmoid,
2026-06-05T23:55:45,92.0,35.3,sensor2_serial,2,0,4,0,120,191,20.000,20.005,0,174,174,8.697742,SUCCESS,sigmoid,
2026-06-05T23:56:05,92.0,35.3,sensor2_serial,2,0,4,0,120,190,20.000,20.005,0,176,176,8.797702,SUCCESS,sigmoid,
2026-06-05T23:56:25,92.0,35.3,sensor2_serial,2,0,4,0,120,189,20.000,20.005,0,160,160,7.997879,SUCCESS,sigmoid,
2026-06-05T23:56:45,92.0,35.3,sensor2_serial,2,0,4,0,120,188,20.000,20.005,0,145,145,7.248129,SUCCESS,sigmoid,
2026-06-05T23:57:05,92.0,35.3,sensor2_serial,2,0,4,0,120,187,20.000,20.005,0,145,145,7.248132,SUCCESS,sigmoid,
2026-06-05T23:57:25,92.0,35.3,sensor2_serial,2,0,4,0,120,186,20.000,20.006,0,160,160,7.997742,SUCCESS,sigmoid,
2026-06-05T23:57:45,92.0,35.3,sensor2_serial,2,0,4,0,120,185,20.000,20.005,0,138,138,6.898152,SUCCESS,sigmoid,
2026-06-05T23:58:05,92.0,35.3,sensor2_serial,2,0,4,0,120,184,20.000,20.005,0,157,157,7.847969,SUCCESS,sigmoid,
2026-06-05T23:58:25,92.0,35.3,sensor2_serial,2,0,4,0,120,183,20.000,20.005,0,142,142,7.098197,SUCCESS,sigmoid,
2026-06-05T23:58:45,92.0,35.3,sensor2_serial,2,0,4,0,120,182,20.000,20.005,0,161,161,8.047817,SUCCESS,sigmoid,
2026-06-05T23:59:05,92.0,35.3,sensor2_serial,2,0,4,0,120,181,20.000,20.005,0,152,152,7.597953,SUCCESS,sigmoid,
2026-06-05T23:59:25,92.0,35.3,sensor2_serial,2,0,4,0,120,180,20.000,20.006,0,167,167,8.347571,SUCCESS,sigmoid,
2026-06-05T23:59:46,92.0,35.3,sensor2_serial,2,0,4,0,120,179,20.000,20.005,0,155,155,7.747931,SUCCESS,sigmoid,
2026-06-06T00:00:06,92.0,35.3,sensor2_serial,2,0,4,0,120,178,20.000,20.005,0,156,156,7.798027,SUCCESS,sigmoid,
2026-06-06T00:00:26,92.0,35.3,sensor2_serial,2,0,4,0,120,177,20.000,20.005,0,162,162,8.097841,SUCCESS,sigmoid,
2026-06-06T00:00:46,92.0,35.3,sensor2_serial,2,0,4,0,120,176,20.000,20.006,0,137,137,6.848111,SUCCESS,sigmoid,
2026-06-06T00:01:06,92.0,35.3,sensor2_serial,2,0,4,0,120,175,20.000,20.006,0,142,142,7.098029,SUCCESS,sigmoid,
2026-06-06T00:01:26,92.0,35.3,sensor2_serial,2,0,4,0,120,174,20.000,20.006,0,138,138,6.898070,SUCCESS,sigmoid,
2026-06-06T00:01:46,92.0,35.3,sensor2_serial,2,0,4,0,120,173,20.000,20.005,0,127,127,6.348346,SUCCESS,sigmoid,
2026-06-06T00:02:06,92.0,35.3,sensor2_serial,2,0,4,0,120,172,20.000,20.006,0,174,174,8.697440,SUCCESS,sigmoid,
2026-06-06T00:02:26,92.0,35.3,sensor2_serial,2,0,4,0,120,171,20.000,20.005,0,143,143,7.148096,SUCCESS,sigmoid,
2026-06-06T00:02:46,92.0,35.3,sensor2_serial,2,0,4,0,120,170,20.000,20.005,0,150,150,7.498002,SUCCESS,sigmoid,
2026-06-06T00:03:06,92.0,35.3,sensor2_serial,2,0,4,0,120,169,20.000,20.005,0,132,132,6.598203,SUCCESS,sigmoid,
2026-06-06T00:03:26,92.0,35.3,sensor2_serial,2,0,4,0,120,168,20.000,20.005,0,116,116,5.798542,SUCCESS,sigmoid,
2026-06-06T00:03:46,92.0,35.3,sensor2_serial,2,0,4,0,120,167,20.000,20.005,0,134,134,6.698241,SUCCESS,sigmoid,
2026-06-06T00:04:06,92.0,35.3,sensor2_serial,2,0,4,0,120,166,20.000,20.006,0,146,146,7.297965,SUCCESS,sigmoid,
2026-06-06T00:04:26,92.0,35.3,sensor2_serial,2,0,4,0,120,165,20.000,20.006,0,133,133,6.648125,SUCCESS,sigmoid,
2026-06-06T00:04:46,92.0,35.3,sensor2_serial,2,0,4,0,120,164,20.000,20.005,0,138,138,6.898264,SUCCESS,sigmoid,
2026-06-06T00:05:06,92.0,35.3,sensor2_serial,2,0,4,0,120,163,20.000,20.005,0,114,114,5.698481,SUCCESS,sigmoid,
2026-06-06T00:05:27,92.0,35.3,sensor2_serial,2,0,4,0,120,162,20.000,20.006,0,127,127,6.347954,SUCCESS,sigmoid,
2026-06-06T00:05:47,92.0,35.3,sensor2_serial,2,0,4,0,120,161,20.000,20.005,0,124,124,6.198297,SUCCESS,sigmoid,
2026-06-06T00:06:07,92.0,35.3,sensor2_serial,2,0,4,0,120,160,20.000,20.005,0,133,133,6.648299,SUCCESS,sigmoid,
2026-06-06T00:06:27,92.0,35.3,sensor2_serial,2,0,4,0,120,159,20.000,20.005,0,137,137,6.848123,SUCCESS,sigmoid,
2026-06-06T00:06:47,92.0,35.3,sensor2_serial,2,0,4,0,120,158,20.000,20.006,0,122,122,6.098284,SUCCESS,sigmoid,
2026-06-06T00:07:07,92.0,35.3,sensor2_serial,2,0,4,0,120,157,20.000,20.005,0,121,121,6.048353,SUCCESS,sigmoid,
2026-06-06T00:07:27,92.0,35.3,sensor2_serial,2,0,4,0,120,156,20.000,20.005,0,124,124,6.198302,SUCCESS,sigmoid,
2026-06-06T00:07:47,92.0,35.3,sensor2_serial,2,0,4,0,120,155,20.000,20.006,0,111,111,5.548431,SUCCESS,sigmoid,
2026-06-06T00:08:07,92.0,35.3,sensor2_serial,2,0,4,0,120,154,20.000,20.005,0,108,108,5.398539,SUCCESS,sigmoid,
2026-06-06T00:08:27,92.0,35.3,sensor2_serial,2,0,4,0,120,153,20.000,20.005,0,123,123,6.148353,SUCCESS,sigmoid,
2026-06-06T00:08:47,92.0,35.3,sensor2_serial,2,0,4,0,120,152,20.000,20.005,0,90,90,4.498837,SUCCESS,sigmoid,
2026-06-06T00:09:07,92.0,35.3,sensor2_serial,2,0,4,0,120,151,20.000,20.005,0,82,82,4.098992,SUCCESS,sigmoid,
2026-06-06T00:09:27,92.0,35.3,sensor2_serial,2,0,4,0,120,150,20.000,20.005,0,99,99,4.948646,SUCCESS,sigmoid,
2026-06-06T00:09:47,92.0,35.3,sensor2_serial,2,0,4,0,120,149,20.000,20.005,0,101,101,5.048640,SUCCESS,sigmoid,
2026-06-06T00:10:07,92.0,35.3,sensor2_serial,2,0,4,0,120,148,20.000,20.006,0,84,84,4.198845,SUCCESS,sigmoid,
2026-06-06T00:10:27,92.0,35.3,sensor2_serial,2,0,4,0,120,147,20.000,20.005,0,75,75,3.749106,SUCCESS,sigmoid,
2026-06-06T00:10:47,92.0,35.3,sensor2_serial,2,0,4,0,120,146,20.000,20.005,0,70,70,3.499048,SUCCESS,sigmoid,
2026-06-06T00:11:08,92.0,35.3,sensor2_serial,2,0,4,0,120,145,20.000,20.006,0,76,76,3.798951,SUCCESS,sigmoid,
2026-06-06T00:11:28,92.0,35.3,sensor2_serial,2,0,4,0,120,144,20.000,20.005,0,77,77,3.849012,SUCCESS,sigmoid,
2026-06-06T00:11:48,92.0,35.3,sensor2_serial,2,0,4,0,120,143,20.000,20.005,0,80,80,3.998926,SUCCESS,sigmoid,
2026-06-06T00:12:08,92.0,35.3,sensor2_serial,2,0,4,0,120,142,20.000,20.006,0,61,61,3.049147,SUCCESS,sigmoid,
2026-06-06T00:12:28,92.0,35.3,sensor2_serial,2,0,4,0,120,141,20.000,20.005,0,61,61,3.049170,SUCCESS,sigmoid,
2026-06-06T00:12:48,92.0,35.3,sensor2_serial,2,0,4,0,120,140,20.000,20.005,0,68,68,3.399137,SUCCESS,sigmoid,
2026-06-06T00:13:08,92.0,35.3,sensor2_serial,2,0,4,0,120,139,20.000,20.005,0,56,56,2.799237,SUCCESS,sigmoid,
2026-06-06T00:13:28,92.0,35.3,sensor2_serial,2,0,4,0,120,138,20.000,20.005,0,67,67,3.349105,SUCCESS,sigmoid,
2026-06-06T00:13:48,92.0,35.3,sensor2_serial,2,0,4,0,120,137,20.000,20.005,0,63,63,3.149177,SUCCESS,sigmoid,
2026-06-06T00:14:08,92.0,35.3,sensor2_serial,2,0,4,0,120,136,20.000,20.005,0,55,55,2.749281,SUCCESS,sigmoid,
2026-06-06T00:14:28,92.0,35.3,sensor2_serial,2,0,4,0,120,135,20.000,20.006,0,45,45,2.249374,SUCCESS,sigmoid,
2026-06-06T00:14:48,92.0,35.3,sensor2_serial,2,0,4,0,120,134,20.000,20.005,0,42,42,2.099463,SUCCESS,sigmoid,
2026-06-06T00:15:08,92.0,35.3,sensor2_serial,2,0,4,0,120,133,20.000,20.006,0,34,34,1.699508,SUCCESS,sigmoid,
2026-06-06T00:15:28,92.0,35.3,sensor2_serial,2,0,4,0,120,132,20.000,20.006,0,37,37,1.849485,SUCCESS,sigmoid,
2026-06-06T00:15:48,92.0,35.3,sensor2_serial,2,0,4,0,120,131,20.000,20.005,0,35,35,1.749520,SUCCESS,sigmoid,
2026-06-06T00:16:08,92.0,35.3,sensor2_serial,2,0,4,0,120,130,20.000,20.005,0,29,29,1.449616,SUCCESS,sigmoid,
2026-06-06T00:16:29,92.0,35.3,sensor2_serial,2,0,4,0,120,129,20.000,20.005,0,25,25,1.249678,SUCCESS,sigmoid,
2026-06-06T00:16:49,92.0,35.3,sensor2_serial,2,0,4,0,120,128,20.000,20.005,0,33,33,1.649558,SUCCESS,sigmoid,
2026-06-06T00:17:09,92.0,35.3,sensor2_serial,2,0,4,0,120,127,20.000,20.005,0,28,28,1.399640,SUCCESS,sigmoid,
2026-06-06T00:17:29,92.0,35.3,sensor2_serial,2,0,4,0,120,126,20.000,20.006,0,34,34,1.699525,SUCCESS,sigmoid,
2026-06-06T00:17:49,92.0,35.3,sensor2_serial,2,0,4,0,120,125,20.000,20.005,0,36,36,1.799534,SUCCESS,sigmoid,
2026-06-06T00:18:09,92.0,35.3,sensor2_serial,2,0,4,0,120,124,20.000,20.006,0,23,23,1.149680,SUCCESS,sigmoid,
2026-06-06T00:18:29,92.0,35.3,sensor2_serial,2,0,4,0,120,123,20.000,20.005,0,22,22,1.099707,SUCCESS,sigmoid,
2026-06-06T00:18:49,92.0,35.3,sensor2_serial,2,0,4,0,120,122,20.000,20.005,0,16,16,0.799793,SUCCESS,sigmoid,
2026-06-06T00:19:09,92.0,35.3,sensor2_serial,2,0,4,0,120,121,20.000,20.006,0,18,18,0.899746,SUCCESS,sigmoid,
2026-06-06T00:19:29,92.0,35.3,sensor2_serial,2,0,4,0,120,120,20.000,20.006,0,20,20,0.999715,SUCCESS,sigmoid,
2026-06-06T00:19:49,92.0,35.3,sensor2_serial,2,0,4,0,120,119,20.000,20.005,0,18,18,0.899754,SUCCESS,sigmoid,
2026-06-06T00:20:09,92.0,35.3,sensor2_serial,2,0,4,0,120,118,20.000,20.006,0,15,15,0.749791,SUCCESS,sigmoid,
2026-06-06T00:20:29,92.0,35.3,sensor2_serial,2,0,4,0,120,117,20.000,20.006,0,18,18,0.899751,SUCCESS,sigmoid,
2026-06-06T00:20:49,92.0,35.3,sensor2_serial,2,0,4,0,120,116,20.000,20.005,0,9,9,0.449878,SUCCESS,sigmoid,
2026-06-06T00:21:09,92.0,35.3,sensor2_serial,2,0,4,0,120,115,20.000,20.005,0,12,12,0.599837,SUCCESS,sigmoid,
2026-06-06T00:21:29,92.0,35.3,sensor2_serial,2,0,4,0,120,114,20.000,20.006,0,7,7,0.349904,SUCCESS,sigmoid,
2026-06-06T00:21:49,92.0,35.3,sensor2_serial,2,0,4,0,120,113,20.000,20.005,0,4,4,0.199947,SUCCESS,sigmoid,
2026-06-06T00:22:10,92.0,35.3,sensor2_serial,2,0,4,0,120,112,20.000,20.005,0,8,8,0.399909,SUCCESS,sigmoid,
2026-06-06T00:22:30,92.0,35.3,sensor2_serial,2,0,4,0,120,111,20.000,20.005,0,7,7,0.349904,SUCCESS,sigmoid,
2026-06-06T00:22:50,92.0,35.3,sensor2_serial,2,0,4,0,120,110,20.000,20.005,0,1,1,0.049987,SUCCESS,sigmoid,
2026-06-06T00:23:10,92.0,35.3,sensor2_serial,2,0,4,0,120,109,20.000,20.006,0,4,4,0.199944,SUCCESS,sigmoid,
2026-06-06T00:23:30,92.0,35.3,sensor2_serial,2,0,4,0,120,108,20.000,20.005,0,2,2,0.099973,SUCCESS,sigmoid,
2026-06-06T00:23:50,92.0,35.3,sensor2_serial,2,0,4,0,120,107,20.000,20.005,0,2,2,0.099973,SUCCESS,sigmoid,
2026-06-06T00:24:10,92.0,35.3,sensor2_serial,2,0,4,0,120,106,20.000,20.005,0,1,1,0.049987,SUCCESS,sigmoid,
2026-06-06T00:24:30,92.0,35.3,sensor2_serial,2,0,4,0,120,105,20.000,20.006,0,2,2,0.099972,SUCCESS,sigmoid,
2026-06-06T00:24:50,92.0,35.3,sensor2_serial,2,0,4,0,120,104,20.000,20.005,0,0,0,0.000000,SUCCESS,sigmoid,
2026-06-06T00:25:10,92.0,35.3,sensor2_serial,2,0,4,0,120,103,20.000,20.006,0,0,0,0.000000,SUCCESS,sigmoid,
2026-06-06T00:25:30,92.0,35.3,sensor2_serial,2,0,4,0,120,102,20.000,20.005,0,1,1,0.049987,SUCCESS,sigmoid,
2026-06-06T00:25:50,92.0,35.3,sensor2_serial,2,0,4,0,120,101,20.000,20.005,0,0,0,0.000000,SUCCESS,sigmoid,
2026-06-06T00:26:10,92.0,35.3,sensor2_serial,2,0,4,0,120,100,20.000,20.005,0,0,0,0.000000,SUCCESS,sigmoid,
2026-06-06T00:26:30,92.0,35.3,sensor2_serial,2,0,4,0,120,99,20.000,20.005,0,0,0,0.000000,SUCCESS,sigmoid,
2026-06-06T00:26:50,92.0,35.3,sensor2_serial,2,0,4,0,120,98,20.000,20.006,0,0,0,0.000000,SUCCESS,sigmoid,
2026-06-06T00:27:10,92.0,35.3,sensor2_serial,2,0,4,0,120,97,20.000,20.005,0,0,0,0.000000,SUCCESS,sigmoid,
2026-06-06T00:27:30,92.0,35.3,sensor2_serial,2,0,4,0,120,96,20.000,20.006,0,0,0,0.000000,SUCCESS,sigmoid,
2026-06-06T00:27:51,92.0,35.3,sensor2_serial,2,0,4,0,120,95,20.000,20.005,0,0,0,0.000000,SUCCESS,sigmoid,
2026-06-06T00:28:11,92.0,35.3,sensor2_serial,2,0,4,0,120,94,20.000,20.005,0,0,0,0.000000,SUCCESS,sigmoid,
2026-06-06T00:28:31,92.0,35.3,sensor2_serial,2,0,4,0,120,93,20.000,20.005,0,0,0,0.000000,SUCCESS,sigmoid,
2026-06-06T00:28:51,92.0,35.3,sensor2_serial,2,0,4,0,120,92,20.000,20.004,0,0,0,0.000000,SUCCESS,sigmoid,
2026-06-06T00:29:11,92.0,35.3,sensor2_serial,2,0,4,0,120,91,20.000,20.005,0,0,0,0.000000,SUCCESS,sigmoid,
2026-06-06T00:29:31,92.0,35.3,sensor2_serial,2,0,4,0,120,90,20.000,20.004,0,0,0,0.000000,SUCCESS,sigmoid,
2026-06-06T00:29:51,92.0,35.3,sensor2_serial,2,0,4,0,120,89,20.000,20.006,0,0,0,0.000000,SUCCESS,sigmoid,
2026-06-06T00:30:11,92.0,35.3,sensor2_serial,2,0,4,0,120,88,20.000,20.005,0,0,0,0.000000,SUCCESS,sigmoid,
2026-06-06T00:30:31,92.0,35.3,sensor2_serial,2,0,4,0,120,87,20.000,20.004,0,0,0,0.000000,SUCCESS,sigmoid,
2026-06-06T00:30:51,92.0,35.3,sensor2_serial,2,0,4,0,120,86,20.000,20.005,0,0,0,0.000000,SUCCESS,sigmoid,
2026-06-06T00:31:11,92.0,35.3,sensor2_serial,2,0,4,0,120,85,20.000,20.005,0,0,0,0.000000,SUCCESS,sigmoid,
2026-06-06T00:31:31,92.0,35.3,sensor2_serial,2,0,4,0,120,84,20.000,20.004,0,0,0,0.000000,SUCCESS,sigmoid,
2026-06-06T00:31:51,92.0,35.3,sensor2_serial,2,0,4,0,120,83,20.000,20.005,0,0,0,0.000000,SUCCESS,sigmoid,
2026-06-06T00:32:11,92.0,35.3,sensor2_serial,2,0,4,0,120,82,20.000,20.005,0,0,0,0.000000,SUCCESS,sigmoid,
2026-06-06T00:32:31,92.0,35.3,sensor2_serial,2,0,4,0,120,81,20.000,20.005,0,0,0,0.000000,SUCCESS,sigmoid,
2026-06-06T00:32:51,92.0,35.3,sensor2_serial,2,0,4,0,120,80,20.000,20.005,0,0,0,0.000000,SUCCESS,sigmoid,
2026-06-06T00:33:11,92.0,35.3,sensor2_serial,2,0,4,0,120,79,20.000,20.005,0,0,0,0.000000,SUCCESS,sigmoid,
2026-06-06T00:33:32,92.0,35.3,sensor2_serial,2,0,4,0,120,78,20.000,20.005,0,0,0,0.000000,SUCCESS,sigmoid,
2026-06-06T00:33:52,92.0,35.3,sensor2_serial,2,0,4,0,120,77,20.000,20.006,0,0,0,0.000000,SUCCESS,sigmoid,
2026-06-06T00:34:12,92.0,35.3,sensor2_serial,2,0,4,0,120,76,20.000,20.005,0,0,0,0.000000,SUCCESS,sigmoid,
2026-06-06T00:34:32,92.0,35.3,sensor2_serial,2,0,4,0,120,75,20.000,20.006,0,0,0,0.000000,SUCCESS,sigmoid,
2026-06-06T00:34:52,92.0,35.3,sensor2_serial,2,0,4,0,120,74,20.000,20.005,0,0,0,0.000000,SUCCESS,sigmoid,
2026-06-06T00:35:12,92.0,35.3,sensor2_serial,2,0,4,0,120,73,20.000,20.005,0,0,0,0.000000,SUCCESS,sigmoid,
2026-06-06T00:35:32,92.0,35.3,sensor2_serial,2,0,4,0,120,72,20.000,20.005,0,0,0,0.000000,SUCCESS,sigmoid,
2026-06-06T00:35:52,92.0,35.3,sensor2_serial,2,0,4,0,120,71,20.000,20.006,0,0,0,0.000000,SUCCESS,sigmoid,
2026-06-06T00:36:12,92.0,35.3,sensor2_serial,2,0,4,0,120,70,20.000,20.005,0,0,0,0.000000,SUCCESS,sigmoid,
2026-06-06T00:36:32,92.0,35.3,sensor2_serial,2,0,4,0,120,69,20.000,20.005,0,0,0,0.000000,SUCCESS,sigmoid,
2026-06-06T00:36:52,92.0,35.3,sensor2_serial,2,0,4,0,120,68,20.000,20.006,0,0,0,0.000000,SUCCESS,sigmoid,
2026-06-06T00:37:12,92.0,35.3,sensor2_serial,2,0,4,0,120,67,20.000,20.006,0,0,0,0.000000,SUCCESS,sigmoid,
2026-06-06T00:37:32,92.0,35.3,sensor2_serial,2,0,4,0,120,66,20.000,20.006,0,0,0,0.000000,SUCCESS,sigmoid,
2026-06-06T00:37:52,92.0,35.3,sensor2_serial,2,0,4,0,120,65,20.000,20.006,0,0,0,0.000000,SUCCESS,sigmoid,
2026-06-06T00:38:12,92.0,35.3,sensor2_serial,2,0,4,0,120,64,20.000,20.005,0,0,0,0.000000,SUCCESS,sigmoid,
2026-06-06T00:38:32,92.0,35.3,sensor2_serial,2,0,4,0,120,63,20.000,20.005,0,0,0,0.000000,SUCCESS,sigmoid,
2026-06-06T00:38:53,92.0,35.3,sensor2_serial,2,0,4,0,120,62,20.000,20.006,0,0,0,0.000000,SUCCESS,sigmoid,
2026-06-06T00:39:13,92.0,35.3,sensor2_serial,2,0,4,0,120,61,20.000,20.004,0,0,0,0.000000,SUCCESS,sigmoid,
2026-06-06T00:39:33,92.0,35.3,sensor2_serial,2,0,4,0,120,60,20.000,20.005,0,0,0,0.000000,SUCCESS,sigmoid,
2026-06-06T00:39:53,92.0,35.3,sensor2_serial,2,0,4,0,120,59,20.000,20.004,0,0,0,0.000000,SUCCESS,sigmoid,
2026-06-06T00:40:13,92.0,35.3,sensor2_serial,2,0,4,0,120,58,20.000,20.005,0,0,0,0.000000,SUCCESS,sigmoid,
2026-06-06T00:40:33,92.0,35.3,sensor2_serial,2,0,4,0,120,57,20.000,20.006,0,0,0,0.000000,SUCCESS,sigmoid,
2026-06-06T00:40:53,92.0,35.3,sensor2_serial,2,0,4,0,120,56,20.000,20.005,0,0,0,0.000000,SUCCESS,sigmoid,
2026-06-06T00:41:13,92.0,35.3,sensor2_serial,2,0,4,0,120,55,20.000,20.005,0,0,0,0.000000,SUCCESS,sigmoid,
2026-06-06T00:41:33,92.0,35.3,sensor2_serial,2,0,4,0,120,54,20.000,20.005,0,0,0,0.000000,SUCCESS,sigmoid,
2026-06-06T00:41:53,92.0,35.3,sensor2_serial,2,0,4,0,120,53,20.000,20.005,0,0,0,0.000000,SUCCESS,sigmoid,
2026-06-06T00:42:13,92.0,35.3,sensor2_serial,2,0,4,0,120,52,20.000,20.005,0,0,0,0.000000,SUCCESS,sigmoid,
2026-06-06T00:42:33,92.0,35.3,sensor2_serial,2,0,4,0,120,51,20.000,20.006,0,0,0,0.000000,SUCCESS,sigmoid,
2026-06-06T00:42:53,92.0,35.3,sensor2_serial,2,0,4,0,120,50,20.000,20.005,0,0,0,0.000000,SUCCESS,sigmoid,
2026-06-06T00:43:13,92.0,35.3,sensor2_serial,2,0,4,0,120,49,20.000,20.006,0,0,0,0.000000,SUCCESS,sigmoid,
2026-06-06T00:43:33,92.0,35.3,sensor2_serial,2,0,4,0,120,48,20.000,20.005,0,0,0,0.000000,SUCCESS,sigmoid,
2026-06-06T00:43:53,92.0,35.3,sensor2_serial,2,0,4,0,120,47,20.000,20.005,0,0,0,0.000000,SUCCESS,sigmoid,
2026-06-06T00:44:13,92.0,35.3,sensor2_serial,2,0,4,0,120,46,20.000,20.006,0,0,0,0.000000,SUCCESS,sigmoid,
2026-06-06T00:44:34,92.0,35.3,sensor2_serial,2,0,4,0,120,45,20.000,20.004,0,0,0,0.000000,SUCCESS,sigmoid,
2026-06-06T00:44:54,92.0,35.3,sensor2_serial,2,0,4,0,120,44,20.000,20.005,0,0,0,0.000000,SUCCESS,sigmoid,
2026-06-06T00:45:14,92.0,35.3,sensor2_serial,2,0,4,0,120,43,20.000,20.005,0,0,0,0.000000,SUCCESS,sigmoid,
2026-06-06T00:45:34,92.0,35.3,sensor2_serial,2,0,4,0,120,42,20.000,20.005,0,0,0,0.000000,SUCCESS,sigmoid,
2026-06-06T00:45:54,92.0,35.3,sensor2_serial,2,0,4,0,120,41,20.000,20.005,0,0,0,0.000000,SUCCESS,sigmoid,
2026-06-06T00:46:14,92.0,35.3,sensor2_serial,2,0,4,0,120,40,20.000,20.005,0,0,0,0.000000,SUCCESS,sigmoid,
2026-06-06T00:46:34,92.0,35.3,sensor2_serial,2,0,4,0,120,39,20.000,20.005,0,0,0,0.000000,SUCCESS,sigmoid,
2026-06-06T00:46:54,92.0,35.3,sensor2_serial,2,0,4,0,120,38,20.000,20.005,0,0,0,0.000000,SUCCESS,sigmoid,
2026-06-06T00:47:14,92.0,35.3,sensor2_serial,2,0,4,0,120,37,20.000,20.005,0,0,0,0.000000,SUCCESS,sigmoid,
2026-06-06T00:47:34,92.0,35.3,sensor2_serial,2,0,4,0,120,36,20.000,20.005,0,0,0,0.000000,SUCCESS,sigmoid,
2026-06-06T00:47:54,92.0,35.3,sensor2_serial,2,0,4,0,120,35,20.000,20.006,0,0,0,0.000000,SUCCESS,sigmoid,
2026-06-06T00:48:14,92.0,35.3,sensor2_serial,2,0,4,0,120,34,20.000,20.005,0,0,0,0.000000,SUCCESS,sigmoid,
2026-06-06T00:48:34,92.0,35.3,sensor2_serial,2,0,4,0,120,33,20.000,20.005,0,0,0,0.000000,SUCCESS,sigmoid,
2026-06-06T00:48:54,92.0,35.3,sensor2_serial,2,0,4,0,120,32,20.000,20.005,0,0,0,0.000000,SUCCESS,sigmoid,
2026-06-06T00:49:14,92.0,35.3,sensor2_serial,2,0,4,0,120,31,20.000,20.005,0,0,0,0.000000,SUCCESS,sigmoid,
2026-06-06T00:49:34,92.0,35.3,sensor2_serial,2,0,4,0,120,30,20.000,20.005,0,0,0,0.000000,SUCCESS,sigmoid,
2026-06-06T00:49:54,92.0,35.3,sensor2_serial,2,0,4,0,120,29,20.000,20.005,0,0,0,0.000000,SUCCESS,sigmoid,
2026-06-06T00:50:15,92.0,35.3,sensor2_serial,2,0,4,0,120,28,20.000,20.005,0,0,0,0.000000,SUCCESS,sigmoid,
2026-06-06T00:50:35,92.0,35.3,sensor2_serial,2,0,4,0,120,27,20.000,20.005,0,0,0,0.000000,SUCCESS,sigmoid,
2026-06-06T00:50:55,92.0,35.3,sensor2_serial,2,0,4,0,120,26,20.000,20.005,0,0,0,0.000000,SUCCESS,sigmoid,
2026-06-06T00:51:15,92.0,35.3,sensor2_serial,2,0,4,0,120,25,20.000,20.005,0,0,0,0.000000,SUCCESS,sigmoid,
2026-06-06T00:51:35,92.0,35.3,sensor2_serial,2,0,4,0,120,24,20.000,20.005,0,0,0,0.000000,SUCCESS,sigmoid,
2026-06-06T00:51:55,92.0,35.3,sensor2_serial,2,0,4,0,120,23,20.000,20.005,0,0,0,0.000000,SUCCESS,sigmoid,
2026-06-06T00:52:15,92.0,35.3,sensor2_serial,2,0,4,0,120,22,20.000,20.005,0,0,0,0.000000,SUCCESS,sigmoid,
2026-06-06T00:52:35,92.0,35.3,sensor2_serial,2,0,4,0,120,21,20.000,20.005,0,0,0,0.000000,SUCCESS,sigmoid,
2026-06-06T00:52:55,92.0,35.3,sensor2_serial,2,0,4,0,120,20,20.000,20.005,0,0,0,0.000000,SUCCESS,sigmoid,
2026-06-06T00:53:15,92.0,35.3,sensor2_serial,2,0,4,0,120,19,20.000,20.006,0,0,0,0.000000,SUCCESS,sigmoid,
2026-06-06T00:53:35,92.0,35.3,sensor2_serial,2,0,4,0,120,18,20.000,20.005,0,0,0,0.000000,SUCCESS,sigmoid,
2026-06-06T00:53:55,92.0,35.3,sensor2_serial,2,0,4,0,120,17,20.000,20.005,0,0,0,0.000000,SUCCESS,sigmoid,
2026-06-06T00:54:15,92.0,35.3,sensor2_serial,2,0,4,0,120,16,20.000,20.005,0,0,0,0.000000,SUCCESS,sigmoid,
2026-06-06T00:54:35,92.0,35.3,sensor2_serial,2,0,4,0,120,15,20.000,20.005,0,0,0,0.000000,SUCCESS,sigmoid,
2026-06-06T00:54:55,92.0,35.3,sensor2_serial,2,0,4,0,120,14,20.000,20.005,0,0,0,0.000000,SUCCESS,sigmoid,
2026-06-06T00:55:15,92.0,35.3,sensor2_serial,2,0,4,0,120,13,20.000,20.005,0,0,0,0.000000,SUCCESS,sigmoid,
2026-06-06T00:55:35,92.0,35.3,sensor2_serial,2,0,4,0,120,12,20.000,20.005,0,0,0,0.000000,SUCCESS,sigmoid,
2026-06-06T00:55:56,92.0,35.3,sensor2_serial,2,0,4,0,120,11,20.000,20.005,0,0,0,0.000000,SUCCESS,sigmoid,
2026-06-06T00:56:16,92.0,35.3,sensor2_serial,2,0,4,0,120,10,20.000,20.005,0,0,0,0.000000,SUCCESS,sigmoid,
2026-06-06T00:56:36,92.0,35.3,sensor2_serial,2,0,4,0,120,9,20.000,20.005,0,0,0,0.000000,SUCCESS,sigmoid,
2026-06-06T00:56:56,92.0,35.3,sensor2_serial,2,0,4,0,120,8,20.000,20.006,0,0,0,0.000000,SUCCESS,sigmoid,
2026-06-06T00:57:16,92.0,35.3,sensor2_serial,2,0,4,0,120,7,20.000,20.005,0,0,0,0.000000,SUCCESS,sigmoid,
2026-06-06T00:57:36,92.0,35.3,sensor2_serial,2,0,4,0,120,6,20.000,20.005,0,0,0,0.000000,SUCCESS,sigmoid,
2026-06-06T00:57:56,92.0,35.3,sensor2_serial,2,0,4,0,120,5,20.000,20.005,0,0,0,0.000000,SUCCESS,sigmoid,
2026-06-06T00:58:16,92.0,35.3,sensor2_serial,2,0,4,0,120,4,20.000,20.005,0,0,0,0.000000,SUCCESS,sigmoid,
2026-06-06T00:58:36,92.0,35.3,sensor2_serial,2,0,4,0,120,3,20.000,20.006,0,0,0,0.000000,SUCCESS,sigmoid,
2026-06-06T00:58:56,92.0,35.3,sensor2_serial,2,0,4,0,120,2,20.000,20.005,0,0,0,0.000000,SUCCESS,sigmoid,
2026-06-06T00:59:16,92.0,35.3,sensor2_serial,2,0,4,0,120,1,20.000,20.005,0,0,0,0.000000,SUCCESS,sigmoid,
2026-06-06T00:59:36,92.0,35.3,sensor2_serial,2,0,4,0,120,0,20.000,20.005,0,0,0,0.000000,SUCCESS,sigmoid,
2026-06-06T00:59:56,92.0,35.3,sensor2_serial,2,1,5,1,120,255,20.000,20.005,0,1807849,1807849,90367.970113,SUCCESS,sigmoid,
2026-06-06T01:00:16,92.0,35.3,sensor2_serial,2,1,5,1,120,254,20.000,20.005,0,1720193,1720193,85987.547841,SUCCESS,sigmoid,
2026-06-06T01:00:36,92.0,35.3,sensor2_serial,2,1,5,1,120,253,20.000,20.005,0,1759384,1759384,87946.100620,SUCCESS,sigmoid,
2026-06-06T01:00:56,92.0,35.3,sensor2_serial,2,1,5,1,120,252,20.000,20.005,0,1947419,1947419,97345.383023,SUCCESS,sigmoid,
2026-06-06T01:01:16,92.0,35.3,sensor2_serial,2,1,5,1,120,251,20.000,20.005,0,2269627,2269627,113451.233775,SUCCESS,sigmoid,
2026-06-06T01:01:37,92.0,35.3,sensor2_serial,2,1,5,1,120,250,20.000,20.006,0,2653676,2653676,132647.002138,SUCCESS,sigmoid,
2026-06-06T01:01:57,92.0,35.3,sensor2_serial,2,1,5,1,120,249,20.000,20.005,0,3054552,3054552,152686.999269,SUCCESS,sigmoid,
2026-06-06T01:02:17,92.0,35.3,sensor2_serial,2,1,5,1,120,248,20.000,20.005,0,3238403,3238403,161879.860506,SUCCESS,sigmoid,
2026-06-06T01:02:37,92.0,35.3,sensor2_serial,2,1,5,1,120,247,20.000,20.005,0,3055540,3055540,152738.466740,SUCCESS,sigmoid,
2026-06-06T01:02:57,92.0,35.3,sensor2_serial,2,1,5,1,120,246,20.000,20.005,0,2452592,2452592,122596.586963,SUCCESS,sigmoid,
2026-06-06T01:03:17,92.0,35.3,sensor2_serial,2,1,5,1,120,245,20.000,20.005,0,1655092,1655092,82731.994342,SUCCESS,sigmoid,
2026-06-06T01:03:37,92.0,35.3,sensor2_serial,2,1,5,1,120,244,20.000,20.005,0,953025,953025,47639.991126,SUCCESS,sigmoid,
2026-06-06T01:03:57,92.0,35.3,sensor2_serial,2,1,5,1,120,243,20.000,20.005,0,512179,512179,25601.964296,SUCCESS,sigmoid,
2026-06-06T01:04:17,92.0,35.3,sensor2_serial,2,1,5,1,120,242,20.000,20.004,0,271425,271425,13568.260605,SUCCESS,sigmoid,
2026-06-06T01:04:37,92.0,35.3,sensor2_serial,2,1,5,1,120,241,20.000,20.005,0,144371,144371,7216.663291,SUCCESS,sigmoid,
2026-06-06T01:04:57,92.0,35.3,sensor2_serial,2,1,5,1,120,240,20.000,20.005,0,53042,53042,2651.406474,SUCCESS,sigmoid,
2026-06-06T01:05:17,92.0,35.3,sensor2_serial,2,1,5,1,120,239,20.000,20.004,0,67375,67375,3368.039784,SUCCESS,sigmoid,
2026-06-06T01:05:37,92.0,35.3,sensor2_serial,2,1,5,1,120,238,20.000,20.005,0,25818,25818,1290.545710,SUCCESS,sigmoid,
2026-06-06T01:05:57,92.0,35.3,sensor2_serial,2,1,5,1,120,237,20.000,20.004,0,10279,10279,513.837452,SUCCESS,sigmoid,
2026-06-06T01:06:17,92.0,35.3,sensor2_serial,2,1,5,1,120,236,20.000,20.005,0,4159,4159,207.897549,SUCCESS,sigmoid,
2026-06-06T01:06:37,92.0,35.3,sensor2_serial,2,1,5,1,120,235,20.000,20.005,0,1839,1839,91.926359,SUCCESS,sigmoid,
2026-06-06T01:06:57,92.0,35.3,sensor2_serial,2,1,5,1,120,234,20.000,20.005,0,649,649,32.441626,SUCCESS,sigmoid,
2026-06-06T01:07:18,92.0,35.3,sensor2_serial,2,1,5,1,120,233,20.000,20.006,0,332,332,16.595256,SUCCESS,sigmoid,
2026-06-06T01:07:38,92.0,35.3,sensor2_serial,2,1,5,1,120,232,20.000,20.005,0,242,242,12.096750,SUCCESS,sigmoid,
2026-06-06T01:07:58,92.0,35.3,sensor2_serial,2,1,5,1,120,231,20.000,20.005,0,164,164,8.197865,SUCCESS,sigmoid,
2026-06-06T01:08:18,92.0,35.3,sensor2_serial,2,1,5,1,120,230,20.000,20.006,0,162,162,8.097768,SUCCESS,sigmoid,
2026-06-06T01:08:38,92.0,35.3,sensor2_serial,2,1,5,1,120,229,20.000,20.005,0,179,179,8.947542,SUCCESS,sigmoid,
2026-06-06T01:08:58,92.0,35.3,sensor2_serial,2,1,5,1,120,228,20.000,20.005,0,190,190,9.497482,SUCCESS,sigmoid,
2026-06-06T01:09:18,92.0,35.3,sensor2_serial,2,1,5,1,120,227,20.000,20.006,0,185,185,9.247433,SUCCESS,sigmoid,
2026-06-06T01:09:38,92.0,35.3,sensor2_serial,2,1,5,1,120,226,20.000,20.005,0,163,163,8.147882,SUCCESS,sigmoid,
2026-06-06T01:09:58,92.0,35.3,sensor2_serial,2,1,5,1,120,225,20.000,20.005,0,181,181,9.047626,SUCCESS,sigmoid,
2026-06-06T01:10:18,92.0,35.3,sensor2_serial,2,1,5,1,120,224,20.000,20.005,0,178,178,8.897593,SUCCESS,sigmoid,
2026-06-06T01:10:38,92.0,35.3,sensor2_serial,2,1,5,1,120,223,20.000,20.006,0,174,174,8.697582,SUCCESS,sigmoid,
2026-06-06T01:10:58,92.0,35.3,sensor2_serial,2,1,5,1,120,222,20.000,20.005,0,155,155,7.747882,SUCCESS,sigmoid,
2026-06-06T01:11:18,92.0,35.3,sensor2_serial,2,1,5,1,120,221,20.000,20.005,0,151,151,7.548090,SUCCESS,sigmoid,
2026-06-06T01:11:38,92.0,35.3,sensor2_serial,2,1,5,1,120,220,20.000,20.005,0,171,171,8.547659,SUCCESS,sigmoid,
2026-06-06T01:11:58,92.0,35.3,sensor2_serial,2,1,5,1,120,219,20.000,20.005,0,161,161,8.047966,SUCCESS,sigmoid,
2026-06-06T01:12:18,92.0,35.3,sensor2_serial,2,1,5,1,120,218,20.000,20.006,0,164,164,8.197737,SUCCESS,sigmoid,
2026-06-06T01:12:39,92.0,35.3,sensor2_serial,2,1,5,1,120,217,20.000,20.005,0,178,178,8.897690,SUCCESS,sigmoid,
2026-06-06T01:12:59,92.0,35.3,sensor2_serial,2,1,5,1,120,216,20.000,20.005,0,156,156,7.797968,SUCCESS,sigmoid,
2026-06-06T01:13:19,92.0,35.3,sensor2_serial,2,1,5,1,120,215,20.000,20.005,0,167,167,8.347799,SUCCESS,sigmoid,
2026-06-06T01:13:39,92.0,35.3,sensor2_serial,2,1,5,1,120,214,20.000,20.005,0,178,178,8.897706,SUCCESS,sigmoid,
2026-06-06T01:13:59,92.0,35.3,sensor2_serial,2,1,5,1,120,213,20.000,20.006,0,186,186,9.297423,SUCCESS,sigmoid,
2026-06-06T01:14:19,92.0,35.3,sensor2_serial,2,1,5,1,120,212,20.000,20.005,0,175,175,8.747604,SUCCESS,sigmoid,
2026-06-06T01:14:39,92.0,35.3,sensor2_serial,2,1,5,1,120,211,20.000,20.005,0,179,179,8.947692,SUCCESS,sigmoid,
2026-06-06T01:14:59,92.0,35.3,sensor2_serial,2,1,5,1,120,210,20.000,20.005,0,176,176,8.797765,SUCCESS,sigmoid,
2026-06-06T01:15:19,92.0,35.3,sensor2_serial,2,1,5,1,120,209,20.000,20.005,0,173,173,8.647635,SUCCESS,sigmoid,
2026-06-06T01:15:39,92.0,35.3,sensor2_serial,2,1,5,1,120,208,20.000,20.006,0,164,164,8.197730,SUCCESS,sigmoid,
2026-06-06T01:15:59,92.0,35.3,sensor2_serial,2,1,5,1,120,207,20.000,20.005,0,176,176,8.797721,SUCCESS,sigmoid,
2026-06-06T01:16:19,92.0,35.3,sensor2_serial,2,1,5,1,120,206,20.000,20.006,0,160,160,7.997765,SUCCESS,sigmoid,
2026-06-06T01:16:39,92.0,35.3,sensor2_serial,2,1,5,1,120,205,20.000,20.005,0,141,141,7.048119,SUCCESS,sigmoid,
2026-06-06T01:16:59,92.0,35.3,sensor2_serial,2,1,5,1,120,204,20.000,20.005,0,165,165,8.248014,SUCCESS,sigmoid,
2026-06-06T01:17:19,92.0,35.3,sensor2_serial,2,1,5,1,120,203,20.000,20.005,0,167,167,8.347729,SUCCESS,sigmoid,
2026-06-06T01:17:39,92.0,35.3,sensor2_serial,2,1,5,1,120,202,20.000,20.005,0,175,175,8.747685,SUCCESS,sigmoid,
2026-06-06T01:17:59,92.0,35.3,sensor2_serial,2,1,5,1,120,201,20.000,20.005,0,183,183,9.147567,SUCCESS,sigmoid,
2026-06-06T01:18:20,92.0,35.3,sensor2_serial,2,1,5,1,120,200,20.000,20.005,0,153,153,7.648057,SUCCESS,sigmoid,
2026-06-06T01:18:40,92.0,35.3,sensor2_serial,2,1,5,1,120,199,20.000,20.005,0,146,146,7.298140,SUCCESS,sigmoid,
2026-06-06T01:19:00,92.0,35.3,sensor2_serial,2,1,5,1,120,198,20.000,20.005,0,164,164,8.197859,SUCCESS,sigmoid,
2026-06-06T01:19:20,92.0,35.3,sensor2_serial,2,1,5,1,120,197,20.000,20.006,0,177,177,8.847425,SUCCESS,sigmoid,
2026-06-06T01:19:40,92.0,35.3,sensor2_serial,2,1,5,1,120,196,20.000,20.005,0,161,161,8.047965,SUCCESS,sigmoid,
2026-06-06T01:20:00,92.0,35.3,sensor2_serial,2,1,5,1,120,195,20.000,20.006,0,181,181,9.047471,SUCCESS,sigmoid,
2026-06-06T01:20:20,92.0,35.3,sensor2_serial,2,1,5,1,120,194,20.000,20.005,0,158,158,7.897987,SUCCESS,sigmoid,
2026-06-06T01:20:40,92.0,35.3,sensor2_serial,2,1,5,1,120,193,20.000,20.005,0,166,166,8.297813,SUCCESS,sigmoid,
2026-06-06T01:21:00,92.0,35.3,sensor2_serial,2,1,5,1,120,192,20.000,20.005,0,177,177,8.847919,SUCCESS,sigmoid,
2026-06-06T01:21:20,92.0,35.3,sensor2_serial,2,1,5,1,120,191,20.000,20.005,0,161,161,8.047868,SUCCESS,sigmoid,
2026-06-06T01:21:40,92.0,35.3,sensor2_serial,2,1,5,1,120,190,20.000,20.005,0,188,188,9.397523,SUCCESS,sigmoid,
2026-06-06T01:22:00,92.0,35.3,sensor2_serial,2,1,5,1,120,189,20.000,20.006,0,175,175,8.747572,SUCCESS,sigmoid,
2026-06-06T01:22:20,92.0,35.3,sensor2_serial,2,1,5,1,120,188,20.000,20.006,0,177,177,8.847558,SUCCESS,sigmoid,
2026-06-06T01:22:40,92.0,35.3,sensor2_serial,2,1,5,1,120,187,20.000,20.005,0,171,171,8.547658,SUCCESS,sigmoid,
2026-06-06T01:23:00,92.0,35.3,sensor2_serial,2,1,5,1,120,186,20.000,20.005,0,151,151,7.548041,SUCCESS,sigmoid,
2026-06-06T01:23:20,92.0,35.3,sensor2_serial,2,1,5,1,120,185,20.000,20.006,0,164,164,8.197705,SUCCESS,sigmoid,
2026-06-06T01:23:40,92.0,35.3,sensor2_serial,2,1,5,1,120,184,20.000,20.005,0,157,157,7.847955,SUCCESS,sigmoid,
2026-06-06T01:24:01,92.0,35.3,sensor2_serial,2,1,5,1,120,183,20.000,20.005,0,174,174,8.697634,SUCCESS,sigmoid,
2026-06-06T01:24:21,92.0,35.3,sensor2_serial,2,1,5,1,120,182,20.000,20.005,0,148,148,7.398036,SUCCESS,sigmoid,
2026-06-06T01:24:41,92.0,35.3,sensor2_serial,2,1,5,1,120,181,20.000,20.004,0,155,155,7.748341,SUCCESS,sigmoid,
2026-06-06T01:25:01,92.0,35.3,sensor2_serial,2,1,5,1,120,180,20.000,20.005,0,161,161,8.047952,SUCCESS,sigmoid,
2026-06-06T01:25:21,92.0,35.3,sensor2_serial,2,1,5,1,120,179,20.000,20.005,0,179,179,8.947545,SUCCESS,sigmoid,
2026-06-06T01:25:41,92.0,35.3,sensor2_serial,2,1,5,1,120,178,20.000,20.005,0,157,157,7.847947,SUCCESS,sigmoid,
2026-06-06T01:26:01,92.0,35.3,sensor2_serial,2,1,5,1,120,177,20.000,20.005,0,157,157,7.847959,SUCCESS,sigmoid,
2026-06-06T01:26:21,92.0,35.3,sensor2_serial,2,1,5,1,120,176,20.000,20.005,0,148,148,7.398097,SUCCESS,sigmoid,
2026-06-06T01:26:41,92.0,35.3,sensor2_serial,2,1,5,1,120,175,20.000,20.005,0,152,152,7.598018,SUCCESS,sigmoid,
2026-06-06T01:27:01,92.0,35.3,sensor2_serial,2,1,5,1,120,174,20.000,20.006,0,143,143,7.148012,SUCCESS,sigmoid,
2026-06-06T01:27:21,92.0,35.3,sensor2_serial,2,1,5,1,120,173,20.000,20.006,0,150,150,7.497865,SUCCESS,sigmoid,
2026-06-06T01:27:41,92.0,35.3,sensor2_serial,2,1,5,1,120,172,20.000,20.005,0,152,152,7.598030,SUCCESS,sigmoid,
2026-06-06T01:28:01,92.0,35.3,sensor2_serial,2,1,5,1,120,171,20.000,20.006,0,181,181,9.047447,SUCCESS,sigmoid,
2026-06-06T01:28:21,92.0,35.3,sensor2_serial,2,1,5,1,120,170,20.000,20.005,0,135,135,6.748195,SUCCESS,sigmoid,
2026-06-06T01:28:41,92.0,35.3,sensor2_serial,2,1,5,1,120,169,20.000,20.005,0,134,134,6.698206,SUCCESS,sigmoid,
2026-06-06T01:29:01,92.0,35.3,sensor2_serial,2,1,5,1,120,168,20.000,20.005,0,145,145,7.248062,SUCCESS,sigmoid,
2026-06-06T01:29:21,92.0,35.3,sensor2_serial,2,1,5,1,120,167,20.000,20.005,0,131,131,6.548249,SUCCESS,sigmoid,
2026-06-06T01:29:42,92.0,35.3,sensor2_serial,2,1,5,1,120,166,20.000,20.005,0,141,141,7.048151,SUCCESS,sigmoid,
2026-06-06T01:30:02,92.0,35.3,sensor2_serial,2,1,5,1,120,165,20.000,20.006,0,152,152,7.597889,SUCCESS,sigmoid,
2026-06-06T01:30:22,92.0,35.3,sensor2_serial,2,1,5,1,120,164,20.000,20.005,0,159,159,7.947890,SUCCESS,sigmoid,
2026-06-06T01:30:42,92.0,35.3,sensor2_serial,2,1,5,1,120,163,20.000,20.005,0,142,142,7.098052,SUCCESS,sigmoid,
2026-06-06T01:31:02,92.0,35.3,sensor2_serial,2,1,5,1,120,162,20.000,20.005,0,130,130,6.498279,SUCCESS,sigmoid,
2026-06-06T01:31:22,92.0,35.3,sensor2_serial,2,1,5,1,120,161,20.000,20.005,0,142,142,7.098379,SUCCESS,sigmoid,
2026-06-06T01:31:42,92.0,35.3,sensor2_serial,2,1,5,1,120,160,20.000,20.006,0,124,124,6.198293,SUCCESS,sigmoid,
2026-06-06T01:32:02,92.0,35.3,sensor2_serial,2,1,5,1,120,159,20.000,20.005,0,129,129,6.448312,SUCCESS,sigmoid,
2026-06-06T01:32:22,92.0,35.3,sensor2_serial,2,1,5,1,120,158,20.000,20.005,0,143,143,7.148102,SUCCESS,sigmoid,
2026-06-06T01:32:42,92.0,35.3,sensor2_serial,2,1,5,1,120,157,20.000,20.005,0,134,134,6.698283,SUCCESS,sigmoid,
2026-06-06T01:33:02,92.0,35.3,sensor2_serial,2,1,5,1,120,156,20.000,20.005,0,104,104,5.198650,SUCCESS,sigmoid,
2026-06-06T01:33:22,92.0,35.3,sensor2_serial,2,1,5,1,120,155,20.000,20.005,0,124,124,6.198346,SUCCESS,sigmoid,
2026-06-06T01:33:42,92.0,35.3,sensor2_serial,2,1,5,1,120,154,20.000,20.005,0,129,129,6.448298,SUCCESS,sigmoid,
2026-06-06T01:34:02,92.0,35.3,sensor2_serial,2,1,5,1,120,153,20.000,20.005,0,141,141,7.048107,SUCCESS,sigmoid,
2026-06-06T01:34:22,92.0,35.3,sensor2_serial,2,1,5,1,120,152,20.000,20.006,0,107,107,5.348519,SUCCESS,sigmoid,
2026-06-06T01:34:42,92.0,35.3,sensor2_serial,2,1,5,1,120,151,20.000,20.005,0,130,130,6.498340,SUCCESS,sigmoid,
2026-06-06T01:35:03,92.0,35.3,sensor2_serial,2,1,5,1,120,150,20.000,20.005,0,110,110,5.498545,SUCCESS,sigmoid,
2026-06-06T01:35:23,92.0,35.3,sensor2_serial,2,1,5,1,120,149,20.000,20.005,0,110,110,5.498623,SUCCESS,sigmoid,
2026-06-06T01:35:43,92.0,35.3,sensor2_serial,2,1,5,1,120,148,20.000,20.006,0,107,107,5.348508,SUCCESS,sigmoid,
2026-06-06T01:36:03,92.0,35.3,sensor2_serial,2,1,5,1,120,147,20.000,20.005,0,108,108,5.398651,SUCCESS,sigmoid,
2026-06-06T01:36:23,92.0,35.3,sensor2_serial,2,1,5,1,120,146,20.000,20.005,0,107,107,5.348537,SUCCESS,sigmoid,
2026-06-06T01:36:43,92.0,35.3,sensor2_serial,2,1,5,1,120,145,20.000,20.005,0,95,95,4.748703,SUCCESS,sigmoid,
2026-06-06T01:37:03,92.0,35.3,sensor2_serial,2,1,5,1,120,144,20.000,20.005,0,93,93,4.648737,SUCCESS,sigmoid,
2026-06-06T01:37:23,92.0,35.3,sensor2_serial,2,1,5,1,120,143,20.000,20.006,0,111,111,5.548466,SUCCESS,sigmoid,
2026-06-06T01:37:43,92.0,35.3,sensor2_serial,2,1,5,1,120,142,20.000,20.005,0,85,85,4.248875,SUCCESS,sigmoid,
2026-06-06T01:38:03,92.0,35.3,sensor2_serial,2,1,5,1,120,141,20.000,20.005,0,94,94,4.698790,SUCCESS,sigmoid,
2026-06-06T01:38:23,92.0,35.3,sensor2_serial,2,1,5,1,120,140,20.000,20.005,0,78,78,3.898994,SUCCESS,sigmoid,
2026-06-06T01:38:43,92.0,35.3,sensor2_serial,2,1,5,1,120,139,20.000,20.005,0,85,85,4.248863,SUCCESS,sigmoid,
2026-06-06T01:39:03,92.0,35.3,sensor2_serial,2,1,5,1,120,138,20.000,20.005,0,83,83,4.148963,SUCCESS,sigmoid,
2026-06-06T01:39:23,92.0,35.3,sensor2_serial,2,1,5,1,120,137,20.000,20.005,0,63,63,3.149177,SUCCESS,sigmoid,
2026-06-06T01:39:43,92.0,35.3,sensor2_serial,2,1,5,1,120,136,20.000,20.005,0,78,78,3.898970,SUCCESS,sigmoid,
2026-06-06T01:40:03,92.0,35.3,sensor2_serial,2,1,5,1,120,135,20.000,20.006,0,61,61,3.049128,SUCCESS,sigmoid,
2026-06-06T01:40:23,92.0,35.3,sensor2_serial,2,1,5,1,120,134,20.000,20.005,0,66,66,3.299123,SUCCESS,sigmoid,
2026-06-06T01:40:44,92.0,35.3,sensor2_serial,2,1,5,1,120,133,20.000,20.005,0,56,56,2.799249,SUCCESS,sigmoid,
2026-06-06T01:41:04,92.0,35.3,sensor2_serial,2,1,5,1,120,132,20.000,20.006,0,60,60,2.999175,SUCCESS,sigmoid,
2026-06-06T01:41:24,92.0,35.3,sensor2_serial,2,1,5,1,120,131,20.000,20.005,0,45,45,2.249396,SUCCESS,sigmoid,
2026-06-06T01:41:44,92.0,35.3,sensor2_serial,2,1,5,1,120,130,20.000,20.005,0,35,35,1.749530,SUCCESS,sigmoid,
2026-06-06T01:42:04,92.0,35.3,sensor2_serial,2,1,5,1,120,129,20.000,20.005,0,33,33,1.649554,SUCCESS,sigmoid,
2026-06-06T01:42:24,92.0,35.3,sensor2_serial,2,1,5,1,120,128,20.000,20.005,0,31,31,1.549585,SUCCESS,sigmoid,
2026-06-06T01:42:44,92.0,35.3,sensor2_serial,2,1,5,1,120,127,20.000,20.005,0,51,51,2.549313,SUCCESS,sigmoid,
2026-06-06T01:43:04,92.0,35.3,sensor2_serial,2,1,5,1,120,126,20.000,20.005,0,27,27,1.349648,SUCCESS,sigmoid,
2026-06-06T01:43:24,92.0,35.3,sensor2_serial,2,1,5,1,120,125,20.000,20.005,0,50,50,2.499345,SUCCESS,sigmoid,
2026-06-06T01:43:44,92.0,35.3,sensor2_serial,2,1,5,1,120,124,20.000,20.006,0,38,38,1.899475,SUCCESS,sigmoid,
2026-06-06T01:44:04,92.0,35.3,sensor2_serial,2,1,5,1,120,123,20.000,20.005,0,33,33,1.649566,SUCCESS,sigmoid,
2026-06-06T01:44:24,92.0,35.3,sensor2_serial,2,1,5,1,120,122,20.000,20.005,0,23,23,1.149708,SUCCESS,sigmoid,
2026-06-06T01:44:44,92.0,35.3,sensor2_serial,2,1,5,1,120,121,20.000,20.005,0,31,31,1.549584,SUCCESS,sigmoid,
2026-06-06T01:45:04,92.0,35.3,sensor2_serial,2,1,5,1,120,120,20.000,20.005,0,27,27,1.349653,SUCCESS,sigmoid,
2026-06-06T01:45:24,92.0,35.3,sensor2_serial,2,1,5,1,120,119,20.000,20.006,0,15,15,0.749793,SUCCESS,sigmoid,
2026-06-06T01:45:44,92.0,35.3,sensor2_serial,2,1,5,1,120,118,20.000,20.005,0,19,19,0.949743,SUCCESS,sigmoid,
2026-06-06T01:46:04,92.0,35.3,sensor2_serial,2,1,5,1,120,117,20.000,20.005,0,15,15,0.749804,SUCCESS,sigmoid,
2026-06-06T01:46:25,92.0,35.3,sensor2_serial,2,1,5,1,120,116,20.000,20.005,0,17,17,0.849773,SUCCESS,sigmoid,
2026-06-06T01:46:45,92.0,35.3,sensor2_serial,2,1,5,1,120,115,20.000,20.005,0,10,10,0.499865,SUCCESS,sigmoid,
2026-06-06T01:47:05,92.0,35.3,sensor2_serial,2,1,5,1,120,114,20.000,20.005,0,8,8,0.399898,SUCCESS,sigmoid,
2026-06-06T01:47:25,92.0,35.3,sensor2_serial,2,1,5,1,120,113,20.000,20.005,0,8,8,0.399890,SUCCESS,sigmoid,
2026-06-06T01:47:45,92.0,35.3,sensor2_serial,2,1,5,1,120,112,20.000,20.005,0,5,5,0.249936,SUCCESS,sigmoid,
2026-06-06T01:48:05,92.0,35.3,sensor2_serial,2,1,5,1,120,111,20.000,20.005,0,8,8,0.399895,SUCCESS,sigmoid,
2026-06-06T01:48:25,92.0,35.3,sensor2_serial,2,1,5,1,120,110,20.000,20.006,0,3,3,0.149958,SUCCESS,sigmoid,
2026-06-06T01:48:45,92.0,35.3,sensor2_serial,2,1,5,1,120,109,20.000,20.005,0,2,2,0.099973,SUCCESS,sigmoid,
2026-06-06T01:49:05,92.0,35.3,sensor2_serial,2,1,5,1,120,108,20.000,20.005,0,4,4,0.199949,SUCCESS,sigmoid,
2026-06-06T01:49:25,92.0,35.3,sensor2_serial,2,1,5,1,120,107,20.000,20.006,0,4,4,0.199944,SUCCESS,sigmoid,
2026-06-06T01:49:45,92.0,35.3,sensor2_serial,2,1,5,1,120,106,20.000,20.006,0,2,2,0.099971,SUCCESS,sigmoid,
2026-06-06T01:50:05,92.0,35.3,sensor2_serial,2,1,5,1,120,105,20.000,20.006,0,0,0,0.000000,SUCCESS,sigmoid,
2026-06-06T01:50:25,92.0,35.3,sensor2_serial,2,1,5,1,120,104,20.000,20.006,0,1,1,0.049986,SUCCESS,sigmoid,
2026-06-06T01:50:45,92.0,35.3,sensor2_serial,2,1,5,1,120,103,20.000,20.004,0,1,1,0.049989,SUCCESS,sigmoid,
2026-06-06T01:51:05,92.0,35.3,sensor2_serial,2,1,5,1,120,102,20.000,20.005,0,1,1,0.049986,SUCCESS,sigmoid,
2026-06-06T01:51:25,92.0,35.3,sensor2_serial,2,1,5,1,120,101,20.000,20.005,0,0,0,0.000000,SUCCESS,sigmoid,
2026-06-06T01:51:45,92.0,35.3,sensor2_serial,2,1,5,1,120,100,20.000,20.005,0,0,0,0.000000,SUCCESS,sigmoid,
2026-06-06T01:52:06,92.0,35.3,sensor2_serial,2,1,5,1,120,99,20.000,20.005,0,0,0,0.000000,SUCCESS,sigmoid,
2026-06-06T01:52:26,92.0,35.3,sensor2_serial,2,1,5,1,120,98,20.000,20.005,0,0,0,0.000000,SUCCESS,sigmoid,
2026-06-06T01:52:46,92.0,35.3,sensor2_serial,2,1,5,1,120,97,20.000,20.005,0,0,0,0.000000,SUCCESS,sigmoid,
2026-06-06T01:53:06,92.0,35.3,sensor2_serial,2,1,5,1,120,96,20.000,20.005,0,0,0,0.000000,SUCCESS,sigmoid,
2026-06-06T01:53:26,92.0,35.3,sensor2_serial,2,1,5,1,120,95,20.000,20.005,0,0,0,0.000000,SUCCESS,sigmoid,
2026-06-06T01:53:46,92.0,35.3,sensor2_serial,2,1,5,1,120,94,20.000,20.005,0,0,0,0.000000,SUCCESS,sigmoid,
2026-06-06T01:54:06,92.0,35.3,sensor2_serial,2,1,5,1,120,93,20.000,20.006,0,0,0,0.000000,SUCCESS,sigmoid,
2026-06-06T01:54:26,92.0,35.3,sensor2_serial,2,1,5,1,120,92,20.000,20.006,0,0,0,0.000000,SUCCESS,sigmoid,
2026-06-06T01:54:46,92.0,35.3,sensor2_serial,2,1,5,1,120,91,20.000,20.006,0,0,0,0.000000,SUCCESS,sigmoid,
2026-06-06T01:55:06,92.0,35.3,sensor2_serial,2,1,5,1,120,90,20.000,20.005,0,0,0,0.000000,SUCCESS,sigmoid,
2026-06-06T01:55:26,92.0,35.3,sensor2_serial,2,1,5,1,120,89,20.000,20.004,0,0,0,0.000000,SUCCESS,sigmoid,
2026-06-06T01:55:46,92.0,35.3,sensor2_serial,2,1,5,1,120,88,20.000,20.005,0,0,0,0.000000,SUCCESS,sigmoid,
2026-06-06T01:56:06,92.0,35.3,sensor2_serial,2,1,5,1,120,87,20.000,20.005,0,0,0,0.000000,SUCCESS,sigmoid,
2026-06-06T01:56:26,92.0,35.3,sensor2_serial,2,1,5,1,120,86,20.000,20.006,0,0,0,0.000000,SUCCESS,sigmoid,
2026-06-06T01:56:46,92.0,35.3,sensor2_serial,2,1,5,1,120,85,20.000,20.005,0,0,0,0.000000,SUCCESS,sigmoid,
2026-06-06T01:57:06,92.0,35.3,sensor2_serial,2,1,5,1,120,84,20.000,20.005,0,0,0,0.000000,SUCCESS,sigmoid,
2026-06-06T01:57:27,92.0,35.3,sensor2_serial,2,1,5,1,120,83,20.000,20.004,0,0,0,0.000000,SUCCESS,sigmoid,
2026-06-06T01:57:47,92.0,35.3,sensor2_serial,2,1,5,1,120,82,20.000,20.006,0,0,0,0.000000,SUCCESS,sigmoid,
2026-06-06T01:58:07,92.0,35.3,sensor2_serial,2,1,5,1,120,81,20.000,20.006,0,0,0,0.000000,SUCCESS,sigmoid,
2026-06-06T01:58:27,92.0,35.3,sensor2_serial,2,1,5,1,120,80,20.000,20.005,0,0,0,0.000000,SUCCESS,sigmoid,
2026-06-06T01:58:47,92.0,35.3,sensor2_serial,2,1,5,1,120,79,20.000,20.005,0,0,0,0.000000,SUCCESS,sigmoid,
2026-06-06T01:59:07,92.0,35.3,sensor2_serial,2,1,5,1,120,78,20.000,20.006,0,0,0,0.000000,SUCCESS,sigmoid,
2026-06-06T01:59:27,92.0,35.3,sensor2_serial,2,1,5,1,120,77,20.000,20.005,0,0,0,0.000000,SUCCESS,sigmoid,
2026-06-06T01:59:47,92.0,35.3,sensor2_serial,2,1,5,1,120,76,20.000,20.005,0,0,0,0.000000,SUCCESS,sigmoid,
2026-06-06T02:00:07,92.0,35.3,sensor2_serial,2,1,5,1,120,75,20.000,20.005,0,0,0,0.000000,SUCCESS,sigmoid,
2026-06-06T02:00:27,92.0,35.3,sensor2_serial,2,1,5,1,120,74,20.000,20.004,0,0,0,0.000000,SUCCESS,sigmoid,
2026-06-06T02:00:47,92.0,35.3,sensor2_serial,2,1,5,1,120,73,20.000,20.005,0,0,0,0.000000,SUCCESS,sigmoid,
2026-06-06T02:01:07,92.0,35.3,sensor2_serial,2,1,5,1,120,72,20.000,20.005,0,0,0,0.000000,SUCCESS,sigmoid,
2026-06-06T02:01:27,92.0,35.3,sensor2_serial,2,1,5,1,120,71,20.000,20.005,0,0,0,0.000000,SUCCESS,sigmoid,
2026-06-06T02:01:47,92.0,35.3,sensor2_serial,2,1,5,1,120,70,20.000,20.005,0,0,0,0.000000,SUCCESS,sigmoid,
2026-06-06T02:02:07,92.0,35.3,sensor2_serial,2,1,5,1,120,69,20.000,20.006,0,0,0,0.000000,SUCCESS,sigmoid,
2026-06-06T02:02:27,92.0,35.3,sensor2_serial,2,1,5,1,120,68,20.000,20.006,0,0,0,0.000000,SUCCESS,sigmoid,
2026-06-06T02:02:47,92.0,35.3,sensor2_serial,2,1,5,1,120,67,20.000,20.006,0,0,0,0.000000,SUCCESS,sigmoid,
2026-06-06T02:03:08,92.0,35.3,sensor2_serial,2,1,5,1,120,66,20.000,20.005,0,0,0,0.000000,SUCCESS,sigmoid,
2026-06-06T02:03:28,92.0,35.3,sensor2_serial,2,1,5,1,120,65,20.000,20.005,0,0,0,0.000000,SUCCESS,sigmoid,
2026-06-06T02:03:48,92.0,35.3,sensor2_serial,2,1,5,1,120,64,20.000,20.005,0,0,0,0.000000,SUCCESS,sigmoid,
2026-06-06T02:04:08,92.0,35.3,sensor2_serial,2,1,5,1,120,63,20.000,20.005,0,0,0,0.000000,SUCCESS,sigmoid,
2026-06-06T02:04:28,92.0,35.3,sensor2_serial,2,1,5,1,120,62,20.000,20.005,0,0,0,0.000000,SUCCESS,sigmoid,
2026-06-06T02:04:48,92.0,35.3,sensor2_serial,2,1,5,1,120,61,20.000,20.005,0,0,0,0.000000,SUCCESS,sigmoid,
2026-06-06T02:05:08,92.0,35.3,sensor2_serial,2,1,5,1,120,60,20.000,20.006,0,0,0,0.000000,SUCCESS,sigmoid,
2026-06-06T02:05:28,92.0,35.3,sensor2_serial,2,1,5,1,120,59,20.000,20.005,0,0,0,0.000000,SUCCESS,sigmoid,
2026-06-06T02:05:48,92.0,35.3,sensor2_serial,2,1,5,1,120,58,20.000,20.005,0,0,0,0.000000,SUCCESS,sigmoid,
2026-06-06T02:06:08,92.0,35.3,sensor2_serial,2,1,5,1,120,57,20.000,20.005,0,0,0,0.000000,SUCCESS,sigmoid,
2026-06-06T02:06:28,92.0,35.3,sensor2_serial,2,1,5,1,120,56,20.000,20.005,0,0,0,0.000000,SUCCESS,sigmoid,
2026-06-06T02:06:48,92.0,35.3,sensor2_serial,2,1,5,1,120,55,20.000,20.005,0,0,0,0.000000,SUCCESS,sigmoid,
2026-06-06T02:07:08,92.0,35.3,sensor2_serial,2,1,5,1,120,54,20.000,20.005,0,0,0,0.000000,SUCCESS,sigmoid,
2026-06-06T02:07:28,92.0,35.3,sensor2_serial,2,1,5,1,120,53,20.000,20.005,0,0,0,0.000000,SUCCESS,sigmoid,
2026-06-06T02:07:48,92.0,35.3,sensor2_serial,2,1,5,1,120,52,20.000,20.005,0,0,0,0.000000,SUCCESS,sigmoid,
2026-06-06T02:08:08,92.0,35.3,sensor2_serial,2,1,5,1,120,51,20.000,20.005,0,0,0,0.000000,SUCCESS,sigmoid,
2026-06-06T02:08:28,92.0,35.3,sensor2_serial,2,1,5,1,120,50,20.000,20.005,0,0,0,0.000000,SUCCESS,sigmoid,
2026-06-06T02:08:49,92.0,35.3,sensor2_serial,2,1,5,1,120,49,20.000,20.005,0,0,0,0.000000,SUCCESS,sigmoid,
2026-06-06T02:09:09,92.0,35.3,sensor2_serial,2,1,5,1,120,48,20.000,20.005,0,0,0,0.000000,SUCCESS,sigmoid,
2026-06-06T02:09:29,92.0,35.3,sensor2_serial,2,1,5,1,120,47,20.000,20.005,0,0,0,0.000000,SUCCESS,sigmoid,
2026-06-06T02:09:49,92.0,35.3,sensor2_serial,2,1,5,1,120,46,20.000,20.005,0,0,0,0.000000,SUCCESS,sigmoid,
2026-06-06T02:10:09,92.0,35.3,sensor2_serial,2,1,5,1,120,45,20.000,20.005,0,0,0,0.000000,SUCCESS,sigmoid,
2026-06-06T02:10:29,92.0,35.3,sensor2_serial,2,1,5,1,120,44,20.000,20.005,0,0,0,0.000000,SUCCESS,sigmoid,
2026-06-06T02:10:49,92.0,35.3,sensor2_serial,2,1,5,1,120,43,20.000,20.005,0,0,0,0.000000,SUCCESS,sigmoid,
2026-06-06T02:11:09,92.0,35.3,sensor2_serial,2,1,5,1,120,42,20.000,20.006,0,0,0,0.000000,SUCCESS,sigmoid,
2026-06-06T02:11:29,92.0,35.3,sensor2_serial,2,1,5,1,120,41,20.000,20.006,0,0,0,0.000000,SUCCESS,sigmoid,
2026-06-06T02:11:49,92.0,35.3,sensor2_serial,2,1,5,1,120,40,20.000,20.005,0,0,0,0.000000,SUCCESS,sigmoid,
2026-06-06T02:12:09,92.0,35.3,sensor2_serial,2,1,5,1,120,39,20.000,20.006,0,0,0,0.000000,SUCCESS,sigmoid,
2026-06-06T02:12:29,92.0,35.3,sensor2_serial,2,1,5,1,120,38,20.000,20.005,0,0,0,0.000000,SUCCESS,sigmoid,
2026-06-06T02:12:49,92.0,35.3,sensor2_serial,2,1,5,1,120,37,20.000,20.006,0,0,0,0.000000,SUCCESS,sigmoid,
2026-06-06T02:13:09,92.0,35.3,sensor2_serial,2,1,5,1,120,36,20.000,20.006,0,0,0,0.000000,SUCCESS,sigmoid,
2026-06-06T02:13:29,92.0,35.3,sensor2_serial,2,1,5,1,120,35,20.000,20.005,0,0,0,0.000000,SUCCESS,sigmoid,
2026-06-06T02:13:49,92.0,35.3,sensor2_serial,2,1,5,1,120,34,20.000,20.006,0,0,0,0.000000,SUCCESS,sigmoid,
2026-06-06T02:14:09,92.0,35.3,sensor2_serial,2,1,5,1,120,33,20.000,20.005,0,0,0,0.000000,SUCCESS,sigmoid,
2026-06-06T02:14:30,92.0,35.3,sensor2_serial,2,1,5,1,120,32,20.000,20.004,0,0,0,0.000000,SUCCESS,sigmoid,
2026-06-06T02:14:50,92.0,35.3,sensor2_serial,2,1,5,1,120,31,20.000,20.005,0,0,0,0.000000,SUCCESS,sigmoid,
2026-06-06T02:15:10,92.0,35.3,sensor2_serial,2,1,5,1,120,30,20.000,20.005,0,0,0,0.000000,SUCCESS,sigmoid,
2026-06-06T02:15:30,92.0,35.3,sensor2_serial,2,1,5,1,120,29,20.000,20.004,0,0,0,0.000000,SUCCESS,sigmoid,
2026-06-06T02:15:50,92.0,35.3,sensor2_serial,2,1,5,1,120,28,20.000,20.006,0,0,0,0.000000,SUCCESS,sigmoid,
2026-06-06T02:16:10,92.0,35.3,sensor2_serial,2,1,5,1,120,27,20.000,20.006,0,0,0,0.000000,SUCCESS,sigmoid,
2026-06-06T02:16:30,92.0,35.3,sensor2_serial,2,1,5,1,120,26,20.000,20.005,0,0,0,0.000000,SUCCESS,sigmoid,
2026-06-06T02:16:50,92.0,35.3,sensor2_serial,2,1,5,1,120,25,20.000,20.006,0,0,0,0.000000,SUCCESS,sigmoid,
2026-06-06T02:17:10,92.0,35.3,sensor2_serial,2,1,5,1,120,24,20.000,20.005,0,0,0,0.000000,SUCCESS,sigmoid,
2026-06-06T02:17:30,92.0,35.3,sensor2_serial,2,1,5,1,120,23,20.000,20.005,0,0,0,0.000000,SUCCESS,sigmoid,
2026-06-06T02:17:50,92.0,35.3,sensor2_serial,2,1,5,1,120,22,20.000,20.005,0,0,0,0.000000,SUCCESS,sigmoid,
2026-06-06T02:18:10,92.0,35.3,sensor2_serial,2,1,5,1,120,21,20.000,20.005,0,0,0,0.000000,SUCCESS,sigmoid,
2026-06-06T02:18:30,92.0,35.3,sensor2_serial,2,1,5,1,120,20,20.000,20.005,0,0,0,0.000000,SUCCESS,sigmoid,
2026-06-06T02:18:50,92.0,35.3,sensor2_serial,2,1,5,1,120,19,20.000,20.005,0,0,0,0.000000,SUCCESS,sigmoid,
2026-06-06T02:19:10,92.0,35.3,sensor2_serial,2,1,5,1,120,18,20.000,20.005,0,0,0,0.000000,SUCCESS,sigmoid,
2026-06-06T02:19:30,92.0,35.3,sensor2_serial,2,1,5,1,120,17,20.000,20.005,0,0,0,0.000000,SUCCESS,sigmoid,
2026-06-06T02:19:50,92.0,35.3,sensor2_serial,2,1,5,1,120,16,20.000,20.004,0,0,0,0.000000,SUCCESS,sigmoid,
2026-06-06T02:20:11,92.0,35.3,sensor2_serial,2,1,5,1,120,15,20.000,20.005,0,0,0,0.000000,SUCCESS,sigmoid,
2026-06-06T02:20:31,92.0,35.3,sensor2_serial,2,1,5,1,120,14,20.000,20.006,0,0,0,0.000000,SUCCESS,sigmoid,
2026-06-06T02:20:51,92.0,35.3,sensor2_serial,2,1,5,1,120,13,20.000,20.005,0,0,0,0.000000,SUCCESS,sigmoid,
2026-06-06T02:21:11,92.0,35.3,sensor2_serial,2,1,5,1,120,12,20.000,20.005,0,0,0,0.000000,SUCCESS,sigmoid,
2026-06-06T02:21:31,92.0,35.3,sensor2_serial,2,1,5,1,120,11,20.000,20.005,0,0,0,0.000000,SUCCESS,sigmoid,
2026-06-06T02:21:51,92.0,35.3,sensor2_serial,2,1,5,1,120,10,20.000,20.006,0,0,0,0.000000,SUCCESS,sigmoid,
2026-06-06T02:22:11,92.0,35.3,sensor2_serial,2,1,5,1,120,9,20.000,20.006,0,0,0,0.000000,SUCCESS,sigmoid,
2026-06-06T02:22:31,92.0,35.3,sensor2_serial,2,1,5,1,120,8,20.000,20.006,0,0,0,0.000000,SUCCESS,sigmoid,
2026-06-06T02:22:51,92.0,35.3,sensor2_serial,2,1,5,1,120,7,20.000,20.004,0,0,0,0.000000,SUCCESS,sigmoid,
2026-06-06T02:23:11,92.0,35.3,sensor2_serial,2,1,5,1,120,6,20.000,20.006,0,0,0,0.000000,SUCCESS,sigmoid,
2026-06-06T02:23:31,92.0,35.3,sensor2_serial,2,1,5,1,120,5,20.000,20.005,0,0,0,0.000000,SUCCESS,sigmoid,
2026-06-06T02:23:51,92.0,35.3,sensor2_serial,2,1,5,1,120,4,20.000,20.005,0,0,0,0.000000,SUCCESS,sigmoid,
2026-06-06T02:24:11,92.0,35.3,sensor2_serial,2,1,5,1,120,3,20.000,20.005,0,0,0,0.000000,SUCCESS,sigmoid,
2026-06-06T02:24:31,92.0,35.3,sensor2_serial,2,1,5,1,120,2,20.000,20.006,0,0,0,0.000000,SUCCESS,sigmoid,
2026-06-06T02:24:51,92.0,35.3,sensor2_serial,2,1,5,1,120,1,20.000,20.005,0,0,0,0.000000,SUCCESS,sigmoid,
2026-06-06T02:25:11,92.0,35.3,sensor2_serial,2,1,5,1,120,0,20.000,20.005,0,0,0,0.000000,SUCCESS,sigmoid,
2026-06-06T02:25:32,92.0,35.3,sensor2_serial,2,2,6,2,120,255,20.000,20.005,0,1470844,1470844,73521.982920,SUCCESS,sigmoid,
2026-06-06T02:25:52,92.0,35.3,sensor2_serial,2,2,6,2,120,254,20.000,20.005,0,1680057,1680057,83980.356749,SUCCESS,sigmoid,
2026-06-06T02:26:12,92.0,35.3,sensor2_serial,2,2,6,2,120,253,20.000,20.005,0,1784258,1784258,89189.840760,SUCCESS,sigmoid,
2026-06-06T02:26:32,92.0,35.3,sensor2_serial,2,2,6,2,120,252,20.000,20.005,0,1742293,1742293,87090.847101,SUCCESS,sigmoid,
2026-06-06T02:26:52,92.0,35.3,sensor2_serial,2,2,6,2,120,251,20.000,20.005,0,1789238,1789238,89438.265828,SUCCESS,sigmoid,
2026-06-06T02:27:12,92.0,35.3,sensor2_serial,2,2,6,2,120,250,20.000,20.005,0,1857905,1857905,92870.732044,SUCCESS,sigmoid,
2026-06-06T02:27:32,92.0,35.3,sensor2_serial,2,2,6,2,120,249,20.000,20.006,0,2072878,2072878,103614.652104,SUCCESS,sigmoid,
2026-06-06T02:27:52,92.0,35.3,sensor2_serial,2,2,6,2,120,248,20.000,20.005,0,2334775,2334775,116708.162935,SUCCESS,sigmoid,
2026-06-06T02:28:12,92.0,35.3,sensor2_serial,2,2,6,2,120,247,20.000,20.005,0,2783721,2783721,139148.409003,SUCCESS,sigmoid,
2026-06-06T02:28:32,92.0,35.3,sensor2_serial,2,2,6,2,120,246,20.000,20.004,0,3064397,3064397,153185.772836,SUCCESS,sigmoid,
2026-06-06T02:28:52,92.0,35.3,sensor2_serial,2,2,6,2,120,245,20.000,20.005,0,3338386,3338386,166875.382013,SUCCESS,sigmoid,
2026-06-06T02:29:12,92.0,35.3,sensor2_serial,2,2,6,2,120,244,20.000,20.006,0,3293914,3293914,164650.045702,SUCCESS,sigmoid,
2026-06-06T02:29:32,92.0,35.3,sensor2_serial,2,2,6,2,120,243,20.000,20.005,0,2548218,2548218,127376.739451,SUCCESS,sigmoid,
2026-06-06T02:29:52,92.0,35.3,sensor2_serial,2,2,6,2,120,242,20.000,20.006,0,1970014,1970014,98473.169893,SUCCESS,sigmoid,
2026-06-06T02:30:12,92.0,35.3,sensor2_serial,2,2,6,2,120,241,20.000,20.006,0,1218793,1218793,60922.888705,SUCCESS,sigmoid,
2026-06-06T02:30:32,92.0,35.3,sensor2_serial,2,2,6,2,120,240,20.000,20.006,0,868272,868272,43401.652476,SUCCESS,sigmoid,
2026-06-06T02:30:52,92.0,35.3,sensor2_serial,2,2,6,2,120,239,20.000,20.005,0,694764,694764,34730.297650,SUCCESS,sigmoid,
2026-06-06T02:31:13,92.0,35.3,sensor2_serial,2,2,6,2,120,238,20.000,20.004,0,388330,388330,19412.419244,SUCCESS,sigmoid,
2026-06-06T02:31:33,92.0,35.3,sensor2_serial,2,2,6,2,120,237,20.000,20.005,0,186246,186246,9309.897337,SUCCESS,sigmoid,
2026-06-06T02:31:53,92.0,35.3,sensor2_serial,2,2,6,2,120,236,20.000,20.006,0,90353,90353,4516.222874,SUCCESS,sigmoid,
2026-06-06T02:32:13,92.0,35.3,sensor2_serial,2,2,6,2,120,235,20.000,20.005,0,23919,23919,1195.622453,SUCCESS,sigmoid,
2026-06-06T02:32:33,92.0,35.3,sensor2_serial,2,2,6,2,120,234,20.000,20.005,0,15914,15914,795.495726,SUCCESS,sigmoid,
2026-06-06T02:32:53,92.0,35.3,sensor2_serial,2,2,6,2,120,233,20.000,20.005,0,6337,6337,316.763606,SUCCESS,sigmoid,
2026-06-06T02:33:13,92.0,35.3,sensor2_serial,2,2,6,2,120,232,20.000,20.005,0,2594,2594,129.664731,SUCCESS,sigmoid,
2026-06-06T02:33:33,92.0,35.3,sensor2_serial,2,2,6,2,120,231,20.000,20.005,0,846,846,42.289085,SUCCESS,sigmoid,
2026-06-06T02:33:53,92.0,35.3,sensor2_serial,2,2,6,2,120,230,20.000,20.006,0,386,386,19.294593,SUCCESS,sigmoid,
2026-06-06T02:34:13,92.0,35.3,sensor2_serial,2,2,6,2,120,229,20.000,20.005,0,269,269,13.446376,SUCCESS,sigmoid,
2026-06-06T02:34:33,92.0,35.3,sensor2_serial,2,2,6,2,120,228,20.000,20.005,0,218,218,10.897065,SUCCESS,sigmoid,
2026-06-06T02:34:53,92.0,35.3,sensor2_serial,2,2,6,2,120,227,20.000,20.006,0,190,190,9.497298,SUCCESS,sigmoid,
2026-06-06T02:35:13,92.0,35.3,sensor2_serial,2,2,6,2,120,226,20.000,20.005,0,185,185,9.247494,SUCCESS,sigmoid,
2026-06-06T02:35:33,92.0,35.3,sensor2_serial,2,2,6,2,120,225,20.000,20.005,0,196,196,9.797354,SUCCESS,sigmoid,
2026-06-06T02:35:53,92.0,35.3,sensor2_serial,2,2,6,2,120,224,20.000,20.005,0,166,166,8.297778,SUCCESS,sigmoid,
2026-06-06T02:36:13,92.0,35.3,sensor2_serial,2,2,6,2,120,223,20.000,20.005,0,173,173,8.647742,SUCCESS,sigmoid,
2026-06-06T02:36:33,92.0,35.3,sensor2_serial,2,2,6,2,120,222,20.000,20.005,0,175,175,8.747702,SUCCESS,sigmoid,
2026-06-06T02:36:54,92.0,35.3,sensor2_serial,2,2,6,2,120,221,20.000,20.005,0,184,184,9.197649,SUCCESS,sigmoid,
2026-06-06T02:37:14,92.0,35.3,sensor2_serial,2,2,6,2,120,220,20.000,20.005,0,175,175,8.747638,SUCCESS,sigmoid,
2026-06-06T02:37:34,92.0,35.3,sensor2_serial,2,2,6,2,120,219,20.000,20.005,0,170,170,8.497823,SUCCESS,sigmoid,
2026-06-06T02:37:54,92.0,35.3,sensor2_serial,2,2,6,2,120,218,20.000,20.005,0,150,150,7.497963,SUCCESS,sigmoid,
2026-06-06T02:38:14,92.0,35.3,sensor2_serial,2,2,6,2,120,217,20.000,20.005,0,187,187,9.347438,SUCCESS,sigmoid,
2026-06-06T02:38:34,92.0,35.3,sensor2_serial,2,2,6,2,120,216,20.000,20.005,0,200,200,9.997280,SUCCESS,sigmoid,
2026-06-06T02:38:54,92.0,35.3,sensor2_serial,2,2,6,2,120,215,20.000,20.006,0,149,149,7.447877,SUCCESS,sigmoid,
2026-06-06T02:39:14,92.0,35.3,sensor2_serial,2,2,6,2,120,214,20.000,20.005,0,186,186,9.297647,SUCCESS,sigmoid,
2026-06-06T02:39:34,92.0,35.3,sensor2_serial,2,2,6,2,120,213,20.000,20.005,0,170,170,8.497724,SUCCESS,sigmoid,
2026-06-06T02:39:54,92.0,35.3,sensor2_serial,2,2,6,2,120,212,20.000,20.005,0,168,168,8.397711,SUCCESS,sigmoid,
2026-06-06T02:40:14,92.0,35.3,sensor2_serial,2,2,6,2,120,211,20.000,20.006,0,180,180,8.997405,SUCCESS,sigmoid,
2026-06-06T02:40:34,92.0,35.3,sensor2_serial,2,2,6,2,120,210,20.000,20.005,0,148,148,7.398001,SUCCESS,sigmoid,
2026-06-06T02:40:54,92.0,35.3,sensor2_serial,2,2,6,2,120,209,20.000,20.006,0,147,147,7.347745,SUCCESS,sigmoid,
2026-06-06T02:41:14,92.0,35.3,sensor2_serial,2,2,6,2,120,208,20.000,20.005,0,164,164,8.197940,SUCCESS,sigmoid,
2026-06-06T02:41:34,92.0,35.3,sensor2_serial,2,2,6,2,120,207,20.000,20.005,0,161,161,8.047884,SUCCESS,sigmoid,
2026-06-06T02:41:54,92.0,35.3,sensor2_serial,2,2,6,2,120,206,20.000,20.005,0,178,178,8.897610,SUCCESS,sigmoid,
2026-06-06T02:42:14,92.0,35.3,sensor2_serial,2,2,6,2,120,205,20.000,20.005,0,154,154,7.697914,SUCCESS,sigmoid,
2026-06-06T02:42:35,92.0,35.3,sensor2_serial,2,2,6,2,120,204,20.000,20.005,0,175,175,8.747744,SUCCESS,sigmoid,
2026-06-06T02:42:55,92.0,35.3,sensor2_serial,2,2,6,2,120,203,20.000,20.005,0,173,173,8.647764,SUCCESS,sigmoid,
2026-06-06T02:43:15,92.0,35.3,sensor2_serial,2,2,6,2,120,202,20.000,20.005,0,181,181,9.047622,SUCCESS,sigmoid,
2026-06-06T02:43:35,92.0,35.3,sensor2_serial,2,2,6,2,120,201,20.000,20.005,0,158,158,7.897899,SUCCESS,sigmoid,
2026-06-06T02:43:55,92.0,35.3,sensor2_serial,2,2,6,2,120,200,20.000,20.006,0,163,163,8.147735,SUCCESS,sigmoid,
2026-06-06T02:44:15,92.0,35.3,sensor2_serial,2,2,6,2,120,199,20.000,20.005,0,167,167,8.347875,SUCCESS,sigmoid,
2026-06-06T02:44:35,92.0,35.3,sensor2_serial,2,2,6,2,120,198,20.000,20.005,0,165,165,8.247773,SUCCESS,sigmoid,
2026-06-06T02:44:55,92.0,35.3,sensor2_serial,2,2,6,2,120,197,20.000,20.005,0,169,169,8.447739,SUCCESS,sigmoid,
2026-06-06T02:45:15,92.0,35.3,sensor2_serial,2,2,6,2,120,196,20.000,20.005,0,142,142,7.098175,SUCCESS,sigmoid,
2026-06-06T02:45:35,92.0,35.3,sensor2_serial,2,2,6,2,120,195,20.000,20.006,0,159,159,7.947787,SUCCESS,sigmoid,
2026-06-06T02:45:55,92.0,35.3,sensor2_serial,2,2,6,2,120,194,20.000,20.006,0,159,159,7.947623,SUCCESS,sigmoid,
2026-06-06T02:46:15,92.0,35.3,sensor2_serial,2,2,6,2,120,193,20.000,20.006,0,164,164,8.197610,SUCCESS,sigmoid,
2026-06-06T02:46:35,92.0,35.3,sensor2_serial,2,2,6,2,120,192,20.000,20.006,0,142,142,7.097988,SUCCESS,sigmoid,
2026-06-06T02:46:55,92.0,35.3,sensor2_serial,2,2,6,2,120,191,20.000,20.006,0,170,170,8.497662,SUCCESS,sigmoid,
2026-06-06T02:47:15,92.0,35.3,sensor2_serial,2,2,6,2,120,190,20.000,20.006,0,167,167,8.347688,SUCCESS,sigmoid,
2026-06-06T02:47:35,92.0,35.3,sensor2_serial,2,2,6,2,120,189,20.000,20.005,0,147,147,7.348022,SUCCESS,sigmoid,
2026-06-06T02:47:56,92.0,35.3,sensor2_serial,2,2,6,2,120,188,20.000,20.005,0,133,133,6.648186,SUCCESS,sigmoid,
2026-06-06T02:48:16,92.0,35.3,sensor2_serial,2,2,6,2,120,187,20.000,20.005,0,175,175,8.747744,SUCCESS,sigmoid,
2026-06-06T02:48:36,92.0,35.3,sensor2_serial,2,2,6,2,120,186,20.000,20.006,0,170,170,8.497636,SUCCESS,sigmoid,
2026-06-06T02:48:56,92.0,35.3,sensor2_serial,2,2,6,2,120,185,20.000,20.005,0,167,167,8.347924,SUCCESS,sigmoid,
2026-06-06T02:49:16,92.0,35.3,sensor2_serial,2,2,6,2,120,184,20.000,20.005,0,165,165,8.247796,SUCCESS,sigmoid,
2026-06-06T02:49:36,92.0,35.3,sensor2_serial,2,2,6,2,120,183,20.000,20.005,0,147,147,7.348013,SUCCESS,sigmoid,
2026-06-06T02:49:56,92.0,35.3,sensor2_serial,2,2,6,2,120,182,20.000,20.005,0,180,180,8.997639,SUCCESS,sigmoid,
2026-06-06T02:50:16,92.0,35.3,sensor2_serial,2,2,6,2,120,181,20.000,20.006,0,139,139,6.948013,SUCCESS,sigmoid,
2026-06-06T02:50:36,92.0,35.3,sensor2_serial,2,2,6,2,120,180,20.000,20.005,0,161,161,8.047881,SUCCESS,sigmoid,
2026-06-06T02:50:56,92.0,35.3,sensor2_serial,2,2,6,2,120,179,20.000,20.006,0,169,169,8.447671,SUCCESS,sigmoid,
2026-06-06T02:51:16,92.0,35.3,sensor2_serial,2,2,6,2,120,178,20.000,20.005,0,171,171,8.547897,SUCCESS,sigmoid,
2026-06-06T02:51:36,92.0,35.3,sensor2_serial,2,2,6,2,120,177,20.000,20.005,0,161,161,8.047900,SUCCESS,sigmoid,
2026-06-06T02:51:56,92.0,35.3,sensor2_serial,2,2,6,2,120,176,20.000,20.005,0,154,154,7.697916,SUCCESS,sigmoid,
2026-06-06T02:52:16,92.0,35.3,sensor2_serial,2,2,6,2,120,175,20.000,20.005,0,158,158,7.897894,SUCCESS,sigmoid,
2026-06-06T02:52:36,92.0,35.3,sensor2_serial,2,2,6,2,120,174,20.000,20.005,0,167,167,8.347728,SUCCESS,sigmoid,
2026-06-06T02:52:56,92.0,35.3,sensor2_serial,2,2,6,2,120,173,20.000,20.005,0,135,135,6.748155,SUCCESS,sigmoid,
2026-06-06T02:53:16,92.0,35.3,sensor2_serial,2,2,6,2,120,172,20.000,20.005,0,146,146,7.298041,SUCCESS,sigmoid,
2026-06-06T02:53:37,92.0,35.3,sensor2_serial,2,2,6,2,120,171,20.000,20.005,0,149,149,7.448045,SUCCESS,sigmoid,
2026-06-06T02:53:57,92.0,35.3,sensor2_serial,2,2,6,2,120,170,20.000,20.006,0,149,149,7.447865,SUCCESS,sigmoid,
2026-06-06T02:54:17,92.0,35.3,sensor2_serial,2,2,6,2,120,169,20.000,20.005,0,145,145,7.248091,SUCCESS,sigmoid,
2026-06-06T02:54:37,92.0,35.3,sensor2_serial,2,2,6,2,120,168,20.000,20.005,0,137,137,6.848240,SUCCESS,sigmoid,
2026-06-06T02:54:57,92.0,35.3,sensor2_serial,2,2,6,2,120,167,20.000,20.005,0,144,144,7.198170,SUCCESS,sigmoid,
2026-06-06T02:55:17,92.0,35.3,sensor2_serial,2,2,6,2,120,166,20.000,20.005,0,173,173,8.647641,SUCCESS,sigmoid,
2026-06-06T02:55:37,92.0,35.3,sensor2_serial,2,2,6,2,120,165,20.000,20.005,0,143,143,7.148137,SUCCESS,sigmoid,
2026-06-06T02:55:57,92.0,35.3,sensor2_serial,2,2,6,2,120,164,20.000,20.005,0,140,140,6.998162,SUCCESS,sigmoid,
2026-06-06T02:56:17,92.0,35.3,sensor2_serial,2,2,6,2,120,163,20.000,20.005,0,154,154,7.698214,SUCCESS,sigmoid,
2026-06-06T02:56:37,92.0,35.3,sensor2_serial,2,2,6,2,120,162,20.000,20.005,0,162,162,8.097907,SUCCESS,sigmoid,
2026-06-06T02:56:57,92.0,35.3,sensor2_serial,2,2,6,2,120,161,20.000,20.006,0,155,155,7.747827,SUCCESS,sigmoid,
2026-06-06T02:57:17,92.0,35.3,sensor2_serial,2,2,6,2,120,160,20.000,20.005,0,126,126,6.298286,SUCCESS,sigmoid,
2026-06-06T02:57:37,92.0,35.3,sensor2_serial,2,2,6,2,120,159,20.000,20.005,0,144,144,7.198076,SUCCESS,sigmoid,
2026-06-06T02:57:57,92.0,35.3,sensor2_serial,2,2,6,2,120,158,20.000,20.005,0,137,137,6.848225,SUCCESS,sigmoid,
2026-06-06T02:58:17,92.0,35.3,sensor2_serial,2,2,6,2,120,157,20.000,20.005,0,141,141,7.048146,SUCCESS,sigmoid,
2026-06-06T02:58:37,92.0,35.3,sensor2_serial,2,2,6,2,120,156,20.000,20.006,0,139,139,6.948068,SUCCESS,sigmoid,
2026-06-06T02:58:57,92.0,35.3,sensor2_serial,2,2,6,2,120,155,20.000,20.005,0,114,114,5.698496,SUCCESS,sigmoid,
2026-06-06T02:59:18,92.0,35.3,sensor2_serial,2,2,6,2,120,154,20.000,20.006,0,130,130,6.498197,SUCCESS,sigmoid,
2026-06-06T02:59:38,92.0,35.3,sensor2_serial,2,2,6,2,120,153,20.000,20.006,0,141,141,7.048009,SUCCESS,sigmoid,
2026-06-06T02:59:58,92.0,35.3,sensor2_serial,2,2,6,2,120,152,20.000,20.006,0,122,122,6.098298,SUCCESS,sigmoid,
2026-06-06T03:00:18,92.0,35.3,sensor2_serial,2,2,6,2,120,151,20.000,20.005,0,116,116,5.798494,SUCCESS,sigmoid,
2026-06-06T03:00:38,92.0,35.3,sensor2_serial,2,2,6,2,120,150,20.000,20.005,0,106,106,5.298579,SUCCESS,sigmoid,
2026-06-06T03:00:58,92.0,35.3,sensor2_serial,2,2,6,2,120,149,20.000,20.006,0,108,108,5.398496,SUCCESS,sigmoid,
2026-06-06T03:01:18,92.0,35.3,sensor2_serial,2,2,6,2,120,148,20.000,20.005,0,101,101,5.048726,SUCCESS,sigmoid,
2026-06-06T03:01:38,92.0,35.3,sensor2_serial,2,2,6,2,120,147,20.000,20.006,0,106,106,5.298405,SUCCESS,sigmoid,
2026-06-06T03:01:58,92.0,35.3,sensor2_serial,2,2,6,2,120,146,20.000,20.004,0,100,100,4.998918,SUCCESS,sigmoid,
2026-06-06T03:02:18,92.0,35.3,sensor2_serial,2,2,6,2,120,145,20.000,20.005,0,103,103,5.148601,SUCCESS,sigmoid,
2026-06-06T03:02:38,92.0,35.3,sensor2_serial,2,2,6,2,120,144,20.000,20.005,0,89,89,4.448823,SUCCESS,sigmoid,
2026-06-06T03:02:58,92.0,35.3,sensor2_serial,2,2,6,2,120,143,20.000,20.005,0,105,105,5.248606,SUCCESS,sigmoid,
2026-06-06T03:03:18,92.0,35.3,sensor2_serial,2,2,6,2,120,142,20.000,20.006,0,102,102,5.098575,SUCCESS,sigmoid,
2026-06-06T03:03:38,92.0,35.3,sensor2_serial,2,2,6,2,120,141,20.000,20.005,0,105,105,5.248602,SUCCESS,sigmoid,
2026-06-06T03:03:58,92.0,35.3,sensor2_serial,2,2,6,2,120,140,20.000,20.006,0,93,93,4.648708,SUCCESS,sigmoid,
2026-06-06T03:04:18,92.0,35.3,sensor2_serial,2,2,6,2,120,139,20.000,20.005,0,77,77,3.848957,SUCCESS,sigmoid,
2026-06-06T03:04:39,92.0,35.3,sensor2_serial,2,2,6,2,120,138,20.000,20.006,0,71,71,3.548998,SUCCESS,sigmoid,
2026-06-06T03:04:59,92.0,35.3,sensor2_serial,2,2,6,2,120,137,20.000,20.005,0,55,55,2.749246,SUCCESS,sigmoid,
2026-06-06T03:05:19,92.0,35.3,sensor2_serial,2,2,6,2,120,136,20.000,20.005,0,84,84,4.198846,SUCCESS,sigmoid,
2026-06-06T03:05:39,92.0,35.3,sensor2_serial,2,2,6,2,120,135,20.000,20.006,0,83,83,4.148809,SUCCESS,sigmoid,
2026-06-06T03:05:59,92.0,35.3,sensor2_serial,2,2,6,2,120,134,20.000,20.005,0,75,75,3.748971,SUCCESS,sigmoid,
2026-06-06T03:06:19,92.0,35.3,sensor2_serial,2,2,6,2,120,133,20.000,20.005,0,65,65,3.249116,SUCCESS,sigmoid,
2026-06-06T03:06:39,92.0,35.3,sensor2_serial,2,2,6,2,120,132,20.000,20.005,0,59,59,2.949200,SUCCESS,sigmoid,
2026-06-06T03:06:59,92.0,35.3,sensor2_serial,2,2,6,2,120,131,20.000,20.005,0,60,60,2.999179,SUCCESS,sigmoid,
2026-06-06T03:07:19,92.0,35.3,sensor2_serial,2,2,6,2,120,130,20.000,20.005,0,65,65,3.249146,SUCCESS,sigmoid,
2026-06-06T03:07:39,92.0,35.3,sensor2_serial,2,2,6,2,120,129,20.000,20.006,0,51,51,2.549298,SUCCESS,sigmoid,
2026-06-06T03:07:59,92.0,35.3,sensor2_serial,2,2,6,2,120,128,20.000,20.005,0,50,50,2.499409,SUCCESS,sigmoid,
2026-06-06T03:08:19,92.0,35.3,sensor2_serial,2,2,6,2,120,127,20.000,20.005,0,46,46,2.299390,SUCCESS,sigmoid,
2026-06-06T03:08:39,92.0,35.3,sensor2_serial,2,2,6,2,120,126,20.000,20.005,0,41,41,2.049450,SUCCESS,sigmoid,
2026-06-06T03:08:59,92.0,35.3,sensor2_serial,2,2,6,2,120,125,20.000,20.005,0,35,35,1.749529,SUCCESS,sigmoid,
2026-06-06T03:09:19,92.0,35.3,sensor2_serial,2,2,6,2,120,124,20.000,20.005,0,42,42,2.099464,SUCCESS,sigmoid,
2026-06-06T03:09:39,92.0,35.3,sensor2_serial,2,2,6,2,120,123,20.000,20.006,0,29,29,1.449594,SUCCESS,sigmoid,
2026-06-06T03:09:59,92.0,35.3,sensor2_serial,2,2,6,2,120,122,20.000,20.005,0,23,23,1.149698,SUCCESS,sigmoid,
2026-06-06T03:10:20,92.0,35.3,sensor2_serial,2,2,6,2,120,121,20.000,20.005,0,14,14,0.699815,SUCCESS,sigmoid,
2026-06-06T03:10:40,92.0,35.3,sensor2_serial,2,2,6,2,120,120,20.000,20.005,0,21,21,1.049732,SUCCESS,sigmoid,
2026-06-06T03:11:00,92.0,35.3,sensor2_serial,2,2,6,2,120,119,20.000,20.005,0,24,24,1.199684,SUCCESS,sigmoid,
2026-06-06T03:11:20,92.0,35.3,sensor2_serial,2,2,6,2,120,118,20.000,20.005,0,18,18,0.899763,SUCCESS,sigmoid,
2026-06-06T03:11:40,92.0,35.3,sensor2_serial,2,2,6,2,120,117,20.000,20.005,0,11,11,0.549859,SUCCESS,sigmoid,
2026-06-06T03:12:00,92.0,35.3,sensor2_serial,2,2,6,2,120,116,20.000,20.005,0,9,9,0.449883,SUCCESS,sigmoid,
2026-06-06T03:12:20,92.0,35.3,sensor2_serial,2,2,6,2,120,115,20.000,20.006,0,11,11,0.549846,SUCCESS,sigmoid,
2026-06-06T03:12:40,92.0,35.3,sensor2_serial,2,2,6,2,120,114,20.000,20.005,0,7,7,0.349906,SUCCESS,sigmoid,
2026-06-06T03:13:00,92.0,35.3,sensor2_serial,2,2,6,2,120,113,20.000,20.005,0,5,5,0.249936,SUCCESS,sigmoid,
2026-06-06T03:13:20,92.0,35.3,sensor2_serial,2,2,6,2,120,112,20.000,20.005,0,0,0,0.000000,SUCCESS,sigmoid,
2026-06-06T03:13:40,92.0,35.3,sensor2_serial,2,2,6,2,120,111,20.000,20.006,0,4,4,0.199944,SUCCESS,sigmoid,
2026-06-06T03:14:00,92.0,35.3,sensor2_serial,2,2,6,2,120,110,20.000,20.005,0,7,7,0.349908,SUCCESS,sigmoid,
2026-06-06T03:14:20,92.0,35.3,sensor2_serial,2,2,6,2,120,109,20.000,20.005,0,7,7,0.349907,SUCCESS,sigmoid,
2026-06-06T03:14:40,92.0,35.3,sensor2_serial,2,2,6,2,120,108,20.000,20.005,0,4,4,0.199945,SUCCESS,sigmoid,
2026-06-06T03:15:00,92.0,35.3,sensor2_serial,2,2,6,2,120,107,20.000,20.004,0,1,1,0.049989,SUCCESS,sigmoid,
2026-06-06T03:15:20,92.0,35.3,sensor2_serial,2,2,6,2,120,106,20.000,20.004,0,4,4,0.199958,SUCCESS,sigmoid,
2026-06-06T03:15:40,92.0,35.3,sensor2_serial,2,2,6,2,120,105,20.000,20.004,0,2,2,0.099978,SUCCESS,sigmoid,
2026-06-06T03:16:01,92.0,35.3,sensor2_serial,2,2,6,2,120,104,20.000,20.006,0,0,0,0.000000,SUCCESS,sigmoid,
2026-06-06T03:16:21,92.0,35.3,sensor2_serial,2,2,6,2,120,103,20.000,20.005,0,0,0,0.000000,SUCCESS,sigmoid,
2026-06-06T03:16:41,92.0,35.3,sensor2_serial,2,2,6,2,120,102,20.000,20.005,0,1,1,0.049987,SUCCESS,sigmoid,
2026-06-06T03:17:01,92.0,35.3,sensor2_serial,2,2,6,2,120,101,20.000,20.006,0,0,0,0.000000,SUCCESS,sigmoid,
2026-06-06T03:17:21,92.0,35.3,sensor2_serial,2,2,6,2,120,100,20.000,20.006,0,1,1,0.049986,SUCCESS,sigmoid,
2026-06-06T03:17:41,92.0,35.3,sensor2_serial,2,2,6,2,120,99,20.000,20.005,0,0,0,0.000000,SUCCESS,sigmoid,
2026-06-06T03:18:01,92.0,35.3,sensor2_serial,2,2,6,2,120,98,20.000,20.005,0,0,0,0.000000,SUCCESS,sigmoid,
2026-06-06T03:18:21,92.0,35.3,sensor2_serial,2,2,6,2,120,97,20.000,20.005,0,0,0,0.000000,SUCCESS,sigmoid,
2026-06-06T03:18:41,92.0,35.3,sensor2_serial,2,2,6,2,120,96,20.000,20.005,0,0,0,0.000000,SUCCESS,sigmoid,
2026-06-06T03:19:01,92.0,35.3,sensor2_serial,2,2,6,2,120,95,20.000,20.005,0,0,0,0.000000,SUCCESS,sigmoid,
2026-06-06T03:19:21,92.0,35.3,sensor2_serial,2,2,6,2,120,94,20.000,20.005,0,0,0,0.000000,SUCCESS,sigmoid,
2026-06-06T03:19:41,92.0,35.3,sensor2_serial,2,2,6,2,120,93,20.000,20.005,0,0,0,0.000000,SUCCESS,sigmoid,
2026-06-06T03:20:01,92.0,35.3,sensor2_serial,2,2,6,2,120,92,20.000,20.006,0,0,0,0.000000,SUCCESS,sigmoid,
2026-06-06T03:20:21,92.0,35.3,sensor2_serial,2,2,6,2,120,91,20.000,20.005,0,0,0,0.000000,SUCCESS,sigmoid,
2026-06-06T03:20:41,92.0,35.3,sensor2_serial,2,2,6,2,120,90,20.000,20.004,0,0,0,0.000000,SUCCESS,sigmoid,
2026-06-06T03:21:01,92.0,35.3,sensor2_serial,2,2,6,2,120,89,20.000,20.005,0,0,0,0.000000,SUCCESS,sigmoid,
2026-06-06T03:21:21,92.0,35.3,sensor2_serial,2,2,6,2,120,88,20.000,20.006,0,0,0,0.000000,SUCCESS,sigmoid,
2026-06-06T03:21:42,92.0,35.3,sensor2_serial,2,2,6,2,120,87,20.000,20.005,0,0,0,0.000000,SUCCESS,sigmoid,
2026-06-06T03:22:02,92.0,35.3,sensor2_serial,2,2,6,2,120,86,20.000,20.005,0,0,0,0.000000,SUCCESS,sigmoid,
2026-06-06T03:22:22,92.0,35.3,sensor2_serial,2,2,6,2,120,85,20.000,20.005,0,0,0,0.000000,SUCCESS,sigmoid,
2026-06-06T03:22:42,92.0,35.3,sensor2_serial,2,2,6,2,120,84,20.000,20.005,0,0,0,0.000000,SUCCESS,sigmoid,
2026-06-06T03:23:02,92.0,35.3,sensor2_serial,2,2,6,2,120,83,20.000,20.005,0,0,0,0.000000,SUCCESS,sigmoid,
2026-06-06T03:23:22,92.0,35.3,sensor2_serial,2,2,6,2,120,82,20.000,20.005,0,0,0,0.000000,SUCCESS,sigmoid,
2026-06-06T03:23:42,92.0,35.3,sensor2_serial,2,2,6,2,120,81,20.000,20.006,0,0,0,0.000000,SUCCESS,sigmoid,
2026-06-06T03:24:02,92.0,35.3,sensor2_serial,2,2,6,2,120,80,20.000,20.005,0,0,0,0.000000,SUCCESS,sigmoid,
2026-06-06T03:24:22,92.0,35.3,sensor2_serial,2,2,6,2,120,79,20.000,20.004,0,0,0,0.000000,SUCCESS,sigmoid,
2026-06-06T03:24:42,92.0,35.3,sensor2_serial,2,2,6,2,120,78,20.000,20.006,0,0,0,0.000000,SUCCESS,sigmoid,
2026-06-06T03:25:02,92.0,35.3,sensor2_serial,2,2,6,2,120,77,20.000,20.005,0,0,0,0.000000,SUCCESS,sigmoid,
2026-06-06T03:25:22,92.0,35.3,sensor2_serial,2,2,6,2,120,76,20.000,20.006,0,0,0,0.000000,SUCCESS,sigmoid,
2026-06-06T03:25:42,92.0,35.3,sensor2_serial,2,2,6,2,120,75,20.000,20.005,0,0,0,0.000000,SUCCESS,sigmoid,
2026-06-06T03:26:02,92.0,35.3,sensor2_serial,2,2,6,2,120,74,20.000,20.005,0,0,0,0.000000,SUCCESS,sigmoid,
2026-06-06T03:26:22,92.0,35.3,sensor2_serial,2,2,6,2,120,73,20.000,20.005,0,0,0,0.000000,SUCCESS,sigmoid,
2026-06-06T03:26:42,92.0,35.3,sensor2_serial,2,2,6,2,120,72,20.000,20.005,0,0,0,0.000000,SUCCESS,sigmoid,
2026-06-06T03:27:02,92.0,35.3,sensor2_serial,2,2,6,2,120,71,20.000,20.005,0,0,0,0.000000,SUCCESS,sigmoid,
2026-06-06T03:27:23,92.0,35.3,sensor2_serial,2,2,6,2,120,70,20.000,20.005,0,0,0,0.000000,SUCCESS,sigmoid,
2026-06-06T03:27:43,92.0,35.3,sensor2_serial,2,2,6,2,120,69,20.000,20.005,0,0,0,0.000000,SUCCESS,sigmoid,
2026-06-06T03:28:03,92.0,35.3,sensor2_serial,2,2,6,2,120,68,20.000,20.005,0,0,0,0.000000,SUCCESS,sigmoid,
2026-06-06T03:28:23,92.0,35.3,sensor2_serial,2,2,6,2,120,67,20.000,20.006,0,0,0,0.000000,SUCCESS,sigmoid,
2026-06-06T03:28:43,92.0,35.3,sensor2_serial,2,2,6,2,120,66,20.000,20.005,0,0,0,0.000000,SUCCESS,sigmoid,
2026-06-06T03:29:03,92.0,35.3,sensor2_serial,2,2,6,2,120,65,20.000,20.005,0,0,0,0.000000,SUCCESS,sigmoid,
2026-06-06T03:29:23,92.0,35.3,sensor2_serial,2,2,6,2,120,64,20.000,20.006,0,0,0,0.000000,SUCCESS,sigmoid,
2026-06-06T03:29:43,92.0,35.3,sensor2_serial,2,2,6,2,120,63,20.000,20.005,0,0,0,0.000000,SUCCESS,sigmoid,
2026-06-06T03:30:03,92.0,35.3,sensor2_serial,2,2,6,2,120,62,20.000,20.005,0,0,0,0.000000,SUCCESS,sigmoid,
2026-06-06T03:30:23,92.0,35.3,sensor2_serial,2,2,6,2,120,61,20.000,20.005,0,0,0,0.000000,SUCCESS,sigmoid,
2026-06-06T03:30:43,92.0,35.3,sensor2_serial,2,2,6,2,120,60,20.000,20.006,0,0,0,0.000000,SUCCESS,sigmoid,
2026-06-06T03:31:03,92.0,35.3,sensor2_serial,2,2,6,2,120,59,20.000,20.006,0,0,0,0.000000,SUCCESS,sigmoid,
2026-06-06T03:31:23,92.0,35.3,sensor2_serial,2,2,6,2,120,58,20.000,20.005,0,0,0,0.000000,SUCCESS,sigmoid,
2026-06-06T03:31:43,92.0,35.3,sensor2_serial,2,2,6,2,120,57,20.000,20.005,0,0,0,0.000000,SUCCESS,sigmoid,
2026-06-06T03:32:03,92.0,35.3,sensor2_serial,2,2,6,2,120,56,20.000,20.005,0,0,0,0.000000,SUCCESS,sigmoid,
2026-06-06T03:32:23,92.0,35.3,sensor2_serial,2,2,6,2,120,55,20.000,20.005,0,0,0,0.000000,SUCCESS,sigmoid,
2026-06-06T03:32:43,92.0,35.3,sensor2_serial,2,2,6,2,120,54,20.000,20.005,0,0,0,0.000000,SUCCESS,sigmoid,
2026-06-06T03:33:04,92.0,35.3,sensor2_serial,2,2,6,2,120,53,20.000,20.005,0,0,0,0.000000,SUCCESS,sigmoid,
2026-06-06T03:33:24,92.0,35.3,sensor2_serial,2,2,6,2,120,52,20.000,20.005,0,0,0,0.000000,SUCCESS,sigmoid,
2026-06-06T03:33:44,92.0,35.3,sensor2_serial,2,2,6,2,120,51,20.000,20.006,0,0,0,0.000000,SUCCESS,sigmoid,
2026-06-06T03:34:04,92.0,35.3,sensor2_serial,2,2,6,2,120,50,20.000,20.005,0,0,0,0.000000,SUCCESS,sigmoid,
2026-06-06T03:34:24,92.0,35.3,sensor2_serial,2,2,6,2,120,49,20.000,20.005,0,0,0,0.000000,SUCCESS,sigmoid,
2026-06-06T03:34:44,92.0,35.3,sensor2_serial,2,2,6,2,120,48,20.000,20.005,0,0,0,0.000000,SUCCESS,sigmoid,
2026-06-06T03:35:04,92.0,35.3,sensor2_serial,2,2,6,2,120,47,20.000,20.005,0,0,0,0.000000,SUCCESS,sigmoid,
2026-06-06T03:35:24,92.0,35.3,sensor2_serial,2,2,6,2,120,46,20.000,20.006,0,0,0,0.000000,SUCCESS,sigmoid,
2026-06-06T03:35:44,92.0,35.3,sensor2_serial,2,2,6,2,120,45,20.000,20.004,0,0,0,0.000000,SUCCESS,sigmoid,
2026-06-06T03:36:04,92.0,35.3,sensor2_serial,2,2,6,2,120,44,20.000,20.005,0,0,0,0.000000,SUCCESS,sigmoid,
2026-06-06T03:36:24,92.0,35.3,sensor2_serial,2,2,6,2,120,43,20.000,20.005,0,0,0,0.000000,SUCCESS,sigmoid,
2026-06-06T03:36:44,92.0,35.3,sensor2_serial,2,2,6,2,120,42,20.000,20.006,0,0,0,0.000000,SUCCESS,sigmoid,
2026-06-06T03:37:04,92.0,35.3,sensor2_serial,2,2,6,2,120,41,20.000,20.005,0,0,0,0.000000,SUCCESS,sigmoid,
2026-06-06T03:37:24,92.0,35.3,sensor2_serial,2,2,6,2,120,40,20.000,20.005,0,0,0,0.000000,SUCCESS,sigmoid,
2026-06-06T03:37:44,92.0,35.3,sensor2_serial,2,2,6,2,120,39,20.000,20.006,0,0,0,0.000000,SUCCESS,sigmoid,
2026-06-06T03:38:04,92.0,35.3,sensor2_serial,2,2,6,2,120,38,20.000,20.005,0,0,0,0.000000,SUCCESS,sigmoid,
2026-06-06T03:38:25,92.0,35.3,sensor2_serial,2,2,6,2,120,37,20.000,20.005,0,0,0,0.000000,SUCCESS,sigmoid,
2026-06-06T03:38:45,92.0,35.3,sensor2_serial,2,2,6,2,120,36,20.000,20.005,0,0,0,0.000000,SUCCESS,sigmoid,
2026-06-06T03:39:05,92.0,35.3,sensor2_serial,2,2,6,2,120,35,20.000,20.005,0,0,0,0.000000,SUCCESS,sigmoid,
2026-06-06T03:39:25,92.0,35.3,sensor2_serial,2,2,6,2,120,34,20.000,20.005,0,0,0,0.000000,SUCCESS,sigmoid,
2026-06-06T03:39:45,92.0,35.3,sensor2_serial,2,2,6,2,120,33,20.000,20.005,0,0,0,0.000000,SUCCESS,sigmoid,
2026-06-06T03:40:05,92.0,35.3,sensor2_serial,2,2,6,2,120,32,20.000,20.004,0,0,0,0.000000,SUCCESS,sigmoid,
2026-06-06T03:40:25,92.0,35.3,sensor2_serial,2,2,6,2,120,31,20.000,20.005,0,0,0,0.000000,SUCCESS,sigmoid,
2026-06-06T03:40:45,92.0,35.3,sensor2_serial,2,2,6,2,120,30,20.000,20.005,0,0,0,0.000000,SUCCESS,sigmoid,
2026-06-06T03:41:05,92.0,35.3,sensor2_serial,2,2,6,2,120,29,20.000,20.005,0,0,0,0.000000,SUCCESS,sigmoid,
2026-06-06T03:41:25,92.0,35.3,sensor2_serial,2,2,6,2,120,28,20.000,20.004,0,0,0,0.000000,SUCCESS,sigmoid,
2026-06-06T03:41:45,92.0,35.3,sensor2_serial,2,2,6,2,120,27,20.000,20.006,0,0,0,0.000000,SUCCESS,sigmoid,
2026-06-06T03:42:05,92.0,35.3,sensor2_serial,2,2,6,2,120,26,20.000,20.005,0,0,0,0.000000,SUCCESS,sigmoid,
2026-06-06T03:42:25,92.0,35.3,sensor2_serial,2,2,6,2,120,25,20.000,20.005,0,0,0,0.000000,SUCCESS,sigmoid,
2026-06-06T03:42:45,92.0,35.3,sensor2_serial,2,2,6,2,120,24,20.000,20.005,0,0,0,0.000000,SUCCESS,sigmoid,
2026-06-06T03:43:05,92.0,35.3,sensor2_serial,2,2,6,2,120,23,20.000,20.004,0,0,0,0.000000,SUCCESS,sigmoid,
2026-06-06T03:43:25,92.0,35.3,sensor2_serial,2,2,6,2,120,22,20.000,20.005,0,0,0,0.000000,SUCCESS,sigmoid,
2026-06-06T03:43:45,92.0,35.3,sensor2_serial,2,2,6,2,120,21,20.000,20.005,0,0,0,0.000000,SUCCESS,sigmoid,
2026-06-06T03:44:06,92.0,35.3,sensor2_serial,2,2,6,2,120,20,20.000,20.004,0,0,0,0.000000,SUCCESS,sigmoid,
2026-06-06T03:44:26,92.0,35.3,sensor2_serial,2,2,6,2,120,19,20.000,20.005,0,0,0,0.000000,SUCCESS,sigmoid,
2026-06-06T03:44:46,92.0,35.3,sensor2_serial,2,2,6,2,120,18,20.000,20.005,0,0,0,0.000000,SUCCESS,sigmoid,
2026-06-06T03:45:06,92.0,35.3,sensor2_serial,2,2,6,2,120,17,20.000,20.005,0,0,0,0.000000,SUCCESS,sigmoid,
2026-06-06T03:45:26,92.0,35.3,sensor2_serial,2,2,6,2,120,16,20.000,20.005,0,0,0,0.000000,SUCCESS,sigmoid,
2026-06-06T03:45:46,92.0,35.3,sensor2_serial,2,2,6,2,120,15,20.000,20.006,0,0,0,0.000000,SUCCESS,sigmoid,
2026-06-06T03:46:06,92.0,35.3,sensor2_serial,2,2,6,2,120,14,20.000,20.005,0,0,0,0.000000,SUCCESS,sigmoid,
2026-06-06T03:46:26,92.0,35.3,sensor2_serial,2,2,6,2,120,13,20.000,20.005,0,0,0,0.000000,SUCCESS,sigmoid,
2026-06-06T03:46:46,92.0,35.3,sensor2_serial,2,2,6,2,120,12,20.000,20.006,0,0,0,0.000000,SUCCESS,sigmoid,
2026-06-06T03:47:06,92.0,35.3,sensor2_serial,2,2,6,2,120,11,20.000,20.005,0,0,0,0.000000,SUCCESS,sigmoid,
2026-06-06T03:47:26,92.0,35.3,sensor2_serial,2,2,6,2,120,10,20.000,20.006,0,0,0,0.000000,SUCCESS,sigmoid,
2026-06-06T03:47:46,92.0,35.3,sensor2_serial,2,2,6,2,120,9,20.000,20.006,0,0,0,0.000000,SUCCESS,sigmoid,
2026-06-06T03:48:06,92.0,35.3,sensor2_serial,2,2,6,2,120,8,20.000,20.005,0,0,0,0.000000,SUCCESS,sigmoid,
2026-06-06T03:48:26,92.0,35.3,sensor2_serial,2,2,6,2,120,7,20.000,20.005,0,0,0,0.000000,SUCCESS,sigmoid,
2026-06-06T03:48:46,92.0,35.3,sensor2_serial,2,2,6,2,120,6,20.000,20.005,0,0,0,0.000000,SUCCESS,sigmoid,
2026-06-06T03:49:06,92.0,35.3,sensor2_serial,2,2,6,2,120,5,20.000,20.005,0,0,0,0.000000,SUCCESS,sigmoid,
2026-06-06T03:49:26,92.0,35.3,sensor2_serial,2,2,6,2,120,4,20.000,20.005,0,0,0,0.000000,SUCCESS,sigmoid,
2026-06-06T03:49:47,92.0,35.3,sensor2_serial,2,2,6,2,120,3,20.000,20.005,0,0,0,0.000000,SUCCESS,sigmoid,
2026-06-06T03:50:07,92.0,35.3,sensor2_serial,2,2,6,2,120,2,20.000,20.005,0,0,0,0.000000,SUCCESS,sigmoid,
2026-06-06T03:50:27,92.0,35.3,sensor2_serial,2,2,6,2,120,1,20.000,20.005,0,0,0,0.000000,SUCCESS,sigmoid,
2026-06-06T03:50:47,92.0,35.3,sensor2_serial,2,2,6,2,120,0,20.000,20.005,0,0,0,0.000000,SUCCESS,sigmoid,
2026-06-06T03:51:21,93.0,34.3,sensor2_serial,2,0,4,0,120,255,20.000,20.006,0,3561030,3561030,177999.209626,SUCCESS,sigmoid,
2026-06-06T03:51:41,93.0,34.3,sensor2_serial,2,0,4,0,120,254,20.000,20.006,0,3366401,3366401,168269.350196,SUCCESS,sigmoid,
2026-06-06T03:52:01,93.0,34.3,sensor2_serial,2,0,4,0,120,253,20.000,20.005,0,2756508,2756508,137789.435753,SUCCESS,sigmoid,
2026-06-06T03:52:21,93.0,34.3,sensor2_serial,2,0,4,0,120,252,20.000,20.005,0,2150911,2150911,107517.898319,SUCCESS,sigmoid,
2026-06-06T03:52:41,93.0,34.3,sensor2_serial,2,0,4,0,120,251,20.000,20.006,0,1246792,1246792,62321.976076,SUCCESS,sigmoid,
2026-06-06T03:53:01,93.0,34.3,sensor2_serial,2,0,4,0,120,250,20.000,20.005,0,623787,623787,31180.907084,SUCCESS,sigmoid,
2026-06-06T03:53:21,93.0,34.3,sensor2_serial,2,0,4,0,120,249,20.000,20.005,0,338254,338254,16908.354698,SUCCESS,sigmoid,
2026-06-06T03:53:41,93.0,34.3,sensor2_serial,2,0,4,0,120,248,20.000,20.006,0,144444,144444,7220.086290,SUCCESS,sigmoid,
2026-06-06T03:54:01,93.0,34.3,sensor2_serial,2,0,4,0,120,247,20.000,20.006,0,88321,88321,4414.835745,SUCCESS,sigmoid,
2026-06-06T03:54:21,93.0,34.3,sensor2_serial,2,0,4,0,120,246,20.000,20.005,0,43762,43762,2187.529010,SUCCESS,sigmoid,
2026-06-06T03:54:41,93.0,34.3,sensor2_serial,2,0,4,0,120,245,20.000,20.005,0,43780,43780,2188.462916,SUCCESS,sigmoid,
2026-06-06T03:55:01,93.0,34.3,sensor2_serial,2,0,4,0,120,244,20.000,20.005,0,18635,18635,931.497055,SUCCESS,sigmoid,
2026-06-06T03:55:21,93.0,34.3,sensor2_serial,2,0,4,0,120,243,20.000,20.005,0,6844,6844,342.108924,SUCCESS,sigmoid,
2026-06-06T03:55:42,93.0,34.3,sensor2_serial,2,0,4,0,120,242,20.000,20.005,0,1988,1988,99.373558,SUCCESS,sigmoid,
2026-06-06T03:56:02,93.0,34.3,sensor2_serial,2,0,4,0,120,241,20.000,20.004,0,836,836,41.791152,SUCCESS,sigmoid,
2026-06-06T03:56:22,93.0,34.3,sensor2_serial,2,0,4,0,120,240,20.000,20.004,0,419,419,20.945298,SUCCESS,sigmoid,
2026-06-06T03:56:42,93.0,34.3,sensor2_serial,2,0,4,0,120,239,20.000,20.004,0,264,264,13.197197,SUCCESS,sigmoid,
2026-06-06T03:57:02,93.0,34.3,sensor2_serial,2,0,4,0,120,238,20.000,20.004,0,244,244,12.197783,SUCCESS,sigmoid,
2026-06-06T03:57:22,93.0,34.3,sensor2_serial,2,0,4,0,120,237,20.000,20.004,0,207,207,10.347892,SUCCESS,sigmoid,
2026-06-06T03:57:42,93.0,34.3,sensor2_serial,2,0,4,0,120,236,20.000,20.005,0,192,192,9.597362,SUCCESS,sigmoid,
2026-06-06T03:58:02,93.0,34.3,sensor2_serial,2,0,4,0,120,235,20.000,20.004,0,183,183,9.148033,SUCCESS,sigmoid,
2026-06-06T03:58:22,93.0,34.3,sensor2_serial,2,0,4,0,120,234,20.000,20.005,0,209,209,10.447585,SUCCESS,sigmoid,
2026-06-06T03:58:42,93.0,34.3,sensor2_serial,2,0,4,0,120,233,20.000,20.005,0,193,193,9.647459,SUCCESS,sigmoid,
2026-06-06T03:59:02,93.0,34.3,sensor2_serial,2,0,4,0,120,232,20.000,20.004,0,212,212,10.597673,SUCCESS,sigmoid,
2026-06-06T03:59:22,93.0,34.3,sensor2_serial,2,0,4,0,120,231,20.000,20.004,0,180,180,8.998417,SUCCESS,sigmoid,
2026-06-06T03:59:42,93.0,34.3,sensor2_serial,2,0,4,0,120,230,20.000,20.004,0,165,165,8.248178,SUCCESS,sigmoid,
2026-06-06T04:00:02,93.0,34.3,sensor2_serial,2,0,4,0,120,229,20.000,20.005,0,182,182,9.097597,SUCCESS,sigmoid,
2026-06-06T04:00:22,93.0,34.3,sensor2_serial,2,0,4,0,120,228,20.000,20.005,0,211,211,10.547164,SUCCESS,sigmoid,
2026-06-06T04:00:42,93.0,34.3,sensor2_serial,2,0,4,0,120,227,20.000,20.005,0,183,183,9.147889,SUCCESS,sigmoid,
2026-06-06T04:01:02,93.0,34.3,sensor2_serial,2,0,4,0,120,226,20.000,20.004,0,197,197,9.847869,SUCCESS,sigmoid,
2026-06-06T04:01:23,93.0,34.3,sensor2_serial,2,0,4,0,120,225,20.000,20.006,0,212,212,10.597079,SUCCESS,sigmoid,
2026-06-06T04:01:43,93.0,34.3,sensor2_serial,2,0,4,0,120,224,20.000,20.005,0,192,192,9.597367,SUCCESS,sigmoid,
2026-06-06T04:02:03,93.0,34.3,sensor2_serial,2,0,4,0,120,223,20.000,20.006,0,216,216,10.797027,SUCCESS,sigmoid,
2026-06-06T04:02:23,93.0,34.3,sensor2_serial,2,0,4,0,120,222,20.000,20.005,0,200,200,9.997339,SUCCESS,sigmoid,
2026-06-06T04:02:43,93.0,34.3,sensor2_serial,2,0,4,0,120,221,20.000,20.006,0,183,183,9.147451,SUCCESS,sigmoid,
2026-06-06T04:03:03,93.0,34.3,sensor2_serial,2,0,4,0,120,220,20.000,20.005,0,184,184,9.197559,SUCCESS,sigmoid,
2026-06-06T04:03:23,93.0,34.3,sensor2_serial,2,0,4,0,120,219,20.000,20.005,0,180,180,8.997572,SUCCESS,sigmoid,
2026-06-06T04:03:43,93.0,34.3,sensor2_serial,2,0,4,0,120,218,20.000,20.006,0,199,199,9.947078,SUCCESS,sigmoid,
2026-06-06T04:04:03,93.0,34.3,sensor2_serial,2,0,4,0,120,217,20.000,20.005,0,189,189,9.447873,SUCCESS,sigmoid,
2026-06-06T04:04:23,93.0,34.3,sensor2_serial,2,0,4,0,120,216,20.000,20.005,0,194,194,9.697340,SUCCESS,sigmoid,
2026-06-06T04:04:43,93.0,34.3,sensor2_serial,2,0,4,0,120,215,20.000,20.004,0,173,173,8.648127,SUCCESS,sigmoid,
2026-06-06T04:05:03,93.0,34.3,sensor2_serial,2,0,4,0,120,214,20.000,20.004,0,156,156,7.798283,SUCCESS,sigmoid,
2026-06-06T04:05:23,93.0,34.3,sensor2_serial,2,0,4,0,120,213,20.000,20.004,0,186,186,9.298073,SUCCESS,sigmoid,
2026-06-06T04:05:43,93.0,34.3,sensor2_serial,2,0,4,0,120,212,20.000,20.004,0,173,173,8.648100,SUCCESS,sigmoid,
2026-06-06T04:06:03,93.0,34.3,sensor2_serial,2,0,4,0,120,211,20.000,20.004,0,209,209,10.447782,SUCCESS,sigmoid,
2026-06-06T04:06:23,93.0,34.3,sensor2_serial,2,0,4,0,120,210,20.000,20.003,0,191,191,9.548361,SUCCESS,sigmoid,
2026-06-06T04:06:44,93.0,34.3,sensor2_serial,2,0,4,0,120,209,20.000,20.005,0,189,189,9.447429,SUCCESS,sigmoid,
2026-06-06T04:07:04,93.0,34.3,sensor2_serial,2,0,4,0,120,208,20.000,20.005,0,176,176,8.797706,SUCCESS,sigmoid,
2026-06-06T04:07:24,93.0,34.3,sensor2_serial,2,0,4,0,120,207,20.000,20.006,0,182,182,9.097492,SUCCESS,sigmoid,
2026-06-06T04:07:44,93.0,34.3,sensor2_serial,2,0,4,0,120,206,20.000,20.004,0,190,190,9.498278,SUCCESS,sigmoid,
2026-06-06T04:08:04,93.0,34.3,sensor2_serial,2,0,4,0,120,205,20.000,20.006,0,184,184,9.197410,SUCCESS,sigmoid,
2026-06-06T04:08:24,93.0,34.3,sensor2_serial,2,0,4,0,120,204,20.000,20.004,0,164,164,8.198303,SUCCESS,sigmoid,
2026-06-06T04:08:44,93.0,34.3,sensor2_serial,2,0,4,0,120,203,20.000,20.005,0,211,211,10.547561,SUCCESS,sigmoid,
2026-06-06T04:09:04,93.0,34.3,sensor2_serial,2,0,4,0,120,202,20.000,20.004,0,170,170,8.498099,SUCCESS,sigmoid,
2026-06-06T04:09:24,93.0,34.3,sensor2_serial,2,0,4,0,120,201,20.000,20.004,0,172,172,8.598211,SUCCESS,sigmoid,
2026-06-06T04:09:44,93.0,34.3,sensor2_serial,2,0,4,0,120,200,20.000,20.004,0,168,168,8.398198,SUCCESS,sigmoid,
2026-06-06T04:10:04,93.0,34.3,sensor2_serial,2,0,4,0,120,199,20.000,20.005,0,188,188,9.397537,SUCCESS,sigmoid,
2026-06-06T04:10:24,93.0,34.3,sensor2_serial,2,0,4,0,120,198,20.000,20.004,0,157,157,7.848289,SUCCESS,sigmoid,
2026-06-06T04:10:44,93.0,34.3,sensor2_serial,2,0,4,0,120,197,20.000,20.005,0,162,162,8.097816,SUCCESS,sigmoid,
2026-06-06T04:11:04,93.0,34.3,sensor2_serial,2,0,4,0,120,196,20.000,20.004,0,210,210,10.497706,SUCCESS,sigmoid,
2026-06-06T04:11:24,93.0,34.3,sensor2_serial,2,0,4,0,120,195,20.000,20.004,0,167,167,8.348123,SUCCESS,sigmoid,
2026-06-06T04:11:44,93.0,34.3,sensor2_serial,2,0,4,0,120,194,20.000,20.005,0,177,177,8.847656,SUCCESS,sigmoid,
2026-06-06T04:12:04,93.0,34.3,sensor2_serial,2,0,4,0,120,193,20.000,20.004,0,190,190,9.498055,SUCCESS,sigmoid,
2026-06-06T04:12:25,93.0,34.3,sensor2_serial,2,0,4,0,120,192,20.000,20.004,0,193,193,9.647956,SUCCESS,sigmoid,
2026-06-06T04:12:45,93.0,34.3,sensor2_serial,2,0,4,0,120,191,20.000,20.005,0,171,171,8.547695,SUCCESS,sigmoid,
2026-06-06T04:13:05,93.0,34.3,sensor2_serial,2,0,4,0,120,190,20.000,20.004,0,179,179,8.948084,SUCCESS,sigmoid,
2026-06-06T04:13:25,93.0,34.3,sensor2_serial,2,0,4,0,120,189,20.000,20.004,0,174,174,8.698122,SUCCESS,sigmoid,
2026-06-06T04:13:45,93.0,34.3,sensor2_serial,2,0,4,0,120,188,20.000,20.004,0,173,173,8.648118,SUCCESS,sigmoid,
2026-06-06T04:14:05,93.0,34.3,sensor2_serial,2,0,4,0,120,187,20.000,20.005,0,144,144,7.198376,SUCCESS,sigmoid,
2026-06-06T04:14:25,93.0,34.3,sensor2_serial,2,0,4,0,120,186,20.000,20.004,0,164,164,8.198186,SUCCESS,sigmoid,
2026-06-06T04:14:45,93.0,34.3,sensor2_serial,2,0,4,0,120,185,20.000,20.006,0,165,165,8.247725,SUCCESS,sigmoid,
2026-06-06T04:15:05,93.0,34.3,sensor2_serial,2,0,4,0,120,184,20.000,20.004,0,180,180,8.998076,SUCCESS,sigmoid,
2026-06-06T04:15:25,93.0,34.3,sensor2_serial,2,0,4,0,120,183,20.000,20.004,0,171,171,8.548087,SUCCESS,sigmoid,
2026-06-06T04:15:45,93.0,34.3,sensor2_serial,2,0,4,0,120,182,20.000,20.004,0,159,159,7.948273,SUCCESS,sigmoid,
2026-06-06T04:16:05,93.0,34.3,sensor2_serial,2,0,4,0,120,181,20.000,20.004,0,143,143,7.148408,SUCCESS,sigmoid,
2026-06-06T04:16:25,93.0,34.3,sensor2_serial,2,0,4,0,120,180,20.000,20.004,0,178,178,8.898024,SUCCESS,sigmoid,
2026-06-06T04:16:45,93.0,34.3,sensor2_serial,2,0,4,0,120,179,20.000,20.004,0,166,166,8.298247,SUCCESS,sigmoid,
2026-06-06T04:17:05,93.0,34.3,sensor2_serial,2,0,4,0,120,178,20.000,20.004,0,177,177,8.848141,SUCCESS,sigmoid,
2026-06-06T04:17:25,93.0,34.3,sensor2_serial,2,0,4,0,120,177,20.000,20.004,0,155,155,7.748295,SUCCESS,sigmoid,
2026-06-06T04:17:45,93.0,34.3,sensor2_serial,2,0,4,0,120,176,20.000,20.005,0,170,170,8.498058,SUCCESS,sigmoid,
2026-06-06T04:18:06,93.0,34.3,sensor2_serial,2,0,4,0,120,175,20.000,20.006,0,168,168,8.397571,SUCCESS,sigmoid,
2026-06-06T04:18:26,93.0,34.3,sensor2_serial,2,0,4,0,120,174,20.000,20.004,0,175,175,8.748203,SUCCESS,sigmoid,
2026-06-06T04:18:46,93.0,34.3,sensor2_serial,2,0,4,0,120,173,20.000,20.005,0,188,188,9.397416,SUCCESS,sigmoid,
2026-06-06T04:19:06,93.0,34.3,sensor2_serial,2,0,4,0,120,172,20.000,20.005,0,155,155,7.748167,SUCCESS,sigmoid,
2026-06-06T04:19:26,93.0,34.3,sensor2_serial,2,0,4,0,120,171,20.000,20.004,0,176,176,8.798175,SUCCESS,sigmoid,
2026-06-06T04:19:46,93.0,34.3,sensor2_serial,2,0,4,0,120,170,20.000,20.004,0,180,180,8.998193,SUCCESS,sigmoid,
2026-06-06T04:20:06,93.0,34.3,sensor2_serial,2,0,4,0,120,169,20.000,20.006,0,138,138,6.898088,SUCCESS,sigmoid,
2026-06-06T04:20:26,93.0,34.3,sensor2_serial,2,0,4,0,120,168,20.000,20.005,0,159,159,7.948205,SUCCESS,sigmoid,
2026-06-06T04:20:46,93.0,34.3,sensor2_serial,2,0,4,0,120,167,20.000,20.004,0,152,152,7.598400,SUCCESS,sigmoid,
2026-06-06T04:21:06,93.0,34.3,sensor2_serial,2,0,4,0,120,166,20.000,20.006,0,150,150,7.497919,SUCCESS,sigmoid,
2026-06-06T04:21:26,93.0,34.3,sensor2_serial,2,0,4,0,120,165,20.000,20.004,0,175,175,8.748273,SUCCESS,sigmoid,
2026-06-06T04:21:46,93.0,34.3,sensor2_serial,2,0,4,0,120,164,20.000,20.006,0,173,173,8.647588,SUCCESS,sigmoid,
2026-06-06T04:22:06,93.0,34.3,sensor2_serial,2,0,4,0,120,163,20.000,20.005,0,166,166,8.297769,SUCCESS,sigmoid,
2026-06-06T04:22:26,93.0,34.3,sensor2_serial,2,0,4,0,120,162,20.000,20.004,0,140,140,6.998425,SUCCESS,sigmoid,
2026-06-06T04:22:46,93.0,34.3,sensor2_serial,2,0,4,0,120,161,20.000,20.005,0,185,185,9.247583,SUCCESS,sigmoid,
2026-06-06T04:23:06,93.0,34.3,sensor2_serial,2,0,4,0,120,160,20.000,20.005,0,148,148,7.398320,SUCCESS,sigmoid,
2026-06-06T04:23:26,93.0,34.3,sensor2_serial,2,0,4,0,120,159,20.000,20.005,0,160,160,7.997853,SUCCESS,sigmoid,
2026-06-06T04:23:47,93.0,34.3,sensor2_serial,2,0,4,0,120,158,20.000,20.004,0,156,156,7.798257,SUCCESS,sigmoid,
2026-06-06T04:24:07,93.0,34.3,sensor2_serial,2,0,4,0,120,157,20.000,20.005,0,161,161,8.048131,SUCCESS,sigmoid,
2026-06-06T04:24:27,93.0,34.3,sensor2_serial,2,0,4,0,120,156,20.000,20.004,0,145,145,7.248646,SUCCESS,sigmoid,
2026-06-06T04:24:47,93.0,34.3,sensor2_serial,2,0,4,0,120,155,20.000,20.004,0,143,143,7.148497,SUCCESS,sigmoid,
2026-06-06T04:25:07,93.0,34.3,sensor2_serial,2,0,4,0,120,154,20.000,20.004,0,133,133,6.648587,SUCCESS,sigmoid,
2026-06-06T04:25:27,93.0,34.3,sensor2_serial,2,0,4,0,120,153,20.000,20.004,0,184,184,9.198109,SUCCESS,sigmoid,
2026-06-06T04:25:47,93.0,34.3,sensor2_serial,2,0,4,0,120,152,20.000,20.004,0,127,127,6.348686,SUCCESS,sigmoid,
2026-06-06T04:26:07,93.0,34.3,sensor2_serial,2,0,4,0,120,151,20.000,20.004,0,150,150,7.498341,SUCCESS,sigmoid,
2026-06-06T04:26:27,93.0,34.3,sensor2_serial,2,0,4,0,120,150,20.000,20.005,0,152,152,7.598002,SUCCESS,sigmoid,
2026-06-06T04:26:47,93.0,34.3,sensor2_serial,2,0,4,0,120,149,20.000,20.005,0,152,152,7.598123,SUCCESS,sigmoid,
2026-06-06T04:27:07,93.0,34.3,sensor2_serial,2,0,4,0,120,148,20.000,20.005,0,131,131,6.548223,SUCCESS,sigmoid,
2026-06-06T04:27:27,93.0,34.3,sensor2_serial,2,0,4,0,120,147,20.000,20.004,0,132,132,6.598536,SUCCESS,sigmoid,
2026-06-06T04:27:47,93.0,34.3,sensor2_serial,2,0,4,0,120,146,20.000,20.004,0,123,123,6.148721,SUCCESS,sigmoid,
2026-06-06T04:28:07,93.0,34.3,sensor2_serial,2,0,4,0,120,145,20.000,20.005,0,138,138,6.898174,SUCCESS,sigmoid,
2026-06-06T04:28:27,93.0,34.3,sensor2_serial,2,0,4,0,120,144,20.000,20.004,0,143,143,7.148539,SUCCESS,sigmoid,
2026-06-06T04:28:47,93.0,34.3,sensor2_serial,2,0,4,0,120,143,20.000,20.004,0,142,142,7.098413,SUCCESS,sigmoid,
2026-06-06T04:29:07,93.0,34.3,sensor2_serial,2,0,4,0,120,142,20.000,20.005,0,110,110,5.498682,SUCCESS,sigmoid,
2026-06-06T04:29:28,93.0,34.3,sensor2_serial,2,0,4,0,120,141,20.000,20.005,0,123,123,6.148319,SUCCESS,sigmoid,
2026-06-06T04:29:48,93.0,34.3,sensor2_serial,2,0,4,0,120,140,20.000,20.004,0,122,122,6.098764,SUCCESS,sigmoid,
2026-06-06T04:30:08,93.0,34.3,sensor2_serial,2,0,4,0,120,139,20.000,20.005,0,117,117,5.848504,SUCCESS,sigmoid,
2026-06-06T04:30:28,93.0,34.3,sensor2_serial,2,0,4,0,120,138,20.000,20.005,0,111,111,5.548535,SUCCESS,sigmoid,
2026-06-06T04:30:48,93.0,34.3,sensor2_serial,2,0,4,0,120,137,20.000,20.005,0,112,112,5.598530,SUCCESS,sigmoid,
2026-06-06T04:31:08,93.0,34.3,sensor2_serial,2,0,4,0,120,136,20.000,20.004,0,112,112,5.598750,SUCCESS,sigmoid,
2026-06-06T04:31:28,93.0,34.3,sensor2_serial,2,0,4,0,120,135,20.000,20.004,0,109,109,5.448844,SUCCESS,sigmoid,
2026-06-06T04:31:48,93.0,34.3,sensor2_serial,2,0,4,0,120,134,20.000,20.005,0,87,87,4.348947,SUCCESS,sigmoid,
2026-06-06T04:32:08,93.0,34.3,sensor2_serial,2,0,4,0,120,133,20.000,20.005,0,100,100,4.998695,SUCCESS,sigmoid,
2026-06-06T04:32:28,93.0,34.3,sensor2_serial,2,0,4,0,120,132,20.000,20.005,0,94,94,4.698730,SUCCESS,sigmoid,
2026-06-06T04:32:48,93.0,34.3,sensor2_serial,2,0,4,0,120,131,20.000,20.006,0,69,69,3.449039,SUCCESS,sigmoid,
2026-06-06T04:33:08,93.0,34.3,sensor2_serial,2,0,4,0,120,130,20.000,20.005,0,102,102,5.098846,SUCCESS,sigmoid,
2026-06-06T04:33:28,93.0,34.3,sensor2_serial,2,0,4,0,120,129,20.000,20.005,0,80,80,3.998985,SUCCESS,sigmoid,
2026-06-06T04:33:48,93.0,34.3,sensor2_serial,2,0,4,0,120,128,20.000,20.005,0,78,78,3.898945,SUCCESS,sigmoid,
2026-06-06T04:34:08,93.0,34.3,sensor2_serial,2,0,4,0,120,127,20.000,20.005,0,85,85,4.248881,SUCCESS,sigmoid,
2026-06-06T04:34:28,93.0,34.3,sensor2_serial,2,0,4,0,120,126,20.000,20.006,0,102,102,5.098590,SUCCESS,sigmoid,
2026-06-06T04:34:48,93.0,34.3,sensor2_serial,2,0,4,0,120,125,20.000,20.006,0,64,64,3.199120,SUCCESS,sigmoid,
2026-06-06T04:35:09,93.0,34.3,sensor2_serial,2,0,4,0,120,124,20.000,20.005,0,68,68,3.399118,SUCCESS,sigmoid,
2026-06-06T04:35:29,93.0,34.3,sensor2_serial,2,0,4,0,120,123,20.000,20.006,0,84,84,4.198833,SUCCESS,sigmoid,
2026-06-06T04:35:49,93.0,34.3,sensor2_serial,2,0,4,0,120,122,20.000,20.005,0,77,77,3.848966,SUCCESS,sigmoid,
2026-06-06T04:36:09,93.0,34.3,sensor2_serial,2,0,4,0,120,121,20.000,20.006,0,69,69,3.449016,SUCCESS,sigmoid,
2026-06-06T04:36:29,93.0,34.3,sensor2_serial,2,0,4,0,120,120,20.000,20.005,0,91,91,4.548757,SUCCESS,sigmoid,
2026-06-06T04:36:49,93.0,34.3,sensor2_serial,2,0,4,0,120,119,20.000,20.005,0,81,81,4.048909,SUCCESS,sigmoid,
2026-06-06T04:37:09,93.0,34.3,sensor2_serial,2,0,4,0,120,118,20.000,20.006,0,48,48,2.399277,SUCCESS,sigmoid,
2026-06-06T04:37:29,93.0,34.3,sensor2_serial,2,0,4,0,120,117,20.000,20.005,0,52,52,2.599321,SUCCESS,sigmoid,
2026-06-06T04:37:49,93.0,34.3,sensor2_serial,2,0,4,0,120,116,20.000,20.005,0,40,40,1.999541,SUCCESS,sigmoid,
2026-06-06T04:38:09,93.0,34.3,sensor2_serial,2,0,4,0,120,115,20.000,20.005,0,51,51,2.549323,SUCCESS,sigmoid,
2026-06-06T04:38:29,93.0,34.3,sensor2_serial,2,0,4,0,120,114,20.000,20.005,0,45,45,2.249385,SUCCESS,sigmoid,
2026-06-06T04:38:49,93.0,34.3,sensor2_serial,2,0,4,0,120,113,20.000,20.005,0,30,30,1.499597,SUCCESS,sigmoid,
2026-06-06T04:39:09,93.0,34.3,sensor2_serial,2,0,4,0,120,112,20.000,20.005,0,43,43,2.149423,SUCCESS,sigmoid,
2026-06-06T04:39:29,93.0,34.3,sensor2_serial,2,0,4,0,120,111,20.000,20.005,0,40,40,1.999491,SUCCESS,sigmoid,
2026-06-06T04:39:49,93.0,34.3,sensor2_serial,2,0,4,0,120,110,20.000,20.006,0,27,27,1.349620,SUCCESS,sigmoid,
2026-06-06T04:40:09,93.0,34.3,sensor2_serial,2,0,4,0,120,109,20.000,20.005,0,16,16,0.799794,SUCCESS,sigmoid,
2026-06-06T04:40:29,93.0,34.3,sensor2_serial,2,0,4,0,120,108,20.000,20.005,0,26,26,1.299666,SUCCESS,sigmoid,
2026-06-06T04:40:50,93.0,34.3,sensor2_serial,2,0,4,0,120,107,20.000,20.005,0,18,18,0.899754,SUCCESS,sigmoid,
2026-06-06T04:41:10,93.0,34.3,sensor2_serial,2,0,4,0,120,106,20.000,20.005,0,24,24,1.199676,SUCCESS,sigmoid,
2026-06-06T04:41:30,93.0,34.3,sensor2_serial,2,0,4,0,120,105,20.000,20.005,0,18,18,0.899762,SUCCESS,sigmoid,
2026-06-06T04:41:50,93.0,34.3,sensor2_serial,2,0,4,0,120,104,20.000,20.005,0,14,14,0.699821,SUCCESS,sigmoid,
2026-06-06T04:42:10,93.0,34.3,sensor2_serial,2,0,4,0,120,103,20.000,20.005,0,14,14,0.699821,SUCCESS,sigmoid,
2026-06-06T04:42:30,93.0,34.3,sensor2_serial,2,0,4,0,120,102,20.000,20.006,0,8,8,0.399890,SUCCESS,sigmoid,
2026-06-06T04:42:50,93.0,34.3,sensor2_serial,2,0,4,0,120,101,20.000,20.005,0,8,8,0.399897,SUCCESS,sigmoid,
2026-06-06T04:43:10,93.0,34.3,sensor2_serial,2,0,4,0,120,100,20.000,20.005,0,9,9,0.449879,SUCCESS,sigmoid,
2026-06-06T04:43:30,93.0,34.3,sensor2_serial,2,0,4,0,120,99,20.000,20.005,0,9,9,0.449886,SUCCESS,sigmoid,
2026-06-06T04:43:50,93.0,34.3,sensor2_serial,2,0,4,0,120,98,20.000,20.006,0,4,4,0.199944,SUCCESS,sigmoid,
2026-06-06T04:44:10,93.0,34.3,sensor2_serial,2,0,4,0,120,97,20.000,20.005,0,2,2,0.099974,SUCCESS,sigmoid,
2026-06-06T04:44:30,93.0,34.3,sensor2_serial,2,0,4,0,120,96,20.000,20.005,0,5,5,0.249933,SUCCESS,sigmoid,
2026-06-06T04:44:50,93.0,34.3,sensor2_serial,2,0,4,0,120,95,20.000,20.005,0,1,1,0.049987,SUCCESS,sigmoid,
2026-06-06T04:45:10,93.0,34.3,sensor2_serial,2,0,4,0,120,94,20.000,20.005,0,0,0,0.000000,SUCCESS,sigmoid,
2026-06-06T04:45:30,93.0,34.3,sensor2_serial,2,0,4,0,120,93,20.000,20.005,0,1,1,0.049987,SUCCESS,sigmoid,
2026-06-06T04:45:50,93.0,34.3,sensor2_serial,2,0,4,0,120,92,20.000,20.005,0,0,0,0.000000,SUCCESS,sigmoid,
2026-06-06T04:46:11,93.0,34.3,sensor2_serial,2,0,4,0,120,91,20.000,20.005,0,0,0,0.000000,SUCCESS,sigmoid,
2026-06-06T04:46:31,93.0,34.3,sensor2_serial,2,0,4,0,120,90,20.000,20.005,0,0,0,0.000000,SUCCESS,sigmoid,
2026-06-06T04:46:51,93.0,34.3,sensor2_serial,2,0,4,0,120,89,20.000,20.005,0,0,0,0.000000,SUCCESS,sigmoid,
2026-06-06T04:47:11,93.0,34.3,sensor2_serial,2,0,4,0,120,88,20.000,20.005,0,0,0,0.000000,SUCCESS,sigmoid,
2026-06-06T04:47:31,93.0,34.3,sensor2_serial,2,0,4,0,120,87,20.000,20.006,0,0,0,0.000000,SUCCESS,sigmoid,
2026-06-06T04:47:51,93.0,34.3,sensor2_serial,2,0,4,0,120,86,20.000,20.005,0,0,0,0.000000,SUCCESS,sigmoid,
2026-06-06T04:48:11,93.0,34.3,sensor2_serial,2,0,4,0,120,85,20.000,20.006,0,0,0,0.000000,SUCCESS,sigmoid,
2026-06-06T04:48:31,93.0,34.3,sensor2_serial,2,0,4,0,120,84,20.000,20.006,0,1,1,0.049986,SUCCESS,sigmoid,
2026-06-06T04:48:51,93.0,34.3,sensor2_serial,2,0,4,0,120,83,20.000,20.005,0,0,0,0.000000,SUCCESS,sigmoid,
2026-06-06T04:49:11,93.0,34.3,sensor2_serial,2,0,4,0,120,82,20.000,20.005,0,0,0,0.000000,SUCCESS,sigmoid,
2026-06-06T04:49:31,93.0,34.3,sensor2_serial,2,0,4,0,120,81,20.000,20.005,0,0,0,0.000000,SUCCESS,sigmoid,
2026-06-06T04:49:51,93.0,34.3,sensor2_serial,2,0,4,0,120,80,20.000,20.005,0,0,0,0.000000,SUCCESS,sigmoid,
2026-06-06T04:50:11,93.0,34.3,sensor2_serial,2,0,4,0,120,79,20.000,20.005,0,0,0,0.000000,SUCCESS,sigmoid,
2026-06-06T04:50:31,93.0,34.3,sensor2_serial,2,0,4,0,120,78,20.000,20.006,0,0,0,0.000000,SUCCESS,sigmoid,
2026-06-06T04:50:51,93.0,34.3,sensor2_serial,2,0,4,0,120,77,20.000,20.005,0,0,0,0.000000,SUCCESS,sigmoid,
2026-06-06T04:51:11,93.0,34.3,sensor2_serial,2,0,4,0,120,76,20.000,20.005,0,0,0,0.000000,SUCCESS,sigmoid,
2026-06-06T04:51:31,93.0,34.3,sensor2_serial,2,0,4,0,120,75,20.000,20.005,0,0,0,0.000000,SUCCESS,sigmoid,
2026-06-06T04:51:52,93.0,34.3,sensor2_serial,2,0,4,0,120,74,20.000,20.006,0,0,0,0.000000,SUCCESS,sigmoid,
2026-06-06T04:52:12,93.0,34.3,sensor2_serial,2,0,4,0,120,73,20.000,20.006,0,0,0,0.000000,SUCCESS,sigmoid,
2026-06-06T04:52:32,93.0,34.3,sensor2_serial,2,0,4,0,120,72,20.000,20.006,0,0,0,0.000000,SUCCESS,sigmoid,
2026-06-06T04:52:52,93.0,34.3,sensor2_serial,2,0,4,0,120,71,20.000,20.005,0,0,0,0.000000,SUCCESS,sigmoid,
2026-06-06T04:53:12,93.0,34.3,sensor2_serial,2,0,4,0,120,70,20.000,20.006,0,0,0,0.000000,SUCCESS,sigmoid,
2026-06-06T04:53:32,93.0,34.3,sensor2_serial,2,0,4,0,120,69,20.000,20.006,0,0,0,0.000000,SUCCESS,sigmoid,
2026-06-06T04:53:52,93.0,34.3,sensor2_serial,2,0,4,0,120,68,20.000,20.005,0,0,0,0.000000,SUCCESS,sigmoid,
2026-06-06T04:54:12,93.0,34.3,sensor2_serial,2,0,4,0,120,67,20.000,20.005,0,0,0,0.000000,SUCCESS,sigmoid,
2026-06-06T04:54:32,93.0,34.3,sensor2_serial,2,0,4,0,120,66,20.000,20.005,0,0,0,0.000000,SUCCESS,sigmoid,
2026-06-06T04:54:52,93.0,34.3,sensor2_serial,2,0,4,0,120,65,20.000,20.005,0,0,0,0.000000,SUCCESS,sigmoid,
2026-06-06T04:55:12,93.0,34.3,sensor2_serial,2,0,4,0,120,64,20.000,20.005,0,0,0,0.000000,SUCCESS,sigmoid,
2026-06-06T04:55:32,93.0,34.3,sensor2_serial,2,0,4,0,120,63,20.000,20.005,0,0,0,0.000000,SUCCESS,sigmoid,
2026-06-06T04:55:52,93.0,34.3,sensor2_serial,2,0,4,0,120,62,20.000,20.005,0,0,0,0.000000,SUCCESS,sigmoid,
2026-06-06T04:56:12,93.0,34.3,sensor2_serial,2,0,4,0,120,61,20.000,20.005,0,0,0,0.000000,SUCCESS,sigmoid,
2026-06-06T04:56:32,93.0,34.3,sensor2_serial,2,0,4,0,120,60,20.000,20.005,0,0,0,0.000000,SUCCESS,sigmoid,
2026-06-06T04:56:52,93.0,34.3,sensor2_serial,2,0,4,0,120,59,20.000,20.005,0,0,0,0.000000,SUCCESS,sigmoid,
2026-06-06T04:57:12,93.0,34.3,sensor2_serial,2,0,4,0,120,58,20.000,20.005,0,0,0,0.000000,SUCCESS,sigmoid,
2026-06-06T04:57:33,93.0,34.3,sensor2_serial,2,0,4,0,120,57,20.000,20.005,0,0,0,0.000000,SUCCESS,sigmoid,
2026-06-06T04:57:53,93.0,34.3,sensor2_serial,2,0,4,0,120,56,20.000,20.005,0,0,0,0.000000,SUCCESS,sigmoid,
2026-06-06T04:58:13,93.0,34.3,sensor2_serial,2,0,4,0,120,55,20.000,20.005,0,0,0,0.000000,SUCCESS,sigmoid,
2026-06-06T04:58:33,93.0,34.3,sensor2_serial,2,0,4,0,120,54,20.000,20.005,0,0,0,0.000000,SUCCESS,sigmoid,
2026-06-06T04:58:53,93.0,34.3,sensor2_serial,2,0,4,0,120,53,20.000,20.006,0,0,0,0.000000,SUCCESS,sigmoid,
2026-06-06T04:59:13,93.0,34.3,sensor2_serial,2,0,4,0,120,52,20.000,20.005,0,0,0,0.000000,SUCCESS,sigmoid,
2026-06-06T04:59:33,93.0,34.3,sensor2_serial,2,0,4,0,120,51,20.000,20.005,0,0,0,0.000000,SUCCESS,sigmoid,
2026-06-06T04:59:53,93.0,34.3,sensor2_serial,2,0,4,0,120,50,20.000,20.005,0,0,0,0.000000,SUCCESS,sigmoid,
2026-06-06T05:00:13,93.0,34.3,sensor2_serial,2,0,4,0,120,49,20.000,20.005,0,0,0,0.000000,SUCCESS,sigmoid,
2026-06-06T05:00:33,93.0,34.3,sensor2_serial,2,0,4,0,120,48,20.000,20.005,0,0,0,0.000000,SUCCESS,sigmoid,
2026-06-06T05:00:53,93.0,34.3,sensor2_serial,2,0,4,0,120,47,20.000,20.005,0,0,0,0.000000,SUCCESS,sigmoid,
2026-06-06T05:01:13,93.0,34.3,sensor2_serial,2,0,4,0,120,46,20.000,20.005,0,0,0,0.000000,SUCCESS,sigmoid,
2026-06-06T05:01:33,93.0,34.3,sensor2_serial,2,0,4,0,120,45,20.000,20.005,0,0,0,0.000000,SUCCESS,sigmoid,
2026-06-06T05:01:53,93.0,34.3,sensor2_serial,2,0,4,0,120,44,20.000,20.006,0,0,0,0.000000,SUCCESS,sigmoid,
2026-06-06T05:02:13,93.0,34.3,sensor2_serial,2,0,4,0,120,43,20.000,20.005,0,0,0,0.000000,SUCCESS,sigmoid,
2026-06-06T05:02:33,93.0,34.3,sensor2_serial,2,0,4,0,120,42,20.000,20.005,0,0,0,0.000000,SUCCESS,sigmoid,
2026-06-06T05:02:54,93.0,34.3,sensor2_serial,2,0,4,0,120,41,20.000,20.005,0,0,0,0.000000,SUCCESS,sigmoid,
2026-06-06T05:03:14,93.0,34.3,sensor2_serial,2,0,4,0,120,40,20.000,20.006,0,0,0,0.000000,SUCCESS,sigmoid,
2026-06-06T05:03:34,93.0,34.3,sensor2_serial,2,0,4,0,120,39,20.000,20.005,0,0,0,0.000000,SUCCESS,sigmoid,
2026-06-06T05:03:54,93.0,34.3,sensor2_serial,2,0,4,0,120,38,20.000,20.005,0,0,0,0.000000,SUCCESS,sigmoid,
2026-06-06T05:04:14,93.0,34.3,sensor2_serial,2,0,4,0,120,37,20.000,20.005,0,0,0,0.000000,SUCCESS,sigmoid,
2026-06-06T05:04:34,93.0,34.3,sensor2_serial,2,0,4,0,120,36,20.000,20.006,0,0,0,0.000000,SUCCESS,sigmoid,
2026-06-06T05:04:54,93.0,34.3,sensor2_serial,2,0,4,0,120,35,20.000,20.005,0,0,0,0.000000,SUCCESS,sigmoid,
2026-06-06T05:05:14,93.0,34.3,sensor2_serial,2,0,4,0,120,34,20.000,20.005,0,0,0,0.000000,SUCCESS,sigmoid,
2026-06-06T05:05:34,93.0,34.3,sensor2_serial,2,0,4,0,120,33,20.000,20.005,0,0,0,0.000000,SUCCESS,sigmoid,
2026-06-06T05:05:54,93.0,34.3,sensor2_serial,2,0,4,0,120,32,20.000,20.005,0,0,0,0.000000,SUCCESS,sigmoid,
2026-06-06T05:06:14,93.0,34.3,sensor2_serial,2,0,4,0,120,31,20.000,20.005,0,0,0,0.000000,SUCCESS,sigmoid,
2026-06-06T05:06:34,93.0,34.3,sensor2_serial,2,0,4,0,120,30,20.000,20.005,0,0,0,0.000000,SUCCESS,sigmoid,
2026-06-06T05:06:54,93.0,34.3,sensor2_serial,2,0,4,0,120,29,20.000,20.005,0,0,0,0.000000,SUCCESS,sigmoid,
2026-06-06T05:07:14,93.0,34.3,sensor2_serial,2,0,4,0,120,28,20.000,20.005,0,0,0,0.000000,SUCCESS,sigmoid,
2026-06-06T05:07:34,93.0,34.3,sensor2_serial,2,0,4,0,120,27,20.000,20.005,0,0,0,0.000000,SUCCESS,sigmoid,
2026-06-06T05:07:54,93.0,34.3,sensor2_serial,2,0,4,0,120,26,20.000,20.005,0,0,0,0.000000,SUCCESS,sigmoid,
2026-06-06T05:08:14,93.0,34.3,sensor2_serial,2,0,4,0,120,25,20.000,20.005,0,0,0,0.000000,SUCCESS,sigmoid,
2026-06-06T05:08:35,93.0,34.3,sensor2_serial,2,0,4,0,120,24,20.000,20.006,0,0,0,0.000000,SUCCESS,sigmoid,
2026-06-06T05:08:55,93.0,34.3,sensor2_serial,2,0,4,0,120,23,20.000,20.005,0,0,0,0.000000,SUCCESS,sigmoid,
2026-06-06T05:09:15,93.0,34.3,sensor2_serial,2,0,4,0,120,22,20.000,20.005,0,0,0,0.000000,SUCCESS,sigmoid,
2026-06-06T05:09:35,93.0,34.3,sensor2_serial,2,0,4,0,120,21,20.000,20.005,0,0,0,0.000000,SUCCESS,sigmoid,
2026-06-06T05:09:55,93.0,34.3,sensor2_serial,2,0,4,0,120,20,20.000,20.005,0,0,0,0.000000,SUCCESS,sigmoid,
2026-06-06T05:10:15,93.0,34.3,sensor2_serial,2,0,4,0,120,19,20.000,20.005,0,0,0,0.000000,SUCCESS,sigmoid,
2026-06-06T05:10:35,93.0,34.3,sensor2_serial,2,0,4,0,120,18,20.000,20.006,0,0,0,0.000000,SUCCESS,sigmoid,
2026-06-06T05:10:55,93.0,34.3,sensor2_serial,2,0,4,0,120,17,20.000,20.005,0,0,0,0.000000,SUCCESS,sigmoid,
2026-06-06T05:11:15,93.0,34.3,sensor2_serial,2,0,4,0,120,16,20.000,20.006,0,0,0,0.000000,SUCCESS,sigmoid,
2026-06-06T05:11:35,93.0,34.3,sensor2_serial,2,0,4,0,120,15,20.000,20.006,0,0,0,0.000000,SUCCESS,sigmoid,
2026-06-06T05:11:55,93.0,34.3,sensor2_serial,2,0,4,0,120,14,20.000,20.005,0,0,0,0.000000,SUCCESS,sigmoid,
2026-06-06T05:12:15,93.0,34.3,sensor2_serial,2,0,4,0,120,13,20.000,20.005,0,0,0,0.000000,SUCCESS,sigmoid,
2026-06-06T05:12:35,93.0,34.3,sensor2_serial,2,0,4,0,120,12,20.000,20.005,0,0,0,0.000000,SUCCESS,sigmoid,
2026-06-06T05:12:55,93.0,34.3,sensor2_serial,2,0,4,0,120,11,20.000,20.005,0,0,0,0.000000,SUCCESS,sigmoid,
2026-06-06T05:13:15,93.0,34.3,sensor2_serial,2,0,4,0,120,10,20.000,20.005,0,0,0,0.000000,SUCCESS,sigmoid,
2026-06-06T05:13:35,93.0,34.3,sensor2_serial,2,0,4,0,120,9,20.000,20.006,0,0,0,0.000000,SUCCESS,sigmoid,
2026-06-06T05:13:55,93.0,34.3,sensor2_serial,2,0,4,0,120,8,20.000,20.006,0,0,0,0.000000,SUCCESS,sigmoid,
2026-06-06T05:14:16,93.0,34.3,sensor2_serial,2,0,4,0,120,7,20.000,20.005,0,0,0,0.000000,SUCCESS,sigmoid,
2026-06-06T05:14:36,93.0,34.3,sensor2_serial,2,0,4,0,120,6,20.000,20.005,0,0,0,0.000000,SUCCESS,sigmoid,
2026-06-06T05:14:56,93.0,34.3,sensor2_serial,2,0,4,0,120,5,20.000,20.005,0,0,0,0.000000,SUCCESS,sigmoid,
2026-06-06T05:15:16,93.0,34.3,sensor2_serial,2,0,4,0,120,4,20.000,20.005,0,0,0,0.000000,SUCCESS,sigmoid,
2026-06-06T05:15:36,93.0,34.3,sensor2_serial,2,0,4,0,120,3,20.000,20.005,0,0,0,0.000000,SUCCESS,sigmoid,
2026-06-06T05:15:56,93.0,34.3,sensor2_serial,2,0,4,0,120,2,20.000,20.005,0,0,0,0.000000,SUCCESS,sigmoid,
2026-06-06T05:16:16,93.0,34.3,sensor2_serial,2,0,4,0,120,1,20.000,20.005,0,0,0,0.000000,SUCCESS,sigmoid,
2026-06-06T05:16:36,93.0,34.3,sensor2_serial,2,0,4,0,120,0,20.000,20.006,0,0,0,0.000000,SUCCESS,sigmoid,
2026-06-06T05:16:56,93.0,34.3,sensor2_serial,2,1,5,1,120,255,20.000,20.005,0,1708078,1708078,85382.179403,SUCCESS,sigmoid,
2026-06-06T05:17:16,93.0,34.3,sensor2_serial,2,1,5,1,120,254,20.000,20.006,0,1743740,1743740,87162.502130,SUCCESS,sigmoid,
2026-06-06T05:17:36,93.0,34.3,sensor2_serial,2,1,5,1,120,253,20.000,20.005,0,1797015,1797015,89826.466059,SUCCESS,sigmoid,
2026-06-06T05:17:56,93.0,34.3,sensor2_serial,2,1,5,1,120,252,20.000,20.005,0,1983551,1983551,99151.675274,SUCCESS,sigmoid,
2026-06-06T05:18:16,93.0,34.3,sensor2_serial,2,1,5,1,120,251,20.000,20.005,0,2285709,2285709,114255.270162,SUCCESS,sigmoid,
2026-06-06T05:18:36,93.0,34.3,sensor2_serial,2,1,5,1,120,250,20.000,20.006,0,2700546,2700546,134985.603607,SUCCESS,sigmoid,
2026-06-06T05:18:56,93.0,34.3,sensor2_serial,2,1,5,1,120,249,20.000,20.005,0,3074191,3074191,153667.651672,SUCCESS,sigmoid,
2026-06-06T05:19:16,93.0,34.3,sensor2_serial,2,1,5,1,120,248,20.000,20.005,0,3244638,3244638,162188.192793,SUCCESS,sigmoid,
2026-06-06T05:19:36,93.0,34.3,sensor2_serial,2,1,5,1,120,247,20.000,20.006,0,2913383,2913383,145628.730019,SUCCESS,sigmoid,
2026-06-06T05:19:57,93.0,34.3,sensor2_serial,2,1,5,1,120,246,20.000,20.005,0,2303738,2303738,115155.360865,SUCCESS,sigmoid,
2026-06-06T05:20:17,93.0,34.3,sensor2_serial,2,1,5,1,120,245,20.000,20.005,0,1602096,1602096,80083.810550,SUCCESS,sigmoid,
2026-06-06T05:20:37,93.0,34.3,sensor2_serial,2,1,5,1,120,244,20.000,20.006,0,1049210,1049210,52446.066498,SUCCESS,sigmoid,
2026-06-06T05:20:57,93.0,34.3,sensor2_serial,2,1,5,1,120,243,20.000,20.005,0,497296,497296,24858.159192,SUCCESS,sigmoid,
2026-06-06T05:21:17,93.0,34.3,sensor2_serial,2,1,5,1,120,242,20.000,20.006,0,227934,227934,11393.458641,SUCCESS,sigmoid,
2026-06-06T05:21:37,93.0,34.3,sensor2_serial,2,1,5,1,120,241,20.000,20.006,0,94461,94461,4721.732818,SUCCESS,sigmoid,
2026-06-06T05:21:57,93.0,34.3,sensor2_serial,2,1,5,1,120,240,20.000,20.005,0,40396,40396,2019.271460,SUCCESS,sigmoid,
2026-06-06T05:22:17,93.0,34.3,sensor2_serial,2,1,5,1,120,239,20.000,20.005,0,56789,56789,2838.718376,SUCCESS,sigmoid,
2026-06-06T05:22:37,93.0,34.3,sensor2_serial,2,1,5,1,120,238,20.000,20.005,0,31040,31040,1551.591747,SUCCESS,sigmoid,
2026-06-06T05:22:57,93.0,34.3,sensor2_serial,2,1,5,1,120,237,20.000,20.005,0,11221,11221,560.902322,SUCCESS,sigmoid,
2026-06-06T05:23:17,93.0,34.3,sensor2_serial,2,1,5,1,120,236,20.000,20.006,0,3900,3900,194.946066,SUCCESS,sigmoid,
2026-06-06T05:23:37,93.0,34.3,sensor2_serial,2,1,5,1,120,235,20.000,20.006,0,1480,1480,73.979280,SUCCESS,sigmoid,
2026-06-06T05:23:57,93.0,34.3,sensor2_serial,2,1,5,1,120,234,20.000,20.005,0,518,518,25.894100,SUCCESS,sigmoid,
2026-06-06T05:24:17,93.0,34.3,sensor2_serial,2,1,5,1,120,233,20.000,20.004,0,294,294,14.697423,SUCCESS,sigmoid,
2026-06-06T05:24:37,93.0,34.3,sensor2_serial,2,1,5,1,120,232,20.000,20.005,0,265,265,13.246665,SUCCESS,sigmoid,
2026-06-06T05:24:57,93.0,34.3,sensor2_serial,2,1,5,1,120,231,20.000,20.005,0,179,179,8.947698,SUCCESS,sigmoid,
2026-06-06T05:25:18,93.0,34.3,sensor2_serial,2,1,5,1,120,230,20.000,20.004,0,208,208,10.398130,SUCCESS,sigmoid,
2026-06-06T05:25:38,93.0,34.3,sensor2_serial,2,1,5,1,120,229,20.000,20.005,0,193,193,9.647359,SUCCESS,sigmoid,
2026-06-06T05:25:58,93.0,34.3,sensor2_serial,2,1,5,1,120,228,20.000,20.004,0,186,186,9.298043,SUCCESS,sigmoid,
2026-06-06T05:26:18,93.0,34.3,sensor2_serial,2,1,5,1,120,227,20.000,20.004,0,194,194,9.697830,SUCCESS,sigmoid,
2026-06-06T05:26:38,93.0,34.3,sensor2_serial,2,1,5,1,120,226,20.000,20.004,0,190,190,9.497899,SUCCESS,sigmoid,
2026-06-06T05:26:58,93.0,34.3,sensor2_serial,2,1,5,1,120,225,20.000,20.004,0,200,200,9.997797,SUCCESS,sigmoid,
2026-06-06T05:27:18,93.0,34.3,sensor2_serial,2,1,5,1,120,224,20.000,20.004,0,178,178,8.898132,SUCCESS,sigmoid,
2026-06-06T05:27:38,93.0,34.3,sensor2_serial,2,1,5,1,120,223,20.000,20.004,0,183,183,9.148099,SUCCESS,sigmoid,
2026-06-06T05:27:58,93.0,34.3,sensor2_serial,2,1,5,1,120,222,20.000,20.004,0,200,200,9.997817,SUCCESS,sigmoid,
2026-06-06T05:28:18,93.0,34.3,sensor2_serial,2,1,5,1,120,221,20.000,20.004,0,162,162,8.098361,SUCCESS,sigmoid,
2026-06-06T05:28:38,93.0,34.3,sensor2_serial,2,1,5,1,120,220,20.000,20.005,0,188,188,9.397460,SUCCESS,sigmoid,
2026-06-06T05:28:58,93.0,34.3,sensor2_serial,2,1,5,1,120,219,20.000,20.004,0,158,158,7.898327,SUCCESS,sigmoid,
2026-06-06T05:29:18,93.0,34.3,sensor2_serial,2,1,5,1,120,218,20.000,20.005,0,180,180,8.997587,SUCCESS,sigmoid,
2026-06-06T05:29:38,93.0,34.3,sensor2_serial,2,1,5,1,120,217,20.000,20.004,0,170,170,8.498246,SUCCESS,sigmoid,
2026-06-06T05:29:58,93.0,34.3,sensor2_serial,2,1,5,1,120,216,20.000,20.004,0,175,175,8.748102,SUCCESS,sigmoid,
2026-06-06T05:30:18,93.0,34.3,sensor2_serial,2,1,5,1,120,215,20.000,20.005,0,184,184,9.197608,SUCCESS,sigmoid,
2026-06-06T05:30:38,93.0,34.3,sensor2_serial,2,1,5,1,120,214,20.000,20.005,0,195,195,9.747463,SUCCESS,sigmoid,
2026-06-06T05:30:59,93.0,34.3,sensor2_serial,2,1,5,1,120,213,20.000,20.004,0,171,171,8.548206,SUCCESS,sigmoid,
2026-06-06T05:31:19,93.0,34.3,sensor2_serial,2,1,5,1,120,212,20.000,20.005,0,190,190,9.497453,SUCCESS,sigmoid,
2026-06-06T05:31:39,93.0,34.3,sensor2_serial,2,1,5,1,120,211,20.000,20.004,0,188,188,9.397968,SUCCESS,sigmoid,
2026-06-06T05:31:59,93.0,34.3,sensor2_serial,2,1,5,1,120,210,20.000,20.004,0,154,154,7.698374,SUCCESS,sigmoid,
2026-06-06T05:32:19,93.0,34.3,sensor2_serial,2,1,5,1,120,209,20.000,20.004,0,181,181,9.048099,SUCCESS,sigmoid,
2026-06-06T05:32:39,93.0,34.3,sensor2_serial,2,1,5,1,120,208,20.000,20.005,0,173,173,8.647698,SUCCESS,sigmoid,
2026-06-06T05:32:59,93.0,34.3,sensor2_serial,2,1,5,1,120,207,20.000,20.005,0,164,164,8.198114,SUCCESS,sigmoid,
2026-06-06T05:33:19,93.0,34.3,sensor2_serial,2,1,5,1,120,206,20.000,20.004,0,186,186,9.297924,SUCCESS,sigmoid,
2026-06-06T05:33:39,93.0,34.3,sensor2_serial,2,1,5,1,120,205,20.000,20.004,0,173,173,8.648178,SUCCESS,sigmoid,
2026-06-06T05:33:59,93.0,34.3,sensor2_serial,2,1,5,1,120,204,20.000,20.004,0,194,194,9.697929,SUCCESS,sigmoid,
2026-06-06T05:34:19,93.0,34.3,sensor2_serial,2,1,5,1,120,203,20.000,20.005,0,171,171,8.548036,SUCCESS,sigmoid,
2026-06-06T05:34:39,93.0,34.3,sensor2_serial,2,1,5,1,120,202,20.000,20.004,0,169,169,8.448136,SUCCESS,sigmoid,
2026-06-06T05:34:59,93.0,34.3,sensor2_serial,2,1,5,1,120,201,20.000,20.005,0,172,172,8.597719,SUCCESS,sigmoid,
2026-06-06T05:35:19,93.0,34.3,sensor2_serial,2,1,5,1,120,200,20.000,20.005,0,169,169,8.447864,SUCCESS,sigmoid,
2026-06-06T05:35:39,93.0,34.3,sensor2_serial,2,1,5,1,120,199,20.000,20.006,0,194,194,9.697244,SUCCESS,sigmoid,
2026-06-06T05:35:59,93.0,34.3,sensor2_serial,2,1,5,1,120,198,20.000,20.004,0,169,169,8.448196,SUCCESS,sigmoid,
2026-06-06T05:36:19,93.0,34.3,sensor2_serial,2,1,5,1,120,197,20.000,20.004,0,183,183,9.147986,SUCCESS,sigmoid,
2026-06-06T05:36:40,93.0,34.3,sensor2_serial,2,1,5,1,120,196,20.000,20.005,0,169,169,8.447796,SUCCESS,sigmoid,
2026-06-06T05:37:00,93.0,34.3,sensor2_serial,2,1,5,1,120,195,20.000,20.004,0,176,176,8.798227,SUCCESS,sigmoid,
2026-06-06T05:37:20,93.0,34.3,sensor2_serial,2,1,5,1,120,194,20.000,20.005,0,146,146,7.298254,SUCCESS,sigmoid,
2026-06-06T05:37:40,93.0,34.3,sensor2_serial,2,1,5,1,120,193,20.000,20.005,0,180,180,8.997938,SUCCESS,sigmoid,
2026-06-06T05:38:00,93.0,34.3,sensor2_serial,2,1,5,1,120,192,20.000,20.005,0,183,183,9.147735,SUCCESS,sigmoid,
2026-06-06T05:38:20,93.0,34.3,sensor2_serial,2,1,5,1,120,191,20.000,20.005,0,165,165,8.247891,SUCCESS,sigmoid,
2026-06-06T05:38:40,93.0,34.3,sensor2_serial,2,1,5,1,120,190,20.000,20.004,0,187,187,9.347926,SUCCESS,sigmoid,
2026-06-06T05:39:00,93.0,34.3,sensor2_serial,2,1,5,1,120,189,20.000,20.004,0,176,176,8.798150,SUCCESS,sigmoid,
2026-06-06T05:39:20,93.0,34.3,sensor2_serial,2,1,5,1,120,188,20.000,20.005,0,179,179,8.947550,SUCCESS,sigmoid,
2026-06-06T05:39:40,93.0,34.3,sensor2_serial,2,1,5,1,120,187,20.000,20.006,0,168,168,8.397607,SUCCESS,sigmoid,
2026-06-06T05:40:00,93.0,34.3,sensor2_serial,2,1,5,1,120,186,20.000,20.004,0,154,154,7.698268,SUCCESS,sigmoid,
2026-06-06T05:40:20,93.0,34.3,sensor2_serial,2,1,5,1,120,185,20.000,20.005,0,187,187,9.347567,SUCCESS,sigmoid,
2026-06-06T05:40:40,93.0,34.3,sensor2_serial,2,1,5,1,120,184,20.000,20.004,0,171,171,8.548145,SUCCESS,sigmoid,
2026-06-06T05:41:00,93.0,34.3,sensor2_serial,2,1,5,1,120,183,20.000,20.005,0,182,182,9.097839,SUCCESS,sigmoid,
2026-06-06T05:41:20,93.0,34.3,sensor2_serial,2,1,5,1,120,182,20.000,20.004,0,177,177,8.848034,SUCCESS,sigmoid,
2026-06-06T05:41:40,93.0,34.3,sensor2_serial,2,1,5,1,120,181,20.000,20.005,0,170,170,8.497764,SUCCESS,sigmoid,
2026-06-06T05:42:00,93.0,34.3,sensor2_serial,2,1,5,1,120,180,20.000,20.004,0,179,179,8.948079,SUCCESS,sigmoid,
2026-06-06T05:42:21,93.0,34.3,sensor2_serial,2,1,5,1,120,179,20.000,20.004,0,167,167,8.348129,SUCCESS,sigmoid,
2026-06-06T05:42:41,93.0,34.3,sensor2_serial,2,1,5,1,120,178,20.000,20.004,0,146,146,7.298367,SUCCESS,sigmoid,
2026-06-06T05:43:01,93.0,34.3,sensor2_serial,2,1,5,1,120,177,20.000,20.005,0,181,181,9.047683,SUCCESS,sigmoid,
2026-06-06T05:43:21,93.0,34.3,sensor2_serial,2,1,5,1,120,176,20.000,20.005,0,190,190,9.497580,SUCCESS,sigmoid,
2026-06-06T05:43:41,93.0,34.3,sensor2_serial,2,1,5,1,120,175,20.000,20.004,0,169,169,8.448155,SUCCESS,sigmoid,
2026-06-06T05:44:01,93.0,34.3,sensor2_serial,2,1,5,1,120,174,20.000,20.005,0,182,182,9.097615,SUCCESS,sigmoid,
2026-06-06T05:44:21,93.0,34.3,sensor2_serial,2,1,5,1,120,173,20.000,20.005,0,168,168,8.397717,SUCCESS,sigmoid,
2026-06-06T05:44:41,93.0,34.3,sensor2_serial,2,1,5,1,120,172,20.000,20.004,0,171,171,8.548234,SUCCESS,sigmoid,
2026-06-06T05:45:01,93.0,34.3,sensor2_serial,2,1,5,1,120,171,20.000,20.004,0,164,164,8.198234,SUCCESS,sigmoid,
2026-06-06T05:45:21,93.0,34.3,sensor2_serial,2,1,5,1,120,170,20.000,20.005,0,175,175,8.747720,SUCCESS,sigmoid,
2026-06-06T05:45:41,93.0,34.3,sensor2_serial,2,1,5,1,120,169,20.000,20.004,0,150,150,7.498389,SUCCESS,sigmoid,
2026-06-06T05:46:01,93.0,34.3,sensor2_serial,2,1,5,1,120,168,20.000,20.004,0,162,162,8.098233,SUCCESS,sigmoid,
2026-06-06T05:46:21,93.0,34.3,sensor2_serial,2,1,5,1,120,167,20.000,20.004,0,171,171,8.548189,SUCCESS,sigmoid,
2026-06-06T05:46:41,93.0,34.3,sensor2_serial,2,1,5,1,120,166,20.000,20.004,0,173,173,8.648241,SUCCESS,sigmoid,
2026-06-06T05:47:01,93.0,34.3,sensor2_serial,2,1,5,1,120,165,20.000,20.004,0,158,158,7.898322,SUCCESS,sigmoid,
2026-06-06T05:47:21,93.0,34.3,sensor2_serial,2,1,5,1,120,164,20.000,20.006,0,168,168,8.397616,SUCCESS,sigmoid,
2026-06-06T05:47:41,93.0,34.3,sensor2_serial,2,1,5,1,120,163,20.000,20.005,0,168,168,8.397708,SUCCESS,sigmoid,
2026-06-06T05:48:02,93.0,34.3,sensor2_serial,2,1,5,1,120,162,20.000,20.005,0,134,134,6.698289,SUCCESS,sigmoid,
2026-06-06T05:48:22,93.0,34.3,sensor2_serial,2,1,5,1,120,161,20.000,20.005,0,157,157,7.847936,SUCCESS,sigmoid,
2026-06-06T05:48:42,93.0,34.3,sensor2_serial,2,1,5,1,120,160,20.000,20.004,0,150,150,7.498382,SUCCESS,sigmoid,
2026-06-06T05:49:02,93.0,34.3,sensor2_serial,2,1,5,1,120,159,20.000,20.004,0,153,153,7.648457,SUCCESS,sigmoid,
2026-06-06T05:49:22,93.0,34.3,sensor2_serial,2,1,5,1,120,158,20.000,20.004,0,172,172,8.598089,SUCCESS,sigmoid,
2026-06-06T05:49:42,93.0,34.3,sensor2_serial,2,1,5,1,120,157,20.000,20.004,0,157,157,7.848262,SUCCESS,sigmoid,
2026-06-06T05:50:02,93.0,34.3,sensor2_serial,2,1,5,1,120,156,20.000,20.004,0,158,158,7.898238,SUCCESS,sigmoid,
2026-06-06T05:50:22,93.0,34.3,sensor2_serial,2,1,5,1,120,155,20.000,20.005,0,150,150,7.498282,SUCCESS,sigmoid,
2026-06-06T05:50:42,93.0,34.3,sensor2_serial,2,1,5,1,120,154,20.000,20.004,0,158,158,7.898311,SUCCESS,sigmoid,
2026-06-06T05:51:02,93.0,34.3,sensor2_serial,2,1,5,1,120,153,20.000,20.006,0,138,138,6.898029,SUCCESS,sigmoid,
2026-06-06T05:51:22,93.0,34.3,sensor2_serial,2,1,5,1,120,152,20.000,20.005,0,159,159,7.948168,SUCCESS,sigmoid,
2026-06-06T05:51:42,93.0,34.3,sensor2_serial,2,1,5,1,120,151,20.000,20.006,0,141,141,7.047963,SUCCESS,sigmoid,
2026-06-06T05:52:02,93.0,34.3,sensor2_serial,2,1,5,1,120,150,20.000,20.006,0,124,124,6.198228,SUCCESS,sigmoid,
2026-06-06T05:52:22,93.0,34.3,sensor2_serial,2,1,5,1,120,149,20.000,20.004,0,140,140,6.998453,SUCCESS,sigmoid,
2026-06-06T05:52:42,93.0,34.3,sensor2_serial,2,1,5,1,120,148,20.000,20.005,0,146,146,7.298088,SUCCESS,sigmoid,
2026-06-06T05:53:02,93.0,34.3,sensor2_serial,2,1,5,1,120,147,20.000,20.005,0,140,140,6.998172,SUCCESS,sigmoid,
2026-06-06T05:53:22,93.0,34.3,sensor2_serial,2,1,5,1,120,146,20.000,20.004,0,141,141,7.048500,SUCCESS,sigmoid,
2026-06-06T05:53:43,93.0,34.3,sensor2_serial,2,1,5,1,120,145,20.000,20.004,0,117,117,5.848708,SUCCESS,sigmoid,
2026-06-06T05:54:03,93.0,34.3,sensor2_serial,2,1,5,1,120,144,20.000,20.004,0,127,127,6.348649,SUCCESS,sigmoid,
2026-06-06T05:54:23,93.0,34.3,sensor2_serial,2,1,5,1,120,143,20.000,20.004,0,118,118,5.898790,SUCCESS,sigmoid,
2026-06-06T05:54:43,93.0,34.3,sensor2_serial,2,1,5,1,120,142,20.000,20.004,0,159,159,7.948302,SUCCESS,sigmoid,
2026-06-06T05:55:03,93.0,34.3,sensor2_serial,2,1,5,1,120,141,20.000,20.005,0,120,120,5.998634,SUCCESS,sigmoid,
2026-06-06T05:55:23,93.0,34.3,sensor2_serial,2,1,5,1,120,140,20.000,20.004,0,112,112,5.598811,SUCCESS,sigmoid,
2026-06-06T05:55:43,93.0,34.3,sensor2_serial,2,1,5,1,120,139,20.000,20.005,0,147,147,7.348267,SUCCESS,sigmoid,
2026-06-06T05:56:03,93.0,34.3,sensor2_serial,2,1,5,1,120,138,20.000,20.006,0,101,101,5.048560,SUCCESS,sigmoid,
2026-06-06T05:56:23,93.0,34.3,sensor2_serial,2,1,5,1,120,137,20.000,20.004,0,130,130,6.498651,SUCCESS,sigmoid,
2026-06-06T05:56:43,93.0,34.3,sensor2_serial,2,1,5,1,120,136,20.000,20.005,0,122,122,6.098427,SUCCESS,sigmoid,
2026-06-06T05:57:03,93.0,34.3,sensor2_serial,2,1,5,1,120,135,20.000,20.004,0,120,120,5.998685,SUCCESS,sigmoid,
2026-06-06T05:57:23,93.0,34.3,sensor2_serial,2,1,5,1,120,134,20.000,20.006,0,99,99,4.948606,SUCCESS,sigmoid,
2026-06-06T05:57:43,93.0,34.3,sensor2_serial,2,1,5,1,120,133,20.000,20.004,0,110,110,5.498910,SUCCESS,sigmoid,
2026-06-06T05:58:03,93.0,34.3,sensor2_serial,2,1,5,1,120,132,20.000,20.005,0,91,91,4.548771,SUCCESS,sigmoid,
2026-06-06T05:58:23,93.0,34.3,sensor2_serial,2,1,5,1,120,131,20.000,20.004,0,111,111,5.548804,SUCCESS,sigmoid,
2026-06-06T05:58:43,93.0,34.3,sensor2_serial,2,1,5,1,120,130,20.000,20.004,0,104,104,5.198853,SUCCESS,sigmoid,
2026-06-06T05:59:03,93.0,34.3,sensor2_serial,2,1,5,1,120,129,20.000,20.005,0,115,115,5.748428,SUCCESS,sigmoid,
2026-06-06T05:59:24,93.0,34.3,sensor2_serial,2,1,5,1,120,128,20.000,20.005,0,90,90,4.498796,SUCCESS,sigmoid,
2026-06-06T05:59:44,93.0,34.3,sensor2_serial,2,1,5,1,120,127,20.000,20.005,0,104,104,5.198631,SUCCESS,sigmoid,
2026-06-06T06:00:04,93.0,34.3,sensor2_serial,2,1,5,1,120,126,20.000,20.004,0,107,107,5.348843,SUCCESS,sigmoid,
2026-06-06T06:00:24,93.0,34.3,sensor2_serial,2,1,5,1,120,125,20.000,20.006,0,89,89,4.448769,SUCCESS,sigmoid,
2026-06-06T06:00:44,93.0,34.3,sensor2_serial,2,1,5,1,120,124,20.000,20.005,0,93,93,4.648723,SUCCESS,sigmoid,
2026-06-06T06:01:04,93.0,34.3,sensor2_serial,2,1,5,1,120,123,20.000,20.005,0,76,76,3.799014,SUCCESS,sigmoid,
2026-06-06T06:01:24,93.0,34.3,sensor2_serial,2,1,5,1,120,122,20.000,20.005,0,80,80,3.998981,SUCCESS,sigmoid,
2026-06-06T06:01:44,93.0,34.3,sensor2_serial,2,1,5,1,120,121,20.000,20.005,0,80,80,3.998925,SUCCESS,sigmoid,
2026-06-06T06:02:04,93.0,34.3,sensor2_serial,2,1,5,1,120,120,20.000,20.005,0,75,75,3.748980,SUCCESS,sigmoid,
2026-06-06T06:02:24,93.0,34.3,sensor2_serial,2,1,5,1,120,119,20.000,20.006,0,58,58,2.899187,SUCCESS,sigmoid,
2026-06-06T06:02:44,93.0,34.3,sensor2_serial,2,1,5,1,120,118,20.000,20.006,0,67,67,3.349068,SUCCESS,sigmoid,
2026-06-06T06:03:04,93.0,34.3,sensor2_serial,2,1,5,1,120,117,20.000,20.005,0,62,62,3.099158,SUCCESS,sigmoid,
2026-06-06T06:03:24,93.0,34.3,sensor2_serial,2,1,5,1,120,116,20.000,20.005,0,60,60,2.999195,SUCCESS,sigmoid,
2026-06-06T06:03:44,93.0,34.3,sensor2_serial,2,1,5,1,120,115,20.000,20.005,0,57,57,2.849228,SUCCESS,sigmoid,
2026-06-06T06:04:04,93.0,34.3,sensor2_serial,2,1,5,1,120,114,20.000,20.006,0,46,46,2.299365,SUCCESS,sigmoid,
2026-06-06T06:04:24,93.0,34.3,sensor2_serial,2,1,5,1,120,113,20.000,20.005,0,51,51,2.549342,SUCCESS,sigmoid,
2026-06-06T06:04:44,93.0,34.3,sensor2_serial,2,1,5,1,120,112,20.000,20.005,0,45,45,2.249393,SUCCESS,sigmoid,
2026-06-06T06:05:05,93.0,34.3,sensor2_serial,2,1,5,1,120,111,20.000,20.005,0,47,47,2.349378,SUCCESS,sigmoid,
2026-06-06T06:05:25,93.0,34.3,sensor2_serial,2,1,5,1,120,110,20.000,20.006,0,38,38,1.899465,SUCCESS,sigmoid,
2026-06-06T06:05:45,93.0,34.3,sensor2_serial,2,1,5,1,120,109,20.000,20.005,0,28,28,1.399635,SUCCESS,sigmoid,
2026-06-06T06:06:05,93.0,34.3,sensor2_serial,2,1,5,1,120,108,20.000,20.005,0,27,27,1.349636,SUCCESS,sigmoid,
2026-06-06T06:06:25,93.0,34.3,sensor2_serial,2,1,5,1,120,107,20.000,20.006,0,24,24,1.199664,SUCCESS,sigmoid,
2026-06-06T06:06:45,93.0,34.3,sensor2_serial,2,1,5,1,120,106,20.000,20.005,0,35,35,1.749558,SUCCESS,sigmoid,
2026-06-06T06:07:05,93.0,34.3,sensor2_serial,2,1,5,1,120,105,20.000,20.005,0,24,24,1.199681,SUCCESS,sigmoid,
2026-06-06T06:07:25,93.0,34.3,sensor2_serial,2,1,5,1,120,104,20.000,20.006,0,14,14,0.699793,SUCCESS,sigmoid,
2026-06-06T06:07:45,93.0,34.3,sensor2_serial,2,1,5,1,120,103,20.000,20.005,0,8,8,0.399895,SUCCESS,sigmoid,
2026-06-06T06:08:05,93.0,34.3,sensor2_serial,2,1,5,1,120,102,20.000,20.005,0,14,14,0.699814,SUCCESS,sigmoid,
2026-06-06T06:08:25,93.0,34.3,sensor2_serial,2,1,5,1,120,101,20.000,20.005,0,7,7,0.349908,SUCCESS,sigmoid,
2026-06-06T06:08:45,93.0,34.3,sensor2_serial,2,1,5,1,120,100,20.000,20.005,0,4,4,0.199949,SUCCESS,sigmoid,
2026-06-06T06:09:05,93.0,34.3,sensor2_serial,2,1,5,1,120,99,20.000,20.005,0,4,4,0.199948,SUCCESS,sigmoid,
2026-06-06T06:09:25,93.0,34.3,sensor2_serial,2,1,5,1,120,98,20.000,20.006,0,4,4,0.199944,SUCCESS,sigmoid,
2026-06-06T06:09:45,93.0,34.3,sensor2_serial,2,1,5,1,120,97,20.000,20.005,0,5,5,0.249934,SUCCESS,sigmoid,
2026-06-06T06:10:05,93.0,34.3,sensor2_serial,2,1,5,1,120,96,20.000,20.005,0,2,2,0.099975,SUCCESS,sigmoid,
2026-06-06T06:10:26,93.0,34.3,sensor2_serial,2,1,5,1,120,95,20.000,20.005,0,1,1,0.049988,SUCCESS,sigmoid,
2026-06-06T06:10:46,93.0,34.3,sensor2_serial,2,1,5,1,120,94,20.000,20.006,0,1,1,0.049986,SUCCESS,sigmoid,
2026-06-06T06:11:06,93.0,34.3,sensor2_serial,2,1,5,1,120,93,20.000,20.005,0,1,1,0.049987,SUCCESS,sigmoid,
2026-06-06T06:11:26,93.0,34.3,sensor2_serial,2,1,5,1,120,92,20.000,20.005,0,1,1,0.049987,SUCCESS,sigmoid,
2026-06-06T06:11:46,93.0,34.3,sensor2_serial,2,1,5,1,120,91,20.000,20.005,0,2,2,0.099973,SUCCESS,sigmoid,
2026-06-06T06:12:06,93.0,34.3,sensor2_serial,2,1,5,1,120,90,20.000,20.005,0,0,0,0.000000,SUCCESS,sigmoid,
2026-06-06T06:12:26,93.0,34.3,sensor2_serial,2,1,5,1,120,89,20.000,20.005,0,1,1,0.049987,SUCCESS,sigmoid,
2026-06-06T06:12:46,93.0,34.3,sensor2_serial,2,1,5,1,120,88,20.000,20.005,0,0,0,0.000000,SUCCESS,sigmoid,
2026-06-06T06:13:06,93.0,34.3,sensor2_serial,2,1,5,1,120,87,20.000,20.006,0,0,0,0.000000,SUCCESS,sigmoid,
2026-06-06T06:13:26,93.0,34.3,sensor2_serial,2,1,5,1,120,86,20.000,20.005,0,0,0,0.000000,SUCCESS,sigmoid,
2026-06-06T06:13:46,93.0,34.3,sensor2_serial,2,1,5,1,120,85,20.000,20.006,0,0,0,0.000000,SUCCESS,sigmoid,
2026-06-06T06:14:06,93.0,34.3,sensor2_serial,2,1,5,1,120,84,20.000,20.005,0,0,0,0.000000,SUCCESS,sigmoid,
2026-06-06T06:14:26,93.0,34.3,sensor2_serial,2,1,5,1,120,83,20.000,20.005,0,0,0,0.000000,SUCCESS,sigmoid,
2026-06-06T06:14:46,93.0,34.3,sensor2_serial,2,1,5,1,120,82,20.000,20.005,0,0,0,0.000000,SUCCESS,sigmoid,
2026-06-06T06:15:06,93.0,34.3,sensor2_serial,2,1,5,1,120,81,20.000,20.005,0,0,0,0.000000,SUCCESS,sigmoid,
2026-06-06T06:15:26,93.0,34.3,sensor2_serial,2,1,5,1,120,80,20.000,20.005,0,0,0,0.000000,SUCCESS,sigmoid,
2026-06-06T06:15:46,93.0,34.3,sensor2_serial,2,1,5,1,120,79,20.000,20.006,0,0,0,0.000000,SUCCESS,sigmoid,
2026-06-06T06:16:07,93.0,34.3,sensor2_serial,2,1,5,1,120,78,20.000,20.005,0,0,0,0.000000,SUCCESS,sigmoid,
2026-06-06T06:16:27,93.0,34.3,sensor2_serial,2,1,5,1,120,77,20.000,20.006,0,0,0,0.000000,SUCCESS,sigmoid,
2026-06-06T06:16:47,93.0,34.3,sensor2_serial,2,1,5,1,120,76,20.000,20.005,0,0,0,0.000000,SUCCESS,sigmoid,
2026-06-06T06:17:07,93.0,34.3,sensor2_serial,2,1,5,1,120,75,20.000,20.005,0,0,0,0.000000,SUCCESS,sigmoid,
2026-06-06T06:17:27,93.0,34.3,sensor2_serial,2,1,5,1,120,74,20.000,20.005,0,0,0,0.000000,SUCCESS,sigmoid,
2026-06-06T06:17:47,93.0,34.3,sensor2_serial,2,1,5,1,120,73,20.000,20.005,0,0,0,0.000000,SUCCESS,sigmoid,
2026-06-06T06:18:07,93.0,34.3,sensor2_serial,2,1,5,1,120,72,20.000,20.005,0,0,0,0.000000,SUCCESS,sigmoid,
2026-06-06T06:18:27,93.0,34.3,sensor2_serial,2,1,5,1,120,71,20.000,20.005,0,0,0,0.000000,SUCCESS,sigmoid,
2026-06-06T06:18:47,93.0,34.3,sensor2_serial,2,1,5,1,120,70,20.000,20.005,0,0,0,0.000000,SUCCESS,sigmoid,
2026-06-06T06:19:07,93.0,34.3,sensor2_serial,2,1,5,1,120,69,20.000,20.006,0,0,0,0.000000,SUCCESS,sigmoid,
2026-06-06T06:19:27,93.0,34.3,sensor2_serial,2,1,5,1,120,68,20.000,20.006,0,0,0,0.000000,SUCCESS,sigmoid,
2026-06-06T06:19:47,93.0,34.3,sensor2_serial,2,1,5,1,120,67,20.000,20.005,0,0,0,0.000000,SUCCESS,sigmoid,
2026-06-06T06:20:07,93.0,34.3,sensor2_serial,2,1,5,1,120,66,20.000,20.005,0,0,0,0.000000,SUCCESS,sigmoid,
2026-06-06T06:20:27,93.0,34.3,sensor2_serial,2,1,5,1,120,65,20.000,20.006,0,0,0,0.000000,SUCCESS,sigmoid,
2026-06-06T06:20:47,93.0,34.3,sensor2_serial,2,1,5,1,120,64,20.000,20.005,0,0,0,0.000000,SUCCESS,sigmoid,
2026-06-06T06:21:07,93.0,34.3,sensor2_serial,2,1,5,1,120,63,20.000,20.006,0,0,0,0.000000,SUCCESS,sigmoid,
2026-06-06T06:21:27,93.0,34.3,sensor2_serial,2,1,5,1,120,62,20.000,20.005,0,0,0,0.000000,SUCCESS,sigmoid,
2026-06-06T06:21:48,93.0,34.3,sensor2_serial,2,1,5,1,120,61,20.000,20.005,0,0,0,0.000000,SUCCESS,sigmoid,
2026-06-06T06:22:08,93.0,34.3,sensor2_serial,2,1,5,1,120,60,20.000,20.005,0,0,0,0.000000,SUCCESS,sigmoid,
2026-06-06T06:22:28,93.0,34.3,sensor2_serial,2,1,5,1,120,59,20.000,20.005,0,0,0,0.000000,SUCCESS,sigmoid,
2026-06-06T06:22:48,93.0,34.3,sensor2_serial,2,1,5,1,120,58,20.000,20.006,0,0,0,0.000000,SUCCESS,sigmoid,
2026-06-06T06:23:08,93.0,34.3,sensor2_serial,2,1,5,1,120,57,20.000,20.005,0,0,0,0.000000,SUCCESS,sigmoid,
2026-06-06T06:23:28,93.0,34.3,sensor2_serial,2,1,5,1,120,56,20.000,20.006,0,0,0,0.000000,SUCCESS,sigmoid,
2026-06-06T06:23:48,93.0,34.3,sensor2_serial,2,1,5,1,120,55,20.000,20.005,0,0,0,0.000000,SUCCESS,sigmoid,
2026-06-06T06:24:08,93.0,34.3,sensor2_serial,2,1,5,1,120,54,20.000,20.005,0,0,0,0.000000,SUCCESS,sigmoid,
2026-06-06T06:24:28,93.0,34.3,sensor2_serial,2,1,5,1,120,53,20.000,20.005,0,0,0,0.000000,SUCCESS,sigmoid,
2026-06-06T06:24:48,93.0,34.3,sensor2_serial,2,1,5,1,120,52,20.000,20.005,0,0,0,0.000000,SUCCESS,sigmoid,
2026-06-06T06:25:08,93.0,34.3,sensor2_serial,2,1,5,1,120,51,20.000,20.005,0,0,0,0.000000,SUCCESS,sigmoid,
2026-06-06T06:25:28,93.0,34.3,sensor2_serial,2,1,5,1,120,50,20.000,20.005,0,0,0,0.000000,SUCCESS,sigmoid,
2026-06-06T06:25:48,93.0,34.3,sensor2_serial,2,1,5,1,120,49,20.000,20.005,0,0,0,0.000000,SUCCESS,sigmoid,
2026-06-06T06:26:08,93.0,34.3,sensor2_serial,2,1,5,1,120,48,20.000,20.005,0,0,0,0.000000,SUCCESS,sigmoid,
2026-06-06T06:26:28,93.0,34.3,sensor2_serial,2,1,5,1,120,47,20.000,20.005,0,0,0,0.000000,SUCCESS,sigmoid,
2026-06-06T06:26:48,93.0,34.3,sensor2_serial,2,1,5,1,120,46,20.000,20.005,0,0,0,0.000000,SUCCESS,sigmoid,
2026-06-06T06:27:08,93.0,34.3,sensor2_serial,2,1,5,1,120,45,20.000,20.005,0,0,0,0.000000,SUCCESS,sigmoid,
2026-06-06T06:27:29,93.0,34.3,sensor2_serial,2,1,5,1,120,44,20.000,20.005,0,0,0,0.000000,SUCCESS,sigmoid,
2026-06-06T06:27:49,93.0,34.3,sensor2_serial,2,1,5,1,120,43,20.000,20.005,0,0,0,0.000000,SUCCESS,sigmoid,
2026-06-06T06:28:09,93.0,34.3,sensor2_serial,2,1,5,1,120,42,20.000,20.005,0,0,0,0.000000,SUCCESS,sigmoid,
2026-06-06T06:28:29,93.0,34.3,sensor2_serial,2,1,5,1,120,41,20.000,20.006,0,0,0,0.000000,SUCCESS,sigmoid,
2026-06-06T06:28:49,93.0,34.3,sensor2_serial,2,1,5,1,120,40,20.000,20.005,0,0,0,0.000000,SUCCESS,sigmoid,
2026-06-06T06:29:09,93.0,34.3,sensor2_serial,2,1,5,1,120,39,20.000,20.005,0,0,0,0.000000,SUCCESS,sigmoid,
2026-06-06T06:29:29,93.0,34.3,sensor2_serial,2,1,5,1,120,38,20.000,20.006,0,0,0,0.000000,SUCCESS,sigmoid,
2026-06-06T06:29:49,93.0,34.3,sensor2_serial,2,1,5,1,120,37,20.000,20.005,0,0,0,0.000000,SUCCESS,sigmoid,
2026-06-06T06:30:09,93.0,34.3,sensor2_serial,2,1,5,1,120,36,20.000,20.005,0,0,0,0.000000,SUCCESS,sigmoid,
2026-06-06T06:30:29,93.0,34.3,sensor2_serial,2,1,5,1,120,35,20.000,20.005,0,0,0,0.000000,SUCCESS,sigmoid,
2026-06-06T06:30:49,93.0,34.3,sensor2_serial,2,1,5,1,120,34,20.000,20.006,0,0,0,0.000000,SUCCESS,sigmoid,
2026-06-06T06:31:09,93.0,34.3,sensor2_serial,2,1,5,1,120,33,20.000,20.005,0,0,0,0.000000,SUCCESS,sigmoid,
2026-06-06T06:31:29,93.0,34.3,sensor2_serial,2,1,5,1,120,32,20.000,20.006,0,0,0,0.000000,SUCCESS,sigmoid,
2026-06-06T06:31:49,93.0,34.3,sensor2_serial,2,1,5,1,120,31,20.000,20.005,0,0,0,0.000000,SUCCESS,sigmoid,
2026-06-06T06:32:09,93.0,34.3,sensor2_serial,2,1,5,1,120,30,20.000,20.006,0,0,0,0.000000,SUCCESS,sigmoid,
2026-06-06T06:32:29,93.0,34.3,sensor2_serial,2,1,5,1,120,29,20.000,20.005,0,0,0,0.000000,SUCCESS,sigmoid,
2026-06-06T06:32:50,93.0,34.3,sensor2_serial,2,1,5,1,120,28,20.000,20.005,0,0,0,0.000000,SUCCESS,sigmoid,
2026-06-06T06:33:10,93.0,34.3,sensor2_serial,2,1,5,1,120,27,20.000,20.005,0,0,0,0.000000,SUCCESS,sigmoid,
2026-06-06T06:33:30,93.0,34.3,sensor2_serial,2,1,5,1,120,26,20.000,20.006,0,0,0,0.000000,SUCCESS,sigmoid,
2026-06-06T06:33:50,93.0,34.3,sensor2_serial,2,1,5,1,120,25,20.000,20.004,0,0,0,0.000000,SUCCESS,sigmoid,
2026-06-06T06:34:10,93.0,34.3,sensor2_serial,2,1,5,1,120,24,20.000,20.005,0,0,0,0.000000,SUCCESS,sigmoid,
2026-06-06T06:34:30,93.0,34.3,sensor2_serial,2,1,5,1,120,23,20.000,20.005,0,0,0,0.000000,SUCCESS,sigmoid,
2026-06-06T06:34:50,93.0,34.3,sensor2_serial,2,1,5,1,120,22,20.000,20.004,0,0,0,0.000000,SUCCESS,sigmoid,
2026-06-06T06:35:10,93.0,34.3,sensor2_serial,2,1,5,1,120,21,20.000,20.005,0,0,0,0.000000,SUCCESS,sigmoid,
2026-06-06T06:35:30,93.0,34.3,sensor2_serial,2,1,5,1,120,20,20.000,20.005,0,0,0,0.000000,SUCCESS,sigmoid,
2026-06-06T06:35:50,93.0,34.3,sensor2_serial,2,1,5,1,120,19,20.000,20.005,0,0,0,0.000000,SUCCESS,sigmoid,
2026-06-06T06:36:10,93.0,34.3,sensor2_serial,2,1,5,1,120,18,20.000,20.006,0,0,0,0.000000,SUCCESS,sigmoid,
2026-06-06T06:36:30,93.0,34.3,sensor2_serial,2,1,5,1,120,17,20.000,20.005,0,0,0,0.000000,SUCCESS,sigmoid,
2026-06-06T06:36:50,93.0,34.3,sensor2_serial,2,1,5,1,120,16,20.000,20.005,0,0,0,0.000000,SUCCESS,sigmoid,
2026-06-06T06:37:10,93.0,34.3,sensor2_serial,2,1,5,1,120,15,20.000,20.005,0,0,0,0.000000,SUCCESS,sigmoid,
2026-06-06T06:37:30,93.0,34.3,sensor2_serial,2,1,5,1,120,14,20.000,20.005,0,0,0,0.000000,SUCCESS,sigmoid,
2026-06-06T06:37:50,93.0,34.3,sensor2_serial,2,1,5,1,120,13,20.000,20.006,0,0,0,0.000000,SUCCESS,sigmoid,
2026-06-06T06:38:10,93.0,34.3,sensor2_serial,2,1,5,1,120,12,20.000,20.006,0,0,0,0.000000,SUCCESS,sigmoid,
2026-06-06T06:38:31,93.0,34.3,sensor2_serial,2,1,5,1,120,11,20.000,20.005,0,0,0,0.000000,SUCCESS,sigmoid,
2026-06-06T06:38:51,93.0,34.3,sensor2_serial,2,1,5,1,120,10,20.000,20.005,0,0,0,0.000000,SUCCESS,sigmoid,
2026-06-06T06:39:11,93.0,34.3,sensor2_serial,2,1,5,1,120,9,20.000,20.005,0,0,0,0.000000,SUCCESS,sigmoid,
2026-06-06T06:39:31,93.0,34.3,sensor2_serial,2,1,5,1,120,8,20.000,20.005,0,0,0,0.000000,SUCCESS,sigmoid,
2026-06-06T06:39:51,93.0,34.3,sensor2_serial,2,1,5,1,120,7,20.000,20.005,0,0,0,0.000000,SUCCESS,sigmoid,
2026-06-06T06:40:11,93.0,34.3,sensor2_serial,2,1,5,1,120,6,20.000,20.005,0,0,0,0.000000,SUCCESS,sigmoid,
2026-06-06T06:40:31,93.0,34.3,sensor2_serial,2,1,5,1,120,5,20.000,20.005,0,0,0,0.000000,SUCCESS,sigmoid,
2026-06-06T06:40:51,93.0,34.3,sensor2_serial,2,1,5,1,120,4,20.000,20.005,0,0,0,0.000000,SUCCESS,sigmoid,
2026-06-06T06:41:11,93.0,34.3,sensor2_serial,2,1,5,1,120,3,20.000,20.006,0,0,0,0.000000,SUCCESS,sigmoid,
2026-06-06T06:41:31,93.0,34.3,sensor2_serial,2,1,5,1,120,2,20.000,20.005,0,0,0,0.000000,SUCCESS,sigmoid,
2026-06-06T06:41:51,93.0,34.3,sensor2_serial,2,1,5,1,120,1,20.000,20.005,0,0,0,0.000000,SUCCESS,sigmoid,
2026-06-06T06:42:11,93.0,34.3,sensor2_serial,2,1,5,1,120,0,20.000,20.006,0,0,0,0.000000,SUCCESS,sigmoid,
2026-06-06T06:42:31,93.0,34.3,sensor2_serial,2,2,6,2,120,255,20.000,20.006,0,1485437,1485437,74251.328803,SUCCESS,sigmoid,
2026-06-06T06:42:51,93.0,34.3,sensor2_serial,2,2,6,2,120,254,20.000,20.005,0,1665152,1665152,83235.871733,SUCCESS,sigmoid,
2026-06-06T06:43:11,93.0,34.3,sensor2_serial,2,2,6,2,120,253,20.000,20.006,0,1781243,1781243,89037.241970,SUCCESS,sigmoid,
2026-06-06T06:43:31,93.0,34.3,sensor2_serial,2,2,6,2,120,252,20.000,20.005,0,1813568,1813568,90654.098725,SUCCESS,sigmoid,
2026-06-06T06:43:51,93.0,34.3,sensor2_serial,2,2,6,2,120,251,20.000,20.005,0,1838430,1838430,91897.668372,SUCCESS,sigmoid,
2026-06-06T06:44:12,93.0,34.3,sensor2_serial,2,2,6,2,120,250,20.000,20.005,0,1850317,1850317,92491.883019,SUCCESS,sigmoid,
2026-06-06T06:44:32,93.0,34.3,sensor2_serial,2,2,6,2,120,249,20.000,20.006,0,1945573,1945573,97251.890279,SUCCESS,sigmoid,
2026-06-06T06:44:52,93.0,34.3,sensor2_serial,2,2,6,2,120,248,20.000,20.005,0,2206214,2206214,110280.858753,SUCCESS,sigmoid,
2026-06-06T06:45:12,93.0,34.3,sensor2_serial,2,2,6,2,120,247,20.000,20.005,0,2797761,2797761,139852.809246,SUCCESS,sigmoid,
2026-06-06T06:45:32,93.0,34.3,sensor2_serial,2,2,6,2,120,246,20.000,20.006,0,3187540,3187540,159333.095403,SUCCESS,sigmoid,
2026-06-06T06:45:52,93.0,34.3,sensor2_serial,2,2,6,2,120,245,20.000,20.005,0,3340100,3340100,166960.201862,SUCCESS,sigmoid,
2026-06-06T06:46:12,93.0,34.3,sensor2_serial,2,2,6,2,120,244,20.000,20.005,0,3290019,3290019,164455.927865,SUCCESS,sigmoid,
2026-06-06T06:46:32,93.0,34.3,sensor2_serial,2,2,6,2,120,243,20.000,20.006,0,2702451,2702451,135084.794057,SUCCESS,sigmoid,
2026-06-06T06:46:52,93.0,34.3,sensor2_serial,2,2,6,2,120,242,20.000,20.006,0,2026196,2026196,101281.851712,SUCCESS,sigmoid,
2026-06-06T06:47:12,93.0,34.3,sensor2_serial,2,2,6,2,120,241,20.000,20.006,0,1318716,1318716,65917.337725,SUCCESS,sigmoid,
2026-06-06T06:47:32,93.0,34.3,sensor2_serial,2,2,6,2,120,240,20.000,20.005,0,774512,774512,38715.687785,SUCCESS,sigmoid,
2026-06-06T06:47:52,93.0,34.3,sensor2_serial,2,2,6,2,120,239,20.000,20.006,0,678103,678103,33895.681070,SUCCESS,sigmoid,
2026-06-06T06:48:12,93.0,34.3,sensor2_serial,2,2,6,2,120,238,20.000,20.005,0,358037,358037,17896.945978,SUCCESS,sigmoid,
2026-06-06T06:48:32,93.0,34.3,sensor2_serial,2,2,6,2,120,237,20.000,20.005,0,214611,214611,10727.739224,SUCCESS,sigmoid,
2026-06-06T06:48:52,93.0,34.3,sensor2_serial,2,2,6,2,120,236,20.000,20.005,0,109775,109775,5487.309980,SUCCESS,sigmoid,
2026-06-06T06:49:12,93.0,34.3,sensor2_serial,2,2,6,2,120,235,20.000,20.005,0,33376,33376,1668.362077,SUCCESS,sigmoid,
2026-06-06T06:49:33,93.0,34.3,sensor2_serial,2,2,6,2,120,234,20.000,20.005,0,15134,15134,756.507884,SUCCESS,sigmoid,
2026-06-06T06:49:53,93.0,34.3,sensor2_serial,2,2,6,2,120,233,20.000,20.005,0,5986,5986,299.218481,SUCCESS,sigmoid,
2026-06-06T06:50:13,93.0,34.3,sensor2_serial,2,2,6,2,120,232,20.000,20.005,0,2356,2356,117.767633,SUCCESS,sigmoid,
2026-06-06T06:50:33,93.0,34.3,sensor2_serial,2,2,6,2,120,231,20.000,20.005,0,1065,1065,53.235880,SUCCESS,sigmoid,
2026-06-06T06:50:53,93.0,34.3,sensor2_serial,2,2,6,2,120,230,20.000,20.004,0,481,481,24.044653,SUCCESS,sigmoid,
2026-06-06T06:51:13,93.0,34.3,sensor2_serial,2,2,6,2,120,229,20.000,20.005,0,263,263,13.146476,SUCCESS,sigmoid,
2026-06-06T06:51:33,93.0,34.3,sensor2_serial,2,2,6,2,120,228,20.000,20.005,0,229,229,11.447337,SUCCESS,sigmoid,
2026-06-06T06:51:53,93.0,34.3,sensor2_serial,2,2,6,2,120,227,20.000,20.004,0,205,205,10.247786,SUCCESS,sigmoid,
2026-06-06T06:52:13,93.0,34.3,sensor2_serial,2,2,6,2,120,226,20.000,20.005,0,206,206,10.297676,SUCCESS,sigmoid,
2026-06-06T06:52:33,93.0,34.3,sensor2_serial,2,2,6,2,120,225,20.000,20.004,0,203,203,10.147862,SUCCESS,sigmoid,
2026-06-06T06:52:53,93.0,34.3,sensor2_serial,2,2,6,2,120,224,20.000,20.005,0,204,204,10.197294,SUCCESS,sigmoid,
2026-06-06T06:53:13,93.0,34.3,sensor2_serial,2,2,6,2,120,223,20.000,20.004,0,193,193,9.647887,SUCCESS,sigmoid,
2026-06-06T06:53:33,93.0,34.3,sensor2_serial,2,2,6,2,120,222,20.000,20.004,0,182,182,9.097971,SUCCESS,sigmoid,
2026-06-06T06:53:53,93.0,34.3,sensor2_serial,2,2,6,2,120,221,20.000,20.004,0,188,188,9.397960,SUCCESS,sigmoid,
2026-06-06T06:54:13,93.0,34.3,sensor2_serial,2,2,6,2,120,220,20.000,20.004,0,200,200,9.997775,SUCCESS,sigmoid,
2026-06-06T06:54:33,93.0,34.3,sensor2_serial,2,2,6,2,120,219,20.000,20.005,0,173,173,8.647738,SUCCESS,sigmoid,
2026-06-06T06:54:53,93.0,34.3,sensor2_serial,2,2,6,2,120,218,20.000,20.006,0,179,179,8.947501,SUCCESS,sigmoid,
2026-06-06T06:55:14,93.0,34.3,sensor2_serial,2,2,6,2,120,217,20.000,20.004,0,182,182,9.098115,SUCCESS,sigmoid,
2026-06-06T06:55:34,93.0,34.3,sensor2_serial,2,2,6,2,120,216,20.000,20.004,0,202,202,10.097737,SUCCESS,sigmoid,
2026-06-06T06:55:54,93.0,34.3,sensor2_serial,2,2,6,2,120,215,20.000,20.004,0,186,186,9.297946,SUCCESS,sigmoid,
2026-06-06T06:56:14,93.0,34.3,sensor2_serial,2,2,6,2,120,214,20.000,20.004,0,165,165,8.248261,SUCCESS,sigmoid,
2026-06-06T06:56:34,93.0,34.3,sensor2_serial,2,2,6,2,120,213,20.000,20.004,0,183,183,9.147977,SUCCESS,sigmoid,
2026-06-06T06:56:54,93.0,34.3,sensor2_serial,2,2,6,2,120,212,20.000,20.004,0,188,188,9.398054,SUCCESS,sigmoid,
2026-06-06T06:57:14,93.0,34.3,sensor2_serial,2,2,6,2,120,211,20.000,20.005,0,178,178,8.897570,SUCCESS,sigmoid,
2026-06-06T06:57:34,93.0,34.3,sensor2_serial,2,2,6,2,120,210,20.000,20.005,0,169,169,8.447804,SUCCESS,sigmoid,
2026-06-06T06:57:54,93.0,34.3,sensor2_serial,2,2,6,2,120,209,20.000,20.005,0,211,211,10.547591,SUCCESS,sigmoid,
2026-06-06T06:58:14,93.0,34.3,sensor2_serial,2,2,6,2,120,208,20.000,20.005,0,158,158,7.898175,SUCCESS,sigmoid,
2026-06-06T06:58:34,93.0,34.3,sensor2_serial,2,2,6,2,120,207,20.000,20.004,0,174,174,8.698181,SUCCESS,sigmoid,
2026-06-06T06:58:54,93.0,34.3,sensor2_serial,2,2,6,2,120,206,20.000,20.004,0,178,178,8.898125,SUCCESS,sigmoid,
2026-06-06T06:59:14,93.0,34.3,sensor2_serial,2,2,6,2,120,205,20.000,20.005,0,179,179,8.947613,SUCCESS,sigmoid,
2026-06-06T06:59:34,93.0,34.3,sensor2_serial,2,2,6,2,120,204,20.000,20.004,0,161,161,8.048210,SUCCESS,sigmoid,
2026-06-06T06:59:54,93.0,34.3,sensor2_serial,2,2,6,2,120,203,20.000,20.004,0,189,189,9.447929,SUCCESS,sigmoid,
2026-06-06T07:00:14,93.0,34.3,sensor2_serial,2,2,6,2,120,202,20.000,20.004,0,184,184,9.198121,SUCCESS,sigmoid,
2026-06-06T07:00:34,93.0,34.3,sensor2_serial,2,2,6,2,120,201,20.000,20.005,0,198,198,9.897772,SUCCESS,sigmoid,
2026-06-06T07:00:55,93.0,34.3,sensor2_serial,2,2,6,2,120,200,20.000,20.005,0,173,173,8.647663,SUCCESS,sigmoid,
2026-06-06T07:01:15,93.0,34.3,sensor2_serial,2,2,6,2,120,199,20.000,20.006,0,179,179,8.947408,SUCCESS,sigmoid,
2026-06-06T07:01:35,93.0,34.3,sensor2_serial,2,2,6,2,120,198,20.000,20.005,0,180,180,8.997542,SUCCESS,sigmoid,
2026-06-06T07:01:55,93.0,34.3,sensor2_serial,2,2,6,2,120,197,20.000,20.005,0,175,175,8.748026,SUCCESS,sigmoid,
2026-06-06T07:02:15,93.0,34.3,sensor2_serial,2,2,6,2,120,196,20.000,20.005,0,171,171,8.547703,SUCCESS,sigmoid,
2026-06-06T07:02:35,93.0,34.3,sensor2_serial,2,2,6,2,120,195,20.000,20.005,0,205,205,10.247570,SUCCESS,sigmoid,
2026-06-06T07:02:55,93.0,34.3,sensor2_serial,2,2,6,2,120,194,20.000,20.005,0,195,195,9.747765,SUCCESS,sigmoid,
2026-06-06T07:03:15,93.0,34.3,sensor2_serial,2,2,6,2,120,193,20.000,20.004,0,198,198,9.897891,SUCCESS,sigmoid,
2026-06-06T07:03:35,93.0,34.3,sensor2_serial,2,2,6,2,120,192,20.000,20.005,0,192,192,9.597451,SUCCESS,sigmoid,
2026-06-06T07:03:55,93.0,34.3,sensor2_serial,2,2,6,2,120,191,20.000,20.006,0,212,212,10.597069,SUCCESS,sigmoid,
2026-06-06T07:04:15,93.0,34.3,sensor2_serial,2,2,6,2,120,190,20.000,20.004,0,184,184,9.197988,SUCCESS,sigmoid,
2026-06-06T07:04:35,93.0,34.3,sensor2_serial,2,2,6,2,120,189,20.000,20.005,0,182,182,9.097539,SUCCESS,sigmoid,
2026-06-06T07:04:55,93.0,34.3,sensor2_serial,2,2,6,2,120,188,20.000,20.005,0,183,183,9.147658,SUCCESS,sigmoid,
2026-06-06T07:05:15,93.0,34.3,sensor2_serial,2,2,6,2,120,187,20.000,20.004,0,189,189,9.447905,SUCCESS,sigmoid,
2026-06-06T07:05:35,93.0,34.3,sensor2_serial,2,2,6,2,120,186,20.000,20.004,0,144,144,7.198450,SUCCESS,sigmoid,
2026-06-06T07:05:55,93.0,34.3,sensor2_serial,2,2,6,2,120,185,20.000,20.006,0,190,190,9.497269,SUCCESS,sigmoid,
2026-06-06T07:06:15,93.0,34.3,sensor2_serial,2,2,6,2,120,184,20.000,20.004,0,173,173,8.648218,SUCCESS,sigmoid,
2026-06-06T07:06:36,93.0,34.3,sensor2_serial,2,2,6,2,120,183,20.000,20.004,0,161,161,8.048306,SUCCESS,sigmoid,
2026-06-06T07:06:56,93.0,34.3,sensor2_serial,2,2,6,2,120,182,20.000,20.005,0,208,208,10.397586,SUCCESS,sigmoid,
2026-06-06T07:07:16,93.0,34.3,sensor2_serial,2,2,6,2,120,181,20.000,20.005,0,169,169,8.447879,SUCCESS,sigmoid,
2026-06-06T07:07:36,93.0,34.3,sensor2_serial,2,2,6,2,120,180,20.000,20.005,0,209,209,10.447601,SUCCESS,sigmoid,
2026-06-06T07:07:56,93.0,34.3,sensor2_serial,2,2,6,2,120,179,20.000,20.005,0,177,177,8.847632,SUCCESS,sigmoid,
2026-06-06T07:08:16,93.0,34.3,sensor2_serial,2,2,6,2,120,178,20.000,20.005,0,169,169,8.448034,SUCCESS,sigmoid,
2026-06-06T07:08:36,93.0,34.3,sensor2_serial,2,2,6,2,120,177,20.000,20.004,0,162,162,8.098215,SUCCESS,sigmoid,
2026-06-06T07:08:56,93.0,34.3,sensor2_serial,2,2,6,2,120,176,20.000,20.005,0,187,187,9.347541,SUCCESS,sigmoid,
2026-06-06T07:09:16,93.0,34.3,sensor2_serial,2,2,6,2,120,175,20.000,20.005,0,178,178,8.897735,SUCCESS,sigmoid,
2026-06-06T07:09:36,93.0,34.3,sensor2_serial,2,2,6,2,120,174,20.000,20.005,0,180,180,8.997705,SUCCESS,sigmoid,
2026-06-06T07:09:56,93.0,34.3,sensor2_serial,2,2,6,2,120,173,20.000,20.005,0,182,182,9.097600,SUCCESS,sigmoid,
2026-06-06T07:10:16,93.0,34.3,sensor2_serial,2,2,6,2,120,172,20.000,20.004,0,173,173,8.648109,SUCCESS,sigmoid,
2026-06-06T07:10:36,93.0,34.3,sensor2_serial,2,2,6,2,120,171,20.000,20.005,0,177,177,8.847999,SUCCESS,sigmoid,
2026-06-06T07:10:56,93.0,34.3,sensor2_serial,2,2,6,2,120,170,20.000,20.004,0,202,202,10.097839,SUCCESS,sigmoid,
2026-06-06T07:11:16,93.0,34.3,sensor2_serial,2,2,6,2,120,169,20.000,20.005,0,158,158,7.898187,SUCCESS,sigmoid,
2026-06-06T07:11:36,93.0,34.3,sensor2_serial,2,2,6,2,120,168,20.000,20.006,0,171,171,8.547626,SUCCESS,sigmoid,
2026-06-06T07:11:56,93.0,34.3,sensor2_serial,2,2,6,2,120,167,20.000,20.004,0,168,168,8.398375,SUCCESS,sigmoid,
2026-06-06T07:12:17,93.0,34.3,sensor2_serial,2,2,6,2,120,166,20.000,20.005,0,182,182,9.097940,SUCCESS,sigmoid,
2026-06-06T07:12:37,93.0,34.3,sensor2_serial,2,2,6,2,120,165,20.000,20.004,0,174,174,8.698148,SUCCESS,sigmoid,
2026-06-06T07:12:57,93.0,34.3,sensor2_serial,2,2,6,2,120,164,20.000,20.005,0,199,199,9.947705,SUCCESS,sigmoid,
2026-06-06T07:13:17,93.0,34.3,sensor2_serial,2,2,6,2,120,163,20.000,20.005,0,158,158,7.898147,SUCCESS,sigmoid,
2026-06-06T07:13:37,93.0,34.3,sensor2_serial,2,2,6,2,120,162,20.000,20.004,0,167,167,8.348196,SUCCESS,sigmoid,
2026-06-06T07:13:57,93.0,34.3,sensor2_serial,2,2,6,2,120,161,20.000,20.005,0,143,143,7.148365,SUCCESS,sigmoid,
2026-06-06T07:14:17,93.0,34.3,sensor2_serial,2,2,6,2,120,160,20.000,20.006,0,195,195,9.747277,SUCCESS,sigmoid,
2026-06-06T07:14:37,93.0,34.3,sensor2_serial,2,2,6,2,120,159,20.000,20.004,0,170,170,8.498236,SUCCESS,sigmoid,
2026-06-06T07:14:57,93.0,34.3,sensor2_serial,2,2,6,2,120,158,20.000,20.004,0,186,186,9.298127,SUCCESS,sigmoid,
2026-06-06T07:15:17,93.0,34.3,sensor2_serial,2,2,6,2,120,157,20.000,20.005,0,177,177,8.847920,SUCCESS,sigmoid,
2026-06-06T07:15:37,93.0,34.3,sensor2_serial,2,2,6,2,120,156,20.000,20.004,0,211,211,10.547702,SUCCESS,sigmoid,
2026-06-06T07:15:57,93.0,34.3,sensor2_serial,2,2,6,2,120,155,20.000,20.004,0,166,166,8.298175,SUCCESS,sigmoid,
2026-06-06T07:16:17,93.0,34.3,sensor2_serial,2,2,6,2,120,154,20.000,20.004,0,167,167,8.348254,SUCCESS,sigmoid,
2026-06-06T07:16:37,93.0,34.3,sensor2_serial,2,2,6,2,120,153,20.000,20.005,0,150,150,7.497953,SUCCESS,sigmoid,
2026-06-06T07:16:57,93.0,34.3,sensor2_serial,2,2,6,2,120,152,20.000,20.005,0,156,156,7.798000,SUCCESS,sigmoid,
2026-06-06T07:17:17,93.0,34.3,sensor2_serial,2,2,6,2,120,151,20.000,20.004,0,148,148,7.398375,SUCCESS,sigmoid,
2026-06-06T07:17:37,93.0,34.3,sensor2_serial,2,2,6,2,120,150,20.000,20.005,0,165,165,8.247798,SUCCESS,sigmoid,
2026-06-06T07:17:58,93.0,34.3,sensor2_serial,2,2,6,2,120,149,20.000,20.004,0,148,148,7.398381,SUCCESS,sigmoid,
2026-06-06T07:18:18,93.0,34.3,sensor2_serial,2,2,6,2,120,148,20.000,20.005,0,135,135,6.748222,SUCCESS,sigmoid,
2026-06-06T07:18:38,93.0,34.3,sensor2_serial,2,2,6,2,120,147,20.000,20.004,0,135,135,6.748527,SUCCESS,sigmoid,
2026-06-06T07:18:58,93.0,34.3,sensor2_serial,2,2,6,2,120,146,20.000,20.004,0,153,153,7.648336,SUCCESS,sigmoid,
2026-06-06T07:19:18,93.0,34.3,sensor2_serial,2,2,6,2,120,145,20.000,20.005,0,159,159,7.948051,SUCCESS,sigmoid,
2026-06-06T07:19:38,93.0,34.3,sensor2_serial,2,2,6,2,120,144,20.000,20.006,0,121,121,6.048317,SUCCESS,sigmoid,
2026-06-06T07:19:58,93.0,34.3,sensor2_serial,2,2,6,2,120,143,20.000,20.004,0,177,177,8.848049,SUCCESS,sigmoid,
2026-06-06T07:20:18,93.0,34.3,sensor2_serial,2,2,6,2,120,142,20.000,20.005,0,146,146,7.298087,SUCCESS,sigmoid,
2026-06-06T07:20:38,93.0,34.3,sensor2_serial,2,2,6,2,120,141,20.000,20.006,0,142,142,7.098018,SUCCESS,sigmoid,
2026-06-06T07:20:58,93.0,34.3,sensor2_serial,2,2,6,2,120,140,20.000,20.005,0,131,131,6.548255,SUCCESS,sigmoid,
2026-06-06T07:21:18,93.0,34.3,sensor2_serial,2,2,6,2,120,139,20.000,20.005,0,132,132,6.598497,SUCCESS,sigmoid,
2026-06-06T07:21:38,93.0,34.3,sensor2_serial,2,2,6,2,120,138,20.000,20.005,0,143,143,7.148079,SUCCESS,sigmoid,
2026-06-06T07:21:58,93.0,34.3,sensor2_serial,2,2,6,2,120,137,20.000,20.004,0,112,112,5.598767,SUCCESS,sigmoid,
2026-06-06T07:22:18,93.0,34.3,sensor2_serial,2,2,6,2,120,136,20.000,20.004,0,129,129,6.448598,SUCCESS,sigmoid,
2026-06-06T07:22:38,93.0,34.3,sensor2_serial,2,2,6,2,120,135,20.000,20.006,0,124,124,6.198236,SUCCESS,sigmoid,
2026-06-06T07:22:58,93.0,34.3,sensor2_serial,2,2,6,2,120,134,20.000,20.005,0,102,102,5.098713,SUCCESS,sigmoid,
2026-06-06T07:23:18,93.0,34.3,sensor2_serial,2,2,6,2,120,133,20.000,20.004,0,116,116,5.798747,SUCCESS,sigmoid,
2026-06-06T07:23:39,93.0,34.3,sensor2_serial,2,2,6,2,120,132,20.000,20.005,0,105,105,5.248810,SUCCESS,sigmoid,
2026-06-06T07:23:59,93.0,34.3,sensor2_serial,2,2,6,2,120,131,20.000,20.006,0,96,96,4.798614,SUCCESS,sigmoid,
2026-06-06T07:24:19,93.0,34.3,sensor2_serial,2,2,6,2,120,130,20.000,20.005,0,115,115,5.748688,SUCCESS,sigmoid,
2026-06-06T07:24:39,93.0,34.3,sensor2_serial,2,2,6,2,120,129,20.000,20.005,0,98,98,4.898753,SUCCESS,sigmoid,
2026-06-06T07:24:59,93.0,34.3,sensor2_serial,2,2,6,2,120,128,20.000,20.005,0,107,107,5.348631,SUCCESS,sigmoid,
2026-06-06T07:25:19,93.0,34.3,sensor2_serial,2,2,6,2,120,127,20.000,20.004,0,126,126,6.298718,SUCCESS,sigmoid,
2026-06-06T07:25:39,93.0,34.3,sensor2_serial,2,2,6,2,120,126,20.000,20.004,0,105,105,5.248844,SUCCESS,sigmoid,
2026-06-06T07:25:59,93.0,34.3,sensor2_serial,2,2,6,2,120,125,20.000,20.005,0,90,90,4.498811,SUCCESS,sigmoid,
2026-06-06T07:26:19,93.0,34.3,sensor2_serial,2,2,6,2,120,124,20.000,20.004,0,101,101,5.048914,SUCCESS,sigmoid,
2026-06-06T07:26:39,93.0,34.3,sensor2_serial,2,2,6,2,120,123,20.000,20.005,0,88,88,4.398807,SUCCESS,sigmoid,
2026-06-06T07:26:59,93.0,34.3,sensor2_serial,2,2,6,2,120,122,20.000,20.005,0,63,63,3.149189,SUCCESS,sigmoid,
2026-06-06T07:27:19,93.0,34.3,sensor2_serial,2,2,6,2,120,121,20.000,20.006,0,90,90,4.498759,SUCCESS,sigmoid,
2026-06-06T07:27:39,93.0,34.3,sensor2_serial,2,2,6,2,120,120,20.000,20.005,0,69,69,3.449091,SUCCESS,sigmoid,
2026-06-06T07:27:59,93.0,34.3,sensor2_serial,2,2,6,2,120,119,20.000,20.005,0,73,73,3.649010,SUCCESS,sigmoid,
2026-06-06T07:28:19,93.0,34.3,sensor2_serial,2,2,6,2,120,118,20.000,20.006,0,80,80,3.998872,SUCCESS,sigmoid,
2026-06-06T07:28:39,93.0,34.3,sensor2_serial,2,2,6,2,120,117,20.000,20.005,0,63,63,3.149141,SUCCESS,sigmoid,
2026-06-06T07:28:59,93.0,34.3,sensor2_serial,2,2,6,2,120,116,20.000,20.005,0,59,59,2.949219,SUCCESS,sigmoid,
2026-06-06T07:29:20,93.0,34.3,sensor2_serial,2,2,6,2,120,115,20.000,20.005,0,44,44,2.199428,SUCCESS,sigmoid,
2026-06-06T07:29:40,93.0,34.3,sensor2_serial,2,2,6,2,120,114,20.000,20.005,0,65,65,3.249149,SUCCESS,sigmoid,
2026-06-06T07:30:00,93.0,34.3,sensor2_serial,2,2,6,2,120,113,20.000,20.005,0,43,43,2.149443,SUCCESS,sigmoid,
2026-06-06T07:30:20,93.0,34.3,sensor2_serial,2,2,6,2,120,112,20.000,20.005,0,45,45,2.249386,SUCCESS,sigmoid,
2026-06-06T07:30:40,93.0,34.3,sensor2_serial,2,2,6,2,120,111,20.000,20.005,0,34,34,1.699551,SUCCESS,sigmoid,
2026-06-06T07:31:00,93.0,34.3,sensor2_serial,2,2,6,2,120,110,20.000,20.006,0,28,28,1.399613,SUCCESS,sigmoid,
2026-06-06T07:31:20,93.0,34.3,sensor2_serial,2,2,6,2,120,109,20.000,20.006,0,41,41,2.049420,SUCCESS,sigmoid,
2026-06-06T07:31:40,93.0,34.3,sensor2_serial,2,2,6,2,120,108,20.000,20.005,0,31,31,1.549586,SUCCESS,sigmoid,
2026-06-06T07:32:00,93.0,34.3,sensor2_serial,2,2,6,2,120,107,20.000,20.005,0,24,24,1.199673,SUCCESS,sigmoid,
2026-06-06T07:32:20,93.0,34.3,sensor2_serial,2,2,6,2,120,106,20.000,20.005,0,24,24,1.199686,SUCCESS,sigmoid,
2026-06-06T07:32:40,93.0,34.3,sensor2_serial,2,2,6,2,120,105,20.000,20.005,0,19,19,0.949756,SUCCESS,sigmoid,
2026-06-06T07:33:00,93.0,34.3,sensor2_serial,2,2,6,2,120,104,20.000,20.006,0,20,20,0.999725,SUCCESS,sigmoid,
2026-06-06T07:33:20,93.0,34.3,sensor2_serial,2,2,6,2,120,103,20.000,20.005,0,18,18,0.899754,SUCCESS,sigmoid,
2026-06-06T07:33:40,93.0,34.3,sensor2_serial,2,2,6,2,120,102,20.000,20.005,0,16,16,0.799785,SUCCESS,sigmoid,
2026-06-06T07:34:00,93.0,34.3,sensor2_serial,2,2,6,2,120,101,20.000,20.005,0,9,9,0.449879,SUCCESS,sigmoid,
2026-06-06T07:34:20,93.0,34.3,sensor2_serial,2,2,6,2,120,100,20.000,20.005,0,9,9,0.449877,SUCCESS,sigmoid,
2026-06-06T07:34:41,93.0,34.3,sensor2_serial,2,2,6,2,120,99,20.000,20.005,0,3,3,0.149960,SUCCESS,sigmoid,
2026-06-06T07:35:01,93.0,34.3,sensor2_serial,2,2,6,2,120,98,20.000,20.005,0,8,8,0.399893,SUCCESS,sigmoid,
2026-06-06T07:35:21,93.0,34.3,sensor2_serial,2,2,6,2,120,97,20.000,20.005,0,2,2,0.099973,SUCCESS,sigmoid,
2026-06-06T07:35:41,93.0,34.3,sensor2_serial,2,2,6,2,120,96,20.000,20.005,0,2,2,0.099975,SUCCESS,sigmoid,
2026-06-06T07:36:01,93.0,34.3,sensor2_serial,2,2,6,2,120,95,20.000,20.005,0,3,3,0.149962,SUCCESS,sigmoid,
2026-06-06T07:36:21,93.0,34.3,sensor2_serial,2,2,6,2,120,94,20.000,20.004,0,4,4,0.199957,SUCCESS,sigmoid,
2026-06-06T07:36:41,93.0,34.3,sensor2_serial,2,2,6,2,120,93,20.000,20.005,0,3,3,0.149960,SUCCESS,sigmoid,
2026-06-06T07:37:01,93.0,34.3,sensor2_serial,2,2,6,2,120,92,20.000,20.005,0,3,3,0.149961,SUCCESS,sigmoid,
2026-06-06T07:37:21,93.0,34.3,sensor2_serial,2,2,6,2,120,91,20.000,20.005,0,0,0,0.000000,SUCCESS,sigmoid,
2026-06-06T07:37:41,93.0,34.3,sensor2_serial,2,2,6,2,120,90,20.000,20.005,0,0,0,0.000000,SUCCESS,sigmoid,
2026-06-06T07:38:01,93.0,34.3,sensor2_serial,2,2,6,2,120,89,20.000,20.005,0,0,0,0.000000,SUCCESS,sigmoid,
2026-06-06T07:38:21,93.0,34.3,sensor2_serial,2,2,6,2,120,88,20.000,20.005,0,0,0,0.000000,SUCCESS,sigmoid,
2026-06-06T07:38:41,93.0,34.3,sensor2_serial,2,2,6,2,120,87,20.000,20.005,0,1,1,0.049987,SUCCESS,sigmoid,
2026-06-06T07:39:01,93.0,34.3,sensor2_serial,2,2,6,2,120,86,20.000,20.005,0,1,1,0.049987,SUCCESS,sigmoid,
2026-06-06T07:39:21,93.0,34.3,sensor2_serial,2,2,6,2,120,85,20.000,20.006,0,0,0,0.000000,SUCCESS,sigmoid,
2026-06-06T07:39:41,93.0,34.3,sensor2_serial,2,2,6,2,120,84,20.000,20.005,0,0,0,0.000000,SUCCESS,sigmoid,
2026-06-06T07:40:01,93.0,34.3,sensor2_serial,2,2,6,2,120,83,20.000,20.005,0,0,0,0.000000,SUCCESS,sigmoid,
2026-06-06T07:40:22,93.0,34.3,sensor2_serial,2,2,6,2,120,82,20.000,20.005,0,0,0,0.000000,SUCCESS,sigmoid,
2026-06-06T07:40:42,93.0,34.3,sensor2_serial,2,2,6,2,120,81,20.000,20.006,0,0,0,0.000000,SUCCESS,sigmoid,
2026-06-06T07:41:02,93.0,34.3,sensor2_serial,2,2,6,2,120,80,20.000,20.005,0,0,0,0.000000,SUCCESS,sigmoid,
2026-06-06T07:41:22,93.0,34.3,sensor2_serial,2,2,6,2,120,79,20.000,20.005,0,0,0,0.000000,SUCCESS,sigmoid,
2026-06-06T07:41:42,93.0,34.3,sensor2_serial,2,2,6,2,120,78,20.000,20.005,0,0,0,0.000000,SUCCESS,sigmoid,
2026-06-06T07:42:02,93.0,34.3,sensor2_serial,2,2,6,2,120,77,20.000,20.005,0,0,0,0.000000,SUCCESS,sigmoid,
2026-06-06T07:42:22,93.0,34.3,sensor2_serial,2,2,6,2,120,76,20.000,20.005,0,0,0,0.000000,SUCCESS,sigmoid,
2026-06-06T07:42:42,93.0,34.3,sensor2_serial,2,2,6,2,120,75,20.000,20.005,0,0,0,0.000000,SUCCESS,sigmoid,
2026-06-06T07:43:02,93.0,34.3,sensor2_serial,2,2,6,2,120,74,20.000,20.005,0,0,0,0.000000,SUCCESS,sigmoid,
2026-06-06T07:43:22,93.0,34.3,sensor2_serial,2,2,6,2,120,73,20.000,20.006,0,0,0,0.000000,SUCCESS,sigmoid,
2026-06-06T07:43:42,93.0,34.3,sensor2_serial,2,2,6,2,120,72,20.000,20.005,0,0,0,0.000000,SUCCESS,sigmoid,
2026-06-06T07:44:02,93.0,34.3,sensor2_serial,2,2,6,2,120,71,20.000,20.006,0,0,0,0.000000,SUCCESS,sigmoid,
2026-06-06T07:44:22,93.0,34.3,sensor2_serial,2,2,6,2,120,70,20.000,20.006,0,0,0,0.000000,SUCCESS,sigmoid,
2026-06-06T07:44:42,93.0,34.3,sensor2_serial,2,2,6,2,120,69,20.000,20.005,0,0,0,0.000000,SUCCESS,sigmoid,
2026-06-06T07:45:02,93.0,34.3,sensor2_serial,2,2,6,2,120,68,20.000,20.005,0,0,0,0.000000,SUCCESS,sigmoid,
2026-06-06T07:45:22,93.0,34.3,sensor2_serial,2,2,6,2,120,67,20.000,20.005,0,0,0,0.000000,SUCCESS,sigmoid,
2026-06-06T07:45:42,93.0,34.3,sensor2_serial,2,2,6,2,120,66,20.000,20.005,0,0,0,0.000000,SUCCESS,sigmoid,
2026-06-06T07:46:03,93.0,34.3,sensor2_serial,2,2,6,2,120,65,20.000,20.005,0,0,0,0.000000,SUCCESS,sigmoid,
2026-06-06T07:46:23,93.0,34.3,sensor2_serial,2,2,6,2,120,64,20.000,20.006,0,0,0,0.000000,SUCCESS,sigmoid,
2026-06-06T07:46:43,93.0,34.3,sensor2_serial,2,2,6,2,120,63,20.000,20.005,0,0,0,0.000000,SUCCESS,sigmoid,
2026-06-06T07:47:03,93.0,34.3,sensor2_serial,2,2,6,2,120,62,20.000,20.005,0,0,0,0.000000,SUCCESS,sigmoid,
2026-06-06T07:47:23,93.0,34.3,sensor2_serial,2,2,6,2,120,61,20.000,20.005,0,0,0,0.000000,SUCCESS,sigmoid,
2026-06-06T07:47:43,93.0,34.3,sensor2_serial,2,2,6,2,120,60,20.000,20.005,0,0,0,0.000000,SUCCESS,sigmoid,
2026-06-06T07:48:03,93.0,34.3,sensor2_serial,2,2,6,2,120,59,20.000,20.006,0,0,0,0.000000,SUCCESS,sigmoid,
2026-06-06T07:48:23,93.0,34.3,sensor2_serial,2,2,6,2,120,58,20.000,20.006,0,0,0,0.000000,SUCCESS,sigmoid,
2026-06-06T07:48:43,93.0,34.3,sensor2_serial,2,2,6,2,120,57,20.000,20.005,0,0,0,0.000000,SUCCESS,sigmoid,
2026-06-06T07:49:03,93.0,34.3,sensor2_serial,2,2,6,2,120,56,20.000,20.005,0,0,0,0.000000,SUCCESS,sigmoid,
2026-06-06T07:49:23,93.0,34.3,sensor2_serial,2,2,6,2,120,55,20.000,20.005,0,0,0,0.000000,SUCCESS,sigmoid,
2026-06-06T07:49:43,93.0,34.3,sensor2_serial,2,2,6,2,120,54,20.000,20.005,0,0,0,0.000000,SUCCESS,sigmoid,
2026-06-06T07:50:03,93.0,34.3,sensor2_serial,2,2,6,2,120,53,20.000,20.005,0,0,0,0.000000,SUCCESS,sigmoid,
2026-06-06T07:50:23,93.0,34.3,sensor2_serial,2,2,6,2,120,52,20.000,20.005,0,0,0,0.000000,SUCCESS,sigmoid,
2026-06-06T07:50:43,93.0,34.3,sensor2_serial,2,2,6,2,120,51,20.000,20.005,0,0,0,0.000000,SUCCESS,sigmoid,
2026-06-06T07:51:03,93.0,34.3,sensor2_serial,2,2,6,2,120,50,20.000,20.006,0,0,0,0.000000,SUCCESS,sigmoid,
2026-06-06T07:51:23,93.0,34.3,sensor2_serial,2,2,6,2,120,49,20.000,20.006,0,0,0,0.000000,SUCCESS,sigmoid,
2026-06-06T07:51:44,93.0,34.3,sensor2_serial,2,2,6,2,120,48,20.000,20.006,0,0,0,0.000000,SUCCESS,sigmoid,
2026-06-06T07:52:04,93.0,34.3,sensor2_serial,2,2,6,2,120,47,20.000,20.005,0,0,0,0.000000,SUCCESS,sigmoid,
2026-06-06T07:52:24,93.0,34.3,sensor2_serial,2,2,6,2,120,46,20.000,20.005,0,0,0,0.000000,SUCCESS,sigmoid,
2026-06-06T07:52:44,93.0,34.3,sensor2_serial,2,2,6,2,120,45,20.000,20.005,0,0,0,0.000000,SUCCESS,sigmoid,
2026-06-06T07:53:04,93.0,34.3,sensor2_serial,2,2,6,2,120,44,20.000,20.006,0,0,0,0.000000,SUCCESS,sigmoid,
2026-06-06T07:53:24,93.0,34.3,sensor2_serial,2,2,6,2,120,43,20.000,20.005,0,0,0,0.000000,SUCCESS,sigmoid,
2026-06-06T07:53:44,93.0,34.3,sensor2_serial,2,2,6,2,120,42,20.000,20.006,0,0,0,0.000000,SUCCESS,sigmoid,
2026-06-06T07:54:04,93.0,34.3,sensor2_serial,2,2,6,2,120,41,20.000,20.005,0,0,0,0.000000,SUCCESS,sigmoid,
2026-06-06T07:54:24,93.0,34.3,sensor2_serial,2,2,6,2,120,40,20.000,20.005,0,0,0,0.000000,SUCCESS,sigmoid,
2026-06-06T07:54:44,93.0,34.3,sensor2_serial,2,2,6,2,120,39,20.000,20.005,0,0,0,0.000000,SUCCESS,sigmoid,
2026-06-06T07:55:04,93.0,34.3,sensor2_serial,2,2,6,2,120,38,20.000,20.005,0,0,0,0.000000,SUCCESS,sigmoid,
2026-06-06T07:55:24,93.0,34.3,sensor2_serial,2,2,6,2,120,37,20.000,20.005,0,0,0,0.000000,SUCCESS,sigmoid,
2026-06-06T07:55:44,93.0,34.3,sensor2_serial,2,2,6,2,120,36,20.000,20.005,0,0,0,0.000000,SUCCESS,sigmoid,
2026-06-06T07:56:04,93.0,34.3,sensor2_serial,2,2,6,2,120,35,20.000,20.006,0,0,0,0.000000,SUCCESS,sigmoid,
2026-06-06T07:56:24,93.0,34.3,sensor2_serial,2,2,6,2,120,34,20.000,20.005,0,0,0,0.000000,SUCCESS,sigmoid,
2026-06-06T07:56:44,93.0,34.3,sensor2_serial,2,2,6,2,120,33,20.000,20.005,0,0,0,0.000000,SUCCESS,sigmoid,
2026-06-06T07:57:05,93.0,34.3,sensor2_serial,2,2,6,2,120,32,20.000,20.005,0,0,0,0.000000,SUCCESS,sigmoid,
2026-06-06T07:57:25,93.0,34.3,sensor2_serial,2,2,6,2,120,31,20.000,20.005,0,0,0,0.000000,SUCCESS,sigmoid,
2026-06-06T07:57:45,93.0,34.3,sensor2_serial,2,2,6,2,120,30,20.000,20.005,0,0,0,0.000000,SUCCESS,sigmoid,
2026-06-06T07:58:05,93.0,34.3,sensor2_serial,2,2,6,2,120,29,20.000,20.005,0,0,0,0.000000,SUCCESS,sigmoid,
2026-06-06T07:58:25,93.0,34.3,sensor2_serial,2,2,6,2,120,28,20.000,20.005,0,0,0,0.000000,SUCCESS,sigmoid,
2026-06-06T07:58:45,93.0,34.3,sensor2_serial,2,2,6,2,120,27,20.000,20.006,0,0,0,0.000000,SUCCESS,sigmoid,
2026-06-06T07:59:05,93.0,34.3,sensor2_serial,2,2,6,2,120,26,20.000,20.005,0,0,0,0.000000,SUCCESS,sigmoid,
2026-06-06T07:59:25,93.0,34.3,sensor2_serial,2,2,6,2,120,25,20.000,20.005,0,0,0,0.000000,SUCCESS,sigmoid,
2026-06-06T07:59:45,93.0,34.3,sensor2_serial,2,2,6,2,120,24,20.000,20.005,0,0,0,0.000000,SUCCESS,sigmoid,
2026-06-06T08:00:05,93.0,34.3,sensor2_serial,2,2,6,2,120,23,20.000,20.005,0,0,0,0.000000,SUCCESS,sigmoid,
2026-06-06T08:00:25,93.0,34.3,sensor2_serial,2,2,6,2,120,22,20.000,20.005,0,0,0,0.000000,SUCCESS,sigmoid,
2026-06-06T08:00:45,93.0,34.3,sensor2_serial,2,2,6,2,120,21,20.000,20.005,0,0,0,0.000000,SUCCESS,sigmoid,
2026-06-06T08:01:05,93.0,34.3,sensor2_serial,2,2,6,2,120,20,20.000,20.005,0,0,0,0.000000,SUCCESS,sigmoid,
2026-06-06T08:01:25,93.0,34.3,sensor2_serial,2,2,6,2,120,19,20.000,20.005,0,0,0,0.000000,SUCCESS,sigmoid,
2026-06-06T08:01:45,93.0,34.3,sensor2_serial,2,2,6,2,120,18,20.000,20.005,0,0,0,0.000000,SUCCESS,sigmoid,
2026-06-06T08:02:05,93.0,34.3,sensor2_serial,2,2,6,2,120,17,20.000,20.005,0,0,0,0.000000,SUCCESS,sigmoid,
2026-06-06T08:02:25,93.0,34.3,sensor2_serial,2,2,6,2,120,16,20.000,20.005,0,0,0,0.000000,SUCCESS,sigmoid,
2026-06-06T08:02:46,93.0,34.3,sensor2_serial,2,2,6,2,120,15,20.000,20.005,0,0,0,0.000000,SUCCESS,sigmoid,
2026-06-06T08:03:06,93.0,34.3,sensor2_serial,2,2,6,2,120,14,20.000,20.005,0,0,0,0.000000,SUCCESS,sigmoid,
2026-06-06T08:03:26,93.0,34.3,sensor2_serial,2,2,6,2,120,13,20.000,20.005,0,0,0,0.000000,SUCCESS,sigmoid,
2026-06-06T08:03:46,93.0,34.3,sensor2_serial,2,2,6,2,120,12,20.000,20.006,0,0,0,0.000000,SUCCESS,sigmoid,
2026-06-06T08:04:06,93.0,34.3,sensor2_serial,2,2,6,2,120,11,20.000,20.006,0,0,0,0.000000,SUCCESS,sigmoid,
2026-06-06T08:04:26,93.0,34.3,sensor2_serial,2,2,6,2,120,10,20.000,20.006,0,0,0,0.000000,SUCCESS,sigmoid,
2026-06-06T08:04:46,93.0,34.3,sensor2_serial,2,2,6,2,120,9,20.000,20.005,0,0,0,0.000000,SUCCESS,sigmoid,
2026-06-06T08:05:06,93.0,34.3,sensor2_serial,2,2,6,2,120,8,20.000,20.005,0,0,0,0.000000,SUCCESS,sigmoid,
2026-06-06T08:05:26,93.0,34.3,sensor2_serial,2,2,6,2,120,7,20.000,20.005,0,0,0,0.000000,SUCCESS,sigmoid,
2026-06-06T08:05:46,93.0,34.3,sensor2_serial,2,2,6,2,120,6,20.000,20.006,0,0,0,0.000000,SUCCESS,sigmoid,
2026-06-06T08:06:06,93.0,34.3,sensor2_serial,2,2,6,2,120,5,20.000,20.005,0,0,0,0.000000,SUCCESS,sigmoid,
2026-06-06T08:06:26,93.0,34.3,sensor2_serial,2,2,6,2,120,4,20.000,20.005,0,0,0,0.000000,SUCCESS,sigmoid,
2026-06-06T08:06:46,93.0,34.3,sensor2_serial,2,2,6,2,120,3,20.000,20.005,0,0,0,0.000000,SUCCESS,sigmoid,
2026-06-06T08:07:06,93.0,34.3,sensor2_serial,2,2,6,2,120,2,20.000,20.005,0,0,0,0.000000,SUCCESS,sigmoid,
2026-06-06T08:07:26,93.0,34.3,sensor2_serial,2,2,6,2,120,1,20.000,20.005,0,0,0,0.000000,SUCCESS,sigmoid,
2026-06-06T08:07:46,93.0,34.3,sensor2_serial,2,2,6,2,120,0,20.000,20.005,0,0,0,0.000000,SUCCESS,sigmoid,
2026-06-06T08:08:20,94.0,33.3,sensor2_serial,2,0,4,0,120,255,20.000,20.006,0,3490693,3490693,174486.405551,SUCCESS,sigmoid,
2026-06-06T08:08:41,94.0,33.3,sensor2_serial,2,0,4,0,120,254,20.000,20.005,0,3277784,3277784,163844.398016,SUCCESS,sigmoid,
2026-06-06T08:09:01,94.0,33.3,sensor2_serial,2,0,4,0,120,253,20.000,20.005,0,2658462,2658462,132888.625600,SUCCESS,sigmoid,
2026-06-06T08:09:21,94.0,33.3,sensor2_serial,2,0,4,0,120,252,20.000,20.005,0,1837095,1837095,91830.934583,SUCCESS,sigmoid,
2026-06-06T08:09:41,94.0,33.3,sensor2_serial,2,0,4,0,120,251,20.000,20.005,0,994985,994985,49735.990995,SUCCESS,sigmoid,
2026-06-06T08:10:01,94.0,33.3,sensor2_serial,2,0,4,0,120,250,20.000,20.006,0,645858,645858,32283.762833,SUCCESS,sigmoid,
2026-06-06T08:10:21,94.0,33.3,sensor2_serial,2,0,4,0,120,249,20.000,20.005,0,314369,314369,15714.194474,SUCCESS,sigmoid,
2026-06-06T08:10:41,94.0,33.3,sensor2_serial,2,0,4,0,120,248,20.000,20.005,0,172116,172116,8603.638375,SUCCESS,sigmoid,
2026-06-06T08:11:01,94.0,33.3,sensor2_serial,2,0,4,0,120,247,20.000,20.005,0,74547,74547,3726.383556,SUCCESS,sigmoid,
2026-06-06T08:11:21,94.0,33.3,sensor2_serial,2,0,4,0,120,246,20.000,20.005,0,32445,32445,1621.826844,SUCCESS,sigmoid,
2026-06-06T08:11:41,94.0,33.3,sensor2_serial,2,0,4,0,120,245,20.000,20.006,0,32472,32472,1623.148713,SUCCESS,sigmoid,
2026-06-06T08:12:01,94.0,33.3,sensor2_serial,2,0,4,0,120,244,20.000,20.005,0,13347,13347,667.177110,SUCCESS,sigmoid,
2026-06-06T08:12:21,94.0,33.3,sensor2_serial,2,0,4,0,120,243,20.000,20.005,0,5024,5024,251.133332,SUCCESS,sigmoid,
2026-06-06T08:12:41,94.0,33.3,sensor2_serial,2,0,4,0,120,242,20.000,20.006,0,1773,1773,88.624333,SUCCESS,sigmoid,
2026-06-06T08:13:01,94.0,33.3,sensor2_serial,2,0,4,0,120,241,20.000,20.004,0,983,983,49.139418,SUCCESS,sigmoid,
2026-06-06T08:13:21,94.0,33.3,sensor2_serial,2,0,4,0,120,240,20.000,20.004,0,429,429,21.445466,SUCCESS,sigmoid,
2026-06-06T08:13:41,94.0,33.3,sensor2_serial,2,0,4,0,120,239,20.000,20.004,0,300,300,14.996710,SUCCESS,sigmoid,
2026-06-06T08:14:01,94.0,33.3,sensor2_serial,2,0,4,0,120,238,20.000,20.004,0,240,240,11.997669,SUCCESS,sigmoid,
2026-06-06T08:14:22,94.0,33.3,sensor2_serial,2,0,4,0,120,237,20.000,20.004,0,233,233,11.647415,SUCCESS,sigmoid,
2026-06-06T08:14:42,94.0,33.3,sensor2_serial,2,0,4,0,120,236,20.000,20.004,0,224,224,11.197509,SUCCESS,sigmoid,
2026-06-06T08:15:02,94.0,33.3,sensor2_serial,2,0,4,0,120,235,20.000,20.004,0,197,197,9.847845,SUCCESS,sigmoid,
2026-06-06T08:15:22,94.0,33.3,sensor2_serial,2,0,4,0,120,234,20.000,20.004,0,195,195,9.747932,SUCCESS,sigmoid,
2026-06-06T08:15:42,94.0,33.3,sensor2_serial,2,0,4,0,120,233,20.000,20.004,0,209,209,10.447751,SUCCESS,sigmoid,
2026-06-06T08:16:02,94.0,33.3,sensor2_serial,2,0,4,0,120,232,20.000,20.005,0,190,190,9.497837,SUCCESS,sigmoid,
2026-06-06T08:16:22,94.0,33.3,sensor2_serial,2,0,4,0,120,231,20.000,20.005,0,195,195,9.747736,SUCCESS,sigmoid,
2026-06-06T08:16:42,94.0,33.3,sensor2_serial,2,0,4,0,120,230,20.000,20.005,0,207,207,10.347527,SUCCESS,sigmoid,
2026-06-06T08:17:02,94.0,33.3,sensor2_serial,2,0,4,0,120,229,20.000,20.005,0,222,222,11.097476,SUCCESS,sigmoid,
2026-06-06T08:17:22,94.0,33.3,sensor2_serial,2,0,4,0,120,228,20.000,20.005,0,216,216,10.797396,SUCCESS,sigmoid,
2026-06-06T08:17:42,94.0,33.3,sensor2_serial,2,0,4,0,120,227,20.000,20.004,0,198,198,9.897910,SUCCESS,sigmoid,
2026-06-06T08:18:02,94.0,33.3,sensor2_serial,2,0,4,0,120,226,20.000,20.004,0,201,201,10.047803,SUCCESS,sigmoid,
2026-06-06T08:18:22,94.0,33.3,sensor2_serial,2,0,4,0,120,225,20.000,20.004,0,201,201,10.047818,SUCCESS,sigmoid,
2026-06-06T08:18:42,94.0,33.3,sensor2_serial,2,0,4,0,120,224,20.000,20.004,0,172,172,8.598071,SUCCESS,sigmoid,
2026-06-06T08:19:02,94.0,33.3,sensor2_serial,2,0,4,0,120,223,20.000,20.004,0,190,190,9.497938,SUCCESS,sigmoid,
2026-06-06T08:19:22,94.0,33.3,sensor2_serial,2,0,4,0,120,222,20.000,20.004,0,198,198,9.897858,SUCCESS,sigmoid,
2026-06-06T08:19:42,94.0,33.3,sensor2_serial,2,0,4,0,120,221,20.000,20.004,0,174,174,8.698105,SUCCESS,sigmoid,
2026-06-06T08:20:03,94.0,33.3,sensor2_serial,2,0,4,0,120,220,20.000,20.005,0,182,182,9.097922,SUCCESS,sigmoid,
2026-06-06T08:20:23,94.0,33.3,sensor2_serial,2,0,4,0,120,219,20.000,20.004,0,177,177,8.848026,SUCCESS,sigmoid,
2026-06-06T08:20:43,94.0,33.3,sensor2_serial,2,0,4,0,120,218,20.000,20.004,0,173,173,8.648221,SUCCESS,sigmoid,
2026-06-06T08:21:03,94.0,33.3,sensor2_serial,2,0,4,0,120,217,20.000,20.004,0,201,201,10.047766,SUCCESS,sigmoid,
2026-06-06T08:21:23,94.0,33.3,sensor2_serial,2,0,4,0,120,216,20.000,20.004,0,192,192,9.598007,SUCCESS,sigmoid,
2026-06-06T08:21:43,94.0,33.3,sensor2_serial,2,0,4,0,120,215,20.000,20.004,0,200,200,9.997795,SUCCESS,sigmoid,
2026-06-06T08:22:03,94.0,33.3,sensor2_serial,2,0,4,0,120,214,20.000,20.004,0,185,185,9.248031,SUCCESS,sigmoid,
2026-06-06T08:22:23,94.0,33.3,sensor2_serial,2,0,4,0,120,213,20.000,20.004,0,199,199,9.947851,SUCCESS,sigmoid,
2026-06-06T08:22:43,94.0,33.3,sensor2_serial,2,0,4,0,120,212,20.000,20.005,0,205,205,10.247666,SUCCESS,sigmoid,
2026-06-06T08:23:03,94.0,33.3,sensor2_serial,2,0,4,0,120,211,20.000,20.005,0,191,191,9.547843,SUCCESS,sigmoid,
2026-06-06T08:23:23,94.0,33.3,sensor2_serial,2,0,4,0,120,210,20.000,20.004,0,183,183,9.148033,SUCCESS,sigmoid,
2026-06-06T08:23:43,94.0,33.3,sensor2_serial,2,0,4,0,120,209,20.000,20.004,0,187,187,9.348233,SUCCESS,sigmoid,
2026-06-06T08:24:03,94.0,33.3,sensor2_serial,2,0,4,0,120,208,20.000,20.005,0,201,201,10.047726,SUCCESS,sigmoid,
2026-06-06T08:24:23,94.0,33.3,sensor2_serial,2,0,4,0,120,207,20.000,20.004,0,180,180,8.998144,SUCCESS,sigmoid,
2026-06-06T08:24:43,94.0,33.3,sensor2_serial,2,0,4,0,120,206,20.000,20.005,0,200,200,9.997721,SUCCESS,sigmoid,
2026-06-06T08:25:03,94.0,33.3,sensor2_serial,2,0,4,0,120,205,20.000,20.005,0,203,203,10.147618,SUCCESS,sigmoid,
2026-06-06T08:25:23,94.0,33.3,sensor2_serial,2,0,4,0,120,204,20.000,20.004,0,192,192,9.597888,SUCCESS,sigmoid,
2026-06-06T08:25:44,94.0,33.3,sensor2_serial,2,0,4,0,120,203,20.000,20.004,0,188,188,9.397962,SUCCESS,sigmoid,
2026-06-06T08:26:04,94.0,33.3,sensor2_serial,2,0,4,0,120,202,20.000,20.005,0,197,197,9.847765,SUCCESS,sigmoid,
2026-06-06T08:26:24,94.0,33.3,sensor2_serial,2,0,4,0,120,201,20.000,20.004,0,167,167,8.348230,SUCCESS,sigmoid,
2026-06-06T08:26:44,94.0,33.3,sensor2_serial,2,0,4,0,120,200,20.000,20.005,0,220,220,10.997221,SUCCESS,sigmoid,
2026-06-06T08:27:04,94.0,33.3,sensor2_serial,2,0,4,0,120,199,20.000,20.005,0,188,188,9.397801,SUCCESS,sigmoid,
2026-06-06T08:27:24,94.0,33.3,sensor2_serial,2,0,4,0,120,198,20.000,20.004,0,184,184,9.198080,SUCCESS,sigmoid,
2026-06-06T08:27:44,94.0,33.3,sensor2_serial,2,0,4,0,120,197,20.000,20.004,0,207,207,10.347896,SUCCESS,sigmoid,
2026-06-06T08:28:04,94.0,33.3,sensor2_serial,2,0,4,0,120,196,20.000,20.004,0,171,171,8.548140,SUCCESS,sigmoid,
2026-06-06T08:28:24,94.0,33.3,sensor2_serial,2,0,4,0,120,195,20.000,20.004,0,192,192,9.597953,SUCCESS,sigmoid,
2026-06-06T08:28:44,94.0,33.3,sensor2_serial,2,0,4,0,120,194,20.000,20.004,0,180,180,8.998032,SUCCESS,sigmoid,
2026-06-06T08:29:04,94.0,33.3,sensor2_serial,2,0,4,0,120,193,20.000,20.004,0,183,183,9.147953,SUCCESS,sigmoid,
2026-06-06T08:29:24,94.0,33.3,sensor2_serial,2,0,4,0,120,192,20.000,20.005,0,192,192,9.597798,SUCCESS,sigmoid,
2026-06-06T08:29:44,94.0,33.3,sensor2_serial,2,0,4,0,120,191,20.000,20.004,0,202,202,10.097789,SUCCESS,sigmoid,
2026-06-06T08:30:04,94.0,33.3,sensor2_serial,2,0,4,0,120,190,20.000,20.005,0,178,178,8.897580,SUCCESS,sigmoid,
2026-06-06T08:30:24,94.0,33.3,sensor2_serial,2,0,4,0,120,189,20.000,20.004,0,174,174,8.698135,SUCCESS,sigmoid,
2026-06-06T08:30:44,94.0,33.3,sensor2_serial,2,0,4,0,120,188,20.000,20.005,0,191,191,9.547842,SUCCESS,sigmoid,
2026-06-06T08:31:04,94.0,33.3,sensor2_serial,2,0,4,0,120,187,20.000,20.004,0,190,190,9.498035,SUCCESS,sigmoid,
2026-06-06T08:31:25,94.0,33.3,sensor2_serial,2,0,4,0,120,186,20.000,20.004,0,178,178,8.898052,SUCCESS,sigmoid,
2026-06-06T08:31:45,94.0,33.3,sensor2_serial,2,0,4,0,120,185,20.000,20.004,0,175,175,8.748119,SUCCESS,sigmoid,
2026-06-06T08:32:05,94.0,33.3,sensor2_serial,2,0,4,0,120,184,20.000,20.004,0,190,190,9.498143,SUCCESS,sigmoid,
2026-06-06T08:32:25,94.0,33.3,sensor2_serial,2,0,4,0,120,183,20.000,20.005,0,221,221,11.047438,SUCCESS,sigmoid,
2026-06-06T08:32:45,94.0,33.3,sensor2_serial,2,0,4,0,120,182,20.000,20.004,0,186,186,9.298086,SUCCESS,sigmoid,
2026-06-06T08:33:05,94.0,33.3,sensor2_serial,2,0,4,0,120,181,20.000,20.005,0,183,183,9.147924,SUCCESS,sigmoid,
2026-06-06T08:33:25,94.0,33.3,sensor2_serial,2,0,4,0,120,180,20.000,20.004,0,191,191,9.547956,SUCCESS,sigmoid,
2026-06-06T08:33:45,94.0,33.3,sensor2_serial,2,0,4,0,120,179,20.000,20.005,0,185,185,9.247894,SUCCESS,sigmoid,
2026-06-06T08:34:05,94.0,33.3,sensor2_serial,2,0,4,0,120,178,20.000,20.004,0,181,181,9.048056,SUCCESS,sigmoid,
2026-06-06T08:34:25,94.0,33.3,sensor2_serial,2,0,4,0,120,177,20.000,20.004,0,166,166,8.298288,SUCCESS,sigmoid,
2026-06-06T08:34:45,94.0,33.3,sensor2_serial,2,0,4,0,120,176,20.000,20.005,0,173,173,8.648048,SUCCESS,sigmoid,
2026-06-06T08:35:05,94.0,33.3,sensor2_serial,2,0,4,0,120,175,20.000,20.004,0,180,180,8.998080,SUCCESS,sigmoid,
2026-06-06T08:35:25,94.0,33.3,sensor2_serial,2,0,4,0,120,174,20.000,20.004,0,171,171,8.548144,SUCCESS,sigmoid,
2026-06-06T08:35:45,94.0,33.3,sensor2_serial,2,0,4,0,120,173,20.000,20.005,0,178,178,8.897974,SUCCESS,sigmoid,
2026-06-06T08:36:05,94.0,33.3,sensor2_serial,2,0,4,0,120,172,20.000,20.004,0,193,193,9.647852,SUCCESS,sigmoid,
2026-06-06T08:36:25,94.0,33.3,sensor2_serial,2,0,4,0,120,171,20.000,20.005,0,181,181,9.047911,SUCCESS,sigmoid,
2026-06-06T08:36:45,94.0,33.3,sensor2_serial,2,0,4,0,120,170,20.000,20.004,0,171,171,8.548223,SUCCESS,sigmoid,
2026-06-06T08:37:06,94.0,33.3,sensor2_serial,2,0,4,0,120,169,20.000,20.005,0,178,178,8.897925,SUCCESS,sigmoid,
2026-06-06T08:37:26,94.0,33.3,sensor2_serial,2,0,4,0,120,168,20.000,20.004,0,205,205,10.247701,SUCCESS,sigmoid,
2026-06-06T08:37:46,94.0,33.3,sensor2_serial,2,0,4,0,120,167,20.000,20.005,0,166,166,8.298122,SUCCESS,sigmoid,
2026-06-06T08:38:06,94.0,33.3,sensor2_serial,2,0,4,0,120,166,20.000,20.004,0,172,172,8.598232,SUCCESS,sigmoid,
2026-06-06T08:38:26,94.0,33.3,sensor2_serial,2,0,4,0,120,165,20.000,20.004,0,170,170,8.498225,SUCCESS,sigmoid,
2026-06-06T08:38:46,94.0,33.3,sensor2_serial,2,0,4,0,120,164,20.000,20.004,0,177,177,8.848199,SUCCESS,sigmoid,
2026-06-06T08:39:06,94.0,33.3,sensor2_serial,2,0,4,0,120,163,20.000,20.005,0,159,159,7.948204,SUCCESS,sigmoid,
2026-06-06T08:39:26,94.0,33.3,sensor2_serial,2,0,4,0,120,162,20.000,20.005,0,170,170,8.498080,SUCCESS,sigmoid,
2026-06-06T08:39:46,94.0,33.3,sensor2_serial,2,0,4,0,120,161,20.000,20.004,0,192,192,9.597845,SUCCESS,sigmoid,
2026-06-06T08:40:06,94.0,33.3,sensor2_serial,2,0,4,0,120,160,20.000,20.005,0,192,192,9.597774,SUCCESS,sigmoid,
2026-06-06T08:40:26,94.0,33.3,sensor2_serial,2,0,4,0,120,159,20.000,20.005,0,174,174,8.698019,SUCCESS,sigmoid,
2026-06-06T08:40:46,94.0,33.3,sensor2_serial,2,0,4,0,120,158,20.000,20.004,0,174,174,8.698100,SUCCESS,sigmoid,
2026-06-06T08:41:06,94.0,33.3,sensor2_serial,2,0,4,0,120,157,20.000,20.004,0,177,177,8.848124,SUCCESS,sigmoid,
2026-06-06T08:41:26,94.0,33.3,sensor2_serial,2,0,4,0,120,156,20.000,20.004,0,205,205,10.247911,SUCCESS,sigmoid,
2026-06-06T08:41:46,94.0,33.3,sensor2_serial,2,0,4,0,120,155,20.000,20.005,0,200,200,9.997730,SUCCESS,sigmoid,
2026-06-06T08:42:06,94.0,33.3,sensor2_serial,2,0,4,0,120,154,20.000,20.006,0,183,183,9.147470,SUCCESS,sigmoid,
2026-06-06T08:42:26,94.0,33.3,sensor2_serial,2,0,4,0,120,153,20.000,20.004,0,162,162,8.098267,SUCCESS,sigmoid,
2026-06-06T08:42:47,94.0,33.3,sensor2_serial,2,0,4,0,120,152,20.000,20.004,0,179,179,8.948159,SUCCESS,sigmoid,
2026-06-06T08:43:07,94.0,33.3,sensor2_serial,2,0,4,0,120,151,20.000,20.004,0,215,215,10.747601,SUCCESS,sigmoid,
2026-06-06T08:43:27,94.0,33.3,sensor2_serial,2,0,4,0,120,150,20.000,20.004,0,166,166,8.298276,SUCCESS,sigmoid,
2026-06-06T08:43:47,94.0,33.3,sensor2_serial,2,0,4,0,120,149,20.000,20.004,0,193,193,9.647977,SUCCESS,sigmoid,
2026-06-06T08:44:07,94.0,33.3,sensor2_serial,2,0,4,0,120,148,20.000,20.004,0,170,170,8.498156,SUCCESS,sigmoid,
2026-06-06T08:44:27,94.0,33.3,sensor2_serial,2,0,4,0,120,147,20.000,20.004,0,173,173,8.648253,SUCCESS,sigmoid,
2026-06-06T08:44:47,94.0,33.3,sensor2_serial,2,0,4,0,120,146,20.000,20.004,0,160,160,7.998271,SUCCESS,sigmoid,
2026-06-06T08:45:07,94.0,33.3,sensor2_serial,2,0,4,0,120,145,20.000,20.004,0,175,175,8.748284,SUCCESS,sigmoid,
2026-06-06T08:45:27,94.0,33.3,sensor2_serial,2,0,4,0,120,144,20.000,20.004,0,161,161,8.048194,SUCCESS,sigmoid,
2026-06-06T08:45:47,94.0,33.3,sensor2_serial,2,0,4,0,120,143,20.000,20.004,0,166,166,8.298217,SUCCESS,sigmoid,
2026-06-06T08:46:07,94.0,33.3,sensor2_serial,2,0,4,0,120,142,20.000,20.004,0,153,153,7.648446,SUCCESS,sigmoid,
2026-06-06T08:46:27,94.0,33.3,sensor2_serial,2,0,4,0,120,141,20.000,20.004,0,165,165,8.248200,SUCCESS,sigmoid,
2026-06-06T08:46:47,94.0,33.3,sensor2_serial,2,0,4,0,120,140,20.000,20.004,0,169,169,8.448285,SUCCESS,sigmoid,
2026-06-06T08:47:07,94.0,33.3,sensor2_serial,2,0,4,0,120,139,20.000,20.005,0,148,148,7.398307,SUCCESS,sigmoid,
2026-06-06T08:47:27,94.0,33.3,sensor2_serial,2,0,4,0,120,138,20.000,20.004,0,161,161,8.048217,SUCCESS,sigmoid,
2026-06-06T08:47:47,94.0,33.3,sensor2_serial,2,0,4,0,120,137,20.000,20.004,0,136,136,6.798498,SUCCESS,sigmoid,
2026-06-06T08:48:07,94.0,33.3,sensor2_serial,2,0,4,0,120,136,20.000,20.004,0,137,137,6.848552,SUCCESS,sigmoid,
2026-06-06T08:48:28,94.0,33.3,sensor2_serial,2,0,4,0,120,135,20.000,20.004,0,151,151,7.548303,SUCCESS,sigmoid,
2026-06-06T08:48:48,94.0,33.3,sensor2_serial,2,0,4,0,120,134,20.000,20.004,0,150,150,7.498396,SUCCESS,sigmoid,
2026-06-06T08:49:08,94.0,33.3,sensor2_serial,2,0,4,0,120,133,20.000,20.005,0,166,166,8.298132,SUCCESS,sigmoid,
2026-06-06T08:49:28,94.0,33.3,sensor2_serial,2,0,4,0,120,132,20.000,20.004,0,150,150,7.498364,SUCCESS,sigmoid,
2026-06-06T08:49:48,94.0,33.3,sensor2_serial,2,0,4,0,120,131,20.000,20.005,0,137,137,6.848456,SUCCESS,sigmoid,
2026-06-06T08:50:08,94.0,33.3,sensor2_serial,2,0,4,0,120,130,20.000,20.004,0,137,137,6.848530,SUCCESS,sigmoid,
2026-06-06T08:50:28,94.0,33.3,sensor2_serial,2,0,4,0,120,129,20.000,20.004,0,139,139,6.948467,SUCCESS,sigmoid,
2026-06-06T08:50:48,94.0,33.3,sensor2_serial,2,0,4,0,120,128,20.000,20.004,0,149,149,7.448349,SUCCESS,sigmoid,
2026-06-06T08:51:08,94.0,33.3,sensor2_serial,2,0,4,0,120,127,20.000,20.004,0,126,126,6.298669,SUCCESS,sigmoid,
2026-06-06T08:51:28,94.0,33.3,sensor2_serial,2,0,4,0,120,126,20.000,20.004,0,137,137,6.848493,SUCCESS,sigmoid,
2026-06-06T08:51:48,94.0,33.3,sensor2_serial,2,0,4,0,120,125,20.000,20.004,0,143,143,7.148466,SUCCESS,sigmoid,
2026-06-06T08:52:08,94.0,33.3,sensor2_serial,2,0,4,0,120,124,20.000,20.004,0,146,146,7.298529,SUCCESS,sigmoid,
2026-06-06T08:52:28,94.0,33.3,sensor2_serial,2,0,4,0,120,123,20.000,20.004,0,125,125,6.248645,SUCCESS,sigmoid,
2026-06-06T08:52:48,94.0,33.3,sensor2_serial,2,0,4,0,120,122,20.000,20.004,0,143,143,7.148406,SUCCESS,sigmoid,
2026-06-06T08:53:08,94.0,33.3,sensor2_serial,2,0,4,0,120,121,20.000,20.004,0,124,124,6.198712,SUCCESS,sigmoid,
2026-06-06T08:53:28,94.0,33.3,sensor2_serial,2,0,4,0,120,120,20.000,20.004,0,125,125,6.248610,SUCCESS,sigmoid,
2026-06-06T08:53:48,94.0,33.3,sensor2_serial,2,0,4,0,120,119,20.000,20.005,0,126,126,6.298567,SUCCESS,sigmoid,
2026-06-06T08:54:09,94.0,33.3,sensor2_serial,2,0,4,0,120,118,20.000,20.004,0,122,122,6.098717,SUCCESS,sigmoid,
2026-06-06T08:54:29,94.0,33.3,sensor2_serial,2,0,4,0,120,117,20.000,20.005,0,98,98,4.898738,SUCCESS,sigmoid,
2026-06-06T08:54:49,94.0,33.3,sensor2_serial,2,0,4,0,120,116,20.000,20.004,0,114,114,5.698768,SUCCESS,sigmoid,
2026-06-06T08:55:09,94.0,33.3,sensor2_serial,2,0,4,0,120,115,20.000,20.004,0,103,103,5.148912,SUCCESS,sigmoid,
2026-06-06T08:55:29,94.0,33.3,sensor2_serial,2,0,4,0,120,114,20.000,20.004,0,107,107,5.348847,SUCCESS,sigmoid,
2026-06-06T08:55:49,94.0,33.3,sensor2_serial,2,0,4,0,120,113,20.000,20.005,0,99,99,4.948647,SUCCESS,sigmoid,
2026-06-06T08:56:09,94.0,33.3,sensor2_serial,2,0,4,0,120,112,20.000,20.004,0,106,106,5.298859,SUCCESS,sigmoid,
2026-06-06T08:56:29,94.0,33.3,sensor2_serial,2,0,4,0,120,111,20.000,20.006,0,78,78,3.898881,SUCCESS,sigmoid,
2026-06-06T08:56:49,94.0,33.3,sensor2_serial,2,0,4,0,120,110,20.000,20.005,0,75,75,3.748983,SUCCESS,sigmoid,
2026-06-06T08:57:09,94.0,33.3,sensor2_serial,2,0,4,0,120,109,20.000,20.005,0,94,94,4.698726,SUCCESS,sigmoid,
2026-06-06T08:57:29,94.0,33.3,sensor2_serial,2,0,4,0,120,108,20.000,20.005,0,81,81,4.048975,SUCCESS,sigmoid,
2026-06-06T08:57:49,94.0,33.3,sensor2_serial,2,0,4,0,120,107,20.000,20.005,0,57,57,2.849232,SUCCESS,sigmoid,
2026-06-06T08:58:09,94.0,33.3,sensor2_serial,2,0,4,0,120,106,20.000,20.005,0,83,83,4.148915,SUCCESS,sigmoid,
2026-06-06T08:58:29,94.0,33.3,sensor2_serial,2,0,4,0,120,105,20.000,20.005,0,70,70,3.499062,SUCCESS,sigmoid,
2026-06-06T08:58:49,94.0,33.3,sensor2_serial,2,0,4,0,120,104,20.000,20.005,0,59,59,2.949220,SUCCESS,sigmoid,
2026-06-06T08:59:09,94.0,33.3,sensor2_serial,2,0,4,0,120,103,20.000,20.005,0,55,55,2.749374,SUCCESS,sigmoid,
2026-06-06T08:59:29,94.0,33.3,sensor2_serial,2,0,4,0,120,102,20.000,20.005,0,43,43,2.149419,SUCCESS,sigmoid,
2026-06-06T08:59:50,94.0,33.3,sensor2_serial,2,0,4,0,120,101,20.000,20.005,0,40,40,1.999486,SUCCESS,sigmoid,
2026-06-06T09:00:10,94.0,33.3,sensor2_serial,2,0,4,0,120,100,20.000,20.005,0,52,52,2.599308,SUCCESS,sigmoid,
2026-06-06T09:00:30,94.0,33.3,sensor2_serial,2,0,4,0,120,99,20.000,20.005,0,45,45,2.249417,SUCCESS,sigmoid,
2026-06-06T09:00:50,94.0,33.3,sensor2_serial,2,0,4,0,120,98,20.000,20.006,0,43,43,2.149402,SUCCESS,sigmoid,
2026-06-06T09:01:10,94.0,33.3,sensor2_serial,2,0,4,0,120,97,20.000,20.005,0,31,31,1.549604,SUCCESS,sigmoid,
2026-06-06T09:01:30,94.0,33.3,sensor2_serial,2,0,4,0,120,96,20.000,20.005,0,20,20,0.999730,SUCCESS,sigmoid,
2026-06-06T09:01:50,94.0,33.3,sensor2_serial,2,0,4,0,120,95,20.000,20.005,0,19,19,0.949741,SUCCESS,sigmoid,
2026-06-06T09:02:10,94.0,33.3,sensor2_serial,2,0,4,0,120,94,20.000,20.005,0,22,22,1.099702,SUCCESS,sigmoid,
2026-06-06T09:02:30,94.0,33.3,sensor2_serial,2,0,4,0,120,93,20.000,20.005,0,24,24,1.199696,SUCCESS,sigmoid,
2026-06-06T09:02:50,94.0,33.3,sensor2_serial,2,0,4,0,120,92,20.000,20.006,0,14,14,0.699807,SUCCESS,sigmoid,
2026-06-06T09:03:10,94.0,33.3,sensor2_serial,2,0,4,0,120,91,20.000,20.006,0,16,16,0.799773,SUCCESS,sigmoid,
2026-06-06T09:03:30,94.0,33.3,sensor2_serial,2,0,4,0,120,90,20.000,20.006,0,13,13,0.649820,SUCCESS,sigmoid,
2026-06-06T09:03:50,94.0,33.3,sensor2_serial,2,0,4,0,120,89,20.000,20.005,0,13,13,0.649829,SUCCESS,sigmoid,
2026-06-06T09:04:10,94.0,33.3,sensor2_serial,2,0,4,0,120,88,20.000,20.005,0,9,9,0.449879,SUCCESS,sigmoid,
2026-06-06T09:04:30,94.0,33.3,sensor2_serial,2,0,4,0,120,87,20.000,20.005,0,10,10,0.499864,SUCCESS,sigmoid,
2026-06-06T09:04:50,94.0,33.3,sensor2_serial,2,0,4,0,120,86,20.000,20.005,0,4,4,0.199949,SUCCESS,sigmoid,
2026-06-06T09:05:11,94.0,33.3,sensor2_serial,2,0,4,0,120,85,20.000,20.005,0,6,6,0.299918,SUCCESS,sigmoid,
2026-06-06T09:05:31,94.0,33.3,sensor2_serial,2,0,4,0,120,84,20.000,20.005,0,2,2,0.099974,SUCCESS,sigmoid,
2026-06-06T09:05:51,94.0,33.3,sensor2_serial,2,0,4,0,120,83,20.000,20.005,0,1,1,0.049986,SUCCESS,sigmoid,
2026-06-06T09:06:11,94.0,33.3,sensor2_serial,2,0,4,0,120,82,20.000,20.005,0,2,2,0.099973,SUCCESS,sigmoid,
2026-06-06T09:06:31,94.0,33.3,sensor2_serial,2,0,4,0,120,81,20.000,20.005,0,0,0,0.000000,SUCCESS,sigmoid,
2026-06-06T09:06:51,94.0,33.3,sensor2_serial,2,0,4,0,120,80,20.000,20.005,0,1,1,0.049987,SUCCESS,sigmoid,
2026-06-06T09:07:11,94.0,33.3,sensor2_serial,2,0,4,0,120,79,20.000,20.005,0,0,0,0.000000,SUCCESS,sigmoid,
2026-06-06T09:07:31,94.0,33.3,sensor2_serial,2,0,4,0,120,78,20.000,20.006,0,0,0,0.000000,SUCCESS,sigmoid,
2026-06-06T09:07:51,94.0,33.3,sensor2_serial,2,0,4,0,120,77,20.000,20.007,0,0,0,0.000000,SUCCESS,sigmoid,
2026-06-06T09:08:11,94.0,33.3,sensor2_serial,2,0,4,0,120,76,20.000,20.005,0,1,1,0.049987,SUCCESS,sigmoid,
2026-06-06T09:08:31,94.0,33.3,sensor2_serial,2,0,4,0,120,75,20.000,20.005,0,0,0,0.000000,SUCCESS,sigmoid,
2026-06-06T09:08:51,94.0,33.3,sensor2_serial,2,0,4,0,120,74,20.000,20.005,0,0,0,0.000000,SUCCESS,sigmoid,
2026-06-06T09:09:11,94.0,33.3,sensor2_serial,2,0,4,0,120,73,20.000,20.006,0,0,0,0.000000,SUCCESS,sigmoid,
2026-06-06T09:09:31,94.0,33.3,sensor2_serial,2,0,4,0,120,72,20.000,20.005,0,0,0,0.000000,SUCCESS,sigmoid,
2026-06-06T09:09:51,94.0,33.3,sensor2_serial,2,0,4,0,120,71,20.000,20.006,0,0,0,0.000000,SUCCESS,sigmoid,
2026-06-06T09:10:11,94.0,33.3,sensor2_serial,2,0,4,0,120,70,20.000,20.006,0,0,0,0.000000,SUCCESS,sigmoid,
2026-06-06T09:10:31,94.0,33.3,sensor2_serial,2,0,4,0,120,69,20.000,20.005,0,0,0,0.000000,SUCCESS,sigmoid,
2026-06-06T09:10:52,94.0,33.3,sensor2_serial,2,0,4,0,120,68,20.000,20.005,0,0,0,0.000000,SUCCESS,sigmoid,
2026-06-06T09:11:12,94.0,33.3,sensor2_serial,2,0,4,0,120,67,20.000,20.005,0,0,0,0.000000,SUCCESS,sigmoid,
2026-06-06T09:11:32,94.0,33.3,sensor2_serial,2,0,4,0,120,66,20.000,20.006,0,0,0,0.000000,SUCCESS,sigmoid,
2026-06-06T09:11:52,94.0,33.3,sensor2_serial,2,0,4,0,120,65,20.000,20.005,0,0,0,0.000000,SUCCESS,sigmoid,
2026-06-06T09:12:12,94.0,33.3,sensor2_serial,2,0,4,0,120,64,20.000,20.005,0,0,0,0.000000,SUCCESS,sigmoid,
2026-06-06T09:12:32,94.0,33.3,sensor2_serial,2,0,4,0,120,63,20.000,20.005,0,0,0,0.000000,SUCCESS,sigmoid,
2026-06-06T09:12:52,94.0,33.3,sensor2_serial,2,0,4,0,120,62,20.000,20.005,0,0,0,0.000000,SUCCESS,sigmoid,
2026-06-06T09:13:12,94.0,33.3,sensor2_serial,2,0,4,0,120,61,20.000,20.006,0,0,0,0.000000,SUCCESS,sigmoid,
2026-06-06T09:13:32,94.0,33.3,sensor2_serial,2,0,4,0,120,60,20.000,20.005,0,0,0,0.000000,SUCCESS,sigmoid,
2026-06-06T09:13:52,94.0,33.3,sensor2_serial,2,0,4,0,120,59,20.000,20.006,0,0,0,0.000000,SUCCESS,sigmoid,
2026-06-06T09:14:12,94.0,33.3,sensor2_serial,2,0,4,0,120,58,20.000,20.005,0,0,0,0.000000,SUCCESS,sigmoid,
2026-06-06T09:14:32,94.0,33.3,sensor2_serial,2,0,4,0,120,57,20.000,20.006,0,0,0,0.000000,SUCCESS,sigmoid,
2026-06-06T09:14:52,94.0,33.3,sensor2_serial,2,0,4,0,120,56,20.000,20.006,0,0,0,0.000000,SUCCESS,sigmoid,
2026-06-06T09:15:12,94.0,33.3,sensor2_serial,2,0,4,0,120,55,20.000,20.006,0,0,0,0.000000,SUCCESS,sigmoid,
2026-06-06T09:15:32,94.0,33.3,sensor2_serial,2,0,4,0,120,54,20.000,20.005,0,0,0,0.000000,SUCCESS,sigmoid,
2026-06-06T09:15:52,94.0,33.3,sensor2_serial,2,0,4,0,120,53,20.000,20.005,0,0,0,0.000000,SUCCESS,sigmoid,
2026-06-06T09:16:12,94.0,33.3,sensor2_serial,2,0,4,0,120,52,20.000,20.005,0,0,0,0.000000,SUCCESS,sigmoid,
2026-06-06T09:16:33,94.0,33.3,sensor2_serial,2,0,4,0,120,51,20.000,20.005,0,0,0,0.000000,SUCCESS,sigmoid,
2026-06-06T09:16:53,94.0,33.3,sensor2_serial,2,0,4,0,120,50,20.000,20.006,0,0,0,0.000000,SUCCESS,sigmoid,
2026-06-06T09:17:13,94.0,33.3,sensor2_serial,2,0,4,0,120,49,20.000,20.005,0,0,0,0.000000,SUCCESS,sigmoid,
2026-06-06T09:17:33,94.0,33.3,sensor2_serial,2,0,4,0,120,48,20.000,20.006,0,0,0,0.000000,SUCCESS,sigmoid,
2026-06-06T09:17:53,94.0,33.3,sensor2_serial,2,0,4,0,120,47,20.000,20.006,0,0,0,0.000000,SUCCESS,sigmoid,
2026-06-06T09:18:13,94.0,33.3,sensor2_serial,2,0,4,0,120,46,20.000,20.005,0,0,0,0.000000,SUCCESS,sigmoid,
2026-06-06T09:18:33,94.0,33.3,sensor2_serial,2,0,4,0,120,45,20.000,20.006,0,0,0,0.000000,SUCCESS,sigmoid,
2026-06-06T09:18:53,94.0,33.3,sensor2_serial,2,0,4,0,120,44,20.000,20.005,0,0,0,0.000000,SUCCESS,sigmoid,
2026-06-06T09:19:13,94.0,33.3,sensor2_serial,2,0,4,0,120,43,20.000,20.005,0,0,0,0.000000,SUCCESS,sigmoid,
2026-06-06T09:19:33,94.0,33.3,sensor2_serial,2,0,4,0,120,42,20.000,20.005,0,0,0,0.000000,SUCCESS,sigmoid,
2026-06-06T09:19:53,94.0,33.3,sensor2_serial,2,0,4,0,120,41,20.000,20.005,0,0,0,0.000000,SUCCESS,sigmoid,
2026-06-06T09:20:13,94.0,33.3,sensor2_serial,2,0,4,0,120,40,20.000,20.005,0,0,0,0.000000,SUCCESS,sigmoid,
2026-06-06T09:20:33,94.0,33.3,sensor2_serial,2,0,4,0,120,39,20.000,20.005,0,0,0,0.000000,SUCCESS,sigmoid,
2026-06-06T09:20:53,94.0,33.3,sensor2_serial,2,0,4,0,120,38,20.000,20.005,0,0,0,0.000000,SUCCESS,sigmoid,
2026-06-06T09:21:13,94.0,33.3,sensor2_serial,2,0,4,0,120,37,20.000,20.007,0,0,0,0.000000,SUCCESS,sigmoid,
2026-06-06T09:21:33,94.0,33.3,sensor2_serial,2,0,4,0,120,36,20.000,20.005,0,0,0,0.000000,SUCCESS,sigmoid,
2026-06-06T09:21:53,94.0,33.3,sensor2_serial,2,0,4,0,120,35,20.000,20.005,0,0,0,0.000000,SUCCESS,sigmoid,
2026-06-06T09:22:14,94.0,33.3,sensor2_serial,2,0,4,0,120,34,20.000,20.005,0,0,0,0.000000,SUCCESS,sigmoid,
2026-06-06T09:22:34,94.0,33.3,sensor2_serial,2,0,4,0,120,33,20.000,20.005,0,0,0,0.000000,SUCCESS,sigmoid,
2026-06-06T09:22:54,94.0,33.3,sensor2_serial,2,0,4,0,120,32,20.000,20.005,0,0,0,0.000000,SUCCESS,sigmoid,
2026-06-06T09:23:14,94.0,33.3,sensor2_serial,2,0,4,0,120,31,20.000,20.005,0,0,0,0.000000,SUCCESS,sigmoid,
2026-06-06T09:23:34,94.0,33.3,sensor2_serial,2,0,4,0,120,30,20.000,20.005,0,0,0,0.000000,SUCCESS,sigmoid,
2026-06-06T09:23:54,94.0,33.3,sensor2_serial,2,0,4,0,120,29,20.000,20.005,0,0,0,0.000000,SUCCESS,sigmoid,
2026-06-06T09:24:14,94.0,33.3,sensor2_serial,2,0,4,0,120,28,20.000,20.006,0,0,0,0.000000,SUCCESS,sigmoid,
2026-06-06T09:24:34,94.0,33.3,sensor2_serial,2,0,4,0,120,27,20.000,20.005,0,0,0,0.000000,SUCCESS,sigmoid,
2026-06-06T09:24:54,94.0,33.3,sensor2_serial,2,0,4,0,120,26,20.000,20.005,0,0,0,0.000000,SUCCESS,sigmoid,
2026-06-06T09:25:14,94.0,33.3,sensor2_serial,2,0,4,0,120,25,20.000,20.005,0,0,0,0.000000,SUCCESS,sigmoid,
2026-06-06T09:25:34,94.0,33.3,sensor2_serial,2,0,4,0,120,24,20.000,20.005,0,0,0,0.000000,SUCCESS,sigmoid,
2026-06-06T09:25:54,94.0,33.3,sensor2_serial,2,0,4,0,120,23,20.000,20.005,0,0,0,0.000000,SUCCESS,sigmoid,
2026-06-06T09:26:14,94.0,33.3,sensor2_serial,2,0,4,0,120,22,20.000,20.006,0,0,0,0.000000,SUCCESS,sigmoid,
2026-06-06T09:26:34,94.0,33.3,sensor2_serial,2,0,4,0,120,21,20.000,20.005,0,0,0,0.000000,SUCCESS,sigmoid,
2026-06-06T09:26:54,94.0,33.3,sensor2_serial,2,0,4,0,120,20,20.000,20.006,0,0,0,0.000000,SUCCESS,sigmoid,
2026-06-06T09:27:14,94.0,33.3,sensor2_serial,2,0,4,0,120,19,20.000,20.006,0,0,0,0.000000,SUCCESS,sigmoid,
2026-06-06T09:27:35,94.0,33.3,sensor2_serial,2,0,4,0,120,18,20.000,20.005,0,0,0,0.000000,SUCCESS,sigmoid,
2026-06-06T09:27:55,94.0,33.3,sensor2_serial,2,0,4,0,120,17,20.000,20.005,0,0,0,0.000000,SUCCESS,sigmoid,
2026-06-06T09:28:15,94.0,33.3,sensor2_serial,2,0,4,0,120,16,20.000,20.006,0,0,0,0.000000,SUCCESS,sigmoid,
2026-06-06T09:28:35,94.0,33.3,sensor2_serial,2,0,4,0,120,15,20.000,20.005,0,0,0,0.000000,SUCCESS,sigmoid,
2026-06-06T09:28:55,94.0,33.3,sensor2_serial,2,0,4,0,120,14,20.000,20.005,0,0,0,0.000000,SUCCESS,sigmoid,
2026-06-06T09:29:15,94.0,33.3,sensor2_serial,2,0,4,0,120,13,20.000,20.006,0,0,0,0.000000,SUCCESS,sigmoid,
2026-06-06T09:29:35,94.0,33.3,sensor2_serial,2,0,4,0,120,12,20.000,20.005,0,0,0,0.000000,SUCCESS,sigmoid,
2026-06-06T09:29:55,94.0,33.3,sensor2_serial,2,0,4,0,120,11,20.000,20.005,0,0,0,0.000000,SUCCESS,sigmoid,
2026-06-06T09:30:15,94.0,33.3,sensor2_serial,2,0,4,0,120,10,20.000,20.006,0,0,0,0.000000,SUCCESS,sigmoid,
2026-06-06T09:30:35,94.0,33.3,sensor2_serial,2,0,4,0,120,9,20.000,20.005,0,0,0,0.000000,SUCCESS,sigmoid,
2026-06-06T09:30:55,94.0,33.3,sensor2_serial,2,0,4,0,120,8,20.000,20.005,0,0,0,0.000000,SUCCESS,sigmoid,
2026-06-06T09:31:15,94.0,33.3,sensor2_serial,2,0,4,0,120,7,20.000,20.006,0,0,0,0.000000,SUCCESS,sigmoid,
2026-06-06T09:31:35,94.0,33.3,sensor2_serial,2,0,4,0,120,6,20.000,20.005,0,0,0,0.000000,SUCCESS,sigmoid,
2026-06-06T09:31:55,94.0,33.3,sensor2_serial,2,0,4,0,120,5,20.000,20.005,0,0,0,0.000000,SUCCESS,sigmoid,
2026-06-06T09:32:15,94.0,33.3,sensor2_serial,2,0,4,0,120,4,20.000,20.005,0,0,0,0.000000,SUCCESS,sigmoid,
2026-06-06T09:32:35,94.0,33.3,sensor2_serial,2,0,4,0,120,3,20.000,20.006,0,0,0,0.000000,SUCCESS,sigmoid,
2026-06-06T09:32:55,94.0,33.3,sensor2_serial,2,0,4,0,120,2,20.000,20.005,0,0,0,0.000000,SUCCESS,sigmoid,
2026-06-06T09:33:16,94.0,33.3,sensor2_serial,2,0,4,0,120,1,20.000,20.005,0,0,0,0.000000,SUCCESS,sigmoid,
2026-06-06T09:33:36,94.0,33.3,sensor2_serial,2,0,4,0,120,0,20.000,20.005,0,0,0,0.000000,SUCCESS,sigmoid,
2026-06-06T09:33:56,94.0,33.3,sensor2_serial,2,1,5,1,120,255,20.000,20.006,0,1749927,1749927,87472.227017,SUCCESS,sigmoid,
2026-06-06T09:34:16,94.0,33.3,sensor2_serial,2,1,5,1,120,254,20.000,20.005,0,1718484,1718484,85902.099324,SUCCESS,sigmoid,
2026-06-06T09:34:36,94.0,33.3,sensor2_serial,2,1,5,1,120,253,20.000,20.005,0,1747573,1747573,87354.792665,SUCCESS,sigmoid,
2026-06-06T09:34:56,94.0,33.3,sensor2_serial,2,1,5,1,120,252,20.000,20.006,0,1947591,1947591,97352.617496,SUCCESS,sigmoid,
2026-06-06T09:35:16,94.0,33.3,sensor2_serial,2,1,5,1,120,251,20.000,20.005,0,2313034,2313034,115621.208977,SUCCESS,sigmoid,
2026-06-06T09:35:36,94.0,33.3,sensor2_serial,2,1,5,1,120,250,20.000,20.006,0,2781813,2781813,139052.022265,SUCCESS,sigmoid,
2026-06-06T09:35:56,94.0,33.3,sensor2_serial,2,1,5,1,120,249,20.000,20.006,0,3099176,3099176,154913.328440,SUCCESS,sigmoid,
2026-06-06T09:36:16,94.0,33.3,sensor2_serial,2,1,5,1,120,248,20.000,20.005,0,3275273,3275273,163719.746700,SUCCESS,sigmoid,
2026-06-06T09:36:36,94.0,33.3,sensor2_serial,2,1,5,1,120,247,20.000,20.005,0,2917850,2917850,145853.632859,SUCCESS,sigmoid,
2026-06-06T09:36:56,94.0,33.3,sensor2_serial,2,1,5,1,120,246,20.000,20.005,0,2266903,2266903,113316.474419,SUCCESS,sigmoid,
2026-06-06T09:37:16,94.0,33.3,sensor2_serial,2,1,5,1,120,245,20.000,20.005,0,1540711,1540711,77015.341824,SUCCESS,sigmoid,
2026-06-06T09:37:36,94.0,33.3,sensor2_serial,2,1,5,1,120,244,20.000,20.005,0,871199,871199,43548.440194,SUCCESS,sigmoid,
2026-06-06T09:37:56,94.0,33.3,sensor2_serial,2,1,5,1,120,243,20.000,20.006,0,426839,426839,21335.634723,SUCCESS,sigmoid,
2026-06-06T09:38:16,94.0,33.3,sensor2_serial,2,1,5,1,120,242,20.000,20.005,0,193422,193422,9668.489881,SUCCESS,sigmoid,
2026-06-06T09:38:36,94.0,33.3,sensor2_serial,2,1,5,1,120,241,20.000,20.005,0,118358,118358,5916.354087,SUCCESS,sigmoid,
2026-06-06T09:38:57,94.0,33.3,sensor2_serial,2,1,5,1,120,240,20.000,20.006,0,46264,46264,2312.555409,SUCCESS,sigmoid,
2026-06-06T09:39:17,94.0,33.3,sensor2_serial,2,1,5,1,120,239,20.000,20.005,0,62870,62870,3142.697786,SUCCESS,sigmoid,
2026-06-06T09:39:37,94.0,33.3,sensor2_serial,2,1,5,1,120,238,20.000,20.005,0,26973,26973,1348.284488,SUCCESS,sigmoid,
2026-06-06T09:39:57,94.0,33.3,sensor2_serial,2,1,5,1,120,237,20.000,20.005,0,9064,9064,453.076612,SUCCESS,sigmoid,
2026-06-06T09:40:17,94.0,33.3,sensor2_serial,2,1,5,1,120,236,20.000,20.005,0,4021,4021,200.997004,SUCCESS,sigmoid,
2026-06-06T09:40:37,94.0,33.3,sensor2_serial,2,1,5,1,120,235,20.000,20.005,0,1701,1701,85.026987,SUCCESS,sigmoid,
2026-06-06T09:40:57,94.0,33.3,sensor2_serial,2,1,5,1,120,234,20.000,20.005,0,642,642,32.091298,SUCCESS,sigmoid,
2026-06-06T09:41:17,94.0,33.3,sensor2_serial,2,1,5,1,120,233,20.000,20.004,0,359,359,17.946246,SUCCESS,sigmoid,
2026-06-06T09:41:37,94.0,33.3,sensor2_serial,2,1,5,1,120,232,20.000,20.004,0,243,243,12.147320,SUCCESS,sigmoid,
2026-06-06T09:41:57,94.0,33.3,sensor2_serial,2,1,5,1,120,231,20.000,20.004,0,210,210,10.497771,SUCCESS,sigmoid,
2026-06-06T09:42:17,94.0,33.3,sensor2_serial,2,1,5,1,120,230,20.000,20.004,0,190,190,9.497959,SUCCESS,sigmoid,
2026-06-06T09:42:37,94.0,33.3,sensor2_serial,2,1,5,1,120,229,20.000,20.004,0,175,175,8.748191,SUCCESS,sigmoid,
2026-06-06T09:42:57,94.0,33.3,sensor2_serial,2,1,5,1,120,228,20.000,20.004,0,193,193,9.647852,SUCCESS,sigmoid,
2026-06-06T09:43:17,94.0,33.3,sensor2_serial,2,1,5,1,120,227,20.000,20.004,0,191,191,9.547927,SUCCESS,sigmoid,
2026-06-06T09:43:37,94.0,33.3,sensor2_serial,2,1,5,1,120,226,20.000,20.004,0,188,188,9.397944,SUCCESS,sigmoid,
2026-06-06T09:43:57,94.0,33.3,sensor2_serial,2,1,5,1,120,225,20.000,20.004,0,191,191,9.548021,SUCCESS,sigmoid,
2026-06-06T09:44:17,94.0,33.3,sensor2_serial,2,1,5,1,120,224,20.000,20.004,0,213,213,10.647743,SUCCESS,sigmoid,
2026-06-06T09:44:38,94.0,33.3,sensor2_serial,2,1,5,1,120,223,20.000,20.005,0,190,190,9.497798,SUCCESS,sigmoid,
2026-06-06T09:44:58,94.0,33.3,sensor2_serial,2,1,5,1,120,222,20.000,20.004,0,240,240,11.997727,SUCCESS,sigmoid,
2026-06-06T09:45:18,94.0,33.3,sensor2_serial,2,1,5,1,120,221,20.000,20.004,0,195,195,9.747938,SUCCESS,sigmoid,
2026-06-06T09:45:38,94.0,33.3,sensor2_serial,2,1,5,1,120,220,20.000,20.004,0,189,189,9.447914,SUCCESS,sigmoid,
2026-06-06T09:45:58,94.0,33.3,sensor2_serial,2,1,5,1,120,219,20.000,20.004,0,204,204,10.197869,SUCCESS,sigmoid,
2026-06-06T09:46:18,94.0,33.3,sensor2_serial,2,1,5,1,120,218,20.000,20.004,0,180,180,8.998063,SUCCESS,sigmoid,
2026-06-06T09:46:38,94.0,33.3,sensor2_serial,2,1,5,1,120,217,20.000,20.005,0,174,174,8.698034,SUCCESS,sigmoid,
2026-06-06T09:46:58,94.0,33.3,sensor2_serial,2,1,5,1,120,216,20.000,20.004,0,197,197,9.847850,SUCCESS,sigmoid,
2026-06-06T09:47:18,94.0,33.3,sensor2_serial,2,1,5,1,120,215,20.000,20.004,0,186,186,9.298045,SUCCESS,sigmoid,
2026-06-06T09:47:38,94.0,33.3,sensor2_serial,2,1,5,1,120,214,20.000,20.004,0,189,189,9.448008,SUCCESS,sigmoid,
2026-06-06T09:47:58,94.0,33.3,sensor2_serial,2,1,5,1,120,213,20.000,20.005,0,192,192,9.597816,SUCCESS,sigmoid,
2026-06-06T09:48:18,94.0,33.3,sensor2_serial,2,1,5,1,120,212,20.000,20.004,0,208,208,10.397663,SUCCESS,sigmoid,
2026-06-06T09:48:38,94.0,33.3,sensor2_serial,2,1,5,1,120,211,20.000,20.004,0,207,207,10.347840,SUCCESS,sigmoid,
2026-06-06T09:48:58,94.0,33.3,sensor2_serial,2,1,5,1,120,210,20.000,20.005,0,208,208,10.397525,SUCCESS,sigmoid,
2026-06-06T09:49:18,94.0,33.3,sensor2_serial,2,1,5,1,120,209,20.000,20.004,0,213,213,10.647766,SUCCESS,sigmoid,
2026-06-06T09:49:38,94.0,33.3,sensor2_serial,2,1,5,1,120,208,20.000,20.005,0,187,187,9.347887,SUCCESS,sigmoid,
2026-06-06T09:49:58,94.0,33.3,sensor2_serial,2,1,5,1,120,207,20.000,20.005,0,208,208,10.397625,SUCCESS,sigmoid,
2026-06-06T09:50:19,94.0,33.3,sensor2_serial,2,1,5,1,120,206,20.000,20.004,0,200,200,9.997807,SUCCESS,sigmoid,
2026-06-06T09:50:39,94.0,33.3,sensor2_serial,2,1,5,1,120,205,20.000,20.005,0,198,198,9.897708,SUCCESS,sigmoid,
2026-06-06T09:50:59,94.0,33.3,sensor2_serial,2,1,5,1,120,204,20.000,20.005,0,182,182,9.097928,SUCCESS,sigmoid,
2026-06-06T09:51:19,94.0,33.3,sensor2_serial,2,1,5,1,120,203,20.000,20.004,0,173,173,8.648124,SUCCESS,sigmoid,
2026-06-06T09:51:39,94.0,33.3,sensor2_serial,2,1,5,1,120,202,20.000,20.004,0,193,193,9.647845,SUCCESS,sigmoid,
2026-06-06T09:51:59,94.0,33.3,sensor2_serial,2,1,5,1,120,201,20.000,20.004,0,188,188,9.398023,SUCCESS,sigmoid,
2026-06-06T09:52:19,94.0,33.3,sensor2_serial,2,1,5,1,120,200,20.000,20.004,0,195,195,9.747882,SUCCESS,sigmoid,
2026-06-06T09:52:39,94.0,33.3,sensor2_serial,2,1,5,1,120,199,20.000,20.005,0,172,172,8.598032,SUCCESS,sigmoid,
2026-06-06T09:52:59,94.0,33.3,sensor2_serial,2,1,5,1,120,198,20.000,20.004,0,202,202,10.097855,SUCCESS,sigmoid,
2026-06-06T09:53:19,94.0,33.3,sensor2_serial,2,1,5,1,120,197,20.000,20.006,0,205,205,10.247167,SUCCESS,sigmoid,
2026-06-06T09:53:39,94.0,33.3,sensor2_serial,2,1,5,1,120,196,20.000,20.005,0,194,194,9.697668,SUCCESS,sigmoid,
2026-06-06T09:53:59,94.0,33.3,sensor2_serial,2,1,5,1,120,195,20.000,20.004,0,161,161,8.048243,SUCCESS,sigmoid,
2026-06-06T09:54:19,94.0,33.3,sensor2_serial,2,1,5,1,120,194,20.000,20.004,0,182,182,9.098048,SUCCESS,sigmoid,
2026-06-06T09:54:39,94.0,33.3,sensor2_serial,2,1,5,1,120,193,20.000,20.004,0,179,179,8.948030,SUCCESS,sigmoid,
2026-06-06T09:54:59,94.0,33.3,sensor2_serial,2,1,5,1,120,192,20.000,20.004,0,216,216,10.797649,SUCCESS,sigmoid,
2026-06-06T09:55:19,94.0,33.3,sensor2_serial,2,1,5,1,120,191,20.000,20.005,0,179,179,8.947920,SUCCESS,sigmoid,
2026-06-06T09:55:39,94.0,33.3,sensor2_serial,2,1,5,1,120,190,20.000,20.005,0,203,203,10.147693,SUCCESS,sigmoid,
2026-06-06T09:56:00,94.0,33.3,sensor2_serial,2,1,5,1,120,189,20.000,20.004,0,192,192,9.597864,SUCCESS,sigmoid,
2026-06-06T09:56:20,94.0,33.3,sensor2_serial,2,1,5,1,120,188,20.000,20.004,0,191,191,9.547891,SUCCESS,sigmoid,
2026-06-06T09:56:40,94.0,33.3,sensor2_serial,2,1,5,1,120,187,20.000,20.004,0,208,208,10.397817,SUCCESS,sigmoid,
2026-06-06T09:57:00,94.0,33.3,sensor2_serial,2,1,5,1,120,186,20.000,20.006,0,163,163,8.147740,SUCCESS,sigmoid,
2026-06-06T09:57:20,94.0,33.3,sensor2_serial,2,1,5,1,120,185,20.000,20.004,0,170,170,8.498198,SUCCESS,sigmoid,
2026-06-06T09:57:40,94.0,33.3,sensor2_serial,2,1,5,1,120,184,20.000,20.004,0,189,189,9.447991,SUCCESS,sigmoid,
2026-06-06T09:58:00,94.0,33.3,sensor2_serial,2,1,5,1,120,183,20.000,20.004,0,191,191,9.548053,SUCCESS,sigmoid,
2026-06-06T09:58:20,94.0,33.3,sensor2_serial,2,1,5,1,120,182,20.000,20.004,0,168,168,8.398116,SUCCESS,sigmoid,
2026-06-06T09:58:40,94.0,33.3,sensor2_serial,2,1,5,1,120,181,20.000,20.004,0,183,183,9.148037,SUCCESS,sigmoid,
2026-06-06T09:59:00,94.0,33.3,sensor2_serial,2,1,5,1,120,180,20.000,20.004,0,174,174,8.698106,SUCCESS,sigmoid,
2026-06-06T09:59:20,94.0,33.3,sensor2_serial,2,1,5,1,120,179,20.000,20.005,0,193,193,9.647636,SUCCESS,sigmoid,
2026-06-06T09:59:40,94.0,33.3,sensor2_serial,2,1,5,1,120,178,20.000,20.004,0,166,166,8.298160,SUCCESS,sigmoid,
2026-06-06T10:00:00,94.0,33.3,sensor2_serial,2,1,5,1,120,177,20.000,20.004,0,204,204,10.197911,SUCCESS,sigmoid,
2026-06-06T10:00:20,94.0,33.3,sensor2_serial,2,1,5,1,120,176,20.000,20.004,0,192,192,9.597848,SUCCESS,sigmoid,
2026-06-06T10:00:40,94.0,33.3,sensor2_serial,2,1,5,1,120,175,20.000,20.004,0,165,165,8.248175,SUCCESS,sigmoid,
2026-06-06T10:01:00,94.0,33.3,sensor2_serial,2,1,5,1,120,174,20.000,20.004,0,174,174,8.698132,SUCCESS,sigmoid,
2026-06-06T10:01:20,94.0,33.3,sensor2_serial,2,1,5,1,120,173,20.000,20.004,0,195,195,9.747901,SUCCESS,sigmoid,
2026-06-06T10:01:41,94.0,33.3,sensor2_serial,2,1,5,1,120,172,20.000,20.004,0,188,188,9.397995,SUCCESS,sigmoid,
2026-06-06T10:02:01,94.0,33.3,sensor2_serial,2,1,5,1,120,171,20.000,20.004,0,191,191,9.547977,SUCCESS,sigmoid,
2026-06-06T10:02:21,94.0,33.3,sensor2_serial,2,1,5,1,120,170,20.000,20.004,0,193,193,9.647881,SUCCESS,sigmoid,
2026-06-06T10:02:41,94.0,33.3,sensor2_serial,2,1,5,1,120,169,20.000,20.005,0,178,178,8.897944,SUCCESS,sigmoid,
2026-06-06T10:03:01,94.0,33.3,sensor2_serial,2,1,5,1,120,168,20.000,20.004,0,168,168,8.398216,SUCCESS,sigmoid,
2026-06-06T10:03:21,94.0,33.3,sensor2_serial,2,1,5,1,120,167,20.000,20.004,0,190,190,9.498005,SUCCESS,sigmoid,
2026-06-06T10:03:41,94.0,33.3,sensor2_serial,2,1,5,1,120,166,20.000,20.004,0,199,199,9.947884,SUCCESS,sigmoid,
2026-06-06T10:04:01,94.0,33.3,sensor2_serial,2,1,5,1,120,165,20.000,20.004,0,179,179,8.948150,SUCCESS,sigmoid,
2026-06-06T10:04:21,94.0,33.3,sensor2_serial,2,1,5,1,120,164,20.000,20.004,0,169,169,8.448106,SUCCESS,sigmoid,
2026-06-06T10:04:41,94.0,33.3,sensor2_serial,2,1,5,1,120,163,20.000,20.004,0,200,200,9.997777,SUCCESS,sigmoid,
2026-06-06T10:05:01,94.0,33.3,sensor2_serial,2,1,5,1,120,162,20.000,20.004,0,175,175,8.748173,SUCCESS,sigmoid,
2026-06-06T10:05:21,94.0,33.3,sensor2_serial,2,1,5,1,120,161,20.000,20.004,0,207,207,10.347855,SUCCESS,sigmoid,
2026-06-06T10:05:41,94.0,33.3,sensor2_serial,2,1,5,1,120,160,20.000,20.004,0,198,198,9.897864,SUCCESS,sigmoid,
2026-06-06T10:06:01,94.0,33.3,sensor2_serial,2,1,5,1,120,159,20.000,20.004,0,170,170,8.498230,SUCCESS,sigmoid,
2026-06-06T10:06:21,94.0,33.3,sensor2_serial,2,1,5,1,120,158,20.000,20.004,0,175,175,8.748152,SUCCESS,sigmoid,
2026-06-06T10:06:41,94.0,33.3,sensor2_serial,2,1,5,1,120,157,20.000,20.004,0,204,204,10.197727,SUCCESS,sigmoid,
2026-06-06T10:07:01,94.0,33.3,sensor2_serial,2,1,5,1,120,156,20.000,20.004,0,176,176,8.798038,SUCCESS,sigmoid,
2026-06-06T10:07:22,94.0,33.3,sensor2_serial,2,1,5,1,120,155,20.000,20.004,0,173,173,8.648146,SUCCESS,sigmoid,
2026-06-06T10:07:42,94.0,33.3,sensor2_serial,2,1,5,1,120,154,20.000,20.004,0,193,193,9.647947,SUCCESS,sigmoid,
2026-06-06T10:08:02,94.0,33.3,sensor2_serial,2,1,5,1,120,153,20.000,20.004,0,180,180,8.998073,SUCCESS,sigmoid,
2026-06-06T10:08:22,94.0,33.3,sensor2_serial,2,1,5,1,120,152,20.000,20.004,0,186,186,9.297946,SUCCESS,sigmoid,
2026-06-06T10:08:42,94.0,33.3,sensor2_serial,2,1,5,1,120,151,20.000,20.004,0,190,190,9.497939,SUCCESS,sigmoid,
2026-06-06T10:09:02,94.0,33.3,sensor2_serial,2,1,5,1,120,150,20.000,20.004,0,173,173,8.648227,SUCCESS,sigmoid,
2026-06-06T10:09:22,94.0,33.3,sensor2_serial,2,1,5,1,120,149,20.000,20.005,0,153,153,7.648279,SUCCESS,sigmoid,
2026-06-06T10:09:42,94.0,33.3,sensor2_serial,2,1,5,1,120,148,20.000,20.005,0,163,163,8.148144,SUCCESS,sigmoid,
2026-06-06T10:10:02,94.0,33.3,sensor2_serial,2,1,5,1,120,147,20.000,20.004,0,176,176,8.798059,SUCCESS,sigmoid,
2026-06-06T10:10:22,94.0,33.3,sensor2_serial,2,1,5,1,120,146,20.000,20.004,0,169,169,8.448242,SUCCESS,sigmoid,
2026-06-06T10:10:42,94.0,33.3,sensor2_serial,2,1,5,1,120,145,20.000,20.005,0,158,158,7.898164,SUCCESS,sigmoid,
2026-06-06T10:11:02,94.0,33.3,sensor2_serial,2,1,5,1,120,144,20.000,20.004,0,180,180,8.998025,SUCCESS,sigmoid,
2026-06-06T10:11:22,94.0,33.3,sensor2_serial,2,1,5,1,120,143,20.000,20.004,0,174,174,8.698108,SUCCESS,sigmoid,
2026-06-06T10:11:42,94.0,33.3,sensor2_serial,2,1,5,1,120,142,20.000,20.004,0,176,176,8.798207,SUCCESS,sigmoid,
2026-06-06T10:12:02,94.0,33.3,sensor2_serial,2,1,5,1,120,141,20.000,20.004,0,170,170,8.498168,SUCCESS,sigmoid,
2026-06-06T10:12:22,94.0,33.3,sensor2_serial,2,1,5,1,120,140,20.000,20.004,0,163,163,8.148178,SUCCESS,sigmoid,
2026-06-06T10:12:42,94.0,33.3,sensor2_serial,2,1,5,1,120,139,20.000,20.005,0,154,154,7.698235,SUCCESS,sigmoid,
2026-06-06T10:13:03,94.0,33.3,sensor2_serial,2,1,5,1,120,138,20.000,20.004,0,160,160,7.998250,SUCCESS,sigmoid,
2026-06-06T10:13:23,94.0,33.3,sensor2_serial,2,1,5,1,120,137,20.000,20.004,0,174,174,8.698132,SUCCESS,sigmoid,
2026-06-06T10:13:43,94.0,33.3,sensor2_serial,2,1,5,1,120,136,20.000,20.004,0,165,165,8.248308,SUCCESS,sigmoid,
2026-06-06T10:14:03,94.0,33.3,sensor2_serial,2,1,5,1,120,135,20.000,20.004,0,196,196,9.797807,SUCCESS,sigmoid,
2026-06-06T10:14:23,94.0,33.3,sensor2_serial,2,1,5,1,120,134,20.000,20.005,0,147,147,7.348341,SUCCESS,sigmoid,
2026-06-06T10:14:43,94.0,33.3,sensor2_serial,2,1,5,1,120,133,20.000,20.004,0,148,148,7.398372,SUCCESS,sigmoid,
2026-06-06T10:15:03,94.0,33.3,sensor2_serial,2,1,5,1,120,132,20.000,20.005,0,152,152,7.598284,SUCCESS,sigmoid,
2026-06-06T10:15:23,94.0,33.3,sensor2_serial,2,1,5,1,120,131,20.000,20.004,0,156,156,7.798355,SUCCESS,sigmoid,
2026-06-06T10:15:43,94.0,33.3,sensor2_serial,2,1,5,1,120,130,20.000,20.004,0,146,146,7.298462,SUCCESS,sigmoid,
2026-06-06T10:16:03,94.0,33.3,sensor2_serial,2,1,5,1,120,129,20.000,20.006,0,160,160,7.997740,SUCCESS,sigmoid,
2026-06-06T10:16:23,94.0,33.3,sensor2_serial,2,1,5,1,120,128,20.000,20.004,0,151,151,7.548329,SUCCESS,sigmoid,
2026-06-06T10:16:43,94.0,33.3,sensor2_serial,2,1,5,1,120,127,20.000,20.004,0,134,134,6.698595,SUCCESS,sigmoid,
2026-06-06T10:17:03,94.0,33.3,sensor2_serial,2,1,5,1,120,126,20.000,20.005,0,154,154,7.698226,SUCCESS,sigmoid,
2026-06-06T10:17:23,94.0,33.3,sensor2_serial,2,1,5,1,120,125,20.000,20.005,0,144,144,7.198376,SUCCESS,sigmoid,
2026-06-06T10:17:43,94.0,33.3,sensor2_serial,2,1,5,1,120,124,20.000,20.004,0,141,141,7.048419,SUCCESS,sigmoid,
2026-06-06T10:18:03,94.0,33.3,sensor2_serial,2,1,5,1,120,123,20.000,20.004,0,136,136,6.798507,SUCCESS,sigmoid,
2026-06-06T10:18:23,94.0,33.3,sensor2_serial,2,1,5,1,120,122,20.000,20.004,0,158,158,7.898339,SUCCESS,sigmoid,
2026-06-06T10:18:44,94.0,33.3,sensor2_serial,2,1,5,1,120,121,20.000,20.005,0,144,144,7.198378,SUCCESS,sigmoid,
2026-06-06T10:19:04,94.0,33.3,sensor2_serial,2,1,5,1,120,120,20.000,20.004,0,117,117,5.848765,SUCCESS,sigmoid,
2026-06-06T10:19:24,94.0,33.3,sensor2_serial,2,1,5,1,120,119,20.000,20.005,0,149,149,7.448309,SUCCESS,sigmoid,
2026-06-06T10:19:44,94.0,33.3,sensor2_serial,2,1,5,1,120,118,20.000,20.004,0,105,105,5.248921,SUCCESS,sigmoid,
2026-06-06T10:20:04,94.0,33.3,sensor2_serial,2,1,5,1,120,117,20.000,20.005,0,118,118,5.898653,SUCCESS,sigmoid,
2026-06-06T10:20:24,94.0,33.3,sensor2_serial,2,1,5,1,120,116,20.000,20.004,0,108,108,5.398901,SUCCESS,sigmoid,
2026-06-06T10:20:44,94.0,33.3,sensor2_serial,2,1,5,1,120,115,20.000,20.006,0,85,85,4.248809,SUCCESS,sigmoid,
2026-06-06T10:21:04,94.0,33.3,sensor2_serial,2,1,5,1,120,114,20.000,20.005,0,109,109,5.448732,SUCCESS,sigmoid,
2026-06-06T10:21:24,94.0,33.3,sensor2_serial,2,1,5,1,120,113,20.000,20.005,0,96,96,4.798693,SUCCESS,sigmoid,
2026-06-06T10:21:44,94.0,33.3,sensor2_serial,2,1,5,1,120,112,20.000,20.005,0,82,82,4.098905,SUCCESS,sigmoid,
2026-06-06T10:22:04,94.0,33.3,sensor2_serial,2,1,5,1,120,111,20.000,20.005,0,94,94,4.698845,SUCCESS,sigmoid,
2026-06-06T10:22:24,94.0,33.3,sensor2_serial,2,1,5,1,120,110,20.000,20.004,0,108,108,5.398937,SUCCESS,sigmoid,
2026-06-06T10:22:44,94.0,33.3,sensor2_serial,2,1,5,1,120,109,20.000,20.004,0,101,101,5.048979,SUCCESS,sigmoid,
2026-06-06T10:23:04,94.0,33.3,sensor2_serial,2,1,5,1,120,108,20.000,20.005,0,71,71,3.549049,SUCCESS,sigmoid,
2026-06-06T10:23:24,94.0,33.3,sensor2_serial,2,1,5,1,120,107,20.000,20.005,0,98,98,4.898658,SUCCESS,sigmoid,
2026-06-06T10:23:44,94.0,33.3,sensor2_serial,2,1,5,1,120,106,20.000,20.005,0,81,81,4.048916,SUCCESS,sigmoid,
2026-06-06T10:24:04,94.0,33.3,sensor2_serial,2,1,5,1,120,105,20.000,20.006,0,76,76,3.798954,SUCCESS,sigmoid,
2026-06-06T10:24:25,94.0,33.3,sensor2_serial,2,1,5,1,120,104,20.000,20.005,0,63,63,3.149185,SUCCESS,sigmoid,
2026-06-06T10:24:45,94.0,33.3,sensor2_serial,2,1,5,1,120,103,20.000,20.005,0,78,78,3.898979,SUCCESS,sigmoid,
2026-06-06T10:25:05,94.0,33.3,sensor2_serial,2,1,5,1,120,102,20.000,20.005,0,54,54,2.699269,SUCCESS,sigmoid,
2026-06-06T10:25:25,94.0,33.3,sensor2_serial,2,1,5,1,120,101,20.000,20.005,0,49,49,2.449345,SUCCESS,sigmoid,
2026-06-06T10:25:45,94.0,33.3,sensor2_serial,2,1,5,1,120,100,20.000,20.006,0,57,57,2.849215,SUCCESS,sigmoid,
2026-06-06T10:26:05,94.0,33.3,sensor2_serial,2,1,5,1,120,99,20.000,20.006,0,51,51,2.549297,SUCCESS,sigmoid,
2026-06-06T10:26:25,94.0,33.3,sensor2_serial,2,1,5,1,120,98,20.000,20.005,0,61,61,3.049170,SUCCESS,sigmoid,
2026-06-06T10:26:45,94.0,33.3,sensor2_serial,2,1,5,1,120,97,20.000,20.006,0,41,41,2.049420,SUCCESS,sigmoid,
2026-06-06T10:27:05,94.0,33.3,sensor2_serial,2,1,5,1,120,96,20.000,20.005,0,31,31,1.549595,SUCCESS,sigmoid,
2026-06-06T10:27:25,94.0,33.3,sensor2_serial,2,1,5,1,120,95,20.000,20.006,0,32,32,1.599553,SUCCESS,sigmoid,
2026-06-06T10:27:45,94.0,33.3,sensor2_serial,2,1,5,1,120,94,20.000,20.005,0,26,26,1.299658,SUCCESS,sigmoid,
2026-06-06T10:28:05,94.0,33.3,sensor2_serial,2,1,5,1,120,93,20.000,20.005,0,24,24,1.199682,SUCCESS,sigmoid,
2026-06-06T10:28:25,94.0,33.3,sensor2_serial,2,1,5,1,120,92,20.000,20.005,0,23,23,1.149698,SUCCESS,sigmoid,
2026-06-06T10:28:45,94.0,33.3,sensor2_serial,2,1,5,1,120,91,20.000,20.006,0,15,15,0.749770,SUCCESS,sigmoid,
2026-06-06T10:29:05,94.0,33.3,sensor2_serial,2,1,5,1,120,90,20.000,20.006,0,18,18,0.899747,SUCCESS,sigmoid,
2026-06-06T10:29:25,94.0,33.3,sensor2_serial,2,1,5,1,120,89,20.000,20.005,0,13,13,0.649824,SUCCESS,sigmoid,
2026-06-06T10:29:46,94.0,33.3,sensor2_serial,2,1,5,1,120,88,20.000,20.005,0,13,13,0.649826,SUCCESS,sigmoid,
2026-06-06T10:30:06,94.0,33.3,sensor2_serial,2,1,5,1,120,87,20.000,20.005,0,9,9,0.449884,SUCCESS,sigmoid,
2026-06-06T10:30:26,94.0,33.3,sensor2_serial,2,1,5,1,120,86,20.000,20.005,0,11,11,0.549853,SUCCESS,sigmoid,
2026-06-06T10:30:46,94.0,33.3,sensor2_serial,2,1,5,1,120,85,20.000,20.005,0,3,3,0.149959,SUCCESS,sigmoid,
2026-06-06T10:31:06,94.0,33.3,sensor2_serial,2,1,5,1,120,84,20.000,20.005,0,4,4,0.199948,SUCCESS,sigmoid,
2026-06-06T10:31:26,94.0,33.3,sensor2_serial,2,1,5,1,120,83,20.000,20.005,0,3,3,0.149962,SUCCESS,sigmoid,
2026-06-06T10:31:46,94.0,33.3,sensor2_serial,2,1,5,1,120,82,20.000,20.006,0,2,2,0.099972,SUCCESS,sigmoid,
2026-06-06T10:32:06,94.0,33.3,sensor2_serial,2,1,5,1,120,81,20.000,20.006,0,0,0,0.000000,SUCCESS,sigmoid,
2026-06-06T10:32:26,94.0,33.3,sensor2_serial,2,1,5,1,120,80,20.000,20.005,0,1,1,0.049986,SUCCESS,sigmoid,
2026-06-06T10:32:46,94.0,33.3,sensor2_serial,2,1,5,1,120,79,20.000,20.005,0,0,0,0.000000,SUCCESS,sigmoid,
2026-06-06T10:33:06,94.0,33.3,sensor2_serial,2,1,5,1,120,78,20.000,20.005,0,1,1,0.049986,SUCCESS,sigmoid,
2026-06-06T10:33:26,94.0,33.3,sensor2_serial,2,1,5,1,120,77,20.000,20.006,0,1,1,0.049985,SUCCESS,sigmoid,
2026-06-06T10:33:46,94.0,33.3,sensor2_serial,2,1,5,1,120,76,20.000,20.005,0,0,0,0.000000,SUCCESS,sigmoid,
2026-06-06T10:34:06,94.0,33.3,sensor2_serial,2,1,5,1,120,75,20.000,20.005,0,1,1,0.049987,SUCCESS,sigmoid,
2026-06-06T10:34:26,94.0,33.3,sensor2_serial,2,1,5,1,120,74,20.000,20.005,0,0,0,0.000000,SUCCESS,sigmoid,
2026-06-06T10:34:46,94.0,33.3,sensor2_serial,2,1,5,1,120,73,20.000,20.006,0,0,0,0.000000,SUCCESS,sigmoid,
2026-06-06T10:35:06,94.0,33.3,sensor2_serial,2,1,5,1,120,72,20.000,20.005,0,1,1,0.049987,SUCCESS,sigmoid,
2026-06-06T10:35:27,94.0,33.3,sensor2_serial,2,1,5,1,120,71,20.000,20.006,0,0,0,0.000000,SUCCESS,sigmoid,
2026-06-06T10:35:47,94.0,33.3,sensor2_serial,2,1,5,1,120,70,20.000,20.005,0,0,0,0.000000,SUCCESS,sigmoid,
2026-06-06T10:36:07,94.0,33.3,sensor2_serial,2,1,5,1,120,69,20.000,20.005,0,0,0,0.000000,SUCCESS,sigmoid,
2026-06-06T10:36:27,94.0,33.3,sensor2_serial,2,1,5,1,120,68,20.000,20.005,0,0,0,0.000000,SUCCESS,sigmoid,
2026-06-06T10:36:47,94.0,33.3,sensor2_serial,2,1,5,1,120,67,20.000,20.005,0,0,0,0.000000,SUCCESS,sigmoid,
2026-06-06T10:37:07,94.0,33.3,sensor2_serial,2,1,5,1,120,66,20.000,20.005,0,0,0,0.000000,SUCCESS,sigmoid,
2026-06-06T10:37:27,94.0,33.3,sensor2_serial,2,1,5,1,120,65,20.000,20.005,0,0,0,0.000000,SUCCESS,sigmoid,
2026-06-06T10:37:47,94.0,33.3,sensor2_serial,2,1,5,1,120,64,20.000,20.005,0,0,0,0.000000,SUCCESS,sigmoid,
2026-06-06T10:38:07,94.0,33.3,sensor2_serial,2,1,5,1,120,63,20.000,20.005,0,0,0,0.000000,SUCCESS,sigmoid,
2026-06-06T10:38:27,94.0,33.3,sensor2_serial,2,1,5,1,120,62,20.000,20.005,0,0,0,0.000000,SUCCESS,sigmoid,
2026-06-06T10:38:47,94.0,33.3,sensor2_serial,2,1,5,1,120,61,20.000,20.005,0,0,0,0.000000,SUCCESS,sigmoid,
2026-06-06T10:39:07,94.0,33.3,sensor2_serial,2,1,5,1,120,60,20.000,20.005,0,0,0,0.000000,SUCCESS,sigmoid,
2026-06-06T10:39:27,94.0,33.3,sensor2_serial,2,1,5,1,120,59,20.000,20.005,0,0,0,0.000000,SUCCESS,sigmoid,
2026-06-06T10:39:47,94.0,33.3,sensor2_serial,2,1,5,1,120,58,20.000,20.006,0,0,0,0.000000,SUCCESS,sigmoid,
2026-06-06T10:40:07,94.0,33.3,sensor2_serial,2,1,5,1,120,57,20.000,20.005,0,0,0,0.000000,SUCCESS,sigmoid,
2026-06-06T10:40:27,94.0,33.3,sensor2_serial,2,1,5,1,120,56,20.000,20.005,0,0,0,0.000000,SUCCESS,sigmoid,
2026-06-06T10:40:47,94.0,33.3,sensor2_serial,2,1,5,1,120,55,20.000,20.005,0,0,0,0.000000,SUCCESS,sigmoid,
2026-06-06T10:41:08,94.0,33.3,sensor2_serial,2,1,5,1,120,54,20.000,20.006,0,0,0,0.000000,SUCCESS,sigmoid,
2026-06-06T10:41:28,94.0,33.3,sensor2_serial,2,1,5,1,120,53,20.000,20.005,0,0,0,0.000000,SUCCESS,sigmoid,
2026-06-06T10:41:48,94.0,33.3,sensor2_serial,2,1,5,1,120,52,20.000,20.005,0,0,0,0.000000,SUCCESS,sigmoid,
2026-06-06T10:42:08,94.0,33.3,sensor2_serial,2,1,5,1,120,51,20.000,20.005,0,0,0,0.000000,SUCCESS,sigmoid,
2026-06-06T10:42:28,94.0,33.3,sensor2_serial,2,1,5,1,120,50,20.000,20.006,0,0,0,0.000000,SUCCESS,sigmoid,
2026-06-06T10:42:48,94.0,33.3,sensor2_serial,2,1,5,1,120,49,20.000,20.005,0,0,0,0.000000,SUCCESS,sigmoid,
2026-06-06T10:43:08,94.0,33.3,sensor2_serial,2,1,5,1,120,48,20.000,20.006,0,0,0,0.000000,SUCCESS,sigmoid,
2026-06-06T10:43:28,94.0,33.3,sensor2_serial,2,1,5,1,120,47,20.000,20.006,0,0,0,0.000000,SUCCESS,sigmoid,
2026-06-06T10:43:48,94.0,33.3,sensor2_serial,2,1,5,1,120,46,20.000,20.006,0,0,0,0.000000,SUCCESS,sigmoid,
2026-06-06T10:44:08,94.0,33.3,sensor2_serial,2,1,5,1,120,45,20.000,20.006,0,0,0,0.000000,SUCCESS,sigmoid,
2026-06-06T10:44:28,94.0,33.3,sensor2_serial,2,1,5,1,120,44,20.000,20.005,0,0,0,0.000000,SUCCESS,sigmoid,
2026-06-06T10:44:48,94.0,33.3,sensor2_serial,2,1,5,1,120,43,20.000,20.005,0,0,0,0.000000,SUCCESS,sigmoid,
2026-06-06T10:45:08,94.0,33.3,sensor2_serial,2,1,5,1,120,42,20.000,20.005,0,0,0,0.000000,SUCCESS,sigmoid,
2026-06-06T10:45:28,94.0,33.3,sensor2_serial,2,1,5,1,120,41,20.000,20.006,0,0,0,0.000000,SUCCESS,sigmoid,
2026-06-06T10:45:48,94.0,33.3,sensor2_serial,2,1,5,1,120,40,20.000,20.006,0,0,0,0.000000,SUCCESS,sigmoid,
2026-06-06T10:46:08,94.0,33.3,sensor2_serial,2,1,5,1,120,39,20.000,20.006,0,0,0,0.000000,SUCCESS,sigmoid,
2026-06-06T10:46:28,94.0,33.3,sensor2_serial,2,1,5,1,120,38,20.000,20.005,0,0,0,0.000000,SUCCESS,sigmoid,
2026-06-06T10:46:49,94.0,33.3,sensor2_serial,2,1,5,1,120,37,20.000,20.006,0,0,0,0.000000,SUCCESS,sigmoid,
2026-06-06T10:47:09,94.0,33.3,sensor2_serial,2,1,5,1,120,36,20.000,20.005,0,0,0,0.000000,SUCCESS,sigmoid,
2026-06-06T10:47:29,94.0,33.3,sensor2_serial,2,1,5,1,120,35,20.000,20.005,0,0,0,0.000000,SUCCESS,sigmoid,
2026-06-06T10:47:49,94.0,33.3,sensor2_serial,2,1,5,1,120,34,20.000,20.005,0,0,0,0.000000,SUCCESS,sigmoid,
2026-06-06T10:48:09,94.0,33.3,sensor2_serial,2,1,5,1,120,33,20.000,20.006,0,0,0,0.000000,SUCCESS,sigmoid,
2026-06-06T10:48:29,94.0,33.3,sensor2_serial,2,1,5,1,120,32,20.000,20.005,0,0,0,0.000000,SUCCESS,sigmoid,
2026-06-06T10:48:49,94.0,33.3,sensor2_serial,2,1,5,1,120,31,20.000,20.005,0,0,0,0.000000,SUCCESS,sigmoid,
2026-06-06T10:49:09,94.0,33.3,sensor2_serial,2,1,5,1,120,30,20.000,20.006,0,0,0,0.000000,SUCCESS,sigmoid,
2026-06-06T10:49:29,94.0,33.3,sensor2_serial,2,1,5,1,120,29,20.000,20.005,0,0,0,0.000000,SUCCESS,sigmoid,
2026-06-06T10:49:49,94.0,33.3,sensor2_serial,2,1,5,1,120,28,20.000,20.005,0,0,0,0.000000,SUCCESS,sigmoid,
2026-06-06T10:50:09,94.0,33.3,sensor2_serial,2,1,5,1,120,27,20.000,20.005,0,0,0,0.000000,SUCCESS,sigmoid,
2026-06-06T10:50:29,94.0,33.3,sensor2_serial,2,1,5,1,120,26,20.000,20.005,0,0,0,0.000000,SUCCESS,sigmoid,
2026-06-06T10:50:49,94.0,33.3,sensor2_serial,2,1,5,1,120,25,20.000,20.006,0,0,0,0.000000,SUCCESS,sigmoid,
2026-06-06T10:51:09,94.0,33.3,sensor2_serial,2,1,5,1,120,24,20.000,20.005,0,0,0,0.000000,SUCCESS,sigmoid,
2026-06-06T10:51:29,94.0,33.3,sensor2_serial,2,1,5,1,120,23,20.000,20.005,0,0,0,0.000000,SUCCESS,sigmoid,
2026-06-06T10:51:49,94.0,33.3,sensor2_serial,2,1,5,1,120,22,20.000,20.006,0,0,0,0.000000,SUCCESS,sigmoid,
2026-06-06T10:52:10,94.0,33.3,sensor2_serial,2,1,5,1,120,21,20.000,20.006,0,0,0,0.000000,SUCCESS,sigmoid,
2026-06-06T10:52:30,94.0,33.3,sensor2_serial,2,1,5,1,120,20,20.000,20.005,0,0,0,0.000000,SUCCESS,sigmoid,
2026-06-06T10:52:50,94.0,33.3,sensor2_serial,2,1,5,1,120,19,20.000,20.005,0,0,0,0.000000,SUCCESS,sigmoid,
2026-06-06T10:53:10,94.0,33.3,sensor2_serial,2,1,5,1,120,18,20.000,20.005,0,0,0,0.000000,SUCCESS,sigmoid,
2026-06-06T10:53:30,94.0,33.3,sensor2_serial,2,1,5,1,120,17,20.000,20.006,0,0,0,0.000000,SUCCESS,sigmoid,
2026-06-06T10:53:50,94.0,33.3,sensor2_serial,2,1,5,1,120,16,20.000,20.005,0,0,0,0.000000,SUCCESS,sigmoid,
2026-06-06T10:54:10,94.0,33.3,sensor2_serial,2,1,5,1,120,15,20.000,20.006,0,0,0,0.000000,SUCCESS,sigmoid,
2026-06-06T10:54:30,94.0,33.3,sensor2_serial,2,1,5,1,120,14,20.000,20.005,0,0,0,0.000000,SUCCESS,sigmoid,
2026-06-06T10:54:50,94.0,33.3,sensor2_serial,2,1,5,1,120,13,20.000,20.005,0,0,0,0.000000,SUCCESS,sigmoid,
2026-06-06T10:55:10,94.0,33.3,sensor2_serial,2,1,5,1,120,12,20.000,20.005,0,0,0,0.000000,SUCCESS,sigmoid,
2026-06-06T10:55:30,94.0,33.3,sensor2_serial,2,1,5,1,120,11,20.000,20.006,0,0,0,0.000000,SUCCESS,sigmoid,
2026-06-06T10:55:50,94.0,33.3,sensor2_serial,2,1,5,1,120,10,20.000,20.005,0,0,0,0.000000,SUCCESS,sigmoid,
2026-06-06T10:56:10,94.0,33.3,sensor2_serial,2,1,5,1,120,9,20.000,20.005,0,0,0,0.000000,SUCCESS,sigmoid,
2026-06-06T10:56:30,94.0,33.3,sensor2_serial,2,1,5,1,120,8,20.000,20.005,0,0,0,0.000000,SUCCESS,sigmoid,
2026-06-06T10:56:50,94.0,33.3,sensor2_serial,2,1,5,1,120,7,20.000,20.005,0,0,0,0.000000,SUCCESS,sigmoid,
2026-06-06T10:57:10,94.0,33.3,sensor2_serial,2,1,5,1,120,6,20.000,20.005,0,0,0,0.000000,SUCCESS,sigmoid,
2026-06-06T10:57:30,94.0,33.3,sensor2_serial,2,1,5,1,120,5,20.000,20.006,0,0,0,0.000000,SUCCESS,sigmoid,
2026-06-06T10:57:51,94.0,33.3,sensor2_serial,2,1,5,1,120,4,20.000,20.005,0,0,0,0.000000,SUCCESS,sigmoid,
2026-06-06T10:58:11,94.0,33.3,sensor2_serial,2,1,5,1,120,3,20.000,20.005,0,0,0,0.000000,SUCCESS,sigmoid,
2026-06-06T10:58:31,94.0,33.3,sensor2_serial,2,1,5,1,120,2,20.000,20.005,0,0,0,0.000000,SUCCESS,sigmoid,
2026-06-06T10:58:51,94.0,33.3,sensor2_serial,2,1,5,1,120,1,20.000,20.005,0,0,0,0.000000,SUCCESS,sigmoid,
2026-06-06T10:59:11,94.0,33.3,sensor2_serial,2,1,5,1,120,0,20.000,20.005,0,0,0,0.000000,SUCCESS,sigmoid,
2026-06-06T10:59:31,94.0,33.3,sensor2_serial,2,2,6,2,120,255,20.000,20.005,0,1460463,1460463,73004.157067,SUCCESS,sigmoid,
2026-06-06T10:59:51,94.0,33.3,sensor2_serial,2,2,6,2,120,254,20.000,20.005,0,1699501,1699501,84951.804383,SUCCESS,sigmoid,
2026-06-06T11:00:11,94.0,33.3,sensor2_serial,2,2,6,2,120,253,20.000,20.006,0,1783557,1783557,89152.348622,SUCCESS,sigmoid,
2026-06-06T11:00:31,94.0,33.3,sensor2_serial,2,2,6,2,120,252,20.000,20.006,0,1777899,1777899,88870.170283,SUCCESS,sigmoid,
2026-06-06T11:00:51,94.0,33.3,sensor2_serial,2,2,6,2,120,251,20.000,20.005,0,1792290,1792290,89591.239793,SUCCESS,sigmoid,
2026-06-06T11:01:11,94.0,33.3,sensor2_serial,2,2,6,2,120,250,20.000,20.005,0,1888218,1888218,94385.641182,SUCCESS,sigmoid,
2026-06-06T11:01:31,94.0,33.3,sensor2_serial,2,2,6,2,120,249,20.000,20.005,0,2090378,2090378,104491.187179,SUCCESS,sigmoid,
2026-06-06T11:01:51,94.0,33.3,sensor2_serial,2,2,6,2,120,248,20.000,20.005,0,2312653,2312653,115602.108891,SUCCESS,sigmoid,
2026-06-06T11:02:11,94.0,33.3,sensor2_serial,2,2,6,2,120,247,20.000,20.005,0,2921119,2921119,146015.925598,SUCCESS,sigmoid,
2026-06-06T11:02:31,94.0,33.3,sensor2_serial,2,2,6,2,120,246,20.000,20.005,0,3072934,3072934,153606.118550,SUCCESS,sigmoid,
2026-06-06T11:02:51,94.0,33.3,sensor2_serial,2,2,6,2,120,245,20.000,20.006,0,3299205,3299205,164914.304210,SUCCESS,sigmoid,
2026-06-06T11:03:11,94.0,33.3,sensor2_serial,2,2,6,2,120,244,20.000,20.005,0,3247495,3247495,162330.348475,SUCCESS,sigmoid,
2026-06-06T11:03:32,94.0,33.3,sensor2_serial,2,2,6,2,120,243,20.000,20.005,0,2537163,2537163,126824.455058,SUCCESS,sigmoid,
2026-06-06T11:03:52,94.0,33.3,sensor2_serial,2,2,6,2,120,242,20.000,20.006,0,1869599,1869599,93454.159502,SUCCESS,sigmoid,
2026-06-06T11:04:12,94.0,33.3,sensor2_serial,2,2,6,2,120,241,20.000,20.006,0,1133431,1133431,56655.969387,SUCCESS,sigmoid,
2026-06-06T11:04:32,94.0,33.3,sensor2_serial,2,2,6,2,120,240,20.000,20.005,0,856086,856086,42793.019949,SUCCESS,sigmoid,
2026-06-06T11:04:52,94.0,33.3,sensor2_serial,2,2,6,2,120,239,20.000,20.005,0,721297,721297,36056.077334,SUCCESS,sigmoid,
2026-06-06T11:05:12,94.0,33.3,sensor2_serial,2,2,6,2,120,238,20.000,20.005,0,383122,383122,19150.966735,SUCCESS,sigmoid,
2026-06-06T11:05:32,94.0,33.3,sensor2_serial,2,2,6,2,120,237,20.000,20.006,0,188196,188196,9407.211298,SUCCESS,sigmoid,
2026-06-06T11:05:52,94.0,33.3,sensor2_serial,2,2,6,2,120,236,20.000,20.005,0,84928,84928,4245.315317,SUCCESS,sigmoid,
2026-06-06T11:06:12,94.0,33.3,sensor2_serial,2,2,6,2,120,235,20.000,20.005,0,29206,29206,1459.905360,SUCCESS,sigmoid,
2026-06-06T11:06:32,94.0,33.3,sensor2_serial,2,2,6,2,120,234,20.000,20.005,0,15092,15092,754.409262,SUCCESS,sigmoid,
2026-06-06T11:06:52,94.0,33.3,sensor2_serial,2,2,6,2,120,233,20.000,20.006,0,6566,6566,328.208528,SUCCESS,sigmoid,
2026-06-06T11:07:12,94.0,33.3,sensor2_serial,2,2,6,2,120,232,20.000,20.005,0,2564,2564,128.166871,SUCCESS,sigmoid,
2026-06-06T11:07:32,94.0,33.3,sensor2_serial,2,2,6,2,120,231,20.000,20.004,0,769,769,38.441747,SUCCESS,sigmoid,
2026-06-06T11:07:52,94.0,33.3,sensor2_serial,2,2,6,2,120,230,20.000,20.005,0,430,430,21.495146,SUCCESS,sigmoid,
2026-06-06T11:08:12,94.0,33.3,sensor2_serial,2,2,6,2,120,229,20.000,20.004,0,288,288,14.396989,SUCCESS,sigmoid,
2026-06-06T11:08:32,94.0,33.3,sensor2_serial,2,2,6,2,120,228,20.000,20.004,0,258,258,12.897122,SUCCESS,sigmoid,
2026-06-06T11:08:52,94.0,33.3,sensor2_serial,2,2,6,2,120,227,20.000,20.004,0,233,233,11.647601,SUCCESS,sigmoid,
2026-06-06T11:09:13,94.0,33.3,sensor2_serial,2,2,6,2,120,226,20.000,20.004,0,206,206,10.297761,SUCCESS,sigmoid,
2026-06-06T11:09:33,94.0,33.3,sensor2_serial,2,2,6,2,120,225,20.000,20.004,0,186,186,9.297962,SUCCESS,sigmoid,
2026-06-06T11:09:53,94.0,33.3,sensor2_serial,2,2,6,2,120,224,20.000,20.004,0,189,189,9.448006,SUCCESS,sigmoid,
2026-06-06T11:10:13,94.0,33.3,sensor2_serial,2,2,6,2,120,223,20.000,20.004,0,172,172,8.598213,SUCCESS,sigmoid,
2026-06-06T11:10:33,94.0,33.3,sensor2_serial,2,2,6,2,120,222,20.000,20.005,0,206,206,10.297571,SUCCESS,sigmoid,
2026-06-06T11:10:53,94.0,33.3,sensor2_serial,2,2,6,2,120,221,20.000,20.004,0,221,221,11.047557,SUCCESS,sigmoid,
2026-06-06T11:11:13,94.0,33.3,sensor2_serial,2,2,6,2,120,220,20.000,20.004,0,201,201,10.047963,SUCCESS,sigmoid,
2026-06-06T11:11:33,94.0,33.3,sensor2_serial,2,2,6,2,120,219,20.000,20.004,0,236,236,11.797862,SUCCESS,sigmoid,
2026-06-06T11:11:53,94.0,33.3,sensor2_serial,2,2,6,2,120,218,20.000,20.004,0,208,208,10.397812,SUCCESS,sigmoid,
2026-06-06T11:12:13,94.0,33.3,sensor2_serial,2,2,6,2,120,217,20.000,20.004,0,198,198,9.897779,SUCCESS,sigmoid,
2026-06-06T11:12:33,94.0,33.3,sensor2_serial,2,2,6,2,120,216,20.000,20.004,0,205,205,10.247716,SUCCESS,sigmoid,
2026-06-06T11:12:53,94.0,33.3,sensor2_serial,2,2,6,2,120,215,20.000,20.004,0,179,179,8.948008,SUCCESS,sigmoid,
2026-06-06T11:13:13,94.0,33.3,sensor2_serial,2,2,6,2,120,214,20.000,20.004,0,189,189,9.448020,SUCCESS,sigmoid,
2026-06-06T11:13:33,94.0,33.3,sensor2_serial,2,2,6,2,120,213,20.000,20.005,0,187,187,9.347891,SUCCESS,sigmoid,
2026-06-06T11:13:53,94.0,33.3,sensor2_serial,2,2,6,2,120,212,20.000,20.006,0,172,172,8.597632,SUCCESS,sigmoid,
2026-06-06T11:14:13,94.0,33.3,sensor2_serial,2,2,6,2,120,211,20.000,20.004,0,206,206,10.297856,SUCCESS,sigmoid,
2026-06-06T11:14:33,94.0,33.3,sensor2_serial,2,2,6,2,120,210,20.000,20.004,0,202,202,10.097822,SUCCESS,sigmoid,
2026-06-06T11:14:54,94.0,33.3,sensor2_serial,2,2,6,2,120,209,20.000,20.004,0,225,225,11.247551,SUCCESS,sigmoid,
2026-06-06T11:15:14,94.0,33.3,sensor2_serial,2,2,6,2,120,208,20.000,20.005,0,203,203,10.147653,SUCCESS,sigmoid,
2026-06-06T11:15:34,94.0,33.3,sensor2_serial,2,2,6,2,120,207,20.000,20.004,0,176,176,8.798097,SUCCESS,sigmoid,
2026-06-06T11:15:54,94.0,33.3,sensor2_serial,2,2,6,2,120,206,20.000,20.005,0,180,180,8.997914,SUCCESS,sigmoid,
2026-06-06T11:16:14,94.0,33.3,sensor2_serial,2,2,6,2,120,205,20.000,20.005,0,190,190,9.497853,SUCCESS,sigmoid,
2026-06-06T11:16:34,94.0,33.3,sensor2_serial,2,2,6,2,120,204,20.000,20.004,0,179,179,8.948045,SUCCESS,sigmoid,
2026-06-06T11:16:54,94.0,33.3,sensor2_serial,2,2,6,2,120,203,20.000,20.004,0,197,197,9.847820,SUCCESS,sigmoid,
2026-06-06T11:17:14,94.0,33.3,sensor2_serial,2,2,6,2,120,202,20.000,20.004,0,196,196,9.797796,SUCCESS,sigmoid,
2026-06-06T11:17:34,94.0,33.3,sensor2_serial,2,2,6,2,120,201,20.000,20.004,0,186,186,9.297991,SUCCESS,sigmoid,
2026-06-06T11:17:54,94.0,33.3,sensor2_serial,2,2,6,2,120,200,20.000,20.004,0,200,200,9.997772,SUCCESS,sigmoid,
2026-06-06T11:18:14,94.0,33.3,sensor2_serial,2,2,6,2,120,199,20.000,20.005,0,198,198,9.897761,SUCCESS,sigmoid,
2026-06-06T11:18:34,94.0,33.3,sensor2_serial,2,2,6,2,120,198,20.000,20.004,0,177,177,8.848070,SUCCESS,sigmoid,
2026-06-06T11:18:54,94.0,33.3,sensor2_serial,2,2,6,2,120,197,20.000,20.005,0,177,177,8.847997,SUCCESS,sigmoid,
2026-06-06T11:19:14,94.0,33.3,sensor2_serial,2,2,6,2,120,196,20.000,20.004,0,191,191,9.547939,SUCCESS,sigmoid,
2026-06-06T11:19:34,94.0,33.3,sensor2_serial,2,2,6,2,120,195,20.000,20.004,0,196,196,9.797925,SUCCESS,sigmoid,
2026-06-06T11:19:54,94.0,33.3,sensor2_serial,2,2,6,2,120,194,20.000,20.004,0,205,205,10.247898,SUCCESS,sigmoid,
2026-06-06T11:20:14,94.0,33.3,sensor2_serial,2,2,6,2,120,193,20.000,20.005,0,173,173,8.647993,SUCCESS,sigmoid,
2026-06-06T11:20:35,94.0,33.3,sensor2_serial,2,2,6,2,120,192,20.000,20.004,0,194,194,9.697823,SUCCESS,sigmoid,
2026-06-06T11:20:55,94.0,33.3,sensor2_serial,2,2,6,2,120,191,20.000,20.004,0,190,190,9.497955,SUCCESS,sigmoid,
2026-06-06T11:21:15,94.0,33.3,sensor2_serial,2,2,6,2,120,190,20.000,20.004,0,182,182,9.098033,SUCCESS,sigmoid,
2026-06-06T11:21:35,94.0,33.3,sensor2_serial,2,2,6,2,120,189,20.000,20.004,0,213,213,10.647816,SUCCESS,sigmoid,
2026-06-06T11:21:55,94.0,33.3,sensor2_serial,2,2,6,2,120,188,20.000,20.004,0,210,210,10.497743,SUCCESS,sigmoid,
2026-06-06T11:22:15,94.0,33.3,sensor2_serial,2,2,6,2,120,187,20.000,20.006,0,189,189,9.447327,SUCCESS,sigmoid,
2026-06-06T11:22:35,94.0,33.3,sensor2_serial,2,2,6,2,120,186,20.000,20.004,0,185,185,9.247992,SUCCESS,sigmoid,
2026-06-06T11:22:55,94.0,33.3,sensor2_serial,2,2,6,2,120,185,20.000,20.004,0,198,198,9.897822,SUCCESS,sigmoid,
2026-06-06T11:23:15,94.0,33.3,sensor2_serial,2,2,6,2,120,184,20.000,20.004,0,160,160,7.998352,SUCCESS,sigmoid,
2026-06-06T11:23:35,94.0,33.3,sensor2_serial,2,2,6,2,120,183,20.000,20.004,0,185,185,9.247983,SUCCESS,sigmoid,
2026-06-06T11:23:55,94.0,33.3,sensor2_serial,2,2,6,2,120,182,20.000,20.005,0,172,172,8.597998,SUCCESS,sigmoid,
2026-06-06T11:24:15,94.0,33.3,sensor2_serial,2,2,6,2,120,181,20.000,20.004,0,172,172,8.598145,SUCCESS,sigmoid,
2026-06-06T11:24:35,94.0,33.3,sensor2_serial,2,2,6,2,120,180,20.000,20.003,0,210,210,10.498198,SUCCESS,sigmoid,
2026-06-06T11:24:55,94.0,33.3,sensor2_serial,2,2,6,2,120,179,20.000,20.004,0,204,204,10.197864,SUCCESS,sigmoid,
2026-06-06T11:25:15,94.0,33.3,sensor2_serial,2,2,6,2,120,178,20.000,20.005,0,166,166,8.298045,SUCCESS,sigmoid,
2026-06-06T11:25:35,94.0,33.3,sensor2_serial,2,2,6,2,120,177,20.000,20.004,0,211,211,10.547651,SUCCESS,sigmoid,
2026-06-06T11:25:55,94.0,33.3,sensor2_serial,2,2,6,2,120,176,20.000,20.005,0,193,193,9.647715,SUCCESS,sigmoid,
2026-06-06T11:26:16,94.0,33.3,sensor2_serial,2,2,6,2,120,175,20.000,20.004,0,199,199,9.947769,SUCCESS,sigmoid,
2026-06-06T11:26:36,94.0,33.3,sensor2_serial,2,2,6,2,120,174,20.000,20.004,0,192,192,9.597981,SUCCESS,sigmoid,
2026-06-06T11:26:56,94.0,33.3,sensor2_serial,2,2,6,2,120,173,20.000,20.005,0,174,174,8.698029,SUCCESS,sigmoid,
2026-06-06T11:27:16,94.0,33.3,sensor2_serial,2,2,6,2,120,172,20.000,20.004,0,198,198,9.897902,SUCCESS,sigmoid,
2026-06-06T11:27:36,94.0,33.3,sensor2_serial,2,2,6,2,120,171,20.000,20.004,0,194,194,9.697944,SUCCESS,sigmoid,
2026-06-06T11:27:56,94.0,33.3,sensor2_serial,2,2,6,2,120,170,20.000,20.004,0,169,169,8.448142,SUCCESS,sigmoid,
2026-06-06T11:28:16,94.0,33.3,sensor2_serial,2,2,6,2,120,169,20.000,20.004,0,186,186,9.297931,SUCCESS,sigmoid,
2026-06-06T11:28:36,94.0,33.3,sensor2_serial,2,2,6,2,120,168,20.000,20.004,0,177,177,8.848133,SUCCESS,sigmoid,
2026-06-06T11:28:56,94.0,33.3,sensor2_serial,2,2,6,2,120,167,20.000,20.004,0,188,188,9.398006,SUCCESS,sigmoid,
2026-06-06T11:29:16,94.0,33.3,sensor2_serial,2,2,6,2,120,166,20.000,20.005,0,210,210,10.497603,SUCCESS,sigmoid,
2026-06-06T11:29:36,94.0,33.3,sensor2_serial,2,2,6,2,120,165,20.000,20.004,0,178,178,8.898091,SUCCESS,sigmoid,
2026-06-06T11:29:56,94.0,33.3,sensor2_serial,2,2,6,2,120,164,20.000,20.004,0,176,176,8.798318,SUCCESS,sigmoid,
2026-06-06T11:30:16,94.0,33.3,sensor2_serial,2,2,6,2,120,163,20.000,20.005,0,191,191,9.547828,SUCCESS,sigmoid,
2026-06-06T11:30:36,94.0,33.3,sensor2_serial,2,2,6,2,120,162,20.000,20.004,0,193,193,9.647973,SUCCESS,sigmoid,
2026-06-06T11:30:56,94.0,33.3,sensor2_serial,2,2,6,2,120,161,20.000,20.004,0,170,170,8.498130,SUCCESS,sigmoid,
2026-06-06T11:31:16,94.0,33.3,sensor2_serial,2,2,6,2,120,160,20.000,20.004,0,187,187,9.348110,SUCCESS,sigmoid,
2026-06-06T11:31:36,94.0,33.3,sensor2_serial,2,2,6,2,120,159,20.000,20.004,0,171,171,8.548177,SUCCESS,sigmoid,
2026-06-06T11:31:57,94.0,33.3,sensor2_serial,2,2,6,2,120,158,20.000,20.004,0,184,184,9.198009,SUCCESS,sigmoid,
2026-06-06T11:32:17,94.0,33.3,sensor2_serial,2,2,6,2,120,157,20.000,20.005,0,192,192,9.597797,SUCCESS,sigmoid,
2026-06-06T11:32:37,94.0,33.3,sensor2_serial,2,2,6,2,120,156,20.000,20.004,0,175,175,8.748239,SUCCESS,sigmoid,
2026-06-06T11:32:57,94.0,33.3,sensor2_serial,2,2,6,2,120,155,20.000,20.005,0,193,193,9.647801,SUCCESS,sigmoid,
2026-06-06T11:33:17,94.0,33.3,sensor2_serial,2,2,6,2,120,154,20.000,20.005,0,195,195,9.747781,SUCCESS,sigmoid,
2026-06-06T11:33:37,94.0,33.3,sensor2_serial,2,2,6,2,120,153,20.000,20.004,0,181,181,9.048033,SUCCESS,sigmoid,
2026-06-06T11:33:57,94.0,33.3,sensor2_serial,2,2,6,2,120,152,20.000,20.004,0,200,200,9.997919,SUCCESS,sigmoid,
2026-06-06T11:34:17,94.0,33.3,sensor2_serial,2,2,6,2,120,151,20.000,20.004,0,191,191,9.547939,SUCCESS,sigmoid,
2026-06-06T11:34:37,94.0,33.3,sensor2_serial,2,2,6,2,120,150,20.000,20.004,0,171,171,8.548180,SUCCESS,sigmoid,
2026-06-06T11:34:57,94.0,33.3,sensor2_serial,2,2,6,2,120,149,20.000,20.004,0,167,167,8.348267,SUCCESS,sigmoid,
2026-06-06T11:35:17,94.0,33.3,sensor2_serial,2,2,6,2,120,148,20.000,20.004,0,181,181,9.048014,SUCCESS,sigmoid,
2026-06-06T11:35:37,94.0,33.3,sensor2_serial,2,2,6,2,120,147,20.000,20.004,0,166,166,8.298199,SUCCESS,sigmoid,
2026-06-06T11:35:57,94.0,33.3,sensor2_serial,2,2,6,2,120,146,20.000,20.005,0,169,169,8.448095,SUCCESS,sigmoid,
2026-06-06T11:36:17,94.0,33.3,sensor2_serial,2,2,6,2,120,145,20.000,20.004,0,179,179,8.948008,SUCCESS,sigmoid,
2026-06-06T11:36:37,94.0,33.3,sensor2_serial,2,2,6,2,120,144,20.000,20.004,0,175,175,8.748097,SUCCESS,sigmoid,
2026-06-06T11:36:57,94.0,33.3,sensor2_serial,2,2,6,2,120,143,20.000,20.004,0,168,168,8.398300,SUCCESS,sigmoid,
2026-06-06T11:37:17,94.0,33.3,sensor2_serial,2,2,6,2,120,142,20.000,20.005,0,174,174,8.697840,SUCCESS,sigmoid,
2026-06-06T11:37:38,94.0,33.3,sensor2_serial,2,2,6,2,120,141,20.000,20.005,0,185,185,9.247901,SUCCESS,sigmoid,
2026-06-06T11:37:58,94.0,33.3,sensor2_serial,2,2,6,2,120,140,20.000,20.005,0,189,189,9.447790,SUCCESS,sigmoid,
2026-06-06T11:38:18,94.0,33.3,sensor2_serial,2,2,6,2,120,139,20.000,20.004,0,165,165,8.248204,SUCCESS,sigmoid,
2026-06-06T11:38:38,94.0,33.3,sensor2_serial,2,2,6,2,120,138,20.000,20.005,0,148,148,7.398334,SUCCESS,sigmoid,
2026-06-06T11:38:58,94.0,33.3,sensor2_serial,2,2,6,2,120,137,20.000,20.004,0,156,156,7.798307,SUCCESS,sigmoid,
2026-06-06T11:39:18,94.0,33.3,sensor2_serial,2,2,6,2,120,136,20.000,20.004,0,167,167,8.348189,SUCCESS,sigmoid,
2026-06-06T11:39:38,94.0,33.3,sensor2_serial,2,2,6,2,120,135,20.000,20.004,0,168,168,8.398227,SUCCESS,sigmoid,
2026-06-06T11:39:58,94.0,33.3,sensor2_serial,2,2,6,2,120,134,20.000,20.005,0,180,180,8.997920,SUCCESS,sigmoid,
2026-06-06T11:40:18,94.0,33.3,sensor2_serial,2,2,6,2,120,133,20.000,20.004,0,134,134,6.698585,SUCCESS,sigmoid,
2026-06-06T11:40:38,94.0,33.3,sensor2_serial,2,2,6,2,120,132,20.000,20.004,0,151,151,7.548373,SUCCESS,sigmoid,
2026-06-06T11:40:58,94.0,33.3,sensor2_serial,2,2,6,2,120,131,20.000,20.005,0,149,149,7.448286,SUCCESS,sigmoid,
2026-06-06T11:41:18,94.0,33.3,sensor2_serial,2,2,6,2,120,130,20.000,20.004,0,161,161,8.048250,SUCCESS,sigmoid,
2026-06-06T11:41:38,94.0,33.3,sensor2_serial,2,2,6,2,120,129,20.000,20.004,0,135,135,6.748552,SUCCESS,sigmoid,
2026-06-06T11:41:58,94.0,33.3,sensor2_serial,2,2,6,2,120,128,20.000,20.005,0,142,142,7.098400,SUCCESS,sigmoid,
2026-06-06T11:42:18,94.0,33.3,sensor2_serial,2,2,6,2,120,127,20.000,20.004,0,142,142,7.098568,SUCCESS,sigmoid,
2026-06-06T11:42:38,94.0,33.3,sensor2_serial,2,2,6,2,120,126,20.000,20.004,0,150,150,7.498423,SUCCESS,sigmoid,
2026-06-06T11:42:58,94.0,33.3,sensor2_serial,2,2,6,2,120,125,20.000,20.004,0,133,133,6.648559,SUCCESS,sigmoid,
2026-06-06T11:43:19,94.0,33.3,sensor2_serial,2,2,6,2,120,124,20.000,20.004,0,153,153,7.648359,SUCCESS,sigmoid,
2026-06-06T11:43:39,94.0,33.3,sensor2_serial,2,2,6,2,120,123,20.000,20.004,0,145,145,7.248505,SUCCESS,sigmoid,
2026-06-06T11:43:59,94.0,33.3,sensor2_serial,2,2,6,2,120,122,20.000,20.004,0,145,145,7.248462,SUCCESS,sigmoid,
2026-06-06T11:44:19,94.0,33.3,sensor2_serial,2,2,6,2,120,121,20.000,20.005,0,124,124,6.198590,SUCCESS,sigmoid,
2026-06-06T11:44:39,94.0,33.3,sensor2_serial,2,2,6,2,120,120,20.000,20.004,0,115,115,5.748709,SUCCESS,sigmoid,
2026-06-06T11:44:59,94.0,33.3,sensor2_serial,2,2,6,2,120,119,20.000,20.003,0,115,115,5.749044,SUCCESS,sigmoid,
2026-06-06T11:45:19,94.0,33.3,sensor2_serial,2,2,6,2,120,118,20.000,20.004,0,120,120,5.998700,SUCCESS,sigmoid,
2026-06-06T11:45:39,94.0,33.3,sensor2_serial,2,2,6,2,120,117,20.000,20.004,0,103,103,5.148889,SUCCESS,sigmoid,
2026-06-06T11:45:59,94.0,33.3,sensor2_serial,2,2,6,2,120,116,20.000,20.004,0,139,139,6.948481,SUCCESS,sigmoid,
2026-06-06T11:46:19,94.0,33.3,sensor2_serial,2,2,6,2,120,115,20.000,20.006,0,114,114,5.698396,SUCCESS,sigmoid,
2026-06-06T11:46:39,94.0,33.3,sensor2_serial,2,2,6,2,120,114,20.000,20.004,0,127,127,6.348675,SUCCESS,sigmoid,
2026-06-06T11:46:59,94.0,33.3,sensor2_serial,2,2,6,2,120,113,20.000,20.005,0,117,117,5.848655,SUCCESS,sigmoid,
2026-06-06T11:47:19,94.0,33.3,sensor2_serial,2,2,6,2,120,112,20.000,20.005,0,106,106,5.298577,SUCCESS,sigmoid,
2026-06-06T11:47:39,94.0,33.3,sensor2_serial,2,2,6,2,120,111,20.000,20.005,0,78,78,3.899015,SUCCESS,sigmoid,
2026-06-06T11:47:59,94.0,33.3,sensor2_serial,2,2,6,2,120,110,20.000,20.004,0,102,102,5.098925,SUCCESS,sigmoid,
2026-06-06T11:48:19,94.0,33.3,sensor2_serial,2,2,6,2,120,109,20.000,20.004,0,109,109,5.448821,SUCCESS,sigmoid,
2026-06-06T11:48:39,94.0,33.3,sensor2_serial,2,2,6,2,120,108,20.000,20.005,0,83,83,4.148985,SUCCESS,sigmoid,
2026-06-06T11:49:00,94.0,33.3,sensor2_serial,2,2,6,2,120,107,20.000,20.005,0,77,77,3.848956,SUCCESS,sigmoid,
2026-06-06T11:49:20,94.0,33.3,sensor2_serial,2,2,6,2,120,106,20.000,20.004,0,102,102,5.098861,SUCCESS,sigmoid,
2026-06-06T11:49:40,94.0,33.3,sensor2_serial,2,2,6,2,120,105,20.000,20.005,0,68,68,3.399121,SUCCESS,sigmoid,
2026-06-06T11:50:00,94.0,33.3,sensor2_serial,2,2,6,2,120,104,20.000,20.005,0,71,71,3.549052,SUCCESS,sigmoid,
2026-06-06T11:50:20,94.0,33.3,sensor2_serial,2,2,6,2,120,103,20.000,20.005,0,84,84,4.198905,SUCCESS,sigmoid,
2026-06-06T11:50:40,94.0,33.3,sensor2_serial,2,2,6,2,120,102,20.000,20.006,0,76,76,3.798939,SUCCESS,sigmoid,
2026-06-06T11:51:00,94.0,33.3,sensor2_serial,2,2,6,2,120,101,20.000,20.006,0,62,62,3.099137,SUCCESS,sigmoid,
2026-06-06T11:51:20,94.0,33.3,sensor2_serial,2,2,6,2,120,100,20.000,20.005,0,41,41,2.049468,SUCCESS,sigmoid,
2026-06-06T11:51:40,94.0,33.3,sensor2_serial,2,2,6,2,120,99,20.000,20.005,0,43,43,2.149419,SUCCESS,sigmoid,
2026-06-06T11:52:00,94.0,33.3,sensor2_serial,2,2,6,2,120,98,20.000,20.006,0,44,44,2.199390,SUCCESS,sigmoid,
2026-06-06T11:52:20,94.0,33.3,sensor2_serial,2,2,6,2,120,97,20.000,20.005,0,38,38,1.899482,SUCCESS,sigmoid,
2026-06-06T11:52:40,94.0,33.3,sensor2_serial,2,2,6,2,120,96,20.000,20.005,0,27,27,1.349633,SUCCESS,sigmoid,
2026-06-06T11:53:00,94.0,33.3,sensor2_serial,2,2,6,2,120,95,20.000,20.005,0,32,32,1.599570,SUCCESS,sigmoid,
2026-06-06T11:53:20,94.0,33.3,sensor2_serial,2,2,6,2,120,94,20.000,20.005,0,31,31,1.549597,SUCCESS,sigmoid,
2026-06-06T11:53:40,94.0,33.3,sensor2_serial,2,2,6,2,120,93,20.000,20.005,0,21,21,1.049718,SUCCESS,sigmoid,
2026-06-06T11:54:00,94.0,33.3,sensor2_serial,2,2,6,2,120,92,20.000,20.005,0,17,17,0.849785,SUCCESS,sigmoid,
2026-06-06T11:54:21,94.0,33.3,sensor2_serial,2,2,6,2,120,91,20.000,20.005,0,17,17,0.849768,SUCCESS,sigmoid,
2026-06-06T11:54:41,94.0,33.3,sensor2_serial,2,2,6,2,120,90,20.000,20.005,0,17,17,0.849769,SUCCESS,sigmoid,
2026-06-06T11:55:01,94.0,33.3,sensor2_serial,2,2,6,2,120,89,20.000,20.005,0,8,8,0.399897,SUCCESS,sigmoid,
2026-06-06T11:55:21,94.0,33.3,sensor2_serial,2,2,6,2,120,88,20.000,20.005,0,11,11,0.549853,SUCCESS,sigmoid,
2026-06-06T11:55:41,94.0,33.3,sensor2_serial,2,2,6,2,120,87,20.000,20.006,0,12,12,0.599832,SUCCESS,sigmoid,
2026-06-06T11:56:01,94.0,33.3,sensor2_serial,2,2,6,2,120,86,20.000,20.006,0,11,11,0.549847,SUCCESS,sigmoid,
2026-06-06T11:56:21,94.0,33.3,sensor2_serial,2,2,6,2,120,85,20.000,20.006,0,7,7,0.349900,SUCCESS,sigmoid,
2026-06-06T11:56:41,94.0,33.3,sensor2_serial,2,2,6,2,120,84,20.000,20.005,0,2,2,0.099973,SUCCESS,sigmoid,
2026-06-06T11:57:01,94.0,33.3,sensor2_serial,2,2,6,2,120,83,20.000,20.006,0,0,0,0.000000,SUCCESS,sigmoid,
2026-06-06T11:57:21,94.0,33.3,sensor2_serial,2,2,6,2,120,82,20.000,20.005,0,3,3,0.149960,SUCCESS,sigmoid,
2026-06-06T11:57:41,94.0,33.3,sensor2_serial,2,2,6,2,120,81,20.000,20.005,0,0,0,0.000000,SUCCESS,sigmoid,
2026-06-06T11:58:01,94.0,33.3,sensor2_serial,2,2,6,2,120,80,20.000,20.005,0,1,1,0.049988,SUCCESS,sigmoid,
2026-06-06T11:58:21,94.0,33.3,sensor2_serial,2,2,6,2,120,79,20.000,20.005,0,3,3,0.149959,SUCCESS,sigmoid,
2026-06-06T11:58:41,94.0,33.3,sensor2_serial,2,2,6,2,120,78,20.000,20.005,0,0,0,0.000000,SUCCESS,sigmoid,
2026-06-06T11:59:01,94.0,33.3,sensor2_serial,2,2,6,2,120,77,20.000,20.005,0,0,0,0.000000,SUCCESS,sigmoid,
2026-06-06T11:59:21,94.0,33.3,sensor2_serial,2,2,6,2,120,76,20.000,20.006,0,0,0,0.000000,SUCCESS,sigmoid,
2026-06-06T11:59:41,94.0,33.3,sensor2_serial,2,2,6,2,120,75,20.000,20.005,0,0,0,0.000000,SUCCESS,sigmoid,
2026-06-06T12:00:02,94.0,33.3,sensor2_serial,2,2,6,2,120,74,20.000,20.005,0,1,1,0.049987,SUCCESS,sigmoid,
2026-06-06T12:00:22,94.0,33.3,sensor2_serial,2,2,6,2,120,73,20.000,20.005,0,0,0,0.000000,SUCCESS,sigmoid,
2026-06-06T12:00:42,94.0,33.3,sensor2_serial,2,2,6,2,120,72,20.000,20.005,0,0,0,0.000000,SUCCESS,sigmoid,
2026-06-06T12:01:02,94.0,33.3,sensor2_serial,2,2,6,2,120,71,20.000,20.005,0,1,1,0.049986,SUCCESS,sigmoid,
2026-06-06T12:01:22,94.0,33.3,sensor2_serial,2,2,6,2,120,70,20.000,20.005,0,0,0,0.000000,SUCCESS,sigmoid,
2026-06-06T12:01:42,94.0,33.3,sensor2_serial,2,2,6,2,120,69,20.000,20.005,0,0,0,0.000000,SUCCESS,sigmoid,
2026-06-06T12:02:02,94.0,33.3,sensor2_serial,2,2,6,2,120,68,20.000,20.006,0,0,0,0.000000,SUCCESS,sigmoid,
2026-06-06T12:02:22,94.0,33.3,sensor2_serial,2,2,6,2,120,67,20.000,20.005,0,0,0,0.000000,SUCCESS,sigmoid,
2026-06-06T12:02:42,94.0,33.3,sensor2_serial,2,2,6,2,120,66,20.000,20.005,0,0,0,0.000000,SUCCESS,sigmoid,
2026-06-06T12:03:02,94.0,33.3,sensor2_serial,2,2,6,2,120,65,20.000,20.006,0,0,0,0.000000,SUCCESS,sigmoid,
2026-06-06T12:03:22,94.0,33.3,sensor2_serial,2,2,6,2,120,64,20.000,20.005,0,0,0,0.000000,SUCCESS,sigmoid,
2026-06-06T12:03:42,94.0,33.3,sensor2_serial,2,2,6,2,120,63,20.000,20.005,0,0,0,0.000000,SUCCESS,sigmoid,
2026-06-06T12:04:02,94.0,33.3,sensor2_serial,2,2,6,2,120,62,20.000,20.005,0,0,0,0.000000,SUCCESS,sigmoid,
2026-06-06T12:04:22,94.0,33.3,sensor2_serial,2,2,6,2,120,61,20.000,20.005,0,0,0,0.000000,SUCCESS,sigmoid,
2026-06-06T12:04:42,94.0,33.3,sensor2_serial,2,2,6,2,120,60,20.000,20.005,0,0,0,0.000000,SUCCESS,sigmoid,
2026-06-06T12:05:02,94.0,33.3,sensor2_serial,2,2,6,2,120,59,20.000,20.006,0,0,0,0.000000,SUCCESS,sigmoid,
2026-06-06T12:05:22,94.0,33.3,sensor2_serial,2,2,6,2,120,58,20.000,20.005,0,0,0,0.000000,SUCCESS,sigmoid,
2026-06-06T12:05:43,94.0,33.3,sensor2_serial,2,2,6,2,120,57,20.000,20.005,0,0,0,0.000000,SUCCESS,sigmoid,
2026-06-06T12:06:03,94.0,33.3,sensor2_serial,2,2,6,2,120,56,20.000,20.005,0,0,0,0.000000,SUCCESS,sigmoid,
2026-06-06T12:06:23,94.0,33.3,sensor2_serial,2,2,6,2,120,55,20.000,20.006,0,0,0,0.000000,SUCCESS,sigmoid,
2026-06-06T12:06:43,94.0,33.3,sensor2_serial,2,2,6,2,120,54,20.000,20.005,0,0,0,0.000000,SUCCESS,sigmoid,
2026-06-06T12:07:03,94.0,33.3,sensor2_serial,2,2,6,2,120,53,20.000,20.006,0,0,0,0.000000,SUCCESS,sigmoid,
2026-06-06T12:07:23,94.0,33.3,sensor2_serial,2,2,6,2,120,52,20.000,20.005,0,0,0,0.000000,SUCCESS,sigmoid,
2026-06-06T12:07:43,94.0,33.3,sensor2_serial,2,2,6,2,120,51,20.000,20.005,0,0,0,0.000000,SUCCESS,sigmoid,
2026-06-06T12:08:03,94.0,33.3,sensor2_serial,2,2,6,2,120,50,20.000,20.005,0,0,0,0.000000,SUCCESS,sigmoid,
2026-06-06T12:08:23,94.0,33.3,sensor2_serial,2,2,6,2,120,49,20.000,20.005,0,0,0,0.000000,SUCCESS,sigmoid,
2026-06-06T12:08:43,94.0,33.3,sensor2_serial,2,2,6,2,120,48,20.000,20.006,0,0,0,0.000000,SUCCESS,sigmoid,
2026-06-06T12:09:03,94.0,33.3,sensor2_serial,2,2,6,2,120,47,20.000,20.006,0,0,0,0.000000,SUCCESS,sigmoid,
2026-06-06T12:09:23,94.0,33.3,sensor2_serial,2,2,6,2,120,46,20.000,20.006,0,0,0,0.000000,SUCCESS,sigmoid,
2026-06-06T12:09:43,94.0,33.3,sensor2_serial,2,2,6,2,120,45,20.000,20.006,0,0,0,0.000000,SUCCESS,sigmoid,
2026-06-06T12:10:03,94.0,33.3,sensor2_serial,2,2,6,2,120,44,20.000,20.005,0,0,0,0.000000,SUCCESS,sigmoid,
2026-06-06T12:10:23,94.0,33.3,sensor2_serial,2,2,6,2,120,43,20.000,20.005,0,0,0,0.000000,SUCCESS,sigmoid,
2026-06-06T12:10:43,94.0,33.3,sensor2_serial,2,2,6,2,120,42,20.000,20.006,0,0,0,0.000000,SUCCESS,sigmoid,
2026-06-06T12:11:04,94.0,33.3,sensor2_serial,2,2,6,2,120,41,20.000,20.005,0,0,0,0.000000,SUCCESS,sigmoid,
2026-06-06T12:11:24,94.0,33.3,sensor2_serial,2,2,6,2,120,40,20.000,20.006,0,0,0,0.000000,SUCCESS,sigmoid,
2026-06-06T12:11:44,94.0,33.3,sensor2_serial,2,2,6,2,120,39,20.000,20.005,0,0,0,0.000000,SUCCESS,sigmoid,
2026-06-06T12:12:04,94.0,33.3,sensor2_serial,2,2,6,2,120,38,20.000,20.005,0,0,0,0.000000,SUCCESS,sigmoid,
2026-06-06T12:12:24,94.0,33.3,sensor2_serial,2,2,6,2,120,37,20.000,20.006,0,0,0,0.000000,SUCCESS,sigmoid,
2026-06-06T12:12:44,94.0,33.3,sensor2_serial,2,2,6,2,120,36,20.000,20.005,0,0,0,0.000000,SUCCESS,sigmoid,
2026-06-06T12:13:04,94.0,33.3,sensor2_serial,2,2,6,2,120,35,20.000,20.005,0,0,0,0.000000,SUCCESS,sigmoid,
2026-06-06T12:13:24,94.0,33.3,sensor2_serial,2,2,6,2,120,34,20.000,20.006,0,0,0,0.000000,SUCCESS,sigmoid,
2026-06-06T12:13:44,94.0,33.3,sensor2_serial,2,2,6,2,120,33,20.000,20.005,0,0,0,0.000000,SUCCESS,sigmoid,
2026-06-06T12:14:04,94.0,33.3,sensor2_serial,2,2,6,2,120,32,20.000,20.005,0,0,0,0.000000,SUCCESS,sigmoid,
2026-06-06T12:14:24,94.0,33.3,sensor2_serial,2,2,6,2,120,31,20.000,20.005,0,0,0,0.000000,SUCCESS,sigmoid,
2026-06-06T12:14:44,94.0,33.3,sensor2_serial,2,2,6,2,120,30,20.000,20.005,0,0,0,0.000000,SUCCESS,sigmoid,
2026-06-06T12:15:04,94.0,33.3,sensor2_serial,2,2,6,2,120,29,20.000,20.006,0,0,0,0.000000,SUCCESS,sigmoid,
2026-06-06T12:15:24,94.0,33.3,sensor2_serial,2,2,6,2,120,28,20.000,20.006,0,0,0,0.000000,SUCCESS,sigmoid,
2026-06-06T12:15:44,94.0,33.3,sensor2_serial,2,2,6,2,120,27,20.000,20.006,0,0,0,0.000000,SUCCESS,sigmoid,
2026-06-06T12:16:04,94.0,33.3,sensor2_serial,2,2,6,2,120,26,20.000,20.006,0,0,0,0.000000,SUCCESS,sigmoid,
2026-06-06T12:16:24,94.0,33.3,sensor2_serial,2,2,6,2,120,25,20.000,20.005,0,0,0,0.000000,SUCCESS,sigmoid,
2026-06-06T12:16:45,94.0,33.3,sensor2_serial,2,2,6,2,120,24,20.000,20.006,0,0,0,0.000000,SUCCESS,sigmoid,
2026-06-06T12:17:05,94.0,33.3,sensor2_serial,2,2,6,2,120,23,20.000,20.005,0,0,0,0.000000,SUCCESS,sigmoid,
2026-06-06T12:17:25,94.0,33.3,sensor2_serial,2,2,6,2,120,22,20.000,20.005,0,0,0,0.000000,SUCCESS,sigmoid,
2026-06-06T12:17:45,94.0,33.3,sensor2_serial,2,2,6,2,120,21,20.000,20.005,0,0,0,0.000000,SUCCESS,sigmoid,
2026-06-06T12:18:05,94.0,33.3,sensor2_serial,2,2,6,2,120,20,20.000,20.005,0,0,0,0.000000,SUCCESS,sigmoid,
2026-06-06T12:18:25,94.0,33.3,sensor2_serial,2,2,6,2,120,19,20.000,20.005,0,0,0,0.000000,SUCCESS,sigmoid,
2026-06-06T12:18:45,94.0,33.3,sensor2_serial,2,2,6,2,120,18,20.000,20.005,0,0,0,0.000000,SUCCESS,sigmoid,
2026-06-06T12:19:05,94.0,33.3,sensor2_serial,2,2,6,2,120,17,20.000,20.005,0,0,0,0.000000,SUCCESS,sigmoid,
2026-06-06T12:19:25,94.0,33.3,sensor2_serial,2,2,6,2,120,16,20.000,20.005,0,0,0,0.000000,SUCCESS,sigmoid,
2026-06-06T12:19:45,94.0,33.3,sensor2_serial,2,2,6,2,120,15,20.000,20.005,0,0,0,0.000000,SUCCESS,sigmoid,
2026-06-06T12:20:05,94.0,33.3,sensor2_serial,2,2,6,2,120,14,20.000,20.006,0,0,0,0.000000,SUCCESS,sigmoid,
2026-06-06T12:20:25,94.0,33.3,sensor2_serial,2,2,6,2,120,13,20.000,20.005,0,0,0,0.000000,SUCCESS,sigmoid,
2026-06-06T12:20:45,94.0,33.3,sensor2_serial,2,2,6,2,120,12,20.000,20.005,0,0,0,0.000000,SUCCESS,sigmoid,
2026-06-06T12:21:05,94.0,33.3,sensor2_serial,2,2,6,2,120,11,20.000,20.005,0,0,0,0.000000,SUCCESS,sigmoid,
2026-06-06T12:21:25,94.0,33.3,sensor2_serial,2,2,6,2,120,10,20.000,20.006,0,0,0,0.000000,SUCCESS,sigmoid,
2026-06-06T12:21:45,94.0,33.3,sensor2_serial,2,2,6,2,120,9,20.000,20.006,0,0,0,0.000000,SUCCESS,sigmoid,
2026-06-06T12:22:05,94.0,33.3,sensor2_serial,2,2,6,2,120,8,20.000,20.005,0,0,0,0.000000,SUCCESS,sigmoid,
2026-06-06T12:22:26,94.0,33.3,sensor2_serial,2,2,6,2,120,7,20.000,20.005,0,0,0,0.000000,SUCCESS,sigmoid,
2026-06-06T12:22:46,94.0,33.3,sensor2_serial,2,2,6,2,120,6,20.000,20.005,0,0,0,0.000000,SUCCESS,sigmoid,
2026-06-06T12:23:06,94.0,33.3,sensor2_serial,2,2,6,2,120,5,20.000,20.005,0,0,0,0.000000,SUCCESS,sigmoid,
2026-06-06T12:23:26,94.0,33.3,sensor2_serial,2,2,6,2,120,4,20.000,20.005,0,0,0,0.000000,SUCCESS,sigmoid,
2026-06-06T12:23:46,94.0,33.3,sensor2_serial,2,2,6,2,120,3,20.000,20.005,0,0,0,0.000000,SUCCESS,sigmoid,
2026-06-06T12:24:06,94.0,33.3,sensor2_serial,2,2,6,2,120,2,20.000,20.005,0,0,0,0.000000,SUCCESS,sigmoid,
2026-06-06T12:24:26,94.0,33.3,sensor2_serial,2,2,6,2,120,1,20.000,20.005,0,0,0,0.000000,SUCCESS,sigmoid,
2026-06-06T12:24:46,94.0,33.3,sensor2_serial,2,2,6,2,120,0,20.000,20.005,0,0,0,0.000000,SUCCESS,sigmoid,
2026-06-06T12:25:20,95.0,32.3,sensor2_serial,2,0,4,0,120,255,20.000,20.005,0,3583389,3583389,179123.604685,SUCCESS,sigmoid,
2026-06-06T12:25:40,95.0,32.3,sensor2_serial,2,0,4,0,120,254,20.000,20.005,0,3363395,3363395,168125.523045,SUCCESS,sigmoid,
2026-06-06T12:26:00,95.0,32.3,sensor2_serial,2,0,4,0,120,253,20.000,20.006,0,2691659,2691659,134545.809836,SUCCESS,sigmoid,
2026-06-06T12:26:20,95.0,32.3,sensor2_serial,2,0,4,0,120,252,20.000,20.006,0,2020716,2020716,101007.832202,SUCCESS,sigmoid,
2026-06-06T12:26:40,95.0,32.3,sensor2_serial,2,0,4,0,120,251,20.000,20.006,0,1227106,1227106,61338.367363,SUCCESS,sigmoid,
2026-06-06T12:27:00,95.0,32.3,sensor2_serial,2,0,4,0,120,250,20.000,20.006,0,617671,617671,30874.978287,SUCCESS,sigmoid,
2026-06-06T12:27:20,95.0,32.3,sensor2_serial,2,0,4,0,120,249,20.000,20.006,0,323574,323574,16174.044804,SUCCESS,sigmoid,
2026-06-06T12:27:40,95.0,32.3,sensor2_serial,2,0,4,0,120,248,20.000,20.005,0,155184,155184,7757.195001,SUCCESS,sigmoid,
2026-06-06T12:28:01,95.0,32.3,sensor2_serial,2,0,4,0,120,247,20.000,20.005,0,71810,71810,3589.580975,SUCCESS,sigmoid,
2026-06-06T12:28:21,95.0,32.3,sensor2_serial,2,0,4,0,120,246,20.000,20.005,0,39595,39595,1979.229086,SUCCESS,sigmoid,
2026-06-06T12:28:41,95.0,32.3,sensor2_serial,2,0,4,0,120,245,20.000,20.005,0,39619,39619,1980.418480,SUCCESS,sigmoid,
2026-06-06T12:29:01,95.0,32.3,sensor2_serial,2,0,4,0,120,244,20.000,20.005,0,18693,18693,934.429688,SUCCESS,sigmoid,
2026-06-06T12:29:21,95.0,32.3,sensor2_serial,2,0,4,0,120,243,20.000,20.005,0,7258,7258,362.803891,SUCCESS,sigmoid,
2026-06-06T12:29:41,95.0,32.3,sensor2_serial,2,0,4,0,120,242,20.000,20.006,0,2383,2383,119.117058,SUCCESS,sigmoid,
2026-06-06T12:30:01,95.0,32.3,sensor2_serial,2,0,4,0,120,241,20.000,20.005,0,968,968,48.386816,SUCCESS,sigmoid,
2026-06-06T12:30:21,95.0,32.3,sensor2_serial,2,0,4,0,120,240,20.000,20.005,0,494,494,24.693289,SUCCESS,sigmoid,
2026-06-06T12:30:41,95.0,32.3,sensor2_serial,2,0,4,0,120,239,20.000,20.005,0,330,330,16.495657,SUCCESS,sigmoid,
2026-06-06T12:31:01,95.0,32.3,sensor2_serial,2,0,4,0,120,238,20.000,20.005,0,289,289,14.446174,SUCCESS,sigmoid,
2026-06-06T12:31:21,95.0,32.3,sensor2_serial,2,0,4,0,120,237,20.000,20.006,0,227,227,11.346731,SUCCESS,sigmoid,
2026-06-06T12:31:41,95.0,32.3,sensor2_serial,2,0,4,0,120,236,20.000,20.005,0,232,232,11.596829,SUCCESS,sigmoid,
2026-06-06T12:32:01,95.0,32.3,sensor2_serial,2,0,4,0,120,235,20.000,20.006,0,213,213,10.647049,SUCCESS,sigmoid,
2026-06-06T12:32:21,95.0,32.3,sensor2_serial,2,0,4,0,120,234,20.000,20.005,0,247,247,12.346721,SUCCESS,sigmoid,
2026-06-06T12:32:41,95.0,32.3,sensor2_serial,2,0,4,0,120,233,20.000,20.005,0,248,248,12.396845,SUCCESS,sigmoid,
2026-06-06T12:33:01,95.0,32.3,sensor2_serial,2,0,4,0,120,232,20.000,20.006,0,209,209,10.446911,SUCCESS,sigmoid,
2026-06-06T12:33:21,95.0,32.3,sensor2_serial,2,0,4,0,120,231,20.000,20.006,0,222,222,11.096944,SUCCESS,sigmoid,
2026-06-06T12:33:42,95.0,32.3,sensor2_serial,2,0,4,0,120,230,20.000,20.005,0,210,210,10.497132,SUCCESS,sigmoid,
2026-06-06T12:34:02,95.0,32.3,sensor2_serial,2,0,4,0,120,229,20.000,20.005,0,200,200,9.997349,SUCCESS,sigmoid,
2026-06-06T12:34:22,95.0,32.3,sensor2_serial,2,0,4,0,120,228,20.000,20.005,0,202,202,10.097276,SUCCESS,sigmoid,
2026-06-06T12:34:42,95.0,32.3,sensor2_serial,2,0,4,0,120,227,20.000,20.005,0,214,214,10.697241,SUCCESS,sigmoid,
2026-06-06T12:35:02,95.0,32.3,sensor2_serial,2,0,4,0,120,226,20.000,20.005,0,201,201,10.047263,SUCCESS,sigmoid,
2026-06-06T12:35:22,95.0,32.3,sensor2_serial,2,0,4,0,120,225,20.000,20.005,0,217,217,10.847044,SUCCESS,sigmoid,
2026-06-06T12:35:42,95.0,32.3,sensor2_serial,2,0,4,0,120,224,20.000,20.005,0,231,231,11.547077,SUCCESS,sigmoid,
2026-06-06T12:36:02,95.0,32.3,sensor2_serial,2,0,4,0,120,223,20.000,20.005,0,211,211,10.547290,SUCCESS,sigmoid,
2026-06-06T12:36:22,95.0,32.3,sensor2_serial,2,0,4,0,120,222,20.000,20.005,0,203,203,10.147279,SUCCESS,sigmoid,
2026-06-06T12:36:42,95.0,32.3,sensor2_serial,2,0,4,0,120,221,20.000,20.006,0,210,210,10.497094,SUCCESS,sigmoid,
2026-06-06T12:37:02,95.0,32.3,sensor2_serial,2,0,4,0,120,220,20.000,20.005,0,218,218,10.897004,SUCCESS,sigmoid,
2026-06-06T12:37:22,95.0,32.3,sensor2_serial,2,0,4,0,120,219,20.000,20.005,0,210,210,10.497267,SUCCESS,sigmoid,
2026-06-06T12:37:42,95.0,32.3,sensor2_serial,2,0,4,0,120,218,20.000,20.005,0,206,206,10.297246,SUCCESS,sigmoid,
2026-06-06T12:38:02,95.0,32.3,sensor2_serial,2,0,4,0,120,217,20.000,20.005,0,206,206,10.297256,SUCCESS,sigmoid,
2026-06-06T12:38:22,95.0,32.3,sensor2_serial,2,0,4,0,120,216,20.000,20.006,0,224,224,11.196914,SUCCESS,sigmoid,
2026-06-06T12:38:42,95.0,32.3,sensor2_serial,2,0,4,0,120,215,20.000,20.006,0,234,234,11.696770,SUCCESS,sigmoid,
2026-06-06T12:39:02,95.0,32.3,sensor2_serial,2,0,4,0,120,214,20.000,20.005,0,186,186,9.297646,SUCCESS,sigmoid,
2026-06-06T12:39:23,95.0,32.3,sensor2_serial,2,0,4,0,120,213,20.000,20.005,0,206,206,10.297214,SUCCESS,sigmoid,
2026-06-06T12:39:43,95.0,32.3,sensor2_serial,2,0,4,0,120,212,20.000,20.006,0,234,234,11.696734,SUCCESS,sigmoid,
2026-06-06T12:40:03,95.0,32.3,sensor2_serial,2,0,4,0,120,211,20.000,20.005,0,215,215,10.747201,SUCCESS,sigmoid,
2026-06-06T12:40:23,95.0,32.3,sensor2_serial,2,0,4,0,120,210,20.000,20.005,0,226,226,11.297094,SUCCESS,sigmoid,
2026-06-06T12:40:43,95.0,32.3,sensor2_serial,2,0,4,0,120,209,20.000,20.005,0,198,198,9.897401,SUCCESS,sigmoid,
2026-06-06T12:41:03,95.0,32.3,sensor2_serial,2,0,4,0,120,208,20.000,20.005,0,196,196,9.797342,SUCCESS,sigmoid,
2026-06-06T12:41:23,95.0,32.3,sensor2_serial,2,0,4,0,120,207,20.000,20.006,0,219,219,10.946918,SUCCESS,sigmoid,
2026-06-06T12:41:43,95.0,32.3,sensor2_serial,2,0,4,0,120,206,20.000,20.006,0,214,214,10.697043,SUCCESS,sigmoid,
2026-06-06T12:42:03,95.0,32.3,sensor2_serial,2,0,4,0,120,205,20.000,20.005,0,227,227,11.346967,SUCCESS,sigmoid,
2026-06-06T12:42:23,95.0,32.3,sensor2_serial,2,0,4,0,120,204,20.000,20.005,0,184,184,9.197474,SUCCESS,sigmoid,
2026-06-06T12:42:43,95.0,32.3,sensor2_serial,2,0,4,0,120,203,20.000,20.006,0,176,176,8.797572,SUCCESS,sigmoid,
2026-06-06T12:43:03,95.0,32.3,sensor2_serial,2,0,4,0,120,202,20.000,20.005,0,194,194,9.697518,SUCCESS,sigmoid,
2026-06-06T12:43:23,95.0,32.3,sensor2_serial,2,0,4,0,120,201,20.000,20.005,0,200,200,9.997403,SUCCESS,sigmoid,
2026-06-06T12:43:43,95.0,32.3,sensor2_serial,2,0,4,0,120,200,20.000,20.005,0,161,161,8.047849,SUCCESS,sigmoid,
2026-06-06T12:44:03,95.0,32.3,sensor2_serial,2,0,4,0,120,199,20.000,20.005,0,180,180,8.997530,SUCCESS,sigmoid,
2026-06-06T12:44:23,95.0,32.3,sensor2_serial,2,0,4,0,120,198,20.000,20.005,0,232,232,11.596912,SUCCESS,sigmoid,
2026-06-06T12:44:44,95.0,32.3,sensor2_serial,2,0,4,0,120,197,20.000,20.005,0,206,206,10.297231,SUCCESS,sigmoid,
2026-06-06T12:45:04,95.0,32.3,sensor2_serial,2,0,4,0,120,196,20.000,20.005,0,198,198,9.897284,SUCCESS,sigmoid,
2026-06-06T12:45:24,95.0,32.3,sensor2_serial,2,0,4,0,120,195,20.000,20.005,0,200,200,9.997364,SUCCESS,sigmoid,
2026-06-06T12:45:44,95.0,32.3,sensor2_serial,2,0,4,0,120,194,20.000,20.005,0,213,213,10.647263,SUCCESS,sigmoid,
2026-06-06T12:46:04,95.0,32.3,sensor2_serial,2,0,4,0,120,193,20.000,20.005,0,187,187,9.347888,SUCCESS,sigmoid,
2026-06-06T12:46:24,95.0,32.3,sensor2_serial,2,0,4,0,120,192,20.000,20.005,0,196,196,9.797378,SUCCESS,sigmoid,
2026-06-06T12:46:44,95.0,32.3,sensor2_serial,2,0,4,0,120,191,20.000,20.006,0,211,211,10.547018,SUCCESS,sigmoid,
2026-06-06T12:47:04,95.0,32.3,sensor2_serial,2,0,4,0,120,190,20.000,20.006,0,211,211,10.547065,SUCCESS,sigmoid,
2026-06-06T12:47:24,95.0,32.3,sensor2_serial,2,0,4,0,120,189,20.000,20.006,0,177,177,8.847444,SUCCESS,sigmoid,
2026-06-06T12:47:44,95.0,32.3,sensor2_serial,2,0,4,0,120,188,20.000,20.005,0,229,229,11.447017,SUCCESS,sigmoid,
2026-06-06T12:48:04,95.0,32.3,sensor2_serial,2,0,4,0,120,187,20.000,20.005,0,192,192,9.597366,SUCCESS,sigmoid,
2026-06-06T12:48:24,95.0,32.3,sensor2_serial,2,0,4,0,120,186,20.000,20.005,0,225,225,11.247057,SUCCESS,sigmoid,
2026-06-06T12:48:44,95.0,32.3,sensor2_serial,2,0,4,0,120,185,20.000,20.005,0,221,221,11.047072,SUCCESS,sigmoid,
2026-06-06T12:49:04,95.0,32.3,sensor2_serial,2,0,4,0,120,184,20.000,20.005,0,184,184,9.197606,SUCCESS,sigmoid,
2026-06-06T12:49:24,95.0,32.3,sensor2_serial,2,0,4,0,120,183,20.000,20.006,0,223,223,11.146911,SUCCESS,sigmoid,
2026-06-06T12:49:44,95.0,32.3,sensor2_serial,2,0,4,0,120,182,20.000,20.006,0,226,226,11.296645,SUCCESS,sigmoid,
2026-06-06T12:50:04,95.0,32.3,sensor2_serial,2,0,4,0,120,181,20.000,20.005,0,191,191,9.547397,SUCCESS,sigmoid,
2026-06-06T12:50:25,95.0,32.3,sensor2_serial,2,0,4,0,120,180,20.000,20.005,0,187,187,9.347512,SUCCESS,sigmoid,
2026-06-06T12:50:45,95.0,32.3,sensor2_serial,2,0,4,0,120,179,20.000,20.006,0,208,208,10.397058,SUCCESS,sigmoid,
2026-06-06T12:51:05,95.0,32.3,sensor2_serial,2,0,4,0,120,178,20.000,20.005,0,205,205,10.247324,SUCCESS,sigmoid,
2026-06-06T12:51:25,95.0,32.3,sensor2_serial,2,0,4,0,120,177,20.000,20.005,0,209,209,10.447236,SUCCESS,sigmoid,
2026-06-06T12:51:45,95.0,32.3,sensor2_serial,2,0,4,0,120,176,20.000,20.005,0,178,178,8.897623,SUCCESS,sigmoid,
2026-06-06T12:52:05,95.0,32.3,sensor2_serial,2,0,4,0,120,175,20.000,20.006,0,204,204,10.197169,SUCCESS,sigmoid,
2026-06-06T12:52:25,95.0,32.3,sensor2_serial,2,0,4,0,120,174,20.000,20.005,0,182,182,9.097594,SUCCESS,sigmoid,
2026-06-06T12:52:45,95.0,32.3,sensor2_serial,2,0,4,0,120,173,20.000,20.005,0,177,177,8.847614,SUCCESS,sigmoid,
2026-06-06T12:53:05,95.0,32.3,sensor2_serial,2,0,4,0,120,172,20.000,20.005,0,216,216,10.797084,SUCCESS,sigmoid,
2026-06-06T12:53:25,95.0,32.3,sensor2_serial,2,0,4,0,120,171,20.000,20.005,0,223,223,11.147143,SUCCESS,sigmoid,
2026-06-06T12:53:45,95.0,32.3,sensor2_serial,2,0,4,0,120,170,20.000,20.006,0,212,212,10.597076,SUCCESS,sigmoid,
2026-06-06T12:54:05,95.0,32.3,sensor2_serial,2,0,4,0,120,169,20.000,20.005,0,198,198,9.897301,SUCCESS,sigmoid,
2026-06-06T12:54:25,95.0,32.3,sensor2_serial,2,0,4,0,120,168,20.000,20.006,0,196,196,9.797146,SUCCESS,sigmoid,
2026-06-06T12:54:45,95.0,32.3,sensor2_serial,2,0,4,0,120,167,20.000,20.005,0,214,214,10.697060,SUCCESS,sigmoid,
2026-06-06T12:55:05,95.0,32.3,sensor2_serial,2,0,4,0,120,166,20.000,20.005,0,191,191,9.547451,SUCCESS,sigmoid,
2026-06-06T12:55:25,95.0,32.3,sensor2_serial,2,0,4,0,120,165,20.000,20.005,0,214,214,10.697103,SUCCESS,sigmoid,
2026-06-06T12:55:45,95.0,32.3,sensor2_serial,2,0,4,0,120,164,20.000,20.005,0,183,183,9.147566,SUCCESS,sigmoid,
2026-06-06T12:56:06,95.0,32.3,sensor2_serial,2,0,4,0,120,163,20.000,20.005,0,196,196,9.797364,SUCCESS,sigmoid,
2026-06-06T12:56:26,95.0,32.3,sensor2_serial,2,0,4,0,120,162,20.000,20.005,0,217,217,10.847068,SUCCESS,sigmoid,
2026-06-06T12:56:46,95.0,32.3,sensor2_serial,2,0,4,0,120,161,20.000,20.005,0,208,208,10.397228,SUCCESS,sigmoid,
2026-06-06T12:57:06,95.0,32.3,sensor2_serial,2,0,4,0,120,160,20.000,20.005,0,195,195,9.747444,SUCCESS,sigmoid,
2026-06-06T12:57:26,95.0,32.3,sensor2_serial,2,0,4,0,120,159,20.000,20.005,0,204,204,10.197241,SUCCESS,sigmoid,
2026-06-06T12:57:46,95.0,32.3,sensor2_serial,2,0,4,0,120,158,20.000,20.006,0,205,205,10.247128,SUCCESS,sigmoid,
2026-06-06T12:58:06,95.0,32.3,sensor2_serial,2,0,4,0,120,157,20.000,20.006,0,184,184,9.197391,SUCCESS,sigmoid,
2026-06-06T12:58:26,95.0,32.3,sensor2_serial,2,0,4,0,120,156,20.000,20.005,0,203,203,10.147265,SUCCESS,sigmoid,
2026-06-06T12:58:46,95.0,32.3,sensor2_serial,2,0,4,0,120,155,20.000,20.005,0,203,203,10.147336,SUCCESS,sigmoid,
2026-06-06T12:59:06,95.0,32.3,sensor2_serial,2,0,4,0,120,154,20.000,20.006,0,204,204,10.197170,SUCCESS,sigmoid,
2026-06-06T12:59:26,95.0,32.3,sensor2_serial,2,0,4,0,120,153,20.000,20.005,0,212,212,10.597263,SUCCESS,sigmoid,
2026-06-06T12:59:46,95.0,32.3,sensor2_serial,2,0,4,0,120,152,20.000,20.005,0,204,204,10.197239,SUCCESS,sigmoid,
2026-06-06T13:00:06,95.0,32.3,sensor2_serial,2,0,4,0,120,151,20.000,20.006,0,224,224,11.196834,SUCCESS,sigmoid,
2026-06-06T13:00:26,95.0,32.3,sensor2_serial,2,0,4,0,120,150,20.000,20.005,0,186,186,9.297576,SUCCESS,sigmoid,
2026-06-06T13:00:46,95.0,32.3,sensor2_serial,2,0,4,0,120,149,20.000,20.005,0,201,201,10.047327,SUCCESS,sigmoid,
2026-06-06T13:01:06,95.0,32.3,sensor2_serial,2,0,4,0,120,148,20.000,20.005,0,180,180,8.997607,SUCCESS,sigmoid,
2026-06-06T13:01:26,95.0,32.3,sensor2_serial,2,0,4,0,120,147,20.000,20.005,0,180,180,8.997577,SUCCESS,sigmoid,
2026-06-06T13:01:47,95.0,32.3,sensor2_serial,2,0,4,0,120,146,20.000,20.005,0,178,178,8.897575,SUCCESS,sigmoid,
2026-06-06T13:02:07,95.0,32.3,sensor2_serial,2,0,4,0,120,145,20.000,20.005,0,169,169,8.447797,SUCCESS,sigmoid,
2026-06-06T13:02:27,95.0,32.3,sensor2_serial,2,0,4,0,120,144,20.000,20.005,0,198,198,9.897433,SUCCESS,sigmoid,
2026-06-06T13:02:47,95.0,32.3,sensor2_serial,2,0,4,0,120,143,20.000,20.006,0,180,180,8.997455,SUCCESS,sigmoid,
2026-06-06T13:03:07,95.0,32.3,sensor2_serial,2,0,4,0,120,142,20.000,20.005,0,207,207,10.347321,SUCCESS,sigmoid,
2026-06-06T13:03:27,95.0,32.3,sensor2_serial,2,0,4,0,120,141,20.000,20.005,0,203,203,10.147280,SUCCESS,sigmoid,
2026-06-06T13:03:47,95.0,32.3,sensor2_serial,2,0,4,0,120,140,20.000,20.005,0,149,149,7.448114,SUCCESS,sigmoid,
2026-06-06T13:04:07,95.0,32.3,sensor2_serial,2,0,4,0,120,139,20.000,20.006,0,202,202,10.097200,SUCCESS,sigmoid,
2026-06-06T13:04:27,95.0,32.3,sensor2_serial,2,0,4,0,120,138,20.000,20.005,0,184,184,9.197604,SUCCESS,sigmoid,
2026-06-06T13:04:47,95.0,32.3,sensor2_serial,2,0,4,0,120,137,20.000,20.005,0,169,169,8.447854,SUCCESS,sigmoid,
2026-06-06T13:05:07,95.0,32.3,sensor2_serial,2,0,4,0,120,136,20.000,20.005,0,205,205,10.247183,SUCCESS,sigmoid,
2026-06-06T13:05:27,95.0,32.3,sensor2_serial,2,0,4,0,120,135,20.000,20.005,0,200,200,9.997435,SUCCESS,sigmoid,
2026-06-06T13:05:47,95.0,32.3,sensor2_serial,2,0,4,0,120,134,20.000,20.005,0,162,162,8.097839,SUCCESS,sigmoid,
2026-06-06T13:06:07,95.0,32.3,sensor2_serial,2,0,4,0,120,133,20.000,20.005,0,181,181,9.047596,SUCCESS,sigmoid,
2026-06-06T13:06:27,95.0,32.3,sensor2_serial,2,0,4,0,120,132,20.000,20.005,0,194,194,9.697340,SUCCESS,sigmoid,
2026-06-06T13:06:47,95.0,32.3,sensor2_serial,2,0,4,0,120,131,20.000,20.006,0,181,181,9.047482,SUCCESS,sigmoid,
2026-06-06T13:07:08,95.0,32.3,sensor2_serial,2,0,4,0,120,130,20.000,20.005,0,171,171,8.547657,SUCCESS,sigmoid,
2026-06-06T13:07:28,95.0,32.3,sensor2_serial,2,0,4,0,120,129,20.000,20.005,0,148,148,7.398149,SUCCESS,sigmoid,
2026-06-06T13:07:48,95.0,32.3,sensor2_serial,2,0,4,0,120,128,20.000,20.005,0,174,174,8.697797,SUCCESS,sigmoid,
2026-06-06T13:08:08,95.0,32.3,sensor2_serial,2,0,4,0,120,127,20.000,20.005,0,176,176,8.797679,SUCCESS,sigmoid,
2026-06-06T13:08:28,95.0,32.3,sensor2_serial,2,0,4,0,120,126,20.000,20.005,0,184,184,9.197496,SUCCESS,sigmoid,
2026-06-06T13:08:48,95.0,32.3,sensor2_serial,2,0,4,0,120,125,20.000,20.005,0,160,160,7.997952,SUCCESS,sigmoid,
2026-06-06T13:09:08,95.0,32.3,sensor2_serial,2,0,4,0,120,124,20.000,20.006,0,170,170,8.497662,SUCCESS,sigmoid,
2026-06-06T13:09:28,95.0,32.3,sensor2_serial,2,0,4,0,120,123,20.000,20.005,0,185,185,9.247547,SUCCESS,sigmoid,
2026-06-06T13:09:48,95.0,32.3,sensor2_serial,2,0,4,0,120,122,20.000,20.005,0,154,154,7.697962,SUCCESS,sigmoid,
2026-06-06T13:10:08,95.0,32.3,sensor2_serial,2,0,4,0,120,121,20.000,20.005,0,173,173,8.647715,SUCCESS,sigmoid,
2026-06-06T13:10:28,95.0,32.3,sensor2_serial,2,0,4,0,120,120,20.000,20.006,0,169,169,8.447649,SUCCESS,sigmoid,
2026-06-06T13:10:48,95.0,32.3,sensor2_serial,2,0,4,0,120,119,20.000,20.005,0,156,156,7.797963,SUCCESS,sigmoid,
2026-06-06T13:11:08,95.0,32.3,sensor2_serial,2,0,4,0,120,118,20.000,20.005,0,142,142,7.098125,SUCCESS,sigmoid,
2026-06-06T13:11:28,95.0,32.3,sensor2_serial,2,0,4,0,120,117,20.000,20.006,0,150,150,7.497802,SUCCESS,sigmoid,
2026-06-06T13:11:48,95.0,32.3,sensor2_serial,2,0,4,0,120,116,20.000,20.006,0,170,170,8.497599,SUCCESS,sigmoid,
2026-06-06T13:12:08,95.0,32.3,sensor2_serial,2,0,4,0,120,115,20.000,20.006,0,153,153,7.647866,SUCCESS,sigmoid,
2026-06-06T13:12:28,95.0,32.3,sensor2_serial,2,0,4,0,120,114,20.000,20.005,0,167,167,8.347825,SUCCESS,sigmoid,
2026-06-06T13:12:49,95.0,32.3,sensor2_serial,2,0,4,0,120,113,20.000,20.005,0,132,132,6.598232,SUCCESS,sigmoid,
2026-06-06T13:13:09,95.0,32.3,sensor2_serial,2,0,4,0,120,112,20.000,20.005,0,139,139,6.948106,SUCCESS,sigmoid,
2026-06-06T13:13:29,95.0,32.3,sensor2_serial,2,0,4,0,120,111,20.000,20.005,0,159,159,7.947905,SUCCESS,sigmoid,
2026-06-06T13:13:49,95.0,32.3,sensor2_serial,2,0,4,0,120,110,20.000,20.005,0,135,135,6.748245,SUCCESS,sigmoid,
2026-06-06T13:14:09,95.0,32.3,sensor2_serial,2,0,4,0,120,109,20.000,20.005,0,141,141,7.048124,SUCCESS,sigmoid,
2026-06-06T13:14:29,95.0,32.3,sensor2_serial,2,0,4,0,120,108,20.000,20.006,0,127,127,6.348088,SUCCESS,sigmoid,
2026-06-06T13:14:49,95.0,32.3,sensor2_serial,2,0,4,0,120,107,20.000,20.005,0,120,120,5.998462,SUCCESS,sigmoid,
2026-06-06T13:15:09,95.0,32.3,sensor2_serial,2,0,4,0,120,106,20.000,20.005,0,150,150,7.498071,SUCCESS,sigmoid,
2026-06-06T13:15:29,95.0,32.3,sensor2_serial,2,0,4,0,120,105,20.000,20.005,0,150,150,7.498063,SUCCESS,sigmoid,
2026-06-06T13:15:49,95.0,32.3,sensor2_serial,2,0,4,0,120,104,20.000,20.005,0,109,109,5.448538,SUCCESS,sigmoid,
2026-06-06T13:16:09,95.0,32.3,sensor2_serial,2,0,4,0,120,103,20.000,20.005,0,127,127,6.348298,SUCCESS,sigmoid,
2026-06-06T13:16:29,95.0,32.3,sensor2_serial,2,0,4,0,120,102,20.000,20.006,0,119,119,5.948345,SUCCESS,sigmoid,
2026-06-06T13:16:49,95.0,32.3,sensor2_serial,2,0,4,0,120,101,20.000,20.005,0,84,84,4.198877,SUCCESS,sigmoid,
2026-06-06T13:17:09,95.0,32.3,sensor2_serial,2,0,4,0,120,100,20.000,20.005,0,104,104,5.198610,SUCCESS,sigmoid,
2026-06-06T13:17:29,95.0,32.3,sensor2_serial,2,0,4,0,120,99,20.000,20.005,0,110,110,5.498585,SUCCESS,sigmoid,
2026-06-06T13:17:49,95.0,32.3,sensor2_serial,2,0,4,0,120,98,20.000,20.006,0,95,95,4.748662,SUCCESS,sigmoid,
2026-06-06T13:18:09,95.0,32.3,sensor2_serial,2,0,4,0,120,97,20.000,20.004,0,90,90,4.499041,SUCCESS,sigmoid,
2026-06-06T13:18:30,95.0,32.3,sensor2_serial,2,0,4,0,120,96,20.000,20.004,0,91,91,4.549018,SUCCESS,sigmoid,
2026-06-06T13:18:50,95.0,32.3,sensor2_serial,2,0,4,0,120,95,20.000,20.004,0,93,93,4.649125,SUCCESS,sigmoid,
2026-06-06T13:19:10,95.0,32.3,sensor2_serial,2,0,4,0,120,94,20.000,20.005,0,65,65,3.249172,SUCCESS,sigmoid,
2026-06-06T13:19:30,95.0,32.3,sensor2_serial,2,0,4,0,120,93,20.000,20.006,0,63,63,3.149120,SUCCESS,sigmoid,
2026-06-06T13:19:50,95.0,32.3,sensor2_serial,2,0,4,0,120,92,20.000,20.005,0,83,83,4.149045,SUCCESS,sigmoid,
2026-06-06T13:20:10,95.0,32.3,sensor2_serial,2,0,4,0,120,91,20.000,20.004,0,63,63,3.149293,SUCCESS,sigmoid,
2026-06-06T13:20:30,95.0,32.3,sensor2_serial,2,0,4,0,120,90,20.000,20.005,0,51,51,2.549320,SUCCESS,sigmoid,
2026-06-06T13:20:50,95.0,32.3,sensor2_serial,2,0,4,0,120,89,20.000,20.004,0,37,37,1.849600,SUCCESS,sigmoid,
2026-06-06T13:21:10,95.0,32.3,sensor2_serial,2,0,4,0,120,88,20.000,20.004,0,44,44,2.199521,SUCCESS,sigmoid,
2026-06-06T13:21:30,95.0,32.3,sensor2_serial,2,0,4,0,120,87,20.000,20.005,0,31,31,1.549637,SUCCESS,sigmoid,
2026-06-06T13:21:50,95.0,32.3,sensor2_serial,2,0,4,0,120,86,20.000,20.005,0,34,34,1.699561,SUCCESS,sigmoid,
2026-06-06T13:22:10,95.0,32.3,sensor2_serial,2,0,4,0,120,85,20.000,20.006,0,40,40,1.999424,SUCCESS,sigmoid,
2026-06-06T13:22:30,95.0,32.3,sensor2_serial,2,0,4,0,120,84,20.000,20.005,0,23,23,1.149692,SUCCESS,sigmoid,
2026-06-06T13:22:50,95.0,32.3,sensor2_serial,2,0,4,0,120,83,20.000,20.005,0,35,35,1.749597,SUCCESS,sigmoid,
2026-06-06T13:23:10,95.0,32.3,sensor2_serial,2,0,4,0,120,82,20.000,20.004,0,24,24,1.199750,SUCCESS,sigmoid,
2026-06-06T13:23:30,95.0,32.3,sensor2_serial,2,0,4,0,120,81,20.000,20.004,0,21,21,1.049774,SUCCESS,sigmoid,
2026-06-06T13:23:50,95.0,32.3,sensor2_serial,2,0,4,0,120,80,20.000,20.004,0,11,11,0.549882,SUCCESS,sigmoid,
2026-06-06T13:24:11,95.0,32.3,sensor2_serial,2,0,4,0,120,79,20.000,20.005,0,10,10,0.499872,SUCCESS,sigmoid,
2026-06-06T13:24:31,95.0,32.3,sensor2_serial,2,0,4,0,120,78,20.000,20.006,0,11,11,0.549845,SUCCESS,sigmoid,
2026-06-06T13:24:51,95.0,32.3,sensor2_serial,2,0,4,0,120,77,20.000,20.004,0,7,7,0.349926,SUCCESS,sigmoid,
2026-06-06T13:25:11,95.0,32.3,sensor2_serial,2,0,4,0,120,76,20.000,20.004,0,6,6,0.299945,SUCCESS,sigmoid,
2026-06-06T13:25:31,95.0,32.3,sensor2_serial,2,0,4,0,120,75,20.000,20.006,0,15,15,0.749791,SUCCESS,sigmoid,
2026-06-06T13:25:51,95.0,32.3,sensor2_serial,2,0,4,0,120,74,20.000,20.005,0,6,6,0.299920,SUCCESS,sigmoid,
2026-06-06T13:26:11,95.0,32.3,sensor2_serial,2,0,4,0,120,73,20.000,20.004,0,5,5,0.249945,SUCCESS,sigmoid,
2026-06-06T13:26:31,95.0,32.3,sensor2_serial,2,0,4,0,120,72,20.000,20.004,0,1,1,0.049990,SUCCESS,sigmoid,
2026-06-06T13:26:51,95.0,32.3,sensor2_serial,2,0,4,0,120,71,20.000,20.004,0,3,3,0.149971,SUCCESS,sigmoid,
2026-06-06T13:27:11,95.0,32.3,sensor2_serial,2,0,4,0,120,70,20.000,20.004,0,3,3,0.149969,SUCCESS,sigmoid,
2026-06-06T13:27:31,95.0,32.3,sensor2_serial,2,0,4,0,120,69,20.000,20.004,0,1,1,0.049989,SUCCESS,sigmoid,
2026-06-06T13:27:51,95.0,32.3,sensor2_serial,2,0,4,0,120,68,20.000,20.006,0,0,0,0.000000,SUCCESS,sigmoid,
2026-06-06T13:28:11,95.0,32.3,sensor2_serial,2,0,4,0,120,67,20.000,20.005,0,1,1,0.049988,SUCCESS,sigmoid,
2026-06-06T13:28:31,95.0,32.3,sensor2_serial,2,0,4,0,120,66,20.000,20.006,0,0,0,0.000000,SUCCESS,sigmoid,
2026-06-06T13:28:51,95.0,32.3,sensor2_serial,2,0,4,0,120,65,20.000,20.004,0,0,0,0.000000,SUCCESS,sigmoid,
2026-06-06T13:29:11,95.0,32.3,sensor2_serial,2,0,4,0,120,64,20.000,20.004,0,0,0,0.000000,SUCCESS,sigmoid,
2026-06-06T13:29:31,95.0,32.3,sensor2_serial,2,0,4,0,120,63,20.000,20.006,0,1,1,0.049986,SUCCESS,sigmoid,
2026-06-06T13:29:52,95.0,32.3,sensor2_serial,2,0,4,0,120,62,20.000,20.006,0,0,0,0.000000,SUCCESS,sigmoid,
2026-06-06T13:30:12,95.0,32.3,sensor2_serial,2,0,4,0,120,61,20.000,20.006,0,1,1,0.049986,SUCCESS,sigmoid,
2026-06-06T13:30:32,95.0,32.3,sensor2_serial,2,0,4,0,120,60,20.000,20.006,0,0,0,0.000000,SUCCESS,sigmoid,
2026-06-06T13:30:52,95.0,32.3,sensor2_serial,2,0,4,0,120,59,20.000,20.004,0,0,0,0.000000,SUCCESS,sigmoid,
2026-06-06T13:31:12,95.0,32.3,sensor2_serial,2,0,4,0,120,58,20.000,20.005,0,0,0,0.000000,SUCCESS,sigmoid,
2026-06-06T13:31:32,95.0,32.3,sensor2_serial,2,0,4,0,120,57,20.000,20.005,0,0,0,0.000000,SUCCESS,sigmoid,
2026-06-06T13:31:52,95.0,32.3,sensor2_serial,2,0,4,0,120,56,20.000,20.004,0,0,0,0.000000,SUCCESS,sigmoid,
2026-06-06T13:32:12,95.0,32.3,sensor2_serial,2,0,4,0,120,55,20.000,20.004,0,0,0,0.000000,SUCCESS,sigmoid,
2026-06-06T13:32:32,95.0,32.3,sensor2_serial,2,0,4,0,120,54,20.000,20.004,0,0,0,0.000000,SUCCESS,sigmoid,
2026-06-06T13:32:52,95.0,32.3,sensor2_serial,2,0,4,0,120,53,20.000,20.005,0,0,0,0.000000,SUCCESS,sigmoid,
2026-06-06T13:33:12,95.0,32.3,sensor2_serial,2,0,4,0,120,52,20.000,20.004,0,0,0,0.000000,SUCCESS,sigmoid,
2026-06-06T13:33:32,95.0,32.3,sensor2_serial,2,0,4,0,120,51,20.000,20.005,0,0,0,0.000000,SUCCESS,sigmoid,
2026-06-06T13:33:52,95.0,32.3,sensor2_serial,2,0,4,0,120,50,20.000,20.004,0,0,0,0.000000,SUCCESS,sigmoid,
2026-06-06T13:34:12,95.0,32.3,sensor2_serial,2,0,4,0,120,49,20.000,20.005,0,0,0,0.000000,SUCCESS,sigmoid,
2026-06-06T13:34:32,95.0,32.3,sensor2_serial,2,0,4,0,120,48,20.000,20.005,0,0,0,0.000000,SUCCESS,sigmoid,
2026-06-06T13:34:52,95.0,32.3,sensor2_serial,2,0,4,0,120,47,20.000,20.004,0,0,0,0.000000,SUCCESS,sigmoid,
2026-06-06T13:35:12,95.0,32.3,sensor2_serial,2,0,4,0,120,46,20.000,20.005,0,0,0,0.000000,SUCCESS,sigmoid,
2026-06-06T13:35:33,95.0,32.3,sensor2_serial,2,0,4,0,120,45,20.000,20.004,0,0,0,0.000000,SUCCESS,sigmoid,
2026-06-06T13:35:53,95.0,32.3,sensor2_serial,2,0,4,0,120,44,20.000,20.004,0,0,0,0.000000,SUCCESS,sigmoid,
2026-06-06T13:36:13,95.0,32.3,sensor2_serial,2,0,4,0,120,43,20.000,20.004,0,0,0,0.000000,SUCCESS,sigmoid,
2026-06-06T13:36:33,95.0,32.3,sensor2_serial,2,0,4,0,120,42,20.000,20.005,0,0,0,0.000000,SUCCESS,sigmoid,
2026-06-06T13:36:53,95.0,32.3,sensor2_serial,2,0,4,0,120,41,20.000,20.004,0,0,0,0.000000,SUCCESS,sigmoid,
2026-06-06T13:37:13,95.0,32.3,sensor2_serial,2,0,4,0,120,40,20.000,20.006,0,0,0,0.000000,SUCCESS,sigmoid,
2026-06-06T13:37:33,95.0,32.3,sensor2_serial,2,0,4,0,120,39,20.000,20.004,0,0,0,0.000000,SUCCESS,sigmoid,
2026-06-06T13:37:53,95.0,32.3,sensor2_serial,2,0,4,0,120,38,20.000,20.004,0,0,0,0.000000,SUCCESS,sigmoid,
2026-06-06T13:38:13,95.0,32.3,sensor2_serial,2,0,4,0,120,37,20.000,20.005,0,0,0,0.000000,SUCCESS,sigmoid,
2026-06-06T13:38:33,95.0,32.3,sensor2_serial,2,0,4,0,120,36,20.000,20.004,0,0,0,0.000000,SUCCESS,sigmoid,
2026-06-06T13:38:53,95.0,32.3,sensor2_serial,2,0,4,0,120,35,20.000,20.005,0,0,0,0.000000,SUCCESS,sigmoid,
2026-06-06T13:39:13,95.0,32.3,sensor2_serial,2,0,4,0,120,34,20.000,20.005,0,0,0,0.000000,SUCCESS,sigmoid,
2026-06-06T13:39:33,95.0,32.3,sensor2_serial,2,0,4,0,120,33,20.000,20.004,0,0,0,0.000000,SUCCESS,sigmoid,
2026-06-06T13:39:53,95.0,32.3,sensor2_serial,2,0,4,0,120,32,20.000,20.004,0,0,0,0.000000,SUCCESS,sigmoid,
2026-06-06T13:40:13,95.0,32.3,sensor2_serial,2,0,4,0,120,31,20.000,20.006,0,0,0,0.000000,SUCCESS,sigmoid,
2026-06-06T13:40:33,95.0,32.3,sensor2_serial,2,0,4,0,120,30,20.000,20.004,0,0,0,0.000000,SUCCESS,sigmoid,
2026-06-06T13:40:53,95.0,32.3,sensor2_serial,2,0,4,0,120,29,20.000,20.004,0,0,0,0.000000,SUCCESS,sigmoid,
2026-06-06T13:41:14,95.0,32.3,sensor2_serial,2,0,4,0,120,28,20.000,20.004,0,0,0,0.000000,SUCCESS,sigmoid,
2026-06-06T13:41:34,95.0,32.3,sensor2_serial,2,0,4,0,120,27,20.000,20.004,0,0,0,0.000000,SUCCESS,sigmoid,
2026-06-06T13:41:54,95.0,32.3,sensor2_serial,2,0,4,0,120,26,20.000,20.006,0,0,0,0.000000,SUCCESS,sigmoid,
2026-06-06T13:42:14,95.0,32.3,sensor2_serial,2,0,4,0,120,25,20.000,20.006,0,0,0,0.000000,SUCCESS,sigmoid,
2026-06-06T13:42:34,95.0,32.3,sensor2_serial,2,0,4,0,120,24,20.000,20.004,0,0,0,0.000000,SUCCESS,sigmoid,
2026-06-06T13:42:54,95.0,32.3,sensor2_serial,2,0,4,0,120,23,20.000,20.004,0,0,0,0.000000,SUCCESS,sigmoid,
2026-06-06T13:43:14,95.0,32.3,sensor2_serial,2,0,4,0,120,22,20.000,20.005,0,0,0,0.000000,SUCCESS,sigmoid,
2026-06-06T13:43:34,95.0,32.3,sensor2_serial,2,0,4,0,120,21,20.000,20.004,0,0,0,0.000000,SUCCESS,sigmoid,
2026-06-06T13:43:54,95.0,32.3,sensor2_serial,2,0,4,0,120,20,20.000,20.005,0,0,0,0.000000,SUCCESS,sigmoid,
2026-06-06T13:44:14,95.0,32.3,sensor2_serial,2,0,4,0,120,19,20.000,20.004,0,0,0,0.000000,SUCCESS,sigmoid,
2026-06-06T13:44:34,95.0,32.3,sensor2_serial,2,0,4,0,120,18,20.000,20.004,0,0,0,0.000000,SUCCESS,sigmoid,
2026-06-06T13:44:54,95.0,32.3,sensor2_serial,2,0,4,0,120,17,20.000,20.004,0,0,0,0.000000,SUCCESS,sigmoid,
2026-06-06T13:45:14,95.0,32.3,sensor2_serial,2,0,4,0,120,16,20.000,20.006,0,0,0,0.000000,SUCCESS,sigmoid,
2026-06-06T13:45:34,95.0,32.3,sensor2_serial,2,0,4,0,120,15,20.000,20.004,0,0,0,0.000000,SUCCESS,sigmoid,
2026-06-06T13:45:54,95.0,32.3,sensor2_serial,2,0,4,0,120,14,20.000,20.005,0,0,0,0.000000,SUCCESS,sigmoid,
2026-06-06T13:46:14,95.0,32.3,sensor2_serial,2,0,4,0,120,13,20.000,20.006,0,0,0,0.000000,SUCCESS,sigmoid,
2026-06-06T13:46:34,95.0,32.3,sensor2_serial,2,0,4,0,120,12,20.000,20.005,0,0,0,0.000000,SUCCESS,sigmoid,
2026-06-06T13:46:55,95.0,32.3,sensor2_serial,2,0,4,0,120,11,20.000,20.005,0,0,0,0.000000,SUCCESS,sigmoid,
2026-06-06T13:47:15,95.0,32.3,sensor2_serial,2,0,4,0,120,10,20.000,20.005,0,0,0,0.000000,SUCCESS,sigmoid,
2026-06-06T13:47:35,95.0,32.3,sensor2_serial,2,0,4,0,120,9,20.000,20.005,0,0,0,0.000000,SUCCESS,sigmoid,
2026-06-06T13:47:55,95.0,32.3,sensor2_serial,2,0,4,0,120,8,20.000,20.004,0,0,0,0.000000,SUCCESS,sigmoid,
2026-06-06T13:48:15,95.0,32.3,sensor2_serial,2,0,4,0,120,7,20.000,20.004,0,0,0,0.000000,SUCCESS,sigmoid,
2026-06-06T13:48:35,95.0,32.3,sensor2_serial,2,0,4,0,120,6,20.000,20.005,0,0,0,0.000000,SUCCESS,sigmoid,
2026-06-06T13:48:55,95.0,32.3,sensor2_serial,2,0,4,0,120,5,20.000,20.005,0,0,0,0.000000,SUCCESS,sigmoid,
2026-06-06T13:49:15,95.0,32.3,sensor2_serial,2,0,4,0,120,4,20.000,20.004,0,0,0,0.000000,SUCCESS,sigmoid,
2026-06-06T13:49:35,95.0,32.3,sensor2_serial,2,0,4,0,120,3,20.000,20.004,0,0,0,0.000000,SUCCESS,sigmoid,
2026-06-06T13:49:55,95.0,32.3,sensor2_serial,2,0,4,0,120,2,20.000,20.004,0,0,0,0.000000,SUCCESS,sigmoid,
2026-06-06T13:50:15,95.0,32.3,sensor2_serial,2,0,4,0,120,1,20.000,20.005,0,0,0,0.000000,SUCCESS,sigmoid,
2026-06-06T13:50:35,95.0,32.3,sensor2_serial,2,0,4,0,120,0,20.000,20.005,0,0,0,0.000000,SUCCESS,sigmoid,
2026-06-06T13:50:55,95.0,32.3,sensor2_serial,2,1,5,1,120,255,20.000,20.007,0,1758398,1758398,87891.207508,SUCCESS,sigmoid,
2026-06-06T13:51:15,95.0,32.3,sensor2_serial,2,1,5,1,120,254,20.000,20.006,0,1780977,1780977,89023.915983,SUCCESS,sigmoid,
2026-06-06T13:51:35,95.0,32.3,sensor2_serial,2,1,5,1,120,253,20.000,20.005,0,1847754,1847754,92362.383663,SUCCESS,sigmoid,
2026-06-06T13:51:55,95.0,32.3,sensor2_serial,2,1,5,1,120,252,20.000,20.006,0,2042175,2042175,102080.278384,SUCCESS,sigmoid,
2026-06-06T13:52:15,95.0,32.3,sensor2_serial,2,1,5,1,120,251,20.000,20.005,0,2379693,2379693,118953.783532,SUCCESS,sigmoid,
2026-06-06T13:52:36,95.0,32.3,sensor2_serial,2,1,5,1,120,250,20.000,20.005,0,2660639,2660639,132996.250673,SUCCESS,sigmoid,
2026-06-06T13:52:56,95.0,32.3,sensor2_serial,2,1,5,1,120,249,20.000,20.005,0,3038355,3038355,151878.635214,SUCCESS,sigmoid,
2026-06-06T13:53:16,95.0,32.3,sensor2_serial,2,1,5,1,120,248,20.000,20.006,0,3258463,3258463,162877.264967,SUCCESS,sigmoid,
2026-06-06T13:53:36,95.0,32.3,sensor2_serial,2,1,5,1,120,247,20.000,20.006,0,2909226,2909226,145417.703853,SUCCESS,sigmoid,
2026-06-06T13:53:56,95.0,32.3,sensor2_serial,2,1,5,1,120,246,20.000,20.006,0,2214904,2214904,110713.553634,SUCCESS,sigmoid,
2026-06-06T13:54:16,95.0,32.3,sensor2_serial,2,1,5,1,120,245,20.000,20.006,0,1540527,1540527,77001.991670,SUCCESS,sigmoid,
2026-06-06T13:54:36,95.0,32.3,sensor2_serial,2,1,5,1,120,244,20.000,20.005,0,948885,948885,47432.183602,SUCCESS,sigmoid,
2026-06-06T13:54:56,95.0,32.3,sensor2_serial,2,1,5,1,120,243,20.000,20.005,0,463329,463329,23160.528314,SUCCESS,sigmoid,
2026-06-06T13:55:16,95.0,32.3,sensor2_serial,2,1,5,1,120,242,20.000,20.006,0,234814,234814,11737.459840,SUCCESS,sigmoid,
2026-06-06T13:55:36,95.0,32.3,sensor2_serial,2,1,5,1,120,241,20.000,20.006,0,116866,116866,5841.544669,SUCCESS,sigmoid,
2026-06-06T13:55:56,95.0,32.3,sensor2_serial,2,1,5,1,120,240,20.000,20.005,0,44116,44116,2205.198136,SUCCESS,sigmoid,
2026-06-06T13:56:16,95.0,32.3,sensor2_serial,2,1,5,1,120,239,20.000,20.005,0,64274,64274,3212.833578,SUCCESS,sigmoid,
2026-06-06T13:56:36,95.0,32.3,sensor2_serial,2,1,5,1,120,238,20.000,20.006,0,29595,29595,1479.339666,SUCCESS,sigmoid,
2026-06-06T13:56:56,95.0,32.3,sensor2_serial,2,1,5,1,120,237,20.000,20.006,0,10851,10851,542.396364,SUCCESS,sigmoid,
2026-06-06T13:57:16,95.0,32.3,sensor2_serial,2,1,5,1,120,236,20.000,20.006,0,4144,4144,207.141341,SUCCESS,sigmoid,
2026-06-06T13:57:36,95.0,32.3,sensor2_serial,2,1,5,1,120,235,20.000,20.005,0,1336,1336,66.781996,SUCCESS,sigmoid,
2026-06-06T13:57:57,95.0,32.3,sensor2_serial,2,1,5,1,120,234,20.000,20.005,0,636,636,31.791309,SUCCESS,sigmoid,
2026-06-06T13:58:17,95.0,32.3,sensor2_serial,2,1,5,1,120,233,20.000,20.006,0,399,399,19.944358,SUCCESS,sigmoid,
2026-06-06T13:58:37,95.0,32.3,sensor2_serial,2,1,5,1,120,232,20.000,20.005,0,254,254,12.697027,SUCCESS,sigmoid,
2026-06-06T13:58:57,95.0,32.3,sensor2_serial,2,1,5,1,120,231,20.000,20.005,0,223,223,11.147064,SUCCESS,sigmoid,
2026-06-06T13:59:17,95.0,32.3,sensor2_serial,2,1,5,1,120,230,20.000,20.005,0,218,218,10.897141,SUCCESS,sigmoid,
2026-06-06T13:59:37,95.0,32.3,sensor2_serial,2,1,5,1,120,229,20.000,20.006,0,241,241,12.046507,SUCCESS,sigmoid,
2026-06-06T13:59:57,95.0,32.3,sensor2_serial,2,1,5,1,120,228,20.000,20.006,0,232,232,11.596787,SUCCESS,sigmoid,
2026-06-06T14:00:17,95.0,32.3,sensor2_serial,2,1,5,1,120,227,20.000,20.005,0,211,211,10.547193,SUCCESS,sigmoid,
2026-06-06T14:00:37,95.0,32.3,sensor2_serial,2,1,5,1,120,226,20.000,20.004,0,224,224,11.197687,SUCCESS,sigmoid,
2026-06-06T14:00:57,95.0,32.3,sensor2_serial,2,1,5,1,120,225,20.000,20.005,0,195,195,9.747338,SUCCESS,sigmoid,
2026-06-06T14:01:17,95.0,32.3,sensor2_serial,2,1,5,1,120,224,20.000,20.006,0,226,226,11.296869,SUCCESS,sigmoid,
2026-06-06T14:01:37,95.0,32.3,sensor2_serial,2,1,5,1,120,223,20.000,20.005,0,224,224,11.197040,SUCCESS,sigmoid,
2026-06-06T14:01:57,95.0,32.3,sensor2_serial,2,1,5,1,120,222,20.000,20.006,0,206,206,10.297163,SUCCESS,sigmoid,
2026-06-06T14:02:17,95.0,32.3,sensor2_serial,2,1,5,1,120,221,20.000,20.005,0,216,216,10.797143,SUCCESS,sigmoid,
2026-06-06T14:02:37,95.0,32.3,sensor2_serial,2,1,5,1,120,220,20.000,20.005,0,188,188,9.397489,SUCCESS,sigmoid,
2026-06-06T14:02:57,95.0,32.3,sensor2_serial,2,1,5,1,120,219,20.000,20.005,0,230,230,11.496889,SUCCESS,sigmoid,
2026-06-06T14:03:17,95.0,32.3,sensor2_serial,2,1,5,1,120,218,20.000,20.005,0,236,236,11.796892,SUCCESS,sigmoid,
2026-06-06T14:03:38,95.0,32.3,sensor2_serial,2,1,5,1,120,217,20.000,20.005,0,214,214,10.697174,SUCCESS,sigmoid,
2026-06-06T14:03:58,95.0,32.3,sensor2_serial,2,1,5,1,120,216,20.000,20.005,0,245,245,12.246715,SUCCESS,sigmoid,
2026-06-06T14:04:18,95.0,32.3,sensor2_serial,2,1,5,1,120,215,20.000,20.005,0,219,219,10.947176,SUCCESS,sigmoid,
2026-06-06T14:04:38,95.0,32.3,sensor2_serial,2,1,5,1,120,214,20.000,20.005,0,212,212,10.597268,SUCCESS,sigmoid,
2026-06-06T14:04:58,95.0,32.3,sensor2_serial,2,1,5,1,120,213,20.000,20.005,0,209,209,10.447148,SUCCESS,sigmoid,
2026-06-06T14:05:18,95.0,32.3,sensor2_serial,2,1,5,1,120,212,20.000,20.006,0,206,206,10.297160,SUCCESS,sigmoid,
2026-06-06T14:05:38,95.0,32.3,sensor2_serial,2,1,5,1,120,211,20.000,20.006,0,187,187,9.347375,SUCCESS,sigmoid,
2026-06-06T14:05:58,95.0,32.3,sensor2_serial,2,1,5,1,120,210,20.000,20.005,0,189,189,9.447548,SUCCESS,sigmoid,
2026-06-06T14:06:18,95.0,32.3,sensor2_serial,2,1,5,1,120,209,20.000,20.005,0,215,215,10.747115,SUCCESS,sigmoid,
2026-06-06T14:06:38,95.0,32.3,sensor2_serial,2,1,5,1,120,208,20.000,20.006,0,190,190,9.497335,SUCCESS,sigmoid,
2026-06-06T14:06:58,95.0,32.3,sensor2_serial,2,1,5,1,120,207,20.000,20.006,0,199,199,9.947248,SUCCESS,sigmoid,
2026-06-06T14:07:18,95.0,32.3,sensor2_serial,2,1,5,1,120,206,20.000,20.005,0,199,199,9.947269,SUCCESS,sigmoid,
2026-06-06T14:07:38,95.0,32.3,sensor2_serial,2,1,5,1,120,205,20.000,20.005,0,187,187,9.347455,SUCCESS,sigmoid,
2026-06-06T14:07:58,95.0,32.3,sensor2_serial,2,1,5,1,120,204,20.000,20.005,0,190,190,9.497539,SUCCESS,sigmoid,
2026-06-06T14:08:18,95.0,32.3,sensor2_serial,2,1,5,1,120,203,20.000,20.005,0,234,234,11.697031,SUCCESS,sigmoid,
2026-06-06T14:08:38,95.0,32.3,sensor2_serial,2,1,5,1,120,202,20.000,20.006,0,241,241,12.046619,SUCCESS,sigmoid,
2026-06-06T14:08:58,95.0,32.3,sensor2_serial,2,1,5,1,120,201,20.000,20.005,0,191,191,9.547425,SUCCESS,sigmoid,
2026-06-06T14:09:19,95.0,32.3,sensor2_serial,2,1,5,1,120,200,20.000,20.005,0,237,237,11.847012,SUCCESS,sigmoid,
2026-06-06T14:09:39,95.0,32.3,sensor2_serial,2,1,5,1,120,199,20.000,20.005,0,212,212,10.597242,SUCCESS,sigmoid,
2026-06-06T14:09:59,95.0,32.3,sensor2_serial,2,1,5,1,120,198,20.000,20.005,0,208,208,10.397341,SUCCESS,sigmoid,
2026-06-06T14:10:19,95.0,32.3,sensor2_serial,2,1,5,1,120,197,20.000,20.005,0,198,198,9.897391,SUCCESS,sigmoid,
2026-06-06T14:10:39,95.0,32.3,sensor2_serial,2,1,5,1,120,196,20.000,20.006,0,206,206,10.296978,SUCCESS,sigmoid,
2026-06-06T14:10:59,95.0,32.3,sensor2_serial,2,1,5,1,120,195,20.000,20.006,0,228,228,11.396823,SUCCESS,sigmoid,
2026-06-06T14:11:19,95.0,32.3,sensor2_serial,2,1,5,1,120,194,20.000,20.005,0,215,215,10.747200,SUCCESS,sigmoid,
2026-06-06T14:11:39,95.0,32.3,sensor2_serial,2,1,5,1,120,193,20.000,20.005,0,192,192,9.597470,SUCCESS,sigmoid,
2026-06-06T14:11:59,95.0,32.3,sensor2_serial,2,1,5,1,120,192,20.000,20.005,0,211,211,10.547125,SUCCESS,sigmoid,
2026-06-06T14:12:19,95.0,32.3,sensor2_serial,2,1,5,1,120,191,20.000,20.005,0,201,201,10.047252,SUCCESS,sigmoid,
2026-06-06T14:12:39,95.0,32.3,sensor2_serial,2,1,5,1,120,190,20.000,20.005,0,220,220,10.997176,SUCCESS,sigmoid,
2026-06-06T14:12:59,95.0,32.3,sensor2_serial,2,1,5,1,120,189,20.000,20.005,0,220,220,10.996999,SUCCESS,sigmoid,
2026-06-06T14:13:19,95.0,32.3,sensor2_serial,2,1,5,1,120,188,20.000,20.005,0,190,190,9.497496,SUCCESS,sigmoid,
2026-06-06T14:13:39,95.0,32.3,sensor2_serial,2,1,5,1,120,187,20.000,20.005,0,196,196,9.797374,SUCCESS,sigmoid,
2026-06-06T14:13:59,95.0,32.3,sensor2_serial,2,1,5,1,120,186,20.000,20.005,0,205,205,10.247303,SUCCESS,sigmoid,
2026-06-06T14:14:19,95.0,32.3,sensor2_serial,2,1,5,1,120,185,20.000,20.006,0,201,201,10.047203,SUCCESS,sigmoid,
2026-06-06T14:14:39,95.0,32.3,sensor2_serial,2,1,5,1,120,184,20.000,20.006,0,197,197,9.847289,SUCCESS,sigmoid,
2026-06-06T14:15:00,95.0,32.3,sensor2_serial,2,1,5,1,120,183,20.000,20.005,0,186,186,9.297510,SUCCESS,sigmoid,
2026-06-06T14:15:20,95.0,32.3,sensor2_serial,2,1,5,1,120,182,20.000,20.005,0,183,183,9.147591,SUCCESS,sigmoid,
2026-06-06T14:15:40,95.0,32.3,sensor2_serial,2,1,5,1,120,181,20.000,20.005,0,184,184,9.197595,SUCCESS,sigmoid,
2026-06-06T14:16:00,95.0,32.3,sensor2_serial,2,1,5,1,120,180,20.000,20.006,0,178,178,8.897530,SUCCESS,sigmoid,
2026-06-06T14:16:20,95.0,32.3,sensor2_serial,2,1,5,1,120,179,20.000,20.005,0,184,184,9.197498,SUCCESS,sigmoid,
2026-06-06T14:16:40,95.0,32.3,sensor2_serial,2,1,5,1,120,178,20.000,20.006,0,208,208,10.397116,SUCCESS,sigmoid,
2026-06-06T14:17:00,95.0,32.3,sensor2_serial,2,1,5,1,120,177,20.000,20.005,0,217,217,10.847171,SUCCESS,sigmoid,
2026-06-06T14:17:20,95.0,32.3,sensor2_serial,2,1,5,1,120,176,20.000,20.005,0,184,184,9.197551,SUCCESS,sigmoid,
2026-06-06T14:17:40,95.0,32.3,sensor2_serial,2,1,5,1,120,175,20.000,20.005,0,207,207,10.347298,SUCCESS,sigmoid,
2026-06-06T14:18:00,95.0,32.3,sensor2_serial,2,1,5,1,120,174,20.000,20.005,0,173,173,8.647659,SUCCESS,sigmoid,
2026-06-06T14:18:20,95.0,32.3,sensor2_serial,2,1,5,1,120,173,20.000,20.006,0,208,208,10.397099,SUCCESS,sigmoid,
2026-06-06T14:18:40,95.0,32.3,sensor2_serial,2,1,5,1,120,172,20.000,20.005,0,189,189,9.447404,SUCCESS,sigmoid,
2026-06-06T14:19:00,95.0,32.3,sensor2_serial,2,1,5,1,120,171,20.000,20.006,0,183,183,9.147477,SUCCESS,sigmoid,
2026-06-06T14:19:20,95.0,32.3,sensor2_serial,2,1,5,1,120,170,20.000,20.006,0,205,205,10.247154,SUCCESS,sigmoid,
2026-06-06T14:19:40,95.0,32.3,sensor2_serial,2,1,5,1,120,169,20.000,20.005,0,215,215,10.747219,SUCCESS,sigmoid,
2026-06-06T14:20:00,95.0,32.3,sensor2_serial,2,1,5,1,120,168,20.000,20.005,0,221,221,11.047014,SUCCESS,sigmoid,
2026-06-06T14:20:21,95.0,32.3,sensor2_serial,2,1,5,1,120,167,20.000,20.005,0,194,194,9.697362,SUCCESS,sigmoid,
2026-06-06T14:20:41,95.0,32.3,sensor2_serial,2,1,5,1,120,166,20.000,20.005,0,208,208,10.397277,SUCCESS,sigmoid,
2026-06-06T14:21:01,95.0,32.3,sensor2_serial,2,1,5,1,120,165,20.000,20.005,0,209,209,10.447186,SUCCESS,sigmoid,
2026-06-06T14:21:21,95.0,32.3,sensor2_serial,2,1,5,1,120,164,20.000,20.005,0,217,217,10.847183,SUCCESS,sigmoid,
2026-06-06T14:21:41,95.0,32.3,sensor2_serial,2,1,5,1,120,163,20.000,20.005,0,211,211,10.547246,SUCCESS,sigmoid,
2026-06-06T14:22:01,95.0,32.3,sensor2_serial,2,1,5,1,120,162,20.000,20.005,0,206,206,10.297189,SUCCESS,sigmoid,
2026-06-06T14:22:21,95.0,32.3,sensor2_serial,2,1,5,1,120,161,20.000,20.005,0,189,189,9.447609,SUCCESS,sigmoid,
2026-06-06T14:22:41,95.0,32.3,sensor2_serial,2,1,5,1,120,160,20.000,20.005,0,194,194,9.697475,SUCCESS,sigmoid,
2026-06-06T14:23:01,95.0,32.3,sensor2_serial,2,1,5,1,120,159,20.000,20.005,0,226,226,11.296922,SUCCESS,sigmoid,
2026-06-06T14:23:21,95.0,32.3,sensor2_serial,2,1,5,1,120,158,20.000,20.006,0,190,190,9.497361,SUCCESS,sigmoid,
2026-06-06T14:23:41,95.0,32.3,sensor2_serial,2,1,5,1,120,157,20.000,20.005,0,186,186,9.297444,SUCCESS,sigmoid,
2026-06-06T14:24:01,95.0,32.3,sensor2_serial,2,1,5,1,120,156,20.000,20.005,0,222,222,11.096972,SUCCESS,sigmoid,
2026-06-06T14:24:21,95.0,32.3,sensor2_serial,2,1,5,1,120,155,20.000,20.006,0,171,171,8.547646,SUCCESS,sigmoid,
2026-06-06T14:24:41,95.0,32.3,sensor2_serial,2,1,5,1,120,154,20.000,20.005,0,198,198,9.897375,SUCCESS,sigmoid,
2026-06-06T14:25:01,95.0,32.3,sensor2_serial,2,1,5,1,120,153,20.000,20.005,0,222,222,11.097137,SUCCESS,sigmoid,
2026-06-06T14:25:21,95.0,32.3,sensor2_serial,2,1,5,1,120,152,20.000,20.005,0,178,178,8.897585,SUCCESS,sigmoid,
2026-06-06T14:25:41,95.0,32.3,sensor2_serial,2,1,5,1,120,151,20.000,20.005,0,193,193,9.647391,SUCCESS,sigmoid,
2026-06-06T14:26:02,95.0,32.3,sensor2_serial,2,1,5,1,120,150,20.000,20.005,0,176,176,8.797757,SUCCESS,sigmoid,
2026-06-06T14:26:22,95.0,32.3,sensor2_serial,2,1,5,1,120,149,20.000,20.006,0,187,187,9.347180,SUCCESS,sigmoid,
2026-06-06T14:26:42,95.0,32.3,sensor2_serial,2,1,5,1,120,148,20.000,20.005,0,198,198,9.897321,SUCCESS,sigmoid,
2026-06-06T14:27:02,95.0,32.3,sensor2_serial,2,1,5,1,120,147,20.000,20.005,0,185,185,9.247607,SUCCESS,sigmoid,
2026-06-06T14:27:22,95.0,32.3,sensor2_serial,2,1,5,1,120,146,20.000,20.005,0,184,184,9.197569,SUCCESS,sigmoid,
2026-06-06T14:27:42,95.0,32.3,sensor2_serial,2,1,5,1,120,145,20.000,20.006,0,183,183,9.147475,SUCCESS,sigmoid,
2026-06-06T14:28:02,95.0,32.3,sensor2_serial,2,1,5,1,120,144,20.000,20.006,0,196,196,9.797263,SUCCESS,sigmoid,
2026-06-06T14:28:22,95.0,32.3,sensor2_serial,2,1,5,1,120,143,20.000,20.006,0,185,185,9.247439,SUCCESS,sigmoid,
2026-06-06T14:28:42,95.0,32.3,sensor2_serial,2,1,5,1,120,142,20.000,20.005,0,193,193,9.647368,SUCCESS,sigmoid,
2026-06-06T14:29:02,95.0,32.3,sensor2_serial,2,1,5,1,120,141,20.000,20.005,0,173,173,8.647631,SUCCESS,sigmoid,
2026-06-06T14:29:22,95.0,32.3,sensor2_serial,2,1,5,1,120,140,20.000,20.005,0,209,209,10.447334,SUCCESS,sigmoid,
2026-06-06T14:29:42,95.0,32.3,sensor2_serial,2,1,5,1,120,139,20.000,20.005,0,197,197,9.847330,SUCCESS,sigmoid,
2026-06-06T14:30:02,95.0,32.3,sensor2_serial,2,1,5,1,120,138,20.000,20.005,0,219,219,10.947021,SUCCESS,sigmoid,
2026-06-06T14:30:22,95.0,32.3,sensor2_serial,2,1,5,1,120,137,20.000,20.005,0,191,191,9.547464,SUCCESS,sigmoid,
2026-06-06T14:30:42,95.0,32.3,sensor2_serial,2,1,5,1,120,136,20.000,20.006,0,200,200,9.997250,SUCCESS,sigmoid,
2026-06-06T14:31:02,95.0,32.3,sensor2_serial,2,1,5,1,120,135,20.000,20.006,0,176,176,8.797570,SUCCESS,sigmoid,
2026-06-06T14:31:22,95.0,32.3,sensor2_serial,2,1,5,1,120,134,20.000,20.005,0,176,176,8.797671,SUCCESS,sigmoid,
2026-06-06T14:31:43,95.0,32.3,sensor2_serial,2,1,5,1,120,133,20.000,20.006,0,173,173,8.647608,SUCCESS,sigmoid,
2026-06-06T14:32:03,95.0,32.3,sensor2_serial,2,1,5,1,120,132,20.000,20.005,0,197,197,9.847329,SUCCESS,sigmoid,
2026-06-06T14:32:23,95.0,32.3,sensor2_serial,2,1,5,1,120,131,20.000,20.006,0,184,184,9.197410,SUCCESS,sigmoid,
2026-06-06T14:32:43,95.0,32.3,sensor2_serial,2,1,5,1,120,130,20.000,20.005,0,205,205,10.247353,SUCCESS,sigmoid,
2026-06-06T14:33:03,95.0,32.3,sensor2_serial,2,1,5,1,120,129,20.000,20.005,0,216,216,10.797201,SUCCESS,sigmoid,
2026-06-06T14:33:23,95.0,32.3,sensor2_serial,2,1,5,1,120,128,20.000,20.005,0,179,179,8.947630,SUCCESS,sigmoid,
2026-06-06T14:33:43,95.0,32.3,sensor2_serial,2,1,5,1,120,127,20.000,20.006,0,199,199,9.947254,SUCCESS,sigmoid,
2026-06-06T14:34:03,95.0,32.3,sensor2_serial,2,1,5,1,120,126,20.000,20.005,0,177,177,8.847640,SUCCESS,sigmoid,
2026-06-06T14:34:23,95.0,32.3,sensor2_serial,2,1,5,1,120,125,20.000,20.005,0,179,179,8.947690,SUCCESS,sigmoid,
2026-06-06T14:34:43,95.0,32.3,sensor2_serial,2,1,5,1,120,124,20.000,20.005,0,222,222,11.097194,SUCCESS,sigmoid,
2026-06-06T14:35:03,95.0,32.3,sensor2_serial,2,1,5,1,120,123,20.000,20.006,0,189,189,9.447357,SUCCESS,sigmoid,
2026-06-06T14:35:23,95.0,32.3,sensor2_serial,2,1,5,1,120,122,20.000,20.004,0,157,157,7.848316,SUCCESS,sigmoid,
2026-06-06T14:35:43,95.0,32.3,sensor2_serial,2,1,5,1,120,121,20.000,20.005,0,174,174,8.697761,SUCCESS,sigmoid,
2026-06-06T14:36:03,95.0,32.3,sensor2_serial,2,1,5,1,120,120,20.000,20.005,0,160,160,7.997950,SUCCESS,sigmoid,
2026-06-06T14:36:23,95.0,32.3,sensor2_serial,2,1,5,1,120,119,20.000,20.005,0,172,172,8.597735,SUCCESS,sigmoid,
2026-06-06T14:36:43,95.0,32.3,sensor2_serial,2,1,5,1,120,118,20.000,20.005,0,155,155,7.747972,SUCCESS,sigmoid,
2026-06-06T14:37:04,95.0,32.3,sensor2_serial,2,1,5,1,120,117,20.000,20.005,0,182,182,9.097683,SUCCESS,sigmoid,
2026-06-06T14:37:24,95.0,32.3,sensor2_serial,2,1,5,1,120,116,20.000,20.005,0,170,170,8.497784,SUCCESS,sigmoid,
2026-06-06T14:37:44,95.0,32.3,sensor2_serial,2,1,5,1,120,115,20.000,20.005,0,140,140,6.998166,SUCCESS,sigmoid,
2026-06-06T14:38:04,95.0,32.3,sensor2_serial,2,1,5,1,120,114,20.000,20.005,0,159,159,7.947884,SUCCESS,sigmoid,
2026-06-06T14:38:24,95.0,32.3,sensor2_serial,2,1,5,1,120,113,20.000,20.005,0,166,166,8.297808,SUCCESS,sigmoid,
2026-06-06T14:38:44,95.0,32.3,sensor2_serial,2,1,5,1,120,112,20.000,20.005,0,138,138,6.898144,SUCCESS,sigmoid,
2026-06-06T14:39:04,95.0,32.3,sensor2_serial,2,1,5,1,120,111,20.000,20.006,0,141,141,7.048034,SUCCESS,sigmoid,
2026-06-06T14:39:24,95.0,32.3,sensor2_serial,2,1,5,1,120,110,20.000,20.005,0,164,164,8.197800,SUCCESS,sigmoid,
2026-06-06T14:39:44,95.0,32.3,sensor2_serial,2,1,5,1,120,109,20.000,20.005,0,161,161,8.047800,SUCCESS,sigmoid,
2026-06-06T14:40:04,95.0,32.3,sensor2_serial,2,1,5,1,120,108,20.000,20.005,0,143,143,7.148121,SUCCESS,sigmoid,
2026-06-06T14:40:24,95.0,32.3,sensor2_serial,2,1,5,1,120,107,20.000,20.006,0,140,140,6.998011,SUCCESS,sigmoid,
2026-06-06T14:40:44,95.0,32.3,sensor2_serial,2,1,5,1,120,106,20.000,20.006,0,122,122,6.098322,SUCCESS,sigmoid,
2026-06-06T14:41:04,95.0,32.3,sensor2_serial,2,1,5,1,120,105,20.000,20.006,0,140,140,6.998051,SUCCESS,sigmoid,
2026-06-06T14:41:24,95.0,32.3,sensor2_serial,2,1,5,1,120,104,20.000,20.005,0,128,128,6.398334,SUCCESS,sigmoid,
2026-06-06T14:41:44,95.0,32.3,sensor2_serial,2,1,5,1,120,103,20.000,20.005,0,117,117,5.848460,SUCCESS,sigmoid,
2026-06-06T14:42:04,95.0,32.3,sensor2_serial,2,1,5,1,120,102,20.000,20.005,0,109,109,5.448534,SUCCESS,sigmoid,
2026-06-06T14:42:24,95.0,32.3,sensor2_serial,2,1,5,1,120,101,20.000,20.006,0,108,108,5.398477,SUCCESS,sigmoid,
2026-06-06T14:42:45,95.0,32.3,sensor2_serial,2,1,5,1,120,100,20.000,20.005,0,138,138,6.898196,SUCCESS,sigmoid,
2026-06-06T14:43:05,95.0,32.3,sensor2_serial,2,1,5,1,120,99,20.000,20.005,0,103,103,5.148612,SUCCESS,sigmoid,
2026-06-06T14:43:25,95.0,32.3,sensor2_serial,2,1,5,1,120,98,20.000,20.005,0,96,96,4.798760,SUCCESS,sigmoid,
2026-06-06T14:43:45,95.0,32.3,sensor2_serial,2,1,5,1,120,97,20.000,20.005,0,96,96,4.798745,SUCCESS,sigmoid,
2026-06-06T14:44:05,95.0,32.3,sensor2_serial,2,1,5,1,120,96,20.000,20.005,0,89,89,4.448797,SUCCESS,sigmoid,
2026-06-06T14:44:25,95.0,32.3,sensor2_serial,2,1,5,1,120,95,20.000,20.004,0,84,84,4.199074,SUCCESS,sigmoid,
2026-06-06T14:44:45,95.0,32.3,sensor2_serial,2,1,5,1,120,94,20.000,20.005,0,75,75,3.748972,SUCCESS,sigmoid,
2026-06-06T14:45:05,95.0,32.3,sensor2_serial,2,1,5,1,120,93,20.000,20.004,0,78,78,3.899163,SUCCESS,sigmoid,
2026-06-06T14:45:25,95.0,32.3,sensor2_serial,2,1,5,1,120,92,20.000,20.005,0,77,77,3.849047,SUCCESS,sigmoid,
2026-06-06T14:45:45,95.0,32.3,sensor2_serial,2,1,5,1,120,91,20.000,20.005,0,53,53,2.649305,SUCCESS,sigmoid,
2026-06-06T14:46:05,95.0,32.3,sensor2_serial,2,1,5,1,120,90,20.000,20.004,0,81,81,4.049147,SUCCESS,sigmoid,
2026-06-06T14:46:25,95.0,32.3,sensor2_serial,2,1,5,1,120,89,20.000,20.005,0,58,58,2.899234,SUCCESS,sigmoid,
2026-06-06T14:46:45,95.0,32.3,sensor2_serial,2,1,5,1,120,88,20.000,20.005,0,59,59,2.949320,SUCCESS,sigmoid,
2026-06-06T14:47:05,95.0,32.3,sensor2_serial,2,1,5,1,120,87,20.000,20.005,0,41,41,2.049456,SUCCESS,sigmoid,
2026-06-06T14:47:25,95.0,32.3,sensor2_serial,2,1,5,1,120,86,20.000,20.006,0,38,38,1.899461,SUCCESS,sigmoid,
2026-06-06T14:47:45,95.0,32.3,sensor2_serial,2,1,5,1,120,85,20.000,20.005,0,38,38,1.899496,SUCCESS,sigmoid,
2026-06-06T14:48:05,95.0,32.3,sensor2_serial,2,1,5,1,120,84,20.000,20.006,0,21,21,1.049709,SUCCESS,sigmoid,
2026-06-06T14:48:26,95.0,32.3,sensor2_serial,2,1,5,1,120,83,20.000,20.005,0,31,31,1.549608,SUCCESS,sigmoid,
2026-06-06T14:48:46,95.0,32.3,sensor2_serial,2,1,5,1,120,82,20.000,20.005,0,26,26,1.299660,SUCCESS,sigmoid,
2026-06-06T14:49:06,95.0,32.3,sensor2_serial,2,1,5,1,120,81,20.000,20.004,0,21,21,1.049786,SUCCESS,sigmoid,
2026-06-06T14:49:26,95.0,32.3,sensor2_serial,2,1,5,1,120,80,20.000,20.005,0,21,21,1.049725,SUCCESS,sigmoid,
2026-06-06T14:49:46,95.0,32.3,sensor2_serial,2,1,5,1,120,79,20.000,20.005,0,15,15,0.749797,SUCCESS,sigmoid,
2026-06-06T14:50:06,95.0,32.3,sensor2_serial,2,1,5,1,120,78,20.000,20.006,0,12,12,0.599833,SUCCESS,sigmoid,
2026-06-06T14:50:26,95.0,32.3,sensor2_serial,2,1,5,1,120,77,20.000,20.004,0,13,13,0.649855,SUCCESS,sigmoid,
2026-06-06T14:50:46,95.0,32.3,sensor2_serial,2,1,5,1,120,76,20.000,20.005,0,13,13,0.649833,SUCCESS,sigmoid,
2026-06-06T14:51:06,95.0,32.3,sensor2_serial,2,1,5,1,120,75,20.000,20.004,0,3,3,0.149967,SUCCESS,sigmoid,
2026-06-06T14:51:26,95.0,32.3,sensor2_serial,2,1,5,1,120,74,20.000,20.006,0,4,4,0.199945,SUCCESS,sigmoid,
2026-06-06T14:51:46,95.0,32.3,sensor2_serial,2,1,5,1,120,73,20.000,20.004,0,8,8,0.399917,SUCCESS,sigmoid,
2026-06-06T14:52:06,95.0,32.3,sensor2_serial,2,1,5,1,120,72,20.000,20.005,0,2,2,0.099977,SUCCESS,sigmoid,
2026-06-06T14:52:26,95.0,32.3,sensor2_serial,2,1,5,1,120,71,20.000,20.004,0,3,3,0.149968,SUCCESS,sigmoid,
2026-06-06T14:52:46,95.0,32.3,sensor2_serial,2,1,5,1,120,70,20.000,20.004,0,2,2,0.099978,SUCCESS,sigmoid,
2026-06-06T14:53:06,95.0,32.3,sensor2_serial,2,1,5,1,120,69,20.000,20.004,0,0,0,0.000000,SUCCESS,sigmoid,
2026-06-06T14:53:26,95.0,32.3,sensor2_serial,2,1,5,1,120,68,20.000,20.004,0,1,1,0.049990,SUCCESS,sigmoid,
2026-06-06T14:53:46,95.0,32.3,sensor2_serial,2,1,5,1,120,67,20.000,20.004,0,0,0,0.000000,SUCCESS,sigmoid,
2026-06-06T14:54:07,95.0,32.3,sensor2_serial,2,1,5,1,120,66,20.000,20.004,0,1,1,0.049989,SUCCESS,sigmoid,
2026-06-06T14:54:27,95.0,32.3,sensor2_serial,2,1,5,1,120,65,20.000,20.005,0,1,1,0.049989,SUCCESS,sigmoid,
2026-06-06T14:54:47,95.0,32.3,sensor2_serial,2,1,5,1,120,64,20.000,20.005,0,0,0,0.000000,SUCCESS,sigmoid,
2026-06-06T14:55:07,95.0,32.3,sensor2_serial,2,1,5,1,120,63,20.000,20.004,0,0,0,0.000000,SUCCESS,sigmoid,
2026-06-06T14:55:27,95.0,32.3,sensor2_serial,2,1,5,1,120,62,20.000,20.005,0,1,1,0.049986,SUCCESS,sigmoid,
2026-06-06T14:55:47,95.0,32.3,sensor2_serial,2,1,5,1,120,61,20.000,20.005,0,0,0,0.000000,SUCCESS,sigmoid,
2026-06-06T14:56:07,95.0,32.3,sensor2_serial,2,1,5,1,120,60,20.000,20.005,0,0,0,0.000000,SUCCESS,sigmoid,
2026-06-06T14:56:27,95.0,32.3,sensor2_serial,2,1,5,1,120,59,20.000,20.004,0,1,1,0.049989,SUCCESS,sigmoid,
2026-06-06T14:56:47,95.0,32.3,sensor2_serial,2,1,5,1,120,58,20.000,20.004,0,0,0,0.000000,SUCCESS,sigmoid,
2026-06-06T14:57:07,95.0,32.3,sensor2_serial,2,1,5,1,120,57,20.000,20.004,0,0,0,0.000000,SUCCESS,sigmoid,
2026-06-06T14:57:27,95.0,32.3,sensor2_serial,2,1,5,1,120,56,20.000,20.004,0,0,0,0.000000,SUCCESS,sigmoid,
2026-06-06T14:57:47,95.0,32.3,sensor2_serial,2,1,5,1,120,55,20.000,20.006,0,0,0,0.000000,SUCCESS,sigmoid,
2026-06-06T14:58:07,95.0,32.3,sensor2_serial,2,1,5,1,120,54,20.000,20.004,0,0,0,0.000000,SUCCESS,sigmoid,
2026-06-06T14:58:27,95.0,32.3,sensor2_serial,2,1,5,1,120,53,20.000,20.005,0,0,0,0.000000,SUCCESS,sigmoid,
2026-06-06T14:58:47,95.0,32.3,sensor2_serial,2,1,5,1,120,52,20.000,20.005,0,1,1,0.049987,SUCCESS,sigmoid,
2026-06-06T14:59:07,95.0,32.3,sensor2_serial,2,1,5,1,120,51,20.000,20.004,0,0,0,0.000000,SUCCESS,sigmoid,
2026-06-06T14:59:27,95.0,32.3,sensor2_serial,2,1,5,1,120,50,20.000,20.004,0,0,0,0.000000,SUCCESS,sigmoid,
2026-06-06T14:59:48,95.0,32.3,sensor2_serial,2,1,5,1,120,49,20.000,20.004,0,0,0,0.000000,SUCCESS,sigmoid,
2026-06-06T15:00:08,95.0,32.3,sensor2_serial,2,1,5,1,120,48,20.000,20.004,0,0,0,0.000000,SUCCESS,sigmoid,
2026-06-06T15:00:28,95.0,32.3,sensor2_serial,2,1,5,1,120,47,20.000,20.005,0,0,0,0.000000,SUCCESS,sigmoid,
2026-06-06T15:00:48,95.0,32.3,sensor2_serial,2,1,5,1,120,46,20.000,20.005,0,0,0,0.000000,SUCCESS,sigmoid,
2026-06-06T15:01:08,95.0,32.3,sensor2_serial,2,1,5,1,120,45,20.000,20.006,0,0,0,0.000000,SUCCESS,sigmoid,
2026-06-06T15:01:28,95.0,32.3,sensor2_serial,2,1,5,1,120,44,20.000,20.005,0,0,0,0.000000,SUCCESS,sigmoid,
2026-06-06T15:01:48,95.0,32.3,sensor2_serial,2,1,5,1,120,43,20.000,20.004,0,0,0,0.000000,SUCCESS,sigmoid,
2026-06-06T15:02:08,95.0,32.3,sensor2_serial,2,1,5,1,120,42,20.000,20.004,0,0,0,0.000000,SUCCESS,sigmoid,
2026-06-06T15:02:28,95.0,32.3,sensor2_serial,2,1,5,1,120,41,20.000,20.004,0,0,0,0.000000,SUCCESS,sigmoid,
2026-06-06T15:02:48,95.0,32.3,sensor2_serial,2,1,5,1,120,40,20.000,20.005,0,0,0,0.000000,SUCCESS,sigmoid,
2026-06-06T15:03:08,95.0,32.3,sensor2_serial,2,1,5,1,120,39,20.000,20.005,0,0,0,0.000000,SUCCESS,sigmoid,
2026-06-06T15:03:28,95.0,32.3,sensor2_serial,2,1,5,1,120,38,20.000,20.004,0,0,0,0.000000,SUCCESS,sigmoid,
2026-06-06T15:03:48,95.0,32.3,sensor2_serial,2,1,5,1,120,37,20.000,20.004,0,0,0,0.000000,SUCCESS,sigmoid,
2026-06-06T15:04:08,95.0,32.3,sensor2_serial,2,1,5,1,120,36,20.000,20.004,0,0,0,0.000000,SUCCESS,sigmoid,
2026-06-06T15:04:28,95.0,32.3,sensor2_serial,2,1,5,1,120,35,20.000,20.005,0,0,0,0.000000,SUCCESS,sigmoid,
2026-06-06T15:04:48,95.0,32.3,sensor2_serial,2,1,5,1,120,34,20.000,20.004,0,0,0,0.000000,SUCCESS,sigmoid,
2026-06-06T15:05:08,95.0,32.3,sensor2_serial,2,1,5,1,120,33,20.000,20.005,0,0,0,0.000000,SUCCESS,sigmoid,
2026-06-06T15:05:29,95.0,32.3,sensor2_serial,2,1,5,1,120,32,20.000,20.005,0,0,0,0.000000,SUCCESS,sigmoid,
2026-06-06T15:05:49,95.0,32.3,sensor2_serial,2,1,5,1,120,31,20.000,20.006,0,0,0,0.000000,SUCCESS,sigmoid,
2026-06-06T15:06:09,95.0,32.3,sensor2_serial,2,1,5,1,120,30,20.000,20.005,0,0,0,0.000000,SUCCESS,sigmoid,
2026-06-06T15:06:29,95.0,32.3,sensor2_serial,2,1,5,1,120,29,20.000,20.004,0,0,0,0.000000,SUCCESS,sigmoid,
2026-06-06T15:06:49,95.0,32.3,sensor2_serial,2,1,5,1,120,28,20.000,20.005,0,0,0,0.000000,SUCCESS,sigmoid,
2026-06-06T15:07:09,95.0,32.3,sensor2_serial,2,1,5,1,120,27,20.000,20.004,0,0,0,0.000000,SUCCESS,sigmoid,
2026-06-06T15:07:29,95.0,32.3,sensor2_serial,2,1,5,1,120,26,20.000,20.005,0,0,0,0.000000,SUCCESS,sigmoid,
2026-06-06T15:07:49,95.0,32.3,sensor2_serial,2,1,5,1,120,25,20.000,20.004,0,0,0,0.000000,SUCCESS,sigmoid,
2026-06-06T15:08:09,95.0,32.3,sensor2_serial,2,1,5,1,120,24,20.000,20.004,0,0,0,0.000000,SUCCESS,sigmoid,
2026-06-06T15:08:29,95.0,32.3,sensor2_serial,2,1,5,1,120,23,20.000,20.004,0,0,0,0.000000,SUCCESS,sigmoid,
2026-06-06T15:08:49,95.0,32.3,sensor2_serial,2,1,5,1,120,22,20.000,20.005,0,0,0,0.000000,SUCCESS,sigmoid,
2026-06-06T15:09:09,95.0,32.3,sensor2_serial,2,1,5,1,120,21,20.000,20.006,0,0,0,0.000000,SUCCESS,sigmoid,
2026-06-06T15:09:29,95.0,32.3,sensor2_serial,2,1,5,1,120,20,20.000,20.006,0,0,0,0.000000,SUCCESS,sigmoid,
2026-06-06T15:09:49,95.0,32.3,sensor2_serial,2,1,5,1,120,19,20.000,20.006,0,0,0,0.000000,SUCCESS,sigmoid,
2026-06-06T15:10:09,95.0,32.3,sensor2_serial,2,1,5,1,120,18,20.000,20.004,0,0,0,0.000000,SUCCESS,sigmoid,
2026-06-06T15:10:29,95.0,32.3,sensor2_serial,2,1,5,1,120,17,20.000,20.005,0,0,0,0.000000,SUCCESS,sigmoid,
2026-06-06T15:10:49,95.0,32.3,sensor2_serial,2,1,5,1,120,16,20.000,20.004,0,0,0,0.000000,SUCCESS,sigmoid,
2026-06-06T15:11:10,95.0,32.3,sensor2_serial,2,1,5,1,120,15,20.000,20.004,0,0,0,0.000000,SUCCESS,sigmoid,
2026-06-06T15:11:30,95.0,32.3,sensor2_serial,2,1,5,1,120,14,20.000,20.005,0,0,0,0.000000,SUCCESS,sigmoid,
2026-06-06T15:11:50,95.0,32.3,sensor2_serial,2,1,5,1,120,13,20.000,20.004,0,0,0,0.000000,SUCCESS,sigmoid,
2026-06-06T15:12:10,95.0,32.3,sensor2_serial,2,1,5,1,120,12,20.000,20.004,0,0,0,0.000000,SUCCESS,sigmoid,
2026-06-06T15:12:30,95.0,32.3,sensor2_serial,2,1,5,1,120,11,20.000,20.005,0,0,0,0.000000,SUCCESS,sigmoid,
2026-06-06T15:12:50,95.0,32.3,sensor2_serial,2,1,5,1,120,10,20.000,20.005,0,0,0,0.000000,SUCCESS,sigmoid,
2026-06-06T15:13:10,95.0,32.3,sensor2_serial,2,1,5,1,120,9,20.000,20.004,0,1,1,0.049989,SUCCESS,sigmoid,
2026-06-06T15:13:30,95.0,32.3,sensor2_serial,2,1,5,1,120,8,20.000,20.004,0,0,0,0.000000,SUCCESS,sigmoid,
2026-06-06T15:13:50,95.0,32.3,sensor2_serial,2,1,5,1,120,7,20.000,20.004,0,0,0,0.000000,SUCCESS,sigmoid,
2026-06-06T15:14:10,95.0,32.3,sensor2_serial,2,1,5,1,120,6,20.000,20.004,0,0,0,0.000000,SUCCESS,sigmoid,
2026-06-06T15:14:30,95.0,32.3,sensor2_serial,2,1,5,1,120,5,20.000,20.006,0,0,0,0.000000,SUCCESS,sigmoid,
2026-06-06T15:14:50,95.0,32.3,sensor2_serial,2,1,5,1,120,4,20.000,20.005,0,0,0,0.000000,SUCCESS,sigmoid,
2026-06-06T15:15:10,95.0,32.3,sensor2_serial,2,1,5,1,120,3,20.000,20.005,0,0,0,0.000000,SUCCESS,sigmoid,
2026-06-06T15:15:30,95.0,32.3,sensor2_serial,2,1,5,1,120,2,20.000,20.005,0,0,0,0.000000,SUCCESS,sigmoid,
2026-06-06T15:15:50,95.0,32.3,sensor2_serial,2,1,5,1,120,1,20.000,20.006,0,0,0,0.000000,SUCCESS,sigmoid,
2026-06-06T15:16:10,95.0,32.3,sensor2_serial,2,1,5,1,120,0,20.000,20.004,0,0,0,0.000000,SUCCESS,sigmoid,
2026-06-06T15:16:30,95.0,32.3,sensor2_serial,2,2,6,2,120,255,20.000,20.005,0,1453817,1453817,72672.527247,SUCCESS,sigmoid,
2026-06-06T15:16:51,95.0,32.3,sensor2_serial,2,2,6,2,120,254,20.000,20.006,0,1653946,1653946,82670.906949,SUCCESS,sigmoid,
2026-06-06T15:17:11,95.0,32.3,sensor2_serial,2,2,6,2,120,253,20.000,20.006,0,1792683,1792683,89605.553715,SUCCESS,sigmoid,
2026-06-06T15:17:31,95.0,32.3,sensor2_serial,2,2,6,2,120,252,20.000,20.006,0,1860472,1860472,92995.022843,SUCCESS,sigmoid,
2026-06-06T15:17:51,95.0,32.3,sensor2_serial,2,2,6,2,120,251,20.000,20.005,0,1824036,1824036,91177.695312,SUCCESS,sigmoid,
2026-06-06T15:18:11,95.0,32.3,sensor2_serial,2,2,6,2,120,250,20.000,20.005,0,1911225,1911225,95535.065176,SUCCESS,sigmoid,
2026-06-06T15:18:31,95.0,32.3,sensor2_serial,2,2,6,2,120,249,20.000,20.005,0,1954362,1954362,97691.687424,SUCCESS,sigmoid,
2026-06-06T15:18:51,95.0,32.3,sensor2_serial,2,2,6,2,120,248,20.000,20.006,0,2202832,2202832,110111.234972,SUCCESS,sigmoid,
2026-06-06T15:19:11,95.0,32.3,sensor2_serial,2,2,6,2,120,247,20.000,20.006,0,2773689,2773689,138646.101959,SUCCESS,sigmoid,
2026-06-06T15:19:31,95.0,32.3,sensor2_serial,2,2,6,2,120,246,20.000,20.005,0,3116528,3116528,155784.056476,SUCCESS,sigmoid,
2026-06-06T15:19:51,95.0,32.3,sensor2_serial,2,2,6,2,120,245,20.000,20.006,0,3331798,3331798,166543.672987,SUCCESS,sigmoid,
2026-06-06T15:20:11,95.0,32.3,sensor2_serial,2,2,6,2,120,244,20.000,20.005,0,3312053,3312053,165559.238256,SUCCESS,sigmoid,
2026-06-06T15:20:31,95.0,32.3,sensor2_serial,2,2,6,2,120,243,20.000,20.005,0,2799452,2799452,139936.690857,SUCCESS,sigmoid,
2026-06-06T15:20:51,95.0,32.3,sensor2_serial,2,2,6,2,120,242,20.000,20.005,0,2138015,2138015,106873.641124,SUCCESS,sigmoid,
2026-06-06T15:21:11,95.0,32.3,sensor2_serial,2,2,6,2,120,241,20.000,20.006,0,1320768,1320768,66019.584051,SUCCESS,sigmoid,
2026-06-06T15:21:31,95.0,32.3,sensor2_serial,2,2,6,2,120,240,20.000,20.005,0,866962,866962,43336.287223,SUCCESS,sigmoid,
2026-06-06T15:21:51,95.0,32.3,sensor2_serial,2,2,6,2,120,239,20.000,20.006,0,698845,698845,34931.573490,SUCCESS,sigmoid,
2026-06-06T15:22:12,95.0,32.3,sensor2_serial,2,2,6,2,120,238,20.000,20.005,0,426813,426813,21335.075001,SUCCESS,sigmoid,
2026-06-06T15:22:32,95.0,32.3,sensor2_serial,2,2,6,2,120,237,20.000,20.005,0,273434,273434,13668.148787,SUCCESS,sigmoid,
2026-06-06T15:22:52,95.0,32.3,sensor2_serial,2,2,6,2,120,236,20.000,20.005,0,118556,118556,5926.172116,SUCCESS,sigmoid,
2026-06-06T15:23:12,95.0,32.3,sensor2_serial,2,2,6,2,120,235,20.000,20.005,0,34350,34350,1717.039434,SUCCESS,sigmoid,
2026-06-06T15:23:32,95.0,32.3,sensor2_serial,2,2,6,2,120,234,20.000,20.006,0,14931,14931,746.343543,SUCCESS,sigmoid,
2026-06-06T15:23:52,95.0,32.3,sensor2_serial,2,2,6,2,120,233,20.000,20.005,0,6465,6465,323.161503,SUCCESS,sigmoid,
2026-06-06T15:24:12,95.0,32.3,sensor2_serial,2,2,6,2,120,232,20.000,20.005,0,3282,3282,164.055709,SUCCESS,sigmoid,
2026-06-06T15:24:32,95.0,32.3,sensor2_serial,2,2,6,2,120,231,20.000,20.005,0,977,977,48.837064,SUCCESS,sigmoid,
2026-06-06T15:24:52,95.0,32.3,sensor2_serial,2,2,6,2,120,230,20.000,20.005,0,531,531,26.543135,SUCCESS,sigmoid,
2026-06-06T15:25:12,95.0,32.3,sensor2_serial,2,2,6,2,120,229,20.000,20.005,0,318,318,15.895891,SUCCESS,sigmoid,
2026-06-06T15:25:32,95.0,32.3,sensor2_serial,2,2,6,2,120,228,20.000,20.005,0,282,282,14.096353,SUCCESS,sigmoid,
2026-06-06T15:25:52,95.0,32.3,sensor2_serial,2,2,6,2,120,227,20.000,20.005,0,236,236,11.796792,SUCCESS,sigmoid,
2026-06-06T15:26:12,95.0,32.3,sensor2_serial,2,2,6,2,120,226,20.000,20.006,0,214,214,10.697003,SUCCESS,sigmoid,
2026-06-06T15:26:32,95.0,32.3,sensor2_serial,2,2,6,2,120,225,20.000,20.005,0,223,223,11.146991,SUCCESS,sigmoid,
2026-06-06T15:26:52,95.0,32.3,sensor2_serial,2,2,6,2,120,224,20.000,20.005,0,221,221,11.047141,SUCCESS,sigmoid,
2026-06-06T15:27:12,95.0,32.3,sensor2_serial,2,2,6,2,120,223,20.000,20.005,0,217,217,10.847025,SUCCESS,sigmoid,
2026-06-06T15:27:32,95.0,32.3,sensor2_serial,2,2,6,2,120,222,20.000,20.005,0,189,189,9.447565,SUCCESS,sigmoid,
2026-06-06T15:27:53,95.0,32.3,sensor2_serial,2,2,6,2,120,221,20.000,20.005,0,185,185,9.247552,SUCCESS,sigmoid,
2026-06-06T15:28:13,95.0,32.3,sensor2_serial,2,2,6,2,120,220,20.000,20.005,0,207,207,10.347307,SUCCESS,sigmoid,
2026-06-06T15:28:33,95.0,32.3,sensor2_serial,2,2,6,2,120,219,20.000,20.006,0,207,207,10.347112,SUCCESS,sigmoid,
2026-06-06T15:28:53,95.0,32.3,sensor2_serial,2,2,6,2,120,218,20.000,20.005,0,191,191,9.547488,SUCCESS,sigmoid,
2026-06-06T15:29:13,95.0,32.3,sensor2_serial,2,2,6,2,120,217,20.000,20.005,0,221,221,11.047048,SUCCESS,sigmoid,
2026-06-06T15:29:33,95.0,32.3,sensor2_serial,2,2,6,2,120,216,20.000,20.006,0,205,205,10.247096,SUCCESS,sigmoid,
2026-06-06T15:29:53,95.0,32.3,sensor2_serial,2,2,6,2,120,215,20.000,20.005,0,212,212,10.597165,SUCCESS,sigmoid,
2026-06-06T15:30:13,95.0,32.3,sensor2_serial,2,2,6,2,120,214,20.000,20.006,0,201,201,10.047205,SUCCESS,sigmoid,
2026-06-06T15:30:33,95.0,32.3,sensor2_serial,2,2,6,2,120,213,20.000,20.005,0,235,235,11.746973,SUCCESS,sigmoid,
2026-06-06T15:30:53,95.0,32.3,sensor2_serial,2,2,6,2,120,212,20.000,20.005,0,191,191,9.547496,SUCCESS,sigmoid,
2026-06-06T15:31:13,95.0,32.3,sensor2_serial,2,2,6,2,120,211,20.000,20.006,0,199,199,9.947216,SUCCESS,sigmoid,
2026-06-06T15:31:33,95.0,32.3,sensor2_serial,2,2,6,2,120,210,20.000,20.005,0,200,200,9.997368,SUCCESS,sigmoid,
2026-06-06T15:31:53,95.0,32.3,sensor2_serial,2,2,6,2,120,209,20.000,20.006,0,218,218,10.896966,SUCCESS,sigmoid,
2026-06-06T15:32:13,95.0,32.3,sensor2_serial,2,2,6,2,120,208,20.000,20.005,0,213,213,10.647131,SUCCESS,sigmoid,
2026-06-06T15:32:33,95.0,32.3,sensor2_serial,2,2,6,2,120,207,20.000,20.005,0,228,228,11.396959,SUCCESS,sigmoid,
2026-06-06T15:32:53,95.0,32.3,sensor2_serial,2,2,6,2,120,206,20.000,20.005,0,205,205,10.247288,SUCCESS,sigmoid,
2026-06-06T15:33:13,95.0,32.3,sensor2_serial,2,2,6,2,120,205,20.000,20.005,0,191,191,9.547523,SUCCESS,sigmoid,
2026-06-06T15:33:34,95.0,32.3,sensor2_serial,2,2,6,2,120,204,20.000,20.005,0,219,219,10.947140,SUCCESS,sigmoid,
2026-06-06T15:33:54,95.0,32.3,sensor2_serial,2,2,6,2,120,203,20.000,20.005,0,203,203,10.147299,SUCCESS,sigmoid,
2026-06-06T15:34:14,95.0,32.3,sensor2_serial,2,2,6,2,120,202,20.000,20.005,0,204,204,10.197261,SUCCESS,sigmoid,
2026-06-06T15:34:34,95.0,32.3,sensor2_serial,2,2,6,2,120,201,20.000,20.005,0,214,214,10.697129,SUCCESS,sigmoid,
2026-06-06T15:34:54,95.0,32.3,sensor2_serial,2,2,6,2,120,200,20.000,20.005,0,218,218,10.897166,SUCCESS,sigmoid,
2026-06-06T15:35:14,95.0,32.3,sensor2_serial,2,2,6,2,120,199,20.000,20.005,0,222,222,11.097098,SUCCESS,sigmoid,
2026-06-06T15:35:34,95.0,32.3,sensor2_serial,2,2,6,2,120,198,20.000,20.006,0,229,229,11.446841,SUCCESS,sigmoid,
2026-06-06T15:35:54,95.0,32.3,sensor2_serial,2,2,6,2,120,197,20.000,20.005,0,203,203,10.147221,SUCCESS,sigmoid,
2026-06-06T15:36:14,95.0,32.3,sensor2_serial,2,2,6,2,120,196,20.000,20.006,0,216,216,10.796945,SUCCESS,sigmoid,
2026-06-06T15:36:34,95.0,32.3,sensor2_serial,2,2,6,2,120,195,20.000,20.005,0,187,187,9.347605,SUCCESS,sigmoid,
2026-06-06T15:36:54,95.0,32.3,sensor2_serial,2,2,6,2,120,194,20.000,20.005,0,172,172,8.597703,SUCCESS,sigmoid,
2026-06-06T15:37:14,95.0,32.3,sensor2_serial,2,2,6,2,120,193,20.000,20.005,0,219,219,10.947100,SUCCESS,sigmoid,
2026-06-06T15:37:34,95.0,32.3,sensor2_serial,2,2,6,2,120,192,20.000,20.005,0,214,214,10.697129,SUCCESS,sigmoid,
2026-06-06T15:37:54,95.0,32.3,sensor2_serial,2,2,6,2,120,191,20.000,20.005,0,186,186,9.297620,SUCCESS,sigmoid,
2026-06-06T15:38:14,95.0,32.3,sensor2_serial,2,2,6,2,120,190,20.000,20.006,0,208,208,10.397026,SUCCESS,sigmoid,
2026-06-06T15:38:34,95.0,32.3,sensor2_serial,2,2,6,2,120,189,20.000,20.005,0,216,216,10.797217,SUCCESS,sigmoid,
2026-06-06T15:38:55,95.0,32.3,sensor2_serial,2,2,6,2,120,188,20.000,20.006,0,184,184,9.197419,SUCCESS,sigmoid,
2026-06-06T15:39:15,95.0,32.3,sensor2_serial,2,2,6,2,120,187,20.000,20.005,0,193,193,9.647394,SUCCESS,sigmoid,
2026-06-06T15:39:35,95.0,32.3,sensor2_serial,2,2,6,2,120,186,20.000,20.005,0,185,185,9.247671,SUCCESS,sigmoid,
2026-06-06T15:39:55,95.0,32.3,sensor2_serial,2,2,6,2,120,185,20.000,20.005,0,189,189,9.447500,SUCCESS,sigmoid,
2026-06-06T15:40:15,95.0,32.3,sensor2_serial,2,2,6,2,120,184,20.000,20.005,0,235,235,11.746892,SUCCESS,sigmoid,
2026-06-06T15:40:35,95.0,32.3,sensor2_serial,2,2,6,2,120,183,20.000,20.006,0,223,223,11.146916,SUCCESS,sigmoid,
2026-06-06T15:40:55,95.0,32.3,sensor2_serial,2,2,6,2,120,182,20.000,20.005,0,187,187,9.347475,SUCCESS,sigmoid,
2026-06-06T15:41:15,95.0,32.3,sensor2_serial,2,2,6,2,120,181,20.000,20.005,0,186,186,9.297565,SUCCESS,sigmoid,
2026-06-06T15:41:35,95.0,32.3,sensor2_serial,2,2,6,2,120,180,20.000,20.005,0,237,237,11.847015,SUCCESS,sigmoid,
2026-06-06T15:41:55,95.0,32.3,sensor2_serial,2,2,6,2,120,179,20.000,20.005,0,214,214,10.697365,SUCCESS,sigmoid,
2026-06-06T15:42:15,95.0,32.3,sensor2_serial,2,2,6,2,120,178,20.000,20.006,0,196,196,9.797286,SUCCESS,sigmoid,
2026-06-06T15:42:35,95.0,32.3,sensor2_serial,2,2,6,2,120,177,20.000,20.005,0,198,198,9.897370,SUCCESS,sigmoid,
2026-06-06T15:42:55,95.0,32.3,sensor2_serial,2,2,6,2,120,176,20.000,20.006,0,202,202,10.097191,SUCCESS,sigmoid,
2026-06-06T15:43:15,95.0,32.3,sensor2_serial,2,2,6,2,120,175,20.000,20.005,0,195,195,9.747708,SUCCESS,sigmoid,
2026-06-06T15:43:35,95.0,32.3,sensor2_serial,2,2,6,2,120,174,20.000,20.005,0,206,206,10.297360,SUCCESS,sigmoid,
2026-06-06T15:43:55,95.0,32.3,sensor2_serial,2,2,6,2,120,173,20.000,20.005,0,178,178,8.897590,SUCCESS,sigmoid,
2026-06-06T15:44:15,95.0,32.3,sensor2_serial,2,2,6,2,120,172,20.000,20.005,0,230,230,11.496892,SUCCESS,sigmoid,
2026-06-06T15:44:36,95.0,32.3,sensor2_serial,2,2,6,2,120,171,20.000,20.005,0,216,216,10.797249,SUCCESS,sigmoid,
2026-06-06T15:44:56,95.0,32.3,sensor2_serial,2,2,6,2,120,170,20.000,20.005,0,205,205,10.247213,SUCCESS,sigmoid,
2026-06-06T15:45:16,95.0,32.3,sensor2_serial,2,2,6,2,120,169,20.000,20.005,0,192,192,9.597439,SUCCESS,sigmoid,
2026-06-06T15:45:36,95.0,32.3,sensor2_serial,2,2,6,2,120,168,20.000,20.006,0,193,193,9.647271,SUCCESS,sigmoid,
2026-06-06T15:45:56,95.0,32.3,sensor2_serial,2,2,6,2,120,167,20.000,20.005,0,224,224,11.197079,SUCCESS,sigmoid,
2026-06-06T15:46:16,95.0,32.3,sensor2_serial,2,2,6,2,120,166,20.000,20.005,0,208,208,10.397230,SUCCESS,sigmoid,
2026-06-06T15:46:36,95.0,32.3,sensor2_serial,2,2,6,2,120,165,20.000,20.005,0,203,203,10.147223,SUCCESS,sigmoid,
2026-06-06T15:46:56,95.0,32.3,sensor2_serial,2,2,6,2,120,164,20.000,20.005,0,215,215,10.747202,SUCCESS,sigmoid,
2026-06-06T15:47:16,95.0,32.3,sensor2_serial,2,2,6,2,120,163,20.000,20.006,0,206,206,10.296906,SUCCESS,sigmoid,
2026-06-06T15:47:36,95.0,32.3,sensor2_serial,2,2,6,2,120,162,20.000,20.005,0,210,210,10.497220,SUCCESS,sigmoid,
2026-06-06T15:47:56,95.0,32.3,sensor2_serial,2,2,6,2,120,161,20.000,20.005,0,191,191,9.547468,SUCCESS,sigmoid,
2026-06-06T15:48:16,95.0,32.3,sensor2_serial,2,2,6,2,120,160,20.000,20.006,0,194,194,9.697313,SUCCESS,sigmoid,
2026-06-06T15:48:36,95.0,32.3,sensor2_serial,2,2,6,2,120,159,20.000,20.005,0,201,201,10.047382,SUCCESS,sigmoid,
2026-06-06T15:48:56,95.0,32.3,sensor2_serial,2,2,6,2,120,158,20.000,20.005,0,220,220,10.997084,SUCCESS,sigmoid,
2026-06-06T15:49:16,95.0,32.3,sensor2_serial,2,2,6,2,120,157,20.000,20.005,0,211,211,10.547151,SUCCESS,sigmoid,
2026-06-06T15:49:36,95.0,32.3,sensor2_serial,2,2,6,2,120,156,20.000,20.005,0,192,192,9.597650,SUCCESS,sigmoid,
2026-06-06T15:49:56,95.0,32.3,sensor2_serial,2,2,6,2,120,155,20.000,20.005,0,204,204,10.197411,SUCCESS,sigmoid,
2026-06-06T15:50:17,95.0,32.3,sensor2_serial,2,2,6,2,120,154,20.000,20.005,0,167,167,8.347782,SUCCESS,sigmoid,
2026-06-06T15:50:37,95.0,32.3,sensor2_serial,2,2,6,2,120,153,20.000,20.005,0,180,180,8.997584,SUCCESS,sigmoid,
2026-06-06T15:50:57,95.0,32.3,sensor2_serial,2,2,6,2,120,152,20.000,20.006,0,194,194,9.697055,SUCCESS,sigmoid,
2026-06-06T15:51:17,95.0,32.3,sensor2_serial,2,2,6,2,120,151,20.000,20.005,0,186,186,9.297602,SUCCESS,sigmoid,
2026-06-06T15:51:37,95.0,32.3,sensor2_serial,2,2,6,2,120,150,20.000,20.006,0,201,201,10.047235,SUCCESS,sigmoid,
2026-06-06T15:51:57,95.0,32.3,sensor2_serial,2,2,6,2,120,149,20.000,20.005,0,201,201,10.047280,SUCCESS,sigmoid,
2026-06-06T15:52:17,95.0,32.3,sensor2_serial,2,2,6,2,120,148,20.000,20.005,0,209,209,10.447212,SUCCESS,sigmoid,
2026-06-06T15:52:37,95.0,32.3,sensor2_serial,2,2,6,2,120,147,20.000,20.005,0,176,176,8.797703,SUCCESS,sigmoid,
2026-06-06T15:52:57,95.0,32.3,sensor2_serial,2,2,6,2,120,146,20.000,20.005,0,186,186,9.297502,SUCCESS,sigmoid,
2026-06-06T15:53:17,95.0,32.3,sensor2_serial,2,2,6,2,120,145,20.000,20.006,0,223,223,11.146853,SUCCESS,sigmoid,
2026-06-06T15:53:37,95.0,32.3,sensor2_serial,2,2,6,2,120,144,20.000,20.005,0,201,201,10.047242,SUCCESS,sigmoid,
2026-06-06T15:53:57,95.0,32.3,sensor2_serial,2,2,6,2,120,143,20.000,20.006,0,203,203,10.147152,SUCCESS,sigmoid,
2026-06-06T15:54:17,95.0,32.3,sensor2_serial,2,2,6,2,120,142,20.000,20.005,0,208,208,10.397218,SUCCESS,sigmoid,
2026-06-06T15:54:37,95.0,32.3,sensor2_serial,2,2,6,2,120,141,20.000,20.005,0,192,192,9.597525,SUCCESS,sigmoid,
2026-06-06T15:54:57,95.0,32.3,sensor2_serial,2,2,6,2,120,140,20.000,20.005,0,194,194,9.697358,SUCCESS,sigmoid,
2026-06-06T15:55:17,95.0,32.3,sensor2_serial,2,2,6,2,120,139,20.000,20.006,0,209,209,10.447116,SUCCESS,sigmoid,
2026-06-06T15:55:37,95.0,32.3,sensor2_serial,2,2,6,2,120,138,20.000,20.005,0,188,188,9.397455,SUCCESS,sigmoid,
2026-06-06T15:55:58,95.0,32.3,sensor2_serial,2,2,6,2,120,137,20.000,20.005,0,196,196,9.797337,SUCCESS,sigmoid,
2026-06-06T15:56:18,95.0,32.3,sensor2_serial,2,2,6,2,120,136,20.000,20.005,0,187,187,9.347493,SUCCESS,sigmoid,
2026-06-06T15:56:38,95.0,32.3,sensor2_serial,2,2,6,2,120,135,20.000,20.006,0,184,184,9.197443,SUCCESS,sigmoid,
2026-06-06T15:56:58,95.0,32.3,sensor2_serial,2,2,6,2,120,134,20.000,20.006,0,176,176,8.797533,SUCCESS,sigmoid,
2026-06-06T15:57:18,95.0,32.3,sensor2_serial,2,2,6,2,120,133,20.000,20.006,0,157,157,7.847796,SUCCESS,sigmoid,
2026-06-06T15:57:38,95.0,32.3,sensor2_serial,2,2,6,2,120,132,20.000,20.006,0,194,194,9.697297,SUCCESS,sigmoid,
2026-06-06T15:57:58,95.0,32.3,sensor2_serial,2,2,6,2,120,131,20.000,20.005,0,193,193,9.647408,SUCCESS,sigmoid,
2026-06-06T15:58:18,95.0,32.3,sensor2_serial,2,2,6,2,120,130,20.000,20.005,0,174,174,8.697682,SUCCESS,sigmoid,
2026-06-06T15:58:38,95.0,32.3,sensor2_serial,2,2,6,2,120,129,20.000,20.005,0,186,186,9.297462,SUCCESS,sigmoid,
2026-06-06T15:58:58,95.0,32.3,sensor2_serial,2,2,6,2,120,128,20.000,20.006,0,173,173,8.647553,SUCCESS,sigmoid,
2026-06-06T15:59:18,95.0,32.3,sensor2_serial,2,2,6,2,120,127,20.000,20.006,0,173,173,8.647595,SUCCESS,sigmoid,
2026-06-06T15:59:38,95.0,32.3,sensor2_serial,2,2,6,2,120,126,20.000,20.005,0,185,185,9.247559,SUCCESS,sigmoid,
2026-06-06T15:59:58,95.0,32.3,sensor2_serial,2,2,6,2,120,125,20.000,20.004,0,183,183,9.148090,SUCCESS,sigmoid,
2026-06-06T16:00:18,95.0,32.3,sensor2_serial,2,2,6,2,120,124,20.000,20.005,0,178,178,8.897687,SUCCESS,sigmoid,
2026-06-06T16:00:38,95.0,32.3,sensor2_serial,2,2,6,2,120,123,20.000,20.005,0,207,207,10.347341,SUCCESS,sigmoid,
2026-06-06T16:00:58,95.0,32.3,sensor2_serial,2,2,6,2,120,122,20.000,20.005,0,174,174,8.697729,SUCCESS,sigmoid,
2026-06-06T16:01:18,95.0,32.3,sensor2_serial,2,2,6,2,120,121,20.000,20.005,0,170,170,8.497746,SUCCESS,sigmoid,
2026-06-06T16:01:39,95.0,32.3,sensor2_serial,2,2,6,2,120,120,20.000,20.005,0,170,170,8.497839,SUCCESS,sigmoid,
2026-06-06T16:01:59,95.0,32.3,sensor2_serial,2,2,6,2,120,119,20.000,20.005,0,188,188,9.397485,SUCCESS,sigmoid,
2026-06-06T16:02:19,95.0,32.3,sensor2_serial,2,2,6,2,120,118,20.000,20.005,0,162,162,8.097916,SUCCESS,sigmoid,
2026-06-06T16:02:39,95.0,32.3,sensor2_serial,2,2,6,2,120,117,20.000,20.005,0,183,183,9.147580,SUCCESS,sigmoid,
2026-06-06T16:02:59,95.0,32.3,sensor2_serial,2,2,6,2,120,116,20.000,20.005,0,128,128,6.398267,SUCCESS,sigmoid,
2026-06-06T16:03:19,95.0,32.3,sensor2_serial,2,2,6,2,120,115,20.000,20.005,0,153,153,7.647918,SUCCESS,sigmoid,
2026-06-06T16:03:39,95.0,32.3,sensor2_serial,2,2,6,2,120,114,20.000,20.005,0,169,169,8.447750,SUCCESS,sigmoid,
2026-06-06T16:03:59,95.0,32.3,sensor2_serial,2,2,6,2,120,113,20.000,20.005,0,168,168,8.397887,SUCCESS,sigmoid,
2026-06-06T16:04:19,95.0,32.3,sensor2_serial,2,2,6,2,120,112,20.000,20.006,0,139,139,6.948054,SUCCESS,sigmoid,
2026-06-06T16:04:39,95.0,32.3,sensor2_serial,2,2,6,2,120,111,20.000,20.006,0,159,159,7.947629,SUCCESS,sigmoid,
2026-06-06T16:04:59,95.0,32.3,sensor2_serial,2,2,6,2,120,110,20.000,20.005,0,151,151,7.548050,SUCCESS,sigmoid,
2026-06-06T16:05:19,95.0,32.3,sensor2_serial,2,2,6,2,120,109,20.000,20.005,0,147,147,7.348108,SUCCESS,sigmoid,
2026-06-06T16:05:39,95.0,32.3,sensor2_serial,2,2,6,2,120,108,20.000,20.006,0,140,140,6.997985,SUCCESS,sigmoid,
2026-06-06T16:05:59,95.0,32.3,sensor2_serial,2,2,6,2,120,107,20.000,20.005,0,134,134,6.698178,SUCCESS,sigmoid,
2026-06-06T16:06:19,95.0,32.3,sensor2_serial,2,2,6,2,120,106,20.000,20.005,0,135,135,6.748267,SUCCESS,sigmoid,
2026-06-06T16:06:39,95.0,32.3,sensor2_serial,2,2,6,2,120,105,20.000,20.006,0,130,130,6.498212,SUCCESS,sigmoid,
2026-06-06T16:07:00,95.0,32.3,sensor2_serial,2,2,6,2,120,104,20.000,20.005,0,139,139,6.948101,SUCCESS,sigmoid,
2026-06-06T16:07:20,95.0,32.3,sensor2_serial,2,2,6,2,120,103,20.000,20.006,0,115,115,5.748418,SUCCESS,sigmoid,
2026-06-06T16:07:40,95.0,32.3,sensor2_serial,2,2,6,2,120,102,20.000,20.006,0,106,106,5.298539,SUCCESS,sigmoid,
2026-06-06T16:08:00,95.0,32.3,sensor2_serial,2,2,6,2,120,101,20.000,20.006,0,108,108,5.398487,SUCCESS,sigmoid,
2026-06-06T16:08:20,95.0,32.3,sensor2_serial,2,2,6,2,120,100,20.000,20.005,0,118,118,5.898472,SUCCESS,sigmoid,
2026-06-06T16:08:40,95.0,32.3,sensor2_serial,2,2,6,2,120,99,20.000,20.005,0,104,104,5.198579,SUCCESS,sigmoid,
2026-06-06T16:09:00,95.0,32.3,sensor2_serial,2,2,6,2,120,98,20.000,20.006,0,109,109,5.448477,SUCCESS,sigmoid,
2026-06-06T16:09:20,95.0,32.3,sensor2_serial,2,2,6,2,120,97,20.000,20.005,0,111,111,5.548522,SUCCESS,sigmoid,
2026-06-06T16:09:40,95.0,32.3,sensor2_serial,2,2,6,2,120,96,20.000,20.004,0,98,98,4.898906,SUCCESS,sigmoid,
2026-06-06T16:10:00,95.0,32.3,sensor2_serial,2,2,6,2,120,95,20.000,20.005,0,88,88,4.398836,SUCCESS,sigmoid,
2026-06-06T16:10:20,95.0,32.3,sensor2_serial,2,2,6,2,120,94,20.000,20.005,0,78,78,3.899004,SUCCESS,sigmoid,
2026-06-06T16:10:40,95.0,32.3,sensor2_serial,2,2,6,2,120,93,20.000,20.005,0,89,89,4.448986,SUCCESS,sigmoid,
2026-06-06T16:11:00,95.0,32.3,sensor2_serial,2,2,6,2,120,92,20.000,20.006,0,75,75,3.748965,SUCCESS,sigmoid,
2026-06-06T16:11:20,95.0,32.3,sensor2_serial,2,2,6,2,120,91,20.000,20.005,0,90,90,4.498839,SUCCESS,sigmoid,
2026-06-06T16:11:40,95.0,32.3,sensor2_serial,2,2,6,2,120,90,20.000,20.005,0,59,59,2.949210,SUCCESS,sigmoid,
2026-06-06T16:12:00,95.0,32.3,sensor2_serial,2,2,6,2,120,89,20.000,20.005,0,51,51,2.549344,SUCCESS,sigmoid,
2026-06-06T16:12:20,95.0,32.3,sensor2_serial,2,2,6,2,120,88,20.000,20.005,0,55,55,2.749261,SUCCESS,sigmoid,
2026-06-06T16:12:41,95.0,32.3,sensor2_serial,2,2,6,2,120,87,20.000,20.005,0,67,67,3.349219,SUCCESS,sigmoid,
2026-06-06T16:13:01,95.0,32.3,sensor2_serial,2,2,6,2,120,86,20.000,20.005,0,43,43,2.149435,SUCCESS,sigmoid,
2026-06-06T16:13:21,95.0,32.3,sensor2_serial,2,2,6,2,120,85,20.000,20.005,0,43,43,2.149417,SUCCESS,sigmoid,
2026-06-06T16:13:41,95.0,32.3,sensor2_serial,2,2,6,2,120,84,20.000,20.006,0,31,31,1.549573,SUCCESS,sigmoid,
2026-06-06T16:14:01,95.0,32.3,sensor2_serial,2,2,6,2,120,83,20.000,20.004,0,33,33,1.649641,SUCCESS,sigmoid,
2026-06-06T16:14:21,95.0,32.3,sensor2_serial,2,2,6,2,120,82,20.000,20.005,0,42,42,2.099467,SUCCESS,sigmoid,
2026-06-06T16:14:41,95.0,32.3,sensor2_serial,2,2,6,2,120,81,20.000,20.005,0,25,25,1.249673,SUCCESS,sigmoid,
2026-06-06T16:15:01,95.0,32.3,sensor2_serial,2,2,6,2,120,80,20.000,20.005,0,17,17,0.849795,SUCCESS,sigmoid,
2026-06-06T16:15:21,95.0,32.3,sensor2_serial,2,2,6,2,120,79,20.000,20.005,0,13,13,0.649828,SUCCESS,sigmoid,
2026-06-06T16:15:41,95.0,32.3,sensor2_serial,2,2,6,2,120,78,20.000,20.005,0,19,19,0.949775,SUCCESS,sigmoid,
2026-06-06T16:16:01,95.0,32.3,sensor2_serial,2,2,6,2,120,77,20.000,20.004,0,26,26,1.299736,SUCCESS,sigmoid,
2026-06-06T16:16:21,95.0,32.3,sensor2_serial,2,2,6,2,120,76,20.000,20.006,0,12,12,0.599827,SUCCESS,sigmoid,
2026-06-06T16:16:41,95.0,32.3,sensor2_serial,2,2,6,2,120,75,20.000,20.004,0,7,7,0.349922,SUCCESS,sigmoid,
2026-06-06T16:17:01,95.0,32.3,sensor2_serial,2,2,6,2,120,74,20.000,20.005,0,12,12,0.599848,SUCCESS,sigmoid,
2026-06-06T16:17:21,95.0,32.3,sensor2_serial,2,2,6,2,120,73,20.000,20.005,0,6,6,0.299930,SUCCESS,sigmoid,
2026-06-06T16:17:41,95.0,32.3,sensor2_serial,2,2,6,2,120,72,20.000,20.004,0,8,8,0.399918,SUCCESS,sigmoid,
2026-06-06T16:18:01,95.0,32.3,sensor2_serial,2,2,6,2,120,71,20.000,20.005,0,3,3,0.149965,SUCCESS,sigmoid,
2026-06-06T16:18:22,95.0,32.3,sensor2_serial,2,2,6,2,120,70,20.000,20.005,0,5,5,0.249943,SUCCESS,sigmoid,
2026-06-06T16:18:42,95.0,32.3,sensor2_serial,2,2,6,2,120,69,20.000,20.005,0,0,0,0.000000,SUCCESS,sigmoid,
2026-06-06T16:19:02,95.0,32.3,sensor2_serial,2,2,6,2,120,68,20.000,20.004,0,2,2,0.099978,SUCCESS,sigmoid,
2026-06-06T16:19:22,95.0,32.3,sensor2_serial,2,2,6,2,120,67,20.000,20.004,0,0,0,0.000000,SUCCESS,sigmoid,
2026-06-06T16:19:42,95.0,32.3,sensor2_serial,2,2,6,2,120,66,20.000,20.004,0,0,0,0.000000,SUCCESS,sigmoid,
2026-06-06T16:20:02,95.0,32.3,sensor2_serial,2,2,6,2,120,65,20.000,20.004,0,1,1,0.049990,SUCCESS,sigmoid,
2026-06-06T16:20:22,95.0,32.3,sensor2_serial,2,2,6,2,120,64,20.000,20.004,0,0,0,0.000000,SUCCESS,sigmoid,
2026-06-06T16:20:42,95.0,32.3,sensor2_serial,2,2,6,2,120,63,20.000,20.004,0,2,2,0.099978,SUCCESS,sigmoid,
2026-06-06T16:21:02,95.0,32.3,sensor2_serial,2,2,6,2,120,62,20.000,20.005,0,2,2,0.099973,SUCCESS,sigmoid,
2026-06-06T16:21:22,95.0,32.3,sensor2_serial,2,2,6,2,120,61,20.000,20.004,0,0,0,0.000000,SUCCESS,sigmoid,
2026-06-06T16:21:42,95.0,32.3,sensor2_serial,2,2,6,2,120,60,20.000,20.004,0,0,0,0.000000,SUCCESS,sigmoid,
2026-06-06T16:22:02,95.0,32.3,sensor2_serial,2,2,6,2,120,59,20.000,20.004,0,0,0,0.000000,SUCCESS,sigmoid,
2026-06-06T16:22:22,95.0,32.3,sensor2_serial,2,2,6,2,120,58,20.000,20.004,0,1,1,0.049990,SUCCESS,sigmoid,
2026-06-06T16:22:42,95.0,32.3,sensor2_serial,2,2,6,2,120,57,20.000,20.004,0,0,0,0.000000,SUCCESS,sigmoid,
2026-06-06T16:23:02,95.0,32.3,sensor2_serial,2,2,6,2,120,56,20.000,20.006,0,0,0,0.000000,SUCCESS,sigmoid,
2026-06-06T16:23:22,95.0,32.3,sensor2_serial,2,2,6,2,120,55,20.000,20.004,0,0,0,0.000000,SUCCESS,sigmoid,
2026-06-06T16:23:42,95.0,32.3,sensor2_serial,2,2,6,2,120,54,20.000,20.004,0,0,0,0.000000,SUCCESS,sigmoid,
2026-06-06T16:24:03,95.0,32.3,sensor2_serial,2,2,6,2,120,53,20.000,20.004,0,0,0,0.000000,SUCCESS,sigmoid,
2026-06-06T16:24:23,95.0,32.3,sensor2_serial,2,2,6,2,120,52,20.000,20.004,0,0,0,0.000000,SUCCESS,sigmoid,
2026-06-06T16:24:43,95.0,32.3,sensor2_serial,2,2,6,2,120,51,20.000,20.005,0,0,0,0.000000,SUCCESS,sigmoid,
2026-06-06T16:25:03,95.0,32.3,sensor2_serial,2,2,6,2,120,50,20.000,20.004,0,0,0,0.000000,SUCCESS,sigmoid,
2026-06-06T16:25:23,95.0,32.3,sensor2_serial,2,2,6,2,120,49,20.000,20.005,0,0,0,0.000000,SUCCESS,sigmoid,
2026-06-06T16:25:43,95.0,32.3,sensor2_serial,2,2,6,2,120,48,20.000,20.004,0,0,0,0.000000,SUCCESS,sigmoid,
2026-06-06T16:26:03,95.0,32.3,sensor2_serial,2,2,6,2,120,47,20.000,20.004,0,0,0,0.000000,SUCCESS,sigmoid,
2026-06-06T16:26:23,95.0,32.3,sensor2_serial,2,2,6,2,120,46,20.000,20.004,0,0,0,0.000000,SUCCESS,sigmoid,
2026-06-06T16:26:43,95.0,32.3,sensor2_serial,2,2,6,2,120,45,20.000,20.005,0,0,0,0.000000,SUCCESS,sigmoid,
2026-06-06T16:27:03,95.0,32.3,sensor2_serial,2,2,6,2,120,44,20.000,20.005,0,0,0,0.000000,SUCCESS,sigmoid,
2026-06-06T16:27:23,95.0,32.3,sensor2_serial,2,2,6,2,120,43,20.000,20.006,0,0,0,0.000000,SUCCESS,sigmoid,
2026-06-06T16:27:43,95.0,32.3,sensor2_serial,2,2,6,2,120,42,20.000,20.005,0,0,0,0.000000,SUCCESS,sigmoid,
2026-06-06T16:28:03,95.0,32.3,sensor2_serial,2,2,6,2,120,41,20.000,20.004,0,0,0,0.000000,SUCCESS,sigmoid,
2026-06-06T16:28:23,95.0,32.3,sensor2_serial,2,2,6,2,120,40,20.000,20.004,0,0,0,0.000000,SUCCESS,sigmoid,
2026-06-06T16:28:43,95.0,32.3,sensor2_serial,2,2,6,2,120,39,20.000,20.006,0,0,0,0.000000,SUCCESS,sigmoid,
2026-06-06T16:29:03,95.0,32.3,sensor2_serial,2,2,6,2,120,38,20.000,20.005,0,0,0,0.000000,SUCCESS,sigmoid,
2026-06-06T16:29:23,95.0,32.3,sensor2_serial,2,2,6,2,120,37,20.000,20.004,0,0,0,0.000000,SUCCESS,sigmoid,
2026-06-06T16:29:44,95.0,32.3,sensor2_serial,2,2,6,2,120,36,20.000,20.005,0,0,0,0.000000,SUCCESS,sigmoid,
2026-06-06T16:30:04,95.0,32.3,sensor2_serial,2,2,6,2,120,35,20.000,20.004,0,0,0,0.000000,SUCCESS,sigmoid,
2026-06-06T16:30:24,95.0,32.3,sensor2_serial,2,2,6,2,120,34,20.000,20.005,0,0,0,0.000000,SUCCESS,sigmoid,
2026-06-06T16:30:44,95.0,32.3,sensor2_serial,2,2,6,2,120,33,20.000,20.004,0,0,0,0.000000,SUCCESS,sigmoid,
2026-06-06T16:31:04,95.0,32.3,sensor2_serial,2,2,6,2,120,32,20.000,20.004,0,0,0,0.000000,SUCCESS,sigmoid,
2026-06-06T16:31:24,95.0,32.3,sensor2_serial,2,2,6,2,120,31,20.000,20.004,0,0,0,0.000000,SUCCESS,sigmoid,
2026-06-06T16:31:44,95.0,32.3,sensor2_serial,2,2,6,2,120,30,20.000,20.004,0,0,0,0.000000,SUCCESS,sigmoid,
2026-06-06T16:32:04,95.0,32.3,sensor2_serial,2,2,6,2,120,29,20.000,20.005,0,0,0,0.000000,SUCCESS,sigmoid,
2026-06-06T16:32:24,95.0,32.3,sensor2_serial,2,2,6,2,120,28,20.000,20.004,0,0,0,0.000000,SUCCESS,sigmoid,
2026-06-06T16:32:44,95.0,32.3,sensor2_serial,2,2,6,2,120,27,20.000,20.004,0,0,0,0.000000,SUCCESS,sigmoid,
2026-06-06T16:33:04,95.0,32.3,sensor2_serial,2,2,6,2,120,26,20.000,20.005,0,0,0,0.000000,SUCCESS,sigmoid,
2026-06-06T16:33:24,95.0,32.3,sensor2_serial,2,2,6,2,120,25,20.000,20.005,0,0,0,0.000000,SUCCESS,sigmoid,
2026-06-06T16:33:44,95.0,32.3,sensor2_serial,2,2,6,2,120,24,20.000,20.005,0,0,0,0.000000,SUCCESS,sigmoid,
2026-06-06T16:34:04,95.0,32.3,sensor2_serial,2,2,6,2,120,23,20.000,20.004,0,0,0,0.000000,SUCCESS,sigmoid,
2026-06-06T16:34:24,95.0,32.3,sensor2_serial,2,2,6,2,120,22,20.000,20.005,0,0,0,0.000000,SUCCESS,sigmoid,
2026-06-06T16:34:44,95.0,32.3,sensor2_serial,2,2,6,2,120,21,20.000,20.006,0,0,0,0.000000,SUCCESS,sigmoid,
2026-06-06T16:35:04,95.0,32.3,sensor2_serial,2,2,6,2,120,20,20.000,20.004,0,0,0,0.000000,SUCCESS,sigmoid,
2026-06-06T16:35:25,95.0,32.3,sensor2_serial,2,2,6,2,120,19,20.000,20.004,0,0,0,0.000000,SUCCESS,sigmoid,
2026-06-06T16:35:45,95.0,32.3,sensor2_serial,2,2,6,2,120,18,20.000,20.004,0,0,0,0.000000,SUCCESS,sigmoid,
2026-06-06T16:36:05,95.0,32.3,sensor2_serial,2,2,6,2,120,17,20.000,20.006,0,0,0,0.000000,SUCCESS,sigmoid,
2026-06-06T16:36:25,95.0,32.3,sensor2_serial,2,2,6,2,120,16,20.000,20.004,0,0,0,0.000000,SUCCESS,sigmoid,
2026-06-06T16:36:45,95.0,32.3,sensor2_serial,2,2,6,2,120,15,20.000,20.005,0,0,0,0.000000,SUCCESS,sigmoid,
2026-06-06T16:37:05,95.0,32.3,sensor2_serial,2,2,6,2,120,14,20.000,20.004,0,0,0,0.000000,SUCCESS,sigmoid,
2026-06-06T16:37:25,95.0,32.3,sensor2_serial,2,2,6,2,120,13,20.000,20.004,0,0,0,0.000000,SUCCESS,sigmoid,
2026-06-06T16:37:45,95.0,32.3,sensor2_serial,2,2,6,2,120,12,20.000,20.004,0,0,0,0.000000,SUCCESS,sigmoid,
2026-06-06T16:38:05,95.0,32.3,sensor2_serial,2,2,6,2,120,11,20.000,20.004,0,0,0,0.000000,SUCCESS,sigmoid,
2026-06-06T16:38:25,95.0,32.3,sensor2_serial,2,2,6,2,120,10,20.000,20.005,0,0,0,0.000000,SUCCESS,sigmoid,
2026-06-06T16:38:45,95.0,32.3,sensor2_serial,2,2,6,2,120,9,20.000,20.004,0,0,0,0.000000,SUCCESS,sigmoid,
2026-06-06T16:39:05,95.0,32.3,sensor2_serial,2,2,6,2,120,8,20.000,20.004,0,0,0,0.000000,SUCCESS,sigmoid,
2026-06-06T16:39:25,95.0,32.3,sensor2_serial,2,2,6,2,120,7,20.000,20.006,0,0,0,0.000000,SUCCESS,sigmoid,
2026-06-06T16:39:45,95.0,32.3,sensor2_serial,2,2,6,2,120,6,20.000,20.004,0,0,0,0.000000,SUCCESS,sigmoid,
2026-06-06T16:40:05,95.0,32.3,sensor2_serial,2,2,6,2,120,5,20.000,20.005,0,0,0,0.000000,SUCCESS,sigmoid,
2026-06-06T16:40:25,95.0,32.3,sensor2_serial,2,2,6,2,120,4,20.000,20.004,0,0,0,0.000000,SUCCESS,sigmoid,
2026-06-06T16:40:45,95.0,32.3,sensor2_serial,2,2,6,2,120,3,20.000,20.005,0,0,0,0.000000,SUCCESS,sigmoid,
2026-06-06T16:41:06,95.0,32.3,sensor2_serial,2,2,6,2,120,2,20.000,20.004,0,0,0,0.000000,SUCCESS,sigmoid,
2026-06-06T16:41:26,95.0,32.3,sensor2_serial,2,2,6,2,120,1,20.000,20.004,0,0,0,0.000000,SUCCESS,sigmoid,
2026-06-06T16:41:46,95.0,32.3,sensor2_serial,2,2,6,2,120,0,20.000,20.004,0,0,0,0.000000,SUCCESS,sigmoid,
