run_timestamp,position_mm,delta_mm,sensor,chip,threshold,threshold_reg,counter_index,vth_bl,dac,integration_requested_s,measured_time_s,count_initial,count_final,hits,hits_per_s,status,analysis_mode,note
2026-06-08T11:21:42,85.0,42.3,sensor2_serial,3,0,4,0,120,255,20.000,20.005,0,3368938,3368938,168402.467696,SUCCESS,sigmoid,
2026-06-08T11:22:02,85.0,42.3,sensor2_serial,3,0,4,0,120,254,20.000,20.005,0,3479394,3479394,173925.462939,SUCCESS,sigmoid,
2026-06-08T11:22:22,85.0,42.3,sensor2_serial,3,0,4,0,120,253,20.000,20.005,0,3145298,3145298,157224.337262,SUCCESS,sigmoid,
2026-06-08T11:22:42,85.0,42.3,sensor2_serial,3,0,4,0,120,252,20.000,20.006,0,2599341,2599341,129928.837768,SUCCESS,sigmoid,
2026-06-08T11:23:02,85.0,42.3,sensor2_serial,3,0,4,0,120,251,20.000,20.005,0,1739773,1739773,86965.447418,SUCCESS,sigmoid,
2026-06-08T11:23:23,85.0,42.3,sensor2_serial,3,0,4,0,120,250,20.000,20.006,0,1097776,1097776,54873.698398,SUCCESS,sigmoid,
2026-06-08T11:23:43,85.0,42.3,sensor2_serial,3,0,4,0,120,249,20.000,20.005,0,647490,647490,32365.918715,SUCCESS,sigmoid,
2026-06-08T11:24:03,85.0,42.3,sensor2_serial,3,0,4,0,120,248,20.000,20.006,0,293457,293457,14668.809725,SUCCESS,sigmoid,
2026-06-08T11:24:23,85.0,42.3,sensor2_serial,3,0,4,0,120,247,20.000,20.005,0,178960,178960,8945.697940,SUCCESS,sigmoid,
2026-06-08T11:24:43,85.0,42.3,sensor2_serial,3,0,4,0,120,246,20.000,20.006,0,80004,80004,3999.092416,SUCCESS,sigmoid,
2026-06-08T11:25:03,85.0,42.3,sensor2_serial,3,0,4,0,120,245,20.000,20.006,0,35110,35110,1755.012344,SUCCESS,sigmoid,
2026-06-08T11:25:23,85.0,42.3,sensor2_serial,3,0,4,0,120,244,20.000,20.005,0,35135,35135,1756.295737,SUCCESS,sigmoid,
2026-06-08T11:25:43,85.0,42.3,sensor2_serial,3,0,4,0,120,243,20.000,20.005,0,14735,14735,736.551116,SUCCESS,sigmoid,
2026-06-08T11:26:03,85.0,42.3,sensor2_serial,3,0,4,0,120,242,20.000,20.005,0,4736,4736,236.744273,SUCCESS,sigmoid,
2026-06-08T11:26:23,85.0,42.3,sensor2_serial,3,0,4,0,120,241,20.000,20.005,0,2217,2217,110.820980,SUCCESS,sigmoid,
2026-06-08T11:26:43,85.0,42.3,sensor2_serial,3,0,4,0,120,240,20.000,20.005,0,896,896,44.788785,SUCCESS,sigmoid,
2026-06-08T11:27:03,85.0,42.3,sensor2_serial,3,0,4,0,120,239,20.000,20.005,0,288,288,14.396398,SUCCESS,sigmoid,
2026-06-08T11:27:23,85.0,42.3,sensor2_serial,3,0,4,0,120,238,20.000,20.005,0,244,244,12.197230,SUCCESS,sigmoid,
2026-06-08T11:27:43,85.0,42.3,sensor2_serial,3,0,4,0,120,237,20.000,20.005,0,83,83,4.149007,SUCCESS,sigmoid,
2026-06-08T11:28:03,85.0,42.3,sensor2_serial,3,0,4,0,120,236,20.000,20.005,0,44,44,2.199494,SUCCESS,sigmoid,
2026-06-08T11:28:23,85.0,42.3,sensor2_serial,3,0,4,0,120,235,20.000,20.006,0,32,32,1.599556,SUCCESS,sigmoid,
2026-06-08T11:28:43,85.0,42.3,sensor2_serial,3,0,4,0,120,234,20.000,20.004,0,18,18,0.899807,SUCCESS,sigmoid,
2026-06-08T11:29:04,85.0,42.3,sensor2_serial,3,0,4,0,120,233,20.000,20.004,0,27,27,1.349707,SUCCESS,sigmoid,
2026-06-08T11:29:24,85.0,42.3,sensor2_serial,3,0,4,0,120,232,20.000,20.004,0,19,19,0.949791,SUCCESS,sigmoid,
2026-06-08T11:29:44,85.0,42.3,sensor2_serial,3,0,4,0,120,231,20.000,20.006,0,18,18,0.899750,SUCCESS,sigmoid,
2026-06-08T11:30:04,85.0,42.3,sensor2_serial,3,0,4,0,120,230,20.000,20.005,0,15,15,0.749826,SUCCESS,sigmoid,
2026-06-08T11:30:24,85.0,42.3,sensor2_serial,3,0,4,0,120,229,20.000,20.005,0,14,14,0.699812,SUCCESS,sigmoid,
2026-06-08T11:30:44,85.0,42.3,sensor2_serial,3,0,4,0,120,228,20.000,20.005,0,15,15,0.749820,SUCCESS,sigmoid,
2026-06-08T11:31:04,85.0,42.3,sensor2_serial,3,0,4,0,120,227,20.000,20.004,0,14,14,0.699846,SUCCESS,sigmoid,
2026-06-08T11:31:24,85.0,42.3,sensor2_serial,3,0,4,0,120,226,20.000,20.004,0,15,15,0.749834,SUCCESS,sigmoid,
2026-06-08T11:31:44,85.0,42.3,sensor2_serial,3,0,4,0,120,225,20.000,20.004,0,13,13,0.649862,SUCCESS,sigmoid,
2026-06-08T11:32:04,85.0,42.3,sensor2_serial,3,0,4,0,120,224,20.000,20.005,0,10,10,0.499887,SUCCESS,sigmoid,
2026-06-08T11:32:24,85.0,42.3,sensor2_serial,3,0,4,0,120,223,20.000,20.004,0,14,14,0.699852,SUCCESS,sigmoid,
2026-06-08T11:32:44,85.0,42.3,sensor2_serial,3,0,4,0,120,222,20.000,20.005,0,9,9,0.449894,SUCCESS,sigmoid,
2026-06-08T11:33:04,85.0,42.3,sensor2_serial,3,0,4,0,120,221,20.000,20.005,0,11,11,0.549867,SUCCESS,sigmoid,
2026-06-08T11:33:24,85.0,42.3,sensor2_serial,3,0,4,0,120,220,20.000,20.006,0,11,11,0.549848,SUCCESS,sigmoid,
2026-06-08T11:33:44,85.0,42.3,sensor2_serial,3,0,4,0,120,219,20.000,20.004,0,8,8,0.399911,SUCCESS,sigmoid,
2026-06-08T11:34:04,85.0,42.3,sensor2_serial,3,0,4,0,120,218,20.000,20.004,0,11,11,0.549877,SUCCESS,sigmoid,
2026-06-08T11:34:24,85.0,42.3,sensor2_serial,3,0,4,0,120,217,20.000,20.004,0,7,7,0.349929,SUCCESS,sigmoid,
2026-06-08T11:34:45,85.0,42.3,sensor2_serial,3,0,4,0,120,216,20.000,20.004,0,8,8,0.399911,SUCCESS,sigmoid,
2026-06-08T11:35:05,85.0,42.3,sensor2_serial,3,0,4,0,120,215,20.000,20.005,0,6,6,0.299931,SUCCESS,sigmoid,
2026-06-08T11:35:25,85.0,42.3,sensor2_serial,3,0,4,0,120,214,20.000,20.005,0,5,5,0.249941,SUCCESS,sigmoid,
2026-06-08T11:35:45,85.0,42.3,sensor2_serial,3,0,4,0,120,213,20.000,20.005,0,9,9,0.449897,SUCCESS,sigmoid,
2026-06-08T11:36:05,85.0,42.3,sensor2_serial,3,0,4,0,120,212,20.000,20.005,0,8,8,0.399909,SUCCESS,sigmoid,
2026-06-08T11:36:25,85.0,42.3,sensor2_serial,3,0,4,0,120,211,20.000,20.004,0,7,7,0.349925,SUCCESS,sigmoid,
2026-06-08T11:36:45,85.0,42.3,sensor2_serial,3,0,4,0,120,210,20.000,20.004,0,4,4,0.199956,SUCCESS,sigmoid,
2026-06-08T11:37:05,85.0,42.3,sensor2_serial,3,0,4,0,120,209,20.000,20.005,0,6,6,0.299924,SUCCESS,sigmoid,
2026-06-08T11:37:25,85.0,42.3,sensor2_serial,3,0,4,0,120,208,20.000,20.005,0,6,6,0.299932,SUCCESS,sigmoid,
2026-06-08T11:37:45,85.0,42.3,sensor2_serial,3,0,4,0,120,207,20.000,20.004,0,3,3,0.149968,SUCCESS,sigmoid,
2026-06-08T11:38:05,85.0,42.3,sensor2_serial,3,0,4,0,120,206,20.000,20.005,0,6,6,0.299932,SUCCESS,sigmoid,
2026-06-08T11:38:25,85.0,42.3,sensor2_serial,3,0,4,0,120,205,20.000,20.005,0,3,3,0.149964,SUCCESS,sigmoid,
2026-06-08T11:38:45,85.0,42.3,sensor2_serial,3,0,4,0,120,204,20.000,20.005,0,5,5,0.249942,SUCCESS,sigmoid,
2026-06-08T11:39:05,85.0,42.3,sensor2_serial,3,0,4,0,120,203,20.000,20.004,0,6,6,0.299937,SUCCESS,sigmoid,
2026-06-08T11:39:25,85.0,42.3,sensor2_serial,3,0,4,0,120,202,20.000,20.005,0,4,4,0.199946,SUCCESS,sigmoid,
2026-06-08T11:39:45,85.0,42.3,sensor2_serial,3,0,4,0,120,201,20.000,20.005,0,3,3,0.149960,SUCCESS,sigmoid,
2026-06-08T11:40:06,85.0,42.3,sensor2_serial,3,0,4,0,120,200,20.000,20.004,0,4,4,0.199959,SUCCESS,sigmoid,
2026-06-08T11:40:26,85.0,42.3,sensor2_serial,3,0,4,0,120,199,20.000,20.005,0,3,3,0.149965,SUCCESS,sigmoid,
2026-06-08T11:40:46,85.0,42.3,sensor2_serial,3,0,4,0,120,198,20.000,20.005,0,3,3,0.149966,SUCCESS,sigmoid,
2026-06-08T11:41:06,85.0,42.3,sensor2_serial,3,0,4,0,120,197,20.000,20.005,0,3,3,0.149964,SUCCESS,sigmoid,
2026-06-08T11:41:26,85.0,42.3,sensor2_serial,3,0,4,0,120,196,20.000,20.004,0,2,2,0.099979,SUCCESS,sigmoid,
2026-06-08T11:41:46,85.0,42.3,sensor2_serial,3,0,4,0,120,195,20.000,20.004,0,4,4,0.199956,SUCCESS,sigmoid,
2026-06-08T11:42:06,85.0,42.3,sensor2_serial,3,0,4,0,120,194,20.000,20.004,0,4,4,0.199956,SUCCESS,sigmoid,
2026-06-08T11:42:26,85.0,42.3,sensor2_serial,3,0,4,0,120,193,20.000,20.005,0,1,1,0.049989,SUCCESS,sigmoid,
2026-06-08T11:42:46,85.0,42.3,sensor2_serial,3,0,4,0,120,192,20.000,20.005,0,1,1,0.049988,SUCCESS,sigmoid,
2026-06-08T11:43:06,85.0,42.3,sensor2_serial,3,0,4,0,120,191,20.000,20.005,0,3,3,0.149963,SUCCESS,sigmoid,
2026-06-08T11:43:26,85.0,42.3,sensor2_serial,3,0,4,0,120,190,20.000,20.004,0,2,2,0.099979,SUCCESS,sigmoid,
2026-06-08T11:43:46,85.0,42.3,sensor2_serial,3,0,4,0,120,189,20.000,20.005,0,2,2,0.099977,SUCCESS,sigmoid,
2026-06-08T11:44:06,85.0,42.3,sensor2_serial,3,0,4,0,120,188,20.000,20.004,0,1,1,0.049990,SUCCESS,sigmoid,
2026-06-08T11:44:26,85.0,42.3,sensor2_serial,3,0,4,0,120,187,20.000,20.004,0,2,2,0.099979,SUCCESS,sigmoid,
2026-06-08T11:44:46,85.0,42.3,sensor2_serial,3,0,4,0,120,186,20.000,20.004,0,2,2,0.099980,SUCCESS,sigmoid,
2026-06-08T11:45:06,85.0,42.3,sensor2_serial,3,0,4,0,120,185,20.000,20.004,0,2,2,0.099979,SUCCESS,sigmoid,
2026-06-08T11:45:26,85.0,42.3,sensor2_serial,3,0,4,0,120,184,20.000,20.004,0,3,3,0.149968,SUCCESS,sigmoid,
2026-06-08T11:45:47,85.0,42.3,sensor2_serial,3,0,4,0,120,183,20.000,20.004,0,1,1,0.049989,SUCCESS,sigmoid,
2026-06-08T11:46:07,85.0,42.3,sensor2_serial,3,0,4,0,120,182,20.000,20.004,0,3,3,0.149967,SUCCESS,sigmoid,
2026-06-08T11:46:27,85.0,42.3,sensor2_serial,3,0,4,0,120,181,20.000,20.004,0,1,1,0.049989,SUCCESS,sigmoid,
2026-06-08T11:46:47,85.0,42.3,sensor2_serial,3,0,4,0,120,180,20.000,20.005,0,1,1,0.049987,SUCCESS,sigmoid,
2026-06-08T11:47:07,85.0,42.3,sensor2_serial,3,0,4,0,120,179,20.000,20.004,0,1,1,0.049989,SUCCESS,sigmoid,
2026-06-08T11:47:27,85.0,42.3,sensor2_serial,3,0,4,0,120,178,20.000,20.004,0,1,1,0.049989,SUCCESS,sigmoid,
2026-06-08T11:47:47,85.0,42.3,sensor2_serial,3,0,4,0,120,177,20.000,20.005,0,1,1,0.049988,SUCCESS,sigmoid,
2026-06-08T11:48:07,85.0,42.3,sensor2_serial,3,0,4,0,120,176,20.000,20.005,0,1,1,0.049987,SUCCESS,sigmoid,
2026-06-08T11:48:27,85.0,42.3,sensor2_serial,3,0,4,0,120,175,20.000,20.005,0,1,1,0.049987,SUCCESS,sigmoid,
2026-06-08T11:48:47,85.0,42.3,sensor2_serial,3,0,4,0,120,174,20.000,20.004,0,1,1,0.049989,SUCCESS,sigmoid,
2026-06-08T11:49:07,85.0,42.3,sensor2_serial,3,0,4,0,120,173,20.000,20.005,0,1,1,0.049988,SUCCESS,sigmoid,
2026-06-08T11:49:27,85.0,42.3,sensor2_serial,3,0,4,0,120,172,20.000,20.004,0,1,1,0.049989,SUCCESS,sigmoid,
2026-06-08T11:49:47,85.0,42.3,sensor2_serial,3,0,4,0,120,171,20.000,20.005,0,1,1,0.049988,SUCCESS,sigmoid,
2026-06-08T11:50:07,85.0,42.3,sensor2_serial,3,0,4,0,120,170,20.000,20.004,0,1,1,0.049989,SUCCESS,sigmoid,
2026-06-08T11:50:27,85.0,42.3,sensor2_serial,3,0,4,0,120,169,20.000,20.004,0,1,1,0.049989,SUCCESS,sigmoid,
2026-06-08T11:50:47,85.0,42.3,sensor2_serial,3,0,4,0,120,168,20.000,20.004,0,1,1,0.049989,SUCCESS,sigmoid,
2026-06-08T11:51:07,85.0,42.3,sensor2_serial,3,0,4,0,120,167,20.000,20.004,0,0,0,0.000000,SUCCESS,sigmoid,
2026-06-08T11:51:28,85.0,42.3,sensor2_serial,3,0,4,0,120,166,20.000,20.004,0,0,0,0.000000,SUCCESS,sigmoid,
2026-06-08T11:51:48,85.0,42.3,sensor2_serial,3,0,4,0,120,165,20.000,20.005,0,1,1,0.049989,SUCCESS,sigmoid,
2026-06-08T11:52:08,85.0,42.3,sensor2_serial,3,0,4,0,120,164,20.000,20.004,0,1,1,0.049989,SUCCESS,sigmoid,
2026-06-08T11:52:28,85.0,42.3,sensor2_serial,3,0,4,0,120,163,20.000,20.005,0,1,1,0.049988,SUCCESS,sigmoid,
2026-06-08T11:52:48,85.0,42.3,sensor2_serial,3,0,4,0,120,162,20.000,20.005,0,0,0,0.000000,SUCCESS,sigmoid,
2026-06-08T11:53:08,85.0,42.3,sensor2_serial,3,0,4,0,120,161,20.000,20.004,0,1,1,0.049989,SUCCESS,sigmoid,
2026-06-08T11:53:28,85.0,42.3,sensor2_serial,3,0,4,0,120,160,20.000,20.004,0,0,0,0.000000,SUCCESS,sigmoid,
2026-06-08T11:53:48,85.0,42.3,sensor2_serial,3,0,4,0,120,159,20.000,20.004,0,0,0,0.000000,SUCCESS,sigmoid,
2026-06-08T11:54:08,85.0,42.3,sensor2_serial,3,0,4,0,120,158,20.000,20.005,0,0,0,0.000000,SUCCESS,sigmoid,
2026-06-08T11:54:28,85.0,42.3,sensor2_serial,3,0,4,0,120,157,20.000,20.005,0,0,0,0.000000,SUCCESS,sigmoid,
2026-06-08T11:54:48,85.0,42.3,sensor2_serial,3,0,4,0,120,156,20.000,20.005,0,1,1,0.049987,SUCCESS,sigmoid,
2026-06-08T11:55:08,85.0,42.3,sensor2_serial,3,0,4,0,120,155,20.000,20.004,0,0,0,0.000000,SUCCESS,sigmoid,
2026-06-08T11:55:28,85.0,42.3,sensor2_serial,3,0,4,0,120,154,20.000,20.004,0,0,0,0.000000,SUCCESS,sigmoid,
2026-06-08T11:55:48,85.0,42.3,sensor2_serial,3,0,4,0,120,153,20.000,20.005,0,0,0,0.000000,SUCCESS,sigmoid,
2026-06-08T11:56:08,85.0,42.3,sensor2_serial,3,0,4,0,120,152,20.000,20.005,0,0,0,0.000000,SUCCESS,sigmoid,
2026-06-08T11:56:28,85.0,42.3,sensor2_serial,3,0,4,0,120,151,20.000,20.004,0,0,0,0.000000,SUCCESS,sigmoid,
2026-06-08T11:56:48,85.0,42.3,sensor2_serial,3,0,4,0,120,150,20.000,20.005,0,0,0,0.000000,SUCCESS,sigmoid,
2026-06-08T11:57:09,85.0,42.3,sensor2_serial,3,0,4,0,120,149,20.000,20.004,0,0,0,0.000000,SUCCESS,sigmoid,
2026-06-08T11:57:29,85.0,42.3,sensor2_serial,3,0,4,0,120,148,20.000,20.004,0,0,0,0.000000,SUCCESS,sigmoid,
2026-06-08T11:57:49,85.0,42.3,sensor2_serial,3,0,4,0,120,147,20.000,20.005,0,0,0,0.000000,SUCCESS,sigmoid,
2026-06-08T11:58:09,85.0,42.3,sensor2_serial,3,0,4,0,120,146,20.000,20.005,0,0,0,0.000000,SUCCESS,sigmoid,
2026-06-08T11:58:29,85.0,42.3,sensor2_serial,3,0,4,0,120,145,20.000,20.005,0,0,0,0.000000,SUCCESS,sigmoid,
2026-06-08T11:58:49,85.0,42.3,sensor2_serial,3,0,4,0,120,144,20.000,20.005,0,0,0,0.000000,SUCCESS,sigmoid,
2026-06-08T11:59:09,85.0,42.3,sensor2_serial,3,0,4,0,120,143,20.000,20.005,0,0,0,0.000000,SUCCESS,sigmoid,
2026-06-08T11:59:29,85.0,42.3,sensor2_serial,3,0,4,0,120,142,20.000,20.005,0,0,0,0.000000,SUCCESS,sigmoid,
2026-06-08T11:59:49,85.0,42.3,sensor2_serial,3,0,4,0,120,141,20.000,20.005,0,0,0,0.000000,SUCCESS,sigmoid,
2026-06-08T12:00:09,85.0,42.3,sensor2_serial,3,0,4,0,120,140,20.000,20.004,0,0,0,0.000000,SUCCESS,sigmoid,
2026-06-08T12:00:29,85.0,42.3,sensor2_serial,3,0,4,0,120,139,20.000,20.004,0,0,0,0.000000,SUCCESS,sigmoid,
2026-06-08T12:00:49,85.0,42.3,sensor2_serial,3,0,4,0,120,138,20.000,20.004,0,0,0,0.000000,SUCCESS,sigmoid,
2026-06-08T12:01:09,85.0,42.3,sensor2_serial,3,0,4,0,120,137,20.000,20.004,0,0,0,0.000000,SUCCESS,sigmoid,
2026-06-08T12:01:29,85.0,42.3,sensor2_serial,3,0,4,0,120,136,20.000,20.005,0,0,0,0.000000,SUCCESS,sigmoid,
2026-06-08T12:01:49,85.0,42.3,sensor2_serial,3,1,5,1,120,255,20.000,20.005,0,1025725,1025725,51273.897603,SUCCESS,sigmoid,
2026-06-08T12:02:09,85.0,42.3,sensor2_serial,3,1,5,1,120,254,20.000,20.005,0,1376313,1376313,68799.229762,SUCCESS,sigmoid,
2026-06-08T12:02:29,85.0,42.3,sensor2_serial,3,1,5,1,120,253,20.000,20.005,0,1628577,1628577,81408.412030,SUCCESS,sigmoid,
2026-06-08T12:02:50,85.0,42.3,sensor2_serial,3,1,5,1,120,252,20.000,20.005,0,1723942,1723942,86173.514946,SUCCESS,sigmoid,
2026-06-08T12:03:10,85.0,42.3,sensor2_serial,3,1,5,1,120,251,20.000,20.005,0,1731876,1731876,86570.494328,SUCCESS,sigmoid,
2026-06-08T12:03:30,85.0,42.3,sensor2_serial,3,1,5,1,120,250,20.000,20.005,0,1758310,1758310,87892.459763,SUCCESS,sigmoid,
2026-06-08T12:03:50,85.0,42.3,sensor2_serial,3,1,5,1,120,249,20.000,20.006,0,1844469,1844469,92197.409527,SUCCESS,sigmoid,
2026-06-08T12:04:10,85.0,42.3,sensor2_serial,3,1,5,1,120,248,20.000,20.005,0,2031580,2031580,101551.077899,SUCCESS,sigmoid,
2026-06-08T12:04:30,85.0,42.3,sensor2_serial,3,1,5,1,120,247,20.000,20.005,0,2300406,2300406,114989.727396,SUCCESS,sigmoid,
2026-06-08T12:04:50,85.0,42.3,sensor2_serial,3,1,5,1,120,246,20.000,20.005,0,2635731,2635731,131751.100089,SUCCESS,sigmoid,
2026-06-08T12:05:10,85.0,42.3,sensor2_serial,3,1,5,1,120,245,20.000,20.006,0,2990080,2990080,149456.194588,SUCCESS,sigmoid,
2026-06-08T12:05:30,85.0,42.3,sensor2_serial,3,1,5,1,120,244,20.000,20.005,0,3088274,3088274,154373.379595,SUCCESS,sigmoid,
2026-06-08T12:05:50,85.0,42.3,sensor2_serial,3,1,5,1,120,243,20.000,20.005,0,2770787,2770787,138502.235478,SUCCESS,sigmoid,
2026-06-08T12:06:10,85.0,42.3,sensor2_serial,3,1,5,1,120,242,20.000,20.006,0,2139311,2139311,106934.476492,SUCCESS,sigmoid,
2026-06-08T12:06:30,85.0,42.3,sensor2_serial,3,1,5,1,120,241,20.000,20.006,0,1466237,1466237,73290.987871,SUCCESS,sigmoid,
2026-06-08T12:06:50,85.0,42.3,sensor2_serial,3,1,5,1,120,240,20.000,20.005,0,913700,913700,45672.876440,SUCCESS,sigmoid,
2026-06-08T12:07:10,85.0,42.3,sensor2_serial,3,1,5,1,120,239,20.000,20.005,0,709890,709890,35484.867580,SUCCESS,sigmoid,
2026-06-08T12:07:30,85.0,42.3,sensor2_serial,3,1,5,1,120,238,20.000,20.004,0,352384,352384,17615.250715,SUCCESS,sigmoid,
2026-06-08T12:07:50,85.0,42.3,sensor2_serial,3,1,5,1,120,237,20.000,20.005,0,140028,140028,6999.619682,SUCCESS,sigmoid,
2026-06-08T12:08:10,85.0,42.3,sensor2_serial,3,1,5,1,120,236,20.000,20.006,0,67935,67935,3395.793474,SUCCESS,sigmoid,
2026-06-08T12:08:31,85.0,42.3,sensor2_serial,3,1,5,1,120,235,20.000,20.005,0,29172,29172,1458.213483,SUCCESS,sigmoid,
2026-06-08T12:08:51,85.0,42.3,sensor2_serial,3,1,5,1,120,234,20.000,20.005,0,12005,12005,600.094736,SUCCESS,sigmoid,
2026-06-08T12:09:11,85.0,42.3,sensor2_serial,3,1,5,1,120,233,20.000,20.005,0,3991,3991,199.499420,SUCCESS,sigmoid,
2026-06-08T12:09:31,85.0,42.3,sensor2_serial,3,1,5,1,120,232,20.000,20.005,0,1485,1485,74.230479,SUCCESS,sigmoid,
2026-06-08T12:09:51,85.0,42.3,sensor2_serial,3,1,5,1,120,231,20.000,20.006,0,566,566,28.292128,SUCCESS,sigmoid,
2026-06-08T12:10:11,85.0,42.3,sensor2_serial,3,1,5,1,120,230,20.000,20.005,0,268,268,13.396921,SUCCESS,sigmoid,
2026-06-08T12:10:31,85.0,42.3,sensor2_serial,3,1,5,1,120,229,20.000,20.004,0,67,67,3.349264,SUCCESS,sigmoid,
2026-06-08T12:10:51,85.0,42.3,sensor2_serial,3,1,5,1,120,228,20.000,20.005,0,25,25,1.249659,SUCCESS,sigmoid,
2026-06-08T12:11:11,85.0,42.3,sensor2_serial,3,1,5,1,120,227,20.000,20.004,0,17,17,0.849820,SUCCESS,sigmoid,
2026-06-08T12:11:31,85.0,42.3,sensor2_serial,3,1,5,1,120,226,20.000,20.004,0,15,15,0.749835,SUCCESS,sigmoid,
2026-06-08T12:11:51,85.0,42.3,sensor2_serial,3,1,5,1,120,225,20.000,20.004,0,11,11,0.549880,SUCCESS,sigmoid,
2026-06-08T12:12:11,85.0,42.3,sensor2_serial,3,1,5,1,120,224,20.000,20.004,0,6,6,0.299936,SUCCESS,sigmoid,
2026-06-08T12:12:31,85.0,42.3,sensor2_serial,3,1,5,1,120,223,20.000,20.005,0,5,5,0.249942,SUCCESS,sigmoid,
2026-06-08T12:12:51,85.0,42.3,sensor2_serial,3,1,5,1,120,222,20.000,20.004,0,5,5,0.249948,SUCCESS,sigmoid,
2026-06-08T12:13:11,85.0,42.3,sensor2_serial,3,1,5,1,120,221,20.000,20.004,0,8,8,0.399913,SUCCESS,sigmoid,
2026-06-08T12:13:31,85.0,42.3,sensor2_serial,3,1,5,1,120,220,20.000,20.004,0,6,6,0.299939,SUCCESS,sigmoid,
2026-06-08T12:13:52,85.0,42.3,sensor2_serial,3,1,5,1,120,219,20.000,20.005,0,6,6,0.299929,SUCCESS,sigmoid,
2026-06-08T12:14:12,85.0,42.3,sensor2_serial,3,1,5,1,120,218,20.000,20.004,0,6,6,0.299937,SUCCESS,sigmoid,
2026-06-08T12:14:32,85.0,42.3,sensor2_serial,3,1,5,1,120,217,20.000,20.004,0,5,5,0.249945,SUCCESS,sigmoid,
2026-06-08T12:14:52,85.0,42.3,sensor2_serial,3,1,5,1,120,216,20.000,20.004,0,6,6,0.299935,SUCCESS,sigmoid,
2026-06-08T12:15:12,85.0,42.3,sensor2_serial,3,1,5,1,120,215,20.000,20.005,0,6,6,0.299931,SUCCESS,sigmoid,
2026-06-08T12:15:32,85.0,42.3,sensor2_serial,3,1,5,1,120,214,20.000,20.004,0,6,6,0.299934,SUCCESS,sigmoid,
2026-06-08T12:15:52,85.0,42.3,sensor2_serial,3,1,5,1,120,213,20.000,20.004,0,5,5,0.249949,SUCCESS,sigmoid,
2026-06-08T12:16:12,85.0,42.3,sensor2_serial,3,1,5,1,120,212,20.000,20.005,0,6,6,0.299932,SUCCESS,sigmoid,
2026-06-08T12:16:32,85.0,42.3,sensor2_serial,3,1,5,1,120,211,20.000,20.004,0,5,5,0.249946,SUCCESS,sigmoid,
2026-06-08T12:16:52,85.0,42.3,sensor2_serial,3,1,5,1,120,210,20.000,20.005,0,5,5,0.249939,SUCCESS,sigmoid,
2026-06-08T12:17:12,85.0,42.3,sensor2_serial,3,1,5,1,120,209,20.000,20.005,0,3,3,0.149966,SUCCESS,sigmoid,
2026-06-08T12:17:32,85.0,42.3,sensor2_serial,3,1,5,1,120,208,20.000,20.005,0,5,5,0.249941,SUCCESS,sigmoid,
2026-06-08T12:17:52,85.0,42.3,sensor2_serial,3,1,5,1,120,207,20.000,20.005,0,4,4,0.199945,SUCCESS,sigmoid,
2026-06-08T12:18:12,85.0,42.3,sensor2_serial,3,1,5,1,120,206,20.000,20.005,0,3,3,0.149966,SUCCESS,sigmoid,
2026-06-08T12:18:32,85.0,42.3,sensor2_serial,3,1,5,1,120,205,20.000,20.005,0,5,5,0.249943,SUCCESS,sigmoid,
2026-06-08T12:18:52,85.0,42.3,sensor2_serial,3,1,5,1,120,204,20.000,20.005,0,4,4,0.199954,SUCCESS,sigmoid,
2026-06-08T12:19:12,85.0,42.3,sensor2_serial,3,1,5,1,120,203,20.000,20.004,0,5,5,0.249945,SUCCESS,sigmoid,
2026-06-08T12:19:33,85.0,42.3,sensor2_serial,3,1,5,1,120,202,20.000,20.005,0,3,3,0.149964,SUCCESS,sigmoid,
2026-06-08T12:19:53,85.0,42.3,sensor2_serial,3,1,5,1,120,201,20.000,20.004,0,3,3,0.149969,SUCCESS,sigmoid,
2026-06-08T12:20:13,85.0,42.3,sensor2_serial,3,1,5,1,120,200,20.000,20.005,0,4,4,0.199954,SUCCESS,sigmoid,
2026-06-08T12:20:33,85.0,42.3,sensor2_serial,3,1,5,1,120,199,20.000,20.005,0,6,6,0.299930,SUCCESS,sigmoid,
2026-06-08T12:20:53,85.0,42.3,sensor2_serial,3,1,5,1,120,198,20.000,20.005,0,3,3,0.149966,SUCCESS,sigmoid,
2026-06-08T12:21:13,85.0,42.3,sensor2_serial,3,1,5,1,120,197,20.000,20.005,0,1,1,0.049987,SUCCESS,sigmoid,
2026-06-08T12:21:33,85.0,42.3,sensor2_serial,3,1,5,1,120,196,20.000,20.004,0,6,6,0.299937,SUCCESS,sigmoid,
2026-06-08T12:21:53,85.0,42.3,sensor2_serial,3,1,5,1,120,195,20.000,20.004,0,4,4,0.199956,SUCCESS,sigmoid,
2026-06-08T12:22:13,85.0,42.3,sensor2_serial,3,1,5,1,120,194,20.000,20.005,0,2,2,0.099977,SUCCESS,sigmoid,
2026-06-08T12:22:33,85.0,42.3,sensor2_serial,3,1,5,1,120,193,20.000,20.004,0,3,3,0.149968,SUCCESS,sigmoid,
2026-06-08T12:22:53,85.0,42.3,sensor2_serial,3,1,5,1,120,192,20.000,20.005,0,2,2,0.099977,SUCCESS,sigmoid,
2026-06-08T12:23:13,85.0,42.3,sensor2_serial,3,1,5,1,120,191,20.000,20.004,0,2,2,0.099978,SUCCESS,sigmoid,
2026-06-08T12:23:33,85.0,42.3,sensor2_serial,3,1,5,1,120,190,20.000,20.005,0,2,2,0.099977,SUCCESS,sigmoid,
2026-06-08T12:23:53,85.0,42.3,sensor2_serial,3,1,5,1,120,189,20.000,20.005,0,4,4,0.199953,SUCCESS,sigmoid,
2026-06-08T12:24:13,85.0,42.3,sensor2_serial,3,1,5,1,120,188,20.000,20.004,0,3,3,0.149966,SUCCESS,sigmoid,
2026-06-08T12:24:33,85.0,42.3,sensor2_serial,3,1,5,1,120,187,20.000,20.004,0,3,3,0.149966,SUCCESS,sigmoid,
2026-06-08T12:24:53,85.0,42.3,sensor2_serial,3,1,5,1,120,186,20.000,20.004,0,3,3,0.149967,SUCCESS,sigmoid,
2026-06-08T12:25:14,85.0,42.3,sensor2_serial,3,1,5,1,120,185,20.000,20.005,0,1,1,0.049989,SUCCESS,sigmoid,
2026-06-08T12:25:34,85.0,42.3,sensor2_serial,3,1,5,1,120,184,20.000,20.005,0,2,2,0.099977,SUCCESS,sigmoid,
2026-06-08T12:25:54,85.0,42.3,sensor2_serial,3,1,5,1,120,183,20.000,20.004,0,2,2,0.099979,SUCCESS,sigmoid,
2026-06-08T12:26:14,85.0,42.3,sensor2_serial,3,1,5,1,120,182,20.000,20.005,0,1,1,0.049989,SUCCESS,sigmoid,
2026-06-08T12:26:34,85.0,42.3,sensor2_serial,3,1,5,1,120,181,20.000,20.005,0,1,1,0.049989,SUCCESS,sigmoid,
2026-06-08T12:26:54,85.0,42.3,sensor2_serial,3,1,5,1,120,180,20.000,20.005,0,2,2,0.099974,SUCCESS,sigmoid,
2026-06-08T12:27:14,85.0,42.3,sensor2_serial,3,1,5,1,120,179,20.000,20.004,0,3,3,0.149967,SUCCESS,sigmoid,
2026-06-08T12:27:34,85.0,42.3,sensor2_serial,3,1,5,1,120,178,20.000,20.006,0,1,1,0.049986,SUCCESS,sigmoid,
2026-06-08T12:27:54,85.0,42.3,sensor2_serial,3,1,5,1,120,177,20.000,20.005,0,1,1,0.049988,SUCCESS,sigmoid,
2026-06-08T12:28:14,85.0,42.3,sensor2_serial,3,1,5,1,120,176,20.000,20.005,0,1,1,0.049988,SUCCESS,sigmoid,
2026-06-08T12:28:34,85.0,42.3,sensor2_serial,3,1,5,1,120,175,20.000,20.005,0,1,1,0.049987,SUCCESS,sigmoid,
2026-06-08T12:28:54,85.0,42.3,sensor2_serial,3,1,5,1,120,174,20.000,20.005,0,2,2,0.099977,SUCCESS,sigmoid,
2026-06-08T12:29:14,85.0,42.3,sensor2_serial,3,1,5,1,120,173,20.000,20.005,0,2,2,0.099976,SUCCESS,sigmoid,
2026-06-08T12:29:34,85.0,42.3,sensor2_serial,3,1,5,1,120,172,20.000,20.004,0,1,1,0.049989,SUCCESS,sigmoid,
2026-06-08T12:29:54,85.0,42.3,sensor2_serial,3,1,5,1,120,171,20.000,20.004,0,0,0,0.000000,SUCCESS,sigmoid,
2026-06-08T12:30:14,85.0,42.3,sensor2_serial,3,1,5,1,120,170,20.000,20.004,0,1,1,0.049989,SUCCESS,sigmoid,
2026-06-08T12:30:34,85.0,42.3,sensor2_serial,3,1,5,1,120,169,20.000,20.004,0,1,1,0.049989,SUCCESS,sigmoid,
2026-06-08T12:30:55,85.0,42.3,sensor2_serial,3,1,5,1,120,168,20.000,20.004,0,1,1,0.049989,SUCCESS,sigmoid,
2026-06-08T12:31:15,85.0,42.3,sensor2_serial,3,1,5,1,120,167,20.000,20.004,0,1,1,0.049990,SUCCESS,sigmoid,
2026-06-08T12:31:35,85.0,42.3,sensor2_serial,3,1,5,1,120,166,20.000,20.004,0,1,1,0.049989,SUCCESS,sigmoid,
2026-06-08T12:31:55,85.0,42.3,sensor2_serial,3,1,5,1,120,165,20.000,20.005,0,1,1,0.049989,SUCCESS,sigmoid,
2026-06-08T12:32:15,85.0,42.3,sensor2_serial,3,1,5,1,120,164,20.000,20.005,0,1,1,0.049989,SUCCESS,sigmoid,
2026-06-08T12:32:35,85.0,42.3,sensor2_serial,3,1,5,1,120,163,20.000,20.006,0,0,0,0.000000,SUCCESS,sigmoid,
2026-06-08T12:32:55,85.0,42.3,sensor2_serial,3,1,5,1,120,162,20.000,20.005,0,1,1,0.049988,SUCCESS,sigmoid,
2026-06-08T12:33:15,85.0,42.3,sensor2_serial,3,1,5,1,120,161,20.000,20.005,0,0,0,0.000000,SUCCESS,sigmoid,
2026-06-08T12:33:35,85.0,42.3,sensor2_serial,3,1,5,1,120,160,20.000,20.005,0,1,1,0.049989,SUCCESS,sigmoid,
2026-06-08T12:33:55,85.0,42.3,sensor2_serial,3,1,5,1,120,159,20.000,20.005,0,0,0,0.000000,SUCCESS,sigmoid,
2026-06-08T12:34:15,85.0,42.3,sensor2_serial,3,1,5,1,120,158,20.000,20.005,0,0,0,0.000000,SUCCESS,sigmoid,
2026-06-08T12:34:35,85.0,42.3,sensor2_serial,3,1,5,1,120,157,20.000,20.006,0,0,0,0.000000,SUCCESS,sigmoid,
2026-06-08T12:34:55,85.0,42.3,sensor2_serial,3,1,5,1,120,156,20.000,20.004,0,0,0,0.000000,SUCCESS,sigmoid,
2026-06-08T12:35:15,85.0,42.3,sensor2_serial,3,1,5,1,120,155,20.000,20.005,0,0,0,0.000000,SUCCESS,sigmoid,
2026-06-08T12:35:35,85.0,42.3,sensor2_serial,3,1,5,1,120,154,20.000,20.005,0,1,1,0.049987,SUCCESS,sigmoid,
2026-06-08T12:35:55,85.0,42.3,sensor2_serial,3,1,5,1,120,153,20.000,20.004,0,0,0,0.000000,SUCCESS,sigmoid,
2026-06-08T12:36:15,85.0,42.3,sensor2_serial,3,1,5,1,120,152,20.000,20.005,0,1,1,0.049988,SUCCESS,sigmoid,
2026-06-08T12:36:36,85.0,42.3,sensor2_serial,3,1,5,1,120,151,20.000,20.005,0,1,1,0.049987,SUCCESS,sigmoid,
2026-06-08T12:36:56,85.0,42.3,sensor2_serial,3,1,5,1,120,150,20.000,20.005,0,0,0,0.000000,SUCCESS,sigmoid,
2026-06-08T12:37:16,85.0,42.3,sensor2_serial,3,1,5,1,120,149,20.000,20.005,0,0,0,0.000000,SUCCESS,sigmoid,
2026-06-08T12:37:36,85.0,42.3,sensor2_serial,3,1,5,1,120,148,20.000,20.005,0,0,0,0.000000,SUCCESS,sigmoid,
2026-06-08T12:37:56,85.0,42.3,sensor2_serial,3,1,5,1,120,147,20.000,20.005,0,0,0,0.000000,SUCCESS,sigmoid,
2026-06-08T12:38:16,85.0,42.3,sensor2_serial,3,1,5,1,120,146,20.000,20.005,0,0,0,0.000000,SUCCESS,sigmoid,
2026-06-08T12:38:36,85.0,42.3,sensor2_serial,3,1,5,1,120,145,20.000,20.005,0,0,0,0.000000,SUCCESS,sigmoid,
2026-06-08T12:38:56,85.0,42.3,sensor2_serial,3,1,5,1,120,144,20.000,20.005,0,0,0,0.000000,SUCCESS,sigmoid,
2026-06-08T12:39:16,85.0,42.3,sensor2_serial,3,1,5,1,120,143,20.000,20.004,0,0,0,0.000000,SUCCESS,sigmoid,
2026-06-08T12:39:36,85.0,42.3,sensor2_serial,3,1,5,1,120,142,20.000,20.004,0,2,2,0.099979,SUCCESS,sigmoid,
2026-06-08T12:39:56,85.0,42.3,sensor2_serial,3,1,5,1,120,141,20.000,20.005,0,0,0,0.000000,SUCCESS,sigmoid,
2026-06-08T12:40:16,85.0,42.3,sensor2_serial,3,1,5,1,120,140,20.000,20.005,0,0,0,0.000000,SUCCESS,sigmoid,
2026-06-08T12:40:36,85.0,42.3,sensor2_serial,3,1,5,1,120,139,20.000,20.005,0,0,0,0.000000,SUCCESS,sigmoid,
2026-06-08T12:40:56,85.0,42.3,sensor2_serial,3,1,5,1,120,138,20.000,20.004,0,0,0,0.000000,SUCCESS,sigmoid,
2026-06-08T12:41:16,85.0,42.3,sensor2_serial,3,1,5,1,120,137,20.000,20.005,0,0,0,0.000000,SUCCESS,sigmoid,
2026-06-08T12:41:36,85.0,42.3,sensor2_serial,3,1,5,1,120,136,20.000,20.005,0,0,0,0.000000,SUCCESS,sigmoid,
2026-06-08T12:41:56,85.0,42.3,sensor2_serial,3,1,5,1,120,135,20.000,20.004,0,0,0,0.000000,SUCCESS,sigmoid,
2026-06-08T12:42:17,85.0,42.3,sensor2_serial,3,1,5,1,120,134,20.000,20.005,0,0,0,0.000000,SUCCESS,sigmoid,
2026-06-08T12:42:37,85.0,42.3,sensor2_serial,3,1,5,1,120,133,20.000,20.005,0,0,0,0.000000,SUCCESS,sigmoid,
2026-06-08T12:42:57,85.0,42.3,sensor2_serial,3,1,5,1,120,132,20.000,20.005,0,0,0,0.000000,SUCCESS,sigmoid,
2026-06-08T12:43:17,85.0,42.3,sensor2_serial,3,1,5,1,120,131,20.000,20.005,0,0,0,0.000000,SUCCESS,sigmoid,
2026-06-08T12:43:37,85.0,42.3,sensor2_serial,3,1,5,1,120,130,20.000,20.005,0,0,0,0.000000,SUCCESS,sigmoid,
2026-06-08T12:43:57,85.0,42.3,sensor2_serial,3,1,5,1,120,129,20.000,20.004,0,0,0,0.000000,SUCCESS,sigmoid,
2026-06-08T12:44:17,85.0,42.3,sensor2_serial,3,1,5,1,120,128,20.000,20.005,0,0,0,0.000000,SUCCESS,sigmoid,
2026-06-08T12:44:37,85.0,42.3,sensor2_serial,3,1,5,1,120,127,20.000,20.004,0,0,0,0.000000,SUCCESS,sigmoid,
2026-06-08T12:44:57,85.0,42.3,sensor2_serial,3,1,5,1,120,126,20.000,20.005,0,0,0,0.000000,SUCCESS,sigmoid,
2026-06-08T12:45:17,85.0,42.3,sensor2_serial,3,1,5,1,120,125,20.000,20.005,0,0,0,0.000000,SUCCESS,sigmoid,
2026-06-08T12:45:37,85.0,42.3,sensor2_serial,3,1,5,1,120,124,20.000,20.004,0,0,0,0.000000,SUCCESS,sigmoid,
2026-06-08T12:45:57,85.0,42.3,sensor2_serial,3,1,5,1,120,123,20.000,20.005,0,0,0,0.000000,SUCCESS,sigmoid,
2026-06-08T12:46:17,85.0,42.3,sensor2_serial,3,1,5,1,120,122,20.000,20.005,0,0,0,0.000000,SUCCESS,sigmoid,
2026-06-08T12:46:37,85.0,42.3,sensor2_serial,3,2,6,2,120,255,20.000,20.005,0,1853985,1853985,92674.340881,SUCCESS,sigmoid,
2026-06-08T12:46:57,85.0,42.3,sensor2_serial,3,2,6,2,120,254,20.000,20.005,0,1887860,1887860,94367.432194,SUCCESS,sigmoid,
2026-06-08T12:47:17,85.0,42.3,sensor2_serial,3,2,6,2,120,253,20.000,20.005,0,2125235,2125235,106235.374180,SUCCESS,sigmoid,
2026-06-08T12:47:38,85.0,42.3,sensor2_serial,3,2,6,2,120,252,20.000,20.005,0,2381111,2381111,119026.202831,SUCCESS,sigmoid,
2026-06-08T12:47:58,85.0,42.3,sensor2_serial,3,2,6,2,120,251,20.000,20.006,0,2906150,2906150,145266.912028,SUCCESS,sigmoid,
2026-06-08T12:48:18,85.0,42.3,sensor2_serial,3,2,6,2,120,250,20.000,20.005,0,3214892,3214892,160700.703612,SUCCESS,sigmoid,
2026-06-08T12:48:38,85.0,42.3,sensor2_serial,3,2,6,2,120,249,20.000,20.006,0,3204973,3204973,160204.459462,SUCCESS,sigmoid,
2026-06-08T12:48:58,85.0,42.3,sensor2_serial,3,2,6,2,120,248,20.000,20.006,0,2919891,2919891,145953.237858,SUCCESS,sigmoid,
2026-06-08T12:49:18,85.0,42.3,sensor2_serial,3,2,6,2,120,247,20.000,20.005,0,2379749,2379749,118955.701000,SUCCESS,sigmoid,
2026-06-08T12:49:38,85.0,42.3,sensor2_serial,3,2,6,2,120,246,20.000,20.005,0,1697610,1697610,84860.535750,SUCCESS,sigmoid,
2026-06-08T12:49:58,85.0,42.3,sensor2_serial,3,2,6,2,120,245,20.000,20.005,0,910948,910948,45535.494211,SUCCESS,sigmoid,
2026-06-08T12:50:18,85.0,42.3,sensor2_serial,3,2,6,2,120,244,20.000,20.005,0,561413,561413,28063.360679,SUCCESS,sigmoid,
2026-06-08T12:50:38,85.0,42.3,sensor2_serial,3,2,6,2,120,243,20.000,20.006,0,242379,242379,12115.521562,SUCCESS,sigmoid,
2026-06-08T12:50:58,85.0,42.3,sensor2_serial,3,2,6,2,120,242,20.000,20.006,0,111834,111834,5589.974950,SUCCESS,sigmoid,
2026-06-08T12:51:18,85.0,42.3,sensor2_serial,3,2,6,2,120,241,20.000,20.005,0,46342,46342,2316.486706,SUCCESS,sigmoid,
2026-06-08T12:51:38,85.0,42.3,sensor2_serial,3,2,6,2,120,240,20.000,20.006,0,18145,18145,906.994053,SUCCESS,sigmoid,
2026-06-08T12:51:58,85.0,42.3,sensor2_serial,3,2,6,2,120,239,20.000,20.005,0,7730,7730,386.395370,SUCCESS,sigmoid,
2026-06-08T12:52:18,85.0,42.3,sensor2_serial,3,2,6,2,120,238,20.000,20.004,0,3691,3691,184.509170,SUCCESS,sigmoid,
2026-06-08T12:52:38,85.0,42.3,sensor2_serial,3,2,6,2,120,237,20.000,20.005,0,1083,1083,54.136361,SUCCESS,sigmoid,
2026-06-08T12:52:58,85.0,42.3,sensor2_serial,3,2,6,2,120,236,20.000,20.005,0,440,440,21.994208,SUCCESS,sigmoid,
2026-06-08T12:53:19,85.0,42.3,sensor2_serial,3,2,6,2,120,235,20.000,20.005,0,137,137,6.848132,SUCCESS,sigmoid,
2026-06-08T12:53:39,85.0,42.3,sensor2_serial,3,2,6,2,120,234,20.000,20.005,0,50,50,2.499404,SUCCESS,sigmoid,
2026-06-08T12:53:59,85.0,42.3,sensor2_serial,3,2,6,2,120,233,20.000,20.005,0,35,35,1.749575,SUCCESS,sigmoid,
2026-06-08T12:54:19,85.0,42.3,sensor2_serial,3,2,6,2,120,232,20.000,20.005,0,16,16,0.799813,SUCCESS,sigmoid,
2026-06-08T12:54:39,85.0,42.3,sensor2_serial,3,2,6,2,120,231,20.000,20.005,0,16,16,0.799808,SUCCESS,sigmoid,
2026-06-08T12:54:59,85.0,42.3,sensor2_serial,3,2,6,2,120,230,20.000,20.005,0,10,10,0.499883,SUCCESS,sigmoid,
2026-06-08T12:55:19,85.0,42.3,sensor2_serial,3,2,6,2,120,229,20.000,20.005,0,15,15,0.749823,SUCCESS,sigmoid,
2026-06-08T12:55:39,85.0,42.3,sensor2_serial,3,2,6,2,120,228,20.000,20.005,0,10,10,0.499885,SUCCESS,sigmoid,
2026-06-08T12:55:59,85.0,42.3,sensor2_serial,3,2,6,2,120,227,20.000,20.004,0,11,11,0.549881,SUCCESS,sigmoid,
2026-06-08T12:56:19,85.0,42.3,sensor2_serial,3,2,6,2,120,226,20.000,20.005,0,10,10,0.499885,SUCCESS,sigmoid,
2026-06-08T12:56:39,85.0,42.3,sensor2_serial,3,2,6,2,120,225,20.000,20.005,0,10,10,0.499885,SUCCESS,sigmoid,
2026-06-08T12:56:59,85.0,42.3,sensor2_serial,3,2,6,2,120,224,20.000,20.006,0,9,9,0.449861,SUCCESS,sigmoid,
2026-06-08T12:57:19,85.0,42.3,sensor2_serial,3,2,6,2,120,223,20.000,20.005,0,7,7,0.349914,SUCCESS,sigmoid,
2026-06-08T12:57:39,85.0,42.3,sensor2_serial,3,2,6,2,120,222,20.000,20.004,0,10,10,0.499893,SUCCESS,sigmoid,
2026-06-08T12:57:59,85.0,42.3,sensor2_serial,3,2,6,2,120,221,20.000,20.005,0,6,6,0.299919,SUCCESS,sigmoid,
2026-06-08T12:58:19,85.0,42.3,sensor2_serial,3,2,6,2,120,220,20.000,20.004,0,8,8,0.399916,SUCCESS,sigmoid,
2026-06-08T12:58:39,85.0,42.3,sensor2_serial,3,2,6,2,120,219,20.000,20.005,0,9,9,0.449899,SUCCESS,sigmoid,
2026-06-08T12:59:00,85.0,42.3,sensor2_serial,3,2,6,2,120,218,20.000,20.004,0,8,8,0.399911,SUCCESS,sigmoid,
2026-06-08T12:59:20,85.0,42.3,sensor2_serial,3,2,6,2,120,217,20.000,20.004,0,7,7,0.349928,SUCCESS,sigmoid,
2026-06-08T12:59:40,85.0,42.3,sensor2_serial,3,2,6,2,120,216,20.000,20.005,0,9,9,0.449895,SUCCESS,sigmoid,
2026-06-08T13:00:00,85.0,42.3,sensor2_serial,3,2,6,2,120,215,20.000,20.004,0,9,9,0.449906,SUCCESS,sigmoid,
2026-06-08T13:00:20,85.0,42.3,sensor2_serial,3,2,6,2,120,214,20.000,20.005,0,7,7,0.349912,SUCCESS,sigmoid,
2026-06-08T13:00:40,85.0,42.3,sensor2_serial,3,2,6,2,120,213,20.000,20.005,0,5,5,0.249937,SUCCESS,sigmoid,
2026-06-08T13:01:00,85.0,42.3,sensor2_serial,3,2,6,2,120,212,20.000,20.004,0,7,7,0.349926,SUCCESS,sigmoid,
2026-06-08T13:01:20,85.0,42.3,sensor2_serial,3,2,6,2,120,211,20.000,20.004,0,6,6,0.299938,SUCCESS,sigmoid,
2026-06-08T13:01:40,85.0,42.3,sensor2_serial,3,2,6,2,120,210,20.000,20.004,0,4,4,0.199958,SUCCESS,sigmoid,
2026-06-08T13:02:00,85.0,42.3,sensor2_serial,3,2,6,2,120,209,20.000,20.004,0,4,4,0.199955,SUCCESS,sigmoid,
2026-06-08T13:02:20,85.0,42.3,sensor2_serial,3,2,6,2,120,208,20.000,20.005,0,3,3,0.149965,SUCCESS,sigmoid,
2026-06-08T13:02:40,85.0,42.3,sensor2_serial,3,2,6,2,120,207,20.000,20.004,0,7,7,0.349927,SUCCESS,sigmoid,
2026-06-08T13:03:00,85.0,42.3,sensor2_serial,3,2,6,2,120,206,20.000,20.004,0,7,7,0.349926,SUCCESS,sigmoid,
2026-06-08T13:03:20,85.0,42.3,sensor2_serial,3,2,6,2,120,205,20.000,20.004,0,6,6,0.299938,SUCCESS,sigmoid,
2026-06-08T13:03:40,85.0,42.3,sensor2_serial,3,2,6,2,120,204,20.000,20.004,0,4,4,0.199956,SUCCESS,sigmoid,
2026-06-08T13:04:00,85.0,42.3,sensor2_serial,3,2,6,2,120,203,20.000,20.005,0,5,5,0.249938,SUCCESS,sigmoid,
2026-06-08T13:04:20,85.0,42.3,sensor2_serial,3,2,6,2,120,202,20.000,20.005,0,4,4,0.199947,SUCCESS,sigmoid,
2026-06-08T13:04:41,85.0,42.3,sensor2_serial,3,2,6,2,120,201,20.000,20.005,0,3,3,0.149965,SUCCESS,sigmoid,
2026-06-08T13:05:01,85.0,42.3,sensor2_serial,3,2,6,2,120,200,20.000,20.005,0,3,3,0.149966,SUCCESS,sigmoid,
2026-06-08T13:05:21,85.0,42.3,sensor2_serial,3,2,6,2,120,199,20.000,20.004,0,3,3,0.149967,SUCCESS,sigmoid,
2026-06-08T13:05:41,85.0,42.3,sensor2_serial,3,2,6,2,120,198,20.000,20.005,0,1,1,0.049988,SUCCESS,sigmoid,
2026-06-08T13:06:01,85.0,42.3,sensor2_serial,3,2,6,2,120,197,20.000,20.005,0,3,3,0.149963,SUCCESS,sigmoid,
2026-06-08T13:06:21,85.0,42.3,sensor2_serial,3,2,6,2,120,196,20.000,20.005,0,2,2,0.099977,SUCCESS,sigmoid,
2026-06-08T13:06:41,85.0,42.3,sensor2_serial,3,2,6,2,120,195,20.000,20.004,0,2,2,0.099978,SUCCESS,sigmoid,
2026-06-08T13:07:01,85.0,42.3,sensor2_serial,3,2,6,2,120,194,20.000,20.004,0,1,1,0.049989,SUCCESS,sigmoid,
2026-06-08T13:07:21,85.0,42.3,sensor2_serial,3,2,6,2,120,193,20.000,20.005,0,2,2,0.099975,SUCCESS,sigmoid,
2026-06-08T13:07:41,85.0,42.3,sensor2_serial,3,2,6,2,120,192,20.000,20.004,0,3,3,0.149967,SUCCESS,sigmoid,
2026-06-08T13:08:01,85.0,42.3,sensor2_serial,3,2,6,2,120,191,20.000,20.005,0,2,2,0.099975,SUCCESS,sigmoid,
2026-06-08T13:08:21,85.0,42.3,sensor2_serial,3,2,6,2,120,190,20.000,20.006,0,3,3,0.149959,SUCCESS,sigmoid,
2026-06-08T13:08:41,85.0,42.3,sensor2_serial,3,2,6,2,120,189,20.000,20.005,0,4,4,0.199954,SUCCESS,sigmoid,
2026-06-08T13:09:01,85.0,42.3,sensor2_serial,3,2,6,2,120,188,20.000,20.005,0,2,2,0.099977,SUCCESS,sigmoid,
2026-06-08T13:09:21,85.0,42.3,sensor2_serial,3,2,6,2,120,187,20.000,20.005,0,2,2,0.099977,SUCCESS,sigmoid,
2026-06-08T13:09:41,85.0,42.3,sensor2_serial,3,2,6,2,120,186,20.000,20.004,0,3,3,0.149967,SUCCESS,sigmoid,
2026-06-08T13:10:01,85.0,42.3,sensor2_serial,3,2,6,2,120,185,20.000,20.005,0,2,2,0.099975,SUCCESS,sigmoid,
2026-06-08T13:10:22,85.0,42.3,sensor2_serial,3,2,6,2,120,184,20.000,20.004,0,3,3,0.149969,SUCCESS,sigmoid,
2026-06-08T13:10:42,85.0,42.3,sensor2_serial,3,2,6,2,120,183,20.000,20.005,0,1,1,0.049988,SUCCESS,sigmoid,
2026-06-08T13:11:02,85.0,42.3,sensor2_serial,3,2,6,2,120,182,20.000,20.005,0,2,2,0.099977,SUCCESS,sigmoid,
2026-06-08T13:11:22,85.0,42.3,sensor2_serial,3,2,6,2,120,181,20.000,20.005,0,2,2,0.099976,SUCCESS,sigmoid,
2026-06-08T13:11:42,85.0,42.3,sensor2_serial,3,2,6,2,120,180,20.000,20.004,0,1,1,0.049989,SUCCESS,sigmoid,
2026-06-08T13:12:02,85.0,42.3,sensor2_serial,3,2,6,2,120,179,20.000,20.005,0,3,3,0.149960,SUCCESS,sigmoid,
2026-06-08T13:12:22,85.0,42.3,sensor2_serial,3,2,6,2,120,178,20.000,20.005,0,1,1,0.049988,SUCCESS,sigmoid,
2026-06-08T13:12:42,85.0,42.3,sensor2_serial,3,2,6,2,120,177,20.000,20.005,0,0,0,0.000000,SUCCESS,sigmoid,
2026-06-08T13:13:02,85.0,42.3,sensor2_serial,3,2,6,2,120,176,20.000,20.004,0,1,1,0.049989,SUCCESS,sigmoid,
2026-06-08T13:13:22,85.0,42.3,sensor2_serial,3,2,6,2,120,175,20.000,20.005,0,3,3,0.149965,SUCCESS,sigmoid,
2026-06-08T13:13:42,85.0,42.3,sensor2_serial,3,2,6,2,120,174,20.000,20.004,0,1,1,0.049989,SUCCESS,sigmoid,
2026-06-08T13:14:02,85.0,42.3,sensor2_serial,3,2,6,2,120,173,20.000,20.005,0,1,1,0.049988,SUCCESS,sigmoid,
2026-06-08T13:14:22,85.0,42.3,sensor2_serial,3,2,6,2,120,172,20.000,20.005,0,1,1,0.049988,SUCCESS,sigmoid,
2026-06-08T13:14:42,85.0,42.3,sensor2_serial,3,2,6,2,120,171,20.000,20.004,0,1,1,0.049989,SUCCESS,sigmoid,
2026-06-08T13:15:02,85.0,42.3,sensor2_serial,3,2,6,2,120,170,20.000,20.005,0,0,0,0.000000,SUCCESS,sigmoid,
2026-06-08T13:15:22,85.0,42.3,sensor2_serial,3,2,6,2,120,169,20.000,20.005,0,1,1,0.049988,SUCCESS,sigmoid,
2026-06-08T13:15:42,85.0,42.3,sensor2_serial,3,2,6,2,120,168,20.000,20.005,0,1,1,0.049988,SUCCESS,sigmoid,
2026-06-08T13:16:03,85.0,42.3,sensor2_serial,3,2,6,2,120,167,20.000,20.005,0,0,0,0.000000,SUCCESS,sigmoid,
2026-06-08T13:16:23,85.0,42.3,sensor2_serial,3,2,6,2,120,166,20.000,20.004,0,1,1,0.049989,SUCCESS,sigmoid,
2026-06-08T13:16:43,85.0,42.3,sensor2_serial,3,2,6,2,120,165,20.000,20.004,0,0,0,0.000000,SUCCESS,sigmoid,
2026-06-08T13:17:03,85.0,42.3,sensor2_serial,3,2,6,2,120,164,20.000,20.005,0,0,0,0.000000,SUCCESS,sigmoid,
2026-06-08T13:17:23,85.0,42.3,sensor2_serial,3,2,6,2,120,163,20.000,20.004,0,1,1,0.049990,SUCCESS,sigmoid,
2026-06-08T13:17:43,85.0,42.3,sensor2_serial,3,2,6,2,120,162,20.000,20.005,0,1,1,0.049989,SUCCESS,sigmoid,
2026-06-08T13:18:03,85.0,42.3,sensor2_serial,3,2,6,2,120,161,20.000,20.005,0,0,0,0.000000,SUCCESS,sigmoid,
2026-06-08T13:18:23,85.0,42.3,sensor2_serial,3,2,6,2,120,160,20.000,20.004,0,0,0,0.000000,SUCCESS,sigmoid,
2026-06-08T13:18:43,85.0,42.3,sensor2_serial,3,2,6,2,120,159,20.000,20.005,0,0,0,0.000000,SUCCESS,sigmoid,
2026-06-08T13:19:03,85.0,42.3,sensor2_serial,3,2,6,2,120,158,20.000,20.004,0,1,1,0.049989,SUCCESS,sigmoid,
2026-06-08T13:19:23,85.0,42.3,sensor2_serial,3,2,6,2,120,157,20.000,20.005,0,1,1,0.049988,SUCCESS,sigmoid,
2026-06-08T13:19:43,85.0,42.3,sensor2_serial,3,2,6,2,120,156,20.000,20.005,0,0,0,0.000000,SUCCESS,sigmoid,
2026-06-08T13:20:03,85.0,42.3,sensor2_serial,3,2,6,2,120,155,20.000,20.004,0,0,0,0.000000,SUCCESS,sigmoid,
2026-06-08T13:20:23,85.0,42.3,sensor2_serial,3,2,6,2,120,154,20.000,20.005,0,0,0,0.000000,SUCCESS,sigmoid,
2026-06-08T13:20:43,85.0,42.3,sensor2_serial,3,2,6,2,120,153,20.000,20.005,0,1,1,0.049988,SUCCESS,sigmoid,
2026-06-08T13:21:03,85.0,42.3,sensor2_serial,3,2,6,2,120,152,20.000,20.005,0,1,1,0.049988,SUCCESS,sigmoid,
2026-06-08T13:21:24,85.0,42.3,sensor2_serial,3,2,6,2,120,151,20.000,20.004,0,0,0,0.000000,SUCCESS,sigmoid,
2026-06-08T13:21:44,85.0,42.3,sensor2_serial,3,2,6,2,120,150,20.000,20.005,0,0,0,0.000000,SUCCESS,sigmoid,
2026-06-08T13:22:04,85.0,42.3,sensor2_serial,3,2,6,2,120,149,20.000,20.005,0,1,1,0.049987,SUCCESS,sigmoid,
2026-06-08T13:22:24,85.0,42.3,sensor2_serial,3,2,6,2,120,148,20.000,20.005,0,0,0,0.000000,SUCCESS,sigmoid,
2026-06-08T13:22:44,85.0,42.3,sensor2_serial,3,2,6,2,120,147,20.000,20.004,0,0,0,0.000000,SUCCESS,sigmoid,
2026-06-08T13:23:04,85.0,42.3,sensor2_serial,3,2,6,2,120,146,20.000,20.004,0,0,0,0.000000,SUCCESS,sigmoid,
2026-06-08T13:23:24,85.0,42.3,sensor2_serial,3,2,6,2,120,145,20.000,20.005,0,0,0,0.000000,SUCCESS,sigmoid,
2026-06-08T13:23:44,85.0,42.3,sensor2_serial,3,2,6,2,120,144,20.000,20.004,0,0,0,0.000000,SUCCESS,sigmoid,
2026-06-08T13:24:04,85.0,42.3,sensor2_serial,3,2,6,2,120,143,20.000,20.004,0,0,0,0.000000,SUCCESS,sigmoid,
2026-06-08T13:24:24,85.0,42.3,sensor2_serial,3,2,6,2,120,142,20.000,20.004,0,1,1,0.049989,SUCCESS,sigmoid,
2026-06-08T13:24:44,85.0,42.3,sensor2_serial,3,2,6,2,120,141,20.000,20.004,0,0,0,0.000000,SUCCESS,sigmoid,
2026-06-08T13:25:04,85.0,42.3,sensor2_serial,3,2,6,2,120,140,20.000,20.004,0,0,0,0.000000,SUCCESS,sigmoid,
2026-06-08T13:25:24,85.0,42.3,sensor2_serial,3,2,6,2,120,139,20.000,20.004,0,0,0,0.000000,SUCCESS,sigmoid,
2026-06-08T13:25:44,85.0,42.3,sensor2_serial,3,2,6,2,120,138,20.000,20.005,0,0,0,0.000000,SUCCESS,sigmoid,
2026-06-08T13:26:04,85.0,42.3,sensor2_serial,3,2,6,2,120,137,20.000,20.005,0,0,0,0.000000,SUCCESS,sigmoid,
2026-06-08T13:26:24,85.0,42.3,sensor2_serial,3,2,6,2,120,136,20.000,20.004,0,0,0,0.000000,SUCCESS,sigmoid,
2026-06-08T13:26:44,85.0,42.3,sensor2_serial,3,2,6,2,120,135,20.000,20.004,0,0,0,0.000000,SUCCESS,sigmoid,
2026-06-08T13:27:05,85.0,42.3,sensor2_serial,3,2,6,2,120,134,20.000,20.005,0,0,0,0.000000,SUCCESS,sigmoid,
2026-06-08T13:27:25,85.0,42.3,sensor2_serial,3,2,6,2,120,133,20.000,20.005,0,0,0,0.000000,SUCCESS,sigmoid,
2026-06-08T13:27:45,85.0,42.3,sensor2_serial,3,2,6,2,120,132,20.000,20.005,0,0,0,0.000000,SUCCESS,sigmoid,
2026-06-08T13:28:05,85.0,42.3,sensor2_serial,3,2,6,2,120,131,20.000,20.005,0,0,0,0.000000,SUCCESS,sigmoid,
2026-06-08T13:28:25,85.0,42.3,sensor2_serial,3,2,6,2,120,130,20.000,20.004,0,0,0,0.000000,SUCCESS,sigmoid,
2026-06-08T13:28:45,85.0,42.3,sensor2_serial,3,2,6,2,120,129,20.000,20.004,0,0,0,0.000000,SUCCESS,sigmoid,
2026-06-08T13:29:05,85.0,42.3,sensor2_serial,3,2,6,2,120,128,20.000,20.005,0,0,0,0.000000,SUCCESS,sigmoid,
2026-06-08T13:29:25,85.0,42.3,sensor2_serial,3,2,6,2,120,127,20.000,20.004,0,0,0,0.000000,SUCCESS,sigmoid,
2026-06-08T13:29:45,85.0,42.3,sensor2_serial,3,2,6,2,120,126,20.000,20.005,0,0,0,0.000000,SUCCESS,sigmoid,
2026-06-08T13:30:05,85.0,42.3,sensor2_serial,3,2,6,2,120,125,20.000,20.005,0,0,0,0.000000,SUCCESS,sigmoid,
2026-06-08T13:30:25,85.0,42.3,sensor2_serial,3,2,6,2,120,124,20.000,20.005,0,0,0,0.000000,SUCCESS,sigmoid,
2026-06-08T13:30:45,85.0,42.3,sensor2_serial,3,2,6,2,120,123,20.000,20.004,0,0,0,0.000000,SUCCESS,sigmoid,
2026-06-08T13:31:05,85.0,42.3,sensor2_serial,3,2,6,2,120,122,20.000,20.005,0,0,0,0.000000,SUCCESS,sigmoid,
2026-06-08T13:31:39,86.0,41.3,sensor2_serial,3,0,4,0,120,255,20.000,20.005,0,3624353,3624353,181169.099855,SUCCESS,sigmoid,
2026-06-08T13:31:59,86.0,41.3,sensor2_serial,3,0,4,0,120,254,20.000,20.006,0,3467058,3467058,173303.575692,SUCCESS,sigmoid,
2026-06-08T13:32:19,86.0,41.3,sensor2_serial,3,0,4,0,120,253,20.000,20.005,0,2918083,2918083,145865.083318,SUCCESS,sigmoid,
2026-06-08T13:32:39,86.0,41.3,sensor2_serial,3,0,4,0,120,252,20.000,20.005,0,2099449,2099449,104947.262231,SUCCESS,sigmoid,
2026-06-08T13:33:00,86.0,41.3,sensor2_serial,3,0,4,0,120,251,20.000,20.005,0,1273200,1273200,63643.010035,SUCCESS,sigmoid,
2026-06-08T13:33:20,86.0,41.3,sensor2_serial,3,0,4,0,120,250,20.000,20.005,0,713470,713470,35664.408956,SUCCESS,sigmoid,
2026-06-08T13:33:40,86.0,41.3,sensor2_serial,3,0,4,0,120,249,20.000,20.005,0,328959,328959,16443.492270,SUCCESS,sigmoid,
2026-06-08T13:34:00,86.0,41.3,sensor2_serial,3,0,4,0,120,248,20.000,20.006,0,162401,162401,8117.810409,SUCCESS,sigmoid,
2026-06-08T13:34:20,86.0,41.3,sensor2_serial,3,0,4,0,120,247,20.000,20.005,0,80974,80974,4047.642661,SUCCESS,sigmoid,
2026-06-08T13:34:40,86.0,41.3,sensor2_serial,3,0,4,0,120,246,20.000,20.005,0,33372,33372,1668.156622,SUCCESS,sigmoid,
2026-06-08T13:35:00,86.0,41.3,sensor2_serial,3,0,4,0,120,245,20.000,20.006,0,33402,33402,1669.632366,SUCCESS,sigmoid,
2026-06-08T13:35:20,86.0,41.3,sensor2_serial,3,0,4,0,120,244,20.000,20.006,0,14934,14934,746.482817,SUCCESS,sigmoid,
2026-06-08T13:35:40,86.0,41.3,sensor2_serial,3,0,4,0,120,243,20.000,20.005,0,5661,5661,282.977675,SUCCESS,sigmoid,
2026-06-08T13:36:00,86.0,41.3,sensor2_serial,3,0,4,0,120,242,20.000,20.005,0,1849,1849,92.424636,SUCCESS,sigmoid,
2026-06-08T13:36:20,86.0,41.3,sensor2_serial,3,0,4,0,120,241,20.000,20.005,0,660,660,32.991672,SUCCESS,sigmoid,
2026-06-08T13:36:40,86.0,41.3,sensor2_serial,3,0,4,0,120,240,20.000,20.005,0,312,312,15.595925,SUCCESS,sigmoid,
2026-06-08T13:37:00,86.0,41.3,sensor2_serial,3,0,4,0,120,239,20.000,20.005,0,180,180,8.997813,SUCCESS,sigmoid,
2026-06-08T13:37:20,86.0,41.3,sensor2_serial,3,0,4,0,120,238,20.000,20.005,0,127,127,6.348403,SUCCESS,sigmoid,
2026-06-08T13:37:40,86.0,41.3,sensor2_serial,3,0,4,0,120,237,20.000,20.005,0,61,61,3.049297,SUCCESS,sigmoid,
2026-06-08T13:38:00,86.0,41.3,sensor2_serial,3,0,4,0,120,236,20.000,20.005,0,47,47,2.349395,SUCCESS,sigmoid,
2026-06-08T13:38:20,86.0,41.3,sensor2_serial,3,0,4,0,120,235,20.000,20.004,0,52,52,2.599416,SUCCESS,sigmoid,
2026-06-08T13:38:41,86.0,41.3,sensor2_serial,3,0,4,0,120,234,20.000,20.005,0,43,43,2.149412,SUCCESS,sigmoid,
2026-06-08T13:39:01,86.0,41.3,sensor2_serial,3,0,4,0,120,233,20.000,20.005,0,36,36,1.799521,SUCCESS,sigmoid,
2026-06-08T13:39:21,86.0,41.3,sensor2_serial,3,0,4,0,120,232,20.000,20.005,0,30,30,1.499620,SUCCESS,sigmoid,
2026-06-08T13:39:41,86.0,41.3,sensor2_serial,3,0,4,0,120,231,20.000,20.005,0,37,37,1.849545,SUCCESS,sigmoid,
2026-06-08T13:40:01,86.0,41.3,sensor2_serial,3,0,4,0,120,230,20.000,20.005,0,28,28,1.399674,SUCCESS,sigmoid,
2026-06-08T13:40:21,86.0,41.3,sensor2_serial,3,0,4,0,120,229,20.000,20.004,0,26,26,1.299729,SUCCESS,sigmoid,
2026-06-08T13:40:41,86.0,41.3,sensor2_serial,3,0,4,0,120,228,20.000,20.005,0,27,27,1.349692,SUCCESS,sigmoid,
2026-06-08T13:41:01,86.0,41.3,sensor2_serial,3,0,4,0,120,227,20.000,20.005,0,17,17,0.849785,SUCCESS,sigmoid,
2026-06-08T13:41:21,86.0,41.3,sensor2_serial,3,0,4,0,120,226,20.000,20.005,0,21,21,1.049751,SUCCESS,sigmoid,
2026-06-08T13:41:41,86.0,41.3,sensor2_serial,3,0,4,0,120,225,20.000,20.005,0,17,17,0.849787,SUCCESS,sigmoid,
2026-06-08T13:42:01,86.0,41.3,sensor2_serial,3,0,4,0,120,224,20.000,20.004,0,15,15,0.749843,SUCCESS,sigmoid,
2026-06-08T13:42:21,86.0,41.3,sensor2_serial,3,0,4,0,120,223,20.000,20.004,0,21,21,1.049773,SUCCESS,sigmoid,
2026-06-08T13:42:41,86.0,41.3,sensor2_serial,3,0,4,0,120,222,20.000,20.005,0,16,16,0.799818,SUCCESS,sigmoid,
2026-06-08T13:43:01,86.0,41.3,sensor2_serial,3,0,4,0,120,221,20.000,20.004,0,12,12,0.599872,SUCCESS,sigmoid,
2026-06-08T13:43:21,86.0,41.3,sensor2_serial,3,0,4,0,120,220,20.000,20.005,0,11,11,0.549857,SUCCESS,sigmoid,
2026-06-08T13:43:41,86.0,41.3,sensor2_serial,3,0,4,0,120,219,20.000,20.005,0,9,9,0.449899,SUCCESS,sigmoid,
2026-06-08T13:44:01,86.0,41.3,sensor2_serial,3,0,4,0,120,218,20.000,20.005,0,10,10,0.499885,SUCCESS,sigmoid,
2026-06-08T13:44:22,86.0,41.3,sensor2_serial,3,0,4,0,120,217,20.000,20.005,0,9,9,0.449895,SUCCESS,sigmoid,
2026-06-08T13:44:42,86.0,41.3,sensor2_serial,3,0,4,0,120,216,20.000,20.005,0,7,7,0.349906,SUCCESS,sigmoid,
2026-06-08T13:45:02,86.0,41.3,sensor2_serial,3,0,4,0,120,215,20.000,20.004,0,7,7,0.349924,SUCCESS,sigmoid,
2026-06-08T13:45:22,86.0,41.3,sensor2_serial,3,0,4,0,120,214,20.000,20.004,0,7,7,0.349926,SUCCESS,sigmoid,
2026-06-08T13:45:42,86.0,41.3,sensor2_serial,3,0,4,0,120,213,20.000,20.005,0,8,8,0.399899,SUCCESS,sigmoid,
2026-06-08T13:46:02,86.0,41.3,sensor2_serial,3,0,4,0,120,212,20.000,20.004,0,7,7,0.349929,SUCCESS,sigmoid,
2026-06-08T13:46:22,86.0,41.3,sensor2_serial,3,0,4,0,120,211,20.000,20.005,0,6,6,0.299930,SUCCESS,sigmoid,
2026-06-08T13:46:42,86.0,41.3,sensor2_serial,3,0,4,0,120,210,20.000,20.004,0,3,3,0.149966,SUCCESS,sigmoid,
2026-06-08T13:47:02,86.0,41.3,sensor2_serial,3,0,4,0,120,209,20.000,20.004,0,4,4,0.199958,SUCCESS,sigmoid,
2026-06-08T13:47:22,86.0,41.3,sensor2_serial,3,0,4,0,120,208,20.000,20.004,0,5,5,0.249948,SUCCESS,sigmoid,
2026-06-08T13:47:42,86.0,41.3,sensor2_serial,3,0,4,0,120,207,20.000,20.005,0,7,7,0.349915,SUCCESS,sigmoid,
2026-06-08T13:48:02,86.0,41.3,sensor2_serial,3,0,4,0,120,206,20.000,20.004,0,6,6,0.299941,SUCCESS,sigmoid,
2026-06-08T13:48:22,86.0,41.3,sensor2_serial,3,0,4,0,120,205,20.000,20.004,0,3,3,0.149968,SUCCESS,sigmoid,
2026-06-08T13:48:42,86.0,41.3,sensor2_serial,3,0,4,0,120,204,20.000,20.005,0,6,6,0.299928,SUCCESS,sigmoid,
2026-06-08T13:49:02,86.0,41.3,sensor2_serial,3,0,4,0,120,203,20.000,20.004,0,2,2,0.099979,SUCCESS,sigmoid,
2026-06-08T13:49:22,86.0,41.3,sensor2_serial,3,0,4,0,120,202,20.000,20.005,0,3,3,0.149961,SUCCESS,sigmoid,
2026-06-08T13:49:43,86.0,41.3,sensor2_serial,3,0,4,0,120,201,20.000,20.004,0,3,3,0.149967,SUCCESS,sigmoid,
2026-06-08T13:50:03,86.0,41.3,sensor2_serial,3,0,4,0,120,200,20.000,20.005,0,5,5,0.249935,SUCCESS,sigmoid,
2026-06-08T13:50:23,86.0,41.3,sensor2_serial,3,0,4,0,120,199,20.000,20.004,0,3,3,0.149967,SUCCESS,sigmoid,
2026-06-08T13:50:43,86.0,41.3,sensor2_serial,3,0,4,0,120,198,20.000,20.005,0,2,2,0.099976,SUCCESS,sigmoid,
2026-06-08T13:51:03,86.0,41.3,sensor2_serial,3,0,4,0,120,197,20.000,20.005,0,3,3,0.149963,SUCCESS,sigmoid,
2026-06-08T13:51:23,86.0,41.3,sensor2_serial,3,0,4,0,120,196,20.000,20.004,0,2,2,0.099978,SUCCESS,sigmoid,
2026-06-08T13:51:43,86.0,41.3,sensor2_serial,3,0,4,0,120,195,20.000,20.004,0,1,1,0.049989,SUCCESS,sigmoid,
2026-06-08T13:52:03,86.0,41.3,sensor2_serial,3,0,4,0,120,194,20.000,20.005,0,3,3,0.149965,SUCCESS,sigmoid,
2026-06-08T13:52:23,86.0,41.3,sensor2_serial,3,0,4,0,120,193,20.000,20.005,0,2,2,0.099975,SUCCESS,sigmoid,
2026-06-08T13:52:43,86.0,41.3,sensor2_serial,3,0,4,0,120,192,20.000,20.004,0,2,2,0.099981,SUCCESS,sigmoid,
2026-06-08T13:53:03,86.0,41.3,sensor2_serial,3,0,4,0,120,191,20.000,20.005,0,4,4,0.199947,SUCCESS,sigmoid,
2026-06-08T13:53:23,86.0,41.3,sensor2_serial,3,0,4,0,120,190,20.000,20.005,0,2,2,0.099975,SUCCESS,sigmoid,
2026-06-08T13:53:43,86.0,41.3,sensor2_serial,3,0,4,0,120,189,20.000,20.005,0,1,1,0.049987,SUCCESS,sigmoid,
2026-06-08T13:54:03,86.0,41.3,sensor2_serial,3,0,4,0,120,188,20.000,20.005,0,2,2,0.099974,SUCCESS,sigmoid,
2026-06-08T13:54:23,86.0,41.3,sensor2_serial,3,0,4,0,120,187,20.000,20.004,0,1,1,0.049989,SUCCESS,sigmoid,
2026-06-08T13:54:43,86.0,41.3,sensor2_serial,3,0,4,0,120,186,20.000,20.005,0,2,2,0.099975,SUCCESS,sigmoid,
2026-06-08T13:55:03,86.0,41.3,sensor2_serial,3,0,4,0,120,185,20.000,20.005,0,1,1,0.049988,SUCCESS,sigmoid,
2026-06-08T13:55:24,86.0,41.3,sensor2_serial,3,0,4,0,120,184,20.000,20.004,0,1,1,0.049989,SUCCESS,sigmoid,
2026-06-08T13:55:44,86.0,41.3,sensor2_serial,3,0,4,0,120,183,20.000,20.005,0,2,2,0.099976,SUCCESS,sigmoid,
2026-06-08T13:56:04,86.0,41.3,sensor2_serial,3,0,4,0,120,182,20.000,20.005,0,1,1,0.049987,SUCCESS,sigmoid,
2026-06-08T13:56:24,86.0,41.3,sensor2_serial,3,0,4,0,120,181,20.000,20.004,0,1,1,0.049989,SUCCESS,sigmoid,
2026-06-08T13:56:44,86.0,41.3,sensor2_serial,3,0,4,0,120,180,20.000,20.005,0,1,1,0.049988,SUCCESS,sigmoid,
2026-06-08T13:57:04,86.0,41.3,sensor2_serial,3,0,4,0,120,179,20.000,20.005,0,2,2,0.099976,SUCCESS,sigmoid,
2026-06-08T13:57:24,86.0,41.3,sensor2_serial,3,0,4,0,120,178,20.000,20.005,0,1,1,0.049987,SUCCESS,sigmoid,
2026-06-08T13:57:44,86.0,41.3,sensor2_serial,3,0,4,0,120,177,20.000,20.004,0,1,1,0.049989,SUCCESS,sigmoid,
2026-06-08T13:58:04,86.0,41.3,sensor2_serial,3,0,4,0,120,176,20.000,20.004,0,1,1,0.049989,SUCCESS,sigmoid,
2026-06-08T13:58:24,86.0,41.3,sensor2_serial,3,0,4,0,120,175,20.000,20.004,0,1,1,0.049990,SUCCESS,sigmoid,
2026-06-08T13:58:44,86.0,41.3,sensor2_serial,3,0,4,0,120,174,20.000,20.005,0,2,2,0.099976,SUCCESS,sigmoid,
2026-06-08T13:59:04,86.0,41.3,sensor2_serial,3,0,4,0,120,173,20.000,20.005,0,1,1,0.049988,SUCCESS,sigmoid,
2026-06-08T13:59:24,86.0,41.3,sensor2_serial,3,0,4,0,120,172,20.000,20.005,0,1,1,0.049988,SUCCESS,sigmoid,
2026-06-08T13:59:44,86.0,41.3,sensor2_serial,3,0,4,0,120,171,20.000,20.004,0,0,0,0.000000,SUCCESS,sigmoid,
2026-06-08T14:00:04,86.0,41.3,sensor2_serial,3,0,4,0,120,170,20.000,20.005,0,1,1,0.049989,SUCCESS,sigmoid,
2026-06-08T14:00:24,86.0,41.3,sensor2_serial,3,0,4,0,120,169,20.000,20.004,0,1,1,0.049990,SUCCESS,sigmoid,
2026-06-08T14:00:44,86.0,41.3,sensor2_serial,3,0,4,0,120,168,20.000,20.005,0,1,1,0.049989,SUCCESS,sigmoid,
2026-06-08T14:01:05,86.0,41.3,sensor2_serial,3,0,4,0,120,167,20.000,20.005,0,1,1,0.049988,SUCCESS,sigmoid,
2026-06-08T14:01:25,86.0,41.3,sensor2_serial,3,0,4,0,120,166,20.000,20.005,0,1,1,0.049988,SUCCESS,sigmoid,
2026-06-08T14:01:45,86.0,41.3,sensor2_serial,3,0,4,0,120,165,20.000,20.004,0,1,1,0.049989,SUCCESS,sigmoid,
2026-06-08T14:02:05,86.0,41.3,sensor2_serial,3,0,4,0,120,164,20.000,20.005,0,1,1,0.049989,SUCCESS,sigmoid,
2026-06-08T14:02:25,86.0,41.3,sensor2_serial,3,0,4,0,120,163,20.000,20.005,0,1,1,0.049988,SUCCESS,sigmoid,
2026-06-08T14:02:45,86.0,41.3,sensor2_serial,3,0,4,0,120,162,20.000,20.004,0,0,0,0.000000,SUCCESS,sigmoid,
2026-06-08T14:03:05,86.0,41.3,sensor2_serial,3,0,4,0,120,161,20.000,20.005,0,1,1,0.049986,SUCCESS,sigmoid,
2026-06-08T14:03:25,86.0,41.3,sensor2_serial,3,0,4,0,120,160,20.000,20.006,0,1,1,0.049986,SUCCESS,sigmoid,
2026-06-08T14:03:45,86.0,41.3,sensor2_serial,3,0,4,0,120,159,20.000,20.004,0,1,1,0.049990,SUCCESS,sigmoid,
2026-06-08T14:04:05,86.0,41.3,sensor2_serial,3,0,4,0,120,158,20.000,20.004,0,1,1,0.049990,SUCCESS,sigmoid,
2026-06-08T14:04:25,86.0,41.3,sensor2_serial,3,0,4,0,120,157,20.000,20.004,0,0,0,0.000000,SUCCESS,sigmoid,
2026-06-08T14:04:45,86.0,41.3,sensor2_serial,3,0,4,0,120,156,20.000,20.004,0,1,1,0.049989,SUCCESS,sigmoid,
2026-06-08T14:05:05,86.0,41.3,sensor2_serial,3,0,4,0,120,155,20.000,20.004,0,0,0,0.000000,SUCCESS,sigmoid,
2026-06-08T14:05:25,86.0,41.3,sensor2_serial,3,0,4,0,120,154,20.000,20.005,0,0,0,0.000000,SUCCESS,sigmoid,
2026-06-08T14:05:45,86.0,41.3,sensor2_serial,3,0,4,0,120,153,20.000,20.005,0,0,0,0.000000,SUCCESS,sigmoid,
2026-06-08T14:06:05,86.0,41.3,sensor2_serial,3,0,4,0,120,152,20.000,20.005,0,0,0,0.000000,SUCCESS,sigmoid,
2026-06-08T14:06:25,86.0,41.3,sensor2_serial,3,0,4,0,120,151,20.000,20.004,0,0,0,0.000000,SUCCESS,sigmoid,
2026-06-08T14:06:46,86.0,41.3,sensor2_serial,3,0,4,0,120,150,20.000,20.004,0,0,0,0.000000,SUCCESS,sigmoid,
2026-06-08T14:07:06,86.0,41.3,sensor2_serial,3,0,4,0,120,149,20.000,20.004,0,0,0,0.000000,SUCCESS,sigmoid,
2026-06-08T14:07:26,86.0,41.3,sensor2_serial,3,0,4,0,120,148,20.000,20.004,0,0,0,0.000000,SUCCESS,sigmoid,
2026-06-08T14:07:46,86.0,41.3,sensor2_serial,3,0,4,0,120,147,20.000,20.006,0,0,0,0.000000,SUCCESS,sigmoid,
2026-06-08T14:08:06,86.0,41.3,sensor2_serial,3,0,4,0,120,146,20.000,20.004,0,0,0,0.000000,SUCCESS,sigmoid,
2026-06-08T14:08:26,86.0,41.3,sensor2_serial,3,0,4,0,120,145,20.000,20.005,0,0,0,0.000000,SUCCESS,sigmoid,
2026-06-08T14:08:46,86.0,41.3,sensor2_serial,3,0,4,0,120,144,20.000,20.005,0,0,0,0.000000,SUCCESS,sigmoid,
2026-06-08T14:09:06,86.0,41.3,sensor2_serial,3,0,4,0,120,143,20.000,20.005,0,0,0,0.000000,SUCCESS,sigmoid,
2026-06-08T14:09:26,86.0,41.3,sensor2_serial,3,0,4,0,120,142,20.000,20.005,0,0,0,0.000000,SUCCESS,sigmoid,
2026-06-08T14:09:46,86.0,41.3,sensor2_serial,3,0,4,0,120,141,20.000,20.005,0,0,0,0.000000,SUCCESS,sigmoid,
2026-06-08T14:10:06,86.0,41.3,sensor2_serial,3,0,4,0,120,140,20.000,20.004,0,0,0,0.000000,SUCCESS,sigmoid,
2026-06-08T14:10:26,86.0,41.3,sensor2_serial,3,0,4,0,120,139,20.000,20.005,0,0,0,0.000000,SUCCESS,sigmoid,
2026-06-08T14:10:46,86.0,41.3,sensor2_serial,3,0,4,0,120,138,20.000,20.004,0,0,0,0.000000,SUCCESS,sigmoid,
2026-06-08T14:11:06,86.0,41.3,sensor2_serial,3,0,4,0,120,137,20.000,20.005,0,0,0,0.000000,SUCCESS,sigmoid,
2026-06-08T14:11:26,86.0,41.3,sensor2_serial,3,0,4,0,120,136,20.000,20.004,0,0,0,0.000000,SUCCESS,sigmoid,
2026-06-08T14:11:46,86.0,41.3,sensor2_serial,3,1,5,1,120,255,20.000,20.005,0,1175510,1175510,58759.509718,SUCCESS,sigmoid,
2026-06-08T14:12:06,86.0,41.3,sensor2_serial,3,1,5,1,120,254,20.000,20.005,0,1485286,1485286,74246.477004,SUCCESS,sigmoid,
2026-06-08T14:12:27,86.0,41.3,sensor2_serial,3,1,5,1,120,253,20.000,20.006,0,1694353,1694353,84693.168704,SUCCESS,sigmoid,
2026-06-08T14:12:47,86.0,41.3,sensor2_serial,3,1,5,1,120,252,20.000,20.005,0,1755745,1755745,87765.130354,SUCCESS,sigmoid,
2026-06-08T14:13:07,86.0,41.3,sensor2_serial,3,1,5,1,120,251,20.000,20.006,0,1762645,1762645,88105.909419,SUCCESS,sigmoid,
2026-06-08T14:13:27,86.0,41.3,sensor2_serial,3,1,5,1,120,250,20.000,20.006,0,1790603,1790603,89505.153752,SUCCESS,sigmoid,
2026-06-08T14:13:47,86.0,41.3,sensor2_serial,3,1,5,1,120,249,20.000,20.006,0,1939058,1939058,96924.951172,SUCCESS,sigmoid,
2026-06-08T14:14:07,86.0,41.3,sensor2_serial,3,1,5,1,120,248,20.000,20.006,0,2143223,2143223,107130.553341,SUCCESS,sigmoid,
2026-06-08T14:14:27,86.0,41.3,sensor2_serial,3,1,5,1,120,247,20.000,20.005,0,2458662,2458662,122900.349460,SUCCESS,sigmoid,
2026-06-08T14:14:47,86.0,41.3,sensor2_serial,3,1,5,1,120,246,20.000,20.005,0,2879319,2879319,143931.810710,SUCCESS,sigmoid,
2026-06-08T14:15:07,86.0,41.3,sensor2_serial,3,1,5,1,120,245,20.000,20.005,0,3116069,3116069,155767.329751,SUCCESS,sigmoid,
2026-06-08T14:15:27,86.0,41.3,sensor2_serial,3,1,5,1,120,244,20.000,20.005,0,3049815,3049815,152449.258384,SUCCESS,sigmoid,
2026-06-08T14:15:47,86.0,41.3,sensor2_serial,3,1,5,1,120,243,20.000,20.005,0,2489610,2489610,124448.040227,SUCCESS,sigmoid,
2026-06-08T14:16:07,86.0,41.3,sensor2_serial,3,1,5,1,120,242,20.000,20.006,0,1817313,1817313,90839.878164,SUCCESS,sigmoid,
2026-06-08T14:16:27,86.0,41.3,sensor2_serial,3,1,5,1,120,241,20.000,20.005,0,1081715,1081715,54071.692894,SUCCESS,sigmoid,
2026-06-08T14:16:47,86.0,41.3,sensor2_serial,3,1,5,1,120,240,20.000,20.006,0,615756,615756,30779.299247,SUCCESS,sigmoid,
2026-06-08T14:17:07,86.0,41.3,sensor2_serial,3,1,5,1,120,239,20.000,20.005,0,492948,492948,24640.729743,SUCCESS,sigmoid,
2026-06-08T14:17:27,86.0,41.3,sensor2_serial,3,1,5,1,120,238,20.000,20.006,0,231021,231021,11547.721667,SUCCESS,sigmoid,
2026-06-08T14:17:48,86.0,41.3,sensor2_serial,3,1,5,1,120,237,20.000,20.005,0,97619,97619,4879.787906,SUCCESS,sigmoid,
2026-06-08T14:18:08,86.0,41.3,sensor2_serial,3,1,5,1,120,236,20.000,20.005,0,33980,33980,1698.538727,SUCCESS,sigmoid,
2026-06-08T14:18:28,86.0,41.3,sensor2_serial,3,1,5,1,120,235,20.000,20.005,0,14194,14194,709.507911,SUCCESS,sigmoid,
2026-06-08T14:18:48,86.0,41.3,sensor2_serial,3,1,5,1,120,234,20.000,20.005,0,6584,6584,329.116130,SUCCESS,sigmoid,
2026-06-08T14:19:08,86.0,41.3,sensor2_serial,3,1,5,1,120,233,20.000,20.005,0,2059,2059,102.924201,SUCCESS,sigmoid,
2026-06-08T14:19:28,86.0,41.3,sensor2_serial,3,1,5,1,120,232,20.000,20.005,0,745,745,37.240097,SUCCESS,sigmoid,
2026-06-08T14:19:48,86.0,41.3,sensor2_serial,3,1,5,1,120,231,20.000,20.005,0,323,323,16.145790,SUCCESS,sigmoid,
2026-06-08T14:20:08,86.0,41.3,sensor2_serial,3,1,5,1,120,230,20.000,20.004,0,141,141,7.048426,SUCCESS,sigmoid,
2026-06-08T14:20:28,86.0,41.3,sensor2_serial,3,1,5,1,120,229,20.000,20.006,0,68,68,3.399064,SUCCESS,sigmoid,
2026-06-08T14:20:48,86.0,41.3,sensor2_serial,3,1,5,1,120,228,20.000,20.005,0,48,48,2.399450,SUCCESS,sigmoid,
2026-06-08T14:21:08,86.0,41.3,sensor2_serial,3,1,5,1,120,227,20.000,20.004,0,49,49,2.449472,SUCCESS,sigmoid,
2026-06-08T14:21:28,86.0,41.3,sensor2_serial,3,1,5,1,120,226,20.000,20.005,0,37,37,1.849532,SUCCESS,sigmoid,
2026-06-08T14:21:48,86.0,41.3,sensor2_serial,3,1,5,1,120,225,20.000,20.004,0,36,36,1.799627,SUCCESS,sigmoid,
2026-06-08T14:22:08,86.0,41.3,sensor2_serial,3,1,5,1,120,224,20.000,20.005,0,33,33,1.649626,SUCCESS,sigmoid,
2026-06-08T14:22:28,86.0,41.3,sensor2_serial,3,1,5,1,120,223,20.000,20.005,0,20,20,0.999743,SUCCESS,sigmoid,
2026-06-08T14:22:48,86.0,41.3,sensor2_serial,3,1,5,1,120,222,20.000,20.004,0,15,15,0.749834,SUCCESS,sigmoid,
2026-06-08T14:23:08,86.0,41.3,sensor2_serial,3,1,5,1,120,221,20.000,20.005,0,24,24,1.199708,SUCCESS,sigmoid,
2026-06-08T14:23:29,86.0,41.3,sensor2_serial,3,1,5,1,120,220,20.000,20.004,0,13,13,0.649865,SUCCESS,sigmoid,
2026-06-08T14:23:49,86.0,41.3,sensor2_serial,3,1,5,1,120,219,20.000,20.005,0,11,11,0.549873,SUCCESS,sigmoid,
2026-06-08T14:24:09,86.0,41.3,sensor2_serial,3,1,5,1,120,218,20.000,20.004,0,10,10,0.499891,SUCCESS,sigmoid,
2026-06-08T14:24:29,86.0,41.3,sensor2_serial,3,1,5,1,120,217,20.000,20.005,0,12,12,0.599853,SUCCESS,sigmoid,
2026-06-08T14:24:49,86.0,41.3,sensor2_serial,3,1,5,1,120,216,20.000,20.004,0,13,13,0.649858,SUCCESS,sigmoid,
2026-06-08T14:25:09,86.0,41.3,sensor2_serial,3,1,5,1,120,215,20.000,20.005,0,8,8,0.399909,SUCCESS,sigmoid,
2026-06-08T14:25:29,86.0,41.3,sensor2_serial,3,1,5,1,120,214,20.000,20.004,0,6,6,0.299937,SUCCESS,sigmoid,
2026-06-08T14:25:49,86.0,41.3,sensor2_serial,3,1,5,1,120,213,20.000,20.005,0,9,9,0.449883,SUCCESS,sigmoid,
2026-06-08T14:26:09,86.0,41.3,sensor2_serial,3,1,5,1,120,212,20.000,20.005,0,5,5,0.249939,SUCCESS,sigmoid,
2026-06-08T14:26:29,86.0,41.3,sensor2_serial,3,1,5,1,120,211,20.000,20.004,0,7,7,0.349924,SUCCESS,sigmoid,
2026-06-08T14:26:49,86.0,41.3,sensor2_serial,3,1,5,1,120,210,20.000,20.005,0,5,5,0.249943,SUCCESS,sigmoid,
2026-06-08T14:27:09,86.0,41.3,sensor2_serial,3,1,5,1,120,209,20.000,20.005,0,6,6,0.299930,SUCCESS,sigmoid,
2026-06-08T14:27:29,86.0,41.3,sensor2_serial,3,1,5,1,120,208,20.000,20.004,0,5,5,0.249948,SUCCESS,sigmoid,
2026-06-08T14:27:49,86.0,41.3,sensor2_serial,3,1,5,1,120,207,20.000,20.004,0,7,7,0.349924,SUCCESS,sigmoid,
2026-06-08T14:28:09,86.0,41.3,sensor2_serial,3,1,5,1,120,206,20.000,20.005,0,5,5,0.249936,SUCCESS,sigmoid,
2026-06-08T14:28:29,86.0,41.3,sensor2_serial,3,1,5,1,120,205,20.000,20.005,0,2,2,0.099976,SUCCESS,sigmoid,
2026-06-08T14:28:49,86.0,41.3,sensor2_serial,3,1,5,1,120,204,20.000,20.004,0,3,3,0.149967,SUCCESS,sigmoid,
2026-06-08T14:29:10,86.0,41.3,sensor2_serial,3,1,5,1,120,203,20.000,20.004,0,4,4,0.199958,SUCCESS,sigmoid,
2026-06-08T14:29:30,86.0,41.3,sensor2_serial,3,1,5,1,120,202,20.000,20.005,0,5,5,0.249942,SUCCESS,sigmoid,
2026-06-08T14:29:50,86.0,41.3,sensor2_serial,3,1,5,1,120,201,20.000,20.004,0,3,3,0.149967,SUCCESS,sigmoid,
2026-06-08T14:30:10,86.0,41.3,sensor2_serial,3,1,5,1,120,200,20.000,20.004,0,3,3,0.149969,SUCCESS,sigmoid,
2026-06-08T14:30:30,86.0,41.3,sensor2_serial,3,1,5,1,120,199,20.000,20.004,0,4,4,0.199956,SUCCESS,sigmoid,
2026-06-08T14:30:50,86.0,41.3,sensor2_serial,3,1,5,1,120,198,20.000,20.004,0,4,4,0.199959,SUCCESS,sigmoid,
2026-06-08T14:31:10,86.0,41.3,sensor2_serial,3,1,5,1,120,197,20.000,20.005,0,2,2,0.099973,SUCCESS,sigmoid,
2026-06-08T14:31:30,86.0,41.3,sensor2_serial,3,1,5,1,120,196,20.000,20.005,0,2,2,0.099977,SUCCESS,sigmoid,
2026-06-08T14:31:50,86.0,41.3,sensor2_serial,3,1,5,1,120,195,20.000,20.004,0,2,2,0.099978,SUCCESS,sigmoid,
2026-06-08T14:32:10,86.0,41.3,sensor2_serial,3,1,5,1,120,194,20.000,20.005,0,1,1,0.049988,SUCCESS,sigmoid,
2026-06-08T14:32:30,86.0,41.3,sensor2_serial,3,1,5,1,120,193,20.000,20.005,0,4,4,0.199955,SUCCESS,sigmoid,
2026-06-08T14:32:50,86.0,41.3,sensor2_serial,3,1,5,1,120,192,20.000,20.004,0,3,3,0.149967,SUCCESS,sigmoid,
2026-06-08T14:33:10,86.0,41.3,sensor2_serial,3,1,5,1,120,191,20.000,20.005,0,3,3,0.149965,SUCCESS,sigmoid,
2026-06-08T14:33:30,86.0,41.3,sensor2_serial,3,1,5,1,120,190,20.000,20.005,0,1,1,0.049988,SUCCESS,sigmoid,
2026-06-08T14:33:50,86.0,41.3,sensor2_serial,3,1,5,1,120,189,20.000,20.004,0,2,2,0.099978,SUCCESS,sigmoid,
2026-06-08T14:34:10,86.0,41.3,sensor2_serial,3,1,5,1,120,188,20.000,20.004,0,2,2,0.099978,SUCCESS,sigmoid,
2026-06-08T14:34:30,86.0,41.3,sensor2_serial,3,1,5,1,120,187,20.000,20.004,0,2,2,0.099979,SUCCESS,sigmoid,
2026-06-08T14:34:51,86.0,41.3,sensor2_serial,3,1,5,1,120,186,20.000,20.005,0,3,3,0.149962,SUCCESS,sigmoid,
2026-06-08T14:35:11,86.0,41.3,sensor2_serial,3,1,5,1,120,185,20.000,20.005,0,2,2,0.099977,SUCCESS,sigmoid,
2026-06-08T14:35:31,86.0,41.3,sensor2_serial,3,1,5,1,120,184,20.000,20.005,0,3,3,0.149965,SUCCESS,sigmoid,
2026-06-08T14:35:51,86.0,41.3,sensor2_serial,3,1,5,1,120,183,20.000,20.005,0,2,2,0.099977,SUCCESS,sigmoid,
2026-06-08T14:36:11,86.0,41.3,sensor2_serial,3,1,5,1,120,182,20.000,20.005,0,1,1,0.049988,SUCCESS,sigmoid,
2026-06-08T14:36:31,86.0,41.3,sensor2_serial,3,1,5,1,120,181,20.000,20.004,0,4,4,0.199957,SUCCESS,sigmoid,
2026-06-08T14:36:51,86.0,41.3,sensor2_serial,3,1,5,1,120,180,20.000,20.004,0,2,2,0.099980,SUCCESS,sigmoid,
2026-06-08T14:37:11,86.0,41.3,sensor2_serial,3,1,5,1,120,179,20.000,20.005,0,2,2,0.099977,SUCCESS,sigmoid,
2026-06-08T14:37:31,86.0,41.3,sensor2_serial,3,1,5,1,120,178,20.000,20.005,0,2,2,0.099978,SUCCESS,sigmoid,
2026-06-08T14:37:51,86.0,41.3,sensor2_serial,3,1,5,1,120,177,20.000,20.004,0,1,1,0.049989,SUCCESS,sigmoid,
2026-06-08T14:38:11,86.0,41.3,sensor2_serial,3,1,5,1,120,176,20.000,20.005,0,1,1,0.049988,SUCCESS,sigmoid,
2026-06-08T14:38:31,86.0,41.3,sensor2_serial,3,1,5,1,120,175,20.000,20.005,0,1,1,0.049987,SUCCESS,sigmoid,
2026-06-08T14:38:51,86.0,41.3,sensor2_serial,3,1,5,1,120,174,20.000,20.004,0,2,2,0.099978,SUCCESS,sigmoid,
2026-06-08T14:39:11,86.0,41.3,sensor2_serial,3,1,5,1,120,173,20.000,20.005,0,1,1,0.049988,SUCCESS,sigmoid,
2026-06-08T14:39:31,86.0,41.3,sensor2_serial,3,1,5,1,120,172,20.000,20.004,0,1,1,0.049989,SUCCESS,sigmoid,
2026-06-08T14:39:51,86.0,41.3,sensor2_serial,3,1,5,1,120,171,20.000,20.005,0,1,1,0.049987,SUCCESS,sigmoid,
2026-06-08T14:40:11,86.0,41.3,sensor2_serial,3,1,5,1,120,170,20.000,20.005,0,0,0,0.000000,SUCCESS,sigmoid,
2026-06-08T14:40:32,86.0,41.3,sensor2_serial,3,1,5,1,120,169,20.000,20.005,0,1,1,0.049987,SUCCESS,sigmoid,
2026-06-08T14:40:52,86.0,41.3,sensor2_serial,3,1,5,1,120,168,20.000,20.005,0,1,1,0.049988,SUCCESS,sigmoid,
2026-06-08T14:41:12,86.0,41.3,sensor2_serial,3,1,5,1,120,167,20.000,20.005,0,0,0,0.000000,SUCCESS,sigmoid,
2026-06-08T14:41:32,86.0,41.3,sensor2_serial,3,1,5,1,120,166,20.000,20.004,0,1,1,0.049989,SUCCESS,sigmoid,
2026-06-08T14:41:52,86.0,41.3,sensor2_serial,3,1,5,1,120,165,20.000,20.005,0,0,0,0.000000,SUCCESS,sigmoid,
2026-06-08T14:42:12,86.0,41.3,sensor2_serial,3,1,5,1,120,164,20.000,20.005,0,1,1,0.049988,SUCCESS,sigmoid,
2026-06-08T14:42:32,86.0,41.3,sensor2_serial,3,1,5,1,120,163,20.000,20.005,0,1,1,0.049989,SUCCESS,sigmoid,
2026-06-08T14:42:52,86.0,41.3,sensor2_serial,3,1,5,1,120,162,20.000,20.005,0,1,1,0.049988,SUCCESS,sigmoid,
2026-06-08T14:43:12,86.0,41.3,sensor2_serial,3,1,5,1,120,161,20.000,20.004,0,0,0,0.000000,SUCCESS,sigmoid,
2026-06-08T14:43:32,86.0,41.3,sensor2_serial,3,1,5,1,120,160,20.000,20.005,0,0,0,0.000000,SUCCESS,sigmoid,
2026-06-08T14:43:52,86.0,41.3,sensor2_serial,3,1,5,1,120,159,20.000,20.005,0,1,1,0.049989,SUCCESS,sigmoid,
2026-06-08T14:44:12,86.0,41.3,sensor2_serial,3,1,5,1,120,158,20.000,20.005,0,0,0,0.000000,SUCCESS,sigmoid,
2026-06-08T14:44:32,86.0,41.3,sensor2_serial,3,1,5,1,120,157,20.000,20.004,0,1,1,0.049989,SUCCESS,sigmoid,
2026-06-08T14:44:52,86.0,41.3,sensor2_serial,3,1,5,1,120,156,20.000,20.004,0,0,0,0.000000,SUCCESS,sigmoid,
2026-06-08T14:45:12,86.0,41.3,sensor2_serial,3,1,5,1,120,155,20.000,20.005,0,0,0,0.000000,SUCCESS,sigmoid,
2026-06-08T14:45:32,86.0,41.3,sensor2_serial,3,1,5,1,120,154,20.000,20.005,0,1,1,0.049988,SUCCESS,sigmoid,
2026-06-08T14:45:52,86.0,41.3,sensor2_serial,3,1,5,1,120,153,20.000,20.005,0,0,0,0.000000,SUCCESS,sigmoid,
2026-06-08T14:46:13,86.0,41.3,sensor2_serial,3,1,5,1,120,152,20.000,20.005,0,0,0,0.000000,SUCCESS,sigmoid,
2026-06-08T14:46:33,86.0,41.3,sensor2_serial,3,1,5,1,120,151,20.000,20.005,0,0,0,0.000000,SUCCESS,sigmoid,
2026-06-08T14:46:53,86.0,41.3,sensor2_serial,3,1,5,1,120,150,20.000,20.004,0,0,0,0.000000,SUCCESS,sigmoid,
2026-06-08T14:47:13,86.0,41.3,sensor2_serial,3,1,5,1,120,149,20.000,20.005,0,0,0,0.000000,SUCCESS,sigmoid,
2026-06-08T14:47:33,86.0,41.3,sensor2_serial,3,1,5,1,120,148,20.000,20.004,0,1,1,0.049989,SUCCESS,sigmoid,
2026-06-08T14:47:53,86.0,41.3,sensor2_serial,3,1,5,1,120,147,20.000,20.004,0,0,0,0.000000,SUCCESS,sigmoid,
2026-06-08T14:48:13,86.0,41.3,sensor2_serial,3,1,5,1,120,146,20.000,20.005,0,0,0,0.000000,SUCCESS,sigmoid,
2026-06-08T14:48:33,86.0,41.3,sensor2_serial,3,1,5,1,120,145,20.000,20.005,0,0,0,0.000000,SUCCESS,sigmoid,
2026-06-08T14:48:53,86.0,41.3,sensor2_serial,3,1,5,1,120,144,20.000,20.004,0,1,1,0.049989,SUCCESS,sigmoid,
2026-06-08T14:49:13,86.0,41.3,sensor2_serial,3,1,5,1,120,143,20.000,20.004,0,0,0,0.000000,SUCCESS,sigmoid,
2026-06-08T14:49:33,86.0,41.3,sensor2_serial,3,1,5,1,120,142,20.000,20.005,0,0,0,0.000000,SUCCESS,sigmoid,
2026-06-08T14:49:53,86.0,41.3,sensor2_serial,3,1,5,1,120,141,20.000,20.004,0,0,0,0.000000,SUCCESS,sigmoid,
2026-06-08T14:50:13,86.0,41.3,sensor2_serial,3,1,5,1,120,140,20.000,20.004,0,0,0,0.000000,SUCCESS,sigmoid,
2026-06-08T14:50:33,86.0,41.3,sensor2_serial,3,1,5,1,120,139,20.000,20.005,0,0,0,0.000000,SUCCESS,sigmoid,
2026-06-08T14:50:53,86.0,41.3,sensor2_serial,3,1,5,1,120,138,20.000,20.005,0,0,0,0.000000,SUCCESS,sigmoid,
2026-06-08T14:51:13,86.0,41.3,sensor2_serial,3,1,5,1,120,137,20.000,20.004,0,0,0,0.000000,SUCCESS,sigmoid,
2026-06-08T14:51:33,86.0,41.3,sensor2_serial,3,1,5,1,120,136,20.000,20.005,0,0,0,0.000000,SUCCESS,sigmoid,
2026-06-08T14:51:54,86.0,41.3,sensor2_serial,3,1,5,1,120,135,20.000,20.005,0,0,0,0.000000,SUCCESS,sigmoid,
2026-06-08T14:52:14,86.0,41.3,sensor2_serial,3,1,5,1,120,134,20.000,20.005,0,0,0,0.000000,SUCCESS,sigmoid,
2026-06-08T14:52:34,86.0,41.3,sensor2_serial,3,1,5,1,120,133,20.000,20.004,0,0,0,0.000000,SUCCESS,sigmoid,
2026-06-08T14:52:54,86.0,41.3,sensor2_serial,3,1,5,1,120,132,20.000,20.005,0,0,0,0.000000,SUCCESS,sigmoid,
2026-06-08T14:53:14,86.0,41.3,sensor2_serial,3,1,5,1,120,131,20.000,20.005,0,0,0,0.000000,SUCCESS,sigmoid,
2026-06-08T14:53:34,86.0,41.3,sensor2_serial,3,1,5,1,120,130,20.000,20.004,0,0,0,0.000000,SUCCESS,sigmoid,
2026-06-08T14:53:54,86.0,41.3,sensor2_serial,3,1,5,1,120,129,20.000,20.005,0,0,0,0.000000,SUCCESS,sigmoid,
2026-06-08T14:54:14,86.0,41.3,sensor2_serial,3,1,5,1,120,128,20.000,20.005,0,0,0,0.000000,SUCCESS,sigmoid,
2026-06-08T14:54:34,86.0,41.3,sensor2_serial,3,1,5,1,120,127,20.000,20.004,0,0,0,0.000000,SUCCESS,sigmoid,
2026-06-08T14:54:54,86.0,41.3,sensor2_serial,3,1,5,1,120,126,20.000,20.004,0,0,0,0.000000,SUCCESS,sigmoid,
2026-06-08T14:55:14,86.0,41.3,sensor2_serial,3,1,5,1,120,125,20.000,20.005,0,0,0,0.000000,SUCCESS,sigmoid,
2026-06-08T14:55:34,86.0,41.3,sensor2_serial,3,1,5,1,120,124,20.000,20.004,0,0,0,0.000000,SUCCESS,sigmoid,
2026-06-08T14:55:54,86.0,41.3,sensor2_serial,3,2,6,2,120,255,20.000,20.005,0,1850499,1850499,92501.201145,SUCCESS,sigmoid,
2026-06-08T14:56:14,86.0,41.3,sensor2_serial,3,2,6,2,120,254,20.000,20.006,0,1916916,1916916,95818.802942,SUCCESS,sigmoid,
2026-06-08T14:56:34,86.0,41.3,sensor2_serial,3,2,6,2,120,253,20.000,20.005,0,2179762,2179762,108962.143482,SUCCESS,sigmoid,
2026-06-08T14:56:54,86.0,41.3,sensor2_serial,3,2,6,2,120,252,20.000,20.005,0,2442292,2442292,122083.359520,SUCCESS,sigmoid,
2026-06-08T14:57:15,86.0,41.3,sensor2_serial,3,2,6,2,120,251,20.000,20.005,0,2896923,2896923,144810.600780,SUCCESS,sigmoid,
2026-06-08T14:57:35,86.0,41.3,sensor2_serial,3,2,6,2,120,250,20.000,20.005,0,3224789,3224789,161196.227254,SUCCESS,sigmoid,
2026-06-08T14:57:55,86.0,41.3,sensor2_serial,3,2,6,2,120,249,20.000,20.005,0,3214802,3214802,160697.577997,SUCCESS,sigmoid,
2026-06-08T14:58:15,86.0,41.3,sensor2_serial,3,2,6,2,120,248,20.000,20.005,0,2818358,2818358,140880.168415,SUCCESS,sigmoid,
2026-06-08T14:58:35,86.0,41.3,sensor2_serial,3,2,6,2,120,247,20.000,20.005,0,2245352,2245352,112237.815249,SUCCESS,sigmoid,
2026-06-08T14:58:55,86.0,41.3,sensor2_serial,3,2,6,2,120,246,20.000,20.005,0,1615448,1615448,80751.400189,SUCCESS,sigmoid,
2026-06-08T14:59:15,86.0,41.3,sensor2_serial,3,2,6,2,120,245,20.000,20.006,0,937092,937092,46840.729716,SUCCESS,sigmoid,
2026-06-08T14:59:35,86.0,41.3,sensor2_serial,3,2,6,2,120,244,20.000,20.006,0,530405,530405,26512.945878,SUCCESS,sigmoid,
2026-06-08T14:59:55,86.0,41.3,sensor2_serial,3,2,6,2,120,243,20.000,20.005,0,198895,198895,9942.214255,SUCCESS,sigmoid,
2026-06-08T15:00:15,86.0,41.3,sensor2_serial,3,2,6,2,120,242,20.000,20.005,0,102584,102584,5127.975134,SUCCESS,sigmoid,
2026-06-08T15:00:35,86.0,41.3,sensor2_serial,3,2,6,2,120,241,20.000,20.005,0,48450,48450,2421.930449,SUCCESS,sigmoid,
2026-06-08T15:00:55,86.0,41.3,sensor2_serial,3,2,6,2,120,240,20.000,20.005,0,19856,19856,992.576272,SUCCESS,sigmoid,
2026-06-08T15:01:15,86.0,41.3,sensor2_serial,3,2,6,2,120,239,20.000,20.004,0,7910,7910,395.417792,SUCCESS,sigmoid,
2026-06-08T15:01:35,86.0,41.3,sensor2_serial,3,2,6,2,120,238,20.000,20.005,0,3322,3322,166.055405,SUCCESS,sigmoid,
2026-06-08T15:01:55,86.0,41.3,sensor2_serial,3,2,6,2,120,237,20.000,20.004,0,1108,1108,55.388489,SUCCESS,sigmoid,
2026-06-08T15:02:15,86.0,41.3,sensor2_serial,3,2,6,2,120,236,20.000,20.005,0,509,509,25.443331,SUCCESS,sigmoid,
2026-06-08T15:02:35,86.0,41.3,sensor2_serial,3,2,6,2,120,235,20.000,20.005,0,198,198,9.897366,SUCCESS,sigmoid,
2026-06-08T15:02:56,86.0,41.3,sensor2_serial,3,2,6,2,120,234,20.000,20.004,0,121,121,6.048711,SUCCESS,sigmoid,
2026-06-08T15:03:16,86.0,41.3,sensor2_serial,3,2,6,2,120,233,20.000,20.005,0,71,71,3.549199,SUCCESS,sigmoid,
2026-06-08T15:03:36,86.0,41.3,sensor2_serial,3,2,6,2,120,232,20.000,20.004,0,61,61,3.049319,SUCCESS,sigmoid,
2026-06-08T15:03:56,86.0,41.3,sensor2_serial,3,2,6,2,120,231,20.000,20.005,0,51,51,2.549416,SUCCESS,sigmoid,
2026-06-08T15:04:16,86.0,41.3,sensor2_serial,3,2,6,2,120,230,20.000,20.005,0,44,44,2.199436,SUCCESS,sigmoid,
2026-06-08T15:04:36,86.0,41.3,sensor2_serial,3,2,6,2,120,229,20.000,20.005,0,37,37,1.849551,SUCCESS,sigmoid,
2026-06-08T15:04:56,86.0,41.3,sensor2_serial,3,2,6,2,120,228,20.000,20.005,0,23,23,1.149722,SUCCESS,sigmoid,
2026-06-08T15:05:16,86.0,41.3,sensor2_serial,3,2,6,2,120,227,20.000,20.005,0,31,31,1.549610,SUCCESS,sigmoid,
2026-06-08T15:05:36,86.0,41.3,sensor2_serial,3,2,6,2,120,226,20.000,20.005,0,26,26,1.299697,SUCCESS,sigmoid,
2026-06-08T15:05:56,86.0,41.3,sensor2_serial,3,2,6,2,120,225,20.000,20.005,0,20,20,0.999774,SUCCESS,sigmoid,
2026-06-08T15:06:16,86.0,41.3,sensor2_serial,3,2,6,2,120,224,20.000,20.005,0,22,22,1.099721,SUCCESS,sigmoid,
2026-06-08T15:06:36,86.0,41.3,sensor2_serial,3,2,6,2,120,223,20.000,20.005,0,16,16,0.799788,SUCCESS,sigmoid,
2026-06-08T15:06:56,86.0,41.3,sensor2_serial,3,2,6,2,120,222,20.000,20.005,0,15,15,0.749827,SUCCESS,sigmoid,
2026-06-08T15:07:16,86.0,41.3,sensor2_serial,3,2,6,2,120,221,20.000,20.005,0,17,17,0.849789,SUCCESS,sigmoid,
2026-06-08T15:07:36,86.0,41.3,sensor2_serial,3,2,6,2,120,220,20.000,20.005,0,11,11,0.549872,SUCCESS,sigmoid,
2026-06-08T15:07:56,86.0,41.3,sensor2_serial,3,2,6,2,120,219,20.000,20.004,0,15,15,0.749836,SUCCESS,sigmoid,
2026-06-08T15:08:16,86.0,41.3,sensor2_serial,3,2,6,2,120,218,20.000,20.004,0,9,9,0.449909,SUCCESS,sigmoid,
2026-06-08T15:08:37,86.0,41.3,sensor2_serial,3,2,6,2,120,217,20.000,20.004,0,12,12,0.599867,SUCCESS,sigmoid,
2026-06-08T15:08:57,86.0,41.3,sensor2_serial,3,2,6,2,120,216,20.000,20.005,0,8,8,0.399900,SUCCESS,sigmoid,
2026-06-08T15:09:17,86.0,41.3,sensor2_serial,3,2,6,2,120,215,20.000,20.005,0,12,12,0.599863,SUCCESS,sigmoid,
2026-06-08T15:09:37,86.0,41.3,sensor2_serial,3,2,6,2,120,214,20.000,20.005,0,11,11,0.549858,SUCCESS,sigmoid,
2026-06-08T15:09:57,86.0,41.3,sensor2_serial,3,2,6,2,120,213,20.000,20.004,0,9,9,0.449907,SUCCESS,sigmoid,
2026-06-08T15:10:17,86.0,41.3,sensor2_serial,3,2,6,2,120,212,20.000,20.005,0,6,6,0.299930,SUCCESS,sigmoid,
2026-06-08T15:10:37,86.0,41.3,sensor2_serial,3,2,6,2,120,211,20.000,20.004,0,9,9,0.449901,SUCCESS,sigmoid,
2026-06-08T15:10:57,86.0,41.3,sensor2_serial,3,2,6,2,120,210,20.000,20.005,0,7,7,0.349921,SUCCESS,sigmoid,
2026-06-08T15:11:17,86.0,41.3,sensor2_serial,3,2,6,2,120,209,20.000,20.004,0,6,6,0.299939,SUCCESS,sigmoid,
2026-06-08T15:11:37,86.0,41.3,sensor2_serial,3,2,6,2,120,208,20.000,20.004,0,3,3,0.149967,SUCCESS,sigmoid,
2026-06-08T15:11:57,86.0,41.3,sensor2_serial,3,2,6,2,120,207,20.000,20.005,0,5,5,0.249943,SUCCESS,sigmoid,
2026-06-08T15:12:17,86.0,41.3,sensor2_serial,3,2,6,2,120,206,20.000,20.004,0,5,5,0.249947,SUCCESS,sigmoid,
2026-06-08T15:12:37,86.0,41.3,sensor2_serial,3,2,6,2,120,205,20.000,20.005,0,3,3,0.149965,SUCCESS,sigmoid,
2026-06-08T15:12:57,86.0,41.3,sensor2_serial,3,2,6,2,120,204,20.000,20.005,0,4,4,0.199949,SUCCESS,sigmoid,
2026-06-08T15:13:17,86.0,41.3,sensor2_serial,3,2,6,2,120,203,20.000,20.004,0,5,5,0.249945,SUCCESS,sigmoid,
2026-06-08T15:13:37,86.0,41.3,sensor2_serial,3,2,6,2,120,202,20.000,20.004,0,3,3,0.149967,SUCCESS,sigmoid,
2026-06-08T15:13:57,86.0,41.3,sensor2_serial,3,2,6,2,120,201,20.000,20.005,0,3,3,0.149964,SUCCESS,sigmoid,
2026-06-08T15:14:18,86.0,41.3,sensor2_serial,3,2,6,2,120,200,20.000,20.005,0,4,4,0.199954,SUCCESS,sigmoid,
2026-06-08T15:14:38,86.0,41.3,sensor2_serial,3,2,6,2,120,199,20.000,20.005,0,2,2,0.099977,SUCCESS,sigmoid,
2026-06-08T15:14:58,86.0,41.3,sensor2_serial,3,2,6,2,120,198,20.000,20.005,0,3,3,0.149960,SUCCESS,sigmoid,
2026-06-08T15:15:18,86.0,41.3,sensor2_serial,3,2,6,2,120,197,20.000,20.004,0,1,1,0.049989,SUCCESS,sigmoid,
2026-06-08T15:15:38,86.0,41.3,sensor2_serial,3,2,6,2,120,196,20.000,20.004,0,2,2,0.099980,SUCCESS,sigmoid,
2026-06-08T15:15:58,86.0,41.3,sensor2_serial,3,2,6,2,120,195,20.000,20.004,0,3,3,0.149969,SUCCESS,sigmoid,
2026-06-08T15:16:18,86.0,41.3,sensor2_serial,3,2,6,2,120,194,20.000,20.004,0,2,2,0.099980,SUCCESS,sigmoid,
2026-06-08T15:16:38,86.0,41.3,sensor2_serial,3,2,6,2,120,193,20.000,20.004,0,1,1,0.049989,SUCCESS,sigmoid,
2026-06-08T15:16:58,86.0,41.3,sensor2_serial,3,2,6,2,120,192,20.000,20.005,0,2,2,0.099974,SUCCESS,sigmoid,
2026-06-08T15:17:18,86.0,41.3,sensor2_serial,3,2,6,2,120,191,20.000,20.005,0,2,2,0.099977,SUCCESS,sigmoid,
2026-06-08T15:17:38,86.0,41.3,sensor2_serial,3,2,6,2,120,190,20.000,20.005,0,4,4,0.199952,SUCCESS,sigmoid,
2026-06-08T15:17:58,86.0,41.3,sensor2_serial,3,2,6,2,120,189,20.000,20.004,0,3,3,0.149967,SUCCESS,sigmoid,
2026-06-08T15:18:18,86.0,41.3,sensor2_serial,3,2,6,2,120,188,20.000,20.006,0,3,3,0.149957,SUCCESS,sigmoid,
2026-06-08T15:18:38,86.0,41.3,sensor2_serial,3,2,6,2,120,187,20.000,20.005,0,3,3,0.149963,SUCCESS,sigmoid,
2026-06-08T15:18:58,86.0,41.3,sensor2_serial,3,2,6,2,120,186,20.000,20.005,0,2,2,0.099973,SUCCESS,sigmoid,
2026-06-08T15:19:18,86.0,41.3,sensor2_serial,3,2,6,2,120,185,20.000,20.005,0,1,1,0.049988,SUCCESS,sigmoid,
2026-06-08T15:19:39,86.0,41.3,sensor2_serial,3,2,6,2,120,184,20.000,20.005,0,2,2,0.099976,SUCCESS,sigmoid,
2026-06-08T15:19:59,86.0,41.3,sensor2_serial,3,2,6,2,120,183,20.000,20.004,0,3,3,0.149969,SUCCESS,sigmoid,
2026-06-08T15:20:19,86.0,41.3,sensor2_serial,3,2,6,2,120,182,20.000,20.005,0,1,1,0.049987,SUCCESS,sigmoid,
2026-06-08T15:20:39,86.0,41.3,sensor2_serial,3,2,6,2,120,181,20.000,20.005,0,1,1,0.049987,SUCCESS,sigmoid,
2026-06-08T15:20:59,86.0,41.3,sensor2_serial,3,2,6,2,120,180,20.000,20.004,0,1,1,0.049990,SUCCESS,sigmoid,
2026-06-08T15:21:19,86.0,41.3,sensor2_serial,3,2,6,2,120,179,20.000,20.005,0,1,1,0.049988,SUCCESS,sigmoid,
2026-06-08T15:21:39,86.0,41.3,sensor2_serial,3,2,6,2,120,178,20.000,20.006,0,1,1,0.049986,SUCCESS,sigmoid,
2026-06-08T15:21:59,86.0,41.3,sensor2_serial,3,2,6,2,120,177,20.000,20.004,0,1,1,0.049990,SUCCESS,sigmoid,
2026-06-08T15:22:19,86.0,41.3,sensor2_serial,3,2,6,2,120,176,20.000,20.005,0,1,1,0.049988,SUCCESS,sigmoid,
2026-06-08T15:22:39,86.0,41.3,sensor2_serial,3,2,6,2,120,175,20.000,20.004,0,1,1,0.049989,SUCCESS,sigmoid,
2026-06-08T15:22:59,86.0,41.3,sensor2_serial,3,2,6,2,120,174,20.000,20.004,0,1,1,0.049990,SUCCESS,sigmoid,
2026-06-08T15:23:19,86.0,41.3,sensor2_serial,3,2,6,2,120,173,20.000,20.004,0,0,0,0.000000,SUCCESS,sigmoid,
2026-06-08T15:23:39,86.0,41.3,sensor2_serial,3,2,6,2,120,172,20.000,20.004,0,1,1,0.049989,SUCCESS,sigmoid,
2026-06-08T15:23:59,86.0,41.3,sensor2_serial,3,2,6,2,120,171,20.000,20.005,0,1,1,0.049988,SUCCESS,sigmoid,
2026-06-08T15:24:19,86.0,41.3,sensor2_serial,3,2,6,2,120,170,20.000,20.005,0,1,1,0.049988,SUCCESS,sigmoid,
2026-06-08T15:24:39,86.0,41.3,sensor2_serial,3,2,6,2,120,169,20.000,20.004,0,1,1,0.049990,SUCCESS,sigmoid,
2026-06-08T15:24:59,86.0,41.3,sensor2_serial,3,2,6,2,120,168,20.000,20.005,0,0,0,0.000000,SUCCESS,sigmoid,
2026-06-08T15:25:20,86.0,41.3,sensor2_serial,3,2,6,2,120,167,20.000,20.006,0,1,1,0.049986,SUCCESS,sigmoid,
2026-06-08T15:25:40,86.0,41.3,sensor2_serial,3,2,6,2,120,166,20.000,20.005,0,1,1,0.049987,SUCCESS,sigmoid,
2026-06-08T15:26:00,86.0,41.3,sensor2_serial,3,2,6,2,120,165,20.000,20.004,0,0,0,0.000000,SUCCESS,sigmoid,
2026-06-08T15:26:20,86.0,41.3,sensor2_serial,3,2,6,2,120,164,20.000,20.004,0,1,1,0.049989,SUCCESS,sigmoid,
2026-06-08T15:26:40,86.0,41.3,sensor2_serial,3,2,6,2,120,163,20.000,20.004,0,0,0,0.000000,SUCCESS,sigmoid,
2026-06-08T15:27:00,86.0,41.3,sensor2_serial,3,2,6,2,120,162,20.000,20.004,0,0,0,0.000000,SUCCESS,sigmoid,
2026-06-08T15:27:20,86.0,41.3,sensor2_serial,3,2,6,2,120,161,20.000,20.005,0,1,1,0.049989,SUCCESS,sigmoid,
2026-06-08T15:27:40,86.0,41.3,sensor2_serial,3,2,6,2,120,160,20.000,20.004,0,0,0,0.000000,SUCCESS,sigmoid,
2026-06-08T15:28:00,86.0,41.3,sensor2_serial,3,2,6,2,120,159,20.000,20.005,0,1,1,0.049989,SUCCESS,sigmoid,
2026-06-08T15:28:20,86.0,41.3,sensor2_serial,3,2,6,2,120,158,20.000,20.005,0,0,0,0.000000,SUCCESS,sigmoid,
2026-06-08T15:28:40,86.0,41.3,sensor2_serial,3,2,6,2,120,157,20.000,20.005,0,0,0,0.000000,SUCCESS,sigmoid,
2026-06-08T15:29:00,86.0,41.3,sensor2_serial,3,2,6,2,120,156,20.000,20.004,0,0,0,0.000000,SUCCESS,sigmoid,
2026-06-08T15:29:20,86.0,41.3,sensor2_serial,3,2,6,2,120,155,20.000,20.005,0,1,1,0.049987,SUCCESS,sigmoid,
2026-06-08T15:29:40,86.0,41.3,sensor2_serial,3,2,6,2,120,154,20.000,20.005,0,0,0,0.000000,SUCCESS,sigmoid,
2026-06-08T15:30:00,86.0,41.3,sensor2_serial,3,2,6,2,120,153,20.000,20.005,0,0,0,0.000000,SUCCESS,sigmoid,
2026-06-08T15:30:20,86.0,41.3,sensor2_serial,3,2,6,2,120,152,20.000,20.005,0,0,0,0.000000,SUCCESS,sigmoid,
2026-06-08T15:30:40,86.0,41.3,sensor2_serial,3,2,6,2,120,151,20.000,20.004,0,0,0,0.000000,SUCCESS,sigmoid,
2026-06-08T15:31:01,86.0,41.3,sensor2_serial,3,2,6,2,120,150,20.000,20.004,0,0,0,0.000000,SUCCESS,sigmoid,
2026-06-08T15:31:21,86.0,41.3,sensor2_serial,3,2,6,2,120,149,20.000,20.004,0,1,1,0.049989,SUCCESS,sigmoid,
2026-06-08T15:31:41,86.0,41.3,sensor2_serial,3,2,6,2,120,148,20.000,20.004,0,0,0,0.000000,SUCCESS,sigmoid,
2026-06-08T15:32:01,86.0,41.3,sensor2_serial,3,2,6,2,120,147,20.000,20.005,0,0,0,0.000000,SUCCESS,sigmoid,
2026-06-08T15:32:21,86.0,41.3,sensor2_serial,3,2,6,2,120,146,20.000,20.005,0,0,0,0.000000,SUCCESS,sigmoid,
2026-06-08T15:32:41,86.0,41.3,sensor2_serial,3,2,6,2,120,145,20.000,20.004,0,0,0,0.000000,SUCCESS,sigmoid,
2026-06-08T15:33:01,86.0,41.3,sensor2_serial,3,2,6,2,120,144,20.000,20.005,0,0,0,0.000000,SUCCESS,sigmoid,
2026-06-08T15:33:21,86.0,41.3,sensor2_serial,3,2,6,2,120,143,20.000,20.004,0,0,0,0.000000,SUCCESS,sigmoid,
2026-06-08T15:33:41,86.0,41.3,sensor2_serial,3,2,6,2,120,142,20.000,20.005,0,0,0,0.000000,SUCCESS,sigmoid,
2026-06-08T15:34:01,86.0,41.3,sensor2_serial,3,2,6,2,120,141,20.000,20.004,0,0,0,0.000000,SUCCESS,sigmoid,
2026-06-08T15:34:21,86.0,41.3,sensor2_serial,3,2,6,2,120,140,20.000,20.004,0,0,0,0.000000,SUCCESS,sigmoid,
2026-06-08T15:34:41,86.0,41.3,sensor2_serial,3,2,6,2,120,139,20.000,20.004,0,0,0,0.000000,SUCCESS,sigmoid,
2026-06-08T15:35:01,86.0,41.3,sensor2_serial,3,2,6,2,120,138,20.000,20.005,0,0,0,0.000000,SUCCESS,sigmoid,
2026-06-08T15:35:21,86.0,41.3,sensor2_serial,3,2,6,2,120,137,20.000,20.004,0,0,0,0.000000,SUCCESS,sigmoid,
2026-06-08T15:35:41,86.0,41.3,sensor2_serial,3,2,6,2,120,136,20.000,20.005,0,0,0,0.000000,SUCCESS,sigmoid,
2026-06-08T15:36:01,86.0,41.3,sensor2_serial,3,2,6,2,120,135,20.000,20.005,0,0,0,0.000000,SUCCESS,sigmoid,
2026-06-08T15:36:21,86.0,41.3,sensor2_serial,3,2,6,2,120,134,20.000,20.005,0,0,0,0.000000,SUCCESS,sigmoid,
2026-06-08T15:36:42,86.0,41.3,sensor2_serial,3,2,6,2,120,133,20.000,20.004,0,0,0,0.000000,SUCCESS,sigmoid,
2026-06-08T15:37:02,86.0,41.3,sensor2_serial,3,2,6,2,120,132,20.000,20.005,0,0,0,0.000000,SUCCESS,sigmoid,
2026-06-08T15:37:22,86.0,41.3,sensor2_serial,3,2,6,2,120,131,20.000,20.004,0,0,0,0.000000,SUCCESS,sigmoid,
2026-06-08T15:37:42,86.0,41.3,sensor2_serial,3,2,6,2,120,130,20.000,20.004,0,0,0,0.000000,SUCCESS,sigmoid,
2026-06-08T15:38:02,86.0,41.3,sensor2_serial,3,2,6,2,120,129,20.000,20.005,0,0,0,0.000000,SUCCESS,sigmoid,
2026-06-08T15:38:36,87.0,40.3,sensor2_serial,3,0,4,0,120,255,20.000,20.004,0,3645703,3645703,182244.584618,SUCCESS,sigmoid,
2026-06-08T15:38:56,87.0,40.3,sensor2_serial,3,0,4,0,120,254,20.000,20.005,0,3332307,3332307,166571.948722,SUCCESS,sigmoid,
2026-06-08T15:39:16,87.0,40.3,sensor2_serial,3,0,4,0,120,253,20.000,20.005,0,2678095,2678095,133870.134280,SUCCESS,sigmoid,
2026-06-08T15:39:36,87.0,40.3,sensor2_serial,3,0,4,0,120,252,20.000,20.005,0,1854518,1854518,92702.657499,SUCCESS,sigmoid,
2026-06-08T15:39:56,87.0,40.3,sensor2_serial,3,0,4,0,120,251,20.000,20.005,0,1072976,1072976,53634.434584,SUCCESS,sigmoid,
2026-06-08T15:40:16,87.0,40.3,sensor2_serial,3,0,4,0,120,250,20.000,20.005,0,553054,553054,27646.009149,SUCCESS,sigmoid,
2026-06-08T15:40:36,87.0,40.3,sensor2_serial,3,0,4,0,120,249,20.000,20.006,0,321661,321661,16078.449919,SUCCESS,sigmoid,
2026-06-08T15:40:56,87.0,40.3,sensor2_serial,3,0,4,0,120,248,20.000,20.005,0,142707,142707,7133.513772,SUCCESS,sigmoid,
2026-06-08T15:41:16,87.0,40.3,sensor2_serial,3,0,4,0,120,247,20.000,20.005,0,76875,76875,3842.711013,SUCCESS,sigmoid,
2026-06-08T15:41:36,87.0,40.3,sensor2_serial,3,0,4,0,120,246,20.000,20.005,0,31944,31944,1596.839804,SUCCESS,sigmoid,
2026-06-08T15:41:56,87.0,40.3,sensor2_serial,3,0,4,0,120,245,20.000,20.005,0,31976,31976,1598.383989,SUCCESS,sigmoid,
2026-06-08T15:42:16,87.0,40.3,sensor2_serial,3,0,4,0,120,244,20.000,20.004,0,12336,12336,616.669221,SUCCESS,sigmoid,
2026-06-08T15:42:37,87.0,40.3,sensor2_serial,3,0,4,0,120,243,20.000,20.004,0,5338,5338,266.841059,SUCCESS,sigmoid,
2026-06-08T15:42:57,87.0,40.3,sensor2_serial,3,0,4,0,120,242,20.000,20.005,0,1994,1994,99.677344,SUCCESS,sigmoid,
2026-06-08T15:43:17,87.0,40.3,sensor2_serial,3,0,4,0,120,241,20.000,20.004,0,814,814,40.691236,SUCCESS,sigmoid,
2026-06-08T15:43:37,87.0,40.3,sensor2_serial,3,0,4,0,120,240,20.000,20.005,0,356,356,17.795584,SUCCESS,sigmoid,
2026-06-08T15:43:57,87.0,40.3,sensor2_serial,3,0,4,0,120,239,20.000,20.005,0,158,158,7.898187,SUCCESS,sigmoid,
2026-06-08T15:44:17,87.0,40.3,sensor2_serial,3,0,4,0,120,238,20.000,20.004,0,141,141,7.048492,SUCCESS,sigmoid,
2026-06-08T15:44:37,87.0,40.3,sensor2_serial,3,0,4,0,120,237,20.000,20.005,0,130,130,6.498487,SUCCESS,sigmoid,
2026-06-08T15:44:57,87.0,40.3,sensor2_serial,3,0,4,0,120,236,20.000,20.004,0,100,100,4.998935,SUCCESS,sigmoid,
2026-06-08T15:45:17,87.0,40.3,sensor2_serial,3,0,4,0,120,235,20.000,20.004,0,119,119,5.948762,SUCCESS,sigmoid,
2026-06-08T15:45:37,87.0,40.3,sensor2_serial,3,0,4,0,120,234,20.000,20.005,0,96,96,4.798726,SUCCESS,sigmoid,
2026-06-08T15:45:57,87.0,40.3,sensor2_serial,3,0,4,0,120,233,20.000,20.005,0,107,107,5.348752,SUCCESS,sigmoid,
2026-06-08T15:46:17,87.0,40.3,sensor2_serial,3,0,4,0,120,232,20.000,20.005,0,98,98,4.898796,SUCCESS,sigmoid,
2026-06-08T15:46:37,87.0,40.3,sensor2_serial,3,0,4,0,120,231,20.000,20.005,0,71,71,3.549051,SUCCESS,sigmoid,
2026-06-08T15:46:57,87.0,40.3,sensor2_serial,3,0,4,0,120,230,20.000,20.005,0,74,74,3.699128,SUCCESS,sigmoid,
2026-06-08T15:47:17,87.0,40.3,sensor2_serial,3,0,4,0,120,229,20.000,20.004,0,75,75,3.749176,SUCCESS,sigmoid,
2026-06-08T15:47:37,87.0,40.3,sensor2_serial,3,0,4,0,120,228,20.000,20.004,0,82,82,4.099080,SUCCESS,sigmoid,
2026-06-08T15:47:58,87.0,40.3,sensor2_serial,3,0,4,0,120,227,20.000,20.004,0,61,61,3.049341,SUCCESS,sigmoid,
2026-06-08T15:48:18,87.0,40.3,sensor2_serial,3,0,4,0,120,226,20.000,20.004,0,62,62,3.099303,SUCCESS,sigmoid,
2026-06-08T15:48:38,87.0,40.3,sensor2_serial,3,0,4,0,120,225,20.000,20.005,0,51,51,2.549368,SUCCESS,sigmoid,
2026-06-08T15:48:58,87.0,40.3,sensor2_serial,3,0,4,0,120,224,20.000,20.005,0,58,58,2.899245,SUCCESS,sigmoid,
2026-06-08T15:49:18,87.0,40.3,sensor2_serial,3,0,4,0,120,223,20.000,20.005,0,48,48,2.399450,SUCCESS,sigmoid,
2026-06-08T15:49:38,87.0,40.3,sensor2_serial,3,0,4,0,120,222,20.000,20.005,0,35,35,1.749530,SUCCESS,sigmoid,
2026-06-08T15:49:58,87.0,40.3,sensor2_serial,3,0,4,0,120,221,20.000,20.005,0,45,45,2.249454,SUCCESS,sigmoid,
2026-06-08T15:50:18,87.0,40.3,sensor2_serial,3,0,4,0,120,220,20.000,20.005,0,40,40,1.999538,SUCCESS,sigmoid,
2026-06-08T15:50:38,87.0,40.3,sensor2_serial,3,0,4,0,120,219,20.000,20.005,0,35,35,1.749602,SUCCESS,sigmoid,
2026-06-08T15:50:58,87.0,40.3,sensor2_serial,3,0,4,0,120,218,20.000,20.005,0,29,29,1.449648,SUCCESS,sigmoid,
2026-06-08T15:51:18,87.0,40.3,sensor2_serial,3,0,4,0,120,217,20.000,20.004,0,32,32,1.599653,SUCCESS,sigmoid,
2026-06-08T15:51:38,87.0,40.3,sensor2_serial,3,0,4,0,120,216,20.000,20.005,0,25,25,1.249683,SUCCESS,sigmoid,
2026-06-08T15:51:58,87.0,40.3,sensor2_serial,3,0,4,0,120,215,20.000,20.005,0,22,22,1.099703,SUCCESS,sigmoid,
2026-06-08T15:52:18,87.0,40.3,sensor2_serial,3,0,4,0,120,214,20.000,20.005,0,24,24,1.199717,SUCCESS,sigmoid,
2026-06-08T15:52:38,87.0,40.3,sensor2_serial,3,0,4,0,120,213,20.000,20.004,0,16,16,0.799822,SUCCESS,sigmoid,
2026-06-08T15:52:58,87.0,40.3,sensor2_serial,3,0,4,0,120,212,20.000,20.005,0,16,16,0.799783,SUCCESS,sigmoid,
2026-06-08T15:53:18,87.0,40.3,sensor2_serial,3,0,4,0,120,211,20.000,20.006,0,18,18,0.899748,SUCCESS,sigmoid,
2026-06-08T15:53:39,87.0,40.3,sensor2_serial,3,0,4,0,120,210,20.000,20.005,0,12,12,0.599859,SUCCESS,sigmoid,
2026-06-08T15:53:59,87.0,40.3,sensor2_serial,3,0,4,0,120,209,20.000,20.005,0,6,6,0.299932,SUCCESS,sigmoid,
2026-06-08T15:54:19,87.0,40.3,sensor2_serial,3,0,4,0,120,208,20.000,20.005,0,11,11,0.549870,SUCCESS,sigmoid,
2026-06-08T15:54:39,87.0,40.3,sensor2_serial,3,0,4,0,120,207,20.000,20.005,0,8,8,0.399908,SUCCESS,sigmoid,
2026-06-08T15:54:59,87.0,40.3,sensor2_serial,3,0,4,0,120,206,20.000,20.005,0,7,7,0.349920,SUCCESS,sigmoid,
2026-06-08T15:55:19,87.0,40.3,sensor2_serial,3,0,4,0,120,205,20.000,20.005,0,7,7,0.349909,SUCCESS,sigmoid,
2026-06-08T15:55:39,87.0,40.3,sensor2_serial,3,0,4,0,120,204,20.000,20.004,0,6,6,0.299933,SUCCESS,sigmoid,
2026-06-08T15:55:59,87.0,40.3,sensor2_serial,3,0,4,0,120,203,20.000,20.004,0,7,7,0.349923,SUCCESS,sigmoid,
2026-06-08T15:56:19,87.0,40.3,sensor2_serial,3,0,4,0,120,202,20.000,20.004,0,4,4,0.199959,SUCCESS,sigmoid,
2026-06-08T15:56:39,87.0,40.3,sensor2_serial,3,0,4,0,120,201,20.000,20.004,0,5,5,0.249948,SUCCESS,sigmoid,
2026-06-08T15:56:59,87.0,40.3,sensor2_serial,3,0,4,0,120,200,20.000,20.005,0,5,5,0.249942,SUCCESS,sigmoid,
2026-06-08T15:57:19,87.0,40.3,sensor2_serial,3,0,4,0,120,199,20.000,20.004,0,4,4,0.199956,SUCCESS,sigmoid,
2026-06-08T15:57:39,87.0,40.3,sensor2_serial,3,0,4,0,120,198,20.000,20.004,0,2,2,0.099978,SUCCESS,sigmoid,
2026-06-08T15:57:59,87.0,40.3,sensor2_serial,3,0,4,0,120,197,20.000,20.005,0,3,3,0.149966,SUCCESS,sigmoid,
2026-06-08T15:58:19,87.0,40.3,sensor2_serial,3,0,4,0,120,196,20.000,20.005,0,4,4,0.199952,SUCCESS,sigmoid,
2026-06-08T15:58:39,87.0,40.3,sensor2_serial,3,0,4,0,120,195,20.000,20.006,0,1,1,0.049986,SUCCESS,sigmoid,
2026-06-08T15:58:59,87.0,40.3,sensor2_serial,3,0,4,0,120,194,20.000,20.004,0,4,4,0.199956,SUCCESS,sigmoid,
2026-06-08T15:59:20,87.0,40.3,sensor2_serial,3,0,4,0,120,193,20.000,20.005,0,2,2,0.099977,SUCCESS,sigmoid,
2026-06-08T15:59:40,87.0,40.3,sensor2_serial,3,0,4,0,120,192,20.000,20.005,0,3,3,0.149964,SUCCESS,sigmoid,
2026-06-08T16:00:00,87.0,40.3,sensor2_serial,3,0,4,0,120,191,20.000,20.004,0,2,2,0.099978,SUCCESS,sigmoid,
2026-06-08T16:00:20,87.0,40.3,sensor2_serial,3,0,4,0,120,190,20.000,20.005,0,3,3,0.149966,SUCCESS,sigmoid,
2026-06-08T16:00:40,87.0,40.3,sensor2_serial,3,0,4,0,120,189,20.000,20.004,0,2,2,0.099979,SUCCESS,sigmoid,
2026-06-08T16:01:00,87.0,40.3,sensor2_serial,3,0,4,0,120,188,20.000,20.005,0,1,1,0.049988,SUCCESS,sigmoid,
2026-06-08T16:01:20,87.0,40.3,sensor2_serial,3,0,4,0,120,187,20.000,20.005,0,0,0,0.000000,SUCCESS,sigmoid,
2026-06-08T16:01:40,87.0,40.3,sensor2_serial,3,0,4,0,120,186,20.000,20.004,0,2,2,0.099979,SUCCESS,sigmoid,
2026-06-08T16:02:00,87.0,40.3,sensor2_serial,3,0,4,0,120,185,20.000,20.004,0,2,2,0.099978,SUCCESS,sigmoid,
2026-06-08T16:02:20,87.0,40.3,sensor2_serial,3,0,4,0,120,184,20.000,20.004,0,2,2,0.099979,SUCCESS,sigmoid,
2026-06-08T16:02:40,87.0,40.3,sensor2_serial,3,0,4,0,120,183,20.000,20.004,0,2,2,0.099979,SUCCESS,sigmoid,
2026-06-08T16:03:00,87.0,40.3,sensor2_serial,3,0,4,0,120,182,20.000,20.005,0,2,2,0.099975,SUCCESS,sigmoid,
2026-06-08T16:03:20,87.0,40.3,sensor2_serial,3,0,4,0,120,181,20.000,20.005,0,2,2,0.099977,SUCCESS,sigmoid,
2026-06-08T16:03:40,87.0,40.3,sensor2_serial,3,0,4,0,120,180,20.000,20.004,0,1,1,0.049989,SUCCESS,sigmoid,
2026-06-08T16:04:00,87.0,40.3,sensor2_serial,3,0,4,0,120,179,20.000,20.005,0,1,1,0.049988,SUCCESS,sigmoid,
2026-06-08T16:04:20,87.0,40.3,sensor2_serial,3,0,4,0,120,178,20.000,20.004,0,1,1,0.049989,SUCCESS,sigmoid,
2026-06-08T16:04:40,87.0,40.3,sensor2_serial,3,0,4,0,120,177,20.000,20.005,0,2,2,0.099975,SUCCESS,sigmoid,
2026-06-08T16:05:01,87.0,40.3,sensor2_serial,3,0,4,0,120,176,20.000,20.005,0,1,1,0.049988,SUCCESS,sigmoid,
2026-06-08T16:05:21,87.0,40.3,sensor2_serial,3,0,4,0,120,175,20.000,20.004,0,1,1,0.049990,SUCCESS,sigmoid,
2026-06-08T16:05:41,87.0,40.3,sensor2_serial,3,0,4,0,120,174,20.000,20.004,0,0,0,0.000000,SUCCESS,sigmoid,
2026-06-08T16:06:01,87.0,40.3,sensor2_serial,3,0,4,0,120,173,20.000,20.005,0,1,1,0.049988,SUCCESS,sigmoid,
2026-06-08T16:06:21,87.0,40.3,sensor2_serial,3,0,4,0,120,172,20.000,20.005,0,1,1,0.049987,SUCCESS,sigmoid,
2026-06-08T16:06:41,87.0,40.3,sensor2_serial,3,0,4,0,120,171,20.000,20.004,0,1,1,0.049989,SUCCESS,sigmoid,
2026-06-08T16:07:01,87.0,40.3,sensor2_serial,3,0,4,0,120,170,20.000,20.006,0,1,1,0.049986,SUCCESS,sigmoid,
2026-06-08T16:07:21,87.0,40.3,sensor2_serial,3,0,4,0,120,169,20.000,20.004,0,2,2,0.099978,SUCCESS,sigmoid,
2026-06-08T16:07:41,87.0,40.3,sensor2_serial,3,0,4,0,120,168,20.000,20.004,0,1,1,0.049990,SUCCESS,sigmoid,
2026-06-08T16:08:01,87.0,40.3,sensor2_serial,3,0,4,0,120,167,20.000,20.004,0,1,1,0.049990,SUCCESS,sigmoid,
2026-06-08T16:08:21,87.0,40.3,sensor2_serial,3,0,4,0,120,166,20.000,20.004,0,0,0,0.000000,SUCCESS,sigmoid,
2026-06-08T16:08:41,87.0,40.3,sensor2_serial,3,0,4,0,120,165,20.000,20.005,0,1,1,0.049988,SUCCESS,sigmoid,
2026-06-08T16:09:01,87.0,40.3,sensor2_serial,3,0,4,0,120,164,20.000,20.004,0,1,1,0.049989,SUCCESS,sigmoid,
2026-06-08T16:09:21,87.0,40.3,sensor2_serial,3,0,4,0,120,163,20.000,20.005,0,0,0,0.000000,SUCCESS,sigmoid,
2026-06-08T16:09:41,87.0,40.3,sensor2_serial,3,0,4,0,120,162,20.000,20.005,0,0,0,0.000000,SUCCESS,sigmoid,
2026-06-08T16:10:01,87.0,40.3,sensor2_serial,3,0,4,0,120,161,20.000,20.004,0,1,1,0.049989,SUCCESS,sigmoid,
2026-06-08T16:10:21,87.0,40.3,sensor2_serial,3,0,4,0,120,160,20.000,20.005,0,1,1,0.049987,SUCCESS,sigmoid,
2026-06-08T16:10:42,87.0,40.3,sensor2_serial,3,0,4,0,120,159,20.000,20.005,0,1,1,0.049988,SUCCESS,sigmoid,
2026-06-08T16:11:02,87.0,40.3,sensor2_serial,3,0,4,0,120,158,20.000,20.004,0,0,0,0.000000,SUCCESS,sigmoid,
2026-06-08T16:11:22,87.0,40.3,sensor2_serial,3,0,4,0,120,157,20.000,20.005,0,1,1,0.049988,SUCCESS,sigmoid,
2026-06-08T16:11:42,87.0,40.3,sensor2_serial,3,0,4,0,120,156,20.000,20.004,0,0,0,0.000000,SUCCESS,sigmoid,
2026-06-08T16:12:02,87.0,40.3,sensor2_serial,3,0,4,0,120,155,20.000,20.005,0,0,0,0.000000,SUCCESS,sigmoid,
2026-06-08T16:12:22,87.0,40.3,sensor2_serial,3,0,4,0,120,154,20.000,20.004,0,0,0,0.000000,SUCCESS,sigmoid,
2026-06-08T16:12:42,87.0,40.3,sensor2_serial,3,0,4,0,120,153,20.000,20.005,0,0,0,0.000000,SUCCESS,sigmoid,
2026-06-08T16:13:02,87.0,40.3,sensor2_serial,3,0,4,0,120,152,20.000,20.004,0,0,0,0.000000,SUCCESS,sigmoid,
2026-06-08T16:13:22,87.0,40.3,sensor2_serial,3,0,4,0,120,151,20.000,20.005,0,0,0,0.000000,SUCCESS,sigmoid,
2026-06-08T16:13:42,87.0,40.3,sensor2_serial,3,0,4,0,120,150,20.000,20.004,0,0,0,0.000000,SUCCESS,sigmoid,
2026-06-08T16:14:02,87.0,40.3,sensor2_serial,3,0,4,0,120,149,20.000,20.004,0,0,0,0.000000,SUCCESS,sigmoid,
2026-06-08T16:14:22,87.0,40.3,sensor2_serial,3,0,4,0,120,148,20.000,20.005,0,0,0,0.000000,SUCCESS,sigmoid,
2026-06-08T16:14:42,87.0,40.3,sensor2_serial,3,0,4,0,120,147,20.000,20.004,0,0,0,0.000000,SUCCESS,sigmoid,
2026-06-08T16:15:02,87.0,40.3,sensor2_serial,3,0,4,0,120,146,20.000,20.005,0,0,0,0.000000,SUCCESS,sigmoid,
2026-06-08T16:15:22,87.0,40.3,sensor2_serial,3,0,4,0,120,145,20.000,20.005,0,0,0,0.000000,SUCCESS,sigmoid,
2026-06-08T16:15:42,87.0,40.3,sensor2_serial,3,0,4,0,120,144,20.000,20.004,0,0,0,0.000000,SUCCESS,sigmoid,
2026-06-08T16:16:02,87.0,40.3,sensor2_serial,3,0,4,0,120,143,20.000,20.005,0,0,0,0.000000,SUCCESS,sigmoid,
2026-06-08T16:16:23,87.0,40.3,sensor2_serial,3,0,4,0,120,142,20.000,20.005,0,0,0,0.000000,SUCCESS,sigmoid,
2026-06-08T16:16:43,87.0,40.3,sensor2_serial,3,0,4,0,120,141,20.000,20.005,0,0,0,0.000000,SUCCESS,sigmoid,
2026-06-08T16:17:03,87.0,40.3,sensor2_serial,3,0,4,0,120,140,20.000,20.005,0,0,0,0.000000,SUCCESS,sigmoid,
2026-06-08T16:17:23,87.0,40.3,sensor2_serial,3,0,4,0,120,139,20.000,20.005,0,0,0,0.000000,SUCCESS,sigmoid,
2026-06-08T16:17:43,87.0,40.3,sensor2_serial,3,0,4,0,120,138,20.000,20.005,0,0,0,0.000000,SUCCESS,sigmoid,
2026-06-08T16:18:03,87.0,40.3,sensor2_serial,3,0,4,0,120,137,20.000,20.004,0,0,0,0.000000,SUCCESS,sigmoid,
2026-06-08T16:18:23,87.0,40.3,sensor2_serial,3,1,5,1,120,255,20.000,20.006,0,1228082,1228082,61386.678365,SUCCESS,sigmoid,
2026-06-08T16:18:43,87.0,40.3,sensor2_serial,3,1,5,1,120,254,20.000,20.006,0,1512114,1512114,75583.379831,SUCCESS,sigmoid,
2026-06-08T16:19:03,87.0,40.3,sensor2_serial,3,1,5,1,120,253,20.000,20.005,0,1721571,1721571,86056.562439,SUCCESS,sigmoid,
2026-06-08T16:19:23,87.0,40.3,sensor2_serial,3,1,5,1,120,252,20.000,20.006,0,1791092,1791092,89529.513702,SUCCESS,sigmoid,
2026-06-08T16:19:43,87.0,40.3,sensor2_serial,3,1,5,1,120,251,20.000,20.005,0,1805026,1805026,90226.513170,SUCCESS,sigmoid,
2026-06-08T16:20:03,87.0,40.3,sensor2_serial,3,1,5,1,120,250,20.000,20.005,0,1811984,1811984,90574.882169,SUCCESS,sigmoid,
2026-06-08T16:20:23,87.0,40.3,sensor2_serial,3,1,5,1,120,249,20.000,20.005,0,2001052,2001052,100026.634071,SUCCESS,sigmoid,
2026-06-08T16:20:43,87.0,40.3,sensor2_serial,3,1,5,1,120,248,20.000,20.006,0,2220036,2220036,110969.477257,SUCCESS,sigmoid,
2026-06-08T16:21:03,87.0,40.3,sensor2_serial,3,1,5,1,120,247,20.000,20.005,0,2515023,2515023,125717.341560,SUCCESS,sigmoid,
2026-06-08T16:21:23,87.0,40.3,sensor2_serial,3,1,5,1,120,246,20.000,20.005,0,2909482,2909482,145436.658149,SUCCESS,sigmoid,
2026-06-08T16:21:44,87.0,40.3,sensor2_serial,3,1,5,1,120,245,20.000,20.005,0,3169643,3169643,158440.108241,SUCCESS,sigmoid,
2026-06-08T16:22:04,87.0,40.3,sensor2_serial,3,1,5,1,120,244,20.000,20.005,0,3054634,3054634,152691.815158,SUCCESS,sigmoid,
2026-06-08T16:22:24,87.0,40.3,sensor2_serial,3,1,5,1,120,243,20.000,20.005,0,2475784,2475784,123757.287746,SUCCESS,sigmoid,
2026-06-08T16:22:44,87.0,40.3,sensor2_serial,3,1,5,1,120,242,20.000,20.005,0,1883526,1883526,94150.595653,SUCCESS,sigmoid,
2026-06-08T16:23:04,87.0,40.3,sensor2_serial,3,1,5,1,120,241,20.000,20.005,0,1071375,1071375,53554.663233,SUCCESS,sigmoid,
2026-06-08T16:23:24,87.0,40.3,sensor2_serial,3,1,5,1,120,240,20.000,20.006,0,621678,621678,31075.301567,SUCCESS,sigmoid,
2026-06-08T16:23:44,87.0,40.3,sensor2_serial,3,1,5,1,120,239,20.000,20.005,0,474190,474190,23703.856190,SUCCESS,sigmoid,
2026-06-08T16:24:04,87.0,40.3,sensor2_serial,3,1,5,1,120,238,20.000,20.006,0,215989,215989,10796.368856,SUCCESS,sigmoid,
2026-06-08T16:24:24,87.0,40.3,sensor2_serial,3,1,5,1,120,237,20.000,20.005,0,101297,101297,5063.487883,SUCCESS,sigmoid,
2026-06-08T16:24:44,87.0,40.3,sensor2_serial,3,1,5,1,120,236,20.000,20.005,0,44648,44648,2231.805188,SUCCESS,sigmoid,
2026-06-08T16:25:04,87.0,40.3,sensor2_serial,3,1,5,1,120,235,20.000,20.005,0,16185,16185,809.027939,SUCCESS,sigmoid,
2026-06-08T16:25:24,87.0,40.3,sensor2_serial,3,1,5,1,120,234,20.000,20.005,0,6639,6639,331.869223,SUCCESS,sigmoid,
2026-06-08T16:25:44,87.0,40.3,sensor2_serial,3,1,5,1,120,233,20.000,20.005,0,2120,2120,105.971099,SUCCESS,sigmoid,
2026-06-08T16:26:04,87.0,40.3,sensor2_serial,3,1,5,1,120,232,20.000,20.004,0,862,862,43.090667,SUCCESS,sigmoid,
2026-06-08T16:26:24,87.0,40.3,sensor2_serial,3,1,5,1,120,231,20.000,20.005,0,423,423,21.144324,SUCCESS,sigmoid,
2026-06-08T16:26:44,87.0,40.3,sensor2_serial,3,1,5,1,120,230,20.000,20.006,0,189,189,9.447281,SUCCESS,sigmoid,
2026-06-08T16:27:04,87.0,40.3,sensor2_serial,3,1,5,1,120,229,20.000,20.004,0,125,125,6.248616,SUCCESS,sigmoid,
2026-06-08T16:27:25,87.0,40.3,sensor2_serial,3,1,5,1,120,228,20.000,20.005,0,103,103,5.148701,SUCCESS,sigmoid,
2026-06-08T16:27:45,87.0,40.3,sensor2_serial,3,1,5,1,120,227,20.000,20.005,0,100,100,4.998683,SUCCESS,sigmoid,
2026-06-08T16:28:05,87.0,40.3,sensor2_serial,3,1,5,1,120,226,20.000,20.005,0,83,83,4.149024,SUCCESS,sigmoid,
2026-06-08T16:28:25,87.0,40.3,sensor2_serial,3,1,5,1,120,225,20.000,20.004,0,69,69,3.449243,SUCCESS,sigmoid,
2026-06-08T16:28:45,87.0,40.3,sensor2_serial,3,1,5,1,120,224,20.000,20.004,0,73,73,3.649206,SUCCESS,sigmoid,
2026-06-08T16:29:05,87.0,40.3,sensor2_serial,3,1,5,1,120,223,20.000,20.005,0,58,58,2.899318,SUCCESS,sigmoid,
2026-06-08T16:29:25,87.0,40.3,sensor2_serial,3,1,5,1,120,222,20.000,20.005,0,61,61,3.049194,SUCCESS,sigmoid,
2026-06-08T16:29:45,87.0,40.3,sensor2_serial,3,1,5,1,120,221,20.000,20.005,0,60,60,2.999294,SUCCESS,sigmoid,
2026-06-08T16:30:05,87.0,40.3,sensor2_serial,3,1,5,1,120,220,20.000,20.006,0,54,54,2.699242,SUCCESS,sigmoid,
2026-06-08T16:30:25,87.0,40.3,sensor2_serial,3,1,5,1,120,219,20.000,20.006,0,49,49,2.449308,SUCCESS,sigmoid,
2026-06-08T16:30:45,87.0,40.3,sensor2_serial,3,1,5,1,120,218,20.000,20.004,0,68,68,3.399277,SUCCESS,sigmoid,
2026-06-08T16:31:05,87.0,40.3,sensor2_serial,3,1,5,1,120,217,20.000,20.005,0,31,31,1.549609,SUCCESS,sigmoid,
2026-06-08T16:31:25,87.0,40.3,sensor2_serial,3,1,5,1,120,216,20.000,20.005,0,43,43,2.149510,SUCCESS,sigmoid,
2026-06-08T16:31:45,87.0,40.3,sensor2_serial,3,1,5,1,120,215,20.000,20.005,0,36,36,1.799566,SUCCESS,sigmoid,
2026-06-08T16:32:05,87.0,40.3,sensor2_serial,3,1,5,1,120,214,20.000,20.005,0,28,28,1.399676,SUCCESS,sigmoid,
2026-06-08T16:32:25,87.0,40.3,sensor2_serial,3,1,5,1,120,213,20.000,20.004,0,31,31,1.549653,SUCCESS,sigmoid,
2026-06-08T16:32:45,87.0,40.3,sensor2_serial,3,1,5,1,120,212,20.000,20.005,0,24,24,1.199707,SUCCESS,sigmoid,
2026-06-08T16:33:06,87.0,40.3,sensor2_serial,3,1,5,1,120,211,20.000,20.005,0,30,30,1.499620,SUCCESS,sigmoid,
2026-06-08T16:33:26,87.0,40.3,sensor2_serial,3,1,5,1,120,210,20.000,20.005,0,25,25,1.249697,SUCCESS,sigmoid,
2026-06-08T16:33:46,87.0,40.3,sensor2_serial,3,1,5,1,120,209,20.000,20.005,0,22,22,1.099707,SUCCESS,sigmoid,
2026-06-08T16:34:06,87.0,40.3,sensor2_serial,3,1,5,1,120,208,20.000,20.004,0,23,23,1.149749,SUCCESS,sigmoid,
2026-06-08T16:34:26,87.0,40.3,sensor2_serial,3,1,5,1,120,207,20.000,20.004,0,29,29,1.449686,SUCCESS,sigmoid,
2026-06-08T16:34:46,87.0,40.3,sensor2_serial,3,1,5,1,120,206,20.000,20.004,0,17,17,0.849813,SUCCESS,sigmoid,
2026-06-08T16:35:06,87.0,40.3,sensor2_serial,3,1,5,1,120,205,20.000,20.004,0,23,23,1.149742,SUCCESS,sigmoid,
2026-06-08T16:35:26,87.0,40.3,sensor2_serial,3,1,5,1,120,204,20.000,20.004,0,12,12,0.599867,SUCCESS,sigmoid,
2026-06-08T16:35:46,87.0,40.3,sensor2_serial,3,1,5,1,120,203,20.000,20.005,0,14,14,0.699827,SUCCESS,sigmoid,
2026-06-08T16:36:06,87.0,40.3,sensor2_serial,3,1,5,1,120,202,20.000,20.005,0,10,10,0.499887,SUCCESS,sigmoid,
2026-06-08T16:36:26,87.0,40.3,sensor2_serial,3,1,5,1,120,201,20.000,20.005,0,8,8,0.399903,SUCCESS,sigmoid,
2026-06-08T16:36:46,87.0,40.3,sensor2_serial,3,1,5,1,120,200,20.000,20.004,0,6,6,0.299935,SUCCESS,sigmoid,
2026-06-08T16:37:06,87.0,40.3,sensor2_serial,3,1,5,1,120,199,20.000,20.004,0,8,8,0.399919,SUCCESS,sigmoid,
2026-06-08T16:37:26,87.0,40.3,sensor2_serial,3,1,5,1,120,198,20.000,20.005,0,6,6,0.299932,SUCCESS,sigmoid,
2026-06-08T16:37:46,87.0,40.3,sensor2_serial,3,1,5,1,120,197,20.000,20.005,0,10,10,0.499873,SUCCESS,sigmoid,
2026-06-08T16:38:06,87.0,40.3,sensor2_serial,3,1,5,1,120,196,20.000,20.005,0,6,6,0.299931,SUCCESS,sigmoid,
2026-06-08T16:38:26,87.0,40.3,sensor2_serial,3,1,5,1,120,195,20.000,20.004,0,6,6,0.299933,SUCCESS,sigmoid,
2026-06-08T16:38:47,87.0,40.3,sensor2_serial,3,1,5,1,120,194,20.000,20.004,0,6,6,0.299939,SUCCESS,sigmoid,
2026-06-08T16:39:07,87.0,40.3,sensor2_serial,3,1,5,1,120,193,20.000,20.004,0,6,6,0.299934,SUCCESS,sigmoid,
2026-06-08T16:39:27,87.0,40.3,sensor2_serial,3,1,5,1,120,192,20.000,20.005,0,4,4,0.199948,SUCCESS,sigmoid,
2026-06-08T16:39:47,87.0,40.3,sensor2_serial,3,1,5,1,120,191,20.000,20.005,0,3,3,0.149962,SUCCESS,sigmoid,
2026-06-08T16:40:07,87.0,40.3,sensor2_serial,3,1,5,1,120,190,20.000,20.005,0,3,3,0.149966,SUCCESS,sigmoid,
2026-06-08T16:40:27,87.0,40.3,sensor2_serial,3,1,5,1,120,189,20.000,20.005,0,4,4,0.199953,SUCCESS,sigmoid,
2026-06-08T16:40:47,87.0,40.3,sensor2_serial,3,1,5,1,120,188,20.000,20.004,0,2,2,0.099979,SUCCESS,sigmoid,
2026-06-08T16:41:07,87.0,40.3,sensor2_serial,3,1,5,1,120,187,20.000,20.005,0,1,1,0.049988,SUCCESS,sigmoid,
2026-06-08T16:41:27,87.0,40.3,sensor2_serial,3,1,5,1,120,186,20.000,20.004,0,1,1,0.049989,SUCCESS,sigmoid,
2026-06-08T16:41:47,87.0,40.3,sensor2_serial,3,1,5,1,120,185,20.000,20.004,0,2,2,0.099978,SUCCESS,sigmoid,
2026-06-08T16:42:07,87.0,40.3,sensor2_serial,3,1,5,1,120,184,20.000,20.005,0,2,2,0.099976,SUCCESS,sigmoid,
2026-06-08T16:42:27,87.0,40.3,sensor2_serial,3,1,5,1,120,183,20.000,20.005,0,2,2,0.099974,SUCCESS,sigmoid,
2026-06-08T16:42:47,87.0,40.3,sensor2_serial,3,1,5,1,120,182,20.000,20.005,0,2,2,0.099977,SUCCESS,sigmoid,
2026-06-08T16:43:07,87.0,40.3,sensor2_serial,3,1,5,1,120,181,20.000,20.004,0,2,2,0.099979,SUCCESS,sigmoid,
2026-06-08T16:43:27,87.0,40.3,sensor2_serial,3,1,5,1,120,180,20.000,20.005,0,1,1,0.049988,SUCCESS,sigmoid,
2026-06-08T16:43:47,87.0,40.3,sensor2_serial,3,1,5,1,120,179,20.000,20.005,0,1,1,0.049989,SUCCESS,sigmoid,
2026-06-08T16:44:07,87.0,40.3,sensor2_serial,3,1,5,1,120,178,20.000,20.004,0,2,2,0.099979,SUCCESS,sigmoid,
2026-06-08T16:44:28,87.0,40.3,sensor2_serial,3,1,5,1,120,177,20.000,20.005,0,2,2,0.099977,SUCCESS,sigmoid,
2026-06-08T16:44:48,87.0,40.3,sensor2_serial,3,1,5,1,120,176,20.000,20.005,0,2,2,0.099975,SUCCESS,sigmoid,
2026-06-08T16:45:08,87.0,40.3,sensor2_serial,3,1,5,1,120,175,20.000,20.005,0,1,1,0.049988,SUCCESS,sigmoid,
2026-06-08T16:45:28,87.0,40.3,sensor2_serial,3,1,5,1,120,174,20.000,20.005,0,1,1,0.049987,SUCCESS,sigmoid,
2026-06-08T16:45:48,87.0,40.3,sensor2_serial,3,1,5,1,120,173,20.000,20.004,0,1,1,0.049990,SUCCESS,sigmoid,
2026-06-08T16:46:08,87.0,40.3,sensor2_serial,3,1,5,1,120,172,20.000,20.004,0,2,2,0.099978,SUCCESS,sigmoid,
2026-06-08T16:46:28,87.0,40.3,sensor2_serial,3,1,5,1,120,171,20.000,20.005,0,1,1,0.049989,SUCCESS,sigmoid,
2026-06-08T16:46:48,87.0,40.3,sensor2_serial,3,1,5,1,120,170,20.000,20.005,0,1,1,0.049988,SUCCESS,sigmoid,
2026-06-08T16:47:08,87.0,40.3,sensor2_serial,3,1,5,1,120,169,20.000,20.004,0,1,1,0.049989,SUCCESS,sigmoid,
2026-06-08T16:47:28,87.0,40.3,sensor2_serial,3,1,5,1,120,168,20.000,20.005,0,1,1,0.049989,SUCCESS,sigmoid,
2026-06-08T16:47:48,87.0,40.3,sensor2_serial,3,1,5,1,120,167,20.000,20.004,0,1,1,0.049989,SUCCESS,sigmoid,
2026-06-08T16:48:08,87.0,40.3,sensor2_serial,3,1,5,1,120,166,20.000,20.004,0,0,0,0.000000,SUCCESS,sigmoid,
2026-06-08T16:48:28,87.0,40.3,sensor2_serial,3,1,5,1,120,165,20.000,20.004,0,1,1,0.049989,SUCCESS,sigmoid,
2026-06-08T16:48:48,87.0,40.3,sensor2_serial,3,1,5,1,120,164,20.000,20.005,0,0,0,0.000000,SUCCESS,sigmoid,
2026-06-08T16:49:08,87.0,40.3,sensor2_serial,3,1,5,1,120,163,20.000,20.004,0,0,0,0.000000,SUCCESS,sigmoid,
2026-06-08T16:49:28,87.0,40.3,sensor2_serial,3,1,5,1,120,162,20.000,20.005,0,0,0,0.000000,SUCCESS,sigmoid,
2026-06-08T16:49:48,87.0,40.3,sensor2_serial,3,1,5,1,120,161,20.000,20.005,0,1,1,0.049989,SUCCESS,sigmoid,
2026-06-08T16:50:09,87.0,40.3,sensor2_serial,3,1,5,1,120,160,20.000,20.005,0,1,1,0.049988,SUCCESS,sigmoid,
2026-06-08T16:50:29,87.0,40.3,sensor2_serial,3,1,5,1,120,159,20.000,20.005,0,0,0,0.000000,SUCCESS,sigmoid,
2026-06-08T16:50:49,87.0,40.3,sensor2_serial,3,1,5,1,120,158,20.000,20.004,0,1,1,0.049989,SUCCESS,sigmoid,
2026-06-08T16:51:09,87.0,40.3,sensor2_serial,3,1,5,1,120,157,20.000,20.005,0,1,1,0.049988,SUCCESS,sigmoid,
2026-06-08T16:51:29,87.0,40.3,sensor2_serial,3,1,5,1,120,156,20.000,20.005,0,1,1,0.049989,SUCCESS,sigmoid,
2026-06-08T16:51:49,87.0,40.3,sensor2_serial,3,1,5,1,120,155,20.000,20.005,0,1,1,0.049988,SUCCESS,sigmoid,
2026-06-08T16:52:09,87.0,40.3,sensor2_serial,3,1,5,1,120,154,20.000,20.004,0,1,1,0.049989,SUCCESS,sigmoid,
2026-06-08T16:52:29,87.0,40.3,sensor2_serial,3,1,5,1,120,153,20.000,20.005,0,0,0,0.000000,SUCCESS,sigmoid,
2026-06-08T16:52:49,87.0,40.3,sensor2_serial,3,1,5,1,120,152,20.000,20.004,0,0,0,0.000000,SUCCESS,sigmoid,
2026-06-08T16:53:09,87.0,40.3,sensor2_serial,3,1,5,1,120,151,20.000,20.004,0,0,0,0.000000,SUCCESS,sigmoid,
2026-06-08T16:53:29,87.0,40.3,sensor2_serial,3,1,5,1,120,150,20.000,20.005,0,0,0,0.000000,SUCCESS,sigmoid,
2026-06-08T16:53:49,87.0,40.3,sensor2_serial,3,1,5,1,120,149,20.000,20.005,0,1,1,0.049988,SUCCESS,sigmoid,
2026-06-08T16:54:09,87.0,40.3,sensor2_serial,3,1,5,1,120,148,20.000,20.005,0,1,1,0.049989,SUCCESS,sigmoid,
2026-06-08T16:54:29,87.0,40.3,sensor2_serial,3,1,5,1,120,147,20.000,20.004,0,1,1,0.049989,SUCCESS,sigmoid,
2026-06-08T16:54:49,87.0,40.3,sensor2_serial,3,1,5,1,120,146,20.000,20.004,0,0,0,0.000000,SUCCESS,sigmoid,
2026-06-08T16:55:09,87.0,40.3,sensor2_serial,3,1,5,1,120,145,20.000,20.004,0,0,0,0.000000,SUCCESS,sigmoid,
2026-06-08T16:55:30,87.0,40.3,sensor2_serial,3,1,5,1,120,144,20.000,20.005,0,0,0,0.000000,SUCCESS,sigmoid,
2026-06-08T16:55:50,87.0,40.3,sensor2_serial,3,1,5,1,120,143,20.000,20.004,0,0,0,0.000000,SUCCESS,sigmoid,
2026-06-08T16:56:10,87.0,40.3,sensor2_serial,3,1,5,1,120,142,20.000,20.004,0,2,2,0.099978,SUCCESS,sigmoid,
2026-06-08T16:56:30,87.0,40.3,sensor2_serial,3,1,5,1,120,141,20.000,20.005,0,0,0,0.000000,SUCCESS,sigmoid,
2026-06-08T16:56:50,87.0,40.3,sensor2_serial,3,1,5,1,120,140,20.000,20.004,0,0,0,0.000000,SUCCESS,sigmoid,
2026-06-08T16:57:10,87.0,40.3,sensor2_serial,3,1,5,1,120,139,20.000,20.005,0,0,0,0.000000,SUCCESS,sigmoid,
2026-06-08T16:57:30,87.0,40.3,sensor2_serial,3,1,5,1,120,138,20.000,20.005,0,0,0,0.000000,SUCCESS,sigmoid,
2026-06-08T16:57:50,87.0,40.3,sensor2_serial,3,1,5,1,120,137,20.000,20.004,0,0,0,0.000000,SUCCESS,sigmoid,
2026-06-08T16:58:10,87.0,40.3,sensor2_serial,3,1,5,1,120,136,20.000,20.005,0,0,0,0.000000,SUCCESS,sigmoid,
2026-06-08T16:58:30,87.0,40.3,sensor2_serial,3,1,5,1,120,135,20.000,20.005,0,0,0,0.000000,SUCCESS,sigmoid,
2026-06-08T16:58:50,87.0,40.3,sensor2_serial,3,1,5,1,120,134,20.000,20.004,0,0,0,0.000000,SUCCESS,sigmoid,
2026-06-08T16:59:10,87.0,40.3,sensor2_serial,3,1,5,1,120,133,20.000,20.004,0,0,0,0.000000,SUCCESS,sigmoid,
2026-06-08T16:59:30,87.0,40.3,sensor2_serial,3,1,5,1,120,132,20.000,20.004,0,0,0,0.000000,SUCCESS,sigmoid,
2026-06-08T16:59:50,87.0,40.3,sensor2_serial,3,1,5,1,120,131,20.000,20.004,0,0,0,0.000000,SUCCESS,sigmoid,
2026-06-08T17:00:10,87.0,40.3,sensor2_serial,3,1,5,1,120,130,20.000,20.005,0,0,0,0.000000,SUCCESS,sigmoid,
2026-06-08T17:00:30,87.0,40.3,sensor2_serial,3,1,5,1,120,129,20.000,20.006,0,0,0,0.000000,SUCCESS,sigmoid,
2026-06-08T17:00:50,87.0,40.3,sensor2_serial,3,1,5,1,120,128,20.000,20.005,0,0,0,0.000000,SUCCESS,sigmoid,
2026-06-08T17:01:11,87.0,40.3,sensor2_serial,3,1,5,1,120,127,20.000,20.004,0,0,0,0.000000,SUCCESS,sigmoid,
2026-06-08T17:01:31,87.0,40.3,sensor2_serial,3,1,5,1,120,126,20.000,20.005,0,0,0,0.000000,SUCCESS,sigmoid,
2026-06-08T17:01:51,87.0,40.3,sensor2_serial,3,1,5,1,120,125,20.000,20.004,0,0,0,0.000000,SUCCESS,sigmoid,
2026-06-08T17:02:11,87.0,40.3,sensor2_serial,3,1,5,1,120,124,20.000,20.004,0,0,0,0.000000,SUCCESS,sigmoid,
2026-06-08T17:02:31,87.0,40.3,sensor2_serial,3,1,5,1,120,123,20.000,20.005,0,0,0,0.000000,SUCCESS,sigmoid,
2026-06-08T17:02:51,87.0,40.3,sensor2_serial,3,1,5,1,120,122,20.000,20.004,0,0,0,0.000000,SUCCESS,sigmoid,
2026-06-08T17:03:11,87.0,40.3,sensor2_serial,3,2,6,2,120,255,20.000,20.005,0,1871382,1871382,93545.873578,SUCCESS,sigmoid,
2026-06-08T17:03:31,87.0,40.3,sensor2_serial,3,2,6,2,120,254,20.000,20.005,0,1960344,1960344,97991.526399,SUCCESS,sigmoid,
2026-06-08T17:03:51,87.0,40.3,sensor2_serial,3,2,6,2,120,253,20.000,20.006,0,2184053,2184053,109172.067639,SUCCESS,sigmoid,
2026-06-08T17:04:11,87.0,40.3,sensor2_serial,3,2,6,2,120,252,20.000,20.005,0,2550753,2550753,127502.742802,SUCCESS,sigmoid,
2026-06-08T17:04:31,87.0,40.3,sensor2_serial,3,2,6,2,120,251,20.000,20.006,0,2929682,2929682,146439.527164,SUCCESS,sigmoid,
2026-06-08T17:04:51,87.0,40.3,sensor2_serial,3,2,6,2,120,250,20.000,20.005,0,3191993,3191993,159556.427570,SUCCESS,sigmoid,
2026-06-08T17:05:11,87.0,40.3,sensor2_serial,3,2,6,2,120,249,20.000,20.005,0,3215534,3215534,160734.802379,SUCCESS,sigmoid,
2026-06-08T17:05:31,87.0,40.3,sensor2_serial,3,2,6,2,120,248,20.000,20.005,0,2855355,2855355,142729.953465,SUCCESS,sigmoid,
2026-06-08T17:05:51,87.0,40.3,sensor2_serial,3,2,6,2,120,247,20.000,20.006,0,2163052,2163052,108121.340143,SUCCESS,sigmoid,
2026-06-08T17:06:11,87.0,40.3,sensor2_serial,3,2,6,2,120,246,20.000,20.006,0,1500057,1500057,74982.079467,SUCCESS,sigmoid,
2026-06-08T17:06:31,87.0,40.3,sensor2_serial,3,2,6,2,120,245,20.000,20.006,0,902483,902483,45111.598398,SUCCESS,sigmoid,
2026-06-08T17:06:52,87.0,40.3,sensor2_serial,3,2,6,2,120,244,20.000,20.006,0,504499,504499,25218.001423,SUCCESS,sigmoid,
2026-06-08T17:07:12,87.0,40.3,sensor2_serial,3,2,6,2,120,243,20.000,20.006,0,201129,201129,10053.647815,SUCCESS,sigmoid,
2026-06-08T17:07:32,87.0,40.3,sensor2_serial,3,2,6,2,120,242,20.000,20.005,0,94158,94158,4706.656092,SUCCESS,sigmoid,
2026-06-08T17:07:52,87.0,40.3,sensor2_serial,3,2,6,2,120,241,20.000,20.006,0,37499,37499,1874.420919,SUCCESS,sigmoid,
2026-06-08T17:08:12,87.0,40.3,sensor2_serial,3,2,6,2,120,240,20.000,20.006,0,18323,18323,915.896498,SUCCESS,sigmoid,
2026-06-08T17:08:32,87.0,40.3,sensor2_serial,3,2,6,2,120,239,20.000,20.004,0,7464,7464,373.117847,SUCCESS,sigmoid,
2026-06-08T17:08:52,87.0,40.3,sensor2_serial,3,2,6,2,120,238,20.000,20.005,0,2904,2904,145.165926,SUCCESS,sigmoid,
2026-06-08T17:09:12,87.0,40.3,sensor2_serial,3,2,6,2,120,237,20.000,20.005,0,1020,1020,50.987501,SUCCESS,sigmoid,
2026-06-08T17:09:32,87.0,40.3,sensor2_serial,3,2,6,2,120,236,20.000,20.005,0,441,441,22.044320,SUCCESS,sigmoid,
2026-06-08T17:09:52,87.0,40.3,sensor2_serial,3,2,6,2,120,235,20.000,20.005,0,197,197,9.847668,SUCCESS,sigmoid,
2026-06-08T17:10:12,87.0,40.3,sensor2_serial,3,2,6,2,120,234,20.000,20.005,0,131,131,6.548468,SUCCESS,sigmoid,
2026-06-08T17:10:32,87.0,40.3,sensor2_serial,3,2,6,2,120,233,20.000,20.006,0,102,102,5.098580,SUCCESS,sigmoid,
2026-06-08T17:10:52,87.0,40.3,sensor2_serial,3,2,6,2,120,232,20.000,20.005,0,96,96,4.798783,SUCCESS,sigmoid,
2026-06-08T17:11:12,87.0,40.3,sensor2_serial,3,2,6,2,120,231,20.000,20.005,0,110,110,5.498722,SUCCESS,sigmoid,
2026-06-08T17:11:32,87.0,40.3,sensor2_serial,3,2,6,2,120,230,20.000,20.005,0,73,73,3.649014,SUCCESS,sigmoid,
2026-06-08T17:11:52,87.0,40.3,sensor2_serial,3,2,6,2,120,229,20.000,20.005,0,89,89,4.448955,SUCCESS,sigmoid,
2026-06-08T17:12:12,87.0,40.3,sensor2_serial,3,2,6,2,120,228,20.000,20.004,0,74,74,3.699187,SUCCESS,sigmoid,
2026-06-08T17:12:33,87.0,40.3,sensor2_serial,3,2,6,2,120,227,20.000,20.005,0,78,78,3.898989,SUCCESS,sigmoid,
2026-06-08T17:12:53,87.0,40.3,sensor2_serial,3,2,6,2,120,226,20.000,20.005,0,53,53,2.649389,SUCCESS,sigmoid,
2026-06-08T17:13:13,87.0,40.3,sensor2_serial,3,2,6,2,120,225,20.000,20.005,0,52,52,2.599396,SUCCESS,sigmoid,
2026-06-08T17:13:33,87.0,40.3,sensor2_serial,3,2,6,2,120,224,20.000,20.005,0,63,63,3.149232,SUCCESS,sigmoid,
2026-06-08T17:13:53,87.0,40.3,sensor2_serial,3,2,6,2,120,223,20.000,20.005,0,59,59,2.949189,SUCCESS,sigmoid,
2026-06-08T17:14:13,87.0,40.3,sensor2_serial,3,2,6,2,120,222,20.000,20.004,0,65,65,3.249347,SUCCESS,sigmoid,
2026-06-08T17:14:33,87.0,40.3,sensor2_serial,3,2,6,2,120,221,20.000,20.005,0,38,38,1.899572,SUCCESS,sigmoid,
2026-06-08T17:14:53,87.0,40.3,sensor2_serial,3,2,6,2,120,220,20.000,20.005,0,59,59,2.949326,SUCCESS,sigmoid,
2026-06-08T17:15:13,87.0,40.3,sensor2_serial,3,2,6,2,120,219,20.000,20.004,0,48,48,2.399467,SUCCESS,sigmoid,
2026-06-08T17:15:33,87.0,40.3,sensor2_serial,3,2,6,2,120,218,20.000,20.005,0,49,49,2.449438,SUCCESS,sigmoid,
2026-06-08T17:15:53,87.0,40.3,sensor2_serial,3,2,6,2,120,217,20.000,20.005,0,39,39,1.949540,SUCCESS,sigmoid,
2026-06-08T17:16:13,87.0,40.3,sensor2_serial,3,2,6,2,120,216,20.000,20.005,0,36,36,1.799557,SUCCESS,sigmoid,
2026-06-08T17:16:33,87.0,40.3,sensor2_serial,3,2,6,2,120,215,20.000,20.004,0,38,38,1.899575,SUCCESS,sigmoid,
2026-06-08T17:16:53,87.0,40.3,sensor2_serial,3,2,6,2,120,214,20.000,20.005,0,24,24,1.199696,SUCCESS,sigmoid,
2026-06-08T17:17:13,87.0,40.3,sensor2_serial,3,2,6,2,120,213,20.000,20.004,0,15,15,0.749831,SUCCESS,sigmoid,
2026-06-08T17:17:33,87.0,40.3,sensor2_serial,3,2,6,2,120,212,20.000,20.004,0,25,25,1.249727,SUCCESS,sigmoid,
2026-06-08T17:17:53,87.0,40.3,sensor2_serial,3,2,6,2,120,211,20.000,20.005,0,28,28,1.399682,SUCCESS,sigmoid,
2026-06-08T17:18:14,87.0,40.3,sensor2_serial,3,2,6,2,120,210,20.000,20.004,0,20,20,0.999783,SUCCESS,sigmoid,
2026-06-08T17:18:34,87.0,40.3,sensor2_serial,3,2,6,2,120,209,20.000,20.004,0,13,13,0.649858,SUCCESS,sigmoid,
2026-06-08T17:18:54,87.0,40.3,sensor2_serial,3,2,6,2,120,208,20.000,20.004,0,10,10,0.499893,SUCCESS,sigmoid,
2026-06-08T17:19:14,87.0,40.3,sensor2_serial,3,2,6,2,120,207,20.000,20.005,0,10,10,0.499882,SUCCESS,sigmoid,
2026-06-08T17:19:34,87.0,40.3,sensor2_serial,3,2,6,2,120,206,20.000,20.004,0,17,17,0.849811,SUCCESS,sigmoid,
2026-06-08T17:19:54,87.0,40.3,sensor2_serial,3,2,6,2,120,205,20.000,20.005,0,10,10,0.499868,SUCCESS,sigmoid,
2026-06-08T17:20:14,87.0,40.3,sensor2_serial,3,2,6,2,120,204,20.000,20.005,0,5,5,0.249939,SUCCESS,sigmoid,
2026-06-08T17:20:34,87.0,40.3,sensor2_serial,3,2,6,2,120,203,20.000,20.005,0,9,9,0.449896,SUCCESS,sigmoid,
2026-06-08T17:20:54,87.0,40.3,sensor2_serial,3,2,6,2,120,202,20.000,20.004,0,9,9,0.449899,SUCCESS,sigmoid,
2026-06-08T17:21:14,87.0,40.3,sensor2_serial,3,2,6,2,120,201,20.000,20.004,0,6,6,0.299937,SUCCESS,sigmoid,
2026-06-08T17:21:34,87.0,40.3,sensor2_serial,3,2,6,2,120,200,20.000,20.004,0,7,7,0.349922,SUCCESS,sigmoid,
2026-06-08T17:21:54,87.0,40.3,sensor2_serial,3,2,6,2,120,199,20.000,20.005,0,4,4,0.199950,SUCCESS,sigmoid,
2026-06-08T17:22:14,87.0,40.3,sensor2_serial,3,2,6,2,120,198,20.000,20.004,0,5,5,0.249945,SUCCESS,sigmoid,
2026-06-08T17:22:34,87.0,40.3,sensor2_serial,3,2,6,2,120,197,20.000,20.004,0,4,4,0.199958,SUCCESS,sigmoid,
2026-06-08T17:22:54,87.0,40.3,sensor2_serial,3,2,6,2,120,196,20.000,20.004,0,2,2,0.099979,SUCCESS,sigmoid,
2026-06-08T17:23:14,87.0,40.3,sensor2_serial,3,2,6,2,120,195,20.000,20.004,0,8,8,0.399913,SUCCESS,sigmoid,
2026-06-08T17:23:35,87.0,40.3,sensor2_serial,3,2,6,2,120,194,20.000,20.005,0,3,3,0.149964,SUCCESS,sigmoid,
2026-06-08T17:23:55,87.0,40.3,sensor2_serial,3,2,6,2,120,193,20.000,20.004,0,5,5,0.249949,SUCCESS,sigmoid,
2026-06-08T17:24:15,87.0,40.3,sensor2_serial,3,2,6,2,120,192,20.000,20.004,0,5,5,0.249944,SUCCESS,sigmoid,
2026-06-08T17:24:35,87.0,40.3,sensor2_serial,3,2,6,2,120,191,20.000,20.005,0,1,1,0.049989,SUCCESS,sigmoid,
2026-06-08T17:24:55,87.0,40.3,sensor2_serial,3,2,6,2,120,190,20.000,20.005,0,3,3,0.149962,SUCCESS,sigmoid,
2026-06-08T17:25:15,87.0,40.3,sensor2_serial,3,2,6,2,120,189,20.000,20.004,0,2,2,0.099980,SUCCESS,sigmoid,
2026-06-08T17:25:35,87.0,40.3,sensor2_serial,3,2,6,2,120,188,20.000,20.004,0,1,1,0.049989,SUCCESS,sigmoid,
2026-06-08T17:25:55,87.0,40.3,sensor2_serial,3,2,6,2,120,187,20.000,20.004,0,2,2,0.099978,SUCCESS,sigmoid,
2026-06-08T17:26:15,87.0,40.3,sensor2_serial,3,2,6,2,120,186,20.000,20.005,0,2,2,0.099975,SUCCESS,sigmoid,
2026-06-08T17:26:35,87.0,40.3,sensor2_serial,3,2,6,2,120,185,20.000,20.005,0,3,3,0.149960,SUCCESS,sigmoid,
2026-06-08T17:26:55,87.0,40.3,sensor2_serial,3,2,6,2,120,184,20.000,20.004,0,2,2,0.099979,SUCCESS,sigmoid,
2026-06-08T17:27:15,87.0,40.3,sensor2_serial,3,2,6,2,120,183,20.000,20.004,0,1,1,0.049989,SUCCESS,sigmoid,
2026-06-08T17:27:35,87.0,40.3,sensor2_serial,3,2,6,2,120,182,20.000,20.005,0,2,2,0.099977,SUCCESS,sigmoid,
2026-06-08T17:27:55,87.0,40.3,sensor2_serial,3,2,6,2,120,181,20.000,20.005,0,1,1,0.049988,SUCCESS,sigmoid,
2026-06-08T17:28:15,87.0,40.3,sensor2_serial,3,2,6,2,120,180,20.000,20.005,0,1,1,0.049986,SUCCESS,sigmoid,
2026-06-08T17:28:35,87.0,40.3,sensor2_serial,3,2,6,2,120,179,20.000,20.004,0,1,1,0.049989,SUCCESS,sigmoid,
2026-06-08T17:28:55,87.0,40.3,sensor2_serial,3,2,6,2,120,178,20.000,20.004,0,1,1,0.049989,SUCCESS,sigmoid,
2026-06-08T17:29:16,87.0,40.3,sensor2_serial,3,2,6,2,120,177,20.000,20.004,0,1,1,0.049989,SUCCESS,sigmoid,
2026-06-08T17:29:36,87.0,40.3,sensor2_serial,3,2,6,2,120,176,20.000,20.005,0,1,1,0.049988,SUCCESS,sigmoid,
2026-06-08T17:29:56,87.0,40.3,sensor2_serial,3,2,6,2,120,175,20.000,20.005,0,0,0,0.000000,SUCCESS,sigmoid,
2026-06-08T17:30:16,87.0,40.3,sensor2_serial,3,2,6,2,120,174,20.000,20.004,0,1,1,0.049990,SUCCESS,sigmoid,
2026-06-08T17:30:36,87.0,40.3,sensor2_serial,3,2,6,2,120,173,20.000,20.004,0,0,0,0.000000,SUCCESS,sigmoid,
2026-06-08T17:30:56,87.0,40.3,sensor2_serial,3,2,6,2,120,172,20.000,20.006,0,1,1,0.049986,SUCCESS,sigmoid,
2026-06-08T17:31:16,87.0,40.3,sensor2_serial,3,2,6,2,120,171,20.000,20.005,0,0,0,0.000000,SUCCESS,sigmoid,
2026-06-08T17:31:36,87.0,40.3,sensor2_serial,3,2,6,2,120,170,20.000,20.004,0,1,1,0.049989,SUCCESS,sigmoid,
2026-06-08T17:31:56,87.0,40.3,sensor2_serial,3,2,6,2,120,169,20.000,20.005,0,0,0,0.000000,SUCCESS,sigmoid,
2026-06-08T17:32:16,87.0,40.3,sensor2_serial,3,2,6,2,120,168,20.000,20.004,0,1,1,0.049989,SUCCESS,sigmoid,
2026-06-08T17:32:36,87.0,40.3,sensor2_serial,3,2,6,2,120,167,20.000,20.004,0,0,0,0.000000,SUCCESS,sigmoid,
2026-06-08T17:32:56,87.0,40.3,sensor2_serial,3,2,6,2,120,166,20.000,20.005,0,1,1,0.049988,SUCCESS,sigmoid,
2026-06-08T17:33:16,87.0,40.3,sensor2_serial,3,2,6,2,120,165,20.000,20.005,0,1,1,0.049987,SUCCESS,sigmoid,
2026-06-08T17:33:36,87.0,40.3,sensor2_serial,3,2,6,2,120,164,20.000,20.005,0,1,1,0.049988,SUCCESS,sigmoid,
2026-06-08T17:33:56,87.0,40.3,sensor2_serial,3,2,6,2,120,163,20.000,20.004,0,1,1,0.049990,SUCCESS,sigmoid,
2026-06-08T17:34:16,87.0,40.3,sensor2_serial,3,2,6,2,120,162,20.000,20.005,0,1,1,0.049988,SUCCESS,sigmoid,
2026-06-08T17:34:36,87.0,40.3,sensor2_serial,3,2,6,2,120,161,20.000,20.006,0,0,0,0.000000,SUCCESS,sigmoid,
2026-06-08T17:34:57,87.0,40.3,sensor2_serial,3,2,6,2,120,160,20.000,20.004,0,0,0,0.000000,SUCCESS,sigmoid,
2026-06-08T17:35:17,87.0,40.3,sensor2_serial,3,2,6,2,120,159,20.000,20.004,0,1,1,0.049990,SUCCESS,sigmoid,
2026-06-08T17:35:37,87.0,40.3,sensor2_serial,3,2,6,2,120,158,20.000,20.004,0,1,1,0.049989,SUCCESS,sigmoid,
2026-06-08T17:35:57,87.0,40.3,sensor2_serial,3,2,6,2,120,157,20.000,20.006,0,1,1,0.049986,SUCCESS,sigmoid,
2026-06-08T17:36:17,87.0,40.3,sensor2_serial,3,2,6,2,120,156,20.000,20.004,0,1,1,0.049989,SUCCESS,sigmoid,
2026-06-08T17:36:37,87.0,40.3,sensor2_serial,3,2,6,2,120,155,20.000,20.005,0,2,2,0.099975,SUCCESS,sigmoid,
2026-06-08T17:36:57,87.0,40.3,sensor2_serial,3,2,6,2,120,154,20.000,20.005,0,0,0,0.000000,SUCCESS,sigmoid,
2026-06-08T17:37:17,87.0,40.3,sensor2_serial,3,2,6,2,120,153,20.000,20.004,0,1,1,0.049989,SUCCESS,sigmoid,
2026-06-08T17:37:37,87.0,40.3,sensor2_serial,3,2,6,2,120,152,20.000,20.005,0,0,0,0.000000,SUCCESS,sigmoid,
2026-06-08T17:37:57,87.0,40.3,sensor2_serial,3,2,6,2,120,151,20.000,20.005,0,0,0,0.000000,SUCCESS,sigmoid,
2026-06-08T17:38:17,87.0,40.3,sensor2_serial,3,2,6,2,120,150,20.000,20.005,0,0,0,0.000000,SUCCESS,sigmoid,
2026-06-08T17:38:37,87.0,40.3,sensor2_serial,3,2,6,2,120,149,20.000,20.004,0,0,0,0.000000,SUCCESS,sigmoid,
2026-06-08T17:38:57,87.0,40.3,sensor2_serial,3,2,6,2,120,148,20.000,20.005,0,0,0,0.000000,SUCCESS,sigmoid,
2026-06-08T17:39:17,87.0,40.3,sensor2_serial,3,2,6,2,120,147,20.000,20.004,0,0,0,0.000000,SUCCESS,sigmoid,
2026-06-08T17:39:37,87.0,40.3,sensor2_serial,3,2,6,2,120,146,20.000,20.005,0,0,0,0.000000,SUCCESS,sigmoid,
2026-06-08T17:39:57,87.0,40.3,sensor2_serial,3,2,6,2,120,145,20.000,20.005,0,0,0,0.000000,SUCCESS,sigmoid,
2026-06-08T17:40:17,87.0,40.3,sensor2_serial,3,2,6,2,120,144,20.000,20.005,0,0,0,0.000000,SUCCESS,sigmoid,
2026-06-08T17:40:38,87.0,40.3,sensor2_serial,3,2,6,2,120,143,20.000,20.004,0,0,0,0.000000,SUCCESS,sigmoid,
2026-06-08T17:40:58,87.0,40.3,sensor2_serial,3,2,6,2,120,142,20.000,20.004,0,0,0,0.000000,SUCCESS,sigmoid,
2026-06-08T17:41:18,87.0,40.3,sensor2_serial,3,2,6,2,120,141,20.000,20.005,0,2,2,0.099976,SUCCESS,sigmoid,
2026-06-08T17:41:38,87.0,40.3,sensor2_serial,3,2,6,2,120,140,20.000,20.004,0,0,0,0.000000,SUCCESS,sigmoid,
2026-06-08T17:41:58,87.0,40.3,sensor2_serial,3,2,6,2,120,139,20.000,20.004,0,0,0,0.000000,SUCCESS,sigmoid,
2026-06-08T17:42:18,87.0,40.3,sensor2_serial,3,2,6,2,120,138,20.000,20.005,0,0,0,0.000000,SUCCESS,sigmoid,
2026-06-08T17:42:38,87.0,40.3,sensor2_serial,3,2,6,2,120,137,20.000,20.004,0,0,0,0.000000,SUCCESS,sigmoid,
2026-06-08T17:42:58,87.0,40.3,sensor2_serial,3,2,6,2,120,136,20.000,20.004,0,0,0,0.000000,SUCCESS,sigmoid,
2026-06-08T17:43:18,87.0,40.3,sensor2_serial,3,2,6,2,120,135,20.000,20.004,0,0,0,0.000000,SUCCESS,sigmoid,
2026-06-08T17:43:38,87.0,40.3,sensor2_serial,3,2,6,2,120,134,20.000,20.005,0,0,0,0.000000,SUCCESS,sigmoid,
2026-06-08T17:43:58,87.0,40.3,sensor2_serial,3,2,6,2,120,133,20.000,20.005,0,0,0,0.000000,SUCCESS,sigmoid,
2026-06-08T17:44:18,87.0,40.3,sensor2_serial,3,2,6,2,120,132,20.000,20.004,0,0,0,0.000000,SUCCESS,sigmoid,
2026-06-08T17:44:38,87.0,40.3,sensor2_serial,3,2,6,2,120,131,20.000,20.004,0,0,0,0.000000,SUCCESS,sigmoid,
2026-06-08T17:44:58,87.0,40.3,sensor2_serial,3,2,6,2,120,130,20.000,20.006,0,0,0,0.000000,SUCCESS,sigmoid,
2026-06-08T17:45:18,87.0,40.3,sensor2_serial,3,2,6,2,120,129,20.000,20.004,0,0,0,0.000000,SUCCESS,sigmoid,
2026-06-08T17:45:38,87.0,40.3,sensor2_serial,3,2,6,2,120,128,20.000,20.004,0,0,0,0.000000,SUCCESS,sigmoid,
2026-06-08T17:45:58,87.0,40.3,sensor2_serial,3,2,6,2,120,127,20.000,20.004,0,0,0,0.000000,SUCCESS,sigmoid,
2026-06-08T17:46:19,87.0,40.3,sensor2_serial,3,2,6,2,120,126,20.000,20.004,0,0,0,0.000000,SUCCESS,sigmoid,
2026-06-08T17:46:39,87.0,40.3,sensor2_serial,3,2,6,2,120,125,20.000,20.005,0,0,0,0.000000,SUCCESS,sigmoid,
2026-06-08T17:46:59,87.0,40.3,sensor2_serial,3,2,6,2,120,124,20.000,20.005,0,0,0,0.000000,SUCCESS,sigmoid,
2026-06-08T17:47:19,87.0,40.3,sensor2_serial,3,2,6,2,120,123,20.000,20.005,0,0,0,0.000000,SUCCESS,sigmoid,
2026-06-08T17:47:39,87.0,40.3,sensor2_serial,3,2,6,2,120,122,20.000,20.004,0,0,0,0.000000,SUCCESS,sigmoid,
2026-06-08T17:47:59,87.0,40.3,sensor2_serial,3,2,6,2,120,121,20.000,20.004,0,0,0,0.000000,SUCCESS,sigmoid,
2026-06-08T17:48:33,88.0,39.3,sensor2_serial,3,0,4,0,120,255,20.000,20.005,0,3643562,3643562,182129.982783,SUCCESS,sigmoid,
2026-06-08T17:48:53,88.0,39.3,sensor2_serial,3,0,4,0,120,254,20.000,20.005,0,3426059,3426059,171260.246245,SUCCESS,sigmoid,
2026-06-08T17:49:13,88.0,39.3,sensor2_serial,3,0,4,0,120,253,20.000,20.005,0,2819209,2819209,140922.557549,SUCCESS,sigmoid,
2026-06-08T17:49:33,88.0,39.3,sensor2_serial,3,0,4,0,120,252,20.000,20.005,0,1969562,1969562,98452.712825,SUCCESS,sigmoid,
2026-06-08T17:49:53,88.0,39.3,sensor2_serial,3,0,4,0,120,251,20.000,20.006,0,1209838,1209838,60474.295383,SUCCESS,sigmoid,
2026-06-08T17:50:13,88.0,39.3,sensor2_serial,3,0,4,0,120,250,20.000,20.005,0,697828,697828,34882.806344,SUCCESS,sigmoid,
2026-06-08T17:50:33,88.0,39.3,sensor2_serial,3,0,4,0,120,249,20.000,20.006,0,321689,321689,16079.925596,SUCCESS,sigmoid,
2026-06-08T17:50:53,88.0,39.3,sensor2_serial,3,0,4,0,120,248,20.000,20.006,0,150512,150512,7523.455594,SUCCESS,sigmoid,
2026-06-08T17:51:13,88.0,39.3,sensor2_serial,3,0,4,0,120,247,20.000,20.006,0,78527,78527,3925.251028,SUCCESS,sigmoid,
2026-06-08T17:51:33,88.0,39.3,sensor2_serial,3,0,4,0,120,246,20.000,20.005,0,30158,30158,1507.495676,SUCCESS,sigmoid,
2026-06-08T17:51:54,88.0,39.3,sensor2_serial,3,0,4,0,120,245,20.000,20.005,0,30189,30189,1509.054505,SUCCESS,sigmoid,
2026-06-08T17:52:14,88.0,39.3,sensor2_serial,3,0,4,0,120,244,20.000,20.005,0,12294,12294,614.548162,SUCCESS,sigmoid,
2026-06-08T17:52:34,88.0,39.3,sensor2_serial,3,0,4,0,120,243,20.000,20.005,0,4514,4514,225.638212,SUCCESS,sigmoid,
2026-06-08T17:52:54,88.0,39.3,sensor2_serial,3,0,4,0,120,242,20.000,20.005,0,1966,1966,98.277307,SUCCESS,sigmoid,
2026-06-08T17:53:14,88.0,39.3,sensor2_serial,3,0,4,0,120,241,20.000,20.004,0,834,834,41.690875,SUCCESS,sigmoid,
2026-06-08T17:53:34,88.0,39.3,sensor2_serial,3,0,4,0,120,240,20.000,20.006,0,352,352,17.595146,SUCCESS,sigmoid,
2026-06-08T17:53:54,88.0,39.3,sensor2_serial,3,0,4,0,120,239,20.000,20.004,0,194,194,9.697907,SUCCESS,sigmoid,
2026-06-08T17:54:14,88.0,39.3,sensor2_serial,3,0,4,0,120,238,20.000,20.004,0,186,186,9.297965,SUCCESS,sigmoid,
2026-06-08T17:54:34,88.0,39.3,sensor2_serial,3,0,4,0,120,237,20.000,20.005,0,165,165,8.248138,SUCCESS,sigmoid,
2026-06-08T17:54:54,88.0,39.3,sensor2_serial,3,0,4,0,120,236,20.000,20.005,0,152,152,7.598130,SUCCESS,sigmoid,
2026-06-08T17:55:14,88.0,39.3,sensor2_serial,3,0,4,0,120,235,20.000,20.004,0,135,135,6.748527,SUCCESS,sigmoid,
2026-06-08T17:55:34,88.0,39.3,sensor2_serial,3,0,4,0,120,234,20.000,20.004,0,134,134,6.698611,SUCCESS,sigmoid,
2026-06-08T17:55:54,88.0,39.3,sensor2_serial,3,0,4,0,120,233,20.000,20.005,0,134,134,6.698426,SUCCESS,sigmoid,
2026-06-08T17:56:14,88.0,39.3,sensor2_serial,3,0,4,0,120,232,20.000,20.005,0,128,128,6.398279,SUCCESS,sigmoid,
2026-06-08T17:56:34,88.0,39.3,sensor2_serial,3,0,4,0,120,231,20.000,20.005,0,110,110,5.498680,SUCCESS,sigmoid,
2026-06-08T17:56:54,88.0,39.3,sensor2_serial,3,0,4,0,120,230,20.000,20.005,0,138,138,6.898412,SUCCESS,sigmoid,
2026-06-08T17:57:14,88.0,39.3,sensor2_serial,3,0,4,0,120,229,20.000,20.004,0,104,104,5.198924,SUCCESS,sigmoid,
2026-06-08T17:57:35,88.0,39.3,sensor2_serial,3,0,4,0,120,228,20.000,20.004,0,106,106,5.298838,SUCCESS,sigmoid,
2026-06-08T17:57:55,88.0,39.3,sensor2_serial,3,0,4,0,120,227,20.000,20.004,0,115,115,5.748756,SUCCESS,sigmoid,
2026-06-08T17:58:15,88.0,39.3,sensor2_serial,3,0,4,0,120,226,20.000,20.004,0,103,103,5.148850,SUCCESS,sigmoid,
2026-06-08T17:58:35,88.0,39.3,sensor2_serial,3,0,4,0,120,225,20.000,20.006,0,116,116,5.798388,SUCCESS,sigmoid,
2026-06-08T17:58:55,88.0,39.3,sensor2_serial,3,0,4,0,120,224,20.000,20.005,0,97,97,4.848837,SUCCESS,sigmoid,
2026-06-08T17:59:15,88.0,39.3,sensor2_serial,3,0,4,0,120,223,20.000,20.005,0,107,107,5.348530,SUCCESS,sigmoid,
2026-06-08T17:59:35,88.0,39.3,sensor2_serial,3,0,4,0,120,222,20.000,20.006,0,89,89,4.448727,SUCCESS,sigmoid,
2026-06-08T17:59:55,88.0,39.3,sensor2_serial,3,0,4,0,120,221,20.000,20.004,0,83,83,4.149070,SUCCESS,sigmoid,
2026-06-08T18:00:15,88.0,39.3,sensor2_serial,3,0,4,0,120,220,20.000,20.004,0,88,88,4.399034,SUCCESS,sigmoid,
2026-06-08T18:00:35,88.0,39.3,sensor2_serial,3,0,4,0,120,219,20.000,20.006,0,79,79,3.948815,SUCCESS,sigmoid,
2026-06-08T18:00:55,88.0,39.3,sensor2_serial,3,0,4,0,120,218,20.000,20.005,0,56,56,2.799318,SUCCESS,sigmoid,
2026-06-08T18:01:15,88.0,39.3,sensor2_serial,3,0,4,0,120,217,20.000,20.004,0,67,67,3.349296,SUCCESS,sigmoid,
2026-06-08T18:01:35,88.0,39.3,sensor2_serial,3,0,4,0,120,216,20.000,20.005,0,55,55,2.749334,SUCCESS,sigmoid,
2026-06-08T18:01:55,88.0,39.3,sensor2_serial,3,0,4,0,120,215,20.000,20.005,0,77,77,3.849089,SUCCESS,sigmoid,
2026-06-08T18:02:15,88.0,39.3,sensor2_serial,3,0,4,0,120,214,20.000,20.005,0,53,53,2.649389,SUCCESS,sigmoid,
2026-06-08T18:02:35,88.0,39.3,sensor2_serial,3,0,4,0,120,213,20.000,20.005,0,57,57,2.849233,SUCCESS,sigmoid,
2026-06-08T18:02:55,88.0,39.3,sensor2_serial,3,0,4,0,120,212,20.000,20.005,0,43,43,2.149516,SUCCESS,sigmoid,
2026-06-08T18:03:16,88.0,39.3,sensor2_serial,3,0,4,0,120,211,20.000,20.004,0,52,52,2.599416,SUCCESS,sigmoid,
2026-06-08T18:03:36,88.0,39.3,sensor2_serial,3,0,4,0,120,210,20.000,20.004,0,43,43,2.149529,SUCCESS,sigmoid,
2026-06-08T18:03:56,88.0,39.3,sensor2_serial,3,0,4,0,120,209,20.000,20.005,0,50,50,2.499430,SUCCESS,sigmoid,
2026-06-08T18:04:16,88.0,39.3,sensor2_serial,3,0,4,0,120,208,20.000,20.004,0,36,36,1.799622,SUCCESS,sigmoid,
2026-06-08T18:04:36,88.0,39.3,sensor2_serial,3,0,4,0,120,207,20.000,20.005,0,38,38,1.899483,SUCCESS,sigmoid,
2026-06-08T18:04:56,88.0,39.3,sensor2_serial,3,0,4,0,120,206,20.000,20.004,0,31,31,1.549687,SUCCESS,sigmoid,
2026-06-08T18:05:16,88.0,39.3,sensor2_serial,3,0,4,0,120,205,20.000,20.004,0,37,37,1.849595,SUCCESS,sigmoid,
2026-06-08T18:05:36,88.0,39.3,sensor2_serial,3,0,4,0,120,204,20.000,20.005,0,29,29,1.449629,SUCCESS,sigmoid,
2026-06-08T18:05:56,88.0,39.3,sensor2_serial,3,0,4,0,120,203,20.000,20.005,0,37,37,1.849495,SUCCESS,sigmoid,
2026-06-08T18:06:16,88.0,39.3,sensor2_serial,3,0,4,0,120,202,20.000,20.004,0,28,28,1.399705,SUCCESS,sigmoid,
2026-06-08T18:06:36,88.0,39.3,sensor2_serial,3,0,4,0,120,201,20.000,20.005,0,19,19,0.949773,SUCCESS,sigmoid,
2026-06-08T18:06:56,88.0,39.3,sensor2_serial,3,0,4,0,120,200,20.000,20.005,0,19,19,0.949745,SUCCESS,sigmoid,
2026-06-08T18:07:16,88.0,39.3,sensor2_serial,3,0,4,0,120,199,20.000,20.005,0,24,24,1.199697,SUCCESS,sigmoid,
2026-06-08T18:07:36,88.0,39.3,sensor2_serial,3,0,4,0,120,198,20.000,20.005,0,19,19,0.949783,SUCCESS,sigmoid,
2026-06-08T18:07:56,88.0,39.3,sensor2_serial,3,0,4,0,120,197,20.000,20.005,0,18,18,0.899777,SUCCESS,sigmoid,
2026-06-08T18:08:16,88.0,39.3,sensor2_serial,3,0,4,0,120,196,20.000,20.005,0,22,22,1.099699,SUCCESS,sigmoid,
2026-06-08T18:08:36,88.0,39.3,sensor2_serial,3,0,4,0,120,195,20.000,20.005,0,14,14,0.699829,SUCCESS,sigmoid,
2026-06-08T18:08:57,88.0,39.3,sensor2_serial,3,0,4,0,120,194,20.000,20.004,0,9,9,0.449908,SUCCESS,sigmoid,
2026-06-08T18:09:17,88.0,39.3,sensor2_serial,3,0,4,0,120,193,20.000,20.005,0,11,11,0.549875,SUCCESS,sigmoid,
2026-06-08T18:09:37,88.0,39.3,sensor2_serial,3,0,4,0,120,192,20.000,20.005,0,5,5,0.249942,SUCCESS,sigmoid,
2026-06-08T18:09:57,88.0,39.3,sensor2_serial,3,0,4,0,120,191,20.000,20.005,0,8,8,0.399894,SUCCESS,sigmoid,
2026-06-08T18:10:17,88.0,39.3,sensor2_serial,3,0,4,0,120,190,20.000,20.005,0,10,10,0.499871,SUCCESS,sigmoid,
2026-06-08T18:10:37,88.0,39.3,sensor2_serial,3,0,4,0,120,189,20.000,20.006,0,5,5,0.249929,SUCCESS,sigmoid,
2026-06-08T18:10:57,88.0,39.3,sensor2_serial,3,0,4,0,120,188,20.000,20.005,0,20,20,0.999739,SUCCESS,sigmoid,
2026-06-08T18:11:17,88.0,39.3,sensor2_serial,3,0,4,0,120,187,20.000,20.005,0,8,8,0.399908,SUCCESS,sigmoid,
2026-06-08T18:11:37,88.0,39.3,sensor2_serial,3,0,4,0,120,186,20.000,20.004,0,11,11,0.549877,SUCCESS,sigmoid,
2026-06-08T18:11:57,88.0,39.3,sensor2_serial,3,0,4,0,120,185,20.000,20.004,0,5,5,0.249946,SUCCESS,sigmoid,
2026-06-08T18:12:17,88.0,39.3,sensor2_serial,3,0,4,0,120,184,20.000,20.005,0,6,6,0.299922,SUCCESS,sigmoid,
2026-06-08T18:12:37,88.0,39.3,sensor2_serial,3,0,4,0,120,183,20.000,20.005,0,3,3,0.149964,SUCCESS,sigmoid,
2026-06-08T18:12:57,88.0,39.3,sensor2_serial,3,0,4,0,120,182,20.000,20.005,0,3,3,0.149963,SUCCESS,sigmoid,
2026-06-08T18:13:17,88.0,39.3,sensor2_serial,3,0,4,0,120,181,20.000,20.004,0,4,4,0.199957,SUCCESS,sigmoid,
2026-06-08T18:13:37,88.0,39.3,sensor2_serial,3,0,4,0,120,180,20.000,20.005,0,2,2,0.099975,SUCCESS,sigmoid,
2026-06-08T18:13:57,88.0,39.3,sensor2_serial,3,0,4,0,120,179,20.000,20.005,0,3,3,0.149966,SUCCESS,sigmoid,
2026-06-08T18:14:18,88.0,39.3,sensor2_serial,3,0,4,0,120,178,20.000,20.005,0,2,2,0.099977,SUCCESS,sigmoid,
2026-06-08T18:14:38,88.0,39.3,sensor2_serial,3,0,4,0,120,177,20.000,20.005,0,2,2,0.099976,SUCCESS,sigmoid,
2026-06-08T18:14:58,88.0,39.3,sensor2_serial,3,0,4,0,120,176,20.000,20.004,0,1,1,0.049989,SUCCESS,sigmoid,
2026-06-08T18:15:18,88.0,39.3,sensor2_serial,3,0,4,0,120,175,20.000,20.005,0,1,1,0.049988,SUCCESS,sigmoid,
2026-06-08T18:15:38,88.0,39.3,sensor2_serial,3,0,4,0,120,174,20.000,20.005,0,2,2,0.099977,SUCCESS,sigmoid,
2026-06-08T18:15:58,88.0,39.3,sensor2_serial,3,0,4,0,120,173,20.000,20.004,0,1,1,0.049990,SUCCESS,sigmoid,
2026-06-08T18:16:18,88.0,39.3,sensor2_serial,3,0,4,0,120,172,20.000,20.005,0,2,2,0.099977,SUCCESS,sigmoid,
2026-06-08T18:16:38,88.0,39.3,sensor2_serial,3,0,4,0,120,171,20.000,20.005,0,1,1,0.049988,SUCCESS,sigmoid,
2026-06-08T18:16:58,88.0,39.3,sensor2_serial,3,0,4,0,120,170,20.000,20.004,0,1,1,0.049989,SUCCESS,sigmoid,
2026-06-08T18:17:18,88.0,39.3,sensor2_serial,3,0,4,0,120,169,20.000,20.004,0,1,1,0.049990,SUCCESS,sigmoid,
2026-06-08T18:17:38,88.0,39.3,sensor2_serial,3,0,4,0,120,168,20.000,20.005,0,1,1,0.049987,SUCCESS,sigmoid,
2026-06-08T18:17:58,88.0,39.3,sensor2_serial,3,0,4,0,120,167,20.000,20.005,0,0,0,0.000000,SUCCESS,sigmoid,
2026-06-08T18:18:18,88.0,39.3,sensor2_serial,3,0,4,0,120,166,20.000,20.005,0,2,2,0.099975,SUCCESS,sigmoid,
2026-06-08T18:18:38,88.0,39.3,sensor2_serial,3,0,4,0,120,165,20.000,20.004,0,1,1,0.049989,SUCCESS,sigmoid,
2026-06-08T18:18:58,88.0,39.3,sensor2_serial,3,0,4,0,120,164,20.000,20.005,0,0,0,0.000000,SUCCESS,sigmoid,
2026-06-08T18:19:18,88.0,39.3,sensor2_serial,3,0,4,0,120,163,20.000,20.005,0,0,0,0.000000,SUCCESS,sigmoid,
2026-06-08T18:19:38,88.0,39.3,sensor2_serial,3,0,4,0,120,162,20.000,20.005,0,1,1,0.049987,SUCCESS,sigmoid,
2026-06-08T18:19:59,88.0,39.3,sensor2_serial,3,0,4,0,120,161,20.000,20.005,0,1,1,0.049989,SUCCESS,sigmoid,
2026-06-08T18:20:19,88.0,39.3,sensor2_serial,3,0,4,0,120,160,20.000,20.005,0,1,1,0.049988,SUCCESS,sigmoid,
2026-06-08T18:20:39,88.0,39.3,sensor2_serial,3,0,4,0,120,159,20.000,20.004,0,1,1,0.049989,SUCCESS,sigmoid,
2026-06-08T18:20:59,88.0,39.3,sensor2_serial,3,0,4,0,120,158,20.000,20.005,0,0,0,0.000000,SUCCESS,sigmoid,
2026-06-08T18:21:19,88.0,39.3,sensor2_serial,3,0,4,0,120,157,20.000,20.004,0,1,1,0.049989,SUCCESS,sigmoid,
2026-06-08T18:21:39,88.0,39.3,sensor2_serial,3,0,4,0,120,156,20.000,20.005,0,0,0,0.000000,SUCCESS,sigmoid,
2026-06-08T18:21:59,88.0,39.3,sensor2_serial,3,0,4,0,120,155,20.000,20.005,0,1,1,0.049989,SUCCESS,sigmoid,
2026-06-08T18:22:19,88.0,39.3,sensor2_serial,3,0,4,0,120,154,20.000,20.004,0,0,0,0.000000,SUCCESS,sigmoid,
2026-06-08T18:22:39,88.0,39.3,sensor2_serial,3,0,4,0,120,153,20.000,20.005,0,0,0,0.000000,SUCCESS,sigmoid,
2026-06-08T18:22:59,88.0,39.3,sensor2_serial,3,0,4,0,120,152,20.000,20.004,0,1,1,0.049989,SUCCESS,sigmoid,
2026-06-08T18:23:19,88.0,39.3,sensor2_serial,3,0,4,0,120,151,20.000,20.005,0,0,0,0.000000,SUCCESS,sigmoid,
2026-06-08T18:23:39,88.0,39.3,sensor2_serial,3,0,4,0,120,150,20.000,20.004,0,0,0,0.000000,SUCCESS,sigmoid,
2026-06-08T18:23:59,88.0,39.3,sensor2_serial,3,0,4,0,120,149,20.000,20.004,0,1,1,0.049989,SUCCESS,sigmoid,
2026-06-08T18:24:19,88.0,39.3,sensor2_serial,3,0,4,0,120,148,20.000,20.004,0,0,0,0.000000,SUCCESS,sigmoid,
2026-06-08T18:24:39,88.0,39.3,sensor2_serial,3,0,4,0,120,147,20.000,20.005,0,0,0,0.000000,SUCCESS,sigmoid,
2026-06-08T18:24:59,88.0,39.3,sensor2_serial,3,0,4,0,120,146,20.000,20.004,0,0,0,0.000000,SUCCESS,sigmoid,
2026-06-08T18:25:19,88.0,39.3,sensor2_serial,3,0,4,0,120,145,20.000,20.005,0,0,0,0.000000,SUCCESS,sigmoid,
2026-06-08T18:25:40,88.0,39.3,sensor2_serial,3,0,4,0,120,144,20.000,20.004,0,1,1,0.049989,SUCCESS,sigmoid,
2026-06-08T18:26:00,88.0,39.3,sensor2_serial,3,0,4,0,120,143,20.000,20.005,0,0,0,0.000000,SUCCESS,sigmoid,
2026-06-08T18:26:20,88.0,39.3,sensor2_serial,3,0,4,0,120,142,20.000,20.004,0,0,0,0.000000,SUCCESS,sigmoid,
2026-06-08T18:26:40,88.0,39.3,sensor2_serial,3,0,4,0,120,141,20.000,20.005,0,0,0,0.000000,SUCCESS,sigmoid,
2026-06-08T18:27:00,88.0,39.3,sensor2_serial,3,0,4,0,120,140,20.000,20.005,0,0,0,0.000000,SUCCESS,sigmoid,
2026-06-08T18:27:20,88.0,39.3,sensor2_serial,3,0,4,0,120,139,20.000,20.004,0,0,0,0.000000,SUCCESS,sigmoid,
2026-06-08T18:27:40,88.0,39.3,sensor2_serial,3,0,4,0,120,138,20.000,20.004,0,0,0,0.000000,SUCCESS,sigmoid,
2026-06-08T18:28:00,88.0,39.3,sensor2_serial,3,0,4,0,120,137,20.000,20.005,0,0,0,0.000000,SUCCESS,sigmoid,
2026-06-08T18:28:20,88.0,39.3,sensor2_serial,3,0,4,0,120,136,20.000,20.005,0,0,0,0.000000,SUCCESS,sigmoid,
2026-06-08T18:28:40,88.0,39.3,sensor2_serial,3,0,4,0,120,135,20.000,20.005,0,0,0,0.000000,SUCCESS,sigmoid,
2026-06-08T18:29:00,88.0,39.3,sensor2_serial,3,0,4,0,120,134,20.000,20.005,0,0,0,0.000000,SUCCESS,sigmoid,
2026-06-08T18:29:20,88.0,39.3,sensor2_serial,3,0,4,0,120,133,20.000,20.005,0,0,0,0.000000,SUCCESS,sigmoid,
2026-06-08T18:29:40,88.0,39.3,sensor2_serial,3,0,4,0,120,132,20.000,20.004,0,0,0,0.000000,SUCCESS,sigmoid,
2026-06-08T18:30:00,88.0,39.3,sensor2_serial,3,0,4,0,120,131,20.000,20.005,0,0,0,0.000000,SUCCESS,sigmoid,
2026-06-08T18:30:20,88.0,39.3,sensor2_serial,3,0,4,0,120,130,20.000,20.004,0,0,0,0.000000,SUCCESS,sigmoid,
2026-06-08T18:30:40,88.0,39.3,sensor2_serial,3,0,4,0,120,129,20.000,20.004,0,0,0,0.000000,SUCCESS,sigmoid,
2026-06-08T18:31:00,88.0,39.3,sensor2_serial,3,0,4,0,120,128,20.000,20.005,0,0,0,0.000000,SUCCESS,sigmoid,
2026-06-08T18:31:21,88.0,39.3,sensor2_serial,3,0,4,0,120,127,20.000,20.005,0,0,0,0.000000,SUCCESS,sigmoid,
2026-06-08T18:31:41,88.0,39.3,sensor2_serial,3,0,4,0,120,126,20.000,20.004,0,0,0,0.000000,SUCCESS,sigmoid,
2026-06-08T18:32:01,88.0,39.3,sensor2_serial,3,0,4,0,120,125,20.000,20.005,0,0,0,0.000000,SUCCESS,sigmoid,
2026-06-08T18:32:21,88.0,39.3,sensor2_serial,3,0,4,0,120,124,20.000,20.005,0,0,0,0.000000,SUCCESS,sigmoid,
2026-06-08T18:32:41,88.0,39.3,sensor2_serial,3,1,5,1,120,255,20.000,20.006,0,1120078,1120078,55988.440221,SUCCESS,sigmoid,
2026-06-08T18:33:01,88.0,39.3,sensor2_serial,3,1,5,1,120,254,20.000,20.005,0,1471219,1471219,73543.954056,SUCCESS,sigmoid,
2026-06-08T18:33:21,88.0,39.3,sensor2_serial,3,1,5,1,120,253,20.000,20.005,0,1708955,1708955,85424.515564,SUCCESS,sigmoid,
2026-06-08T18:33:41,88.0,39.3,sensor2_serial,3,1,5,1,120,252,20.000,20.005,0,1790724,1790724,89512.905709,SUCCESS,sigmoid,
2026-06-08T18:34:01,88.0,39.3,sensor2_serial,3,1,5,1,120,251,20.000,20.006,0,1823332,1823332,91140.908992,SUCCESS,sigmoid,
2026-06-08T18:34:21,88.0,39.3,sensor2_serial,3,1,5,1,120,250,20.000,20.005,0,1849948,1849948,92475.084341,SUCCESS,sigmoid,
2026-06-08T18:34:41,88.0,39.3,sensor2_serial,3,1,5,1,120,249,20.000,20.005,0,1924622,1924622,96209.227406,SUCCESS,sigmoid,
2026-06-08T18:35:01,88.0,39.3,sensor2_serial,3,1,5,1,120,248,20.000,20.005,0,2155798,2155798,107764.787537,SUCCESS,sigmoid,
2026-06-08T18:35:21,88.0,39.3,sensor2_serial,3,1,5,1,120,247,20.000,20.005,0,2474336,2474336,123683.733071,SUCCESS,sigmoid,
2026-06-08T18:35:41,88.0,39.3,sensor2_serial,3,1,5,1,120,246,20.000,20.005,0,2837495,2837495,141837.764611,SUCCESS,sigmoid,
2026-06-08T18:36:01,88.0,39.3,sensor2_serial,3,1,5,1,120,245,20.000,20.006,0,3211599,3211599,160535.520785,SUCCESS,sigmoid,
2026-06-08T18:36:21,88.0,39.3,sensor2_serial,3,1,5,1,120,244,20.000,20.005,0,3103623,3103623,155144.465839,SUCCESS,sigmoid,
2026-06-08T18:36:41,88.0,39.3,sensor2_serial,3,1,5,1,120,243,20.000,20.005,0,2610750,2610750,130504.579074,SUCCESS,sigmoid,
2026-06-08T18:37:02,88.0,39.3,sensor2_serial,3,1,5,1,120,242,20.000,20.006,0,1930890,1930890,96515.785528,SUCCESS,sigmoid,
2026-06-08T18:37:22,88.0,39.3,sensor2_serial,3,1,5,1,120,241,20.000,20.006,0,1141415,1141415,57053.502564,SUCCESS,sigmoid,
2026-06-08T18:37:42,88.0,39.3,sensor2_serial,3,1,5,1,120,240,20.000,20.005,0,644304,644304,32206.657485,SUCCESS,sigmoid,
2026-06-08T18:38:02,88.0,39.3,sensor2_serial,3,1,5,1,120,239,20.000,20.005,0,509903,509903,25488.496064,SUCCESS,sigmoid,
2026-06-08T18:38:22,88.0,39.3,sensor2_serial,3,1,5,1,120,238,20.000,20.005,0,247580,247580,12375.819963,SUCCESS,sigmoid,
2026-06-08T18:38:42,88.0,39.3,sensor2_serial,3,1,5,1,120,237,20.000,20.005,0,100402,100402,5018.778329,SUCCESS,sigmoid,
2026-06-08T18:39:02,88.0,39.3,sensor2_serial,3,1,5,1,120,236,20.000,20.005,0,48132,48132,2405.941913,SUCCESS,sigmoid,
2026-06-08T18:39:22,88.0,39.3,sensor2_serial,3,1,5,1,120,235,20.000,20.006,0,16665,16665,833.018017,SUCCESS,sigmoid,
2026-06-08T18:39:42,88.0,39.3,sensor2_serial,3,1,5,1,120,234,20.000,20.005,0,6723,6723,336.071413,SUCCESS,sigmoid,
2026-06-08T18:40:02,88.0,39.3,sensor2_serial,3,1,5,1,120,233,20.000,20.005,0,2502,2502,125.067130,SUCCESS,sigmoid,
2026-06-08T18:40:22,88.0,39.3,sensor2_serial,3,1,5,1,120,232,20.000,20.004,0,921,921,46.039969,SUCCESS,sigmoid,
2026-06-08T18:40:42,88.0,39.3,sensor2_serial,3,1,5,1,120,231,20.000,20.005,0,423,423,21.145002,SUCCESS,sigmoid,
2026-06-08T18:41:02,88.0,39.3,sensor2_serial,3,1,5,1,120,230,20.000,20.004,0,236,236,11.797368,SUCCESS,sigmoid,
2026-06-08T18:41:22,88.0,39.3,sensor2_serial,3,1,5,1,120,229,20.000,20.004,0,168,168,8.398169,SUCCESS,sigmoid,
2026-06-08T18:41:42,88.0,39.3,sensor2_serial,3,1,5,1,120,228,20.000,20.004,0,134,134,6.698537,SUCCESS,sigmoid,
2026-06-08T18:42:02,88.0,39.3,sensor2_serial,3,1,5,1,120,227,20.000,20.006,0,127,127,6.348244,SUCCESS,sigmoid,
2026-06-08T18:42:22,88.0,39.3,sensor2_serial,3,1,5,1,120,226,20.000,20.005,0,100,100,4.998861,SUCCESS,sigmoid,
2026-06-08T18:42:43,88.0,39.3,sensor2_serial,3,1,5,1,120,225,20.000,20.005,0,102,102,5.098791,SUCCESS,sigmoid,
2026-06-08T18:43:03,88.0,39.3,sensor2_serial,3,1,5,1,120,224,20.000,20.004,0,107,107,5.348808,SUCCESS,sigmoid,
2026-06-08T18:43:23,88.0,39.3,sensor2_serial,3,1,5,1,120,223,20.000,20.005,0,99,99,4.948706,SUCCESS,sigmoid,
2026-06-08T18:43:43,88.0,39.3,sensor2_serial,3,1,5,1,120,222,20.000,20.006,0,105,105,5.248531,SUCCESS,sigmoid,
2026-06-08T18:44:03,88.0,39.3,sensor2_serial,3,1,5,1,120,221,20.000,20.005,0,102,102,5.098637,SUCCESS,sigmoid,
2026-06-08T18:44:23,88.0,39.3,sensor2_serial,3,1,5,1,120,220,20.000,20.005,0,111,111,5.548601,SUCCESS,sigmoid,
2026-06-08T18:44:43,88.0,39.3,sensor2_serial,3,1,5,1,120,219,20.000,20.004,0,98,98,4.898914,SUCCESS,sigmoid,
2026-06-08T18:45:03,88.0,39.3,sensor2_serial,3,1,5,1,120,218,20.000,20.004,0,99,99,4.948888,SUCCESS,sigmoid,
2026-06-08T18:45:23,88.0,39.3,sensor2_serial,3,1,5,1,120,217,20.000,20.005,0,78,78,3.899026,SUCCESS,sigmoid,
2026-06-08T18:45:43,88.0,39.3,sensor2_serial,3,1,5,1,120,216,20.000,20.005,0,91,91,4.548943,SUCCESS,sigmoid,
2026-06-08T18:46:03,88.0,39.3,sensor2_serial,3,1,5,1,120,215,20.000,20.004,0,84,84,4.199071,SUCCESS,sigmoid,
2026-06-08T18:46:23,88.0,39.3,sensor2_serial,3,1,5,1,120,214,20.000,20.005,0,63,63,3.149264,SUCCESS,sigmoid,
2026-06-08T18:46:43,88.0,39.3,sensor2_serial,3,1,5,1,120,213,20.000,20.004,0,73,73,3.649204,SUCCESS,sigmoid,
2026-06-08T18:47:03,88.0,39.3,sensor2_serial,3,1,5,1,120,212,20.000,20.005,0,78,78,3.898947,SUCCESS,sigmoid,
2026-06-08T18:47:23,88.0,39.3,sensor2_serial,3,1,5,1,120,211,20.000,20.005,0,64,64,3.199231,SUCCESS,sigmoid,
2026-06-08T18:47:43,88.0,39.3,sensor2_serial,3,1,5,1,120,210,20.000,20.005,0,80,80,3.999020,SUCCESS,sigmoid,
2026-06-08T18:48:04,88.0,39.3,sensor2_serial,3,1,5,1,120,209,20.000,20.004,0,74,74,3.699220,SUCCESS,sigmoid,
2026-06-08T18:48:24,88.0,39.3,sensor2_serial,3,1,5,1,120,208,20.000,20.006,0,80,80,3.998896,SUCCESS,sigmoid,
2026-06-08T18:48:44,88.0,39.3,sensor2_serial,3,1,5,1,120,207,20.000,20.005,0,68,68,3.399224,SUCCESS,sigmoid,
2026-06-08T18:49:04,88.0,39.3,sensor2_serial,3,1,5,1,120,206,20.000,20.005,0,68,68,3.399209,SUCCESS,sigmoid,
2026-06-08T18:49:24,88.0,39.3,sensor2_serial,3,1,5,1,120,205,20.000,20.005,0,56,56,2.799353,SUCCESS,sigmoid,
2026-06-08T18:49:44,88.0,39.3,sensor2_serial,3,1,5,1,120,204,20.000,20.004,0,42,42,2.099555,SUCCESS,sigmoid,
2026-06-08T18:50:04,88.0,39.3,sensor2_serial,3,1,5,1,120,203,20.000,20.005,0,46,46,2.299398,SUCCESS,sigmoid,
2026-06-08T18:50:24,88.0,39.3,sensor2_serial,3,1,5,1,120,202,20.000,20.005,0,62,62,3.099148,SUCCESS,sigmoid,
2026-06-08T18:50:44,88.0,39.3,sensor2_serial,3,1,5,1,120,201,20.000,20.005,0,42,42,2.099466,SUCCESS,sigmoid,
2026-06-08T18:51:04,88.0,39.3,sensor2_serial,3,1,5,1,120,200,20.000,20.005,0,47,47,2.349458,SUCCESS,sigmoid,
2026-06-08T18:51:24,88.0,39.3,sensor2_serial,3,1,5,1,120,199,20.000,20.005,0,47,47,2.349451,SUCCESS,sigmoid,
2026-06-08T18:51:44,88.0,39.3,sensor2_serial,3,1,5,1,120,198,20.000,20.004,0,48,48,2.399471,SUCCESS,sigmoid,
2026-06-08T18:52:04,88.0,39.3,sensor2_serial,3,1,5,1,120,197,20.000,20.005,0,44,44,2.199462,SUCCESS,sigmoid,
2026-06-08T18:52:24,88.0,39.3,sensor2_serial,3,1,5,1,120,196,20.000,20.005,0,42,42,2.099490,SUCCESS,sigmoid,
2026-06-08T18:52:44,88.0,39.3,sensor2_serial,3,1,5,1,120,195,20.000,20.005,0,38,38,1.899557,SUCCESS,sigmoid,
2026-06-08T18:53:04,88.0,39.3,sensor2_serial,3,1,5,1,120,194,20.000,20.004,0,31,31,1.549662,SUCCESS,sigmoid,
2026-06-08T18:53:24,88.0,39.3,sensor2_serial,3,1,5,1,120,193,20.000,20.005,0,23,23,1.149735,SUCCESS,sigmoid,
2026-06-08T18:53:45,88.0,39.3,sensor2_serial,3,1,5,1,120,192,20.000,20.005,0,25,25,1.249718,SUCCESS,sigmoid,
2026-06-08T18:54:05,88.0,39.3,sensor2_serial,3,1,5,1,120,191,20.000,20.005,0,18,18,0.899793,SUCCESS,sigmoid,
2026-06-08T18:54:25,88.0,39.3,sensor2_serial,3,1,5,1,120,190,20.000,20.004,0,26,26,1.299733,SUCCESS,sigmoid,
2026-06-08T18:54:45,88.0,39.3,sensor2_serial,3,1,5,1,120,189,20.000,20.006,0,17,17,0.849759,SUCCESS,sigmoid,
2026-06-08T18:55:05,88.0,39.3,sensor2_serial,3,1,5,1,120,188,20.000,20.004,0,15,15,0.749840,SUCCESS,sigmoid,
2026-06-08T18:55:25,88.0,39.3,sensor2_serial,3,1,5,1,120,187,20.000,20.005,0,12,12,0.599853,SUCCESS,sigmoid,
2026-06-08T18:55:45,88.0,39.3,sensor2_serial,3,1,5,1,120,186,20.000,20.004,0,14,14,0.699846,SUCCESS,sigmoid,
2026-06-08T18:56:05,88.0,39.3,sensor2_serial,3,1,5,1,120,185,20.000,20.005,0,12,12,0.599852,SUCCESS,sigmoid,
2026-06-08T18:56:25,88.0,39.3,sensor2_serial,3,1,5,1,120,184,20.000,20.005,0,8,8,0.399909,SUCCESS,sigmoid,
2026-06-08T18:56:45,88.0,39.3,sensor2_serial,3,1,5,1,120,183,20.000,20.005,0,8,8,0.399909,SUCCESS,sigmoid,
2026-06-08T18:57:05,88.0,39.3,sensor2_serial,3,1,5,1,120,182,20.000,20.005,0,7,7,0.349918,SUCCESS,sigmoid,
2026-06-08T18:57:25,88.0,39.3,sensor2_serial,3,1,5,1,120,181,20.000,20.005,0,14,14,0.699822,SUCCESS,sigmoid,
2026-06-08T18:57:45,88.0,39.3,sensor2_serial,3,1,5,1,120,180,20.000,20.005,0,8,8,0.399909,SUCCESS,sigmoid,
2026-06-08T18:58:05,88.0,39.3,sensor2_serial,3,1,5,1,120,179,20.000,20.005,0,7,7,0.349911,SUCCESS,sigmoid,
2026-06-08T18:58:25,88.0,39.3,sensor2_serial,3,1,5,1,120,178,20.000,20.005,0,8,8,0.399900,SUCCESS,sigmoid,
2026-06-08T18:58:45,88.0,39.3,sensor2_serial,3,1,5,1,120,177,20.000,20.005,0,8,8,0.399900,SUCCESS,sigmoid,
2026-06-08T18:59:05,88.0,39.3,sensor2_serial,3,1,5,1,120,176,20.000,20.004,0,5,5,0.249944,SUCCESS,sigmoid,
2026-06-08T18:59:26,88.0,39.3,sensor2_serial,3,1,5,1,120,175,20.000,20.005,0,4,4,0.199953,SUCCESS,sigmoid,
2026-06-08T18:59:46,88.0,39.3,sensor2_serial,3,1,5,1,120,174,20.000,20.004,0,5,5,0.249944,SUCCESS,sigmoid,
2026-06-08T19:00:06,88.0,39.3,sensor2_serial,3,1,5,1,120,173,20.000,20.005,0,1,1,0.049987,SUCCESS,sigmoid,
2026-06-08T19:00:26,88.0,39.3,sensor2_serial,3,1,5,1,120,172,20.000,20.005,0,2,2,0.099975,SUCCESS,sigmoid,
2026-06-08T19:00:46,88.0,39.3,sensor2_serial,3,1,5,1,120,171,20.000,20.004,0,1,1,0.049990,SUCCESS,sigmoid,
2026-06-08T19:01:06,88.0,39.3,sensor2_serial,3,1,5,1,120,170,20.000,20.004,0,3,3,0.149968,SUCCESS,sigmoid,
2026-06-08T19:01:26,88.0,39.3,sensor2_serial,3,1,5,1,120,169,20.000,20.004,0,1,1,0.049990,SUCCESS,sigmoid,
2026-06-08T19:01:46,88.0,39.3,sensor2_serial,3,1,5,1,120,168,20.000,20.005,0,3,3,0.149960,SUCCESS,sigmoid,
2026-06-08T19:02:06,88.0,39.3,sensor2_serial,3,1,5,1,120,167,20.000,20.005,0,1,1,0.049989,SUCCESS,sigmoid,
2026-06-08T19:02:26,88.0,39.3,sensor2_serial,3,1,5,1,120,166,20.000,20.004,0,0,0,0.000000,SUCCESS,sigmoid,
2026-06-08T19:02:46,88.0,39.3,sensor2_serial,3,1,5,1,120,165,20.000,20.005,0,2,2,0.099977,SUCCESS,sigmoid,
2026-06-08T19:03:06,88.0,39.3,sensor2_serial,3,1,5,1,120,164,20.000,20.004,0,2,2,0.099978,SUCCESS,sigmoid,
2026-06-08T19:03:26,88.0,39.3,sensor2_serial,3,1,5,1,120,163,20.000,20.005,0,0,0,0.000000,SUCCESS,sigmoid,
2026-06-08T19:03:46,88.0,39.3,sensor2_serial,3,1,5,1,120,162,20.000,20.004,0,1,1,0.049989,SUCCESS,sigmoid,
2026-06-08T19:04:06,88.0,39.3,sensor2_serial,3,1,5,1,120,161,20.000,20.005,0,1,1,0.049988,SUCCESS,sigmoid,
2026-06-08T19:04:26,88.0,39.3,sensor2_serial,3,1,5,1,120,160,20.000,20.005,0,1,1,0.049989,SUCCESS,sigmoid,
2026-06-08T19:04:46,88.0,39.3,sensor2_serial,3,1,5,1,120,159,20.000,20.005,0,1,1,0.049988,SUCCESS,sigmoid,
2026-06-08T19:05:07,88.0,39.3,sensor2_serial,3,1,5,1,120,158,20.000,20.005,0,0,0,0.000000,SUCCESS,sigmoid,
2026-06-08T19:05:27,88.0,39.3,sensor2_serial,3,1,5,1,120,157,20.000,20.004,0,1,1,0.049989,SUCCESS,sigmoid,
2026-06-08T19:05:47,88.0,39.3,sensor2_serial,3,1,5,1,120,156,20.000,20.004,0,1,1,0.049989,SUCCESS,sigmoid,
2026-06-08T19:06:07,88.0,39.3,sensor2_serial,3,1,5,1,120,155,20.000,20.005,0,0,0,0.000000,SUCCESS,sigmoid,
2026-06-08T19:06:27,88.0,39.3,sensor2_serial,3,1,5,1,120,154,20.000,20.005,0,2,2,0.099976,SUCCESS,sigmoid,
2026-06-08T19:06:47,88.0,39.3,sensor2_serial,3,1,5,1,120,153,20.000,20.005,0,1,1,0.049988,SUCCESS,sigmoid,
2026-06-08T19:07:07,88.0,39.3,sensor2_serial,3,1,5,1,120,152,20.000,20.005,0,1,1,0.049988,SUCCESS,sigmoid,
2026-06-08T19:07:27,88.0,39.3,sensor2_serial,3,1,5,1,120,151,20.000,20.004,0,0,0,0.000000,SUCCESS,sigmoid,
2026-06-08T19:07:47,88.0,39.3,sensor2_serial,3,1,5,1,120,150,20.000,20.004,0,0,0,0.000000,SUCCESS,sigmoid,
2026-06-08T19:08:07,88.0,39.3,sensor2_serial,3,1,5,1,120,149,20.000,20.005,0,0,0,0.000000,SUCCESS,sigmoid,
2026-06-08T19:08:27,88.0,39.3,sensor2_serial,3,1,5,1,120,148,20.000,20.005,0,0,0,0.000000,SUCCESS,sigmoid,
2026-06-08T19:08:47,88.0,39.3,sensor2_serial,3,1,5,1,120,147,20.000,20.004,0,1,1,0.049990,SUCCESS,sigmoid,
2026-06-08T19:09:07,88.0,39.3,sensor2_serial,3,1,5,1,120,146,20.000,20.005,0,0,0,0.000000,SUCCESS,sigmoid,
2026-06-08T19:09:27,88.0,39.3,sensor2_serial,3,1,5,1,120,145,20.000,20.005,0,0,0,0.000000,SUCCESS,sigmoid,
2026-06-08T19:09:47,88.0,39.3,sensor2_serial,3,1,5,1,120,144,20.000,20.005,0,0,0,0.000000,SUCCESS,sigmoid,
2026-06-08T19:10:07,88.0,39.3,sensor2_serial,3,1,5,1,120,143,20.000,20.004,0,0,0,0.000000,SUCCESS,sigmoid,
2026-06-08T19:10:27,88.0,39.3,sensor2_serial,3,1,5,1,120,142,20.000,20.005,0,0,0,0.000000,SUCCESS,sigmoid,
2026-06-08T19:10:48,88.0,39.3,sensor2_serial,3,1,5,1,120,141,20.000,20.004,0,0,0,0.000000,SUCCESS,sigmoid,
2026-06-08T19:11:08,88.0,39.3,sensor2_serial,3,1,5,1,120,140,20.000,20.005,0,0,0,0.000000,SUCCESS,sigmoid,
2026-06-08T19:11:28,88.0,39.3,sensor2_serial,3,1,5,1,120,139,20.000,20.005,0,0,0,0.000000,SUCCESS,sigmoid,
2026-06-08T19:11:48,88.0,39.3,sensor2_serial,3,1,5,1,120,138,20.000,20.004,0,0,0,0.000000,SUCCESS,sigmoid,
2026-06-08T19:12:08,88.0,39.3,sensor2_serial,3,1,5,1,120,137,20.000,20.005,0,0,0,0.000000,SUCCESS,sigmoid,
2026-06-08T19:12:28,88.0,39.3,sensor2_serial,3,1,5,1,120,136,20.000,20.004,0,0,0,0.000000,SUCCESS,sigmoid,
2026-06-08T19:12:48,88.0,39.3,sensor2_serial,3,1,5,1,120,135,20.000,20.005,0,0,0,0.000000,SUCCESS,sigmoid,
2026-06-08T19:13:08,88.0,39.3,sensor2_serial,3,1,5,1,120,134,20.000,20.004,0,0,0,0.000000,SUCCESS,sigmoid,
2026-06-08T19:13:28,88.0,39.3,sensor2_serial,3,1,5,1,120,133,20.000,20.005,0,0,0,0.000000,SUCCESS,sigmoid,
2026-06-08T19:13:48,88.0,39.3,sensor2_serial,3,1,5,1,120,132,20.000,20.005,0,0,0,0.000000,SUCCESS,sigmoid,
2026-06-08T19:14:08,88.0,39.3,sensor2_serial,3,1,5,1,120,131,20.000,20.004,0,0,0,0.000000,SUCCESS,sigmoid,
2026-06-08T19:14:28,88.0,39.3,sensor2_serial,3,1,5,1,120,130,20.000,20.005,0,0,0,0.000000,SUCCESS,sigmoid,
2026-06-08T19:14:48,88.0,39.3,sensor2_serial,3,1,5,1,120,129,20.000,20.005,0,0,0,0.000000,SUCCESS,sigmoid,
2026-06-08T19:15:08,88.0,39.3,sensor2_serial,3,1,5,1,120,128,20.000,20.005,0,0,0,0.000000,SUCCESS,sigmoid,
2026-06-08T19:15:28,88.0,39.3,sensor2_serial,3,1,5,1,120,127,20.000,20.005,0,0,0,0.000000,SUCCESS,sigmoid,
2026-06-08T19:15:48,88.0,39.3,sensor2_serial,3,2,6,2,120,255,20.000,20.005,0,1854644,1854644,92706.750592,SUCCESS,sigmoid,
2026-06-08T19:16:08,88.0,39.3,sensor2_serial,3,2,6,2,120,254,20.000,20.005,0,1975276,1975276,98737.096541,SUCCESS,sigmoid,
2026-06-08T19:16:29,88.0,39.3,sensor2_serial,3,2,6,2,120,253,20.000,20.006,0,2163185,2163185,108129.293602,SUCCESS,sigmoid,
2026-06-08T19:16:49,88.0,39.3,sensor2_serial,3,2,6,2,120,252,20.000,20.006,0,2429850,2429850,121458.868120,SUCCESS,sigmoid,
2026-06-08T19:17:09,88.0,39.3,sensor2_serial,3,2,6,2,120,251,20.000,20.005,0,2952913,2952913,147611.707751,SUCCESS,sigmoid,
2026-06-08T19:17:29,88.0,39.3,sensor2_serial,3,2,6,2,120,250,20.000,20.005,0,3207538,3207538,160334.829493,SUCCESS,sigmoid,
2026-06-08T19:17:49,88.0,39.3,sensor2_serial,3,2,6,2,120,249,20.000,20.005,0,3252801,3252801,162596.469241,SUCCESS,sigmoid,
2026-06-08T19:18:09,88.0,39.3,sensor2_serial,3,2,6,2,120,248,20.000,20.005,0,2915376,2915376,145729.785189,SUCCESS,sigmoid,
2026-06-08T19:18:29,88.0,39.3,sensor2_serial,3,2,6,2,120,247,20.000,20.005,0,2321273,2321273,116032.764118,SUCCESS,sigmoid,
2026-06-08T19:18:49,88.0,39.3,sensor2_serial,3,2,6,2,120,246,20.000,20.005,0,1655097,1655097,82732.484852,SUCCESS,sigmoid,
2026-06-08T19:19:09,88.0,39.3,sensor2_serial,3,2,6,2,120,245,20.000,20.005,0,941271,941271,47051.136311,SUCCESS,sigmoid,
2026-06-08T19:19:29,88.0,39.3,sensor2_serial,3,2,6,2,120,244,20.000,20.005,0,543315,543315,27159.522671,SUCCESS,sigmoid,
2026-06-08T19:19:49,88.0,39.3,sensor2_serial,3,2,6,2,120,243,20.000,20.005,0,213748,213748,10684.729775,SUCCESS,sigmoid,
2026-06-08T19:20:09,88.0,39.3,sensor2_serial,3,2,6,2,120,242,20.000,20.005,0,110083,110083,5502.663772,SUCCESS,sigmoid,
2026-06-08T19:20:29,88.0,39.3,sensor2_serial,3,2,6,2,120,241,20.000,20.005,0,42786,42786,2138.718626,SUCCESS,sigmoid,
2026-06-08T19:20:49,88.0,39.3,sensor2_serial,3,2,6,2,120,240,20.000,20.005,0,19608,19608,980.150739,SUCCESS,sigmoid,
2026-06-08T19:21:09,88.0,39.3,sensor2_serial,3,2,6,2,120,239,20.000,20.005,0,7323,7323,366.051582,SUCCESS,sigmoid,
2026-06-08T19:21:29,88.0,39.3,sensor2_serial,3,2,6,2,120,238,20.000,20.005,0,2738,2738,136.862850,SUCCESS,sigmoid,
2026-06-08T19:21:50,88.0,39.3,sensor2_serial,3,2,6,2,120,237,20.000,20.004,0,980,980,48.990418,SUCCESS,sigmoid,
2026-06-08T19:22:10,88.0,39.3,sensor2_serial,3,2,6,2,120,236,20.000,20.004,0,434,434,21.695358,SUCCESS,sigmoid,
2026-06-08T19:22:30,88.0,39.3,sensor2_serial,3,2,6,2,120,235,20.000,20.005,0,227,227,11.347349,SUCCESS,sigmoid,
2026-06-08T19:22:50,88.0,39.3,sensor2_serial,3,2,6,2,120,234,20.000,20.005,0,159,159,7.947974,SUCCESS,sigmoid,
2026-06-08T19:23:10,88.0,39.3,sensor2_serial,3,2,6,2,120,233,20.000,20.004,0,116,116,5.798713,SUCCESS,sigmoid,
2026-06-08T19:23:30,88.0,39.3,sensor2_serial,3,2,6,2,120,232,20.000,20.004,0,131,131,6.548609,SUCCESS,sigmoid,
2026-06-08T19:23:50,88.0,39.3,sensor2_serial,3,2,6,2,120,231,20.000,20.004,0,119,119,5.948690,SUCCESS,sigmoid,
2026-06-08T19:24:10,88.0,39.3,sensor2_serial,3,2,6,2,120,230,20.000,20.004,0,124,124,6.198605,SUCCESS,sigmoid,
2026-06-08T19:24:30,88.0,39.3,sensor2_serial,3,2,6,2,120,229,20.000,20.005,0,124,124,6.198566,SUCCESS,sigmoid,
2026-06-08T19:24:50,88.0,39.3,sensor2_serial,3,2,6,2,120,228,20.000,20.004,0,116,116,5.798737,SUCCESS,sigmoid,
2026-06-08T19:25:10,88.0,39.3,sensor2_serial,3,2,6,2,120,227,20.000,20.005,0,116,116,5.798428,SUCCESS,sigmoid,
2026-06-08T19:25:30,88.0,39.3,sensor2_serial,3,2,6,2,120,226,20.000,20.004,0,96,96,4.798922,SUCCESS,sigmoid,
2026-06-08T19:25:50,88.0,39.3,sensor2_serial,3,2,6,2,120,225,20.000,20.005,0,100,100,4.998822,SUCCESS,sigmoid,
2026-06-08T19:26:10,88.0,39.3,sensor2_serial,3,2,6,2,120,224,20.000,20.005,0,126,126,6.298311,SUCCESS,sigmoid,
2026-06-08T19:26:30,88.0,39.3,sensor2_serial,3,2,6,2,120,223,20.000,20.004,0,98,98,4.898951,SUCCESS,sigmoid,
2026-06-08T19:26:50,88.0,39.3,sensor2_serial,3,2,6,2,120,222,20.000,20.005,0,94,94,4.698725,SUCCESS,sigmoid,
2026-06-08T19:27:10,88.0,39.3,sensor2_serial,3,2,6,2,120,221,20.000,20.006,0,106,106,5.298538,SUCCESS,sigmoid,
2026-06-08T19:27:31,88.0,39.3,sensor2_serial,3,2,6,2,120,220,20.000,20.004,0,87,87,4.349098,SUCCESS,sigmoid,
2026-06-08T19:27:51,88.0,39.3,sensor2_serial,3,2,6,2,120,219,20.000,20.004,0,92,92,4.598993,SUCCESS,sigmoid,
2026-06-08T19:28:11,88.0,39.3,sensor2_serial,3,2,6,2,120,218,20.000,20.005,0,89,89,4.448839,SUCCESS,sigmoid,
2026-06-08T19:28:31,88.0,39.3,sensor2_serial,3,2,6,2,120,217,20.000,20.005,0,91,91,4.548915,SUCCESS,sigmoid,
2026-06-08T19:28:51,88.0,39.3,sensor2_serial,3,2,6,2,120,216,20.000,20.005,0,78,78,3.898981,SUCCESS,sigmoid,
2026-06-08T19:29:11,88.0,39.3,sensor2_serial,3,2,6,2,120,215,20.000,20.005,0,82,82,4.099020,SUCCESS,sigmoid,
2026-06-08T19:29:31,88.0,39.3,sensor2_serial,3,2,6,2,120,214,20.000,20.004,0,75,75,3.749211,SUCCESS,sigmoid,
2026-06-08T19:29:51,88.0,39.3,sensor2_serial,3,2,6,2,120,213,20.000,20.005,0,82,82,4.098971,SUCCESS,sigmoid,
2026-06-08T19:30:11,88.0,39.3,sensor2_serial,3,2,6,2,120,212,20.000,20.004,0,77,77,3.849144,SUCCESS,sigmoid,
2026-06-08T19:30:31,88.0,39.3,sensor2_serial,3,2,6,2,120,211,20.000,20.004,0,73,73,3.649182,SUCCESS,sigmoid,
2026-06-08T19:30:51,88.0,39.3,sensor2_serial,3,2,6,2,120,210,20.000,20.005,0,57,57,2.849279,SUCCESS,sigmoid,
2026-06-08T19:31:11,88.0,39.3,sensor2_serial,3,2,6,2,120,209,20.000,20.005,0,62,62,3.099251,SUCCESS,sigmoid,
2026-06-08T19:31:31,88.0,39.3,sensor2_serial,3,2,6,2,120,208,20.000,20.005,0,62,62,3.099293,SUCCESS,sigmoid,
2026-06-08T19:31:51,88.0,39.3,sensor2_serial,3,2,6,2,120,207,20.000,20.004,0,54,54,2.699435,SUCCESS,sigmoid,
2026-06-08T19:32:11,88.0,39.3,sensor2_serial,3,2,6,2,120,206,20.000,20.004,0,46,46,2.299499,SUCCESS,sigmoid,
2026-06-08T19:32:31,88.0,39.3,sensor2_serial,3,2,6,2,120,205,20.000,20.005,0,43,43,2.149485,SUCCESS,sigmoid,
2026-06-08T19:32:51,88.0,39.3,sensor2_serial,3,2,6,2,120,204,20.000,20.005,0,45,45,2.249473,SUCCESS,sigmoid,
2026-06-08T19:33:12,88.0,39.3,sensor2_serial,3,2,6,2,120,203,20.000,20.005,0,47,47,2.349440,SUCCESS,sigmoid,
2026-06-08T19:33:32,88.0,39.3,sensor2_serial,3,2,6,2,120,202,20.000,20.006,0,38,38,1.899471,SUCCESS,sigmoid,
2026-06-08T19:33:52,88.0,39.3,sensor2_serial,3,2,6,2,120,201,20.000,20.005,0,35,35,1.749603,SUCCESS,sigmoid,
2026-06-08T19:34:12,88.0,39.3,sensor2_serial,3,2,6,2,120,200,20.000,20.005,0,29,29,1.449666,SUCCESS,sigmoid,
2026-06-08T19:34:32,88.0,39.3,sensor2_serial,3,2,6,2,120,199,20.000,20.004,0,29,29,1.449691,SUCCESS,sigmoid,
2026-06-08T19:34:52,88.0,39.3,sensor2_serial,3,2,6,2,120,198,20.000,20.004,0,31,31,1.549681,SUCCESS,sigmoid,
2026-06-08T19:35:12,88.0,39.3,sensor2_serial,3,2,6,2,120,197,20.000,20.004,0,31,31,1.549655,SUCCESS,sigmoid,
2026-06-08T19:35:32,88.0,39.3,sensor2_serial,3,2,6,2,120,196,20.000,20.004,0,22,22,1.099757,SUCCESS,sigmoid,
2026-06-08T19:35:52,88.0,39.3,sensor2_serial,3,2,6,2,120,195,20.000,20.004,0,29,29,1.449694,SUCCESS,sigmoid,
2026-06-08T19:36:12,88.0,39.3,sensor2_serial,3,2,6,2,120,194,20.000,20.004,0,22,22,1.099767,SUCCESS,sigmoid,
2026-06-08T19:36:32,88.0,39.3,sensor2_serial,3,2,6,2,120,193,20.000,20.005,0,17,17,0.849806,SUCCESS,sigmoid,
2026-06-08T19:36:52,88.0,39.3,sensor2_serial,3,2,6,2,120,192,20.000,20.004,0,12,12,0.599876,SUCCESS,sigmoid,
2026-06-08T19:37:12,88.0,39.3,sensor2_serial,3,2,6,2,120,191,20.000,20.004,0,18,18,0.899801,SUCCESS,sigmoid,
2026-06-08T19:37:32,88.0,39.3,sensor2_serial,3,2,6,2,120,190,20.000,20.005,0,21,21,1.049723,SUCCESS,sigmoid,
2026-06-08T19:37:52,88.0,39.3,sensor2_serial,3,2,6,2,120,189,20.000,20.005,0,11,11,0.549875,SUCCESS,sigmoid,
2026-06-08T19:38:12,88.0,39.3,sensor2_serial,3,2,6,2,120,188,20.000,20.005,0,12,12,0.599864,SUCCESS,sigmoid,
2026-06-08T19:38:32,88.0,39.3,sensor2_serial,3,2,6,2,120,187,20.000,20.004,0,12,12,0.599867,SUCCESS,sigmoid,
2026-06-08T19:38:53,88.0,39.3,sensor2_serial,3,2,6,2,120,186,20.000,20.006,0,4,4,0.199945,SUCCESS,sigmoid,
2026-06-08T19:39:13,88.0,39.3,sensor2_serial,3,2,6,2,120,185,20.000,20.004,0,8,8,0.399915,SUCCESS,sigmoid,
2026-06-08T19:39:33,88.0,39.3,sensor2_serial,3,2,6,2,120,184,20.000,20.004,0,6,6,0.299935,SUCCESS,sigmoid,
2026-06-08T19:39:53,88.0,39.3,sensor2_serial,3,2,6,2,120,183,20.000,20.005,0,5,5,0.249939,SUCCESS,sigmoid,
2026-06-08T19:40:13,88.0,39.3,sensor2_serial,3,2,6,2,120,182,20.000,20.005,0,7,7,0.349916,SUCCESS,sigmoid,
2026-06-08T19:40:33,88.0,39.3,sensor2_serial,3,2,6,2,120,181,20.000,20.004,0,5,5,0.249950,SUCCESS,sigmoid,
2026-06-08T19:40:53,88.0,39.3,sensor2_serial,3,2,6,2,120,180,20.000,20.005,0,1,1,0.049988,SUCCESS,sigmoid,
2026-06-08T19:41:13,88.0,39.3,sensor2_serial,3,2,6,2,120,179,20.000,20.004,0,3,3,0.149966,SUCCESS,sigmoid,
2026-06-08T19:41:33,88.0,39.3,sensor2_serial,3,2,6,2,120,178,20.000,20.005,0,1,1,0.049988,SUCCESS,sigmoid,
2026-06-08T19:41:53,88.0,39.3,sensor2_serial,3,2,6,2,120,177,20.000,20.005,0,2,2,0.099976,SUCCESS,sigmoid,
2026-06-08T19:42:13,88.0,39.3,sensor2_serial,3,2,6,2,120,176,20.000,20.005,0,1,1,0.049988,SUCCESS,sigmoid,
2026-06-08T19:42:33,88.0,39.3,sensor2_serial,3,2,6,2,120,175,20.000,20.005,0,6,6,0.299928,SUCCESS,sigmoid,
2026-06-08T19:42:53,88.0,39.3,sensor2_serial,3,2,6,2,120,174,20.000,20.005,0,2,2,0.099974,SUCCESS,sigmoid,
2026-06-08T19:43:13,88.0,39.3,sensor2_serial,3,2,6,2,120,173,20.000,20.005,0,2,2,0.099976,SUCCESS,sigmoid,
2026-06-08T19:43:33,88.0,39.3,sensor2_serial,3,2,6,2,120,172,20.000,20.005,0,1,1,0.049988,SUCCESS,sigmoid,
2026-06-08T19:43:53,88.0,39.3,sensor2_serial,3,2,6,2,120,171,20.000,20.005,0,1,1,0.049987,SUCCESS,sigmoid,
2026-06-08T19:44:13,88.0,39.3,sensor2_serial,3,2,6,2,120,170,20.000,20.004,0,2,2,0.099979,SUCCESS,sigmoid,
2026-06-08T19:44:34,88.0,39.3,sensor2_serial,3,2,6,2,120,169,20.000,20.006,0,1,1,0.049986,SUCCESS,sigmoid,
2026-06-08T19:44:54,88.0,39.3,sensor2_serial,3,2,6,2,120,168,20.000,20.005,0,0,0,0.000000,SUCCESS,sigmoid,
2026-06-08T19:45:14,88.0,39.3,sensor2_serial,3,2,6,2,120,167,20.000,20.005,0,1,1,0.049988,SUCCESS,sigmoid,
2026-06-08T19:45:34,88.0,39.3,sensor2_serial,3,2,6,2,120,166,20.000,20.004,0,1,1,0.049989,SUCCESS,sigmoid,
2026-06-08T19:45:54,88.0,39.3,sensor2_serial,3,2,6,2,120,165,20.000,20.004,0,1,1,0.049990,SUCCESS,sigmoid,
2026-06-08T19:46:14,88.0,39.3,sensor2_serial,3,2,6,2,120,164,20.000,20.004,0,0,0,0.000000,SUCCESS,sigmoid,
2026-06-08T19:46:34,88.0,39.3,sensor2_serial,3,2,6,2,120,163,20.000,20.005,0,0,0,0.000000,SUCCESS,sigmoid,
2026-06-08T19:46:54,88.0,39.3,sensor2_serial,3,2,6,2,120,162,20.000,20.004,0,1,1,0.049989,SUCCESS,sigmoid,
2026-06-08T19:47:14,88.0,39.3,sensor2_serial,3,2,6,2,120,161,20.000,20.004,0,1,1,0.049989,SUCCESS,sigmoid,
2026-06-08T19:47:34,88.0,39.3,sensor2_serial,3,2,6,2,120,160,20.000,20.005,0,1,1,0.049988,SUCCESS,sigmoid,
2026-06-08T19:47:54,88.0,39.3,sensor2_serial,3,2,6,2,120,159,20.000,20.005,0,0,0,0.000000,SUCCESS,sigmoid,
2026-06-08T19:48:14,88.0,39.3,sensor2_serial,3,2,6,2,120,158,20.000,20.005,0,0,0,0.000000,SUCCESS,sigmoid,
2026-06-08T19:48:34,88.0,39.3,sensor2_serial,3,2,6,2,120,157,20.000,20.005,0,1,1,0.049988,SUCCESS,sigmoid,
2026-06-08T19:48:54,88.0,39.3,sensor2_serial,3,2,6,2,120,156,20.000,20.005,0,0,0,0.000000,SUCCESS,sigmoid,
2026-06-08T19:49:14,88.0,39.3,sensor2_serial,3,2,6,2,120,155,20.000,20.004,0,1,1,0.049989,SUCCESS,sigmoid,
2026-06-08T19:49:34,88.0,39.3,sensor2_serial,3,2,6,2,120,154,20.000,20.004,0,0,0,0.000000,SUCCESS,sigmoid,
2026-06-08T19:49:54,88.0,39.3,sensor2_serial,3,2,6,2,120,153,20.000,20.004,0,1,1,0.049990,SUCCESS,sigmoid,
2026-06-08T19:50:15,88.0,39.3,sensor2_serial,3,2,6,2,120,152,20.000,20.004,0,0,0,0.000000,SUCCESS,sigmoid,
2026-06-08T19:50:35,88.0,39.3,sensor2_serial,3,2,6,2,120,151,20.000,20.005,0,1,1,0.049989,SUCCESS,sigmoid,
2026-06-08T19:50:55,88.0,39.3,sensor2_serial,3,2,6,2,120,150,20.000,20.005,0,0,0,0.000000,SUCCESS,sigmoid,
2026-06-08T19:51:15,88.0,39.3,sensor2_serial,3,2,6,2,120,149,20.000,20.005,0,0,0,0.000000,SUCCESS,sigmoid,
2026-06-08T19:51:35,88.0,39.3,sensor2_serial,3,2,6,2,120,148,20.000,20.004,0,0,0,0.000000,SUCCESS,sigmoid,
2026-06-08T19:51:55,88.0,39.3,sensor2_serial,3,2,6,2,120,147,20.000,20.005,0,0,0,0.000000,SUCCESS,sigmoid,
2026-06-08T19:52:15,88.0,39.3,sensor2_serial,3,2,6,2,120,146,20.000,20.005,0,0,0,0.000000,SUCCESS,sigmoid,
2026-06-08T19:52:35,88.0,39.3,sensor2_serial,3,2,6,2,120,145,20.000,20.004,0,0,0,0.000000,SUCCESS,sigmoid,
2026-06-08T19:52:55,88.0,39.3,sensor2_serial,3,2,6,2,120,144,20.000,20.005,0,0,0,0.000000,SUCCESS,sigmoid,
2026-06-08T19:53:15,88.0,39.3,sensor2_serial,3,2,6,2,120,143,20.000,20.005,0,0,0,0.000000,SUCCESS,sigmoid,
2026-06-08T19:53:35,88.0,39.3,sensor2_serial,3,2,6,2,120,142,20.000,20.005,0,1,1,0.049987,SUCCESS,sigmoid,
2026-06-08T19:53:55,88.0,39.3,sensor2_serial,3,2,6,2,120,141,20.000,20.005,0,0,0,0.000000,SUCCESS,sigmoid,
2026-06-08T19:54:15,88.0,39.3,sensor2_serial,3,2,6,2,120,140,20.000,20.005,0,0,0,0.000000,SUCCESS,sigmoid,
2026-06-08T19:54:35,88.0,39.3,sensor2_serial,3,2,6,2,120,139,20.000,20.005,0,0,0,0.000000,SUCCESS,sigmoid,
2026-06-08T19:54:55,88.0,39.3,sensor2_serial,3,2,6,2,120,138,20.000,20.004,0,0,0,0.000000,SUCCESS,sigmoid,
2026-06-08T19:55:15,88.0,39.3,sensor2_serial,3,2,6,2,120,137,20.000,20.004,0,0,0,0.000000,SUCCESS,sigmoid,
2026-06-08T19:55:36,88.0,39.3,sensor2_serial,3,2,6,2,120,136,20.000,20.004,0,0,0,0.000000,SUCCESS,sigmoid,
2026-06-08T19:55:56,88.0,39.3,sensor2_serial,3,2,6,2,120,135,20.000,20.005,0,0,0,0.000000,SUCCESS,sigmoid,
2026-06-08T19:56:16,88.0,39.3,sensor2_serial,3,2,6,2,120,134,20.000,20.004,0,0,0,0.000000,SUCCESS,sigmoid,
2026-06-08T19:56:36,88.0,39.3,sensor2_serial,3,2,6,2,120,133,20.000,20.004,0,0,0,0.000000,SUCCESS,sigmoid,
2026-06-08T19:56:56,88.0,39.3,sensor2_serial,3,2,6,2,120,132,20.000,20.004,0,0,0,0.000000,SUCCESS,sigmoid,
2026-06-08T19:57:16,88.0,39.3,sensor2_serial,3,2,6,2,120,131,20.000,20.005,0,0,0,0.000000,SUCCESS,sigmoid,
2026-06-08T19:57:36,88.0,39.3,sensor2_serial,3,2,6,2,120,130,20.000,20.005,0,0,0,0.000000,SUCCESS,sigmoid,
2026-06-08T19:57:56,88.0,39.3,sensor2_serial,3,2,6,2,120,129,20.000,20.005,0,0,0,0.000000,SUCCESS,sigmoid,
2026-06-08T19:58:16,88.0,39.3,sensor2_serial,3,2,6,2,120,128,20.000,20.005,0,0,0,0.000000,SUCCESS,sigmoid,
2026-06-08T19:58:36,88.0,39.3,sensor2_serial,3,2,6,2,120,127,20.000,20.005,0,0,0,0.000000,SUCCESS,sigmoid,
2026-06-08T19:58:56,88.0,39.3,sensor2_serial,3,2,6,2,120,126,20.000,20.004,0,0,0,0.000000,SUCCESS,sigmoid,
2026-06-08T19:59:16,88.0,39.3,sensor2_serial,3,2,6,2,120,125,20.000,20.004,0,0,0,0.000000,SUCCESS,sigmoid,
2026-06-08T19:59:36,88.0,39.3,sensor2_serial,3,2,6,2,120,124,20.000,20.005,0,0,0,0.000000,SUCCESS,sigmoid,
2026-06-08T19:59:56,88.0,39.3,sensor2_serial,3,2,6,2,120,123,20.000,20.005,0,0,0,0.000000,SUCCESS,sigmoid,
2026-06-08T20:00:16,88.0,39.3,sensor2_serial,3,2,6,2,120,122,20.000,20.004,0,0,0,0.000000,SUCCESS,sigmoid,
2026-06-08T20:00:50,89.0,38.3,sensor2_serial,3,0,4,0,120,255,20.000,20.006,0,3670263,3670263,183459.467719,SUCCESS,sigmoid,
2026-06-08T20:01:10,89.0,38.3,sensor2_serial,3,0,4,0,120,254,20.000,20.006,0,3489169,3489169,174409.819218,SUCCESS,sigmoid,
2026-06-08T20:01:31,89.0,38.3,sensor2_serial,3,0,4,0,120,253,20.000,20.006,0,2939337,2939337,146926.367608,SUCCESS,sigmoid,
2026-06-08T20:01:51,89.0,38.3,sensor2_serial,3,0,4,0,120,252,20.000,20.005,0,2085463,2085463,104244.922153,SUCCESS,sigmoid,
2026-06-08T20:02:11,89.0,38.3,sensor2_serial,3,0,4,0,120,251,20.000,20.005,0,1356589,1356589,67811.460409,SUCCESS,sigmoid,
2026-06-08T20:02:31,89.0,38.3,sensor2_serial,3,0,4,0,120,250,20.000,20.005,0,716423,716423,35812.003830,SUCCESS,sigmoid,
2026-06-08T20:02:51,89.0,38.3,sensor2_serial,3,0,4,0,120,249,20.000,20.006,0,369243,369243,18456.991746,SUCCESS,sigmoid,
2026-06-08T20:03:11,89.0,38.3,sensor2_serial,3,0,4,0,120,248,20.000,20.005,0,168128,168128,8404.217446,SUCCESS,sigmoid,
2026-06-08T20:03:31,89.0,38.3,sensor2_serial,3,0,4,0,120,247,20.000,20.005,0,84022,84022,4200.140367,SUCCESS,sigmoid,
2026-06-08T20:03:51,89.0,38.3,sensor2_serial,3,0,4,0,120,246,20.000,20.005,0,32085,32085,1603.809309,SUCCESS,sigmoid,
2026-06-08T20:04:11,89.0,38.3,sensor2_serial,3,0,4,0,120,245,20.000,20.005,0,32113,32113,1605.235669,SUCCESS,sigmoid,
2026-06-08T20:04:31,89.0,38.3,sensor2_serial,3,0,4,0,120,244,20.000,20.006,0,12670,12670,633.319085,SUCCESS,sigmoid,
2026-06-08T20:04:51,89.0,38.3,sensor2_serial,3,0,4,0,120,243,20.000,20.005,0,5314,5314,265.628006,SUCCESS,sigmoid,
2026-06-08T20:05:11,89.0,38.3,sensor2_serial,3,0,4,0,120,242,20.000,20.004,0,2331,2331,116.525391,SUCCESS,sigmoid,
2026-06-08T20:05:31,89.0,38.3,sensor2_serial,3,0,4,0,120,241,20.000,20.004,0,888,888,44.390226,SUCCESS,sigmoid,
2026-06-08T20:05:51,89.0,38.3,sensor2_serial,3,0,4,0,120,240,20.000,20.005,0,484,484,24.194370,SUCCESS,sigmoid,
2026-06-08T20:06:11,89.0,38.3,sensor2_serial,3,0,4,0,120,239,20.000,20.005,0,239,239,11.946801,SUCCESS,sigmoid,
2026-06-08T20:06:31,89.0,38.3,sensor2_serial,3,0,4,0,120,238,20.000,20.005,0,243,243,12.146784,SUCCESS,sigmoid,
2026-06-08T20:06:51,89.0,38.3,sensor2_serial,3,0,4,0,120,237,20.000,20.004,0,201,201,10.047762,SUCCESS,sigmoid,
2026-06-08T20:07:12,89.0,38.3,sensor2_serial,3,0,4,0,120,236,20.000,20.005,0,151,151,7.548301,SUCCESS,sigmoid,
2026-06-08T20:07:32,89.0,38.3,sensor2_serial,3,0,4,0,120,235,20.000,20.005,0,135,135,6.748430,SUCCESS,sigmoid,
2026-06-08T20:07:52,89.0,38.3,sensor2_serial,3,0,4,0,120,234,20.000,20.005,0,164,164,8.198110,SUCCESS,sigmoid,
2026-06-08T20:08:12,89.0,38.3,sensor2_serial,3,0,4,0,120,233,20.000,20.005,0,136,136,6.798450,SUCCESS,sigmoid,
2026-06-08T20:08:32,89.0,38.3,sensor2_serial,3,0,4,0,120,232,20.000,20.005,0,170,170,8.497760,SUCCESS,sigmoid,
2026-06-08T20:08:52,89.0,38.3,sensor2_serial,3,0,4,0,120,231,20.000,20.005,0,147,147,7.348119,SUCCESS,sigmoid,
2026-06-08T20:09:12,89.0,38.3,sensor2_serial,3,0,4,0,120,230,20.000,20.005,0,141,141,7.048222,SUCCESS,sigmoid,
2026-06-08T20:09:32,89.0,38.3,sensor2_serial,3,0,4,0,120,229,20.000,20.005,0,135,135,6.748205,SUCCESS,sigmoid,
2026-06-08T20:09:52,89.0,38.3,sensor2_serial,3,0,4,0,120,228,20.000,20.005,0,122,122,6.098518,SUCCESS,sigmoid,
2026-06-08T20:10:12,89.0,38.3,sensor2_serial,3,0,4,0,120,227,20.000,20.005,0,111,111,5.548593,SUCCESS,sigmoid,
2026-06-08T20:10:32,89.0,38.3,sensor2_serial,3,0,4,0,120,226,20.000,20.005,0,137,137,6.848421,SUCCESS,sigmoid,
2026-06-08T20:10:52,89.0,38.3,sensor2_serial,3,0,4,0,120,225,20.000,20.004,0,128,128,6.398579,SUCCESS,sigmoid,
2026-06-08T20:11:12,89.0,38.3,sensor2_serial,3,0,4,0,120,224,20.000,20.005,0,126,126,6.298329,SUCCESS,sigmoid,
2026-06-08T20:11:32,89.0,38.3,sensor2_serial,3,0,4,0,120,223,20.000,20.005,0,136,136,6.798282,SUCCESS,sigmoid,
2026-06-08T20:11:52,89.0,38.3,sensor2_serial,3,0,4,0,120,222,20.000,20.005,0,131,131,6.548454,SUCCESS,sigmoid,
2026-06-08T20:12:12,89.0,38.3,sensor2_serial,3,0,4,0,120,221,20.000,20.005,0,127,127,6.348445,SUCCESS,sigmoid,
2026-06-08T20:12:32,89.0,38.3,sensor2_serial,3,0,4,0,120,220,20.000,20.005,0,118,118,5.898573,SUCCESS,sigmoid,
2026-06-08T20:12:53,89.0,38.3,sensor2_serial,3,0,4,0,120,219,20.000,20.005,0,121,121,6.048440,SUCCESS,sigmoid,
2026-06-08T20:13:13,89.0,38.3,sensor2_serial,3,0,4,0,120,218,20.000,20.004,0,143,143,7.148476,SUCCESS,sigmoid,
2026-06-08T20:13:33,89.0,38.3,sensor2_serial,3,0,4,0,120,217,20.000,20.004,0,126,126,6.298600,SUCCESS,sigmoid,
2026-06-08T20:13:53,89.0,38.3,sensor2_serial,3,0,4,0,120,216,20.000,20.005,0,110,110,5.498596,SUCCESS,sigmoid,
2026-06-08T20:14:13,89.0,38.3,sensor2_serial,3,0,4,0,120,215,20.000,20.004,0,96,96,4.798962,SUCCESS,sigmoid,
2026-06-08T20:14:33,89.0,38.3,sensor2_serial,3,0,4,0,120,214,20.000,20.005,0,121,121,6.048603,SUCCESS,sigmoid,
2026-06-08T20:14:53,89.0,38.3,sensor2_serial,3,0,4,0,120,213,20.000,20.005,0,118,118,5.898502,SUCCESS,sigmoid,
2026-06-08T20:15:13,89.0,38.3,sensor2_serial,3,0,4,0,120,212,20.000,20.005,0,100,100,4.998771,SUCCESS,sigmoid,
2026-06-08T20:15:33,89.0,38.3,sensor2_serial,3,0,4,0,120,211,20.000,20.004,0,98,98,4.898969,SUCCESS,sigmoid,
2026-06-08T20:15:53,89.0,38.3,sensor2_serial,3,0,4,0,120,210,20.000,20.004,0,91,91,4.548995,SUCCESS,sigmoid,
2026-06-08T20:16:13,89.0,38.3,sensor2_serial,3,0,4,0,120,209,20.000,20.005,0,106,106,5.298726,SUCCESS,sigmoid,
2026-06-08T20:16:33,89.0,38.3,sensor2_serial,3,0,4,0,120,208,20.000,20.004,0,100,100,4.998898,SUCCESS,sigmoid,
2026-06-08T20:16:53,89.0,38.3,sensor2_serial,3,0,4,0,120,207,20.000,20.005,0,86,86,4.298990,SUCCESS,sigmoid,
2026-06-08T20:17:13,89.0,38.3,sensor2_serial,3,0,4,0,120,206,20.000,20.005,0,96,96,4.798814,SUCCESS,sigmoid,
2026-06-08T20:17:33,89.0,38.3,sensor2_serial,3,0,4,0,120,205,20.000,20.004,0,89,89,4.449057,SUCCESS,sigmoid,
2026-06-08T20:17:53,89.0,38.3,sensor2_serial,3,0,4,0,120,204,20.000,20.005,0,68,68,3.399204,SUCCESS,sigmoid,
2026-06-08T20:18:14,89.0,38.3,sensor2_serial,3,0,4,0,120,203,20.000,20.005,0,59,59,2.949325,SUCCESS,sigmoid,
2026-06-08T20:18:34,89.0,38.3,sensor2_serial,3,0,4,0,120,202,20.000,20.004,0,77,77,3.849155,SUCCESS,sigmoid,
2026-06-08T20:18:54,89.0,38.3,sensor2_serial,3,0,4,0,120,201,20.000,20.004,0,79,79,3.949191,SUCCESS,sigmoid,
2026-06-08T20:19:14,89.0,38.3,sensor2_serial,3,0,4,0,120,200,20.000,20.005,0,86,86,4.299030,SUCCESS,sigmoid,
2026-06-08T20:19:34,89.0,38.3,sensor2_serial,3,0,4,0,120,199,20.000,20.004,0,65,65,3.249320,SUCCESS,sigmoid,
2026-06-08T20:19:54,89.0,38.3,sensor2_serial,3,0,4,0,120,198,20.000,20.005,0,66,66,3.299206,SUCCESS,sigmoid,
2026-06-08T20:20:14,89.0,38.3,sensor2_serial,3,0,4,0,120,197,20.000,20.004,0,68,68,3.399250,SUCCESS,sigmoid,
2026-06-08T20:20:34,89.0,38.3,sensor2_serial,3,0,4,0,120,196,20.000,20.005,0,70,70,3.499177,SUCCESS,sigmoid,
2026-06-08T20:20:54,89.0,38.3,sensor2_serial,3,0,4,0,120,195,20.000,20.005,0,65,65,3.249177,SUCCESS,sigmoid,
2026-06-08T20:21:14,89.0,38.3,sensor2_serial,3,0,4,0,120,194,20.000,20.004,0,61,61,3.049365,SUCCESS,sigmoid,
2026-06-08T20:21:34,89.0,38.3,sensor2_serial,3,0,4,0,120,193,20.000,20.004,0,51,51,2.549460,SUCCESS,sigmoid,
2026-06-08T20:21:54,89.0,38.3,sensor2_serial,3,0,4,0,120,192,20.000,20.005,0,49,49,2.449418,SUCCESS,sigmoid,
2026-06-08T20:22:14,89.0,38.3,sensor2_serial,3,0,4,0,120,191,20.000,20.005,0,33,33,1.649605,SUCCESS,sigmoid,
2026-06-08T20:22:34,89.0,38.3,sensor2_serial,3,0,4,0,120,190,20.000,20.004,0,52,52,2.599472,SUCCESS,sigmoid,
2026-06-08T20:22:54,89.0,38.3,sensor2_serial,3,0,4,0,120,189,20.000,20.005,0,65,65,3.249266,SUCCESS,sigmoid,
2026-06-08T20:23:14,89.0,38.3,sensor2_serial,3,0,4,0,120,188,20.000,20.005,0,44,44,2.199473,SUCCESS,sigmoid,
2026-06-08T20:23:34,89.0,38.3,sensor2_serial,3,0,4,0,120,187,20.000,20.005,0,53,53,2.649390,SUCCESS,sigmoid,
2026-06-08T20:23:55,89.0,38.3,sensor2_serial,3,0,4,0,120,186,20.000,20.004,0,54,54,2.699444,SUCCESS,sigmoid,
2026-06-08T20:24:15,89.0,38.3,sensor2_serial,3,0,4,0,120,185,20.000,20.005,0,39,39,1.949489,SUCCESS,sigmoid,
2026-06-08T20:24:35,89.0,38.3,sensor2_serial,3,0,4,0,120,184,20.000,20.004,0,37,37,1.849596,SUCCESS,sigmoid,
2026-06-08T20:24:55,89.0,38.3,sensor2_serial,3,0,4,0,120,183,20.000,20.005,0,38,38,1.899551,SUCCESS,sigmoid,
2026-06-08T20:25:15,89.0,38.3,sensor2_serial,3,0,4,0,120,182,20.000,20.005,0,31,31,1.549576,SUCCESS,sigmoid,
2026-06-08T20:25:35,89.0,38.3,sensor2_serial,3,0,4,0,120,181,20.000,20.005,0,23,23,1.149730,SUCCESS,sigmoid,
2026-06-08T20:25:55,89.0,38.3,sensor2_serial,3,0,4,0,120,180,20.000,20.004,0,19,19,0.949808,SUCCESS,sigmoid,
2026-06-08T20:26:15,89.0,38.3,sensor2_serial,3,0,4,0,120,179,20.000,20.004,0,39,39,1.949569,SUCCESS,sigmoid,
2026-06-08T20:26:35,89.0,38.3,sensor2_serial,3,0,4,0,120,178,20.000,20.005,0,14,14,0.699820,SUCCESS,sigmoid,
2026-06-08T20:26:55,89.0,38.3,sensor2_serial,3,0,4,0,120,177,20.000,20.004,0,14,14,0.699844,SUCCESS,sigmoid,
2026-06-08T20:27:15,89.0,38.3,sensor2_serial,3,0,4,0,120,176,20.000,20.005,0,16,16,0.799806,SUCCESS,sigmoid,
2026-06-08T20:27:35,89.0,38.3,sensor2_serial,3,0,4,0,120,175,20.000,20.005,0,17,17,0.849799,SUCCESS,sigmoid,
2026-06-08T20:27:55,89.0,38.3,sensor2_serial,3,0,4,0,120,174,20.000,20.004,0,13,13,0.649857,SUCCESS,sigmoid,
2026-06-08T20:28:15,89.0,38.3,sensor2_serial,3,0,4,0,120,173,20.000,20.005,0,10,10,0.499883,SUCCESS,sigmoid,
2026-06-08T20:28:35,89.0,38.3,sensor2_serial,3,0,4,0,120,172,20.000,20.004,0,13,13,0.649855,SUCCESS,sigmoid,
2026-06-08T20:28:55,89.0,38.3,sensor2_serial,3,0,4,0,120,171,20.000,20.004,0,14,14,0.699848,SUCCESS,sigmoid,
2026-06-08T20:29:15,89.0,38.3,sensor2_serial,3,0,4,0,120,170,20.000,20.005,0,7,7,0.349913,SUCCESS,sigmoid,
2026-06-08T20:29:36,89.0,38.3,sensor2_serial,3,0,4,0,120,169,20.000,20.005,0,8,8,0.399909,SUCCESS,sigmoid,
2026-06-08T20:29:56,89.0,38.3,sensor2_serial,3,0,4,0,120,168,20.000,20.005,0,3,3,0.149965,SUCCESS,sigmoid,
2026-06-08T20:30:16,89.0,38.3,sensor2_serial,3,0,4,0,120,167,20.000,20.005,0,10,10,0.499864,SUCCESS,sigmoid,
2026-06-08T20:30:36,89.0,38.3,sensor2_serial,3,0,4,0,120,166,20.000,20.004,0,6,6,0.299937,SUCCESS,sigmoid,
2026-06-08T20:30:56,89.0,38.3,sensor2_serial,3,0,4,0,120,165,20.000,20.004,0,5,5,0.249944,SUCCESS,sigmoid,
2026-06-08T20:31:16,89.0,38.3,sensor2_serial,3,0,4,0,120,164,20.000,20.004,0,6,6,0.299933,SUCCESS,sigmoid,
2026-06-08T20:31:36,89.0,38.3,sensor2_serial,3,0,4,0,120,163,20.000,20.004,0,5,5,0.249949,SUCCESS,sigmoid,
2026-06-08T20:31:56,89.0,38.3,sensor2_serial,3,0,4,0,120,162,20.000,20.003,0,2,2,0.099983,SUCCESS,sigmoid,
2026-06-08T20:32:16,89.0,38.3,sensor2_serial,3,0,4,0,120,161,20.000,20.005,0,1,1,0.049987,SUCCESS,sigmoid,
2026-06-08T20:32:36,89.0,38.3,sensor2_serial,3,0,4,0,120,160,20.000,20.004,0,3,3,0.149968,SUCCESS,sigmoid,
2026-06-08T20:32:56,89.0,38.3,sensor2_serial,3,0,4,0,120,159,20.000,20.005,0,1,1,0.049988,SUCCESS,sigmoid,
2026-06-08T20:33:16,89.0,38.3,sensor2_serial,3,0,4,0,120,158,20.000,20.005,0,0,0,0.000000,SUCCESS,sigmoid,
2026-06-08T20:33:36,89.0,38.3,sensor2_serial,3,0,4,0,120,157,20.000,20.005,0,0,0,0.000000,SUCCESS,sigmoid,
2026-06-08T20:33:56,89.0,38.3,sensor2_serial,3,0,4,0,120,156,20.000,20.004,0,0,0,0.000000,SUCCESS,sigmoid,
2026-06-08T20:34:16,89.0,38.3,sensor2_serial,3,0,4,0,120,155,20.000,20.005,0,0,0,0.000000,SUCCESS,sigmoid,
2026-06-08T20:34:36,89.0,38.3,sensor2_serial,3,0,4,0,120,154,20.000,20.004,0,0,0,0.000000,SUCCESS,sigmoid,
2026-06-08T20:34:56,89.0,38.3,sensor2_serial,3,0,4,0,120,153,20.000,20.004,0,1,1,0.049989,SUCCESS,sigmoid,
2026-06-08T20:35:17,89.0,38.3,sensor2_serial,3,0,4,0,120,152,20.000,20.004,0,0,0,0.000000,SUCCESS,sigmoid,
2026-06-08T20:35:37,89.0,38.3,sensor2_serial,3,0,4,0,120,151,20.000,20.005,0,0,0,0.000000,SUCCESS,sigmoid,
2026-06-08T20:35:57,89.0,38.3,sensor2_serial,3,0,4,0,120,150,20.000,20.005,0,1,1,0.049988,SUCCESS,sigmoid,
2026-06-08T20:36:17,89.0,38.3,sensor2_serial,3,0,4,0,120,149,20.000,20.004,0,0,0,0.000000,SUCCESS,sigmoid,
2026-06-08T20:36:37,89.0,38.3,sensor2_serial,3,0,4,0,120,148,20.000,20.004,0,0,0,0.000000,SUCCESS,sigmoid,
2026-06-08T20:36:57,89.0,38.3,sensor2_serial,3,0,4,0,120,147,20.000,20.005,0,0,0,0.000000,SUCCESS,sigmoid,
2026-06-08T20:37:17,89.0,38.3,sensor2_serial,3,0,4,0,120,146,20.000,20.005,0,0,0,0.000000,SUCCESS,sigmoid,
2026-06-08T20:37:37,89.0,38.3,sensor2_serial,3,0,4,0,120,145,20.000,20.004,0,0,0,0.000000,SUCCESS,sigmoid,
2026-06-08T20:37:57,89.0,38.3,sensor2_serial,3,0,4,0,120,144,20.000,20.005,0,0,0,0.000000,SUCCESS,sigmoid,
2026-06-08T20:38:17,89.0,38.3,sensor2_serial,3,0,4,0,120,143,20.000,20.005,0,0,0,0.000000,SUCCESS,sigmoid,
2026-06-08T20:38:37,89.0,38.3,sensor2_serial,3,0,4,0,120,142,20.000,20.004,0,0,0,0.000000,SUCCESS,sigmoid,
2026-06-08T20:38:57,89.0,38.3,sensor2_serial,3,0,4,0,120,141,20.000,20.005,0,0,0,0.000000,SUCCESS,sigmoid,
2026-06-08T20:39:17,89.0,38.3,sensor2_serial,3,0,4,0,120,140,20.000,20.005,0,0,0,0.000000,SUCCESS,sigmoid,
2026-06-08T20:39:37,89.0,38.3,sensor2_serial,3,0,4,0,120,139,20.000,20.005,0,0,0,0.000000,SUCCESS,sigmoid,
2026-06-08T20:39:57,89.0,38.3,sensor2_serial,3,0,4,0,120,138,20.000,20.005,0,0,0,0.000000,SUCCESS,sigmoid,
2026-06-08T20:40:17,89.0,38.3,sensor2_serial,3,0,4,0,120,137,20.000,20.005,0,0,0,0.000000,SUCCESS,sigmoid,
2026-06-08T20:40:37,89.0,38.3,sensor2_serial,3,0,4,0,120,136,20.000,20.004,0,0,0,0.000000,SUCCESS,sigmoid,
2026-06-08T20:40:58,89.0,38.3,sensor2_serial,3,0,4,0,120,135,20.000,20.004,0,0,0,0.000000,SUCCESS,sigmoid,
2026-06-08T20:41:18,89.0,38.3,sensor2_serial,3,0,4,0,120,134,20.000,20.005,0,0,0,0.000000,SUCCESS,sigmoid,
2026-06-08T20:41:38,89.0,38.3,sensor2_serial,3,0,4,0,120,133,20.000,20.005,0,0,0,0.000000,SUCCESS,sigmoid,
2026-06-08T20:41:58,89.0,38.3,sensor2_serial,3,0,4,0,120,132,20.000,20.005,0,0,0,0.000000,SUCCESS,sigmoid,
2026-06-08T20:42:18,89.0,38.3,sensor2_serial,3,0,4,0,120,131,20.000,20.005,0,0,0,0.000000,SUCCESS,sigmoid,
2026-06-08T20:42:38,89.0,38.3,sensor2_serial,3,0,4,0,120,130,20.000,20.004,0,0,0,0.000000,SUCCESS,sigmoid,
2026-06-08T20:42:58,89.0,38.3,sensor2_serial,3,1,5,1,120,255,20.000,20.006,0,1113837,1113837,55676.114739,SUCCESS,sigmoid,
2026-06-08T20:43:18,89.0,38.3,sensor2_serial,3,1,5,1,120,254,20.000,20.006,0,1453363,1453363,72648.024284,SUCCESS,sigmoid,
2026-06-08T20:43:38,89.0,38.3,sensor2_serial,3,1,5,1,120,253,20.000,20.005,0,1708429,1708429,85399.209944,SUCCESS,sigmoid,
2026-06-08T20:43:58,89.0,38.3,sensor2_serial,3,1,5,1,120,252,20.000,20.005,0,1788860,1788860,89421.751614,SUCCESS,sigmoid,
2026-06-08T20:44:18,89.0,38.3,sensor2_serial,3,1,5,1,120,251,20.000,20.005,0,1821430,1821430,91048.531123,SUCCESS,sigmoid,
2026-06-08T20:44:38,89.0,38.3,sensor2_serial,3,1,5,1,120,250,20.000,20.005,0,1830280,1830280,91490.483371,SUCCESS,sigmoid,
2026-06-08T20:44:58,89.0,38.3,sensor2_serial,3,1,5,1,120,249,20.000,20.005,0,1934282,1934282,96689.200993,SUCCESS,sigmoid,
2026-06-08T20:45:18,89.0,38.3,sensor2_serial,3,1,5,1,120,248,20.000,20.005,0,2166828,2166828,108312.273496,SUCCESS,sigmoid,
2026-06-08T20:45:38,89.0,38.3,sensor2_serial,3,1,5,1,120,247,20.000,20.005,0,2500212,2500212,124976.944486,SUCCESS,sigmoid,
2026-06-08T20:45:58,89.0,38.3,sensor2_serial,3,1,5,1,120,246,20.000,20.006,0,2930893,2930893,146500.496959,SUCCESS,sigmoid,
2026-06-08T20:46:18,89.0,38.3,sensor2_serial,3,1,5,1,120,245,20.000,20.006,0,3207429,3207429,160326.018031,SUCCESS,sigmoid,
2026-06-08T20:46:39,89.0,38.3,sensor2_serial,3,1,5,1,120,244,20.000,20.006,0,3097762,3097762,154843.553402,SUCCESS,sigmoid,
2026-06-08T20:46:59,89.0,38.3,sensor2_serial,3,1,5,1,120,243,20.000,20.005,0,2592017,2592017,129566.116194,SUCCESS,sigmoid,
2026-06-08T20:47:19,89.0,38.3,sensor2_serial,3,1,5,1,120,242,20.000,20.005,0,1909274,1909274,95439.071723,SUCCESS,sigmoid,
2026-06-08T20:47:39,89.0,38.3,sensor2_serial,3,1,5,1,120,241,20.000,20.005,0,1175174,1175174,58744.451931,SUCCESS,sigmoid,
2026-06-08T20:47:59,89.0,38.3,sensor2_serial,3,1,5,1,120,240,20.000,20.005,0,636713,636713,31828.471280,SUCCESS,sigmoid,
2026-06-08T20:48:19,89.0,38.3,sensor2_serial,3,1,5,1,120,239,20.000,20.006,0,503808,503808,25182.944431,SUCCESS,sigmoid,
2026-06-08T20:48:39,89.0,38.3,sensor2_serial,3,1,5,1,120,238,20.000,20.006,0,257664,257664,12879.574543,SUCCESS,sigmoid,
2026-06-08T20:48:59,89.0,38.3,sensor2_serial,3,1,5,1,120,237,20.000,20.005,0,106887,106887,5342.920866,SUCCESS,sigmoid,
2026-06-08T20:49:19,89.0,38.3,sensor2_serial,3,1,5,1,120,236,20.000,20.005,0,48421,48421,2420.413721,SUCCESS,sigmoid,
2026-06-08T20:49:39,89.0,38.3,sensor2_serial,3,1,5,1,120,235,20.000,20.004,0,18261,18261,912.856854,SUCCESS,sigmoid,
2026-06-08T20:49:59,89.0,38.3,sensor2_serial,3,1,5,1,120,234,20.000,20.005,0,6793,6793,339.570716,SUCCESS,sigmoid,
2026-06-08T20:50:19,89.0,38.3,sensor2_serial,3,1,5,1,120,233,20.000,20.005,0,2562,2562,128.066438,SUCCESS,sigmoid,
2026-06-08T20:50:39,89.0,38.3,sensor2_serial,3,1,5,1,120,232,20.000,20.005,0,1006,1006,50.286642,SUCCESS,sigmoid,
2026-06-08T20:50:59,89.0,38.3,sensor2_serial,3,1,5,1,120,231,20.000,20.004,0,474,474,23.694714,SUCCESS,sigmoid,
2026-06-08T20:51:19,89.0,38.3,sensor2_serial,3,1,5,1,120,230,20.000,20.004,0,243,243,12.147472,SUCCESS,sigmoid,
2026-06-08T20:51:39,89.0,38.3,sensor2_serial,3,1,5,1,120,229,20.000,20.005,0,167,167,8.348108,SUCCESS,sigmoid,
2026-06-08T20:52:00,89.0,38.3,sensor2_serial,3,1,5,1,120,228,20.000,20.004,0,161,161,8.048287,SUCCESS,sigmoid,
2026-06-08T20:52:20,89.0,38.3,sensor2_serial,3,1,5,1,120,227,20.000,20.005,0,147,147,7.348253,SUCCESS,sigmoid,
2026-06-08T20:52:40,89.0,38.3,sensor2_serial,3,1,5,1,120,226,20.000,20.005,0,134,134,6.698454,SUCCESS,sigmoid,
2026-06-08T20:53:00,89.0,38.3,sensor2_serial,3,1,5,1,120,225,20.000,20.006,0,123,123,6.148289,SUCCESS,sigmoid,
2026-06-08T20:53:20,89.0,38.3,sensor2_serial,3,1,5,1,120,224,20.000,20.004,0,139,139,6.948439,SUCCESS,sigmoid,
2026-06-08T20:53:40,89.0,38.3,sensor2_serial,3,1,5,1,120,223,20.000,20.005,0,125,125,6.248569,SUCCESS,sigmoid,
2026-06-08T20:54:00,89.0,38.3,sensor2_serial,3,1,5,1,120,222,20.000,20.005,0,140,140,6.998205,SUCCESS,sigmoid,
2026-06-08T20:54:20,89.0,38.3,sensor2_serial,3,1,5,1,120,221,20.000,20.006,0,132,132,6.598147,SUCCESS,sigmoid,
2026-06-08T20:54:40,89.0,38.3,sensor2_serial,3,1,5,1,120,220,20.000,20.005,0,122,122,6.098562,SUCCESS,sigmoid,
2026-06-08T20:55:00,89.0,38.3,sensor2_serial,3,1,5,1,120,219,20.000,20.005,0,110,110,5.498549,SUCCESS,sigmoid,
2026-06-08T20:55:20,89.0,38.3,sensor2_serial,3,1,5,1,120,218,20.000,20.005,0,123,123,6.148570,SUCCESS,sigmoid,
2026-06-08T20:55:40,89.0,38.3,sensor2_serial,3,1,5,1,120,217,20.000,20.005,0,145,145,7.248281,SUCCESS,sigmoid,
2026-06-08T20:56:00,89.0,38.3,sensor2_serial,3,1,5,1,120,216,20.000,20.004,0,118,118,5.898704,SUCCESS,sigmoid,
2026-06-08T20:56:20,89.0,38.3,sensor2_serial,3,1,5,1,120,215,20.000,20.005,0,127,127,6.348545,SUCCESS,sigmoid,
2026-06-08T20:56:40,89.0,38.3,sensor2_serial,3,1,5,1,120,214,20.000,20.005,0,121,121,6.048429,SUCCESS,sigmoid,
2026-06-08T20:57:00,89.0,38.3,sensor2_serial,3,1,5,1,120,213,20.000,20.004,0,95,95,4.748969,SUCCESS,sigmoid,
2026-06-08T20:57:20,89.0,38.3,sensor2_serial,3,1,5,1,120,212,20.000,20.005,0,115,115,5.748622,SUCCESS,sigmoid,
2026-06-08T20:57:41,89.0,38.3,sensor2_serial,3,1,5,1,120,211,20.000,20.005,0,112,112,5.598706,SUCCESS,sigmoid,
2026-06-08T20:58:01,89.0,38.3,sensor2_serial,3,1,5,1,120,210,20.000,20.004,0,95,95,4.748965,SUCCESS,sigmoid,
2026-06-08T20:58:21,89.0,38.3,sensor2_serial,3,1,5,1,120,209,20.000,20.004,0,107,107,5.348894,SUCCESS,sigmoid,
2026-06-08T20:58:41,89.0,38.3,sensor2_serial,3,1,5,1,120,208,20.000,20.004,0,107,107,5.348821,SUCCESS,sigmoid,
2026-06-08T20:59:01,89.0,38.3,sensor2_serial,3,1,5,1,120,207,20.000,20.004,0,106,106,5.298820,SUCCESS,sigmoid,
2026-06-08T20:59:21,89.0,38.3,sensor2_serial,3,1,5,1,120,206,20.000,20.005,0,115,115,5.748567,SUCCESS,sigmoid,
2026-06-08T20:59:41,89.0,38.3,sensor2_serial,3,1,5,1,120,205,20.000,20.005,0,86,86,4.299020,SUCCESS,sigmoid,
2026-06-08T21:00:01,89.0,38.3,sensor2_serial,3,1,5,1,120,204,20.000,20.005,0,112,112,5.598606,SUCCESS,sigmoid,
2026-06-08T21:00:21,89.0,38.3,sensor2_serial,3,1,5,1,120,203,20.000,20.005,0,100,100,4.998683,SUCCESS,sigmoid,
2026-06-08T21:00:41,89.0,38.3,sensor2_serial,3,1,5,1,120,202,20.000,20.006,0,119,119,5.948343,SUCCESS,sigmoid,
2026-06-08T21:01:01,89.0,38.3,sensor2_serial,3,1,5,1,120,201,20.000,20.004,0,81,81,4.049164,SUCCESS,sigmoid,
2026-06-08T21:01:21,89.0,38.3,sensor2_serial,3,1,5,1,120,200,20.000,20.004,0,85,85,4.249086,SUCCESS,sigmoid,
2026-06-08T21:01:41,89.0,38.3,sensor2_serial,3,1,5,1,120,199,20.000,20.005,0,107,107,5.348633,SUCCESS,sigmoid,
2026-06-08T21:02:01,89.0,38.3,sensor2_serial,3,1,5,1,120,198,20.000,20.005,0,81,81,4.049060,SUCCESS,sigmoid,
2026-06-08T21:02:21,89.0,38.3,sensor2_serial,3,1,5,1,120,197,20.000,20.005,0,93,93,4.648953,SUCCESS,sigmoid,
2026-06-08T21:02:41,89.0,38.3,sensor2_serial,3,1,5,1,120,196,20.000,20.005,0,79,79,3.949098,SUCCESS,sigmoid,
2026-06-08T21:03:01,89.0,38.3,sensor2_serial,3,1,5,1,120,195,20.000,20.006,0,78,78,3.898880,SUCCESS,sigmoid,
2026-06-08T21:03:22,89.0,38.3,sensor2_serial,3,1,5,1,120,194,20.000,20.004,0,76,76,3.799211,SUCCESS,sigmoid,
2026-06-08T21:03:42,89.0,38.3,sensor2_serial,3,1,5,1,120,193,20.000,20.005,0,62,62,3.099294,SUCCESS,sigmoid,
2026-06-08T21:04:02,89.0,38.3,sensor2_serial,3,1,5,1,120,192,20.000,20.004,0,75,75,3.749183,SUCCESS,sigmoid,
2026-06-08T21:04:22,89.0,38.3,sensor2_serial,3,1,5,1,120,191,20.000,20.005,0,95,95,4.748706,SUCCESS,sigmoid,
2026-06-08T21:04:42,89.0,38.3,sensor2_serial,3,1,5,1,120,190,20.000,20.004,0,58,58,2.899367,SUCCESS,sigmoid,
2026-06-08T21:05:02,89.0,38.3,sensor2_serial,3,1,5,1,120,189,20.000,20.005,0,60,60,2.999271,SUCCESS,sigmoid,
2026-06-08T21:05:22,89.0,38.3,sensor2_serial,3,1,5,1,120,188,20.000,20.005,0,61,61,3.049308,SUCCESS,sigmoid,
2026-06-08T21:05:42,89.0,38.3,sensor2_serial,3,1,5,1,120,187,20.000,20.005,0,62,62,3.099205,SUCCESS,sigmoid,
2026-06-08T21:06:02,89.0,38.3,sensor2_serial,3,1,5,1,120,186,20.000,20.005,0,65,65,3.249223,SUCCESS,sigmoid,
2026-06-08T21:06:22,89.0,38.3,sensor2_serial,3,1,5,1,120,185,20.000,20.005,0,59,59,2.949290,SUCCESS,sigmoid,
2026-06-08T21:06:42,89.0,38.3,sensor2_serial,3,1,5,1,120,184,20.000,20.005,0,48,48,2.399420,SUCCESS,sigmoid,
2026-06-08T21:07:02,89.0,38.3,sensor2_serial,3,1,5,1,120,183,20.000,20.005,0,43,43,2.149418,SUCCESS,sigmoid,
2026-06-08T21:07:22,89.0,38.3,sensor2_serial,3,1,5,1,120,182,20.000,20.005,0,45,45,2.249480,SUCCESS,sigmoid,
2026-06-08T21:07:42,89.0,38.3,sensor2_serial,3,1,5,1,120,181,20.000,20.004,0,34,34,1.699621,SUCCESS,sigmoid,
2026-06-08T21:08:02,89.0,38.3,sensor2_serial,3,1,5,1,120,180,20.000,20.005,0,44,44,2.199494,SUCCESS,sigmoid,
2026-06-08T21:08:22,89.0,38.3,sensor2_serial,3,1,5,1,120,179,20.000,20.004,0,46,46,2.299485,SUCCESS,sigmoid,
2026-06-08T21:08:42,89.0,38.3,sensor2_serial,3,1,5,1,120,178,20.000,20.004,0,44,44,2.199505,SUCCESS,sigmoid,
2026-06-08T21:09:03,89.0,38.3,sensor2_serial,3,1,5,1,120,177,20.000,20.005,0,24,24,1.199709,SUCCESS,sigmoid,
2026-06-08T21:09:23,89.0,38.3,sensor2_serial,3,1,5,1,120,176,20.000,20.004,0,33,33,1.649658,SUCCESS,sigmoid,
2026-06-08T21:09:43,89.0,38.3,sensor2_serial,3,1,5,1,120,175,20.000,20.004,0,31,31,1.549672,SUCCESS,sigmoid,
2026-06-08T21:10:03,89.0,38.3,sensor2_serial,3,1,5,1,120,174,20.000,20.004,0,33,33,1.649635,SUCCESS,sigmoid,
2026-06-08T21:10:23,89.0,38.3,sensor2_serial,3,1,5,1,120,173,20.000,20.006,0,21,21,1.049708,SUCCESS,sigmoid,
2026-06-08T21:10:43,89.0,38.3,sensor2_serial,3,1,5,1,120,172,20.000,20.005,0,23,23,1.149737,SUCCESS,sigmoid,
2026-06-08T21:11:03,89.0,38.3,sensor2_serial,3,1,5,1,120,171,20.000,20.005,0,21,21,1.049763,SUCCESS,sigmoid,
2026-06-08T21:11:23,89.0,38.3,sensor2_serial,3,1,5,1,120,170,20.000,20.005,0,23,23,1.149739,SUCCESS,sigmoid,
2026-06-08T21:11:43,89.0,38.3,sensor2_serial,3,1,5,1,120,169,20.000,20.005,0,19,19,0.949784,SUCCESS,sigmoid,
2026-06-08T21:12:03,89.0,38.3,sensor2_serial,3,1,5,1,120,168,20.000,20.005,0,15,15,0.749795,SUCCESS,sigmoid,
2026-06-08T21:12:23,89.0,38.3,sensor2_serial,3,1,5,1,120,167,20.000,20.005,0,10,10,0.499873,SUCCESS,sigmoid,
2026-06-08T21:12:43,89.0,38.3,sensor2_serial,3,1,5,1,120,166,20.000,20.005,0,14,14,0.699816,SUCCESS,sigmoid,
2026-06-08T21:13:03,89.0,38.3,sensor2_serial,3,1,5,1,120,165,20.000,20.005,0,11,11,0.549849,SUCCESS,sigmoid,
2026-06-08T21:13:23,89.0,38.3,sensor2_serial,3,1,5,1,120,164,20.000,20.005,0,8,8,0.399908,SUCCESS,sigmoid,
2026-06-08T21:13:43,89.0,38.3,sensor2_serial,3,1,5,1,120,163,20.000,20.005,0,4,4,0.199953,SUCCESS,sigmoid,
2026-06-08T21:14:03,89.0,38.3,sensor2_serial,3,1,5,1,120,162,20.000,20.005,0,3,3,0.149965,SUCCESS,sigmoid,
2026-06-08T21:14:23,89.0,38.3,sensor2_serial,3,1,5,1,120,161,20.000,20.004,0,5,5,0.249944,SUCCESS,sigmoid,
2026-06-08T21:14:44,89.0,38.3,sensor2_serial,3,1,5,1,120,160,20.000,20.005,0,6,6,0.299923,SUCCESS,sigmoid,
2026-06-08T21:15:04,89.0,38.3,sensor2_serial,3,1,5,1,120,159,20.000,20.005,0,1,1,0.049989,SUCCESS,sigmoid,
2026-06-08T21:15:24,89.0,38.3,sensor2_serial,3,1,5,1,120,158,20.000,20.004,0,2,2,0.099979,SUCCESS,sigmoid,
2026-06-08T21:15:44,89.0,38.3,sensor2_serial,3,1,5,1,120,157,20.000,20.005,0,3,3,0.149965,SUCCESS,sigmoid,
2026-06-08T21:16:04,89.0,38.3,sensor2_serial,3,1,5,1,120,156,20.000,20.005,0,0,0,0.000000,SUCCESS,sigmoid,
2026-06-08T21:16:24,89.0,38.3,sensor2_serial,3,1,5,1,120,155,20.000,20.005,0,1,1,0.049989,SUCCESS,sigmoid,
2026-06-08T21:16:44,89.0,38.3,sensor2_serial,3,1,5,1,120,154,20.000,20.005,0,2,2,0.099977,SUCCESS,sigmoid,
2026-06-08T21:17:04,89.0,38.3,sensor2_serial,3,1,5,1,120,153,20.000,20.004,0,1,1,0.049990,SUCCESS,sigmoid,
2026-06-08T21:17:24,89.0,38.3,sensor2_serial,3,1,5,1,120,152,20.000,20.004,0,1,1,0.049989,SUCCESS,sigmoid,
2026-06-08T21:17:44,89.0,38.3,sensor2_serial,3,1,5,1,120,151,20.000,20.005,0,3,3,0.149964,SUCCESS,sigmoid,
2026-06-08T21:18:04,89.0,38.3,sensor2_serial,3,1,5,1,120,150,20.000,20.005,0,0,0,0.000000,SUCCESS,sigmoid,
2026-06-08T21:18:24,89.0,38.3,sensor2_serial,3,1,5,1,120,149,20.000,20.004,0,1,1,0.049990,SUCCESS,sigmoid,
2026-06-08T21:18:44,89.0,38.3,sensor2_serial,3,1,5,1,120,148,20.000,20.004,0,0,0,0.000000,SUCCESS,sigmoid,
2026-06-08T21:19:04,89.0,38.3,sensor2_serial,3,1,5,1,120,147,20.000,20.005,0,0,0,0.000000,SUCCESS,sigmoid,
2026-06-08T21:19:24,89.0,38.3,sensor2_serial,3,1,5,1,120,146,20.000,20.004,0,0,0,0.000000,SUCCESS,sigmoid,
2026-06-08T21:19:44,89.0,38.3,sensor2_serial,3,1,5,1,120,145,20.000,20.004,0,0,0,0.000000,SUCCESS,sigmoid,
2026-06-08T21:20:04,89.0,38.3,sensor2_serial,3,1,5,1,120,144,20.000,20.005,0,0,0,0.000000,SUCCESS,sigmoid,
2026-06-08T21:20:25,89.0,38.3,sensor2_serial,3,1,5,1,120,143,20.000,20.005,0,0,0,0.000000,SUCCESS,sigmoid,
2026-06-08T21:20:45,89.0,38.3,sensor2_serial,3,1,5,1,120,142,20.000,20.005,0,0,0,0.000000,SUCCESS,sigmoid,
2026-06-08T21:21:05,89.0,38.3,sensor2_serial,3,1,5,1,120,141,20.000,20.005,0,0,0,0.000000,SUCCESS,sigmoid,
2026-06-08T21:21:25,89.0,38.3,sensor2_serial,3,1,5,1,120,140,20.000,20.004,0,0,0,0.000000,SUCCESS,sigmoid,
2026-06-08T21:21:45,89.0,38.3,sensor2_serial,3,1,5,1,120,139,20.000,20.005,0,0,0,0.000000,SUCCESS,sigmoid,
2026-06-08T21:22:05,89.0,38.3,sensor2_serial,3,1,5,1,120,138,20.000,20.005,0,0,0,0.000000,SUCCESS,sigmoid,
2026-06-08T21:22:25,89.0,38.3,sensor2_serial,3,1,5,1,120,137,20.000,20.005,0,0,0,0.000000,SUCCESS,sigmoid,
2026-06-08T21:22:45,89.0,38.3,sensor2_serial,3,1,5,1,120,136,20.000,20.005,0,0,0,0.000000,SUCCESS,sigmoid,
2026-06-08T21:23:05,89.0,38.3,sensor2_serial,3,1,5,1,120,135,20.000,20.004,0,0,0,0.000000,SUCCESS,sigmoid,
2026-06-08T21:23:25,89.0,38.3,sensor2_serial,3,1,5,1,120,134,20.000,20.004,0,0,0,0.000000,SUCCESS,sigmoid,
2026-06-08T21:23:45,89.0,38.3,sensor2_serial,3,1,5,1,120,133,20.000,20.005,0,0,0,0.000000,SUCCESS,sigmoid,
2026-06-08T21:24:05,89.0,38.3,sensor2_serial,3,1,5,1,120,132,20.000,20.004,0,0,0,0.000000,SUCCESS,sigmoid,
2026-06-08T21:24:25,89.0,38.3,sensor2_serial,3,1,5,1,120,131,20.000,20.005,0,0,0,0.000000,SUCCESS,sigmoid,
2026-06-08T21:24:45,89.0,38.3,sensor2_serial,3,1,5,1,120,130,20.000,20.005,0,0,0,0.000000,SUCCESS,sigmoid,
2026-06-08T21:25:05,89.0,38.3,sensor2_serial,3,1,5,1,120,129,20.000,20.005,0,0,0,0.000000,SUCCESS,sigmoid,
2026-06-08T21:25:25,89.0,38.3,sensor2_serial,3,2,6,2,120,255,20.000,20.006,0,1862038,1862038,93076.071820,SUCCESS,sigmoid,
2026-06-08T21:25:46,89.0,38.3,sensor2_serial,3,2,6,2,120,254,20.000,20.005,0,1930249,1930249,96487.064745,SUCCESS,sigmoid,
2026-06-08T21:26:06,89.0,38.3,sensor2_serial,3,2,6,2,120,253,20.000,20.005,0,2176260,2176260,108785.084668,SUCCESS,sigmoid,
2026-06-08T21:26:26,89.0,38.3,sensor2_serial,3,2,6,2,120,252,20.000,20.006,0,2426724,2426724,121302.585366,SUCCESS,sigmoid,
2026-06-08T21:26:46,89.0,38.3,sensor2_serial,3,2,6,2,120,251,20.000,20.005,0,2886859,2886859,144307.916408,SUCCESS,sigmoid,
2026-06-08T21:27:06,89.0,38.3,sensor2_serial,3,2,6,2,120,250,20.000,20.006,0,3199039,3199039,159907.517308,SUCCESS,sigmoid,
2026-06-08T21:27:26,89.0,38.3,sensor2_serial,3,2,6,2,120,249,20.000,20.006,0,3254192,3254192,162662.865932,SUCCESS,sigmoid,
2026-06-08T21:27:46,89.0,38.3,sensor2_serial,3,2,6,2,120,248,20.000,20.005,0,2967429,2967429,148332.032046,SUCCESS,sigmoid,
2026-06-08T21:28:06,89.0,38.3,sensor2_serial,3,2,6,2,120,247,20.000,20.005,0,2253433,2253433,112641.434527,SUCCESS,sigmoid,
2026-06-08T21:28:26,89.0,38.3,sensor2_serial,3,2,6,2,120,246,20.000,20.006,0,1683709,1683709,84161.596913,SUCCESS,sigmoid,
2026-06-08T21:28:46,89.0,38.3,sensor2_serial,3,2,6,2,120,245,20.000,20.005,0,1001762,1001762,50075.238855,SUCCESS,sigmoid,
2026-06-08T21:29:06,89.0,38.3,sensor2_serial,3,2,6,2,120,244,20.000,20.005,0,560884,560884,28036.759835,SUCCESS,sigmoid,
2026-06-08T21:29:26,89.0,38.3,sensor2_serial,3,2,6,2,120,243,20.000,20.006,0,230228,230228,11508.173198,SUCCESS,sigmoid,
2026-06-08T21:29:46,89.0,38.3,sensor2_serial,3,2,6,2,120,242,20.000,20.006,0,116143,116143,5805.529165,SUCCESS,sigmoid,
2026-06-08T21:30:06,89.0,38.3,sensor2_serial,3,2,6,2,120,241,20.000,20.005,0,46962,46962,2347.476374,SUCCESS,sigmoid,
2026-06-08T21:30:26,89.0,38.3,sensor2_serial,3,2,6,2,120,240,20.000,20.005,0,21000,21000,1049.758741,SUCCESS,sigmoid,
2026-06-08T21:30:46,89.0,38.3,sensor2_serial,3,2,6,2,120,239,20.000,20.005,0,8367,8367,418.235856,SUCCESS,sigmoid,
2026-06-08T21:31:06,89.0,38.3,sensor2_serial,3,2,6,2,120,238,20.000,20.005,0,3838,3838,191.851736,SUCCESS,sigmoid,
2026-06-08T21:31:27,89.0,38.3,sensor2_serial,3,2,6,2,120,237,20.000,20.005,0,1300,1300,64.983741,SUCCESS,sigmoid,
2026-06-08T21:31:47,89.0,38.3,sensor2_serial,3,2,6,2,120,236,20.000,20.004,0,502,502,25.094590,SUCCESS,sigmoid,
2026-06-08T21:32:07,89.0,38.3,sensor2_serial,3,2,6,2,120,235,20.000,20.005,0,242,242,12.097224,SUCCESS,sigmoid,
2026-06-08T21:32:27,89.0,38.3,sensor2_serial,3,2,6,2,120,234,20.000,20.005,0,164,164,8.197833,SUCCESS,sigmoid,
2026-06-08T21:32:47,89.0,38.3,sensor2_serial,3,2,6,2,120,233,20.000,20.005,0,165,165,8.248136,SUCCESS,sigmoid,
2026-06-08T21:33:07,89.0,38.3,sensor2_serial,3,2,6,2,120,232,20.000,20.006,0,135,135,6.747993,SUCCESS,sigmoid,
2026-06-08T21:33:27,89.0,38.3,sensor2_serial,3,2,6,2,120,231,20.000,20.005,0,138,138,6.898363,SUCCESS,sigmoid,
2026-06-08T21:33:47,89.0,38.3,sensor2_serial,3,2,6,2,120,230,20.000,20.004,0,146,146,7.298432,SUCCESS,sigmoid,
2026-06-08T21:34:07,89.0,38.3,sensor2_serial,3,2,6,2,120,229,20.000,20.005,0,147,147,7.348153,SUCCESS,sigmoid,
2026-06-08T21:34:27,89.0,38.3,sensor2_serial,3,2,6,2,120,228,20.000,20.006,0,153,153,7.647850,SUCCESS,sigmoid,
2026-06-08T21:34:47,89.0,38.3,sensor2_serial,3,2,6,2,120,227,20.000,20.006,0,141,141,7.048041,SUCCESS,sigmoid,
2026-06-08T21:35:07,89.0,38.3,sensor2_serial,3,2,6,2,120,226,20.000,20.005,0,124,124,6.198311,SUCCESS,sigmoid,
2026-06-08T21:35:27,89.0,38.3,sensor2_serial,3,2,6,2,120,225,20.000,20.004,0,132,132,6.598547,SUCCESS,sigmoid,
2026-06-08T21:35:47,89.0,38.3,sensor2_serial,3,2,6,2,120,224,20.000,20.006,0,156,156,7.797812,SUCCESS,sigmoid,
2026-06-08T21:36:07,89.0,38.3,sensor2_serial,3,2,6,2,120,223,20.000,20.005,0,126,126,6.298502,SUCCESS,sigmoid,
2026-06-08T21:36:27,89.0,38.3,sensor2_serial,3,2,6,2,120,222,20.000,20.004,0,135,135,6.748577,SUCCESS,sigmoid,
2026-06-08T21:36:47,89.0,38.3,sensor2_serial,3,2,6,2,120,221,20.000,20.004,0,132,132,6.598530,SUCCESS,sigmoid,
2026-06-08T21:37:08,89.0,38.3,sensor2_serial,3,2,6,2,120,220,20.000,20.005,0,125,125,6.248474,SUCCESS,sigmoid,
2026-06-08T21:37:28,89.0,38.3,sensor2_serial,3,2,6,2,120,219,20.000,20.005,0,117,117,5.848681,SUCCESS,sigmoid,
2026-06-08T21:37:48,89.0,38.3,sensor2_serial,3,2,6,2,120,218,20.000,20.006,0,134,134,6.698133,SUCCESS,sigmoid,
2026-06-08T21:38:08,89.0,38.3,sensor2_serial,3,2,6,2,120,217,20.000,20.004,0,123,123,6.148688,SUCCESS,sigmoid,
2026-06-08T21:38:28,89.0,38.3,sensor2_serial,3,2,6,2,120,216,20.000,20.005,0,115,115,5.748652,SUCCESS,sigmoid,
2026-06-08T21:38:48,89.0,38.3,sensor2_serial,3,2,6,2,120,215,20.000,20.005,0,128,128,6.398478,SUCCESS,sigmoid,
2026-06-08T21:39:08,89.0,38.3,sensor2_serial,3,2,6,2,120,214,20.000,20.005,0,125,125,6.248284,SUCCESS,sigmoid,
2026-06-08T21:39:28,89.0,38.3,sensor2_serial,3,2,6,2,120,213,20.000,20.004,0,106,106,5.298871,SUCCESS,sigmoid,
2026-06-08T21:39:48,89.0,38.3,sensor2_serial,3,2,6,2,120,212,20.000,20.004,0,116,116,5.798728,SUCCESS,sigmoid,
2026-06-08T21:40:08,89.0,38.3,sensor2_serial,3,2,6,2,120,211,20.000,20.005,0,113,113,5.648498,SUCCESS,sigmoid,
2026-06-08T21:40:28,89.0,38.3,sensor2_serial,3,2,6,2,120,210,20.000,20.005,0,102,102,5.098821,SUCCESS,sigmoid,
2026-06-08T21:40:48,89.0,38.3,sensor2_serial,3,2,6,2,120,209,20.000,20.005,0,105,105,5.248563,SUCCESS,sigmoid,
2026-06-08T21:41:08,89.0,38.3,sensor2_serial,3,2,6,2,120,208,20.000,20.005,0,98,98,4.898686,SUCCESS,sigmoid,
2026-06-08T21:41:28,89.0,38.3,sensor2_serial,3,2,6,2,120,207,20.000,20.005,0,112,112,5.598726,SUCCESS,sigmoid,
2026-06-08T21:41:48,89.0,38.3,sensor2_serial,3,2,6,2,120,206,20.000,20.004,0,104,104,5.198853,SUCCESS,sigmoid,
2026-06-08T21:42:08,89.0,38.3,sensor2_serial,3,2,6,2,120,205,20.000,20.005,0,86,86,4.298921,SUCCESS,sigmoid,
2026-06-08T21:42:28,89.0,38.3,sensor2_serial,3,2,6,2,120,204,20.000,20.004,0,90,90,4.499068,SUCCESS,sigmoid,
2026-06-08T21:42:49,89.0,38.3,sensor2_serial,3,2,6,2,120,203,20.000,20.005,0,88,88,4.398831,SUCCESS,sigmoid,
2026-06-08T21:43:09,89.0,38.3,sensor2_serial,3,2,6,2,120,202,20.000,20.005,0,78,78,3.899009,SUCCESS,sigmoid,
2026-06-08T21:43:29,89.0,38.3,sensor2_serial,3,2,6,2,120,201,20.000,20.005,0,86,86,4.298927,SUCCESS,sigmoid,
2026-06-08T21:43:49,89.0,38.3,sensor2_serial,3,2,6,2,120,200,20.000,20.005,0,87,87,4.348918,SUCCESS,sigmoid,
2026-06-08T21:44:09,89.0,38.3,sensor2_serial,3,2,6,2,120,199,20.000,20.004,0,71,71,3.549209,SUCCESS,sigmoid,
2026-06-08T21:44:29,89.0,38.3,sensor2_serial,3,2,6,2,120,198,20.000,20.005,0,90,90,4.498974,SUCCESS,sigmoid,
2026-06-08T21:44:49,89.0,38.3,sensor2_serial,3,2,6,2,120,197,20.000,20.004,0,102,102,5.098893,SUCCESS,sigmoid,
2026-06-08T21:45:09,89.0,38.3,sensor2_serial,3,2,6,2,120,196,20.000,20.005,0,81,81,4.048985,SUCCESS,sigmoid,
2026-06-08T21:45:29,89.0,38.3,sensor2_serial,3,2,6,2,120,195,20.000,20.005,0,73,73,3.649122,SUCCESS,sigmoid,
2026-06-08T21:45:49,89.0,38.3,sensor2_serial,3,2,6,2,120,194,20.000,20.005,0,71,71,3.549196,SUCCESS,sigmoid,
2026-06-08T21:46:09,89.0,38.3,sensor2_serial,3,2,6,2,120,193,20.000,20.005,0,63,63,3.149228,SUCCESS,sigmoid,
2026-06-08T21:46:29,89.0,38.3,sensor2_serial,3,2,6,2,120,192,20.000,20.004,0,72,72,3.599195,SUCCESS,sigmoid,
2026-06-08T21:46:49,89.0,38.3,sensor2_serial,3,2,6,2,120,191,20.000,20.005,0,69,69,3.449081,SUCCESS,sigmoid,
2026-06-08T21:47:09,89.0,38.3,sensor2_serial,3,2,6,2,120,190,20.000,20.006,0,63,63,3.149109,SUCCESS,sigmoid,
2026-06-08T21:47:29,89.0,38.3,sensor2_serial,3,2,6,2,120,189,20.000,20.004,0,69,69,3.449270,SUCCESS,sigmoid,
2026-06-08T21:47:49,89.0,38.3,sensor2_serial,3,2,6,2,120,188,20.000,20.005,0,36,36,1.799514,SUCCESS,sigmoid,
2026-06-08T21:48:10,89.0,38.3,sensor2_serial,3,2,6,2,120,187,20.000,20.005,0,73,73,3.649096,SUCCESS,sigmoid,
2026-06-08T21:48:30,89.0,38.3,sensor2_serial,3,2,6,2,120,186,20.000,20.004,0,47,47,2.349486,SUCCESS,sigmoid,
2026-06-08T21:48:50,89.0,38.3,sensor2_serial,3,2,6,2,120,185,20.000,20.005,0,53,53,2.649378,SUCCESS,sigmoid,
2026-06-08T21:49:10,89.0,38.3,sensor2_serial,3,2,6,2,120,184,20.000,20.004,0,38,38,1.899608,SUCCESS,sigmoid,
2026-06-08T21:49:30,89.0,38.3,sensor2_serial,3,2,6,2,120,183,20.000,20.005,0,38,38,1.899521,SUCCESS,sigmoid,
2026-06-08T21:49:50,89.0,38.3,sensor2_serial,3,2,6,2,120,182,20.000,20.005,0,27,27,1.349664,SUCCESS,sigmoid,
2026-06-08T21:50:10,89.0,38.3,sensor2_serial,3,2,6,2,120,181,20.000,20.004,0,30,30,1.499687,SUCCESS,sigmoid,
2026-06-08T21:50:30,89.0,38.3,sensor2_serial,3,2,6,2,120,180,20.000,20.006,0,36,36,1.799494,SUCCESS,sigmoid,
2026-06-08T21:50:50,89.0,38.3,sensor2_serial,3,2,6,2,120,179,20.000,20.004,0,29,29,1.449680,SUCCESS,sigmoid,
2026-06-08T21:51:10,89.0,38.3,sensor2_serial,3,2,6,2,120,178,20.000,20.005,0,28,28,1.399676,SUCCESS,sigmoid,
2026-06-08T21:51:30,89.0,38.3,sensor2_serial,3,2,6,2,120,177,20.000,20.005,0,26,26,1.299655,SUCCESS,sigmoid,
2026-06-08T21:51:50,89.0,38.3,sensor2_serial,3,2,6,2,120,176,20.000,20.005,0,22,22,1.099737,SUCCESS,sigmoid,
2026-06-08T21:52:10,89.0,38.3,sensor2_serial,3,2,6,2,120,175,20.000,20.005,0,18,18,0.899757,SUCCESS,sigmoid,
2026-06-08T21:52:30,89.0,38.3,sensor2_serial,3,2,6,2,120,174,20.000,20.004,0,17,17,0.849815,SUCCESS,sigmoid,
2026-06-08T21:52:50,89.0,38.3,sensor2_serial,3,2,6,2,120,173,20.000,20.005,0,13,13,0.649827,SUCCESS,sigmoid,
2026-06-08T21:53:10,89.0,38.3,sensor2_serial,3,2,6,2,120,172,20.000,20.006,0,10,10,0.499862,SUCCESS,sigmoid,
2026-06-08T21:53:30,89.0,38.3,sensor2_serial,3,2,6,2,120,171,20.000,20.005,0,14,14,0.699842,SUCCESS,sigmoid,
2026-06-08T21:53:51,89.0,38.3,sensor2_serial,3,2,6,2,120,170,20.000,20.005,0,7,7,0.349918,SUCCESS,sigmoid,
2026-06-08T21:54:11,89.0,38.3,sensor2_serial,3,2,6,2,120,169,20.000,20.005,0,10,10,0.499887,SUCCESS,sigmoid,
2026-06-08T21:54:31,89.0,38.3,sensor2_serial,3,2,6,2,120,168,20.000,20.004,0,9,9,0.449900,SUCCESS,sigmoid,
2026-06-08T21:54:51,89.0,38.3,sensor2_serial,3,2,6,2,120,167,20.000,20.004,0,9,9,0.449907,SUCCESS,sigmoid,
2026-06-08T21:55:11,89.0,38.3,sensor2_serial,3,2,6,2,120,166,20.000,20.004,0,6,6,0.299934,SUCCESS,sigmoid,
2026-06-08T21:55:31,89.0,38.3,sensor2_serial,3,2,6,2,120,165,20.000,20.005,0,9,9,0.449894,SUCCESS,sigmoid,
2026-06-08T21:55:51,89.0,38.3,sensor2_serial,3,2,6,2,120,164,20.000,20.005,0,4,4,0.199954,SUCCESS,sigmoid,
2026-06-08T21:56:11,89.0,38.3,sensor2_serial,3,2,6,2,120,163,20.000,20.005,0,1,1,0.049988,SUCCESS,sigmoid,
2026-06-08T21:56:31,89.0,38.3,sensor2_serial,3,2,6,2,120,162,20.000,20.005,0,8,8,0.399905,SUCCESS,sigmoid,
2026-06-08T21:56:51,89.0,38.3,sensor2_serial,3,2,6,2,120,161,20.000,20.005,0,1,1,0.049988,SUCCESS,sigmoid,
2026-06-08T21:57:11,89.0,38.3,sensor2_serial,3,2,6,2,120,160,20.000,20.005,0,3,3,0.149960,SUCCESS,sigmoid,
2026-06-08T21:57:31,89.0,38.3,sensor2_serial,3,2,6,2,120,159,20.000,20.005,0,2,2,0.099977,SUCCESS,sigmoid,
2026-06-08T21:57:51,89.0,38.3,sensor2_serial,3,2,6,2,120,158,20.000,20.005,0,2,2,0.099977,SUCCESS,sigmoid,
2026-06-08T21:58:11,89.0,38.3,sensor2_serial,3,2,6,2,120,157,20.000,20.005,0,2,2,0.099977,SUCCESS,sigmoid,
2026-06-08T21:58:31,89.0,38.3,sensor2_serial,3,2,6,2,120,156,20.000,20.005,0,0,0,0.000000,SUCCESS,sigmoid,
2026-06-08T21:58:51,89.0,38.3,sensor2_serial,3,2,6,2,120,155,20.000,20.005,0,2,2,0.099976,SUCCESS,sigmoid,
2026-06-08T21:59:11,89.0,38.3,sensor2_serial,3,2,6,2,120,154,20.000,20.005,0,0,0,0.000000,SUCCESS,sigmoid,
2026-06-08T21:59:32,89.0,38.3,sensor2_serial,3,2,6,2,120,153,20.000,20.004,0,2,2,0.099979,SUCCESS,sigmoid,
2026-06-08T21:59:52,89.0,38.3,sensor2_serial,3,2,6,2,120,152,20.000,20.004,0,1,1,0.049989,SUCCESS,sigmoid,
2026-06-08T22:00:12,89.0,38.3,sensor2_serial,3,2,6,2,120,151,20.000,20.004,0,1,1,0.049989,SUCCESS,sigmoid,
2026-06-08T22:00:32,89.0,38.3,sensor2_serial,3,2,6,2,120,150,20.000,20.004,0,0,0,0.000000,SUCCESS,sigmoid,
2026-06-08T22:00:52,89.0,38.3,sensor2_serial,3,2,6,2,120,149,20.000,20.005,0,0,0,0.000000,SUCCESS,sigmoid,
2026-06-08T22:01:12,89.0,38.3,sensor2_serial,3,2,6,2,120,148,20.000,20.005,0,0,0,0.000000,SUCCESS,sigmoid,
2026-06-08T22:01:32,89.0,38.3,sensor2_serial,3,2,6,2,120,147,20.000,20.004,0,0,0,0.000000,SUCCESS,sigmoid,
2026-06-08T22:01:52,89.0,38.3,sensor2_serial,3,2,6,2,120,146,20.000,20.005,0,0,0,0.000000,SUCCESS,sigmoid,
2026-06-08T22:02:12,89.0,38.3,sensor2_serial,3,2,6,2,120,145,20.000,20.004,0,0,0,0.000000,SUCCESS,sigmoid,
2026-06-08T22:02:32,89.0,38.3,sensor2_serial,3,2,6,2,120,144,20.000,20.004,0,0,0,0.000000,SUCCESS,sigmoid,
2026-06-08T22:02:52,89.0,38.3,sensor2_serial,3,2,6,2,120,143,20.000,20.005,0,0,0,0.000000,SUCCESS,sigmoid,
2026-06-08T22:03:12,89.0,38.3,sensor2_serial,3,2,6,2,120,142,20.000,20.004,0,0,0,0.000000,SUCCESS,sigmoid,
2026-06-08T22:03:32,89.0,38.3,sensor2_serial,3,2,6,2,120,141,20.000,20.005,0,0,0,0.000000,SUCCESS,sigmoid,
2026-06-08T22:03:52,89.0,38.3,sensor2_serial,3,2,6,2,120,140,20.000,20.005,0,0,0,0.000000,SUCCESS,sigmoid,
2026-06-08T22:04:12,89.0,38.3,sensor2_serial,3,2,6,2,120,139,20.000,20.005,0,0,0,0.000000,SUCCESS,sigmoid,
2026-06-08T22:04:32,89.0,38.3,sensor2_serial,3,2,6,2,120,138,20.000,20.004,0,0,0,0.000000,SUCCESS,sigmoid,
2026-06-08T22:04:52,89.0,38.3,sensor2_serial,3,2,6,2,120,137,20.000,20.005,0,0,0,0.000000,SUCCESS,sigmoid,
2026-06-08T22:05:13,89.0,38.3,sensor2_serial,3,2,6,2,120,136,20.000,20.004,0,0,0,0.000000,SUCCESS,sigmoid,
2026-06-08T22:05:33,89.0,38.3,sensor2_serial,3,2,6,2,120,135,20.000,20.005,0,0,0,0.000000,SUCCESS,sigmoid,
2026-06-08T22:05:53,89.0,38.3,sensor2_serial,3,2,6,2,120,134,20.000,20.004,0,0,0,0.000000,SUCCESS,sigmoid,
2026-06-08T22:06:13,89.0,38.3,sensor2_serial,3,2,6,2,120,133,20.000,20.004,0,0,0,0.000000,SUCCESS,sigmoid,
2026-06-08T22:06:33,89.0,38.3,sensor2_serial,3,2,6,2,120,132,20.000,20.005,0,0,0,0.000000,SUCCESS,sigmoid,
2026-06-08T22:06:53,89.0,38.3,sensor2_serial,3,2,6,2,120,131,20.000,20.005,0,0,0,0.000000,SUCCESS,sigmoid,
2026-06-08T22:07:27,90.0,37.3,sensor2_serial,3,0,4,0,120,255,20.000,20.005,0,3682394,3682394,184069.093445,SUCCESS,sigmoid,
2026-06-08T22:07:47,90.0,37.3,sensor2_serial,3,0,4,0,120,254,20.000,20.006,0,3464217,3464217,173162.678429,SUCCESS,sigmoid,
2026-06-08T22:08:07,90.0,37.3,sensor2_serial,3,0,4,0,120,253,20.000,20.005,0,2796142,2796142,139770.606987,SUCCESS,sigmoid,
2026-06-08T22:08:27,90.0,37.3,sensor2_serial,3,0,4,0,120,252,20.000,20.006,0,2004306,2004306,100186.946808,SUCCESS,sigmoid,
2026-06-08T22:08:47,90.0,37.3,sensor2_serial,3,0,4,0,120,251,20.000,20.005,0,1270050,1270050,63485.481705,SUCCESS,sigmoid,
2026-06-08T22:09:07,90.0,37.3,sensor2_serial,3,0,4,0,120,250,20.000,20.005,0,682105,682105,34096.664263,SUCCESS,sigmoid,
2026-06-08T22:09:27,90.0,37.3,sensor2_serial,3,0,4,0,120,249,20.000,20.006,0,341567,341567,17073.383650,SUCCESS,sigmoid,
2026-06-08T22:09:47,90.0,37.3,sensor2_serial,3,0,4,0,120,248,20.000,20.005,0,157079,157079,7851.800833,SUCCESS,sigmoid,
2026-06-08T22:10:07,90.0,37.3,sensor2_serial,3,0,4,0,120,247,20.000,20.005,0,76721,76721,3835.031514,SUCCESS,sigmoid,
2026-06-08T22:10:27,90.0,37.3,sensor2_serial,3,0,4,0,120,246,20.000,20.005,0,35970,35970,1798.058770,SUCCESS,sigmoid,
2026-06-08T22:10:48,90.0,37.3,sensor2_serial,3,0,4,0,120,245,20.000,20.005,0,36002,36002,1799.634098,SUCCESS,sigmoid,
2026-06-08T22:11:08,90.0,37.3,sensor2_serial,3,0,4,0,120,244,20.000,20.005,0,16071,16071,803.341786,SUCCESS,sigmoid,
2026-06-08T22:11:28,90.0,37.3,sensor2_serial,3,0,4,0,120,243,20.000,20.005,0,6047,6047,302.268864,SUCCESS,sigmoid,
2026-06-08T22:11:48,90.0,37.3,sensor2_serial,3,0,4,0,120,242,20.000,20.005,0,2323,2323,116.123733,SUCCESS,sigmoid,
2026-06-08T22:12:08,90.0,37.3,sensor2_serial,3,0,4,0,120,241,20.000,20.004,0,801,801,40.041273,SUCCESS,sigmoid,
2026-06-08T22:12:28,90.0,37.3,sensor2_serial,3,0,4,0,120,240,20.000,20.005,0,440,440,21.994155,SUCCESS,sigmoid,
2026-06-08T22:12:48,90.0,37.3,sensor2_serial,3,0,4,0,120,239,20.000,20.005,0,270,270,13.496323,SUCCESS,sigmoid,
2026-06-08T22:13:08,90.0,37.3,sensor2_serial,3,0,4,0,120,238,20.000,20.004,0,231,231,11.547624,SUCCESS,sigmoid,
2026-06-08T22:13:28,90.0,37.3,sensor2_serial,3,0,4,0,120,237,20.000,20.004,0,222,222,11.097613,SUCCESS,sigmoid,
2026-06-08T22:13:48,90.0,37.3,sensor2_serial,3,0,4,0,120,236,20.000,20.004,0,188,188,9.398052,SUCCESS,sigmoid,
2026-06-08T22:14:08,90.0,37.3,sensor2_serial,3,0,4,0,120,235,20.000,20.005,0,162,162,8.097774,SUCCESS,sigmoid,
2026-06-08T22:14:28,90.0,37.3,sensor2_serial,3,0,4,0,120,234,20.000,20.006,0,169,169,8.447627,SUCCESS,sigmoid,
2026-06-08T22:14:48,90.0,37.3,sensor2_serial,3,0,4,0,120,233,20.000,20.006,0,163,163,8.147756,SUCCESS,sigmoid,
2026-06-08T22:15:08,90.0,37.3,sensor2_serial,3,0,4,0,120,232,20.000,20.005,0,155,155,7.748058,SUCCESS,sigmoid,
2026-06-08T22:15:28,90.0,37.3,sensor2_serial,3,0,4,0,120,231,20.000,20.005,0,148,148,7.398230,SUCCESS,sigmoid,
2026-06-08T22:15:48,90.0,37.3,sensor2_serial,3,0,4,0,120,230,20.000,20.005,0,169,169,8.447927,SUCCESS,sigmoid,
2026-06-08T22:16:08,90.0,37.3,sensor2_serial,3,0,4,0,120,229,20.000,20.005,0,172,172,8.597975,SUCCESS,sigmoid,
2026-06-08T22:16:29,90.0,37.3,sensor2_serial,3,0,4,0,120,228,20.000,20.004,0,120,120,5.998727,SUCCESS,sigmoid,
2026-06-08T22:16:49,90.0,37.3,sensor2_serial,3,0,4,0,120,227,20.000,20.004,0,162,162,8.098277,SUCCESS,sigmoid,
2026-06-08T22:17:09,90.0,37.3,sensor2_serial,3,0,4,0,120,226,20.000,20.005,0,147,147,7.348144,SUCCESS,sigmoid,
2026-06-08T22:17:29,90.0,37.3,sensor2_serial,3,0,4,0,120,225,20.000,20.005,0,144,144,7.198294,SUCCESS,sigmoid,
2026-06-08T22:17:49,90.0,37.3,sensor2_serial,3,0,4,0,120,224,20.000,20.005,0,164,164,8.197761,SUCCESS,sigmoid,
2026-06-08T22:18:09,90.0,37.3,sensor2_serial,3,0,4,0,120,223,20.000,20.004,0,159,159,7.948219,SUCCESS,sigmoid,
2026-06-08T22:18:29,90.0,37.3,sensor2_serial,3,0,4,0,120,222,20.000,20.005,0,136,136,6.798221,SUCCESS,sigmoid,
2026-06-08T22:18:49,90.0,37.3,sensor2_serial,3,0,4,0,120,221,20.000,20.005,0,144,144,7.198045,SUCCESS,sigmoid,
2026-06-08T22:19:09,90.0,37.3,sensor2_serial,3,0,4,0,120,220,20.000,20.005,0,122,122,6.098339,SUCCESS,sigmoid,
2026-06-08T22:19:29,90.0,37.3,sensor2_serial,3,0,4,0,120,219,20.000,20.005,0,151,151,7.548139,SUCCESS,sigmoid,
2026-06-08T22:19:49,90.0,37.3,sensor2_serial,3,0,4,0,120,218,20.000,20.005,0,137,137,6.848455,SUCCESS,sigmoid,
2026-06-08T22:20:09,90.0,37.3,sensor2_serial,3,0,4,0,120,217,20.000,20.005,0,145,145,7.248216,SUCCESS,sigmoid,
2026-06-08T22:20:29,90.0,37.3,sensor2_serial,3,0,4,0,120,216,20.000,20.005,0,164,164,8.197861,SUCCESS,sigmoid,
2026-06-08T22:20:49,90.0,37.3,sensor2_serial,3,0,4,0,120,215,20.000,20.005,0,149,149,7.448106,SUCCESS,sigmoid,
2026-06-08T22:21:09,90.0,37.3,sensor2_serial,3,0,4,0,120,214,20.000,20.005,0,136,136,6.798141,SUCCESS,sigmoid,
2026-06-08T22:21:29,90.0,37.3,sensor2_serial,3,0,4,0,120,213,20.000,20.005,0,128,128,6.398517,SUCCESS,sigmoid,
2026-06-08T22:21:49,90.0,37.3,sensor2_serial,3,0,4,0,120,212,20.000,20.005,0,150,150,7.498291,SUCCESS,sigmoid,
2026-06-08T22:22:10,90.0,37.3,sensor2_serial,3,0,4,0,120,211,20.000,20.004,0,141,141,7.048494,SUCCESS,sigmoid,
2026-06-08T22:22:30,90.0,37.3,sensor2_serial,3,0,4,0,120,210,20.000,20.004,0,128,128,6.398636,SUCCESS,sigmoid,
2026-06-08T22:22:50,90.0,37.3,sensor2_serial,3,0,4,0,120,209,20.000,20.005,0,141,141,7.048164,SUCCESS,sigmoid,
2026-06-08T22:23:10,90.0,37.3,sensor2_serial,3,0,4,0,120,208,20.000,20.005,0,120,120,5.998526,SUCCESS,sigmoid,
2026-06-08T22:23:30,90.0,37.3,sensor2_serial,3,0,4,0,120,207,20.000,20.005,0,133,133,6.648427,SUCCESS,sigmoid,
2026-06-08T22:23:50,90.0,37.3,sensor2_serial,3,0,4,0,120,206,20.000,20.004,0,133,133,6.648519,SUCCESS,sigmoid,
2026-06-08T22:24:10,90.0,37.3,sensor2_serial,3,0,4,0,120,205,20.000,20.005,0,129,129,6.448483,SUCCESS,sigmoid,
2026-06-08T22:24:30,90.0,37.3,sensor2_serial,3,0,4,0,120,204,20.000,20.005,0,126,126,6.298438,SUCCESS,sigmoid,
2026-06-08T22:24:50,90.0,37.3,sensor2_serial,3,0,4,0,120,203,20.000,20.005,0,106,106,5.298740,SUCCESS,sigmoid,
2026-06-08T22:25:10,90.0,37.3,sensor2_serial,3,0,4,0,120,202,20.000,20.005,0,113,113,5.648525,SUCCESS,sigmoid,
2026-06-08T22:25:30,90.0,37.3,sensor2_serial,3,0,4,0,120,201,20.000,20.004,0,138,138,6.898490,SUCCESS,sigmoid,
2026-06-08T22:25:50,90.0,37.3,sensor2_serial,3,0,4,0,120,200,20.000,20.005,0,109,109,5.448694,SUCCESS,sigmoid,
2026-06-08T22:26:10,90.0,37.3,sensor2_serial,3,0,4,0,120,199,20.000,20.005,0,127,127,6.348263,SUCCESS,sigmoid,
2026-06-08T22:26:30,90.0,37.3,sensor2_serial,3,0,4,0,120,198,20.000,20.005,0,130,130,6.498406,SUCCESS,sigmoid,
2026-06-08T22:26:50,90.0,37.3,sensor2_serial,3,0,4,0,120,197,20.000,20.005,0,105,105,5.248569,SUCCESS,sigmoid,
2026-06-08T22:27:10,90.0,37.3,sensor2_serial,3,0,4,0,120,196,20.000,20.004,0,120,120,5.998694,SUCCESS,sigmoid,
2026-06-08T22:27:30,90.0,37.3,sensor2_serial,3,0,4,0,120,195,20.000,20.004,0,96,96,4.798923,SUCCESS,sigmoid,
2026-06-08T22:27:51,90.0,37.3,sensor2_serial,3,0,4,0,120,194,20.000,20.005,0,104,104,5.198696,SUCCESS,sigmoid,
2026-06-08T22:28:11,90.0,37.3,sensor2_serial,3,0,4,0,120,193,20.000,20.005,0,117,117,5.848622,SUCCESS,sigmoid,
2026-06-08T22:28:31,90.0,37.3,sensor2_serial,3,0,4,0,120,192,20.000,20.005,0,101,101,5.048720,SUCCESS,sigmoid,
2026-06-08T22:28:51,90.0,37.3,sensor2_serial,3,0,4,0,120,191,20.000,20.005,0,103,103,5.148714,SUCCESS,sigmoid,
2026-06-08T22:29:11,90.0,37.3,sensor2_serial,3,0,4,0,120,190,20.000,20.005,0,105,105,5.248816,SUCCESS,sigmoid,
2026-06-08T22:29:31,90.0,37.3,sensor2_serial,3,0,4,0,120,189,20.000,20.004,0,103,103,5.148879,SUCCESS,sigmoid,
2026-06-08T22:29:51,90.0,37.3,sensor2_serial,3,0,4,0,120,188,20.000,20.005,0,106,106,5.298796,SUCCESS,sigmoid,
2026-06-08T22:30:11,90.0,37.3,sensor2_serial,3,0,4,0,120,187,20.000,20.005,0,84,84,4.198863,SUCCESS,sigmoid,
2026-06-08T22:30:31,90.0,37.3,sensor2_serial,3,0,4,0,120,186,20.000,20.005,0,108,108,5.398729,SUCCESS,sigmoid,
2026-06-08T22:30:51,90.0,37.3,sensor2_serial,3,0,4,0,120,185,20.000,20.004,0,84,84,4.199144,SUCCESS,sigmoid,
2026-06-08T22:31:11,90.0,37.3,sensor2_serial,3,0,4,0,120,184,20.000,20.005,0,103,103,5.148789,SUCCESS,sigmoid,
2026-06-08T22:31:31,90.0,37.3,sensor2_serial,3,0,4,0,120,183,20.000,20.004,0,82,82,4.099106,SUCCESS,sigmoid,
2026-06-08T22:31:51,90.0,37.3,sensor2_serial,3,0,4,0,120,182,20.000,20.004,0,83,83,4.149106,SUCCESS,sigmoid,
2026-06-08T22:32:11,90.0,37.3,sensor2_serial,3,0,4,0,120,181,20.000,20.005,0,88,88,4.398930,SUCCESS,sigmoid,
2026-06-08T22:32:31,90.0,37.3,sensor2_serial,3,0,4,0,120,180,20.000,20.005,0,78,78,3.898992,SUCCESS,sigmoid,
2026-06-08T22:32:51,90.0,37.3,sensor2_serial,3,0,4,0,120,179,20.000,20.004,0,77,77,3.849150,SUCCESS,sigmoid,
2026-06-08T22:33:11,90.0,37.3,sensor2_serial,3,0,4,0,120,178,20.000,20.005,0,76,76,3.799115,SUCCESS,sigmoid,
2026-06-08T22:33:32,90.0,37.3,sensor2_serial,3,0,4,0,120,177,20.000,20.004,0,64,64,3.199309,SUCCESS,sigmoid,
2026-06-08T22:33:52,90.0,37.3,sensor2_serial,3,0,4,0,120,176,20.000,20.005,0,72,72,3.599063,SUCCESS,sigmoid,
2026-06-08T22:34:12,90.0,37.3,sensor2_serial,3,0,4,0,120,175,20.000,20.005,0,90,90,4.498879,SUCCESS,sigmoid,
2026-06-08T22:34:32,90.0,37.3,sensor2_serial,3,0,4,0,120,174,20.000,20.004,0,64,64,3.199288,SUCCESS,sigmoid,
2026-06-08T22:34:52,90.0,37.3,sensor2_serial,3,0,4,0,120,173,20.000,20.005,0,60,60,2.999295,SUCCESS,sigmoid,
2026-06-08T22:35:12,90.0,37.3,sensor2_serial,3,0,4,0,120,172,20.000,20.004,0,58,58,2.899397,SUCCESS,sigmoid,
2026-06-08T22:35:32,90.0,37.3,sensor2_serial,3,0,4,0,120,171,20.000,20.005,0,53,53,2.649322,SUCCESS,sigmoid,
2026-06-08T22:35:52,90.0,37.3,sensor2_serial,3,0,4,0,120,170,20.000,20.004,0,54,54,2.699403,SUCCESS,sigmoid,
2026-06-08T22:36:12,90.0,37.3,sensor2_serial,3,0,4,0,120,169,20.000,20.006,0,51,51,2.549253,SUCCESS,sigmoid,
2026-06-08T22:36:32,90.0,37.3,sensor2_serial,3,0,4,0,120,168,20.000,20.005,0,45,45,2.249474,SUCCESS,sigmoid,
2026-06-08T22:36:52,90.0,37.3,sensor2_serial,3,0,4,0,120,167,20.000,20.004,0,56,56,2.799417,SUCCESS,sigmoid,
2026-06-08T22:37:12,90.0,37.3,sensor2_serial,3,0,4,0,120,166,20.000,20.005,0,48,48,2.399388,SUCCESS,sigmoid,
2026-06-08T22:37:32,90.0,37.3,sensor2_serial,3,0,4,0,120,165,20.000,20.004,0,45,45,2.249531,SUCCESS,sigmoid,
2026-06-08T22:37:52,90.0,37.3,sensor2_serial,3,0,4,0,120,164,20.000,20.005,0,42,42,2.099507,SUCCESS,sigmoid,
2026-06-08T22:38:12,90.0,37.3,sensor2_serial,3,0,4,0,120,163,20.000,20.005,0,49,49,2.449377,SUCCESS,sigmoid,
2026-06-08T22:38:32,90.0,37.3,sensor2_serial,3,0,4,0,120,162,20.000,20.005,0,35,35,1.749522,SUCCESS,sigmoid,
2026-06-08T22:38:53,90.0,37.3,sensor2_serial,3,0,4,0,120,161,20.000,20.005,0,36,36,1.799587,SUCCESS,sigmoid,
2026-06-08T22:39:13,90.0,37.3,sensor2_serial,3,0,4,0,120,160,20.000,20.004,0,29,29,1.449686,SUCCESS,sigmoid,
2026-06-08T22:39:33,90.0,37.3,sensor2_serial,3,0,4,0,120,159,20.000,20.004,0,25,25,1.249719,SUCCESS,sigmoid,
2026-06-08T22:39:53,90.0,37.3,sensor2_serial,3,0,4,0,120,158,20.000,20.004,0,17,17,0.849815,SUCCESS,sigmoid,
2026-06-08T22:40:13,90.0,37.3,sensor2_serial,3,0,4,0,120,157,20.000,20.004,0,14,14,0.699846,SUCCESS,sigmoid,
2026-06-08T22:40:33,90.0,37.3,sensor2_serial,3,0,4,0,120,156,20.000,20.004,0,16,16,0.799829,SUCCESS,sigmoid,
2026-06-08T22:40:53,90.0,37.3,sensor2_serial,3,0,4,0,120,155,20.000,20.005,0,9,9,0.449896,SUCCESS,sigmoid,
2026-06-08T22:41:13,90.0,37.3,sensor2_serial,3,0,4,0,120,154,20.000,20.005,0,10,10,0.499867,SUCCESS,sigmoid,
2026-06-08T22:41:33,90.0,37.3,sensor2_serial,3,0,4,0,120,153,20.000,20.005,0,6,6,0.299931,SUCCESS,sigmoid,
2026-06-08T22:41:53,90.0,37.3,sensor2_serial,3,0,4,0,120,152,20.000,20.005,0,11,11,0.549871,SUCCESS,sigmoid,
2026-06-08T22:42:13,90.0,37.3,sensor2_serial,3,0,4,0,120,151,20.000,20.004,0,5,5,0.249944,SUCCESS,sigmoid,
2026-06-08T22:42:33,90.0,37.3,sensor2_serial,3,0,4,0,120,150,20.000,20.005,0,4,4,0.199954,SUCCESS,sigmoid,
2026-06-08T22:42:53,90.0,37.3,sensor2_serial,3,0,4,0,120,149,20.000,20.006,0,3,3,0.149956,SUCCESS,sigmoid,
2026-06-08T22:43:13,90.0,37.3,sensor2_serial,3,0,4,0,120,148,20.000,20.004,0,2,2,0.099979,SUCCESS,sigmoid,
2026-06-08T22:43:33,90.0,37.3,sensor2_serial,3,0,4,0,120,147,20.000,20.005,0,5,5,0.249943,SUCCESS,sigmoid,
2026-06-08T22:43:53,90.0,37.3,sensor2_serial,3,0,4,0,120,146,20.000,20.004,0,2,2,0.099978,SUCCESS,sigmoid,
2026-06-08T22:44:13,90.0,37.3,sensor2_serial,3,0,4,0,120,145,20.000,20.005,0,4,4,0.199953,SUCCESS,sigmoid,
2026-06-08T22:44:34,90.0,37.3,sensor2_serial,3,0,4,0,120,144,20.000,20.004,0,1,1,0.049989,SUCCESS,sigmoid,
2026-06-08T22:44:54,90.0,37.3,sensor2_serial,3,0,4,0,120,143,20.000,20.004,0,2,2,0.099978,SUCCESS,sigmoid,
2026-06-08T22:45:14,90.0,37.3,sensor2_serial,3,0,4,0,120,142,20.000,20.005,0,0,0,0.000000,SUCCESS,sigmoid,
2026-06-08T22:45:34,90.0,37.3,sensor2_serial,3,0,4,0,120,141,20.000,20.005,0,1,1,0.049988,SUCCESS,sigmoid,
2026-06-08T22:45:54,90.0,37.3,sensor2_serial,3,0,4,0,120,140,20.000,20.005,0,2,2,0.099975,SUCCESS,sigmoid,
2026-06-08T22:46:14,90.0,37.3,sensor2_serial,3,0,4,0,120,139,20.000,20.005,0,0,0,0.000000,SUCCESS,sigmoid,
2026-06-08T22:46:34,90.0,37.3,sensor2_serial,3,0,4,0,120,138,20.000,20.004,0,1,1,0.049989,SUCCESS,sigmoid,
2026-06-08T22:46:54,90.0,37.3,sensor2_serial,3,0,4,0,120,137,20.000,20.004,0,0,0,0.000000,SUCCESS,sigmoid,
2026-06-08T22:47:14,90.0,37.3,sensor2_serial,3,0,4,0,120,136,20.000,20.004,0,0,0,0.000000,SUCCESS,sigmoid,
2026-06-08T22:47:34,90.0,37.3,sensor2_serial,3,0,4,0,120,135,20.000,20.005,0,0,0,0.000000,SUCCESS,sigmoid,
2026-06-08T22:47:54,90.0,37.3,sensor2_serial,3,0,4,0,120,134,20.000,20.004,0,0,0,0.000000,SUCCESS,sigmoid,
2026-06-08T22:48:14,90.0,37.3,sensor2_serial,3,0,4,0,120,133,20.000,20.004,0,0,0,0.000000,SUCCESS,sigmoid,
2026-06-08T22:48:34,90.0,37.3,sensor2_serial,3,0,4,0,120,132,20.000,20.004,0,0,0,0.000000,SUCCESS,sigmoid,
2026-06-08T22:48:54,90.0,37.3,sensor2_serial,3,0,4,0,120,131,20.000,20.005,0,0,0,0.000000,SUCCESS,sigmoid,
2026-06-08T22:49:14,90.0,37.3,sensor2_serial,3,0,4,0,120,130,20.000,20.005,0,0,0,0.000000,SUCCESS,sigmoid,
2026-06-08T22:49:34,90.0,37.3,sensor2_serial,3,0,4,0,120,129,20.000,20.004,0,0,0,0.000000,SUCCESS,sigmoid,
2026-06-08T22:49:54,90.0,37.3,sensor2_serial,3,0,4,0,120,128,20.000,20.005,0,0,0,0.000000,SUCCESS,sigmoid,
2026-06-08T22:50:15,90.0,37.3,sensor2_serial,3,0,4,0,120,127,20.000,20.004,0,0,0,0.000000,SUCCESS,sigmoid,
2026-06-08T22:50:35,90.0,37.3,sensor2_serial,3,0,4,0,120,126,20.000,20.005,0,0,0,0.000000,SUCCESS,sigmoid,
2026-06-08T22:50:55,90.0,37.3,sensor2_serial,3,0,4,0,120,125,20.000,20.004,0,1,1,0.049990,SUCCESS,sigmoid,
2026-06-08T22:51:15,90.0,37.3,sensor2_serial,3,0,4,0,120,124,20.000,20.005,0,0,0,0.000000,SUCCESS,sigmoid,
2026-06-08T22:51:35,90.0,37.3,sensor2_serial,3,0,4,0,120,123,20.000,20.005,0,0,0,0.000000,SUCCESS,sigmoid,
2026-06-08T22:51:55,90.0,37.3,sensor2_serial,3,0,4,0,120,122,20.000,20.005,0,0,0,0.000000,SUCCESS,sigmoid,
2026-06-08T22:52:15,90.0,37.3,sensor2_serial,3,0,4,0,120,121,20.000,20.006,0,0,0,0.000000,SUCCESS,sigmoid,
2026-06-08T22:52:35,90.0,37.3,sensor2_serial,3,0,4,0,120,120,20.000,20.005,0,0,0,0.000000,SUCCESS,sigmoid,
2026-06-08T22:52:55,90.0,37.3,sensor2_serial,3,0,4,0,120,119,20.000,20.005,0,0,0,0.000000,SUCCESS,sigmoid,
2026-06-08T22:53:15,90.0,37.3,sensor2_serial,3,0,4,0,120,118,20.000,20.004,0,0,0,0.000000,SUCCESS,sigmoid,
2026-06-08T22:53:35,90.0,37.3,sensor2_serial,3,0,4,0,120,117,20.000,20.004,0,0,0,0.000000,SUCCESS,sigmoid,
2026-06-08T22:53:55,90.0,37.3,sensor2_serial,3,0,4,0,120,116,20.000,20.005,0,0,0,0.000000,SUCCESS,sigmoid,
2026-06-08T22:54:15,90.0,37.3,sensor2_serial,3,0,4,0,120,115,20.000,20.005,0,0,0,0.000000,SUCCESS,sigmoid,
2026-06-08T22:54:35,90.0,37.3,sensor2_serial,3,0,4,0,120,114,20.000,20.004,0,0,0,0.000000,SUCCESS,sigmoid,
2026-06-08T22:54:55,90.0,37.3,sensor2_serial,3,0,4,0,120,113,20.000,20.004,0,0,0,0.000000,SUCCESS,sigmoid,
2026-06-08T22:55:15,90.0,37.3,sensor2_serial,3,0,4,0,120,112,20.000,20.005,0,0,0,0.000000,SUCCESS,sigmoid,
2026-06-08T22:55:35,90.0,37.3,sensor2_serial,3,0,4,0,120,111,20.000,20.005,0,0,0,0.000000,SUCCESS,sigmoid,
2026-06-08T22:55:56,90.0,37.3,sensor2_serial,3,0,4,0,120,110,20.000,20.004,0,0,0,0.000000,SUCCESS,sigmoid,
2026-06-08T22:56:16,90.0,37.3,sensor2_serial,3,0,4,0,120,109,20.000,20.005,0,0,0,0.000000,SUCCESS,sigmoid,
2026-06-08T22:56:36,90.0,37.3,sensor2_serial,3,0,4,0,120,108,20.000,20.005,0,0,0,0.000000,SUCCESS,sigmoid,
2026-06-08T22:56:56,90.0,37.3,sensor2_serial,3,0,4,0,120,107,20.000,20.005,0,0,0,0.000000,SUCCESS,sigmoid,
2026-06-08T22:57:16,90.0,37.3,sensor2_serial,3,0,4,0,120,106,20.000,20.005,0,0,0,0.000000,SUCCESS,sigmoid,
2026-06-08T22:57:36,90.0,37.3,sensor2_serial,3,0,4,0,120,105,20.000,20.005,0,0,0,0.000000,SUCCESS,sigmoid,
2026-06-08T22:57:56,90.0,37.3,sensor2_serial,3,1,5,1,120,255,20.000,20.005,0,1124174,1124174,56193.955180,SUCCESS,sigmoid,
2026-06-08T22:58:16,90.0,37.3,sensor2_serial,3,1,5,1,120,254,20.000,20.006,0,1471033,1471033,73531.037732,SUCCESS,sigmoid,
2026-06-08T22:58:36,90.0,37.3,sensor2_serial,3,1,5,1,120,253,20.000,20.005,0,1705819,1705819,85271.611784,SUCCESS,sigmoid,
2026-06-08T22:58:56,90.0,37.3,sensor2_serial,3,1,5,1,120,252,20.000,20.005,0,1778729,1778729,88912.045476,SUCCESS,sigmoid,
2026-06-08T22:59:16,90.0,37.3,sensor2_serial,3,1,5,1,120,251,20.000,20.005,0,1774762,1774762,88714.738453,SUCCESS,sigmoid,
2026-06-08T22:59:36,90.0,37.3,sensor2_serial,3,1,5,1,120,250,20.000,20.005,0,1779502,1779502,88950.865085,SUCCESS,sigmoid,
2026-06-08T22:59:56,90.0,37.3,sensor2_serial,3,1,5,1,120,249,20.000,20.005,0,1964541,1964541,98201.247701,SUCCESS,sigmoid,
2026-06-08T23:00:16,90.0,37.3,sensor2_serial,3,1,5,1,120,248,20.000,20.006,0,2191312,2191312,109533.871690,SUCCESS,sigmoid,
2026-06-08T23:00:36,90.0,37.3,sensor2_serial,3,1,5,1,120,247,20.000,20.005,0,2504544,2504544,125193.726388,SUCCESS,sigmoid,
2026-06-08T23:00:56,90.0,37.3,sensor2_serial,3,1,5,1,120,246,20.000,20.006,0,2905206,2905206,145219.150632,SUCCESS,sigmoid,
2026-06-08T23:01:16,90.0,37.3,sensor2_serial,3,1,5,1,120,245,20.000,20.005,0,3171549,3171549,158534.232331,SUCCESS,sigmoid,
2026-06-08T23:01:37,90.0,37.3,sensor2_serial,3,1,5,1,120,244,20.000,20.005,0,3066543,3066543,153288.306255,SUCCESS,sigmoid,
2026-06-08T23:01:57,90.0,37.3,sensor2_serial,3,1,5,1,120,243,20.000,20.005,0,2483419,2483419,124140.330050,SUCCESS,sigmoid,
2026-06-08T23:02:17,90.0,37.3,sensor2_serial,3,1,5,1,120,242,20.000,20.006,0,1772015,1772015,88576.308808,SUCCESS,sigmoid,
2026-06-08T23:02:37,90.0,37.3,sensor2_serial,3,1,5,1,120,241,20.000,20.006,0,1010457,1010457,50508.927935,SUCCESS,sigmoid,
2026-06-08T23:02:57,90.0,37.3,sensor2_serial,3,1,5,1,120,240,20.000,20.005,0,571191,571191,28552.270856,SUCCESS,sigmoid,
2026-06-08T23:03:17,90.0,37.3,sensor2_serial,3,1,5,1,120,239,20.000,20.006,0,469608,469608,23473.399904,SUCCESS,sigmoid,
2026-06-08T23:03:37,90.0,37.3,sensor2_serial,3,1,5,1,120,238,20.000,20.006,0,236305,236305,11811.960267,SUCCESS,sigmoid,
2026-06-08T23:03:57,90.0,37.3,sensor2_serial,3,1,5,1,120,237,20.000,20.006,0,91154,91154,4556.390703,SUCCESS,sigmoid,
2026-06-08T23:04:17,90.0,37.3,sensor2_serial,3,1,5,1,120,236,20.000,20.005,0,37057,37057,1852.345765,SUCCESS,sigmoid,
2026-06-08T23:04:37,90.0,37.3,sensor2_serial,3,1,5,1,120,235,20.000,20.006,0,15722,15722,785.878540,SUCCESS,sigmoid,
2026-06-08T23:04:57,90.0,37.3,sensor2_serial,3,1,5,1,120,234,20.000,20.005,0,6804,6804,340.109039,SUCCESS,sigmoid,
2026-06-08T23:05:17,90.0,37.3,sensor2_serial,3,1,5,1,120,233,20.000,20.005,0,2234,2234,111.672156,SUCCESS,sigmoid,
2026-06-08T23:05:37,90.0,37.3,sensor2_serial,3,1,5,1,120,232,20.000,20.004,0,915,915,45.740106,SUCCESS,sigmoid,
2026-06-08T23:05:57,90.0,37.3,sensor2_serial,3,1,5,1,120,231,20.000,20.005,0,382,382,19.094958,SUCCESS,sigmoid,
2026-06-08T23:06:17,90.0,37.3,sensor2_serial,3,1,5,1,120,230,20.000,20.005,0,238,238,11.896790,SUCCESS,sigmoid,
2026-06-08T23:06:37,90.0,37.3,sensor2_serial,3,1,5,1,120,229,20.000,20.005,0,175,175,8.747725,SUCCESS,sigmoid,
2026-06-08T23:06:58,90.0,37.3,sensor2_serial,3,1,5,1,120,228,20.000,20.005,0,151,151,7.548008,SUCCESS,sigmoid,
2026-06-08T23:07:18,90.0,37.3,sensor2_serial,3,1,5,1,120,227,20.000,20.006,0,166,166,8.297666,SUCCESS,sigmoid,
2026-06-08T23:07:38,90.0,37.3,sensor2_serial,3,1,5,1,120,226,20.000,20.005,0,163,163,8.148117,SUCCESS,sigmoid,
2026-06-08T23:07:58,90.0,37.3,sensor2_serial,3,1,5,1,120,225,20.000,20.005,0,146,146,7.298332,SUCCESS,sigmoid,
2026-06-08T23:08:18,90.0,37.3,sensor2_serial,3,1,5,1,120,224,20.000,20.005,0,147,147,7.348133,SUCCESS,sigmoid,
2026-06-08T23:08:38,90.0,37.3,sensor2_serial,3,1,5,1,120,223,20.000,20.004,0,164,164,8.198236,SUCCESS,sigmoid,
2026-06-08T23:08:58,90.0,37.3,sensor2_serial,3,1,5,1,120,222,20.000,20.005,0,144,144,7.198111,SUCCESS,sigmoid,
2026-06-08T23:09:18,90.0,37.3,sensor2_serial,3,1,5,1,120,221,20.000,20.005,0,137,137,6.848283,SUCCESS,sigmoid,
2026-06-08T23:09:38,90.0,37.3,sensor2_serial,3,1,5,1,120,220,20.000,20.005,0,156,156,7.797959,SUCCESS,sigmoid,
2026-06-08T23:09:58,90.0,37.3,sensor2_serial,3,1,5,1,120,219,20.000,20.005,0,139,139,6.948366,SUCCESS,sigmoid,
2026-06-08T23:10:18,90.0,37.3,sensor2_serial,3,1,5,1,120,218,20.000,20.005,0,135,135,6.748243,SUCCESS,sigmoid,
2026-06-08T23:10:38,90.0,37.3,sensor2_serial,3,1,5,1,120,217,20.000,20.005,0,143,143,7.148048,SUCCESS,sigmoid,
2026-06-08T23:10:58,90.0,37.3,sensor2_serial,3,1,5,1,120,216,20.000,20.005,0,151,151,7.548074,SUCCESS,sigmoid,
2026-06-08T23:11:18,90.0,37.3,sensor2_serial,3,1,5,1,120,215,20.000,20.005,0,128,128,6.398558,SUCCESS,sigmoid,
2026-06-08T23:11:38,90.0,37.3,sensor2_serial,3,1,5,1,120,214,20.000,20.005,0,143,143,7.148293,SUCCESS,sigmoid,
2026-06-08T23:11:58,90.0,37.3,sensor2_serial,3,1,5,1,120,213,20.000,20.005,0,135,135,6.748315,SUCCESS,sigmoid,
2026-06-08T23:12:18,90.0,37.3,sensor2_serial,3,1,5,1,120,212,20.000,20.005,0,136,136,6.798174,SUCCESS,sigmoid,
2026-06-08T23:12:39,90.0,37.3,sensor2_serial,3,1,5,1,120,211,20.000,20.005,0,153,153,7.648217,SUCCESS,sigmoid,
2026-06-08T23:12:59,90.0,37.3,sensor2_serial,3,1,5,1,120,210,20.000,20.005,0,116,116,5.798523,SUCCESS,sigmoid,
2026-06-08T23:13:19,90.0,37.3,sensor2_serial,3,1,5,1,120,209,20.000,20.005,0,128,128,6.398262,SUCCESS,sigmoid,
2026-06-08T23:13:39,90.0,37.3,sensor2_serial,3,1,5,1,120,208,20.000,20.005,0,117,117,5.848486,SUCCESS,sigmoid,
2026-06-08T23:13:59,90.0,37.3,sensor2_serial,3,1,5,1,120,207,20.000,20.005,0,137,137,6.848200,SUCCESS,sigmoid,
2026-06-08T23:14:19,90.0,37.3,sensor2_serial,3,1,5,1,120,206,20.000,20.006,0,147,147,7.347976,SUCCESS,sigmoid,
2026-06-08T23:14:39,90.0,37.3,sensor2_serial,3,1,5,1,120,205,20.000,20.004,0,134,134,6.698582,SUCCESS,sigmoid,
2026-06-08T23:14:59,90.0,37.3,sensor2_serial,3,1,5,1,120,204,20.000,20.006,0,134,134,6.698095,SUCCESS,sigmoid,
2026-06-08T23:15:19,90.0,37.3,sensor2_serial,3,1,5,1,120,203,20.000,20.005,0,109,109,5.448640,SUCCESS,sigmoid,
2026-06-08T23:15:39,90.0,37.3,sensor2_serial,3,1,5,1,120,202,20.000,20.004,0,155,155,7.748356,SUCCESS,sigmoid,
2026-06-08T23:15:59,90.0,37.3,sensor2_serial,3,1,5,1,120,201,20.000,20.004,0,143,143,7.148551,SUCCESS,sigmoid,
2026-06-08T23:16:19,90.0,37.3,sensor2_serial,3,1,5,1,120,200,20.000,20.005,0,129,129,6.448496,SUCCESS,sigmoid,
2026-06-08T23:16:39,90.0,37.3,sensor2_serial,3,1,5,1,120,199,20.000,20.006,0,103,103,5.148584,SUCCESS,sigmoid,
2026-06-08T23:16:59,90.0,37.3,sensor2_serial,3,1,5,1,120,198,20.000,20.005,0,128,128,6.398241,SUCCESS,sigmoid,
2026-06-08T23:17:19,90.0,37.3,sensor2_serial,3,1,5,1,120,197,20.000,20.005,0,125,125,6.248513,SUCCESS,sigmoid,
2026-06-08T23:17:39,90.0,37.3,sensor2_serial,3,1,5,1,120,196,20.000,20.004,0,142,142,7.098442,SUCCESS,sigmoid,
2026-06-08T23:17:59,90.0,37.3,sensor2_serial,3,1,5,1,120,195,20.000,20.005,0,113,113,5.648715,SUCCESS,sigmoid,
2026-06-08T23:18:20,90.0,37.3,sensor2_serial,3,1,5,1,120,194,20.000,20.005,0,127,127,6.348495,SUCCESS,sigmoid,
2026-06-08T23:18:40,90.0,37.3,sensor2_serial,3,1,5,1,120,193,20.000,20.004,0,101,101,5.048900,SUCCESS,sigmoid,
2026-06-08T23:19:00,90.0,37.3,sensor2_serial,3,1,5,1,120,192,20.000,20.005,0,116,116,5.798475,SUCCESS,sigmoid,
2026-06-08T23:19:20,90.0,37.3,sensor2_serial,3,1,5,1,120,191,20.000,20.004,0,115,115,5.748788,SUCCESS,sigmoid,
2026-06-08T23:19:40,90.0,37.3,sensor2_serial,3,1,5,1,120,190,20.000,20.005,0,111,111,5.548728,SUCCESS,sigmoid,
2026-06-08T23:20:00,90.0,37.3,sensor2_serial,3,1,5,1,120,189,20.000,20.005,0,138,138,6.898335,SUCCESS,sigmoid,
2026-06-08T23:20:20,90.0,37.3,sensor2_serial,3,1,5,1,120,188,20.000,20.005,0,127,127,6.348262,SUCCESS,sigmoid,
2026-06-08T23:20:40,90.0,37.3,sensor2_serial,3,1,5,1,120,187,20.000,20.006,0,107,107,5.348527,SUCCESS,sigmoid,
2026-06-08T23:21:00,90.0,37.3,sensor2_serial,3,1,5,1,120,186,20.000,20.004,0,130,130,6.498566,SUCCESS,sigmoid,
2026-06-08T23:21:20,90.0,37.3,sensor2_serial,3,1,5,1,120,185,20.000,20.004,0,139,139,6.948460,SUCCESS,sigmoid,
2026-06-08T23:21:40,90.0,37.3,sensor2_serial,3,1,5,1,120,184,20.000,20.004,0,104,104,5.198835,SUCCESS,sigmoid,
2026-06-08T23:22:00,90.0,37.3,sensor2_serial,3,1,5,1,120,183,20.000,20.005,0,95,95,4.748885,SUCCESS,sigmoid,
2026-06-08T23:22:20,90.0,37.3,sensor2_serial,3,1,5,1,120,182,20.000,20.005,0,96,96,4.798864,SUCCESS,sigmoid,
2026-06-08T23:22:40,90.0,37.3,sensor2_serial,3,1,5,1,120,181,20.000,20.006,0,95,95,4.748689,SUCCESS,sigmoid,
2026-06-08T23:23:00,90.0,37.3,sensor2_serial,3,1,5,1,120,180,20.000,20.004,0,103,103,5.148899,SUCCESS,sigmoid,
2026-06-08T23:23:20,90.0,37.3,sensor2_serial,3,1,5,1,120,179,20.000,20.005,0,114,114,5.698689,SUCCESS,sigmoid,
2026-06-08T23:23:40,90.0,37.3,sensor2_serial,3,1,5,1,120,178,20.000,20.005,0,103,103,5.148798,SUCCESS,sigmoid,
2026-06-08T23:24:01,90.0,37.3,sensor2_serial,3,1,5,1,120,177,20.000,20.005,0,87,87,4.348886,SUCCESS,sigmoid,
2026-06-08T23:24:21,90.0,37.3,sensor2_serial,3,1,5,1,120,176,20.000,20.005,0,85,85,4.249030,SUCCESS,sigmoid,
2026-06-08T23:24:41,90.0,37.3,sensor2_serial,3,1,5,1,120,175,20.000,20.005,0,68,68,3.399202,SUCCESS,sigmoid,
2026-06-08T23:25:01,90.0,37.3,sensor2_serial,3,1,5,1,120,174,20.000,20.005,0,83,83,4.148887,SUCCESS,sigmoid,
2026-06-08T23:25:21,90.0,37.3,sensor2_serial,3,1,5,1,120,173,20.000,20.004,0,60,60,2.999374,SUCCESS,sigmoid,
2026-06-08T23:25:41,90.0,37.3,sensor2_serial,3,1,5,1,120,172,20.000,20.005,0,71,71,3.549049,SUCCESS,sigmoid,
2026-06-08T23:26:01,90.0,37.3,sensor2_serial,3,1,5,1,120,171,20.000,20.004,0,76,76,3.799173,SUCCESS,sigmoid,
2026-06-08T23:26:21,90.0,37.3,sensor2_serial,3,1,5,1,120,170,20.000,20.004,0,73,73,3.649204,SUCCESS,sigmoid,
2026-06-08T23:26:41,90.0,37.3,sensor2_serial,3,1,5,1,120,169,20.000,20.005,0,77,77,3.849105,SUCCESS,sigmoid,
2026-06-08T23:27:01,90.0,37.3,sensor2_serial,3,1,5,1,120,168,20.000,20.004,0,56,56,2.799370,SUCCESS,sigmoid,
2026-06-08T23:27:21,90.0,37.3,sensor2_serial,3,1,5,1,120,167,20.000,20.005,0,51,51,2.549420,SUCCESS,sigmoid,
2026-06-08T23:27:41,90.0,37.3,sensor2_serial,3,1,5,1,120,166,20.000,20.004,0,52,52,2.599465,SUCCESS,sigmoid,
2026-06-08T23:28:01,90.0,37.3,sensor2_serial,3,1,5,1,120,165,20.000,20.005,0,52,52,2.599409,SUCCESS,sigmoid,
2026-06-08T23:28:21,90.0,37.3,sensor2_serial,3,1,5,1,120,164,20.000,20.005,0,60,60,2.999301,SUCCESS,sigmoid,
2026-06-08T23:28:41,90.0,37.3,sensor2_serial,3,1,5,1,120,163,20.000,20.005,0,58,58,2.899263,SUCCESS,sigmoid,
2026-06-08T23:29:01,90.0,37.3,sensor2_serial,3,1,5,1,120,162,20.000,20.004,0,47,47,2.349493,SUCCESS,sigmoid,
2026-06-08T23:29:21,90.0,37.3,sensor2_serial,3,1,5,1,120,161,20.000,20.004,0,42,42,2.099559,SUCCESS,sigmoid,
2026-06-08T23:29:42,90.0,37.3,sensor2_serial,3,1,5,1,120,160,20.000,20.004,0,34,34,1.699630,SUCCESS,sigmoid,
2026-06-08T23:30:02,90.0,37.3,sensor2_serial,3,1,5,1,120,159,20.000,20.005,0,47,47,2.349358,SUCCESS,sigmoid,
2026-06-08T23:30:22,90.0,37.3,sensor2_serial,3,1,5,1,120,158,20.000,20.004,0,33,33,1.649645,SUCCESS,sigmoid,
2026-06-08T23:30:42,90.0,37.3,sensor2_serial,3,1,5,1,120,157,20.000,20.004,0,31,31,1.549658,SUCCESS,sigmoid,
2026-06-08T23:31:02,90.0,37.3,sensor2_serial,3,1,5,1,120,156,20.000,20.005,0,29,29,1.449603,SUCCESS,sigmoid,
2026-06-08T23:31:22,90.0,37.3,sensor2_serial,3,1,5,1,120,155,20.000,20.005,0,23,23,1.149737,SUCCESS,sigmoid,
2026-06-08T23:31:42,90.0,37.3,sensor2_serial,3,1,5,1,120,154,20.000,20.005,0,25,25,1.249718,SUCCESS,sigmoid,
2026-06-08T23:32:02,90.0,37.3,sensor2_serial,3,1,5,1,120,153,20.000,20.004,0,17,17,0.849825,SUCCESS,sigmoid,
2026-06-08T23:32:22,90.0,37.3,sensor2_serial,3,1,5,1,120,152,20.000,20.004,0,22,22,1.099763,SUCCESS,sigmoid,
2026-06-08T23:32:42,90.0,37.3,sensor2_serial,3,1,5,1,120,151,20.000,20.005,0,31,31,1.549634,SUCCESS,sigmoid,
2026-06-08T23:33:02,90.0,37.3,sensor2_serial,3,1,5,1,120,150,20.000,20.005,0,18,18,0.899764,SUCCESS,sigmoid,
2026-06-08T23:33:22,90.0,37.3,sensor2_serial,3,1,5,1,120,149,20.000,20.005,0,15,15,0.749831,SUCCESS,sigmoid,
2026-06-08T23:33:42,90.0,37.3,sensor2_serial,3,1,5,1,120,148,20.000,20.005,0,14,14,0.699837,SUCCESS,sigmoid,
2026-06-08T23:34:02,90.0,37.3,sensor2_serial,3,1,5,1,120,147,20.000,20.004,0,11,11,0.549878,SUCCESS,sigmoid,
2026-06-08T23:34:22,90.0,37.3,sensor2_serial,3,1,5,1,120,146,20.000,20.006,0,9,9,0.449874,SUCCESS,sigmoid,
2026-06-08T23:34:42,90.0,37.3,sensor2_serial,3,1,5,1,120,145,20.000,20.005,0,5,5,0.249942,SUCCESS,sigmoid,
2026-06-08T23:35:03,90.0,37.3,sensor2_serial,3,1,5,1,120,144,20.000,20.004,0,6,6,0.299935,SUCCESS,sigmoid,
2026-06-08T23:35:23,90.0,37.3,sensor2_serial,3,1,5,1,120,143,20.000,20.005,0,3,3,0.149966,SUCCESS,sigmoid,
2026-06-08T23:35:43,90.0,37.3,sensor2_serial,3,1,5,1,120,142,20.000,20.004,0,7,7,0.349927,SUCCESS,sigmoid,
2026-06-08T23:36:03,90.0,37.3,sensor2_serial,3,1,5,1,120,141,20.000,20.004,0,6,6,0.299937,SUCCESS,sigmoid,
2026-06-08T23:36:23,90.0,37.3,sensor2_serial,3,1,5,1,120,140,20.000,20.005,0,2,2,0.099977,SUCCESS,sigmoid,
2026-06-08T23:36:43,90.0,37.3,sensor2_serial,3,1,5,1,120,139,20.000,20.005,0,3,3,0.149963,SUCCESS,sigmoid,
2026-06-08T23:37:03,90.0,37.3,sensor2_serial,3,1,5,1,120,138,20.000,20.005,0,2,2,0.099977,SUCCESS,sigmoid,
2026-06-08T23:37:23,90.0,37.3,sensor2_serial,3,1,5,1,120,137,20.000,20.005,0,0,0,0.000000,SUCCESS,sigmoid,
2026-06-08T23:37:43,90.0,37.3,sensor2_serial,3,1,5,1,120,136,20.000,20.004,0,2,2,0.099978,SUCCESS,sigmoid,
2026-06-08T23:38:03,90.0,37.3,sensor2_serial,3,1,5,1,120,135,20.000,20.005,0,2,2,0.099975,SUCCESS,sigmoid,
2026-06-08T23:38:23,90.0,37.3,sensor2_serial,3,1,5,1,120,134,20.000,20.004,0,0,0,0.000000,SUCCESS,sigmoid,
2026-06-08T23:38:43,90.0,37.3,sensor2_serial,3,1,5,1,120,133,20.000,20.005,0,0,0,0.000000,SUCCESS,sigmoid,
2026-06-08T23:39:03,90.0,37.3,sensor2_serial,3,1,5,1,120,132,20.000,20.004,0,0,0,0.000000,SUCCESS,sigmoid,
2026-06-08T23:39:23,90.0,37.3,sensor2_serial,3,1,5,1,120,131,20.000,20.005,0,0,0,0.000000,SUCCESS,sigmoid,
2026-06-08T23:39:43,90.0,37.3,sensor2_serial,3,1,5,1,120,130,20.000,20.004,0,0,0,0.000000,SUCCESS,sigmoid,
2026-06-08T23:40:03,90.0,37.3,sensor2_serial,3,1,5,1,120,129,20.000,20.005,0,0,0,0.000000,SUCCESS,sigmoid,
2026-06-08T23:40:23,90.0,37.3,sensor2_serial,3,1,5,1,120,128,20.000,20.005,0,0,0,0.000000,SUCCESS,sigmoid,
2026-06-08T23:40:44,90.0,37.3,sensor2_serial,3,1,5,1,120,127,20.000,20.004,0,0,0,0.000000,SUCCESS,sigmoid,
2026-06-08T23:41:04,90.0,37.3,sensor2_serial,3,1,5,1,120,126,20.000,20.005,0,0,0,0.000000,SUCCESS,sigmoid,
2026-06-08T23:41:24,90.0,37.3,sensor2_serial,3,1,5,1,120,125,20.000,20.004,0,0,0,0.000000,SUCCESS,sigmoid,
2026-06-08T23:41:44,90.0,37.3,sensor2_serial,3,1,5,1,120,124,20.000,20.004,0,0,0,0.000000,SUCCESS,sigmoid,
2026-06-08T23:42:04,90.0,37.3,sensor2_serial,3,1,5,1,120,123,20.000,20.004,0,1,1,0.049989,SUCCESS,sigmoid,
2026-06-08T23:42:24,90.0,37.3,sensor2_serial,3,1,5,1,120,122,20.000,20.004,0,0,0,0.000000,SUCCESS,sigmoid,
2026-06-08T23:42:44,90.0,37.3,sensor2_serial,3,1,5,1,120,121,20.000,20.004,0,0,0,0.000000,SUCCESS,sigmoid,
2026-06-08T23:43:04,90.0,37.3,sensor2_serial,3,1,5,1,120,120,20.000,20.004,0,0,0,0.000000,SUCCESS,sigmoid,
2026-06-08T23:43:24,90.0,37.3,sensor2_serial,3,1,5,1,120,119,20.000,20.005,0,0,0,0.000000,SUCCESS,sigmoid,
2026-06-08T23:43:44,90.0,37.3,sensor2_serial,3,1,5,1,120,118,20.000,20.005,0,0,0,0.000000,SUCCESS,sigmoid,
2026-06-08T23:44:04,90.0,37.3,sensor2_serial,3,1,5,1,120,117,20.000,20.005,0,0,0,0.000000,SUCCESS,sigmoid,
2026-06-08T23:44:24,90.0,37.3,sensor2_serial,3,1,5,1,120,116,20.000,20.005,0,0,0,0.000000,SUCCESS,sigmoid,
2026-06-08T23:44:44,90.0,37.3,sensor2_serial,3,1,5,1,120,115,20.000,20.005,0,0,0,0.000000,SUCCESS,sigmoid,
2026-06-08T23:45:04,90.0,37.3,sensor2_serial,3,1,5,1,120,114,20.000,20.005,0,0,0,0.000000,SUCCESS,sigmoid,
2026-06-08T23:45:24,90.0,37.3,sensor2_serial,3,1,5,1,120,113,20.000,20.005,0,0,0,0.000000,SUCCESS,sigmoid,
2026-06-08T23:45:44,90.0,37.3,sensor2_serial,3,1,5,1,120,112,20.000,20.005,0,0,0,0.000000,SUCCESS,sigmoid,
2026-06-08T23:46:04,90.0,37.3,sensor2_serial,3,1,5,1,120,111,20.000,20.004,0,0,0,0.000000,SUCCESS,sigmoid,
2026-06-08T23:46:25,90.0,37.3,sensor2_serial,3,1,5,1,120,110,20.000,20.005,0,0,0,0.000000,SUCCESS,sigmoid,
2026-06-08T23:46:45,90.0,37.3,sensor2_serial,3,1,5,1,120,109,20.000,20.004,0,0,0,0.000000,SUCCESS,sigmoid,
2026-06-08T23:47:05,90.0,37.3,sensor2_serial,3,1,5,1,120,108,20.000,20.004,0,0,0,0.000000,SUCCESS,sigmoid,
2026-06-08T23:47:25,90.0,37.3,sensor2_serial,3,1,5,1,120,107,20.000,20.005,0,0,0,0.000000,SUCCESS,sigmoid,
2026-06-08T23:47:45,90.0,37.3,sensor2_serial,3,1,5,1,120,106,20.000,20.005,0,0,0,0.000000,SUCCESS,sigmoid,
2026-06-08T23:48:05,90.0,37.3,sensor2_serial,3,1,5,1,120,105,20.000,20.004,0,0,0,0.000000,SUCCESS,sigmoid,
2026-06-08T23:48:25,90.0,37.3,sensor2_serial,3,1,5,1,120,104,20.000,20.004,0,0,0,0.000000,SUCCESS,sigmoid,
2026-06-08T23:48:45,90.0,37.3,sensor2_serial,3,1,5,1,120,103,20.000,20.004,0,0,0,0.000000,SUCCESS,sigmoid,
2026-06-08T23:49:05,90.0,37.3,sensor2_serial,3,2,6,2,120,255,20.000,20.005,0,1862533,1862533,93102.583594,SUCCESS,sigmoid,
2026-06-08T23:49:25,90.0,37.3,sensor2_serial,3,2,6,2,120,254,20.000,20.005,0,1943977,1943977,97174.281331,SUCCESS,sigmoid,
2026-06-08T23:49:45,90.0,37.3,sensor2_serial,3,2,6,2,120,253,20.000,20.006,0,2178410,2178410,108889.660550,SUCCESS,sigmoid,
2026-06-08T23:50:05,90.0,37.3,sensor2_serial,3,2,6,2,120,252,20.000,20.005,0,2443066,2443066,122121.391766,SUCCESS,sigmoid,
2026-06-08T23:50:25,90.0,37.3,sensor2_serial,3,2,6,2,120,251,20.000,20.006,0,2904300,2904300,145174.796003,SUCCESS,sigmoid,
2026-06-08T23:50:45,90.0,37.3,sensor2_serial,3,2,6,2,120,250,20.000,20.005,0,3244317,3244317,162172.011826,SUCCESS,sigmoid,
2026-06-08T23:51:05,90.0,37.3,sensor2_serial,3,2,6,2,120,249,20.000,20.005,0,3228105,3228105,161362.434731,SUCCESS,sigmoid,
2026-06-08T23:51:25,90.0,37.3,sensor2_serial,3,2,6,2,120,248,20.000,20.005,0,2867260,2867260,143324.535153,SUCCESS,sigmoid,
2026-06-08T23:51:45,90.0,37.3,sensor2_serial,3,2,6,2,120,247,20.000,20.004,0,2222209,2222209,111087.108566,SUCCESS,sigmoid,
2026-06-08T23:52:06,90.0,37.3,sensor2_serial,3,2,6,2,120,246,20.000,20.005,0,1581928,1581928,79076.202528,SUCCESS,sigmoid,
2026-06-08T23:52:26,90.0,37.3,sensor2_serial,3,2,6,2,120,245,20.000,20.005,0,871419,871419,43559.199527,SUCCESS,sigmoid,
2026-06-08T23:52:46,90.0,37.3,sensor2_serial,3,2,6,2,120,244,20.000,20.005,0,500250,500250,25006.132066,SUCCESS,sigmoid,
2026-06-08T23:53:06,90.0,37.3,sensor2_serial,3,2,6,2,120,243,20.000,20.006,0,210353,210353,10514.528459,SUCCESS,sigmoid,
2026-06-08T23:53:26,90.0,37.3,sensor2_serial,3,2,6,2,120,242,20.000,20.005,0,100351,100351,5016.194267,SUCCESS,sigmoid,
2026-06-08T23:53:46,90.0,37.3,sensor2_serial,3,2,6,2,120,241,20.000,20.006,0,41269,41269,2062.861212,SUCCESS,sigmoid,
2026-06-08T23:54:06,90.0,37.3,sensor2_serial,3,2,6,2,120,240,20.000,20.005,0,15832,15832,791.389054,SUCCESS,sigmoid,
2026-06-08T23:54:26,90.0,37.3,sensor2_serial,3,2,6,2,120,239,20.000,20.005,0,7517,7517,375.755521,SUCCESS,sigmoid,
2026-06-08T23:54:46,90.0,37.3,sensor2_serial,3,2,6,2,120,238,20.000,20.004,0,3453,3453,172.613099,SUCCESS,sigmoid,
2026-06-08T23:55:06,90.0,37.3,sensor2_serial,3,2,6,2,120,237,20.000,20.006,0,1161,1161,58.034033,SUCCESS,sigmoid,
2026-06-08T23:55:26,90.0,37.3,sensor2_serial,3,2,6,2,120,236,20.000,20.004,0,575,575,28.743831,SUCCESS,sigmoid,
2026-06-08T23:55:46,90.0,37.3,sensor2_serial,3,2,6,2,120,235,20.000,20.006,0,292,292,14.595973,SUCCESS,sigmoid,
2026-06-08T23:56:06,90.0,37.3,sensor2_serial,3,2,6,2,120,234,20.000,20.004,0,179,179,8.948121,SUCCESS,sigmoid,
2026-06-08T23:56:26,90.0,37.3,sensor2_serial,3,2,6,2,120,233,20.000,20.005,0,167,167,8.348004,SUCCESS,sigmoid,
2026-06-08T23:56:46,90.0,37.3,sensor2_serial,3,2,6,2,120,232,20.000,20.005,0,140,140,6.998090,SUCCESS,sigmoid,
2026-06-08T23:57:06,90.0,37.3,sensor2_serial,3,2,6,2,120,231,20.000,20.005,0,146,146,7.298257,SUCCESS,sigmoid,
2026-06-08T23:57:27,90.0,37.3,sensor2_serial,3,2,6,2,120,230,20.000,20.004,0,151,151,7.548428,SUCCESS,sigmoid,
2026-06-08T23:57:47,90.0,37.3,sensor2_serial,3,2,6,2,120,229,20.000,20.005,0,142,142,7.098393,SUCCESS,sigmoid,
2026-06-08T23:58:07,90.0,37.3,sensor2_serial,3,2,6,2,120,228,20.000,20.005,0,168,168,8.398065,SUCCESS,sigmoid,
2026-06-08T23:58:27,90.0,37.3,sensor2_serial,3,2,6,2,120,227,20.000,20.004,0,148,148,7.398388,SUCCESS,sigmoid,
2026-06-08T23:58:47,90.0,37.3,sensor2_serial,3,2,6,2,120,226,20.000,20.005,0,124,124,6.198387,SUCCESS,sigmoid,
2026-06-08T23:59:07,90.0,37.3,sensor2_serial,3,2,6,2,120,225,20.000,20.005,0,171,171,8.547881,SUCCESS,sigmoid,
2026-06-08T23:59:27,90.0,37.3,sensor2_serial,3,2,6,2,120,224,20.000,20.006,0,136,136,6.798095,SUCCESS,sigmoid,
2026-06-08T23:59:47,90.0,37.3,sensor2_serial,3,2,6,2,120,223,20.000,20.004,0,118,118,5.898739,SUCCESS,sigmoid,
2026-06-09T00:00:07,90.0,37.3,sensor2_serial,3,2,6,2,120,222,20.000,20.005,0,133,133,6.648320,SUCCESS,sigmoid,
2026-06-09T00:00:27,90.0,37.3,sensor2_serial,3,2,6,2,120,221,20.000,20.004,0,147,147,7.348416,SUCCESS,sigmoid,
2026-06-09T00:00:47,90.0,37.3,sensor2_serial,3,2,6,2,120,220,20.000,20.004,0,160,160,7.998240,SUCCESS,sigmoid,
2026-06-09T00:01:07,90.0,37.3,sensor2_serial,3,2,6,2,120,219,20.000,20.005,0,134,134,6.698219,SUCCESS,sigmoid,
2026-06-09T00:01:27,90.0,37.3,sensor2_serial,3,2,6,2,120,218,20.000,20.005,0,135,135,6.748170,SUCCESS,sigmoid,
2026-06-09T00:01:47,90.0,37.3,sensor2_serial,3,2,6,2,120,217,20.000,20.005,0,139,139,6.948137,SUCCESS,sigmoid,
2026-06-09T00:02:07,90.0,37.3,sensor2_serial,3,2,6,2,120,216,20.000,20.005,0,137,137,6.848424,SUCCESS,sigmoid,
2026-06-09T00:02:27,90.0,37.3,sensor2_serial,3,2,6,2,120,215,20.000,20.006,0,138,138,6.898044,SUCCESS,sigmoid,
2026-06-09T00:02:47,90.0,37.3,sensor2_serial,3,2,6,2,120,214,20.000,20.005,0,123,123,6.148613,SUCCESS,sigmoid,
2026-06-09T00:03:08,90.0,37.3,sensor2_serial,3,2,6,2,120,213,20.000,20.004,0,117,117,5.848739,SUCCESS,sigmoid,
2026-06-09T00:03:28,90.0,37.3,sensor2_serial,3,2,6,2,120,212,20.000,20.004,0,174,174,8.698196,SUCCESS,sigmoid,
2026-06-09T00:03:48,90.0,37.3,sensor2_serial,3,2,6,2,120,211,20.000,20.005,0,139,139,6.948357,SUCCESS,sigmoid,
2026-06-09T00:04:08,90.0,37.3,sensor2_serial,3,2,6,2,120,210,20.000,20.005,0,166,166,8.297860,SUCCESS,sigmoid,
2026-06-09T00:04:28,90.0,37.3,sensor2_serial,3,2,6,2,120,209,20.000,20.006,0,147,147,7.347857,SUCCESS,sigmoid,
2026-06-09T00:04:48,90.0,37.3,sensor2_serial,3,2,6,2,120,208,20.000,20.005,0,145,145,7.248366,SUCCESS,sigmoid,
2026-06-09T00:05:08,90.0,37.3,sensor2_serial,3,2,6,2,120,207,20.000,20.005,0,136,136,6.798399,SUCCESS,sigmoid,
2026-06-09T00:05:28,90.0,37.3,sensor2_serial,3,2,6,2,120,206,20.000,20.005,0,123,123,6.148543,SUCCESS,sigmoid,
2026-06-09T00:05:48,90.0,37.3,sensor2_serial,3,2,6,2,120,205,20.000,20.005,0,132,132,6.598369,SUCCESS,sigmoid,
2026-06-09T00:06:08,90.0,37.3,sensor2_serial,3,2,6,2,120,204,20.000,20.005,0,141,141,7.048369,SUCCESS,sigmoid,
2026-06-09T00:06:28,90.0,37.3,sensor2_serial,3,2,6,2,120,203,20.000,20.005,0,139,139,6.948235,SUCCESS,sigmoid,
2026-06-09T00:06:48,90.0,37.3,sensor2_serial,3,2,6,2,120,202,20.000,20.004,0,134,134,6.698507,SUCCESS,sigmoid,
2026-06-09T00:07:08,90.0,37.3,sensor2_serial,3,2,6,2,120,201,20.000,20.005,0,132,132,6.598279,SUCCESS,sigmoid,
2026-06-09T00:07:28,90.0,37.3,sensor2_serial,3,2,6,2,120,200,20.000,20.005,0,140,140,6.998385,SUCCESS,sigmoid,
2026-06-09T00:07:48,90.0,37.3,sensor2_serial,3,2,6,2,120,199,20.000,20.004,0,123,123,6.148624,SUCCESS,sigmoid,
2026-06-09T00:08:08,90.0,37.3,sensor2_serial,3,2,6,2,120,198,20.000,20.005,0,135,135,6.748202,SUCCESS,sigmoid,
2026-06-09T00:08:28,90.0,37.3,sensor2_serial,3,2,6,2,120,197,20.000,20.006,0,121,121,6.048317,SUCCESS,sigmoid,
2026-06-09T00:08:49,90.0,37.3,sensor2_serial,3,2,6,2,120,196,20.000,20.005,0,137,137,6.848443,SUCCESS,sigmoid,
2026-06-09T00:09:09,90.0,37.3,sensor2_serial,3,2,6,2,120,195,20.000,20.004,0,99,99,4.948969,SUCCESS,sigmoid,
2026-06-09T00:09:29,90.0,37.3,sensor2_serial,3,2,6,2,120,194,20.000,20.004,0,134,134,6.698523,SUCCESS,sigmoid,
2026-06-09T00:09:49,90.0,37.3,sensor2_serial,3,2,6,2,120,193,20.000,20.005,0,114,114,5.698473,SUCCESS,sigmoid,
2026-06-09T00:10:09,90.0,37.3,sensor2_serial,3,2,6,2,120,192,20.000,20.004,0,127,127,6.348628,SUCCESS,sigmoid,
2026-06-09T00:10:29,90.0,37.3,sensor2_serial,3,2,6,2,120,191,20.000,20.005,0,123,123,6.148568,SUCCESS,sigmoid,
2026-06-09T00:10:49,90.0,37.3,sensor2_serial,3,2,6,2,120,190,20.000,20.005,0,105,105,5.248619,SUCCESS,sigmoid,
2026-06-09T00:11:09,90.0,37.3,sensor2_serial,3,2,6,2,120,189,20.000,20.005,0,122,122,6.098482,SUCCESS,sigmoid,
2026-06-09T00:11:29,90.0,37.3,sensor2_serial,3,2,6,2,120,188,20.000,20.004,0,118,118,5.898682,SUCCESS,sigmoid,
2026-06-09T00:11:49,90.0,37.3,sensor2_serial,3,2,6,2,120,187,20.000,20.005,0,90,90,4.498975,SUCCESS,sigmoid,
2026-06-09T00:12:09,90.0,37.3,sensor2_serial,3,2,6,2,120,186,20.000,20.005,0,115,115,5.748692,SUCCESS,sigmoid,
2026-06-09T00:12:29,90.0,37.3,sensor2_serial,3,2,6,2,120,185,20.000,20.005,0,94,94,4.698809,SUCCESS,sigmoid,
2026-06-09T00:12:49,90.0,37.3,sensor2_serial,3,2,6,2,120,184,20.000,20.006,0,116,116,5.798354,SUCCESS,sigmoid,
2026-06-09T00:13:09,90.0,37.3,sensor2_serial,3,2,6,2,120,183,20.000,20.004,0,86,86,4.299121,SUCCESS,sigmoid,
2026-06-09T00:13:29,90.0,37.3,sensor2_serial,3,2,6,2,120,182,20.000,20.006,0,114,114,5.698419,SUCCESS,sigmoid,
2026-06-09T00:13:49,90.0,37.3,sensor2_serial,3,2,6,2,120,181,20.000,20.005,0,93,93,4.648873,SUCCESS,sigmoid,
2026-06-09T00:14:09,90.0,37.3,sensor2_serial,3,2,6,2,120,180,20.000,20.005,0,111,111,5.548736,SUCCESS,sigmoid,
2026-06-09T00:14:30,90.0,37.3,sensor2_serial,3,2,6,2,120,179,20.000,20.005,0,83,83,4.149020,SUCCESS,sigmoid,
2026-06-09T00:14:50,90.0,37.3,sensor2_serial,3,2,6,2,120,178,20.000,20.004,0,95,95,4.748948,SUCCESS,sigmoid,
2026-06-09T00:15:10,90.0,37.3,sensor2_serial,3,2,6,2,120,177,20.000,20.005,0,93,93,4.648881,SUCCESS,sigmoid,
2026-06-09T00:15:30,90.0,37.3,sensor2_serial,3,2,6,2,120,176,20.000,20.005,0,87,87,4.349010,SUCCESS,sigmoid,
2026-06-09T00:15:50,90.0,37.3,sensor2_serial,3,2,6,2,120,175,20.000,20.004,0,69,69,3.449258,SUCCESS,sigmoid,
2026-06-09T00:16:10,90.0,37.3,sensor2_serial,3,2,6,2,120,174,20.000,20.005,0,66,66,3.299256,SUCCESS,sigmoid,
2026-06-09T00:16:30,90.0,37.3,sensor2_serial,3,2,6,2,120,173,20.000,20.005,0,67,67,3.349098,SUCCESS,sigmoid,
2026-06-09T00:16:50,90.0,37.3,sensor2_serial,3,2,6,2,120,172,20.000,20.004,0,62,62,3.099331,SUCCESS,sigmoid,
2026-06-09T00:17:10,90.0,37.3,sensor2_serial,3,2,6,2,120,171,20.000,20.004,0,48,48,2.399481,SUCCESS,sigmoid,
2026-06-09T00:17:30,90.0,37.3,sensor2_serial,3,2,6,2,120,170,20.000,20.005,0,75,75,3.749108,SUCCESS,sigmoid,
2026-06-09T00:17:50,90.0,37.3,sensor2_serial,3,2,6,2,120,169,20.000,20.004,0,58,58,2.899360,SUCCESS,sigmoid,
2026-06-09T00:18:10,90.0,37.3,sensor2_serial,3,2,6,2,120,168,20.000,20.005,0,51,51,2.549374,SUCCESS,sigmoid,
2026-06-09T00:18:30,90.0,37.3,sensor2_serial,3,2,6,2,120,167,20.000,20.005,0,55,55,2.749257,SUCCESS,sigmoid,
2026-06-09T00:18:50,90.0,37.3,sensor2_serial,3,2,6,2,120,166,20.000,20.005,0,60,60,2.999324,SUCCESS,sigmoid,
2026-06-09T00:19:10,90.0,37.3,sensor2_serial,3,2,6,2,120,165,20.000,20.005,0,44,44,2.199415,SUCCESS,sigmoid,
2026-06-09T00:19:30,90.0,37.3,sensor2_serial,3,2,6,2,120,164,20.000,20.004,0,33,33,1.649659,SUCCESS,sigmoid,
2026-06-09T00:19:50,90.0,37.3,sensor2_serial,3,2,6,2,120,163,20.000,20.004,0,35,35,1.749645,SUCCESS,sigmoid,
2026-06-09T00:20:11,90.0,37.3,sensor2_serial,3,2,6,2,120,162,20.000,20.005,0,38,38,1.899563,SUCCESS,sigmoid,
2026-06-09T00:20:31,90.0,37.3,sensor2_serial,3,2,6,2,120,161,20.000,20.004,0,34,34,1.699637,SUCCESS,sigmoid,
2026-06-09T00:20:51,90.0,37.3,sensor2_serial,3,2,6,2,120,160,20.000,20.005,0,27,27,1.349685,SUCCESS,sigmoid,
2026-06-09T00:21:11,90.0,37.3,sensor2_serial,3,2,6,2,120,159,20.000,20.004,0,28,28,1.399702,SUCCESS,sigmoid,
2026-06-09T00:21:31,90.0,37.3,sensor2_serial,3,2,6,2,120,158,20.000,20.005,0,21,21,1.049750,SUCCESS,sigmoid,
2026-06-09T00:21:51,90.0,37.3,sensor2_serial,3,2,6,2,120,157,20.000,20.004,0,21,21,1.049774,SUCCESS,sigmoid,
2026-06-09T00:22:11,90.0,37.3,sensor2_serial,3,2,6,2,120,156,20.000,20.005,0,18,18,0.899795,SUCCESS,sigmoid,
2026-06-09T00:22:31,90.0,37.3,sensor2_serial,3,2,6,2,120,155,20.000,20.005,0,23,23,1.149704,SUCCESS,sigmoid,
2026-06-09T00:22:51,90.0,37.3,sensor2_serial,3,2,6,2,120,154,20.000,20.004,0,12,12,0.599873,SUCCESS,sigmoid,
2026-06-09T00:23:11,90.0,37.3,sensor2_serial,3,2,6,2,120,153,20.000,20.005,0,21,21,1.049740,SUCCESS,sigmoid,
2026-06-09T00:23:31,90.0,37.3,sensor2_serial,3,2,6,2,120,152,20.000,20.005,0,18,18,0.899791,SUCCESS,sigmoid,
2026-06-09T00:23:51,90.0,37.3,sensor2_serial,3,2,6,2,120,151,20.000,20.004,0,13,13,0.649867,SUCCESS,sigmoid,
2026-06-09T00:24:11,90.0,37.3,sensor2_serial,3,2,6,2,120,150,20.000,20.004,0,11,11,0.549880,SUCCESS,sigmoid,
2026-06-09T00:24:31,90.0,37.3,sensor2_serial,3,2,6,2,120,149,20.000,20.005,0,14,14,0.699814,SUCCESS,sigmoid,
2026-06-09T00:24:51,90.0,37.3,sensor2_serial,3,2,6,2,120,148,20.000,20.005,0,8,8,0.399905,SUCCESS,sigmoid,
2026-06-09T00:25:11,90.0,37.3,sensor2_serial,3,2,6,2,120,147,20.000,20.004,0,9,9,0.449905,SUCCESS,sigmoid,
2026-06-09T00:25:31,90.0,37.3,sensor2_serial,3,2,6,2,120,146,20.000,20.004,0,4,4,0.199957,SUCCESS,sigmoid,
2026-06-09T00:25:52,90.0,37.3,sensor2_serial,3,2,6,2,120,145,20.000,20.004,0,2,2,0.099979,SUCCESS,sigmoid,
2026-06-09T00:26:12,90.0,37.3,sensor2_serial,3,2,6,2,120,144,20.000,20.004,0,6,6,0.299933,SUCCESS,sigmoid,
2026-06-09T00:26:32,90.0,37.3,sensor2_serial,3,2,6,2,120,143,20.000,20.005,0,4,4,0.199953,SUCCESS,sigmoid,
2026-06-09T00:26:52,90.0,37.3,sensor2_serial,3,2,6,2,120,142,20.000,20.005,0,1,1,0.049989,SUCCESS,sigmoid,
2026-06-09T00:27:12,90.0,37.3,sensor2_serial,3,2,6,2,120,141,20.000,20.005,0,3,3,0.149965,SUCCESS,sigmoid,
2026-06-09T00:27:32,90.0,37.3,sensor2_serial,3,2,6,2,120,140,20.000,20.004,0,3,3,0.149967,SUCCESS,sigmoid,
2026-06-09T00:27:52,90.0,37.3,sensor2_serial,3,2,6,2,120,139,20.000,20.005,0,1,1,0.049988,SUCCESS,sigmoid,
2026-06-09T00:28:12,90.0,37.3,sensor2_serial,3,2,6,2,120,138,20.000,20.005,0,2,2,0.099974,SUCCESS,sigmoid,
2026-06-09T00:28:32,90.0,37.3,sensor2_serial,3,2,6,2,120,137,20.000,20.004,0,1,1,0.049989,SUCCESS,sigmoid,
2026-06-09T00:28:52,90.0,37.3,sensor2_serial,3,2,6,2,120,136,20.000,20.005,0,3,3,0.149961,SUCCESS,sigmoid,
2026-06-09T00:29:12,90.0,37.3,sensor2_serial,3,2,6,2,120,135,20.000,20.005,0,1,1,0.049988,SUCCESS,sigmoid,
2026-06-09T00:29:32,90.0,37.3,sensor2_serial,3,2,6,2,120,134,20.000,20.004,0,0,0,0.000000,SUCCESS,sigmoid,
2026-06-09T00:29:52,90.0,37.3,sensor2_serial,3,2,6,2,120,133,20.000,20.005,0,0,0,0.000000,SUCCESS,sigmoid,
2026-06-09T00:30:12,90.0,37.3,sensor2_serial,3,2,6,2,120,132,20.000,20.005,0,0,0,0.000000,SUCCESS,sigmoid,
2026-06-09T00:30:32,90.0,37.3,sensor2_serial,3,2,6,2,120,131,20.000,20.004,0,0,0,0.000000,SUCCESS,sigmoid,
2026-06-09T00:30:52,90.0,37.3,sensor2_serial,3,2,6,2,120,130,20.000,20.005,0,0,0,0.000000,SUCCESS,sigmoid,
2026-06-09T00:31:12,90.0,37.3,sensor2_serial,3,2,6,2,120,129,20.000,20.004,0,0,0,0.000000,SUCCESS,sigmoid,
2026-06-09T00:31:33,90.0,37.3,sensor2_serial,3,2,6,2,120,128,20.000,20.004,0,0,0,0.000000,SUCCESS,sigmoid,
2026-06-09T00:31:53,90.0,37.3,sensor2_serial,3,2,6,2,120,127,20.000,20.005,0,1,1,0.049989,SUCCESS,sigmoid,
2026-06-09T00:32:13,90.0,37.3,sensor2_serial,3,2,6,2,120,126,20.000,20.004,0,0,0,0.000000,SUCCESS,sigmoid,
2026-06-09T00:32:33,90.0,37.3,sensor2_serial,3,2,6,2,120,125,20.000,20.005,0,0,0,0.000000,SUCCESS,sigmoid,
2026-06-09T00:32:53,90.0,37.3,sensor2_serial,3,2,6,2,120,124,20.000,20.005,0,0,0,0.000000,SUCCESS,sigmoid,
2026-06-09T00:33:13,90.0,37.3,sensor2_serial,3,2,6,2,120,123,20.000,20.004,0,0,0,0.000000,SUCCESS,sigmoid,
2026-06-09T00:33:33,90.0,37.3,sensor2_serial,3,2,6,2,120,122,20.000,20.004,0,0,0,0.000000,SUCCESS,sigmoid,
2026-06-09T00:33:53,90.0,37.3,sensor2_serial,3,2,6,2,120,121,20.000,20.004,0,0,0,0.000000,SUCCESS,sigmoid,
2026-06-09T00:34:13,90.0,37.3,sensor2_serial,3,2,6,2,120,120,20.000,20.005,0,0,0,0.000000,SUCCESS,sigmoid,
2026-06-09T00:34:33,90.0,37.3,sensor2_serial,3,2,6,2,120,119,20.000,20.005,0,0,0,0.000000,SUCCESS,sigmoid,
2026-06-09T00:34:53,90.0,37.3,sensor2_serial,3,2,6,2,120,118,20.000,20.005,0,0,0,0.000000,SUCCESS,sigmoid,
2026-06-09T00:35:13,90.0,37.3,sensor2_serial,3,2,6,2,120,117,20.000,20.004,0,0,0,0.000000,SUCCESS,sigmoid,
2026-06-09T00:35:33,90.0,37.3,sensor2_serial,3,2,6,2,120,116,20.000,20.005,0,0,0,0.000000,SUCCESS,sigmoid,
2026-06-09T00:35:53,90.0,37.3,sensor2_serial,3,2,6,2,120,115,20.000,20.005,0,0,0,0.000000,SUCCESS,sigmoid,
2026-06-09T00:36:13,90.0,37.3,sensor2_serial,3,2,6,2,120,114,20.000,20.004,0,0,0,0.000000,SUCCESS,sigmoid,
2026-06-09T00:36:33,90.0,37.3,sensor2_serial,3,2,6,2,120,113,20.000,20.005,0,0,0,0.000000,SUCCESS,sigmoid,
2026-06-09T00:36:54,90.0,37.3,sensor2_serial,3,2,6,2,120,112,20.000,20.005,0,0,0,0.000000,SUCCESS,sigmoid,
2026-06-09T00:37:14,90.0,37.3,sensor2_serial,3,2,6,2,120,111,20.000,20.005,0,0,0,0.000000,SUCCESS,sigmoid,
2026-06-09T00:37:34,90.0,37.3,sensor2_serial,3,2,6,2,120,110,20.000,20.005,0,0,0,0.000000,SUCCESS,sigmoid,
2026-06-09T00:37:54,90.0,37.3,sensor2_serial,3,2,6,2,120,109,20.000,20.005,0,0,0,0.000000,SUCCESS,sigmoid,
2026-06-09T00:38:14,90.0,37.3,sensor2_serial,3,2,6,2,120,108,20.000,20.004,0,0,0,0.000000,SUCCESS,sigmoid,
2026-06-09T00:38:34,90.0,37.3,sensor2_serial,3,2,6,2,120,107,20.000,20.005,0,0,0,0.000000,SUCCESS,sigmoid,
2026-06-09T00:39:08,91.0,36.3,sensor2_serial,3,0,4,0,120,255,20.000,20.005,0,3660019,3660019,182952.089979,SUCCESS,sigmoid,
2026-06-09T00:39:28,91.0,36.3,sensor2_serial,3,0,4,0,120,254,20.000,20.005,0,3477092,3477092,173808.894558,SUCCESS,sigmoid,
2026-06-09T00:39:48,91.0,36.3,sensor2_serial,3,0,4,0,120,253,20.000,20.006,0,2897071,2897071,144811.532150,SUCCESS,sigmoid,
2026-06-09T00:40:08,91.0,36.3,sensor2_serial,3,0,4,0,120,252,20.000,20.005,0,2124047,2124047,106175.023431,SUCCESS,sigmoid,
2026-06-09T00:40:28,91.0,36.3,sensor2_serial,3,0,4,0,120,251,20.000,20.006,0,1281526,1281526,64057.773617,SUCCESS,sigmoid,
2026-06-09T00:40:48,91.0,36.3,sensor2_serial,3,0,4,0,120,250,20.000,20.005,0,692200,692200,34600.689261,SUCCESS,sigmoid,
2026-06-09T00:41:08,91.0,36.3,sensor2_serial,3,0,4,0,120,249,20.000,20.005,0,368277,368277,18409.189003,SUCCESS,sigmoid,
2026-06-09T00:41:28,91.0,36.3,sensor2_serial,3,0,4,0,120,248,20.000,20.005,0,163722,163722,8183.913586,SUCCESS,sigmoid,
2026-06-09T00:41:48,91.0,36.3,sensor2_serial,3,0,4,0,120,247,20.000,20.006,0,82010,82010,4099.359368,SUCCESS,sigmoid,
2026-06-09T00:42:08,91.0,36.3,sensor2_serial,3,0,4,0,120,246,20.000,20.005,0,30876,30876,1543.391366,SUCCESS,sigmoid,
2026-06-09T00:42:28,91.0,36.3,sensor2_serial,3,0,4,0,120,245,20.000,20.005,0,30911,30911,1545.161822,SUCCESS,sigmoid,
2026-06-09T00:42:49,91.0,36.3,sensor2_serial,3,0,4,0,120,244,20.000,20.005,0,14194,14194,709.517846,SUCCESS,sigmoid,
2026-06-09T00:43:09,91.0,36.3,sensor2_serial,3,0,4,0,120,243,20.000,20.005,0,5716,5716,285.727844,SUCCESS,sigmoid,
2026-06-09T00:43:29,91.0,36.3,sensor2_serial,3,0,4,0,120,242,20.000,20.005,0,2324,2324,116.169972,SUCCESS,sigmoid,
2026-06-09T00:43:49,91.0,36.3,sensor2_serial,3,0,4,0,120,241,20.000,20.005,0,895,895,44.739239,SUCCESS,sigmoid,
2026-06-09T00:44:09,91.0,36.3,sensor2_serial,3,0,4,0,120,240,20.000,20.004,0,461,461,23.044885,SUCCESS,sigmoid,
2026-06-09T00:44:29,91.0,36.3,sensor2_serial,3,0,4,0,120,239,20.000,20.004,0,247,247,12.347240,SUCCESS,sigmoid,
2026-06-09T00:44:49,91.0,36.3,sensor2_serial,3,0,4,0,120,238,20.000,20.005,0,217,217,10.847401,SUCCESS,sigmoid,
2026-06-09T00:45:09,91.0,36.3,sensor2_serial,3,0,4,0,120,237,20.000,20.005,0,229,229,11.447307,SUCCESS,sigmoid,
2026-06-09T00:45:29,91.0,36.3,sensor2_serial,3,0,4,0,120,236,20.000,20.005,0,178,178,8.897905,SUCCESS,sigmoid,
2026-06-09T00:45:49,91.0,36.3,sensor2_serial,3,0,4,0,120,235,20.000,20.005,0,161,161,8.048121,SUCCESS,sigmoid,
2026-06-09T00:46:09,91.0,36.3,sensor2_serial,3,0,4,0,120,234,20.000,20.005,0,177,177,8.847980,SUCCESS,sigmoid,
2026-06-09T00:46:29,91.0,36.3,sensor2_serial,3,0,4,0,120,233,20.000,20.005,0,169,169,8.447968,SUCCESS,sigmoid,
2026-06-09T00:46:49,91.0,36.3,sensor2_serial,3,0,4,0,120,232,20.000,20.005,0,168,168,8.398072,SUCCESS,sigmoid,
2026-06-09T00:47:09,91.0,36.3,sensor2_serial,3,0,4,0,120,231,20.000,20.005,0,175,175,8.747636,SUCCESS,sigmoid,
2026-06-09T00:47:29,91.0,36.3,sensor2_serial,3,0,4,0,120,230,20.000,20.005,0,165,165,8.248138,SUCCESS,sigmoid,
2026-06-09T00:47:49,91.0,36.3,sensor2_serial,3,0,4,0,120,229,20.000,20.004,0,167,167,8.348172,SUCCESS,sigmoid,
2026-06-09T00:48:09,91.0,36.3,sensor2_serial,3,0,4,0,120,228,20.000,20.004,0,176,176,8.798186,SUCCESS,sigmoid,
2026-06-09T00:48:30,91.0,36.3,sensor2_serial,3,0,4,0,120,227,20.000,20.005,0,161,161,8.048178,SUCCESS,sigmoid,
2026-06-09T00:48:50,91.0,36.3,sensor2_serial,3,0,4,0,120,226,20.000,20.005,0,160,160,7.998016,SUCCESS,sigmoid,
2026-06-09T00:49:10,91.0,36.3,sensor2_serial,3,0,4,0,120,225,20.000,20.005,0,155,155,7.747909,SUCCESS,sigmoid,
2026-06-09T00:49:30,91.0,36.3,sensor2_serial,3,0,4,0,120,224,20.000,20.004,0,163,163,8.148170,SUCCESS,sigmoid,
2026-06-09T00:49:50,91.0,36.3,sensor2_serial,3,0,4,0,120,223,20.000,20.004,0,169,169,8.448120,SUCCESS,sigmoid,
2026-06-09T00:50:10,91.0,36.3,sensor2_serial,3,0,4,0,120,222,20.000,20.005,0,160,160,7.998012,SUCCESS,sigmoid,
2026-06-09T00:50:30,91.0,36.3,sensor2_serial,3,0,4,0,120,221,20.000,20.005,0,161,161,8.047797,SUCCESS,sigmoid,
2026-06-09T00:50:50,91.0,36.3,sensor2_serial,3,0,4,0,120,220,20.000,20.005,0,176,176,8.797982,SUCCESS,sigmoid,
2026-06-09T00:51:10,91.0,36.3,sensor2_serial,3,0,4,0,120,219,20.000,20.004,0,168,168,8.398288,SUCCESS,sigmoid,
2026-06-09T00:51:30,91.0,36.3,sensor2_serial,3,0,4,0,120,218,20.000,20.005,0,139,139,6.948386,SUCCESS,sigmoid,
2026-06-09T00:51:50,91.0,36.3,sensor2_serial,3,0,4,0,120,217,20.000,20.005,0,169,169,8.448011,SUCCESS,sigmoid,
2026-06-09T00:52:10,91.0,36.3,sensor2_serial,3,0,4,0,120,216,20.000,20.005,0,151,151,7.547943,SUCCESS,sigmoid,
2026-06-09T00:52:30,91.0,36.3,sensor2_serial,3,0,4,0,120,215,20.000,20.004,0,149,149,7.448340,SUCCESS,sigmoid,
2026-06-09T00:52:50,91.0,36.3,sensor2_serial,3,0,4,0,120,214,20.000,20.005,0,140,140,6.998144,SUCCESS,sigmoid,
2026-06-09T00:53:10,91.0,36.3,sensor2_serial,3,0,4,0,120,213,20.000,20.004,0,154,154,7.698304,SUCCESS,sigmoid,
2026-06-09T00:53:30,91.0,36.3,sensor2_serial,3,0,4,0,120,212,20.000,20.005,0,158,158,7.898124,SUCCESS,sigmoid,
2026-06-09T00:53:50,91.0,36.3,sensor2_serial,3,0,4,0,120,211,20.000,20.005,0,149,149,7.448232,SUCCESS,sigmoid,
2026-06-09T00:54:11,91.0,36.3,sensor2_serial,3,0,4,0,120,210,20.000,20.004,0,149,149,7.448354,SUCCESS,sigmoid,
2026-06-09T00:54:31,91.0,36.3,sensor2_serial,3,0,4,0,120,209,20.000,20.005,0,159,159,7.948196,SUCCESS,sigmoid,
2026-06-09T00:54:51,91.0,36.3,sensor2_serial,3,0,4,0,120,208,20.000,20.004,0,161,161,8.048308,SUCCESS,sigmoid,
2026-06-09T00:55:11,91.0,36.3,sensor2_serial,3,0,4,0,120,207,20.000,20.004,0,149,149,7.448382,SUCCESS,sigmoid,
2026-06-09T00:55:31,91.0,36.3,sensor2_serial,3,0,4,0,120,206,20.000,20.004,0,141,141,7.048425,SUCCESS,sigmoid,
2026-06-09T00:55:51,91.0,36.3,sensor2_serial,3,0,4,0,120,205,20.000,20.005,0,156,156,7.798171,SUCCESS,sigmoid,
2026-06-09T00:56:11,91.0,36.3,sensor2_serial,3,0,4,0,120,204,20.000,20.005,0,132,132,6.598512,SUCCESS,sigmoid,
2026-06-09T00:56:31,91.0,36.3,sensor2_serial,3,0,4,0,120,203,20.000,20.004,0,134,134,6.698594,SUCCESS,sigmoid,
2026-06-09T00:56:51,91.0,36.3,sensor2_serial,3,0,4,0,120,202,20.000,20.005,0,161,161,8.048158,SUCCESS,sigmoid,
2026-06-09T00:57:11,91.0,36.3,sensor2_serial,3,0,4,0,120,201,20.000,20.005,0,135,135,6.748159,SUCCESS,sigmoid,
2026-06-09T00:57:31,91.0,36.3,sensor2_serial,3,0,4,0,120,200,20.000,20.005,0,133,133,6.648270,SUCCESS,sigmoid,
2026-06-09T00:57:51,91.0,36.3,sensor2_serial,3,0,4,0,120,199,20.000,20.004,0,158,158,7.898232,SUCCESS,sigmoid,
2026-06-09T00:58:11,91.0,36.3,sensor2_serial,3,0,4,0,120,198,20.000,20.004,0,158,158,7.898240,SUCCESS,sigmoid,
2026-06-09T00:58:31,91.0,36.3,sensor2_serial,3,0,4,0,120,197,20.000,20.004,0,133,133,6.648564,SUCCESS,sigmoid,
2026-06-09T00:58:51,91.0,36.3,sensor2_serial,3,0,4,0,120,196,20.000,20.004,0,148,148,7.398423,SUCCESS,sigmoid,
2026-06-09T00:59:11,91.0,36.3,sensor2_serial,3,0,4,0,120,195,20.000,20.005,0,123,123,6.148376,SUCCESS,sigmoid,
2026-06-09T00:59:32,91.0,36.3,sensor2_serial,3,0,4,0,120,194,20.000,20.005,0,143,143,7.148229,SUCCESS,sigmoid,
2026-06-09T00:59:52,91.0,36.3,sensor2_serial,3,0,4,0,120,193,20.000,20.005,0,132,132,6.598186,SUCCESS,sigmoid,
2026-06-09T01:00:12,91.0,36.3,sensor2_serial,3,0,4,0,120,192,20.000,20.005,0,144,144,7.198086,SUCCESS,sigmoid,
2026-06-09T01:00:32,91.0,36.3,sensor2_serial,3,0,4,0,120,191,20.000,20.004,0,147,147,7.348404,SUCCESS,sigmoid,
2026-06-09T01:00:52,91.0,36.3,sensor2_serial,3,0,4,0,120,190,20.000,20.005,0,154,154,7.697957,SUCCESS,sigmoid,
2026-06-09T01:01:12,91.0,36.3,sensor2_serial,3,0,4,0,120,189,20.000,20.005,0,133,133,6.648282,SUCCESS,sigmoid,
2026-06-09T01:01:32,91.0,36.3,sensor2_serial,3,0,4,0,120,188,20.000,20.006,0,147,147,7.347927,SUCCESS,sigmoid,
2026-06-09T01:01:52,91.0,36.3,sensor2_serial,3,0,4,0,120,187,20.000,20.005,0,145,145,7.248293,SUCCESS,sigmoid,
2026-06-09T01:02:12,91.0,36.3,sensor2_serial,3,0,4,0,120,186,20.000,20.005,0,119,119,5.948446,SUCCESS,sigmoid,
2026-06-09T01:02:32,91.0,36.3,sensor2_serial,3,0,4,0,120,185,20.000,20.006,0,138,138,6.898048,SUCCESS,sigmoid,
2026-06-09T01:02:52,91.0,36.3,sensor2_serial,3,0,4,0,120,184,20.000,20.005,0,126,126,6.298292,SUCCESS,sigmoid,
2026-06-09T01:03:12,91.0,36.3,sensor2_serial,3,0,4,0,120,183,20.000,20.004,0,132,132,6.598592,SUCCESS,sigmoid,
2026-06-09T01:03:32,91.0,36.3,sensor2_serial,3,0,4,0,120,182,20.000,20.005,0,125,125,6.248326,SUCCESS,sigmoid,
2026-06-09T01:03:52,91.0,36.3,sensor2_serial,3,0,4,0,120,181,20.000,20.005,0,118,118,5.898484,SUCCESS,sigmoid,
2026-06-09T01:04:12,91.0,36.3,sensor2_serial,3,0,4,0,120,180,20.000,20.005,0,120,120,5.998590,SUCCESS,sigmoid,
2026-06-09T01:04:32,91.0,36.3,sensor2_serial,3,0,4,0,120,179,20.000,20.005,0,115,115,5.748483,SUCCESS,sigmoid,
2026-06-09T01:04:52,91.0,36.3,sensor2_serial,3,0,4,0,120,178,20.000,20.005,0,126,126,6.298549,SUCCESS,sigmoid,
2026-06-09T01:05:13,91.0,36.3,sensor2_serial,3,0,4,0,120,177,20.000,20.004,0,125,125,6.248717,SUCCESS,sigmoid,
2026-06-09T01:05:33,91.0,36.3,sensor2_serial,3,0,4,0,120,176,20.000,20.005,0,128,128,6.398512,SUCCESS,sigmoid,
2026-06-09T01:05:53,91.0,36.3,sensor2_serial,3,0,4,0,120,175,20.000,20.005,0,118,118,5.898664,SUCCESS,sigmoid,
2026-06-09T01:06:13,91.0,36.3,sensor2_serial,3,0,4,0,120,174,20.000,20.005,0,114,114,5.698690,SUCCESS,sigmoid,
2026-06-09T01:06:33,91.0,36.3,sensor2_serial,3,0,4,0,120,173,20.000,20.006,0,99,99,4.948621,SUCCESS,sigmoid,
2026-06-09T01:06:53,91.0,36.3,sensor2_serial,3,0,4,0,120,172,20.000,20.005,0,111,111,5.548731,SUCCESS,sigmoid,
2026-06-09T01:07:13,91.0,36.3,sensor2_serial,3,0,4,0,120,171,20.000,20.006,0,106,106,5.298540,SUCCESS,sigmoid,
2026-06-09T01:07:33,91.0,36.3,sensor2_serial,3,0,4,0,120,170,20.000,20.005,0,87,87,4.348850,SUCCESS,sigmoid,
2026-06-09T01:07:53,91.0,36.3,sensor2_serial,3,0,4,0,120,169,20.000,20.005,0,102,102,5.098605,SUCCESS,sigmoid,
2026-06-09T01:08:13,91.0,36.3,sensor2_serial,3,0,4,0,120,168,20.000,20.005,0,104,104,5.198597,SUCCESS,sigmoid,
2026-06-09T01:08:33,91.0,36.3,sensor2_serial,3,0,4,0,120,167,20.000,20.005,0,100,100,4.998743,SUCCESS,sigmoid,
2026-06-09T01:08:53,91.0,36.3,sensor2_serial,3,0,4,0,120,166,20.000,20.005,0,97,97,4.848760,SUCCESS,sigmoid,
2026-06-09T01:09:13,91.0,36.3,sensor2_serial,3,0,4,0,120,165,20.000,20.005,0,100,100,4.998863,SUCCESS,sigmoid,
2026-06-09T01:09:33,91.0,36.3,sensor2_serial,3,0,4,0,120,164,20.000,20.004,0,82,82,4.099081,SUCCESS,sigmoid,
2026-06-09T01:09:53,91.0,36.3,sensor2_serial,3,0,4,0,120,163,20.000,20.005,0,80,80,3.998960,SUCCESS,sigmoid,
2026-06-09T01:10:13,91.0,36.3,sensor2_serial,3,0,4,0,120,162,20.000,20.005,0,85,85,4.248928,SUCCESS,sigmoid,
2026-06-09T01:10:33,91.0,36.3,sensor2_serial,3,0,4,0,120,161,20.000,20.004,0,78,78,3.899166,SUCCESS,sigmoid,
2026-06-09T01:10:54,91.0,36.3,sensor2_serial,3,0,4,0,120,160,20.000,20.005,0,79,79,3.949031,SUCCESS,sigmoid,
2026-06-09T01:11:14,91.0,36.3,sensor2_serial,3,0,4,0,120,159,20.000,20.005,0,93,93,4.648821,SUCCESS,sigmoid,
2026-06-09T01:11:34,91.0,36.3,sensor2_serial,3,0,4,0,120,158,20.000,20.005,0,61,61,3.049271,SUCCESS,sigmoid,
2026-06-09T01:11:54,91.0,36.3,sensor2_serial,3,0,4,0,120,157,20.000,20.004,0,67,67,3.349308,SUCCESS,sigmoid,
2026-06-09T01:12:14,91.0,36.3,sensor2_serial,3,0,4,0,120,156,20.000,20.004,0,60,60,2.999340,SUCCESS,sigmoid,
2026-06-09T01:12:34,91.0,36.3,sensor2_serial,3,0,4,0,120,155,20.000,20.005,0,50,50,2.499424,SUCCESS,sigmoid,
2026-06-09T01:12:54,91.0,36.3,sensor2_serial,3,0,4,0,120,154,20.000,20.004,0,41,41,2.049552,SUCCESS,sigmoid,
2026-06-09T01:13:14,91.0,36.3,sensor2_serial,3,0,4,0,120,153,20.000,20.005,0,47,47,2.349383,SUCCESS,sigmoid,
2026-06-09T01:13:34,91.0,36.3,sensor2_serial,3,0,4,0,120,152,20.000,20.005,0,45,45,2.249475,SUCCESS,sigmoid,
2026-06-09T01:13:54,91.0,36.3,sensor2_serial,3,0,4,0,120,151,20.000,20.005,0,44,44,2.199433,SUCCESS,sigmoid,
2026-06-09T01:14:14,91.0,36.3,sensor2_serial,3,0,4,0,120,150,20.000,20.005,0,44,44,2.199437,SUCCESS,sigmoid,
2026-06-09T01:14:34,91.0,36.3,sensor2_serial,3,0,4,0,120,149,20.000,20.004,0,56,56,2.799387,SUCCESS,sigmoid,
2026-06-09T01:14:54,91.0,36.3,sensor2_serial,3,0,4,0,120,148,20.000,20.005,0,33,33,1.649608,SUCCESS,sigmoid,
2026-06-09T01:15:14,91.0,36.3,sensor2_serial,3,0,4,0,120,147,20.000,20.004,0,38,38,1.899587,SUCCESS,sigmoid,
2026-06-09T01:15:34,91.0,36.3,sensor2_serial,3,0,4,0,120,146,20.000,20.004,0,30,30,1.499676,SUCCESS,sigmoid,
2026-06-09T01:15:54,91.0,36.3,sensor2_serial,3,0,4,0,120,145,20.000,20.005,0,18,18,0.899794,SUCCESS,sigmoid,
2026-06-09T01:16:14,91.0,36.3,sensor2_serial,3,0,4,0,120,144,20.000,20.005,0,23,23,1.149697,SUCCESS,sigmoid,
2026-06-09T01:16:35,91.0,36.3,sensor2_serial,3,0,4,0,120,143,20.000,20.004,0,33,33,1.649632,SUCCESS,sigmoid,
2026-06-09T01:16:55,91.0,36.3,sensor2_serial,3,0,4,0,120,142,20.000,20.005,0,19,19,0.949779,SUCCESS,sigmoid,
2026-06-09T01:17:15,91.0,36.3,sensor2_serial,3,0,4,0,120,141,20.000,20.005,0,17,17,0.849801,SUCCESS,sigmoid,
2026-06-09T01:17:35,91.0,36.3,sensor2_serial,3,0,4,0,120,140,20.000,20.005,0,17,17,0.849776,SUCCESS,sigmoid,
2026-06-09T01:17:55,91.0,36.3,sensor2_serial,3,0,4,0,120,139,20.000,20.004,0,22,22,1.099768,SUCCESS,sigmoid,
2026-06-09T01:18:15,91.0,36.3,sensor2_serial,3,0,4,0,120,138,20.000,20.005,0,15,15,0.749804,SUCCESS,sigmoid,
2026-06-09T01:18:35,91.0,36.3,sensor2_serial,3,0,4,0,120,137,20.000,20.005,0,8,8,0.399909,SUCCESS,sigmoid,
2026-06-09T01:18:55,91.0,36.3,sensor2_serial,3,0,4,0,120,136,20.000,20.005,0,7,7,0.349914,SUCCESS,sigmoid,
2026-06-09T01:19:15,91.0,36.3,sensor2_serial,3,0,4,0,120,135,20.000,20.005,0,7,7,0.349915,SUCCESS,sigmoid,
2026-06-09T01:19:35,91.0,36.3,sensor2_serial,3,0,4,0,120,134,20.000,20.004,0,7,7,0.349922,SUCCESS,sigmoid,
2026-06-09T01:19:55,91.0,36.3,sensor2_serial,3,0,4,0,120,133,20.000,20.004,0,5,5,0.249950,SUCCESS,sigmoid,
2026-06-09T01:20:15,91.0,36.3,sensor2_serial,3,0,4,0,120,132,20.000,20.005,0,6,6,0.299930,SUCCESS,sigmoid,
2026-06-09T01:20:35,91.0,36.3,sensor2_serial,3,0,4,0,120,131,20.000,20.004,0,3,3,0.149967,SUCCESS,sigmoid,
2026-06-09T01:20:55,91.0,36.3,sensor2_serial,3,0,4,0,120,130,20.000,20.005,0,2,2,0.099976,SUCCESS,sigmoid,
2026-06-09T01:21:15,91.0,36.3,sensor2_serial,3,0,4,0,120,129,20.000,20.004,0,2,2,0.099979,SUCCESS,sigmoid,
2026-06-09T01:21:35,91.0,36.3,sensor2_serial,3,0,4,0,120,128,20.000,20.005,0,2,2,0.099975,SUCCESS,sigmoid,
2026-06-09T01:21:55,91.0,36.3,sensor2_serial,3,0,4,0,120,127,20.000,20.004,0,1,1,0.049989,SUCCESS,sigmoid,
2026-06-09T01:22:16,91.0,36.3,sensor2_serial,3,0,4,0,120,126,20.000,20.005,0,5,5,0.249938,SUCCESS,sigmoid,
2026-06-09T01:22:36,91.0,36.3,sensor2_serial,3,0,4,0,120,125,20.000,20.004,0,0,0,0.000000,SUCCESS,sigmoid,
2026-06-09T01:22:56,91.0,36.3,sensor2_serial,3,0,4,0,120,124,20.000,20.005,0,2,2,0.099977,SUCCESS,sigmoid,
2026-06-09T01:23:16,91.0,36.3,sensor2_serial,3,0,4,0,120,123,20.000,20.005,0,5,5,0.249944,SUCCESS,sigmoid,
2026-06-09T01:23:36,91.0,36.3,sensor2_serial,3,0,4,0,120,122,20.000,20.005,0,3,3,0.149965,SUCCESS,sigmoid,
2026-06-09T01:23:56,91.0,36.3,sensor2_serial,3,0,4,0,120,121,20.000,20.005,0,0,0,0.000000,SUCCESS,sigmoid,
2026-06-09T01:24:16,91.0,36.3,sensor2_serial,3,0,4,0,120,120,20.000,20.005,0,0,0,0.000000,SUCCESS,sigmoid,
2026-06-09T01:24:36,91.0,36.3,sensor2_serial,3,0,4,0,120,119,20.000,20.005,0,0,0,0.000000,SUCCESS,sigmoid,
2026-06-09T01:24:56,91.0,36.3,sensor2_serial,3,0,4,0,120,118,20.000,20.005,0,2,2,0.099977,SUCCESS,sigmoid,
2026-06-09T01:25:16,91.0,36.3,sensor2_serial,3,0,4,0,120,117,20.000,20.005,0,1,1,0.049989,SUCCESS,sigmoid,
2026-06-09T01:25:36,91.0,36.3,sensor2_serial,3,0,4,0,120,116,20.000,20.005,0,0,0,0.000000,SUCCESS,sigmoid,
2026-06-09T01:25:56,91.0,36.3,sensor2_serial,3,0,4,0,120,115,20.000,20.005,0,0,0,0.000000,SUCCESS,sigmoid,
2026-06-09T01:26:16,91.0,36.3,sensor2_serial,3,0,4,0,120,114,20.000,20.004,0,0,0,0.000000,SUCCESS,sigmoid,
2026-06-09T01:26:36,91.0,36.3,sensor2_serial,3,0,4,0,120,113,20.000,20.004,0,0,0,0.000000,SUCCESS,sigmoid,
2026-06-09T01:26:56,91.0,36.3,sensor2_serial,3,0,4,0,120,112,20.000,20.005,0,0,0,0.000000,SUCCESS,sigmoid,
2026-06-09T01:27:16,91.0,36.3,sensor2_serial,3,0,4,0,120,111,20.000,20.004,0,0,0,0.000000,SUCCESS,sigmoid,
2026-06-09T01:27:36,91.0,36.3,sensor2_serial,3,0,4,0,120,110,20.000,20.004,0,0,0,0.000000,SUCCESS,sigmoid,
2026-06-09T01:27:57,91.0,36.3,sensor2_serial,3,0,4,0,120,109,20.000,20.005,0,0,0,0.000000,SUCCESS,sigmoid,
2026-06-09T01:28:17,91.0,36.3,sensor2_serial,3,0,4,0,120,108,20.000,20.006,0,0,0,0.000000,SUCCESS,sigmoid,
2026-06-09T01:28:37,91.0,36.3,sensor2_serial,3,0,4,0,120,107,20.000,20.004,0,0,0,0.000000,SUCCESS,sigmoid,
2026-06-09T01:28:57,91.0,36.3,sensor2_serial,3,0,4,0,120,106,20.000,20.004,0,0,0,0.000000,SUCCESS,sigmoid,
2026-06-09T01:29:17,91.0,36.3,sensor2_serial,3,0,4,0,120,105,20.000,20.005,0,0,0,0.000000,SUCCESS,sigmoid,
2026-06-09T01:29:37,91.0,36.3,sensor2_serial,3,0,4,0,120,104,20.000,20.005,0,0,0,0.000000,SUCCESS,sigmoid,
2026-06-09T01:29:57,91.0,36.3,sensor2_serial,3,0,4,0,120,103,20.000,20.004,0,0,0,0.000000,SUCCESS,sigmoid,
2026-06-09T01:30:17,91.0,36.3,sensor2_serial,3,0,4,0,120,102,20.000,20.005,0,0,0,0.000000,SUCCESS,sigmoid,
2026-06-09T01:30:37,91.0,36.3,sensor2_serial,3,0,4,0,120,101,20.000,20.005,0,0,0,0.000000,SUCCESS,sigmoid,
2026-06-09T01:30:57,91.0,36.3,sensor2_serial,3,0,4,0,120,100,20.000,20.005,0,0,0,0.000000,SUCCESS,sigmoid,
2026-06-09T01:31:17,91.0,36.3,sensor2_serial,3,0,4,0,120,99,20.000,20.005,0,0,0,0.000000,SUCCESS,sigmoid,
2026-06-09T01:31:37,91.0,36.3,sensor2_serial,3,0,4,0,120,98,20.000,20.004,0,0,0,0.000000,SUCCESS,sigmoid,
2026-06-09T01:31:57,91.0,36.3,sensor2_serial,3,0,4,0,120,97,20.000,20.004,0,0,0,0.000000,SUCCESS,sigmoid,
2026-06-09T01:32:17,91.0,36.3,sensor2_serial,3,1,5,1,120,255,20.000,20.005,0,1098231,1098231,54897.019181,SUCCESS,sigmoid,
2026-06-09T01:32:37,91.0,36.3,sensor2_serial,3,1,5,1,120,254,20.000,20.006,0,1479642,1479642,73959.747930,SUCCESS,sigmoid,
2026-06-09T01:32:57,91.0,36.3,sensor2_serial,3,1,5,1,120,253,20.000,20.005,0,1713360,1713360,85646.156096,SUCCESS,sigmoid,
2026-06-09T01:33:18,91.0,36.3,sensor2_serial,3,1,5,1,120,252,20.000,20.005,0,1776571,1776571,88804.937094,SUCCESS,sigmoid,
2026-06-09T01:33:38,91.0,36.3,sensor2_serial,3,1,5,1,120,251,20.000,20.006,0,1774386,1774386,88694.688691,SUCCESS,sigmoid,
2026-06-09T01:33:58,91.0,36.3,sensor2_serial,3,1,5,1,120,250,20.000,20.006,0,1845431,1845431,92244.324062,SUCCESS,sigmoid,
2026-06-09T01:34:18,91.0,36.3,sensor2_serial,3,1,5,1,120,249,20.000,20.006,0,1974550,1974550,98699.083125,SUCCESS,sigmoid,
2026-06-09T01:34:38,91.0,36.3,sensor2_serial,3,1,5,1,120,248,20.000,20.005,0,2184098,2184098,109176.284299,SUCCESS,sigmoid,
2026-06-09T01:34:58,91.0,36.3,sensor2_serial,3,1,5,1,120,247,20.000,20.005,0,2509518,2509518,125442.572199,SUCCESS,sigmoid,
2026-06-09T01:35:18,91.0,36.3,sensor2_serial,3,1,5,1,120,246,20.000,20.005,0,2884509,2884509,144185.899725,SUCCESS,sigmoid,
2026-06-09T01:35:38,91.0,36.3,sensor2_serial,3,1,5,1,120,245,20.000,20.007,0,3178019,3178019,158848.780630,SUCCESS,sigmoid,
2026-06-09T01:35:58,91.0,36.3,sensor2_serial,3,1,5,1,120,244,20.000,20.006,0,3076250,3076250,153768.931628,SUCCESS,sigmoid,
2026-06-09T01:36:18,91.0,36.3,sensor2_serial,3,1,5,1,120,243,20.000,20.006,0,2539460,2539460,126934.187102,SUCCESS,sigmoid,
2026-06-09T01:36:38,91.0,36.3,sensor2_serial,3,1,5,1,120,242,20.000,20.005,0,1802992,1802992,90125.147214,SUCCESS,sigmoid,
2026-06-09T01:36:58,91.0,36.3,sensor2_serial,3,1,5,1,120,241,20.000,20.005,0,1044379,1044379,52205.708460,SUCCESS,sigmoid,
2026-06-09T01:37:18,91.0,36.3,sensor2_serial,3,1,5,1,120,240,20.000,20.005,0,566575,566575,28321.689335,SUCCESS,sigmoid,
2026-06-09T01:37:38,91.0,36.3,sensor2_serial,3,1,5,1,120,239,20.000,20.005,0,414780,414780,20734.155707,SUCCESS,sigmoid,
2026-06-09T01:37:58,91.0,36.3,sensor2_serial,3,1,5,1,120,238,20.000,20.005,0,219732,219732,10983.957521,SUCCESS,sigmoid,
2026-06-09T01:38:18,91.0,36.3,sensor2_serial,3,1,5,1,120,237,20.000,20.004,0,83625,83625,4180.325741,SUCCESS,sigmoid,
2026-06-09T01:38:38,91.0,36.3,sensor2_serial,3,1,5,1,120,236,20.000,20.005,0,37564,37564,1877.685688,SUCCESS,sigmoid,
2026-06-09T01:38:59,91.0,36.3,sensor2_serial,3,1,5,1,120,235,20.000,20.005,0,14561,14561,727.882455,SUCCESS,sigmoid,
2026-06-09T01:39:19,91.0,36.3,sensor2_serial,3,1,5,1,120,234,20.000,20.005,0,5989,5989,299.369153,SUCCESS,sigmoid,
2026-06-09T01:39:39,91.0,36.3,sensor2_serial,3,1,5,1,120,233,20.000,20.005,0,1893,1893,94.627678,SUCCESS,sigmoid,
2026-06-09T01:39:59,91.0,36.3,sensor2_serial,3,1,5,1,120,232,20.000,20.004,0,799,799,39.941691,SUCCESS,sigmoid,
2026-06-09T01:40:19,91.0,36.3,sensor2_serial,3,1,5,1,120,231,20.000,20.005,0,398,398,19.894713,SUCCESS,sigmoid,
2026-06-09T01:40:39,91.0,36.3,sensor2_serial,3,1,5,1,120,230,20.000,20.005,0,249,249,12.446888,SUCCESS,sigmoid,
2026-06-09T01:40:59,91.0,36.3,sensor2_serial,3,1,5,1,120,229,20.000,20.004,0,160,160,7.998301,SUCCESS,sigmoid,
2026-06-09T01:41:19,91.0,36.3,sensor2_serial,3,1,5,1,120,228,20.000,20.005,0,177,177,8.847708,SUCCESS,sigmoid,
2026-06-09T01:41:39,91.0,36.3,sensor2_serial,3,1,5,1,120,227,20.000,20.005,0,178,178,8.897902,SUCCESS,sigmoid,
2026-06-09T01:41:59,91.0,36.3,sensor2_serial,3,1,5,1,120,226,20.000,20.005,0,158,158,7.898084,SUCCESS,sigmoid,
2026-06-09T01:42:19,91.0,36.3,sensor2_serial,3,1,5,1,120,225,20.000,20.005,0,157,157,7.848216,SUCCESS,sigmoid,
2026-06-09T01:42:39,91.0,36.3,sensor2_serial,3,1,5,1,120,224,20.000,20.005,0,153,153,7.648064,SUCCESS,sigmoid,
2026-06-09T01:42:59,91.0,36.3,sensor2_serial,3,1,5,1,120,223,20.000,20.005,0,153,153,7.648027,SUCCESS,sigmoid,
2026-06-09T01:43:19,91.0,36.3,sensor2_serial,3,1,5,1,120,222,20.000,20.004,0,158,158,7.898285,SUCCESS,sigmoid,
2026-06-09T01:43:39,91.0,36.3,sensor2_serial,3,1,5,1,120,221,20.000,20.005,0,140,140,6.998175,SUCCESS,sigmoid,
2026-06-09T01:43:59,91.0,36.3,sensor2_serial,3,1,5,1,120,220,20.000,20.005,0,153,153,7.648198,SUCCESS,sigmoid,
2026-06-09T01:44:19,91.0,36.3,sensor2_serial,3,1,5,1,120,219,20.000,20.005,0,157,157,7.848018,SUCCESS,sigmoid,
2026-06-09T01:44:40,91.0,36.3,sensor2_serial,3,1,5,1,120,218,20.000,20.005,0,143,143,7.148044,SUCCESS,sigmoid,
2026-06-09T01:45:00,91.0,36.3,sensor2_serial,3,1,5,1,120,217,20.000,20.005,0,158,158,7.898192,SUCCESS,sigmoid,
2026-06-09T01:45:20,91.0,36.3,sensor2_serial,3,1,5,1,120,216,20.000,20.004,0,145,145,7.248538,SUCCESS,sigmoid,
2026-06-09T01:45:40,91.0,36.3,sensor2_serial,3,1,5,1,120,215,20.000,20.004,0,162,162,8.098272,SUCCESS,sigmoid,
2026-06-09T01:46:00,91.0,36.3,sensor2_serial,3,1,5,1,120,214,20.000,20.005,0,127,127,6.348316,SUCCESS,sigmoid,
2026-06-09T01:46:20,91.0,36.3,sensor2_serial,3,1,5,1,120,213,20.000,20.004,0,173,173,8.648069,SUCCESS,sigmoid,
2026-06-09T01:46:40,91.0,36.3,sensor2_serial,3,1,5,1,120,212,20.000,20.004,0,155,155,7.748279,SUCCESS,sigmoid,
2026-06-09T01:47:00,91.0,36.3,sensor2_serial,3,1,5,1,120,211,20.000,20.004,0,149,149,7.448339,SUCCESS,sigmoid,
2026-06-09T01:47:20,91.0,36.3,sensor2_serial,3,1,5,1,120,210,20.000,20.004,0,153,153,7.648409,SUCCESS,sigmoid,
2026-06-09T01:47:40,91.0,36.3,sensor2_serial,3,1,5,1,120,209,20.000,20.005,0,150,150,7.497991,SUCCESS,sigmoid,
2026-06-09T01:48:00,91.0,36.3,sensor2_serial,3,1,5,1,120,208,20.000,20.005,0,131,131,6.548491,SUCCESS,sigmoid,
2026-06-09T01:48:20,91.0,36.3,sensor2_serial,3,1,5,1,120,207,20.000,20.005,0,162,162,8.098153,SUCCESS,sigmoid,
2026-06-09T01:48:40,91.0,36.3,sensor2_serial,3,1,5,1,120,206,20.000,20.005,0,151,151,7.547994,SUCCESS,sigmoid,
2026-06-09T01:49:00,91.0,36.3,sensor2_serial,3,1,5,1,120,205,20.000,20.005,0,133,133,6.648401,SUCCESS,sigmoid,
2026-06-09T01:49:20,91.0,36.3,sensor2_serial,3,1,5,1,120,204,20.000,20.004,0,154,154,7.698308,SUCCESS,sigmoid,
2026-06-09T01:49:40,91.0,36.3,sensor2_serial,3,1,5,1,120,203,20.000,20.006,0,142,142,7.098001,SUCCESS,sigmoid,
2026-06-09T01:50:00,91.0,36.3,sensor2_serial,3,1,5,1,120,202,20.000,20.006,0,130,130,6.498206,SUCCESS,sigmoid,
2026-06-09T01:50:21,91.0,36.3,sensor2_serial,3,1,5,1,120,201,20.000,20.005,0,148,148,7.398136,SUCCESS,sigmoid,
2026-06-09T01:50:41,91.0,36.3,sensor2_serial,3,1,5,1,120,200,20.000,20.004,0,144,144,7.198468,SUCCESS,sigmoid,
2026-06-09T01:51:01,91.0,36.3,sensor2_serial,3,1,5,1,120,199,20.000,20.005,0,149,149,7.448256,SUCCESS,sigmoid,
2026-06-09T01:51:21,91.0,36.3,sensor2_serial,3,1,5,1,120,198,20.000,20.005,0,120,120,5.998382,SUCCESS,sigmoid,
2026-06-09T01:51:41,91.0,36.3,sensor2_serial,3,1,5,1,120,197,20.000,20.005,0,140,140,6.998188,SUCCESS,sigmoid,
2026-06-09T01:52:01,91.0,36.3,sensor2_serial,3,1,5,1,120,196,20.000,20.005,0,137,137,6.848225,SUCCESS,sigmoid,
2026-06-09T01:52:21,91.0,36.3,sensor2_serial,3,1,5,1,120,195,20.000,20.005,0,136,136,6.798455,SUCCESS,sigmoid,
2026-06-09T01:52:41,91.0,36.3,sensor2_serial,3,1,5,1,120,194,20.000,20.005,0,173,173,8.647677,SUCCESS,sigmoid,
2026-06-09T01:53:01,91.0,36.3,sensor2_serial,3,1,5,1,120,193,20.000,20.004,0,129,129,6.448582,SUCCESS,sigmoid,
2026-06-09T01:53:21,91.0,36.3,sensor2_serial,3,1,5,1,120,192,20.000,20.006,0,140,140,6.998054,SUCCESS,sigmoid,
2026-06-09T01:53:41,91.0,36.3,sensor2_serial,3,1,5,1,120,191,20.000,20.005,0,176,176,8.798014,SUCCESS,sigmoid,
2026-06-09T01:54:01,91.0,36.3,sensor2_serial,3,1,5,1,120,190,20.000,20.004,0,145,145,7.248469,SUCCESS,sigmoid,
2026-06-09T01:54:21,91.0,36.3,sensor2_serial,3,1,5,1,120,189,20.000,20.005,0,144,144,7.198073,SUCCESS,sigmoid,
2026-06-09T01:54:41,91.0,36.3,sensor2_serial,3,1,5,1,120,188,20.000,20.004,0,137,137,6.848507,SUCCESS,sigmoid,
2026-06-09T01:55:01,91.0,36.3,sensor2_serial,3,1,5,1,120,187,20.000,20.005,0,148,148,7.398239,SUCCESS,sigmoid,
2026-06-09T01:55:21,91.0,36.3,sensor2_serial,3,1,5,1,120,186,20.000,20.005,0,127,127,6.348350,SUCCESS,sigmoid,
2026-06-09T01:55:42,91.0,36.3,sensor2_serial,3,1,5,1,120,185,20.000,20.005,0,134,134,6.698405,SUCCESS,sigmoid,
2026-06-09T01:56:02,91.0,36.3,sensor2_serial,3,1,5,1,120,184,20.000,20.005,0,149,149,7.447963,SUCCESS,sigmoid,
2026-06-09T01:56:22,91.0,36.3,sensor2_serial,3,1,5,1,120,183,20.000,20.005,0,168,168,8.397810,SUCCESS,sigmoid,
2026-06-09T01:56:42,91.0,36.3,sensor2_serial,3,1,5,1,120,182,20.000,20.004,0,133,133,6.648540,SUCCESS,sigmoid,
2026-06-09T01:57:02,91.0,36.3,sensor2_serial,3,1,5,1,120,181,20.000,20.006,0,136,136,6.798077,SUCCESS,sigmoid,
2026-06-09T01:57:22,91.0,36.3,sensor2_serial,3,1,5,1,120,180,20.000,20.005,0,146,146,7.298257,SUCCESS,sigmoid,
2026-06-09T01:57:42,91.0,36.3,sensor2_serial,3,1,5,1,120,179,20.000,20.005,0,131,131,6.548460,SUCCESS,sigmoid,
2026-06-09T01:58:02,91.0,36.3,sensor2_serial,3,1,5,1,120,178,20.000,20.005,0,137,137,6.848276,SUCCESS,sigmoid,
2026-06-09T01:58:22,91.0,36.3,sensor2_serial,3,1,5,1,120,177,20.000,20.004,0,133,133,6.648515,SUCCESS,sigmoid,
2026-06-09T01:58:42,91.0,36.3,sensor2_serial,3,1,5,1,120,176,20.000,20.005,0,125,125,6.248576,SUCCESS,sigmoid,
2026-06-09T01:59:02,91.0,36.3,sensor2_serial,3,1,5,1,120,175,20.000,20.005,0,125,125,6.248509,SUCCESS,sigmoid,
2026-06-09T01:59:22,91.0,36.3,sensor2_serial,3,1,5,1,120,174,20.000,20.005,0,125,125,6.248530,SUCCESS,sigmoid,
2026-06-09T01:59:42,91.0,36.3,sensor2_serial,3,1,5,1,120,173,20.000,20.005,0,121,121,6.048498,SUCCESS,sigmoid,
2026-06-09T02:00:02,91.0,36.3,sensor2_serial,3,1,5,1,120,172,20.000,20.005,0,134,134,6.698380,SUCCESS,sigmoid,
2026-06-09T02:00:22,91.0,36.3,sensor2_serial,3,1,5,1,120,171,20.000,20.005,0,113,113,5.648493,SUCCESS,sigmoid,
2026-06-09T02:00:42,91.0,36.3,sensor2_serial,3,1,5,1,120,170,20.000,20.005,0,110,110,5.498678,SUCCESS,sigmoid,
2026-06-09T02:01:02,91.0,36.3,sensor2_serial,3,1,5,1,120,169,20.000,20.004,0,107,107,5.348882,SUCCESS,sigmoid,
2026-06-09T02:01:23,91.0,36.3,sensor2_serial,3,1,5,1,120,168,20.000,20.004,0,107,107,5.348871,SUCCESS,sigmoid,
2026-06-09T02:01:43,91.0,36.3,sensor2_serial,3,1,5,1,120,167,20.000,20.005,0,107,107,5.348796,SUCCESS,sigmoid,
2026-06-09T02:02:03,91.0,36.3,sensor2_serial,3,1,5,1,120,166,20.000,20.004,0,95,95,4.749026,SUCCESS,sigmoid,
2026-06-09T02:02:23,91.0,36.3,sensor2_serial,3,1,5,1,120,165,20.000,20.005,0,99,99,4.948810,SUCCESS,sigmoid,
2026-06-09T02:02:43,91.0,36.3,sensor2_serial,3,1,5,1,120,164,20.000,20.005,0,107,107,5.348598,SUCCESS,sigmoid,
2026-06-09T02:03:03,91.0,36.3,sensor2_serial,3,1,5,1,120,163,20.000,20.004,0,100,100,4.998925,SUCCESS,sigmoid,
2026-06-09T02:03:23,91.0,36.3,sensor2_serial,3,1,5,1,120,162,20.000,20.005,0,112,112,5.598521,SUCCESS,sigmoid,
2026-06-09T02:03:43,91.0,36.3,sensor2_serial,3,1,5,1,120,161,20.000,20.005,0,110,110,5.498537,SUCCESS,sigmoid,
2026-06-09T02:04:03,91.0,36.3,sensor2_serial,3,1,5,1,120,160,20.000,20.005,0,87,87,4.348836,SUCCESS,sigmoid,
2026-06-09T02:04:23,91.0,36.3,sensor2_serial,3,1,5,1,120,159,20.000,20.004,0,75,75,3.749207,SUCCESS,sigmoid,
2026-06-09T02:04:43,91.0,36.3,sensor2_serial,3,1,5,1,120,158,20.000,20.005,0,85,85,4.248966,SUCCESS,sigmoid,
2026-06-09T02:05:03,91.0,36.3,sensor2_serial,3,1,5,1,120,157,20.000,20.005,0,83,83,4.148931,SUCCESS,sigmoid,
2026-06-09T02:05:23,91.0,36.3,sensor2_serial,3,1,5,1,120,156,20.000,20.005,0,77,77,3.849012,SUCCESS,sigmoid,
2026-06-09T02:05:43,91.0,36.3,sensor2_serial,3,1,5,1,120,155,20.000,20.004,0,86,86,4.299063,SUCCESS,sigmoid,
2026-06-09T02:06:03,91.0,36.3,sensor2_serial,3,1,5,1,120,154,20.000,20.005,0,74,74,3.699156,SUCCESS,sigmoid,
2026-06-09T02:06:23,91.0,36.3,sensor2_serial,3,1,5,1,120,153,20.000,20.004,0,65,65,3.249310,SUCCESS,sigmoid,
2026-06-09T02:06:43,91.0,36.3,sensor2_serial,3,1,5,1,120,152,20.000,20.005,0,71,71,3.549145,SUCCESS,sigmoid,
2026-06-09T02:07:04,91.0,36.3,sensor2_serial,3,1,5,1,120,151,20.000,20.005,0,66,66,3.299251,SUCCESS,sigmoid,
2026-06-09T02:07:24,91.0,36.3,sensor2_serial,3,1,5,1,120,150,20.000,20.006,0,61,61,3.049160,SUCCESS,sigmoid,
2026-06-09T02:07:44,91.0,36.3,sensor2_serial,3,1,5,1,120,149,20.000,20.005,0,47,47,2.349428,SUCCESS,sigmoid,
2026-06-09T02:08:04,91.0,36.3,sensor2_serial,3,1,5,1,120,148,20.000,20.004,0,38,38,1.899591,SUCCESS,sigmoid,
2026-06-09T02:08:24,91.0,36.3,sensor2_serial,3,1,5,1,120,147,20.000,20.005,0,57,57,2.849340,SUCCESS,sigmoid,
2026-06-09T02:08:44,91.0,36.3,sensor2_serial,3,1,5,1,120,146,20.000,20.004,0,44,44,2.199517,SUCCESS,sigmoid,
2026-06-09T02:09:04,91.0,36.3,sensor2_serial,3,1,5,1,120,145,20.000,20.005,0,52,52,2.599406,SUCCESS,sigmoid,
2026-06-09T02:09:24,91.0,36.3,sensor2_serial,3,1,5,1,120,144,20.000,20.006,0,41,41,2.049430,SUCCESS,sigmoid,
2026-06-09T02:09:44,91.0,36.3,sensor2_serial,3,1,5,1,120,143,20.000,20.004,0,38,38,1.899576,SUCCESS,sigmoid,
2026-06-09T02:10:04,91.0,36.3,sensor2_serial,3,1,5,1,120,142,20.000,20.005,0,39,39,1.949551,SUCCESS,sigmoid,
2026-06-09T02:10:24,91.0,36.3,sensor2_serial,3,1,5,1,120,141,20.000,20.004,0,36,36,1.799621,SUCCESS,sigmoid,
2026-06-09T02:10:44,91.0,36.3,sensor2_serial,3,1,5,1,120,140,20.000,20.005,0,31,31,1.549650,SUCCESS,sigmoid,
2026-06-09T02:11:04,91.0,36.3,sensor2_serial,3,1,5,1,120,139,20.000,20.005,0,33,33,1.649628,SUCCESS,sigmoid,
2026-06-09T02:11:24,91.0,36.3,sensor2_serial,3,1,5,1,120,138,20.000,20.005,0,24,24,1.199720,SUCCESS,sigmoid,
2026-06-09T02:11:44,91.0,36.3,sensor2_serial,3,1,5,1,120,137,20.000,20.005,0,30,30,1.499594,SUCCESS,sigmoid,
2026-06-09T02:12:04,91.0,36.3,sensor2_serial,3,1,5,1,120,136,20.000,20.005,0,25,25,1.249697,SUCCESS,sigmoid,
2026-06-09T02:12:24,91.0,36.3,sensor2_serial,3,1,5,1,120,135,20.000,20.005,0,14,14,0.699838,SUCCESS,sigmoid,
2026-06-09T02:12:45,91.0,36.3,sensor2_serial,3,1,5,1,120,134,20.000,20.004,0,12,12,0.599876,SUCCESS,sigmoid,
2026-06-09T02:13:05,91.0,36.3,sensor2_serial,3,1,5,1,120,133,20.000,20.005,0,22,22,1.099715,SUCCESS,sigmoid,
2026-06-09T02:13:25,91.0,36.3,sensor2_serial,3,1,5,1,120,132,20.000,20.005,0,15,15,0.749825,SUCCESS,sigmoid,
2026-06-09T02:13:45,91.0,36.3,sensor2_serial,3,1,5,1,120,131,20.000,20.004,0,9,9,0.449906,SUCCESS,sigmoid,
2026-06-09T02:14:05,91.0,36.3,sensor2_serial,3,1,5,1,120,130,20.000,20.005,0,9,9,0.449897,SUCCESS,sigmoid,
2026-06-09T02:14:25,91.0,36.3,sensor2_serial,3,1,5,1,120,129,20.000,20.005,0,12,12,0.599861,SUCCESS,sigmoid,
2026-06-09T02:14:45,91.0,36.3,sensor2_serial,3,1,5,1,120,128,20.000,20.005,0,14,14,0.699833,SUCCESS,sigmoid,
2026-06-09T02:15:05,91.0,36.3,sensor2_serial,3,1,5,1,120,127,20.000,20.004,0,9,9,0.449902,SUCCESS,sigmoid,
2026-06-09T02:15:25,91.0,36.3,sensor2_serial,3,1,5,1,120,126,20.000,20.005,0,9,9,0.449896,SUCCESS,sigmoid,
2026-06-09T02:15:45,91.0,36.3,sensor2_serial,3,1,5,1,120,125,20.000,20.004,0,3,3,0.149970,SUCCESS,sigmoid,
2026-06-09T02:16:05,91.0,36.3,sensor2_serial,3,1,5,1,120,124,20.000,20.004,0,7,7,0.349923,SUCCESS,sigmoid,
2026-06-09T02:16:25,91.0,36.3,sensor2_serial,3,1,5,1,120,123,20.000,20.004,0,2,2,0.099978,SUCCESS,sigmoid,
2026-06-09T02:16:45,91.0,36.3,sensor2_serial,3,1,5,1,120,122,20.000,20.004,0,4,4,0.199956,SUCCESS,sigmoid,
2026-06-09T02:17:05,91.0,36.3,sensor2_serial,3,1,5,1,120,121,20.000,20.004,0,1,1,0.049989,SUCCESS,sigmoid,
2026-06-09T02:17:25,91.0,36.3,sensor2_serial,3,1,5,1,120,120,20.000,20.005,0,0,0,0.000000,SUCCESS,sigmoid,
2026-06-09T02:17:45,91.0,36.3,sensor2_serial,3,1,5,1,120,119,20.000,20.004,0,1,1,0.049990,SUCCESS,sigmoid,
2026-06-09T02:18:05,91.0,36.3,sensor2_serial,3,1,5,1,120,118,20.000,20.004,0,0,0,0.000000,SUCCESS,sigmoid,
2026-06-09T02:18:26,91.0,36.3,sensor2_serial,3,1,5,1,120,117,20.000,20.004,0,0,0,0.000000,SUCCESS,sigmoid,
2026-06-09T02:18:46,91.0,36.3,sensor2_serial,3,1,5,1,120,116,20.000,20.006,0,2,2,0.099972,SUCCESS,sigmoid,
2026-06-09T02:19:06,91.0,36.3,sensor2_serial,3,1,5,1,120,115,20.000,20.004,0,0,0,0.000000,SUCCESS,sigmoid,
2026-06-09T02:19:26,91.0,36.3,sensor2_serial,3,1,5,1,120,114,20.000,20.005,0,0,0,0.000000,SUCCESS,sigmoid,
2026-06-09T02:19:46,91.0,36.3,sensor2_serial,3,1,5,1,120,113,20.000,20.005,0,0,0,0.000000,SUCCESS,sigmoid,
2026-06-09T02:20:06,91.0,36.3,sensor2_serial,3,1,5,1,120,112,20.000,20.004,0,0,0,0.000000,SUCCESS,sigmoid,
2026-06-09T02:20:26,91.0,36.3,sensor2_serial,3,1,5,1,120,111,20.000,20.005,0,0,0,0.000000,SUCCESS,sigmoid,
2026-06-09T02:20:46,91.0,36.3,sensor2_serial,3,1,5,1,120,110,20.000,20.005,0,1,1,0.049988,SUCCESS,sigmoid,
2026-06-09T02:21:06,91.0,36.3,sensor2_serial,3,1,5,1,120,109,20.000,20.004,0,0,0,0.000000,SUCCESS,sigmoid,
2026-06-09T02:21:26,91.0,36.3,sensor2_serial,3,1,5,1,120,108,20.000,20.005,0,0,0,0.000000,SUCCESS,sigmoid,
2026-06-09T02:21:46,91.0,36.3,sensor2_serial,3,1,5,1,120,107,20.000,20.004,0,0,0,0.000000,SUCCESS,sigmoid,
2026-06-09T02:22:06,91.0,36.3,sensor2_serial,3,1,5,1,120,106,20.000,20.005,0,0,0,0.000000,SUCCESS,sigmoid,
2026-06-09T02:22:26,91.0,36.3,sensor2_serial,3,1,5,1,120,105,20.000,20.004,0,0,0,0.000000,SUCCESS,sigmoid,
2026-06-09T02:22:46,91.0,36.3,sensor2_serial,3,1,5,1,120,104,20.000,20.004,0,0,0,0.000000,SUCCESS,sigmoid,
2026-06-09T02:23:06,91.0,36.3,sensor2_serial,3,1,5,1,120,103,20.000,20.005,0,0,0,0.000000,SUCCESS,sigmoid,
2026-06-09T02:23:26,91.0,36.3,sensor2_serial,3,1,5,1,120,102,20.000,20.005,0,0,0,0.000000,SUCCESS,sigmoid,
2026-06-09T02:23:46,91.0,36.3,sensor2_serial,3,1,5,1,120,101,20.000,20.005,0,0,0,0.000000,SUCCESS,sigmoid,
2026-06-09T02:24:07,91.0,36.3,sensor2_serial,3,1,5,1,120,100,20.000,20.004,0,0,0,0.000000,SUCCESS,sigmoid,
2026-06-09T02:24:27,91.0,36.3,sensor2_serial,3,1,5,1,120,99,20.000,20.005,0,0,0,0.000000,SUCCESS,sigmoid,
2026-06-09T02:24:47,91.0,36.3,sensor2_serial,3,1,5,1,120,98,20.000,20.004,0,0,0,0.000000,SUCCESS,sigmoid,
2026-06-09T02:25:07,91.0,36.3,sensor2_serial,3,1,5,1,120,97,20.000,20.004,0,0,0,0.000000,SUCCESS,sigmoid,
2026-06-09T02:25:27,91.0,36.3,sensor2_serial,3,1,5,1,120,96,20.000,20.004,0,0,0,0.000000,SUCCESS,sigmoid,
2026-06-09T02:25:47,91.0,36.3,sensor2_serial,3,1,5,1,120,95,20.000,20.005,0,0,0,0.000000,SUCCESS,sigmoid,
2026-06-09T02:26:07,91.0,36.3,sensor2_serial,3,1,5,1,120,94,20.000,20.005,0,0,0,0.000000,SUCCESS,sigmoid,
2026-06-09T02:26:27,91.0,36.3,sensor2_serial,3,1,5,1,120,93,20.000,20.005,0,0,0,0.000000,SUCCESS,sigmoid,
2026-06-09T02:26:47,91.0,36.3,sensor2_serial,3,1,5,1,120,92,20.000,20.004,0,0,0,0.000000,SUCCESS,sigmoid,
2026-06-09T02:27:07,91.0,36.3,sensor2_serial,3,1,5,1,120,91,20.000,20.004,0,0,0,0.000000,SUCCESS,sigmoid,
2026-06-09T02:27:27,91.0,36.3,sensor2_serial,3,1,5,1,120,90,20.000,20.005,0,0,0,0.000000,SUCCESS,sigmoid,
2026-06-09T02:27:47,91.0,36.3,sensor2_serial,3,2,6,2,120,255,20.000,20.005,0,1862810,1862810,93115.559981,SUCCESS,sigmoid,
2026-06-09T02:28:07,91.0,36.3,sensor2_serial,3,2,6,2,120,254,20.000,20.005,0,1970486,1970486,98500.830837,SUCCESS,sigmoid,
2026-06-09T02:28:27,91.0,36.3,sensor2_serial,3,2,6,2,120,253,20.000,20.005,0,2179776,2179776,108959.855252,SUCCESS,sigmoid,
2026-06-09T02:28:47,91.0,36.3,sensor2_serial,3,2,6,2,120,252,20.000,20.005,0,2451564,2451564,122548.542422,SUCCESS,sigmoid,
2026-06-09T02:29:07,91.0,36.3,sensor2_serial,3,2,6,2,120,251,20.000,20.005,0,2950776,2950776,147501.596703,SUCCESS,sigmoid,
2026-06-09T02:29:28,91.0,36.3,sensor2_serial,3,2,6,2,120,250,20.000,20.005,0,3215152,3215152,160716.645899,SUCCESS,sigmoid,
2026-06-09T02:29:48,91.0,36.3,sensor2_serial,3,2,6,2,120,249,20.000,20.006,0,3236640,3236640,161786.044367,SUCCESS,sigmoid,
2026-06-09T02:30:08,91.0,36.3,sensor2_serial,3,2,6,2,120,248,20.000,20.005,0,2833988,2833988,141661.340984,SUCCESS,sigmoid,
2026-06-09T02:30:28,91.0,36.3,sensor2_serial,3,2,6,2,120,247,20.000,20.006,0,2240649,2240649,111999.661632,SUCCESS,sigmoid,
2026-06-09T02:30:48,91.0,36.3,sensor2_serial,3,2,6,2,120,246,20.000,20.005,0,1590786,1590786,79519.125902,SUCCESS,sigmoid,
2026-06-09T02:31:08,91.0,36.3,sensor2_serial,3,2,6,2,120,245,20.000,20.005,0,903832,903832,45179.266006,SUCCESS,sigmoid,
2026-06-09T02:31:28,91.0,36.3,sensor2_serial,3,2,6,2,120,244,20.000,20.005,0,557773,557773,27881.378035,SUCCESS,sigmoid,
2026-06-09T02:31:48,91.0,36.3,sensor2_serial,3,2,6,2,120,243,20.000,20.006,0,237235,237235,11858.418772,SUCCESS,sigmoid,
2026-06-09T02:32:08,91.0,36.3,sensor2_serial,3,2,6,2,120,242,20.000,20.005,0,110580,110580,5527.500277,SUCCESS,sigmoid,
2026-06-09T02:32:28,91.0,36.3,sensor2_serial,3,2,6,2,120,241,20.000,20.006,0,49050,49050,2451.798944,SUCCESS,sigmoid,
2026-06-09T02:32:48,91.0,36.3,sensor2_serial,3,2,6,2,120,240,20.000,20.005,0,33052,33052,1652.210927,SUCCESS,sigmoid,
2026-06-09T02:33:08,91.0,36.3,sensor2_serial,3,2,6,2,120,239,20.000,20.004,0,16004,16004,800.030230,SUCCESS,sigmoid,
2026-06-09T02:33:28,91.0,36.3,sensor2_serial,3,2,6,2,120,238,20.000,20.005,0,3855,3855,192.699580,SUCCESS,sigmoid,
2026-06-09T02:33:48,91.0,36.3,sensor2_serial,3,2,6,2,120,237,20.000,20.005,0,1306,1306,65.282425,SUCCESS,sigmoid,
2026-06-09T02:34:08,91.0,36.3,sensor2_serial,3,2,6,2,120,236,20.000,20.005,0,637,637,31.842424,SUCCESS,sigmoid,
2026-06-09T02:34:28,91.0,36.3,sensor2_serial,3,2,6,2,120,235,20.000,20.005,0,305,305,15.245914,SUCCESS,sigmoid,
2026-06-09T02:34:48,91.0,36.3,sensor2_serial,3,2,6,2,120,234,20.000,20.005,0,200,200,9.997490,SUCCESS,sigmoid,
2026-06-09T02:35:09,91.0,36.3,sensor2_serial,3,2,6,2,120,233,20.000,20.005,0,190,190,9.497859,SUCCESS,sigmoid,
2026-06-09T02:35:29,91.0,36.3,sensor2_serial,3,2,6,2,120,232,20.000,20.005,0,156,156,7.797951,SUCCESS,sigmoid,
2026-06-09T02:35:49,91.0,36.3,sensor2_serial,3,2,6,2,120,231,20.000,20.005,0,163,163,8.148047,SUCCESS,sigmoid,
2026-06-09T02:36:09,91.0,36.3,sensor2_serial,3,2,6,2,120,230,20.000,20.005,0,156,156,7.797918,SUCCESS,sigmoid,
2026-06-09T02:36:29,91.0,36.3,sensor2_serial,3,2,6,2,120,229,20.000,20.005,0,171,171,8.547986,SUCCESS,sigmoid,
2026-06-09T02:36:49,91.0,36.3,sensor2_serial,3,2,6,2,120,228,20.000,20.006,0,176,176,8.797497,SUCCESS,sigmoid,
2026-06-09T02:37:09,91.0,36.3,sensor2_serial,3,2,6,2,120,227,20.000,20.005,0,179,179,8.947669,SUCCESS,sigmoid,
2026-06-09T02:37:29,91.0,36.3,sensor2_serial,3,2,6,2,120,226,20.000,20.005,0,186,186,9.297890,SUCCESS,sigmoid,
2026-06-09T02:37:49,91.0,36.3,sensor2_serial,3,2,6,2,120,225,20.000,20.005,0,168,168,8.398024,SUCCESS,sigmoid,
2026-06-09T02:38:09,91.0,36.3,sensor2_serial,3,2,6,2,120,224,20.000,20.004,0,174,174,8.698182,SUCCESS,sigmoid,
2026-06-09T02:38:29,91.0,36.3,sensor2_serial,3,2,6,2,120,223,20.000,20.004,0,188,188,9.397889,SUCCESS,sigmoid,
2026-06-09T02:38:49,91.0,36.3,sensor2_serial,3,2,6,2,120,222,20.000,20.005,0,176,176,8.797911,SUCCESS,sigmoid,
2026-06-09T02:39:09,91.0,36.3,sensor2_serial,3,2,6,2,120,221,20.000,20.005,0,152,152,7.597965,SUCCESS,sigmoid,
2026-06-09T02:39:29,91.0,36.3,sensor2_serial,3,2,6,2,120,220,20.000,20.005,0,149,149,7.448300,SUCCESS,sigmoid,
2026-06-09T02:39:49,91.0,36.3,sensor2_serial,3,2,6,2,120,219,20.000,20.005,0,144,144,7.198372,SUCCESS,sigmoid,
2026-06-09T02:40:09,91.0,36.3,sensor2_serial,3,2,6,2,120,218,20.000,20.004,0,162,162,8.098317,SUCCESS,sigmoid,
2026-06-09T02:40:29,91.0,36.3,sensor2_serial,3,2,6,2,120,217,20.000,20.005,0,146,146,7.298168,SUCCESS,sigmoid,
2026-06-09T02:40:50,91.0,36.3,sensor2_serial,3,2,6,2,120,216,20.000,20.004,0,155,155,7.748313,SUCCESS,sigmoid,
2026-06-09T02:41:10,91.0,36.3,sensor2_serial,3,2,6,2,120,215,20.000,20.005,0,169,169,8.447838,SUCCESS,sigmoid,
2026-06-09T02:41:30,91.0,36.3,sensor2_serial,3,2,6,2,120,214,20.000,20.005,0,154,154,7.698177,SUCCESS,sigmoid,
2026-06-09T02:41:50,91.0,36.3,sensor2_serial,3,2,6,2,120,213,20.000,20.004,0,135,135,6.748554,SUCCESS,sigmoid,
2026-06-09T02:42:10,91.0,36.3,sensor2_serial,3,2,6,2,120,212,20.000,20.004,0,152,152,7.598440,SUCCESS,sigmoid,
2026-06-09T02:42:30,91.0,36.3,sensor2_serial,3,2,6,2,120,211,20.000,20.005,0,146,146,7.298167,SUCCESS,sigmoid,
2026-06-09T02:42:50,91.0,36.3,sensor2_serial,3,2,6,2,120,210,20.000,20.005,0,153,153,7.648269,SUCCESS,sigmoid,
2026-06-09T02:43:10,91.0,36.3,sensor2_serial,3,2,6,2,120,209,20.000,20.005,0,150,150,7.498122,SUCCESS,sigmoid,
2026-06-09T02:43:30,91.0,36.3,sensor2_serial,3,2,6,2,120,208,20.000,20.004,0,158,158,7.898347,SUCCESS,sigmoid,
2026-06-09T02:43:50,91.0,36.3,sensor2_serial,3,2,6,2,120,207,20.000,20.005,0,152,152,7.597946,SUCCESS,sigmoid,
2026-06-09T02:44:10,91.0,36.3,sensor2_serial,3,2,6,2,120,206,20.000,20.006,0,119,119,5.948362,SUCCESS,sigmoid,
2026-06-09T02:44:30,91.0,36.3,sensor2_serial,3,2,6,2,120,205,20.000,20.005,0,135,135,6.748376,SUCCESS,sigmoid,
2026-06-09T02:44:50,91.0,36.3,sensor2_serial,3,2,6,2,120,204,20.000,20.005,0,155,155,7.748011,SUCCESS,sigmoid,
2026-06-09T02:45:10,91.0,36.3,sensor2_serial,3,2,6,2,120,203,20.000,20.005,0,146,146,7.298119,SUCCESS,sigmoid,
2026-06-09T02:45:30,91.0,36.3,sensor2_serial,3,2,6,2,120,202,20.000,20.005,0,140,140,6.998300,SUCCESS,sigmoid,
2026-06-09T02:45:50,91.0,36.3,sensor2_serial,3,2,6,2,120,201,20.000,20.005,0,160,160,7.997952,SUCCESS,sigmoid,
2026-06-09T02:46:10,91.0,36.3,sensor2_serial,3,2,6,2,120,200,20.000,20.005,0,138,138,6.898410,SUCCESS,sigmoid,
2026-06-09T02:46:31,91.0,36.3,sensor2_serial,3,2,6,2,120,199,20.000,20.005,0,144,144,7.198069,SUCCESS,sigmoid,
2026-06-09T02:46:51,91.0,36.3,sensor2_serial,3,2,6,2,120,198,20.000,20.004,0,154,154,7.698309,SUCCESS,sigmoid,
2026-06-09T02:47:11,91.0,36.3,sensor2_serial,3,2,6,2,120,197,20.000,20.004,0,159,159,7.948266,SUCCESS,sigmoid,
2026-06-09T02:47:31,91.0,36.3,sensor2_serial,3,2,6,2,120,196,20.000,20.004,0,146,146,7.298475,SUCCESS,sigmoid,
2026-06-09T02:47:51,91.0,36.3,sensor2_serial,3,2,6,2,120,195,20.000,20.005,0,139,139,6.948123,SUCCESS,sigmoid,
2026-06-09T02:48:11,91.0,36.3,sensor2_serial,3,2,6,2,120,194,20.000,20.005,0,132,132,6.598399,SUCCESS,sigmoid,
2026-06-09T02:48:31,91.0,36.3,sensor2_serial,3,2,6,2,120,193,20.000,20.005,0,149,149,7.448123,SUCCESS,sigmoid,
2026-06-09T02:48:51,91.0,36.3,sensor2_serial,3,2,6,2,120,192,20.000,20.004,0,137,137,6.848502,SUCCESS,sigmoid,
2026-06-09T02:49:11,91.0,36.3,sensor2_serial,3,2,6,2,120,191,20.000,20.005,0,128,128,6.398550,SUCCESS,sigmoid,
2026-06-09T02:49:31,91.0,36.3,sensor2_serial,3,2,6,2,120,190,20.000,20.004,0,145,145,7.248454,SUCCESS,sigmoid,
2026-06-09T02:49:51,91.0,36.3,sensor2_serial,3,2,6,2,120,189,20.000,20.005,0,123,123,6.148555,SUCCESS,sigmoid,
2026-06-09T02:50:11,91.0,36.3,sensor2_serial,3,2,6,2,120,188,20.000,20.005,0,126,126,6.298358,SUCCESS,sigmoid,
2026-06-09T02:50:31,91.0,36.3,sensor2_serial,3,2,6,2,120,187,20.000,20.004,0,126,126,6.298617,SUCCESS,sigmoid,
2026-06-09T02:50:51,91.0,36.3,sensor2_serial,3,2,6,2,120,186,20.000,20.004,0,142,142,7.098491,SUCCESS,sigmoid,
2026-06-09T02:51:11,91.0,36.3,sensor2_serial,3,2,6,2,120,185,20.000,20.006,0,121,121,6.048337,SUCCESS,sigmoid,
2026-06-09T02:51:31,91.0,36.3,sensor2_serial,3,2,6,2,120,184,20.000,20.005,0,127,127,6.348424,SUCCESS,sigmoid,
2026-06-09T02:51:51,91.0,36.3,sensor2_serial,3,2,6,2,120,183,20.000,20.004,0,137,137,6.848505,SUCCESS,sigmoid,
2026-06-09T02:52:12,91.0,36.3,sensor2_serial,3,2,6,2,120,182,20.000,20.004,0,118,118,5.898737,SUCCESS,sigmoid,
2026-06-09T02:52:32,91.0,36.3,sensor2_serial,3,2,6,2,120,181,20.000,20.005,0,124,124,6.198353,SUCCESS,sigmoid,
2026-06-09T02:52:52,91.0,36.3,sensor2_serial,3,2,6,2,120,180,20.000,20.005,0,130,130,6.498336,SUCCESS,sigmoid,
2026-06-09T02:53:12,91.0,36.3,sensor2_serial,3,2,6,2,120,179,20.000,20.004,0,107,107,5.348809,SUCCESS,sigmoid,
2026-06-09T02:53:32,91.0,36.3,sensor2_serial,3,2,6,2,120,178,20.000,20.004,0,128,128,6.398658,SUCCESS,sigmoid,
2026-06-09T02:53:52,91.0,36.3,sensor2_serial,3,2,6,2,120,177,20.000,20.004,0,120,120,5.998693,SUCCESS,sigmoid,
2026-06-09T02:54:12,91.0,36.3,sensor2_serial,3,2,6,2,120,176,20.000,20.005,0,114,114,5.698643,SUCCESS,sigmoid,
2026-06-09T02:54:32,91.0,36.3,sensor2_serial,3,2,6,2,120,175,20.000,20.004,0,119,119,5.948746,SUCCESS,sigmoid,
2026-06-09T02:54:52,91.0,36.3,sensor2_serial,3,2,6,2,120,174,20.000,20.004,0,125,125,6.248674,SUCCESS,sigmoid,
2026-06-09T02:55:12,91.0,36.3,sensor2_serial,3,2,6,2,120,173,20.000,20.005,0,112,112,5.598530,SUCCESS,sigmoid,
2026-06-09T02:55:32,91.0,36.3,sensor2_serial,3,2,6,2,120,172,20.000,20.006,0,115,115,5.748369,SUCCESS,sigmoid,
2026-06-09T02:55:52,91.0,36.3,sensor2_serial,3,2,6,2,120,171,20.000,20.005,0,118,118,5.898386,SUCCESS,sigmoid,
2026-06-09T02:56:12,91.0,36.3,sensor2_serial,3,2,6,2,120,170,20.000,20.004,0,103,103,5.148848,SUCCESS,sigmoid,
2026-06-09T02:56:32,91.0,36.3,sensor2_serial,3,2,6,2,120,169,20.000,20.005,0,127,127,6.348396,SUCCESS,sigmoid,
2026-06-09T02:56:52,91.0,36.3,sensor2_serial,3,2,6,2,120,168,20.000,20.005,0,94,94,4.698735,SUCCESS,sigmoid,
2026-06-09T02:57:12,91.0,36.3,sensor2_serial,3,2,6,2,120,167,20.000,20.005,0,93,93,4.648808,SUCCESS,sigmoid,
2026-06-09T02:57:32,91.0,36.3,sensor2_serial,3,2,6,2,120,166,20.000,20.005,0,101,101,5.048722,SUCCESS,sigmoid,
2026-06-09T02:57:53,91.0,36.3,sensor2_serial,3,2,6,2,120,165,20.000,20.005,0,88,88,4.398986,SUCCESS,sigmoid,
2026-06-09T02:58:13,91.0,36.3,sensor2_serial,3,2,6,2,120,164,20.000,20.004,0,86,86,4.299040,SUCCESS,sigmoid,
2026-06-09T02:58:33,91.0,36.3,sensor2_serial,3,2,6,2,120,163,20.000,20.005,0,92,92,4.598950,SUCCESS,sigmoid,
2026-06-09T02:58:53,91.0,36.3,sensor2_serial,3,2,6,2,120,162,20.000,20.005,0,82,82,4.098915,SUCCESS,sigmoid,
2026-06-09T02:59:13,91.0,36.3,sensor2_serial,3,2,6,2,120,161,20.000,20.005,0,91,91,4.548962,SUCCESS,sigmoid,
2026-06-09T02:59:33,91.0,36.3,sensor2_serial,3,2,6,2,120,160,20.000,20.005,0,94,94,4.698898,SUCCESS,sigmoid,
2026-06-09T02:59:53,91.0,36.3,sensor2_serial,3,2,6,2,120,159,20.000,20.005,0,80,80,3.998996,SUCCESS,sigmoid,
2026-06-09T03:00:13,91.0,36.3,sensor2_serial,3,2,6,2,120,158,20.000,20.005,0,80,80,3.999098,SUCCESS,sigmoid,
2026-06-09T03:00:33,91.0,36.3,sensor2_serial,3,2,6,2,120,157,20.000,20.005,0,63,63,3.149219,SUCCESS,sigmoid,
2026-06-09T03:00:53,91.0,36.3,sensor2_serial,3,2,6,2,120,156,20.000,20.006,0,79,79,3.948902,SUCCESS,sigmoid,
2026-06-09T03:01:13,91.0,36.3,sensor2_serial,3,2,6,2,120,155,20.000,20.005,0,68,68,3.399119,SUCCESS,sigmoid,
2026-06-09T03:01:33,91.0,36.3,sensor2_serial,3,2,6,2,120,154,20.000,20.005,0,62,62,3.099181,SUCCESS,sigmoid,
2026-06-09T03:01:53,91.0,36.3,sensor2_serial,3,2,6,2,120,153,20.000,20.005,0,62,62,3.099272,SUCCESS,sigmoid,
2026-06-09T03:02:13,91.0,36.3,sensor2_serial,3,2,6,2,120,152,20.000,20.004,0,63,63,3.149318,SUCCESS,sigmoid,
2026-06-09T03:02:33,91.0,36.3,sensor2_serial,3,2,6,2,120,151,20.000,20.005,0,52,52,2.599341,SUCCESS,sigmoid,
2026-06-09T03:02:53,91.0,36.3,sensor2_serial,3,2,6,2,120,150,20.000,20.004,0,56,56,2.799418,SUCCESS,sigmoid,
2026-06-09T03:03:14,91.0,36.3,sensor2_serial,3,2,6,2,120,149,20.000,20.004,0,55,55,2.749388,SUCCESS,sigmoid,
2026-06-09T03:03:34,91.0,36.3,sensor2_serial,3,2,6,2,120,148,20.000,20.006,0,44,44,2.199378,SUCCESS,sigmoid,
2026-06-09T03:03:54,91.0,36.3,sensor2_serial,3,2,6,2,120,147,20.000,20.005,0,29,29,1.449670,SUCCESS,sigmoid,
2026-06-09T03:04:14,91.0,36.3,sensor2_serial,3,2,6,2,120,146,20.000,20.005,0,30,30,1.499660,SUCCESS,sigmoid,
2026-06-09T03:04:34,91.0,36.3,sensor2_serial,3,2,6,2,120,145,20.000,20.005,0,43,43,2.149509,SUCCESS,sigmoid,
2026-06-09T03:04:54,91.0,36.3,sensor2_serial,3,2,6,2,120,144,20.000,20.005,0,31,31,1.549633,SUCCESS,sigmoid,
2026-06-09T03:05:14,91.0,36.3,sensor2_serial,3,2,6,2,120,143,20.000,20.005,0,31,31,1.549647,SUCCESS,sigmoid,
2026-06-09T03:05:34,91.0,36.3,sensor2_serial,3,2,6,2,120,142,20.000,20.005,0,20,20,0.999762,SUCCESS,sigmoid,
2026-06-09T03:05:54,91.0,36.3,sensor2_serial,3,2,6,2,120,141,20.000,20.005,0,23,23,1.149700,SUCCESS,sigmoid,
2026-06-09T03:06:14,91.0,36.3,sensor2_serial,3,2,6,2,120,140,20.000,20.005,0,24,24,1.199708,SUCCESS,sigmoid,
2026-06-09T03:06:34,91.0,36.3,sensor2_serial,3,2,6,2,120,139,20.000,20.005,0,18,18,0.899762,SUCCESS,sigmoid,
2026-06-09T03:06:54,91.0,36.3,sensor2_serial,3,2,6,2,120,138,20.000,20.005,0,21,21,1.049752,SUCCESS,sigmoid,
2026-06-09T03:07:14,91.0,36.3,sensor2_serial,3,2,6,2,120,137,20.000,20.005,0,13,13,0.649850,SUCCESS,sigmoid,
2026-06-09T03:07:34,91.0,36.3,sensor2_serial,3,2,6,2,120,136,20.000,20.004,0,14,14,0.699843,SUCCESS,sigmoid,
2026-06-09T03:07:54,91.0,36.3,sensor2_serial,3,2,6,2,120,135,20.000,20.004,0,14,14,0.699858,SUCCESS,sigmoid,
2026-06-09T03:08:14,91.0,36.3,sensor2_serial,3,2,6,2,120,134,20.000,20.004,0,14,14,0.699843,SUCCESS,sigmoid,
2026-06-09T03:08:34,91.0,36.3,sensor2_serial,3,2,6,2,120,133,20.000,20.005,0,11,11,0.549867,SUCCESS,sigmoid,
2026-06-09T03:08:55,91.0,36.3,sensor2_serial,3,2,6,2,120,132,20.000,20.006,0,10,10,0.499860,SUCCESS,sigmoid,
2026-06-09T03:09:15,91.0,36.3,sensor2_serial,3,2,6,2,120,131,20.000,20.004,0,5,5,0.249950,SUCCESS,sigmoid,
2026-06-09T03:09:35,91.0,36.3,sensor2_serial,3,2,6,2,120,130,20.000,20.005,0,7,7,0.349921,SUCCESS,sigmoid,
2026-06-09T03:09:55,91.0,36.3,sensor2_serial,3,2,6,2,120,129,20.000,20.006,0,7,7,0.349902,SUCCESS,sigmoid,
2026-06-09T03:10:15,91.0,36.3,sensor2_serial,3,2,6,2,120,128,20.000,20.004,0,4,4,0.199956,SUCCESS,sigmoid,
2026-06-09T03:10:35,91.0,36.3,sensor2_serial,3,2,6,2,120,127,20.000,20.005,0,4,4,0.199947,SUCCESS,sigmoid,
2026-06-09T03:10:55,91.0,36.3,sensor2_serial,3,2,6,2,120,126,20.000,20.004,0,5,5,0.249949,SUCCESS,sigmoid,
2026-06-09T03:11:15,91.0,36.3,sensor2_serial,3,2,6,2,120,125,20.000,20.006,0,2,2,0.099972,SUCCESS,sigmoid,
2026-06-09T03:11:35,91.0,36.3,sensor2_serial,3,2,6,2,120,124,20.000,20.005,0,6,6,0.299929,SUCCESS,sigmoid,
2026-06-09T03:11:55,91.0,36.3,sensor2_serial,3,2,6,2,120,123,20.000,20.005,0,5,5,0.249940,SUCCESS,sigmoid,
2026-06-09T03:12:15,91.0,36.3,sensor2_serial,3,2,6,2,120,122,20.000,20.005,0,4,4,0.199953,SUCCESS,sigmoid,
2026-06-09T03:12:35,91.0,36.3,sensor2_serial,3,2,6,2,120,121,20.000,20.004,0,0,0,0.000000,SUCCESS,sigmoid,
2026-06-09T03:12:55,91.0,36.3,sensor2_serial,3,2,6,2,120,120,20.000,20.004,0,1,1,0.049989,SUCCESS,sigmoid,
2026-06-09T03:13:15,91.0,36.3,sensor2_serial,3,2,6,2,120,119,20.000,20.004,0,1,1,0.049989,SUCCESS,sigmoid,
2026-06-09T03:13:35,91.0,36.3,sensor2_serial,3,2,6,2,120,118,20.000,20.005,0,0,0,0.000000,SUCCESS,sigmoid,
2026-06-09T03:13:55,91.0,36.3,sensor2_serial,3,2,6,2,120,117,20.000,20.005,0,0,0,0.000000,SUCCESS,sigmoid,
2026-06-09T03:14:15,91.0,36.3,sensor2_serial,3,2,6,2,120,116,20.000,20.004,0,0,0,0.000000,SUCCESS,sigmoid,
2026-06-09T03:14:36,91.0,36.3,sensor2_serial,3,2,6,2,120,115,20.000,20.004,0,1,1,0.049989,SUCCESS,sigmoid,
2026-06-09T03:14:56,91.0,36.3,sensor2_serial,3,2,6,2,120,114,20.000,20.004,0,0,0,0.000000,SUCCESS,sigmoid,
2026-06-09T03:15:16,91.0,36.3,sensor2_serial,3,2,6,2,120,113,20.000,20.005,0,0,0,0.000000,SUCCESS,sigmoid,
2026-06-09T03:15:36,91.0,36.3,sensor2_serial,3,2,6,2,120,112,20.000,20.005,0,0,0,0.000000,SUCCESS,sigmoid,
2026-06-09T03:15:56,91.0,36.3,sensor2_serial,3,2,6,2,120,111,20.000,20.005,0,0,0,0.000000,SUCCESS,sigmoid,
2026-06-09T03:16:16,91.0,36.3,sensor2_serial,3,2,6,2,120,110,20.000,20.005,0,0,0,0.000000,SUCCESS,sigmoid,
2026-06-09T03:16:36,91.0,36.3,sensor2_serial,3,2,6,2,120,109,20.000,20.004,0,0,0,0.000000,SUCCESS,sigmoid,
2026-06-09T03:16:56,91.0,36.3,sensor2_serial,3,2,6,2,120,108,20.000,20.004,0,0,0,0.000000,SUCCESS,sigmoid,
2026-06-09T03:17:16,91.0,36.3,sensor2_serial,3,2,6,2,120,107,20.000,20.004,0,0,0,0.000000,SUCCESS,sigmoid,
2026-06-09T03:17:36,91.0,36.3,sensor2_serial,3,2,6,2,120,106,20.000,20.005,0,0,0,0.000000,SUCCESS,sigmoid,
2026-06-09T03:17:56,91.0,36.3,sensor2_serial,3,2,6,2,120,105,20.000,20.005,0,0,0,0.000000,SUCCESS,sigmoid,
2026-06-09T03:18:16,91.0,36.3,sensor2_serial,3,2,6,2,120,104,20.000,20.004,0,0,0,0.000000,SUCCESS,sigmoid,
2026-06-09T03:18:36,91.0,36.3,sensor2_serial,3,2,6,2,120,103,20.000,20.004,0,0,0,0.000000,SUCCESS,sigmoid,
2026-06-09T03:18:56,91.0,36.3,sensor2_serial,3,2,6,2,120,102,20.000,20.004,0,0,0,0.000000,SUCCESS,sigmoid,
2026-06-09T03:19:16,91.0,36.3,sensor2_serial,3,2,6,2,120,101,20.000,20.005,0,0,0,0.000000,SUCCESS,sigmoid,
2026-06-09T03:19:36,91.0,36.3,sensor2_serial,3,2,6,2,120,100,20.000,20.005,0,0,0,0.000000,SUCCESS,sigmoid,
2026-06-09T03:19:56,91.0,36.3,sensor2_serial,3,2,6,2,120,99,20.000,20.005,0,0,0,0.000000,SUCCESS,sigmoid,
2026-06-09T03:20:17,91.0,36.3,sensor2_serial,3,2,6,2,120,98,20.000,20.004,0,0,0,0.000000,SUCCESS,sigmoid,
2026-06-09T03:20:37,91.0,36.3,sensor2_serial,3,2,6,2,120,97,20.000,20.005,0,0,0,0.000000,SUCCESS,sigmoid,
2026-06-09T03:20:57,91.0,36.3,sensor2_serial,3,2,6,2,120,96,20.000,20.005,0,0,0,0.000000,SUCCESS,sigmoid,
2026-06-09T03:21:17,91.0,36.3,sensor2_serial,3,2,6,2,120,95,20.000,20.005,0,0,0,0.000000,SUCCESS,sigmoid,
2026-06-09T03:21:51,92.0,35.3,sensor2_serial,3,0,4,0,120,255,20.000,20.005,0,3669552,3669552,183427.172117,SUCCESS,sigmoid,
2026-06-09T03:22:11,92.0,35.3,sensor2_serial,3,0,4,0,120,254,20.000,20.006,0,3464005,3464005,173151.819305,SUCCESS,sigmoid,
2026-06-09T03:22:31,92.0,35.3,sensor2_serial,3,0,4,0,120,253,20.000,20.005,0,2958666,2958666,147895.329198,SUCCESS,sigmoid,
2026-06-09T03:22:51,92.0,35.3,sensor2_serial,3,0,4,0,120,252,20.000,20.006,0,2089293,2089293,104435.080880,SUCCESS,sigmoid,
2026-06-09T03:23:11,92.0,35.3,sensor2_serial,3,0,4,0,120,251,20.000,20.006,0,1248589,1248589,62411.055399,SUCCESS,sigmoid,
2026-06-09T03:23:31,92.0,35.3,sensor2_serial,3,0,4,0,120,250,20.000,20.005,0,698439,698439,34912.490433,SUCCESS,sigmoid,
2026-06-09T03:23:51,92.0,35.3,sensor2_serial,3,0,4,0,120,249,20.000,20.005,0,350538,350538,17522.208115,SUCCESS,sigmoid,
2026-06-09T03:24:11,92.0,35.3,sensor2_serial,3,0,4,0,120,248,20.000,20.005,0,174229,174229,8709.371967,SUCCESS,sigmoid,
2026-06-09T03:24:31,92.0,35.3,sensor2_serial,3,0,4,0,120,247,20.000,20.005,0,90738,90738,4535.865392,SUCCESS,sigmoid,
2026-06-09T03:24:51,92.0,35.3,sensor2_serial,3,0,4,0,120,246,20.000,20.006,0,36956,36956,1847.278470,SUCCESS,sigmoid,
2026-06-09T03:25:11,92.0,35.3,sensor2_serial,3,0,4,0,120,245,20.000,20.006,0,36984,36984,1848.680653,SUCCESS,sigmoid,
2026-06-09T03:25:31,92.0,35.3,sensor2_serial,3,0,4,0,120,244,20.000,20.005,0,14992,14992,749.427505,SUCCESS,sigmoid,
2026-06-09T03:25:52,92.0,35.3,sensor2_serial,3,0,4,0,120,243,20.000,20.005,0,5328,5328,266.334152,SUCCESS,sigmoid,
2026-06-09T03:26:12,92.0,35.3,sensor2_serial,3,0,4,0,120,242,20.000,20.005,0,2279,2279,113.918880,SUCCESS,sigmoid,
2026-06-09T03:26:32,92.0,35.3,sensor2_serial,3,0,4,0,120,241,20.000,20.005,0,829,829,41.439484,SUCCESS,sigmoid,
2026-06-09T03:26:52,92.0,35.3,sensor2_serial,3,0,4,0,120,240,20.000,20.004,0,433,433,21.645461,SUCCESS,sigmoid,
2026-06-09T03:27:12,92.0,35.3,sensor2_serial,3,0,4,0,120,239,20.000,20.005,0,267,267,13.346529,SUCCESS,sigmoid,
2026-06-09T03:27:32,92.0,35.3,sensor2_serial,3,0,4,0,120,238,20.000,20.005,0,248,248,12.397031,SUCCESS,sigmoid,
2026-06-09T03:27:52,92.0,35.3,sensor2_serial,3,0,4,0,120,237,20.000,20.005,0,187,187,9.347757,SUCCESS,sigmoid,
2026-06-09T03:28:12,92.0,35.3,sensor2_serial,3,0,4,0,120,236,20.000,20.005,0,188,188,9.397877,SUCCESS,sigmoid,
2026-06-09T03:28:32,92.0,35.3,sensor2_serial,3,0,4,0,120,235,20.000,20.005,0,216,216,10.797169,SUCCESS,sigmoid,
2026-06-09T03:28:52,92.0,35.3,sensor2_serial,3,0,4,0,120,234,20.000,20.005,0,196,196,9.797494,SUCCESS,sigmoid,
2026-06-09T03:29:12,92.0,35.3,sensor2_serial,3,0,4,0,120,233,20.000,20.006,0,181,181,9.047511,SUCCESS,sigmoid,
2026-06-09T03:29:32,92.0,35.3,sensor2_serial,3,0,4,0,120,232,20.000,20.005,0,181,181,9.047842,SUCCESS,sigmoid,
2026-06-09T03:29:52,92.0,35.3,sensor2_serial,3,0,4,0,120,231,20.000,20.005,0,178,178,8.897970,SUCCESS,sigmoid,
2026-06-09T03:30:12,92.0,35.3,sensor2_serial,3,0,4,0,120,230,20.000,20.005,0,202,202,10.097486,SUCCESS,sigmoid,
2026-06-09T03:30:32,92.0,35.3,sensor2_serial,3,0,4,0,120,229,20.000,20.005,0,182,182,9.097513,SUCCESS,sigmoid,
2026-06-09T03:30:52,92.0,35.3,sensor2_serial,3,0,4,0,120,228,20.000,20.005,0,182,182,9.097831,SUCCESS,sigmoid,
2026-06-09T03:31:12,92.0,35.3,sensor2_serial,3,0,4,0,120,227,20.000,20.005,0,172,172,8.597720,SUCCESS,sigmoid,
2026-06-09T03:31:33,92.0,35.3,sensor2_serial,3,0,4,0,120,226,20.000,20.005,0,178,178,8.897871,SUCCESS,sigmoid,
2026-06-09T03:31:53,92.0,35.3,sensor2_serial,3,0,4,0,120,225,20.000,20.005,0,187,187,9.347491,SUCCESS,sigmoid,
2026-06-09T03:32:13,92.0,35.3,sensor2_serial,3,0,4,0,120,224,20.000,20.005,0,172,172,8.597693,SUCCESS,sigmoid,
2026-06-09T03:32:33,92.0,35.3,sensor2_serial,3,0,4,0,120,223,20.000,20.005,0,189,189,9.447517,SUCCESS,sigmoid,
2026-06-09T03:32:53,92.0,35.3,sensor2_serial,3,0,4,0,120,222,20.000,20.005,0,153,153,7.647911,SUCCESS,sigmoid,
2026-06-09T03:33:13,92.0,35.3,sensor2_serial,3,0,4,0,120,221,20.000,20.004,0,177,177,8.848069,SUCCESS,sigmoid,
2026-06-09T03:33:33,92.0,35.3,sensor2_serial,3,0,4,0,120,220,20.000,20.005,0,206,206,10.297227,SUCCESS,sigmoid,
2026-06-09T03:33:53,92.0,35.3,sensor2_serial,3,0,4,0,120,219,20.000,20.004,0,162,162,8.098269,SUCCESS,sigmoid,
2026-06-09T03:34:13,92.0,35.3,sensor2_serial,3,0,4,0,120,218,20.000,20.005,0,161,161,8.047858,SUCCESS,sigmoid,
2026-06-09T03:34:33,92.0,35.3,sensor2_serial,3,0,4,0,120,217,20.000,20.005,0,159,159,7.948173,SUCCESS,sigmoid,
2026-06-09T03:34:53,92.0,35.3,sensor2_serial,3,0,4,0,120,216,20.000,20.005,0,178,178,8.897748,SUCCESS,sigmoid,
2026-06-09T03:35:13,92.0,35.3,sensor2_serial,3,0,4,0,120,215,20.000,20.004,0,157,157,7.848334,SUCCESS,sigmoid,
2026-06-09T03:35:33,92.0,35.3,sensor2_serial,3,0,4,0,120,214,20.000,20.005,0,177,177,8.847870,SUCCESS,sigmoid,
2026-06-09T03:35:53,92.0,35.3,sensor2_serial,3,0,4,0,120,213,20.000,20.005,0,179,179,8.947978,SUCCESS,sigmoid,
2026-06-09T03:36:13,92.0,35.3,sensor2_serial,3,0,4,0,120,212,20.000,20.005,0,158,158,7.897932,SUCCESS,sigmoid,
2026-06-09T03:36:33,92.0,35.3,sensor2_serial,3,0,4,0,120,211,20.000,20.005,0,159,159,7.947926,SUCCESS,sigmoid,
2026-06-09T03:36:53,92.0,35.3,sensor2_serial,3,0,4,0,120,210,20.000,20.004,0,171,171,8.548171,SUCCESS,sigmoid,
2026-06-09T03:37:14,92.0,35.3,sensor2_serial,3,0,4,0,120,209,20.000,20.004,0,151,151,7.548393,SUCCESS,sigmoid,
2026-06-09T03:37:34,92.0,35.3,sensor2_serial,3,0,4,0,120,208,20.000,20.005,0,154,154,7.697994,SUCCESS,sigmoid,
2026-06-09T03:37:54,92.0,35.3,sensor2_serial,3,0,4,0,120,207,20.000,20.005,0,154,154,7.697984,SUCCESS,sigmoid,
2026-06-09T03:38:14,92.0,35.3,sensor2_serial,3,0,4,0,120,206,20.000,20.006,0,128,128,6.398170,SUCCESS,sigmoid,
2026-06-09T03:38:34,92.0,35.3,sensor2_serial,3,0,4,0,120,205,20.000,20.005,0,165,165,8.248011,SUCCESS,sigmoid,
2026-06-09T03:38:54,92.0,35.3,sensor2_serial,3,0,4,0,120,204,20.000,20.006,0,182,182,9.097383,SUCCESS,sigmoid,
2026-06-09T03:39:14,92.0,35.3,sensor2_serial,3,0,4,0,120,203,20.000,20.005,0,155,155,7.748237,SUCCESS,sigmoid,
2026-06-09T03:39:34,92.0,35.3,sensor2_serial,3,0,4,0,120,202,20.000,20.005,0,153,153,7.648179,SUCCESS,sigmoid,
2026-06-09T03:39:54,92.0,35.3,sensor2_serial,3,0,4,0,120,201,20.000,20.004,0,150,150,7.498414,SUCCESS,sigmoid,
2026-06-09T03:40:14,92.0,35.3,sensor2_serial,3,0,4,0,120,200,20.000,20.004,0,193,193,9.647896,SUCCESS,sigmoid,
2026-06-09T03:40:34,92.0,35.3,sensor2_serial,3,0,4,0,120,199,20.000,20.004,0,159,159,7.948353,SUCCESS,sigmoid,
2026-06-09T03:40:54,92.0,35.3,sensor2_serial,3,0,4,0,120,198,20.000,20.005,0,137,137,6.848326,SUCCESS,sigmoid,
2026-06-09T03:41:14,92.0,35.3,sensor2_serial,3,0,4,0,120,197,20.000,20.005,0,146,146,7.298027,SUCCESS,sigmoid,
2026-06-09T03:41:34,92.0,35.3,sensor2_serial,3,0,4,0,120,196,20.000,20.004,0,155,155,7.748295,SUCCESS,sigmoid,
2026-06-09T03:41:54,92.0,35.3,sensor2_serial,3,0,4,0,120,195,20.000,20.005,0,153,153,7.648206,SUCCESS,sigmoid,
2026-06-09T03:42:14,92.0,35.3,sensor2_serial,3,0,4,0,120,194,20.000,20.004,0,159,159,7.948221,SUCCESS,sigmoid,
2026-06-09T03:42:34,92.0,35.3,sensor2_serial,3,0,4,0,120,193,20.000,20.006,0,160,160,7.997769,SUCCESS,sigmoid,
2026-06-09T03:42:55,92.0,35.3,sensor2_serial,3,0,4,0,120,192,20.000,20.004,0,142,142,7.098502,SUCCESS,sigmoid,
2026-06-09T03:43:15,92.0,35.3,sensor2_serial,3,0,4,0,120,191,20.000,20.005,0,165,165,8.248061,SUCCESS,sigmoid,
2026-06-09T03:43:35,92.0,35.3,sensor2_serial,3,0,4,0,120,190,20.000,20.004,0,141,141,7.048426,SUCCESS,sigmoid,
2026-06-09T03:43:55,92.0,35.3,sensor2_serial,3,0,4,0,120,189,20.000,20.005,0,154,154,7.698110,SUCCESS,sigmoid,
2026-06-09T03:44:15,92.0,35.3,sensor2_serial,3,0,4,0,120,188,20.000,20.005,0,126,126,6.298279,SUCCESS,sigmoid,
2026-06-09T03:44:35,92.0,35.3,sensor2_serial,3,0,4,0,120,187,20.000,20.005,0,140,140,6.998392,SUCCESS,sigmoid,
2026-06-09T03:44:55,92.0,35.3,sensor2_serial,3,0,4,0,120,186,20.000,20.005,0,163,163,8.147850,SUCCESS,sigmoid,
2026-06-09T03:45:15,92.0,35.3,sensor2_serial,3,0,4,0,120,185,20.000,20.005,0,131,131,6.548329,SUCCESS,sigmoid,
2026-06-09T03:45:35,92.0,35.3,sensor2_serial,3,0,4,0,120,184,20.000,20.004,0,174,174,8.698071,SUCCESS,sigmoid,
2026-06-09T03:45:55,92.0,35.3,sensor2_serial,3,0,4,0,120,183,20.000,20.006,0,148,148,7.397903,SUCCESS,sigmoid,
2026-06-09T03:46:15,92.0,35.3,sensor2_serial,3,0,4,0,120,182,20.000,20.005,0,140,140,6.998316,SUCCESS,sigmoid,
2026-06-09T03:46:35,92.0,35.3,sensor2_serial,3,0,4,0,120,181,20.000,20.005,0,153,153,7.648176,SUCCESS,sigmoid,
2026-06-09T03:46:55,92.0,35.3,sensor2_serial,3,0,4,0,120,180,20.000,20.005,0,154,154,7.698182,SUCCESS,sigmoid,
2026-06-09T03:47:15,92.0,35.3,sensor2_serial,3,0,4,0,120,179,20.000,20.005,0,154,154,7.697902,SUCCESS,sigmoid,
2026-06-09T03:47:35,92.0,35.3,sensor2_serial,3,0,4,0,120,178,20.000,20.004,0,131,131,6.548613,SUCCESS,sigmoid,
2026-06-09T03:47:55,92.0,35.3,sensor2_serial,3,0,4,0,120,177,20.000,20.004,0,151,151,7.548323,SUCCESS,sigmoid,
2026-06-09T03:48:15,92.0,35.3,sensor2_serial,3,0,4,0,120,176,20.000,20.005,0,152,152,7.598079,SUCCESS,sigmoid,
2026-06-09T03:48:36,92.0,35.3,sensor2_serial,3,0,4,0,120,175,20.000,20.005,0,130,130,6.498521,SUCCESS,sigmoid,
2026-06-09T03:48:56,92.0,35.3,sensor2_serial,3,0,4,0,120,174,20.000,20.005,0,130,130,6.498286,SUCCESS,sigmoid,
2026-06-09T03:49:16,92.0,35.3,sensor2_serial,3,0,4,0,120,173,20.000,20.005,0,139,139,6.948247,SUCCESS,sigmoid,
2026-06-09T03:49:36,92.0,35.3,sensor2_serial,3,0,4,0,120,172,20.000,20.005,0,136,136,6.798229,SUCCESS,sigmoid,
2026-06-09T03:49:56,92.0,35.3,sensor2_serial,3,0,4,0,120,171,20.000,20.004,0,129,129,6.448627,SUCCESS,sigmoid,
2026-06-09T03:50:16,92.0,35.3,sensor2_serial,3,0,4,0,120,170,20.000,20.005,0,144,144,7.198140,SUCCESS,sigmoid,
2026-06-09T03:50:36,92.0,35.3,sensor2_serial,3,0,4,0,120,169,20.000,20.005,0,149,149,7.448203,SUCCESS,sigmoid,
2026-06-09T03:50:56,92.0,35.3,sensor2_serial,3,0,4,0,120,168,20.000,20.005,0,151,151,7.548280,SUCCESS,sigmoid,
2026-06-09T03:51:16,92.0,35.3,sensor2_serial,3,0,4,0,120,167,20.000,20.004,0,143,143,7.148452,SUCCESS,sigmoid,
2026-06-09T03:51:36,92.0,35.3,sensor2_serial,3,0,4,0,120,166,20.000,20.005,0,110,110,5.498683,SUCCESS,sigmoid,
2026-06-09T03:51:56,92.0,35.3,sensor2_serial,3,0,4,0,120,165,20.000,20.005,0,123,123,6.148329,SUCCESS,sigmoid,
2026-06-09T03:52:16,92.0,35.3,sensor2_serial,3,0,4,0,120,164,20.000,20.004,0,119,119,5.948716,SUCCESS,sigmoid,
2026-06-09T03:52:36,92.0,35.3,sensor2_serial,3,0,4,0,120,163,20.000,20.005,0,133,133,6.648359,SUCCESS,sigmoid,
2026-06-09T03:52:56,92.0,35.3,sensor2_serial,3,0,4,0,120,162,20.000,20.005,0,126,126,6.298484,SUCCESS,sigmoid,
2026-06-09T03:53:16,92.0,35.3,sensor2_serial,3,0,4,0,120,161,20.000,20.005,0,139,139,6.948207,SUCCESS,sigmoid,
2026-06-09T03:53:36,92.0,35.3,sensor2_serial,3,0,4,0,120,160,20.000,20.005,0,114,114,5.698699,SUCCESS,sigmoid,
2026-06-09T03:53:57,92.0,35.3,sensor2_serial,3,0,4,0,120,159,20.000,20.005,0,135,135,6.748280,SUCCESS,sigmoid,
2026-06-09T03:54:17,92.0,35.3,sensor2_serial,3,0,4,0,120,158,20.000,20.005,0,87,87,4.348990,SUCCESS,sigmoid,
2026-06-09T03:54:37,92.0,35.3,sensor2_serial,3,0,4,0,120,157,20.000,20.005,0,121,121,6.048611,SUCCESS,sigmoid,
2026-06-09T03:54:57,92.0,35.3,sensor2_serial,3,0,4,0,120,156,20.000,20.005,0,114,114,5.698473,SUCCESS,sigmoid,
2026-06-09T03:55:17,92.0,35.3,sensor2_serial,3,0,4,0,120,155,20.000,20.005,0,92,92,4.598930,SUCCESS,sigmoid,
2026-06-09T03:55:37,92.0,35.3,sensor2_serial,3,0,4,0,120,154,20.000,20.005,0,105,105,5.248581,SUCCESS,sigmoid,
2026-06-09T03:55:57,92.0,35.3,sensor2_serial,3,0,4,0,120,153,20.000,20.005,0,101,101,5.048748,SUCCESS,sigmoid,
2026-06-09T03:56:17,92.0,35.3,sensor2_serial,3,0,4,0,120,152,20.000,20.004,0,86,86,4.299067,SUCCESS,sigmoid,
2026-06-09T03:56:37,92.0,35.3,sensor2_serial,3,0,4,0,120,151,20.000,20.004,0,94,94,4.698984,SUCCESS,sigmoid,
2026-06-09T03:56:57,92.0,35.3,sensor2_serial,3,0,4,0,120,150,20.000,20.005,0,78,78,3.899053,SUCCESS,sigmoid,
2026-06-09T03:57:17,92.0,35.3,sensor2_serial,3,0,4,0,120,149,20.000,20.004,0,88,88,4.399064,SUCCESS,sigmoid,
2026-06-09T03:57:37,92.0,35.3,sensor2_serial,3,0,4,0,120,148,20.000,20.005,0,89,89,4.448878,SUCCESS,sigmoid,
2026-06-09T03:57:57,92.0,35.3,sensor2_serial,3,0,4,0,120,147,20.000,20.004,0,78,78,3.899225,SUCCESS,sigmoid,
2026-06-09T03:58:17,92.0,35.3,sensor2_serial,3,0,4,0,120,146,20.000,20.005,0,77,77,3.848978,SUCCESS,sigmoid,
2026-06-09T03:58:37,92.0,35.3,sensor2_serial,3,0,4,0,120,145,20.000,20.005,0,95,95,4.748731,SUCCESS,sigmoid,
2026-06-09T03:58:57,92.0,35.3,sensor2_serial,3,0,4,0,120,144,20.000,20.005,0,84,84,4.199024,SUCCESS,sigmoid,
2026-06-09T03:59:17,92.0,35.3,sensor2_serial,3,0,4,0,120,143,20.000,20.004,0,72,72,3.599254,SUCCESS,sigmoid,
2026-06-09T03:59:38,92.0,35.3,sensor2_serial,3,0,4,0,120,142,20.000,20.005,0,65,65,3.249263,SUCCESS,sigmoid,
2026-06-09T03:59:58,92.0,35.3,sensor2_serial,3,0,4,0,120,141,20.000,20.005,0,69,69,3.449085,SUCCESS,sigmoid,
2026-06-09T04:00:18,92.0,35.3,sensor2_serial,3,0,4,0,120,140,20.000,20.004,0,67,67,3.349265,SUCCESS,sigmoid,
2026-06-09T04:00:38,92.0,35.3,sensor2_serial,3,0,4,0,120,139,20.000,20.004,0,72,72,3.599200,SUCCESS,sigmoid,
2026-06-09T04:00:58,92.0,35.3,sensor2_serial,3,0,4,0,120,138,20.000,20.004,0,50,50,2.499456,SUCCESS,sigmoid,
2026-06-09T04:01:18,92.0,35.3,sensor2_serial,3,0,4,0,120,137,20.000,20.004,0,48,48,2.399506,SUCCESS,sigmoid,
2026-06-09T04:01:38,92.0,35.3,sensor2_serial,3,0,4,0,120,136,20.000,20.005,0,48,48,2.399399,SUCCESS,sigmoid,
2026-06-09T04:01:58,92.0,35.3,sensor2_serial,3,0,4,0,120,135,20.000,20.005,0,40,40,1.999515,SUCCESS,sigmoid,
2026-06-09T04:02:18,92.0,35.3,sensor2_serial,3,0,4,0,120,134,20.000,20.004,0,39,39,1.949583,SUCCESS,sigmoid,
2026-06-09T04:02:38,92.0,35.3,sensor2_serial,3,0,4,0,120,133,20.000,20.004,0,46,46,2.299527,SUCCESS,sigmoid,
2026-06-09T04:02:58,92.0,35.3,sensor2_serial,3,0,4,0,120,132,20.000,20.005,0,36,36,1.799574,SUCCESS,sigmoid,
2026-06-09T04:03:18,92.0,35.3,sensor2_serial,3,0,4,0,120,131,20.000,20.005,0,28,28,1.399682,SUCCESS,sigmoid,
2026-06-09T04:03:38,92.0,35.3,sensor2_serial,3,0,4,0,120,130,20.000,20.005,0,42,42,2.099425,SUCCESS,sigmoid,
2026-06-09T04:03:58,92.0,35.3,sensor2_serial,3,0,4,0,120,129,20.000,20.005,0,23,23,1.149706,SUCCESS,sigmoid,
2026-06-09T04:04:18,92.0,35.3,sensor2_serial,3,0,4,0,120,128,20.000,20.005,0,25,25,1.249684,SUCCESS,sigmoid,
2026-06-09T04:04:38,92.0,35.3,sensor2_serial,3,0,4,0,120,127,20.000,20.004,0,36,36,1.799603,SUCCESS,sigmoid,
2026-06-09T04:04:58,92.0,35.3,sensor2_serial,3,0,4,0,120,126,20.000,20.004,0,43,43,2.149524,SUCCESS,sigmoid,
2026-06-09T04:05:19,92.0,35.3,sensor2_serial,3,0,4,0,120,125,20.000,20.004,0,33,33,1.649638,SUCCESS,sigmoid,
2026-06-09T04:05:39,92.0,35.3,sensor2_serial,3,0,4,0,120,124,20.000,20.004,0,23,23,1.149748,SUCCESS,sigmoid,
2026-06-09T04:05:59,92.0,35.3,sensor2_serial,3,0,4,0,120,123,20.000,20.005,0,22,22,1.099701,SUCCESS,sigmoid,
2026-06-09T04:06:19,92.0,35.3,sensor2_serial,3,0,4,0,120,122,20.000,20.005,0,22,22,1.099725,SUCCESS,sigmoid,
2026-06-09T04:06:39,92.0,35.3,sensor2_serial,3,0,4,0,120,121,20.000,20.004,0,22,22,1.099764,SUCCESS,sigmoid,
2026-06-09T04:06:59,92.0,35.3,sensor2_serial,3,0,4,0,120,120,20.000,20.004,0,14,14,0.699843,SUCCESS,sigmoid,
2026-06-09T04:07:19,92.0,35.3,sensor2_serial,3,0,4,0,120,119,20.000,20.005,0,13,13,0.649840,SUCCESS,sigmoid,
2026-06-09T04:07:39,92.0,35.3,sensor2_serial,3,0,4,0,120,118,20.000,20.005,0,13,13,0.649852,SUCCESS,sigmoid,
2026-06-09T04:07:59,92.0,35.3,sensor2_serial,3,0,4,0,120,117,20.000,20.005,0,7,7,0.349912,SUCCESS,sigmoid,
2026-06-09T04:08:19,92.0,35.3,sensor2_serial,3,0,4,0,120,116,20.000,20.004,0,10,10,0.499891,SUCCESS,sigmoid,
2026-06-09T04:08:39,92.0,35.3,sensor2_serial,3,0,4,0,120,115,20.000,20.004,0,4,4,0.199956,SUCCESS,sigmoid,
2026-06-09T04:08:59,92.0,35.3,sensor2_serial,3,0,4,0,120,114,20.000,20.004,0,9,9,0.449901,SUCCESS,sigmoid,
2026-06-09T04:09:19,92.0,35.3,sensor2_serial,3,0,4,0,120,113,20.000,20.004,0,4,4,0.199955,SUCCESS,sigmoid,
2026-06-09T04:09:39,92.0,35.3,sensor2_serial,3,0,4,0,120,112,20.000,20.005,0,7,7,0.349920,SUCCESS,sigmoid,
2026-06-09T04:09:59,92.0,35.3,sensor2_serial,3,0,4,0,120,111,20.000,20.005,0,8,8,0.399906,SUCCESS,sigmoid,
2026-06-09T04:10:19,92.0,35.3,sensor2_serial,3,0,4,0,120,110,20.000,20.005,0,3,3,0.149962,SUCCESS,sigmoid,
2026-06-09T04:10:39,92.0,35.3,sensor2_serial,3,0,4,0,120,109,20.000,20.005,0,3,3,0.149966,SUCCESS,sigmoid,
2026-06-09T04:11:00,92.0,35.3,sensor2_serial,3,0,4,0,120,108,20.000,20.005,0,0,0,0.000000,SUCCESS,sigmoid,
2026-06-09T04:11:20,92.0,35.3,sensor2_serial,3,0,4,0,120,107,20.000,20.004,0,1,1,0.049989,SUCCESS,sigmoid,
2026-06-09T04:11:40,92.0,35.3,sensor2_serial,3,0,4,0,120,106,20.000,20.004,0,2,2,0.099979,SUCCESS,sigmoid,
2026-06-09T04:12:00,92.0,35.3,sensor2_serial,3,0,4,0,120,105,20.000,20.004,0,0,0,0.000000,SUCCESS,sigmoid,
2026-06-09T04:12:20,92.0,35.3,sensor2_serial,3,0,4,0,120,104,20.000,20.004,0,2,2,0.099979,SUCCESS,sigmoid,
2026-06-09T04:12:40,92.0,35.3,sensor2_serial,3,0,4,0,120,103,20.000,20.005,0,0,0,0.000000,SUCCESS,sigmoid,
2026-06-09T04:13:00,92.0,35.3,sensor2_serial,3,0,4,0,120,102,20.000,20.005,0,0,0,0.000000,SUCCESS,sigmoid,
2026-06-09T04:13:20,92.0,35.3,sensor2_serial,3,0,4,0,120,101,20.000,20.005,0,0,0,0.000000,SUCCESS,sigmoid,
2026-06-09T04:13:40,92.0,35.3,sensor2_serial,3,0,4,0,120,100,20.000,20.005,0,0,0,0.000000,SUCCESS,sigmoid,
2026-06-09T04:14:00,92.0,35.3,sensor2_serial,3,0,4,0,120,99,20.000,20.004,0,1,1,0.049989,SUCCESS,sigmoid,
2026-06-09T04:14:20,92.0,35.3,sensor2_serial,3,0,4,0,120,98,20.000,20.005,0,0,0,0.000000,SUCCESS,sigmoid,
2026-06-09T04:14:40,92.0,35.3,sensor2_serial,3,0,4,0,120,97,20.000,20.005,0,0,0,0.000000,SUCCESS,sigmoid,
2026-06-09T04:15:00,92.0,35.3,sensor2_serial,3,0,4,0,120,96,20.000,20.004,0,0,0,0.000000,SUCCESS,sigmoid,
2026-06-09T04:15:20,92.0,35.3,sensor2_serial,3,0,4,0,120,95,20.000,20.004,0,0,0,0.000000,SUCCESS,sigmoid,
2026-06-09T04:15:40,92.0,35.3,sensor2_serial,3,0,4,0,120,94,20.000,20.005,0,0,0,0.000000,SUCCESS,sigmoid,
2026-06-09T04:16:00,92.0,35.3,sensor2_serial,3,0,4,0,120,93,20.000,20.004,0,0,0,0.000000,SUCCESS,sigmoid,
2026-06-09T04:16:20,92.0,35.3,sensor2_serial,3,0,4,0,120,92,20.000,20.004,0,0,0,0.000000,SUCCESS,sigmoid,
2026-06-09T04:16:41,92.0,35.3,sensor2_serial,3,0,4,0,120,91,20.000,20.004,0,0,0,0.000000,SUCCESS,sigmoid,
2026-06-09T04:17:01,92.0,35.3,sensor2_serial,3,0,4,0,120,90,20.000,20.005,0,0,0,0.000000,SUCCESS,sigmoid,
2026-06-09T04:17:21,92.0,35.3,sensor2_serial,3,0,4,0,120,89,20.000,20.005,0,0,0,0.000000,SUCCESS,sigmoid,
2026-06-09T04:17:41,92.0,35.3,sensor2_serial,3,0,4,0,120,88,20.000,20.005,0,0,0,0.000000,SUCCESS,sigmoid,
2026-06-09T04:18:01,92.0,35.3,sensor2_serial,3,0,4,0,120,87,20.000,20.004,0,0,0,0.000000,SUCCESS,sigmoid,
2026-06-09T04:18:21,92.0,35.3,sensor2_serial,3,0,4,0,120,86,20.000,20.005,0,0,0,0.000000,SUCCESS,sigmoid,
2026-06-09T04:18:41,92.0,35.3,sensor2_serial,3,0,4,0,120,85,20.000,20.005,0,0,0,0.000000,SUCCESS,sigmoid,
2026-06-09T04:19:01,92.0,35.3,sensor2_serial,3,0,4,0,120,84,20.000,20.004,0,0,0,0.000000,SUCCESS,sigmoid,
2026-06-09T04:19:21,92.0,35.3,sensor2_serial,3,0,4,0,120,83,20.000,20.004,0,0,0,0.000000,SUCCESS,sigmoid,
2026-06-09T04:19:41,92.0,35.3,sensor2_serial,3,0,4,0,120,82,20.000,20.005,0,0,0,0.000000,SUCCESS,sigmoid,
2026-06-09T04:20:01,92.0,35.3,sensor2_serial,3,0,4,0,120,81,20.000,20.005,0,0,0,0.000000,SUCCESS,sigmoid,
2026-06-09T04:20:21,92.0,35.3,sensor2_serial,3,0,4,0,120,80,20.000,20.004,0,0,0,0.000000,SUCCESS,sigmoid,
2026-06-09T04:20:41,92.0,35.3,sensor2_serial,3,0,4,0,120,79,20.000,20.005,0,0,0,0.000000,SUCCESS,sigmoid,
2026-06-09T04:21:01,92.0,35.3,sensor2_serial,3,1,5,1,120,255,20.000,20.005,0,1155640,1155640,57767.605973,SUCCESS,sigmoid,
2026-06-09T04:21:21,92.0,35.3,sensor2_serial,3,1,5,1,120,254,20.000,20.005,0,1476614,1476614,73811.858574,SUCCESS,sigmoid,
2026-06-09T04:21:41,92.0,35.3,sensor2_serial,3,1,5,1,120,253,20.000,20.005,0,1705450,1705450,85250.486684,SUCCESS,sigmoid,
2026-06-09T04:22:02,92.0,35.3,sensor2_serial,3,1,5,1,120,252,20.000,20.005,0,1782759,1782759,89116.443771,SUCCESS,sigmoid,
2026-06-09T04:22:22,92.0,35.3,sensor2_serial,3,1,5,1,120,251,20.000,20.006,0,1779491,1779491,88950.067176,SUCCESS,sigmoid,
2026-06-09T04:22:42,92.0,35.3,sensor2_serial,3,1,5,1,120,250,20.000,20.005,0,1832355,1832355,91593.143497,SUCCESS,sigmoid,
2026-06-09T04:23:02,92.0,35.3,sensor2_serial,3,1,5,1,120,249,20.000,20.005,0,1946267,1946267,97287.496689,SUCCESS,sigmoid,
2026-06-09T04:23:22,92.0,35.3,sensor2_serial,3,1,5,1,120,248,20.000,20.006,0,2195173,2195173,109727.868776,SUCCESS,sigmoid,
2026-06-09T04:23:42,92.0,35.3,sensor2_serial,3,1,5,1,120,247,20.000,20.005,0,2539607,2539607,126946.332120,SUCCESS,sigmoid,
2026-06-09T04:24:02,92.0,35.3,sensor2_serial,3,1,5,1,120,246,20.000,20.006,0,2884554,2884554,144187.633594,SUCCESS,sigmoid,
2026-06-09T04:24:22,92.0,35.3,sensor2_serial,3,1,5,1,120,245,20.000,20.005,0,3186777,3186777,159296.383538,SUCCESS,sigmoid,
2026-06-09T04:24:42,92.0,35.3,sensor2_serial,3,1,5,1,120,244,20.000,20.005,0,3101682,3101682,155044.406481,SUCCESS,sigmoid,
2026-06-09T04:25:02,92.0,35.3,sensor2_serial,3,1,5,1,120,243,20.000,20.006,0,2595700,2595700,129748.955049,SUCCESS,sigmoid,
2026-06-09T04:25:22,92.0,35.3,sensor2_serial,3,1,5,1,120,242,20.000,20.005,0,1874290,1874290,93690.328575,SUCCESS,sigmoid,
2026-06-09T04:25:42,92.0,35.3,sensor2_serial,3,1,5,1,120,241,20.000,20.005,0,1154675,1154675,57718.613379,SUCCESS,sigmoid,
2026-06-09T04:26:02,92.0,35.3,sensor2_serial,3,1,5,1,120,240,20.000,20.006,0,573678,573678,28676.013642,SUCCESS,sigmoid,
2026-06-09T04:26:22,92.0,35.3,sensor2_serial,3,1,5,1,120,239,20.000,20.005,0,448015,448015,22394.930890,SUCCESS,sigmoid,
2026-06-09T04:26:42,92.0,35.3,sensor2_serial,3,1,5,1,120,238,20.000,20.005,0,237910,237910,11892.254960,SUCCESS,sigmoid,
2026-06-09T04:27:02,92.0,35.3,sensor2_serial,3,1,5,1,120,237,20.000,20.005,0,86084,86084,4303.041577,SUCCESS,sigmoid,
2026-06-09T04:27:22,92.0,35.3,sensor2_serial,3,1,5,1,120,236,20.000,20.005,0,43605,43605,2179.655627,SUCCESS,sigmoid,
2026-06-09T04:27:43,92.0,35.3,sensor2_serial,3,1,5,1,120,235,20.000,20.006,0,17797,17797,889.604687,SUCCESS,sigmoid,
2026-06-09T04:28:03,92.0,35.3,sensor2_serial,3,1,5,1,120,234,20.000,20.005,0,6868,6868,343.321919,SUCCESS,sigmoid,
2026-06-09T04:28:23,92.0,35.3,sensor2_serial,3,1,5,1,120,233,20.000,20.005,0,2571,2571,128.517491,SUCCESS,sigmoid,
2026-06-09T04:28:43,92.0,35.3,sensor2_serial,3,1,5,1,120,232,20.000,20.004,0,1063,1063,53.138779,SUCCESS,sigmoid,
2026-06-09T04:29:03,92.0,35.3,sensor2_serial,3,1,5,1,120,231,20.000,20.006,0,536,536,26.792000,SUCCESS,sigmoid,
2026-06-09T04:29:23,92.0,35.3,sensor2_serial,3,1,5,1,120,230,20.000,20.005,0,274,274,13.696503,SUCCESS,sigmoid,
2026-06-09T04:29:43,92.0,35.3,sensor2_serial,3,1,5,1,120,229,20.000,20.005,0,211,211,10.547596,SUCCESS,sigmoid,
2026-06-09T04:30:03,92.0,35.3,sensor2_serial,3,1,5,1,120,228,20.000,20.004,0,196,196,9.797840,SUCCESS,sigmoid,
2026-06-09T04:30:23,92.0,35.3,sensor2_serial,3,1,5,1,120,227,20.000,20.006,0,174,174,8.697602,SUCCESS,sigmoid,
2026-06-09T04:30:43,92.0,35.3,sensor2_serial,3,1,5,1,120,226,20.000,20.005,0,188,188,9.397605,SUCCESS,sigmoid,
2026-06-09T04:31:03,92.0,35.3,sensor2_serial,3,1,5,1,120,225,20.000,20.005,0,157,157,7.848140,SUCCESS,sigmoid,
2026-06-09T04:31:23,92.0,35.3,sensor2_serial,3,1,5,1,120,224,20.000,20.005,0,158,158,7.897962,SUCCESS,sigmoid,
2026-06-09T04:31:43,92.0,35.3,sensor2_serial,3,1,5,1,120,223,20.000,20.005,0,184,184,9.197904,SUCCESS,sigmoid,
2026-06-09T04:32:03,92.0,35.3,sensor2_serial,3,1,5,1,120,222,20.000,20.004,0,169,169,8.448130,SUCCESS,sigmoid,
2026-06-09T04:32:23,92.0,35.3,sensor2_serial,3,1,5,1,120,221,20.000,20.005,0,182,182,9.097507,SUCCESS,sigmoid,
2026-06-09T04:32:43,92.0,35.3,sensor2_serial,3,1,5,1,120,220,20.000,20.005,0,169,169,8.447890,SUCCESS,sigmoid,
2026-06-09T04:33:03,92.0,35.3,sensor2_serial,3,1,5,1,120,219,20.000,20.004,0,152,152,7.598336,SUCCESS,sigmoid,
2026-06-09T04:33:24,92.0,35.3,sensor2_serial,3,1,5,1,120,218,20.000,20.004,0,179,179,8.948052,SUCCESS,sigmoid,
2026-06-09T04:33:44,92.0,35.3,sensor2_serial,3,1,5,1,120,217,20.000,20.005,0,177,177,8.847814,SUCCESS,sigmoid,
2026-06-09T04:34:04,92.0,35.3,sensor2_serial,3,1,5,1,120,216,20.000,20.004,0,174,174,8.698085,SUCCESS,sigmoid,
2026-06-09T04:34:24,92.0,35.3,sensor2_serial,3,1,5,1,120,215,20.000,20.005,0,137,137,6.848429,SUCCESS,sigmoid,
2026-06-09T04:34:44,92.0,35.3,sensor2_serial,3,1,5,1,120,214,20.000,20.005,0,181,181,9.047755,SUCCESS,sigmoid,
2026-06-09T04:35:04,92.0,35.3,sensor2_serial,3,1,5,1,120,213,20.000,20.006,0,164,164,8.197690,SUCCESS,sigmoid,
2026-06-09T04:35:24,92.0,35.3,sensor2_serial,3,1,5,1,120,212,20.000,20.005,0,168,168,8.397847,SUCCESS,sigmoid,
2026-06-09T04:35:44,92.0,35.3,sensor2_serial,3,1,5,1,120,211,20.000,20.005,0,162,162,8.097861,SUCCESS,sigmoid,
2026-06-09T04:36:04,92.0,35.3,sensor2_serial,3,1,5,1,120,210,20.000,20.005,0,170,170,8.497810,SUCCESS,sigmoid,
2026-06-09T04:36:24,92.0,35.3,sensor2_serial,3,1,5,1,120,209,20.000,20.005,0,168,168,8.398029,SUCCESS,sigmoid,
2026-06-09T04:36:44,92.0,35.3,sensor2_serial,3,1,5,1,120,208,20.000,20.005,0,154,154,7.698243,SUCCESS,sigmoid,
2026-06-09T04:37:04,92.0,35.3,sensor2_serial,3,1,5,1,120,207,20.000,20.005,0,148,148,7.398070,SUCCESS,sigmoid,
2026-06-09T04:37:24,92.0,35.3,sensor2_serial,3,1,5,1,120,206,20.000,20.005,0,154,154,7.698028,SUCCESS,sigmoid,
2026-06-09T04:37:44,92.0,35.3,sensor2_serial,3,1,5,1,120,205,20.000,20.005,0,173,173,8.647978,SUCCESS,sigmoid,
2026-06-09T04:38:04,92.0,35.3,sensor2_serial,3,1,5,1,120,204,20.000,20.005,0,146,146,7.298207,SUCCESS,sigmoid,
2026-06-09T04:38:24,92.0,35.3,sensor2_serial,3,1,5,1,120,203,20.000,20.005,0,182,182,9.097936,SUCCESS,sigmoid,
2026-06-09T04:38:44,92.0,35.3,sensor2_serial,3,1,5,1,120,202,20.000,20.005,0,155,155,7.748177,SUCCESS,sigmoid,
2026-06-09T04:39:05,92.0,35.3,sensor2_serial,3,1,5,1,120,201,20.000,20.005,0,154,154,7.698266,SUCCESS,sigmoid,
2026-06-09T04:39:25,92.0,35.3,sensor2_serial,3,1,5,1,120,200,20.000,20.005,0,138,138,6.898345,SUCCESS,sigmoid,
2026-06-09T04:39:45,92.0,35.3,sensor2_serial,3,1,5,1,120,199,20.000,20.004,0,169,169,8.448116,SUCCESS,sigmoid,
2026-06-09T04:40:05,92.0,35.3,sensor2_serial,3,1,5,1,120,198,20.000,20.005,0,144,144,7.198357,SUCCESS,sigmoid,
2026-06-09T04:40:25,92.0,35.3,sensor2_serial,3,1,5,1,120,197,20.000,20.005,0,169,169,8.447989,SUCCESS,sigmoid,
2026-06-09T04:40:45,92.0,35.3,sensor2_serial,3,1,5,1,120,196,20.000,20.005,0,178,178,8.897720,SUCCESS,sigmoid,
2026-06-09T04:41:05,92.0,35.3,sensor2_serial,3,1,5,1,120,195,20.000,20.005,0,174,174,8.697917,SUCCESS,sigmoid,
2026-06-09T04:41:25,92.0,35.3,sensor2_serial,3,1,5,1,120,194,20.000,20.005,0,170,170,8.498060,SUCCESS,sigmoid,
2026-06-09T04:41:45,92.0,35.3,sensor2_serial,3,1,5,1,120,193,20.000,20.005,0,171,171,8.547820,SUCCESS,sigmoid,
2026-06-09T04:42:05,92.0,35.3,sensor2_serial,3,1,5,1,120,192,20.000,20.004,0,148,148,7.398377,SUCCESS,sigmoid,
2026-06-09T04:42:25,92.0,35.3,sensor2_serial,3,1,5,1,120,191,20.000,20.005,0,146,146,7.298297,SUCCESS,sigmoid,
2026-06-09T04:42:45,92.0,35.3,sensor2_serial,3,1,5,1,120,190,20.000,20.005,0,167,167,8.348016,SUCCESS,sigmoid,
2026-06-09T04:43:05,92.0,35.3,sensor2_serial,3,1,5,1,120,189,20.000,20.005,0,149,149,7.448055,SUCCESS,sigmoid,
2026-06-09T04:43:25,92.0,35.3,sensor2_serial,3,1,5,1,120,188,20.000,20.004,0,159,159,7.948221,SUCCESS,sigmoid,
2026-06-09T04:43:45,92.0,35.3,sensor2_serial,3,1,5,1,120,187,20.000,20.004,0,149,149,7.448374,SUCCESS,sigmoid,
2026-06-09T04:44:05,92.0,35.3,sensor2_serial,3,1,5,1,120,186,20.000,20.005,0,145,145,7.248260,SUCCESS,sigmoid,
2026-06-09T04:44:25,92.0,35.3,sensor2_serial,3,1,5,1,120,185,20.000,20.004,0,116,116,5.798807,SUCCESS,sigmoid,
2026-06-09T04:44:46,92.0,35.3,sensor2_serial,3,1,5,1,120,184,20.000,20.005,0,157,157,7.848173,SUCCESS,sigmoid,
2026-06-09T04:45:06,92.0,35.3,sensor2_serial,3,1,5,1,120,183,20.000,20.005,0,157,157,7.847972,SUCCESS,sigmoid,
2026-06-09T04:45:26,92.0,35.3,sensor2_serial,3,1,5,1,120,182,20.000,20.006,0,173,173,8.647578,SUCCESS,sigmoid,
2026-06-09T04:45:46,92.0,35.3,sensor2_serial,3,1,5,1,120,181,20.000,20.005,0,152,152,7.597929,SUCCESS,sigmoid,
2026-06-09T04:46:06,92.0,35.3,sensor2_serial,3,1,5,1,120,180,20.000,20.004,0,152,152,7.598380,SUCCESS,sigmoid,
2026-06-09T04:46:26,92.0,35.3,sensor2_serial,3,1,5,1,120,179,20.000,20.006,0,152,152,7.597897,SUCCESS,sigmoid,
2026-06-09T04:46:46,92.0,35.3,sensor2_serial,3,1,5,1,120,178,20.000,20.005,0,160,160,7.997970,SUCCESS,sigmoid,
2026-06-09T04:47:06,92.0,35.3,sensor2_serial,3,1,5,1,120,177,20.000,20.005,0,144,144,7.198050,SUCCESS,sigmoid,
2026-06-09T04:47:26,92.0,35.3,sensor2_serial,3,1,5,1,120,176,20.000,20.005,0,146,146,7.298047,SUCCESS,sigmoid,
2026-06-09T04:47:46,92.0,35.3,sensor2_serial,3,1,5,1,120,175,20.000,20.005,0,138,138,6.898325,SUCCESS,sigmoid,
2026-06-09T04:48:06,92.0,35.3,sensor2_serial,3,1,5,1,120,174,20.000,20.004,0,156,156,7.798262,SUCCESS,sigmoid,
2026-06-09T04:48:26,92.0,35.3,sensor2_serial,3,1,5,1,120,173,20.000,20.005,0,127,127,6.348526,SUCCESS,sigmoid,
2026-06-09T04:48:46,92.0,35.3,sensor2_serial,3,1,5,1,120,172,20.000,20.005,0,153,153,7.648240,SUCCESS,sigmoid,
2026-06-09T04:49:06,92.0,35.3,sensor2_serial,3,1,5,1,120,171,20.000,20.005,0,154,154,7.698262,SUCCESS,sigmoid,
2026-06-09T04:49:26,92.0,35.3,sensor2_serial,3,1,5,1,120,170,20.000,20.004,0,127,127,6.348595,SUCCESS,sigmoid,
2026-06-09T04:49:46,92.0,35.3,sensor2_serial,3,1,5,1,120,169,20.000,20.004,0,143,143,7.148392,SUCCESS,sigmoid,
2026-06-09T04:50:06,92.0,35.3,sensor2_serial,3,1,5,1,120,168,20.000,20.004,0,153,153,7.648356,SUCCESS,sigmoid,
2026-06-09T04:50:27,92.0,35.3,sensor2_serial,3,1,5,1,120,167,20.000,20.005,0,132,132,6.598454,SUCCESS,sigmoid,
2026-06-09T04:50:47,92.0,35.3,sensor2_serial,3,1,5,1,120,166,20.000,20.005,0,135,135,6.748224,SUCCESS,sigmoid,
2026-06-09T04:51:07,92.0,35.3,sensor2_serial,3,1,5,1,120,165,20.000,20.005,0,155,155,7.747928,SUCCESS,sigmoid,
2026-06-09T04:51:27,92.0,35.3,sensor2_serial,3,1,5,1,120,164,20.000,20.005,0,130,130,6.498516,SUCCESS,sigmoid,
2026-06-09T04:51:47,92.0,35.3,sensor2_serial,3,1,5,1,120,163,20.000,20.005,0,143,143,7.148038,SUCCESS,sigmoid,
2026-06-09T04:52:07,92.0,35.3,sensor2_serial,3,1,5,1,120,162,20.000,20.004,0,143,143,7.148428,SUCCESS,sigmoid,
2026-06-09T04:52:27,92.0,35.3,sensor2_serial,3,1,5,1,120,161,20.000,20.005,0,118,118,5.898473,SUCCESS,sigmoid,
2026-06-09T04:52:47,92.0,35.3,sensor2_serial,3,1,5,1,120,160,20.000,20.005,0,130,130,6.498497,SUCCESS,sigmoid,
2026-06-09T04:53:07,92.0,35.3,sensor2_serial,3,1,5,1,120,159,20.000,20.005,0,139,139,6.948312,SUCCESS,sigmoid,
2026-06-09T04:53:27,92.0,35.3,sensor2_serial,3,1,5,1,120,158,20.000,20.004,0,137,137,6.848488,SUCCESS,sigmoid,
2026-06-09T04:53:47,92.0,35.3,sensor2_serial,3,1,5,1,120,157,20.000,20.005,0,133,133,6.648467,SUCCESS,sigmoid,
2026-06-09T04:54:07,92.0,35.3,sensor2_serial,3,1,5,1,120,156,20.000,20.005,0,132,132,6.598200,SUCCESS,sigmoid,
2026-06-09T04:54:27,92.0,35.3,sensor2_serial,3,1,5,1,120,155,20.000,20.005,0,113,113,5.648705,SUCCESS,sigmoid,
2026-06-09T04:54:47,92.0,35.3,sensor2_serial,3,1,5,1,120,154,20.000,20.005,0,122,122,6.098586,SUCCESS,sigmoid,
2026-06-09T04:55:07,92.0,35.3,sensor2_serial,3,1,5,1,120,153,20.000,20.005,0,125,125,6.248489,SUCCESS,sigmoid,
2026-06-09T04:55:27,92.0,35.3,sensor2_serial,3,1,5,1,120,152,20.000,20.004,0,135,135,6.748574,SUCCESS,sigmoid,
2026-06-09T04:55:48,92.0,35.3,sensor2_serial,3,1,5,1,120,151,20.000,20.005,0,103,103,5.148710,SUCCESS,sigmoid,
2026-06-09T04:56:08,92.0,35.3,sensor2_serial,3,1,5,1,120,150,20.000,20.005,0,99,99,4.948685,SUCCESS,sigmoid,
2026-06-09T04:56:28,92.0,35.3,sensor2_serial,3,1,5,1,120,149,20.000,20.005,0,134,134,6.698377,SUCCESS,sigmoid,
2026-06-09T04:56:48,92.0,35.3,sensor2_serial,3,1,5,1,120,148,20.000,20.005,0,119,119,5.948619,SUCCESS,sigmoid,
2026-06-09T04:57:08,92.0,35.3,sensor2_serial,3,1,5,1,120,147,20.000,20.005,0,91,91,4.548939,SUCCESS,sigmoid,
2026-06-09T04:57:28,92.0,35.3,sensor2_serial,3,1,5,1,120,146,20.000,20.005,0,112,112,5.598575,SUCCESS,sigmoid,
2026-06-09T04:57:48,92.0,35.3,sensor2_serial,3,1,5,1,120,145,20.000,20.005,0,114,114,5.698530,SUCCESS,sigmoid,
2026-06-09T04:58:08,92.0,35.3,sensor2_serial,3,1,5,1,120,144,20.000,20.005,0,77,77,3.849017,SUCCESS,sigmoid,
2026-06-09T04:58:28,92.0,35.3,sensor2_serial,3,1,5,1,120,143,20.000,20.004,0,64,64,3.199286,SUCCESS,sigmoid,
2026-06-09T04:58:48,92.0,35.3,sensor2_serial,3,1,5,1,120,142,20.000,20.004,0,81,81,4.049140,SUCCESS,sigmoid,
2026-06-09T04:59:08,92.0,35.3,sensor2_serial,3,1,5,1,120,141,20.000,20.005,0,71,71,3.549113,SUCCESS,sigmoid,
2026-06-09T04:59:28,92.0,35.3,sensor2_serial,3,1,5,1,120,140,20.000,20.005,0,84,84,4.198922,SUCCESS,sigmoid,
2026-06-09T04:59:48,92.0,35.3,sensor2_serial,3,1,5,1,120,139,20.000,20.005,0,69,69,3.449206,SUCCESS,sigmoid,
2026-06-09T05:00:08,92.0,35.3,sensor2_serial,3,1,5,1,120,138,20.000,20.004,0,66,66,3.299307,SUCCESS,sigmoid,
2026-06-09T05:00:28,92.0,35.3,sensor2_serial,3,1,5,1,120,137,20.000,20.005,0,77,77,3.849052,SUCCESS,sigmoid,
2026-06-09T05:00:48,92.0,35.3,sensor2_serial,3,1,5,1,120,136,20.000,20.004,0,69,69,3.449229,SUCCESS,sigmoid,
2026-06-09T05:01:08,92.0,35.3,sensor2_serial,3,1,5,1,120,135,20.000,20.005,0,75,75,3.749058,SUCCESS,sigmoid,
2026-06-09T05:01:29,92.0,35.3,sensor2_serial,3,1,5,1,120,134,20.000,20.005,0,51,51,2.549384,SUCCESS,sigmoid,
2026-06-09T05:01:49,92.0,35.3,sensor2_serial,3,1,5,1,120,133,20.000,20.005,0,37,37,1.849556,SUCCESS,sigmoid,
2026-06-09T05:02:09,92.0,35.3,sensor2_serial,3,1,5,1,120,132,20.000,20.004,0,48,48,2.399471,SUCCESS,sigmoid,
2026-06-09T05:02:29,92.0,35.3,sensor2_serial,3,1,5,1,120,131,20.000,20.005,0,49,49,2.449446,SUCCESS,sigmoid,
2026-06-09T05:02:49,92.0,35.3,sensor2_serial,3,1,5,1,120,130,20.000,20.005,0,38,38,1.899548,SUCCESS,sigmoid,
2026-06-09T05:03:09,92.0,35.3,sensor2_serial,3,1,5,1,120,129,20.000,20.004,0,56,56,2.799430,SUCCESS,sigmoid,
2026-06-09T05:03:29,92.0,35.3,sensor2_serial,3,1,5,1,120,128,20.000,20.005,0,36,36,1.799522,SUCCESS,sigmoid,
2026-06-09T05:03:49,92.0,35.3,sensor2_serial,3,1,5,1,120,127,20.000,20.004,0,50,50,2.499450,SUCCESS,sigmoid,
2026-06-09T05:04:09,92.0,35.3,sensor2_serial,3,1,5,1,120,126,20.000,20.004,0,37,37,1.849648,SUCCESS,sigmoid,
2026-06-09T05:04:29,92.0,35.3,sensor2_serial,3,1,5,1,120,125,20.000,20.005,0,24,24,1.199729,SUCCESS,sigmoid,
2026-06-09T05:04:49,92.0,35.3,sensor2_serial,3,1,5,1,120,124,20.000,20.005,0,34,34,1.699582,SUCCESS,sigmoid,
2026-06-09T05:05:09,92.0,35.3,sensor2_serial,3,1,5,1,120,123,20.000,20.005,0,37,37,1.849527,SUCCESS,sigmoid,
2026-06-09T05:05:29,92.0,35.3,sensor2_serial,3,1,5,1,120,122,20.000,20.005,0,25,25,1.249701,SUCCESS,sigmoid,
2026-06-09T05:05:49,92.0,35.3,sensor2_serial,3,1,5,1,120,121,20.000,20.005,0,22,22,1.099738,SUCCESS,sigmoid,
2026-06-09T05:06:09,92.0,35.3,sensor2_serial,3,1,5,1,120,120,20.000,20.004,0,22,22,1.099776,SUCCESS,sigmoid,
2026-06-09T05:06:29,92.0,35.3,sensor2_serial,3,1,5,1,120,119,20.000,20.005,0,21,21,1.049738,SUCCESS,sigmoid,
2026-06-09T05:06:49,92.0,35.3,sensor2_serial,3,1,5,1,120,118,20.000,20.005,0,17,17,0.849777,SUCCESS,sigmoid,
2026-06-09T05:07:10,92.0,35.3,sensor2_serial,3,1,5,1,120,117,20.000,20.005,0,11,11,0.549869,SUCCESS,sigmoid,
2026-06-09T05:07:30,92.0,35.3,sensor2_serial,3,1,5,1,120,116,20.000,20.005,0,11,11,0.549871,SUCCESS,sigmoid,
2026-06-09T05:07:50,92.0,35.3,sensor2_serial,3,1,5,1,120,115,20.000,20.005,0,8,8,0.399899,SUCCESS,sigmoid,
2026-06-09T05:08:10,92.0,35.3,sensor2_serial,3,1,5,1,120,114,20.000,20.004,0,3,3,0.149967,SUCCESS,sigmoid,
2026-06-09T05:08:30,92.0,35.3,sensor2_serial,3,1,5,1,120,113,20.000,20.005,0,15,15,0.749827,SUCCESS,sigmoid,
2026-06-09T05:08:50,92.0,35.3,sensor2_serial,3,1,5,1,120,112,20.000,20.005,0,2,2,0.099977,SUCCESS,sigmoid,
2026-06-09T05:09:10,92.0,35.3,sensor2_serial,3,1,5,1,120,111,20.000,20.004,0,7,7,0.349927,SUCCESS,sigmoid,
2026-06-09T05:09:30,92.0,35.3,sensor2_serial,3,1,5,1,120,110,20.000,20.004,0,6,6,0.299934,SUCCESS,sigmoid,
2026-06-09T05:09:50,92.0,35.3,sensor2_serial,3,1,5,1,120,109,20.000,20.005,0,5,5,0.249942,SUCCESS,sigmoid,
2026-06-09T05:10:10,92.0,35.3,sensor2_serial,3,1,5,1,120,108,20.000,20.005,0,2,2,0.099977,SUCCESS,sigmoid,
2026-06-09T05:10:30,92.0,35.3,sensor2_serial,3,1,5,1,120,107,20.000,20.004,0,1,1,0.049990,SUCCESS,sigmoid,
2026-06-09T05:10:50,92.0,35.3,sensor2_serial,3,1,5,1,120,106,20.000,20.004,0,1,1,0.049989,SUCCESS,sigmoid,
2026-06-09T05:11:10,92.0,35.3,sensor2_serial,3,1,5,1,120,105,20.000,20.006,0,1,1,0.049986,SUCCESS,sigmoid,
2026-06-09T05:11:30,92.0,35.3,sensor2_serial,3,1,5,1,120,104,20.000,20.005,0,0,0,0.000000,SUCCESS,sigmoid,
2026-06-09T05:11:50,92.0,35.3,sensor2_serial,3,1,5,1,120,103,20.000,20.004,0,0,0,0.000000,SUCCESS,sigmoid,
2026-06-09T05:12:10,92.0,35.3,sensor2_serial,3,1,5,1,120,102,20.000,20.005,0,1,1,0.049987,SUCCESS,sigmoid,
2026-06-09T05:12:30,92.0,35.3,sensor2_serial,3,1,5,1,120,101,20.000,20.005,0,0,0,0.000000,SUCCESS,sigmoid,
2026-06-09T05:12:51,92.0,35.3,sensor2_serial,3,1,5,1,120,100,20.000,20.005,0,2,2,0.099977,SUCCESS,sigmoid,
2026-06-09T05:13:11,92.0,35.3,sensor2_serial,3,1,5,1,120,99,20.000,20.005,0,0,0,0.000000,SUCCESS,sigmoid,
2026-06-09T05:13:31,92.0,35.3,sensor2_serial,3,1,5,1,120,98,20.000,20.004,0,0,0,0.000000,SUCCESS,sigmoid,
2026-06-09T05:13:51,92.0,35.3,sensor2_serial,3,1,5,1,120,97,20.000,20.004,0,1,1,0.049989,SUCCESS,sigmoid,
2026-06-09T05:14:11,92.0,35.3,sensor2_serial,3,1,5,1,120,96,20.000,20.005,0,0,0,0.000000,SUCCESS,sigmoid,
2026-06-09T05:14:31,92.0,35.3,sensor2_serial,3,1,5,1,120,95,20.000,20.005,0,0,0,0.000000,SUCCESS,sigmoid,
2026-06-09T05:14:51,92.0,35.3,sensor2_serial,3,1,5,1,120,94,20.000,20.005,0,1,1,0.049988,SUCCESS,sigmoid,
2026-06-09T05:15:11,92.0,35.3,sensor2_serial,3,1,5,1,120,93,20.000,20.004,0,0,0,0.000000,SUCCESS,sigmoid,
2026-06-09T05:15:31,92.0,35.3,sensor2_serial,3,1,5,1,120,92,20.000,20.004,0,0,0,0.000000,SUCCESS,sigmoid,
2026-06-09T05:15:51,92.0,35.3,sensor2_serial,3,1,5,1,120,91,20.000,20.005,0,0,0,0.000000,SUCCESS,sigmoid,
2026-06-09T05:16:11,92.0,35.3,sensor2_serial,3,1,5,1,120,90,20.000,20.005,0,0,0,0.000000,SUCCESS,sigmoid,
2026-06-09T05:16:31,92.0,35.3,sensor2_serial,3,1,5,1,120,89,20.000,20.005,0,0,0,0.000000,SUCCESS,sigmoid,
2026-06-09T05:16:51,92.0,35.3,sensor2_serial,3,1,5,1,120,88,20.000,20.005,0,0,0,0.000000,SUCCESS,sigmoid,
2026-06-09T05:17:11,92.0,35.3,sensor2_serial,3,1,5,1,120,87,20.000,20.004,0,0,0,0.000000,SUCCESS,sigmoid,
2026-06-09T05:17:31,92.0,35.3,sensor2_serial,3,1,5,1,120,86,20.000,20.005,0,0,0,0.000000,SUCCESS,sigmoid,
2026-06-09T05:17:51,92.0,35.3,sensor2_serial,3,1,5,1,120,85,20.000,20.005,0,0,0,0.000000,SUCCESS,sigmoid,
2026-06-09T05:18:11,92.0,35.3,sensor2_serial,3,1,5,1,120,84,20.000,20.004,0,0,0,0.000000,SUCCESS,sigmoid,
2026-06-09T05:18:32,92.0,35.3,sensor2_serial,3,1,5,1,120,83,20.000,20.004,0,0,0,0.000000,SUCCESS,sigmoid,
2026-06-09T05:18:52,92.0,35.3,sensor2_serial,3,1,5,1,120,82,20.000,20.005,0,0,0,0.000000,SUCCESS,sigmoid,
2026-06-09T05:19:12,92.0,35.3,sensor2_serial,3,1,5,1,120,81,20.000,20.005,0,0,0,0.000000,SUCCESS,sigmoid,
2026-06-09T05:19:32,92.0,35.3,sensor2_serial,3,1,5,1,120,80,20.000,20.005,0,0,0,0.000000,SUCCESS,sigmoid,
2026-06-09T05:19:52,92.0,35.3,sensor2_serial,3,1,5,1,120,79,20.000,20.004,0,0,0,0.000000,SUCCESS,sigmoid,
2026-06-09T05:20:12,92.0,35.3,sensor2_serial,3,1,5,1,120,78,20.000,20.004,0,0,0,0.000000,SUCCESS,sigmoid,
2026-06-09T05:20:32,92.0,35.3,sensor2_serial,3,1,5,1,120,77,20.000,20.005,0,0,0,0.000000,SUCCESS,sigmoid,
2026-06-09T05:20:52,92.0,35.3,sensor2_serial,3,1,5,1,120,76,20.000,20.005,0,0,0,0.000000,SUCCESS,sigmoid,
2026-06-09T05:21:12,92.0,35.3,sensor2_serial,3,1,5,1,120,75,20.000,20.004,0,0,0,0.000000,SUCCESS,sigmoid,
2026-06-09T05:21:32,92.0,35.3,sensor2_serial,3,1,5,1,120,74,20.000,20.004,0,0,0,0.000000,SUCCESS,sigmoid,
2026-06-09T05:21:52,92.0,35.3,sensor2_serial,3,2,6,2,120,255,20.000,20.005,0,1874259,1874259,93687.933740,SUCCESS,sigmoid,
2026-06-09T05:22:12,92.0,35.3,sensor2_serial,3,2,6,2,120,254,20.000,20.005,0,1964124,1964124,98179.220227,SUCCESS,sigmoid,
2026-06-09T05:22:32,92.0,35.3,sensor2_serial,3,2,6,2,120,253,20.000,20.005,0,2172432,2172432,108593.363629,SUCCESS,sigmoid,
2026-06-09T05:22:52,92.0,35.3,sensor2_serial,3,2,6,2,120,252,20.000,20.006,0,2430375,2430375,121483.742684,SUCCESS,sigmoid,
2026-06-09T05:23:12,92.0,35.3,sensor2_serial,3,2,6,2,120,251,20.000,20.005,0,2946274,2946274,147279.309227,SUCCESS,sigmoid,
2026-06-09T05:23:32,92.0,35.3,sensor2_serial,3,2,6,2,120,250,20.000,20.006,0,3209689,3209689,160440.012791,SUCCESS,sigmoid,
2026-06-09T05:23:52,92.0,35.3,sensor2_serial,3,2,6,2,120,249,20.000,20.005,0,3211561,3211561,160536.324681,SUCCESS,sigmoid,
2026-06-09T05:24:13,92.0,35.3,sensor2_serial,3,2,6,2,120,248,20.000,20.006,0,2800244,2800244,139973.012733,SUCCESS,sigmoid,
2026-06-09T05:24:33,92.0,35.3,sensor2_serial,3,2,6,2,120,247,20.000,20.006,0,2294220,2294220,114678.844950,SUCCESS,sigmoid,
2026-06-09T05:24:53,92.0,35.3,sensor2_serial,3,2,6,2,120,246,20.000,20.005,0,1612925,1612925,80626.154513,SUCCESS,sigmoid,
2026-06-09T05:25:13,92.0,35.3,sensor2_serial,3,2,6,2,120,245,20.000,20.005,0,963364,963364,48156.154945,SUCCESS,sigmoid,
2026-06-09T05:25:33,92.0,35.3,sensor2_serial,3,2,6,2,120,244,20.000,20.004,0,550049,550049,27496.731763,SUCCESS,sigmoid,
2026-06-09T05:25:53,92.0,35.3,sensor2_serial,3,2,6,2,120,243,20.000,20.005,0,214468,214468,10720.503450,SUCCESS,sigmoid,
2026-06-09T05:26:13,92.0,35.3,sensor2_serial,3,2,6,2,120,242,20.000,20.006,0,105653,105653,5281.173607,SUCCESS,sigmoid,
2026-06-09T05:26:33,92.0,35.3,sensor2_serial,3,2,6,2,120,241,20.000,20.006,0,46416,46416,2320.143365,SUCCESS,sigmoid,
2026-06-09T05:26:53,92.0,35.3,sensor2_serial,3,2,6,2,120,240,20.000,20.005,0,19040,19040,951.754216,SUCCESS,sigmoid,
2026-06-09T05:27:13,92.0,35.3,sensor2_serial,3,2,6,2,120,239,20.000,20.005,0,8374,8374,418.594261,SUCCESS,sigmoid,
2026-06-09T05:27:33,92.0,35.3,sensor2_serial,3,2,6,2,120,238,20.000,20.006,0,3151,3151,157.506492,SUCCESS,sigmoid,
2026-06-09T05:27:53,92.0,35.3,sensor2_serial,3,2,6,2,120,237,20.000,20.005,0,1191,1191,59.534631,SUCCESS,sigmoid,
2026-06-09T05:28:13,92.0,35.3,sensor2_serial,3,2,6,2,120,236,20.000,20.004,0,643,643,32.142948,SUCCESS,sigmoid,
2026-06-09T05:28:33,92.0,35.3,sensor2_serial,3,2,6,2,120,235,20.000,20.005,0,271,271,13.546772,SUCCESS,sigmoid,
2026-06-09T05:28:53,92.0,35.3,sensor2_serial,3,2,6,2,120,234,20.000,20.006,0,200,200,9.997215,SUCCESS,sigmoid,
2026-06-09T05:29:13,92.0,35.3,sensor2_serial,3,2,6,2,120,233,20.000,20.004,0,172,172,8.598165,SUCCESS,sigmoid,
2026-06-09T05:29:34,92.0,35.3,sensor2_serial,3,2,6,2,120,232,20.000,20.005,0,179,179,8.947809,SUCCESS,sigmoid,
2026-06-09T05:29:54,92.0,35.3,sensor2_serial,3,2,6,2,120,231,20.000,20.005,0,172,172,8.597673,SUCCESS,sigmoid,
2026-06-09T05:30:14,92.0,35.3,sensor2_serial,3,2,6,2,120,230,20.000,20.004,0,165,165,8.248187,SUCCESS,sigmoid,
2026-06-09T05:30:34,92.0,35.3,sensor2_serial,3,2,6,2,120,229,20.000,20.004,0,169,169,8.448177,SUCCESS,sigmoid,
2026-06-09T05:30:54,92.0,35.3,sensor2_serial,3,2,6,2,120,228,20.000,20.004,0,183,183,9.147949,SUCCESS,sigmoid,
2026-06-09T05:31:14,92.0,35.3,sensor2_serial,3,2,6,2,120,227,20.000,20.005,0,169,169,8.447720,SUCCESS,sigmoid,
2026-06-09T05:31:34,92.0,35.3,sensor2_serial,3,2,6,2,120,226,20.000,20.005,0,179,179,8.947895,SUCCESS,sigmoid,
2026-06-09T05:31:54,92.0,35.3,sensor2_serial,3,2,6,2,120,225,20.000,20.004,0,174,174,8.698161,SUCCESS,sigmoid,
2026-06-09T05:32:14,92.0,35.3,sensor2_serial,3,2,6,2,120,224,20.000,20.005,0,178,178,8.897655,SUCCESS,sigmoid,
2026-06-09T05:32:34,92.0,35.3,sensor2_serial,3,2,6,2,120,223,20.000,20.005,0,155,155,7.748007,SUCCESS,sigmoid,
2026-06-09T05:32:54,92.0,35.3,sensor2_serial,3,2,6,2,120,222,20.000,20.005,0,167,167,8.347730,SUCCESS,sigmoid,
2026-06-09T05:33:14,92.0,35.3,sensor2_serial,3,2,6,2,120,221,20.000,20.005,0,202,202,10.097639,SUCCESS,sigmoid,
2026-06-09T05:33:34,92.0,35.3,sensor2_serial,3,2,6,2,120,220,20.000,20.004,0,186,186,9.297952,SUCCESS,sigmoid,
2026-06-09T05:33:54,92.0,35.3,sensor2_serial,3,2,6,2,120,219,20.000,20.005,0,192,192,9.597575,SUCCESS,sigmoid,
2026-06-09T05:34:14,92.0,35.3,sensor2_serial,3,2,6,2,120,218,20.000,20.004,0,184,184,9.197950,SUCCESS,sigmoid,
2026-06-09T05:34:34,92.0,35.3,sensor2_serial,3,2,6,2,120,217,20.000,20.005,0,166,166,8.297897,SUCCESS,sigmoid,
2026-06-09T05:34:54,92.0,35.3,sensor2_serial,3,2,6,2,120,216,20.000,20.005,0,160,160,7.997965,SUCCESS,sigmoid,
2026-06-09T05:35:15,92.0,35.3,sensor2_serial,3,2,6,2,120,215,20.000,20.004,0,159,159,7.948253,SUCCESS,sigmoid,
2026-06-09T05:35:35,92.0,35.3,sensor2_serial,3,2,6,2,120,214,20.000,20.006,0,159,159,7.947724,SUCCESS,sigmoid,
2026-06-09T05:35:55,92.0,35.3,sensor2_serial,3,2,6,2,120,213,20.000,20.004,0,130,130,6.498652,SUCCESS,sigmoid,
2026-06-09T05:36:15,92.0,35.3,sensor2_serial,3,2,6,2,120,212,20.000,20.004,0,138,138,6.898513,SUCCESS,sigmoid,
2026-06-09T05:36:35,92.0,35.3,sensor2_serial,3,2,6,2,120,211,20.000,20.005,0,144,144,7.198273,SUCCESS,sigmoid,
2026-06-09T05:36:55,92.0,35.3,sensor2_serial,3,2,6,2,120,210,20.000,20.005,0,151,151,7.548169,SUCCESS,sigmoid,
2026-06-09T05:37:15,92.0,35.3,sensor2_serial,3,2,6,2,120,209,20.000,20.005,0,151,151,7.547949,SUCCESS,sigmoid,
2026-06-09T05:37:35,92.0,35.3,sensor2_serial,3,2,6,2,120,208,20.000,20.004,0,158,158,7.898238,SUCCESS,sigmoid,
2026-06-09T05:37:55,92.0,35.3,sensor2_serial,3,2,6,2,120,207,20.000,20.005,0,165,165,8.248033,SUCCESS,sigmoid,
2026-06-09T05:38:15,92.0,35.3,sensor2_serial,3,2,6,2,120,206,20.000,20.005,0,163,163,8.148009,SUCCESS,sigmoid,
2026-06-09T05:38:35,92.0,35.3,sensor2_serial,3,2,6,2,120,205,20.000,20.005,0,163,163,8.148116,SUCCESS,sigmoid,
2026-06-09T05:38:55,92.0,35.3,sensor2_serial,3,2,6,2,120,204,20.000,20.006,0,163,163,8.147734,SUCCESS,sigmoid,
2026-06-09T05:39:15,92.0,35.3,sensor2_serial,3,2,6,2,120,203,20.000,20.005,0,140,140,6.998193,SUCCESS,sigmoid,
2026-06-09T05:39:35,92.0,35.3,sensor2_serial,3,2,6,2,120,202,20.000,20.005,0,138,138,6.898345,SUCCESS,sigmoid,
2026-06-09T05:39:55,92.0,35.3,sensor2_serial,3,2,6,2,120,201,20.000,20.005,0,180,180,8.997971,SUCCESS,sigmoid,
2026-06-09T05:40:15,92.0,35.3,sensor2_serial,3,2,6,2,120,200,20.000,20.004,0,186,186,9.297996,SUCCESS,sigmoid,
2026-06-09T05:40:35,92.0,35.3,sensor2_serial,3,2,6,2,120,199,20.000,20.005,0,170,170,8.497792,SUCCESS,sigmoid,
2026-06-09T05:40:56,92.0,35.3,sensor2_serial,3,2,6,2,120,198,20.000,20.005,0,160,160,7.997939,SUCCESS,sigmoid,
2026-06-09T05:41:16,92.0,35.3,sensor2_serial,3,2,6,2,120,197,20.000,20.005,0,169,169,8.447867,SUCCESS,sigmoid,
2026-06-09T05:41:36,92.0,35.3,sensor2_serial,3,2,6,2,120,196,20.000,20.005,0,177,177,8.847905,SUCCESS,sigmoid,
2026-06-09T05:41:56,92.0,35.3,sensor2_serial,3,2,6,2,120,195,20.000,20.004,0,149,149,7.448471,SUCCESS,sigmoid,
2026-06-09T05:42:16,92.0,35.3,sensor2_serial,3,2,6,2,120,194,20.000,20.004,0,159,159,7.948344,SUCCESS,sigmoid,
2026-06-09T05:42:36,92.0,35.3,sensor2_serial,3,2,6,2,120,193,20.000,20.004,0,159,159,7.948294,SUCCESS,sigmoid,
2026-06-09T05:42:56,92.0,35.3,sensor2_serial,3,2,6,2,120,192,20.000,20.006,0,149,149,7.447796,SUCCESS,sigmoid,
2026-06-09T05:43:16,92.0,35.3,sensor2_serial,3,2,6,2,120,191,20.000,20.004,0,155,155,7.748393,SUCCESS,sigmoid,
2026-06-09T05:43:36,92.0,35.3,sensor2_serial,3,2,6,2,120,190,20.000,20.005,0,162,162,8.098072,SUCCESS,sigmoid,
2026-06-09T05:43:56,92.0,35.3,sensor2_serial,3,2,6,2,120,189,20.000,20.005,0,137,137,6.848340,SUCCESS,sigmoid,
2026-06-09T05:44:16,92.0,35.3,sensor2_serial,3,2,6,2,120,188,20.000,20.005,0,156,156,7.798121,SUCCESS,sigmoid,
2026-06-09T05:44:36,92.0,35.3,sensor2_serial,3,2,6,2,120,187,20.000,20.005,0,160,160,7.998177,SUCCESS,sigmoid,
2026-06-09T05:44:56,92.0,35.3,sensor2_serial,3,2,6,2,120,186,20.000,20.005,0,150,150,7.498123,SUCCESS,sigmoid,
2026-06-09T05:45:16,92.0,35.3,sensor2_serial,3,2,6,2,120,185,20.000,20.005,0,150,150,7.498306,SUCCESS,sigmoid,
2026-06-09T05:45:36,92.0,35.3,sensor2_serial,3,2,6,2,120,184,20.000,20.005,0,150,150,7.498142,SUCCESS,sigmoid,
2026-06-09T05:45:56,92.0,35.3,sensor2_serial,3,2,6,2,120,183,20.000,20.005,0,142,142,7.098101,SUCCESS,sigmoid,
2026-06-09T05:46:16,92.0,35.3,sensor2_serial,3,2,6,2,120,182,20.000,20.005,0,142,142,7.098398,SUCCESS,sigmoid,
2026-06-09T05:46:37,92.0,35.3,sensor2_serial,3,2,6,2,120,181,20.000,20.005,0,145,145,7.248323,SUCCESS,sigmoid,
2026-06-09T05:46:57,92.0,35.3,sensor2_serial,3,2,6,2,120,180,20.000,20.005,0,141,141,7.048326,SUCCESS,sigmoid,
2026-06-09T05:47:17,92.0,35.3,sensor2_serial,3,2,6,2,120,179,20.000,20.005,0,134,134,6.698271,SUCCESS,sigmoid,
2026-06-09T05:47:37,92.0,35.3,sensor2_serial,3,2,6,2,120,178,20.000,20.004,0,151,151,7.548343,SUCCESS,sigmoid,
2026-06-09T05:47:57,92.0,35.3,sensor2_serial,3,2,6,2,120,177,20.000,20.004,0,142,142,7.098406,SUCCESS,sigmoid,
2026-06-09T05:48:17,92.0,35.3,sensor2_serial,3,2,6,2,120,176,20.000,20.005,0,170,170,8.497812,SUCCESS,sigmoid,
2026-06-09T05:48:37,92.0,35.3,sensor2_serial,3,2,6,2,120,175,20.000,20.005,0,135,135,6.748406,SUCCESS,sigmoid,
2026-06-09T05:48:57,92.0,35.3,sensor2_serial,3,2,6,2,120,174,20.000,20.005,0,145,145,7.248310,SUCCESS,sigmoid,
2026-06-09T05:49:17,92.0,35.3,sensor2_serial,3,2,6,2,120,173,20.000,20.004,0,157,157,7.848258,SUCCESS,sigmoid,
2026-06-09T05:49:37,92.0,35.3,sensor2_serial,3,2,6,2,120,172,20.000,20.004,0,126,126,6.298595,SUCCESS,sigmoid,
2026-06-09T05:49:57,92.0,35.3,sensor2_serial,3,2,6,2,120,171,20.000,20.006,0,142,142,7.098047,SUCCESS,sigmoid,
2026-06-09T05:50:17,92.0,35.3,sensor2_serial,3,2,6,2,120,170,20.000,20.005,0,129,129,6.448327,SUCCESS,sigmoid,
2026-06-09T05:50:37,92.0,35.3,sensor2_serial,3,2,6,2,120,169,20.000,20.004,0,132,132,6.598529,SUCCESS,sigmoid,
2026-06-09T05:50:57,92.0,35.3,sensor2_serial,3,2,6,2,120,168,20.000,20.005,0,111,111,5.548670,SUCCESS,sigmoid,
2026-06-09T05:51:17,92.0,35.3,sensor2_serial,3,2,6,2,120,167,20.000,20.005,0,142,142,7.098218,SUCCESS,sigmoid,
2026-06-09T05:51:37,92.0,35.3,sensor2_serial,3,2,6,2,120,166,20.000,20.005,0,135,135,6.748382,SUCCESS,sigmoid,
2026-06-09T05:51:57,92.0,35.3,sensor2_serial,3,2,6,2,120,165,20.000,20.005,0,131,131,6.548218,SUCCESS,sigmoid,
2026-06-09T05:52:18,92.0,35.3,sensor2_serial,3,2,6,2,120,164,20.000,20.005,0,131,131,6.548258,SUCCESS,sigmoid,
2026-06-09T05:52:38,92.0,35.3,sensor2_serial,3,2,6,2,120,163,20.000,20.004,0,124,124,6.198726,SUCCESS,sigmoid,
2026-06-09T05:52:58,92.0,35.3,sensor2_serial,3,2,6,2,120,162,20.000,20.005,0,131,131,6.548490,SUCCESS,sigmoid,
2026-06-09T05:53:18,92.0,35.3,sensor2_serial,3,2,6,2,120,161,20.000,20.004,0,136,136,6.798539,SUCCESS,sigmoid,
2026-06-09T05:53:38,92.0,35.3,sensor2_serial,3,2,6,2,120,160,20.000,20.005,0,125,125,6.248510,SUCCESS,sigmoid,
2026-06-09T05:53:58,92.0,35.3,sensor2_serial,3,2,6,2,120,159,20.000,20.005,0,114,114,5.698651,SUCCESS,sigmoid,
2026-06-09T05:54:18,92.0,35.3,sensor2_serial,3,2,6,2,120,158,20.000,20.005,0,124,124,6.198541,SUCCESS,sigmoid,
2026-06-09T05:54:38,92.0,35.3,sensor2_serial,3,2,6,2,120,157,20.000,20.005,0,117,117,5.848605,SUCCESS,sigmoid,
2026-06-09T05:54:58,92.0,35.3,sensor2_serial,3,2,6,2,120,156,20.000,20.004,0,105,105,5.248924,SUCCESS,sigmoid,
2026-06-09T05:55:18,92.0,35.3,sensor2_serial,3,2,6,2,120,155,20.000,20.004,0,83,83,4.149093,SUCCESS,sigmoid,
2026-06-09T05:55:38,92.0,35.3,sensor2_serial,3,2,6,2,120,154,20.000,20.005,0,112,112,5.598550,SUCCESS,sigmoid,
2026-06-09T05:55:58,92.0,35.3,sensor2_serial,3,2,6,2,120,153,20.000,20.004,0,101,101,5.048891,SUCCESS,sigmoid,
2026-06-09T05:56:18,92.0,35.3,sensor2_serial,3,2,6,2,120,152,20.000,20.005,0,95,95,4.748703,SUCCESS,sigmoid,
2026-06-09T05:56:38,92.0,35.3,sensor2_serial,3,2,6,2,120,151,20.000,20.005,0,113,113,5.648572,SUCCESS,sigmoid,
2026-06-09T05:56:58,92.0,35.3,sensor2_serial,3,2,6,2,120,150,20.000,20.005,0,110,110,5.498731,SUCCESS,sigmoid,
2026-06-09T05:57:18,92.0,35.3,sensor2_serial,3,2,6,2,120,149,20.000,20.005,0,107,107,5.348785,SUCCESS,sigmoid,
2026-06-09T05:57:38,92.0,35.3,sensor2_serial,3,2,6,2,120,148,20.000,20.004,0,98,98,4.898919,SUCCESS,sigmoid,
2026-06-09T05:57:59,92.0,35.3,sensor2_serial,3,2,6,2,120,147,20.000,20.004,0,83,83,4.149075,SUCCESS,sigmoid,
2026-06-09T05:58:19,92.0,35.3,sensor2_serial,3,2,6,2,120,146,20.000,20.005,0,81,81,4.048913,SUCCESS,sigmoid,
2026-06-09T05:58:39,92.0,35.3,sensor2_serial,3,2,6,2,120,145,20.000,20.005,0,78,78,3.898989,SUCCESS,sigmoid,
2026-06-09T05:58:59,92.0,35.3,sensor2_serial,3,2,6,2,120,144,20.000,20.005,0,95,95,4.748922,SUCCESS,sigmoid,
2026-06-09T05:59:19,92.0,35.3,sensor2_serial,3,2,6,2,120,143,20.000,20.005,0,79,79,3.949087,SUCCESS,sigmoid,
2026-06-09T05:59:39,92.0,35.3,sensor2_serial,3,2,6,2,120,142,20.000,20.005,0,73,73,3.649134,SUCCESS,sigmoid,
2026-06-09T05:59:59,92.0,35.3,sensor2_serial,3,2,6,2,120,141,20.000,20.004,0,53,53,2.649433,SUCCESS,sigmoid,
2026-06-09T06:00:19,92.0,35.3,sensor2_serial,3,2,6,2,120,140,20.000,20.005,0,68,68,3.399208,SUCCESS,sigmoid,
2026-06-09T06:00:39,92.0,35.3,sensor2_serial,3,2,6,2,120,139,20.000,20.005,0,51,51,2.549368,SUCCESS,sigmoid,
2026-06-09T06:00:59,92.0,35.3,sensor2_serial,3,2,6,2,120,138,20.000,20.005,0,35,35,1.749573,SUCCESS,sigmoid,
2026-06-09T06:01:19,92.0,35.3,sensor2_serial,3,2,6,2,120,137,20.000,20.004,0,70,70,3.499265,SUCCESS,sigmoid,
2026-06-09T06:01:39,92.0,35.3,sensor2_serial,3,2,6,2,120,136,20.000,20.005,0,49,49,2.449341,SUCCESS,sigmoid,
2026-06-09T06:01:59,92.0,35.3,sensor2_serial,3,2,6,2,120,135,20.000,20.005,0,46,46,2.299452,SUCCESS,sigmoid,
2026-06-09T06:02:19,92.0,35.3,sensor2_serial,3,2,6,2,120,134,20.000,20.004,0,40,40,1.999586,SUCCESS,sigmoid,
2026-06-09T06:02:39,92.0,35.3,sensor2_serial,3,2,6,2,120,133,20.000,20.005,0,32,32,1.599592,SUCCESS,sigmoid,
2026-06-09T06:02:59,92.0,35.3,sensor2_serial,3,2,6,2,120,132,20.000,20.004,0,44,44,2.199517,SUCCESS,sigmoid,
2026-06-09T06:03:20,92.0,35.3,sensor2_serial,3,2,6,2,120,131,20.000,20.005,0,39,39,1.949546,SUCCESS,sigmoid,
2026-06-09T06:03:40,92.0,35.3,sensor2_serial,3,2,6,2,120,130,20.000,20.004,0,32,32,1.599660,SUCCESS,sigmoid,
2026-06-09T06:04:00,92.0,35.3,sensor2_serial,3,2,6,2,120,129,20.000,20.005,0,26,26,1.299688,SUCCESS,sigmoid,
2026-06-09T06:04:20,92.0,35.3,sensor2_serial,3,2,6,2,120,128,20.000,20.004,0,26,26,1.299712,SUCCESS,sigmoid,
2026-06-09T06:04:40,92.0,35.3,sensor2_serial,3,2,6,2,120,127,20.000,20.005,0,30,30,1.499646,SUCCESS,sigmoid,
2026-06-09T06:05:00,92.0,35.3,sensor2_serial,3,2,6,2,120,126,20.000,20.005,0,34,34,1.699616,SUCCESS,sigmoid,
2026-06-09T06:05:20,92.0,35.3,sensor2_serial,3,2,6,2,120,125,20.000,20.005,0,36,36,1.799546,SUCCESS,sigmoid,
2026-06-09T06:05:40,92.0,35.3,sensor2_serial,3,2,6,2,120,124,20.000,20.004,0,34,34,1.699645,SUCCESS,sigmoid,
2026-06-09T06:06:00,92.0,35.3,sensor2_serial,3,2,6,2,120,123,20.000,20.004,0,25,25,1.249722,SUCCESS,sigmoid,
2026-06-09T06:06:20,92.0,35.3,sensor2_serial,3,2,6,2,120,122,20.000,20.004,0,20,20,0.999781,SUCCESS,sigmoid,
2026-06-09T06:06:40,92.0,35.3,sensor2_serial,3,2,6,2,120,121,20.000,20.005,0,20,20,0.999766,SUCCESS,sigmoid,
2026-06-09T06:07:00,92.0,35.3,sensor2_serial,3,2,6,2,120,120,20.000,20.005,0,23,23,1.149733,SUCCESS,sigmoid,
2026-06-09T06:07:20,92.0,35.3,sensor2_serial,3,2,6,2,120,119,20.000,20.005,0,10,10,0.499885,SUCCESS,sigmoid,
2026-06-09T06:07:40,92.0,35.3,sensor2_serial,3,2,6,2,120,118,20.000,20.004,0,8,8,0.399914,SUCCESS,sigmoid,
2026-06-09T06:08:00,92.0,35.3,sensor2_serial,3,2,6,2,120,117,20.000,20.004,0,13,13,0.649857,SUCCESS,sigmoid,
2026-06-09T06:08:20,92.0,35.3,sensor2_serial,3,2,6,2,120,116,20.000,20.005,0,3,3,0.149966,SUCCESS,sigmoid,
2026-06-09T06:08:40,92.0,35.3,sensor2_serial,3,2,6,2,120,115,20.000,20.005,0,8,8,0.399903,SUCCESS,sigmoid,
2026-06-09T06:09:01,92.0,35.3,sensor2_serial,3,2,6,2,120,114,20.000,20.005,0,5,5,0.249932,SUCCESS,sigmoid,
2026-06-09T06:09:21,92.0,35.3,sensor2_serial,3,2,6,2,120,113,20.000,20.005,0,7,7,0.349914,SUCCESS,sigmoid,
2026-06-09T06:09:41,92.0,35.3,sensor2_serial,3,2,6,2,120,112,20.000,20.005,0,4,4,0.199949,SUCCESS,sigmoid,
2026-06-09T06:10:01,92.0,35.3,sensor2_serial,3,2,6,2,120,111,20.000,20.004,0,3,3,0.149967,SUCCESS,sigmoid,
2026-06-09T06:10:21,92.0,35.3,sensor2_serial,3,2,6,2,120,110,20.000,20.005,0,3,3,0.149960,SUCCESS,sigmoid,
2026-06-09T06:10:41,92.0,35.3,sensor2_serial,3,2,6,2,120,109,20.000,20.004,0,3,3,0.149967,SUCCESS,sigmoid,
2026-06-09T06:11:01,92.0,35.3,sensor2_serial,3,2,6,2,120,108,20.000,20.004,0,1,1,0.049989,SUCCESS,sigmoid,
2026-06-09T06:11:21,92.0,35.3,sensor2_serial,3,2,6,2,120,107,20.000,20.004,0,1,1,0.049990,SUCCESS,sigmoid,
2026-06-09T06:11:41,92.0,35.3,sensor2_serial,3,2,6,2,120,106,20.000,20.004,0,0,0,0.000000,SUCCESS,sigmoid,
2026-06-09T06:12:01,92.0,35.3,sensor2_serial,3,2,6,2,120,105,20.000,20.004,0,0,0,0.000000,SUCCESS,sigmoid,
2026-06-09T06:12:21,92.0,35.3,sensor2_serial,3,2,6,2,120,104,20.000,20.004,0,1,1,0.049989,SUCCESS,sigmoid,
2026-06-09T06:12:41,92.0,35.3,sensor2_serial,3,2,6,2,120,103,20.000,20.005,0,0,0,0.000000,SUCCESS,sigmoid,
2026-06-09T06:13:01,92.0,35.3,sensor2_serial,3,2,6,2,120,102,20.000,20.004,0,0,0,0.000000,SUCCESS,sigmoid,
2026-06-09T06:13:21,92.0,35.3,sensor2_serial,3,2,6,2,120,101,20.000,20.005,0,0,0,0.000000,SUCCESS,sigmoid,
2026-06-09T06:13:41,92.0,35.3,sensor2_serial,3,2,6,2,120,100,20.000,20.004,0,0,0,0.000000,SUCCESS,sigmoid,
2026-06-09T06:14:01,92.0,35.3,sensor2_serial,3,2,6,2,120,99,20.000,20.005,0,0,0,0.000000,SUCCESS,sigmoid,
2026-06-09T06:14:21,92.0,35.3,sensor2_serial,3,2,6,2,120,98,20.000,20.005,0,0,0,0.000000,SUCCESS,sigmoid,
2026-06-09T06:14:42,92.0,35.3,sensor2_serial,3,2,6,2,120,97,20.000,20.004,0,0,0,0.000000,SUCCESS,sigmoid,
2026-06-09T06:15:02,92.0,35.3,sensor2_serial,3,2,6,2,120,96,20.000,20.005,0,0,0,0.000000,SUCCESS,sigmoid,
2026-06-09T06:15:22,92.0,35.3,sensor2_serial,3,2,6,2,120,95,20.000,20.004,0,0,0,0.000000,SUCCESS,sigmoid,
2026-06-09T06:15:42,92.0,35.3,sensor2_serial,3,2,6,2,120,94,20.000,20.005,0,0,0,0.000000,SUCCESS,sigmoid,
2026-06-09T06:16:02,92.0,35.3,sensor2_serial,3,2,6,2,120,93,20.000,20.005,0,0,0,0.000000,SUCCESS,sigmoid,
2026-06-09T06:16:22,92.0,35.3,sensor2_serial,3,2,6,2,120,92,20.000,20.005,0,0,0,0.000000,SUCCESS,sigmoid,
2026-06-09T06:16:42,92.0,35.3,sensor2_serial,3,2,6,2,120,91,20.000,20.004,0,0,0,0.000000,SUCCESS,sigmoid,
2026-06-09T06:17:02,92.0,35.3,sensor2_serial,3,2,6,2,120,90,20.000,20.005,0,0,0,0.000000,SUCCESS,sigmoid,
2026-06-09T06:17:22,92.0,35.3,sensor2_serial,3,2,6,2,120,89,20.000,20.004,0,0,0,0.000000,SUCCESS,sigmoid,
2026-06-09T06:17:42,92.0,35.3,sensor2_serial,3,2,6,2,120,88,20.000,20.004,0,0,0,0.000000,SUCCESS,sigmoid,
2026-06-09T06:18:02,92.0,35.3,sensor2_serial,3,2,6,2,120,87,20.000,20.005,0,0,0,0.000000,SUCCESS,sigmoid,
2026-06-09T06:18:22,92.0,35.3,sensor2_serial,3,2,6,2,120,86,20.000,20.004,0,0,0,0.000000,SUCCESS,sigmoid,
2026-06-09T06:18:42,92.0,35.3,sensor2_serial,3,2,6,2,120,85,20.000,20.004,0,0,0,0.000000,SUCCESS,sigmoid,
2026-06-09T06:19:02,92.0,35.3,sensor2_serial,3,2,6,2,120,84,20.000,20.005,0,0,0,0.000000,SUCCESS,sigmoid,
2026-06-09T06:19:36,93.0,34.3,sensor2_serial,3,0,4,0,120,255,20.000,20.005,0,3679661,3679661,183934.339876,SUCCESS,sigmoid,
2026-06-09T06:19:56,93.0,34.3,sensor2_serial,3,0,4,0,120,254,20.000,20.005,0,3405865,3405865,170252.575411,SUCCESS,sigmoid,
2026-06-09T06:20:16,93.0,34.3,sensor2_serial,3,0,4,0,120,253,20.000,20.006,0,2737674,2737674,136843.946681,SUCCESS,sigmoid,
2026-06-09T06:20:37,93.0,34.3,sensor2_serial,3,0,4,0,120,252,20.000,20.005,0,1931130,1931130,96531.500062,SUCCESS,sigmoid,
2026-06-09T06:20:57,93.0,34.3,sensor2_serial,3,0,4,0,120,251,20.000,20.005,0,1146830,1146830,57326.447773,SUCCESS,sigmoid,
2026-06-09T06:21:17,93.0,34.3,sensor2_serial,3,0,4,0,120,250,20.000,20.005,0,608891,608891,30437.274683,SUCCESS,sigmoid,
2026-06-09T06:21:37,93.0,34.3,sensor2_serial,3,0,4,0,120,249,20.000,20.005,0,320806,320806,16036.679774,SUCCESS,sigmoid,
2026-06-09T06:21:57,93.0,34.3,sensor2_serial,3,0,4,0,120,248,20.000,20.006,0,127888,127888,6392.546464,SUCCESS,sigmoid,
2026-06-09T06:22:17,93.0,34.3,sensor2_serial,3,0,4,0,120,247,20.000,20.005,0,65421,65421,3270.230786,SUCCESS,sigmoid,
2026-06-09T06:22:37,93.0,34.3,sensor2_serial,3,0,4,0,120,246,20.000,20.005,0,65451,65451,3271.666893,SUCCESS,sigmoid,
2026-06-09T06:22:57,93.0,34.3,sensor2_serial,3,0,4,0,120,245,20.000,20.005,0,32817,32817,1640.436401,SUCCESS,sigmoid,
2026-06-09T06:23:17,93.0,34.3,sensor2_serial,3,0,4,0,120,244,20.000,20.006,0,12789,12789,639.273816,SUCCESS,sigmoid,
2026-06-09T06:23:37,93.0,34.3,sensor2_serial,3,0,4,0,120,243,20.000,20.005,0,4808,4808,240.340269,SUCCESS,sigmoid,
2026-06-09T06:23:57,93.0,34.3,sensor2_serial,3,0,4,0,120,242,20.000,20.005,0,1902,1902,95.075384,SUCCESS,sigmoid,
2026-06-09T06:24:17,93.0,34.3,sensor2_serial,3,0,4,0,120,241,20.000,20.004,0,797,797,39.841308,SUCCESS,sigmoid,
2026-06-09T06:24:37,93.0,34.3,sensor2_serial,3,0,4,0,120,240,20.000,20.005,0,462,462,23.093896,SUCCESS,sigmoid,
2026-06-09T06:24:57,93.0,34.3,sensor2_serial,3,0,4,0,120,239,20.000,20.004,0,294,294,14.696839,SUCCESS,sigmoid,
2026-06-09T06:25:17,93.0,34.3,sensor2_serial,3,0,4,0,120,238,20.000,20.005,0,267,267,13.346447,SUCCESS,sigmoid,
2026-06-09T06:25:37,93.0,34.3,sensor2_serial,3,0,4,0,120,237,20.000,20.004,0,218,218,10.897680,SUCCESS,sigmoid,
2026-06-09T06:25:58,93.0,34.3,sensor2_serial,3,0,4,0,120,236,20.000,20.005,0,203,203,10.147491,SUCCESS,sigmoid,
2026-06-09T06:26:18,93.0,34.3,sensor2_serial,3,0,4,0,120,235,20.000,20.005,0,200,200,9.997462,SUCCESS,sigmoid,
2026-06-09T06:26:38,93.0,34.3,sensor2_serial,3,0,4,0,120,234,20.000,20.005,0,215,215,10.747531,SUCCESS,sigmoid,
2026-06-09T06:26:58,93.0,34.3,sensor2_serial,3,0,4,0,120,233,20.000,20.005,0,203,203,10.147356,SUCCESS,sigmoid,
2026-06-09T06:27:18,93.0,34.3,sensor2_serial,3,0,4,0,120,232,20.000,20.005,0,148,148,7.398033,SUCCESS,sigmoid,
2026-06-09T06:27:38,93.0,34.3,sensor2_serial,3,0,4,0,120,231,20.000,20.004,0,196,196,9.797922,SUCCESS,sigmoid,
2026-06-09T06:27:58,93.0,34.3,sensor2_serial,3,0,4,0,120,230,20.000,20.005,0,183,183,9.147841,SUCCESS,sigmoid,
2026-06-09T06:28:18,93.0,34.3,sensor2_serial,3,0,4,0,120,229,20.000,20.005,0,206,206,10.297190,SUCCESS,sigmoid,
2026-06-09T06:28:38,93.0,34.3,sensor2_serial,3,0,4,0,120,228,20.000,20.004,0,203,203,10.147768,SUCCESS,sigmoid,
2026-06-09T06:28:58,93.0,34.3,sensor2_serial,3,0,4,0,120,227,20.000,20.006,0,200,200,9.997243,SUCCESS,sigmoid,
2026-06-09T06:29:18,93.0,34.3,sensor2_serial,3,0,4,0,120,226,20.000,20.005,0,182,182,9.097923,SUCCESS,sigmoid,
2026-06-09T06:29:38,93.0,34.3,sensor2_serial,3,0,4,0,120,225,20.000,20.005,0,165,165,8.247868,SUCCESS,sigmoid,
2026-06-09T06:29:58,93.0,34.3,sensor2_serial,3,0,4,0,120,224,20.000,20.006,0,172,172,8.597551,SUCCESS,sigmoid,
2026-06-09T06:30:18,93.0,34.3,sensor2_serial,3,0,4,0,120,223,20.000,20.005,0,193,193,9.647659,SUCCESS,sigmoid,
2026-06-09T06:30:38,93.0,34.3,sensor2_serial,3,0,4,0,120,222,20.000,20.004,0,168,168,8.398158,SUCCESS,sigmoid,
2026-06-09T06:30:58,93.0,34.3,sensor2_serial,3,0,4,0,120,221,20.000,20.004,0,185,185,9.248011,SUCCESS,sigmoid,
2026-06-09T06:31:18,93.0,34.3,sensor2_serial,3,0,4,0,120,220,20.000,20.005,0,184,184,9.197762,SUCCESS,sigmoid,
2026-06-09T06:31:39,93.0,34.3,sensor2_serial,3,0,4,0,120,219,20.000,20.004,0,187,187,9.347961,SUCCESS,sigmoid,
2026-06-09T06:31:59,93.0,34.3,sensor2_serial,3,0,4,0,120,218,20.000,20.005,0,178,178,8.897936,SUCCESS,sigmoid,
2026-06-09T06:32:19,93.0,34.3,sensor2_serial,3,0,4,0,120,217,20.000,20.005,0,173,173,8.647764,SUCCESS,sigmoid,
2026-06-09T06:32:39,93.0,34.3,sensor2_serial,3,0,4,0,120,216,20.000,20.004,0,179,179,8.948066,SUCCESS,sigmoid,
2026-06-09T06:32:59,93.0,34.3,sensor2_serial,3,0,4,0,120,215,20.000,20.005,0,160,160,7.997858,SUCCESS,sigmoid,
2026-06-09T06:33:19,93.0,34.3,sensor2_serial,3,0,4,0,120,214,20.000,20.004,0,190,190,9.497966,SUCCESS,sigmoid,
2026-06-09T06:33:39,93.0,34.3,sensor2_serial,3,0,4,0,120,213,20.000,20.005,0,163,163,8.147912,SUCCESS,sigmoid,
2026-06-09T06:33:59,93.0,34.3,sensor2_serial,3,0,4,0,120,212,20.000,20.006,0,179,179,8.947536,SUCCESS,sigmoid,
2026-06-09T06:34:19,93.0,34.3,sensor2_serial,3,0,4,0,120,211,20.000,20.005,0,167,167,8.348118,SUCCESS,sigmoid,
2026-06-09T06:34:39,93.0,34.3,sensor2_serial,3,0,4,0,120,210,20.000,20.005,0,190,190,9.497835,SUCCESS,sigmoid,
2026-06-09T06:34:59,93.0,34.3,sensor2_serial,3,0,4,0,120,209,20.000,20.005,0,169,169,8.448062,SUCCESS,sigmoid,
2026-06-09T06:35:19,93.0,34.3,sensor2_serial,3,0,4,0,120,208,20.000,20.004,0,151,151,7.548351,SUCCESS,sigmoid,
2026-06-09T06:35:39,93.0,34.3,sensor2_serial,3,0,4,0,120,207,20.000,20.004,0,162,162,8.098197,SUCCESS,sigmoid,
2026-06-09T06:35:59,93.0,34.3,sensor2_serial,3,0,4,0,120,206,20.000,20.005,0,171,171,8.547983,SUCCESS,sigmoid,
2026-06-09T06:36:19,93.0,34.3,sensor2_serial,3,0,4,0,120,205,20.000,20.004,0,179,179,8.948099,SUCCESS,sigmoid,
2026-06-09T06:36:39,93.0,34.3,sensor2_serial,3,0,4,0,120,204,20.000,20.005,0,161,161,8.047850,SUCCESS,sigmoid,
2026-06-09T06:36:59,93.0,34.3,sensor2_serial,3,0,4,0,120,203,20.000,20.005,0,150,150,7.498269,SUCCESS,sigmoid,
2026-06-09T06:37:20,93.0,34.3,sensor2_serial,3,0,4,0,120,202,20.000,20.004,0,192,192,9.597956,SUCCESS,sigmoid,
2026-06-09T06:37:40,93.0,34.3,sensor2_serial,3,0,4,0,120,201,20.000,20.005,0,184,184,9.197729,SUCCESS,sigmoid,
2026-06-09T06:38:00,93.0,34.3,sensor2_serial,3,0,4,0,120,200,20.000,20.005,0,162,162,8.098114,SUCCESS,sigmoid,
2026-06-09T06:38:20,93.0,34.3,sensor2_serial,3,0,4,0,120,199,20.000,20.006,0,169,169,8.447635,SUCCESS,sigmoid,
2026-06-09T06:38:40,93.0,34.3,sensor2_serial,3,0,4,0,120,198,20.000,20.005,0,168,168,8.398050,SUCCESS,sigmoid,
2026-06-09T06:39:00,93.0,34.3,sensor2_serial,3,0,4,0,120,197,20.000,20.005,0,143,143,7.148369,SUCCESS,sigmoid,
2026-06-09T06:39:20,93.0,34.3,sensor2_serial,3,0,4,0,120,196,20.000,20.005,0,195,195,9.747510,SUCCESS,sigmoid,
2026-06-09T06:39:40,93.0,34.3,sensor2_serial,3,0,4,0,120,195,20.000,20.005,0,168,168,8.397918,SUCCESS,sigmoid,
2026-06-09T06:40:00,93.0,34.3,sensor2_serial,3,0,4,0,120,194,20.000,20.005,0,191,191,9.547445,SUCCESS,sigmoid,
2026-06-09T06:40:20,93.0,34.3,sensor2_serial,3,0,4,0,120,193,20.000,20.006,0,162,162,8.097725,SUCCESS,sigmoid,
2026-06-09T06:40:40,93.0,34.3,sensor2_serial,3,0,4,0,120,192,20.000,20.005,0,149,149,7.448279,SUCCESS,sigmoid,
2026-06-09T06:41:00,93.0,34.3,sensor2_serial,3,0,4,0,120,191,20.000,20.004,0,163,163,8.148186,SUCCESS,sigmoid,
2026-06-09T06:41:20,93.0,34.3,sensor2_serial,3,0,4,0,120,190,20.000,20.005,0,177,177,8.847639,SUCCESS,sigmoid,
2026-06-09T06:41:40,93.0,34.3,sensor2_serial,3,0,4,0,120,189,20.000,20.005,0,169,169,8.447919,SUCCESS,sigmoid,
2026-06-09T06:42:00,93.0,34.3,sensor2_serial,3,0,4,0,120,188,20.000,20.005,0,181,181,9.047824,SUCCESS,sigmoid,
2026-06-09T06:42:20,93.0,34.3,sensor2_serial,3,0,4,0,120,187,20.000,20.004,0,164,164,8.198212,SUCCESS,sigmoid,
2026-06-09T06:42:40,93.0,34.3,sensor2_serial,3,0,4,0,120,186,20.000,20.005,0,200,200,9.997640,SUCCESS,sigmoid,
2026-06-09T06:43:01,93.0,34.3,sensor2_serial,3,0,4,0,120,185,20.000,20.004,0,177,177,8.848029,SUCCESS,sigmoid,
2026-06-09T06:43:21,93.0,34.3,sensor2_serial,3,0,4,0,120,184,20.000,20.005,0,178,178,8.897815,SUCCESS,sigmoid,
2026-06-09T06:43:41,93.0,34.3,sensor2_serial,3,0,4,0,120,183,20.000,20.005,0,149,149,7.448320,SUCCESS,sigmoid,
2026-06-09T06:44:01,93.0,34.3,sensor2_serial,3,0,4,0,120,182,20.000,20.005,0,178,178,8.897861,SUCCESS,sigmoid,
2026-06-09T06:44:21,93.0,34.3,sensor2_serial,3,0,4,0,120,181,20.000,20.005,0,170,170,8.497697,SUCCESS,sigmoid,
2026-06-09T06:44:41,93.0,34.3,sensor2_serial,3,0,4,0,120,180,20.000,20.005,0,163,163,8.147791,SUCCESS,sigmoid,
2026-06-09T06:45:01,93.0,34.3,sensor2_serial,3,0,4,0,120,179,20.000,20.004,0,152,152,7.598353,SUCCESS,sigmoid,
2026-06-09T06:45:21,93.0,34.3,sensor2_serial,3,0,4,0,120,178,20.000,20.005,0,154,154,7.697981,SUCCESS,sigmoid,
2026-06-09T06:45:41,93.0,34.3,sensor2_serial,3,0,4,0,120,177,20.000,20.005,0,152,152,7.598055,SUCCESS,sigmoid,
2026-06-09T06:46:01,93.0,34.3,sensor2_serial,3,0,4,0,120,176,20.000,20.006,0,177,177,8.847559,SUCCESS,sigmoid,
2026-06-09T06:46:21,93.0,34.3,sensor2_serial,3,0,4,0,120,175,20.000,20.006,0,157,157,7.847821,SUCCESS,sigmoid,
2026-06-09T06:46:41,93.0,34.3,sensor2_serial,3,0,4,0,120,174,20.000,20.006,0,155,155,7.747862,SUCCESS,sigmoid,
2026-06-09T06:47:01,93.0,34.3,sensor2_serial,3,0,4,0,120,173,20.000,20.005,0,150,150,7.498279,SUCCESS,sigmoid,
2026-06-09T06:47:21,93.0,34.3,sensor2_serial,3,0,4,0,120,172,20.000,20.005,0,166,166,8.297990,SUCCESS,sigmoid,
2026-06-09T06:47:41,93.0,34.3,sensor2_serial,3,0,4,0,120,171,20.000,20.005,0,153,153,7.648213,SUCCESS,sigmoid,
2026-06-09T06:48:01,93.0,34.3,sensor2_serial,3,0,4,0,120,170,20.000,20.005,0,135,135,6.748290,SUCCESS,sigmoid,
2026-06-09T06:48:21,93.0,34.3,sensor2_serial,3,0,4,0,120,169,20.000,20.005,0,162,162,8.097918,SUCCESS,sigmoid,
2026-06-09T06:48:42,93.0,34.3,sensor2_serial,3,0,4,0,120,168,20.000,20.005,0,165,165,8.248137,SUCCESS,sigmoid,
2026-06-09T06:49:02,93.0,34.3,sensor2_serial,3,0,4,0,120,167,20.000,20.005,0,173,173,8.647904,SUCCESS,sigmoid,
2026-06-09T06:49:22,93.0,34.3,sensor2_serial,3,0,4,0,120,166,20.000,20.005,0,161,161,8.048035,SUCCESS,sigmoid,
2026-06-09T06:49:42,93.0,34.3,sensor2_serial,3,0,4,0,120,165,20.000,20.005,0,165,165,8.247879,SUCCESS,sigmoid,
2026-06-09T06:50:02,93.0,34.3,sensor2_serial,3,0,4,0,120,164,20.000,20.005,0,150,150,7.498153,SUCCESS,sigmoid,
2026-06-09T06:50:22,93.0,34.3,sensor2_serial,3,0,4,0,120,163,20.000,20.005,0,157,157,7.848082,SUCCESS,sigmoid,
2026-06-09T06:50:42,93.0,34.3,sensor2_serial,3,0,4,0,120,162,20.000,20.005,0,155,155,7.747975,SUCCESS,sigmoid,
2026-06-09T06:51:02,93.0,34.3,sensor2_serial,3,0,4,0,120,161,20.000,20.005,0,158,158,7.897957,SUCCESS,sigmoid,
2026-06-09T06:51:22,93.0,34.3,sensor2_serial,3,0,4,0,120,160,20.000,20.004,0,156,156,7.798252,SUCCESS,sigmoid,
2026-06-09T06:51:42,93.0,34.3,sensor2_serial,3,0,4,0,120,159,20.000,20.005,0,131,131,6.548220,SUCCESS,sigmoid,
2026-06-09T06:52:02,93.0,34.3,sensor2_serial,3,0,4,0,120,158,20.000,20.005,0,173,173,8.648003,SUCCESS,sigmoid,
2026-06-09T06:52:22,93.0,34.3,sensor2_serial,3,0,4,0,120,157,20.000,20.004,0,180,180,8.997987,SUCCESS,sigmoid,
2026-06-09T06:52:42,93.0,34.3,sensor2_serial,3,0,4,0,120,156,20.000,20.005,0,154,154,7.697915,SUCCESS,sigmoid,
2026-06-09T06:53:02,93.0,34.3,sensor2_serial,3,0,4,0,120,155,20.000,20.004,0,158,158,7.898337,SUCCESS,sigmoid,
2026-06-09T06:53:22,93.0,34.3,sensor2_serial,3,0,4,0,120,154,20.000,20.005,0,170,170,8.498059,SUCCESS,sigmoid,
2026-06-09T06:53:42,93.0,34.3,sensor2_serial,3,0,4,0,120,153,20.000,20.005,0,168,168,8.397867,SUCCESS,sigmoid,
2026-06-09T06:54:02,93.0,34.3,sensor2_serial,3,0,4,0,120,152,20.000,20.005,0,147,147,7.348176,SUCCESS,sigmoid,
2026-06-09T06:54:23,93.0,34.3,sensor2_serial,3,0,4,0,120,151,20.000,20.005,0,130,130,6.498531,SUCCESS,sigmoid,
2026-06-09T06:54:43,93.0,34.3,sensor2_serial,3,0,4,0,120,150,20.000,20.005,0,160,160,7.998196,SUCCESS,sigmoid,
2026-06-09T06:55:03,93.0,34.3,sensor2_serial,3,0,4,0,120,149,20.000,20.004,0,142,142,7.098409,SUCCESS,sigmoid,
2026-06-09T06:55:23,93.0,34.3,sensor2_serial,3,0,4,0,120,148,20.000,20.004,0,139,139,6.948484,SUCCESS,sigmoid,
2026-06-09T06:55:43,93.0,34.3,sensor2_serial,3,0,4,0,120,147,20.000,20.005,0,124,124,6.198406,SUCCESS,sigmoid,
2026-06-09T06:56:03,93.0,34.3,sensor2_serial,3,0,4,0,120,146,20.000,20.005,0,131,131,6.548255,SUCCESS,sigmoid,
2026-06-09T06:56:23,93.0,34.3,sensor2_serial,3,0,4,0,120,145,20.000,20.004,0,109,109,5.448833,SUCCESS,sigmoid,
2026-06-09T06:56:43,93.0,34.3,sensor2_serial,3,0,4,0,120,144,20.000,20.005,0,114,114,5.698640,SUCCESS,sigmoid,
2026-06-09T06:57:03,93.0,34.3,sensor2_serial,3,0,4,0,120,143,20.000,20.004,0,109,109,5.448799,SUCCESS,sigmoid,
2026-06-09T06:57:23,93.0,34.3,sensor2_serial,3,0,4,0,120,142,20.000,20.004,0,130,130,6.498590,SUCCESS,sigmoid,
2026-06-09T06:57:43,93.0,34.3,sensor2_serial,3,0,4,0,120,141,20.000,20.005,0,112,112,5.598518,SUCCESS,sigmoid,
2026-06-09T06:58:03,93.0,34.3,sensor2_serial,3,0,4,0,120,140,20.000,20.005,0,128,128,6.398556,SUCCESS,sigmoid,
2026-06-09T06:58:23,93.0,34.3,sensor2_serial,3,0,4,0,120,139,20.000,20.005,0,103,103,5.148710,SUCCESS,sigmoid,
2026-06-09T06:58:43,93.0,34.3,sensor2_serial,3,0,4,0,120,138,20.000,20.005,0,106,106,5.298796,SUCCESS,sigmoid,
2026-06-09T06:59:03,93.0,34.3,sensor2_serial,3,0,4,0,120,137,20.000,20.005,0,107,107,5.348573,SUCCESS,sigmoid,
2026-06-09T06:59:23,93.0,34.3,sensor2_serial,3,0,4,0,120,136,20.000,20.005,0,91,91,4.548808,SUCCESS,sigmoid,
2026-06-09T06:59:44,93.0,34.3,sensor2_serial,3,0,4,0,120,135,20.000,20.005,0,91,91,4.548936,SUCCESS,sigmoid,
2026-06-09T07:00:04,93.0,34.3,sensor2_serial,3,0,4,0,120,134,20.000,20.005,0,94,94,4.698775,SUCCESS,sigmoid,
2026-06-09T07:00:24,93.0,34.3,sensor2_serial,3,0,4,0,120,133,20.000,20.005,0,90,90,4.498820,SUCCESS,sigmoid,
2026-06-09T07:00:44,93.0,34.3,sensor2_serial,3,0,4,0,120,132,20.000,20.004,0,97,97,4.848985,SUCCESS,sigmoid,
2026-06-09T07:01:04,93.0,34.3,sensor2_serial,3,0,4,0,120,131,20.000,20.006,0,93,93,4.648715,SUCCESS,sigmoid,
2026-06-09T07:01:24,93.0,34.3,sensor2_serial,3,0,4,0,120,130,20.000,20.004,0,69,69,3.449285,SUCCESS,sigmoid,
2026-06-09T07:01:44,93.0,34.3,sensor2_serial,3,0,4,0,120,129,20.000,20.004,0,67,67,3.349273,SUCCESS,sigmoid,
2026-06-09T07:02:04,93.0,34.3,sensor2_serial,3,0,4,0,120,128,20.000,20.005,0,74,74,3.699137,SUCCESS,sigmoid,
2026-06-09T07:02:24,93.0,34.3,sensor2_serial,3,0,4,0,120,127,20.000,20.004,0,59,59,2.949337,SUCCESS,sigmoid,
2026-06-09T07:02:44,93.0,34.3,sensor2_serial,3,0,4,0,120,126,20.000,20.005,0,73,73,3.649055,SUCCESS,sigmoid,
2026-06-09T07:03:04,93.0,34.3,sensor2_serial,3,0,4,0,120,125,20.000,20.006,0,81,81,4.048852,SUCCESS,sigmoid,
2026-06-09T07:03:24,93.0,34.3,sensor2_serial,3,0,4,0,120,124,20.000,20.004,0,64,64,3.199350,SUCCESS,sigmoid,
2026-06-09T07:03:44,93.0,34.3,sensor2_serial,3,0,4,0,120,123,20.000,20.006,0,68,68,3.399037,SUCCESS,sigmoid,
2026-06-09T07:04:04,93.0,34.3,sensor2_serial,3,0,4,0,120,122,20.000,20.005,0,64,64,3.199183,SUCCESS,sigmoid,
2026-06-09T07:04:24,93.0,34.3,sensor2_serial,3,0,4,0,120,121,20.000,20.004,0,65,65,3.249337,SUCCESS,sigmoid,
2026-06-09T07:04:44,93.0,34.3,sensor2_serial,3,0,4,0,120,120,20.000,20.005,0,57,57,2.849350,SUCCESS,sigmoid,
2026-06-09T07:05:04,93.0,34.3,sensor2_serial,3,0,4,0,120,119,20.000,20.005,0,54,54,2.699301,SUCCESS,sigmoid,
2026-06-09T07:05:25,93.0,34.3,sensor2_serial,3,0,4,0,120,118,20.000,20.004,0,49,49,2.449477,SUCCESS,sigmoid,
2026-06-09T07:05:45,93.0,34.3,sensor2_serial,3,0,4,0,120,117,20.000,20.005,0,59,59,2.949335,SUCCESS,sigmoid,
2026-06-09T07:06:05,93.0,34.3,sensor2_serial,3,0,4,0,120,116,20.000,20.004,0,45,45,2.249544,SUCCESS,sigmoid,
2026-06-09T07:06:25,93.0,34.3,sensor2_serial,3,0,4,0,120,115,20.000,20.004,0,50,50,2.499449,SUCCESS,sigmoid,
2026-06-09T07:06:45,93.0,34.3,sensor2_serial,3,0,4,0,120,114,20.000,20.005,0,41,41,2.049479,SUCCESS,sigmoid,
2026-06-09T07:07:05,93.0,34.3,sensor2_serial,3,0,4,0,120,113,20.000,20.005,0,28,28,1.399647,SUCCESS,sigmoid,
2026-06-09T07:07:25,93.0,34.3,sensor2_serial,3,0,4,0,120,112,20.000,20.005,0,27,27,1.349685,SUCCESS,sigmoid,
2026-06-09T07:07:45,93.0,34.3,sensor2_serial,3,0,4,0,120,111,20.000,20.005,0,32,32,1.599615,SUCCESS,sigmoid,
2026-06-09T07:08:05,93.0,34.3,sensor2_serial,3,0,4,0,120,110,20.000,20.004,0,35,35,1.749607,SUCCESS,sigmoid,
2026-06-09T07:08:25,93.0,34.3,sensor2_serial,3,0,4,0,120,109,20.000,20.006,0,24,24,1.199668,SUCCESS,sigmoid,
2026-06-09T07:08:45,93.0,34.3,sensor2_serial,3,0,4,0,120,108,20.000,20.004,0,16,16,0.799830,SUCCESS,sigmoid,
2026-06-09T07:09:05,93.0,34.3,sensor2_serial,3,0,4,0,120,107,20.000,20.005,0,15,15,0.749829,SUCCESS,sigmoid,
2026-06-09T07:09:25,93.0,34.3,sensor2_serial,3,0,4,0,120,106,20.000,20.005,0,25,25,1.249690,SUCCESS,sigmoid,
2026-06-09T07:09:45,93.0,34.3,sensor2_serial,3,0,4,0,120,105,20.000,20.004,0,13,13,0.649859,SUCCESS,sigmoid,
2026-06-09T07:10:05,93.0,34.3,sensor2_serial,3,0,4,0,120,104,20.000,20.005,0,13,13,0.649837,SUCCESS,sigmoid,
2026-06-09T07:10:25,93.0,34.3,sensor2_serial,3,0,4,0,120,103,20.000,20.004,0,14,14,0.699849,SUCCESS,sigmoid,
2026-06-09T07:10:45,93.0,34.3,sensor2_serial,3,0,4,0,120,102,20.000,20.004,0,5,5,0.249945,SUCCESS,sigmoid,
2026-06-09T07:11:06,93.0,34.3,sensor2_serial,3,0,4,0,120,101,20.000,20.004,0,15,15,0.749835,SUCCESS,sigmoid,
2026-06-09T07:11:26,93.0,34.3,sensor2_serial,3,0,4,0,120,100,20.000,20.004,0,9,9,0.449909,SUCCESS,sigmoid,
2026-06-09T07:11:46,93.0,34.3,sensor2_serial,3,0,4,0,120,99,20.000,20.005,0,4,4,0.199953,SUCCESS,sigmoid,
2026-06-09T07:12:06,93.0,34.3,sensor2_serial,3,0,4,0,120,98,20.000,20.005,0,1,1,0.049988,SUCCESS,sigmoid,
2026-06-09T07:12:26,93.0,34.3,sensor2_serial,3,0,4,0,120,97,20.000,20.005,0,1,1,0.049987,SUCCESS,sigmoid,
2026-06-09T07:12:46,93.0,34.3,sensor2_serial,3,0,4,0,120,96,20.000,20.005,0,5,5,0.249935,SUCCESS,sigmoid,
2026-06-09T07:13:06,93.0,34.3,sensor2_serial,3,0,4,0,120,95,20.000,20.004,0,2,2,0.099978,SUCCESS,sigmoid,
2026-06-09T07:13:26,93.0,34.3,sensor2_serial,3,0,4,0,120,94,20.000,20.005,0,2,2,0.099977,SUCCESS,sigmoid,
2026-06-09T07:13:46,93.0,34.3,sensor2_serial,3,0,4,0,120,93,20.000,20.005,0,0,0,0.000000,SUCCESS,sigmoid,
2026-06-09T07:14:06,93.0,34.3,sensor2_serial,3,0,4,0,120,92,20.000,20.004,0,1,1,0.049989,SUCCESS,sigmoid,
2026-06-09T07:14:26,93.0,34.3,sensor2_serial,3,0,4,0,120,91,20.000,20.005,0,2,2,0.099977,SUCCESS,sigmoid,
2026-06-09T07:14:46,93.0,34.3,sensor2_serial,3,0,4,0,120,90,20.000,20.004,0,0,0,0.000000,SUCCESS,sigmoid,
2026-06-09T07:15:06,93.0,34.3,sensor2_serial,3,0,4,0,120,89,20.000,20.004,0,0,0,0.000000,SUCCESS,sigmoid,
2026-06-09T07:15:26,93.0,34.3,sensor2_serial,3,0,4,0,120,88,20.000,20.004,0,0,0,0.000000,SUCCESS,sigmoid,
2026-06-09T07:15:46,93.0,34.3,sensor2_serial,3,0,4,0,120,87,20.000,20.005,0,0,0,0.000000,SUCCESS,sigmoid,
2026-06-09T07:16:06,93.0,34.3,sensor2_serial,3,0,4,0,120,86,20.000,20.005,0,0,0,0.000000,SUCCESS,sigmoid,
2026-06-09T07:16:26,93.0,34.3,sensor2_serial,3,0,4,0,120,85,20.000,20.005,0,0,0,0.000000,SUCCESS,sigmoid,
2026-06-09T07:16:47,93.0,34.3,sensor2_serial,3,0,4,0,120,84,20.000,20.004,0,0,0,0.000000,SUCCESS,sigmoid,
2026-06-09T07:17:07,93.0,34.3,sensor2_serial,3,0,4,0,120,83,20.000,20.005,0,0,0,0.000000,SUCCESS,sigmoid,
2026-06-09T07:17:27,93.0,34.3,sensor2_serial,3,0,4,0,120,82,20.000,20.005,0,0,0,0.000000,SUCCESS,sigmoid,
2026-06-09T07:17:47,93.0,34.3,sensor2_serial,3,0,4,0,120,81,20.000,20.005,0,0,0,0.000000,SUCCESS,sigmoid,
2026-06-09T07:18:07,93.0,34.3,sensor2_serial,3,0,4,0,120,80,20.000,20.005,0,0,0,0.000000,SUCCESS,sigmoid,
2026-06-09T07:18:27,93.0,34.3,sensor2_serial,3,0,4,0,120,79,20.000,20.004,0,0,0,0.000000,SUCCESS,sigmoid,
2026-06-09T07:18:47,93.0,34.3,sensor2_serial,3,0,4,0,120,78,20.000,20.004,0,0,0,0.000000,SUCCESS,sigmoid,
2026-06-09T07:19:07,93.0,34.3,sensor2_serial,3,0,4,0,120,77,20.000,20.005,0,0,0,0.000000,SUCCESS,sigmoid,
2026-06-09T07:19:27,93.0,34.3,sensor2_serial,3,0,4,0,120,76,20.000,20.004,0,0,0,0.000000,SUCCESS,sigmoid,
2026-06-09T07:19:47,93.0,34.3,sensor2_serial,3,0,4,0,120,75,20.000,20.004,0,0,0,0.000000,SUCCESS,sigmoid,
2026-06-09T07:20:07,93.0,34.3,sensor2_serial,3,0,4,0,120,74,20.000,20.005,0,0,0,0.000000,SUCCESS,sigmoid,
2026-06-09T07:20:27,93.0,34.3,sensor2_serial,3,0,4,0,120,73,20.000,20.004,0,0,0,0.000000,SUCCESS,sigmoid,
2026-06-09T07:20:47,93.0,34.3,sensor2_serial,3,0,4,0,120,72,20.000,20.004,0,0,0,0.000000,SUCCESS,sigmoid,
2026-06-09T07:21:07,93.0,34.3,sensor2_serial,3,0,4,0,120,71,20.000,20.004,0,0,0,0.000000,SUCCESS,sigmoid,
2026-06-09T07:21:27,93.0,34.3,sensor2_serial,3,1,5,1,120,255,20.000,20.006,0,1182078,1182078,59087.102813,SUCCESS,sigmoid,
2026-06-09T07:21:47,93.0,34.3,sensor2_serial,3,1,5,1,120,254,20.000,20.005,0,1452707,1452707,72616.438027,SUCCESS,sigmoid,
2026-06-09T07:22:07,93.0,34.3,sensor2_serial,3,1,5,1,120,253,20.000,20.005,0,1699479,1699479,84952.706274,SUCCESS,sigmoid,
2026-06-09T07:22:28,93.0,34.3,sensor2_serial,3,1,5,1,120,252,20.000,20.006,0,1763099,1763099,88129.999503,SUCCESS,sigmoid,
2026-06-09T07:22:48,93.0,34.3,sensor2_serial,3,1,5,1,120,251,20.000,20.005,0,1793413,1793413,89647.274789,SUCCESS,sigmoid,
2026-06-09T07:23:08,93.0,34.3,sensor2_serial,3,1,5,1,120,250,20.000,20.005,0,1794220,1794220,89690.109108,SUCCESS,sigmoid,
2026-06-09T07:23:28,93.0,34.3,sensor2_serial,3,1,5,1,120,249,20.000,20.005,0,1959856,1959856,97967.307923,SUCCESS,sigmoid,
2026-06-09T07:23:48,93.0,34.3,sensor2_serial,3,1,5,1,120,248,20.000,20.006,0,2162605,2162605,108099.949930,SUCCESS,sigmoid,
2026-06-09T07:24:08,93.0,34.3,sensor2_serial,3,1,5,1,120,247,20.000,20.006,0,2461570,2461570,123041.840941,SUCCESS,sigmoid,
2026-06-09T07:24:28,93.0,34.3,sensor2_serial,3,1,5,1,120,246,20.000,20.005,0,2892463,2892463,144583.800823,SUCCESS,sigmoid,
2026-06-09T07:24:48,93.0,34.3,sensor2_serial,3,1,5,1,120,245,20.000,20.005,0,3163973,3163973,158157.886006,SUCCESS,sigmoid,
2026-06-09T07:25:08,93.0,34.3,sensor2_serial,3,1,5,1,120,244,20.000,20.005,0,3070099,3070099,153464.325515,SUCCESS,sigmoid,
2026-06-09T07:25:28,93.0,34.3,sensor2_serial,3,1,5,1,120,243,20.000,20.005,0,2517098,2517098,125821.278096,SUCCESS,sigmoid,
2026-06-09T07:25:48,93.0,34.3,sensor2_serial,3,1,5,1,120,242,20.000,20.006,0,1854209,1854209,92684.031220,SUCCESS,sigmoid,
2026-06-09T07:26:08,93.0,34.3,sensor2_serial,3,1,5,1,120,241,20.000,20.005,0,1027367,1027367,51354.263496,SUCCESS,sigmoid,
2026-06-09T07:26:28,93.0,34.3,sensor2_serial,3,1,5,1,120,240,20.000,20.005,0,616319,616319,30808.448606,SUCCESS,sigmoid,
2026-06-09T07:26:48,93.0,34.3,sensor2_serial,3,1,5,1,120,239,20.000,20.005,0,516787,516787,25832.296213,SUCCESS,sigmoid,
2026-06-09T07:27:08,93.0,34.3,sensor2_serial,3,1,5,1,120,238,20.000,20.005,0,242448,242448,12119.341634,SUCCESS,sigmoid,
2026-06-09T07:27:28,93.0,34.3,sensor2_serial,3,1,5,1,120,237,20.000,20.005,0,96679,96679,4832.741729,SUCCESS,sigmoid,
2026-06-09T07:27:49,93.0,34.3,sensor2_serial,3,1,5,1,120,236,20.000,20.005,0,41442,41442,2071.603622,SUCCESS,sigmoid,
2026-06-09T07:28:09,93.0,34.3,sensor2_serial,3,1,5,1,120,235,20.000,20.005,0,15474,15474,773.500304,SUCCESS,sigmoid,
2026-06-09T07:28:29,93.0,34.3,sensor2_serial,3,1,5,1,120,234,20.000,20.005,0,7220,7220,360.902471,SUCCESS,sigmoid,
2026-06-09T07:28:49,93.0,34.3,sensor2_serial,3,1,5,1,120,233,20.000,20.005,0,2406,2406,120.270846,SUCCESS,sigmoid,
2026-06-09T07:29:09,93.0,34.3,sensor2_serial,3,1,5,1,120,232,20.000,20.005,0,1027,1027,51.336646,SUCCESS,sigmoid,
2026-06-09T07:29:29,93.0,34.3,sensor2_serial,3,1,5,1,120,231,20.000,20.005,0,518,518,25.894037,SUCCESS,sigmoid,
2026-06-09T07:29:49,93.0,34.3,sensor2_serial,3,1,5,1,120,230,20.000,20.004,0,309,309,15.446716,SUCCESS,sigmoid,
2026-06-09T07:30:09,93.0,34.3,sensor2_serial,3,1,5,1,120,229,20.000,20.005,0,217,217,10.847034,SUCCESS,sigmoid,
2026-06-09T07:30:29,93.0,34.3,sensor2_serial,3,1,5,1,120,228,20.000,20.005,0,193,193,9.647556,SUCCESS,sigmoid,
2026-06-09T07:30:49,93.0,34.3,sensor2_serial,3,1,5,1,120,227,20.000,20.005,0,197,197,9.847309,SUCCESS,sigmoid,
2026-06-09T07:31:09,93.0,34.3,sensor2_serial,3,1,5,1,120,226,20.000,20.004,0,167,167,8.348125,SUCCESS,sigmoid,
2026-06-09T07:31:29,93.0,34.3,sensor2_serial,3,1,5,1,120,225,20.000,20.006,0,170,170,8.497654,SUCCESS,sigmoid,
2026-06-09T07:31:49,93.0,34.3,sensor2_serial,3,1,5,1,120,224,20.000,20.005,0,187,187,9.347515,SUCCESS,sigmoid,
2026-06-09T07:32:09,93.0,34.3,sensor2_serial,3,1,5,1,120,223,20.000,20.005,0,197,197,9.847746,SUCCESS,sigmoid,
2026-06-09T07:32:29,93.0,34.3,sensor2_serial,3,1,5,1,120,222,20.000,20.005,0,190,190,9.497576,SUCCESS,sigmoid,
2026-06-09T07:32:49,93.0,34.3,sensor2_serial,3,1,5,1,120,221,20.000,20.005,0,211,211,10.547501,SUCCESS,sigmoid,
2026-06-09T07:33:09,93.0,34.3,sensor2_serial,3,1,5,1,120,220,20.000,20.005,0,160,160,7.998130,SUCCESS,sigmoid,
2026-06-09T07:33:30,93.0,34.3,sensor2_serial,3,1,5,1,120,219,20.000,20.004,0,202,202,10.097915,SUCCESS,sigmoid,
2026-06-09T07:33:50,93.0,34.3,sensor2_serial,3,1,5,1,120,218,20.000,20.004,0,197,197,9.847846,SUCCESS,sigmoid,
2026-06-09T07:34:10,93.0,34.3,sensor2_serial,3,1,5,1,120,217,20.000,20.005,0,186,186,9.297868,SUCCESS,sigmoid,
2026-06-09T07:34:30,93.0,34.3,sensor2_serial,3,1,5,1,120,216,20.000,20.005,0,185,185,9.247731,SUCCESS,sigmoid,
2026-06-09T07:34:50,93.0,34.3,sensor2_serial,3,1,5,1,120,215,20.000,20.004,0,184,184,9.198008,SUCCESS,sigmoid,
2026-06-09T07:35:10,93.0,34.3,sensor2_serial,3,1,5,1,120,214,20.000,20.004,0,183,183,9.148013,SUCCESS,sigmoid,
2026-06-09T07:35:30,93.0,34.3,sensor2_serial,3,1,5,1,120,213,20.000,20.005,0,187,187,9.347527,SUCCESS,sigmoid,
2026-06-09T07:35:50,93.0,34.3,sensor2_serial,3,1,5,1,120,212,20.000,20.006,0,178,178,8.897489,SUCCESS,sigmoid,
2026-06-09T07:36:10,93.0,34.3,sensor2_serial,3,1,5,1,120,211,20.000,20.005,0,191,191,9.547416,SUCCESS,sigmoid,
2026-06-09T07:36:30,93.0,34.3,sensor2_serial,3,1,5,1,120,210,20.000,20.006,0,164,164,8.197662,SUCCESS,sigmoid,
2026-06-09T07:36:50,93.0,34.3,sensor2_serial,3,1,5,1,120,209,20.000,20.004,0,177,177,8.848328,SUCCESS,sigmoid,
2026-06-09T07:37:10,93.0,34.3,sensor2_serial,3,1,5,1,120,208,20.000,20.005,0,174,174,8.697733,SUCCESS,sigmoid,
2026-06-09T07:37:30,93.0,34.3,sensor2_serial,3,1,5,1,120,207,20.000,20.005,0,189,189,9.447544,SUCCESS,sigmoid,
2026-06-09T07:37:50,93.0,34.3,sensor2_serial,3,1,5,1,120,206,20.000,20.005,0,200,200,9.997596,SUCCESS,sigmoid,
2026-06-09T07:38:10,93.0,34.3,sensor2_serial,3,1,5,1,120,205,20.000,20.005,0,159,159,7.948152,SUCCESS,sigmoid,
2026-06-09T07:38:30,93.0,34.3,sensor2_serial,3,1,5,1,120,204,20.000,20.005,0,177,177,8.847852,SUCCESS,sigmoid,
2026-06-09T07:38:50,93.0,34.3,sensor2_serial,3,1,5,1,120,203,20.000,20.005,0,162,162,8.098077,SUCCESS,sigmoid,
2026-06-09T07:39:11,93.0,34.3,sensor2_serial,3,1,5,1,120,202,20.000,20.004,0,179,179,8.948182,SUCCESS,sigmoid,
2026-06-09T07:39:31,93.0,34.3,sensor2_serial,3,1,5,1,120,201,20.000,20.005,0,180,180,8.997536,SUCCESS,sigmoid,
2026-06-09T07:39:51,93.0,34.3,sensor2_serial,3,1,5,1,120,200,20.000,20.005,0,175,175,8.747712,SUCCESS,sigmoid,
2026-06-09T07:40:11,93.0,34.3,sensor2_serial,3,1,5,1,120,199,20.000,20.005,0,206,206,10.297294,SUCCESS,sigmoid,
2026-06-09T07:40:31,93.0,34.3,sensor2_serial,3,1,5,1,120,198,20.000,20.004,0,196,196,9.797823,SUCCESS,sigmoid,
2026-06-09T07:40:51,93.0,34.3,sensor2_serial,3,1,5,1,120,197,20.000,20.004,0,161,161,8.048261,SUCCESS,sigmoid,
2026-06-09T07:41:11,93.0,34.3,sensor2_serial,3,1,5,1,120,196,20.000,20.004,0,166,166,8.298213,SUCCESS,sigmoid,
2026-06-09T07:41:31,93.0,34.3,sensor2_serial,3,1,5,1,120,195,20.000,20.005,0,167,167,8.347828,SUCCESS,sigmoid,
2026-06-09T07:41:51,93.0,34.3,sensor2_serial,3,1,5,1,120,194,20.000,20.005,0,161,161,8.047924,SUCCESS,sigmoid,
2026-06-09T07:42:11,93.0,34.3,sensor2_serial,3,1,5,1,120,193,20.000,20.005,0,161,161,8.047894,SUCCESS,sigmoid,
2026-06-09T07:42:31,93.0,34.3,sensor2_serial,3,1,5,1,120,192,20.000,20.006,0,173,173,8.647407,SUCCESS,sigmoid,
2026-06-09T07:42:51,93.0,34.3,sensor2_serial,3,1,5,1,120,191,20.000,20.005,0,159,159,7.947943,SUCCESS,sigmoid,
2026-06-09T07:43:11,93.0,34.3,sensor2_serial,3,1,5,1,120,190,20.000,20.005,0,177,177,8.847764,SUCCESS,sigmoid,
2026-06-09T07:43:31,93.0,34.3,sensor2_serial,3,1,5,1,120,189,20.000,20.005,0,171,171,8.548034,SUCCESS,sigmoid,
2026-06-09T07:43:51,93.0,34.3,sensor2_serial,3,1,5,1,120,188,20.000,20.005,0,153,153,7.647960,SUCCESS,sigmoid,
2026-06-09T07:44:11,93.0,34.3,sensor2_serial,3,1,5,1,120,187,20.000,20.005,0,167,167,8.348062,SUCCESS,sigmoid,
2026-06-09T07:44:31,93.0,34.3,sensor2_serial,3,1,5,1,120,186,20.000,20.006,0,201,201,10.047199,SUCCESS,sigmoid,
2026-06-09T07:44:52,93.0,34.3,sensor2_serial,3,1,5,1,120,185,20.000,20.004,0,174,174,8.698075,SUCCESS,sigmoid,
2026-06-09T07:45:12,93.0,34.3,sensor2_serial,3,1,5,1,120,184,20.000,20.004,0,162,162,8.098284,SUCCESS,sigmoid,
2026-06-09T07:45:32,93.0,34.3,sensor2_serial,3,1,5,1,120,183,20.000,20.005,0,157,157,7.848054,SUCCESS,sigmoid,
2026-06-09T07:45:52,93.0,34.3,sensor2_serial,3,1,5,1,120,182,20.000,20.004,0,185,185,9.247933,SUCCESS,sigmoid,
2026-06-09T07:46:12,93.0,34.3,sensor2_serial,3,1,5,1,120,181,20.000,20.005,0,211,211,10.547615,SUCCESS,sigmoid,
2026-06-09T07:46:32,93.0,34.3,sensor2_serial,3,1,5,1,120,180,20.000,20.005,0,193,193,9.647729,SUCCESS,sigmoid,
2026-06-09T07:46:52,93.0,34.3,sensor2_serial,3,1,5,1,120,179,20.000,20.005,0,205,205,10.247658,SUCCESS,sigmoid,
2026-06-09T07:47:12,93.0,34.3,sensor2_serial,3,1,5,1,120,178,20.000,20.005,0,170,170,8.497975,SUCCESS,sigmoid,
2026-06-09T07:47:32,93.0,34.3,sensor2_serial,3,1,5,1,120,177,20.000,20.005,0,153,153,7.648228,SUCCESS,sigmoid,
2026-06-09T07:47:52,93.0,34.3,sensor2_serial,3,1,5,1,120,176,20.000,20.006,0,186,186,9.297346,SUCCESS,sigmoid,
2026-06-09T07:48:12,93.0,34.3,sensor2_serial,3,1,5,1,120,175,20.000,20.005,0,169,169,8.448093,SUCCESS,sigmoid,
2026-06-09T07:48:32,93.0,34.3,sensor2_serial,3,1,5,1,120,174,20.000,20.005,0,150,150,7.498061,SUCCESS,sigmoid,
2026-06-09T07:48:52,93.0,34.3,sensor2_serial,3,1,5,1,120,173,20.000,20.005,0,147,147,7.348142,SUCCESS,sigmoid,
2026-06-09T07:49:12,93.0,34.3,sensor2_serial,3,1,5,1,120,172,20.000,20.006,0,171,171,8.547589,SUCCESS,sigmoid,
2026-06-09T07:49:32,93.0,34.3,sensor2_serial,3,1,5,1,120,171,20.000,20.005,0,171,171,8.547862,SUCCESS,sigmoid,
2026-06-09T07:49:52,93.0,34.3,sensor2_serial,3,1,5,1,120,170,20.000,20.005,0,177,177,8.847624,SUCCESS,sigmoid,
2026-06-09T07:50:12,93.0,34.3,sensor2_serial,3,1,5,1,120,169,20.000,20.004,0,152,152,7.598457,SUCCESS,sigmoid,
2026-06-09T07:50:33,93.0,34.3,sensor2_serial,3,1,5,1,120,168,20.000,20.006,0,164,164,8.197743,SUCCESS,sigmoid,
2026-06-09T07:50:53,93.0,34.3,sensor2_serial,3,1,5,1,120,167,20.000,20.004,0,163,163,8.148259,SUCCESS,sigmoid,
2026-06-09T07:51:13,93.0,34.3,sensor2_serial,3,1,5,1,120,166,20.000,20.006,0,169,169,8.447654,SUCCESS,sigmoid,
2026-06-09T07:51:33,93.0,34.3,sensor2_serial,3,1,5,1,120,165,20.000,20.004,0,135,135,6.748498,SUCCESS,sigmoid,
2026-06-09T07:51:53,93.0,34.3,sensor2_serial,3,1,5,1,120,164,20.000,20.005,0,147,147,7.348143,SUCCESS,sigmoid,
2026-06-09T07:52:13,93.0,34.3,sensor2_serial,3,1,5,1,120,163,20.000,20.005,0,167,167,8.347838,SUCCESS,sigmoid,
2026-06-09T07:52:33,93.0,34.3,sensor2_serial,3,1,5,1,120,162,20.000,20.004,0,160,160,7.998204,SUCCESS,sigmoid,
2026-06-09T07:52:53,93.0,34.3,sensor2_serial,3,1,5,1,120,161,20.000,20.005,0,167,167,8.347849,SUCCESS,sigmoid,
2026-06-09T07:53:13,93.0,34.3,sensor2_serial,3,1,5,1,120,160,20.000,20.005,0,142,142,7.098367,SUCCESS,sigmoid,
2026-06-09T07:53:33,93.0,34.3,sensor2_serial,3,1,5,1,120,159,20.000,20.004,0,176,176,8.798071,SUCCESS,sigmoid,
2026-06-09T07:53:53,93.0,34.3,sensor2_serial,3,1,5,1,120,158,20.000,20.006,0,143,143,7.147999,SUCCESS,sigmoid,
2026-06-09T07:54:13,93.0,34.3,sensor2_serial,3,1,5,1,120,157,20.000,20.005,0,143,143,7.148104,SUCCESS,sigmoid,
2026-06-09T07:54:33,93.0,34.3,sensor2_serial,3,1,5,1,120,156,20.000,20.005,0,134,134,6.698232,SUCCESS,sigmoid,
2026-06-09T07:54:53,93.0,34.3,sensor2_serial,3,1,5,1,120,155,20.000,20.005,0,151,151,7.547947,SUCCESS,sigmoid,
2026-06-09T07:55:13,93.0,34.3,sensor2_serial,3,1,5,1,120,154,20.000,20.005,0,150,150,7.498292,SUCCESS,sigmoid,
2026-06-09T07:55:33,93.0,34.3,sensor2_serial,3,1,5,1,120,153,20.000,20.005,0,137,137,6.848301,SUCCESS,sigmoid,
2026-06-09T07:55:53,93.0,34.3,sensor2_serial,3,1,5,1,120,152,20.000,20.005,0,128,128,6.398264,SUCCESS,sigmoid,
2026-06-09T07:56:14,93.0,34.3,sensor2_serial,3,1,5,1,120,151,20.000,20.005,0,168,168,8.397730,SUCCESS,sigmoid,
2026-06-09T07:56:34,93.0,34.3,sensor2_serial,3,1,5,1,120,150,20.000,20.005,0,145,145,7.248100,SUCCESS,sigmoid,
2026-06-09T07:56:54,93.0,34.3,sensor2_serial,3,1,5,1,120,149,20.000,20.005,0,145,145,7.248154,SUCCESS,sigmoid,
2026-06-09T07:57:14,93.0,34.3,sensor2_serial,3,1,5,1,120,148,20.000,20.005,0,135,135,6.748226,SUCCESS,sigmoid,
2026-06-09T07:57:34,93.0,34.3,sensor2_serial,3,1,5,1,120,147,20.000,20.005,0,168,168,8.398018,SUCCESS,sigmoid,
2026-06-09T07:57:54,93.0,34.3,sensor2_serial,3,1,5,1,120,146,20.000,20.006,0,126,126,6.298234,SUCCESS,sigmoid,
2026-06-09T07:58:14,93.0,34.3,sensor2_serial,3,1,5,1,120,145,20.000,20.005,0,141,141,7.048343,SUCCESS,sigmoid,
2026-06-09T07:58:34,93.0,34.3,sensor2_serial,3,1,5,1,120,144,20.000,20.005,0,126,126,6.298410,SUCCESS,sigmoid,
2026-06-09T07:58:54,93.0,34.3,sensor2_serial,3,1,5,1,120,143,20.000,20.004,0,134,134,6.698570,SUCCESS,sigmoid,
2026-06-09T07:59:14,93.0,34.3,sensor2_serial,3,1,5,1,120,142,20.000,20.005,0,142,142,7.098351,SUCCESS,sigmoid,
2026-06-09T07:59:34,93.0,34.3,sensor2_serial,3,1,5,1,120,141,20.000,20.005,0,128,128,6.398312,SUCCESS,sigmoid,
2026-06-09T07:59:54,93.0,34.3,sensor2_serial,3,1,5,1,120,140,20.000,20.004,0,138,138,6.898459,SUCCESS,sigmoid,
2026-06-09T08:00:14,93.0,34.3,sensor2_serial,3,1,5,1,120,139,20.000,20.005,0,116,116,5.798636,SUCCESS,sigmoid,
2026-06-09T08:00:34,93.0,34.3,sensor2_serial,3,1,5,1,120,138,20.000,20.005,0,114,114,5.698611,SUCCESS,sigmoid,
2026-06-09T08:00:54,93.0,34.3,sensor2_serial,3,1,5,1,120,137,20.000,20.005,0,123,123,6.148403,SUCCESS,sigmoid,
2026-06-09T08:01:14,93.0,34.3,sensor2_serial,3,1,5,1,120,136,20.000,20.005,0,119,119,5.948587,SUCCESS,sigmoid,
2026-06-09T08:01:35,93.0,34.3,sensor2_serial,3,1,5,1,120,135,20.000,20.005,0,107,107,5.348580,SUCCESS,sigmoid,
2026-06-09T08:01:55,93.0,34.3,sensor2_serial,3,1,5,1,120,134,20.000,20.005,0,123,123,6.148599,SUCCESS,sigmoid,
2026-06-09T08:02:15,93.0,34.3,sensor2_serial,3,1,5,1,120,133,20.000,20.004,0,111,111,5.548778,SUCCESS,sigmoid,
2026-06-09T08:02:35,93.0,34.3,sensor2_serial,3,1,5,1,120,132,20.000,20.006,0,100,100,4.998623,SUCCESS,sigmoid,
2026-06-09T08:02:55,93.0,34.3,sensor2_serial,3,1,5,1,120,131,20.000,20.005,0,97,97,4.848890,SUCCESS,sigmoid,
2026-06-09T08:03:15,93.0,34.3,sensor2_serial,3,1,5,1,120,130,20.000,20.005,0,101,101,5.048768,SUCCESS,sigmoid,
2026-06-09T08:03:35,93.0,34.3,sensor2_serial,3,1,5,1,120,129,20.000,20.004,0,97,97,4.848939,SUCCESS,sigmoid,
2026-06-09T08:03:55,93.0,34.3,sensor2_serial,3,1,5,1,120,128,20.000,20.005,0,93,93,4.648935,SUCCESS,sigmoid,
2026-06-09T08:04:15,93.0,34.3,sensor2_serial,3,1,5,1,120,127,20.000,20.004,0,86,86,4.299073,SUCCESS,sigmoid,
2026-06-09T08:04:35,93.0,34.3,sensor2_serial,3,1,5,1,120,126,20.000,20.005,0,84,84,4.198921,SUCCESS,sigmoid,
2026-06-09T08:04:55,93.0,34.3,sensor2_serial,3,1,5,1,120,125,20.000,20.005,0,80,80,3.998950,SUCCESS,sigmoid,
2026-06-09T08:05:15,93.0,34.3,sensor2_serial,3,1,5,1,120,124,20.000,20.005,0,90,90,4.498950,SUCCESS,sigmoid,
2026-06-09T08:05:35,93.0,34.3,sensor2_serial,3,1,5,1,120,123,20.000,20.005,0,70,70,3.499122,SUCCESS,sigmoid,
2026-06-09T08:05:55,93.0,34.3,sensor2_serial,3,1,5,1,120,122,20.000,20.005,0,85,85,4.248917,SUCCESS,sigmoid,
2026-06-09T08:06:15,93.0,34.3,sensor2_serial,3,1,5,1,120,121,20.000,20.005,0,82,82,4.098950,SUCCESS,sigmoid,
2026-06-09T08:06:35,93.0,34.3,sensor2_serial,3,1,5,1,120,120,20.000,20.004,0,52,52,2.599456,SUCCESS,sigmoid,
2026-06-09T08:06:55,93.0,34.3,sensor2_serial,3,1,5,1,120,119,20.000,20.005,0,51,51,2.549309,SUCCESS,sigmoid,
2026-06-09T08:07:16,93.0,34.3,sensor2_serial,3,1,5,1,120,118,20.000,20.005,0,74,74,3.699054,SUCCESS,sigmoid,
2026-06-09T08:07:36,93.0,34.3,sensor2_serial,3,1,5,1,120,117,20.000,20.005,0,53,53,2.649298,SUCCESS,sigmoid,
2026-06-09T08:07:56,93.0,34.3,sensor2_serial,3,1,5,1,120,116,20.000,20.004,0,51,51,2.549427,SUCCESS,sigmoid,
2026-06-09T08:08:16,93.0,34.3,sensor2_serial,3,1,5,1,120,115,20.000,20.005,0,52,52,2.599313,SUCCESS,sigmoid,
2026-06-09T08:08:36,93.0,34.3,sensor2_serial,3,1,5,1,120,114,20.000,20.004,0,36,36,1.799601,SUCCESS,sigmoid,
2026-06-09T08:08:56,93.0,34.3,sensor2_serial,3,1,5,1,120,113,20.000,20.004,0,43,43,2.149567,SUCCESS,sigmoid,
2026-06-09T08:09:16,93.0,34.3,sensor2_serial,3,1,5,1,120,112,20.000,20.004,0,36,36,1.799598,SUCCESS,sigmoid,
2026-06-09T08:09:36,93.0,34.3,sensor2_serial,3,1,5,1,120,111,20.000,20.004,0,37,37,1.849588,SUCCESS,sigmoid,
2026-06-09T08:09:56,93.0,34.3,sensor2_serial,3,1,5,1,120,110,20.000,20.005,0,33,33,1.649552,SUCCESS,sigmoid,
2026-06-09T08:10:16,93.0,34.3,sensor2_serial,3,1,5,1,120,109,20.000,20.004,0,23,23,1.149754,SUCCESS,sigmoid,
2026-06-09T08:10:36,93.0,34.3,sensor2_serial,3,1,5,1,120,108,20.000,20.005,0,32,32,1.599637,SUCCESS,sigmoid,
2026-06-09T08:10:56,93.0,34.3,sensor2_serial,3,1,5,1,120,107,20.000,20.004,0,18,18,0.899815,SUCCESS,sigmoid,
2026-06-09T08:11:16,93.0,34.3,sensor2_serial,3,1,5,1,120,106,20.000,20.005,0,15,15,0.749819,SUCCESS,sigmoid,
2026-06-09T08:11:36,93.0,34.3,sensor2_serial,3,1,5,1,120,105,20.000,20.004,0,12,12,0.599871,SUCCESS,sigmoid,
2026-06-09T08:11:56,93.0,34.3,sensor2_serial,3,1,5,1,120,104,20.000,20.005,0,14,14,0.699830,SUCCESS,sigmoid,
2026-06-09T08:12:16,93.0,34.3,sensor2_serial,3,1,5,1,120,103,20.000,20.005,0,10,10,0.499870,SUCCESS,sigmoid,
2026-06-09T08:12:36,93.0,34.3,sensor2_serial,3,1,5,1,120,102,20.000,20.005,0,12,12,0.599842,SUCCESS,sigmoid,
2026-06-09T08:12:57,93.0,34.3,sensor2_serial,3,1,5,1,120,101,20.000,20.004,0,9,9,0.449904,SUCCESS,sigmoid,
2026-06-09T08:13:17,93.0,34.3,sensor2_serial,3,1,5,1,120,100,20.000,20.004,0,4,4,0.199955,SUCCESS,sigmoid,
2026-06-09T08:13:37,93.0,34.3,sensor2_serial,3,1,5,1,120,99,20.000,20.004,0,8,8,0.399916,SUCCESS,sigmoid,
2026-06-09T08:13:57,93.0,34.3,sensor2_serial,3,1,5,1,120,98,20.000,20.005,0,6,6,0.299929,SUCCESS,sigmoid,
2026-06-09T08:14:17,93.0,34.3,sensor2_serial,3,1,5,1,120,97,20.000,20.004,0,6,6,0.299937,SUCCESS,sigmoid,
2026-06-09T08:14:37,93.0,34.3,sensor2_serial,3,1,5,1,120,96,20.000,20.004,0,7,7,0.349923,SUCCESS,sigmoid,
2026-06-09T08:14:57,93.0,34.3,sensor2_serial,3,1,5,1,120,95,20.000,20.004,0,5,5,0.249946,SUCCESS,sigmoid,
2026-06-09T08:15:17,93.0,34.3,sensor2_serial,3,1,5,1,120,94,20.000,20.005,0,3,3,0.149966,SUCCESS,sigmoid,
2026-06-09T08:15:37,93.0,34.3,sensor2_serial,3,1,5,1,120,93,20.000,20.004,0,2,2,0.099978,SUCCESS,sigmoid,
2026-06-09T08:15:57,93.0,34.3,sensor2_serial,3,1,5,1,120,92,20.000,20.004,0,0,0,0.000000,SUCCESS,sigmoid,
2026-06-09T08:16:17,93.0,34.3,sensor2_serial,3,1,5,1,120,91,20.000,20.004,0,0,0,0.000000,SUCCESS,sigmoid,
2026-06-09T08:16:37,93.0,34.3,sensor2_serial,3,1,5,1,120,90,20.000,20.005,0,0,0,0.000000,SUCCESS,sigmoid,
2026-06-09T08:16:57,93.0,34.3,sensor2_serial,3,1,5,1,120,89,20.000,20.005,0,1,1,0.049988,SUCCESS,sigmoid,
2026-06-09T08:17:17,93.0,34.3,sensor2_serial,3,1,5,1,120,88,20.000,20.005,0,0,0,0.000000,SUCCESS,sigmoid,
2026-06-09T08:17:37,93.0,34.3,sensor2_serial,3,1,5,1,120,87,20.000,20.005,0,0,0,0.000000,SUCCESS,sigmoid,
2026-06-09T08:17:57,93.0,34.3,sensor2_serial,3,1,5,1,120,86,20.000,20.004,0,0,0,0.000000,SUCCESS,sigmoid,
2026-06-09T08:18:17,93.0,34.3,sensor2_serial,3,1,5,1,120,85,20.000,20.005,0,0,0,0.000000,SUCCESS,sigmoid,
2026-06-09T08:18:38,93.0,34.3,sensor2_serial,3,1,5,1,120,84,20.000,20.005,0,0,0,0.000000,SUCCESS,sigmoid,
2026-06-09T08:18:58,93.0,34.3,sensor2_serial,3,1,5,1,120,83,20.000,20.005,0,1,1,0.049987,SUCCESS,sigmoid,
2026-06-09T08:19:18,93.0,34.3,sensor2_serial,3,1,5,1,120,82,20.000,20.005,0,0,0,0.000000,SUCCESS,sigmoid,
2026-06-09T08:19:38,93.0,34.3,sensor2_serial,3,1,5,1,120,81,20.000,20.004,0,0,0,0.000000,SUCCESS,sigmoid,
2026-06-09T08:19:58,93.0,34.3,sensor2_serial,3,1,5,1,120,80,20.000,20.004,0,0,0,0.000000,SUCCESS,sigmoid,
2026-06-09T08:20:18,93.0,34.3,sensor2_serial,3,1,5,1,120,79,20.000,20.004,0,0,0,0.000000,SUCCESS,sigmoid,
2026-06-09T08:20:38,93.0,34.3,sensor2_serial,3,1,5,1,120,78,20.000,20.004,0,0,0,0.000000,SUCCESS,sigmoid,
2026-06-09T08:20:58,93.0,34.3,sensor2_serial,3,1,5,1,120,77,20.000,20.005,0,0,0,0.000000,SUCCESS,sigmoid,
2026-06-09T08:21:18,93.0,34.3,sensor2_serial,3,1,5,1,120,76,20.000,20.004,0,0,0,0.000000,SUCCESS,sigmoid,
2026-06-09T08:21:38,93.0,34.3,sensor2_serial,3,1,5,1,120,75,20.000,20.004,0,0,0,0.000000,SUCCESS,sigmoid,
2026-06-09T08:21:58,93.0,34.3,sensor2_serial,3,1,5,1,120,74,20.000,20.005,0,0,0,0.000000,SUCCESS,sigmoid,
2026-06-09T08:22:18,93.0,34.3,sensor2_serial,3,1,5,1,120,73,20.000,20.004,0,0,0,0.000000,SUCCESS,sigmoid,
2026-06-09T08:22:38,93.0,34.3,sensor2_serial,3,1,5,1,120,72,20.000,20.005,0,0,0,0.000000,SUCCESS,sigmoid,
2026-06-09T08:22:58,93.0,34.3,sensor2_serial,3,1,5,1,120,71,20.000,20.006,0,0,0,0.000000,SUCCESS,sigmoid,
2026-06-09T08:23:18,93.0,34.3,sensor2_serial,3,1,5,1,120,70,20.000,20.004,0,0,0,0.000000,SUCCESS,sigmoid,
2026-06-09T08:23:38,93.0,34.3,sensor2_serial,3,1,5,1,120,69,20.000,20.004,0,0,0,0.000000,SUCCESS,sigmoid,
2026-06-09T08:23:58,93.0,34.3,sensor2_serial,3,1,5,1,120,68,20.000,20.004,0,0,0,0.000000,SUCCESS,sigmoid,
2026-06-09T08:24:19,93.0,34.3,sensor2_serial,3,1,5,1,120,67,20.000,20.004,0,0,0,0.000000,SUCCESS,sigmoid,
2026-06-09T08:24:39,93.0,34.3,sensor2_serial,3,1,5,1,120,66,20.000,20.005,0,0,0,0.000000,SUCCESS,sigmoid,
2026-06-09T08:24:59,93.0,34.3,sensor2_serial,3,1,5,1,120,65,20.000,20.004,0,0,0,0.000000,SUCCESS,sigmoid,
2026-06-09T08:25:19,93.0,34.3,sensor2_serial,3,1,5,1,120,64,20.000,20.005,0,0,0,0.000000,SUCCESS,sigmoid,
2026-06-09T08:25:39,93.0,34.3,sensor2_serial,3,1,5,1,120,63,20.000,20.004,0,0,0,0.000000,SUCCESS,sigmoid,
2026-06-09T08:25:59,93.0,34.3,sensor2_serial,3,2,6,2,120,255,20.000,20.006,0,1875033,1875033,93724.749103,SUCCESS,sigmoid,
2026-06-09T08:26:19,93.0,34.3,sensor2_serial,3,2,6,2,120,254,20.000,20.005,0,1889711,1889711,94460.370276,SUCCESS,sigmoid,
2026-06-09T08:26:39,93.0,34.3,sensor2_serial,3,2,6,2,120,253,20.000,20.006,0,2076127,2076127,103777.725358,SUCCESS,sigmoid,
2026-06-09T08:26:59,93.0,34.3,sensor2_serial,3,2,6,2,120,252,20.000,20.005,0,2368168,2368168,118376.084599,SUCCESS,sigmoid,
2026-06-09T08:27:19,93.0,34.3,sensor2_serial,3,2,6,2,120,251,20.000,20.005,0,2849174,2849174,142421.611605,SUCCESS,sigmoid,
2026-06-09T08:27:39,93.0,34.3,sensor2_serial,3,2,6,2,120,250,20.000,20.005,0,3176782,3176782,158800.394736,SUCCESS,sigmoid,
2026-06-09T08:27:59,93.0,34.3,sensor2_serial,3,2,6,2,120,249,20.000,20.005,0,3245191,3245191,162217.987071,SUCCESS,sigmoid,
2026-06-09T08:28:19,93.0,34.3,sensor2_serial,3,2,6,2,120,248,20.000,20.005,0,2973615,2973615,148640.381858,SUCCESS,sigmoid,
2026-06-09T08:28:39,93.0,34.3,sensor2_serial,3,2,6,2,120,247,20.000,20.006,0,2339062,2339062,116920.373589,SUCCESS,sigmoid,
2026-06-09T08:28:59,93.0,34.3,sensor2_serial,3,2,6,2,120,246,20.000,20.006,0,1714343,1714343,85693.301040,SUCCESS,sigmoid,
2026-06-09T08:29:19,93.0,34.3,sensor2_serial,3,2,6,2,120,245,20.000,20.005,0,982479,982479,49110.569101,SUCCESS,sigmoid,
2026-06-09T08:29:40,93.0,34.3,sensor2_serial,3,2,6,2,120,244,20.000,20.005,0,545486,545486,27266.925332,SUCCESS,sigmoid,
2026-06-09T08:30:00,93.0,34.3,sensor2_serial,3,2,6,2,120,243,20.000,20.005,0,238701,238701,11931.823748,SUCCESS,sigmoid,
2026-06-09T08:30:20,93.0,34.3,sensor2_serial,3,2,6,2,120,242,20.000,20.005,0,108166,108166,5406.953967,SUCCESS,sigmoid,
2026-06-09T08:30:40,93.0,34.3,sensor2_serial,3,2,6,2,120,241,20.000,20.004,0,51500,51500,2574.421073,SUCCESS,sigmoid,
2026-06-09T08:31:00,93.0,34.3,sensor2_serial,3,2,6,2,120,240,20.000,20.005,0,22376,22376,1118.503527,SUCCESS,sigmoid,
2026-06-09T08:31:20,93.0,34.3,sensor2_serial,3,2,6,2,120,239,20.000,20.005,0,8638,8638,431.784212,SUCCESS,sigmoid,
2026-06-09T08:31:40,93.0,34.3,sensor2_serial,3,2,6,2,120,238,20.000,20.005,0,3922,3922,196.053383,SUCCESS,sigmoid,
2026-06-09T08:32:00,93.0,34.3,sensor2_serial,3,2,6,2,120,237,20.000,20.005,0,1401,1401,70.031756,SUCCESS,sigmoid,
2026-06-09T08:32:20,93.0,34.3,sensor2_serial,3,2,6,2,120,236,20.000,20.005,0,637,637,31.841866,SUCCESS,sigmoid,
2026-06-09T08:32:40,93.0,34.3,sensor2_serial,3,2,6,2,120,235,20.000,20.004,0,307,307,15.346557,SUCCESS,sigmoid,
2026-06-09T08:33:00,93.0,34.3,sensor2_serial,3,2,6,2,120,234,20.000,20.005,0,235,235,11.746966,SUCCESS,sigmoid,
2026-06-09T08:33:20,93.0,34.3,sensor2_serial,3,2,6,2,120,233,20.000,20.005,0,187,187,9.347860,SUCCESS,sigmoid,
2026-06-09T08:33:40,93.0,34.3,sensor2_serial,3,2,6,2,120,232,20.000,20.005,0,199,199,9.947701,SUCCESS,sigmoid,
2026-06-09T08:34:00,93.0,34.3,sensor2_serial,3,2,6,2,120,231,20.000,20.005,0,182,182,9.097813,SUCCESS,sigmoid,
2026-06-09T08:34:20,93.0,34.3,sensor2_serial,3,2,6,2,120,230,20.000,20.006,0,191,191,9.547333,SUCCESS,sigmoid,
2026-06-09T08:34:40,93.0,34.3,sensor2_serial,3,2,6,2,120,229,20.000,20.005,0,195,195,9.747426,SUCCESS,sigmoid,
2026-06-09T08:35:00,93.0,34.3,sensor2_serial,3,2,6,2,120,228,20.000,20.005,0,167,167,8.347741,SUCCESS,sigmoid,
2026-06-09T08:35:21,93.0,34.3,sensor2_serial,3,2,6,2,120,227,20.000,20.004,0,183,183,9.148014,SUCCESS,sigmoid,
2026-06-09T08:35:41,93.0,34.3,sensor2_serial,3,2,6,2,120,226,20.000,20.004,0,184,184,9.197996,SUCCESS,sigmoid,
2026-06-09T08:36:01,93.0,34.3,sensor2_serial,3,2,6,2,120,225,20.000,20.005,0,195,195,9.747587,SUCCESS,sigmoid,
2026-06-09T08:36:21,93.0,34.3,sensor2_serial,3,2,6,2,120,224,20.000,20.005,0,185,185,9.247487,SUCCESS,sigmoid,
2026-06-09T08:36:41,93.0,34.3,sensor2_serial,3,2,6,2,120,223,20.000,20.005,0,190,190,9.497818,SUCCESS,sigmoid,
2026-06-09T08:37:01,93.0,34.3,sensor2_serial,3,2,6,2,120,222,20.000,20.004,0,170,170,8.498168,SUCCESS,sigmoid,
2026-06-09T08:37:21,93.0,34.3,sensor2_serial,3,2,6,2,120,221,20.000,20.004,0,187,187,9.347914,SUCCESS,sigmoid,
2026-06-09T08:37:41,93.0,34.3,sensor2_serial,3,2,6,2,120,220,20.000,20.006,0,158,158,7.897786,SUCCESS,sigmoid,
2026-06-09T08:38:01,93.0,34.3,sensor2_serial,3,2,6,2,120,219,20.000,20.004,0,187,187,9.348053,SUCCESS,sigmoid,
2026-06-09T08:38:21,93.0,34.3,sensor2_serial,3,2,6,2,120,218,20.000,20.005,0,183,183,9.147673,SUCCESS,sigmoid,
2026-06-09T08:38:41,93.0,34.3,sensor2_serial,3,2,6,2,120,217,20.000,20.005,0,186,186,9.297505,SUCCESS,sigmoid,
2026-06-09T08:39:01,93.0,34.3,sensor2_serial,3,2,6,2,120,216,20.000,20.005,0,145,145,7.248130,SUCCESS,sigmoid,
2026-06-09T08:39:21,93.0,34.3,sensor2_serial,3,2,6,2,120,215,20.000,20.005,0,191,191,9.547705,SUCCESS,sigmoid,
2026-06-09T08:39:41,93.0,34.3,sensor2_serial,3,2,6,2,120,214,20.000,20.004,0,184,184,9.198017,SUCCESS,sigmoid,
2026-06-09T08:40:01,93.0,34.3,sensor2_serial,3,2,6,2,120,213,20.000,20.004,0,173,173,8.648172,SUCCESS,sigmoid,
2026-06-09T08:40:21,93.0,34.3,sensor2_serial,3,2,6,2,120,212,20.000,20.004,0,181,181,9.047965,SUCCESS,sigmoid,
2026-06-09T08:40:41,93.0,34.3,sensor2_serial,3,2,6,2,120,211,20.000,20.004,0,184,184,9.198093,SUCCESS,sigmoid,
2026-06-09T08:41:02,93.0,34.3,sensor2_serial,3,2,6,2,120,210,20.000,20.006,0,184,184,9.197374,SUCCESS,sigmoid,
2026-06-09T08:41:22,93.0,34.3,sensor2_serial,3,2,6,2,120,209,20.000,20.004,0,178,178,8.898084,SUCCESS,sigmoid,
2026-06-09T08:41:42,93.0,34.3,sensor2_serial,3,2,6,2,120,208,20.000,20.005,0,182,182,9.097861,SUCCESS,sigmoid,
2026-06-09T08:42:02,93.0,34.3,sensor2_serial,3,2,6,2,120,207,20.000,20.005,0,148,148,7.398279,SUCCESS,sigmoid,
2026-06-09T08:42:22,93.0,34.3,sensor2_serial,3,2,6,2,120,206,20.000,20.005,0,165,165,8.248041,SUCCESS,sigmoid,
2026-06-09T08:42:42,93.0,34.3,sensor2_serial,3,2,6,2,120,205,20.000,20.005,0,184,184,9.197571,SUCCESS,sigmoid,
2026-06-09T08:43:02,93.0,34.3,sensor2_serial,3,2,6,2,120,204,20.000,20.006,0,167,167,8.347653,SUCCESS,sigmoid,
2026-06-09T08:43:22,93.0,34.3,sensor2_serial,3,2,6,2,120,203,20.000,20.005,0,162,162,8.097888,SUCCESS,sigmoid,
2026-06-09T08:43:42,93.0,34.3,sensor2_serial,3,2,6,2,120,202,20.000,20.005,0,173,173,8.647941,SUCCESS,sigmoid,
2026-06-09T08:44:02,93.0,34.3,sensor2_serial,3,2,6,2,120,201,20.000,20.005,0,166,166,8.297888,SUCCESS,sigmoid,
2026-06-09T08:44:22,93.0,34.3,sensor2_serial,3,2,6,2,120,200,20.000,20.005,0,176,176,8.797951,SUCCESS,sigmoid,
2026-06-09T08:44:42,93.0,34.3,sensor2_serial,3,2,6,2,120,199,20.000,20.004,0,157,157,7.848320,SUCCESS,sigmoid,
2026-06-09T08:45:02,93.0,34.3,sensor2_serial,3,2,6,2,120,198,20.000,20.005,0,178,178,8.897751,SUCCESS,sigmoid,
2026-06-09T08:45:22,93.0,34.3,sensor2_serial,3,2,6,2,120,197,20.000,20.005,0,173,173,8.647711,SUCCESS,sigmoid,
2026-06-09T08:45:42,93.0,34.3,sensor2_serial,3,2,6,2,120,196,20.000,20.006,0,169,169,8.447654,SUCCESS,sigmoid,
2026-06-09T08:46:02,93.0,34.3,sensor2_serial,3,2,6,2,120,195,20.000,20.005,0,164,164,8.197942,SUCCESS,sigmoid,
2026-06-09T08:46:22,93.0,34.3,sensor2_serial,3,2,6,2,120,194,20.000,20.006,0,145,145,7.248001,SUCCESS,sigmoid,
2026-06-09T08:46:43,93.0,34.3,sensor2_serial,3,2,6,2,120,193,20.000,20.004,0,182,182,9.098020,SUCCESS,sigmoid,
2026-06-09T08:47:03,93.0,34.3,sensor2_serial,3,2,6,2,120,192,20.000,20.004,0,179,179,8.948114,SUCCESS,sigmoid,
2026-06-09T08:47:23,93.0,34.3,sensor2_serial,3,2,6,2,120,191,20.000,20.005,0,198,198,9.897586,SUCCESS,sigmoid,
2026-06-09T08:47:43,93.0,34.3,sensor2_serial,3,2,6,2,120,190,20.000,20.005,0,178,178,8.897873,SUCCESS,sigmoid,
2026-06-09T08:48:03,93.0,34.3,sensor2_serial,3,2,6,2,120,189,20.000,20.004,0,153,153,7.648315,SUCCESS,sigmoid,
2026-06-09T08:48:23,93.0,34.3,sensor2_serial,3,2,6,2,120,188,20.000,20.005,0,172,172,8.597787,SUCCESS,sigmoid,
2026-06-09T08:48:43,93.0,34.3,sensor2_serial,3,2,6,2,120,187,20.000,20.005,0,154,154,7.698066,SUCCESS,sigmoid,
2026-06-09T08:49:03,93.0,34.3,sensor2_serial,3,2,6,2,120,186,20.000,20.004,0,188,188,9.397956,SUCCESS,sigmoid,
2026-06-09T08:49:23,93.0,34.3,sensor2_serial,3,2,6,2,120,185,20.000,20.004,0,161,161,8.048205,SUCCESS,sigmoid,
2026-06-09T08:49:43,93.0,34.3,sensor2_serial,3,2,6,2,120,184,20.000,20.004,0,177,177,8.848070,SUCCESS,sigmoid,
2026-06-09T08:50:03,93.0,34.3,sensor2_serial,3,2,6,2,120,183,20.000,20.005,0,158,158,7.898105,SUCCESS,sigmoid,
2026-06-09T08:50:23,93.0,34.3,sensor2_serial,3,2,6,2,120,182,20.000,20.004,0,177,177,8.848068,SUCCESS,sigmoid,
2026-06-09T08:50:43,93.0,34.3,sensor2_serial,3,2,6,2,120,181,20.000,20.005,0,159,159,7.947990,SUCCESS,sigmoid,
2026-06-09T08:51:03,93.0,34.3,sensor2_serial,3,2,6,2,120,180,20.000,20.004,0,150,150,7.498420,SUCCESS,sigmoid,
2026-06-09T08:51:23,93.0,34.3,sensor2_serial,3,2,6,2,120,179,20.000,20.005,0,172,172,8.597982,SUCCESS,sigmoid,
2026-06-09T08:51:43,93.0,34.3,sensor2_serial,3,2,6,2,120,178,20.000,20.005,0,160,160,7.998115,SUCCESS,sigmoid,
2026-06-09T08:52:03,93.0,34.3,sensor2_serial,3,2,6,2,120,177,20.000,20.005,0,167,167,8.347749,SUCCESS,sigmoid,
2026-06-09T08:52:24,93.0,34.3,sensor2_serial,3,2,6,2,120,176,20.000,20.005,0,151,151,7.548036,SUCCESS,sigmoid,
2026-06-09T08:52:44,93.0,34.3,sensor2_serial,3,2,6,2,120,175,20.000,20.005,0,165,165,8.248041,SUCCESS,sigmoid,
2026-06-09T08:53:04,93.0,34.3,sensor2_serial,3,2,6,2,120,174,20.000,20.005,0,192,192,9.597505,SUCCESS,sigmoid,
2026-06-09T08:53:24,93.0,34.3,sensor2_serial,3,2,6,2,120,173,20.000,20.005,0,155,155,7.747965,SUCCESS,sigmoid,
2026-06-09T08:53:44,93.0,34.3,sensor2_serial,3,2,6,2,120,172,20.000,20.005,0,156,156,7.797989,SUCCESS,sigmoid,
2026-06-09T08:54:04,93.0,34.3,sensor2_serial,3,2,6,2,120,171,20.000,20.005,0,167,167,8.347723,SUCCESS,sigmoid,
2026-06-09T08:54:24,93.0,34.3,sensor2_serial,3,2,6,2,120,170,20.000,20.005,0,174,174,8.697997,SUCCESS,sigmoid,
2026-06-09T08:54:44,93.0,34.3,sensor2_serial,3,2,6,2,120,169,20.000,20.004,0,155,155,7.748314,SUCCESS,sigmoid,
2026-06-09T08:55:04,93.0,34.3,sensor2_serial,3,2,6,2,120,168,20.000,20.005,0,202,202,10.097474,SUCCESS,sigmoid,
2026-06-09T08:55:24,93.0,34.3,sensor2_serial,3,2,6,2,120,167,20.000,20.005,0,153,153,7.647964,SUCCESS,sigmoid,
2026-06-09T08:55:44,93.0,34.3,sensor2_serial,3,2,6,2,120,166,20.000,20.005,0,154,154,7.697988,SUCCESS,sigmoid,
2026-06-09T08:56:04,93.0,34.3,sensor2_serial,3,2,6,2,120,165,20.000,20.005,0,154,154,7.698169,SUCCESS,sigmoid,
2026-06-09T08:56:24,93.0,34.3,sensor2_serial,3,2,6,2,120,164,20.000,20.005,0,151,151,7.548005,SUCCESS,sigmoid,
2026-06-09T08:56:44,93.0,34.3,sensor2_serial,3,2,6,2,120,163,20.000,20.005,0,148,148,7.398144,SUCCESS,sigmoid,
2026-06-09T08:57:04,93.0,34.3,sensor2_serial,3,2,6,2,120,162,20.000,20.005,0,151,151,7.548183,SUCCESS,sigmoid,
2026-06-09T08:57:24,93.0,34.3,sensor2_serial,3,2,6,2,120,161,20.000,20.004,0,139,139,6.948467,SUCCESS,sigmoid,
2026-06-09T08:57:45,93.0,34.3,sensor2_serial,3,2,6,2,120,160,20.000,20.004,0,160,160,7.998288,SUCCESS,sigmoid,
2026-06-09T08:58:05,93.0,34.3,sensor2_serial,3,2,6,2,120,159,20.000,20.005,0,161,161,8.047861,SUCCESS,sigmoid,
2026-06-09T08:58:25,93.0,34.3,sensor2_serial,3,2,6,2,120,158,20.000,20.005,0,143,143,7.148182,SUCCESS,sigmoid,
2026-06-09T08:58:45,93.0,34.3,sensor2_serial,3,2,6,2,120,157,20.000,20.005,0,161,161,8.047992,SUCCESS,sigmoid,
2026-06-09T08:59:05,93.0,34.3,sensor2_serial,3,2,6,2,120,156,20.000,20.005,0,146,146,7.298297,SUCCESS,sigmoid,
2026-06-09T08:59:25,93.0,34.3,sensor2_serial,3,2,6,2,120,155,20.000,20.004,0,153,153,7.648347,SUCCESS,sigmoid,
2026-06-09T08:59:45,93.0,34.3,sensor2_serial,3,2,6,2,120,154,20.000,20.004,0,139,139,6.948514,SUCCESS,sigmoid,
2026-06-09T09:00:05,93.0,34.3,sensor2_serial,3,2,6,2,120,153,20.000,20.005,0,108,108,5.398777,SUCCESS,sigmoid,
2026-06-09T09:00:25,93.0,34.3,sensor2_serial,3,2,6,2,120,152,20.000,20.005,0,152,152,7.598172,SUCCESS,sigmoid,
2026-06-09T09:00:45,93.0,34.3,sensor2_serial,3,2,6,2,120,151,20.000,20.004,0,138,138,6.898532,SUCCESS,sigmoid,
2026-06-09T09:01:05,93.0,34.3,sensor2_serial,3,2,6,2,120,150,20.000,20.005,0,121,121,6.048385,SUCCESS,sigmoid,
2026-06-09T09:01:25,93.0,34.3,sensor2_serial,3,2,6,2,120,149,20.000,20.005,0,129,129,6.448526,SUCCESS,sigmoid,
2026-06-09T09:01:45,93.0,34.3,sensor2_serial,3,2,6,2,120,148,20.000,20.005,0,142,142,7.098156,SUCCESS,sigmoid,
2026-06-09T09:02:05,93.0,34.3,sensor2_serial,3,2,6,2,120,147,20.000,20.005,0,114,114,5.698569,SUCCESS,sigmoid,
2026-06-09T09:02:25,93.0,34.3,sensor2_serial,3,2,6,2,120,146,20.000,20.005,0,132,132,6.598395,SUCCESS,sigmoid,
2026-06-09T09:02:45,93.0,34.3,sensor2_serial,3,2,6,2,120,145,20.000,20.005,0,122,122,6.098533,SUCCESS,sigmoid,
2026-06-09T09:03:05,93.0,34.3,sensor2_serial,3,2,6,2,120,144,20.000,20.006,0,136,136,6.798026,SUCCESS,sigmoid,
2026-06-09T09:03:26,93.0,34.3,sensor2_serial,3,2,6,2,120,143,20.000,20.006,0,120,120,5.998270,SUCCESS,sigmoid,
2026-06-09T09:03:46,93.0,34.3,sensor2_serial,3,2,6,2,120,142,20.000,20.004,0,125,125,6.248682,SUCCESS,sigmoid,
2026-06-09T09:04:06,93.0,34.3,sensor2_serial,3,2,6,2,120,141,20.000,20.006,0,107,107,5.348501,SUCCESS,sigmoid,
2026-06-09T09:04:26,93.0,34.3,sensor2_serial,3,2,6,2,120,140,20.000,20.004,0,98,98,4.898911,SUCCESS,sigmoid,
2026-06-09T09:04:46,93.0,34.3,sensor2_serial,3,2,6,2,120,139,20.000,20.005,0,115,115,5.748651,SUCCESS,sigmoid,
2026-06-09T09:05:06,93.0,34.3,sensor2_serial,3,2,6,2,120,138,20.000,20.005,0,101,101,5.048706,SUCCESS,sigmoid,
2026-06-09T09:05:26,93.0,34.3,sensor2_serial,3,2,6,2,120,137,20.000,20.005,0,107,107,5.348716,SUCCESS,sigmoid,
2026-06-09T09:05:46,93.0,34.3,sensor2_serial,3,2,6,2,120,136,20.000,20.005,0,118,118,5.898575,SUCCESS,sigmoid,
2026-06-09T09:06:06,93.0,34.3,sensor2_serial,3,2,6,2,120,135,20.000,20.005,0,87,87,4.348962,SUCCESS,sigmoid,
2026-06-09T09:06:26,93.0,34.3,sensor2_serial,3,2,6,2,120,134,20.000,20.004,0,106,106,5.298880,SUCCESS,sigmoid,
2026-06-09T09:06:46,93.0,34.3,sensor2_serial,3,2,6,2,120,133,20.000,20.004,0,92,92,4.599023,SUCCESS,sigmoid,
2026-06-09T09:07:06,93.0,34.3,sensor2_serial,3,2,6,2,120,132,20.000,20.005,0,88,88,4.398820,SUCCESS,sigmoid,
2026-06-09T09:07:26,93.0,34.3,sensor2_serial,3,2,6,2,120,131,20.000,20.005,0,89,89,4.448987,SUCCESS,sigmoid,
2026-06-09T09:07:46,93.0,34.3,sensor2_serial,3,2,6,2,120,130,20.000,20.005,0,84,84,4.198884,SUCCESS,sigmoid,
2026-06-09T09:08:06,93.0,34.3,sensor2_serial,3,2,6,2,120,129,20.000,20.005,0,92,92,4.598956,SUCCESS,sigmoid,
2026-06-09T09:08:26,93.0,34.3,sensor2_serial,3,2,6,2,120,128,20.000,20.005,0,64,64,3.199263,SUCCESS,sigmoid,
2026-06-09T09:08:46,93.0,34.3,sensor2_serial,3,2,6,2,120,127,20.000,20.005,0,110,110,5.498488,SUCCESS,sigmoid,
2026-06-09T09:09:07,93.0,34.3,sensor2_serial,3,2,6,2,120,126,20.000,20.005,0,63,63,3.149276,SUCCESS,sigmoid,
2026-06-09T09:09:27,93.0,34.3,sensor2_serial,3,2,6,2,120,125,20.000,20.005,0,81,81,4.048995,SUCCESS,sigmoid,
2026-06-09T09:09:47,93.0,34.3,sensor2_serial,3,2,6,2,120,124,20.000,20.004,0,69,69,3.449293,SUCCESS,sigmoid,
2026-06-09T09:10:07,93.0,34.3,sensor2_serial,3,2,6,2,120,123,20.000,20.005,0,68,68,3.399218,SUCCESS,sigmoid,
2026-06-09T09:10:27,93.0,34.3,sensor2_serial,3,2,6,2,120,122,20.000,20.004,0,53,53,2.649409,SUCCESS,sigmoid,
2026-06-09T09:10:47,93.0,34.3,sensor2_serial,3,2,6,2,120,121,20.000,20.004,0,62,62,3.099364,SUCCESS,sigmoid,
2026-06-09T09:11:07,93.0,34.3,sensor2_serial,3,2,6,2,120,120,20.000,20.004,0,62,62,3.099374,SUCCESS,sigmoid,
2026-06-09T09:11:27,93.0,34.3,sensor2_serial,3,2,6,2,120,119,20.000,20.005,0,51,51,2.549306,SUCCESS,sigmoid,
2026-06-09T09:11:47,93.0,34.3,sensor2_serial,3,2,6,2,120,118,20.000,20.004,0,41,41,2.049553,SUCCESS,sigmoid,
2026-06-09T09:12:07,93.0,34.3,sensor2_serial,3,2,6,2,120,117,20.000,20.004,0,52,52,2.599417,SUCCESS,sigmoid,
2026-06-09T09:12:27,93.0,34.3,sensor2_serial,3,2,6,2,120,116,20.000,20.005,0,46,46,2.299441,SUCCESS,sigmoid,
2026-06-09T09:12:47,93.0,34.3,sensor2_serial,3,2,6,2,120,115,20.000,20.004,0,46,46,2.299487,SUCCESS,sigmoid,
2026-06-09T09:13:07,93.0,34.3,sensor2_serial,3,2,6,2,120,114,20.000,20.005,0,35,35,1.749543,SUCCESS,sigmoid,
2026-06-09T09:13:27,93.0,34.3,sensor2_serial,3,2,6,2,120,113,20.000,20.005,0,38,38,1.899513,SUCCESS,sigmoid,
2026-06-09T09:13:47,93.0,34.3,sensor2_serial,3,2,6,2,120,112,20.000,20.005,0,24,24,1.199709,SUCCESS,sigmoid,
2026-06-09T09:14:07,93.0,34.3,sensor2_serial,3,2,6,2,120,111,20.000,20.005,0,33,33,1.649582,SUCCESS,sigmoid,
2026-06-09T09:14:27,93.0,34.3,sensor2_serial,3,2,6,2,120,110,20.000,20.004,0,21,21,1.049779,SUCCESS,sigmoid,
2026-06-09T09:14:48,93.0,34.3,sensor2_serial,3,2,6,2,120,109,20.000,20.005,0,28,28,1.399653,SUCCESS,sigmoid,
2026-06-09T09:15:08,93.0,34.3,sensor2_serial,3,2,6,2,120,108,20.000,20.005,0,18,18,0.899775,SUCCESS,sigmoid,
2026-06-09T09:15:28,93.0,34.3,sensor2_serial,3,2,6,2,120,107,20.000,20.004,0,18,18,0.899813,SUCCESS,sigmoid,
2026-06-09T09:15:48,93.0,34.3,sensor2_serial,3,2,6,2,120,106,20.000,20.005,0,19,19,0.949744,SUCCESS,sigmoid,
2026-06-09T09:16:08,93.0,34.3,sensor2_serial,3,2,6,2,120,105,20.000,20.004,0,18,18,0.899812,SUCCESS,sigmoid,
2026-06-09T09:16:28,93.0,34.3,sensor2_serial,3,2,6,2,120,104,20.000,20.005,0,18,18,0.899785,SUCCESS,sigmoid,
2026-06-09T09:16:48,93.0,34.3,sensor2_serial,3,2,6,2,120,103,20.000,20.004,0,11,11,0.549883,SUCCESS,sigmoid,
2026-06-09T09:17:08,93.0,34.3,sensor2_serial,3,2,6,2,120,102,20.000,20.005,0,7,7,0.349917,SUCCESS,sigmoid,
2026-06-09T09:17:28,93.0,34.3,sensor2_serial,3,2,6,2,120,101,20.000,20.005,0,15,15,0.749815,SUCCESS,sigmoid,
2026-06-09T09:17:48,93.0,34.3,sensor2_serial,3,2,6,2,120,100,20.000,20.004,0,4,4,0.199956,SUCCESS,sigmoid,
2026-06-09T09:18:08,93.0,34.3,sensor2_serial,3,2,6,2,120,99,20.000,20.005,0,4,4,0.199951,SUCCESS,sigmoid,
2026-06-09T09:18:28,93.0,34.3,sensor2_serial,3,2,6,2,120,98,20.000,20.004,0,4,4,0.199956,SUCCESS,sigmoid,
2026-06-09T09:18:48,93.0,34.3,sensor2_serial,3,2,6,2,120,97,20.000,20.005,0,7,7,0.349912,SUCCESS,sigmoid,
2026-06-09T09:19:08,93.0,34.3,sensor2_serial,3,2,6,2,120,96,20.000,20.004,0,4,4,0.199958,SUCCESS,sigmoid,
2026-06-09T09:19:28,93.0,34.3,sensor2_serial,3,2,6,2,120,95,20.000,20.004,0,2,2,0.099978,SUCCESS,sigmoid,
2026-06-09T09:19:48,93.0,34.3,sensor2_serial,3,2,6,2,120,94,20.000,20.005,0,2,2,0.099977,SUCCESS,sigmoid,
2026-06-09T09:20:08,93.0,34.3,sensor2_serial,3,2,6,2,120,93,20.000,20.004,0,2,2,0.099979,SUCCESS,sigmoid,
2026-06-09T09:20:29,93.0,34.3,sensor2_serial,3,2,6,2,120,92,20.000,20.004,0,1,1,0.049989,SUCCESS,sigmoid,
2026-06-09T09:20:49,93.0,34.3,sensor2_serial,3,2,6,2,120,91,20.000,20.005,0,0,0,0.000000,SUCCESS,sigmoid,
2026-06-09T09:21:09,93.0,34.3,sensor2_serial,3,2,6,2,120,90,20.000,20.004,0,1,1,0.049989,SUCCESS,sigmoid,
2026-06-09T09:21:29,93.0,34.3,sensor2_serial,3,2,6,2,120,89,20.000,20.004,0,0,0,0.000000,SUCCESS,sigmoid,
2026-06-09T09:21:49,93.0,34.3,sensor2_serial,3,2,6,2,120,88,20.000,20.005,0,0,0,0.000000,SUCCESS,sigmoid,
2026-06-09T09:22:09,93.0,34.3,sensor2_serial,3,2,6,2,120,87,20.000,20.004,0,0,0,0.000000,SUCCESS,sigmoid,
2026-06-09T09:22:29,93.0,34.3,sensor2_serial,3,2,6,2,120,86,20.000,20.005,0,0,0,0.000000,SUCCESS,sigmoid,
2026-06-09T09:22:49,93.0,34.3,sensor2_serial,3,2,6,2,120,85,20.000,20.005,0,1,1,0.049988,SUCCESS,sigmoid,
2026-06-09T09:23:09,93.0,34.3,sensor2_serial,3,2,6,2,120,84,20.000,20.005,0,0,0,0.000000,SUCCESS,sigmoid,
2026-06-09T09:23:29,93.0,34.3,sensor2_serial,3,2,6,2,120,83,20.000,20.005,0,0,0,0.000000,SUCCESS,sigmoid,
2026-06-09T09:23:49,93.0,34.3,sensor2_serial,3,2,6,2,120,82,20.000,20.005,0,0,0,0.000000,SUCCESS,sigmoid,
2026-06-09T09:24:09,93.0,34.3,sensor2_serial,3,2,6,2,120,81,20.000,20.005,0,0,0,0.000000,SUCCESS,sigmoid,
2026-06-09T09:24:29,93.0,34.3,sensor2_serial,3,2,6,2,120,80,20.000,20.005,0,0,0,0.000000,SUCCESS,sigmoid,
2026-06-09T09:24:49,93.0,34.3,sensor2_serial,3,2,6,2,120,79,20.000,20.004,0,0,0,0.000000,SUCCESS,sigmoid,
2026-06-09T09:25:09,93.0,34.3,sensor2_serial,3,2,6,2,120,78,20.000,20.004,0,0,0,0.000000,SUCCESS,sigmoid,
2026-06-09T09:25:29,93.0,34.3,sensor2_serial,3,2,6,2,120,77,20.000,20.004,0,0,0,0.000000,SUCCESS,sigmoid,
2026-06-09T09:25:49,93.0,34.3,sensor2_serial,3,2,6,2,120,76,20.000,20.004,0,0,0,0.000000,SUCCESS,sigmoid,
2026-06-09T09:26:10,93.0,34.3,sensor2_serial,3,2,6,2,120,75,20.000,20.005,0,0,0,0.000000,SUCCESS,sigmoid,
2026-06-09T09:26:30,93.0,34.3,sensor2_serial,3,2,6,2,120,74,20.000,20.005,0,0,0,0.000000,SUCCESS,sigmoid,
2026-06-09T09:26:50,93.0,34.3,sensor2_serial,3,2,6,2,120,73,20.000,20.005,0,0,0,0.000000,SUCCESS,sigmoid,
2026-06-09T09:27:10,93.0,34.3,sensor2_serial,3,2,6,2,120,72,20.000,20.004,0,0,0,0.000000,SUCCESS,sigmoid,
2026-06-09T09:27:30,93.0,34.3,sensor2_serial,3,2,6,2,120,71,20.000,20.004,0,0,0,0.000000,SUCCESS,sigmoid,
2026-06-09T09:27:50,93.0,34.3,sensor2_serial,3,2,6,2,120,70,20.000,20.004,0,0,0,0.000000,SUCCESS,sigmoid,
2026-06-09T09:28:10,93.0,34.3,sensor2_serial,3,2,6,2,120,69,20.000,20.005,0,0,0,0.000000,SUCCESS,sigmoid,
2026-06-09T09:28:30,93.0,34.3,sensor2_serial,3,2,6,2,120,68,20.000,20.005,0,0,0,0.000000,SUCCESS,sigmoid,
2026-06-09T09:28:50,93.0,34.3,sensor2_serial,3,2,6,2,120,67,20.000,20.004,0,0,0,0.000000,SUCCESS,sigmoid,
2026-06-09T09:29:10,93.0,34.3,sensor2_serial,3,2,6,2,120,66,20.000,20.004,0,0,0,0.000000,SUCCESS,sigmoid,
2026-06-09T09:29:30,93.0,34.3,sensor2_serial,3,2,6,2,120,65,20.000,20.005,0,0,0,0.000000,SUCCESS,sigmoid,
2026-06-09T09:30:04,94.0,33.3,sensor2_serial,3,0,4,0,120,255,20.000,20.006,0,3684431,3684431,184169.754364,SUCCESS,sigmoid,
2026-06-09T09:30:24,94.0,33.3,sensor2_serial,3,0,4,0,120,254,20.000,20.005,0,3492886,3492886,174597.103088,SUCCESS,sigmoid,
2026-06-09T09:30:44,94.0,33.3,sensor2_serial,3,0,4,0,120,253,20.000,20.005,0,2996806,2996806,149799.834833,SUCCESS,sigmoid,
2026-06-09T09:31:04,94.0,33.3,sensor2_serial,3,0,4,0,120,252,20.000,20.005,0,2173047,2173047,108624.864255,SUCCESS,sigmoid,
2026-06-09T09:31:24,94.0,33.3,sensor2_serial,3,0,4,0,120,251,20.000,20.005,0,1380009,1380009,68982.445801,SUCCESS,sigmoid,
2026-06-09T09:31:45,94.0,33.3,sensor2_serial,3,0,4,0,120,250,20.000,20.006,0,743856,743856,37182.374796,SUCCESS,sigmoid,
2026-06-09T09:32:05,94.0,33.3,sensor2_serial,3,0,4,0,120,249,20.000,20.006,0,382833,382833,19136.379893,SUCCESS,sigmoid,
2026-06-09T09:32:25,94.0,33.3,sensor2_serial,3,0,4,0,120,248,20.000,20.005,0,198456,198456,9920.275054,SUCCESS,sigmoid,
2026-06-09T09:32:45,94.0,33.3,sensor2_serial,3,0,4,0,120,247,20.000,20.006,0,103763,103763,5186.670719,SUCCESS,sigmoid,
2026-06-09T09:33:05,94.0,33.3,sensor2_serial,3,0,4,0,120,246,20.000,20.005,0,39784,39784,1988.717460,SUCCESS,sigmoid,
2026-06-09T09:33:25,94.0,33.3,sensor2_serial,3,0,4,0,120,245,20.000,20.005,0,39814,39814,1990.167761,SUCCESS,sigmoid,
2026-06-09T09:33:45,94.0,33.3,sensor2_serial,3,0,4,0,120,244,20.000,20.005,0,18194,18194,909.470047,SUCCESS,sigmoid,
2026-06-09T09:34:05,94.0,33.3,sensor2_serial,3,0,4,0,120,243,20.000,20.005,0,6743,6743,337.069524,SUCCESS,sigmoid,
2026-06-09T09:34:25,94.0,33.3,sensor2_serial,3,0,4,0,120,242,20.000,20.006,0,2571,2571,128.514025,SUCCESS,sigmoid,
2026-06-09T09:34:45,94.0,33.3,sensor2_serial,3,0,4,0,120,241,20.000,20.005,0,1118,1118,55.885667,SUCCESS,sigmoid,
2026-06-09T09:35:05,94.0,33.3,sensor2_serial,3,0,4,0,120,240,20.000,20.004,0,458,458,22.895141,SUCCESS,sigmoid,
2026-06-09T09:35:25,94.0,33.3,sensor2_serial,3,0,4,0,120,239,20.000,20.005,0,324,324,16.195625,SUCCESS,sigmoid,
2026-06-09T09:35:45,94.0,33.3,sensor2_serial,3,0,4,0,120,238,20.000,20.004,0,272,272,13.596984,SUCCESS,sigmoid,
2026-06-09T09:36:05,94.0,33.3,sensor2_serial,3,0,4,0,120,237,20.000,20.004,0,227,227,11.347537,SUCCESS,sigmoid,
2026-06-09T09:36:25,94.0,33.3,sensor2_serial,3,0,4,0,120,236,20.000,20.005,0,199,199,9.947539,SUCCESS,sigmoid,
2026-06-09T09:36:45,94.0,33.3,sensor2_serial,3,0,4,0,120,235,20.000,20.004,0,221,221,11.047530,SUCCESS,sigmoid,
2026-06-09T09:37:05,94.0,33.3,sensor2_serial,3,0,4,0,120,234,20.000,20.005,0,209,209,10.447527,SUCCESS,sigmoid,
2026-06-09T09:37:26,94.0,33.3,sensor2_serial,3,0,4,0,120,233,20.000,20.004,0,225,225,11.247508,SUCCESS,sigmoid,
2026-06-09T09:37:46,94.0,33.3,sensor2_serial,3,0,4,0,120,232,20.000,20.005,0,215,215,10.747533,SUCCESS,sigmoid,
2026-06-09T09:38:06,94.0,33.3,sensor2_serial,3,0,4,0,120,231,20.000,20.006,0,192,192,9.597345,SUCCESS,sigmoid,
2026-06-09T09:38:26,94.0,33.3,sensor2_serial,3,0,4,0,120,230,20.000,20.005,0,202,202,10.097359,SUCCESS,sigmoid,
2026-06-09T09:38:46,94.0,33.3,sensor2_serial,3,0,4,0,120,229,20.000,20.005,0,238,238,11.897255,SUCCESS,sigmoid,
2026-06-09T09:39:06,94.0,33.3,sensor2_serial,3,0,4,0,120,228,20.000,20.004,0,190,190,9.497978,SUCCESS,sigmoid,
2026-06-09T09:39:26,94.0,33.3,sensor2_serial,3,0,4,0,120,227,20.000,20.005,0,203,203,10.147386,SUCCESS,sigmoid,
2026-06-09T09:39:46,94.0,33.3,sensor2_serial,3,0,4,0,120,226,20.000,20.004,0,189,189,9.447996,SUCCESS,sigmoid,
2026-06-09T09:40:06,94.0,33.3,sensor2_serial,3,0,4,0,120,225,20.000,20.005,0,182,182,9.097772,SUCCESS,sigmoid,
2026-06-09T09:40:26,94.0,33.3,sensor2_serial,3,0,4,0,120,224,20.000,20.005,0,207,207,10.347588,SUCCESS,sigmoid,
2026-06-09T09:40:46,94.0,33.3,sensor2_serial,3,0,4,0,120,223,20.000,20.005,0,214,214,10.697183,SUCCESS,sigmoid,
2026-06-09T09:41:06,94.0,33.3,sensor2_serial,3,0,4,0,120,222,20.000,20.005,0,172,172,8.597744,SUCCESS,sigmoid,
2026-06-09T09:41:26,94.0,33.3,sensor2_serial,3,0,4,0,120,221,20.000,20.005,0,185,185,9.247640,SUCCESS,sigmoid,
2026-06-09T09:41:46,94.0,33.3,sensor2_serial,3,0,4,0,120,220,20.000,20.006,0,197,197,9.847154,SUCCESS,sigmoid,
2026-06-09T09:42:06,94.0,33.3,sensor2_serial,3,0,4,0,120,219,20.000,20.005,0,187,187,9.347484,SUCCESS,sigmoid,
2026-06-09T09:42:26,94.0,33.3,sensor2_serial,3,0,4,0,120,218,20.000,20.005,0,186,186,9.297644,SUCCESS,sigmoid,
2026-06-09T09:42:46,94.0,33.3,sensor2_serial,3,0,4,0,120,217,20.000,20.005,0,171,171,8.547655,SUCCESS,sigmoid,
2026-06-09T09:43:07,94.0,33.3,sensor2_serial,3,0,4,0,120,216,20.000,20.005,0,211,211,10.547221,SUCCESS,sigmoid,
2026-06-09T09:43:27,94.0,33.3,sensor2_serial,3,0,4,0,120,215,20.000,20.004,0,209,209,10.447714,SUCCESS,sigmoid,
2026-06-09T09:43:47,94.0,33.3,sensor2_serial,3,0,4,0,120,214,20.000,20.005,0,183,183,9.147524,SUCCESS,sigmoid,
2026-06-09T09:44:07,94.0,33.3,sensor2_serial,3,0,4,0,120,213,20.000,20.005,0,177,177,8.847627,SUCCESS,sigmoid,
2026-06-09T09:44:27,94.0,33.3,sensor2_serial,3,0,4,0,120,212,20.000,20.005,0,186,186,9.297674,SUCCESS,sigmoid,
2026-06-09T09:44:47,94.0,33.3,sensor2_serial,3,0,4,0,120,211,20.000,20.005,0,203,203,10.147286,SUCCESS,sigmoid,
2026-06-09T09:45:07,94.0,33.3,sensor2_serial,3,0,4,0,120,210,20.000,20.006,0,202,202,10.097189,SUCCESS,sigmoid,
2026-06-09T09:45:27,94.0,33.3,sensor2_serial,3,0,4,0,120,209,20.000,20.005,0,213,213,10.647086,SUCCESS,sigmoid,
2026-06-09T09:45:47,94.0,33.3,sensor2_serial,3,0,4,0,120,208,20.000,20.006,0,191,191,9.547343,SUCCESS,sigmoid,
2026-06-09T09:46:07,94.0,33.3,sensor2_serial,3,0,4,0,120,207,20.000,20.005,0,189,189,9.447874,SUCCESS,sigmoid,
2026-06-09T09:46:27,94.0,33.3,sensor2_serial,3,0,4,0,120,206,20.000,20.005,0,166,166,8.297960,SUCCESS,sigmoid,
2026-06-09T09:46:47,94.0,33.3,sensor2_serial,3,0,4,0,120,205,20.000,20.005,0,189,189,9.447615,SUCCESS,sigmoid,
2026-06-09T09:47:07,94.0,33.3,sensor2_serial,3,0,4,0,120,204,20.000,20.005,0,181,181,9.047868,SUCCESS,sigmoid,
2026-06-09T09:47:27,94.0,33.3,sensor2_serial,3,0,4,0,120,203,20.000,20.004,0,204,204,10.197779,SUCCESS,sigmoid,
2026-06-09T09:47:47,94.0,33.3,sensor2_serial,3,0,4,0,120,202,20.000,20.005,0,182,182,9.097538,SUCCESS,sigmoid,
2026-06-09T09:48:07,94.0,33.3,sensor2_serial,3,0,4,0,120,201,20.000,20.006,0,186,186,9.297348,SUCCESS,sigmoid,
2026-06-09T09:48:27,94.0,33.3,sensor2_serial,3,0,4,0,120,200,20.000,20.004,0,191,191,9.547868,SUCCESS,sigmoid,
2026-06-09T09:48:48,94.0,33.3,sensor2_serial,3,0,4,0,120,199,20.000,20.004,0,182,182,9.097990,SUCCESS,sigmoid,
2026-06-09T09:49:08,94.0,33.3,sensor2_serial,3,0,4,0,120,198,20.000,20.006,0,178,178,8.897539,SUCCESS,sigmoid,
2026-06-09T09:49:28,94.0,33.3,sensor2_serial,3,0,4,0,120,197,20.000,20.005,0,162,162,8.097831,SUCCESS,sigmoid,
2026-06-09T09:49:48,94.0,33.3,sensor2_serial,3,0,4,0,120,196,20.000,20.005,0,174,174,8.697713,SUCCESS,sigmoid,
2026-06-09T09:50:08,94.0,33.3,sensor2_serial,3,0,4,0,120,195,20.000,20.005,0,181,181,9.047878,SUCCESS,sigmoid,
2026-06-09T09:50:28,94.0,33.3,sensor2_serial,3,0,4,0,120,194,20.000,20.004,0,181,181,9.048049,SUCCESS,sigmoid,
2026-06-09T09:50:48,94.0,33.3,sensor2_serial,3,0,4,0,120,193,20.000,20.005,0,190,190,9.497591,SUCCESS,sigmoid,
2026-06-09T09:51:08,94.0,33.3,sensor2_serial,3,0,4,0,120,192,20.000,20.005,0,188,188,9.397523,SUCCESS,sigmoid,
2026-06-09T09:51:28,94.0,33.3,sensor2_serial,3,0,4,0,120,191,20.000,20.004,0,174,174,8.698104,SUCCESS,sigmoid,
2026-06-09T09:51:48,94.0,33.3,sensor2_serial,3,0,4,0,120,190,20.000,20.005,0,192,192,9.597497,SUCCESS,sigmoid,
2026-06-09T09:52:08,94.0,33.3,sensor2_serial,3,0,4,0,120,189,20.000,20.004,0,176,176,8.798066,SUCCESS,sigmoid,
2026-06-09T09:52:28,94.0,33.3,sensor2_serial,3,0,4,0,120,188,20.000,20.005,0,184,184,9.197891,SUCCESS,sigmoid,
2026-06-09T09:52:48,94.0,33.3,sensor2_serial,3,0,4,0,120,187,20.000,20.004,0,182,182,9.098022,SUCCESS,sigmoid,
2026-06-09T09:53:08,94.0,33.3,sensor2_serial,3,0,4,0,120,186,20.000,20.005,0,179,179,8.947979,SUCCESS,sigmoid,
2026-06-09T09:53:28,94.0,33.3,sensor2_serial,3,0,4,0,120,185,20.000,20.004,0,188,188,9.398013,SUCCESS,sigmoid,
2026-06-09T09:53:48,94.0,33.3,sensor2_serial,3,0,4,0,120,184,20.000,20.005,0,196,196,9.797454,SUCCESS,sigmoid,
2026-06-09T09:54:09,94.0,33.3,sensor2_serial,3,0,4,0,120,183,20.000,20.005,0,194,194,9.697436,SUCCESS,sigmoid,
2026-06-09T09:54:29,94.0,33.3,sensor2_serial,3,0,4,0,120,182,20.000,20.004,0,168,168,8.398113,SUCCESS,sigmoid,
2026-06-09T09:54:49,94.0,33.3,sensor2_serial,3,0,4,0,120,181,20.000,20.005,0,191,191,9.547786,SUCCESS,sigmoid,
2026-06-09T09:55:09,94.0,33.3,sensor2_serial,3,0,4,0,120,180,20.000,20.005,0,182,182,9.097643,SUCCESS,sigmoid,
2026-06-09T09:55:29,94.0,33.3,sensor2_serial,3,0,4,0,120,179,20.000,20.004,0,195,195,9.747930,SUCCESS,sigmoid,
2026-06-09T09:55:49,94.0,33.3,sensor2_serial,3,0,4,0,120,178,20.000,20.005,0,193,193,9.647827,SUCCESS,sigmoid,
2026-06-09T09:56:09,94.0,33.3,sensor2_serial,3,0,4,0,120,177,20.000,20.004,0,145,145,7.248436,SUCCESS,sigmoid,
2026-06-09T09:56:29,94.0,33.3,sensor2_serial,3,0,4,0,120,176,20.000,20.005,0,177,177,8.847617,SUCCESS,sigmoid,
2026-06-09T09:56:49,94.0,33.3,sensor2_serial,3,0,4,0,120,175,20.000,20.005,0,160,160,7.998088,SUCCESS,sigmoid,
2026-06-09T09:57:09,94.0,33.3,sensor2_serial,3,0,4,0,120,174,20.000,20.005,0,159,159,7.948110,SUCCESS,sigmoid,
2026-06-09T09:57:29,94.0,33.3,sensor2_serial,3,0,4,0,120,173,20.000,20.005,0,183,183,9.147804,SUCCESS,sigmoid,
2026-06-09T09:57:49,94.0,33.3,sensor2_serial,3,0,4,0,120,172,20.000,20.006,0,170,170,8.497656,SUCCESS,sigmoid,
2026-06-09T09:58:09,94.0,33.3,sensor2_serial,3,0,4,0,120,171,20.000,20.004,0,183,183,9.148028,SUCCESS,sigmoid,
2026-06-09T09:58:29,94.0,33.3,sensor2_serial,3,0,4,0,120,170,20.000,20.006,0,185,185,9.247452,SUCCESS,sigmoid,
2026-06-09T09:58:49,94.0,33.3,sensor2_serial,3,0,4,0,120,169,20.000,20.005,0,188,188,9.397686,SUCCESS,sigmoid,
2026-06-09T09:59:09,94.0,33.3,sensor2_serial,3,0,4,0,120,168,20.000,20.004,0,158,158,7.898331,SUCCESS,sigmoid,
2026-06-09T09:59:29,94.0,33.3,sensor2_serial,3,0,4,0,120,167,20.000,20.004,0,177,177,8.848053,SUCCESS,sigmoid,
2026-06-09T09:59:50,94.0,33.3,sensor2_serial,3,0,4,0,120,166,20.000,20.005,0,184,184,9.197901,SUCCESS,sigmoid,
2026-06-09T10:00:10,94.0,33.3,sensor2_serial,3,0,4,0,120,165,20.000,20.005,0,173,173,8.647945,SUCCESS,sigmoid,
2026-06-09T10:00:30,94.0,33.3,sensor2_serial,3,0,4,0,120,164,20.000,20.004,0,181,181,9.048016,SUCCESS,sigmoid,
2026-06-09T10:00:50,94.0,33.3,sensor2_serial,3,0,4,0,120,163,20.000,20.006,0,193,193,9.647326,SUCCESS,sigmoid,
2026-06-09T10:01:10,94.0,33.3,sensor2_serial,3,0,4,0,120,162,20.000,20.005,0,168,168,8.397815,SUCCESS,sigmoid,
2026-06-09T10:01:30,94.0,33.3,sensor2_serial,3,0,4,0,120,161,20.000,20.004,0,167,167,8.348141,SUCCESS,sigmoid,
2026-06-09T10:01:50,94.0,33.3,sensor2_serial,3,0,4,0,120,160,20.000,20.004,0,167,167,8.348205,SUCCESS,sigmoid,
2026-06-09T10:02:10,94.0,33.3,sensor2_serial,3,0,4,0,120,159,20.000,20.005,0,161,161,8.048009,SUCCESS,sigmoid,
2026-06-09T10:02:30,94.0,33.3,sensor2_serial,3,0,4,0,120,158,20.000,20.006,0,192,192,9.597328,SUCCESS,sigmoid,
2026-06-09T10:02:50,94.0,33.3,sensor2_serial,3,0,4,0,120,157,20.000,20.005,0,181,181,9.047657,SUCCESS,sigmoid,
2026-06-09T10:03:10,94.0,33.3,sensor2_serial,3,0,4,0,120,156,20.000,20.005,0,182,182,9.097765,SUCCESS,sigmoid,
2026-06-09T10:03:30,94.0,33.3,sensor2_serial,3,0,4,0,120,155,20.000,20.005,0,172,172,8.598020,SUCCESS,sigmoid,
2026-06-09T10:03:50,94.0,33.3,sensor2_serial,3,0,4,0,120,154,20.000,20.005,0,175,175,8.747695,SUCCESS,sigmoid,
2026-06-09T10:04:10,94.0,33.3,sensor2_serial,3,0,4,0,120,153,20.000,20.004,0,165,165,8.248209,SUCCESS,sigmoid,
2026-06-09T10:04:30,94.0,33.3,sensor2_serial,3,0,4,0,120,152,20.000,20.004,0,161,161,8.048192,SUCCESS,sigmoid,
2026-06-09T10:04:50,94.0,33.3,sensor2_serial,3,0,4,0,120,151,20.000,20.005,0,157,157,7.847967,SUCCESS,sigmoid,
2026-06-09T10:05:10,94.0,33.3,sensor2_serial,3,0,4,0,120,150,20.000,20.005,0,145,145,7.248339,SUCCESS,sigmoid,
2026-06-09T10:05:31,94.0,33.3,sensor2_serial,3,0,4,0,120,149,20.000,20.004,0,159,159,7.948389,SUCCESS,sigmoid,
2026-06-09T10:05:51,94.0,33.3,sensor2_serial,3,0,4,0,120,148,20.000,20.005,0,155,155,7.748231,SUCCESS,sigmoid,
2026-06-09T10:06:11,94.0,33.3,sensor2_serial,3,0,4,0,120,147,20.000,20.004,0,158,158,7.898358,SUCCESS,sigmoid,
2026-06-09T10:06:31,94.0,33.3,sensor2_serial,3,0,4,0,120,146,20.000,20.004,0,156,156,7.798289,SUCCESS,sigmoid,
2026-06-09T10:06:51,94.0,33.3,sensor2_serial,3,0,4,0,120,145,20.000,20.005,0,159,159,7.948103,SUCCESS,sigmoid,
2026-06-09T10:07:11,94.0,33.3,sensor2_serial,3,0,4,0,120,144,20.000,20.005,0,167,167,8.347718,SUCCESS,sigmoid,
2026-06-09T10:07:31,94.0,33.3,sensor2_serial,3,0,4,0,120,143,20.000,20.005,0,156,156,7.797954,SUCCESS,sigmoid,
2026-06-09T10:07:51,94.0,33.3,sensor2_serial,3,0,4,0,120,142,20.000,20.005,0,174,174,8.698024,SUCCESS,sigmoid,
2026-06-09T10:08:11,94.0,33.3,sensor2_serial,3,0,4,0,120,141,20.000,20.006,0,161,161,8.047763,SUCCESS,sigmoid,
2026-06-09T10:08:31,94.0,33.3,sensor2_serial,3,0,4,0,120,140,20.000,20.004,0,168,168,8.398123,SUCCESS,sigmoid,
2026-06-09T10:08:51,94.0,33.3,sensor2_serial,3,0,4,0,120,139,20.000,20.005,0,140,140,6.998078,SUCCESS,sigmoid,
2026-06-09T10:09:11,94.0,33.3,sensor2_serial,3,0,4,0,120,138,20.000,20.005,0,148,148,7.398200,SUCCESS,sigmoid,
2026-06-09T10:09:31,94.0,33.3,sensor2_serial,3,0,4,0,120,137,20.000,20.004,0,167,167,8.348135,SUCCESS,sigmoid,
2026-06-09T10:09:51,94.0,33.3,sensor2_serial,3,0,4,0,120,136,20.000,20.005,0,152,152,7.598178,SUCCESS,sigmoid,
2026-06-09T10:10:11,94.0,33.3,sensor2_serial,3,0,4,0,120,135,20.000,20.005,0,138,138,6.898194,SUCCESS,sigmoid,
2026-06-09T10:10:31,94.0,33.3,sensor2_serial,3,0,4,0,120,134,20.000,20.005,0,151,151,7.548104,SUCCESS,sigmoid,
2026-06-09T10:10:51,94.0,33.3,sensor2_serial,3,0,4,0,120,133,20.000,20.005,0,126,126,6.298555,SUCCESS,sigmoid,
2026-06-09T10:11:12,94.0,33.3,sensor2_serial,3,0,4,0,120,132,20.000,20.005,0,140,140,6.998284,SUCCESS,sigmoid,
2026-06-09T10:11:32,94.0,33.3,sensor2_serial,3,0,4,0,120,131,20.000,20.004,0,139,139,6.948501,SUCCESS,sigmoid,
2026-06-09T10:11:52,94.0,33.3,sensor2_serial,3,0,4,0,120,130,20.000,20.005,0,121,121,6.048610,SUCCESS,sigmoid,
2026-06-09T10:12:12,94.0,33.3,sensor2_serial,3,0,4,0,120,129,20.000,20.006,0,118,118,5.898374,SUCCESS,sigmoid,
2026-06-09T10:12:32,94.0,33.3,sensor2_serial,3,0,4,0,120,128,20.000,20.005,0,141,141,7.048165,SUCCESS,sigmoid,
2026-06-09T10:12:52,94.0,33.3,sensor2_serial,3,0,4,0,120,127,20.000,20.005,0,108,108,5.398755,SUCCESS,sigmoid,
2026-06-09T10:13:12,94.0,33.3,sensor2_serial,3,0,4,0,120,126,20.000,20.005,0,132,132,6.598384,SUCCESS,sigmoid,
2026-06-09T10:13:32,94.0,33.3,sensor2_serial,3,0,4,0,120,125,20.000,20.006,0,119,119,5.948364,SUCCESS,sigmoid,
2026-06-09T10:13:52,94.0,33.3,sensor2_serial,3,0,4,0,120,124,20.000,20.006,0,122,122,6.098287,SUCCESS,sigmoid,
2026-06-09T10:14:12,94.0,33.3,sensor2_serial,3,0,4,0,120,123,20.000,20.005,0,106,106,5.298755,SUCCESS,sigmoid,
2026-06-09T10:14:32,94.0,33.3,sensor2_serial,3,0,4,0,120,122,20.000,20.005,0,110,110,5.498742,SUCCESS,sigmoid,
2026-06-09T10:14:52,94.0,33.3,sensor2_serial,3,0,4,0,120,121,20.000,20.004,0,108,108,5.398860,SUCCESS,sigmoid,
2026-06-09T10:15:12,94.0,33.3,sensor2_serial,3,0,4,0,120,120,20.000,20.005,0,108,108,5.398755,SUCCESS,sigmoid,
2026-06-09T10:15:32,94.0,33.3,sensor2_serial,3,0,4,0,120,119,20.000,20.005,0,87,87,4.348853,SUCCESS,sigmoid,
2026-06-09T10:15:52,94.0,33.3,sensor2_serial,3,0,4,0,120,118,20.000,20.005,0,109,109,5.448594,SUCCESS,sigmoid,
2026-06-09T10:16:12,94.0,33.3,sensor2_serial,3,0,4,0,120,117,20.000,20.005,0,100,100,4.998839,SUCCESS,sigmoid,
2026-06-09T10:16:32,94.0,33.3,sensor2_serial,3,0,4,0,120,116,20.000,20.006,0,111,111,5.548447,SUCCESS,sigmoid,
2026-06-09T10:16:53,94.0,33.3,sensor2_serial,3,0,4,0,120,115,20.000,20.005,0,110,110,5.498554,SUCCESS,sigmoid,
2026-06-09T10:17:13,94.0,33.3,sensor2_serial,3,0,4,0,120,114,20.000,20.004,0,108,108,5.398828,SUCCESS,sigmoid,
2026-06-09T10:17:33,94.0,33.3,sensor2_serial,3,0,4,0,120,113,20.000,20.004,0,89,89,4.449060,SUCCESS,sigmoid,
2026-06-09T10:17:53,94.0,33.3,sensor2_serial,3,0,4,0,120,112,20.000,20.005,0,81,81,4.048947,SUCCESS,sigmoid,
2026-06-09T10:18:13,94.0,33.3,sensor2_serial,3,0,4,0,120,111,20.000,20.005,0,80,80,3.999062,SUCCESS,sigmoid,
2026-06-09T10:18:33,94.0,33.3,sensor2_serial,3,0,4,0,120,110,20.000,20.006,0,73,73,3.648995,SUCCESS,sigmoid,
2026-06-09T10:18:53,94.0,33.3,sensor2_serial,3,0,4,0,120,109,20.000,20.005,0,75,75,3.749014,SUCCESS,sigmoid,
2026-06-09T10:19:13,94.0,33.3,sensor2_serial,3,0,4,0,120,108,20.000,20.004,0,75,75,3.749174,SUCCESS,sigmoid,
2026-06-09T10:19:33,94.0,33.3,sensor2_serial,3,0,4,0,120,107,20.000,20.005,0,80,80,3.999022,SUCCESS,sigmoid,
2026-06-09T10:19:53,94.0,33.3,sensor2_serial,3,0,4,0,120,106,20.000,20.004,0,73,73,3.649250,SUCCESS,sigmoid,
2026-06-09T10:20:13,94.0,33.3,sensor2_serial,3,0,4,0,120,105,20.000,20.004,0,61,61,3.049320,SUCCESS,sigmoid,
2026-06-09T10:20:33,94.0,33.3,sensor2_serial,3,0,4,0,120,104,20.000,20.005,0,49,49,2.449441,SUCCESS,sigmoid,
2026-06-09T10:20:53,94.0,33.3,sensor2_serial,3,0,4,0,120,103,20.000,20.005,0,43,43,2.149488,SUCCESS,sigmoid,
2026-06-09T10:21:13,94.0,33.3,sensor2_serial,3,0,4,0,120,102,20.000,20.004,0,46,46,2.299502,SUCCESS,sigmoid,
2026-06-09T10:21:33,94.0,33.3,sensor2_serial,3,0,4,0,120,101,20.000,20.005,0,40,40,1.999490,SUCCESS,sigmoid,
2026-06-09T10:21:53,94.0,33.3,sensor2_serial,3,0,4,0,120,100,20.000,20.005,0,52,52,2.599340,SUCCESS,sigmoid,
2026-06-09T10:22:14,94.0,33.3,sensor2_serial,3,0,4,0,120,99,20.000,20.004,0,33,33,1.649639,SUCCESS,sigmoid,
2026-06-09T10:22:34,94.0,33.3,sensor2_serial,3,0,4,0,120,98,20.000,20.004,0,40,40,1.999560,SUCCESS,sigmoid,
2026-06-09T10:22:54,94.0,33.3,sensor2_serial,3,0,4,0,120,97,20.000,20.004,0,35,35,1.749609,SUCCESS,sigmoid,
2026-06-09T10:23:14,94.0,33.3,sensor2_serial,3,0,4,0,120,96,20.000,20.004,0,25,25,1.249719,SUCCESS,sigmoid,
2026-06-09T10:23:34,94.0,33.3,sensor2_serial,3,0,4,0,120,95,20.000,20.005,0,24,24,1.199691,SUCCESS,sigmoid,
2026-06-09T10:23:54,94.0,33.3,sensor2_serial,3,0,4,0,120,94,20.000,20.004,0,11,11,0.549882,SUCCESS,sigmoid,
2026-06-09T10:24:14,94.0,33.3,sensor2_serial,3,0,4,0,120,93,20.000,20.004,0,17,17,0.849812,SUCCESS,sigmoid,
2026-06-09T10:24:34,94.0,33.3,sensor2_serial,3,0,4,0,120,92,20.000,20.005,0,15,15,0.749799,SUCCESS,sigmoid,
2026-06-09T10:24:54,94.0,33.3,sensor2_serial,3,0,4,0,120,91,20.000,20.005,0,20,20,0.999772,SUCCESS,sigmoid,
2026-06-09T10:25:14,94.0,33.3,sensor2_serial,3,0,4,0,120,90,20.000,20.005,0,11,11,0.549872,SUCCESS,sigmoid,
2026-06-09T10:25:34,94.0,33.3,sensor2_serial,3,0,4,0,120,89,20.000,20.004,0,7,7,0.349927,SUCCESS,sigmoid,
2026-06-09T10:25:54,94.0,33.3,sensor2_serial,3,0,4,0,120,88,20.000,20.004,0,2,2,0.099978,SUCCESS,sigmoid,
2026-06-09T10:26:14,94.0,33.3,sensor2_serial,3,0,4,0,120,87,20.000,20.005,0,7,7,0.349920,SUCCESS,sigmoid,
2026-06-09T10:26:34,94.0,33.3,sensor2_serial,3,0,4,0,120,86,20.000,20.004,0,4,4,0.199957,SUCCESS,sigmoid,
2026-06-09T10:26:54,94.0,33.3,sensor2_serial,3,0,4,0,120,85,20.000,20.004,0,4,4,0.199955,SUCCESS,sigmoid,
2026-06-09T10:27:14,94.0,33.3,sensor2_serial,3,0,4,0,120,84,20.000,20.004,0,1,1,0.049989,SUCCESS,sigmoid,
2026-06-09T10:27:34,94.0,33.3,sensor2_serial,3,0,4,0,120,83,20.000,20.005,0,3,3,0.149961,SUCCESS,sigmoid,
2026-06-09T10:27:55,94.0,33.3,sensor2_serial,3,0,4,0,120,82,20.000,20.005,0,0,0,0.000000,SUCCESS,sigmoid,
2026-06-09T10:28:15,94.0,33.3,sensor2_serial,3,0,4,0,120,81,20.000,20.004,0,1,1,0.049989,SUCCESS,sigmoid,
2026-06-09T10:28:35,94.0,33.3,sensor2_serial,3,0,4,0,120,80,20.000,20.005,0,0,0,0.000000,SUCCESS,sigmoid,
2026-06-09T10:28:55,94.0,33.3,sensor2_serial,3,0,4,0,120,79,20.000,20.004,0,0,0,0.000000,SUCCESS,sigmoid,
2026-06-09T10:29:15,94.0,33.3,sensor2_serial,3,0,4,0,120,78,20.000,20.005,0,1,1,0.049989,SUCCESS,sigmoid,
2026-06-09T10:29:35,94.0,33.3,sensor2_serial,3,0,4,0,120,77,20.000,20.004,0,0,0,0.000000,SUCCESS,sigmoid,
2026-06-09T10:29:55,94.0,33.3,sensor2_serial,3,0,4,0,120,76,20.000,20.004,0,0,0,0.000000,SUCCESS,sigmoid,
2026-06-09T10:30:15,94.0,33.3,sensor2_serial,3,0,4,0,120,75,20.000,20.005,0,0,0,0.000000,SUCCESS,sigmoid,
2026-06-09T10:30:35,94.0,33.3,sensor2_serial,3,0,4,0,120,74,20.000,20.004,0,0,0,0.000000,SUCCESS,sigmoid,
2026-06-09T10:30:55,94.0,33.3,sensor2_serial,3,0,4,0,120,73,20.000,20.005,0,0,0,0.000000,SUCCESS,sigmoid,
2026-06-09T10:31:15,94.0,33.3,sensor2_serial,3,0,4,0,120,72,20.000,20.004,0,0,0,0.000000,SUCCESS,sigmoid,
2026-06-09T10:31:35,94.0,33.3,sensor2_serial,3,0,4,0,120,71,20.000,20.005,0,0,0,0.000000,SUCCESS,sigmoid,
2026-06-09T10:31:55,94.0,33.3,sensor2_serial,3,0,4,0,120,70,20.000,20.005,0,0,0,0.000000,SUCCESS,sigmoid,
2026-06-09T10:32:15,94.0,33.3,sensor2_serial,3,0,4,0,120,69,20.000,20.005,0,0,0,0.000000,SUCCESS,sigmoid,
2026-06-09T10:32:35,94.0,33.3,sensor2_serial,3,0,4,0,120,68,20.000,20.005,0,0,0,0.000000,SUCCESS,sigmoid,
2026-06-09T10:32:55,94.0,33.3,sensor2_serial,3,0,4,0,120,67,20.000,20.004,0,0,0,0.000000,SUCCESS,sigmoid,
2026-06-09T10:33:15,94.0,33.3,sensor2_serial,3,0,4,0,120,66,20.000,20.004,0,0,0,0.000000,SUCCESS,sigmoid,
2026-06-09T10:33:36,94.0,33.3,sensor2_serial,3,0,4,0,120,65,20.000,20.004,0,0,0,0.000000,SUCCESS,sigmoid,
2026-06-09T10:33:56,94.0,33.3,sensor2_serial,3,0,4,0,120,64,20.000,20.005,0,0,0,0.000000,SUCCESS,sigmoid,
2026-06-09T10:34:16,94.0,33.3,sensor2_serial,3,0,4,0,120,63,20.000,20.004,0,0,0,0.000000,SUCCESS,sigmoid,
2026-06-09T10:34:36,94.0,33.3,sensor2_serial,3,0,4,0,120,62,20.000,20.005,0,0,0,0.000000,SUCCESS,sigmoid,
2026-06-09T10:34:56,94.0,33.3,sensor2_serial,3,0,4,0,120,61,20.000,20.005,0,1,1,0.049987,SUCCESS,sigmoid,
2026-06-09T10:35:16,94.0,33.3,sensor2_serial,3,0,4,0,120,60,20.000,20.005,0,0,0,0.000000,SUCCESS,sigmoid,
2026-06-09T10:35:36,94.0,33.3,sensor2_serial,3,0,4,0,120,59,20.000,20.005,0,0,0,0.000000,SUCCESS,sigmoid,
2026-06-09T10:35:56,94.0,33.3,sensor2_serial,3,0,4,0,120,58,20.000,20.004,0,0,0,0.000000,SUCCESS,sigmoid,
2026-06-09T10:36:16,94.0,33.3,sensor2_serial,3,0,4,0,120,57,20.000,20.004,0,0,0,0.000000,SUCCESS,sigmoid,
2026-06-09T10:36:36,94.0,33.3,sensor2_serial,3,0,4,0,120,56,20.000,20.005,0,0,0,0.000000,SUCCESS,sigmoid,
2026-06-09T10:36:56,94.0,33.3,sensor2_serial,3,0,4,0,120,55,20.000,20.004,0,0,0,0.000000,SUCCESS,sigmoid,
2026-06-09T10:37:16,94.0,33.3,sensor2_serial,3,0,4,0,120,54,20.000,20.004,0,0,0,0.000000,SUCCESS,sigmoid,
2026-06-09T10:37:36,94.0,33.3,sensor2_serial,3,0,4,0,120,53,20.000,20.004,0,0,0,0.000000,SUCCESS,sigmoid,
2026-06-09T10:37:56,94.0,33.3,sensor2_serial,3,0,4,0,120,52,20.000,20.004,0,0,0,0.000000,SUCCESS,sigmoid,
2026-06-09T10:38:16,94.0,33.3,sensor2_serial,3,0,4,0,120,51,20.000,20.004,0,0,0,0.000000,SUCCESS,sigmoid,
2026-06-09T10:38:36,94.0,33.3,sensor2_serial,3,0,4,0,120,50,20.000,20.004,0,0,0,0.000000,SUCCESS,sigmoid,
2026-06-09T10:38:56,94.0,33.3,sensor2_serial,3,0,4,0,120,49,20.000,20.005,0,0,0,0.000000,SUCCESS,sigmoid,
2026-06-09T10:39:17,94.0,33.3,sensor2_serial,3,0,4,0,120,48,20.000,20.004,0,0,0,0.000000,SUCCESS,sigmoid,
2026-06-09T10:39:37,94.0,33.3,sensor2_serial,3,0,4,0,120,47,20.000,20.005,0,0,0,0.000000,SUCCESS,sigmoid,
2026-06-09T10:39:57,94.0,33.3,sensor2_serial,3,0,4,0,120,46,20.000,20.004,0,0,0,0.000000,SUCCESS,sigmoid,
2026-06-09T10:40:17,94.0,33.3,sensor2_serial,3,0,4,0,120,45,20.000,20.004,0,0,0,0.000000,SUCCESS,sigmoid,
2026-06-09T10:40:37,94.0,33.3,sensor2_serial,3,0,4,0,120,44,20.000,20.004,0,0,0,0.000000,SUCCESS,sigmoid,
2026-06-09T10:40:57,94.0,33.3,sensor2_serial,3,0,4,0,120,43,20.000,20.004,0,0,0,0.000000,SUCCESS,sigmoid,
2026-06-09T10:41:17,94.0,33.3,sensor2_serial,3,0,4,0,120,42,20.000,20.004,0,0,0,0.000000,SUCCESS,sigmoid,
2026-06-09T10:41:37,94.0,33.3,sensor2_serial,3,0,4,0,120,41,20.000,20.004,0,0,0,0.000000,SUCCESS,sigmoid,
2026-06-09T10:41:57,94.0,33.3,sensor2_serial,3,1,5,1,120,255,20.000,20.005,0,1095548,1095548,54762.579009,SUCCESS,sigmoid,
2026-06-09T10:42:17,94.0,33.3,sensor2_serial,3,1,5,1,120,254,20.000,20.006,0,1433495,1433495,71654.321286,SUCCESS,sigmoid,
2026-06-09T10:42:37,94.0,33.3,sensor2_serial,3,1,5,1,120,253,20.000,20.005,0,1689562,1689562,84456.047172,SUCCESS,sigmoid,
2026-06-09T10:42:57,94.0,33.3,sensor2_serial,3,1,5,1,120,252,20.000,20.005,0,1788849,1788849,89419.469966,SUCCESS,sigmoid,
2026-06-09T10:43:17,94.0,33.3,sensor2_serial,3,1,5,1,120,251,20.000,20.005,0,1818305,1818305,90891.107310,SUCCESS,sigmoid,
2026-06-09T10:43:37,94.0,33.3,sensor2_serial,3,1,5,1,120,250,20.000,20.005,0,1850187,1850187,92487.287185,SUCCESS,sigmoid,
2026-06-09T10:43:57,94.0,33.3,sensor2_serial,3,1,5,1,120,249,20.000,20.005,0,1988053,1988053,99376.529420,SUCCESS,sigmoid,
2026-06-09T10:44:17,94.0,33.3,sensor2_serial,3,1,5,1,120,248,20.000,20.005,0,2215879,2215879,110763.946343,SUCCESS,sigmoid,
2026-06-09T10:44:37,94.0,33.3,sensor2_serial,3,1,5,1,120,247,20.000,20.006,0,2476084,2476084,123769.972440,SUCCESS,sigmoid,
2026-06-09T10:44:58,94.0,33.3,sensor2_serial,3,1,5,1,120,246,20.000,20.006,0,2888338,2888338,144377.138926,SUCCESS,sigmoid,
2026-06-09T10:45:18,94.0,33.3,sensor2_serial,3,1,5,1,120,245,20.000,20.005,0,3170952,3170952,158508.542607,SUCCESS,sigmoid,
2026-06-09T10:45:38,94.0,33.3,sensor2_serial,3,1,5,1,120,244,20.000,20.005,0,3108488,3108488,155389.360275,SUCCESS,sigmoid,
2026-06-09T10:45:58,94.0,33.3,sensor2_serial,3,1,5,1,120,243,20.000,20.006,0,2557178,2557178,127821.798100,SUCCESS,sigmoid,
2026-06-09T10:46:18,94.0,33.3,sensor2_serial,3,1,5,1,120,242,20.000,20.005,0,1903121,1903121,95132.028296,SUCCESS,sigmoid,
2026-06-09T10:46:38,94.0,33.3,sensor2_serial,3,1,5,1,120,241,20.000,20.005,0,1202769,1202769,60122.885694,SUCCESS,sigmoid,
2026-06-09T10:46:58,94.0,33.3,sensor2_serial,3,1,5,1,120,240,20.000,20.005,0,639224,639224,31953.500557,SUCCESS,sigmoid,
2026-06-09T10:47:18,94.0,33.3,sensor2_serial,3,1,5,1,120,239,20.000,20.005,0,511251,511251,25556.345084,SUCCESS,sigmoid,
2026-06-09T10:47:38,94.0,33.3,sensor2_serial,3,1,5,1,120,238,20.000,20.006,0,255050,255050,12748.974833,SUCCESS,sigmoid,
2026-06-09T10:47:58,94.0,33.3,sensor2_serial,3,1,5,1,120,237,20.000,20.005,0,102799,102799,5138.566032,SUCCESS,sigmoid,
2026-06-09T10:48:18,94.0,33.3,sensor2_serial,3,1,5,1,120,236,20.000,20.006,0,46458,46458,2322.258684,SUCCESS,sigmoid,
2026-06-09T10:48:38,94.0,33.3,sensor2_serial,3,1,5,1,120,235,20.000,20.005,0,16954,16954,847.472832,SUCCESS,sigmoid,
2026-06-09T10:48:58,94.0,33.3,sensor2_serial,3,1,5,1,120,234,20.000,20.004,0,7185,7185,359.173623,SUCCESS,sigmoid,
2026-06-09T10:49:18,94.0,33.3,sensor2_serial,3,1,5,1,120,233,20.000,20.005,0,2309,2309,115.421060,SUCCESS,sigmoid,
2026-06-09T10:49:38,94.0,33.3,sensor2_serial,3,1,5,1,120,232,20.000,20.005,0,910,910,45.489240,SUCCESS,sigmoid,
2026-06-09T10:49:58,94.0,33.3,sensor2_serial,3,1,5,1,120,231,20.000,20.004,0,541,541,27.043998,SUCCESS,sigmoid,
2026-06-09T10:50:18,94.0,33.3,sensor2_serial,3,1,5,1,120,230,20.000,20.005,0,289,289,14.446664,SUCCESS,sigmoid,
2026-06-09T10:50:39,94.0,33.3,sensor2_serial,3,1,5,1,120,229,20.000,20.005,0,256,256,12.796492,SUCCESS,sigmoid,
2026-06-09T10:50:59,94.0,33.3,sensor2_serial,3,1,5,1,120,228,20.000,20.004,0,193,193,9.647851,SUCCESS,sigmoid,
2026-06-09T10:51:19,94.0,33.3,sensor2_serial,3,1,5,1,120,227,20.000,20.005,0,193,193,9.647710,SUCCESS,sigmoid,
2026-06-09T10:51:39,94.0,33.3,sensor2_serial,3,1,5,1,120,226,20.000,20.005,0,229,229,11.447390,SUCCESS,sigmoid,
2026-06-09T10:51:59,94.0,33.3,sensor2_serial,3,1,5,1,120,225,20.000,20.004,0,181,181,9.047998,SUCCESS,sigmoid,
2026-06-09T10:52:19,94.0,33.3,sensor2_serial,3,1,5,1,120,224,20.000,20.004,0,202,202,10.097825,SUCCESS,sigmoid,
2026-06-09T10:52:39,94.0,33.3,sensor2_serial,3,1,5,1,120,223,20.000,20.005,0,176,176,8.797754,SUCCESS,sigmoid,
2026-06-09T10:52:59,94.0,33.3,sensor2_serial,3,1,5,1,120,222,20.000,20.005,0,199,199,9.947279,SUCCESS,sigmoid,
2026-06-09T10:53:19,94.0,33.3,sensor2_serial,3,1,5,1,120,221,20.000,20.004,0,186,186,9.297976,SUCCESS,sigmoid,
2026-06-09T10:53:39,94.0,33.3,sensor2_serial,3,1,5,1,120,220,20.000,20.005,0,183,183,9.147855,SUCCESS,sigmoid,
2026-06-09T10:53:59,94.0,33.3,sensor2_serial,3,1,5,1,120,219,20.000,20.005,0,184,184,9.197699,SUCCESS,sigmoid,
2026-06-09T10:54:19,94.0,33.3,sensor2_serial,3,1,5,1,120,218,20.000,20.005,0,166,166,8.298026,SUCCESS,sigmoid,
2026-06-09T10:54:39,94.0,33.3,sensor2_serial,3,1,5,1,120,217,20.000,20.006,0,191,191,9.547312,SUCCESS,sigmoid,
2026-06-09T10:54:59,94.0,33.3,sensor2_serial,3,1,5,1,120,216,20.000,20.006,0,176,176,8.797491,SUCCESS,sigmoid,
2026-06-09T10:55:19,94.0,33.3,sensor2_serial,3,1,5,1,120,215,20.000,20.005,0,194,194,9.697352,SUCCESS,sigmoid,
2026-06-09T10:55:39,94.0,33.3,sensor2_serial,3,1,5,1,120,214,20.000,20.005,0,181,181,9.047872,SUCCESS,sigmoid,
2026-06-09T10:56:00,94.0,33.3,sensor2_serial,3,1,5,1,120,213,20.000,20.004,0,182,182,9.098058,SUCCESS,sigmoid,
2026-06-09T10:56:20,94.0,33.3,sensor2_serial,3,1,5,1,120,212,20.000,20.005,0,210,210,10.497130,SUCCESS,sigmoid,
2026-06-09T10:56:40,94.0,33.3,sensor2_serial,3,1,5,1,120,211,20.000,20.006,0,186,186,9.297413,SUCCESS,sigmoid,
2026-06-09T10:57:00,94.0,33.3,sensor2_serial,3,1,5,1,120,210,20.000,20.005,0,191,191,9.547726,SUCCESS,sigmoid,
2026-06-09T10:57:20,94.0,33.3,sensor2_serial,3,1,5,1,120,209,20.000,20.004,0,198,198,9.897915,SUCCESS,sigmoid,
2026-06-09T10:57:40,94.0,33.3,sensor2_serial,3,1,5,1,120,208,20.000,20.005,0,187,187,9.347693,SUCCESS,sigmoid,
2026-06-09T10:58:00,94.0,33.3,sensor2_serial,3,1,5,1,120,207,20.000,20.005,0,190,190,9.497813,SUCCESS,sigmoid,
2026-06-09T10:58:20,94.0,33.3,sensor2_serial,3,1,5,1,120,206,20.000,20.005,0,181,181,9.047548,SUCCESS,sigmoid,
2026-06-09T10:58:40,94.0,33.3,sensor2_serial,3,1,5,1,120,205,20.000,20.004,0,225,225,11.247551,SUCCESS,sigmoid,
2026-06-09T10:59:00,94.0,33.3,sensor2_serial,3,1,5,1,120,204,20.000,20.004,0,218,218,10.897617,SUCCESS,sigmoid,
2026-06-09T10:59:20,94.0,33.3,sensor2_serial,3,1,5,1,120,203,20.000,20.005,0,217,217,10.847428,SUCCESS,sigmoid,
2026-06-09T10:59:40,94.0,33.3,sensor2_serial,3,1,5,1,120,202,20.000,20.005,0,178,178,8.897865,SUCCESS,sigmoid,
2026-06-09T11:00:00,94.0,33.3,sensor2_serial,3,1,5,1,120,201,20.000,20.005,0,194,194,9.697546,SUCCESS,sigmoid,
2026-06-09T11:00:20,94.0,33.3,sensor2_serial,3,1,5,1,120,200,20.000,20.005,0,173,173,8.647774,SUCCESS,sigmoid,
2026-06-09T11:00:40,94.0,33.3,sensor2_serial,3,1,5,1,120,199,20.000,20.006,0,188,188,9.397370,SUCCESS,sigmoid,
2026-06-09T11:01:00,94.0,33.3,sensor2_serial,3,1,5,1,120,198,20.000,20.005,0,198,198,9.897673,SUCCESS,sigmoid,
2026-06-09T11:01:20,94.0,33.3,sensor2_serial,3,1,5,1,120,197,20.000,20.005,0,177,177,8.847772,SUCCESS,sigmoid,
2026-06-09T11:01:41,94.0,33.3,sensor2_serial,3,1,5,1,120,196,20.000,20.005,0,196,196,9.797673,SUCCESS,sigmoid,
2026-06-09T11:02:01,94.0,33.3,sensor2_serial,3,1,5,1,120,195,20.000,20.005,0,187,187,9.347877,SUCCESS,sigmoid,
2026-06-09T11:02:21,94.0,33.3,sensor2_serial,3,1,5,1,120,194,20.000,20.005,0,178,178,8.897902,SUCCESS,sigmoid,
2026-06-09T11:02:41,94.0,33.3,sensor2_serial,3,1,5,1,120,193,20.000,20.004,0,186,186,9.298020,SUCCESS,sigmoid,
2026-06-09T11:03:01,94.0,33.3,sensor2_serial,3,1,5,1,120,192,20.000,20.004,0,182,182,9.098085,SUCCESS,sigmoid,
2026-06-09T11:03:21,94.0,33.3,sensor2_serial,3,1,5,1,120,191,20.000,20.005,0,207,207,10.347418,SUCCESS,sigmoid,
2026-06-09T11:03:41,94.0,33.3,sensor2_serial,3,1,5,1,120,190,20.000,20.004,0,184,184,9.198087,SUCCESS,sigmoid,
2026-06-09T11:04:01,94.0,33.3,sensor2_serial,3,1,5,1,120,189,20.000,20.005,0,167,167,8.348074,SUCCESS,sigmoid,
2026-06-09T11:04:21,94.0,33.3,sensor2_serial,3,1,5,1,120,188,20.000,20.005,0,183,183,9.147628,SUCCESS,sigmoid,
2026-06-09T11:04:41,94.0,33.3,sensor2_serial,3,1,5,1,120,187,20.000,20.005,0,199,199,9.947537,SUCCESS,sigmoid,
2026-06-09T11:05:01,94.0,33.3,sensor2_serial,3,1,5,1,120,186,20.000,20.005,0,166,166,8.297731,SUCCESS,sigmoid,
2026-06-09T11:05:21,94.0,33.3,sensor2_serial,3,1,5,1,120,185,20.000,20.004,0,193,193,9.647996,SUCCESS,sigmoid,
2026-06-09T11:05:41,94.0,33.3,sensor2_serial,3,1,5,1,120,184,20.000,20.004,0,190,190,9.497913,SUCCESS,sigmoid,
2026-06-09T11:06:01,94.0,33.3,sensor2_serial,3,1,5,1,120,183,20.000,20.005,0,199,199,9.947761,SUCCESS,sigmoid,
2026-06-09T11:06:21,94.0,33.3,sensor2_serial,3,1,5,1,120,182,20.000,20.006,0,189,189,9.447391,SUCCESS,sigmoid,
2026-06-09T11:06:41,94.0,33.3,sensor2_serial,3,1,5,1,120,181,20.000,20.005,0,184,184,9.197746,SUCCESS,sigmoid,
2026-06-09T11:07:01,94.0,33.3,sensor2_serial,3,1,5,1,120,180,20.000,20.005,0,188,188,9.397758,SUCCESS,sigmoid,
2026-06-09T11:07:22,94.0,33.3,sensor2_serial,3,1,5,1,120,179,20.000,20.004,0,189,189,9.447926,SUCCESS,sigmoid,
2026-06-09T11:07:42,94.0,33.3,sensor2_serial,3,1,5,1,120,178,20.000,20.004,0,205,205,10.247845,SUCCESS,sigmoid,
2026-06-09T11:08:02,94.0,33.3,sensor2_serial,3,1,5,1,120,177,20.000,20.005,0,177,177,8.847584,SUCCESS,sigmoid,
2026-06-09T11:08:22,94.0,33.3,sensor2_serial,3,1,5,1,120,176,20.000,20.006,0,170,170,8.497574,SUCCESS,sigmoid,
2026-06-09T11:08:42,94.0,33.3,sensor2_serial,3,1,5,1,120,175,20.000,20.005,0,182,182,9.097585,SUCCESS,sigmoid,
2026-06-09T11:09:02,94.0,33.3,sensor2_serial,3,1,5,1,120,174,20.000,20.005,0,179,179,8.947977,SUCCESS,sigmoid,
2026-06-09T11:09:22,94.0,33.3,sensor2_serial,3,1,5,1,120,173,20.000,20.005,0,198,198,9.897430,SUCCESS,sigmoid,
2026-06-09T11:09:42,94.0,33.3,sensor2_serial,3,1,5,1,120,172,20.000,20.005,0,172,172,8.597782,SUCCESS,sigmoid,
2026-06-09T11:10:02,94.0,33.3,sensor2_serial,3,1,5,1,120,171,20.000,20.005,0,170,170,8.497996,SUCCESS,sigmoid,
2026-06-09T11:10:22,94.0,33.3,sensor2_serial,3,1,5,1,120,170,20.000,20.005,0,187,187,9.347538,SUCCESS,sigmoid,
2026-06-09T11:10:42,94.0,33.3,sensor2_serial,3,1,5,1,120,169,20.000,20.005,0,185,185,9.247841,SUCCESS,sigmoid,
2026-06-09T11:11:02,94.0,33.3,sensor2_serial,3,1,5,1,120,168,20.000,20.005,0,171,171,8.547740,SUCCESS,sigmoid,
2026-06-09T11:11:22,94.0,33.3,sensor2_serial,3,1,5,1,120,167,20.000,20.005,0,187,187,9.347547,SUCCESS,sigmoid,
2026-06-09T11:11:42,94.0,33.3,sensor2_serial,3,1,5,1,120,166,20.000,20.006,0,197,197,9.847064,SUCCESS,sigmoid,
2026-06-09T11:12:02,94.0,33.3,sensor2_serial,3,1,5,1,120,165,20.000,20.005,0,186,186,9.297475,SUCCESS,sigmoid,
2026-06-09T11:12:22,94.0,33.3,sensor2_serial,3,1,5,1,120,164,20.000,20.006,0,187,187,9.347398,SUCCESS,sigmoid,
2026-06-09T11:12:42,94.0,33.3,sensor2_serial,3,1,5,1,120,163,20.000,20.004,0,171,171,8.548153,SUCCESS,sigmoid,
2026-06-09T11:13:03,94.0,33.3,sensor2_serial,3,1,5,1,120,162,20.000,20.004,0,169,169,8.448124,SUCCESS,sigmoid,
2026-06-09T11:13:23,94.0,33.3,sensor2_serial,3,1,5,1,120,161,20.000,20.005,0,179,179,8.947543,SUCCESS,sigmoid,
2026-06-09T11:13:43,94.0,33.3,sensor2_serial,3,1,5,1,120,160,20.000,20.004,0,185,185,9.247954,SUCCESS,sigmoid,
2026-06-09T11:14:03,94.0,33.3,sensor2_serial,3,1,5,1,120,159,20.000,20.006,0,184,184,9.197404,SUCCESS,sigmoid,
2026-06-09T11:14:23,94.0,33.3,sensor2_serial,3,1,5,1,120,158,20.000,20.005,0,159,159,7.948206,SUCCESS,sigmoid,
2026-06-09T11:14:43,94.0,33.3,sensor2_serial,3,1,5,1,120,157,20.000,20.005,0,180,180,8.997888,SUCCESS,sigmoid,
2026-06-09T11:15:03,94.0,33.3,sensor2_serial,3,1,5,1,120,156,20.000,20.005,0,158,158,7.898082,SUCCESS,sigmoid,
2026-06-09T11:15:23,94.0,33.3,sensor2_serial,3,1,5,1,120,155,20.000,20.005,0,168,168,8.397936,SUCCESS,sigmoid,
2026-06-09T11:15:43,94.0,33.3,sensor2_serial,3,1,5,1,120,154,20.000,20.006,0,172,172,8.597635,SUCCESS,sigmoid,
2026-06-09T11:16:03,94.0,33.3,sensor2_serial,3,1,5,1,120,153,20.000,20.004,0,184,184,9.197977,SUCCESS,sigmoid,
2026-06-09T11:16:23,94.0,33.3,sensor2_serial,3,1,5,1,120,152,20.000,20.005,0,159,159,7.948173,SUCCESS,sigmoid,
2026-06-09T11:16:43,94.0,33.3,sensor2_serial,3,1,5,1,120,151,20.000,20.004,0,176,176,8.798099,SUCCESS,sigmoid,
2026-06-09T11:17:03,94.0,33.3,sensor2_serial,3,1,5,1,120,150,20.000,20.005,0,174,174,8.697808,SUCCESS,sigmoid,
2026-06-09T11:17:23,94.0,33.3,sensor2_serial,3,1,5,1,120,149,20.000,20.006,0,175,175,8.747520,SUCCESS,sigmoid,
2026-06-09T11:17:43,94.0,33.3,sensor2_serial,3,1,5,1,120,148,20.000,20.005,0,165,165,8.247848,SUCCESS,sigmoid,
2026-06-09T11:18:03,94.0,33.3,sensor2_serial,3,1,5,1,120,147,20.000,20.004,0,202,202,10.097831,SUCCESS,sigmoid,
2026-06-09T11:18:24,94.0,33.3,sensor2_serial,3,1,5,1,120,146,20.000,20.005,0,181,181,9.047795,SUCCESS,sigmoid,
2026-06-09T11:18:44,94.0,33.3,sensor2_serial,3,1,5,1,120,145,20.000,20.005,0,159,159,7.948130,SUCCESS,sigmoid,
2026-06-09T11:19:04,94.0,33.3,sensor2_serial,3,1,5,1,120,144,20.000,20.005,0,162,162,8.098097,SUCCESS,sigmoid,
2026-06-09T11:19:24,94.0,33.3,sensor2_serial,3,1,5,1,120,143,20.000,20.005,0,146,146,7.298290,SUCCESS,sigmoid,
2026-06-09T11:19:44,94.0,33.3,sensor2_serial,3,1,5,1,120,142,20.000,20.004,0,146,146,7.298391,SUCCESS,sigmoid,
2026-06-09T11:20:04,94.0,33.3,sensor2_serial,3,1,5,1,120,141,20.000,20.005,0,172,172,8.597813,SUCCESS,sigmoid,
2026-06-09T11:20:24,94.0,33.3,sensor2_serial,3,1,5,1,120,140,20.000,20.006,0,166,166,8.297693,SUCCESS,sigmoid,
2026-06-09T11:20:44,94.0,33.3,sensor2_serial,3,1,5,1,120,139,20.000,20.005,0,172,172,8.597989,SUCCESS,sigmoid,
2026-06-09T11:21:04,94.0,33.3,sensor2_serial,3,1,5,1,120,138,20.000,20.004,0,166,166,8.298281,SUCCESS,sigmoid,
2026-06-09T11:21:24,94.0,33.3,sensor2_serial,3,1,5,1,120,137,20.000,20.005,0,166,166,8.297798,SUCCESS,sigmoid,
2026-06-09T11:21:44,94.0,33.3,sensor2_serial,3,1,5,1,120,136,20.000,20.005,0,170,170,8.497851,SUCCESS,sigmoid,
2026-06-09T11:22:04,94.0,33.3,sensor2_serial,3,1,5,1,120,135,20.000,20.005,0,157,157,7.848159,SUCCESS,sigmoid,
2026-06-09T11:22:24,94.0,33.3,sensor2_serial,3,1,5,1,120,134,20.000,20.005,0,169,169,8.447770,SUCCESS,sigmoid,
2026-06-09T11:22:44,94.0,33.3,sensor2_serial,3,1,5,1,120,133,20.000,20.005,0,146,146,7.298354,SUCCESS,sigmoid,
2026-06-09T11:23:04,94.0,33.3,sensor2_serial,3,1,5,1,120,132,20.000,20.005,0,155,155,7.748191,SUCCESS,sigmoid,
2026-06-09T11:23:24,94.0,33.3,sensor2_serial,3,1,5,1,120,131,20.000,20.005,0,139,139,6.948155,SUCCESS,sigmoid,
2026-06-09T11:23:44,94.0,33.3,sensor2_serial,3,1,5,1,120,130,20.000,20.005,0,159,159,7.947938,SUCCESS,sigmoid,
2026-06-09T11:24:05,94.0,33.3,sensor2_serial,3,1,5,1,120,129,20.000,20.005,0,149,149,7.447992,SUCCESS,sigmoid,
2026-06-09T11:24:25,94.0,33.3,sensor2_serial,3,1,5,1,120,128,20.000,20.005,0,141,141,7.048327,SUCCESS,sigmoid,
2026-06-09T11:24:45,94.0,33.3,sensor2_serial,3,1,5,1,120,127,20.000,20.006,0,129,129,6.448224,SUCCESS,sigmoid,
2026-06-09T11:25:05,94.0,33.3,sensor2_serial,3,1,5,1,120,126,20.000,20.004,0,141,141,7.048573,SUCCESS,sigmoid,
2026-06-09T11:25:25,94.0,33.3,sensor2_serial,3,1,5,1,120,125,20.000,20.005,0,120,120,5.998621,SUCCESS,sigmoid,
2026-06-09T11:25:45,94.0,33.3,sensor2_serial,3,1,5,1,120,124,20.000,20.005,0,125,125,6.248530,SUCCESS,sigmoid,
2026-06-09T11:26:05,94.0,33.3,sensor2_serial,3,1,5,1,120,123,20.000,20.004,0,104,104,5.198894,SUCCESS,sigmoid,
2026-06-09T11:26:25,94.0,33.3,sensor2_serial,3,1,5,1,120,122,20.000,20.005,0,147,147,7.348106,SUCCESS,sigmoid,
2026-06-09T11:26:45,94.0,33.3,sensor2_serial,3,1,5,1,120,121,20.000,20.005,0,126,126,6.298547,SUCCESS,sigmoid,
2026-06-09T11:27:05,94.0,33.3,sensor2_serial,3,1,5,1,120,120,20.000,20.004,0,129,129,6.448560,SUCCESS,sigmoid,
2026-06-09T11:27:25,94.0,33.3,sensor2_serial,3,1,5,1,120,119,20.000,20.005,0,115,115,5.748706,SUCCESS,sigmoid,
2026-06-09T11:27:45,94.0,33.3,sensor2_serial,3,1,5,1,120,118,20.000,20.004,0,113,113,5.648767,SUCCESS,sigmoid,
2026-06-09T11:28:05,94.0,33.3,sensor2_serial,3,1,5,1,120,117,20.000,20.006,0,100,100,4.998625,SUCCESS,sigmoid,
2026-06-09T11:28:25,94.0,33.3,sensor2_serial,3,1,5,1,120,116,20.000,20.005,0,109,109,5.448744,SUCCESS,sigmoid,
2026-06-09T11:28:45,94.0,33.3,sensor2_serial,3,1,5,1,120,115,20.000,20.004,0,96,96,4.798966,SUCCESS,sigmoid,
2026-06-09T11:29:05,94.0,33.3,sensor2_serial,3,1,5,1,120,114,20.000,20.005,0,98,98,4.898886,SUCCESS,sigmoid,
2026-06-09T11:29:25,94.0,33.3,sensor2_serial,3,1,5,1,120,113,20.000,20.004,0,81,81,4.049124,SUCCESS,sigmoid,
2026-06-09T11:29:46,94.0,33.3,sensor2_serial,3,1,5,1,120,112,20.000,20.005,0,95,95,4.748918,SUCCESS,sigmoid,
2026-06-09T11:30:06,94.0,33.3,sensor2_serial,3,1,5,1,120,111,20.000,20.005,0,95,95,4.748882,SUCCESS,sigmoid,
2026-06-09T11:30:26,94.0,33.3,sensor2_serial,3,1,5,1,120,110,20.000,20.005,0,98,98,4.898867,SUCCESS,sigmoid,
2026-06-09T11:30:46,94.0,33.3,sensor2_serial,3,1,5,1,120,109,20.000,20.004,0,66,66,3.299290,SUCCESS,sigmoid,
2026-06-09T11:31:06,94.0,33.3,sensor2_serial,3,1,5,1,120,108,20.000,20.005,0,76,76,3.799044,SUCCESS,sigmoid,
2026-06-09T11:31:26,94.0,33.3,sensor2_serial,3,1,5,1,120,107,20.000,20.004,0,84,84,4.199087,SUCCESS,sigmoid,
2026-06-09T11:31:46,94.0,33.3,sensor2_serial,3,1,5,1,120,106,20.000,20.005,0,65,65,3.249204,SUCCESS,sigmoid,
2026-06-09T11:32:06,94.0,33.3,sensor2_serial,3,1,5,1,120,105,20.000,20.005,0,56,56,2.799291,SUCCESS,sigmoid,
2026-06-09T11:32:26,94.0,33.3,sensor2_serial,3,1,5,1,120,104,20.000,20.005,0,73,73,3.649166,SUCCESS,sigmoid,
2026-06-09T11:32:46,94.0,33.3,sensor2_serial,3,1,5,1,120,103,20.000,20.005,0,61,61,3.049246,SUCCESS,sigmoid,
2026-06-09T11:33:06,94.0,33.3,sensor2_serial,3,1,5,1,120,102,20.000,20.005,0,48,48,2.399443,SUCCESS,sigmoid,
2026-06-09T11:33:26,94.0,33.3,sensor2_serial,3,1,5,1,120,101,20.000,20.005,0,59,59,2.949334,SUCCESS,sigmoid,
2026-06-09T11:33:46,94.0,33.3,sensor2_serial,3,1,5,1,120,100,20.000,20.004,0,47,47,2.349487,SUCCESS,sigmoid,
2026-06-09T11:34:06,94.0,33.3,sensor2_serial,3,1,5,1,120,99,20.000,20.004,0,43,43,2.149518,SUCCESS,sigmoid,
2026-06-09T11:34:26,94.0,33.3,sensor2_serial,3,1,5,1,120,98,20.000,20.005,0,44,44,2.199409,SUCCESS,sigmoid,
2026-06-09T11:34:46,94.0,33.3,sensor2_serial,3,1,5,1,120,97,20.000,20.004,0,41,41,2.049558,SUCCESS,sigmoid,
2026-06-09T11:35:06,94.0,33.3,sensor2_serial,3,1,5,1,120,96,20.000,20.004,0,34,34,1.699648,SUCCESS,sigmoid,
2026-06-09T11:35:27,94.0,33.3,sensor2_serial,3,1,5,1,120,95,20.000,20.005,0,30,30,1.499659,SUCCESS,sigmoid,
2026-06-09T11:35:47,94.0,33.3,sensor2_serial,3,1,5,1,120,94,20.000,20.004,0,29,29,1.449688,SUCCESS,sigmoid,
2026-06-09T11:36:07,94.0,33.3,sensor2_serial,3,1,5,1,120,93,20.000,20.005,0,24,24,1.199705,SUCCESS,sigmoid,
2026-06-09T11:36:27,94.0,33.3,sensor2_serial,3,1,5,1,120,92,20.000,20.004,0,24,24,1.199752,SUCCESS,sigmoid,
2026-06-09T11:36:47,94.0,33.3,sensor2_serial,3,1,5,1,120,91,20.000,20.005,0,17,17,0.849793,SUCCESS,sigmoid,
2026-06-09T11:37:07,94.0,33.3,sensor2_serial,3,1,5,1,120,90,20.000,20.004,0,15,15,0.749833,SUCCESS,sigmoid,
2026-06-09T11:37:27,94.0,33.3,sensor2_serial,3,1,5,1,120,89,20.000,20.004,0,13,13,0.649868,SUCCESS,sigmoid,
2026-06-09T11:37:47,94.0,33.3,sensor2_serial,3,1,5,1,120,88,20.000,20.005,0,17,17,0.849807,SUCCESS,sigmoid,
2026-06-09T11:38:07,94.0,33.3,sensor2_serial,3,1,5,1,120,87,20.000,20.005,0,14,14,0.699820,SUCCESS,sigmoid,
2026-06-09T11:38:27,94.0,33.3,sensor2_serial,3,1,5,1,120,86,20.000,20.005,0,2,2,0.099973,SUCCESS,sigmoid,
2026-06-09T11:38:47,94.0,33.3,sensor2_serial,3,1,5,1,120,85,20.000,20.005,0,6,6,0.299923,SUCCESS,sigmoid,
2026-06-09T11:39:07,94.0,33.3,sensor2_serial,3,1,5,1,120,84,20.000,20.005,0,3,3,0.149966,SUCCESS,sigmoid,
2026-06-09T11:39:27,94.0,33.3,sensor2_serial,3,1,5,1,120,83,20.000,20.004,0,5,5,0.249946,SUCCESS,sigmoid,
2026-06-09T11:39:47,94.0,33.3,sensor2_serial,3,1,5,1,120,82,20.000,20.005,0,6,6,0.299927,SUCCESS,sigmoid,
2026-06-09T11:40:07,94.0,33.3,sensor2_serial,3,1,5,1,120,81,20.000,20.004,0,0,0,0.000000,SUCCESS,sigmoid,
2026-06-09T11:40:27,94.0,33.3,sensor2_serial,3,1,5,1,120,80,20.000,20.005,0,3,3,0.149961,SUCCESS,sigmoid,
2026-06-09T11:40:47,94.0,33.3,sensor2_serial,3,1,5,1,120,79,20.000,20.004,0,1,1,0.049989,SUCCESS,sigmoid,
2026-06-09T11:41:08,94.0,33.3,sensor2_serial,3,1,5,1,120,78,20.000,20.005,0,2,2,0.099977,SUCCESS,sigmoid,
2026-06-09T11:41:28,94.0,33.3,sensor2_serial,3,1,5,1,120,77,20.000,20.004,0,0,0,0.000000,SUCCESS,sigmoid,
2026-06-09T11:41:48,94.0,33.3,sensor2_serial,3,1,5,1,120,76,20.000,20.005,0,2,2,0.099977,SUCCESS,sigmoid,
2026-06-09T11:42:08,94.0,33.3,sensor2_serial,3,1,5,1,120,75,20.000,20.005,0,0,0,0.000000,SUCCESS,sigmoid,
2026-06-09T11:42:28,94.0,33.3,sensor2_serial,3,1,5,1,120,74,20.000,20.005,0,0,0,0.000000,SUCCESS,sigmoid,
2026-06-09T11:42:48,94.0,33.3,sensor2_serial,3,1,5,1,120,73,20.000,20.004,0,0,0,0.000000,SUCCESS,sigmoid,
2026-06-09T11:43:08,94.0,33.3,sensor2_serial,3,1,5,1,120,72,20.000,20.004,0,1,1,0.049989,SUCCESS,sigmoid,
2026-06-09T11:43:28,94.0,33.3,sensor2_serial,3,1,5,1,120,71,20.000,20.004,0,0,0,0.000000,SUCCESS,sigmoid,
2026-06-09T11:43:48,94.0,33.3,sensor2_serial,3,1,5,1,120,70,20.000,20.005,0,0,0,0.000000,SUCCESS,sigmoid,
2026-06-09T11:44:08,94.0,33.3,sensor2_serial,3,1,5,1,120,69,20.000,20.005,0,0,0,0.000000,SUCCESS,sigmoid,
2026-06-09T11:44:28,94.0,33.3,sensor2_serial,3,1,5,1,120,68,20.000,20.005,0,0,0,0.000000,SUCCESS,sigmoid,
2026-06-09T11:44:48,94.0,33.3,sensor2_serial,3,1,5,1,120,67,20.000,20.005,0,0,0,0.000000,SUCCESS,sigmoid,
2026-06-09T11:45:08,94.0,33.3,sensor2_serial,3,1,5,1,120,66,20.000,20.005,0,0,0,0.000000,SUCCESS,sigmoid,
2026-06-09T11:45:28,94.0,33.3,sensor2_serial,3,1,5,1,120,65,20.000,20.004,0,0,0,0.000000,SUCCESS,sigmoid,
2026-06-09T11:45:48,94.0,33.3,sensor2_serial,3,1,5,1,120,64,20.000,20.005,0,0,0,0.000000,SUCCESS,sigmoid,
2026-06-09T11:46:08,94.0,33.3,sensor2_serial,3,1,5,1,120,63,20.000,20.004,0,0,0,0.000000,SUCCESS,sigmoid,
2026-06-09T11:46:28,94.0,33.3,sensor2_serial,3,1,5,1,120,62,20.000,20.006,0,0,0,0.000000,SUCCESS,sigmoid,
2026-06-09T11:46:49,94.0,33.3,sensor2_serial,3,1,5,1,120,61,20.000,20.004,0,0,0,0.000000,SUCCESS,sigmoid,
2026-06-09T11:47:09,94.0,33.3,sensor2_serial,3,1,5,1,120,60,20.000,20.005,0,0,0,0.000000,SUCCESS,sigmoid,
2026-06-09T11:47:29,94.0,33.3,sensor2_serial,3,1,5,1,120,59,20.000,20.004,0,0,0,0.000000,SUCCESS,sigmoid,
2026-06-09T11:47:49,94.0,33.3,sensor2_serial,3,1,5,1,120,58,20.000,20.004,0,0,0,0.000000,SUCCESS,sigmoid,
2026-06-09T11:48:09,94.0,33.3,sensor2_serial,3,1,5,1,120,57,20.000,20.005,0,0,0,0.000000,SUCCESS,sigmoid,
2026-06-09T11:48:29,94.0,33.3,sensor2_serial,3,1,5,1,120,56,20.000,20.005,0,0,0,0.000000,SUCCESS,sigmoid,
2026-06-09T11:48:49,94.0,33.3,sensor2_serial,3,1,5,1,120,55,20.000,20.004,0,0,0,0.000000,SUCCESS,sigmoid,
2026-06-09T11:49:09,94.0,33.3,sensor2_serial,3,1,5,1,120,54,20.000,20.005,0,0,0,0.000000,SUCCESS,sigmoid,
2026-06-09T11:49:29,94.0,33.3,sensor2_serial,3,1,5,1,120,53,20.000,20.004,0,0,0,0.000000,SUCCESS,sigmoid,
2026-06-09T11:49:49,94.0,33.3,sensor2_serial,3,1,5,1,120,52,20.000,20.004,0,0,0,0.000000,SUCCESS,sigmoid,
2026-06-09T11:50:09,94.0,33.3,sensor2_serial,3,2,6,2,120,255,20.000,20.006,0,1704994,1704994,85224.951200,SUCCESS,sigmoid,
2026-06-09T11:50:29,94.0,33.3,sensor2_serial,3,2,6,2,120,254,20.000,20.005,0,1830076,1830076,91480.174787,SUCCESS,sigmoid,
2026-06-09T11:50:49,94.0,33.3,sensor2_serial,3,2,6,2,120,253,20.000,20.006,0,1890981,1890981,94521.894390,SUCCESS,sigmoid,
2026-06-09T11:51:09,94.0,33.3,sensor2_serial,3,2,6,2,120,252,20.000,20.006,0,2418553,2418553,120893.431049,SUCCESS,sigmoid,
2026-06-09T11:51:29,94.0,33.3,sensor2_serial,3,2,6,2,120,251,20.000,20.006,0,2941921,2941921,147055.537278,SUCCESS,sigmoid,
2026-06-09T11:51:49,94.0,33.3,sensor2_serial,3,2,6,2,120,250,20.000,20.006,0,3213099,3213099,160610.082762,SUCCESS,sigmoid,
2026-06-09T11:52:10,94.0,33.3,sensor2_serial,3,2,6,2,120,249,20.000,20.006,0,3264618,3264618,163185.854009,SUCCESS,sigmoid,
2026-06-09T11:52:30,94.0,33.3,sensor2_serial,3,2,6,2,120,248,20.000,20.006,0,2940965,2940965,147007.666347,SUCCESS,sigmoid,
2026-06-09T11:52:50,94.0,33.3,sensor2_serial,3,2,6,2,120,247,20.000,20.006,0,2344210,2344210,117178.243397,SUCCESS,sigmoid,
2026-06-09T11:53:10,94.0,33.3,sensor2_serial,3,2,6,2,120,246,20.000,20.005,0,1643606,1643606,82158.252666,SUCCESS,sigmoid,
2026-06-09T11:53:30,94.0,33.3,sensor2_serial,3,2,6,2,120,245,20.000,20.006,0,905071,905071,45240.882608,SUCCESS,sigmoid,
2026-06-09T11:53:50,94.0,33.3,sensor2_serial,3,2,6,2,120,244,20.000,20.005,0,520247,520247,26005.611290,SUCCESS,sigmoid,
2026-06-09T11:54:10,94.0,33.3,sensor2_serial,3,2,6,2,120,243,20.000,20.006,0,190594,190594,9526.991682,SUCCESS,sigmoid,
2026-06-09T11:54:30,94.0,33.3,sensor2_serial,3,2,6,2,120,242,20.000,20.006,0,115227,115227,5759.719365,SUCCESS,sigmoid,
2026-06-09T11:54:50,94.0,33.3,sensor2_serial,3,2,6,2,120,241,20.000,20.005,0,56156,56156,2807.030900,SUCCESS,sigmoid,
2026-06-09T11:55:10,94.0,33.3,sensor2_serial,3,2,6,2,120,240,20.000,20.006,0,39873,39873,1993.086450,SUCCESS,sigmoid,
2026-06-09T11:55:30,94.0,33.3,sensor2_serial,3,2,6,2,120,239,20.000,20.005,0,18550,18550,927.245557,SUCCESS,sigmoid,
2026-06-09T11:55:50,94.0,33.3,sensor2_serial,3,2,6,2,120,238,20.000,20.005,0,9165,9165,458.125991,SUCCESS,sigmoid,
2026-06-09T11:56:10,94.0,33.3,sensor2_serial,3,2,6,2,120,237,20.000,20.004,0,3051,3051,152.519069,SUCCESS,sigmoid,
2026-06-09T11:56:30,94.0,33.3,sensor2_serial,3,2,6,2,120,236,20.000,20.004,0,1252,1252,62.588429,SUCCESS,sigmoid,
2026-06-09T11:56:50,94.0,33.3,sensor2_serial,3,2,6,2,120,235,20.000,20.006,0,476,476,23.793430,SUCCESS,sigmoid,
2026-06-09T11:57:10,94.0,33.3,sensor2_serial,3,2,6,2,120,234,20.000,20.005,0,300,300,14.996449,SUCCESS,sigmoid,
2026-06-09T11:57:30,94.0,33.3,sensor2_serial,3,2,6,2,120,233,20.000,20.005,0,218,218,10.897236,SUCCESS,sigmoid,
2026-06-09T11:57:51,94.0,33.3,sensor2_serial,3,2,6,2,120,232,20.000,20.004,0,192,192,9.597853,SUCCESS,sigmoid,
2026-06-09T11:58:11,94.0,33.3,sensor2_serial,3,2,6,2,120,231,20.000,20.005,0,198,198,9.897324,SUCCESS,sigmoid,
2026-06-09T11:58:31,94.0,33.3,sensor2_serial,3,2,6,2,120,230,20.000,20.005,0,203,203,10.147616,SUCCESS,sigmoid,
2026-06-09T11:58:51,94.0,33.3,sensor2_serial,3,2,6,2,120,229,20.000,20.005,0,192,192,9.597758,SUCCESS,sigmoid,
2026-06-09T11:59:11,94.0,33.3,sensor2_serial,3,2,6,2,120,228,20.000,20.006,0,164,164,8.197665,SUCCESS,sigmoid,
2026-06-09T11:59:31,94.0,33.3,sensor2_serial,3,2,6,2,120,227,20.000,20.005,0,224,224,11.197460,SUCCESS,sigmoid,
2026-06-09T11:59:51,94.0,33.3,sensor2_serial,3,2,6,2,120,226,20.000,20.005,0,196,196,9.797715,SUCCESS,sigmoid,
2026-06-09T12:00:11,94.0,33.3,sensor2_serial,3,2,6,2,120,225,20.000,20.005,0,211,211,10.547253,SUCCESS,sigmoid,
2026-06-09T12:00:31,94.0,33.3,sensor2_serial,3,2,6,2,120,224,20.000,20.005,0,200,200,9.997260,SUCCESS,sigmoid,
2026-06-09T12:00:51,94.0,33.3,sensor2_serial,3,2,6,2,120,223,20.000,20.005,0,227,227,11.346885,SUCCESS,sigmoid,
2026-06-09T12:01:11,94.0,33.3,sensor2_serial,3,2,6,2,120,222,20.000,20.006,0,190,190,9.497310,SUCCESS,sigmoid,
2026-06-09T12:01:31,94.0,33.3,sensor2_serial,3,2,6,2,120,221,20.000,20.006,0,211,211,10.547046,SUCCESS,sigmoid,
2026-06-09T12:01:51,94.0,33.3,sensor2_serial,3,2,6,2,120,220,20.000,20.005,0,194,194,9.697495,SUCCESS,sigmoid,
2026-06-09T12:02:11,94.0,33.3,sensor2_serial,3,2,6,2,120,219,20.000,20.005,0,194,194,9.697707,SUCCESS,sigmoid,
2026-06-09T12:02:31,94.0,33.3,sensor2_serial,3,2,6,2,120,218,20.000,20.005,0,182,182,9.097709,SUCCESS,sigmoid,
2026-06-09T12:02:51,94.0,33.3,sensor2_serial,3,2,6,2,120,217,20.000,20.006,0,169,169,8.447673,SUCCESS,sigmoid,
2026-06-09T12:03:11,94.0,33.3,sensor2_serial,3,2,6,2,120,216,20.000,20.004,0,208,208,10.397707,SUCCESS,sigmoid,
2026-06-09T12:03:32,94.0,33.3,sensor2_serial,3,2,6,2,120,215,20.000,20.005,0,185,185,9.247868,SUCCESS,sigmoid,
2026-06-09T12:03:52,94.0,33.3,sensor2_serial,3,2,6,2,120,214,20.000,20.005,0,187,187,9.347586,SUCCESS,sigmoid,
2026-06-09T12:04:12,94.0,33.3,sensor2_serial,3,2,6,2,120,213,20.000,20.005,0,186,186,9.297549,SUCCESS,sigmoid,
2026-06-09T12:04:32,94.0,33.3,sensor2_serial,3,2,6,2,120,212,20.000,20.005,0,203,203,10.147313,SUCCESS,sigmoid,
2026-06-09T12:04:52,94.0,33.3,sensor2_serial,3,2,6,2,120,211,20.000,20.004,0,196,196,9.797845,SUCCESS,sigmoid,
2026-06-09T12:05:12,94.0,33.3,sensor2_serial,3,2,6,2,120,210,20.000,20.004,0,186,186,9.298109,SUCCESS,sigmoid,
2026-06-09T12:05:32,94.0,33.3,sensor2_serial,3,2,6,2,120,209,20.000,20.005,0,201,201,10.047640,SUCCESS,sigmoid,
2026-06-09T12:05:52,94.0,33.3,sensor2_serial,3,2,6,2,120,208,20.000,20.005,0,222,222,11.096967,SUCCESS,sigmoid,
2026-06-09T12:06:12,94.0,33.3,sensor2_serial,3,2,6,2,120,207,20.000,20.005,0,191,191,9.547818,SUCCESS,sigmoid,
2026-06-09T12:06:32,94.0,33.3,sensor2_serial,3,2,6,2,120,206,20.000,20.005,0,188,188,9.397504,SUCCESS,sigmoid,
2026-06-09T12:06:52,94.0,33.3,sensor2_serial,3,2,6,2,120,205,20.000,20.004,0,194,194,9.697910,SUCCESS,sigmoid,
2026-06-09T12:07:12,94.0,33.3,sensor2_serial,3,2,6,2,120,204,20.000,20.004,0,185,185,9.247985,SUCCESS,sigmoid,
2026-06-09T12:07:32,94.0,33.3,sensor2_serial,3,2,6,2,120,203,20.000,20.005,0,177,177,8.847943,SUCCESS,sigmoid,
2026-06-09T12:07:52,94.0,33.3,sensor2_serial,3,2,6,2,120,202,20.000,20.004,0,211,211,10.547644,SUCCESS,sigmoid,
2026-06-09T12:08:12,94.0,33.3,sensor2_serial,3,2,6,2,120,201,20.000,20.006,0,185,185,9.247439,SUCCESS,sigmoid,
2026-06-09T12:08:32,94.0,33.3,sensor2_serial,3,2,6,2,120,200,20.000,20.005,0,194,194,9.697581,SUCCESS,sigmoid,
2026-06-09T12:08:52,94.0,33.3,sensor2_serial,3,2,6,2,120,199,20.000,20.005,0,192,192,9.597621,SUCCESS,sigmoid,
2026-06-09T12:09:13,94.0,33.3,sensor2_serial,3,2,6,2,120,198,20.000,20.004,0,178,178,8.898007,SUCCESS,sigmoid,
2026-06-09T12:09:33,94.0,33.3,sensor2_serial,3,2,6,2,120,197,20.000,20.004,0,192,192,9.597904,SUCCESS,sigmoid,
2026-06-09T12:09:53,94.0,33.3,sensor2_serial,3,2,6,2,120,196,20.000,20.006,0,191,191,9.547316,SUCCESS,sigmoid,
2026-06-09T12:10:13,94.0,33.3,sensor2_serial,3,2,6,2,120,195,20.000,20.004,0,200,200,9.997752,SUCCESS,sigmoid,
2026-06-09T12:10:33,94.0,33.3,sensor2_serial,3,2,6,2,120,194,20.000,20.005,0,175,175,8.747595,SUCCESS,sigmoid,
2026-06-09T12:10:53,94.0,33.3,sensor2_serial,3,2,6,2,120,193,20.000,20.004,0,199,199,9.947806,SUCCESS,sigmoid,
2026-06-09T12:11:13,94.0,33.3,sensor2_serial,3,2,6,2,120,192,20.000,20.005,0,189,189,9.447536,SUCCESS,sigmoid,
2026-06-09T12:11:33,94.0,33.3,sensor2_serial,3,2,6,2,120,191,20.000,20.005,0,187,187,9.347894,SUCCESS,sigmoid,
2026-06-09T12:11:53,94.0,33.3,sensor2_serial,3,2,6,2,120,190,20.000,20.005,0,185,185,9.247690,SUCCESS,sigmoid,
2026-06-09T12:12:13,94.0,33.3,sensor2_serial,3,2,6,2,120,189,20.000,20.005,0,177,177,8.847759,SUCCESS,sigmoid,
2026-06-09T12:12:33,94.0,33.3,sensor2_serial,3,2,6,2,120,188,20.000,20.005,0,177,177,8.847598,SUCCESS,sigmoid,
2026-06-09T12:12:53,94.0,33.3,sensor2_serial,3,2,6,2,120,187,20.000,20.004,0,174,174,8.698083,SUCCESS,sigmoid,
2026-06-09T12:13:13,94.0,33.3,sensor2_serial,3,2,6,2,120,186,20.000,20.005,0,177,177,8.847623,SUCCESS,sigmoid,
2026-06-09T12:13:33,94.0,33.3,sensor2_serial,3,2,6,2,120,185,20.000,20.005,0,196,196,9.797686,SUCCESS,sigmoid,
2026-06-09T12:13:53,94.0,33.3,sensor2_serial,3,2,6,2,120,184,20.000,20.005,0,195,195,9.747551,SUCCESS,sigmoid,
2026-06-09T12:14:13,94.0,33.3,sensor2_serial,3,2,6,2,120,183,20.000,20.004,0,184,184,9.198056,SUCCESS,sigmoid,
2026-06-09T12:14:34,94.0,33.3,sensor2_serial,3,2,6,2,120,182,20.000,20.005,0,208,208,10.397340,SUCCESS,sigmoid,
2026-06-09T12:14:54,94.0,33.3,sensor2_serial,3,2,6,2,120,181,20.000,20.004,0,168,168,8.398144,SUCCESS,sigmoid,
2026-06-09T12:15:14,94.0,33.3,sensor2_serial,3,2,6,2,120,180,20.000,20.004,0,180,180,8.998013,SUCCESS,sigmoid,
2026-06-09T12:15:34,94.0,33.3,sensor2_serial,3,2,6,2,120,179,20.000,20.005,0,169,169,8.447686,SUCCESS,sigmoid,
2026-06-09T12:15:54,94.0,33.3,sensor2_serial,3,2,6,2,120,178,20.000,20.005,0,181,181,9.047835,SUCCESS,sigmoid,
2026-06-09T12:16:14,94.0,33.3,sensor2_serial,3,2,6,2,120,177,20.000,20.006,0,156,156,7.797812,SUCCESS,sigmoid,
2026-06-09T12:16:34,94.0,33.3,sensor2_serial,3,2,6,2,120,176,20.000,20.005,0,173,173,8.648008,SUCCESS,sigmoid,
2026-06-09T12:16:54,94.0,33.3,sensor2_serial,3,2,6,2,120,175,20.000,20.006,0,184,184,9.197376,SUCCESS,sigmoid,
2026-06-09T12:17:14,94.0,33.3,sensor2_serial,3,2,6,2,120,174,20.000,20.005,0,185,185,9.247759,SUCCESS,sigmoid,
2026-06-09T12:17:34,94.0,33.3,sensor2_serial,3,2,6,2,120,173,20.000,20.004,0,177,177,8.848022,SUCCESS,sigmoid,
2026-06-09T12:17:54,94.0,33.3,sensor2_serial,3,2,6,2,120,172,20.000,20.006,0,192,192,9.597288,SUCCESS,sigmoid,
2026-06-09T12:18:14,94.0,33.3,sensor2_serial,3,2,6,2,120,171,20.000,20.005,0,177,177,8.847982,SUCCESS,sigmoid,
2026-06-09T12:18:34,94.0,33.3,sensor2_serial,3,2,6,2,120,170,20.000,20.004,0,156,156,7.798267,SUCCESS,sigmoid,
2026-06-09T12:18:54,94.0,33.3,sensor2_serial,3,2,6,2,120,169,20.000,20.005,0,201,201,10.047350,SUCCESS,sigmoid,
2026-06-09T12:19:14,94.0,33.3,sensor2_serial,3,2,6,2,120,168,20.000,20.004,0,171,171,8.548243,SUCCESS,sigmoid,
2026-06-09T12:19:34,94.0,33.3,sensor2_serial,3,2,6,2,120,167,20.000,20.005,0,170,170,8.497680,SUCCESS,sigmoid,
2026-06-09T12:19:54,94.0,33.3,sensor2_serial,3,2,6,2,120,166,20.000,20.005,0,163,163,8.148132,SUCCESS,sigmoid,
2026-06-09T12:20:15,94.0,33.3,sensor2_serial,3,2,6,2,120,165,20.000,20.005,0,165,165,8.248099,SUCCESS,sigmoid,
2026-06-09T12:20:35,94.0,33.3,sensor2_serial,3,2,6,2,120,164,20.000,20.005,0,181,181,9.047858,SUCCESS,sigmoid,
2026-06-09T12:20:55,94.0,33.3,sensor2_serial,3,2,6,2,120,163,20.000,20.005,0,181,181,9.047665,SUCCESS,sigmoid,
2026-06-09T12:21:15,94.0,33.3,sensor2_serial,3,2,6,2,120,162,20.000,20.005,0,164,164,8.197790,SUCCESS,sigmoid,
2026-06-09T12:21:35,94.0,33.3,sensor2_serial,3,2,6,2,120,161,20.000,20.005,0,186,186,9.297456,SUCCESS,sigmoid,
2026-06-09T12:21:55,94.0,33.3,sensor2_serial,3,2,6,2,120,160,20.000,20.004,0,170,170,8.498210,SUCCESS,sigmoid,
2026-06-09T12:22:15,94.0,33.3,sensor2_serial,3,2,6,2,120,159,20.000,20.005,0,184,184,9.197624,SUCCESS,sigmoid,
2026-06-09T12:22:35,94.0,33.3,sensor2_serial,3,2,6,2,120,158,20.000,20.005,0,181,181,9.047926,SUCCESS,sigmoid,
2026-06-09T12:22:55,94.0,33.3,sensor2_serial,3,2,6,2,120,157,20.000,20.005,0,183,183,9.147850,SUCCESS,sigmoid,
2026-06-09T12:23:15,94.0,33.3,sensor2_serial,3,2,6,2,120,156,20.000,20.005,0,164,164,8.197855,SUCCESS,sigmoid,
2026-06-09T12:23:35,94.0,33.3,sensor2_serial,3,2,6,2,120,155,20.000,20.004,0,173,173,8.648116,SUCCESS,sigmoid,
2026-06-09T12:23:55,94.0,33.3,sensor2_serial,3,2,6,2,120,154,20.000,20.005,0,175,175,8.747780,SUCCESS,sigmoid,
2026-06-09T12:24:15,94.0,33.3,sensor2_serial,3,2,6,2,120,153,20.000,20.006,0,160,160,7.997733,SUCCESS,sigmoid,
2026-06-09T12:24:35,94.0,33.3,sensor2_serial,3,2,6,2,120,152,20.000,20.005,0,177,177,8.847784,SUCCESS,sigmoid,
2026-06-09T12:24:55,94.0,33.3,sensor2_serial,3,2,6,2,120,151,20.000,20.005,0,175,175,8.747871,SUCCESS,sigmoid,
2026-06-09T12:25:15,94.0,33.3,sensor2_serial,3,2,6,2,120,150,20.000,20.004,0,174,174,8.698053,SUCCESS,sigmoid,
2026-06-09T12:25:35,94.0,33.3,sensor2_serial,3,2,6,2,120,149,20.000,20.005,0,152,152,7.598027,SUCCESS,sigmoid,
2026-06-09T12:25:56,94.0,33.3,sensor2_serial,3,2,6,2,120,148,20.000,20.005,0,177,177,8.847824,SUCCESS,sigmoid,
2026-06-09T12:26:16,94.0,33.3,sensor2_serial,3,2,6,2,120,147,20.000,20.005,0,168,168,8.397958,SUCCESS,sigmoid,
2026-06-09T12:26:36,94.0,33.3,sensor2_serial,3,2,6,2,120,146,20.000,20.005,0,173,173,8.647988,SUCCESS,sigmoid,
2026-06-09T12:26:56,94.0,33.3,sensor2_serial,3,2,6,2,120,145,20.000,20.005,0,159,159,7.947870,SUCCESS,sigmoid,
2026-06-09T12:27:16,94.0,33.3,sensor2_serial,3,2,6,2,120,144,20.000,20.004,0,157,157,7.848281,SUCCESS,sigmoid,
2026-06-09T12:27:36,94.0,33.3,sensor2_serial,3,2,6,2,120,143,20.000,20.005,0,173,173,8.647801,SUCCESS,sigmoid,
2026-06-09T12:27:56,94.0,33.3,sensor2_serial,3,2,6,2,120,142,20.000,20.005,0,178,178,8.897742,SUCCESS,sigmoid,
2026-06-09T12:28:16,94.0,33.3,sensor2_serial,3,2,6,2,120,141,20.000,20.005,0,165,165,8.247995,SUCCESS,sigmoid,
2026-06-09T12:28:36,94.0,33.3,sensor2_serial,3,2,6,2,120,140,20.000,20.005,0,159,159,7.947858,SUCCESS,sigmoid,
2026-06-09T12:28:56,94.0,33.3,sensor2_serial,3,2,6,2,120,139,20.000,20.005,0,156,156,7.797953,SUCCESS,sigmoid,
2026-06-09T12:29:16,94.0,33.3,sensor2_serial,3,2,6,2,120,138,20.000,20.005,0,156,156,7.797953,SUCCESS,sigmoid,
2026-06-09T12:29:36,94.0,33.3,sensor2_serial,3,2,6,2,120,137,20.000,20.005,0,167,167,8.347995,SUCCESS,sigmoid,
2026-06-09T12:29:56,94.0,33.3,sensor2_serial,3,2,6,2,120,136,20.000,20.005,0,177,177,8.847606,SUCCESS,sigmoid,
2026-06-09T12:30:16,94.0,33.3,sensor2_serial,3,2,6,2,120,135,20.000,20.005,0,149,149,7.448185,SUCCESS,sigmoid,
2026-06-09T12:30:36,94.0,33.3,sensor2_serial,3,2,6,2,120,134,20.000,20.004,0,174,174,8.698159,SUCCESS,sigmoid,
2026-06-09T12:30:56,94.0,33.3,sensor2_serial,3,2,6,2,120,133,20.000,20.005,0,133,133,6.648488,SUCCESS,sigmoid,
2026-06-09T12:31:16,94.0,33.3,sensor2_serial,3,2,6,2,120,132,20.000,20.004,0,137,137,6.848511,SUCCESS,sigmoid,
2026-06-09T12:31:37,94.0,33.3,sensor2_serial,3,2,6,2,120,131,20.000,20.005,0,132,132,6.598293,SUCCESS,sigmoid,
2026-06-09T12:31:57,94.0,33.3,sensor2_serial,3,2,6,2,120,130,20.000,20.005,0,114,114,5.698441,SUCCESS,sigmoid,
2026-06-09T12:32:17,94.0,33.3,sensor2_serial,3,2,6,2,120,129,20.000,20.005,0,144,144,7.198358,SUCCESS,sigmoid,
2026-06-09T12:32:37,94.0,33.3,sensor2_serial,3,2,6,2,120,128,20.000,20.005,0,121,121,6.048463,SUCCESS,sigmoid,
2026-06-09T12:32:57,94.0,33.3,sensor2_serial,3,2,6,2,120,127,20.000,20.005,0,114,114,5.698518,SUCCESS,sigmoid,
2026-06-09T12:33:17,94.0,33.3,sensor2_serial,3,2,6,2,120,126,20.000,20.005,0,137,137,6.848357,SUCCESS,sigmoid,
2026-06-09T12:33:37,94.0,33.3,sensor2_serial,3,2,6,2,120,125,20.000,20.005,0,132,132,6.598483,SUCCESS,sigmoid,
2026-06-09T12:33:57,94.0,33.3,sensor2_serial,3,2,6,2,120,124,20.000,20.005,0,152,152,7.598055,SUCCESS,sigmoid,
2026-06-09T12:34:17,94.0,33.3,sensor2_serial,3,2,6,2,120,123,20.000,20.005,0,112,112,5.598683,SUCCESS,sigmoid,
2026-06-09T12:34:37,94.0,33.3,sensor2_serial,3,2,6,2,120,122,20.000,20.004,0,102,102,5.098857,SUCCESS,sigmoid,
2026-06-09T12:34:57,94.0,33.3,sensor2_serial,3,2,6,2,120,121,20.000,20.005,0,120,120,5.998388,SUCCESS,sigmoid,
2026-06-09T12:35:17,94.0,33.3,sensor2_serial,3,2,6,2,120,120,20.000,20.005,0,105,105,5.248596,SUCCESS,sigmoid,
2026-06-09T12:35:37,94.0,33.3,sensor2_serial,3,2,6,2,120,119,20.000,20.005,0,122,122,6.098366,SUCCESS,sigmoid,
2026-06-09T12:35:57,94.0,33.3,sensor2_serial,3,2,6,2,120,118,20.000,20.005,0,107,107,5.348761,SUCCESS,sigmoid,
2026-06-09T12:36:17,94.0,33.3,sensor2_serial,3,2,6,2,120,117,20.000,20.004,0,88,88,4.399062,SUCCESS,sigmoid,
2026-06-09T12:36:37,94.0,33.3,sensor2_serial,3,2,6,2,120,116,20.000,20.005,0,109,109,5.448529,SUCCESS,sigmoid,
2026-06-09T12:36:57,94.0,33.3,sensor2_serial,3,2,6,2,120,115,20.000,20.005,0,108,108,5.398672,SUCCESS,sigmoid,
2026-06-09T12:37:18,94.0,33.3,sensor2_serial,3,2,6,2,120,114,20.000,20.005,0,101,101,5.048789,SUCCESS,sigmoid,
2026-06-09T12:37:38,94.0,33.3,sensor2_serial,3,2,6,2,120,113,20.000,20.004,0,100,100,4.998921,SUCCESS,sigmoid,
2026-06-09T12:37:58,94.0,33.3,sensor2_serial,3,2,6,2,120,112,20.000,20.005,0,83,83,4.149053,SUCCESS,sigmoid,
2026-06-09T12:38:18,94.0,33.3,sensor2_serial,3,2,6,2,120,111,20.000,20.004,0,82,82,4.099088,SUCCESS,sigmoid,
2026-06-09T12:38:38,94.0,33.3,sensor2_serial,3,2,6,2,120,110,20.000,20.005,0,74,74,3.699024,SUCCESS,sigmoid,
2026-06-09T12:38:58,94.0,33.3,sensor2_serial,3,2,6,2,120,109,20.000,20.005,0,67,67,3.349082,SUCCESS,sigmoid,
2026-06-09T12:39:18,94.0,33.3,sensor2_serial,3,2,6,2,120,108,20.000,20.005,0,85,85,4.249023,SUCCESS,sigmoid,
2026-06-09T12:39:38,94.0,33.3,sensor2_serial,3,2,6,2,120,107,20.000,20.005,0,70,70,3.499188,SUCCESS,sigmoid,
2026-06-09T12:39:58,94.0,33.3,sensor2_serial,3,2,6,2,120,106,20.000,20.004,0,62,62,3.099347,SUCCESS,sigmoid,
2026-06-09T12:40:18,94.0,33.3,sensor2_serial,3,2,6,2,120,105,20.000,20.004,0,46,46,2.299504,SUCCESS,sigmoid,
2026-06-09T12:40:38,94.0,33.3,sensor2_serial,3,2,6,2,120,104,20.000,20.004,0,66,66,3.299273,SUCCESS,sigmoid,
2026-06-09T12:40:58,94.0,33.3,sensor2_serial,3,2,6,2,120,103,20.000,20.005,0,52,52,2.599329,SUCCESS,sigmoid,
2026-06-09T12:41:18,94.0,33.3,sensor2_serial,3,2,6,2,120,102,20.000,20.005,0,44,44,2.199407,SUCCESS,sigmoid,
2026-06-09T12:41:38,94.0,33.3,sensor2_serial,3,2,6,2,120,101,20.000,20.005,0,50,50,2.499418,SUCCESS,sigmoid,
2026-06-09T12:41:58,94.0,33.3,sensor2_serial,3,2,6,2,120,100,20.000,20.005,0,43,43,2.149490,SUCCESS,sigmoid,
2026-06-09T12:42:18,94.0,33.3,sensor2_serial,3,2,6,2,120,99,20.000,20.005,0,38,38,1.899537,SUCCESS,sigmoid,
2026-06-09T12:42:39,94.0,33.3,sensor2_serial,3,2,6,2,120,98,20.000,20.004,0,48,48,2.399483,SUCCESS,sigmoid,
2026-06-09T12:42:59,94.0,33.3,sensor2_serial,3,2,6,2,120,97,20.000,20.005,0,32,32,1.599627,SUCCESS,sigmoid,
2026-06-09T12:43:19,94.0,33.3,sensor2_serial,3,2,6,2,120,96,20.000,20.005,0,34,34,1.699553,SUCCESS,sigmoid,
2026-06-09T12:43:39,94.0,33.3,sensor2_serial,3,2,6,2,120,95,20.000,20.005,0,23,23,1.149720,SUCCESS,sigmoid,
2026-06-09T12:43:59,94.0,33.3,sensor2_serial,3,2,6,2,120,94,20.000,20.005,0,18,18,0.899766,SUCCESS,sigmoid,
2026-06-09T12:44:19,94.0,33.3,sensor2_serial,3,2,6,2,120,93,20.000,20.005,0,14,14,0.699834,SUCCESS,sigmoid,
2026-06-09T12:44:39,94.0,33.3,sensor2_serial,3,2,6,2,120,92,20.000,20.004,0,20,20,0.999784,SUCCESS,sigmoid,
2026-06-09T12:44:59,94.0,33.3,sensor2_serial,3,2,6,2,120,91,20.000,20.005,0,11,11,0.549870,SUCCESS,sigmoid,
2026-06-09T12:45:19,94.0,33.3,sensor2_serial,3,2,6,2,120,90,20.000,20.004,0,13,13,0.649859,SUCCESS,sigmoid,
2026-06-09T12:45:39,94.0,33.3,sensor2_serial,3,2,6,2,120,89,20.000,20.004,0,19,19,0.949793,SUCCESS,sigmoid,
2026-06-09T12:45:59,94.0,33.3,sensor2_serial,3,2,6,2,120,88,20.000,20.004,0,7,7,0.349927,SUCCESS,sigmoid,
2026-06-09T12:46:19,94.0,33.3,sensor2_serial,3,2,6,2,120,87,20.000,20.004,0,7,7,0.349923,SUCCESS,sigmoid,
2026-06-09T12:46:39,94.0,33.3,sensor2_serial,3,2,6,2,120,86,20.000,20.004,0,6,6,0.299937,SUCCESS,sigmoid,
2026-06-09T12:46:59,94.0,33.3,sensor2_serial,3,2,6,2,120,85,20.000,20.005,0,8,8,0.399904,SUCCESS,sigmoid,
2026-06-09T12:47:19,94.0,33.3,sensor2_serial,3,2,6,2,120,84,20.000,20.004,0,5,5,0.249945,SUCCESS,sigmoid,
2026-06-09T12:47:39,94.0,33.3,sensor2_serial,3,2,6,2,120,83,20.000,20.005,0,6,6,0.299924,SUCCESS,sigmoid,
2026-06-09T12:47:59,94.0,33.3,sensor2_serial,3,2,6,2,120,82,20.000,20.005,0,2,2,0.099977,SUCCESS,sigmoid,
2026-06-09T12:48:20,94.0,33.3,sensor2_serial,3,2,6,2,120,81,20.000,20.005,0,1,1,0.049987,SUCCESS,sigmoid,
2026-06-09T12:48:40,94.0,33.3,sensor2_serial,3,2,6,2,120,80,20.000,20.005,0,2,2,0.099976,SUCCESS,sigmoid,
2026-06-09T12:49:00,94.0,33.3,sensor2_serial,3,2,6,2,120,79,20.000,20.005,0,2,2,0.099974,SUCCESS,sigmoid,
2026-06-09T12:49:20,94.0,33.3,sensor2_serial,3,2,6,2,120,78,20.000,20.004,0,1,1,0.049990,SUCCESS,sigmoid,
2026-06-09T12:49:40,94.0,33.3,sensor2_serial,3,2,6,2,120,77,20.000,20.005,0,2,2,0.099975,SUCCESS,sigmoid,
2026-06-09T12:50:00,94.0,33.3,sensor2_serial,3,2,6,2,120,76,20.000,20.004,0,1,1,0.049989,SUCCESS,sigmoid,
2026-06-09T12:50:20,94.0,33.3,sensor2_serial,3,2,6,2,120,75,20.000,20.004,0,0,0,0.000000,SUCCESS,sigmoid,
2026-06-09T12:50:40,94.0,33.3,sensor2_serial,3,2,6,2,120,74,20.000,20.004,0,0,0,0.000000,SUCCESS,sigmoid,
2026-06-09T12:51:00,94.0,33.3,sensor2_serial,3,2,6,2,120,73,20.000,20.004,0,0,0,0.000000,SUCCESS,sigmoid,
2026-06-09T12:51:20,94.0,33.3,sensor2_serial,3,2,6,2,120,72,20.000,20.004,0,0,0,0.000000,SUCCESS,sigmoid,
2026-06-09T12:51:40,94.0,33.3,sensor2_serial,3,2,6,2,120,71,20.000,20.005,0,0,0,0.000000,SUCCESS,sigmoid,
2026-06-09T12:52:00,94.0,33.3,sensor2_serial,3,2,6,2,120,70,20.000,20.004,0,0,0,0.000000,SUCCESS,sigmoid,
2026-06-09T12:52:20,94.0,33.3,sensor2_serial,3,2,6,2,120,69,20.000,20.004,0,0,0,0.000000,SUCCESS,sigmoid,
2026-06-09T12:52:40,94.0,33.3,sensor2_serial,3,2,6,2,120,68,20.000,20.004,0,0,0,0.000000,SUCCESS,sigmoid,
2026-06-09T12:53:00,94.0,33.3,sensor2_serial,3,2,6,2,120,67,20.000,20.005,0,0,0,0.000000,SUCCESS,sigmoid,
2026-06-09T12:53:20,94.0,33.3,sensor2_serial,3,2,6,2,120,66,20.000,20.004,0,0,0,0.000000,SUCCESS,sigmoid,
2026-06-09T12:53:40,94.0,33.3,sensor2_serial,3,2,6,2,120,65,20.000,20.004,0,0,0,0.000000,SUCCESS,sigmoid,
2026-06-09T12:54:01,94.0,33.3,sensor2_serial,3,2,6,2,120,64,20.000,20.005,0,0,0,0.000000,SUCCESS,sigmoid,
2026-06-09T12:54:21,94.0,33.3,sensor2_serial,3,2,6,2,120,63,20.000,20.005,0,0,0,0.000000,SUCCESS,sigmoid,
2026-06-09T12:54:41,94.0,33.3,sensor2_serial,3,2,6,2,120,62,20.000,20.005,0,0,0,0.000000,SUCCESS,sigmoid,
2026-06-09T12:55:01,94.0,33.3,sensor2_serial,3,2,6,2,120,61,20.000,20.004,0,0,0,0.000000,SUCCESS,sigmoid,
2026-06-09T12:55:21,94.0,33.3,sensor2_serial,3,2,6,2,120,60,20.000,20.005,0,0,0,0.000000,SUCCESS,sigmoid,
2026-06-09T12:55:41,94.0,33.3,sensor2_serial,3,2,6,2,120,59,20.000,20.004,0,0,0,0.000000,SUCCESS,sigmoid,
2026-06-09T12:56:01,94.0,33.3,sensor2_serial,3,2,6,2,120,58,20.000,20.005,0,0,0,0.000000,SUCCESS,sigmoid,
2026-06-09T12:56:21,94.0,33.3,sensor2_serial,3,2,6,2,120,57,20.000,20.005,0,0,0,0.000000,SUCCESS,sigmoid,
2026-06-09T12:56:41,94.0,33.3,sensor2_serial,3,2,6,2,120,56,20.000,20.006,0,0,0,0.000000,SUCCESS,sigmoid,
2026-06-09T12:57:15,95.0,32.3,sensor2_serial,3,0,4,0,120,255,20.000,20.005,0,3703342,3703342,185119.166262,SUCCESS,sigmoid,
2026-06-09T12:57:35,95.0,32.3,sensor2_serial,3,0,4,0,120,254,20.000,20.005,0,3547034,3547034,177305.601349,SUCCESS,sigmoid,
2026-06-09T12:57:55,95.0,32.3,sensor2_serial,3,0,4,0,120,253,20.000,20.006,0,3031197,3031197,151518.147598,SUCCESS,sigmoid,
2026-06-09T12:58:15,95.0,32.3,sensor2_serial,3,0,4,0,120,252,20.000,20.006,0,2185153,2185153,109226.191803,SUCCESS,sigmoid,
2026-06-09T12:58:35,95.0,32.3,sensor2_serial,3,0,4,0,120,251,20.000,20.006,0,1450186,1450186,72489.299485,SUCCESS,sigmoid,
2026-06-09T12:58:55,95.0,32.3,sensor2_serial,3,0,4,0,120,250,20.000,20.006,0,756845,756845,37831.707679,SUCCESS,sigmoid,
2026-06-09T12:59:15,95.0,32.3,sensor2_serial,3,0,4,0,120,249,20.000,20.006,0,373599,373599,18674.766948,SUCCESS,sigmoid,
2026-06-09T12:59:35,95.0,32.3,sensor2_serial,3,0,4,0,120,248,20.000,20.005,0,186216,186216,9308.650554,SUCCESS,sigmoid,
2026-06-09T12:59:56,95.0,32.3,sensor2_serial,3,0,4,0,120,247,20.000,20.006,0,83620,83620,4179.818345,SUCCESS,sigmoid,
2026-06-09T13:00:16,95.0,32.3,sensor2_serial,3,0,4,0,120,246,20.000,20.005,0,38448,38448,1921.883686,SUCCESS,sigmoid,
2026-06-09T13:00:36,95.0,32.3,sensor2_serial,3,0,4,0,120,245,20.000,20.006,0,38481,38481,1923.487533,SUCCESS,sigmoid,
2026-06-09T13:00:56,95.0,32.3,sensor2_serial,3,0,4,0,120,244,20.000,20.006,0,17636,17636,881.546096,SUCCESS,sigmoid,
2026-06-09T13:01:16,95.0,32.3,sensor2_serial,3,0,4,0,120,243,20.000,20.006,0,6551,6551,327.455658,SUCCESS,sigmoid,
2026-06-09T13:01:36,95.0,32.3,sensor2_serial,3,0,4,0,120,242,20.000,20.005,0,2490,2490,124.467817,SUCCESS,sigmoid,
2026-06-09T13:01:56,95.0,32.3,sensor2_serial,3,0,4,0,120,241,20.000,20.005,0,1011,1011,50.536847,SUCCESS,sigmoid,
2026-06-09T13:02:16,95.0,32.3,sensor2_serial,3,0,4,0,120,240,20.000,20.006,0,542,542,27.092389,SUCCESS,sigmoid,
2026-06-09T13:02:36,95.0,32.3,sensor2_serial,3,0,4,0,120,239,20.000,20.004,0,343,343,17.146192,SUCCESS,sigmoid,
2026-06-09T13:02:56,95.0,32.3,sensor2_serial,3,0,4,0,120,238,20.000,20.005,0,330,330,16.495497,SUCCESS,sigmoid,
2026-06-09T13:03:16,95.0,32.3,sensor2_serial,3,0,4,0,120,237,20.000,20.005,0,246,246,12.296704,SUCCESS,sigmoid,
2026-06-09T13:03:36,95.0,32.3,sensor2_serial,3,0,4,0,120,236,20.000,20.005,0,262,262,13.097040,SUCCESS,sigmoid,
2026-06-09T13:03:56,95.0,32.3,sensor2_serial,3,0,4,0,120,235,20.000,20.005,0,223,223,11.147463,SUCCESS,sigmoid,
2026-06-09T13:04:16,95.0,32.3,sensor2_serial,3,0,4,0,120,234,20.000,20.006,0,218,218,10.896997,SUCCESS,sigmoid,
2026-06-09T13:04:36,95.0,32.3,sensor2_serial,3,0,4,0,120,233,20.000,20.005,0,237,237,11.847244,SUCCESS,sigmoid,
2026-06-09T13:04:56,95.0,32.3,sensor2_serial,3,0,4,0,120,232,20.000,20.005,0,234,234,11.696870,SUCCESS,sigmoid,
2026-06-09T13:05:17,95.0,32.3,sensor2_serial,3,0,4,0,120,231,20.000,20.005,0,235,235,11.747353,SUCCESS,sigmoid,
2026-06-09T13:05:37,95.0,32.3,sensor2_serial,3,0,4,0,120,230,20.000,20.006,0,236,236,11.796728,SUCCESS,sigmoid,
2026-06-09T13:05:57,95.0,32.3,sensor2_serial,3,0,4,0,120,229,20.000,20.006,0,212,212,10.597027,SUCCESS,sigmoid,
2026-06-09T13:06:17,95.0,32.3,sensor2_serial,3,0,4,0,120,228,20.000,20.005,0,235,235,11.747318,SUCCESS,sigmoid,
2026-06-09T13:06:37,95.0,32.3,sensor2_serial,3,0,4,0,120,227,20.000,20.005,0,217,217,10.847023,SUCCESS,sigmoid,
2026-06-09T13:06:57,95.0,32.3,sensor2_serial,3,0,4,0,120,226,20.000,20.005,0,213,213,10.647493,SUCCESS,sigmoid,
2026-06-09T13:07:17,95.0,32.3,sensor2_serial,3,0,4,0,120,225,20.000,20.005,0,231,231,11.547307,SUCCESS,sigmoid,
2026-06-09T13:07:37,95.0,32.3,sensor2_serial,3,0,4,0,120,224,20.000,20.006,0,178,178,8.897483,SUCCESS,sigmoid,
2026-06-09T13:07:57,95.0,32.3,sensor2_serial,3,0,4,0,120,223,20.000,20.004,0,205,205,10.247748,SUCCESS,sigmoid,
2026-06-09T13:08:17,95.0,32.3,sensor2_serial,3,0,4,0,120,222,20.000,20.005,0,222,222,11.096959,SUCCESS,sigmoid,
2026-06-09T13:08:37,95.0,32.3,sensor2_serial,3,0,4,0,120,221,20.000,20.006,0,211,211,10.547018,SUCCESS,sigmoid,
2026-06-09T13:08:57,95.0,32.3,sensor2_serial,3,0,4,0,120,220,20.000,20.005,0,196,196,9.797626,SUCCESS,sigmoid,
2026-06-09T13:09:17,95.0,32.3,sensor2_serial,3,0,4,0,120,219,20.000,20.004,0,200,200,9.997805,SUCCESS,sigmoid,
2026-06-09T13:09:37,95.0,32.3,sensor2_serial,3,0,4,0,120,218,20.000,20.005,0,200,200,9.997343,SUCCESS,sigmoid,
2026-06-09T13:09:57,95.0,32.3,sensor2_serial,3,0,4,0,120,217,20.000,20.004,0,216,216,10.797672,SUCCESS,sigmoid,
2026-06-09T13:10:17,95.0,32.3,sensor2_serial,3,0,4,0,120,216,20.000,20.005,0,236,236,11.797074,SUCCESS,sigmoid,
2026-06-09T13:10:37,95.0,32.3,sensor2_serial,3,0,4,0,120,215,20.000,20.005,0,192,192,9.597614,SUCCESS,sigmoid,
2026-06-09T13:10:58,95.0,32.3,sensor2_serial,3,0,4,0,120,214,20.000,20.006,0,205,205,10.247096,SUCCESS,sigmoid,
2026-06-09T13:11:18,95.0,32.3,sensor2_serial,3,0,4,0,120,213,20.000,20.005,0,196,196,9.797376,SUCCESS,sigmoid,
2026-06-09T13:11:38,95.0,32.3,sensor2_serial,3,0,4,0,120,212,20.000,20.005,0,248,248,12.397143,SUCCESS,sigmoid,
2026-06-09T13:11:58,95.0,32.3,sensor2_serial,3,0,4,0,120,211,20.000,20.005,0,217,217,10.847539,SUCCESS,sigmoid,
2026-06-09T13:12:18,95.0,32.3,sensor2_serial,3,0,4,0,120,210,20.000,20.005,0,223,223,11.147146,SUCCESS,sigmoid,
2026-06-09T13:12:38,95.0,32.3,sensor2_serial,3,0,4,0,120,209,20.000,20.005,0,217,217,10.847295,SUCCESS,sigmoid,
2026-06-09T13:12:58,95.0,32.3,sensor2_serial,3,0,4,0,120,208,20.000,20.005,0,187,187,9.347493,SUCCESS,sigmoid,
2026-06-09T13:13:18,95.0,32.3,sensor2_serial,3,0,4,0,120,207,20.000,20.004,0,188,188,9.397909,SUCCESS,sigmoid,
2026-06-09T13:13:38,95.0,32.3,sensor2_serial,3,0,4,0,120,206,20.000,20.005,0,203,203,10.147397,SUCCESS,sigmoid,
2026-06-09T13:13:58,95.0,32.3,sensor2_serial,3,0,4,0,120,205,20.000,20.006,0,164,164,8.197675,SUCCESS,sigmoid,
2026-06-09T13:14:18,95.0,32.3,sensor2_serial,3,0,4,0,120,204,20.000,20.004,0,207,207,10.347770,SUCCESS,sigmoid,
2026-06-09T13:14:38,95.0,32.3,sensor2_serial,3,0,4,0,120,203,20.000,20.005,0,214,214,10.697097,SUCCESS,sigmoid,
2026-06-09T13:14:58,95.0,32.3,sensor2_serial,3,0,4,0,120,202,20.000,20.005,0,193,193,9.647680,SUCCESS,sigmoid,
2026-06-09T13:15:18,95.0,32.3,sensor2_serial,3,0,4,0,120,201,20.000,20.005,0,169,169,8.448096,SUCCESS,sigmoid,
2026-06-09T13:15:38,95.0,32.3,sensor2_serial,3,0,4,0,120,200,20.000,20.005,0,175,175,8.747873,SUCCESS,sigmoid,
2026-06-09T13:15:58,95.0,32.3,sensor2_serial,3,0,4,0,120,199,20.000,20.005,0,197,197,9.847714,SUCCESS,sigmoid,
2026-06-09T13:16:18,95.0,32.3,sensor2_serial,3,0,4,0,120,198,20.000,20.005,0,210,210,10.497141,SUCCESS,sigmoid,
2026-06-09T13:16:39,95.0,32.3,sensor2_serial,3,0,4,0,120,197,20.000,20.005,0,211,211,10.547220,SUCCESS,sigmoid,
2026-06-09T13:16:59,95.0,32.3,sensor2_serial,3,0,4,0,120,196,20.000,20.004,0,206,206,10.297757,SUCCESS,sigmoid,
2026-06-09T13:17:19,95.0,32.3,sensor2_serial,3,0,4,0,120,195,20.000,20.005,0,206,206,10.297551,SUCCESS,sigmoid,
2026-06-09T13:17:39,95.0,32.3,sensor2_serial,3,0,4,0,120,194,20.000,20.004,0,189,189,9.448047,SUCCESS,sigmoid,
2026-06-09T13:17:59,95.0,32.3,sensor2_serial,3,0,4,0,120,193,20.000,20.005,0,199,199,9.947291,SUCCESS,sigmoid,
2026-06-09T13:18:19,95.0,32.3,sensor2_serial,3,0,4,0,120,192,20.000,20.004,0,211,211,10.547800,SUCCESS,sigmoid,
2026-06-09T13:18:39,95.0,32.3,sensor2_serial,3,0,4,0,120,191,20.000,20.005,0,206,206,10.297606,SUCCESS,sigmoid,
2026-06-09T13:18:59,95.0,32.3,sensor2_serial,3,0,4,0,120,190,20.000,20.005,0,192,192,9.597596,SUCCESS,sigmoid,
2026-06-09T13:19:19,95.0,32.3,sensor2_serial,3,0,4,0,120,189,20.000,20.004,0,189,189,9.447947,SUCCESS,sigmoid,
2026-06-09T13:19:39,95.0,32.3,sensor2_serial,3,0,4,0,120,188,20.000,20.005,0,209,209,10.447457,SUCCESS,sigmoid,
2026-06-09T13:19:59,95.0,32.3,sensor2_serial,3,0,4,0,120,187,20.000,20.004,0,197,197,9.847830,SUCCESS,sigmoid,
2026-06-09T13:20:19,95.0,32.3,sensor2_serial,3,0,4,0,120,186,20.000,20.005,0,195,195,9.747761,SUCCESS,sigmoid,
2026-06-09T13:20:39,95.0,32.3,sensor2_serial,3,0,4,0,120,185,20.000,20.005,0,195,195,9.747702,SUCCESS,sigmoid,
2026-06-09T13:20:59,95.0,32.3,sensor2_serial,3,0,4,0,120,184,20.000,20.005,0,230,230,11.496863,SUCCESS,sigmoid,
2026-06-09T13:21:19,95.0,32.3,sensor2_serial,3,0,4,0,120,183,20.000,20.005,0,215,215,10.747539,SUCCESS,sigmoid,
2026-06-09T13:21:39,95.0,32.3,sensor2_serial,3,0,4,0,120,182,20.000,20.005,0,179,179,8.947933,SUCCESS,sigmoid,
2026-06-09T13:21:59,95.0,32.3,sensor2_serial,3,0,4,0,120,181,20.000,20.005,0,173,173,8.647942,SUCCESS,sigmoid,
2026-06-09T13:22:20,95.0,32.3,sensor2_serial,3,0,4,0,120,180,20.000,20.004,0,196,196,9.797815,SUCCESS,sigmoid,
2026-06-09T13:22:40,95.0,32.3,sensor2_serial,3,0,4,0,120,179,20.000,20.005,0,215,215,10.747201,SUCCESS,sigmoid,
2026-06-09T13:23:00,95.0,32.3,sensor2_serial,3,0,4,0,120,178,20.000,20.005,0,192,192,9.597691,SUCCESS,sigmoid,
2026-06-09T13:23:20,95.0,32.3,sensor2_serial,3,0,4,0,120,177,20.000,20.005,0,197,197,9.847513,SUCCESS,sigmoid,
2026-06-09T13:23:40,95.0,32.3,sensor2_serial,3,0,4,0,120,176,20.000,20.005,0,189,189,9.447516,SUCCESS,sigmoid,
2026-06-09T13:24:00,95.0,32.3,sensor2_serial,3,0,4,0,120,175,20.000,20.005,0,178,178,8.897627,SUCCESS,sigmoid,
2026-06-09T13:24:20,95.0,32.3,sensor2_serial,3,0,4,0,120,174,20.000,20.005,0,178,178,8.897724,SUCCESS,sigmoid,
2026-06-09T13:24:40,95.0,32.3,sensor2_serial,3,0,4,0,120,173,20.000,20.004,0,205,205,10.247820,SUCCESS,sigmoid,
2026-06-09T13:25:00,95.0,32.3,sensor2_serial,3,0,4,0,120,172,20.000,20.005,0,168,168,8.397773,SUCCESS,sigmoid,
2026-06-09T13:25:20,95.0,32.3,sensor2_serial,3,0,4,0,120,171,20.000,20.004,0,198,198,9.897775,SUCCESS,sigmoid,
2026-06-09T13:25:40,95.0,32.3,sensor2_serial,3,0,4,0,120,170,20.000,20.005,0,178,178,8.897761,SUCCESS,sigmoid,
2026-06-09T13:26:00,95.0,32.3,sensor2_serial,3,0,4,0,120,169,20.000,20.004,0,193,193,9.647962,SUCCESS,sigmoid,
2026-06-09T13:26:20,95.0,32.3,sensor2_serial,3,0,4,0,120,168,20.000,20.005,0,182,182,9.097602,SUCCESS,sigmoid,
2026-06-09T13:26:40,95.0,32.3,sensor2_serial,3,0,4,0,120,167,20.000,20.004,0,183,183,9.147942,SUCCESS,sigmoid,
2026-06-09T13:27:00,95.0,32.3,sensor2_serial,3,0,4,0,120,166,20.000,20.005,0,199,199,9.947493,SUCCESS,sigmoid,
2026-06-09T13:27:20,95.0,32.3,sensor2_serial,3,0,4,0,120,165,20.000,20.005,0,158,158,7.897908,SUCCESS,sigmoid,
2026-06-09T13:27:40,95.0,32.3,sensor2_serial,3,0,4,0,120,164,20.000,20.006,0,181,181,9.047501,SUCCESS,sigmoid,
2026-06-09T13:28:01,95.0,32.3,sensor2_serial,3,0,4,0,120,163,20.000,20.005,0,206,206,10.297550,SUCCESS,sigmoid,
2026-06-09T13:28:21,95.0,32.3,sensor2_serial,3,0,4,0,120,162,20.000,20.005,0,182,182,9.097926,SUCCESS,sigmoid,
2026-06-09T13:28:41,95.0,32.3,sensor2_serial,3,0,4,0,120,161,20.000,20.005,0,203,203,10.147406,SUCCESS,sigmoid,
2026-06-09T13:29:01,95.0,32.3,sensor2_serial,3,0,4,0,120,160,20.000,20.005,0,184,184,9.197558,SUCCESS,sigmoid,
2026-06-09T13:29:21,95.0,32.3,sensor2_serial,3,0,4,0,120,159,20.000,20.005,0,201,201,10.047263,SUCCESS,sigmoid,
2026-06-09T13:29:41,95.0,32.3,sensor2_serial,3,0,4,0,120,158,20.000,20.005,0,197,197,9.847684,SUCCESS,sigmoid,
2026-06-09T13:30:01,95.0,32.3,sensor2_serial,3,0,4,0,120,157,20.000,20.005,0,186,186,9.297906,SUCCESS,sigmoid,
2026-06-09T13:30:21,95.0,32.3,sensor2_serial,3,0,4,0,120,156,20.000,20.005,0,190,190,9.497778,SUCCESS,sigmoid,
2026-06-09T13:30:41,95.0,32.3,sensor2_serial,3,0,4,0,120,155,20.000,20.006,0,181,181,9.047501,SUCCESS,sigmoid,
2026-06-09T13:31:01,95.0,32.3,sensor2_serial,3,0,4,0,120,154,20.000,20.005,0,194,194,9.697675,SUCCESS,sigmoid,
2026-06-09T13:31:21,95.0,32.3,sensor2_serial,3,0,4,0,120,153,20.000,20.005,0,180,180,8.997629,SUCCESS,sigmoid,
2026-06-09T13:31:41,95.0,32.3,sensor2_serial,3,0,4,0,120,152,20.000,20.005,0,173,173,8.647689,SUCCESS,sigmoid,
2026-06-09T13:32:01,95.0,32.3,sensor2_serial,3,0,4,0,120,151,20.000,20.005,0,191,191,9.547676,SUCCESS,sigmoid,
2026-06-09T13:32:21,95.0,32.3,sensor2_serial,3,0,4,0,120,150,20.000,20.005,0,176,176,8.797587,SUCCESS,sigmoid,
2026-06-09T13:32:41,95.0,32.3,sensor2_serial,3,0,4,0,120,149,20.000,20.006,0,163,163,8.147746,SUCCESS,sigmoid,
2026-06-09T13:33:01,95.0,32.3,sensor2_serial,3,0,4,0,120,148,20.000,20.005,0,191,191,9.547576,SUCCESS,sigmoid,
2026-06-09T13:33:22,95.0,32.3,sensor2_serial,3,0,4,0,120,147,20.000,20.005,0,211,211,10.547464,SUCCESS,sigmoid,
2026-06-09T13:33:42,95.0,32.3,sensor2_serial,3,0,4,0,120,146,20.000,20.005,0,199,199,9.947694,SUCCESS,sigmoid,
2026-06-09T13:34:02,95.0,32.3,sensor2_serial,3,0,4,0,120,145,20.000,20.005,0,173,173,8.647676,SUCCESS,sigmoid,
2026-06-09T13:34:22,95.0,32.3,sensor2_serial,3,0,4,0,120,144,20.000,20.005,0,214,214,10.697258,SUCCESS,sigmoid,
2026-06-09T13:34:42,95.0,32.3,sensor2_serial,3,0,4,0,120,143,20.000,20.005,0,192,192,9.597673,SUCCESS,sigmoid,
2026-06-09T13:35:02,95.0,32.3,sensor2_serial,3,0,4,0,120,142,20.000,20.005,0,172,172,8.597670,SUCCESS,sigmoid,
2026-06-09T13:35:22,95.0,32.3,sensor2_serial,3,0,4,0,120,141,20.000,20.005,0,190,190,9.497860,SUCCESS,sigmoid,
2026-06-09T13:35:42,95.0,32.3,sensor2_serial,3,0,4,0,120,140,20.000,20.004,0,200,200,9.997804,SUCCESS,sigmoid,
2026-06-09T13:36:02,95.0,32.3,sensor2_serial,3,0,4,0,120,139,20.000,20.005,0,173,173,8.647757,SUCCESS,sigmoid,
2026-06-09T13:36:22,95.0,32.3,sensor2_serial,3,0,4,0,120,138,20.000,20.006,0,196,196,9.797294,SUCCESS,sigmoid,
2026-06-09T13:36:42,95.0,32.3,sensor2_serial,3,0,4,0,120,137,20.000,20.004,0,174,174,8.698065,SUCCESS,sigmoid,
2026-06-09T13:37:02,95.0,32.3,sensor2_serial,3,0,4,0,120,136,20.000,20.004,0,159,159,7.948271,SUCCESS,sigmoid,
2026-06-09T13:37:22,95.0,32.3,sensor2_serial,3,0,4,0,120,135,20.000,20.005,0,171,171,8.547690,SUCCESS,sigmoid,
2026-06-09T13:37:42,95.0,32.3,sensor2_serial,3,0,4,0,120,134,20.000,20.005,0,162,162,8.097776,SUCCESS,sigmoid,
2026-06-09T13:38:02,95.0,32.3,sensor2_serial,3,0,4,0,120,133,20.000,20.005,0,172,172,8.597673,SUCCESS,sigmoid,
2026-06-09T13:38:22,95.0,32.3,sensor2_serial,3,0,4,0,120,132,20.000,20.005,0,165,165,8.247919,SUCCESS,sigmoid,
2026-06-09T13:38:42,95.0,32.3,sensor2_serial,3,0,4,0,120,131,20.000,20.005,0,144,144,7.198338,SUCCESS,sigmoid,
2026-06-09T13:39:03,95.0,32.3,sensor2_serial,3,0,4,0,120,130,20.000,20.005,0,179,179,8.947951,SUCCESS,sigmoid,
2026-06-09T13:39:23,95.0,32.3,sensor2_serial,3,0,4,0,120,129,20.000,20.006,0,151,151,7.547846,SUCCESS,sigmoid,
2026-06-09T13:39:43,95.0,32.3,sensor2_serial,3,0,4,0,120,128,20.000,20.005,0,183,183,9.147524,SUCCESS,sigmoid,
2026-06-09T13:40:03,95.0,32.3,sensor2_serial,3,0,4,0,120,127,20.000,20.005,0,167,167,8.348037,SUCCESS,sigmoid,
2026-06-09T13:40:23,95.0,32.3,sensor2_serial,3,0,4,0,120,126,20.000,20.005,0,180,180,8.997719,SUCCESS,sigmoid,
2026-06-09T13:40:43,95.0,32.3,sensor2_serial,3,0,4,0,120,125,20.000,20.005,0,178,178,8.897654,SUCCESS,sigmoid,
2026-06-09T13:41:03,95.0,32.3,sensor2_serial,3,0,4,0,120,124,20.000,20.005,0,144,144,7.198336,SUCCESS,sigmoid,
2026-06-09T13:41:23,95.0,32.3,sensor2_serial,3,0,4,0,120,123,20.000,20.004,0,162,162,8.098293,SUCCESS,sigmoid,
2026-06-09T13:41:43,95.0,32.3,sensor2_serial,3,0,4,0,120,122,20.000,20.005,0,175,175,8.747912,SUCCESS,sigmoid,
2026-06-09T13:42:03,95.0,32.3,sensor2_serial,3,0,4,0,120,121,20.000,20.004,0,157,157,7.848309,SUCCESS,sigmoid,
2026-06-09T13:42:23,95.0,32.3,sensor2_serial,3,0,4,0,120,120,20.000,20.004,0,156,156,7.798412,SUCCESS,sigmoid,
2026-06-09T13:42:43,95.0,32.3,sensor2_serial,3,0,4,0,120,119,20.000,20.005,0,146,146,7.298330,SUCCESS,sigmoid,
2026-06-09T13:43:03,95.0,32.3,sensor2_serial,3,0,4,0,120,118,20.000,20.004,0,139,139,6.948502,SUCCESS,sigmoid,
2026-06-09T13:43:23,95.0,32.3,sensor2_serial,3,0,4,0,120,117,20.000,20.005,0,154,154,7.698063,SUCCESS,sigmoid,
2026-06-09T13:43:43,95.0,32.3,sensor2_serial,3,0,4,0,120,116,20.000,20.004,0,161,161,8.048335,SUCCESS,sigmoid,
2026-06-09T13:44:03,95.0,32.3,sensor2_serial,3,0,4,0,120,115,20.000,20.005,0,151,151,7.548259,SUCCESS,sigmoid,
2026-06-09T13:44:23,95.0,32.3,sensor2_serial,3,0,4,0,120,114,20.000,20.005,0,137,137,6.848402,SUCCESS,sigmoid,
2026-06-09T13:44:44,95.0,32.3,sensor2_serial,3,0,4,0,120,113,20.000,20.005,0,134,134,6.698257,SUCCESS,sigmoid,
2026-06-09T13:45:04,95.0,32.3,sensor2_serial,3,0,4,0,120,112,20.000,20.006,0,155,155,7.747791,SUCCESS,sigmoid,
2026-06-09T13:45:24,95.0,32.3,sensor2_serial,3,0,4,0,120,111,20.000,20.005,0,139,139,6.948201,SUCCESS,sigmoid,
2026-06-09T13:45:44,95.0,32.3,sensor2_serial,3,0,4,0,120,110,20.000,20.004,0,123,123,6.148679,SUCCESS,sigmoid,
2026-06-09T13:46:04,95.0,32.3,sensor2_serial,3,0,4,0,120,109,20.000,20.005,0,111,111,5.548583,SUCCESS,sigmoid,
2026-06-09T13:46:24,95.0,32.3,sensor2_serial,3,0,4,0,120,108,20.000,20.004,0,147,147,7.348360,SUCCESS,sigmoid,
2026-06-09T13:46:44,95.0,32.3,sensor2_serial,3,0,4,0,120,107,20.000,20.005,0,144,144,7.198359,SUCCESS,sigmoid,
2026-06-09T13:47:04,95.0,32.3,sensor2_serial,3,0,4,0,120,106,20.000,20.005,0,112,112,5.598485,SUCCESS,sigmoid,
2026-06-09T13:47:24,95.0,32.3,sensor2_serial,3,0,4,0,120,105,20.000,20.004,0,108,108,5.398809,SUCCESS,sigmoid,
2026-06-09T13:47:44,95.0,32.3,sensor2_serial,3,0,4,0,120,104,20.000,20.006,0,126,126,6.298233,SUCCESS,sigmoid,
2026-06-09T13:48:04,95.0,32.3,sensor2_serial,3,0,4,0,120,103,20.000,20.005,0,103,103,5.148649,SUCCESS,sigmoid,
2026-06-09T13:48:24,95.0,32.3,sensor2_serial,3,0,4,0,120,102,20.000,20.005,0,110,110,5.498546,SUCCESS,sigmoid,
2026-06-09T13:48:44,95.0,32.3,sensor2_serial,3,0,4,0,120,101,20.000,20.005,0,116,116,5.798457,SUCCESS,sigmoid,
2026-06-09T13:49:04,95.0,32.3,sensor2_serial,3,0,4,0,120,100,20.000,20.004,0,89,89,4.449075,SUCCESS,sigmoid,
2026-06-09T13:49:24,95.0,32.3,sensor2_serial,3,0,4,0,120,99,20.000,20.004,0,87,87,4.349098,SUCCESS,sigmoid,
2026-06-09T13:49:44,95.0,32.3,sensor2_serial,3,0,4,0,120,98,20.000,20.004,0,86,86,4.299061,SUCCESS,sigmoid,
2026-06-09T13:50:04,95.0,32.3,sensor2_serial,3,0,4,0,120,97,20.000,20.004,0,78,78,3.899179,SUCCESS,sigmoid,
2026-06-09T13:50:25,95.0,32.3,sensor2_serial,3,0,4,0,120,96,20.000,20.004,0,65,65,3.249292,SUCCESS,sigmoid,
2026-06-09T13:50:45,95.0,32.3,sensor2_serial,3,0,4,0,120,95,20.000,20.005,0,93,93,4.648928,SUCCESS,sigmoid,
2026-06-09T13:51:05,95.0,32.3,sensor2_serial,3,0,4,0,120,94,20.000,20.005,0,70,70,3.499183,SUCCESS,sigmoid,
2026-06-09T13:51:25,95.0,32.3,sensor2_serial,3,0,4,0,120,93,20.000,20.005,0,62,62,3.099211,SUCCESS,sigmoid,
2026-06-09T13:51:45,95.0,32.3,sensor2_serial,3,0,4,0,120,92,20.000,20.005,0,60,60,2.999312,SUCCESS,sigmoid,
2026-06-09T13:52:05,95.0,32.3,sensor2_serial,3,0,4,0,120,91,20.000,20.005,0,45,45,2.249432,SUCCESS,sigmoid,
2026-06-09T13:52:25,95.0,32.3,sensor2_serial,3,0,4,0,120,90,20.000,20.004,0,49,49,2.449460,SUCCESS,sigmoid,
2026-06-09T13:52:45,95.0,32.3,sensor2_serial,3,0,4,0,120,89,20.000,20.005,0,59,59,2.949252,SUCCESS,sigmoid,
2026-06-09T13:53:05,95.0,32.3,sensor2_serial,3,0,4,0,120,88,20.000,20.004,0,43,43,2.149530,SUCCESS,sigmoid,
2026-06-09T13:53:25,95.0,32.3,sensor2_serial,3,0,4,0,120,87,20.000,20.005,0,36,36,1.799531,SUCCESS,sigmoid,
2026-06-09T13:53:45,95.0,32.3,sensor2_serial,3,0,4,0,120,86,20.000,20.005,0,39,39,1.949560,SUCCESS,sigmoid,
2026-06-09T13:54:05,95.0,32.3,sensor2_serial,3,0,4,0,120,85,20.000,20.005,0,23,23,1.149741,SUCCESS,sigmoid,
2026-06-09T13:54:25,95.0,32.3,sensor2_serial,3,0,4,0,120,84,20.000,20.006,0,25,25,1.249648,SUCCESS,sigmoid,
2026-06-09T13:54:45,95.0,32.3,sensor2_serial,3,0,4,0,120,83,20.000,20.004,0,24,24,1.199736,SUCCESS,sigmoid,
2026-06-09T13:55:05,95.0,32.3,sensor2_serial,3,0,4,0,120,82,20.000,20.005,0,21,21,1.049714,SUCCESS,sigmoid,
2026-06-09T13:55:25,95.0,32.3,sensor2_serial,3,0,4,0,120,81,20.000,20.004,0,22,22,1.099772,SUCCESS,sigmoid,
2026-06-09T13:55:45,95.0,32.3,sensor2_serial,3,0,4,0,120,80,20.000,20.005,0,21,21,1.049751,SUCCESS,sigmoid,
2026-06-09T13:56:06,95.0,32.3,sensor2_serial,3,0,4,0,120,79,20.000,20.005,0,19,19,0.949783,SUCCESS,sigmoid,
2026-06-09T13:56:26,95.0,32.3,sensor2_serial,3,0,4,0,120,78,20.000,20.004,0,11,11,0.549883,SUCCESS,sigmoid,
2026-06-09T13:56:46,95.0,32.3,sensor2_serial,3,0,4,0,120,77,20.000,20.004,0,9,9,0.449902,SUCCESS,sigmoid,
2026-06-09T13:57:06,95.0,32.3,sensor2_serial,3,0,4,0,120,76,20.000,20.004,0,8,8,0.399919,SUCCESS,sigmoid,
2026-06-09T13:57:26,95.0,32.3,sensor2_serial,3,0,4,0,120,75,20.000,20.004,0,6,6,0.299937,SUCCESS,sigmoid,
2026-06-09T13:57:46,95.0,32.3,sensor2_serial,3,0,4,0,120,74,20.000,20.004,0,5,5,0.249947,SUCCESS,sigmoid,
2026-06-09T13:58:06,95.0,32.3,sensor2_serial,3,0,4,0,120,73,20.000,20.005,0,7,7,0.349918,SUCCESS,sigmoid,
2026-06-09T13:58:26,95.0,32.3,sensor2_serial,3,0,4,0,120,72,20.000,20.005,0,2,2,0.099975,SUCCESS,sigmoid,
2026-06-09T13:58:46,95.0,32.3,sensor2_serial,3,0,4,0,120,71,20.000,20.005,0,3,3,0.149965,SUCCESS,sigmoid,
2026-06-09T13:59:06,95.0,32.3,sensor2_serial,3,0,4,0,120,70,20.000,20.005,0,3,3,0.149959,SUCCESS,sigmoid,
2026-06-09T13:59:26,95.0,32.3,sensor2_serial,3,0,4,0,120,69,20.000,20.004,0,3,3,0.149968,SUCCESS,sigmoid,
2026-06-09T13:59:46,95.0,32.3,sensor2_serial,3,0,4,0,120,68,20.000,20.005,0,1,1,0.049987,SUCCESS,sigmoid,
2026-06-09T14:00:06,95.0,32.3,sensor2_serial,3,0,4,0,120,67,20.000,20.004,0,1,1,0.049989,SUCCESS,sigmoid,
2026-06-09T14:00:26,95.0,32.3,sensor2_serial,3,0,4,0,120,66,20.000,20.004,0,3,3,0.149967,SUCCESS,sigmoid,
2026-06-09T14:00:46,95.0,32.3,sensor2_serial,3,0,4,0,120,65,20.000,20.005,0,1,1,0.049988,SUCCESS,sigmoid,
2026-06-09T14:01:06,95.0,32.3,sensor2_serial,3,0,4,0,120,64,20.000,20.004,0,0,0,0.000000,SUCCESS,sigmoid,
2026-06-09T14:01:26,95.0,32.3,sensor2_serial,3,0,4,0,120,63,20.000,20.005,0,1,1,0.049989,SUCCESS,sigmoid,
2026-06-09T14:01:47,95.0,32.3,sensor2_serial,3,0,4,0,120,62,20.000,20.004,0,1,1,0.049989,SUCCESS,sigmoid,
2026-06-09T14:02:07,95.0,32.3,sensor2_serial,3,0,4,0,120,61,20.000,20.005,0,0,0,0.000000,SUCCESS,sigmoid,
2026-06-09T14:02:27,95.0,32.3,sensor2_serial,3,0,4,0,120,60,20.000,20.004,0,0,0,0.000000,SUCCESS,sigmoid,
2026-06-09T14:02:47,95.0,32.3,sensor2_serial,3,0,4,0,120,59,20.000,20.004,0,0,0,0.000000,SUCCESS,sigmoid,
2026-06-09T14:03:07,95.0,32.3,sensor2_serial,3,0,4,0,120,58,20.000,20.004,0,0,0,0.000000,SUCCESS,sigmoid,
2026-06-09T14:03:27,95.0,32.3,sensor2_serial,3,0,4,0,120,57,20.000,20.004,0,0,0,0.000000,SUCCESS,sigmoid,
2026-06-09T14:03:47,95.0,32.3,sensor2_serial,3,0,4,0,120,56,20.000,20.004,0,0,0,0.000000,SUCCESS,sigmoid,
2026-06-09T14:04:07,95.0,32.3,sensor2_serial,3,0,4,0,120,55,20.000,20.005,0,1,1,0.049988,SUCCESS,sigmoid,
2026-06-09T14:04:27,95.0,32.3,sensor2_serial,3,0,4,0,120,54,20.000,20.005,0,0,0,0.000000,SUCCESS,sigmoid,
2026-06-09T14:04:47,95.0,32.3,sensor2_serial,3,0,4,0,120,53,20.000,20.006,0,0,0,0.000000,SUCCESS,sigmoid,
2026-06-09T14:05:07,95.0,32.3,sensor2_serial,3,0,4,0,120,52,20.000,20.005,0,0,0,0.000000,SUCCESS,sigmoid,
2026-06-09T14:05:27,95.0,32.3,sensor2_serial,3,0,4,0,120,51,20.000,20.004,0,1,1,0.049990,SUCCESS,sigmoid,
2026-06-09T14:05:47,95.0,32.3,sensor2_serial,3,0,4,0,120,50,20.000,20.005,0,0,0,0.000000,SUCCESS,sigmoid,
2026-06-09T14:06:07,95.0,32.3,sensor2_serial,3,0,4,0,120,49,20.000,20.005,0,0,0,0.000000,SUCCESS,sigmoid,
2026-06-09T14:06:27,95.0,32.3,sensor2_serial,3,0,4,0,120,48,20.000,20.005,0,0,0,0.000000,SUCCESS,sigmoid,
2026-06-09T14:06:47,95.0,32.3,sensor2_serial,3,0,4,0,120,47,20.000,20.004,0,0,0,0.000000,SUCCESS,sigmoid,
2026-06-09T14:07:07,95.0,32.3,sensor2_serial,3,0,4,0,120,46,20.000,20.004,0,0,0,0.000000,SUCCESS,sigmoid,
2026-06-09T14:07:28,95.0,32.3,sensor2_serial,3,0,4,0,120,45,20.000,20.005,0,0,0,0.000000,SUCCESS,sigmoid,
2026-06-09T14:07:48,95.0,32.3,sensor2_serial,3,0,4,0,120,44,20.000,20.005,0,0,0,0.000000,SUCCESS,sigmoid,
2026-06-09T14:08:08,95.0,32.3,sensor2_serial,3,0,4,0,120,43,20.000,20.005,0,0,0,0.000000,SUCCESS,sigmoid,
2026-06-09T14:08:28,95.0,32.3,sensor2_serial,3,0,4,0,120,42,20.000,20.005,0,0,0,0.000000,SUCCESS,sigmoid,
2026-06-09T14:08:48,95.0,32.3,sensor2_serial,3,0,4,0,120,41,20.000,20.005,0,0,0,0.000000,SUCCESS,sigmoid,
2026-06-09T14:09:08,95.0,32.3,sensor2_serial,3,0,4,0,120,40,20.000,20.005,0,0,0,0.000000,SUCCESS,sigmoid,
2026-06-09T14:09:28,95.0,32.3,sensor2_serial,3,0,4,0,120,39,20.000,20.005,0,0,0,0.000000,SUCCESS,sigmoid,
2026-06-09T14:09:48,95.0,32.3,sensor2_serial,3,0,4,0,120,38,20.000,20.005,0,0,0,0.000000,SUCCESS,sigmoid,
2026-06-09T14:10:08,95.0,32.3,sensor2_serial,3,0,4,0,120,37,20.000,20.004,0,0,0,0.000000,SUCCESS,sigmoid,
2026-06-09T14:10:28,95.0,32.3,sensor2_serial,3,0,4,0,120,36,20.000,20.005,0,0,0,0.000000,SUCCESS,sigmoid,
2026-06-09T14:10:48,95.0,32.3,sensor2_serial,3,0,4,0,120,35,20.000,20.004,0,0,0,0.000000,SUCCESS,sigmoid,
2026-06-09T14:11:08,95.0,32.3,sensor2_serial,3,0,4,0,120,34,20.000,20.005,0,0,0,0.000000,SUCCESS,sigmoid,
2026-06-09T14:11:28,95.0,32.3,sensor2_serial,3,0,4,0,120,33,20.000,20.004,0,0,0,0.000000,SUCCESS,sigmoid,
2026-06-09T14:11:48,95.0,32.3,sensor2_serial,3,0,4,0,120,32,20.000,20.004,0,0,0,0.000000,SUCCESS,sigmoid,
2026-06-09T14:12:08,95.0,32.3,sensor2_serial,3,0,4,0,120,31,20.000,20.004,0,0,0,0.000000,SUCCESS,sigmoid,
2026-06-09T14:12:28,95.0,32.3,sensor2_serial,3,1,5,1,120,255,20.000,20.006,0,1054588,1054588,52713.887354,SUCCESS,sigmoid,
2026-06-09T14:12:49,95.0,32.3,sensor2_serial,3,1,5,1,120,254,20.000,20.005,0,1460905,1460905,73027.434095,SUCCESS,sigmoid,
2026-06-09T14:13:09,95.0,32.3,sensor2_serial,3,1,5,1,120,253,20.000,20.006,0,1709392,1709392,85445.077573,SUCCESS,sigmoid,
2026-06-09T14:13:29,95.0,32.3,sensor2_serial,3,1,5,1,120,252,20.000,20.006,0,1798365,1798365,89891.861985,SUCCESS,sigmoid,
2026-06-09T14:13:49,95.0,32.3,sensor2_serial,3,1,5,1,120,251,20.000,20.004,0,1817419,1817419,90851.238833,SUCCESS,sigmoid,
2026-06-09T14:14:09,95.0,32.3,sensor2_serial,3,1,5,1,120,250,20.000,20.006,0,1888898,1888898,94418.338044,SUCCESS,sigmoid,
2026-06-09T14:14:29,95.0,32.3,sensor2_serial,3,1,5,1,120,249,20.000,20.005,0,1938255,1938255,96886.125571,SUCCESS,sigmoid,
2026-06-09T14:14:49,95.0,32.3,sensor2_serial,3,1,5,1,120,248,20.000,20.006,0,2184938,2184938,109215.573755,SUCCESS,sigmoid,
2026-06-09T14:15:09,95.0,32.3,sensor2_serial,3,1,5,1,120,247,20.000,20.005,0,2520873,2520873,126010.516804,SUCCESS,sigmoid,
2026-06-09T14:15:29,95.0,32.3,sensor2_serial,3,1,5,1,120,246,20.000,20.005,0,2917937,2917937,145857.731385,SUCCESS,sigmoid,
2026-06-09T14:15:49,95.0,32.3,sensor2_serial,3,1,5,1,120,245,20.000,20.005,0,3203053,3203053,160112.603755,SUCCESS,sigmoid,
2026-06-09T14:16:09,95.0,32.3,sensor2_serial,3,1,5,1,120,244,20.000,20.005,0,3076365,3076365,153776.422838,SUCCESS,sigmoid,
2026-06-09T14:16:29,95.0,32.3,sensor2_serial,3,1,5,1,120,243,20.000,20.005,0,2519798,2519798,125956.834973,SUCCESS,sigmoid,
2026-06-09T14:16:49,95.0,32.3,sensor2_serial,3,1,5,1,120,242,20.000,20.005,0,1765024,1765024,88227.341009,SUCCESS,sigmoid,
2026-06-09T14:17:09,95.0,32.3,sensor2_serial,3,1,5,1,120,241,20.000,20.006,0,1049269,1049269,52448.759409,SUCCESS,sigmoid,
2026-06-09T14:17:29,95.0,32.3,sensor2_serial,3,1,5,1,120,240,20.000,20.005,0,559705,559705,27977.815138,SUCCESS,sigmoid,
2026-06-09T14:17:49,95.0,32.3,sensor2_serial,3,1,5,1,120,239,20.000,20.005,0,435727,435727,21780.392243,SUCCESS,sigmoid,
2026-06-09T14:18:09,95.0,32.3,sensor2_serial,3,1,5,1,120,238,20.000,20.006,0,208499,208499,10421.922047,SUCCESS,sigmoid,
2026-06-09T14:18:30,95.0,32.3,sensor2_serial,3,1,5,1,120,237,20.000,20.005,0,84221,84221,4209.906161,SUCCESS,sigmoid,
2026-06-09T14:18:50,95.0,32.3,sensor2_serial,3,1,5,1,120,236,20.000,20.005,0,38563,38563,1927.620793,SUCCESS,sigmoid,
2026-06-09T14:19:10,95.0,32.3,sensor2_serial,3,1,5,1,120,235,20.000,20.006,0,13538,13538,676.708957,SUCCESS,sigmoid,
2026-06-09T14:19:30,95.0,32.3,sensor2_serial,3,1,5,1,120,234,20.000,20.005,0,5539,5539,276.877782,SUCCESS,sigmoid,
2026-06-09T14:19:50,95.0,32.3,sensor2_serial,3,1,5,1,120,233,20.000,20.005,0,1770,1770,88.479404,SUCCESS,sigmoid,
2026-06-09T14:20:10,95.0,32.3,sensor2_serial,3,1,5,1,120,232,20.000,20.004,0,682,682,34.092419,SUCCESS,sigmoid,
2026-06-09T14:20:30,95.0,32.3,sensor2_serial,3,1,5,1,120,231,20.000,20.004,0,479,479,23.944934,SUCCESS,sigmoid,
2026-06-09T14:20:50,95.0,32.3,sensor2_serial,3,1,5,1,120,230,20.000,20.005,0,304,304,15.196005,SUCCESS,sigmoid,
2026-06-09T14:21:10,95.0,32.3,sensor2_serial,3,1,5,1,120,229,20.000,20.005,0,257,257,12.846684,SUCCESS,sigmoid,
2026-06-09T14:21:30,95.0,32.3,sensor2_serial,3,1,5,1,120,228,20.000,20.005,0,229,229,11.447261,SUCCESS,sigmoid,
2026-06-09T14:21:50,95.0,32.3,sensor2_serial,3,1,5,1,120,227,20.000,20.005,0,205,205,10.247225,SUCCESS,sigmoid,
2026-06-09T14:22:10,95.0,32.3,sensor2_serial,3,1,5,1,120,226,20.000,20.005,0,226,226,11.297101,SUCCESS,sigmoid,
2026-06-09T14:22:30,95.0,32.3,sensor2_serial,3,1,5,1,120,225,20.000,20.005,0,210,210,10.497603,SUCCESS,sigmoid,
2026-06-09T14:22:50,95.0,32.3,sensor2_serial,3,1,5,1,120,224,20.000,20.005,0,201,201,10.047464,SUCCESS,sigmoid,
2026-06-09T14:23:10,95.0,32.3,sensor2_serial,3,1,5,1,120,223,20.000,20.004,0,201,201,10.047855,SUCCESS,sigmoid,
2026-06-09T14:23:30,95.0,32.3,sensor2_serial,3,1,5,1,120,222,20.000,20.005,0,224,224,11.197053,SUCCESS,sigmoid,
2026-06-09T14:23:50,95.0,32.3,sensor2_serial,3,1,5,1,120,221,20.000,20.005,0,207,207,10.347164,SUCCESS,sigmoid,
2026-06-09T14:24:11,95.0,32.3,sensor2_serial,3,1,5,1,120,220,20.000,20.005,0,207,207,10.347557,SUCCESS,sigmoid,
2026-06-09T14:24:31,95.0,32.3,sensor2_serial,3,1,5,1,120,219,20.000,20.005,0,197,197,9.847697,SUCCESS,sigmoid,
2026-06-09T14:24:51,95.0,32.3,sensor2_serial,3,1,5,1,120,218,20.000,20.005,0,201,201,10.047284,SUCCESS,sigmoid,
2026-06-09T14:25:11,95.0,32.3,sensor2_serial,3,1,5,1,120,217,20.000,20.005,0,188,188,9.397548,SUCCESS,sigmoid,
2026-06-09T14:25:31,95.0,32.3,sensor2_serial,3,1,5,1,120,216,20.000,20.005,0,210,210,10.497605,SUCCESS,sigmoid,
2026-06-09T14:25:51,95.0,32.3,sensor2_serial,3,1,5,1,120,215,20.000,20.005,0,196,196,9.797689,SUCCESS,sigmoid,
2026-06-09T14:26:11,95.0,32.3,sensor2_serial,3,1,5,1,120,214,20.000,20.005,0,203,203,10.147577,SUCCESS,sigmoid,
2026-06-09T14:26:31,95.0,32.3,sensor2_serial,3,1,5,1,120,213,20.000,20.005,0,211,211,10.547207,SUCCESS,sigmoid,
2026-06-09T14:26:51,95.0,32.3,sensor2_serial,3,1,5,1,120,212,20.000,20.005,0,198,198,9.897347,SUCCESS,sigmoid,
2026-06-09T14:27:11,95.0,32.3,sensor2_serial,3,1,5,1,120,211,20.000,20.004,0,230,230,11.497516,SUCCESS,sigmoid,
2026-06-09T14:27:31,95.0,32.3,sensor2_serial,3,1,5,1,120,210,20.000,20.004,0,227,227,11.347648,SUCCESS,sigmoid,
2026-06-09T14:27:51,95.0,32.3,sensor2_serial,3,1,5,1,120,209,20.000,20.005,0,206,206,10.297215,SUCCESS,sigmoid,
2026-06-09T14:28:11,95.0,32.3,sensor2_serial,3,1,5,1,120,208,20.000,20.005,0,195,195,9.747506,SUCCESS,sigmoid,
2026-06-09T14:28:31,95.0,32.3,sensor2_serial,3,1,5,1,120,207,20.000,20.005,0,212,212,10.597477,SUCCESS,sigmoid,
2026-06-09T14:28:51,95.0,32.3,sensor2_serial,3,1,5,1,120,206,20.000,20.004,0,198,198,9.897998,SUCCESS,sigmoid,
2026-06-09T14:29:11,95.0,32.3,sensor2_serial,3,1,5,1,120,205,20.000,20.005,0,210,210,10.497555,SUCCESS,sigmoid,
2026-06-09T14:29:32,95.0,32.3,sensor2_serial,3,1,5,1,120,204,20.000,20.005,0,221,221,11.047457,SUCCESS,sigmoid,
2026-06-09T14:29:52,95.0,32.3,sensor2_serial,3,1,5,1,120,203,20.000,20.004,0,198,198,9.897808,SUCCESS,sigmoid,
2026-06-09T14:30:12,95.0,32.3,sensor2_serial,3,1,5,1,120,202,20.000,20.004,0,179,179,8.948181,SUCCESS,sigmoid,
2026-06-09T14:30:32,95.0,32.3,sensor2_serial,3,1,5,1,120,201,20.000,20.005,0,176,176,8.798014,SUCCESS,sigmoid,
2026-06-09T14:30:52,95.0,32.3,sensor2_serial,3,1,5,1,120,200,20.000,20.004,0,200,200,9.997981,SUCCESS,sigmoid,
2026-06-09T14:31:12,95.0,32.3,sensor2_serial,3,1,5,1,120,199,20.000,20.004,0,196,196,9.797900,SUCCESS,sigmoid,
2026-06-09T14:31:32,95.0,32.3,sensor2_serial,3,1,5,1,120,198,20.000,20.005,0,222,222,11.097304,SUCCESS,sigmoid,
2026-06-09T14:31:52,95.0,32.3,sensor2_serial,3,1,5,1,120,197,20.000,20.005,0,181,181,9.047945,SUCCESS,sigmoid,
2026-06-09T14:32:12,95.0,32.3,sensor2_serial,3,1,5,1,120,196,20.000,20.005,0,209,209,10.447534,SUCCESS,sigmoid,
2026-06-09T14:32:32,95.0,32.3,sensor2_serial,3,1,5,1,120,195,20.000,20.005,0,206,206,10.297366,SUCCESS,sigmoid,
2026-06-09T14:32:52,95.0,32.3,sensor2_serial,3,1,5,1,120,194,20.000,20.005,0,227,227,11.347374,SUCCESS,sigmoid,
2026-06-09T14:33:12,95.0,32.3,sensor2_serial,3,1,5,1,120,193,20.000,20.004,0,211,211,10.547806,SUCCESS,sigmoid,
2026-06-09T14:33:32,95.0,32.3,sensor2_serial,3,1,5,1,120,192,20.000,20.005,0,192,192,9.597777,SUCCESS,sigmoid,
2026-06-09T14:33:52,95.0,32.3,sensor2_serial,3,1,5,1,120,191,20.000,20.005,0,203,203,10.147311,SUCCESS,sigmoid,
2026-06-09T14:34:12,95.0,32.3,sensor2_serial,3,1,5,1,120,190,20.000,20.004,0,202,202,10.097775,SUCCESS,sigmoid,
2026-06-09T14:34:32,95.0,32.3,sensor2_serial,3,1,5,1,120,189,20.000,20.005,0,200,200,9.997658,SUCCESS,sigmoid,
2026-06-09T14:34:52,95.0,32.3,sensor2_serial,3,1,5,1,120,188,20.000,20.005,0,184,184,9.197613,SUCCESS,sigmoid,
2026-06-09T14:35:13,95.0,32.3,sensor2_serial,3,1,5,1,120,187,20.000,20.005,0,198,198,9.897681,SUCCESS,sigmoid,
2026-06-09T14:35:33,95.0,32.3,sensor2_serial,3,1,5,1,120,186,20.000,20.005,0,200,200,9.997501,SUCCESS,sigmoid,
2026-06-09T14:35:53,95.0,32.3,sensor2_serial,3,1,5,1,120,185,20.000,20.005,0,183,183,9.147845,SUCCESS,sigmoid,
2026-06-09T14:36:13,95.0,32.3,sensor2_serial,3,1,5,1,120,184,20.000,20.006,0,213,213,10.646988,SUCCESS,sigmoid,
2026-06-09T14:36:33,95.0,32.3,sensor2_serial,3,1,5,1,120,183,20.000,20.006,0,220,220,10.996958,SUCCESS,sigmoid,
2026-06-09T14:36:53,95.0,32.3,sensor2_serial,3,1,5,1,120,182,20.000,20.005,0,205,205,10.247297,SUCCESS,sigmoid,
2026-06-09T14:37:13,95.0,32.3,sensor2_serial,3,1,5,1,120,181,20.000,20.004,0,178,178,8.898064,SUCCESS,sigmoid,
2026-06-09T14:37:33,95.0,32.3,sensor2_serial,3,1,5,1,120,180,20.000,20.006,0,196,196,9.797292,SUCCESS,sigmoid,
2026-06-09T14:37:53,95.0,32.3,sensor2_serial,3,1,5,1,120,179,20.000,20.005,0,155,155,7.748194,SUCCESS,sigmoid,
2026-06-09T14:38:13,95.0,32.3,sensor2_serial,3,1,5,1,120,178,20.000,20.005,0,213,213,10.647094,SUCCESS,sigmoid,
2026-06-09T14:38:33,95.0,32.3,sensor2_serial,3,1,5,1,120,177,20.000,20.004,0,164,164,8.198231,SUCCESS,sigmoid,
2026-06-09T14:38:53,95.0,32.3,sensor2_serial,3,1,5,1,120,176,20.000,20.005,0,184,184,9.197492,SUCCESS,sigmoid,
2026-06-09T14:39:13,95.0,32.3,sensor2_serial,3,1,5,1,120,175,20.000,20.005,0,192,192,9.597767,SUCCESS,sigmoid,
2026-06-09T14:39:33,95.0,32.3,sensor2_serial,3,1,5,1,120,174,20.000,20.006,0,179,179,8.947510,SUCCESS,sigmoid,
2026-06-09T14:39:53,95.0,32.3,sensor2_serial,3,1,5,1,120,173,20.000,20.005,0,179,179,8.947754,SUCCESS,sigmoid,
2026-06-09T14:40:13,95.0,32.3,sensor2_serial,3,1,5,1,120,172,20.000,20.005,0,192,192,9.597649,SUCCESS,sigmoid,
2026-06-09T14:40:33,95.0,32.3,sensor2_serial,3,1,5,1,120,171,20.000,20.005,0,186,186,9.297552,SUCCESS,sigmoid,
2026-06-09T14:40:54,95.0,32.3,sensor2_serial,3,1,5,1,120,170,20.000,20.005,0,207,207,10.347535,SUCCESS,sigmoid,
2026-06-09T14:41:14,95.0,32.3,sensor2_serial,3,1,5,1,120,169,20.000,20.005,0,189,189,9.447567,SUCCESS,sigmoid,
2026-06-09T14:41:34,95.0,32.3,sensor2_serial,3,1,5,1,120,168,20.000,20.005,0,205,205,10.247689,SUCCESS,sigmoid,
2026-06-09T14:41:54,95.0,32.3,sensor2_serial,3,1,5,1,120,167,20.000,20.005,0,198,198,9.897708,SUCCESS,sigmoid,
2026-06-09T14:42:14,95.0,32.3,sensor2_serial,3,1,5,1,120,166,20.000,20.005,0,195,195,9.747802,SUCCESS,sigmoid,
2026-06-09T14:42:34,95.0,32.3,sensor2_serial,3,1,5,1,120,165,20.000,20.005,0,215,215,10.747274,SUCCESS,sigmoid,
2026-06-09T14:42:54,95.0,32.3,sensor2_serial,3,1,5,1,120,164,20.000,20.005,0,189,189,9.447713,SUCCESS,sigmoid,
2026-06-09T14:43:14,95.0,32.3,sensor2_serial,3,1,5,1,120,163,20.000,20.005,0,192,192,9.597430,SUCCESS,sigmoid,
2026-06-09T14:43:34,95.0,32.3,sensor2_serial,3,1,5,1,120,162,20.000,20.004,0,182,182,9.097967,SUCCESS,sigmoid,
2026-06-09T14:43:54,95.0,32.3,sensor2_serial,3,1,5,1,120,161,20.000,20.005,0,187,187,9.347763,SUCCESS,sigmoid,
2026-06-09T14:44:14,95.0,32.3,sensor2_serial,3,1,5,1,120,160,20.000,20.005,0,195,195,9.747723,SUCCESS,sigmoid,
2026-06-09T14:44:34,95.0,32.3,sensor2_serial,3,1,5,1,120,159,20.000,20.004,0,194,194,9.697841,SUCCESS,sigmoid,
2026-06-09T14:44:54,95.0,32.3,sensor2_serial,3,1,5,1,120,158,20.000,20.005,0,190,190,9.497834,SUCCESS,sigmoid,
2026-06-09T14:45:14,95.0,32.3,sensor2_serial,3,1,5,1,120,157,20.000,20.004,0,181,181,9.047985,SUCCESS,sigmoid,
2026-06-09T14:45:34,95.0,32.3,sensor2_serial,3,1,5,1,120,156,20.000,20.005,0,186,186,9.297901,SUCCESS,sigmoid,
2026-06-09T14:45:54,95.0,32.3,sensor2_serial,3,1,5,1,120,155,20.000,20.005,0,206,206,10.297439,SUCCESS,sigmoid,
2026-06-09T14:46:14,95.0,32.3,sensor2_serial,3,1,5,1,120,154,20.000,20.005,0,185,185,9.247885,SUCCESS,sigmoid,
2026-06-09T14:46:35,95.0,32.3,sensor2_serial,3,1,5,1,120,153,20.000,20.005,0,211,211,10.547298,SUCCESS,sigmoid,
2026-06-09T14:46:55,95.0,32.3,sensor2_serial,3,1,5,1,120,152,20.000,20.005,0,182,182,9.097875,SUCCESS,sigmoid,
2026-06-09T14:47:15,95.0,32.3,sensor2_serial,3,1,5,1,120,151,20.000,20.004,0,182,182,9.097993,SUCCESS,sigmoid,
2026-06-09T14:47:35,95.0,32.3,sensor2_serial,3,1,5,1,120,150,20.000,20.004,0,210,210,10.497773,SUCCESS,sigmoid,
2026-06-09T14:47:55,95.0,32.3,sensor2_serial,3,1,5,1,120,149,20.000,20.005,0,197,197,9.847685,SUCCESS,sigmoid,
2026-06-09T14:48:15,95.0,32.3,sensor2_serial,3,1,5,1,120,148,20.000,20.004,0,200,200,9.997796,SUCCESS,sigmoid,
2026-06-09T14:48:35,95.0,32.3,sensor2_serial,3,1,5,1,120,147,20.000,20.004,0,204,204,10.197829,SUCCESS,sigmoid,
2026-06-09T14:48:55,95.0,32.3,sensor2_serial,3,1,5,1,120,146,20.000,20.005,0,161,161,8.047900,SUCCESS,sigmoid,
2026-06-09T14:49:15,95.0,32.3,sensor2_serial,3,1,5,1,120,145,20.000,20.005,0,195,195,9.747775,SUCCESS,sigmoid,
2026-06-09T14:49:35,95.0,32.3,sensor2_serial,3,1,5,1,120,144,20.000,20.004,0,178,178,8.897998,SUCCESS,sigmoid,
2026-06-09T14:49:55,95.0,32.3,sensor2_serial,3,1,5,1,120,143,20.000,20.004,0,203,203,10.147791,SUCCESS,sigmoid,
2026-06-09T14:50:15,95.0,32.3,sensor2_serial,3,1,5,1,120,142,20.000,20.005,0,181,181,9.047544,SUCCESS,sigmoid,
2026-06-09T14:50:35,95.0,32.3,sensor2_serial,3,1,5,1,120,141,20.000,20.005,0,193,193,9.647810,SUCCESS,sigmoid,
2026-06-09T14:50:55,95.0,32.3,sensor2_serial,3,1,5,1,120,140,20.000,20.004,0,170,170,8.498132,SUCCESS,sigmoid,
2026-06-09T14:51:15,95.0,32.3,sensor2_serial,3,1,5,1,120,139,20.000,20.005,0,172,172,8.597912,SUCCESS,sigmoid,
2026-06-09T14:51:35,95.0,32.3,sensor2_serial,3,1,5,1,120,138,20.000,20.004,0,168,168,8.398120,SUCCESS,sigmoid,
2026-06-09T14:51:55,95.0,32.3,sensor2_serial,3,1,5,1,120,137,20.000,20.005,0,162,162,8.097901,SUCCESS,sigmoid,
2026-06-09T14:52:16,95.0,32.3,sensor2_serial,3,1,5,1,120,136,20.000,20.004,0,162,162,8.098190,SUCCESS,sigmoid,
2026-06-09T14:52:36,95.0,32.3,sensor2_serial,3,1,5,1,120,135,20.000,20.005,0,185,185,9.247835,SUCCESS,sigmoid,
2026-06-09T14:52:56,95.0,32.3,sensor2_serial,3,1,5,1,120,134,20.000,20.005,0,168,168,8.397763,SUCCESS,sigmoid,
2026-06-09T14:53:16,95.0,32.3,sensor2_serial,3,1,5,1,120,133,20.000,20.005,0,188,188,9.397834,SUCCESS,sigmoid,
2026-06-09T14:53:36,95.0,32.3,sensor2_serial,3,1,5,1,120,132,20.000,20.005,0,158,158,7.898191,SUCCESS,sigmoid,
2026-06-09T14:53:56,95.0,32.3,sensor2_serial,3,1,5,1,120,131,20.000,20.005,0,189,189,9.447562,SUCCESS,sigmoid,
2026-06-09T14:54:16,95.0,32.3,sensor2_serial,3,1,5,1,120,130,20.000,20.004,0,168,168,8.398184,SUCCESS,sigmoid,
2026-06-09T14:54:36,95.0,32.3,sensor2_serial,3,1,5,1,120,129,20.000,20.005,0,213,213,10.647401,SUCCESS,sigmoid,
2026-06-09T14:54:56,95.0,32.3,sensor2_serial,3,1,5,1,120,128,20.000,20.004,0,169,169,8.448119,SUCCESS,sigmoid,
2026-06-09T14:55:16,95.0,32.3,sensor2_serial,3,1,5,1,120,127,20.000,20.005,0,173,173,8.648035,SUCCESS,sigmoid,
2026-06-09T14:55:36,95.0,32.3,sensor2_serial,3,1,5,1,120,126,20.000,20.004,0,156,156,7.798273,SUCCESS,sigmoid,
2026-06-09T14:55:56,95.0,32.3,sensor2_serial,3,1,5,1,120,125,20.000,20.005,0,156,156,7.798244,SUCCESS,sigmoid,
2026-06-09T14:56:16,95.0,32.3,sensor2_serial,3,1,5,1,120,124,20.000,20.004,0,159,159,7.948279,SUCCESS,sigmoid,
2026-06-09T14:56:36,95.0,32.3,sensor2_serial,3,1,5,1,120,123,20.000,20.005,0,198,198,9.897422,SUCCESS,sigmoid,
2026-06-09T14:56:56,95.0,32.3,sensor2_serial,3,1,5,1,120,122,20.000,20.005,0,162,162,8.097780,SUCCESS,sigmoid,
2026-06-09T14:57:16,95.0,32.3,sensor2_serial,3,1,5,1,120,121,20.000,20.005,0,155,155,7.747886,SUCCESS,sigmoid,
2026-06-09T14:57:36,95.0,32.3,sensor2_serial,3,1,5,1,120,120,20.000,20.005,0,152,152,7.597925,SUCCESS,sigmoid,
2026-06-09T14:57:57,95.0,32.3,sensor2_serial,3,1,5,1,120,119,20.000,20.004,0,167,167,8.348147,SUCCESS,sigmoid,
2026-06-09T14:58:17,95.0,32.3,sensor2_serial,3,1,5,1,120,118,20.000,20.004,0,160,160,7.998327,SUCCESS,sigmoid,
2026-06-09T14:58:37,95.0,32.3,sensor2_serial,3,1,5,1,120,117,20.000,20.005,0,150,150,7.497967,SUCCESS,sigmoid,
2026-06-09T14:58:57,95.0,32.3,sensor2_serial,3,1,5,1,120,116,20.000,20.004,0,162,162,8.098286,SUCCESS,sigmoid,
2026-06-09T14:59:17,95.0,32.3,sensor2_serial,3,1,5,1,120,115,20.000,20.004,0,152,152,7.598430,SUCCESS,sigmoid,
2026-06-09T14:59:37,95.0,32.3,sensor2_serial,3,1,5,1,120,114,20.000,20.004,0,148,148,7.398389,SUCCESS,sigmoid,
2026-06-09T14:59:57,95.0,32.3,sensor2_serial,3,1,5,1,120,113,20.000,20.006,0,149,149,7.447788,SUCCESS,sigmoid,
2026-06-09T15:00:17,95.0,32.3,sensor2_serial,3,1,5,1,120,112,20.000,20.004,0,141,141,7.048553,SUCCESS,sigmoid,
2026-06-09T15:00:37,95.0,32.3,sensor2_serial,3,1,5,1,120,111,20.000,20.005,0,129,129,6.448417,SUCCESS,sigmoid,
2026-06-09T15:00:57,95.0,32.3,sensor2_serial,3,1,5,1,120,110,20.000,20.005,0,120,120,5.998648,SUCCESS,sigmoid,
2026-06-09T15:01:17,95.0,32.3,sensor2_serial,3,1,5,1,120,109,20.000,20.005,0,151,151,7.548132,SUCCESS,sigmoid,
2026-06-09T15:01:37,95.0,32.3,sensor2_serial,3,1,5,1,120,108,20.000,20.005,0,151,151,7.548033,SUCCESS,sigmoid,
2026-06-09T15:01:57,95.0,32.3,sensor2_serial,3,1,5,1,120,107,20.000,20.005,0,117,117,5.848472,SUCCESS,sigmoid,
2026-06-09T15:02:17,95.0,32.3,sensor2_serial,3,1,5,1,120,106,20.000,20.005,0,106,106,5.298592,SUCCESS,sigmoid,
2026-06-09T15:02:37,95.0,32.3,sensor2_serial,3,1,5,1,120,105,20.000,20.005,0,142,142,7.098167,SUCCESS,sigmoid,
2026-06-09T15:02:57,95.0,32.3,sensor2_serial,3,1,5,1,120,104,20.000,20.005,0,123,123,6.148435,SUCCESS,sigmoid,
2026-06-09T15:03:18,95.0,32.3,sensor2_serial,3,1,5,1,120,103,20.000,20.005,0,113,113,5.648672,SUCCESS,sigmoid,
2026-06-09T15:03:38,95.0,32.3,sensor2_serial,3,1,5,1,120,102,20.000,20.005,0,127,127,6.348543,SUCCESS,sigmoid,
2026-06-09T15:03:58,95.0,32.3,sensor2_serial,3,1,5,1,120,101,20.000,20.005,0,104,104,5.198580,SUCCESS,sigmoid,
2026-06-09T15:04:18,95.0,32.3,sensor2_serial,3,1,5,1,120,100,20.000,20.006,0,109,109,5.448468,SUCCESS,sigmoid,
2026-06-09T15:04:38,95.0,32.3,sensor2_serial,3,1,5,1,120,99,20.000,20.004,0,110,110,5.498771,SUCCESS,sigmoid,
2026-06-09T15:04:58,95.0,32.3,sensor2_serial,3,1,5,1,120,98,20.000,20.005,0,107,107,5.348537,SUCCESS,sigmoid,
2026-06-09T15:05:18,95.0,32.3,sensor2_serial,3,1,5,1,120,97,20.000,20.005,0,93,93,4.648852,SUCCESS,sigmoid,
2026-06-09T15:05:38,95.0,32.3,sensor2_serial,3,1,5,1,120,96,20.000,20.005,0,98,98,4.898871,SUCCESS,sigmoid,
2026-06-09T15:05:58,95.0,32.3,sensor2_serial,3,1,5,1,120,95,20.000,20.005,0,83,83,4.149025,SUCCESS,sigmoid,
2026-06-09T15:06:18,95.0,32.3,sensor2_serial,3,1,5,1,120,94,20.000,20.004,0,88,88,4.399093,SUCCESS,sigmoid,
2026-06-09T15:06:38,95.0,32.3,sensor2_serial,3,1,5,1,120,93,20.000,20.004,0,75,75,3.749180,SUCCESS,sigmoid,
2026-06-09T15:06:58,95.0,32.3,sensor2_serial,3,1,5,1,120,92,20.000,20.004,0,75,75,3.749191,SUCCESS,sigmoid,
2026-06-09T15:07:18,95.0,32.3,sensor2_serial,3,1,5,1,120,91,20.000,20.005,0,64,64,3.199241,SUCCESS,sigmoid,
2026-06-09T15:07:38,95.0,32.3,sensor2_serial,3,1,5,1,120,90,20.000,20.004,0,65,65,3.249303,SUCCESS,sigmoid,
2026-06-09T15:07:58,95.0,32.3,sensor2_serial,3,1,5,1,120,89,20.000,20.004,0,53,53,2.649462,SUCCESS,sigmoid,
2026-06-09T15:08:18,95.0,32.3,sensor2_serial,3,1,5,1,120,88,20.000,20.004,0,53,53,2.649427,SUCCESS,sigmoid,
2026-06-09T15:08:38,95.0,32.3,sensor2_serial,3,1,5,1,120,87,20.000,20.006,0,47,47,2.349352,SUCCESS,sigmoid,
2026-06-09T15:08:59,95.0,32.3,sensor2_serial,3,1,5,1,120,86,20.000,20.005,0,47,47,2.349401,SUCCESS,sigmoid,
2026-06-09T15:09:19,95.0,32.3,sensor2_serial,3,1,5,1,120,85,20.000,20.004,0,40,40,1.999577,SUCCESS,sigmoid,
2026-06-09T15:09:39,95.0,32.3,sensor2_serial,3,1,5,1,120,84,20.000,20.005,0,55,55,2.749333,SUCCESS,sigmoid,
2026-06-09T15:09:59,95.0,32.3,sensor2_serial,3,1,5,1,120,83,20.000,20.005,0,33,33,1.649626,SUCCESS,sigmoid,
2026-06-09T15:10:19,95.0,32.3,sensor2_serial,3,1,5,1,120,82,20.000,20.005,0,35,35,1.749600,SUCCESS,sigmoid,
2026-06-09T15:10:39,95.0,32.3,sensor2_serial,3,1,5,1,120,81,20.000,20.005,0,28,28,1.399621,SUCCESS,sigmoid,
2026-06-09T15:10:59,95.0,32.3,sensor2_serial,3,1,5,1,120,80,20.000,20.004,0,19,19,0.949787,SUCCESS,sigmoid,
2026-06-09T15:11:19,95.0,32.3,sensor2_serial,3,1,5,1,120,79,20.000,20.004,0,24,24,1.199730,SUCCESS,sigmoid,
2026-06-09T15:11:39,95.0,32.3,sensor2_serial,3,1,5,1,120,78,20.000,20.005,0,25,25,1.249718,SUCCESS,sigmoid,
2026-06-09T15:11:59,95.0,32.3,sensor2_serial,3,1,5,1,120,77,20.000,20.004,0,21,21,1.049787,SUCCESS,sigmoid,
2026-06-09T15:12:19,95.0,32.3,sensor2_serial,3,1,5,1,120,76,20.000,20.005,0,15,15,0.749822,SUCCESS,sigmoid,
2026-06-09T15:12:39,95.0,32.3,sensor2_serial,3,1,5,1,120,75,20.000,20.006,0,13,13,0.649802,SUCCESS,sigmoid,
2026-06-09T15:12:59,95.0,32.3,sensor2_serial,3,1,5,1,120,74,20.000,20.005,0,11,11,0.549859,SUCCESS,sigmoid,
2026-06-09T15:13:19,95.0,32.3,sensor2_serial,3,1,5,1,120,73,20.000,20.004,0,7,7,0.349926,SUCCESS,sigmoid,
2026-06-09T15:13:39,95.0,32.3,sensor2_serial,3,1,5,1,120,72,20.000,20.004,0,7,7,0.349926,SUCCESS,sigmoid,
2026-06-09T15:13:59,95.0,32.3,sensor2_serial,3,1,5,1,120,71,20.000,20.004,0,8,8,0.399914,SUCCESS,sigmoid,
2026-06-09T15:14:19,95.0,32.3,sensor2_serial,3,1,5,1,120,70,20.000,20.005,0,5,5,0.249942,SUCCESS,sigmoid,
2026-06-09T15:14:40,95.0,32.3,sensor2_serial,3,1,5,1,120,69,20.000,20.006,0,4,4,0.199944,SUCCESS,sigmoid,
2026-06-09T15:15:00,95.0,32.3,sensor2_serial,3,1,5,1,120,68,20.000,20.005,0,2,2,0.099977,SUCCESS,sigmoid,
2026-06-09T15:15:20,95.0,32.3,sensor2_serial,3,1,5,1,120,67,20.000,20.004,0,4,4,0.199957,SUCCESS,sigmoid,
2026-06-09T15:15:40,95.0,32.3,sensor2_serial,3,1,5,1,120,66,20.000,20.005,0,0,0,0.000000,SUCCESS,sigmoid,
2026-06-09T15:16:00,95.0,32.3,sensor2_serial,3,1,5,1,120,65,20.000,20.005,0,2,2,0.099977,SUCCESS,sigmoid,
2026-06-09T15:16:20,95.0,32.3,sensor2_serial,3,1,5,1,120,64,20.000,20.004,0,1,1,0.049989,SUCCESS,sigmoid,
2026-06-09T15:16:40,95.0,32.3,sensor2_serial,3,1,5,1,120,63,20.000,20.005,0,1,1,0.049986,SUCCESS,sigmoid,
2026-06-09T15:17:00,95.0,32.3,sensor2_serial,3,1,5,1,120,62,20.000,20.004,0,0,0,0.000000,SUCCESS,sigmoid,
2026-06-09T15:17:20,95.0,32.3,sensor2_serial,3,1,5,1,120,61,20.000,20.004,0,0,0,0.000000,SUCCESS,sigmoid,
2026-06-09T15:17:40,95.0,32.3,sensor2_serial,3,1,5,1,120,60,20.000,20.005,0,1,1,0.049988,SUCCESS,sigmoid,
2026-06-09T15:18:00,95.0,32.3,sensor2_serial,3,1,5,1,120,59,20.000,20.005,0,0,0,0.000000,SUCCESS,sigmoid,
2026-06-09T15:18:20,95.0,32.3,sensor2_serial,3,1,5,1,120,58,20.000,20.005,0,0,0,0.000000,SUCCESS,sigmoid,
2026-06-09T15:18:40,95.0,32.3,sensor2_serial,3,1,5,1,120,57,20.000,20.004,0,1,1,0.049989,SUCCESS,sigmoid,
2026-06-09T15:19:00,95.0,32.3,sensor2_serial,3,1,5,1,120,56,20.000,20.005,0,0,0,0.000000,SUCCESS,sigmoid,
2026-06-09T15:19:20,95.0,32.3,sensor2_serial,3,1,5,1,120,55,20.000,20.005,0,0,0,0.000000,SUCCESS,sigmoid,
2026-06-09T15:19:40,95.0,32.3,sensor2_serial,3,1,5,1,120,54,20.000,20.004,0,0,0,0.000000,SUCCESS,sigmoid,
2026-06-09T15:20:00,95.0,32.3,sensor2_serial,3,1,5,1,120,53,20.000,20.004,0,0,0,0.000000,SUCCESS,sigmoid,
2026-06-09T15:20:21,95.0,32.3,sensor2_serial,3,1,5,1,120,52,20.000,20.004,0,0,0,0.000000,SUCCESS,sigmoid,
2026-06-09T15:20:41,95.0,32.3,sensor2_serial,3,1,5,1,120,51,20.000,20.004,0,0,0,0.000000,SUCCESS,sigmoid,
2026-06-09T15:21:01,95.0,32.3,sensor2_serial,3,1,5,1,120,50,20.000,20.004,0,0,0,0.000000,SUCCESS,sigmoid,
2026-06-09T15:21:21,95.0,32.3,sensor2_serial,3,1,5,1,120,49,20.000,20.005,0,0,0,0.000000,SUCCESS,sigmoid,
2026-06-09T15:21:41,95.0,32.3,sensor2_serial,3,1,5,1,120,48,20.000,20.004,0,0,0,0.000000,SUCCESS,sigmoid,
2026-06-09T15:22:01,95.0,32.3,sensor2_serial,3,1,5,1,120,47,20.000,20.005,0,0,0,0.000000,SUCCESS,sigmoid,
2026-06-09T15:22:21,95.0,32.3,sensor2_serial,3,1,5,1,120,46,20.000,20.004,0,0,0,0.000000,SUCCESS,sigmoid,
2026-06-09T15:22:41,95.0,32.3,sensor2_serial,3,1,5,1,120,45,20.000,20.007,0,0,0,0.000000,SUCCESS,sigmoid,
2026-06-09T15:23:01,95.0,32.3,sensor2_serial,3,1,5,1,120,44,20.000,20.005,0,0,0,0.000000,SUCCESS,sigmoid,
2026-06-09T15:23:21,95.0,32.3,sensor2_serial,3,1,5,1,120,43,20.000,20.005,0,0,0,0.000000,SUCCESS,sigmoid,
2026-06-09T15:23:41,95.0,32.3,sensor2_serial,3,1,5,1,120,42,20.000,20.005,0,0,0,0.000000,SUCCESS,sigmoid,
2026-06-09T15:24:01,95.0,32.3,sensor2_serial,3,1,5,1,120,41,20.000,20.004,0,0,0,0.000000,SUCCESS,sigmoid,
2026-06-09T15:24:21,95.0,32.3,sensor2_serial,3,1,5,1,120,40,20.000,20.005,0,0,0,0.000000,SUCCESS,sigmoid,
2026-06-09T15:24:41,95.0,32.3,sensor2_serial,3,1,5,1,120,39,20.000,20.005,0,0,0,0.000000,SUCCESS,sigmoid,
2026-06-09T15:25:01,95.0,32.3,sensor2_serial,3,1,5,1,120,38,20.000,20.004,0,0,0,0.000000,SUCCESS,sigmoid,
2026-06-09T15:25:21,95.0,32.3,sensor2_serial,3,1,5,1,120,37,20.000,20.004,0,0,0,0.000000,SUCCESS,sigmoid,
2026-06-09T15:25:41,95.0,32.3,sensor2_serial,3,2,6,2,120,255,20.000,20.005,0,1923670,1923670,96157.964047,SUCCESS,sigmoid,
2026-06-09T15:26:02,95.0,32.3,sensor2_serial,3,2,6,2,120,254,20.000,20.005,0,2021664,2021664,101055.656258,SUCCESS,sigmoid,
2026-06-09T15:26:22,95.0,32.3,sensor2_serial,3,2,6,2,120,253,20.000,20.005,0,2270379,2270379,113489.612329,SUCCESS,sigmoid,
2026-06-09T15:26:42,95.0,32.3,sensor2_serial,3,2,6,2,120,252,20.000,20.006,0,2454841,2454841,122707.975698,SUCCESS,sigmoid,
2026-06-09T15:27:02,95.0,32.3,sensor2_serial,3,2,6,2,120,251,20.000,20.006,0,3044823,3044823,152198.712353,SUCCESS,sigmoid,
2026-06-09T15:27:22,95.0,32.3,sensor2_serial,3,2,6,2,120,250,20.000,20.005,0,3271373,3271373,163531.532514,SUCCESS,sigmoid,
2026-06-09T15:27:42,95.0,32.3,sensor2_serial,3,2,6,2,120,249,20.000,20.005,0,3221296,3221296,161023.036477,SUCCESS,sigmoid,
2026-06-09T15:28:02,95.0,32.3,sensor2_serial,3,2,6,2,120,248,20.000,20.006,0,2796981,2796981,139805.669718,SUCCESS,sigmoid,
2026-06-09T15:28:22,95.0,32.3,sensor2_serial,3,2,6,2,120,247,20.000,20.006,0,2262980,2262980,113116.713911,SUCCESS,sigmoid,
2026-06-09T15:28:42,95.0,32.3,sensor2_serial,3,2,6,2,120,246,20.000,20.005,0,1630118,1630118,81486.397332,SUCCESS,sigmoid,
2026-06-09T15:29:02,95.0,32.3,sensor2_serial,3,2,6,2,120,245,20.000,20.005,0,873654,873654,43670.759089,SUCCESS,sigmoid,
2026-06-09T15:29:22,95.0,32.3,sensor2_serial,3,2,6,2,120,244,20.000,20.005,0,505225,505225,25254.549660,SUCCESS,sigmoid,
2026-06-09T15:29:42,95.0,32.3,sensor2_serial,3,2,6,2,120,243,20.000,20.005,0,185741,185741,9284.625746,SUCCESS,sigmoid,
2026-06-09T15:30:02,95.0,32.3,sensor2_serial,3,2,6,2,120,242,20.000,20.005,0,101487,101487,5073.165501,SUCCESS,sigmoid,
2026-06-09T15:30:22,95.0,32.3,sensor2_serial,3,2,6,2,120,241,20.000,20.006,0,41493,41493,2074.026700,SUCCESS,sigmoid,
2026-06-09T15:30:42,95.0,32.3,sensor2_serial,3,2,6,2,120,240,20.000,20.006,0,15659,15659,782.732394,SUCCESS,sigmoid,
2026-06-09T15:31:02,95.0,32.3,sensor2_serial,3,2,6,2,120,239,20.000,20.004,0,7209,7209,360.373222,SUCCESS,sigmoid,
2026-06-09T15:31:23,95.0,32.3,sensor2_serial,3,2,6,2,120,238,20.000,20.005,0,2775,2775,138.716631,SUCCESS,sigmoid,
2026-06-09T15:31:43,95.0,32.3,sensor2_serial,3,2,6,2,120,237,20.000,20.005,0,1043,1043,52.136193,SUCCESS,sigmoid,
2026-06-09T15:32:03,95.0,32.3,sensor2_serial,3,2,6,2,120,236,20.000,20.005,0,563,563,28.142752,SUCCESS,sigmoid,
2026-06-09T15:32:23,95.0,32.3,sensor2_serial,3,2,6,2,120,235,20.000,20.005,0,310,310,15.496353,SUCCESS,sigmoid,
2026-06-09T15:32:43,95.0,32.3,sensor2_serial,3,2,6,2,120,234,20.000,20.005,0,249,249,12.447101,SUCCESS,sigmoid,
2026-06-09T15:33:03,95.0,32.3,sensor2_serial,3,2,6,2,120,233,20.000,20.005,0,221,221,11.047097,SUCCESS,sigmoid,
2026-06-09T15:33:23,95.0,32.3,sensor2_serial,3,2,6,2,120,232,20.000,20.005,0,220,220,10.997464,SUCCESS,sigmoid,
2026-06-09T15:33:43,95.0,32.3,sensor2_serial,3,2,6,2,120,231,20.000,20.004,0,220,220,10.997555,SUCCESS,sigmoid,
2026-06-09T15:34:03,95.0,32.3,sensor2_serial,3,2,6,2,120,230,20.000,20.005,0,235,235,11.747141,SUCCESS,sigmoid,
2026-06-09T15:34:23,95.0,32.3,sensor2_serial,3,2,6,2,120,229,20.000,20.005,0,202,202,10.097344,SUCCESS,sigmoid,
2026-06-09T15:34:43,95.0,32.3,sensor2_serial,3,2,6,2,120,228,20.000,20.005,0,219,219,10.947378,SUCCESS,sigmoid,
2026-06-09T15:35:03,95.0,32.3,sensor2_serial,3,2,6,2,120,227,20.000,20.005,0,217,217,10.847084,SUCCESS,sigmoid,
2026-06-09T15:35:23,95.0,32.3,sensor2_serial,3,2,6,2,120,226,20.000,20.004,0,229,229,11.447433,SUCCESS,sigmoid,
2026-06-09T15:35:43,95.0,32.3,sensor2_serial,3,2,6,2,120,225,20.000,20.004,0,217,217,10.847590,SUCCESS,sigmoid,
2026-06-09T15:36:03,95.0,32.3,sensor2_serial,3,2,6,2,120,224,20.000,20.005,0,206,206,10.297617,SUCCESS,sigmoid,
2026-06-09T15:36:23,95.0,32.3,sensor2_serial,3,2,6,2,120,223,20.000,20.004,0,240,240,11.997339,SUCCESS,sigmoid,
2026-06-09T15:36:43,95.0,32.3,sensor2_serial,3,2,6,2,120,222,20.000,20.005,0,221,221,11.047195,SUCCESS,sigmoid,
2026-06-09T15:37:04,95.0,32.3,sensor2_serial,3,2,6,2,120,221,20.000,20.005,0,206,206,10.297568,SUCCESS,sigmoid,
2026-06-09T15:37:24,95.0,32.3,sensor2_serial,3,2,6,2,120,220,20.000,20.005,0,200,200,9.997697,SUCCESS,sigmoid,
2026-06-09T15:37:44,95.0,32.3,sensor2_serial,3,2,6,2,120,219,20.000,20.005,0,217,217,10.847147,SUCCESS,sigmoid,
2026-06-09T15:38:04,95.0,32.3,sensor2_serial,3,2,6,2,120,218,20.000,20.004,0,213,213,10.647626,SUCCESS,sigmoid,
2026-06-09T15:38:24,95.0,32.3,sensor2_serial,3,2,6,2,120,217,20.000,20.004,0,206,206,10.297789,SUCCESS,sigmoid,
2026-06-09T15:38:44,95.0,32.3,sensor2_serial,3,2,6,2,120,216,20.000,20.005,0,213,213,10.647158,SUCCESS,sigmoid,
2026-06-09T15:39:04,95.0,32.3,sensor2_serial,3,2,6,2,120,215,20.000,20.005,0,191,191,9.547781,SUCCESS,sigmoid,
2026-06-09T15:39:24,95.0,32.3,sensor2_serial,3,2,6,2,120,214,20.000,20.004,0,218,218,10.897596,SUCCESS,sigmoid,
2026-06-09T15:39:44,95.0,32.3,sensor2_serial,3,2,6,2,120,213,20.000,20.004,0,216,216,10.797704,SUCCESS,sigmoid,
2026-06-09T15:40:04,95.0,32.3,sensor2_serial,3,2,6,2,120,212,20.000,20.005,0,198,198,9.897395,SUCCESS,sigmoid,
2026-06-09T15:40:24,95.0,32.3,sensor2_serial,3,2,6,2,120,211,20.000,20.005,0,211,211,10.547246,SUCCESS,sigmoid,
2026-06-09T15:40:44,95.0,32.3,sensor2_serial,3,2,6,2,120,210,20.000,20.005,0,205,205,10.247192,SUCCESS,sigmoid,
2026-06-09T15:41:04,95.0,32.3,sensor2_serial,3,2,6,2,120,209,20.000,20.005,0,210,210,10.497234,SUCCESS,sigmoid,
2026-06-09T15:41:24,95.0,32.3,sensor2_serial,3,2,6,2,120,208,20.000,20.005,0,207,207,10.347572,SUCCESS,sigmoid,
2026-06-09T15:41:44,95.0,32.3,sensor2_serial,3,2,6,2,120,207,20.000,20.005,0,221,221,11.047183,SUCCESS,sigmoid,
2026-06-09T15:42:04,95.0,32.3,sensor2_serial,3,2,6,2,120,206,20.000,20.004,0,197,197,9.847855,SUCCESS,sigmoid,
2026-06-09T15:42:24,95.0,32.3,sensor2_serial,3,2,6,2,120,205,20.000,20.005,0,224,224,11.197409,SUCCESS,sigmoid,
2026-06-09T15:42:45,95.0,32.3,sensor2_serial,3,2,6,2,120,204,20.000,20.004,0,189,189,9.448082,SUCCESS,sigmoid,
2026-06-09T15:43:05,95.0,32.3,sensor2_serial,3,2,6,2,120,203,20.000,20.004,0,218,218,10.897681,SUCCESS,sigmoid,
2026-06-09T15:43:25,95.0,32.3,sensor2_serial,3,2,6,2,120,202,20.000,20.005,0,202,202,10.097606,SUCCESS,sigmoid,
2026-06-09T15:43:45,95.0,32.3,sensor2_serial,3,2,6,2,120,201,20.000,20.005,0,190,190,9.497428,SUCCESS,sigmoid,
2026-06-09T15:44:05,95.0,32.3,sensor2_serial,3,2,6,2,120,200,20.000,20.005,0,195,195,9.747341,SUCCESS,sigmoid,
2026-06-09T15:44:25,95.0,32.3,sensor2_serial,3,2,6,2,120,199,20.000,20.005,0,204,204,10.197293,SUCCESS,sigmoid,
2026-06-09T15:44:45,95.0,32.3,sensor2_serial,3,2,6,2,120,198,20.000,20.005,0,192,192,9.597829,SUCCESS,sigmoid,
2026-06-09T15:45:05,95.0,32.3,sensor2_serial,3,2,6,2,120,197,20.000,20.005,0,199,199,9.947573,SUCCESS,sigmoid,
2026-06-09T15:45:25,95.0,32.3,sensor2_serial,3,2,6,2,120,196,20.000,20.005,0,175,175,8.747743,SUCCESS,sigmoid,
2026-06-09T15:45:45,95.0,32.3,sensor2_serial,3,2,6,2,120,195,20.000,20.005,0,184,184,9.197927,SUCCESS,sigmoid,
2026-06-09T15:46:05,95.0,32.3,sensor2_serial,3,2,6,2,120,194,20.000,20.005,0,194,194,9.697628,SUCCESS,sigmoid,
2026-06-09T15:46:25,95.0,32.3,sensor2_serial,3,2,6,2,120,193,20.000,20.005,0,192,192,9.597476,SUCCESS,sigmoid,
2026-06-09T15:46:45,95.0,32.3,sensor2_serial,3,2,6,2,120,192,20.000,20.005,0,209,209,10.447198,SUCCESS,sigmoid,
2026-06-09T15:47:05,95.0,32.3,sensor2_serial,3,2,6,2,120,191,20.000,20.005,0,226,226,11.296912,SUCCESS,sigmoid,
2026-06-09T15:47:25,95.0,32.3,sensor2_serial,3,2,6,2,120,190,20.000,20.005,0,221,221,11.047430,SUCCESS,sigmoid,
2026-06-09T15:47:45,95.0,32.3,sensor2_serial,3,2,6,2,120,189,20.000,20.004,0,208,208,10.397893,SUCCESS,sigmoid,
2026-06-09T15:48:05,95.0,32.3,sensor2_serial,3,2,6,2,120,188,20.000,20.004,0,211,211,10.547650,SUCCESS,sigmoid,
2026-06-09T15:48:26,95.0,32.3,sensor2_serial,3,2,6,2,120,187,20.000,20.005,0,233,233,11.647061,SUCCESS,sigmoid,
2026-06-09T15:48:46,95.0,32.3,sensor2_serial,3,2,6,2,120,186,20.000,20.004,0,205,205,10.247764,SUCCESS,sigmoid,
2026-06-09T15:49:06,95.0,32.3,sensor2_serial,3,2,6,2,120,185,20.000,20.004,0,190,190,9.497991,SUCCESS,sigmoid,
2026-06-09T15:49:26,95.0,32.3,sensor2_serial,3,2,6,2,120,184,20.000,20.004,0,199,199,9.947954,SUCCESS,sigmoid,
2026-06-09T15:49:46,95.0,32.3,sensor2_serial,3,2,6,2,120,183,20.000,20.005,0,198,198,9.897388,SUCCESS,sigmoid,
2026-06-09T15:50:06,95.0,32.3,sensor2_serial,3,2,6,2,120,182,20.000,20.004,0,209,209,10.447829,SUCCESS,sigmoid,
2026-06-09T15:50:26,95.0,32.3,sensor2_serial,3,2,6,2,120,181,20.000,20.005,0,204,204,10.197287,SUCCESS,sigmoid,
2026-06-09T15:50:46,95.0,32.3,sensor2_serial,3,2,6,2,120,180,20.000,20.005,0,182,182,9.097912,SUCCESS,sigmoid,
2026-06-09T15:51:06,95.0,32.3,sensor2_serial,3,2,6,2,120,179,20.000,20.005,0,197,197,9.847658,SUCCESS,sigmoid,
2026-06-09T15:51:26,95.0,32.3,sensor2_serial,3,2,6,2,120,178,20.000,20.005,0,189,189,9.447706,SUCCESS,sigmoid,
2026-06-09T15:51:46,95.0,32.3,sensor2_serial,3,2,6,2,120,177,20.000,20.005,0,211,211,10.547359,SUCCESS,sigmoid,
2026-06-09T15:52:06,95.0,32.3,sensor2_serial,3,2,6,2,120,176,20.000,20.005,0,190,190,9.497408,SUCCESS,sigmoid,
2026-06-09T15:52:26,95.0,32.3,sensor2_serial,3,2,6,2,120,175,20.000,20.004,0,193,193,9.647946,SUCCESS,sigmoid,
2026-06-09T15:52:46,95.0,32.3,sensor2_serial,3,2,6,2,120,174,20.000,20.004,0,212,212,10.597688,SUCCESS,sigmoid,
2026-06-09T15:53:06,95.0,32.3,sensor2_serial,3,2,6,2,120,173,20.000,20.004,0,184,184,9.198058,SUCCESS,sigmoid,
2026-06-09T15:53:26,95.0,32.3,sensor2_serial,3,2,6,2,120,172,20.000,20.005,0,201,201,10.047353,SUCCESS,sigmoid,
2026-06-09T15:53:47,95.0,32.3,sensor2_serial,3,2,6,2,120,171,20.000,20.005,0,185,185,9.247779,SUCCESS,sigmoid,
2026-06-09T15:54:07,95.0,32.3,sensor2_serial,3,2,6,2,120,170,20.000,20.005,0,166,166,8.298090,SUCCESS,sigmoid,
2026-06-09T15:54:27,95.0,32.3,sensor2_serial,3,2,6,2,120,169,20.000,20.005,0,182,182,9.097634,SUCCESS,sigmoid,
2026-06-09T15:54:47,95.0,32.3,sensor2_serial,3,2,6,2,120,168,20.000,20.004,0,196,196,9.797893,SUCCESS,sigmoid,
2026-06-09T15:55:07,95.0,32.3,sensor2_serial,3,2,6,2,120,167,20.000,20.004,0,195,195,9.747853,SUCCESS,sigmoid,
2026-06-09T15:55:27,95.0,32.3,sensor2_serial,3,2,6,2,120,166,20.000,20.004,0,195,195,9.747896,SUCCESS,sigmoid,
2026-06-09T15:55:47,95.0,32.3,sensor2_serial,3,2,6,2,120,165,20.000,20.005,0,189,189,9.447800,SUCCESS,sigmoid,
2026-06-09T15:56:07,95.0,32.3,sensor2_serial,3,2,6,2,120,164,20.000,20.005,0,157,157,7.847898,SUCCESS,sigmoid,
2026-06-09T15:56:27,95.0,32.3,sensor2_serial,3,2,6,2,120,163,20.000,20.004,0,193,193,9.647967,SUCCESS,sigmoid,
2026-06-09T15:56:47,95.0,32.3,sensor2_serial,3,2,6,2,120,162,20.000,20.005,0,178,178,8.897793,SUCCESS,sigmoid,
2026-06-09T15:57:07,95.0,32.3,sensor2_serial,3,2,6,2,120,161,20.000,20.005,0,192,192,9.597540,SUCCESS,sigmoid,
2026-06-09T15:57:27,95.0,32.3,sensor2_serial,3,2,6,2,120,160,20.000,20.005,0,201,201,10.047263,SUCCESS,sigmoid,
2026-06-09T15:57:47,95.0,32.3,sensor2_serial,3,2,6,2,120,159,20.000,20.005,0,190,190,9.497507,SUCCESS,sigmoid,
2026-06-09T15:58:07,95.0,32.3,sensor2_serial,3,2,6,2,120,158,20.000,20.004,0,192,192,9.598024,SUCCESS,sigmoid,
2026-06-09T15:58:27,95.0,32.3,sensor2_serial,3,2,6,2,120,157,20.000,20.004,0,211,211,10.547748,SUCCESS,sigmoid,
2026-06-09T15:58:47,95.0,32.3,sensor2_serial,3,2,6,2,120,156,20.000,20.005,0,181,181,9.047659,SUCCESS,sigmoid,
2026-06-09T15:59:07,95.0,32.3,sensor2_serial,3,2,6,2,120,155,20.000,20.005,0,180,180,8.997857,SUCCESS,sigmoid,
2026-06-09T15:59:28,95.0,32.3,sensor2_serial,3,2,6,2,120,154,20.000,20.006,0,230,230,11.496754,SUCCESS,sigmoid,
2026-06-09T15:59:48,95.0,32.3,sensor2_serial,3,2,6,2,120,153,20.000,20.004,0,200,200,9.997988,SUCCESS,sigmoid,
2026-06-09T16:00:08,95.0,32.3,sensor2_serial,3,2,6,2,120,152,20.000,20.005,0,170,170,8.497825,SUCCESS,sigmoid,
2026-06-09T16:00:28,95.0,32.3,sensor2_serial,3,2,6,2,120,151,20.000,20.005,0,178,178,8.897866,SUCCESS,sigmoid,
2026-06-09T16:00:48,95.0,32.3,sensor2_serial,3,2,6,2,120,150,20.000,20.005,0,173,173,8.647894,SUCCESS,sigmoid,
2026-06-09T16:01:08,95.0,32.3,sensor2_serial,3,2,6,2,120,149,20.000,20.005,0,171,171,8.547983,SUCCESS,sigmoid,
2026-06-09T16:01:28,95.0,32.3,sensor2_serial,3,2,6,2,120,148,20.000,20.006,0,185,185,9.247374,SUCCESS,sigmoid,
2026-06-09T16:01:48,95.0,32.3,sensor2_serial,3,2,6,2,120,147,20.000,20.005,0,156,156,7.797857,SUCCESS,sigmoid,
2026-06-09T16:02:08,95.0,32.3,sensor2_serial,3,2,6,2,120,146,20.000,20.005,0,171,171,8.548016,SUCCESS,sigmoid,
2026-06-09T16:02:28,95.0,32.3,sensor2_serial,3,2,6,2,120,145,20.000,20.005,0,175,175,8.747647,SUCCESS,sigmoid,
2026-06-09T16:02:48,95.0,32.3,sensor2_serial,3,2,6,2,120,144,20.000,20.005,0,183,183,9.147883,SUCCESS,sigmoid,
2026-06-09T16:03:08,95.0,32.3,sensor2_serial,3,2,6,2,120,143,20.000,20.005,0,209,209,10.447596,SUCCESS,sigmoid,
2026-06-09T16:03:28,95.0,32.3,sensor2_serial,3,2,6,2,120,142,20.000,20.005,0,163,163,8.148162,SUCCESS,sigmoid,
2026-06-09T16:03:48,95.0,32.3,sensor2_serial,3,2,6,2,120,141,20.000,20.004,0,200,200,9.997867,SUCCESS,sigmoid,
2026-06-09T16:04:08,95.0,32.3,sensor2_serial,3,2,6,2,120,140,20.000,20.005,0,169,169,8.448054,SUCCESS,sigmoid,
2026-06-09T16:04:28,95.0,32.3,sensor2_serial,3,2,6,2,120,139,20.000,20.004,0,180,180,8.997988,SUCCESS,sigmoid,
2026-06-09T16:04:48,95.0,32.3,sensor2_serial,3,2,6,2,120,138,20.000,20.005,0,153,153,7.647927,SUCCESS,sigmoid,
2026-06-09T16:05:09,95.0,32.3,sensor2_serial,3,2,6,2,120,137,20.000,20.005,0,188,188,9.397734,SUCCESS,sigmoid,
2026-06-09T16:05:29,95.0,32.3,sensor2_serial,3,2,6,2,120,136,20.000,20.005,0,167,167,8.348043,SUCCESS,sigmoid,
2026-06-09T16:05:49,95.0,32.3,sensor2_serial,3,2,6,2,120,135,20.000,20.005,0,180,180,8.997892,SUCCESS,sigmoid,
2026-06-09T16:06:09,95.0,32.3,sensor2_serial,3,2,6,2,120,134,20.000,20.005,0,185,185,9.247802,SUCCESS,sigmoid,
2026-06-09T16:06:29,95.0,32.3,sensor2_serial,3,2,6,2,120,133,20.000,20.005,0,181,181,9.047911,SUCCESS,sigmoid,
2026-06-09T16:06:49,95.0,32.3,sensor2_serial,3,2,6,2,120,132,20.000,20.006,0,182,182,9.097461,SUCCESS,sigmoid,
2026-06-09T16:07:09,95.0,32.3,sensor2_serial,3,2,6,2,120,131,20.000,20.005,0,173,173,8.648046,SUCCESS,sigmoid,
2026-06-09T16:07:29,95.0,32.3,sensor2_serial,3,2,6,2,120,130,20.000,20.005,0,177,177,8.847961,SUCCESS,sigmoid,
2026-06-09T16:07:49,95.0,32.3,sensor2_serial,3,2,6,2,120,129,20.000,20.004,0,163,163,8.148167,SUCCESS,sigmoid,
2026-06-09T16:08:09,95.0,32.3,sensor2_serial,3,2,6,2,120,128,20.000,20.004,0,170,170,8.498167,SUCCESS,sigmoid,
2026-06-09T16:08:29,95.0,32.3,sensor2_serial,3,2,6,2,120,127,20.000,20.005,0,152,152,7.598014,SUCCESS,sigmoid,
2026-06-09T16:08:49,95.0,32.3,sensor2_serial,3,2,6,2,120,126,20.000,20.006,0,164,164,8.197660,SUCCESS,sigmoid,
2026-06-09T16:09:09,95.0,32.3,sensor2_serial,3,2,6,2,120,125,20.000,20.005,0,159,159,7.948209,SUCCESS,sigmoid,
2026-06-09T16:09:29,95.0,32.3,sensor2_serial,3,2,6,2,120,124,20.000,20.005,0,163,163,8.148161,SUCCESS,sigmoid,
2026-06-09T16:09:49,95.0,32.3,sensor2_serial,3,2,6,2,120,123,20.000,20.005,0,173,173,8.648030,SUCCESS,sigmoid,
2026-06-09T16:10:09,95.0,32.3,sensor2_serial,3,2,6,2,120,122,20.000,20.004,0,163,163,8.148215,SUCCESS,sigmoid,
2026-06-09T16:10:29,95.0,32.3,sensor2_serial,3,2,6,2,120,121,20.000,20.005,0,156,156,7.797953,SUCCESS,sigmoid,
2026-06-09T16:10:50,95.0,32.3,sensor2_serial,3,2,6,2,120,120,20.000,20.005,0,182,182,9.097800,SUCCESS,sigmoid,
2026-06-09T16:11:10,95.0,32.3,sensor2_serial,3,2,6,2,120,119,20.000,20.006,0,173,173,8.647601,SUCCESS,sigmoid,
2026-06-09T16:11:30,95.0,32.3,sensor2_serial,3,2,6,2,120,118,20.000,20.004,0,183,183,9.147987,SUCCESS,sigmoid,
2026-06-09T16:11:50,95.0,32.3,sensor2_serial,3,2,6,2,120,117,20.000,20.004,0,167,167,8.348216,SUCCESS,sigmoid,
2026-06-09T16:12:10,95.0,32.3,sensor2_serial,3,2,6,2,120,116,20.000,20.005,0,174,174,8.698041,SUCCESS,sigmoid,
2026-06-09T16:12:30,95.0,32.3,sensor2_serial,3,2,6,2,120,115,20.000,20.004,0,140,140,6.998455,SUCCESS,sigmoid,
2026-06-09T16:12:50,95.0,32.3,sensor2_serial,3,2,6,2,120,114,20.000,20.005,0,147,147,7.348007,SUCCESS,sigmoid,
2026-06-09T16:13:10,95.0,32.3,sensor2_serial,3,2,6,2,120,113,20.000,20.005,0,150,150,7.498227,SUCCESS,sigmoid,
2026-06-09T16:13:30,95.0,32.3,sensor2_serial,3,2,6,2,120,112,20.000,20.005,0,147,147,7.347982,SUCCESS,sigmoid,
2026-06-09T16:13:50,95.0,32.3,sensor2_serial,3,2,6,2,120,111,20.000,20.005,0,125,125,6.248577,SUCCESS,sigmoid,
2026-06-09T16:14:10,95.0,32.3,sensor2_serial,3,2,6,2,120,110,20.000,20.005,0,151,151,7.548183,SUCCESS,sigmoid,
2026-06-09T16:14:30,95.0,32.3,sensor2_serial,3,2,6,2,120,109,20.000,20.005,0,115,115,5.748702,SUCCESS,sigmoid,
2026-06-09T16:14:50,95.0,32.3,sensor2_serial,3,2,6,2,120,108,20.000,20.004,0,133,133,6.648567,SUCCESS,sigmoid,
2026-06-09T16:15:10,95.0,32.3,sensor2_serial,3,2,6,2,120,107,20.000,20.005,0,122,122,6.098625,SUCCESS,sigmoid,
2026-06-09T16:15:30,95.0,32.3,sensor2_serial,3,2,6,2,120,106,20.000,20.006,0,138,138,6.898083,SUCCESS,sigmoid,
2026-06-09T16:15:50,95.0,32.3,sensor2_serial,3,2,6,2,120,105,20.000,20.005,0,129,129,6.448498,SUCCESS,sigmoid,
2026-06-09T16:16:10,95.0,32.3,sensor2_serial,3,2,6,2,120,104,20.000,20.005,0,109,109,5.448510,SUCCESS,sigmoid,
2026-06-09T16:16:31,95.0,32.3,sensor2_serial,3,2,6,2,120,103,20.000,20.005,0,107,107,5.348732,SUCCESS,sigmoid,
2026-06-09T16:16:51,95.0,32.3,sensor2_serial,3,2,6,2,120,102,20.000,20.004,0,126,126,6.298656,SUCCESS,sigmoid,
2026-06-09T16:17:11,95.0,32.3,sensor2_serial,3,2,6,2,120,101,20.000,20.005,0,102,102,5.098804,SUCCESS,sigmoid,
2026-06-09T16:17:31,95.0,32.3,sensor2_serial,3,2,6,2,120,100,20.000,20.005,0,89,89,4.448869,SUCCESS,sigmoid,
2026-06-09T16:17:51,95.0,32.3,sensor2_serial,3,2,6,2,120,99,20.000,20.005,0,96,96,4.798807,SUCCESS,sigmoid,
2026-06-09T16:18:11,95.0,32.3,sensor2_serial,3,2,6,2,120,98,20.000,20.004,0,94,94,4.698955,SUCCESS,sigmoid,
2026-06-09T16:18:31,95.0,32.3,sensor2_serial,3,2,6,2,120,97,20.000,20.004,0,87,87,4.349049,SUCCESS,sigmoid,
2026-06-09T16:18:51,95.0,32.3,sensor2_serial,3,2,6,2,120,96,20.000,20.005,0,83,83,4.149059,SUCCESS,sigmoid,
2026-06-09T16:19:11,95.0,32.3,sensor2_serial,3,2,6,2,120,95,20.000,20.005,0,94,94,4.698937,SUCCESS,sigmoid,
2026-06-09T16:19:31,95.0,32.3,sensor2_serial,3,2,6,2,120,94,20.000,20.005,0,83,83,4.148921,SUCCESS,sigmoid,
2026-06-09T16:19:51,95.0,32.3,sensor2_serial,3,2,6,2,120,93,20.000,20.004,0,69,69,3.449269,SUCCESS,sigmoid,
2026-06-09T16:20:11,95.0,32.3,sensor2_serial,3,2,6,2,120,92,20.000,20.005,0,73,73,3.649150,SUCCESS,sigmoid,
2026-06-09T16:20:31,95.0,32.3,sensor2_serial,3,2,6,2,120,91,20.000,20.005,0,78,78,3.899103,SUCCESS,sigmoid,
2026-06-09T16:20:51,95.0,32.3,sensor2_serial,3,2,6,2,120,90,20.000,20.005,0,74,74,3.699145,SUCCESS,sigmoid,
2026-06-09T16:21:11,95.0,32.3,sensor2_serial,3,2,6,2,120,89,20.000,20.004,0,43,43,2.149521,SUCCESS,sigmoid,
2026-06-09T16:21:31,95.0,32.3,sensor2_serial,3,2,6,2,120,88,20.000,20.005,0,53,53,2.649337,SUCCESS,sigmoid,
2026-06-09T16:21:52,95.0,32.3,sensor2_serial,3,2,6,2,120,87,20.000,20.004,0,45,45,2.249514,SUCCESS,sigmoid,
2026-06-09T16:22:12,95.0,32.3,sensor2_serial,3,2,6,2,120,86,20.000,20.004,0,46,46,2.299499,SUCCESS,sigmoid,
2026-06-09T16:22:32,95.0,32.3,sensor2_serial,3,2,6,2,120,85,20.000,20.004,0,49,49,2.449459,SUCCESS,sigmoid,
2026-06-09T16:22:52,95.0,32.3,sensor2_serial,3,2,6,2,120,84,20.000,20.005,0,31,31,1.549646,SUCCESS,sigmoid,
2026-06-09T16:23:12,95.0,32.3,sensor2_serial,3,2,6,2,120,83,20.000,20.004,0,31,31,1.549654,SUCCESS,sigmoid,
2026-06-09T16:23:32,95.0,32.3,sensor2_serial,3,2,6,2,120,82,20.000,20.005,0,30,30,1.499624,SUCCESS,sigmoid,
2026-06-09T16:23:52,95.0,32.3,sensor2_serial,3,2,6,2,120,81,20.000,20.005,0,18,18,0.899770,SUCCESS,sigmoid,
2026-06-09T16:24:12,95.0,32.3,sensor2_serial,3,2,6,2,120,80,20.000,20.005,0,27,27,1.349679,SUCCESS,sigmoid,
2026-06-09T16:24:32,95.0,32.3,sensor2_serial,3,2,6,2,120,79,20.000,20.005,0,17,17,0.849774,SUCCESS,sigmoid,
2026-06-09T16:24:52,95.0,32.3,sensor2_serial,3,2,6,2,120,78,20.000,20.005,0,26,26,1.299701,SUCCESS,sigmoid,
2026-06-09T16:25:12,95.0,32.3,sensor2_serial,3,2,6,2,120,77,20.000,20.005,0,18,18,0.899793,SUCCESS,sigmoid,
2026-06-09T16:25:32,95.0,32.3,sensor2_serial,3,2,6,2,120,76,20.000,20.004,0,8,8,0.399912,SUCCESS,sigmoid,
2026-06-09T16:25:52,95.0,32.3,sensor2_serial,3,2,6,2,120,75,20.000,20.004,0,15,15,0.749838,SUCCESS,sigmoid,
2026-06-09T16:26:12,95.0,32.3,sensor2_serial,3,2,6,2,120,74,20.000,20.005,0,10,10,0.499885,SUCCESS,sigmoid,
2026-06-09T16:26:32,95.0,32.3,sensor2_serial,3,2,6,2,120,73,20.000,20.005,0,8,8,0.399904,SUCCESS,sigmoid,
2026-06-09T16:26:52,95.0,32.3,sensor2_serial,3,2,6,2,120,72,20.000,20.004,0,4,4,0.199958,SUCCESS,sigmoid,
2026-06-09T16:27:12,95.0,32.3,sensor2_serial,3,2,6,2,120,71,20.000,20.004,0,7,7,0.349922,SUCCESS,sigmoid,
2026-06-09T16:27:33,95.0,32.3,sensor2_serial,3,2,6,2,120,70,20.000,20.004,0,9,9,0.449901,SUCCESS,sigmoid,
2026-06-09T16:27:53,95.0,32.3,sensor2_serial,3,2,6,2,120,69,20.000,20.005,0,2,2,0.099977,SUCCESS,sigmoid,
2026-06-09T16:28:13,95.0,32.3,sensor2_serial,3,2,6,2,120,68,20.000,20.004,0,4,4,0.199957,SUCCESS,sigmoid,
2026-06-09T16:28:33,95.0,32.3,sensor2_serial,3,2,6,2,120,67,20.000,20.005,0,3,3,0.149966,SUCCESS,sigmoid,
2026-06-09T16:28:53,95.0,32.3,sensor2_serial,3,2,6,2,120,66,20.000,20.004,0,2,2,0.099978,SUCCESS,sigmoid,
2026-06-09T16:29:13,95.0,32.3,sensor2_serial,3,2,6,2,120,65,20.000,20.004,0,0,0,0.000000,SUCCESS,sigmoid,
2026-06-09T16:29:33,95.0,32.3,sensor2_serial,3,2,6,2,120,64,20.000,20.005,0,1,1,0.049988,SUCCESS,sigmoid,
2026-06-09T16:29:53,95.0,32.3,sensor2_serial,3,2,6,2,120,63,20.000,20.005,0,0,0,0.000000,SUCCESS,sigmoid,
2026-06-09T16:30:13,95.0,32.3,sensor2_serial,3,2,6,2,120,62,20.000,20.005,0,2,2,0.099977,SUCCESS,sigmoid,
2026-06-09T16:30:33,95.0,32.3,sensor2_serial,3,2,6,2,120,61,20.000,20.004,0,1,1,0.049989,SUCCESS,sigmoid,
2026-06-09T16:30:53,95.0,32.3,sensor2_serial,3,2,6,2,120,60,20.000,20.004,0,0,0,0.000000,SUCCESS,sigmoid,
2026-06-09T16:31:13,95.0,32.3,sensor2_serial,3,2,6,2,120,59,20.000,20.005,0,2,2,0.099976,SUCCESS,sigmoid,
2026-06-09T16:31:33,95.0,32.3,sensor2_serial,3,2,6,2,120,58,20.000,20.004,0,0,0,0.000000,SUCCESS,sigmoid,
2026-06-09T16:31:53,95.0,32.3,sensor2_serial,3,2,6,2,120,57,20.000,20.005,0,0,0,0.000000,SUCCESS,sigmoid,
2026-06-09T16:32:13,95.0,32.3,sensor2_serial,3,2,6,2,120,56,20.000,20.005,0,0,0,0.000000,SUCCESS,sigmoid,
2026-06-09T16:32:33,95.0,32.3,sensor2_serial,3,2,6,2,120,55,20.000,20.005,0,0,0,0.000000,SUCCESS,sigmoid,
2026-06-09T16:32:53,95.0,32.3,sensor2_serial,3,2,6,2,120,54,20.000,20.005,0,1,1,0.049989,SUCCESS,sigmoid,
2026-06-09T16:33:14,95.0,32.3,sensor2_serial,3,2,6,2,120,53,20.000,20.004,0,0,0,0.000000,SUCCESS,sigmoid,
2026-06-09T16:33:34,95.0,32.3,sensor2_serial,3,2,6,2,120,52,20.000,20.004,0,1,1,0.049989,SUCCESS,sigmoid,
2026-06-09T16:33:54,95.0,32.3,sensor2_serial,3,2,6,2,120,51,20.000,20.004,0,0,0,0.000000,SUCCESS,sigmoid,
2026-06-09T16:34:14,95.0,32.3,sensor2_serial,3,2,6,2,120,50,20.000,20.004,0,0,0,0.000000,SUCCESS,sigmoid,
2026-06-09T16:34:34,95.0,32.3,sensor2_serial,3,2,6,2,120,49,20.000,20.004,0,0,0,0.000000,SUCCESS,sigmoid,
2026-06-09T16:34:54,95.0,32.3,sensor2_serial,3,2,6,2,120,48,20.000,20.004,0,0,0,0.000000,SUCCESS,sigmoid,
2026-06-09T16:35:14,95.0,32.3,sensor2_serial,3,2,6,2,120,47,20.000,20.005,0,0,0,0.000000,SUCCESS,sigmoid,
2026-06-09T16:35:34,95.0,32.3,sensor2_serial,3,2,6,2,120,46,20.000,20.004,0,0,0,0.000000,SUCCESS,sigmoid,
2026-06-09T16:35:54,95.0,32.3,sensor2_serial,3,2,6,2,120,45,20.000,20.005,0,0,0,0.000000,SUCCESS,sigmoid,
2026-06-09T16:36:14,95.0,32.3,sensor2_serial,3,2,6,2,120,44,20.000,20.004,0,0,0,0.000000,SUCCESS,sigmoid,
2026-06-09T16:36:34,95.0,32.3,sensor2_serial,3,2,6,2,120,43,20.000,20.005,0,0,0,0.000000,SUCCESS,sigmoid,
2026-06-09T16:36:54,95.0,32.3,sensor2_serial,3,2,6,2,120,42,20.000,20.004,0,0,0,0.000000,SUCCESS,sigmoid,
2026-06-09T16:37:14,95.0,32.3,sensor2_serial,3,2,6,2,120,41,20.000,20.005,0,0,0,0.000000,SUCCESS,sigmoid,
2026-06-09T16:37:34,95.0,32.3,sensor2_serial,3,2,6,2,120,40,20.000,20.005,0,0,0,0.000000,SUCCESS,sigmoid,
2026-06-09T16:37:54,95.0,32.3,sensor2_serial,3,2,6,2,120,39,20.000,20.005,0,0,0,0.000000,SUCCESS,sigmoid,
2026-06-09T16:38:14,95.0,32.3,sensor2_serial,3,2,6,2,120,38,20.000,20.004,0,0,0,0.000000,SUCCESS,sigmoid,
2026-06-09T16:38:34,95.0,32.3,sensor2_serial,3,2,6,2,120,37,20.000,20.005,0,0,0,0.000000,SUCCESS,sigmoid,
2026-06-09T16:38:55,95.0,32.3,sensor2_serial,3,2,6,2,120,36,20.000,20.005,0,0,0,0.000000,SUCCESS,sigmoid,
2026-06-09T16:39:15,95.0,32.3,sensor2_serial,3,2,6,2,120,35,20.000,20.004,0,0,0,0.000000,SUCCESS,sigmoid,
2026-06-09T16:39:35,95.0,32.3,sensor2_serial,3,2,6,2,120,34,20.000,20.004,0,0,0,0.000000,SUCCESS,sigmoid,
2026-06-09T16:39:55,95.0,32.3,sensor2_serial,3,2,6,2,120,33,20.000,20.004,0,0,0,0.000000,SUCCESS,sigmoid,
2026-06-09T16:40:15,95.0,32.3,sensor2_serial,3,2,6,2,120,32,20.000,20.004,0,0,0,0.000000,SUCCESS,sigmoid,
