run_timestamp,position_mm,delta_mm,sensor,chip,threshold,threshold_reg,counter_index,vth_bl,dac,integration_requested_s,measured_time_s,count_initial,count_final,hits,hits_per_s,status,analysis_mode,note
2026-06-02T16:48:37,85.0,15.0,sensor2_serial,1,0,4,0,120,255,20.000,20.004,0,3461352,3461352,173031.269780,SUCCESS,sigmoid,
2026-06-02T16:48:57,85.0,15.0,sensor2_serial,1,0,4,0,120,254,20.000,20.005,0,3501179,3501179,175013.270007,SUCCESS,sigmoid,
2026-06-02T16:49:17,85.0,15.0,sensor2_serial,1,0,4,0,120,253,20.000,20.005,0,3243229,3243229,162117.300009,SUCCESS,sigmoid,
2026-06-02T16:49:38,85.0,15.0,sensor2_serial,1,0,4,0,120,252,20.000,20.005,0,2672461,2672461,133588.685416,SUCCESS,sigmoid,
2026-06-02T16:49:58,85.0,15.0,sensor2_serial,1,0,4,0,120,251,20.000,20.006,0,1823034,1823034,91124.864217,SUCCESS,sigmoid,
2026-06-02T16:50:18,85.0,15.0,sensor2_serial,1,0,4,0,120,250,20.000,20.006,0,1384136,1384136,69185.926961,SUCCESS,sigmoid,
2026-06-02T16:50:38,85.0,15.0,sensor2_serial,1,0,4,0,120,249,20.000,20.006,0,1049108,1049108,52440.509175,SUCCESS,sigmoid,
2026-06-02T16:50:58,85.0,15.0,sensor2_serial,1,0,4,0,120,248,20.000,20.006,0,445847,445847,22286.211109,SUCCESS,sigmoid,
2026-06-02T16:51:18,85.0,15.0,sensor2_serial,1,0,4,0,120,247,20.000,20.005,0,344296,344296,17210.831209,SUCCESS,sigmoid,
2026-06-02T16:51:38,85.0,15.0,sensor2_serial,1,0,4,0,120,246,20.000,20.005,0,179861,179861,8990.649773,SUCCESS,sigmoid,
2026-06-02T16:51:58,85.0,15.0,sensor2_serial,1,0,4,0,120,245,20.000,20.005,0,84891,84891,4243.412283,SUCCESS,sigmoid,
2026-06-02T16:52:18,85.0,15.0,sensor2_serial,1,0,4,0,120,244,20.000,20.005,0,44972,44972,2248.013945,SUCCESS,sigmoid,
2026-06-02T16:52:38,85.0,15.0,sensor2_serial,1,0,4,0,120,243,20.000,20.005,0,45001,45001,2249.441317,SUCCESS,sigmoid,
2026-06-02T16:52:58,85.0,15.0,sensor2_serial,1,0,4,0,120,242,20.000,20.005,0,17490,17490,874.278986,SUCCESS,sigmoid,
2026-06-02T16:53:18,85.0,15.0,sensor2_serial,1,0,4,0,120,241,20.000,20.005,0,6822,6822,341.006372,SUCCESS,sigmoid,
2026-06-02T16:53:38,85.0,15.0,sensor2_serial,1,0,4,0,120,240,20.000,20.006,0,3114,3114,155.656951,SUCCESS,sigmoid,
2026-06-02T16:53:58,85.0,15.0,sensor2_serial,1,0,4,0,120,239,20.000,20.005,0,1241,1241,62.033115,SUCCESS,sigmoid,
2026-06-02T16:54:18,85.0,15.0,sensor2_serial,1,0,4,0,120,238,20.000,20.004,0,361,361,18.046006,SUCCESS,sigmoid,
2026-06-02T16:54:38,85.0,15.0,sensor2_serial,1,0,4,0,120,237,20.000,20.004,0,185,185,9.248031,SUCCESS,sigmoid,
2026-06-02T16:54:58,85.0,15.0,sensor2_serial,1,0,4,0,120,236,20.000,20.004,0,86,86,4.299054,SUCCESS,sigmoid,
2026-06-02T16:55:19,85.0,15.0,sensor2_serial,1,0,4,0,120,235,20.000,20.004,0,49,49,2.449453,SUCCESS,sigmoid,
2026-06-02T16:55:39,85.0,15.0,sensor2_serial,1,0,4,0,120,234,20.000,20.005,0,48,48,2.399433,SUCCESS,sigmoid,
2026-06-02T16:55:59,85.0,15.0,sensor2_serial,1,0,4,0,120,233,20.000,20.004,0,43,43,2.149528,SUCCESS,sigmoid,
2026-06-02T16:56:19,85.0,15.0,sensor2_serial,1,0,4,0,120,232,20.000,20.005,0,40,40,1.999523,SUCCESS,sigmoid,
2026-06-02T16:56:39,85.0,15.0,sensor2_serial,1,0,4,0,120,231,20.000,20.004,0,33,33,1.649645,SUCCESS,sigmoid,
2026-06-02T16:56:59,85.0,15.0,sensor2_serial,1,0,4,0,120,230,20.000,20.004,0,27,27,1.349722,SUCCESS,sigmoid,
2026-06-02T16:57:19,85.0,15.0,sensor2_serial,1,0,4,0,120,229,20.000,20.005,0,27,27,1.349692,SUCCESS,sigmoid,
2026-06-02T16:57:39,85.0,15.0,sensor2_serial,1,0,4,0,120,228,20.000,20.004,0,27,27,1.349720,SUCCESS,sigmoid,
2026-06-02T16:57:59,85.0,15.0,sensor2_serial,1,0,4,0,120,227,20.000,20.004,0,15,15,0.749843,SUCCESS,sigmoid,
2026-06-02T16:58:19,85.0,15.0,sensor2_serial,1,0,4,0,120,226,20.000,20.004,0,25,25,1.249720,SUCCESS,sigmoid,
2026-06-02T16:58:39,85.0,15.0,sensor2_serial,1,0,4,0,120,225,20.000,20.005,0,14,14,0.699839,SUCCESS,sigmoid,
2026-06-02T16:58:59,85.0,15.0,sensor2_serial,1,0,4,0,120,224,20.000,20.004,0,15,15,0.749837,SUCCESS,sigmoid,
2026-06-02T16:59:19,85.0,15.0,sensor2_serial,1,0,4,0,120,223,20.000,20.005,0,18,18,0.899763,SUCCESS,sigmoid,
2026-06-02T16:59:39,85.0,15.0,sensor2_serial,1,0,4,0,120,222,20.000,20.005,0,11,11,0.549861,SUCCESS,sigmoid,
2026-06-02T16:59:59,85.0,15.0,sensor2_serial,1,0,4,0,120,221,20.000,20.005,0,17,17,0.849773,SUCCESS,sigmoid,
2026-06-02T17:00:19,85.0,15.0,sensor2_serial,1,0,4,0,120,220,20.000,20.004,0,9,9,0.449901,SUCCESS,sigmoid,
2026-06-02T17:00:39,85.0,15.0,sensor2_serial,1,0,4,0,120,219,20.000,20.004,0,9,9,0.449902,SUCCESS,sigmoid,
2026-06-02T17:01:00,85.0,15.0,sensor2_serial,1,0,4,0,120,218,20.000,20.004,0,7,7,0.349925,SUCCESS,sigmoid,
2026-06-02T17:01:20,85.0,15.0,sensor2_serial,1,0,4,0,120,217,20.000,20.005,0,8,8,0.399909,SUCCESS,sigmoid,
2026-06-02T17:01:40,85.0,15.0,sensor2_serial,1,0,4,0,120,216,20.000,20.004,0,3,3,0.149968,SUCCESS,sigmoid,
2026-06-02T17:02:00,85.0,15.0,sensor2_serial,1,0,4,0,120,215,20.000,20.005,0,4,4,0.199955,SUCCESS,sigmoid,
2026-06-02T17:02:20,85.0,15.0,sensor2_serial,1,0,4,0,120,214,20.000,20.004,0,4,4,0.199955,SUCCESS,sigmoid,
2026-06-02T17:02:40,85.0,15.0,sensor2_serial,1,0,4,0,120,213,20.000,20.005,0,3,3,0.149965,SUCCESS,sigmoid,
2026-06-02T17:03:00,85.0,15.0,sensor2_serial,1,0,4,0,120,212,20.000,20.004,0,3,3,0.149970,SUCCESS,sigmoid,
2026-06-02T17:03:20,85.0,15.0,sensor2_serial,1,0,4,0,120,211,20.000,20.005,0,2,2,0.099977,SUCCESS,sigmoid,
2026-06-02T17:03:40,85.0,15.0,sensor2_serial,1,0,4,0,120,210,20.000,20.004,0,2,2,0.099978,SUCCESS,sigmoid,
2026-06-02T17:04:00,85.0,15.0,sensor2_serial,1,0,4,0,120,209,20.000,20.005,0,3,3,0.149964,SUCCESS,sigmoid,
2026-06-02T17:04:20,85.0,15.0,sensor2_serial,1,0,4,0,120,208,20.000,20.005,0,0,0,0.000000,SUCCESS,sigmoid,
2026-06-02T17:04:40,85.0,15.0,sensor2_serial,1,0,4,0,120,207,20.000,20.004,0,1,1,0.049989,SUCCESS,sigmoid,
2026-06-02T17:05:00,85.0,15.0,sensor2_serial,1,0,4,0,120,206,20.000,20.005,0,2,2,0.099975,SUCCESS,sigmoid,
2026-06-02T17:05:20,85.0,15.0,sensor2_serial,1,0,4,0,120,205,20.000,20.005,0,1,1,0.049989,SUCCESS,sigmoid,
2026-06-02T17:05:40,85.0,15.0,sensor2_serial,1,0,4,0,120,204,20.000,20.005,0,1,1,0.049989,SUCCESS,sigmoid,
2026-06-02T17:06:00,85.0,15.0,sensor2_serial,1,0,4,0,120,203,20.000,20.004,0,1,1,0.049989,SUCCESS,sigmoid,
2026-06-02T17:06:20,85.0,15.0,sensor2_serial,1,0,4,0,120,202,20.000,20.005,0,1,1,0.049988,SUCCESS,sigmoid,
2026-06-02T17:06:41,85.0,15.0,sensor2_serial,1,0,4,0,120,201,20.000,20.004,0,2,2,0.099979,SUCCESS,sigmoid,
2026-06-02T17:07:01,85.0,15.0,sensor2_serial,1,0,4,0,120,200,20.000,20.004,0,1,1,0.049989,SUCCESS,sigmoid,
2026-06-02T17:07:21,85.0,15.0,sensor2_serial,1,0,4,0,120,199,20.000,20.005,0,1,1,0.049989,SUCCESS,sigmoid,
2026-06-02T17:07:41,85.0,15.0,sensor2_serial,1,0,4,0,120,198,20.000,20.005,0,1,1,0.049988,SUCCESS,sigmoid,
2026-06-02T17:08:01,85.0,15.0,sensor2_serial,1,0,4,0,120,197,20.000,20.004,0,1,1,0.049989,SUCCESS,sigmoid,
2026-06-02T17:08:21,85.0,15.0,sensor2_serial,1,0,4,0,120,196,20.000,20.005,0,1,1,0.049988,SUCCESS,sigmoid,
2026-06-02T17:08:41,85.0,15.0,sensor2_serial,1,0,4,0,120,195,20.000,20.004,0,1,1,0.049989,SUCCESS,sigmoid,
2026-06-02T17:09:01,85.0,15.0,sensor2_serial,1,0,4,0,120,194,20.000,20.004,0,1,1,0.049990,SUCCESS,sigmoid,
2026-06-02T17:09:21,85.0,15.0,sensor2_serial,1,0,4,0,120,193,20.000,20.004,0,1,1,0.049989,SUCCESS,sigmoid,
2026-06-02T17:09:41,85.0,15.0,sensor2_serial,1,0,4,0,120,192,20.000,20.004,0,1,1,0.049989,SUCCESS,sigmoid,
2026-06-02T17:10:01,85.0,15.0,sensor2_serial,1,0,4,0,120,191,20.000,20.004,0,1,1,0.049990,SUCCESS,sigmoid,
2026-06-02T17:10:21,85.0,15.0,sensor2_serial,1,0,4,0,120,190,20.000,20.005,0,0,0,0.000000,SUCCESS,sigmoid,
2026-06-02T17:10:41,85.0,15.0,sensor2_serial,1,0,4,0,120,189,20.000,20.005,0,1,1,0.049986,SUCCESS,sigmoid,
2026-06-02T17:11:01,85.0,15.0,sensor2_serial,1,0,4,0,120,188,20.000,20.005,0,1,1,0.049988,SUCCESS,sigmoid,
2026-06-02T17:11:21,85.0,15.0,sensor2_serial,1,0,4,0,120,187,20.000,20.005,0,1,1,0.049988,SUCCESS,sigmoid,
2026-06-02T17:11:41,85.0,15.0,sensor2_serial,1,0,4,0,120,186,20.000,20.004,0,1,1,0.049989,SUCCESS,sigmoid,
2026-06-02T17:12:02,85.0,15.0,sensor2_serial,1,0,4,0,120,185,20.000,20.004,0,0,0,0.000000,SUCCESS,sigmoid,
2026-06-02T17:12:22,85.0,15.0,sensor2_serial,1,0,4,0,120,184,20.000,20.004,0,0,0,0.000000,SUCCESS,sigmoid,
2026-06-02T17:12:42,85.0,15.0,sensor2_serial,1,1,5,1,120,255,20.000,20.005,0,1787459,1787459,89349.427709,SUCCESS,sigmoid,
2026-06-02T17:13:02,85.0,15.0,sensor2_serial,1,1,5,1,120,254,20.000,20.005,0,1846033,1846033,92276.279163,SUCCESS,sigmoid,
2026-06-02T17:13:22,85.0,15.0,sensor2_serial,1,1,5,1,120,253,20.000,20.004,0,2021363,2021363,101045.650061,SUCCESS,sigmoid,
2026-06-02T17:13:42,85.0,15.0,sensor2_serial,1,1,5,1,120,252,20.000,20.005,0,2204167,2204167,110178.657244,SUCCESS,sigmoid,
2026-06-02T17:14:02,85.0,15.0,sensor2_serial,1,1,5,1,120,251,20.000,20.005,0,2351951,2351951,117566.174664,SUCCESS,sigmoid,
2026-06-02T17:14:22,85.0,15.0,sensor2_serial,1,1,5,1,120,250,20.000,20.005,0,2708964,2708964,135410.979208,SUCCESS,sigmoid,
2026-06-02T17:14:42,85.0,15.0,sensor2_serial,1,1,5,1,120,249,20.000,20.005,0,2987251,2987251,149321.635491,SUCCESS,sigmoid,
2026-06-02T17:15:02,85.0,15.0,sensor2_serial,1,1,5,1,120,248,20.000,20.005,0,3006275,3006275,150273.149811,SUCCESS,sigmoid,
2026-06-02T17:15:22,85.0,15.0,sensor2_serial,1,1,5,1,120,247,20.000,20.005,0,2762744,2762744,138099.648442,SUCCESS,sigmoid,
2026-06-02T17:15:42,85.0,15.0,sensor2_serial,1,1,5,1,120,246,20.000,20.005,0,2205255,2205255,110233.863672,SUCCESS,sigmoid,
2026-06-02T17:16:02,85.0,15.0,sensor2_serial,1,1,5,1,120,245,20.000,20.006,0,1447295,1447295,72343.846145,SUCCESS,sigmoid,
2026-06-02T17:16:22,85.0,15.0,sensor2_serial,1,1,5,1,120,244,20.000,20.005,0,880221,880221,43999.389538,SUCCESS,sigmoid,
2026-06-02T17:16:42,85.0,15.0,sensor2_serial,1,1,5,1,120,243,20.000,20.006,0,717728,717728,35876.241789,SUCCESS,sigmoid,
2026-06-02T17:17:02,85.0,15.0,sensor2_serial,1,1,5,1,120,242,20.000,20.006,0,388119,388119,19400.506550,SUCCESS,sigmoid,
2026-06-02T17:17:22,85.0,15.0,sensor2_serial,1,1,5,1,120,241,20.000,20.005,0,172903,172903,8642.913700,SUCCESS,sigmoid,
2026-06-02T17:17:43,85.0,15.0,sensor2_serial,1,1,5,1,120,240,20.000,20.005,0,66594,66594,3328.800797,SUCCESS,sigmoid,
2026-06-02T17:18:03,85.0,15.0,sensor2_serial,1,1,5,1,120,239,20.000,20.005,0,53437,53437,2671.148508,SUCCESS,sigmoid,
2026-06-02T17:18:23,85.0,15.0,sensor2_serial,1,1,5,1,120,238,20.000,20.005,0,28281,28281,1413.674665,SUCCESS,sigmoid,
2026-06-02T17:18:43,85.0,15.0,sensor2_serial,1,1,5,1,120,237,20.000,20.005,0,10187,10187,509.211652,SUCCESS,sigmoid,
2026-06-02T17:19:03,85.0,15.0,sensor2_serial,1,1,5,1,120,236,20.000,20.006,0,3684,3684,184.148515,SUCCESS,sigmoid,
2026-06-02T17:19:23,85.0,15.0,sensor2_serial,1,1,5,1,120,235,20.000,20.005,0,2841,2841,142.017366,SUCCESS,sigmoid,
2026-06-02T17:19:43,85.0,15.0,sensor2_serial,1,1,5,1,120,234,20.000,20.004,0,743,743,37.141869,SUCCESS,sigmoid,
2026-06-02T17:20:03,85.0,15.0,sensor2_serial,1,1,5,1,120,233,20.000,20.004,0,276,276,13.796967,SUCCESS,sigmoid,
2026-06-02T17:20:23,85.0,15.0,sensor2_serial,1,1,5,1,120,232,20.000,20.004,0,189,189,9.447927,SUCCESS,sigmoid,
2026-06-02T17:20:43,85.0,15.0,sensor2_serial,1,1,5,1,120,231,20.000,20.005,0,79,79,3.948916,SUCCESS,sigmoid,
2026-06-02T17:21:03,85.0,15.0,sensor2_serial,1,1,5,1,120,230,20.000,20.004,0,63,63,3.149309,SUCCESS,sigmoid,
2026-06-02T17:21:23,85.0,15.0,sensor2_serial,1,1,5,1,120,229,20.000,20.004,0,46,46,2.299512,SUCCESS,sigmoid,
2026-06-02T17:21:43,85.0,15.0,sensor2_serial,1,1,5,1,120,228,20.000,20.005,0,29,29,1.449649,SUCCESS,sigmoid,
2026-06-02T17:22:03,85.0,15.0,sensor2_serial,1,1,5,1,120,227,20.000,20.005,0,23,23,1.149690,SUCCESS,sigmoid,
2026-06-02T17:22:23,85.0,15.0,sensor2_serial,1,1,5,1,120,226,20.000,20.005,0,23,23,1.149735,SUCCESS,sigmoid,
2026-06-02T17:22:43,85.0,15.0,sensor2_serial,1,1,5,1,120,225,20.000,20.005,0,11,11,0.549850,SUCCESS,sigmoid,
2026-06-02T17:23:03,85.0,15.0,sensor2_serial,1,1,5,1,120,224,20.000,20.005,0,23,23,1.149715,SUCCESS,sigmoid,
2026-06-02T17:23:24,85.0,15.0,sensor2_serial,1,1,5,1,120,223,20.000,20.005,0,14,14,0.699841,SUCCESS,sigmoid,
2026-06-02T17:23:44,85.0,15.0,sensor2_serial,1,1,5,1,120,222,20.000,20.005,0,21,21,1.049763,SUCCESS,sigmoid,
2026-06-02T17:24:04,85.0,15.0,sensor2_serial,1,1,5,1,120,221,20.000,20.005,0,9,9,0.449897,SUCCESS,sigmoid,
2026-06-02T17:24:24,85.0,15.0,sensor2_serial,1,1,5,1,120,220,20.000,20.004,0,9,9,0.449909,SUCCESS,sigmoid,
2026-06-02T17:24:44,85.0,15.0,sensor2_serial,1,1,5,1,120,219,20.000,20.005,0,12,12,0.599842,SUCCESS,sigmoid,
2026-06-02T17:25:04,85.0,15.0,sensor2_serial,1,1,5,1,120,218,20.000,20.004,0,8,8,0.399911,SUCCESS,sigmoid,
2026-06-02T17:25:24,85.0,15.0,sensor2_serial,1,1,5,1,120,217,20.000,20.005,0,8,8,0.399900,SUCCESS,sigmoid,
2026-06-02T17:25:44,85.0,15.0,sensor2_serial,1,1,5,1,120,216,20.000,20.004,0,6,6,0.299933,SUCCESS,sigmoid,
2026-06-02T17:26:04,85.0,15.0,sensor2_serial,1,1,5,1,120,215,20.000,20.005,0,8,8,0.399904,SUCCESS,sigmoid,
2026-06-02T17:26:24,85.0,15.0,sensor2_serial,1,1,5,1,120,214,20.000,20.004,0,6,6,0.299938,SUCCESS,sigmoid,
2026-06-02T17:26:44,85.0,15.0,sensor2_serial,1,1,5,1,120,213,20.000,20.005,0,3,3,0.149966,SUCCESS,sigmoid,
2026-06-02T17:27:04,85.0,15.0,sensor2_serial,1,1,5,1,120,212,20.000,20.005,0,4,4,0.199953,SUCCESS,sigmoid,
2026-06-02T17:27:24,85.0,15.0,sensor2_serial,1,1,5,1,120,211,20.000,20.005,0,4,4,0.199948,SUCCESS,sigmoid,
2026-06-02T17:27:44,85.0,15.0,sensor2_serial,1,1,5,1,120,210,20.000,20.005,0,3,3,0.149965,SUCCESS,sigmoid,
2026-06-02T17:28:04,85.0,15.0,sensor2_serial,1,1,5,1,120,209,20.000,20.005,0,3,3,0.149961,SUCCESS,sigmoid,
2026-06-02T17:28:24,85.0,15.0,sensor2_serial,1,1,5,1,120,208,20.000,20.005,0,2,2,0.099977,SUCCESS,sigmoid,
2026-06-02T17:28:44,85.0,15.0,sensor2_serial,1,1,5,1,120,207,20.000,20.005,0,1,1,0.049988,SUCCESS,sigmoid,
2026-06-02T17:29:05,85.0,15.0,sensor2_serial,1,1,5,1,120,206,20.000,20.006,0,3,3,0.149958,SUCCESS,sigmoid,
2026-06-02T17:29:25,85.0,15.0,sensor2_serial,1,1,5,1,120,205,20.000,20.004,0,3,3,0.149967,SUCCESS,sigmoid,
2026-06-02T17:29:45,85.0,15.0,sensor2_serial,1,1,5,1,120,204,20.000,20.006,0,4,4,0.199944,SUCCESS,sigmoid,
2026-06-02T17:30:05,85.0,15.0,sensor2_serial,1,1,5,1,120,203,20.000,20.004,0,2,2,0.099978,SUCCESS,sigmoid,
2026-06-02T17:30:25,85.0,15.0,sensor2_serial,1,1,5,1,120,202,20.000,20.005,0,2,2,0.099977,SUCCESS,sigmoid,
2026-06-02T17:30:45,85.0,15.0,sensor2_serial,1,1,5,1,120,201,20.000,20.005,0,1,1,0.049988,SUCCESS,sigmoid,
2026-06-02T17:31:05,85.0,15.0,sensor2_serial,1,1,5,1,120,200,20.000,20.005,0,1,1,0.049989,SUCCESS,sigmoid,
2026-06-02T17:31:25,85.0,15.0,sensor2_serial,1,1,5,1,120,199,20.000,20.004,0,1,1,0.049990,SUCCESS,sigmoid,
2026-06-02T17:31:45,85.0,15.0,sensor2_serial,1,1,5,1,120,198,20.000,20.005,0,0,0,0.000000,SUCCESS,sigmoid,
2026-06-02T17:32:05,85.0,15.0,sensor2_serial,1,1,5,1,120,197,20.000,20.004,0,0,0,0.000000,SUCCESS,sigmoid,
2026-06-02T17:32:25,85.0,15.0,sensor2_serial,1,2,6,2,120,255,20.000,20.005,0,1769990,1769990,88477.186127,SUCCESS,sigmoid,
2026-06-02T17:32:45,85.0,15.0,sensor2_serial,1,2,6,2,120,254,20.000,20.005,0,1845246,1845246,92237.173020,SUCCESS,sigmoid,
2026-06-02T17:33:05,85.0,15.0,sensor2_serial,1,2,6,2,120,253,20.000,20.005,0,1871595,1871595,93555.262112,SUCCESS,sigmoid,
2026-06-02T17:33:25,85.0,15.0,sensor2_serial,1,2,6,2,120,252,20.000,20.005,0,1993189,1993189,99633.569479,SUCCESS,sigmoid,
2026-06-02T17:33:45,85.0,15.0,sensor2_serial,1,2,6,2,120,251,20.000,20.006,0,2067310,2067310,103336.966134,SUCCESS,sigmoid,
2026-06-02T17:34:05,85.0,15.0,sensor2_serial,1,2,6,2,120,250,20.000,20.005,0,2300238,2300238,114981.470772,SUCCESS,sigmoid,
2026-06-02T17:34:26,85.0,15.0,sensor2_serial,1,2,6,2,120,249,20.000,20.006,0,2584319,2584319,129178.720644,SUCCESS,sigmoid,
2026-06-02T17:34:46,85.0,15.0,sensor2_serial,1,2,6,2,120,248,20.000,20.005,0,2968418,2968418,148386.402839,SUCCESS,sigmoid,
2026-06-02T17:35:06,85.0,15.0,sensor2_serial,1,2,6,2,120,247,20.000,20.005,0,3064004,3064004,153159.448079,SUCCESS,sigmoid,
2026-06-02T17:35:26,85.0,15.0,sensor2_serial,1,2,6,2,120,246,20.000,20.005,0,2671077,2671077,133517.471195,SUCCESS,sigmoid,
2026-06-02T17:35:46,85.0,15.0,sensor2_serial,1,2,6,2,120,245,20.000,20.005,0,2350360,2350360,117488.327524,SUCCESS,sigmoid,
2026-06-02T17:36:06,85.0,15.0,sensor2_serial,1,2,6,2,120,244,20.000,20.006,0,1726449,1726449,86296.636954,SUCCESS,sigmoid,
2026-06-02T17:36:26,85.0,15.0,sensor2_serial,1,2,6,2,120,243,20.000,20.006,0,1161281,1161281,58047.915676,SUCCESS,sigmoid,
2026-06-02T17:36:46,85.0,15.0,sensor2_serial,1,2,6,2,120,242,20.000,20.006,0,623606,623606,31171.544136,SUCCESS,sigmoid,
2026-06-02T17:37:06,85.0,15.0,sensor2_serial,1,2,6,2,120,241,20.000,20.005,0,411168,411168,20553.087407,SUCCESS,sigmoid,
2026-06-02T17:37:26,85.0,15.0,sensor2_serial,1,2,6,2,120,240,20.000,20.006,0,194914,194914,9742.885593,SUCCESS,sigmoid,
2026-06-02T17:37:46,85.0,15.0,sensor2_serial,1,2,6,2,120,239,20.000,20.006,0,118623,118623,5929.507911,SUCCESS,sigmoid,
2026-06-02T17:38:06,85.0,15.0,sensor2_serial,1,2,6,2,120,238,20.000,20.005,0,43519,43519,2175.387080,SUCCESS,sigmoid,
2026-06-02T17:38:26,85.0,15.0,sensor2_serial,1,2,6,2,120,237,20.000,20.006,0,24916,24916,1245.452032,SUCCESS,sigmoid,
2026-06-02T17:38:46,85.0,15.0,sensor2_serial,1,2,6,2,120,236,20.000,20.005,0,11045,11045,552.102303,SUCCESS,sigmoid,
2026-06-02T17:39:06,85.0,15.0,sensor2_serial,1,2,6,2,120,235,20.000,20.005,0,6631,6631,331.461301,SUCCESS,sigmoid,
2026-06-02T17:39:26,85.0,15.0,sensor2_serial,1,2,6,2,120,234,20.000,20.004,0,2233,2233,111.624950,SUCCESS,sigmoid,
2026-06-02T17:39:46,85.0,15.0,sensor2_serial,1,2,6,2,120,233,20.000,20.005,0,877,877,43.838079,SUCCESS,sigmoid,
2026-06-02T17:40:07,85.0,15.0,sensor2_serial,1,2,6,2,120,232,20.000,20.005,0,447,447,22.343957,SUCCESS,sigmoid,
2026-06-02T17:40:27,85.0,15.0,sensor2_serial,1,2,6,2,120,231,20.000,20.005,0,121,121,6.048367,SUCCESS,sigmoid,
2026-06-02T17:40:47,85.0,15.0,sensor2_serial,1,2,6,2,120,230,20.000,20.004,0,61,61,3.049383,SUCCESS,sigmoid,
2026-06-02T17:41:07,85.0,15.0,sensor2_serial,1,2,6,2,120,229,20.000,20.005,0,42,42,2.099506,SUCCESS,sigmoid,
2026-06-02T17:41:27,85.0,15.0,sensor2_serial,1,2,6,2,120,228,20.000,20.004,0,46,46,2.299503,SUCCESS,sigmoid,
2026-06-02T17:41:47,85.0,15.0,sensor2_serial,1,2,6,2,120,227,20.000,20.004,0,33,33,1.649632,SUCCESS,sigmoid,
2026-06-02T17:42:07,85.0,15.0,sensor2_serial,1,2,6,2,120,226,20.000,20.004,0,25,25,1.249735,SUCCESS,sigmoid,
2026-06-02T17:42:27,85.0,15.0,sensor2_serial,1,2,6,2,120,225,20.000,20.004,0,32,32,1.599652,SUCCESS,sigmoid,
2026-06-02T17:42:47,85.0,15.0,sensor2_serial,1,2,6,2,120,224,20.000,20.005,0,13,13,0.649849,SUCCESS,sigmoid,
2026-06-02T17:43:07,85.0,15.0,sensor2_serial,1,2,6,2,120,223,20.000,20.004,0,18,18,0.899817,SUCCESS,sigmoid,
2026-06-02T17:43:27,85.0,15.0,sensor2_serial,1,2,6,2,120,222,20.000,20.005,0,15,15,0.749818,SUCCESS,sigmoid,
2026-06-02T17:43:47,85.0,15.0,sensor2_serial,1,2,6,2,120,221,20.000,20.005,0,13,13,0.649846,SUCCESS,sigmoid,
2026-06-02T17:44:07,85.0,15.0,sensor2_serial,1,2,6,2,120,220,20.000,20.006,0,14,14,0.699798,SUCCESS,sigmoid,
2026-06-02T17:44:27,85.0,15.0,sensor2_serial,1,2,6,2,120,219,20.000,20.005,0,13,13,0.649846,SUCCESS,sigmoid,
2026-06-02T17:44:47,85.0,15.0,sensor2_serial,1,2,6,2,120,218,20.000,20.006,0,9,9,0.449872,SUCCESS,sigmoid,
2026-06-02T17:45:07,85.0,15.0,sensor2_serial,1,2,6,2,120,217,20.000,20.004,0,10,10,0.499898,SUCCESS,sigmoid,
2026-06-02T17:45:27,85.0,15.0,sensor2_serial,1,2,6,2,120,216,20.000,20.005,0,10,10,0.499882,SUCCESS,sigmoid,
2026-06-02T17:45:48,85.0,15.0,sensor2_serial,1,2,6,2,120,215,20.000,20.005,0,6,6,0.299932,SUCCESS,sigmoid,
2026-06-02T17:46:08,85.0,15.0,sensor2_serial,1,2,6,2,120,214,20.000,20.004,0,8,8,0.399913,SUCCESS,sigmoid,
2026-06-02T17:46:28,85.0,15.0,sensor2_serial,1,2,6,2,120,213,20.000,20.005,0,5,5,0.249942,SUCCESS,sigmoid,
2026-06-02T17:46:48,85.0,15.0,sensor2_serial,1,2,6,2,120,212,20.000,20.005,0,4,4,0.199946,SUCCESS,sigmoid,
2026-06-02T17:47:08,85.0,15.0,sensor2_serial,1,2,6,2,120,211,20.000,20.004,0,2,2,0.099980,SUCCESS,sigmoid,
2026-06-02T17:47:28,85.0,15.0,sensor2_serial,1,2,6,2,120,210,20.000,20.005,0,4,4,0.199955,SUCCESS,sigmoid,
2026-06-02T17:47:48,85.0,15.0,sensor2_serial,1,2,6,2,120,209,20.000,20.004,0,3,3,0.149968,SUCCESS,sigmoid,
2026-06-02T17:48:08,85.0,15.0,sensor2_serial,1,2,6,2,120,208,20.000,20.005,0,3,3,0.149962,SUCCESS,sigmoid,
2026-06-02T17:48:28,85.0,15.0,sensor2_serial,1,2,6,2,120,207,20.000,20.004,0,2,2,0.099979,SUCCESS,sigmoid,
2026-06-02T17:48:48,85.0,15.0,sensor2_serial,1,2,6,2,120,206,20.000,20.004,0,3,3,0.149966,SUCCESS,sigmoid,
2026-06-02T17:49:08,85.0,15.0,sensor2_serial,1,2,6,2,120,205,20.000,20.005,0,3,3,0.149965,SUCCESS,sigmoid,
2026-06-02T17:49:28,85.0,15.0,sensor2_serial,1,2,6,2,120,204,20.000,20.005,0,2,2,0.099975,SUCCESS,sigmoid,
2026-06-02T17:49:48,85.0,15.0,sensor2_serial,1,2,6,2,120,203,20.000,20.005,0,1,1,0.049987,SUCCESS,sigmoid,
2026-06-02T17:50:08,85.0,15.0,sensor2_serial,1,2,6,2,120,202,20.000,20.004,0,2,2,0.099979,SUCCESS,sigmoid,
2026-06-02T17:50:28,85.0,15.0,sensor2_serial,1,2,6,2,120,201,20.000,20.004,0,2,2,0.099978,SUCCESS,sigmoid,
2026-06-02T17:50:48,85.0,15.0,sensor2_serial,1,2,6,2,120,200,20.000,20.005,0,2,2,0.099976,SUCCESS,sigmoid,
2026-06-02T17:51:08,85.0,15.0,sensor2_serial,1,2,6,2,120,199,20.000,20.005,0,2,2,0.099977,SUCCESS,sigmoid,
2026-06-02T17:51:29,85.0,15.0,sensor2_serial,1,2,6,2,120,198,20.000,20.004,0,1,1,0.049989,SUCCESS,sigmoid,
2026-06-02T17:51:49,85.0,15.0,sensor2_serial,1,2,6,2,120,197,20.000,20.005,0,2,2,0.099976,SUCCESS,sigmoid,
2026-06-02T17:52:09,85.0,15.0,sensor2_serial,1,2,6,2,120,196,20.000,20.004,0,1,1,0.049989,SUCCESS,sigmoid,
2026-06-02T17:52:29,85.0,15.0,sensor2_serial,1,2,6,2,120,195,20.000,20.005,0,0,0,0.000000,SUCCESS,sigmoid,
2026-06-02T17:52:49,85.0,15.0,sensor2_serial,1,2,6,2,120,194,20.000,20.004,0,0,0,0.000000,SUCCESS,sigmoid,
2026-06-02T17:53:23,86.0,14.0,sensor2_serial,1,0,4,0,120,255,20.000,20.005,0,3443541,3443541,172131.773268,SUCCESS,sigmoid,
2026-06-02T17:53:43,86.0,14.0,sensor2_serial,1,0,4,0,120,254,20.000,20.006,0,3535096,3535096,176705.326937,SUCCESS,sigmoid,
2026-06-02T17:54:03,86.0,14.0,sensor2_serial,1,0,4,0,120,253,20.000,20.006,0,3246940,3246940,162299.137994,SUCCESS,sigmoid,
2026-06-02T17:54:23,86.0,14.0,sensor2_serial,1,0,4,0,120,252,20.000,20.005,0,2880933,2880933,144012.105394,SUCCESS,sigmoid,
2026-06-02T17:54:43,86.0,14.0,sensor2_serial,1,0,4,0,120,251,20.000,20.005,0,1991908,1991908,99569.596631,SUCCESS,sigmoid,
2026-06-02T17:55:03,86.0,14.0,sensor2_serial,1,0,4,0,120,250,20.000,20.005,0,1308675,1308675,65418.049402,SUCCESS,sigmoid,
2026-06-02T17:55:23,86.0,14.0,sensor2_serial,1,0,4,0,120,249,20.000,20.005,0,812485,812485,40613.729831,SUCCESS,sigmoid,
2026-06-02T17:55:43,86.0,14.0,sensor2_serial,1,0,4,0,120,248,20.000,20.005,0,379553,379553,18972.610455,SUCCESS,sigmoid,
2026-06-02T17:56:03,86.0,14.0,sensor2_serial,1,0,4,0,120,247,20.000,20.005,0,379606,379606,18975.230579,SUCCESS,sigmoid,
2026-06-02T17:56:23,86.0,14.0,sensor2_serial,1,0,4,0,120,246,20.000,20.006,0,171200,171200,8557.606737,SUCCESS,sigmoid,
2026-06-02T17:56:43,86.0,14.0,sensor2_serial,1,0,4,0,120,245,20.000,20.005,0,80139,80139,4005.969974,SUCCESS,sigmoid,
2026-06-02T17:57:04,86.0,14.0,sensor2_serial,1,0,4,0,120,244,20.000,20.006,0,38489,38489,1923.917567,SUCCESS,sigmoid,
2026-06-02T17:57:24,86.0,14.0,sensor2_serial,1,0,4,0,120,243,20.000,20.006,0,38521,38521,1925.514692,SUCCESS,sigmoid,
2026-06-02T17:57:44,86.0,14.0,sensor2_serial,1,0,4,0,120,242,20.000,20.005,0,14069,14069,703.256727,SUCCESS,sigmoid,
2026-06-02T17:58:04,86.0,14.0,sensor2_serial,1,0,4,0,120,241,20.000,20.005,0,6801,6801,339.962240,SUCCESS,sigmoid,
2026-06-02T17:58:24,86.0,14.0,sensor2_serial,1,0,4,0,120,240,20.000,20.005,0,3171,3171,158.508020,SUCCESS,sigmoid,
2026-06-02T17:58:44,86.0,14.0,sensor2_serial,1,0,4,0,120,239,20.000,20.005,0,1164,1164,58.186354,SUCCESS,sigmoid,
2026-06-02T17:59:04,86.0,14.0,sensor2_serial,1,0,4,0,120,238,20.000,20.004,0,319,319,15.946486,SUCCESS,sigmoid,
2026-06-02T17:59:24,86.0,14.0,sensor2_serial,1,0,4,0,120,237,20.000,20.004,0,167,167,8.348230,SUCCESS,sigmoid,
2026-06-02T17:59:44,86.0,14.0,sensor2_serial,1,0,4,0,120,236,20.000,20.004,0,120,120,5.998677,SUCCESS,sigmoid,
2026-06-02T18:00:04,86.0,14.0,sensor2_serial,1,0,4,0,120,235,20.000,20.005,0,113,113,5.648457,SUCCESS,sigmoid,
2026-06-02T18:00:24,86.0,14.0,sensor2_serial,1,0,4,0,120,234,20.000,20.005,0,91,91,4.548971,SUCCESS,sigmoid,
2026-06-02T18:00:44,86.0,14.0,sensor2_serial,1,0,4,0,120,233,20.000,20.004,0,86,86,4.299040,SUCCESS,sigmoid,
2026-06-02T18:01:04,86.0,14.0,sensor2_serial,1,0,4,0,120,232,20.000,20.004,0,93,93,4.648970,SUCCESS,sigmoid,
2026-06-02T18:01:24,86.0,14.0,sensor2_serial,1,0,4,0,120,231,20.000,20.004,0,83,83,4.149087,SUCCESS,sigmoid,
2026-06-02T18:01:44,86.0,14.0,sensor2_serial,1,0,4,0,120,230,20.000,20.005,0,72,72,3.599058,SUCCESS,sigmoid,
2026-06-02T18:02:04,86.0,14.0,sensor2_serial,1,0,4,0,120,229,20.000,20.005,0,68,68,3.399087,SUCCESS,sigmoid,
2026-06-02T18:02:24,86.0,14.0,sensor2_serial,1,0,4,0,120,228,20.000,20.005,0,78,78,3.898938,SUCCESS,sigmoid,
2026-06-02T18:02:45,86.0,14.0,sensor2_serial,1,0,4,0,120,227,20.000,20.005,0,63,63,3.149260,SUCCESS,sigmoid,
2026-06-02T18:03:05,86.0,14.0,sensor2_serial,1,0,4,0,120,226,20.000,20.005,0,66,66,3.299233,SUCCESS,sigmoid,
2026-06-02T18:03:25,86.0,14.0,sensor2_serial,1,0,4,0,120,225,20.000,20.004,0,55,55,2.749397,SUCCESS,sigmoid,
2026-06-02T18:03:45,86.0,14.0,sensor2_serial,1,0,4,0,120,224,20.000,20.005,0,70,70,3.499185,SUCCESS,sigmoid,
2026-06-02T18:04:05,86.0,14.0,sensor2_serial,1,0,4,0,120,223,20.000,20.005,0,53,53,2.649382,SUCCESS,sigmoid,
2026-06-02T18:04:25,86.0,14.0,sensor2_serial,1,0,4,0,120,222,20.000,20.004,0,51,51,2.549471,SUCCESS,sigmoid,
2026-06-02T18:04:45,86.0,14.0,sensor2_serial,1,0,4,0,120,221,20.000,20.004,0,64,64,3.199346,SUCCESS,sigmoid,
2026-06-02T18:05:05,86.0,14.0,sensor2_serial,1,0,4,0,120,220,20.000,20.005,0,42,42,2.099484,SUCCESS,sigmoid,
2026-06-02T18:05:25,86.0,14.0,sensor2_serial,1,0,4,0,120,219,20.000,20.005,0,49,49,2.449443,SUCCESS,sigmoid,
2026-06-02T18:05:45,86.0,14.0,sensor2_serial,1,0,4,0,120,218,20.000,20.004,0,35,35,1.749615,SUCCESS,sigmoid,
2026-06-02T18:06:05,86.0,14.0,sensor2_serial,1,0,4,0,120,217,20.000,20.005,0,34,34,1.699539,SUCCESS,sigmoid,
2026-06-02T18:06:25,86.0,14.0,sensor2_serial,1,0,4,0,120,216,20.000,20.006,0,24,24,1.199664,SUCCESS,sigmoid,
2026-06-02T18:06:45,86.0,14.0,sensor2_serial,1,0,4,0,120,215,20.000,20.004,0,28,28,1.399687,SUCCESS,sigmoid,
2026-06-02T18:07:05,86.0,14.0,sensor2_serial,1,0,4,0,120,214,20.000,20.004,0,29,29,1.449699,SUCCESS,sigmoid,
2026-06-02T18:07:25,86.0,14.0,sensor2_serial,1,0,4,0,120,213,20.000,20.004,0,25,25,1.249747,SUCCESS,sigmoid,
2026-06-02T18:07:45,86.0,14.0,sensor2_serial,1,0,4,0,120,212,20.000,20.005,0,24,24,1.199689,SUCCESS,sigmoid,
2026-06-02T18:08:05,86.0,14.0,sensor2_serial,1,0,4,0,120,211,20.000,20.005,0,16,16,0.799786,SUCCESS,sigmoid,
2026-06-02T18:08:26,86.0,14.0,sensor2_serial,1,0,4,0,120,210,20.000,20.005,0,20,20,0.999741,SUCCESS,sigmoid,
2026-06-02T18:08:46,86.0,14.0,sensor2_serial,1,0,4,0,120,209,20.000,20.005,0,9,9,0.449897,SUCCESS,sigmoid,
2026-06-02T18:09:06,86.0,14.0,sensor2_serial,1,0,4,0,120,208,20.000,20.004,0,12,12,0.599871,SUCCESS,sigmoid,
2026-06-02T18:09:26,86.0,14.0,sensor2_serial,1,0,4,0,120,207,20.000,20.005,0,12,12,0.599844,SUCCESS,sigmoid,
2026-06-02T18:09:46,86.0,14.0,sensor2_serial,1,0,4,0,120,206,20.000,20.005,0,8,8,0.399909,SUCCESS,sigmoid,
2026-06-02T18:10:06,86.0,14.0,sensor2_serial,1,0,4,0,120,205,20.000,20.005,0,5,5,0.249942,SUCCESS,sigmoid,
2026-06-02T18:10:26,86.0,14.0,sensor2_serial,1,0,4,0,120,204,20.000,20.005,0,4,4,0.199953,SUCCESS,sigmoid,
2026-06-02T18:10:46,86.0,14.0,sensor2_serial,1,0,4,0,120,203,20.000,20.005,0,3,3,0.149964,SUCCESS,sigmoid,
2026-06-02T18:11:06,86.0,14.0,sensor2_serial,1,0,4,0,120,202,20.000,20.004,0,10,10,0.499893,SUCCESS,sigmoid,
2026-06-02T18:11:26,86.0,14.0,sensor2_serial,1,0,4,0,120,201,20.000,20.004,0,4,4,0.199957,SUCCESS,sigmoid,
2026-06-02T18:11:46,86.0,14.0,sensor2_serial,1,0,4,0,120,200,20.000,20.005,0,6,6,0.299925,SUCCESS,sigmoid,
2026-06-02T18:12:06,86.0,14.0,sensor2_serial,1,0,4,0,120,199,20.000,20.004,0,0,0,0.000000,SUCCESS,sigmoid,
2026-06-02T18:12:26,86.0,14.0,sensor2_serial,1,0,4,0,120,198,20.000,20.004,0,6,6,0.299935,SUCCESS,sigmoid,
2026-06-02T18:12:46,86.0,14.0,sensor2_serial,1,0,4,0,120,197,20.000,20.005,0,6,6,0.299931,SUCCESS,sigmoid,
2026-06-02T18:13:06,86.0,14.0,sensor2_serial,1,0,4,0,120,196,20.000,20.004,0,1,1,0.049990,SUCCESS,sigmoid,
2026-06-02T18:13:26,86.0,14.0,sensor2_serial,1,0,4,0,120,195,20.000,20.005,0,6,6,0.299932,SUCCESS,sigmoid,
2026-06-02T18:13:46,86.0,14.0,sensor2_serial,1,0,4,0,120,194,20.000,20.005,0,2,2,0.099973,SUCCESS,sigmoid,
2026-06-02T18:14:07,86.0,14.0,sensor2_serial,1,0,4,0,120,193,20.000,20.005,0,0,0,0.000000,SUCCESS,sigmoid,
2026-06-02T18:14:27,86.0,14.0,sensor2_serial,1,0,4,0,120,192,20.000,20.005,0,1,1,0.049988,SUCCESS,sigmoid,
2026-06-02T18:14:47,86.0,14.0,sensor2_serial,1,0,4,0,120,191,20.000,20.004,0,2,2,0.099979,SUCCESS,sigmoid,
2026-06-02T18:15:07,86.0,14.0,sensor2_serial,1,0,4,0,120,190,20.000,20.005,0,0,0,0.000000,SUCCESS,sigmoid,
2026-06-02T18:15:27,86.0,14.0,sensor2_serial,1,0,4,0,120,189,20.000,20.005,0,1,1,0.049988,SUCCESS,sigmoid,
2026-06-02T18:15:47,86.0,14.0,sensor2_serial,1,0,4,0,120,188,20.000,20.004,0,3,3,0.149967,SUCCESS,sigmoid,
2026-06-02T18:16:07,86.0,14.0,sensor2_serial,1,0,4,0,120,187,20.000,20.005,0,0,0,0.000000,SUCCESS,sigmoid,
2026-06-02T18:16:27,86.0,14.0,sensor2_serial,1,0,4,0,120,186,20.000,20.005,0,1,1,0.049987,SUCCESS,sigmoid,
2026-06-02T18:16:47,86.0,14.0,sensor2_serial,1,0,4,0,120,185,20.000,20.004,0,1,1,0.049989,SUCCESS,sigmoid,
2026-06-02T18:17:07,86.0,14.0,sensor2_serial,1,0,4,0,120,184,20.000,20.004,0,1,1,0.049989,SUCCESS,sigmoid,
2026-06-02T18:17:27,86.0,14.0,sensor2_serial,1,0,4,0,120,183,20.000,20.005,0,0,0,0.000000,SUCCESS,sigmoid,
2026-06-02T18:17:47,86.0,14.0,sensor2_serial,1,0,4,0,120,182,20.000,20.004,0,0,0,0.000000,SUCCESS,sigmoid,
2026-06-02T18:18:07,86.0,14.0,sensor2_serial,1,1,5,1,120,255,20.000,20.006,0,1777212,1777212,88835.914556,SUCCESS,sigmoid,
2026-06-02T18:18:27,86.0,14.0,sensor2_serial,1,1,5,1,120,254,20.000,20.005,0,1764415,1764415,88198.531637,SUCCESS,sigmoid,
2026-06-02T18:18:47,86.0,14.0,sensor2_serial,1,1,5,1,120,253,20.000,20.005,0,2026574,2026574,101302.302688,SUCCESS,sigmoid,
2026-06-02T18:19:07,86.0,14.0,sensor2_serial,1,1,5,1,120,252,20.000,20.005,0,2196776,2196776,109809.143993,SUCCESS,sigmoid,
2026-06-02T18:19:27,86.0,14.0,sensor2_serial,1,1,5,1,120,251,20.000,20.005,0,2345197,2345197,117227.926292,SUCCESS,sigmoid,
2026-06-02T18:19:48,86.0,14.0,sensor2_serial,1,1,5,1,120,250,20.000,20.004,0,2716934,2716934,135818.542524,SUCCESS,sigmoid,
2026-06-02T18:20:08,86.0,14.0,sensor2_serial,1,1,5,1,120,249,20.000,20.005,0,2939856,2939856,146954.674788,SUCCESS,sigmoid,
2026-06-02T18:20:28,86.0,14.0,sensor2_serial,1,1,5,1,120,248,20.000,20.005,0,2995889,2995889,149753.725937,SUCCESS,sigmoid,
2026-06-02T18:20:48,86.0,14.0,sensor2_serial,1,1,5,1,120,247,20.000,20.005,0,2746573,2746573,137297.135161,SUCCESS,sigmoid,
2026-06-02T18:21:08,86.0,14.0,sensor2_serial,1,1,5,1,120,246,20.000,20.006,0,2224739,2224739,111205.685279,SUCCESS,sigmoid,
2026-06-02T18:21:28,86.0,14.0,sensor2_serial,1,1,5,1,120,245,20.000,20.005,0,1434133,1434133,71687.991792,SUCCESS,sigmoid,
2026-06-02T18:21:48,86.0,14.0,sensor2_serial,1,1,5,1,120,244,20.000,20.005,0,945845,945845,47281.152022,SUCCESS,sigmoid,
2026-06-02T18:22:08,86.0,14.0,sensor2_serial,1,1,5,1,120,243,20.000,20.005,0,767592,767592,38369.342845,SUCCESS,sigmoid,
2026-06-02T18:22:28,86.0,14.0,sensor2_serial,1,1,5,1,120,242,20.000,20.005,0,371810,371810,18585.610885,SUCCESS,sigmoid,
2026-06-02T18:22:48,86.0,14.0,sensor2_serial,1,1,5,1,120,241,20.000,20.007,0,167221,167221,8358.309036,SUCCESS,sigmoid,
2026-06-02T18:23:08,86.0,14.0,sensor2_serial,1,1,5,1,120,240,20.000,20.005,0,76618,76618,3829.853487,SUCCESS,sigmoid,
2026-06-02T18:23:28,86.0,14.0,sensor2_serial,1,1,5,1,120,239,20.000,20.005,0,58098,58098,2904.153761,SUCCESS,sigmoid,
2026-06-02T18:23:48,86.0,14.0,sensor2_serial,1,1,5,1,120,238,20.000,20.005,0,30236,30236,1511.388957,SUCCESS,sigmoid,
2026-06-02T18:24:08,86.0,14.0,sensor2_serial,1,1,5,1,120,237,20.000,20.005,0,9615,9615,480.623791,SUCCESS,sigmoid,
2026-06-02T18:24:28,86.0,14.0,sensor2_serial,1,1,5,1,120,236,20.000,20.004,0,3667,3667,183.310572,SUCCESS,sigmoid,
2026-06-02T18:24:48,86.0,14.0,sensor2_serial,1,1,5,1,120,235,20.000,20.005,0,2593,2593,129.615448,SUCCESS,sigmoid,
2026-06-02T18:25:08,86.0,14.0,sensor2_serial,1,1,5,1,120,234,20.000,20.005,0,945,945,47.237729,SUCCESS,sigmoid,
2026-06-02T18:25:29,86.0,14.0,sensor2_serial,1,1,5,1,120,233,20.000,20.004,0,356,356,17.796010,SUCCESS,sigmoid,
2026-06-02T18:25:49,86.0,14.0,sensor2_serial,1,1,5,1,120,232,20.000,20.005,0,179,179,8.947673,SUCCESS,sigmoid,
2026-06-02T18:26:09,86.0,14.0,sensor2_serial,1,1,5,1,120,231,20.000,20.005,0,120,120,5.998392,SUCCESS,sigmoid,
2026-06-02T18:26:29,86.0,14.0,sensor2_serial,1,1,5,1,120,230,20.000,20.005,0,98,98,4.898765,SUCCESS,sigmoid,
2026-06-02T18:26:49,86.0,14.0,sensor2_serial,1,1,5,1,120,229,20.000,20.005,0,91,91,4.548836,SUCCESS,sigmoid,
2026-06-02T18:27:09,86.0,14.0,sensor2_serial,1,1,5,1,120,228,20.000,20.005,0,59,59,2.949307,SUCCESS,sigmoid,
2026-06-02T18:27:29,86.0,14.0,sensor2_serial,1,1,5,1,120,227,20.000,20.004,0,74,74,3.699191,SUCCESS,sigmoid,
2026-06-02T18:27:49,86.0,14.0,sensor2_serial,1,1,5,1,120,226,20.000,20.006,0,82,82,4.098853,SUCCESS,sigmoid,
2026-06-02T18:28:09,86.0,14.0,sensor2_serial,1,1,5,1,120,225,20.000,20.004,0,73,73,3.649233,SUCCESS,sigmoid,
2026-06-02T18:28:29,86.0,14.0,sensor2_serial,1,1,5,1,120,224,20.000,20.005,0,59,59,2.949238,SUCCESS,sigmoid,
2026-06-02T18:28:49,86.0,14.0,sensor2_serial,1,1,5,1,120,223,20.000,20.005,0,61,61,3.049213,SUCCESS,sigmoid,
2026-06-02T18:29:09,86.0,14.0,sensor2_serial,1,1,5,1,120,222,20.000,20.004,0,63,63,3.149311,SUCCESS,sigmoid,
2026-06-02T18:29:29,86.0,14.0,sensor2_serial,1,1,5,1,120,221,20.000,20.005,0,58,58,2.899260,SUCCESS,sigmoid,
2026-06-02T18:29:49,86.0,14.0,sensor2_serial,1,1,5,1,120,220,20.000,20.005,0,53,53,2.649363,SUCCESS,sigmoid,
2026-06-02T18:30:09,86.0,14.0,sensor2_serial,1,1,5,1,120,219,20.000,20.004,0,41,41,2.049567,SUCCESS,sigmoid,
2026-06-02T18:30:29,86.0,14.0,sensor2_serial,1,1,5,1,120,218,20.000,20.005,0,42,42,2.099428,SUCCESS,sigmoid,
2026-06-02T18:30:49,86.0,14.0,sensor2_serial,1,1,5,1,120,217,20.000,20.005,0,36,36,1.799584,SUCCESS,sigmoid,
2026-06-02T18:31:10,86.0,14.0,sensor2_serial,1,1,5,1,120,216,20.000,20.004,0,38,38,1.899604,SUCCESS,sigmoid,
2026-06-02T18:31:30,86.0,14.0,sensor2_serial,1,1,5,1,120,215,20.000,20.006,0,30,30,1.499587,SUCCESS,sigmoid,
2026-06-02T18:31:50,86.0,14.0,sensor2_serial,1,1,5,1,120,214,20.000,20.004,0,45,45,2.249546,SUCCESS,sigmoid,
2026-06-02T18:32:10,86.0,14.0,sensor2_serial,1,1,5,1,120,213,20.000,20.004,0,25,25,1.249724,SUCCESS,sigmoid,
2026-06-02T18:32:30,86.0,14.0,sensor2_serial,1,1,5,1,120,212,20.000,20.005,0,24,24,1.199691,SUCCESS,sigmoid,
2026-06-02T18:32:50,86.0,14.0,sensor2_serial,1,1,5,1,120,211,20.000,20.005,0,28,28,1.399625,SUCCESS,sigmoid,
2026-06-02T18:33:10,86.0,14.0,sensor2_serial,1,1,5,1,120,210,20.000,20.004,0,24,24,1.199739,SUCCESS,sigmoid,
2026-06-02T18:33:30,86.0,14.0,sensor2_serial,1,1,5,1,120,209,20.000,20.004,0,15,15,0.749846,SUCCESS,sigmoid,
2026-06-02T18:33:50,86.0,14.0,sensor2_serial,1,1,5,1,120,208,20.000,20.005,0,15,15,0.749824,SUCCESS,sigmoid,
2026-06-02T18:34:10,86.0,14.0,sensor2_serial,1,1,5,1,120,207,20.000,20.004,0,20,20,0.999776,SUCCESS,sigmoid,
2026-06-02T18:34:30,86.0,14.0,sensor2_serial,1,1,5,1,120,206,20.000,20.005,0,18,18,0.899771,SUCCESS,sigmoid,
2026-06-02T18:34:50,86.0,14.0,sensor2_serial,1,1,5,1,120,205,20.000,20.006,0,15,15,0.749793,SUCCESS,sigmoid,
2026-06-02T18:35:10,86.0,14.0,sensor2_serial,1,1,5,1,120,204,20.000,20.005,0,14,14,0.699838,SUCCESS,sigmoid,
2026-06-02T18:35:30,86.0,14.0,sensor2_serial,1,1,5,1,120,203,20.000,20.004,0,12,12,0.599868,SUCCESS,sigmoid,
2026-06-02T18:35:50,86.0,14.0,sensor2_serial,1,1,5,1,120,202,20.000,20.005,0,15,15,0.749822,SUCCESS,sigmoid,
2026-06-02T18:36:10,86.0,14.0,sensor2_serial,1,1,5,1,120,201,20.000,20.004,0,7,7,0.349925,SUCCESS,sigmoid,
2026-06-02T18:36:31,86.0,14.0,sensor2_serial,1,1,5,1,120,200,20.000,20.004,0,11,11,0.549884,SUCCESS,sigmoid,
2026-06-02T18:36:51,86.0,14.0,sensor2_serial,1,1,5,1,120,199,20.000,20.004,0,2,2,0.099978,SUCCESS,sigmoid,
2026-06-02T18:37:11,86.0,14.0,sensor2_serial,1,1,5,1,120,198,20.000,20.004,0,7,7,0.349923,SUCCESS,sigmoid,
2026-06-02T18:37:31,86.0,14.0,sensor2_serial,1,1,5,1,120,197,20.000,20.005,0,7,7,0.349909,SUCCESS,sigmoid,
2026-06-02T18:37:51,86.0,14.0,sensor2_serial,1,1,5,1,120,196,20.000,20.005,0,7,7,0.349911,SUCCESS,sigmoid,
2026-06-02T18:38:11,86.0,14.0,sensor2_serial,1,1,5,1,120,195,20.000,20.004,0,4,4,0.199957,SUCCESS,sigmoid,
2026-06-02T18:38:31,86.0,14.0,sensor2_serial,1,1,5,1,120,194,20.000,20.004,0,2,2,0.099978,SUCCESS,sigmoid,
2026-06-02T18:38:51,86.0,14.0,sensor2_serial,1,1,5,1,120,193,20.000,20.004,0,2,2,0.099978,SUCCESS,sigmoid,
2026-06-02T18:39:11,86.0,14.0,sensor2_serial,1,1,5,1,120,192,20.000,20.004,0,2,2,0.099979,SUCCESS,sigmoid,
2026-06-02T18:39:31,86.0,14.0,sensor2_serial,1,1,5,1,120,191,20.000,20.004,0,2,2,0.099979,SUCCESS,sigmoid,
2026-06-02T18:39:51,86.0,14.0,sensor2_serial,1,1,5,1,120,190,20.000,20.005,0,0,0,0.000000,SUCCESS,sigmoid,
2026-06-02T18:40:11,86.0,14.0,sensor2_serial,1,1,5,1,120,189,20.000,20.004,0,1,1,0.049989,SUCCESS,sigmoid,
2026-06-02T18:40:31,86.0,14.0,sensor2_serial,1,1,5,1,120,188,20.000,20.004,0,4,4,0.199956,SUCCESS,sigmoid,
2026-06-02T18:40:51,86.0,14.0,sensor2_serial,1,1,5,1,120,187,20.000,20.004,0,2,2,0.099979,SUCCESS,sigmoid,
2026-06-02T18:41:11,86.0,14.0,sensor2_serial,1,1,5,1,120,186,20.000,20.004,0,2,2,0.099978,SUCCESS,sigmoid,
2026-06-02T18:41:31,86.0,14.0,sensor2_serial,1,1,5,1,120,185,20.000,20.005,0,0,0,0.000000,SUCCESS,sigmoid,
2026-06-02T18:41:51,86.0,14.0,sensor2_serial,1,1,5,1,120,184,20.000,20.005,0,1,1,0.049988,SUCCESS,sigmoid,
2026-06-02T18:42:12,86.0,14.0,sensor2_serial,1,1,5,1,120,183,20.000,20.004,0,1,1,0.049990,SUCCESS,sigmoid,
2026-06-02T18:42:32,86.0,14.0,sensor2_serial,1,1,5,1,120,182,20.000,20.004,0,1,1,0.049989,SUCCESS,sigmoid,
2026-06-02T18:42:52,86.0,14.0,sensor2_serial,1,1,5,1,120,181,20.000,20.004,0,0,0,0.000000,SUCCESS,sigmoid,
2026-06-02T18:43:12,86.0,14.0,sensor2_serial,1,1,5,1,120,180,20.000,20.005,0,0,0,0.000000,SUCCESS,sigmoid,
2026-06-02T18:43:32,86.0,14.0,sensor2_serial,1,2,6,2,120,255,20.000,20.005,0,1789434,1789434,89449.441627,SUCCESS,sigmoid,
2026-06-02T18:43:52,86.0,14.0,sensor2_serial,1,2,6,2,120,254,20.000,20.005,0,1813437,1813437,90647.354944,SUCCESS,sigmoid,
2026-06-02T18:44:12,86.0,14.0,sensor2_serial,1,2,6,2,120,253,20.000,20.006,0,1802316,1802316,90090.777672,SUCCESS,sigmoid,
2026-06-02T18:44:32,86.0,14.0,sensor2_serial,1,2,6,2,120,252,20.000,20.005,0,2007467,2007467,100346.394328,SUCCESS,sigmoid,
2026-06-02T18:44:52,86.0,14.0,sensor2_serial,1,2,6,2,120,251,20.000,20.005,0,2112716,2112716,105607.166770,SUCCESS,sigmoid,
2026-06-02T18:45:12,86.0,14.0,sensor2_serial,1,2,6,2,120,250,20.000,20.006,0,2401100,2401100,120021.095210,SUCCESS,sigmoid,
2026-06-02T18:45:32,86.0,14.0,sensor2_serial,1,2,6,2,120,249,20.000,20.006,0,2631096,2631096,131517.589554,SUCCESS,sigmoid,
2026-06-02T18:45:52,86.0,14.0,sensor2_serial,1,2,6,2,120,248,20.000,20.005,0,2913700,2913700,145645.052951,SUCCESS,sigmoid,
2026-06-02T18:46:12,86.0,14.0,sensor2_serial,1,2,6,2,120,247,20.000,20.006,0,3069063,3069063,153410.615838,SUCCESS,sigmoid,
2026-06-02T18:46:32,86.0,14.0,sensor2_serial,1,2,6,2,120,246,20.000,20.005,0,2651397,2651397,132535.993205,SUCCESS,sigmoid,
2026-06-02T18:46:52,86.0,14.0,sensor2_serial,1,2,6,2,120,245,20.000,20.005,0,2300025,2300025,114970.352244,SUCCESS,sigmoid,
2026-06-02T18:47:12,86.0,14.0,sensor2_serial,1,2,6,2,120,244,20.000,20.006,0,1559462,1559462,77949.925795,SUCCESS,sigmoid,
2026-06-02T18:47:32,86.0,14.0,sensor2_serial,1,2,6,2,120,243,20.000,20.005,0,1189099,1189099,59439.045468,SUCCESS,sigmoid,
2026-06-02T18:47:53,86.0,14.0,sensor2_serial,1,2,6,2,120,242,20.000,20.005,0,652472,652472,32614.699647,SUCCESS,sigmoid,
2026-06-02T18:48:13,86.0,14.0,sensor2_serial,1,2,6,2,120,241,20.000,20.005,0,393081,393081,19648.660127,SUCCESS,sigmoid,
2026-06-02T18:48:33,86.0,14.0,sensor2_serial,1,2,6,2,120,240,20.000,20.006,0,180745,180745,9034.688526,SUCCESS,sigmoid,
2026-06-02T18:48:53,86.0,14.0,sensor2_serial,1,2,6,2,120,239,20.000,20.005,0,112332,112332,5615.221666,SUCCESS,sigmoid,
2026-06-02T18:49:13,86.0,14.0,sensor2_serial,1,2,6,2,120,238,20.000,20.005,0,48052,48052,2402.004782,SUCCESS,sigmoid,
2026-06-02T18:49:33,86.0,14.0,sensor2_serial,1,2,6,2,120,237,20.000,20.006,0,23288,23288,1164.060146,SUCCESS,sigmoid,
2026-06-02T18:49:53,86.0,14.0,sensor2_serial,1,2,6,2,120,236,20.000,20.005,0,8669,8669,433.334215,SUCCESS,sigmoid,
2026-06-02T18:50:13,86.0,14.0,sensor2_serial,1,2,6,2,120,235,20.000,20.006,0,5994,5994,299.617308,SUCCESS,sigmoid,
2026-06-02T18:50:33,86.0,14.0,sensor2_serial,1,2,6,2,120,234,20.000,20.005,0,2703,2703,135.113306,SUCCESS,sigmoid,
2026-06-02T18:50:53,86.0,14.0,sensor2_serial,1,2,6,2,120,233,20.000,20.005,0,1435,1435,71.732402,SUCCESS,sigmoid,
2026-06-02T18:51:13,86.0,14.0,sensor2_serial,1,2,6,2,120,232,20.000,20.005,0,521,521,26.043116,SUCCESS,sigmoid,
2026-06-02T18:51:33,86.0,14.0,sensor2_serial,1,2,6,2,120,231,20.000,20.005,0,183,183,9.147555,SUCCESS,sigmoid,
2026-06-02T18:51:53,86.0,14.0,sensor2_serial,1,2,6,2,120,230,20.000,20.005,0,125,125,6.248350,SUCCESS,sigmoid,
2026-06-02T18:52:13,86.0,14.0,sensor2_serial,1,2,6,2,120,229,20.000,20.004,0,105,105,5.248883,SUCCESS,sigmoid,
2026-06-02T18:52:33,86.0,14.0,sensor2_serial,1,2,6,2,120,228,20.000,20.005,0,88,88,4.398912,SUCCESS,sigmoid,
2026-06-02T18:52:53,86.0,14.0,sensor2_serial,1,2,6,2,120,227,20.000,20.005,0,85,85,4.248955,SUCCESS,sigmoid,
2026-06-02T18:53:13,86.0,14.0,sensor2_serial,1,2,6,2,120,226,20.000,20.005,0,90,90,4.498949,SUCCESS,sigmoid,
2026-06-02T18:53:34,86.0,14.0,sensor2_serial,1,2,6,2,120,225,20.000,20.005,0,82,82,4.098985,SUCCESS,sigmoid,
2026-06-02T18:53:54,86.0,14.0,sensor2_serial,1,2,6,2,120,224,20.000,20.005,0,59,59,2.949323,SUCCESS,sigmoid,
2026-06-02T18:54:14,86.0,14.0,sensor2_serial,1,2,6,2,120,223,20.000,20.005,0,66,66,3.299231,SUCCESS,sigmoid,
2026-06-02T18:54:34,86.0,14.0,sensor2_serial,1,2,6,2,120,222,20.000,20.005,0,59,59,2.949236,SUCCESS,sigmoid,
2026-06-02T18:54:54,86.0,14.0,sensor2_serial,1,2,6,2,120,221,20.000,20.004,0,47,47,2.349477,SUCCESS,sigmoid,
2026-06-02T18:55:14,86.0,14.0,sensor2_serial,1,2,6,2,120,220,20.000,20.005,0,55,55,2.749379,SUCCESS,sigmoid,
2026-06-02T18:55:34,86.0,14.0,sensor2_serial,1,2,6,2,120,219,20.000,20.005,0,47,47,2.349392,SUCCESS,sigmoid,
2026-06-02T18:55:54,86.0,14.0,sensor2_serial,1,2,6,2,120,218,20.000,20.004,0,43,43,2.149548,SUCCESS,sigmoid,
2026-06-02T18:56:14,86.0,14.0,sensor2_serial,1,2,6,2,120,217,20.000,20.005,0,45,45,2.249397,SUCCESS,sigmoid,
2026-06-02T18:56:34,86.0,14.0,sensor2_serial,1,2,6,2,120,216,20.000,20.004,0,34,34,1.699639,SUCCESS,sigmoid,
2026-06-02T18:56:54,86.0,14.0,sensor2_serial,1,2,6,2,120,215,20.000,20.004,0,36,36,1.799609,SUCCESS,sigmoid,
2026-06-02T18:57:14,86.0,14.0,sensor2_serial,1,2,6,2,120,214,20.000,20.006,0,36,36,1.799495,SUCCESS,sigmoid,
2026-06-02T18:57:34,86.0,14.0,sensor2_serial,1,2,6,2,120,213,20.000,20.004,0,24,24,1.199753,SUCCESS,sigmoid,
2026-06-02T18:57:54,86.0,14.0,sensor2_serial,1,2,6,2,120,212,20.000,20.004,0,18,18,0.899808,SUCCESS,sigmoid,
2026-06-02T18:58:14,86.0,14.0,sensor2_serial,1,2,6,2,120,211,20.000,20.005,0,23,23,1.149706,SUCCESS,sigmoid,
2026-06-02T18:58:34,86.0,14.0,sensor2_serial,1,2,6,2,120,210,20.000,20.004,0,27,27,1.349703,SUCCESS,sigmoid,
2026-06-02T18:58:54,86.0,14.0,sensor2_serial,1,2,6,2,120,209,20.000,20.005,0,26,26,1.299701,SUCCESS,sigmoid,
2026-06-02T18:59:15,86.0,14.0,sensor2_serial,1,2,6,2,120,208,20.000,20.005,0,16,16,0.799820,SUCCESS,sigmoid,
2026-06-02T18:59:35,86.0,14.0,sensor2_serial,1,2,6,2,120,207,20.000,20.004,0,23,23,1.149755,SUCCESS,sigmoid,
2026-06-02T18:59:55,86.0,14.0,sensor2_serial,1,2,6,2,120,206,20.000,20.004,0,13,13,0.649867,SUCCESS,sigmoid,
2026-06-02T19:00:15,86.0,14.0,sensor2_serial,1,2,6,2,120,205,20.000,20.005,0,10,10,0.499871,SUCCESS,sigmoid,
2026-06-02T19:00:35,86.0,14.0,sensor2_serial,1,2,6,2,120,204,20.000,20.005,0,6,6,0.299932,SUCCESS,sigmoid,
2026-06-02T19:00:55,86.0,14.0,sensor2_serial,1,2,6,2,120,203,20.000,20.004,0,12,12,0.599870,SUCCESS,sigmoid,
2026-06-02T19:01:15,86.0,14.0,sensor2_serial,1,2,6,2,120,202,20.000,20.005,0,4,4,0.199952,SUCCESS,sigmoid,
2026-06-02T19:01:35,86.0,14.0,sensor2_serial,1,2,6,2,120,201,20.000,20.004,0,8,8,0.399911,SUCCESS,sigmoid,
2026-06-02T19:01:55,86.0,14.0,sensor2_serial,1,2,6,2,120,200,20.000,20.004,0,6,6,0.299935,SUCCESS,sigmoid,
2026-06-02T19:02:15,86.0,14.0,sensor2_serial,1,2,6,2,120,199,20.000,20.004,0,5,5,0.249948,SUCCESS,sigmoid,
2026-06-02T19:02:35,86.0,14.0,sensor2_serial,1,2,6,2,120,198,20.000,20.004,0,7,7,0.349922,SUCCESS,sigmoid,
2026-06-02T19:02:55,86.0,14.0,sensor2_serial,1,2,6,2,120,197,20.000,20.005,0,6,6,0.299930,SUCCESS,sigmoid,
2026-06-02T19:03:15,86.0,14.0,sensor2_serial,1,2,6,2,120,196,20.000,20.004,0,2,2,0.099978,SUCCESS,sigmoid,
2026-06-02T19:03:35,86.0,14.0,sensor2_serial,1,2,6,2,120,195,20.000,20.004,0,3,3,0.149967,SUCCESS,sigmoid,
2026-06-02T19:03:55,86.0,14.0,sensor2_serial,1,2,6,2,120,194,20.000,20.005,0,3,3,0.149964,SUCCESS,sigmoid,
2026-06-02T19:04:15,86.0,14.0,sensor2_serial,1,2,6,2,120,193,20.000,20.005,0,3,3,0.149961,SUCCESS,sigmoid,
2026-06-02T19:04:36,86.0,14.0,sensor2_serial,1,2,6,2,120,192,20.000,20.005,0,0,0,0.000000,SUCCESS,sigmoid,
2026-06-02T19:04:56,86.0,14.0,sensor2_serial,1,2,6,2,120,191,20.000,20.005,0,2,2,0.099976,SUCCESS,sigmoid,
2026-06-02T19:05:16,86.0,14.0,sensor2_serial,1,2,6,2,120,190,20.000,20.005,0,2,2,0.099976,SUCCESS,sigmoid,
2026-06-02T19:05:36,86.0,14.0,sensor2_serial,1,2,6,2,120,189,20.000,20.005,0,1,1,0.049987,SUCCESS,sigmoid,
2026-06-02T19:05:56,86.0,14.0,sensor2_serial,1,2,6,2,120,188,20.000,20.005,0,2,2,0.099978,SUCCESS,sigmoid,
2026-06-02T19:06:16,86.0,14.0,sensor2_serial,1,2,6,2,120,187,20.000,20.005,0,0,0,0.000000,SUCCESS,sigmoid,
2026-06-02T19:06:36,86.0,14.0,sensor2_serial,1,2,6,2,120,186,20.000,20.005,0,1,1,0.049987,SUCCESS,sigmoid,
2026-06-02T19:06:56,86.0,14.0,sensor2_serial,1,2,6,2,120,185,20.000,20.005,0,0,0,0.000000,SUCCESS,sigmoid,
2026-06-02T19:07:16,86.0,14.0,sensor2_serial,1,2,6,2,120,184,20.000,20.005,0,4,4,0.199945,SUCCESS,sigmoid,
2026-06-02T19:07:36,86.0,14.0,sensor2_serial,1,2,6,2,120,183,20.000,20.004,0,0,0,0.000000,SUCCESS,sigmoid,
2026-06-02T19:07:56,86.0,14.0,sensor2_serial,1,2,6,2,120,182,20.000,20.005,0,1,1,0.049988,SUCCESS,sigmoid,
2026-06-02T19:08:16,86.0,14.0,sensor2_serial,1,2,6,2,120,181,20.000,20.005,0,0,0,0.000000,SUCCESS,sigmoid,
2026-06-02T19:08:36,86.0,14.0,sensor2_serial,1,2,6,2,120,180,20.000,20.005,0,0,0,0.000000,SUCCESS,sigmoid,
2026-06-02T19:09:10,87.0,13.0,sensor2_serial,1,0,4,0,120,255,20.000,20.006,0,3462477,3462477,173075.430355,SUCCESS,sigmoid,
2026-06-02T19:09:30,87.0,13.0,sensor2_serial,1,0,4,0,120,254,20.000,20.005,0,3540620,3540620,176983.164420,SUCCESS,sigmoid,
2026-06-02T19:09:50,87.0,13.0,sensor2_serial,1,0,4,0,120,253,20.000,20.005,0,3346543,3346543,167282.456835,SUCCESS,sigmoid,
2026-06-02T19:10:10,87.0,13.0,sensor2_serial,1,0,4,0,120,252,20.000,20.005,0,2711804,2711804,135553.953096,SUCCESS,sigmoid,
2026-06-02T19:10:31,87.0,13.0,sensor2_serial,1,0,4,0,120,251,20.000,20.006,0,1940195,1940195,96982.573032,SUCCESS,sigmoid,
2026-06-02T19:10:51,87.0,13.0,sensor2_serial,1,0,4,0,120,250,20.000,20.005,0,1295595,1295595,64763.169730,SUCCESS,sigmoid,
2026-06-02T19:11:11,87.0,13.0,sensor2_serial,1,0,4,0,120,249,20.000,20.005,0,791893,791893,39584.144069,SUCCESS,sigmoid,
2026-06-02T19:11:31,87.0,13.0,sensor2_serial,1,0,4,0,120,248,20.000,20.005,0,395234,395234,19756.455074,SUCCESS,sigmoid,
2026-06-02T19:11:51,87.0,13.0,sensor2_serial,1,0,4,0,120,247,20.000,20.005,0,303711,303711,15181.690966,SUCCESS,sigmoid,
2026-06-02T19:12:11,87.0,13.0,sensor2_serial,1,0,4,0,120,246,20.000,20.006,0,146464,146464,7321.146859,SUCCESS,sigmoid,
2026-06-02T19:12:31,87.0,13.0,sensor2_serial,1,0,4,0,120,245,20.000,20.005,0,78633,78633,3930.577463,SUCCESS,sigmoid,
2026-06-02T19:12:51,87.0,13.0,sensor2_serial,1,0,4,0,120,244,20.000,20.005,0,39602,39602,1979.589469,SUCCESS,sigmoid,
2026-06-02T19:13:11,87.0,13.0,sensor2_serial,1,0,4,0,120,243,20.000,20.006,0,39631,39631,1981.002265,SUCCESS,sigmoid,
2026-06-02T19:13:31,87.0,13.0,sensor2_serial,1,0,4,0,120,242,20.000,20.005,0,15332,15332,766.394775,SUCCESS,sigmoid,
2026-06-02T19:13:51,87.0,13.0,sensor2_serial,1,0,4,0,120,241,20.000,20.006,0,5945,5945,297.165094,SUCCESS,sigmoid,
2026-06-02T19:14:11,87.0,13.0,sensor2_serial,1,0,4,0,120,240,20.000,20.005,0,2332,2332,116.568931,SUCCESS,sigmoid,
2026-06-02T19:14:31,87.0,13.0,sensor2_serial,1,0,4,0,120,239,20.000,20.005,0,1103,1103,55.135046,SUCCESS,sigmoid,
2026-06-02T19:14:51,87.0,13.0,sensor2_serial,1,0,4,0,120,238,20.000,20.005,0,445,445,22.243908,SUCCESS,sigmoid,
2026-06-02T19:15:11,87.0,13.0,sensor2_serial,1,0,4,0,120,237,20.000,20.005,0,263,263,13.146619,SUCCESS,sigmoid,
2026-06-02T19:15:31,87.0,13.0,sensor2_serial,1,0,4,0,120,236,20.000,20.005,0,176,176,8.797827,SUCCESS,sigmoid,
2026-06-02T19:15:51,87.0,13.0,sensor2_serial,1,0,4,0,120,235,20.000,20.006,0,146,146,7.297955,SUCCESS,sigmoid,
2026-06-02T19:16:12,87.0,13.0,sensor2_serial,1,0,4,0,120,234,20.000,20.005,0,139,139,6.948146,SUCCESS,sigmoid,
2026-06-02T19:16:32,87.0,13.0,sensor2_serial,1,0,4,0,120,233,20.000,20.005,0,133,133,6.648218,SUCCESS,sigmoid,
2026-06-02T19:16:52,87.0,13.0,sensor2_serial,1,0,4,0,120,232,20.000,20.005,0,110,110,5.498720,SUCCESS,sigmoid,
2026-06-02T19:17:12,87.0,13.0,sensor2_serial,1,0,4,0,120,231,20.000,20.005,0,124,124,6.198482,SUCCESS,sigmoid,
2026-06-02T19:17:32,87.0,13.0,sensor2_serial,1,0,4,0,120,230,20.000,20.005,0,100,100,4.998709,SUCCESS,sigmoid,
2026-06-02T19:17:52,87.0,13.0,sensor2_serial,1,0,4,0,120,229,20.000,20.005,0,118,118,5.898509,SUCCESS,sigmoid,
2026-06-02T19:18:12,87.0,13.0,sensor2_serial,1,0,4,0,120,228,20.000,20.005,0,118,118,5.898612,SUCCESS,sigmoid,
2026-06-02T19:18:32,87.0,13.0,sensor2_serial,1,0,4,0,120,227,20.000,20.005,0,109,109,5.448712,SUCCESS,sigmoid,
2026-06-02T19:18:52,87.0,13.0,sensor2_serial,1,0,4,0,120,226,20.000,20.005,0,109,109,5.448606,SUCCESS,sigmoid,
2026-06-02T19:19:12,87.0,13.0,sensor2_serial,1,0,4,0,120,225,20.000,20.005,0,107,107,5.348590,SUCCESS,sigmoid,
2026-06-02T19:19:32,87.0,13.0,sensor2_serial,1,0,4,0,120,224,20.000,20.004,0,103,103,5.148872,SUCCESS,sigmoid,
2026-06-02T19:19:52,87.0,13.0,sensor2_serial,1,0,4,0,120,223,20.000,20.006,0,85,85,4.248830,SUCCESS,sigmoid,
2026-06-02T19:20:12,87.0,13.0,sensor2_serial,1,0,4,0,120,222,20.000,20.006,0,89,89,4.448749,SUCCESS,sigmoid,
2026-06-02T19:20:32,87.0,13.0,sensor2_serial,1,0,4,0,120,221,20.000,20.004,0,99,99,4.948931,SUCCESS,sigmoid,
2026-06-02T19:20:52,87.0,13.0,sensor2_serial,1,0,4,0,120,220,20.000,20.005,0,92,92,4.598807,SUCCESS,sigmoid,
2026-06-02T19:21:12,87.0,13.0,sensor2_serial,1,0,4,0,120,219,20.000,20.005,0,93,93,4.648952,SUCCESS,sigmoid,
2026-06-02T19:21:32,87.0,13.0,sensor2_serial,1,0,4,0,120,218,20.000,20.005,0,84,84,4.198916,SUCCESS,sigmoid,
2026-06-02T19:21:53,87.0,13.0,sensor2_serial,1,0,4,0,120,217,20.000,20.005,0,93,93,4.648827,SUCCESS,sigmoid,
2026-06-02T19:22:13,87.0,13.0,sensor2_serial,1,0,4,0,120,216,20.000,20.006,0,68,68,3.399058,SUCCESS,sigmoid,
2026-06-02T19:22:33,87.0,13.0,sensor2_serial,1,0,4,0,120,215,20.000,20.004,0,83,83,4.149097,SUCCESS,sigmoid,
2026-06-02T19:22:53,87.0,13.0,sensor2_serial,1,0,4,0,120,214,20.000,20.005,0,83,83,4.148919,SUCCESS,sigmoid,
2026-06-02T19:23:13,87.0,13.0,sensor2_serial,1,0,4,0,120,213,20.000,20.005,0,75,75,3.749152,SUCCESS,sigmoid,
2026-06-02T19:23:33,87.0,13.0,sensor2_serial,1,0,4,0,120,212,20.000,20.005,0,71,71,3.549192,SUCCESS,sigmoid,
2026-06-02T19:23:53,87.0,13.0,sensor2_serial,1,0,4,0,120,211,20.000,20.005,0,69,69,3.449086,SUCCESS,sigmoid,
2026-06-02T19:24:13,87.0,13.0,sensor2_serial,1,0,4,0,120,210,20.000,20.005,0,71,71,3.549182,SUCCESS,sigmoid,
2026-06-02T19:24:33,87.0,13.0,sensor2_serial,1,0,4,0,120,209,20.000,20.005,0,55,55,2.749338,SUCCESS,sigmoid,
2026-06-02T19:24:53,87.0,13.0,sensor2_serial,1,0,4,0,120,208,20.000,20.004,0,78,78,3.899142,SUCCESS,sigmoid,
2026-06-02T19:25:13,87.0,13.0,sensor2_serial,1,0,4,0,120,207,20.000,20.005,0,53,53,2.649386,SUCCESS,sigmoid,
2026-06-02T19:25:33,87.0,13.0,sensor2_serial,1,0,4,0,120,206,20.000,20.005,0,43,43,2.149410,SUCCESS,sigmoid,
2026-06-02T19:25:53,87.0,13.0,sensor2_serial,1,0,4,0,120,205,20.000,20.004,0,38,38,1.899610,SUCCESS,sigmoid,
2026-06-02T19:26:13,87.0,13.0,sensor2_serial,1,0,4,0,120,204,20.000,20.006,0,39,39,1.949456,SUCCESS,sigmoid,
2026-06-02T19:26:33,87.0,13.0,sensor2_serial,1,0,4,0,120,203,20.000,20.006,0,35,35,1.749515,SUCCESS,sigmoid,
2026-06-02T19:26:53,87.0,13.0,sensor2_serial,1,0,4,0,120,202,20.000,20.005,0,43,43,2.149450,SUCCESS,sigmoid,
2026-06-02T19:27:14,87.0,13.0,sensor2_serial,1,0,4,0,120,201,20.000,20.004,0,45,45,2.249538,SUCCESS,sigmoid,
2026-06-02T19:27:34,87.0,13.0,sensor2_serial,1,0,4,0,120,200,20.000,20.004,0,27,27,1.349701,SUCCESS,sigmoid,
2026-06-02T19:27:54,87.0,13.0,sensor2_serial,1,0,4,0,120,199,20.000,20.005,0,29,29,1.449601,SUCCESS,sigmoid,
2026-06-02T19:28:14,87.0,13.0,sensor2_serial,1,0,4,0,120,198,20.000,20.004,0,22,22,1.099759,SUCCESS,sigmoid,
2026-06-02T19:28:34,87.0,13.0,sensor2_serial,1,0,4,0,120,197,20.000,20.005,0,30,30,1.499654,SUCCESS,sigmoid,
2026-06-02T19:28:54,87.0,13.0,sensor2_serial,1,0,4,0,120,196,20.000,20.005,0,18,18,0.899788,SUCCESS,sigmoid,
2026-06-02T19:29:14,87.0,13.0,sensor2_serial,1,0,4,0,120,195,20.000,20.004,0,25,25,1.249740,SUCCESS,sigmoid,
2026-06-02T19:29:34,87.0,13.0,sensor2_serial,1,0,4,0,120,194,20.000,20.006,0,20,20,0.999724,SUCCESS,sigmoid,
2026-06-02T19:29:54,87.0,13.0,sensor2_serial,1,0,4,0,120,193,20.000,20.005,0,19,19,0.949768,SUCCESS,sigmoid,
2026-06-02T19:30:14,87.0,13.0,sensor2_serial,1,0,4,0,120,192,20.000,20.005,0,8,8,0.399908,SUCCESS,sigmoid,
2026-06-02T19:30:34,87.0,13.0,sensor2_serial,1,0,4,0,120,191,20.000,20.005,0,12,12,0.599835,SUCCESS,sigmoid,
2026-06-02T19:30:54,87.0,13.0,sensor2_serial,1,0,4,0,120,190,20.000,20.005,0,18,18,0.899782,SUCCESS,sigmoid,
2026-06-02T19:31:14,87.0,13.0,sensor2_serial,1,0,4,0,120,189,20.000,20.005,0,10,10,0.499887,SUCCESS,sigmoid,
2026-06-02T19:31:34,87.0,13.0,sensor2_serial,1,0,4,0,120,188,20.000,20.005,0,10,10,0.499885,SUCCESS,sigmoid,
2026-06-02T19:31:54,87.0,13.0,sensor2_serial,1,0,4,0,120,187,20.000,20.005,0,8,8,0.399907,SUCCESS,sigmoid,
2026-06-02T19:32:14,87.0,13.0,sensor2_serial,1,0,4,0,120,186,20.000,20.004,0,6,6,0.299934,SUCCESS,sigmoid,
2026-06-02T19:32:34,87.0,13.0,sensor2_serial,1,0,4,0,120,185,20.000,20.004,0,3,3,0.149968,SUCCESS,sigmoid,
2026-06-02T19:32:55,87.0,13.0,sensor2_serial,1,0,4,0,120,184,20.000,20.005,0,6,6,0.299921,SUCCESS,sigmoid,
2026-06-02T19:33:15,87.0,13.0,sensor2_serial,1,0,4,0,120,183,20.000,20.005,0,7,7,0.349918,SUCCESS,sigmoid,
2026-06-02T19:33:35,87.0,13.0,sensor2_serial,1,0,4,0,120,182,20.000,20.005,0,4,4,0.199949,SUCCESS,sigmoid,
2026-06-02T19:33:55,87.0,13.0,sensor2_serial,1,0,4,0,120,181,20.000,20.004,0,6,6,0.299934,SUCCESS,sigmoid,
2026-06-02T19:34:15,87.0,13.0,sensor2_serial,1,0,4,0,120,180,20.000,20.005,0,1,1,0.049989,SUCCESS,sigmoid,
2026-06-02T19:34:35,87.0,13.0,sensor2_serial,1,0,4,0,120,179,20.000,20.005,0,3,3,0.149959,SUCCESS,sigmoid,
2026-06-02T19:34:55,87.0,13.0,sensor2_serial,1,0,4,0,120,178,20.000,20.005,0,2,2,0.099974,SUCCESS,sigmoid,
2026-06-02T19:35:15,87.0,13.0,sensor2_serial,1,0,4,0,120,177,20.000,20.006,0,3,3,0.149958,SUCCESS,sigmoid,
2026-06-02T19:35:35,87.0,13.0,sensor2_serial,1,0,4,0,120,176,20.000,20.004,0,0,0,0.000000,SUCCESS,sigmoid,
2026-06-02T19:35:55,87.0,13.0,sensor2_serial,1,0,4,0,120,175,20.000,20.005,0,1,1,0.049989,SUCCESS,sigmoid,
2026-06-02T19:36:15,87.0,13.0,sensor2_serial,1,0,4,0,120,174,20.000,20.005,0,0,0,0.000000,SUCCESS,sigmoid,
2026-06-02T19:36:35,87.0,13.0,sensor2_serial,1,0,4,0,120,173,20.000,20.004,0,0,0,0.000000,SUCCESS,sigmoid,
2026-06-02T19:36:55,87.0,13.0,sensor2_serial,1,1,5,1,120,255,20.000,20.006,0,1804570,1804570,90200.037650,SUCCESS,sigmoid,
2026-06-02T19:37:15,87.0,13.0,sensor2_serial,1,1,5,1,120,254,20.000,20.005,0,1865049,1865049,93227.084469,SUCCESS,sigmoid,
2026-06-02T19:37:35,87.0,13.0,sensor2_serial,1,1,5,1,120,253,20.000,20.005,0,2027899,2027899,101368.193540,SUCCESS,sigmoid,
2026-06-02T19:37:55,87.0,13.0,sensor2_serial,1,1,5,1,120,252,20.000,20.006,0,2311192,2311192,115524.379186,SUCCESS,sigmoid,
2026-06-02T19:38:15,87.0,13.0,sensor2_serial,1,1,5,1,120,251,20.000,20.004,0,2324713,2324713,116210.798374,SUCCESS,sigmoid,
2026-06-02T19:38:36,87.0,13.0,sensor2_serial,1,1,5,1,120,250,20.000,20.005,0,2591434,2591434,129536.405895,SUCCESS,sigmoid,
2026-06-02T19:38:56,87.0,13.0,sensor2_serial,1,1,5,1,120,249,20.000,20.006,0,2979938,2979938,148953.999812,SUCCESS,sigmoid,
2026-06-02T19:39:16,87.0,13.0,sensor2_serial,1,1,5,1,120,248,20.000,20.006,0,3022044,3022044,151060.358881,SUCCESS,sigmoid,
2026-06-02T19:39:36,87.0,13.0,sensor2_serial,1,1,5,1,120,247,20.000,20.006,0,2772043,2772043,138563.758662,SUCCESS,sigmoid,
2026-06-02T19:39:56,87.0,13.0,sensor2_serial,1,1,5,1,120,246,20.000,20.005,0,2150454,2150454,107496.154680,SUCCESS,sigmoid,
2026-06-02T19:40:16,87.0,13.0,sensor2_serial,1,1,5,1,120,245,20.000,20.006,0,1651122,1651122,82532.501036,SUCCESS,sigmoid,
2026-06-02T19:40:36,87.0,13.0,sensor2_serial,1,1,5,1,120,244,20.000,20.005,0,1010468,1010468,50510.152583,SUCCESS,sigmoid,
2026-06-02T19:40:56,87.0,13.0,sensor2_serial,1,1,5,1,120,243,20.000,20.005,0,782820,782820,39130.394323,SUCCESS,sigmoid,
2026-06-02T19:41:16,87.0,13.0,sensor2_serial,1,1,5,1,120,242,20.000,20.005,0,416451,416451,20816.921054,SUCCESS,sigmoid,
2026-06-02T19:41:36,87.0,13.0,sensor2_serial,1,1,5,1,120,241,20.000,20.005,0,184791,184791,9237.186474,SUCCESS,sigmoid,
2026-06-02T19:41:56,87.0,13.0,sensor2_serial,1,1,5,1,120,240,20.000,20.005,0,92437,92437,4620.759617,SUCCESS,sigmoid,
2026-06-02T19:42:16,87.0,13.0,sensor2_serial,1,1,5,1,120,239,20.000,20.005,0,83252,83252,4161.474975,SUCCESS,sigmoid,
2026-06-02T19:42:36,87.0,13.0,sensor2_serial,1,1,5,1,120,238,20.000,20.006,0,27785,27785,1388.843278,SUCCESS,sigmoid,
2026-06-02T19:42:56,87.0,13.0,sensor2_serial,1,1,5,1,120,237,20.000,20.005,0,10128,10128,506.262230,SUCCESS,sigmoid,
2026-06-02T19:43:16,87.0,13.0,sensor2_serial,1,1,5,1,120,236,20.000,20.005,0,4239,4239,211.892911,SUCCESS,sigmoid,
2026-06-02T19:43:36,87.0,13.0,sensor2_serial,1,1,5,1,120,235,20.000,20.006,0,2697,2697,134.812386,SUCCESS,sigmoid,
2026-06-02T19:43:56,87.0,13.0,sensor2_serial,1,1,5,1,120,234,20.000,20.005,0,1107,1107,55.335352,SUCCESS,sigmoid,
2026-06-02T19:44:17,87.0,13.0,sensor2_serial,1,1,5,1,120,233,20.000,20.005,0,479,479,23.943754,SUCCESS,sigmoid,
2026-06-02T19:44:37,87.0,13.0,sensor2_serial,1,1,5,1,120,232,20.000,20.005,0,223,223,11.147155,SUCCESS,sigmoid,
2026-06-02T19:44:57,87.0,13.0,sensor2_serial,1,1,5,1,120,231,20.000,20.005,0,168,168,8.397757,SUCCESS,sigmoid,
2026-06-02T19:45:17,87.0,13.0,sensor2_serial,1,1,5,1,120,230,20.000,20.004,0,140,140,6.998493,SUCCESS,sigmoid,
2026-06-02T19:45:37,87.0,13.0,sensor2_serial,1,1,5,1,120,229,20.000,20.005,0,112,112,5.598512,SUCCESS,sigmoid,
2026-06-02T19:45:57,87.0,13.0,sensor2_serial,1,1,5,1,120,228,20.000,20.006,0,120,120,5.998318,SUCCESS,sigmoid,
2026-06-02T19:46:17,87.0,13.0,sensor2_serial,1,1,5,1,120,227,20.000,20.004,0,116,116,5.798798,SUCCESS,sigmoid,
2026-06-02T19:46:37,87.0,13.0,sensor2_serial,1,1,5,1,120,226,20.000,20.005,0,126,126,6.298492,SUCCESS,sigmoid,
2026-06-02T19:46:57,87.0,13.0,sensor2_serial,1,1,5,1,120,225,20.000,20.005,0,117,117,5.848643,SUCCESS,sigmoid,
2026-06-02T19:47:17,87.0,13.0,sensor2_serial,1,1,5,1,120,224,20.000,20.005,0,106,106,5.298767,SUCCESS,sigmoid,
2026-06-02T19:47:37,87.0,13.0,sensor2_serial,1,1,5,1,120,223,20.000,20.005,0,86,86,4.299005,SUCCESS,sigmoid,
2026-06-02T19:47:57,87.0,13.0,sensor2_serial,1,1,5,1,120,222,20.000,20.005,0,119,119,5.948405,SUCCESS,sigmoid,
2026-06-02T19:48:17,87.0,13.0,sensor2_serial,1,1,5,1,120,221,20.000,20.005,0,87,87,4.348877,SUCCESS,sigmoid,
2026-06-02T19:48:37,87.0,13.0,sensor2_serial,1,1,5,1,120,220,20.000,20.004,0,87,87,4.349026,SUCCESS,sigmoid,
2026-06-02T19:48:57,87.0,13.0,sensor2_serial,1,1,5,1,120,219,20.000,20.005,0,71,71,3.549102,SUCCESS,sigmoid,
2026-06-02T19:49:17,87.0,13.0,sensor2_serial,1,1,5,1,120,218,20.000,20.005,0,92,92,4.598801,SUCCESS,sigmoid,
2026-06-02T19:49:38,87.0,13.0,sensor2_serial,1,1,5,1,120,217,20.000,20.004,0,84,84,4.199108,SUCCESS,sigmoid,
2026-06-02T19:49:58,87.0,13.0,sensor2_serial,1,1,5,1,120,216,20.000,20.006,0,96,96,4.798627,SUCCESS,sigmoid,
2026-06-02T19:50:18,87.0,13.0,sensor2_serial,1,1,5,1,120,215,20.000,20.005,0,85,85,4.248841,SUCCESS,sigmoid,
2026-06-02T19:50:38,87.0,13.0,sensor2_serial,1,1,5,1,120,214,20.000,20.005,0,95,95,4.748695,SUCCESS,sigmoid,
2026-06-02T19:50:58,87.0,13.0,sensor2_serial,1,1,5,1,120,213,20.000,20.005,0,73,73,3.649034,SUCCESS,sigmoid,
2026-06-02T19:51:18,87.0,13.0,sensor2_serial,1,1,5,1,120,212,20.000,20.005,0,69,69,3.449074,SUCCESS,sigmoid,
2026-06-02T19:51:38,87.0,13.0,sensor2_serial,1,1,5,1,120,211,20.000,20.005,0,88,88,4.398954,SUCCESS,sigmoid,
2026-06-02T19:51:58,87.0,13.0,sensor2_serial,1,1,5,1,120,210,20.000,20.006,0,72,72,3.598997,SUCCESS,sigmoid,
2026-06-02T19:52:18,87.0,13.0,sensor2_serial,1,1,5,1,120,209,20.000,20.005,0,61,61,3.049247,SUCCESS,sigmoid,
2026-06-02T19:52:38,87.0,13.0,sensor2_serial,1,1,5,1,120,208,20.000,20.005,0,64,64,3.199142,SUCCESS,sigmoid,
2026-06-02T19:52:58,87.0,13.0,sensor2_serial,1,1,5,1,120,207,20.000,20.005,0,66,66,3.299104,SUCCESS,sigmoid,
2026-06-02T19:53:18,87.0,13.0,sensor2_serial,1,1,5,1,120,206,20.000,20.005,0,53,53,2.649288,SUCCESS,sigmoid,
2026-06-02T19:53:38,87.0,13.0,sensor2_serial,1,1,5,1,120,205,20.000,20.004,0,46,46,2.299486,SUCCESS,sigmoid,
2026-06-02T19:53:58,87.0,13.0,sensor2_serial,1,1,5,1,120,204,20.000,20.004,0,51,51,2.549449,SUCCESS,sigmoid,
2026-06-02T19:54:18,87.0,13.0,sensor2_serial,1,1,5,1,120,203,20.000,20.005,0,47,47,2.349394,SUCCESS,sigmoid,
2026-06-02T19:54:38,87.0,13.0,sensor2_serial,1,1,5,1,120,202,20.000,20.004,0,47,47,2.349505,SUCCESS,sigmoid,
2026-06-02T19:54:58,87.0,13.0,sensor2_serial,1,1,5,1,120,201,20.000,20.005,0,44,44,2.199460,SUCCESS,sigmoid,
2026-06-02T19:55:19,87.0,13.0,sensor2_serial,1,1,5,1,120,200,20.000,20.005,0,42,42,2.099476,SUCCESS,sigmoid,
2026-06-02T19:55:39,87.0,13.0,sensor2_serial,1,1,5,1,120,199,20.000,20.006,0,31,31,1.549573,SUCCESS,sigmoid,
2026-06-02T19:55:59,87.0,13.0,sensor2_serial,1,1,5,1,120,198,20.000,20.005,0,31,31,1.549577,SUCCESS,sigmoid,
2026-06-02T19:56:19,87.0,13.0,sensor2_serial,1,1,5,1,120,197,20.000,20.005,0,29,29,1.449602,SUCCESS,sigmoid,
2026-06-02T19:56:39,87.0,13.0,sensor2_serial,1,1,5,1,120,196,20.000,20.005,0,31,31,1.549638,SUCCESS,sigmoid,
2026-06-02T19:56:59,87.0,13.0,sensor2_serial,1,1,5,1,120,195,20.000,20.005,0,19,19,0.949745,SUCCESS,sigmoid,
2026-06-02T19:57:19,87.0,13.0,sensor2_serial,1,1,5,1,120,194,20.000,20.005,0,27,27,1.349695,SUCCESS,sigmoid,
2026-06-02T19:57:39,87.0,13.0,sensor2_serial,1,1,5,1,120,193,20.000,20.005,0,13,13,0.649825,SUCCESS,sigmoid,
2026-06-02T19:57:59,87.0,13.0,sensor2_serial,1,1,5,1,120,192,20.000,20.005,0,15,15,0.749800,SUCCESS,sigmoid,
2026-06-02T19:58:19,87.0,13.0,sensor2_serial,1,1,5,1,120,191,20.000,20.005,0,28,28,1.399675,SUCCESS,sigmoid,
2026-06-02T19:58:39,87.0,13.0,sensor2_serial,1,1,5,1,120,190,20.000,20.005,0,29,29,1.449607,SUCCESS,sigmoid,
2026-06-02T19:58:59,87.0,13.0,sensor2_serial,1,1,5,1,120,189,20.000,20.006,0,10,10,0.499862,SUCCESS,sigmoid,
2026-06-02T19:59:19,87.0,13.0,sensor2_serial,1,1,5,1,120,188,20.000,20.005,0,12,12,0.599850,SUCCESS,sigmoid,
2026-06-02T19:59:39,87.0,13.0,sensor2_serial,1,1,5,1,120,187,20.000,20.005,0,16,16,0.799816,SUCCESS,sigmoid,
2026-06-02T19:59:59,87.0,13.0,sensor2_serial,1,1,5,1,120,186,20.000,20.005,0,14,14,0.699838,SUCCESS,sigmoid,
2026-06-02T20:00:19,87.0,13.0,sensor2_serial,1,1,5,1,120,185,20.000,20.004,0,15,15,0.749832,SUCCESS,sigmoid,
2026-06-02T20:00:39,87.0,13.0,sensor2_serial,1,1,5,1,120,184,20.000,20.005,0,10,10,0.499884,SUCCESS,sigmoid,
2026-06-02T20:01:00,87.0,13.0,sensor2_serial,1,1,5,1,120,183,20.000,20.005,0,8,8,0.399890,SUCCESS,sigmoid,
2026-06-02T20:01:20,87.0,13.0,sensor2_serial,1,1,5,1,120,182,20.000,20.005,0,7,7,0.349914,SUCCESS,sigmoid,
2026-06-02T20:01:40,87.0,13.0,sensor2_serial,1,1,5,1,120,181,20.000,20.004,0,7,7,0.349927,SUCCESS,sigmoid,
2026-06-02T20:02:00,87.0,13.0,sensor2_serial,1,1,5,1,120,180,20.000,20.004,0,4,4,0.199957,SUCCESS,sigmoid,
2026-06-02T20:02:20,87.0,13.0,sensor2_serial,1,1,5,1,120,179,20.000,20.005,0,2,2,0.099973,SUCCESS,sigmoid,
2026-06-02T20:02:40,87.0,13.0,sensor2_serial,1,1,5,1,120,178,20.000,20.004,0,5,5,0.249946,SUCCESS,sigmoid,
2026-06-02T20:03:00,87.0,13.0,sensor2_serial,1,1,5,1,120,177,20.000,20.005,0,2,2,0.099976,SUCCESS,sigmoid,
2026-06-02T20:03:20,87.0,13.0,sensor2_serial,1,1,5,1,120,176,20.000,20.004,0,3,3,0.149969,SUCCESS,sigmoid,
2026-06-02T20:03:40,87.0,13.0,sensor2_serial,1,1,5,1,120,175,20.000,20.004,0,0,0,0.000000,SUCCESS,sigmoid,
2026-06-02T20:04:00,87.0,13.0,sensor2_serial,1,1,5,1,120,174,20.000,20.005,0,3,3,0.149961,SUCCESS,sigmoid,
2026-06-02T20:04:20,87.0,13.0,sensor2_serial,1,1,5,1,120,173,20.000,20.004,0,1,1,0.049990,SUCCESS,sigmoid,
2026-06-02T20:04:40,87.0,13.0,sensor2_serial,1,1,5,1,120,172,20.000,20.005,0,3,3,0.149960,SUCCESS,sigmoid,
2026-06-02T20:05:00,87.0,13.0,sensor2_serial,1,1,5,1,120,171,20.000,20.005,0,2,2,0.099975,SUCCESS,sigmoid,
2026-06-02T20:05:20,87.0,13.0,sensor2_serial,1,1,5,1,120,170,20.000,20.005,0,1,1,0.049988,SUCCESS,sigmoid,
2026-06-02T20:05:40,87.0,13.0,sensor2_serial,1,1,5,1,120,169,20.000,20.004,0,0,0,0.000000,SUCCESS,sigmoid,
2026-06-02T20:06:00,87.0,13.0,sensor2_serial,1,1,5,1,120,168,20.000,20.005,0,0,0,0.000000,SUCCESS,sigmoid,
2026-06-02T20:06:20,87.0,13.0,sensor2_serial,1,2,6,2,120,255,20.000,20.005,0,1768895,1768895,88424.403742,SUCCESS,sigmoid,
2026-06-02T20:06:41,87.0,13.0,sensor2_serial,1,2,6,2,120,254,20.000,20.005,0,1872425,1872425,93595.990510,SUCCESS,sigmoid,
2026-06-02T20:07:01,87.0,13.0,sensor2_serial,1,2,6,2,120,253,20.000,20.005,0,1880942,1880942,94022.310530,SUCCESS,sigmoid,
2026-06-02T20:07:21,87.0,13.0,sensor2_serial,1,2,6,2,120,252,20.000,20.005,0,1963795,1963795,98165.912438,SUCCESS,sigmoid,
2026-06-02T20:07:41,87.0,13.0,sensor2_serial,1,2,6,2,120,251,20.000,20.005,0,2127715,2127715,106357.196152,SUCCESS,sigmoid,
2026-06-02T20:08:01,87.0,13.0,sensor2_serial,1,2,6,2,120,250,20.000,20.005,0,2326079,2326079,116273.196943,SUCCESS,sigmoid,
2026-06-02T20:08:21,87.0,13.0,sensor2_serial,1,2,6,2,120,249,20.000,20.005,0,2657786,2657786,132859.206118,SUCCESS,sigmoid,
2026-06-02T20:08:41,87.0,13.0,sensor2_serial,1,2,6,2,120,248,20.000,20.005,0,3044990,3044990,152207.977886,SUCCESS,sigmoid,
2026-06-02T20:09:01,87.0,13.0,sensor2_serial,1,2,6,2,120,247,20.000,20.005,0,3064196,3064196,153172.289386,SUCCESS,sigmoid,
2026-06-02T20:09:21,87.0,13.0,sensor2_serial,1,2,6,2,120,246,20.000,20.004,0,2689086,2689086,134425.072518,SUCCESS,sigmoid,
2026-06-02T20:09:41,87.0,13.0,sensor2_serial,1,2,6,2,120,245,20.000,20.005,0,2302032,2302032,115071.758684,SUCCESS,sigmoid,
2026-06-02T20:10:01,87.0,13.0,sensor2_serial,1,2,6,2,120,244,20.000,20.005,0,1586945,1586945,79325.573220,SUCCESS,sigmoid,
2026-06-02T20:10:21,87.0,13.0,sensor2_serial,1,2,6,2,120,243,20.000,20.006,0,1184270,1184270,59196.963029,SUCCESS,sigmoid,
2026-06-02T20:10:41,87.0,13.0,sensor2_serial,1,2,6,2,120,242,20.000,20.005,0,705065,705065,35244.177845,SUCCESS,sigmoid,
2026-06-02T20:11:01,87.0,13.0,sensor2_serial,1,2,6,2,120,241,20.000,20.005,0,438189,438189,21903.593798,SUCCESS,sigmoid,
2026-06-02T20:11:21,87.0,13.0,sensor2_serial,1,2,6,2,120,240,20.000,20.006,0,203586,203586,10176.452304,SUCCESS,sigmoid,
2026-06-02T20:11:41,87.0,13.0,sensor2_serial,1,2,6,2,120,239,20.000,20.005,0,113978,113978,5697.555045,SUCCESS,sigmoid,
2026-06-02T20:12:01,87.0,13.0,sensor2_serial,1,2,6,2,120,238,20.000,20.005,0,40634,40634,2031.155347,SUCCESS,sigmoid,
2026-06-02T20:12:22,87.0,13.0,sensor2_serial,1,2,6,2,120,237,20.000,20.005,0,23541,23541,1176.745707,SUCCESS,sigmoid,
2026-06-02T20:12:42,87.0,13.0,sensor2_serial,1,2,6,2,120,236,20.000,20.005,0,11268,11268,563.255530,SUCCESS,sigmoid,
2026-06-02T20:13:02,87.0,13.0,sensor2_serial,1,2,6,2,120,235,20.000,20.006,0,6029,6029,301.366049,SUCCESS,sigmoid,
2026-06-02T20:13:22,87.0,13.0,sensor2_serial,1,2,6,2,120,234,20.000,20.006,0,2458,2458,122.865582,SUCCESS,sigmoid,
2026-06-02T20:13:42,87.0,13.0,sensor2_serial,1,2,6,2,120,233,20.000,20.005,0,1103,1103,55.134915,SUCCESS,sigmoid,
2026-06-02T20:14:02,87.0,13.0,sensor2_serial,1,2,6,2,120,232,20.000,20.006,0,443,443,22.143696,SUCCESS,sigmoid,
2026-06-02T20:14:22,87.0,13.0,sensor2_serial,1,2,6,2,120,231,20.000,20.005,0,208,208,10.397498,SUCCESS,sigmoid,
2026-06-02T20:14:42,87.0,13.0,sensor2_serial,1,2,6,2,120,230,20.000,20.005,0,132,132,6.598311,SUCCESS,sigmoid,
2026-06-02T20:15:02,87.0,13.0,sensor2_serial,1,2,6,2,120,229,20.000,20.005,0,132,132,6.598466,SUCCESS,sigmoid,
2026-06-02T20:15:22,87.0,13.0,sensor2_serial,1,2,6,2,120,228,20.000,20.005,0,138,138,6.898133,SUCCESS,sigmoid,
2026-06-02T20:15:42,87.0,13.0,sensor2_serial,1,2,6,2,120,227,20.000,20.004,0,144,144,7.198412,SUCCESS,sigmoid,
2026-06-02T20:16:02,87.0,13.0,sensor2_serial,1,2,6,2,120,226,20.000,20.005,0,109,109,5.448507,SUCCESS,sigmoid,
2026-06-02T20:16:22,87.0,13.0,sensor2_serial,1,2,6,2,120,225,20.000,20.004,0,119,119,5.948733,SUCCESS,sigmoid,
2026-06-02T20:16:42,87.0,13.0,sensor2_serial,1,2,6,2,120,224,20.000,20.005,0,116,116,5.798553,SUCCESS,sigmoid,
2026-06-02T20:17:02,87.0,13.0,sensor2_serial,1,2,6,2,120,223,20.000,20.005,0,112,112,5.598560,SUCCESS,sigmoid,
2026-06-02T20:17:22,87.0,13.0,sensor2_serial,1,2,6,2,120,222,20.000,20.005,0,101,101,5.048659,SUCCESS,sigmoid,
2026-06-02T20:17:43,87.0,13.0,sensor2_serial,1,2,6,2,120,221,20.000,20.005,0,102,102,5.098621,SUCCESS,sigmoid,
2026-06-02T20:18:03,87.0,13.0,sensor2_serial,1,2,6,2,120,220,20.000,20.005,0,94,94,4.698902,SUCCESS,sigmoid,
2026-06-02T20:18:23,87.0,13.0,sensor2_serial,1,2,6,2,120,219,20.000,20.005,0,100,100,4.998790,SUCCESS,sigmoid,
2026-06-02T20:18:43,87.0,13.0,sensor2_serial,1,2,6,2,120,218,20.000,20.005,0,104,104,5.198688,SUCCESS,sigmoid,
2026-06-02T20:19:03,87.0,13.0,sensor2_serial,1,2,6,2,120,217,20.000,20.004,0,96,96,4.798934,SUCCESS,sigmoid,
2026-06-02T20:19:23,87.0,13.0,sensor2_serial,1,2,6,2,120,216,20.000,20.005,0,84,84,4.199035,SUCCESS,sigmoid,
2026-06-02T20:19:43,87.0,13.0,sensor2_serial,1,2,6,2,120,215,20.000,20.004,0,87,87,4.349042,SUCCESS,sigmoid,
2026-06-02T20:20:03,87.0,13.0,sensor2_serial,1,2,6,2,120,214,20.000,20.005,0,75,75,3.749015,SUCCESS,sigmoid,
2026-06-02T20:20:23,87.0,13.0,sensor2_serial,1,2,6,2,120,213,20.000,20.005,0,80,80,3.998940,SUCCESS,sigmoid,
2026-06-02T20:20:43,87.0,13.0,sensor2_serial,1,2,6,2,120,212,20.000,20.004,0,61,61,3.049373,SUCCESS,sigmoid,
2026-06-02T20:21:03,87.0,13.0,sensor2_serial,1,2,6,2,120,211,20.000,20.005,0,61,61,3.049188,SUCCESS,sigmoid,
2026-06-02T20:21:23,87.0,13.0,sensor2_serial,1,2,6,2,120,210,20.000,20.005,0,67,67,3.349103,SUCCESS,sigmoid,
2026-06-02T20:21:43,87.0,13.0,sensor2_serial,1,2,6,2,120,209,20.000,20.005,0,65,65,3.249163,SUCCESS,sigmoid,
2026-06-02T20:22:03,87.0,13.0,sensor2_serial,1,2,6,2,120,208,20.000,20.005,0,57,57,2.849346,SUCCESS,sigmoid,
2026-06-02T20:22:23,87.0,13.0,sensor2_serial,1,2,6,2,120,207,20.000,20.005,0,54,54,2.699384,SUCCESS,sigmoid,
2026-06-02T20:22:43,87.0,13.0,sensor2_serial,1,2,6,2,120,206,20.000,20.005,0,61,61,3.049305,SUCCESS,sigmoid,
2026-06-02T20:23:03,87.0,13.0,sensor2_serial,1,2,6,2,120,205,20.000,20.004,0,39,39,1.949587,SUCCESS,sigmoid,
2026-06-02T20:23:24,87.0,13.0,sensor2_serial,1,2,6,2,120,204,20.000,20.004,0,58,58,2.899377,SUCCESS,sigmoid,
2026-06-02T20:23:44,87.0,13.0,sensor2_serial,1,2,6,2,120,203,20.000,20.005,0,43,43,2.149516,SUCCESS,sigmoid,
2026-06-02T20:24:04,87.0,13.0,sensor2_serial,1,2,6,2,120,202,20.000,20.004,0,57,57,2.849406,SUCCESS,sigmoid,
2026-06-02T20:24:24,87.0,13.0,sensor2_serial,1,2,6,2,120,201,20.000,20.004,0,33,33,1.649647,SUCCESS,sigmoid,
2026-06-02T20:24:44,87.0,13.0,sensor2_serial,1,2,6,2,120,200,20.000,20.005,0,44,44,2.199480,SUCCESS,sigmoid,
2026-06-02T20:25:04,87.0,13.0,sensor2_serial,1,2,6,2,120,199,20.000,20.005,0,27,27,1.349662,SUCCESS,sigmoid,
2026-06-02T20:25:24,87.0,13.0,sensor2_serial,1,2,6,2,120,198,20.000,20.005,0,34,34,1.699611,SUCCESS,sigmoid,
2026-06-02T20:25:44,87.0,13.0,sensor2_serial,1,2,6,2,120,197,20.000,20.006,0,27,27,1.349611,SUCCESS,sigmoid,
2026-06-02T20:26:04,87.0,13.0,sensor2_serial,1,2,6,2,120,196,20.000,20.005,0,24,24,1.199672,SUCCESS,sigmoid,
2026-06-02T20:26:24,87.0,13.0,sensor2_serial,1,2,6,2,120,195,20.000,20.005,0,27,27,1.349683,SUCCESS,sigmoid,
2026-06-02T20:26:44,87.0,13.0,sensor2_serial,1,2,6,2,120,194,20.000,20.004,0,22,22,1.099779,SUCCESS,sigmoid,
2026-06-02T20:27:04,87.0,13.0,sensor2_serial,1,2,6,2,120,193,20.000,20.005,0,16,16,0.799782,SUCCESS,sigmoid,
2026-06-02T20:27:24,87.0,13.0,sensor2_serial,1,2,6,2,120,192,20.000,20.005,0,19,19,0.949753,SUCCESS,sigmoid,
2026-06-02T20:27:44,87.0,13.0,sensor2_serial,1,2,6,2,120,191,20.000,20.005,0,26,26,1.299661,SUCCESS,sigmoid,
2026-06-02T20:28:04,87.0,13.0,sensor2_serial,1,2,6,2,120,190,20.000,20.005,0,21,21,1.049718,SUCCESS,sigmoid,
2026-06-02T20:28:24,87.0,13.0,sensor2_serial,1,2,6,2,120,189,20.000,20.005,0,11,11,0.549869,SUCCESS,sigmoid,
2026-06-02T20:28:44,87.0,13.0,sensor2_serial,1,2,6,2,120,188,20.000,20.006,0,20,20,0.999720,SUCCESS,sigmoid,
2026-06-02T20:29:05,87.0,13.0,sensor2_serial,1,2,6,2,120,187,20.000,20.005,0,7,7,0.349904,SUCCESS,sigmoid,
2026-06-02T20:29:25,87.0,13.0,sensor2_serial,1,2,6,2,120,186,20.000,20.005,0,10,10,0.499867,SUCCESS,sigmoid,
2026-06-02T20:29:45,87.0,13.0,sensor2_serial,1,2,6,2,120,185,20.000,20.005,0,13,13,0.649823,SUCCESS,sigmoid,
2026-06-02T20:30:05,87.0,13.0,sensor2_serial,1,2,6,2,120,184,20.000,20.005,0,17,17,0.849806,SUCCESS,sigmoid,
2026-06-02T20:30:25,87.0,13.0,sensor2_serial,1,2,6,2,120,183,20.000,20.005,0,12,12,0.599844,SUCCESS,sigmoid,
2026-06-02T20:30:45,87.0,13.0,sensor2_serial,1,2,6,2,120,182,20.000,20.004,0,5,5,0.249945,SUCCESS,sigmoid,
2026-06-02T20:31:05,87.0,13.0,sensor2_serial,1,2,6,2,120,181,20.000,20.004,0,12,12,0.599866,SUCCESS,sigmoid,
2026-06-02T20:31:25,87.0,13.0,sensor2_serial,1,2,6,2,120,180,20.000,20.005,0,3,3,0.149962,SUCCESS,sigmoid,
2026-06-02T20:31:45,87.0,13.0,sensor2_serial,1,2,6,2,120,179,20.000,20.005,0,4,4,0.199955,SUCCESS,sigmoid,
2026-06-02T20:32:05,87.0,13.0,sensor2_serial,1,2,6,2,120,178,20.000,20.004,0,4,4,0.199955,SUCCESS,sigmoid,
2026-06-02T20:32:25,87.0,13.0,sensor2_serial,1,2,6,2,120,177,20.000,20.004,0,4,4,0.199957,SUCCESS,sigmoid,
2026-06-02T20:32:45,87.0,13.0,sensor2_serial,1,2,6,2,120,176,20.000,20.005,0,4,4,0.199955,SUCCESS,sigmoid,
2026-06-02T20:33:05,87.0,13.0,sensor2_serial,1,2,6,2,120,175,20.000,20.004,0,4,4,0.199959,SUCCESS,sigmoid,
2026-06-02T20:33:25,87.0,13.0,sensor2_serial,1,2,6,2,120,174,20.000,20.005,0,1,1,0.049988,SUCCESS,sigmoid,
2026-06-02T20:33:45,87.0,13.0,sensor2_serial,1,2,6,2,120,173,20.000,20.005,0,1,1,0.049987,SUCCESS,sigmoid,
2026-06-02T20:34:05,87.0,13.0,sensor2_serial,1,2,6,2,120,172,20.000,20.005,0,0,0,0.000000,SUCCESS,sigmoid,
2026-06-02T20:34:25,87.0,13.0,sensor2_serial,1,2,6,2,120,171,20.000,20.005,0,0,0,0.000000,SUCCESS,sigmoid,
2026-06-02T20:35:00,88.0,12.0,sensor2_serial,1,0,4,0,120,255,20.000,20.005,0,3496869,3496869,174797.249193,SUCCESS,sigmoid,
2026-06-02T20:35:20,88.0,12.0,sensor2_serial,1,0,4,0,120,254,20.000,20.004,0,3552385,3552385,177580.017144,SUCCESS,sigmoid,
2026-06-02T20:35:40,88.0,12.0,sensor2_serial,1,0,4,0,120,253,20.000,20.006,0,3286498,3286498,164273.929424,SUCCESS,sigmoid,
2026-06-02T20:36:00,88.0,12.0,sensor2_serial,1,0,4,0,120,252,20.000,20.006,0,2618767,2618767,130901.629043,SUCCESS,sigmoid,
2026-06-02T20:36:20,88.0,12.0,sensor2_serial,1,0,4,0,120,251,20.000,20.005,0,1874456,1874456,93697.614727,SUCCESS,sigmoid,
2026-06-02T20:36:40,88.0,12.0,sensor2_serial,1,0,4,0,120,250,20.000,20.005,0,1239773,1239773,61971.854244,SUCCESS,sigmoid,
2026-06-02T20:37:00,88.0,12.0,sensor2_serial,1,0,4,0,120,249,20.000,20.005,0,762319,762319,38105.564397,SUCCESS,sigmoid,
2026-06-02T20:37:20,88.0,12.0,sensor2_serial,1,0,4,0,120,248,20.000,20.005,0,419614,419614,20975.109543,SUCCESS,sigmoid,
2026-06-02T20:37:40,88.0,12.0,sensor2_serial,1,0,4,0,120,247,20.000,20.006,0,307333,307333,15362.367968,SUCCESS,sigmoid,
2026-06-02T20:38:00,88.0,12.0,sensor2_serial,1,0,4,0,120,246,20.000,20.005,0,141572,141572,7076.730303,SUCCESS,sigmoid,
2026-06-02T20:38:20,88.0,12.0,sensor2_serial,1,0,4,0,120,245,20.000,20.006,0,89357,89357,4466.569868,SUCCESS,sigmoid,
2026-06-02T20:38:40,88.0,12.0,sensor2_serial,1,0,4,0,120,244,20.000,20.005,0,37306,37306,1864.824513,SUCCESS,sigmoid,
2026-06-02T20:39:00,88.0,12.0,sensor2_serial,1,0,4,0,120,243,20.000,20.005,0,37332,37332,1866.088287,SUCCESS,sigmoid,
2026-06-02T20:39:20,88.0,12.0,sensor2_serial,1,0,4,0,120,242,20.000,20.005,0,14034,14034,701.519297,SUCCESS,sigmoid,
2026-06-02T20:39:40,88.0,12.0,sensor2_serial,1,0,4,0,120,241,20.000,20.005,0,6150,6150,307.420798,SUCCESS,sigmoid,
2026-06-02T20:40:00,88.0,12.0,sensor2_serial,1,0,4,0,120,240,20.000,20.005,0,2450,2450,122.467781,SUCCESS,sigmoid,
2026-06-02T20:40:21,88.0,12.0,sensor2_serial,1,0,4,0,120,239,20.000,20.005,0,1271,1271,63.533127,SUCCESS,sigmoid,
2026-06-02T20:40:41,88.0,12.0,sensor2_serial,1,0,4,0,120,238,20.000,20.005,0,387,387,19.345061,SUCCESS,sigmoid,
2026-06-02T20:41:01,88.0,12.0,sensor2_serial,1,0,4,0,120,237,20.000,20.005,0,252,252,12.596739,SUCCESS,sigmoid,
2026-06-02T20:41:21,88.0,12.0,sensor2_serial,1,0,4,0,120,236,20.000,20.006,0,171,171,8.547649,SUCCESS,sigmoid,
2026-06-02T20:41:41,88.0,12.0,sensor2_serial,1,0,4,0,120,235,20.000,20.006,0,141,141,7.048054,SUCCESS,sigmoid,
2026-06-02T20:42:01,88.0,12.0,sensor2_serial,1,0,4,0,120,234,20.000,20.006,0,149,149,7.447941,SUCCESS,sigmoid,
2026-06-02T20:42:21,88.0,12.0,sensor2_serial,1,0,4,0,120,233,20.000,20.005,0,140,140,6.998117,SUCCESS,sigmoid,
2026-06-02T20:42:41,88.0,12.0,sensor2_serial,1,0,4,0,120,232,20.000,20.005,0,143,143,7.148186,SUCCESS,sigmoid,
2026-06-02T20:43:01,88.0,12.0,sensor2_serial,1,0,4,0,120,231,20.000,20.005,0,138,138,6.898394,SUCCESS,sigmoid,
2026-06-02T20:43:21,88.0,12.0,sensor2_serial,1,0,4,0,120,230,20.000,20.005,0,136,136,6.798319,SUCCESS,sigmoid,
2026-06-02T20:43:41,88.0,12.0,sensor2_serial,1,0,4,0,120,229,20.000,20.005,0,118,118,5.898462,SUCCESS,sigmoid,
2026-06-02T20:44:01,88.0,12.0,sensor2_serial,1,0,4,0,120,228,20.000,20.005,0,125,125,6.248365,SUCCESS,sigmoid,
2026-06-02T20:44:21,88.0,12.0,sensor2_serial,1,0,4,0,120,227,20.000,20.005,0,151,151,7.547941,SUCCESS,sigmoid,
2026-06-02T20:44:41,88.0,12.0,sensor2_serial,1,0,4,0,120,226,20.000,20.005,0,109,109,5.448552,SUCCESS,sigmoid,
2026-06-02T20:45:01,88.0,12.0,sensor2_serial,1,0,4,0,120,225,20.000,20.005,0,134,134,6.698232,SUCCESS,sigmoid,
2026-06-02T20:45:21,88.0,12.0,sensor2_serial,1,0,4,0,120,224,20.000,20.004,0,119,119,5.948743,SUCCESS,sigmoid,
2026-06-02T20:45:41,88.0,12.0,sensor2_serial,1,0,4,0,120,223,20.000,20.004,0,138,138,6.898518,SUCCESS,sigmoid,
2026-06-02T20:46:02,88.0,12.0,sensor2_serial,1,0,4,0,120,222,20.000,20.005,0,129,129,6.448339,SUCCESS,sigmoid,
2026-06-02T20:46:22,88.0,12.0,sensor2_serial,1,0,4,0,120,221,20.000,20.006,0,125,125,6.248269,SUCCESS,sigmoid,
2026-06-02T20:46:42,88.0,12.0,sensor2_serial,1,0,4,0,120,220,20.000,20.005,0,137,137,6.848180,SUCCESS,sigmoid,
2026-06-02T20:47:02,88.0,12.0,sensor2_serial,1,0,4,0,120,219,20.000,20.005,0,140,140,6.998321,SUCCESS,sigmoid,
2026-06-02T20:47:22,88.0,12.0,sensor2_serial,1,0,4,0,120,218,20.000,20.005,0,126,126,6.298288,SUCCESS,sigmoid,
2026-06-02T20:47:42,88.0,12.0,sensor2_serial,1,0,4,0,120,217,20.000,20.005,0,112,112,5.598725,SUCCESS,sigmoid,
2026-06-02T20:48:02,88.0,12.0,sensor2_serial,1,0,4,0,120,216,20.000,20.006,0,93,93,4.648721,SUCCESS,sigmoid,
2026-06-02T20:48:22,88.0,12.0,sensor2_serial,1,0,4,0,120,215,20.000,20.005,0,109,109,5.448568,SUCCESS,sigmoid,
2026-06-02T20:48:42,88.0,12.0,sensor2_serial,1,0,4,0,120,214,20.000,20.005,0,105,105,5.248741,SUCCESS,sigmoid,
2026-06-02T20:49:02,88.0,12.0,sensor2_serial,1,0,4,0,120,213,20.000,20.005,0,119,119,5.948432,SUCCESS,sigmoid,
2026-06-02T20:49:22,88.0,12.0,sensor2_serial,1,0,4,0,120,212,20.000,20.005,0,113,113,5.648686,SUCCESS,sigmoid,
2026-06-02T20:49:42,88.0,12.0,sensor2_serial,1,0,4,0,120,211,20.000,20.004,0,99,99,4.948960,SUCCESS,sigmoid,
2026-06-02T20:50:02,88.0,12.0,sensor2_serial,1,0,4,0,120,210,20.000,20.005,0,121,121,6.048455,SUCCESS,sigmoid,
2026-06-02T20:50:22,88.0,12.0,sensor2_serial,1,0,4,0,120,209,20.000,20.005,0,89,89,4.448790,SUCCESS,sigmoid,
2026-06-02T20:50:42,88.0,12.0,sensor2_serial,1,0,4,0,120,208,20.000,20.005,0,91,91,4.548819,SUCCESS,sigmoid,
2026-06-02T20:51:02,88.0,12.0,sensor2_serial,1,0,4,0,120,207,20.000,20.005,0,95,95,4.748872,SUCCESS,sigmoid,
2026-06-02T20:51:22,88.0,12.0,sensor2_serial,1,0,4,0,120,206,20.000,20.005,0,79,79,3.948982,SUCCESS,sigmoid,
2026-06-02T20:51:43,88.0,12.0,sensor2_serial,1,0,4,0,120,205,20.000,20.006,0,98,98,4.898618,SUCCESS,sigmoid,
2026-06-02T20:52:03,88.0,12.0,sensor2_serial,1,0,4,0,120,204,20.000,20.005,0,64,64,3.199148,SUCCESS,sigmoid,
2026-06-02T20:52:23,88.0,12.0,sensor2_serial,1,0,4,0,120,203,20.000,20.004,0,72,72,3.599244,SUCCESS,sigmoid,
2026-06-02T20:52:43,88.0,12.0,sensor2_serial,1,0,4,0,120,202,20.000,20.005,0,77,77,3.849016,SUCCESS,sigmoid,
2026-06-02T20:53:03,88.0,12.0,sensor2_serial,1,0,4,0,120,201,20.000,20.004,0,83,83,4.149121,SUCCESS,sigmoid,
2026-06-02T20:53:23,88.0,12.0,sensor2_serial,1,0,4,0,120,200,20.000,20.005,0,58,58,2.899334,SUCCESS,sigmoid,
2026-06-02T20:53:43,88.0,12.0,sensor2_serial,1,0,4,0,120,199,20.000,20.005,0,74,74,3.699078,SUCCESS,sigmoid,
2026-06-02T20:54:03,88.0,12.0,sensor2_serial,1,0,4,0,120,198,20.000,20.005,0,82,82,4.098898,SUCCESS,sigmoid,
2026-06-02T20:54:23,88.0,12.0,sensor2_serial,1,0,4,0,120,197,20.000,20.006,0,63,63,3.149125,SUCCESS,sigmoid,
2026-06-02T20:54:43,88.0,12.0,sensor2_serial,1,0,4,0,120,196,20.000,20.005,0,68,68,3.399217,SUCCESS,sigmoid,
2026-06-02T20:55:03,88.0,12.0,sensor2_serial,1,0,4,0,120,195,20.000,20.005,0,55,55,2.749279,SUCCESS,sigmoid,
2026-06-02T20:55:23,88.0,12.0,sensor2_serial,1,0,4,0,120,194,20.000,20.005,0,50,50,2.499362,SUCCESS,sigmoid,
2026-06-02T20:55:43,88.0,12.0,sensor2_serial,1,0,4,0,120,193,20.000,20.004,0,44,44,2.199511,SUCCESS,sigmoid,
2026-06-02T20:56:03,88.0,12.0,sensor2_serial,1,0,4,0,120,192,20.000,20.005,0,57,57,2.849248,SUCCESS,sigmoid,
2026-06-02T20:56:23,88.0,12.0,sensor2_serial,1,0,4,0,120,191,20.000,20.004,0,43,43,2.149529,SUCCESS,sigmoid,
2026-06-02T20:56:43,88.0,12.0,sensor2_serial,1,0,4,0,120,190,20.000,20.004,0,49,49,2.449454,SUCCESS,sigmoid,
2026-06-02T20:57:03,88.0,12.0,sensor2_serial,1,0,4,0,120,189,20.000,20.005,0,40,40,1.999524,SUCCESS,sigmoid,
2026-06-02T20:57:24,88.0,12.0,sensor2_serial,1,0,4,0,120,188,20.000,20.004,0,38,38,1.899601,SUCCESS,sigmoid,
2026-06-02T20:57:44,88.0,12.0,sensor2_serial,1,0,4,0,120,187,20.000,20.005,0,23,23,1.149733,SUCCESS,sigmoid,
2026-06-02T20:58:04,88.0,12.0,sensor2_serial,1,0,4,0,120,186,20.000,20.005,0,33,33,1.649615,SUCCESS,sigmoid,
2026-06-02T20:58:24,88.0,12.0,sensor2_serial,1,0,4,0,120,185,20.000,20.004,0,29,29,1.449707,SUCCESS,sigmoid,
2026-06-02T20:58:44,88.0,12.0,sensor2_serial,1,0,4,0,120,184,20.000,20.004,0,30,30,1.499665,SUCCESS,sigmoid,
2026-06-02T20:59:04,88.0,12.0,sensor2_serial,1,0,4,0,120,183,20.000,20.005,0,30,30,1.499613,SUCCESS,sigmoid,
2026-06-02T20:59:24,88.0,12.0,sensor2_serial,1,0,4,0,120,182,20.000,20.004,0,23,23,1.149753,SUCCESS,sigmoid,
2026-06-02T20:59:44,88.0,12.0,sensor2_serial,1,0,4,0,120,181,20.000,20.005,0,19,19,0.949749,SUCCESS,sigmoid,
2026-06-02T21:00:04,88.0,12.0,sensor2_serial,1,0,4,0,120,180,20.000,20.005,0,19,19,0.949786,SUCCESS,sigmoid,
2026-06-02T21:00:24,88.0,12.0,sensor2_serial,1,0,4,0,120,179,20.000,20.004,0,19,19,0.949794,SUCCESS,sigmoid,
2026-06-02T21:00:44,88.0,12.0,sensor2_serial,1,0,4,0,120,178,20.000,20.004,0,17,17,0.849814,SUCCESS,sigmoid,
2026-06-02T21:01:04,88.0,12.0,sensor2_serial,1,0,4,0,120,177,20.000,20.004,0,16,16,0.799828,SUCCESS,sigmoid,
2026-06-02T21:01:24,88.0,12.0,sensor2_serial,1,0,4,0,120,176,20.000,20.005,0,15,15,0.749801,SUCCESS,sigmoid,
2026-06-02T21:01:44,88.0,12.0,sensor2_serial,1,0,4,0,120,175,20.000,20.005,0,15,15,0.749822,SUCCESS,sigmoid,
2026-06-02T21:02:04,88.0,12.0,sensor2_serial,1,0,4,0,120,174,20.000,20.005,0,11,11,0.549873,SUCCESS,sigmoid,
2026-06-02T21:02:24,88.0,12.0,sensor2_serial,1,0,4,0,120,173,20.000,20.004,0,6,6,0.299933,SUCCESS,sigmoid,
2026-06-02T21:02:44,88.0,12.0,sensor2_serial,1,0,4,0,120,172,20.000,20.004,0,7,7,0.349923,SUCCESS,sigmoid,
2026-06-02T21:03:05,88.0,12.0,sensor2_serial,1,0,4,0,120,171,20.000,20.004,0,9,9,0.449904,SUCCESS,sigmoid,
2026-06-02T21:03:25,88.0,12.0,sensor2_serial,1,0,4,0,120,170,20.000,20.005,0,5,5,0.249940,SUCCESS,sigmoid,
2026-06-02T21:03:45,88.0,12.0,sensor2_serial,1,0,4,0,120,169,20.000,20.005,0,5,5,0.249942,SUCCESS,sigmoid,
2026-06-02T21:04:05,88.0,12.0,sensor2_serial,1,0,4,0,120,168,20.000,20.005,0,7,7,0.349920,SUCCESS,sigmoid,
2026-06-02T21:04:25,88.0,12.0,sensor2_serial,1,0,4,0,120,167,20.000,20.005,0,4,4,0.199950,SUCCESS,sigmoid,
2026-06-02T21:04:45,88.0,12.0,sensor2_serial,1,0,4,0,120,166,20.000,20.004,0,8,8,0.399914,SUCCESS,sigmoid,
2026-06-02T21:05:05,88.0,12.0,sensor2_serial,1,0,4,0,120,165,20.000,20.005,0,6,6,0.299932,SUCCESS,sigmoid,
2026-06-02T21:05:25,88.0,12.0,sensor2_serial,1,0,4,0,120,164,20.000,20.005,0,3,3,0.149962,SUCCESS,sigmoid,
2026-06-02T21:05:45,88.0,12.0,sensor2_serial,1,0,4,0,120,163,20.000,20.004,0,2,2,0.099978,SUCCESS,sigmoid,
2026-06-02T21:06:05,88.0,12.0,sensor2_serial,1,0,4,0,120,162,20.000,20.005,0,2,2,0.099977,SUCCESS,sigmoid,
2026-06-02T21:06:25,88.0,12.0,sensor2_serial,1,0,4,0,120,161,20.000,20.004,0,2,2,0.099978,SUCCESS,sigmoid,
2026-06-02T21:06:45,88.0,12.0,sensor2_serial,1,0,4,0,120,160,20.000,20.005,0,0,0,0.000000,SUCCESS,sigmoid,
2026-06-02T21:07:05,88.0,12.0,sensor2_serial,1,0,4,0,120,159,20.000,20.005,0,1,1,0.049987,SUCCESS,sigmoid,
2026-06-02T21:07:25,88.0,12.0,sensor2_serial,1,0,4,0,120,158,20.000,20.004,0,2,2,0.099978,SUCCESS,sigmoid,
2026-06-02T21:07:45,88.0,12.0,sensor2_serial,1,0,4,0,120,157,20.000,20.005,0,0,0,0.000000,SUCCESS,sigmoid,
2026-06-02T21:08:05,88.0,12.0,sensor2_serial,1,0,4,0,120,156,20.000,20.004,0,0,0,0.000000,SUCCESS,sigmoid,
2026-06-02T21:08:25,88.0,12.0,sensor2_serial,1,1,5,1,120,255,20.000,20.006,0,1814126,1814126,90681.209891,SUCCESS,sigmoid,
2026-06-02T21:08:46,88.0,12.0,sensor2_serial,1,1,5,1,120,254,20.000,20.005,0,1881370,1881370,94042.845249,SUCCESS,sigmoid,
2026-06-02T21:09:06,88.0,12.0,sensor2_serial,1,1,5,1,120,253,20.000,20.006,0,2004642,2004642,100204.489620,SUCCESS,sigmoid,
2026-06-02T21:09:26,88.0,12.0,sensor2_serial,1,1,5,1,120,252,20.000,20.006,0,2288356,2288356,114386.062486,SUCCESS,sigmoid,
2026-06-02T21:09:46,88.0,12.0,sensor2_serial,1,1,5,1,120,251,20.000,20.004,0,2411338,2411338,120540.166968,SUCCESS,sigmoid,
2026-06-02T21:10:06,88.0,12.0,sensor2_serial,1,1,5,1,120,250,20.000,20.005,0,2797773,2797773,139852.464047,SUCCESS,sigmoid,
2026-06-02T21:10:26,88.0,12.0,sensor2_serial,1,1,5,1,120,249,20.000,20.006,0,3049878,3049878,152450.674243,SUCCESS,sigmoid,
2026-06-02T21:10:46,88.0,12.0,sensor2_serial,1,1,5,1,120,248,20.000,20.006,0,3024241,3024241,151169.978487,SUCCESS,sigmoid,
2026-06-02T21:11:06,88.0,12.0,sensor2_serial,1,1,5,1,120,247,20.000,20.005,0,2799199,2799199,139927.694567,SUCCESS,sigmoid,
2026-06-02T21:11:26,88.0,12.0,sensor2_serial,1,1,5,1,120,246,20.000,20.005,0,2194087,2194087,109674.990402,SUCCESS,sigmoid,
2026-06-02T21:11:46,88.0,12.0,sensor2_serial,1,1,5,1,120,245,20.000,20.005,0,1313257,1313257,65645.823077,SUCCESS,sigmoid,
2026-06-02T21:12:06,88.0,12.0,sensor2_serial,1,1,5,1,120,244,20.000,20.006,0,799089,799089,39943.371613,SUCCESS,sigmoid,
2026-06-02T21:12:26,88.0,12.0,sensor2_serial,1,1,5,1,120,243,20.000,20.006,0,732736,732736,36626.435487,SUCCESS,sigmoid,
2026-06-02T21:12:46,88.0,12.0,sensor2_serial,1,1,5,1,120,242,20.000,20.006,0,366895,366895,18339.530128,SUCCESS,sigmoid,
2026-06-02T21:13:06,88.0,12.0,sensor2_serial,1,1,5,1,120,241,20.000,20.006,0,165412,165412,8268.108511,SUCCESS,sigmoid,
2026-06-02T21:13:26,88.0,12.0,sensor2_serial,1,1,5,1,120,240,20.000,20.005,0,82543,82543,4126.076452,SUCCESS,sigmoid,
2026-06-02T21:13:46,88.0,12.0,sensor2_serial,1,1,5,1,120,239,20.000,20.006,0,47980,47980,2398.335388,SUCCESS,sigmoid,
2026-06-02T21:14:07,88.0,12.0,sensor2_serial,1,1,5,1,120,238,20.000,20.005,0,23428,23428,1171.121355,SUCCESS,sigmoid,
2026-06-02T21:14:27,88.0,12.0,sensor2_serial,1,1,5,1,120,237,20.000,20.005,0,11148,11148,557.254545,SUCCESS,sigmoid,
2026-06-02T21:14:47,88.0,12.0,sensor2_serial,1,1,5,1,120,236,20.000,20.005,0,3661,3661,183.002115,SUCCESS,sigmoid,
2026-06-02T21:15:07,88.0,12.0,sensor2_serial,1,1,5,1,120,235,20.000,20.005,0,2486,2486,124.267133,SUCCESS,sigmoid,
2026-06-02T21:15:27,88.0,12.0,sensor2_serial,1,1,5,1,120,234,20.000,20.005,0,1018,1018,50.888528,SUCCESS,sigmoid,
2026-06-02T21:15:47,88.0,12.0,sensor2_serial,1,1,5,1,120,233,20.000,20.005,0,375,375,18.745129,SUCCESS,sigmoid,
2026-06-02T21:16:07,88.0,12.0,sensor2_serial,1,1,5,1,120,232,20.000,20.005,0,279,279,13.946499,SUCCESS,sigmoid,
2026-06-02T21:16:27,88.0,12.0,sensor2_serial,1,1,5,1,120,231,20.000,20.004,0,178,178,8.898202,SUCCESS,sigmoid,
2026-06-02T21:16:47,88.0,12.0,sensor2_serial,1,1,5,1,120,230,20.000,20.005,0,148,148,7.398092,SUCCESS,sigmoid,
2026-06-02T21:17:07,88.0,12.0,sensor2_serial,1,1,5,1,120,229,20.000,20.005,0,154,154,7.698033,SUCCESS,sigmoid,
2026-06-02T21:17:27,88.0,12.0,sensor2_serial,1,1,5,1,120,228,20.000,20.005,0,136,136,6.798360,SUCCESS,sigmoid,
2026-06-02T21:17:47,88.0,12.0,sensor2_serial,1,1,5,1,120,227,20.000,20.005,0,157,157,7.847890,SUCCESS,sigmoid,
2026-06-02T21:18:07,88.0,12.0,sensor2_serial,1,1,5,1,120,226,20.000,20.006,0,147,147,7.347938,SUCCESS,sigmoid,
2026-06-02T21:18:27,88.0,12.0,sensor2_serial,1,1,5,1,120,225,20.000,20.005,0,125,125,6.248288,SUCCESS,sigmoid,
2026-06-02T21:18:47,88.0,12.0,sensor2_serial,1,1,5,1,120,224,20.000,20.005,0,125,125,6.248509,SUCCESS,sigmoid,
2026-06-02T21:19:07,88.0,12.0,sensor2_serial,1,1,5,1,120,223,20.000,20.004,0,106,106,5.298838,SUCCESS,sigmoid,
2026-06-02T21:19:27,88.0,12.0,sensor2_serial,1,1,5,1,120,222,20.000,20.005,0,127,127,6.348357,SUCCESS,sigmoid,
2026-06-02T21:19:48,88.0,12.0,sensor2_serial,1,1,5,1,120,221,20.000,20.004,0,145,145,7.248372,SUCCESS,sigmoid,
2026-06-02T21:20:08,88.0,12.0,sensor2_serial,1,1,5,1,120,220,20.000,20.005,0,123,123,6.148429,SUCCESS,sigmoid,
2026-06-02T21:20:28,88.0,12.0,sensor2_serial,1,1,5,1,120,219,20.000,20.005,0,106,106,5.298690,SUCCESS,sigmoid,
2026-06-02T21:20:48,88.0,12.0,sensor2_serial,1,1,5,1,120,218,20.000,20.005,0,128,128,6.398387,SUCCESS,sigmoid,
2026-06-02T21:21:08,88.0,12.0,sensor2_serial,1,1,5,1,120,217,20.000,20.005,0,129,129,6.448364,SUCCESS,sigmoid,
2026-06-02T21:21:28,88.0,12.0,sensor2_serial,1,1,5,1,120,216,20.000,20.006,0,127,127,6.348191,SUCCESS,sigmoid,
2026-06-02T21:21:48,88.0,12.0,sensor2_serial,1,1,5,1,120,215,20.000,20.005,0,116,116,5.798478,SUCCESS,sigmoid,
2026-06-02T21:22:08,88.0,12.0,sensor2_serial,1,1,5,1,120,214,20.000,20.005,0,124,124,6.198543,SUCCESS,sigmoid,
2026-06-02T21:22:28,88.0,12.0,sensor2_serial,1,1,5,1,120,213,20.000,20.005,0,113,113,5.648484,SUCCESS,sigmoid,
2026-06-02T21:22:48,88.0,12.0,sensor2_serial,1,1,5,1,120,212,20.000,20.006,0,116,116,5.798366,SUCCESS,sigmoid,
2026-06-02T21:23:08,88.0,12.0,sensor2_serial,1,1,5,1,120,211,20.000,20.004,0,106,106,5.298874,SUCCESS,sigmoid,
2026-06-02T21:23:28,88.0,12.0,sensor2_serial,1,1,5,1,120,210,20.000,20.005,0,107,107,5.348619,SUCCESS,sigmoid,
2026-06-02T21:23:48,88.0,12.0,sensor2_serial,1,1,5,1,120,209,20.000,20.005,0,86,86,4.299008,SUCCESS,sigmoid,
2026-06-02T21:24:08,88.0,12.0,sensor2_serial,1,1,5,1,120,208,20.000,20.005,0,99,99,4.948742,SUCCESS,sigmoid,
2026-06-02T21:24:28,88.0,12.0,sensor2_serial,1,1,5,1,120,207,20.000,20.005,0,93,93,4.648790,SUCCESS,sigmoid,
2026-06-02T21:24:48,88.0,12.0,sensor2_serial,1,1,5,1,120,206,20.000,20.005,0,83,83,4.148862,SUCCESS,sigmoid,
2026-06-02T21:25:08,88.0,12.0,sensor2_serial,1,1,5,1,120,205,20.000,20.005,0,94,94,4.698902,SUCCESS,sigmoid,
2026-06-02T21:25:29,88.0,12.0,sensor2_serial,1,1,5,1,120,204,20.000,20.005,0,104,104,5.198797,SUCCESS,sigmoid,
2026-06-02T21:25:49,88.0,12.0,sensor2_serial,1,1,5,1,120,203,20.000,20.005,0,89,89,4.448799,SUCCESS,sigmoid,
2026-06-02T21:26:09,88.0,12.0,sensor2_serial,1,1,5,1,120,202,20.000,20.005,0,93,93,4.648919,SUCCESS,sigmoid,
2026-06-02T21:26:29,88.0,12.0,sensor2_serial,1,1,5,1,120,201,20.000,20.005,0,84,84,4.198865,SUCCESS,sigmoid,
2026-06-02T21:26:49,88.0,12.0,sensor2_serial,1,1,5,1,120,200,20.000,20.005,0,71,71,3.549050,SUCCESS,sigmoid,
2026-06-02T21:27:09,88.0,12.0,sensor2_serial,1,1,5,1,120,199,20.000,20.005,0,73,73,3.649062,SUCCESS,sigmoid,
2026-06-02T21:27:29,88.0,12.0,sensor2_serial,1,1,5,1,120,198,20.000,20.005,0,93,93,4.648940,SUCCESS,sigmoid,
2026-06-02T21:27:49,88.0,12.0,sensor2_serial,1,1,5,1,120,197,20.000,20.005,0,79,79,3.949081,SUCCESS,sigmoid,
2026-06-02T21:28:09,88.0,12.0,sensor2_serial,1,1,5,1,120,196,20.000,20.004,0,61,61,3.049333,SUCCESS,sigmoid,
2026-06-02T21:28:29,88.0,12.0,sensor2_serial,1,1,5,1,120,195,20.000,20.006,0,61,61,3.049120,SUCCESS,sigmoid,
2026-06-02T21:28:49,88.0,12.0,sensor2_serial,1,1,5,1,120,194,20.000,20.005,0,60,60,2.999242,SUCCESS,sigmoid,
2026-06-02T21:29:09,88.0,12.0,sensor2_serial,1,1,5,1,120,193,20.000,20.004,0,81,81,4.049140,SUCCESS,sigmoid,
2026-06-02T21:29:29,88.0,12.0,sensor2_serial,1,1,5,1,120,192,20.000,20.006,0,63,63,3.149124,SUCCESS,sigmoid,
2026-06-02T21:29:49,88.0,12.0,sensor2_serial,1,1,5,1,120,191,20.000,20.005,0,55,55,2.749374,SUCCESS,sigmoid,
2026-06-02T21:30:09,88.0,12.0,sensor2_serial,1,1,5,1,120,190,20.000,20.004,0,58,58,2.899353,SUCCESS,sigmoid,
2026-06-02T21:30:29,88.0,12.0,sensor2_serial,1,1,5,1,120,189,20.000,20.005,0,45,45,2.249483,SUCCESS,sigmoid,
2026-06-02T21:30:49,88.0,12.0,sensor2_serial,1,1,5,1,120,188,20.000,20.004,0,54,54,2.699424,SUCCESS,sigmoid,
2026-06-02T21:31:10,88.0,12.0,sensor2_serial,1,1,5,1,120,187,20.000,20.005,0,43,43,2.149435,SUCCESS,sigmoid,
2026-06-02T21:31:30,88.0,12.0,sensor2_serial,1,1,5,1,120,186,20.000,20.005,0,40,40,1.999497,SUCCESS,sigmoid,
2026-06-02T21:31:50,88.0,12.0,sensor2_serial,1,1,5,1,120,185,20.000,20.005,0,41,41,2.049476,SUCCESS,sigmoid,
2026-06-02T21:32:10,88.0,12.0,sensor2_serial,1,1,5,1,120,184,20.000,20.005,0,49,49,2.449422,SUCCESS,sigmoid,
2026-06-02T21:32:30,88.0,12.0,sensor2_serial,1,1,5,1,120,183,20.000,20.004,0,31,31,1.549677,SUCCESS,sigmoid,
2026-06-02T21:32:50,88.0,12.0,sensor2_serial,1,1,5,1,120,182,20.000,20.004,0,41,41,2.049545,SUCCESS,sigmoid,
2026-06-02T21:33:10,88.0,12.0,sensor2_serial,1,1,5,1,120,181,20.000,20.005,0,28,28,1.399685,SUCCESS,sigmoid,
2026-06-02T21:33:30,88.0,12.0,sensor2_serial,1,1,5,1,120,180,20.000,20.004,0,39,39,1.949588,SUCCESS,sigmoid,
2026-06-02T21:33:50,88.0,12.0,sensor2_serial,1,1,5,1,120,179,20.000,20.004,0,14,14,0.699850,SUCCESS,sigmoid,
2026-06-02T21:34:10,88.0,12.0,sensor2_serial,1,1,5,1,120,178,20.000,20.005,0,31,31,1.549623,SUCCESS,sigmoid,
2026-06-02T21:34:30,88.0,12.0,sensor2_serial,1,1,5,1,120,177,20.000,20.005,0,22,22,1.099712,SUCCESS,sigmoid,
2026-06-02T21:34:50,88.0,12.0,sensor2_serial,1,1,5,1,120,176,20.000,20.005,0,21,21,1.049733,SUCCESS,sigmoid,
2026-06-02T21:35:10,88.0,12.0,sensor2_serial,1,1,5,1,120,175,20.000,20.006,0,22,22,1.099692,SUCCESS,sigmoid,
2026-06-02T21:35:30,88.0,12.0,sensor2_serial,1,1,5,1,120,174,20.000,20.006,0,17,17,0.849761,SUCCESS,sigmoid,
2026-06-02T21:35:50,88.0,12.0,sensor2_serial,1,1,5,1,120,173,20.000,20.005,0,14,14,0.699833,SUCCESS,sigmoid,
2026-06-02T21:36:10,88.0,12.0,sensor2_serial,1,1,5,1,120,172,20.000,20.005,0,12,12,0.599838,SUCCESS,sigmoid,
2026-06-02T21:36:30,88.0,12.0,sensor2_serial,1,1,5,1,120,171,20.000,20.005,0,13,13,0.649822,SUCCESS,sigmoid,
2026-06-02T21:36:51,88.0,12.0,sensor2_serial,1,1,5,1,120,170,20.000,20.004,0,9,9,0.449906,SUCCESS,sigmoid,
2026-06-02T21:37:11,88.0,12.0,sensor2_serial,1,1,5,1,120,169,20.000,20.005,0,11,11,0.549851,SUCCESS,sigmoid,
2026-06-02T21:37:31,88.0,12.0,sensor2_serial,1,1,5,1,120,168,20.000,20.005,0,6,6,0.299930,SUCCESS,sigmoid,
2026-06-02T21:37:51,88.0,12.0,sensor2_serial,1,1,5,1,120,167,20.000,20.004,0,12,12,0.599872,SUCCESS,sigmoid,
2026-06-02T21:38:11,88.0,12.0,sensor2_serial,1,1,5,1,120,166,20.000,20.005,0,3,3,0.149966,SUCCESS,sigmoid,
2026-06-02T21:38:31,88.0,12.0,sensor2_serial,1,1,5,1,120,165,20.000,20.005,0,6,6,0.299921,SUCCESS,sigmoid,
2026-06-02T21:38:51,88.0,12.0,sensor2_serial,1,1,5,1,120,164,20.000,20.005,0,4,4,0.199947,SUCCESS,sigmoid,
2026-06-02T21:39:11,88.0,12.0,sensor2_serial,1,1,5,1,120,163,20.000,20.005,0,1,1,0.049989,SUCCESS,sigmoid,
2026-06-02T21:39:31,88.0,12.0,sensor2_serial,1,1,5,1,120,162,20.000,20.004,0,4,4,0.199957,SUCCESS,sigmoid,
2026-06-02T21:39:51,88.0,12.0,sensor2_serial,1,1,5,1,120,161,20.000,20.005,0,2,2,0.099977,SUCCESS,sigmoid,
2026-06-02T21:40:11,88.0,12.0,sensor2_serial,1,1,5,1,120,160,20.000,20.005,0,2,2,0.099974,SUCCESS,sigmoid,
2026-06-02T21:40:31,88.0,12.0,sensor2_serial,1,1,5,1,120,159,20.000,20.005,0,2,2,0.099973,SUCCESS,sigmoid,
2026-06-02T21:40:51,88.0,12.0,sensor2_serial,1,1,5,1,120,158,20.000,20.005,0,4,4,0.199954,SUCCESS,sigmoid,
2026-06-02T21:41:11,88.0,12.0,sensor2_serial,1,1,5,1,120,157,20.000,20.004,0,1,1,0.049989,SUCCESS,sigmoid,
2026-06-02T21:41:31,88.0,12.0,sensor2_serial,1,1,5,1,120,156,20.000,20.005,0,1,1,0.049987,SUCCESS,sigmoid,
2026-06-02T21:41:51,88.0,12.0,sensor2_serial,1,1,5,1,120,155,20.000,20.005,0,1,1,0.049987,SUCCESS,sigmoid,
2026-06-02T21:42:11,88.0,12.0,sensor2_serial,1,1,5,1,120,154,20.000,20.004,0,0,0,0.000000,SUCCESS,sigmoid,
2026-06-02T21:42:32,88.0,12.0,sensor2_serial,1,1,5,1,120,153,20.000,20.005,0,1,1,0.049988,SUCCESS,sigmoid,
2026-06-02T21:42:52,88.0,12.0,sensor2_serial,1,1,5,1,120,152,20.000,20.005,0,0,0,0.000000,SUCCESS,sigmoid,
2026-06-02T21:43:12,88.0,12.0,sensor2_serial,1,1,5,1,120,151,20.000,20.004,0,0,0,0.000000,SUCCESS,sigmoid,
2026-06-02T21:43:32,88.0,12.0,sensor2_serial,1,2,6,2,120,255,20.000,20.005,0,1837532,1837532,91852.939837,SUCCESS,sigmoid,
2026-06-02T21:43:52,88.0,12.0,sensor2_serial,1,2,6,2,120,254,20.000,20.006,0,1810194,1810194,90484.681526,SUCCESS,sigmoid,
2026-06-02T21:44:12,88.0,12.0,sensor2_serial,1,2,6,2,120,253,20.000,20.006,0,1955703,1955703,97757.903766,SUCCESS,sigmoid,
2026-06-02T21:44:32,88.0,12.0,sensor2_serial,1,2,6,2,120,252,20.000,20.005,0,2069337,2069337,103438.526076,SUCCESS,sigmoid,
2026-06-02T21:44:52,88.0,12.0,sensor2_serial,1,2,6,2,120,251,20.000,20.005,0,2143007,2143007,107121.011339,SUCCESS,sigmoid,
2026-06-02T21:45:12,88.0,12.0,sensor2_serial,1,2,6,2,120,250,20.000,20.006,0,2504784,2504784,125204.311604,SUCCESS,sigmoid,
2026-06-02T21:45:32,88.0,12.0,sensor2_serial,1,2,6,2,120,249,20.000,20.005,0,2743661,2743661,137148.438388,SUCCESS,sigmoid,
2026-06-02T21:45:52,88.0,12.0,sensor2_serial,1,2,6,2,120,248,20.000,20.006,0,3124175,3124175,156162.219340,SUCCESS,sigmoid,
2026-06-02T21:46:12,88.0,12.0,sensor2_serial,1,2,6,2,120,247,20.000,20.006,0,3075664,3075664,153740.381972,SUCCESS,sigmoid,
2026-06-02T21:46:32,88.0,12.0,sensor2_serial,1,2,6,2,120,246,20.000,20.005,0,2656732,2656732,132801.258555,SUCCESS,sigmoid,
2026-06-02T21:46:52,88.0,12.0,sensor2_serial,1,2,6,2,120,245,20.000,20.005,0,2193759,2193759,109658.882306,SUCCESS,sigmoid,
2026-06-02T21:47:12,88.0,12.0,sensor2_serial,1,2,6,2,120,244,20.000,20.005,0,1498831,1498831,74924.477068,SUCCESS,sigmoid,
2026-06-02T21:47:32,88.0,12.0,sensor2_serial,1,2,6,2,120,243,20.000,20.005,0,1136576,1136576,56814.889895,SUCCESS,sigmoid,
2026-06-02T21:47:53,88.0,12.0,sensor2_serial,1,2,6,2,120,242,20.000,20.005,0,550058,550058,27495.344573,SUCCESS,sigmoid,
2026-06-02T21:48:13,88.0,12.0,sensor2_serial,1,2,6,2,120,241,20.000,20.005,0,385239,385239,19256.664443,SUCCESS,sigmoid,
2026-06-02T21:48:33,88.0,12.0,sensor2_serial,1,2,6,2,120,240,20.000,20.006,0,211643,211643,10579.213056,SUCCESS,sigmoid,
2026-06-02T21:48:53,88.0,12.0,sensor2_serial,1,2,6,2,120,239,20.000,20.005,0,101633,101633,5080.366798,SUCCESS,sigmoid,
2026-06-02T21:49:13,88.0,12.0,sensor2_serial,1,2,6,2,120,238,20.000,20.005,0,46406,46406,2319.690227,SUCCESS,sigmoid,
2026-06-02T21:49:33,88.0,12.0,sensor2_serial,1,2,6,2,120,237,20.000,20.005,0,26765,26765,1337.895439,SUCCESS,sigmoid,
2026-06-02T21:49:53,88.0,12.0,sensor2_serial,1,2,6,2,120,236,20.000,20.005,0,8105,8105,405.142231,SUCCESS,sigmoid,
2026-06-02T21:50:13,88.0,12.0,sensor2_serial,1,2,6,2,120,235,20.000,20.005,0,6672,6672,333.520705,SUCCESS,sigmoid,
2026-06-02T21:50:33,88.0,12.0,sensor2_serial,1,2,6,2,120,234,20.000,20.005,0,2747,2747,137.319030,SUCCESS,sigmoid,
2026-06-02T21:50:53,88.0,12.0,sensor2_serial,1,2,6,2,120,233,20.000,20.005,0,1476,1476,73.779887,SUCCESS,sigmoid,
2026-06-02T21:51:13,88.0,12.0,sensor2_serial,1,2,6,2,120,232,20.000,20.005,0,506,506,25.294044,SUCCESS,sigmoid,
2026-06-02T21:51:33,88.0,12.0,sensor2_serial,1,2,6,2,120,231,20.000,20.005,0,223,223,11.147463,SUCCESS,sigmoid,
2026-06-02T21:51:53,88.0,12.0,sensor2_serial,1,2,6,2,120,230,20.000,20.004,0,193,193,9.647838,SUCCESS,sigmoid,
2026-06-02T21:52:13,88.0,12.0,sensor2_serial,1,2,6,2,120,229,20.000,20.004,0,165,165,8.248148,SUCCESS,sigmoid,
2026-06-02T21:52:33,88.0,12.0,sensor2_serial,1,2,6,2,120,228,20.000,20.005,0,129,129,6.448353,SUCCESS,sigmoid,
2026-06-02T21:52:53,88.0,12.0,sensor2_serial,1,2,6,2,120,227,20.000,20.005,0,134,134,6.698201,SUCCESS,sigmoid,
2026-06-02T21:53:13,88.0,12.0,sensor2_serial,1,2,6,2,120,226,20.000,20.005,0,151,151,7.548266,SUCCESS,sigmoid,
2026-06-02T21:53:34,88.0,12.0,sensor2_serial,1,2,6,2,120,225,20.000,20.005,0,117,117,5.848575,SUCCESS,sigmoid,
2026-06-02T21:53:54,88.0,12.0,sensor2_serial,1,2,6,2,120,224,20.000,20.004,0,120,120,5.998764,SUCCESS,sigmoid,
2026-06-02T21:54:14,88.0,12.0,sensor2_serial,1,2,6,2,120,223,20.000,20.005,0,122,122,6.098396,SUCCESS,sigmoid,
2026-06-02T21:54:34,88.0,12.0,sensor2_serial,1,2,6,2,120,222,20.000,20.005,0,125,125,6.248547,SUCCESS,sigmoid,
2026-06-02T21:54:54,88.0,12.0,sensor2_serial,1,2,6,2,120,221,20.000,20.005,0,120,120,5.998523,SUCCESS,sigmoid,
2026-06-02T21:55:14,88.0,12.0,sensor2_serial,1,2,6,2,120,220,20.000,20.005,0,137,137,6.848324,SUCCESS,sigmoid,
2026-06-02T21:55:34,88.0,12.0,sensor2_serial,1,2,6,2,120,219,20.000,20.006,0,115,115,5.748418,SUCCESS,sigmoid,
2026-06-02T21:55:54,88.0,12.0,sensor2_serial,1,2,6,2,120,218,20.000,20.006,0,113,113,5.648443,SUCCESS,sigmoid,
2026-06-02T21:56:14,88.0,12.0,sensor2_serial,1,2,6,2,120,217,20.000,20.005,0,139,139,6.948164,SUCCESS,sigmoid,
2026-06-02T21:56:34,88.0,12.0,sensor2_serial,1,2,6,2,120,216,20.000,20.004,0,111,111,5.548830,SUCCESS,sigmoid,
2026-06-02T21:56:54,88.0,12.0,sensor2_serial,1,2,6,2,120,215,20.000,20.005,0,109,109,5.448513,SUCCESS,sigmoid,
2026-06-02T21:57:14,88.0,12.0,sensor2_serial,1,2,6,2,120,214,20.000,20.005,0,100,100,4.998867,SUCCESS,sigmoid,
2026-06-02T21:57:34,88.0,12.0,sensor2_serial,1,2,6,2,120,213,20.000,20.006,0,114,114,5.698356,SUCCESS,sigmoid,
2026-06-02T21:57:54,88.0,12.0,sensor2_serial,1,2,6,2,120,212,20.000,20.004,0,98,98,4.898912,SUCCESS,sigmoid,
2026-06-02T21:58:14,88.0,12.0,sensor2_serial,1,2,6,2,120,211,20.000,20.005,0,97,97,4.848682,SUCCESS,sigmoid,
2026-06-02T21:58:34,88.0,12.0,sensor2_serial,1,2,6,2,120,210,20.000,20.004,0,101,101,5.048873,SUCCESS,sigmoid,
2026-06-02T21:58:54,88.0,12.0,sensor2_serial,1,2,6,2,120,209,20.000,20.004,0,115,115,5.748716,SUCCESS,sigmoid,
2026-06-02T21:59:15,88.0,12.0,sensor2_serial,1,2,6,2,120,208,20.000,20.004,0,97,97,4.848941,SUCCESS,sigmoid,
2026-06-02T21:59:35,88.0,12.0,sensor2_serial,1,2,6,2,120,207,20.000,20.005,0,112,112,5.598489,SUCCESS,sigmoid,
2026-06-02T21:59:55,88.0,12.0,sensor2_serial,1,2,6,2,120,206,20.000,20.005,0,92,92,4.598937,SUCCESS,sigmoid,
2026-06-02T22:00:15,88.0,12.0,sensor2_serial,1,2,6,2,120,205,20.000,20.005,0,86,86,4.298833,SUCCESS,sigmoid,
2026-06-02T22:00:35,88.0,12.0,sensor2_serial,1,2,6,2,120,204,20.000,20.005,0,95,95,4.748832,SUCCESS,sigmoid,
2026-06-02T22:00:55,88.0,12.0,sensor2_serial,1,2,6,2,120,203,20.000,20.006,0,93,93,4.648709,SUCCESS,sigmoid,
2026-06-02T22:01:15,88.0,12.0,sensor2_serial,1,2,6,2,120,202,20.000,20.005,0,85,85,4.248841,SUCCESS,sigmoid,
2026-06-02T22:01:35,88.0,12.0,sensor2_serial,1,2,6,2,120,201,20.000,20.005,0,84,84,4.199037,SUCCESS,sigmoid,
2026-06-02T22:01:55,88.0,12.0,sensor2_serial,1,2,6,2,120,200,20.000,20.005,0,70,70,3.499198,SUCCESS,sigmoid,
2026-06-02T22:02:15,88.0,12.0,sensor2_serial,1,2,6,2,120,199,20.000,20.006,0,73,73,3.648913,SUCCESS,sigmoid,
2026-06-02T22:02:35,88.0,12.0,sensor2_serial,1,2,6,2,120,198,20.000,20.004,0,70,70,3.499279,SUCCESS,sigmoid,
2026-06-02T22:02:55,88.0,12.0,sensor2_serial,1,2,6,2,120,197,20.000,20.005,0,62,62,3.099294,SUCCESS,sigmoid,
2026-06-02T22:03:15,88.0,12.0,sensor2_serial,1,2,6,2,120,196,20.000,20.005,0,81,81,4.049058,SUCCESS,sigmoid,
2026-06-02T22:03:35,88.0,12.0,sensor2_serial,1,2,6,2,120,195,20.000,20.005,0,63,63,3.149172,SUCCESS,sigmoid,
2026-06-02T22:03:55,88.0,12.0,sensor2_serial,1,2,6,2,120,194,20.000,20.005,0,61,61,3.049211,SUCCESS,sigmoid,
2026-06-02T22:04:15,88.0,12.0,sensor2_serial,1,2,6,2,120,193,20.000,20.004,0,56,56,2.799398,SUCCESS,sigmoid,
2026-06-02T22:04:35,88.0,12.0,sensor2_serial,1,2,6,2,120,192,20.000,20.005,0,67,67,3.349183,SUCCESS,sigmoid,
2026-06-02T22:04:56,88.0,12.0,sensor2_serial,1,2,6,2,120,191,20.000,20.005,0,56,56,2.799261,SUCCESS,sigmoid,
2026-06-02T22:05:16,88.0,12.0,sensor2_serial,1,2,6,2,120,190,20.000,20.005,0,67,67,3.349114,SUCCESS,sigmoid,
2026-06-02T22:05:36,88.0,12.0,sensor2_serial,1,2,6,2,120,189,20.000,20.004,0,58,58,2.899386,SUCCESS,sigmoid,
2026-06-02T22:05:56,88.0,12.0,sensor2_serial,1,2,6,2,120,188,20.000,20.004,0,50,50,2.499517,SUCCESS,sigmoid,
2026-06-02T22:06:16,88.0,12.0,sensor2_serial,1,2,6,2,120,187,20.000,20.005,0,40,40,1.999461,SUCCESS,sigmoid,
2026-06-02T22:06:36,88.0,12.0,sensor2_serial,1,2,6,2,120,186,20.000,20.005,0,49,49,2.449437,SUCCESS,sigmoid,
2026-06-02T22:06:56,88.0,12.0,sensor2_serial,1,2,6,2,120,185,20.000,20.005,0,34,34,1.699585,SUCCESS,sigmoid,
2026-06-02T22:07:16,88.0,12.0,sensor2_serial,1,2,6,2,120,184,20.000,20.005,0,35,35,1.749563,SUCCESS,sigmoid,
2026-06-02T22:07:36,88.0,12.0,sensor2_serial,1,2,6,2,120,183,20.000,20.006,0,36,36,1.799494,SUCCESS,sigmoid,
2026-06-02T22:07:56,88.0,12.0,sensor2_serial,1,2,6,2,120,182,20.000,20.005,0,47,47,2.349441,SUCCESS,sigmoid,
2026-06-02T22:08:16,88.0,12.0,sensor2_serial,1,2,6,2,120,181,20.000,20.006,0,35,35,1.749505,SUCCESS,sigmoid,
2026-06-02T22:08:36,88.0,12.0,sensor2_serial,1,2,6,2,120,180,20.000,20.005,0,27,27,1.349648,SUCCESS,sigmoid,
2026-06-02T22:08:56,88.0,12.0,sensor2_serial,1,2,6,2,120,179,20.000,20.005,0,38,38,1.899551,SUCCESS,sigmoid,
2026-06-02T22:09:16,88.0,12.0,sensor2_serial,1,2,6,2,120,178,20.000,20.005,0,17,17,0.849775,SUCCESS,sigmoid,
2026-06-02T22:09:36,88.0,12.0,sensor2_serial,1,2,6,2,120,177,20.000,20.004,0,20,20,0.999780,SUCCESS,sigmoid,
2026-06-02T22:09:56,88.0,12.0,sensor2_serial,1,2,6,2,120,176,20.000,20.006,0,19,19,0.949734,SUCCESS,sigmoid,
2026-06-02T22:10:17,88.0,12.0,sensor2_serial,1,2,6,2,120,175,20.000,20.005,0,24,24,1.199723,SUCCESS,sigmoid,
2026-06-02T22:10:37,88.0,12.0,sensor2_serial,1,2,6,2,120,174,20.000,20.005,0,18,18,0.899757,SUCCESS,sigmoid,
2026-06-02T22:10:57,88.0,12.0,sensor2_serial,1,2,6,2,120,173,20.000,20.005,0,20,20,0.999728,SUCCESS,sigmoid,
2026-06-02T22:11:17,88.0,12.0,sensor2_serial,1,2,6,2,120,172,20.000,20.005,0,17,17,0.849794,SUCCESS,sigmoid,
2026-06-02T22:11:37,88.0,12.0,sensor2_serial,1,2,6,2,120,171,20.000,20.005,0,16,16,0.799796,SUCCESS,sigmoid,
2026-06-02T22:11:57,88.0,12.0,sensor2_serial,1,2,6,2,120,170,20.000,20.005,0,15,15,0.749801,SUCCESS,sigmoid,
2026-06-02T22:12:17,88.0,12.0,sensor2_serial,1,2,6,2,120,169,20.000,20.005,0,10,10,0.499886,SUCCESS,sigmoid,
2026-06-02T22:12:37,88.0,12.0,sensor2_serial,1,2,6,2,120,168,20.000,20.005,0,9,9,0.449892,SUCCESS,sigmoid,
2026-06-02T22:12:57,88.0,12.0,sensor2_serial,1,2,6,2,120,167,20.000,20.005,0,5,5,0.249937,SUCCESS,sigmoid,
2026-06-02T22:13:17,88.0,12.0,sensor2_serial,1,2,6,2,120,166,20.000,20.005,0,8,8,0.399902,SUCCESS,sigmoid,
2026-06-02T22:13:37,88.0,12.0,sensor2_serial,1,2,6,2,120,165,20.000,20.005,0,2,2,0.099975,SUCCESS,sigmoid,
2026-06-02T22:13:57,88.0,12.0,sensor2_serial,1,2,6,2,120,164,20.000,20.005,0,4,4,0.199953,SUCCESS,sigmoid,
2026-06-02T22:14:17,88.0,12.0,sensor2_serial,1,2,6,2,120,163,20.000,20.005,0,7,7,0.349911,SUCCESS,sigmoid,
2026-06-02T22:14:37,88.0,12.0,sensor2_serial,1,2,6,2,120,162,20.000,20.005,0,4,4,0.199949,SUCCESS,sigmoid,
2026-06-02T22:14:57,88.0,12.0,sensor2_serial,1,2,6,2,120,161,20.000,20.005,0,1,1,0.049987,SUCCESS,sigmoid,
2026-06-02T22:15:17,88.0,12.0,sensor2_serial,1,2,6,2,120,160,20.000,20.004,0,2,2,0.099980,SUCCESS,sigmoid,
2026-06-02T22:15:37,88.0,12.0,sensor2_serial,1,2,6,2,120,159,20.000,20.004,0,0,0,0.000000,SUCCESS,sigmoid,
2026-06-02T22:15:58,88.0,12.0,sensor2_serial,1,2,6,2,120,158,20.000,20.005,0,0,0,0.000000,SUCCESS,sigmoid,
2026-06-02T22:16:32,89.0,11.0,sensor2_serial,1,0,4,0,120,255,20.000,20.004,0,3471082,3471082,173515.574805,SUCCESS,sigmoid,
2026-06-02T22:16:52,89.0,11.0,sensor2_serial,1,0,4,0,120,254,20.000,20.006,0,3556090,3556090,177754.800919,SUCCESS,sigmoid,
2026-06-02T22:17:12,89.0,11.0,sensor2_serial,1,0,4,0,120,253,20.000,20.005,0,3338786,3338786,166894.833748,SUCCESS,sigmoid,
2026-06-02T22:17:32,89.0,11.0,sensor2_serial,1,0,4,0,120,252,20.000,20.006,0,2738424,2738424,136880.006804,SUCCESS,sigmoid,
2026-06-02T22:17:52,89.0,11.0,sensor2_serial,1,0,4,0,120,251,20.000,20.006,0,2010914,2010914,100517.786408,SUCCESS,sigmoid,
2026-06-02T22:18:12,89.0,11.0,sensor2_serial,1,0,4,0,120,250,20.000,20.006,0,1279104,1279104,63936.041919,SUCCESS,sigmoid,
2026-06-02T22:18:32,89.0,11.0,sensor2_serial,1,0,4,0,120,249,20.000,20.006,0,770912,770912,38534.517765,SUCCESS,sigmoid,
2026-06-02T22:18:52,89.0,11.0,sensor2_serial,1,0,4,0,120,248,20.000,20.006,0,435159,435159,21751.955421,SUCCESS,sigmoid,
2026-06-02T22:19:12,89.0,11.0,sensor2_serial,1,0,4,0,120,247,20.000,20.005,0,324491,324491,16220.275567,SUCCESS,sigmoid,
2026-06-02T22:19:32,89.0,11.0,sensor2_serial,1,0,4,0,120,246,20.000,20.005,0,178548,178548,8925.016870,SUCCESS,sigmoid,
2026-06-02T22:19:52,89.0,11.0,sensor2_serial,1,0,4,0,120,245,20.000,20.006,0,80706,80706,4034.099139,SUCCESS,sigmoid,
2026-06-02T22:20:12,89.0,11.0,sensor2_serial,1,0,4,0,120,244,20.000,20.005,0,32274,32274,1613.258155,SUCCESS,sigmoid,
2026-06-02T22:20:32,89.0,11.0,sensor2_serial,1,0,4,0,120,243,20.000,20.006,0,32305,32305,1614.793990,SUCCESS,sigmoid,
2026-06-02T22:20:52,89.0,11.0,sensor2_serial,1,0,4,0,120,242,20.000,20.006,0,14441,14441,721.848038,SUCCESS,sigmoid,
2026-06-02T22:21:12,89.0,11.0,sensor2_serial,1,0,4,0,120,241,20.000,20.005,0,6529,6529,326.360514,SUCCESS,sigmoid,
2026-06-02T22:21:32,89.0,11.0,sensor2_serial,1,0,4,0,120,240,20.000,20.006,0,2739,2739,136.912197,SUCCESS,sigmoid,
2026-06-02T22:21:53,89.0,11.0,sensor2_serial,1,0,4,0,120,239,20.000,20.005,0,1116,1116,55.787033,SUCCESS,sigmoid,
2026-06-02T22:22:13,89.0,11.0,sensor2_serial,1,0,4,0,120,238,20.000,20.005,0,399,399,19.944899,SUCCESS,sigmoid,
2026-06-02T22:22:33,89.0,11.0,sensor2_serial,1,0,4,0,120,237,20.000,20.005,0,246,246,12.296855,SUCCESS,sigmoid,
2026-06-02T22:22:53,89.0,11.0,sensor2_serial,1,0,4,0,120,236,20.000,20.006,0,206,206,10.297088,SUCCESS,sigmoid,
2026-06-02T22:23:13,89.0,11.0,sensor2_serial,1,0,4,0,120,235,20.000,20.006,0,166,166,8.297690,SUCCESS,sigmoid,
2026-06-02T22:23:33,89.0,11.0,sensor2_serial,1,0,4,0,120,234,20.000,20.005,0,157,157,7.847925,SUCCESS,sigmoid,
2026-06-02T22:23:53,89.0,11.0,sensor2_serial,1,0,4,0,120,233,20.000,20.006,0,140,140,6.998018,SUCCESS,sigmoid,
2026-06-02T22:24:13,89.0,11.0,sensor2_serial,1,0,4,0,120,232,20.000,20.005,0,149,149,7.448044,SUCCESS,sigmoid,
2026-06-02T22:24:33,89.0,11.0,sensor2_serial,1,0,4,0,120,231,20.000,20.005,0,155,155,7.748096,SUCCESS,sigmoid,
2026-06-02T22:24:53,89.0,11.0,sensor2_serial,1,0,4,0,120,230,20.000,20.005,0,181,181,9.047564,SUCCESS,sigmoid,
2026-06-02T22:25:13,89.0,11.0,sensor2_serial,1,0,4,0,120,229,20.000,20.006,0,137,137,6.848101,SUCCESS,sigmoid,
2026-06-02T22:25:33,89.0,11.0,sensor2_serial,1,0,4,0,120,228,20.000,20.005,0,156,156,7.797957,SUCCESS,sigmoid,
2026-06-02T22:25:53,89.0,11.0,sensor2_serial,1,0,4,0,120,227,20.000,20.005,0,186,186,9.297492,SUCCESS,sigmoid,
2026-06-02T22:26:13,89.0,11.0,sensor2_serial,1,0,4,0,120,226,20.000,20.005,0,150,150,7.498082,SUCCESS,sigmoid,
2026-06-02T22:26:33,89.0,11.0,sensor2_serial,1,0,4,0,120,225,20.000,20.005,0,153,153,7.648023,SUCCESS,sigmoid,
2026-06-02T22:26:53,89.0,11.0,sensor2_serial,1,0,4,0,120,224,20.000,20.005,0,147,147,7.347992,SUCCESS,sigmoid,
2026-06-02T22:27:14,89.0,11.0,sensor2_serial,1,0,4,0,120,223,20.000,20.005,0,146,146,7.297994,SUCCESS,sigmoid,
2026-06-02T22:27:34,89.0,11.0,sensor2_serial,1,0,4,0,120,222,20.000,20.005,0,151,151,7.547999,SUCCESS,sigmoid,
2026-06-02T22:27:54,89.0,11.0,sensor2_serial,1,0,4,0,120,221,20.000,20.004,0,140,140,6.998475,SUCCESS,sigmoid,
2026-06-02T22:28:14,89.0,11.0,sensor2_serial,1,0,4,0,120,220,20.000,20.005,0,142,142,7.098259,SUCCESS,sigmoid,
2026-06-02T22:28:34,89.0,11.0,sensor2_serial,1,0,4,0,120,219,20.000,20.005,0,147,147,7.348131,SUCCESS,sigmoid,
2026-06-02T22:28:54,89.0,11.0,sensor2_serial,1,0,4,0,120,218,20.000,20.005,0,158,158,7.898026,SUCCESS,sigmoid,
2026-06-02T22:29:14,89.0,11.0,sensor2_serial,1,0,4,0,120,217,20.000,20.005,0,136,136,6.798164,SUCCESS,sigmoid,
2026-06-02T22:29:34,89.0,11.0,sensor2_serial,1,0,4,0,120,216,20.000,20.006,0,135,135,6.748102,SUCCESS,sigmoid,
2026-06-02T22:29:54,89.0,11.0,sensor2_serial,1,0,4,0,120,215,20.000,20.005,0,161,161,8.048153,SUCCESS,sigmoid,
2026-06-02T22:30:14,89.0,11.0,sensor2_serial,1,0,4,0,120,214,20.000,20.006,0,139,139,6.948069,SUCCESS,sigmoid,
2026-06-02T22:30:34,89.0,11.0,sensor2_serial,1,0,4,0,120,213,20.000,20.005,0,121,121,6.048585,SUCCESS,sigmoid,
2026-06-02T22:30:54,89.0,11.0,sensor2_serial,1,0,4,0,120,212,20.000,20.006,0,136,136,6.798064,SUCCESS,sigmoid,
2026-06-02T22:31:14,89.0,11.0,sensor2_serial,1,0,4,0,120,211,20.000,20.006,0,154,154,7.697834,SUCCESS,sigmoid,
2026-06-02T22:31:34,89.0,11.0,sensor2_serial,1,0,4,0,120,210,20.000,20.005,0,115,115,5.748552,SUCCESS,sigmoid,
2026-06-02T22:31:54,89.0,11.0,sensor2_serial,1,0,4,0,120,209,20.000,20.006,0,134,134,6.698123,SUCCESS,sigmoid,
2026-06-02T22:32:14,89.0,11.0,sensor2_serial,1,0,4,0,120,208,20.000,20.006,0,115,115,5.748415,SUCCESS,sigmoid,
2026-06-02T22:32:34,89.0,11.0,sensor2_serial,1,0,4,0,120,207,20.000,20.004,0,133,133,6.648521,SUCCESS,sigmoid,
2026-06-02T22:32:55,89.0,11.0,sensor2_serial,1,0,4,0,120,206,20.000,20.006,0,122,122,6.098317,SUCCESS,sigmoid,
2026-06-02T22:33:15,89.0,11.0,sensor2_serial,1,0,4,0,120,205,20.000,20.005,0,135,135,6.748153,SUCCESS,sigmoid,
2026-06-02T22:33:35,89.0,11.0,sensor2_serial,1,0,4,0,120,204,20.000,20.006,0,139,139,6.948039,SUCCESS,sigmoid,
2026-06-02T22:33:55,89.0,11.0,sensor2_serial,1,0,4,0,120,203,20.000,20.005,0,117,117,5.848557,SUCCESS,sigmoid,
2026-06-02T22:34:15,89.0,11.0,sensor2_serial,1,0,4,0,120,202,20.000,20.005,0,113,113,5.648531,SUCCESS,sigmoid,
2026-06-02T22:34:35,89.0,11.0,sensor2_serial,1,0,4,0,120,201,20.000,20.006,0,107,107,5.348444,SUCCESS,sigmoid,
2026-06-02T22:34:55,89.0,11.0,sensor2_serial,1,0,4,0,120,200,20.000,20.005,0,99,99,4.948710,SUCCESS,sigmoid,
2026-06-02T22:35:15,89.0,11.0,sensor2_serial,1,0,4,0,120,199,20.000,20.004,0,129,129,6.448680,SUCCESS,sigmoid,
2026-06-02T22:35:35,89.0,11.0,sensor2_serial,1,0,4,0,120,198,20.000,20.005,0,140,140,6.998077,SUCCESS,sigmoid,
2026-06-02T22:35:55,89.0,11.0,sensor2_serial,1,0,4,0,120,197,20.000,20.005,0,114,114,5.698561,SUCCESS,sigmoid,
2026-06-02T22:36:15,89.0,11.0,sensor2_serial,1,0,4,0,120,196,20.000,20.006,0,107,107,5.348510,SUCCESS,sigmoid,
2026-06-02T22:36:35,89.0,11.0,sensor2_serial,1,0,4,0,120,195,20.000,20.005,0,85,85,4.248849,SUCCESS,sigmoid,
2026-06-02T22:36:55,89.0,11.0,sensor2_serial,1,0,4,0,120,194,20.000,20.005,0,104,104,5.198591,SUCCESS,sigmoid,
2026-06-02T22:37:15,89.0,11.0,sensor2_serial,1,0,4,0,120,193,20.000,20.005,0,94,94,4.698912,SUCCESS,sigmoid,
2026-06-02T22:37:35,89.0,11.0,sensor2_serial,1,0,4,0,120,192,20.000,20.006,0,102,102,5.098354,SUCCESS,sigmoid,
2026-06-02T22:37:55,89.0,11.0,sensor2_serial,1,0,4,0,120,191,20.000,20.005,0,90,90,4.498871,SUCCESS,sigmoid,
2026-06-02T22:38:15,89.0,11.0,sensor2_serial,1,0,4,0,120,190,20.000,20.006,0,99,99,4.948619,SUCCESS,sigmoid,
2026-06-02T22:38:36,89.0,11.0,sensor2_serial,1,0,4,0,120,189,20.000,20.005,0,83,83,4.148975,SUCCESS,sigmoid,
2026-06-02T22:38:56,89.0,11.0,sensor2_serial,1,0,4,0,120,188,20.000,20.006,0,98,98,4.898641,SUCCESS,sigmoid,
2026-06-02T22:39:16,89.0,11.0,sensor2_serial,1,0,4,0,120,187,20.000,20.005,0,87,87,4.348838,SUCCESS,sigmoid,
2026-06-02T22:39:36,89.0,11.0,sensor2_serial,1,0,4,0,120,186,20.000,20.005,0,85,85,4.248946,SUCCESS,sigmoid,
2026-06-02T22:39:56,89.0,11.0,sensor2_serial,1,0,4,0,120,185,20.000,20.006,0,80,80,3.998878,SUCCESS,sigmoid,
2026-06-02T22:40:16,89.0,11.0,sensor2_serial,1,0,4,0,120,184,20.000,20.006,0,82,82,4.098870,SUCCESS,sigmoid,
2026-06-02T22:40:36,89.0,11.0,sensor2_serial,1,0,4,0,120,183,20.000,20.005,0,85,85,4.248852,SUCCESS,sigmoid,
2026-06-02T22:40:56,89.0,11.0,sensor2_serial,1,0,4,0,120,182,20.000,20.005,0,79,79,3.949081,SUCCESS,sigmoid,
2026-06-02T22:41:16,89.0,11.0,sensor2_serial,1,0,4,0,120,181,20.000,20.006,0,72,72,3.598982,SUCCESS,sigmoid,
2026-06-02T22:41:36,89.0,11.0,sensor2_serial,1,0,4,0,120,180,20.000,20.005,0,65,65,3.249117,SUCCESS,sigmoid,
2026-06-02T22:41:56,89.0,11.0,sensor2_serial,1,0,4,0,120,179,20.000,20.005,0,49,49,2.449432,SUCCESS,sigmoid,
2026-06-02T22:42:16,89.0,11.0,sensor2_serial,1,0,4,0,120,178,20.000,20.005,0,71,71,3.549070,SUCCESS,sigmoid,
2026-06-02T22:42:36,89.0,11.0,sensor2_serial,1,0,4,0,120,177,20.000,20.006,0,49,49,2.449308,SUCCESS,sigmoid,
2026-06-02T22:42:56,89.0,11.0,sensor2_serial,1,0,4,0,120,176,20.000,20.006,0,62,62,3.099125,SUCCESS,sigmoid,
2026-06-02T22:43:16,89.0,11.0,sensor2_serial,1,0,4,0,120,175,20.000,20.006,0,50,50,2.499296,SUCCESS,sigmoid,
2026-06-02T22:43:36,89.0,11.0,sensor2_serial,1,0,4,0,120,174,20.000,20.005,0,41,41,2.049460,SUCCESS,sigmoid,
2026-06-02T22:43:56,89.0,11.0,sensor2_serial,1,0,4,0,120,173,20.000,20.006,0,50,50,2.499309,SUCCESS,sigmoid,
2026-06-02T22:44:17,89.0,11.0,sensor2_serial,1,0,4,0,120,172,20.000,20.005,0,46,46,2.299376,SUCCESS,sigmoid,
2026-06-02T22:44:37,89.0,11.0,sensor2_serial,1,0,4,0,120,171,20.000,20.005,0,31,31,1.549581,SUCCESS,sigmoid,
2026-06-02T22:44:57,89.0,11.0,sensor2_serial,1,0,4,0,120,170,20.000,20.005,0,32,32,1.599570,SUCCESS,sigmoid,
2026-06-02T22:45:17,89.0,11.0,sensor2_serial,1,0,4,0,120,169,20.000,20.004,0,31,31,1.549658,SUCCESS,sigmoid,
2026-06-02T22:45:37,89.0,11.0,sensor2_serial,1,0,4,0,120,168,20.000,20.004,0,28,28,1.399699,SUCCESS,sigmoid,
2026-06-02T22:45:57,89.0,11.0,sensor2_serial,1,0,4,0,120,167,20.000,20.005,0,25,25,1.249665,SUCCESS,sigmoid,
2026-06-02T22:46:17,89.0,11.0,sensor2_serial,1,0,4,0,120,166,20.000,20.005,0,23,23,1.149717,SUCCESS,sigmoid,
2026-06-02T22:46:37,89.0,11.0,sensor2_serial,1,0,4,0,120,165,20.000,20.005,0,13,13,0.649832,SUCCESS,sigmoid,
2026-06-02T22:46:57,89.0,11.0,sensor2_serial,1,0,4,0,120,164,20.000,20.005,0,26,26,1.299646,SUCCESS,sigmoid,
2026-06-02T22:47:17,89.0,11.0,sensor2_serial,1,0,4,0,120,163,20.000,20.005,0,21,21,1.049733,SUCCESS,sigmoid,
2026-06-02T22:47:37,89.0,11.0,sensor2_serial,1,0,4,0,120,162,20.000,20.005,0,24,24,1.199728,SUCCESS,sigmoid,
2026-06-02T22:47:57,89.0,11.0,sensor2_serial,1,0,4,0,120,161,20.000,20.005,0,18,18,0.899766,SUCCESS,sigmoid,
2026-06-02T22:48:17,89.0,11.0,sensor2_serial,1,0,4,0,120,160,20.000,20.005,0,12,12,0.599848,SUCCESS,sigmoid,
2026-06-02T22:48:37,89.0,11.0,sensor2_serial,1,0,4,0,120,159,20.000,20.005,0,10,10,0.499885,SUCCESS,sigmoid,
2026-06-02T22:48:57,89.0,11.0,sensor2_serial,1,0,4,0,120,158,20.000,20.005,0,13,13,0.649831,SUCCESS,sigmoid,
2026-06-02T22:49:17,89.0,11.0,sensor2_serial,1,0,4,0,120,157,20.000,20.005,0,15,15,0.749810,SUCCESS,sigmoid,
2026-06-02T22:49:38,89.0,11.0,sensor2_serial,1,0,4,0,120,156,20.000,20.005,0,12,12,0.599837,SUCCESS,sigmoid,
2026-06-02T22:49:58,89.0,11.0,sensor2_serial,1,0,4,0,120,155,20.000,20.005,0,7,7,0.349913,SUCCESS,sigmoid,
2026-06-02T22:50:18,89.0,11.0,sensor2_serial,1,0,4,0,120,154,20.000,20.005,0,5,5,0.249933,SUCCESS,sigmoid,
2026-06-02T22:50:38,89.0,11.0,sensor2_serial,1,0,4,0,120,153,20.000,20.005,0,11,11,0.549860,SUCCESS,sigmoid,
2026-06-02T22:50:58,89.0,11.0,sensor2_serial,1,0,4,0,120,152,20.000,20.005,0,2,2,0.099974,SUCCESS,sigmoid,
2026-06-02T22:51:18,89.0,11.0,sensor2_serial,1,0,4,0,120,151,20.000,20.005,0,3,3,0.149961,SUCCESS,sigmoid,
2026-06-02T22:51:38,89.0,11.0,sensor2_serial,1,0,4,0,120,150,20.000,20.005,0,5,5,0.249942,SUCCESS,sigmoid,
2026-06-02T22:51:58,89.0,11.0,sensor2_serial,1,0,4,0,120,149,20.000,20.005,0,3,3,0.149961,SUCCESS,sigmoid,
2026-06-02T22:52:18,89.0,11.0,sensor2_serial,1,0,4,0,120,148,20.000,20.004,0,4,4,0.199955,SUCCESS,sigmoid,
2026-06-02T22:52:38,89.0,11.0,sensor2_serial,1,0,4,0,120,147,20.000,20.005,0,1,1,0.049987,SUCCESS,sigmoid,
2026-06-02T22:52:58,89.0,11.0,sensor2_serial,1,0,4,0,120,146,20.000,20.005,0,2,2,0.099975,SUCCESS,sigmoid,
2026-06-02T22:53:18,89.0,11.0,sensor2_serial,1,0,4,0,120,145,20.000,20.005,0,0,0,0.000000,SUCCESS,sigmoid,
2026-06-02T22:53:38,89.0,11.0,sensor2_serial,1,0,4,0,120,144,20.000,20.004,0,0,0,0.000000,SUCCESS,sigmoid,
2026-06-02T22:53:58,89.0,11.0,sensor2_serial,1,1,5,1,120,255,20.000,20.005,0,1753060,1753060,87630.099573,SUCCESS,sigmoid,
2026-06-02T22:54:18,89.0,11.0,sensor2_serial,1,1,5,1,120,254,20.000,20.006,0,1845956,1845956,92269.424919,SUCCESS,sigmoid,
2026-06-02T22:54:38,89.0,11.0,sensor2_serial,1,1,5,1,120,253,20.000,20.005,0,2050336,2050336,102489.898962,SUCCESS,sigmoid,
2026-06-02T22:54:58,89.0,11.0,sensor2_serial,1,1,5,1,120,252,20.000,20.006,0,2305645,2305645,115248.796199,SUCCESS,sigmoid,
2026-06-02T22:55:19,89.0,11.0,sensor2_serial,1,1,5,1,120,251,20.000,20.005,0,2435640,2435640,121750.603741,SUCCESS,sigmoid,
2026-06-02T22:55:39,89.0,11.0,sensor2_serial,1,1,5,1,120,250,20.000,20.005,0,2729338,2729338,136434.075573,SUCCESS,sigmoid,
2026-06-02T22:55:59,89.0,11.0,sensor2_serial,1,1,5,1,120,249,20.000,20.005,0,3072944,3072944,153612.009871,SUCCESS,sigmoid,
2026-06-02T22:56:19,89.0,11.0,sensor2_serial,1,1,5,1,120,248,20.000,20.004,0,3044197,3044197,152175.734484,SUCCESS,sigmoid,
2026-06-02T22:56:39,89.0,11.0,sensor2_serial,1,1,5,1,120,247,20.000,20.006,0,2755402,2755402,137731.750366,SUCCESS,sigmoid,
2026-06-02T22:56:59,89.0,11.0,sensor2_serial,1,1,5,1,120,246,20.000,20.005,0,2204744,2204744,110209.019121,SUCCESS,sigmoid,
2026-06-02T22:57:19,89.0,11.0,sensor2_serial,1,1,5,1,120,245,20.000,20.006,0,1440930,1440930,72025.943012,SUCCESS,sigmoid,
2026-06-02T22:57:39,89.0,11.0,sensor2_serial,1,1,5,1,120,244,20.000,20.006,0,809806,809806,40478.964009,SUCCESS,sigmoid,
2026-06-02T22:57:59,89.0,11.0,sensor2_serial,1,1,5,1,120,243,20.000,20.005,0,616197,616197,30802.749871,SUCCESS,sigmoid,
2026-06-02T22:58:19,89.0,11.0,sensor2_serial,1,1,5,1,120,242,20.000,20.004,0,384317,384317,19211.837976,SUCCESS,sigmoid,
2026-06-02T22:58:39,89.0,11.0,sensor2_serial,1,1,5,1,120,241,20.000,20.005,0,189506,189506,9473.126692,SUCCESS,sigmoid,
2026-06-02T22:58:59,89.0,11.0,sensor2_serial,1,1,5,1,120,240,20.000,20.005,0,79922,79922,3995.077443,SUCCESS,sigmoid,
2026-06-02T22:59:19,89.0,11.0,sensor2_serial,1,1,5,1,120,239,20.000,20.003,0,60555,60555,3027.238821,SUCCESS,sigmoid,
2026-06-02T22:59:39,89.0,11.0,sensor2_serial,1,1,5,1,120,238,20.000,20.004,0,24471,24471,1223.282117,SUCCESS,sigmoid,
2026-06-02T22:59:59,89.0,11.0,sensor2_serial,1,1,5,1,120,237,20.000,20.006,0,7889,7889,394.341066,SUCCESS,sigmoid,
2026-06-02T23:00:19,89.0,11.0,sensor2_serial,1,1,5,1,120,236,20.000,20.006,0,4097,4097,204.791809,SUCCESS,sigmoid,
2026-06-02T23:00:39,89.0,11.0,sensor2_serial,1,1,5,1,120,235,20.000,20.005,0,2737,2737,136.812712,SUCCESS,sigmoid,
2026-06-02T23:01:00,89.0,11.0,sensor2_serial,1,1,5,1,120,234,20.000,20.006,0,1028,1028,51.385820,SUCCESS,sigmoid,
2026-06-02T23:01:20,89.0,11.0,sensor2_serial,1,1,5,1,120,233,20.000,20.005,0,463,463,23.143994,SUCCESS,sigmoid,
2026-06-02T23:01:40,89.0,11.0,sensor2_serial,1,1,5,1,120,232,20.000,20.005,0,241,241,12.046832,SUCCESS,sigmoid,
2026-06-02T23:02:00,89.0,11.0,sensor2_serial,1,1,5,1,120,231,20.000,20.005,0,201,201,10.047238,SUCCESS,sigmoid,
2026-06-02T23:02:20,89.0,11.0,sensor2_serial,1,1,5,1,120,230,20.000,20.005,0,146,146,7.298023,SUCCESS,sigmoid,
2026-06-02T23:02:40,89.0,11.0,sensor2_serial,1,1,5,1,120,229,20.000,20.006,0,147,147,7.347733,SUCCESS,sigmoid,
2026-06-02T23:03:00,89.0,11.0,sensor2_serial,1,1,5,1,120,228,20.000,20.005,0,144,144,7.198177,SUCCESS,sigmoid,
2026-06-02T23:03:20,89.0,11.0,sensor2_serial,1,1,5,1,120,227,20.000,20.005,0,144,144,7.198094,SUCCESS,sigmoid,
2026-06-02T23:03:40,89.0,11.0,sensor2_serial,1,1,5,1,120,226,20.000,20.005,0,153,153,7.648067,SUCCESS,sigmoid,
2026-06-02T23:04:00,89.0,11.0,sensor2_serial,1,1,5,1,120,225,20.000,20.005,0,128,128,6.398402,SUCCESS,sigmoid,
2026-06-02T23:04:20,89.0,11.0,sensor2_serial,1,1,5,1,120,224,20.000,20.005,0,133,133,6.648217,SUCCESS,sigmoid,
2026-06-02T23:04:40,89.0,11.0,sensor2_serial,1,1,5,1,120,223,20.000,20.006,0,157,157,7.847782,SUCCESS,sigmoid,
2026-06-02T23:05:00,89.0,11.0,sensor2_serial,1,1,5,1,120,222,20.000,20.005,0,128,128,6.398267,SUCCESS,sigmoid,
2026-06-02T23:05:20,89.0,11.0,sensor2_serial,1,1,5,1,120,221,20.000,20.005,0,132,132,6.598261,SUCCESS,sigmoid,
2026-06-02T23:05:40,89.0,11.0,sensor2_serial,1,1,5,1,120,220,20.000,20.005,0,148,148,7.398136,SUCCESS,sigmoid,
2026-06-02T23:06:00,89.0,11.0,sensor2_serial,1,1,5,1,120,219,20.000,20.005,0,131,131,6.548294,SUCCESS,sigmoid,
2026-06-02T23:06:20,89.0,11.0,sensor2_serial,1,1,5,1,120,218,20.000,20.005,0,154,154,7.698026,SUCCESS,sigmoid,
2026-06-02T23:06:41,89.0,11.0,sensor2_serial,1,1,5,1,120,217,20.000,20.005,0,148,148,7.398055,SUCCESS,sigmoid,
2026-06-02T23:07:01,89.0,11.0,sensor2_serial,1,1,5,1,120,216,20.000,20.005,0,136,136,6.798268,SUCCESS,sigmoid,
2026-06-02T23:07:21,89.0,11.0,sensor2_serial,1,1,5,1,120,215,20.000,20.005,0,153,153,7.647914,SUCCESS,sigmoid,
2026-06-02T23:07:41,89.0,11.0,sensor2_serial,1,1,5,1,120,214,20.000,20.005,0,143,143,7.148326,SUCCESS,sigmoid,
2026-06-02T23:08:01,89.0,11.0,sensor2_serial,1,1,5,1,120,213,20.000,20.005,0,158,158,7.897918,SUCCESS,sigmoid,
2026-06-02T23:08:21,89.0,11.0,sensor2_serial,1,1,5,1,120,212,20.000,20.005,0,156,156,7.797856,SUCCESS,sigmoid,
2026-06-02T23:08:41,89.0,11.0,sensor2_serial,1,1,5,1,120,211,20.000,20.006,0,150,150,7.497928,SUCCESS,sigmoid,
2026-06-02T23:09:01,89.0,11.0,sensor2_serial,1,1,5,1,120,210,20.000,20.005,0,121,121,6.048432,SUCCESS,sigmoid,
2026-06-02T23:09:21,89.0,11.0,sensor2_serial,1,1,5,1,120,209,20.000,20.005,0,138,138,6.898159,SUCCESS,sigmoid,
2026-06-02T23:09:41,89.0,11.0,sensor2_serial,1,1,5,1,120,208,20.000,20.005,0,131,131,6.548220,SUCCESS,sigmoid,
2026-06-02T23:10:01,89.0,11.0,sensor2_serial,1,1,5,1,120,207,20.000,20.005,0,123,123,6.148325,SUCCESS,sigmoid,
2026-06-02T23:10:21,89.0,11.0,sensor2_serial,1,1,5,1,120,206,20.000,20.005,0,119,119,5.948393,SUCCESS,sigmoid,
2026-06-02T23:10:41,89.0,11.0,sensor2_serial,1,1,5,1,120,205,20.000,20.005,0,137,137,6.848117,SUCCESS,sigmoid,
2026-06-02T23:11:01,89.0,11.0,sensor2_serial,1,1,5,1,120,204,20.000,20.005,0,114,114,5.698550,SUCCESS,sigmoid,
2026-06-02T23:11:21,89.0,11.0,sensor2_serial,1,1,5,1,120,203,20.000,20.005,0,137,137,6.848375,SUCCESS,sigmoid,
2026-06-02T23:11:41,89.0,11.0,sensor2_serial,1,1,5,1,120,202,20.000,20.005,0,133,133,6.648486,SUCCESS,sigmoid,
2026-06-02T23:12:01,89.0,11.0,sensor2_serial,1,1,5,1,120,201,20.000,20.006,0,127,127,6.348186,SUCCESS,sigmoid,
2026-06-02T23:12:22,89.0,11.0,sensor2_serial,1,1,5,1,120,200,20.000,20.005,0,114,114,5.698434,SUCCESS,sigmoid,
2026-06-02T23:12:42,89.0,11.0,sensor2_serial,1,1,5,1,120,199,20.000,20.005,0,119,119,5.948544,SUCCESS,sigmoid,
2026-06-02T23:13:02,89.0,11.0,sensor2_serial,1,1,5,1,120,198,20.000,20.005,0,98,98,4.898705,SUCCESS,sigmoid,
2026-06-02T23:13:22,89.0,11.0,sensor2_serial,1,1,5,1,120,197,20.000,20.005,0,100,100,4.998639,SUCCESS,sigmoid,
2026-06-02T23:13:42,89.0,11.0,sensor2_serial,1,1,5,1,120,196,20.000,20.005,0,115,115,5.748491,SUCCESS,sigmoid,
2026-06-02T23:14:02,89.0,11.0,sensor2_serial,1,1,5,1,120,195,20.000,20.005,0,102,102,5.098818,SUCCESS,sigmoid,
2026-06-02T23:14:22,89.0,11.0,sensor2_serial,1,1,5,1,120,194,20.000,20.006,0,114,114,5.698423,SUCCESS,sigmoid,
2026-06-02T23:14:42,89.0,11.0,sensor2_serial,1,1,5,1,120,193,20.000,20.005,0,89,89,4.448946,SUCCESS,sigmoid,
2026-06-02T23:15:02,89.0,11.0,sensor2_serial,1,1,5,1,120,192,20.000,20.005,0,85,85,4.248951,SUCCESS,sigmoid,
2026-06-02T23:15:22,89.0,11.0,sensor2_serial,1,1,5,1,120,191,20.000,20.005,0,115,115,5.748517,SUCCESS,sigmoid,
2026-06-02T23:15:42,89.0,11.0,sensor2_serial,1,1,5,1,120,190,20.000,20.005,0,113,113,5.648694,SUCCESS,sigmoid,
2026-06-02T23:16:02,89.0,11.0,sensor2_serial,1,1,5,1,120,189,20.000,20.006,0,108,108,5.398431,SUCCESS,sigmoid,
2026-06-02T23:16:22,89.0,11.0,sensor2_serial,1,1,5,1,120,188,20.000,20.005,0,97,97,4.848795,SUCCESS,sigmoid,
2026-06-02T23:16:42,89.0,11.0,sensor2_serial,1,1,5,1,120,187,20.000,20.005,0,88,88,4.398804,SUCCESS,sigmoid,
2026-06-02T23:17:02,89.0,11.0,sensor2_serial,1,1,5,1,120,186,20.000,20.006,0,85,85,4.248798,SUCCESS,sigmoid,
2026-06-02T23:17:22,89.0,11.0,sensor2_serial,1,1,5,1,120,185,20.000,20.005,0,105,105,5.248645,SUCCESS,sigmoid,
2026-06-02T23:17:43,89.0,11.0,sensor2_serial,1,1,5,1,120,184,20.000,20.005,0,101,101,5.048661,SUCCESS,sigmoid,
2026-06-02T23:18:03,89.0,11.0,sensor2_serial,1,1,5,1,120,183,20.000,20.005,0,93,93,4.648800,SUCCESS,sigmoid,
2026-06-02T23:18:23,89.0,11.0,sensor2_serial,1,1,5,1,120,182,20.000,20.005,0,82,82,4.098959,SUCCESS,sigmoid,
2026-06-02T23:18:43,89.0,11.0,sensor2_serial,1,1,5,1,120,181,20.000,20.005,0,95,95,4.748809,SUCCESS,sigmoid,
2026-06-02T23:19:03,89.0,11.0,sensor2_serial,1,1,5,1,120,180,20.000,20.005,0,87,87,4.348847,SUCCESS,sigmoid,
2026-06-02T23:19:23,89.0,11.0,sensor2_serial,1,1,5,1,120,179,20.000,20.006,0,80,80,3.998866,SUCCESS,sigmoid,
2026-06-02T23:19:43,89.0,11.0,sensor2_serial,1,1,5,1,120,178,20.000,20.005,0,71,71,3.549111,SUCCESS,sigmoid,
2026-06-02T23:20:03,89.0,11.0,sensor2_serial,1,1,5,1,120,177,20.000,20.005,0,63,63,3.149155,SUCCESS,sigmoid,
2026-06-02T23:20:23,89.0,11.0,sensor2_serial,1,1,5,1,120,176,20.000,20.006,0,77,77,3.848923,SUCCESS,sigmoid,
2026-06-02T23:20:43,89.0,11.0,sensor2_serial,1,1,5,1,120,175,20.000,20.004,0,67,67,3.349280,SUCCESS,sigmoid,
2026-06-02T23:21:03,89.0,11.0,sensor2_serial,1,1,5,1,120,174,20.000,20.005,0,62,62,3.099183,SUCCESS,sigmoid,
2026-06-02T23:21:23,89.0,11.0,sensor2_serial,1,1,5,1,120,173,20.000,20.006,0,66,66,3.299074,SUCCESS,sigmoid,
2026-06-02T23:21:43,89.0,11.0,sensor2_serial,1,1,5,1,120,172,20.000,20.004,0,38,38,1.899579,SUCCESS,sigmoid,
2026-06-02T23:22:03,89.0,11.0,sensor2_serial,1,1,5,1,120,171,20.000,20.006,0,62,62,3.099122,SUCCESS,sigmoid,
2026-06-02T23:22:23,89.0,11.0,sensor2_serial,1,1,5,1,120,170,20.000,20.006,0,60,60,2.999136,SUCCESS,sigmoid,
2026-06-02T23:22:43,89.0,11.0,sensor2_serial,1,1,5,1,120,169,20.000,20.004,0,30,30,1.499695,SUCCESS,sigmoid,
2026-06-02T23:23:03,89.0,11.0,sensor2_serial,1,1,5,1,120,168,20.000,20.006,0,36,36,1.799496,SUCCESS,sigmoid,
2026-06-02T23:23:24,89.0,11.0,sensor2_serial,1,1,5,1,120,167,20.000,20.005,0,51,51,2.549324,SUCCESS,sigmoid,
2026-06-02T23:23:44,89.0,11.0,sensor2_serial,1,1,5,1,120,166,20.000,20.004,0,34,34,1.699636,SUCCESS,sigmoid,
2026-06-02T23:24:04,89.0,11.0,sensor2_serial,1,1,5,1,120,165,20.000,20.006,0,51,51,2.549292,SUCCESS,sigmoid,
2026-06-02T23:24:24,89.0,11.0,sensor2_serial,1,1,5,1,120,164,20.000,20.006,0,31,31,1.549568,SUCCESS,sigmoid,
2026-06-02T23:24:44,89.0,11.0,sensor2_serial,1,1,5,1,120,163,20.000,20.005,0,34,34,1.699562,SUCCESS,sigmoid,
2026-06-02T23:25:04,89.0,11.0,sensor2_serial,1,1,5,1,120,162,20.000,20.006,0,27,27,1.349628,SUCCESS,sigmoid,
2026-06-02T23:25:24,89.0,11.0,sensor2_serial,1,1,5,1,120,161,20.000,20.004,0,25,25,1.249722,SUCCESS,sigmoid,
2026-06-02T23:25:44,89.0,11.0,sensor2_serial,1,1,5,1,120,160,20.000,20.005,0,27,27,1.349639,SUCCESS,sigmoid,
2026-06-02T23:26:04,89.0,11.0,sensor2_serial,1,1,5,1,120,159,20.000,20.005,0,18,18,0.899768,SUCCESS,sigmoid,
2026-06-02T23:26:24,89.0,11.0,sensor2_serial,1,1,5,1,120,158,20.000,20.005,0,23,23,1.149707,SUCCESS,sigmoid,
2026-06-02T23:26:44,89.0,11.0,sensor2_serial,1,1,5,1,120,157,20.000,20.006,0,12,12,0.599827,SUCCESS,sigmoid,
2026-06-02T23:27:04,89.0,11.0,sensor2_serial,1,1,5,1,120,156,20.000,20.005,0,10,10,0.499864,SUCCESS,sigmoid,
2026-06-02T23:27:24,89.0,11.0,sensor2_serial,1,1,5,1,120,155,20.000,20.006,0,15,15,0.749786,SUCCESS,sigmoid,
2026-06-02T23:27:44,89.0,11.0,sensor2_serial,1,1,5,1,120,154,20.000,20.005,0,7,7,0.349906,SUCCESS,sigmoid,
2026-06-02T23:28:04,89.0,11.0,sensor2_serial,1,1,5,1,120,153,20.000,20.005,0,12,12,0.599843,SUCCESS,sigmoid,
2026-06-02T23:28:24,89.0,11.0,sensor2_serial,1,1,5,1,120,152,20.000,20.006,0,11,11,0.549844,SUCCESS,sigmoid,
2026-06-02T23:28:44,89.0,11.0,sensor2_serial,1,1,5,1,120,151,20.000,20.005,0,7,7,0.349906,SUCCESS,sigmoid,
2026-06-02T23:29:05,89.0,11.0,sensor2_serial,1,1,5,1,120,150,20.000,20.005,0,5,5,0.249940,SUCCESS,sigmoid,
2026-06-02T23:29:25,89.0,11.0,sensor2_serial,1,1,5,1,120,149,20.000,20.006,0,4,4,0.199944,SUCCESS,sigmoid,
2026-06-02T23:29:45,89.0,11.0,sensor2_serial,1,1,5,1,120,148,20.000,20.004,0,5,5,0.249945,SUCCESS,sigmoid,
2026-06-02T23:30:05,89.0,11.0,sensor2_serial,1,1,5,1,120,147,20.000,20.005,0,1,1,0.049986,SUCCESS,sigmoid,
2026-06-02T23:30:25,89.0,11.0,sensor2_serial,1,1,5,1,120,146,20.000,20.005,0,2,2,0.099974,SUCCESS,sigmoid,
2026-06-02T23:30:45,89.0,11.0,sensor2_serial,1,1,5,1,120,145,20.000,20.005,0,1,1,0.049989,SUCCESS,sigmoid,
2026-06-02T23:31:05,89.0,11.0,sensor2_serial,1,1,5,1,120,144,20.000,20.005,0,0,0,0.000000,SUCCESS,sigmoid,
2026-06-02T23:31:25,89.0,11.0,sensor2_serial,1,1,5,1,120,143,20.000,20.005,0,0,0,0.000000,SUCCESS,sigmoid,
2026-06-02T23:31:45,89.0,11.0,sensor2_serial,1,2,6,2,120,255,20.000,20.005,0,1818638,1818638,90907.345525,SUCCESS,sigmoid,
2026-06-02T23:32:05,89.0,11.0,sensor2_serial,1,2,6,2,120,254,20.000,20.005,0,1918616,1918616,95905.303706,SUCCESS,sigmoid,
2026-06-02T23:32:25,89.0,11.0,sensor2_serial,1,2,6,2,120,253,20.000,20.005,0,1929819,1929819,96465.811829,SUCCESS,sigmoid,
2026-06-02T23:32:45,89.0,11.0,sensor2_serial,1,2,6,2,120,252,20.000,20.006,0,2005493,2005493,100246.364840,SUCCESS,sigmoid,
2026-06-02T23:33:05,89.0,11.0,sensor2_serial,1,2,6,2,120,251,20.000,20.005,0,2167734,2167734,108357.973268,SUCCESS,sigmoid,
2026-06-02T23:33:25,89.0,11.0,sensor2_serial,1,2,6,2,120,250,20.000,20.006,0,2486653,2486653,124298.433364,SUCCESS,sigmoid,
2026-06-02T23:33:45,89.0,11.0,sensor2_serial,1,2,6,2,120,249,20.000,20.005,0,2814747,2814747,140699.849532,SUCCESS,sigmoid,
2026-06-02T23:34:05,89.0,11.0,sensor2_serial,1,2,6,2,120,248,20.000,20.005,0,3069109,3069109,153415.511455,SUCCESS,sigmoid,
2026-06-02T23:34:25,89.0,11.0,sensor2_serial,1,2,6,2,120,247,20.000,20.005,0,3059421,3059421,152931.729632,SUCCESS,sigmoid,
2026-06-02T23:34:46,89.0,11.0,sensor2_serial,1,2,6,2,120,246,20.000,20.006,0,2631662,2631662,131546.077513,SUCCESS,sigmoid,
2026-06-02T23:35:06,89.0,11.0,sensor2_serial,1,2,6,2,120,245,20.000,20.005,0,2208330,2208330,110387.974646,SUCCESS,sigmoid,
2026-06-02T23:35:26,89.0,11.0,sensor2_serial,1,2,6,2,120,244,20.000,20.005,0,1496557,1496557,74810.449894,SUCCESS,sigmoid,
2026-06-02T23:35:46,89.0,11.0,sensor2_serial,1,2,6,2,120,243,20.000,20.004,0,964881,964881,48233.930694,SUCCESS,sigmoid,
2026-06-02T23:36:06,89.0,11.0,sensor2_serial,1,2,6,2,120,242,20.000,20.004,0,594297,594297,29708.780116,SUCCESS,sigmoid,
2026-06-02T23:36:26,89.0,11.0,sensor2_serial,1,2,6,2,120,241,20.000,20.005,0,431011,431011,21544.983589,SUCCESS,sigmoid,
2026-06-02T23:36:46,89.0,11.0,sensor2_serial,1,2,6,2,120,240,20.000,20.004,0,183552,183552,9175.612204,SUCCESS,sigmoid,
2026-06-02T23:37:06,89.0,11.0,sensor2_serial,1,2,6,2,120,239,20.000,20.004,0,99201,99201,4958.986981,SUCCESS,sigmoid,
2026-06-02T23:37:26,89.0,11.0,sensor2_serial,1,2,6,2,120,238,20.000,20.005,0,43731,43731,2186.041863,SUCCESS,sigmoid,
2026-06-02T23:37:46,89.0,11.0,sensor2_serial,1,2,6,2,120,237,20.000,20.005,0,20080,20080,1003.728219,SUCCESS,sigmoid,
2026-06-02T23:38:06,89.0,11.0,sensor2_serial,1,2,6,2,120,236,20.000,20.004,0,11084,11084,554.080962,SUCCESS,sigmoid,
2026-06-02T23:38:26,89.0,11.0,sensor2_serial,1,2,6,2,120,235,20.000,20.005,0,6591,6591,329.460960,SUCCESS,sigmoid,
2026-06-02T23:38:46,89.0,11.0,sensor2_serial,1,2,6,2,120,234,20.000,20.006,0,2187,2187,109.318716,SUCCESS,sigmoid,
2026-06-02T23:39:06,89.0,11.0,sensor2_serial,1,2,6,2,120,233,20.000,20.006,0,1158,1158,57.883112,SUCCESS,sigmoid,
2026-06-02T23:39:26,89.0,11.0,sensor2_serial,1,2,6,2,120,232,20.000,20.005,0,515,515,25.743001,SUCCESS,sigmoid,
2026-06-02T23:39:46,89.0,11.0,sensor2_serial,1,2,6,2,120,231,20.000,20.006,0,219,219,10.946775,SUCCESS,sigmoid,
2026-06-02T23:40:07,89.0,11.0,sensor2_serial,1,2,6,2,120,230,20.000,20.005,0,155,155,7.747940,SUCCESS,sigmoid,
2026-06-02T23:40:27,89.0,11.0,sensor2_serial,1,2,6,2,120,229,20.000,20.005,0,151,151,7.547948,SUCCESS,sigmoid,
2026-06-02T23:40:47,89.0,11.0,sensor2_serial,1,2,6,2,120,228,20.000,20.005,0,169,169,8.447693,SUCCESS,sigmoid,
2026-06-02T23:41:07,89.0,11.0,sensor2_serial,1,2,6,2,120,227,20.000,20.005,0,164,164,8.198008,SUCCESS,sigmoid,
2026-06-02T23:41:27,89.0,11.0,sensor2_serial,1,2,6,2,120,226,20.000,20.005,0,147,147,7.348112,SUCCESS,sigmoid,
2026-06-02T23:41:47,89.0,11.0,sensor2_serial,1,2,6,2,120,225,20.000,20.005,0,121,121,6.048616,SUCCESS,sigmoid,
2026-06-02T23:42:07,89.0,11.0,sensor2_serial,1,2,6,2,120,224,20.000,20.005,0,164,164,8.197884,SUCCESS,sigmoid,
2026-06-02T23:42:27,89.0,11.0,sensor2_serial,1,2,6,2,120,223,20.000,20.005,0,142,142,7.098086,SUCCESS,sigmoid,
2026-06-02T23:42:47,89.0,11.0,sensor2_serial,1,2,6,2,120,222,20.000,20.005,0,164,164,8.197761,SUCCESS,sigmoid,
2026-06-02T23:43:07,89.0,11.0,sensor2_serial,1,2,6,2,120,221,20.000,20.005,0,150,150,7.497991,SUCCESS,sigmoid,
2026-06-02T23:43:27,89.0,11.0,sensor2_serial,1,2,6,2,120,220,20.000,20.005,0,138,138,6.898291,SUCCESS,sigmoid,
2026-06-02T23:43:47,89.0,11.0,sensor2_serial,1,2,6,2,120,219,20.000,20.005,0,148,148,7.398151,SUCCESS,sigmoid,
2026-06-02T23:44:07,89.0,11.0,sensor2_serial,1,2,6,2,120,218,20.000,20.005,0,127,127,6.348266,SUCCESS,sigmoid,
2026-06-02T23:44:27,89.0,11.0,sensor2_serial,1,2,6,2,120,217,20.000,20.005,0,151,151,7.547970,SUCCESS,sigmoid,
2026-06-02T23:44:47,89.0,11.0,sensor2_serial,1,2,6,2,120,216,20.000,20.005,0,139,139,6.948112,SUCCESS,sigmoid,
2026-06-02T23:45:07,89.0,11.0,sensor2_serial,1,2,6,2,120,215,20.000,20.006,0,122,122,6.098159,SUCCESS,sigmoid,
2026-06-02T23:45:27,89.0,11.0,sensor2_serial,1,2,6,2,120,214,20.000,20.005,0,130,130,6.498283,SUCCESS,sigmoid,
2026-06-02T23:45:48,89.0,11.0,sensor2_serial,1,2,6,2,120,213,20.000,20.005,0,150,150,7.498013,SUCCESS,sigmoid,
2026-06-02T23:46:08,89.0,11.0,sensor2_serial,1,2,6,2,120,212,20.000,20.005,0,107,107,5.348624,SUCCESS,sigmoid,
2026-06-02T23:46:28,89.0,11.0,sensor2_serial,1,2,6,2,120,211,20.000,20.005,0,142,142,7.098155,SUCCESS,sigmoid,
2026-06-02T23:46:48,89.0,11.0,sensor2_serial,1,2,6,2,120,210,20.000,20.006,0,144,144,7.197983,SUCCESS,sigmoid,
2026-06-02T23:47:08,89.0,11.0,sensor2_serial,1,2,6,2,120,209,20.000,20.006,0,134,134,6.698135,SUCCESS,sigmoid,
2026-06-02T23:47:28,89.0,11.0,sensor2_serial,1,2,6,2,120,208,20.000,20.006,0,113,113,5.648434,SUCCESS,sigmoid,
2026-06-02T23:47:48,89.0,11.0,sensor2_serial,1,2,6,2,120,207,20.000,20.005,0,141,141,7.048149,SUCCESS,sigmoid,
2026-06-02T23:48:08,89.0,11.0,sensor2_serial,1,2,6,2,120,206,20.000,20.005,0,119,119,5.948472,SUCCESS,sigmoid,
2026-06-02T23:48:28,89.0,11.0,sensor2_serial,1,2,6,2,120,205,20.000,20.005,0,119,119,5.948546,SUCCESS,sigmoid,
2026-06-02T23:48:48,89.0,11.0,sensor2_serial,1,2,6,2,120,204,20.000,20.005,0,138,138,6.898189,SUCCESS,sigmoid,
2026-06-02T23:49:08,89.0,11.0,sensor2_serial,1,2,6,2,120,203,20.000,20.006,0,141,141,7.047964,SUCCESS,sigmoid,
2026-06-02T23:49:28,89.0,11.0,sensor2_serial,1,2,6,2,120,202,20.000,20.005,0,126,126,6.298359,SUCCESS,sigmoid,
2026-06-02T23:49:48,89.0,11.0,sensor2_serial,1,2,6,2,120,201,20.000,20.005,0,105,105,5.248624,SUCCESS,sigmoid,
2026-06-02T23:50:08,89.0,11.0,sensor2_serial,1,2,6,2,120,200,20.000,20.005,0,108,108,5.398747,SUCCESS,sigmoid,
2026-06-02T23:50:28,89.0,11.0,sensor2_serial,1,2,6,2,120,199,20.000,20.006,0,110,110,5.498460,SUCCESS,sigmoid,
2026-06-02T23:50:48,89.0,11.0,sensor2_serial,1,2,6,2,120,198,20.000,20.006,0,113,113,5.648435,SUCCESS,sigmoid,
2026-06-02T23:51:08,89.0,11.0,sensor2_serial,1,2,6,2,120,197,20.000,20.005,0,105,105,5.248688,SUCCESS,sigmoid,
2026-06-02T23:51:29,89.0,11.0,sensor2_serial,1,2,6,2,120,196,20.000,20.005,0,113,113,5.648478,SUCCESS,sigmoid,
2026-06-02T23:51:49,89.0,11.0,sensor2_serial,1,2,6,2,120,195,20.000,20.006,0,111,111,5.548458,SUCCESS,sigmoid,
2026-06-02T23:52:09,89.0,11.0,sensor2_serial,1,2,6,2,120,194,20.000,20.006,0,104,104,5.198490,SUCCESS,sigmoid,
2026-06-02T23:52:29,89.0,11.0,sensor2_serial,1,2,6,2,120,193,20.000,20.006,0,136,136,6.798083,SUCCESS,sigmoid,
2026-06-02T23:52:49,89.0,11.0,sensor2_serial,1,2,6,2,120,192,20.000,20.005,0,121,121,6.048581,SUCCESS,sigmoid,
2026-06-02T23:53:09,89.0,11.0,sensor2_serial,1,2,6,2,120,191,20.000,20.005,0,107,107,5.348615,SUCCESS,sigmoid,
2026-06-02T23:53:29,89.0,11.0,sensor2_serial,1,2,6,2,120,190,20.000,20.005,0,105,105,5.248631,SUCCESS,sigmoid,
2026-06-02T23:53:49,89.0,11.0,sensor2_serial,1,2,6,2,120,189,20.000,20.005,0,108,108,5.398539,SUCCESS,sigmoid,
2026-06-02T23:54:09,89.0,11.0,sensor2_serial,1,2,6,2,120,188,20.000,20.006,0,105,105,5.248548,SUCCESS,sigmoid,
2026-06-02T23:54:29,89.0,11.0,sensor2_serial,1,2,6,2,120,187,20.000,20.005,0,111,111,5.548519,SUCCESS,sigmoid,
2026-06-02T23:54:49,89.0,11.0,sensor2_serial,1,2,6,2,120,186,20.000,20.005,0,91,91,4.548915,SUCCESS,sigmoid,
2026-06-02T23:55:09,89.0,11.0,sensor2_serial,1,2,6,2,120,185,20.000,20.005,0,110,110,5.498671,SUCCESS,sigmoid,
2026-06-02T23:55:29,89.0,11.0,sensor2_serial,1,2,6,2,120,184,20.000,20.005,0,91,91,4.548802,SUCCESS,sigmoid,
2026-06-02T23:55:49,89.0,11.0,sensor2_serial,1,2,6,2,120,183,20.000,20.006,0,93,93,4.648617,SUCCESS,sigmoid,
2026-06-02T23:56:09,89.0,11.0,sensor2_serial,1,2,6,2,120,182,20.000,20.005,0,80,80,3.998950,SUCCESS,sigmoid,
2026-06-02T23:56:29,89.0,11.0,sensor2_serial,1,2,6,2,120,181,20.000,20.005,0,103,103,5.148672,SUCCESS,sigmoid,
2026-06-02T23:56:50,89.0,11.0,sensor2_serial,1,2,6,2,120,180,20.000,20.005,0,88,88,4.398822,SUCCESS,sigmoid,
2026-06-02T23:57:10,89.0,11.0,sensor2_serial,1,2,6,2,120,179,20.000,20.005,0,78,78,3.898985,SUCCESS,sigmoid,
2026-06-02T23:57:30,89.0,11.0,sensor2_serial,1,2,6,2,120,178,20.000,20.005,0,84,84,4.198899,SUCCESS,sigmoid,
2026-06-02T23:57:50,89.0,11.0,sensor2_serial,1,2,6,2,120,177,20.000,20.006,0,81,81,4.048791,SUCCESS,sigmoid,
2026-06-02T23:58:10,89.0,11.0,sensor2_serial,1,2,6,2,120,176,20.000,20.005,0,63,63,3.149142,SUCCESS,sigmoid,
2026-06-02T23:58:30,89.0,11.0,sensor2_serial,1,2,6,2,120,175,20.000,20.004,0,81,81,4.049157,SUCCESS,sigmoid,
2026-06-02T23:58:50,89.0,11.0,sensor2_serial,1,2,6,2,120,174,20.000,20.004,0,54,54,2.699398,SUCCESS,sigmoid,
2026-06-02T23:59:10,89.0,11.0,sensor2_serial,1,2,6,2,120,173,20.000,20.005,0,57,57,2.849244,SUCCESS,sigmoid,
2026-06-02T23:59:30,89.0,11.0,sensor2_serial,1,2,6,2,120,172,20.000,20.005,0,63,63,3.149181,SUCCESS,sigmoid,
2026-06-02T23:59:50,89.0,11.0,sensor2_serial,1,2,6,2,120,171,20.000,20.006,0,65,65,3.249098,SUCCESS,sigmoid,
2026-06-03T00:00:10,89.0,11.0,sensor2_serial,1,2,6,2,120,170,20.000,20.005,0,64,64,3.199137,SUCCESS,sigmoid,
2026-06-03T00:00:30,89.0,11.0,sensor2_serial,1,2,6,2,120,169,20.000,20.006,0,61,61,3.049145,SUCCESS,sigmoid,
2026-06-03T00:00:50,89.0,11.0,sensor2_serial,1,2,6,2,120,168,20.000,20.004,0,48,48,2.399471,SUCCESS,sigmoid,
2026-06-03T00:01:10,89.0,11.0,sensor2_serial,1,2,6,2,120,167,20.000,20.006,0,39,39,1.949433,SUCCESS,sigmoid,
2026-06-03T00:01:30,89.0,11.0,sensor2_serial,1,2,6,2,120,166,20.000,20.005,0,42,42,2.099441,SUCCESS,sigmoid,
2026-06-03T00:01:50,89.0,11.0,sensor2_serial,1,2,6,2,120,165,20.000,20.006,0,34,34,1.699493,SUCCESS,sigmoid,
2026-06-03T00:02:10,89.0,11.0,sensor2_serial,1,2,6,2,120,164,20.000,20.005,0,29,29,1.449613,SUCCESS,sigmoid,
2026-06-03T00:02:31,89.0,11.0,sensor2_serial,1,2,6,2,120,163,20.000,20.005,0,36,36,1.799509,SUCCESS,sigmoid,
2026-06-03T00:02:51,89.0,11.0,sensor2_serial,1,2,6,2,120,162,20.000,20.004,0,29,29,1.449679,SUCCESS,sigmoid,
2026-06-03T00:03:11,89.0,11.0,sensor2_serial,1,2,6,2,120,161,20.000,20.006,0,20,20,0.999723,SUCCESS,sigmoid,
2026-06-03T00:03:31,89.0,11.0,sensor2_serial,1,2,6,2,120,160,20.000,20.005,0,24,24,1.199682,SUCCESS,sigmoid,
2026-06-03T00:03:51,89.0,11.0,sensor2_serial,1,2,6,2,120,159,20.000,20.005,0,23,23,1.149695,SUCCESS,sigmoid,
2026-06-03T00:04:11,89.0,11.0,sensor2_serial,1,2,6,2,120,158,20.000,20.005,0,12,12,0.599856,SUCCESS,sigmoid,
2026-06-03T00:04:31,89.0,11.0,sensor2_serial,1,2,6,2,120,157,20.000,20.006,0,12,12,0.599832,SUCCESS,sigmoid,
2026-06-03T00:04:51,89.0,11.0,sensor2_serial,1,2,6,2,120,156,20.000,20.006,0,8,8,0.399890,SUCCESS,sigmoid,
2026-06-03T00:05:11,89.0,11.0,sensor2_serial,1,2,6,2,120,155,20.000,20.005,0,19,19,0.949762,SUCCESS,sigmoid,
2026-06-03T00:05:31,89.0,11.0,sensor2_serial,1,2,6,2,120,154,20.000,20.005,0,14,14,0.699838,SUCCESS,sigmoid,
2026-06-03T00:05:51,89.0,11.0,sensor2_serial,1,2,6,2,120,153,20.000,20.004,0,6,6,0.299935,SUCCESS,sigmoid,
2026-06-03T00:06:11,89.0,11.0,sensor2_serial,1,2,6,2,120,152,20.000,20.005,0,10,10,0.499870,SUCCESS,sigmoid,
2026-06-03T00:06:31,89.0,11.0,sensor2_serial,1,2,6,2,120,151,20.000,20.005,0,7,7,0.349910,SUCCESS,sigmoid,
2026-06-03T00:06:51,89.0,11.0,sensor2_serial,1,2,6,2,120,150,20.000,20.004,0,5,5,0.249948,SUCCESS,sigmoid,
2026-06-03T00:07:11,89.0,11.0,sensor2_serial,1,2,6,2,120,149,20.000,20.005,0,4,4,0.199955,SUCCESS,sigmoid,
2026-06-03T00:07:31,89.0,11.0,sensor2_serial,1,2,6,2,120,148,20.000,20.005,0,4,4,0.199949,SUCCESS,sigmoid,
2026-06-03T00:07:51,89.0,11.0,sensor2_serial,1,2,6,2,120,147,20.000,20.006,0,4,4,0.199945,SUCCESS,sigmoid,
2026-06-03T00:08:12,89.0,11.0,sensor2_serial,1,2,6,2,120,146,20.000,20.005,0,6,6,0.299918,SUCCESS,sigmoid,
2026-06-03T00:08:32,89.0,11.0,sensor2_serial,1,2,6,2,120,145,20.000,20.006,0,3,3,0.149958,SUCCESS,sigmoid,
2026-06-03T00:08:52,89.0,11.0,sensor2_serial,1,2,6,2,120,144,20.000,20.004,0,1,1,0.049989,SUCCESS,sigmoid,
2026-06-03T00:09:12,89.0,11.0,sensor2_serial,1,2,6,2,120,143,20.000,20.005,0,0,0,0.000000,SUCCESS,sigmoid,
2026-06-03T00:09:32,89.0,11.0,sensor2_serial,1,2,6,2,120,142,20.000,20.005,0,0,0,0.000000,SUCCESS,sigmoid,
2026-06-03T00:10:06,90.0,10.0,sensor2_serial,1,0,4,0,120,255,20.000,20.004,0,3547141,3547141,177318.984563,SUCCESS,sigmoid,
2026-06-03T00:10:26,90.0,10.0,sensor2_serial,1,0,4,0,120,254,20.000,20.005,0,3518556,3518556,175879.795089,SUCCESS,sigmoid,
2026-06-03T00:10:46,90.0,10.0,sensor2_serial,1,0,4,0,120,253,20.000,20.006,0,3266216,3266216,163264.297960,SUCCESS,sigmoid,
2026-06-03T00:11:06,90.0,10.0,sensor2_serial,1,0,4,0,120,252,20.000,20.005,0,2656578,2656578,132793.397596,SUCCESS,sigmoid,
2026-06-03T00:11:26,90.0,10.0,sensor2_serial,1,0,4,0,120,251,20.000,20.005,0,1909345,1909345,95442.139660,SUCCESS,sigmoid,
2026-06-03T00:11:46,90.0,10.0,sensor2_serial,1,0,4,0,120,250,20.000,20.005,0,1084375,1084375,54204.200316,SUCCESS,sigmoid,
2026-06-03T00:12:06,90.0,10.0,sensor2_serial,1,0,4,0,120,249,20.000,20.005,0,699631,699631,34972.460654,SUCCESS,sigmoid,
2026-06-03T00:12:26,90.0,10.0,sensor2_serial,1,0,4,0,120,248,20.000,20.006,0,455475,455475,22767.317640,SUCCESS,sigmoid,
2026-06-03T00:12:46,90.0,10.0,sensor2_serial,1,0,4,0,120,247,20.000,20.005,0,328991,328991,16445.109672,SUCCESS,sigmoid,
2026-06-03T00:13:06,90.0,10.0,sensor2_serial,1,0,4,0,120,246,20.000,20.006,0,149812,149812,7488.455126,SUCCESS,sigmoid,
2026-06-03T00:13:26,90.0,10.0,sensor2_serial,1,0,4,0,120,245,20.000,20.004,0,80743,80743,4036.277221,SUCCESS,sigmoid,
2026-06-03T00:13:47,90.0,10.0,sensor2_serial,1,0,4,0,120,244,20.000,20.004,0,29102,29102,1454.775353,SUCCESS,sigmoid,
2026-06-03T00:14:07,90.0,10.0,sensor2_serial,1,0,4,0,120,243,20.000,20.004,0,29131,29131,1456.255090,SUCCESS,sigmoid,
2026-06-03T00:14:27,90.0,10.0,sensor2_serial,1,0,4,0,120,242,20.000,20.005,0,17318,17318,865.692612,SUCCESS,sigmoid,
2026-06-03T00:14:47,90.0,10.0,sensor2_serial,1,0,4,0,120,241,20.000,20.006,0,7595,7595,379.642510,SUCCESS,sigmoid,
2026-06-03T00:15:07,90.0,10.0,sensor2_serial,1,0,4,0,120,240,20.000,20.005,0,2824,2824,141.161374,SUCCESS,sigmoid,
2026-06-03T00:15:27,90.0,10.0,sensor2_serial,1,0,4,0,120,239,20.000,20.006,0,1114,1114,55.684533,SUCCESS,sigmoid,
2026-06-03T00:15:47,90.0,10.0,sensor2_serial,1,0,4,0,120,238,20.000,20.006,0,423,423,21.144086,SUCCESS,sigmoid,
2026-06-03T00:16:07,90.0,10.0,sensor2_serial,1,0,4,0,120,237,20.000,20.005,0,267,267,13.346721,SUCCESS,sigmoid,
2026-06-03T00:16:27,90.0,10.0,sensor2_serial,1,0,4,0,120,236,20.000,20.006,0,211,211,10.547067,SUCCESS,sigmoid,
2026-06-03T00:16:47,90.0,10.0,sensor2_serial,1,0,4,0,120,235,20.000,20.005,0,197,197,9.847506,SUCCESS,sigmoid,
2026-06-03T00:17:07,90.0,10.0,sensor2_serial,1,0,4,0,120,234,20.000,20.005,0,166,166,8.297722,SUCCESS,sigmoid,
2026-06-03T00:17:27,90.0,10.0,sensor2_serial,1,0,4,0,120,233,20.000,20.005,0,170,170,8.497688,SUCCESS,sigmoid,
2026-06-03T00:17:47,90.0,10.0,sensor2_serial,1,0,4,0,120,232,20.000,20.005,0,178,178,8.897571,SUCCESS,sigmoid,
2026-06-03T00:18:07,90.0,10.0,sensor2_serial,1,0,4,0,120,231,20.000,20.005,0,154,154,7.697939,SUCCESS,sigmoid,
2026-06-03T00:18:27,90.0,10.0,sensor2_serial,1,0,4,0,120,230,20.000,20.005,0,158,158,7.898081,SUCCESS,sigmoid,
2026-06-03T00:18:47,90.0,10.0,sensor2_serial,1,0,4,0,120,229,20.000,20.005,0,164,164,8.197880,SUCCESS,sigmoid,
2026-06-03T00:19:07,90.0,10.0,sensor2_serial,1,0,4,0,120,228,20.000,20.005,0,175,175,8.747657,SUCCESS,sigmoid,
2026-06-03T00:19:28,90.0,10.0,sensor2_serial,1,0,4,0,120,227,20.000,20.006,0,168,168,8.397686,SUCCESS,sigmoid,
2026-06-03T00:19:48,90.0,10.0,sensor2_serial,1,0,4,0,120,226,20.000,20.006,0,146,146,7.297883,SUCCESS,sigmoid,
2026-06-03T00:20:08,90.0,10.0,sensor2_serial,1,0,4,0,120,225,20.000,20.005,0,165,165,8.247744,SUCCESS,sigmoid,
2026-06-03T00:20:28,90.0,10.0,sensor2_serial,1,0,4,0,120,224,20.000,20.006,0,157,157,7.847798,SUCCESS,sigmoid,
2026-06-03T00:20:48,90.0,10.0,sensor2_serial,1,0,4,0,120,223,20.000,20.006,0,150,150,7.497909,SUCCESS,sigmoid,
2026-06-03T00:21:08,90.0,10.0,sensor2_serial,1,0,4,0,120,222,20.000,20.005,0,153,153,7.648201,SUCCESS,sigmoid,
2026-06-03T00:21:28,90.0,10.0,sensor2_serial,1,0,4,0,120,221,20.000,20.006,0,154,154,7.697829,SUCCESS,sigmoid,
2026-06-03T00:21:48,90.0,10.0,sensor2_serial,1,0,4,0,120,220,20.000,20.006,0,149,149,7.447941,SUCCESS,sigmoid,
2026-06-03T00:22:08,90.0,10.0,sensor2_serial,1,0,4,0,120,219,20.000,20.006,0,154,154,7.697841,SUCCESS,sigmoid,
2026-06-03T00:22:28,90.0,10.0,sensor2_serial,1,0,4,0,120,218,20.000,20.005,0,155,155,7.747921,SUCCESS,sigmoid,
2026-06-03T00:22:48,90.0,10.0,sensor2_serial,1,0,4,0,120,217,20.000,20.006,0,166,166,8.297670,SUCCESS,sigmoid,
2026-06-03T00:23:08,90.0,10.0,sensor2_serial,1,0,4,0,120,216,20.000,20.006,0,143,143,7.147957,SUCCESS,sigmoid,
2026-06-03T00:23:28,90.0,10.0,sensor2_serial,1,0,4,0,120,215,20.000,20.004,0,169,169,8.448144,SUCCESS,sigmoid,
2026-06-03T00:23:48,90.0,10.0,sensor2_serial,1,0,4,0,120,214,20.000,20.005,0,153,153,7.648139,SUCCESS,sigmoid,
2026-06-03T00:24:08,90.0,10.0,sensor2_serial,1,0,4,0,120,213,20.000,20.006,0,142,142,7.097905,SUCCESS,sigmoid,
2026-06-03T00:24:28,90.0,10.0,sensor2_serial,1,0,4,0,120,212,20.000,20.006,0,144,144,7.197995,SUCCESS,sigmoid,
2026-06-03T00:24:48,90.0,10.0,sensor2_serial,1,0,4,0,120,211,20.000,20.006,0,159,159,7.947528,SUCCESS,sigmoid,
2026-06-03T00:25:09,90.0,10.0,sensor2_serial,1,0,4,0,120,210,20.000,20.006,0,159,159,7.947796,SUCCESS,sigmoid,
2026-06-03T00:25:29,90.0,10.0,sensor2_serial,1,0,4,0,120,209,20.000,20.006,0,150,150,7.497916,SUCCESS,sigmoid,
2026-06-03T00:25:49,90.0,10.0,sensor2_serial,1,0,4,0,120,208,20.000,20.006,0,142,142,7.097972,SUCCESS,sigmoid,
2026-06-03T00:26:09,90.0,10.0,sensor2_serial,1,0,4,0,120,207,20.000,20.005,0,137,137,6.848215,SUCCESS,sigmoid,
2026-06-03T00:26:29,90.0,10.0,sensor2_serial,1,0,4,0,120,206,20.000,20.006,0,131,131,6.548162,SUCCESS,sigmoid,
2026-06-03T00:26:49,90.0,10.0,sensor2_serial,1,0,4,0,120,205,20.000,20.005,0,159,159,7.947903,SUCCESS,sigmoid,
2026-06-03T00:27:09,90.0,10.0,sensor2_serial,1,0,4,0,120,204,20.000,20.005,0,128,128,6.398320,SUCCESS,sigmoid,
2026-06-03T00:27:29,90.0,10.0,sensor2_serial,1,0,4,0,120,203,20.000,20.005,0,160,160,7.997982,SUCCESS,sigmoid,
2026-06-03T00:27:49,90.0,10.0,sensor2_serial,1,0,4,0,120,202,20.000,20.006,0,136,136,6.798098,SUCCESS,sigmoid,
2026-06-03T00:28:09,90.0,10.0,sensor2_serial,1,0,4,0,120,201,20.000,20.005,0,146,146,7.298026,SUCCESS,sigmoid,
2026-06-03T00:28:29,90.0,10.0,sensor2_serial,1,0,4,0,120,200,20.000,20.005,0,141,141,7.048133,SUCCESS,sigmoid,
2026-06-03T00:28:49,90.0,10.0,sensor2_serial,1,0,4,0,120,199,20.000,20.006,0,119,119,5.948339,SUCCESS,sigmoid,
2026-06-03T00:29:09,90.0,10.0,sensor2_serial,1,0,4,0,120,198,20.000,20.006,0,153,153,7.647801,SUCCESS,sigmoid,
2026-06-03T00:29:29,90.0,10.0,sensor2_serial,1,0,4,0,120,197,20.000,20.005,0,143,143,7.148130,SUCCESS,sigmoid,
2026-06-03T00:29:49,90.0,10.0,sensor2_serial,1,0,4,0,120,196,20.000,20.006,0,123,123,6.148259,SUCCESS,sigmoid,
2026-06-03T00:30:09,90.0,10.0,sensor2_serial,1,0,4,0,120,195,20.000,20.006,0,155,155,7.747765,SUCCESS,sigmoid,
2026-06-03T00:30:29,90.0,10.0,sensor2_serial,1,0,4,0,120,194,20.000,20.005,0,135,135,6.748174,SUCCESS,sigmoid,
2026-06-03T00:30:50,90.0,10.0,sensor2_serial,1,0,4,0,120,193,20.000,20.006,0,119,119,5.948359,SUCCESS,sigmoid,
2026-06-03T00:31:10,90.0,10.0,sensor2_serial,1,0,4,0,120,192,20.000,20.006,0,132,132,6.598183,SUCCESS,sigmoid,
2026-06-03T00:31:30,90.0,10.0,sensor2_serial,1,0,4,0,120,191,20.000,20.005,0,130,130,6.498280,SUCCESS,sigmoid,
2026-06-03T00:31:50,90.0,10.0,sensor2_serial,1,0,4,0,120,190,20.000,20.005,0,123,123,6.148431,SUCCESS,sigmoid,
2026-06-03T00:32:10,90.0,10.0,sensor2_serial,1,0,4,0,120,189,20.000,20.006,0,128,128,6.398194,SUCCESS,sigmoid,
2026-06-03T00:32:30,90.0,10.0,sensor2_serial,1,0,4,0,120,188,20.000,20.005,0,137,137,6.848246,SUCCESS,sigmoid,
2026-06-03T00:32:50,90.0,10.0,sensor2_serial,1,0,4,0,120,187,20.000,20.005,0,155,155,7.748072,SUCCESS,sigmoid,
2026-06-03T00:33:10,90.0,10.0,sensor2_serial,1,0,4,0,120,186,20.000,20.006,0,147,147,7.347977,SUCCESS,sigmoid,
2026-06-03T00:33:30,90.0,10.0,sensor2_serial,1,0,4,0,120,185,20.000,20.006,0,120,120,5.998267,SUCCESS,sigmoid,
2026-06-03T00:33:50,90.0,10.0,sensor2_serial,1,0,4,0,120,184,20.000,20.005,0,126,126,6.298300,SUCCESS,sigmoid,
2026-06-03T00:34:10,90.0,10.0,sensor2_serial,1,0,4,0,120,183,20.000,20.006,0,160,160,7.997659,SUCCESS,sigmoid,
2026-06-03T00:34:30,90.0,10.0,sensor2_serial,1,0,4,0,120,182,20.000,20.006,0,122,122,6.098186,SUCCESS,sigmoid,
2026-06-03T00:34:50,90.0,10.0,sensor2_serial,1,0,4,0,120,181,20.000,20.005,0,124,124,6.198353,SUCCESS,sigmoid,
2026-06-03T00:35:10,90.0,10.0,sensor2_serial,1,0,4,0,120,180,20.000,20.005,0,135,135,6.748221,SUCCESS,sigmoid,
2026-06-03T00:35:30,90.0,10.0,sensor2_serial,1,0,4,0,120,179,20.000,20.005,0,104,104,5.198606,SUCCESS,sigmoid,
2026-06-03T00:35:50,90.0,10.0,sensor2_serial,1,0,4,0,120,178,20.000,20.006,0,110,110,5.498454,SUCCESS,sigmoid,
2026-06-03T00:36:11,90.0,10.0,sensor2_serial,1,0,4,0,120,177,20.000,20.005,0,127,127,6.348371,SUCCESS,sigmoid,
2026-06-03T00:36:31,90.0,10.0,sensor2_serial,1,0,4,0,120,176,20.000,20.005,0,117,117,5.848415,SUCCESS,sigmoid,
2026-06-03T00:36:51,90.0,10.0,sensor2_serial,1,0,4,0,120,175,20.000,20.005,0,105,105,5.248572,SUCCESS,sigmoid,
2026-06-03T00:37:11,90.0,10.0,sensor2_serial,1,0,4,0,120,174,20.000,20.005,0,110,110,5.498490,SUCCESS,sigmoid,
2026-06-03T00:37:31,90.0,10.0,sensor2_serial,1,0,4,0,120,173,20.000,20.005,0,115,115,5.748473,SUCCESS,sigmoid,
2026-06-03T00:37:51,90.0,10.0,sensor2_serial,1,0,4,0,120,172,20.000,20.005,0,96,96,4.798683,SUCCESS,sigmoid,
2026-06-03T00:38:11,90.0,10.0,sensor2_serial,1,0,4,0,120,171,20.000,20.005,0,104,104,5.198675,SUCCESS,sigmoid,
2026-06-03T00:38:31,90.0,10.0,sensor2_serial,1,0,4,0,120,170,20.000,20.005,0,90,90,4.498783,SUCCESS,sigmoid,
2026-06-03T00:38:51,90.0,10.0,sensor2_serial,1,0,4,0,120,169,20.000,20.005,0,91,91,4.548830,SUCCESS,sigmoid,
2026-06-03T00:39:11,90.0,10.0,sensor2_serial,1,0,4,0,120,168,20.000,20.004,0,84,84,4.199067,SUCCESS,sigmoid,
2026-06-03T00:39:31,90.0,10.0,sensor2_serial,1,0,4,0,120,167,20.000,20.006,0,84,84,4.198821,SUCCESS,sigmoid,
2026-06-03T00:39:51,90.0,10.0,sensor2_serial,1,0,4,0,120,166,20.000,20.006,0,72,72,3.598991,SUCCESS,sigmoid,
2026-06-03T00:40:11,90.0,10.0,sensor2_serial,1,0,4,0,120,165,20.000,20.005,0,92,92,4.598836,SUCCESS,sigmoid,
2026-06-03T00:40:31,90.0,10.0,sensor2_serial,1,0,4,0,120,164,20.000,20.005,0,102,102,5.098724,SUCCESS,sigmoid,
2026-06-03T00:40:51,90.0,10.0,sensor2_serial,1,0,4,0,120,163,20.000,20.005,0,62,62,3.099180,SUCCESS,sigmoid,
2026-06-03T00:41:11,90.0,10.0,sensor2_serial,1,0,4,0,120,162,20.000,20.005,0,56,56,2.799339,SUCCESS,sigmoid,
2026-06-03T00:41:31,90.0,10.0,sensor2_serial,1,0,4,0,120,161,20.000,20.005,0,58,58,2.899340,SUCCESS,sigmoid,
2026-06-03T00:41:52,90.0,10.0,sensor2_serial,1,0,4,0,120,160,20.000,20.005,0,59,59,2.949207,SUCCESS,sigmoid,
2026-06-03T00:42:12,90.0,10.0,sensor2_serial,1,0,4,0,120,159,20.000,20.005,0,48,48,2.399384,SUCCESS,sigmoid,
2026-06-03T00:42:32,90.0,10.0,sensor2_serial,1,0,4,0,120,158,20.000,20.005,0,54,54,2.699286,SUCCESS,sigmoid,
2026-06-03T00:42:52,90.0,10.0,sensor2_serial,1,0,4,0,120,157,20.000,20.005,0,65,65,3.249123,SUCCESS,sigmoid,
2026-06-03T00:43:12,90.0,10.0,sensor2_serial,1,0,4,0,120,156,20.000,20.005,0,47,47,2.349359,SUCCESS,sigmoid,
2026-06-03T00:43:32,90.0,10.0,sensor2_serial,1,0,4,0,120,155,20.000,20.006,0,49,49,2.449325,SUCCESS,sigmoid,
2026-06-03T00:43:52,90.0,10.0,sensor2_serial,1,0,4,0,120,154,20.000,20.006,0,47,47,2.349314,SUCCESS,sigmoid,
2026-06-03T00:44:12,90.0,10.0,sensor2_serial,1,0,4,0,120,153,20.000,20.005,0,40,40,1.999484,SUCCESS,sigmoid,
2026-06-03T00:44:32,90.0,10.0,sensor2_serial,1,0,4,0,120,152,20.000,20.005,0,34,34,1.699544,SUCCESS,sigmoid,
2026-06-03T00:44:52,90.0,10.0,sensor2_serial,1,0,4,0,120,151,20.000,20.005,0,24,24,1.199672,SUCCESS,sigmoid,
2026-06-03T00:45:12,90.0,10.0,sensor2_serial,1,0,4,0,120,150,20.000,20.006,0,38,38,1.899464,SUCCESS,sigmoid,
2026-06-03T00:45:32,90.0,10.0,sensor2_serial,1,0,4,0,120,149,20.000,20.004,0,35,35,1.749625,SUCCESS,sigmoid,
2026-06-03T00:45:52,90.0,10.0,sensor2_serial,1,0,4,0,120,148,20.000,20.004,0,30,30,1.499665,SUCCESS,sigmoid,
2026-06-03T00:46:12,90.0,10.0,sensor2_serial,1,0,4,0,120,147,20.000,20.005,0,21,21,1.049717,SUCCESS,sigmoid,
2026-06-03T00:46:32,90.0,10.0,sensor2_serial,1,0,4,0,120,146,20.000,20.005,0,20,20,0.999736,SUCCESS,sigmoid,
2026-06-03T00:46:52,90.0,10.0,sensor2_serial,1,0,4,0,120,145,20.000,20.005,0,27,27,1.349655,SUCCESS,sigmoid,
2026-06-03T00:47:12,90.0,10.0,sensor2_serial,1,0,4,0,120,144,20.000,20.005,0,21,21,1.049720,SUCCESS,sigmoid,
2026-06-03T00:47:33,90.0,10.0,sensor2_serial,1,0,4,0,120,143,20.000,20.005,0,18,18,0.899770,SUCCESS,sigmoid,
2026-06-03T00:47:53,90.0,10.0,sensor2_serial,1,0,4,0,120,142,20.000,20.005,0,14,14,0.699821,SUCCESS,sigmoid,
2026-06-03T00:48:13,90.0,10.0,sensor2_serial,1,0,4,0,120,141,20.000,20.006,0,11,11,0.549845,SUCCESS,sigmoid,
2026-06-03T00:48:33,90.0,10.0,sensor2_serial,1,0,4,0,120,140,20.000,20.005,0,8,8,0.399899,SUCCESS,sigmoid,
2026-06-03T00:48:53,90.0,10.0,sensor2_serial,1,0,4,0,120,139,20.000,20.005,0,4,4,0.199946,SUCCESS,sigmoid,
2026-06-03T00:49:13,90.0,10.0,sensor2_serial,1,0,4,0,120,138,20.000,20.005,0,9,9,0.449878,SUCCESS,sigmoid,
2026-06-03T00:49:33,90.0,10.0,sensor2_serial,1,0,4,0,120,137,20.000,20.005,0,5,5,0.249937,SUCCESS,sigmoid,
2026-06-03T00:49:53,90.0,10.0,sensor2_serial,1,0,4,0,120,136,20.000,20.005,0,7,7,0.349913,SUCCESS,sigmoid,
2026-06-03T00:50:13,90.0,10.0,sensor2_serial,1,0,4,0,120,135,20.000,20.006,0,3,3,0.149958,SUCCESS,sigmoid,
2026-06-03T00:50:33,90.0,10.0,sensor2_serial,1,0,4,0,120,134,20.000,20.006,0,6,6,0.299915,SUCCESS,sigmoid,
2026-06-03T00:50:53,90.0,10.0,sensor2_serial,1,0,4,0,120,133,20.000,20.005,0,7,7,0.349904,SUCCESS,sigmoid,
2026-06-03T00:51:13,90.0,10.0,sensor2_serial,1,0,4,0,120,132,20.000,20.005,0,6,6,0.299931,SUCCESS,sigmoid,
2026-06-03T00:51:33,90.0,10.0,sensor2_serial,1,0,4,0,120,131,20.000,20.005,0,1,1,0.049987,SUCCESS,sigmoid,
2026-06-03T00:51:53,90.0,10.0,sensor2_serial,1,0,4,0,120,130,20.000,20.005,0,2,2,0.099973,SUCCESS,sigmoid,
2026-06-03T00:52:13,90.0,10.0,sensor2_serial,1,0,4,0,120,129,20.000,20.005,0,2,2,0.099977,SUCCESS,sigmoid,
2026-06-03T00:52:33,90.0,10.0,sensor2_serial,1,0,4,0,120,128,20.000,20.005,0,1,1,0.049986,SUCCESS,sigmoid,
2026-06-03T00:52:53,90.0,10.0,sensor2_serial,1,0,4,0,120,127,20.000,20.005,0,0,0,0.000000,SUCCESS,sigmoid,
2026-06-03T00:53:14,90.0,10.0,sensor2_serial,1,0,4,0,120,126,20.000,20.005,0,1,1,0.049987,SUCCESS,sigmoid,
2026-06-03T00:53:34,90.0,10.0,sensor2_serial,1,0,4,0,120,125,20.000,20.005,0,3,3,0.149960,SUCCESS,sigmoid,
2026-06-03T00:53:54,90.0,10.0,sensor2_serial,1,0,4,0,120,124,20.000,20.005,0,0,0,0.000000,SUCCESS,sigmoid,
2026-06-03T00:54:14,90.0,10.0,sensor2_serial,1,0,4,0,120,123,20.000,20.005,0,1,1,0.049987,SUCCESS,sigmoid,
2026-06-03T00:54:34,90.0,10.0,sensor2_serial,1,0,4,0,120,122,20.000,20.005,0,0,0,0.000000,SUCCESS,sigmoid,
2026-06-03T00:54:54,90.0,10.0,sensor2_serial,1,0,4,0,120,121,20.000,20.005,0,1,1,0.049987,SUCCESS,sigmoid,
2026-06-03T00:55:14,90.0,10.0,sensor2_serial,1,0,4,0,120,120,20.000,20.005,0,0,0,0.000000,SUCCESS,sigmoid,
2026-06-03T00:55:34,90.0,10.0,sensor2_serial,1,0,4,0,120,119,20.000,20.005,0,0,0,0.000000,SUCCESS,sigmoid,
2026-06-03T00:55:54,90.0,10.0,sensor2_serial,1,1,5,1,120,255,20.000,20.005,0,1814898,1814898,90720.083561,SUCCESS,sigmoid,
2026-06-03T00:56:14,90.0,10.0,sensor2_serial,1,1,5,1,120,254,20.000,20.005,0,1899191,1899191,94935.769114,SUCCESS,sigmoid,
2026-06-03T00:56:34,90.0,10.0,sensor2_serial,1,1,5,1,120,253,20.000,20.005,0,2083882,2083882,104165.941968,SUCCESS,sigmoid,
2026-06-03T00:56:54,90.0,10.0,sensor2_serial,1,1,5,1,120,252,20.000,20.006,0,2261540,2261540,113044.894774,SUCCESS,sigmoid,
2026-06-03T00:57:14,90.0,10.0,sensor2_serial,1,1,5,1,120,251,20.000,20.005,0,2444782,2444782,122206.165873,SUCCESS,sigmoid,
2026-06-03T00:57:34,90.0,10.0,sensor2_serial,1,1,5,1,120,250,20.000,20.005,0,2810094,2810094,140468.887049,SUCCESS,sigmoid,
2026-06-03T00:57:54,90.0,10.0,sensor2_serial,1,1,5,1,120,249,20.000,20.005,0,3096983,3096983,154811.267542,SUCCESS,sigmoid,
2026-06-03T00:58:14,90.0,10.0,sensor2_serial,1,1,5,1,120,248,20.000,20.005,0,3034985,3034985,151707.952909,SUCCESS,sigmoid,
2026-06-03T00:58:35,90.0,10.0,sensor2_serial,1,1,5,1,120,247,20.000,20.006,0,2798660,2798660,139890.980716,SUCCESS,sigmoid,
2026-06-03T00:58:55,90.0,10.0,sensor2_serial,1,1,5,1,120,246,20.000,20.005,0,2203132,2203132,110126.616696,SUCCESS,sigmoid,
2026-06-03T00:59:15,90.0,10.0,sensor2_serial,1,1,5,1,120,245,20.000,20.005,0,1455997,1455997,72781.047857,SUCCESS,sigmoid,
2026-06-03T00:59:35,90.0,10.0,sensor2_serial,1,1,5,1,120,244,20.000,20.005,0,875597,875597,43767.856974,SUCCESS,sigmoid,
2026-06-03T00:59:55,90.0,10.0,sensor2_serial,1,1,5,1,120,243,20.000,20.005,0,611128,611128,30549.386678,SUCCESS,sigmoid,
2026-06-03T01:00:15,90.0,10.0,sensor2_serial,1,1,5,1,120,242,20.000,20.005,0,388808,388808,19435.269072,SUCCESS,sigmoid,
2026-06-03T01:00:35,90.0,10.0,sensor2_serial,1,1,5,1,120,241,20.000,20.005,0,175130,175130,8754.290923,SUCCESS,sigmoid,
2026-06-03T01:00:55,90.0,10.0,sensor2_serial,1,1,5,1,120,240,20.000,20.004,0,73900,73900,3694.226638,SUCCESS,sigmoid,
2026-06-03T01:01:15,90.0,10.0,sensor2_serial,1,1,5,1,120,239,20.000,20.004,0,61495,61495,3074.091837,SUCCESS,sigmoid,
2026-06-03T01:01:35,90.0,10.0,sensor2_serial,1,1,5,1,120,238,20.000,20.004,0,23956,23956,1197.552898,SUCCESS,sigmoid,
2026-06-03T01:01:55,90.0,10.0,sensor2_serial,1,1,5,1,120,237,20.000,20.004,0,9003,9003,450.051718,SUCCESS,sigmoid,
2026-06-03T01:02:15,90.0,10.0,sensor2_serial,1,1,5,1,120,236,20.000,20.005,0,4186,4186,209.246265,SUCCESS,sigmoid,
2026-06-03T01:02:35,90.0,10.0,sensor2_serial,1,1,5,1,120,235,20.000,20.005,0,2678,2678,133.864187,SUCCESS,sigmoid,
2026-06-03T01:02:55,90.0,10.0,sensor2_serial,1,1,5,1,120,234,20.000,20.005,0,999,999,49.936378,SUCCESS,sigmoid,
2026-06-03T01:03:15,90.0,10.0,sensor2_serial,1,1,5,1,120,233,20.000,20.006,0,494,494,24.692959,SUCCESS,sigmoid,
2026-06-03T01:03:35,90.0,10.0,sensor2_serial,1,1,5,1,120,232,20.000,20.005,0,258,258,12.896576,SUCCESS,sigmoid,
2026-06-03T01:03:55,90.0,10.0,sensor2_serial,1,1,5,1,120,231,20.000,20.005,0,198,198,9.897414,SUCCESS,sigmoid,
2026-06-03T01:04:16,90.0,10.0,sensor2_serial,1,1,5,1,120,230,20.000,20.006,0,146,146,7.297885,SUCCESS,sigmoid,
2026-06-03T01:04:36,90.0,10.0,sensor2_serial,1,1,5,1,120,229,20.000,20.005,0,127,127,6.348292,SUCCESS,sigmoid,
2026-06-03T01:04:56,90.0,10.0,sensor2_serial,1,1,5,1,120,228,20.000,20.006,0,166,166,8.297613,SUCCESS,sigmoid,
2026-06-03T01:05:16,90.0,10.0,sensor2_serial,1,1,5,1,120,227,20.000,20.005,0,157,157,7.848005,SUCCESS,sigmoid,
2026-06-03T01:05:36,90.0,10.0,sensor2_serial,1,1,5,1,120,226,20.000,20.005,0,173,173,8.647754,SUCCESS,sigmoid,
2026-06-03T01:05:56,90.0,10.0,sensor2_serial,1,1,5,1,120,225,20.000,20.005,0,149,149,7.448307,SUCCESS,sigmoid,
2026-06-03T01:06:16,90.0,10.0,sensor2_serial,1,1,5,1,120,224,20.000,20.005,0,153,153,7.647950,SUCCESS,sigmoid,
2026-06-03T01:06:36,90.0,10.0,sensor2_serial,1,1,5,1,120,223,20.000,20.006,0,141,141,7.047973,SUCCESS,sigmoid,
2026-06-03T01:06:56,90.0,10.0,sensor2_serial,1,1,5,1,120,222,20.000,20.005,0,174,174,8.697719,SUCCESS,sigmoid,
2026-06-03T01:07:16,90.0,10.0,sensor2_serial,1,1,5,1,120,221,20.000,20.006,0,149,149,7.447821,SUCCESS,sigmoid,
2026-06-03T01:07:36,90.0,10.0,sensor2_serial,1,1,5,1,120,220,20.000,20.006,0,145,145,7.247987,SUCCESS,sigmoid,
2026-06-03T01:07:56,90.0,10.0,sensor2_serial,1,1,5,1,120,219,20.000,20.006,0,132,132,6.598117,SUCCESS,sigmoid,
2026-06-03T01:08:16,90.0,10.0,sensor2_serial,1,1,5,1,120,218,20.000,20.005,0,177,177,8.847682,SUCCESS,sigmoid,
2026-06-03T01:08:36,90.0,10.0,sensor2_serial,1,1,5,1,120,217,20.000,20.005,0,163,163,8.147994,SUCCESS,sigmoid,
2026-06-03T01:08:56,90.0,10.0,sensor2_serial,1,1,5,1,120,216,20.000,20.005,0,132,132,6.598415,SUCCESS,sigmoid,
2026-06-03T01:09:16,90.0,10.0,sensor2_serial,1,1,5,1,120,215,20.000,20.004,0,152,152,7.598399,SUCCESS,sigmoid,
2026-06-03T01:09:36,90.0,10.0,sensor2_serial,1,1,5,1,120,214,20.000,20.005,0,137,137,6.848156,SUCCESS,sigmoid,
2026-06-03T01:09:57,90.0,10.0,sensor2_serial,1,1,5,1,120,213,20.000,20.006,0,135,135,6.748069,SUCCESS,sigmoid,
2026-06-03T01:10:17,90.0,10.0,sensor2_serial,1,1,5,1,120,212,20.000,20.005,0,147,147,7.348053,SUCCESS,sigmoid,
2026-06-03T01:10:37,90.0,10.0,sensor2_serial,1,1,5,1,120,211,20.000,20.006,0,132,132,6.598180,SUCCESS,sigmoid,
2026-06-03T01:10:57,90.0,10.0,sensor2_serial,1,1,5,1,120,210,20.000,20.006,0,157,157,7.847837,SUCCESS,sigmoid,
2026-06-03T01:11:17,90.0,10.0,sensor2_serial,1,1,5,1,120,209,20.000,20.005,0,136,136,6.798235,SUCCESS,sigmoid,
2026-06-03T01:11:37,90.0,10.0,sensor2_serial,1,1,5,1,120,208,20.000,20.005,0,161,161,8.047872,SUCCESS,sigmoid,
2026-06-03T01:11:57,90.0,10.0,sensor2_serial,1,1,5,1,120,207,20.000,20.006,0,140,140,6.998043,SUCCESS,sigmoid,
2026-06-03T01:12:17,90.0,10.0,sensor2_serial,1,1,5,1,120,206,20.000,20.006,0,157,157,7.847756,SUCCESS,sigmoid,
2026-06-03T01:12:37,90.0,10.0,sensor2_serial,1,1,5,1,120,205,20.000,20.005,0,149,149,7.448125,SUCCESS,sigmoid,
2026-06-03T01:12:57,90.0,10.0,sensor2_serial,1,1,5,1,120,204,20.000,20.006,0,143,143,7.147815,SUCCESS,sigmoid,
2026-06-03T01:13:17,90.0,10.0,sensor2_serial,1,1,5,1,120,203,20.000,20.005,0,152,152,7.598010,SUCCESS,sigmoid,
2026-06-03T01:13:37,90.0,10.0,sensor2_serial,1,1,5,1,120,202,20.000,20.006,0,151,151,7.547814,SUCCESS,sigmoid,
2026-06-03T01:13:57,90.0,10.0,sensor2_serial,1,1,5,1,120,201,20.000,20.005,0,144,144,7.198114,SUCCESS,sigmoid,
2026-06-03T01:14:17,90.0,10.0,sensor2_serial,1,1,5,1,120,200,20.000,20.004,0,157,157,7.848247,SUCCESS,sigmoid,
2026-06-03T01:14:37,90.0,10.0,sensor2_serial,1,1,5,1,120,199,20.000,20.005,0,133,133,6.648176,SUCCESS,sigmoid,
2026-06-03T01:14:57,90.0,10.0,sensor2_serial,1,1,5,1,120,198,20.000,20.005,0,146,146,7.298021,SUCCESS,sigmoid,
2026-06-03T01:15:18,90.0,10.0,sensor2_serial,1,1,5,1,120,197,20.000,20.006,0,127,127,6.348216,SUCCESS,sigmoid,
2026-06-03T01:15:38,90.0,10.0,sensor2_serial,1,1,5,1,120,196,20.000,20.005,0,139,139,6.948116,SUCCESS,sigmoid,
2026-06-03T01:15:58,90.0,10.0,sensor2_serial,1,1,5,1,120,195,20.000,20.005,0,119,119,5.948391,SUCCESS,sigmoid,
2026-06-03T01:16:18,90.0,10.0,sensor2_serial,1,1,5,1,120,194,20.000,20.006,0,141,141,7.047972,SUCCESS,sigmoid,
2026-06-03T01:16:38,90.0,10.0,sensor2_serial,1,1,5,1,120,193,20.000,20.005,0,136,136,6.798211,SUCCESS,sigmoid,
2026-06-03T01:16:58,90.0,10.0,sensor2_serial,1,1,5,1,120,192,20.000,20.005,0,136,136,6.798158,SUCCESS,sigmoid,
2026-06-03T01:17:18,90.0,10.0,sensor2_serial,1,1,5,1,120,191,20.000,20.005,0,151,151,7.548240,SUCCESS,sigmoid,
2026-06-03T01:17:38,90.0,10.0,sensor2_serial,1,1,5,1,120,190,20.000,20.006,0,142,142,7.098013,SUCCESS,sigmoid,
2026-06-03T01:17:58,90.0,10.0,sensor2_serial,1,1,5,1,120,189,20.000,20.006,0,142,142,7.098045,SUCCESS,sigmoid,
2026-06-03T01:18:18,90.0,10.0,sensor2_serial,1,1,5,1,120,188,20.000,20.005,0,135,135,6.748155,SUCCESS,sigmoid,
2026-06-03T01:18:38,90.0,10.0,sensor2_serial,1,1,5,1,120,187,20.000,20.006,0,143,143,7.147919,SUCCESS,sigmoid,
2026-06-03T01:18:58,90.0,10.0,sensor2_serial,1,1,5,1,120,186,20.000,20.005,0,140,140,6.998200,SUCCESS,sigmoid,
2026-06-03T01:19:18,90.0,10.0,sensor2_serial,1,1,5,1,120,185,20.000,20.006,0,126,126,6.298196,SUCCESS,sigmoid,
2026-06-03T01:19:38,90.0,10.0,sensor2_serial,1,1,5,1,120,184,20.000,20.005,0,124,124,6.198315,SUCCESS,sigmoid,
2026-06-03T01:19:58,90.0,10.0,sensor2_serial,1,1,5,1,120,183,20.000,20.006,0,130,130,6.498182,SUCCESS,sigmoid,
2026-06-03T01:20:18,90.0,10.0,sensor2_serial,1,1,5,1,120,182,20.000,20.005,0,116,116,5.798509,SUCCESS,sigmoid,
2026-06-03T01:20:38,90.0,10.0,sensor2_serial,1,1,5,1,120,181,20.000,20.006,0,127,127,6.348205,SUCCESS,sigmoid,
2026-06-03T01:20:59,90.0,10.0,sensor2_serial,1,1,5,1,120,180,20.000,20.005,0,142,142,7.098102,SUCCESS,sigmoid,
2026-06-03T01:21:19,90.0,10.0,sensor2_serial,1,1,5,1,120,179,20.000,20.005,0,101,101,5.048719,SUCCESS,sigmoid,
2026-06-03T01:21:39,90.0,10.0,sensor2_serial,1,1,5,1,120,178,20.000,20.005,0,120,120,5.998362,SUCCESS,sigmoid,
2026-06-03T01:21:59,90.0,10.0,sensor2_serial,1,1,5,1,120,177,20.000,20.006,0,109,109,5.448443,SUCCESS,sigmoid,
2026-06-03T01:22:19,90.0,10.0,sensor2_serial,1,1,5,1,120,176,20.000,20.005,0,119,119,5.948423,SUCCESS,sigmoid,
2026-06-03T01:22:39,90.0,10.0,sensor2_serial,1,1,5,1,120,175,20.000,20.005,0,129,129,6.448277,SUCCESS,sigmoid,
2026-06-03T01:22:59,90.0,10.0,sensor2_serial,1,1,5,1,120,174,20.000,20.005,0,108,108,5.398546,SUCCESS,sigmoid,
2026-06-03T01:23:19,90.0,10.0,sensor2_serial,1,1,5,1,120,173,20.000,20.005,0,112,112,5.598711,SUCCESS,sigmoid,
2026-06-03T01:23:39,90.0,10.0,sensor2_serial,1,1,5,1,120,172,20.000,20.006,0,107,107,5.348508,SUCCESS,sigmoid,
2026-06-03T01:23:59,90.0,10.0,sensor2_serial,1,1,5,1,120,171,20.000,20.005,0,96,96,4.798723,SUCCESS,sigmoid,
2026-06-03T01:24:19,90.0,10.0,sensor2_serial,1,1,5,1,120,170,20.000,20.005,0,99,99,4.948728,SUCCESS,sigmoid,
2026-06-03T01:24:39,90.0,10.0,sensor2_serial,1,1,5,1,120,169,20.000,20.005,0,109,109,5.448551,SUCCESS,sigmoid,
2026-06-03T01:24:59,90.0,10.0,sensor2_serial,1,1,5,1,120,168,20.000,20.006,0,93,93,4.648716,SUCCESS,sigmoid,
2026-06-03T01:25:19,90.0,10.0,sensor2_serial,1,1,5,1,120,167,20.000,20.005,0,101,101,5.048676,SUCCESS,sigmoid,
2026-06-03T01:25:39,90.0,10.0,sensor2_serial,1,1,5,1,120,166,20.000,20.005,0,102,102,5.098624,SUCCESS,sigmoid,
2026-06-03T01:25:59,90.0,10.0,sensor2_serial,1,1,5,1,120,165,20.000,20.005,0,85,85,4.248890,SUCCESS,sigmoid,
2026-06-03T01:26:19,90.0,10.0,sensor2_serial,1,1,5,1,120,164,20.000,20.006,0,81,81,4.048869,SUCCESS,sigmoid,
2026-06-03T01:26:40,90.0,10.0,sensor2_serial,1,1,5,1,120,163,20.000,20.005,0,78,78,3.899091,SUCCESS,sigmoid,
2026-06-03T01:27:00,90.0,10.0,sensor2_serial,1,1,5,1,120,162,20.000,20.005,0,92,92,4.598793,SUCCESS,sigmoid,
2026-06-03T01:27:20,90.0,10.0,sensor2_serial,1,1,5,1,120,161,20.000,20.005,0,68,68,3.399073,SUCCESS,sigmoid,
2026-06-03T01:27:40,90.0,10.0,sensor2_serial,1,1,5,1,120,160,20.000,20.005,0,65,65,3.249165,SUCCESS,sigmoid,
2026-06-03T01:28:00,90.0,10.0,sensor2_serial,1,1,5,1,120,159,20.000,20.006,0,75,75,3.748967,SUCCESS,sigmoid,
2026-06-03T01:28:20,90.0,10.0,sensor2_serial,1,1,5,1,120,158,20.000,20.005,0,83,83,4.148893,SUCCESS,sigmoid,
2026-06-03T01:28:40,90.0,10.0,sensor2_serial,1,1,5,1,120,157,20.000,20.006,0,66,66,3.299072,SUCCESS,sigmoid,
2026-06-03T01:29:00,90.0,10.0,sensor2_serial,1,1,5,1,120,156,20.000,20.005,0,70,70,3.499046,SUCCESS,sigmoid,
2026-06-03T01:29:20,90.0,10.0,sensor2_serial,1,1,5,1,120,155,20.000,20.005,0,59,59,2.949276,SUCCESS,sigmoid,
2026-06-03T01:29:40,90.0,10.0,sensor2_serial,1,1,5,1,120,154,20.000,20.005,0,51,51,2.549335,SUCCESS,sigmoid,
2026-06-03T01:30:00,90.0,10.0,sensor2_serial,1,1,5,1,120,153,20.000,20.005,0,59,59,2.949293,SUCCESS,sigmoid,
2026-06-03T01:30:20,90.0,10.0,sensor2_serial,1,1,5,1,120,152,20.000,20.005,0,51,51,2.549381,SUCCESS,sigmoid,
2026-06-03T01:30:40,90.0,10.0,sensor2_serial,1,1,5,1,120,151,20.000,20.005,0,42,42,2.099451,SUCCESS,sigmoid,
2026-06-03T01:31:00,90.0,10.0,sensor2_serial,1,1,5,1,120,150,20.000,20.005,0,31,31,1.549587,SUCCESS,sigmoid,
2026-06-03T01:31:20,90.0,10.0,sensor2_serial,1,1,5,1,120,149,20.000,20.005,0,37,37,1.849514,SUCCESS,sigmoid,
2026-06-03T01:31:40,90.0,10.0,sensor2_serial,1,1,5,1,120,148,20.000,20.005,0,34,34,1.699537,SUCCESS,sigmoid,
2026-06-03T01:32:00,90.0,10.0,sensor2_serial,1,1,5,1,120,147,20.000,20.005,0,32,32,1.599561,SUCCESS,sigmoid,
2026-06-03T01:32:21,90.0,10.0,sensor2_serial,1,1,5,1,120,146,20.000,20.005,0,40,40,1.999460,SUCCESS,sigmoid,
2026-06-03T01:32:41,90.0,10.0,sensor2_serial,1,1,5,1,120,145,20.000,20.005,0,33,33,1.649550,SUCCESS,sigmoid,
2026-06-03T01:33:01,90.0,10.0,sensor2_serial,1,1,5,1,120,144,20.000,20.006,0,21,21,1.049699,SUCCESS,sigmoid,
2026-06-03T01:33:21,90.0,10.0,sensor2_serial,1,1,5,1,120,143,20.000,20.005,0,14,14,0.699821,SUCCESS,sigmoid,
2026-06-03T01:33:41,90.0,10.0,sensor2_serial,1,1,5,1,120,142,20.000,20.005,0,15,15,0.749801,SUCCESS,sigmoid,
2026-06-03T01:34:01,90.0,10.0,sensor2_serial,1,1,5,1,120,141,20.000,20.005,0,24,24,1.199688,SUCCESS,sigmoid,
2026-06-03T01:34:21,90.0,10.0,sensor2_serial,1,1,5,1,120,140,20.000,20.004,0,18,18,0.899803,SUCCESS,sigmoid,
2026-06-03T01:34:41,90.0,10.0,sensor2_serial,1,1,5,1,120,139,20.000,20.005,0,15,15,0.749806,SUCCESS,sigmoid,
2026-06-03T01:35:01,90.0,10.0,sensor2_serial,1,1,5,1,120,138,20.000,20.005,0,18,18,0.899762,SUCCESS,sigmoid,
2026-06-03T01:35:21,90.0,10.0,sensor2_serial,1,1,5,1,120,137,20.000,20.005,0,9,9,0.449885,SUCCESS,sigmoid,
2026-06-03T01:35:41,90.0,10.0,sensor2_serial,1,1,5,1,120,136,20.000,20.006,0,7,7,0.349904,SUCCESS,sigmoid,
2026-06-03T01:36:01,90.0,10.0,sensor2_serial,1,1,5,1,120,135,20.000,20.005,0,7,7,0.349915,SUCCESS,sigmoid,
2026-06-03T01:36:21,90.0,10.0,sensor2_serial,1,1,5,1,120,134,20.000,20.005,0,9,9,0.449879,SUCCESS,sigmoid,
2026-06-03T01:36:41,90.0,10.0,sensor2_serial,1,1,5,1,120,133,20.000,20.005,0,3,3,0.149965,SUCCESS,sigmoid,
2026-06-03T01:37:01,90.0,10.0,sensor2_serial,1,1,5,1,120,132,20.000,20.005,0,5,5,0.249935,SUCCESS,sigmoid,
2026-06-03T01:37:21,90.0,10.0,sensor2_serial,1,1,5,1,120,131,20.000,20.005,0,2,2,0.099976,SUCCESS,sigmoid,
2026-06-03T01:37:42,90.0,10.0,sensor2_serial,1,1,5,1,120,130,20.000,20.004,0,4,4,0.199956,SUCCESS,sigmoid,
2026-06-03T01:38:02,90.0,10.0,sensor2_serial,1,1,5,1,120,129,20.000,20.006,0,1,1,0.049986,SUCCESS,sigmoid,
2026-06-03T01:38:22,90.0,10.0,sensor2_serial,1,1,5,1,120,128,20.000,20.005,0,6,6,0.299920,SUCCESS,sigmoid,
2026-06-03T01:38:42,90.0,10.0,sensor2_serial,1,1,5,1,120,127,20.000,20.005,0,2,2,0.099973,SUCCESS,sigmoid,
2026-06-03T01:39:02,90.0,10.0,sensor2_serial,1,1,5,1,120,126,20.000,20.005,0,0,0,0.000000,SUCCESS,sigmoid,
2026-06-03T01:39:22,90.0,10.0,sensor2_serial,1,1,5,1,120,125,20.000,20.005,0,3,3,0.149965,SUCCESS,sigmoid,
2026-06-03T01:39:42,90.0,10.0,sensor2_serial,1,1,5,1,120,124,20.000,20.005,0,0,0,0.000000,SUCCESS,sigmoid,
2026-06-03T01:40:02,90.0,10.0,sensor2_serial,1,1,5,1,120,123,20.000,20.005,0,0,0,0.000000,SUCCESS,sigmoid,
2026-06-03T01:40:22,90.0,10.0,sensor2_serial,1,2,6,2,120,255,20.000,20.006,0,1797051,1797051,89827.829862,SUCCESS,sigmoid,
2026-06-03T01:40:42,90.0,10.0,sensor2_serial,1,2,6,2,120,254,20.000,20.005,0,1852862,1852862,92620.618935,SUCCESS,sigmoid,
2026-06-03T01:41:02,90.0,10.0,sensor2_serial,1,2,6,2,120,253,20.000,20.006,0,1879972,1879972,93972.640651,SUCCESS,sigmoid,
2026-06-03T01:41:22,90.0,10.0,sensor2_serial,1,2,6,2,120,252,20.000,20.005,0,2034797,2034797,101714.936012,SUCCESS,sigmoid,
2026-06-03T01:41:42,90.0,10.0,sensor2_serial,1,2,6,2,120,251,20.000,20.005,0,2120755,2120755,106008.645229,SUCCESS,sigmoid,
2026-06-03T01:42:02,90.0,10.0,sensor2_serial,1,2,6,2,120,250,20.000,20.005,0,2401067,2401067,120023.326312,SUCCESS,sigmoid,
2026-06-03T01:42:22,90.0,10.0,sensor2_serial,1,2,6,2,120,249,20.000,20.006,0,2697477,2697477,134835.493465,SUCCESS,sigmoid,
2026-06-03T01:42:42,90.0,10.0,sensor2_serial,1,2,6,2,120,248,20.000,20.006,0,3024836,3024836,151196.801124,SUCCESS,sigmoid,
2026-06-03T01:43:02,90.0,10.0,sensor2_serial,1,2,6,2,120,247,20.000,20.006,0,3050718,3050718,152492.709589,SUCCESS,sigmoid,
2026-06-03T01:43:23,90.0,10.0,sensor2_serial,1,2,6,2,120,246,20.000,20.005,0,2652660,2652660,132598.708299,SUCCESS,sigmoid,
2026-06-03T01:43:43,90.0,10.0,sensor2_serial,1,2,6,2,120,245,20.000,20.005,0,2257876,2257876,112865.048946,SUCCESS,sigmoid,
2026-06-03T01:44:03,90.0,10.0,sensor2_serial,1,2,6,2,120,244,20.000,20.005,0,1406431,1406431,70303.428149,SUCCESS,sigmoid,
2026-06-03T01:44:23,90.0,10.0,sensor2_serial,1,2,6,2,120,243,20.000,20.006,0,1122066,1122066,56086.844906,SUCCESS,sigmoid,
2026-06-03T01:44:43,90.0,10.0,sensor2_serial,1,2,6,2,120,242,20.000,20.006,0,678052,678052,33892.710494,SUCCESS,sigmoid,
2026-06-03T01:45:03,90.0,10.0,sensor2_serial,1,2,6,2,120,241,20.000,20.005,0,411567,411567,20572.789275,SUCCESS,sigmoid,
2026-06-03T01:45:23,90.0,10.0,sensor2_serial,1,2,6,2,120,240,20.000,20.006,0,180114,180114,9003.100259,SUCCESS,sigmoid,
2026-06-03T01:45:43,90.0,10.0,sensor2_serial,1,2,6,2,120,239,20.000,20.005,0,107333,107333,5365.266184,SUCCESS,sigmoid,
2026-06-03T01:46:03,90.0,10.0,sensor2_serial,1,2,6,2,120,238,20.000,20.005,0,41792,41792,2089.129557,SUCCESS,sigmoid,
2026-06-03T01:46:23,90.0,10.0,sensor2_serial,1,2,6,2,120,237,20.000,20.004,0,24179,24179,1208.686710,SUCCESS,sigmoid,
2026-06-03T01:46:43,90.0,10.0,sensor2_serial,1,2,6,2,120,236,20.000,20.005,0,10916,10916,545.663314,SUCCESS,sigmoid,
2026-06-03T01:47:03,90.0,10.0,sensor2_serial,1,2,6,2,120,235,20.000,20.005,0,5805,5805,290.173467,SUCCESS,sigmoid,
2026-06-03T01:47:23,90.0,10.0,sensor2_serial,1,2,6,2,120,234,20.000,20.006,0,2396,2396,119.765812,SUCCESS,sigmoid,
2026-06-03T01:47:43,90.0,10.0,sensor2_serial,1,2,6,2,120,233,20.000,20.005,0,1209,1209,60.434418,SUCCESS,sigmoid,
2026-06-03T01:48:03,90.0,10.0,sensor2_serial,1,2,6,2,120,232,20.000,20.006,0,484,484,24.193080,SUCCESS,sigmoid,
2026-06-03T01:48:23,90.0,10.0,sensor2_serial,1,2,6,2,120,231,20.000,20.005,0,239,239,11.947154,SUCCESS,sigmoid,
2026-06-03T01:48:43,90.0,10.0,sensor2_serial,1,2,6,2,120,230,20.000,20.005,0,183,183,9.147903,SUCCESS,sigmoid,
2026-06-03T01:49:04,90.0,10.0,sensor2_serial,1,2,6,2,120,229,20.000,20.006,0,178,178,8.897466,SUCCESS,sigmoid,
2026-06-03T01:49:24,90.0,10.0,sensor2_serial,1,2,6,2,120,228,20.000,20.005,0,166,166,8.297722,SUCCESS,sigmoid,
2026-06-03T01:49:44,90.0,10.0,sensor2_serial,1,2,6,2,120,227,20.000,20.005,0,160,160,7.998164,SUCCESS,sigmoid,
2026-06-03T01:50:04,90.0,10.0,sensor2_serial,1,2,6,2,120,226,20.000,20.006,0,136,136,6.798008,SUCCESS,sigmoid,
2026-06-03T01:50:24,90.0,10.0,sensor2_serial,1,2,6,2,120,225,20.000,20.006,0,162,162,8.097718,SUCCESS,sigmoid,
2026-06-03T01:50:44,90.0,10.0,sensor2_serial,1,2,6,2,120,224,20.000,20.005,0,147,147,7.348010,SUCCESS,sigmoid,
2026-06-03T01:51:04,90.0,10.0,sensor2_serial,1,2,6,2,120,223,20.000,20.005,0,155,155,7.747920,SUCCESS,sigmoid,
2026-06-03T01:51:24,90.0,10.0,sensor2_serial,1,2,6,2,120,222,20.000,20.005,0,162,162,8.097913,SUCCESS,sigmoid,
2026-06-03T01:51:44,90.0,10.0,sensor2_serial,1,2,6,2,120,221,20.000,20.005,0,151,151,7.548017,SUCCESS,sigmoid,
2026-06-03T01:52:04,90.0,10.0,sensor2_serial,1,2,6,2,120,220,20.000,20.006,0,164,164,8.197739,SUCCESS,sigmoid,
2026-06-03T01:52:24,90.0,10.0,sensor2_serial,1,2,6,2,120,219,20.000,20.005,0,157,157,7.847976,SUCCESS,sigmoid,
2026-06-03T01:52:44,90.0,10.0,sensor2_serial,1,2,6,2,120,218,20.000,20.005,0,131,131,6.548310,SUCCESS,sigmoid,
2026-06-03T01:53:04,90.0,10.0,sensor2_serial,1,2,6,2,120,217,20.000,20.005,0,154,154,7.698046,SUCCESS,sigmoid,
2026-06-03T01:53:24,90.0,10.0,sensor2_serial,1,2,6,2,120,216,20.000,20.006,0,138,138,6.897924,SUCCESS,sigmoid,
2026-06-03T01:53:44,90.0,10.0,sensor2_serial,1,2,6,2,120,215,20.000,20.005,0,182,182,9.097669,SUCCESS,sigmoid,
2026-06-03T01:54:04,90.0,10.0,sensor2_serial,1,2,6,2,120,214,20.000,20.006,0,161,161,8.047711,SUCCESS,sigmoid,
2026-06-03T01:54:24,90.0,10.0,sensor2_serial,1,2,6,2,120,213,20.000,20.006,0,137,137,6.848093,SUCCESS,sigmoid,
2026-06-03T01:54:45,90.0,10.0,sensor2_serial,1,2,6,2,120,212,20.000,20.006,0,154,154,7.697877,SUCCESS,sigmoid,
2026-06-03T01:55:05,90.0,10.0,sensor2_serial,1,2,6,2,120,211,20.000,20.006,0,135,135,6.748103,SUCCESS,sigmoid,
2026-06-03T01:55:25,90.0,10.0,sensor2_serial,1,2,6,2,120,210,20.000,20.005,0,173,173,8.647683,SUCCESS,sigmoid,
2026-06-03T01:55:45,90.0,10.0,sensor2_serial,1,2,6,2,120,209,20.000,20.005,0,124,124,6.198308,SUCCESS,sigmoid,
2026-06-03T01:56:05,90.0,10.0,sensor2_serial,1,2,6,2,120,208,20.000,20.006,0,183,183,9.147208,SUCCESS,sigmoid,
2026-06-03T01:56:25,90.0,10.0,sensor2_serial,1,2,6,2,120,207,20.000,20.006,0,158,158,7.897735,SUCCESS,sigmoid,
2026-06-03T01:56:45,90.0,10.0,sensor2_serial,1,2,6,2,120,206,20.000,20.006,0,153,153,7.647799,SUCCESS,sigmoid,
2026-06-03T01:57:05,90.0,10.0,sensor2_serial,1,2,6,2,120,205,20.000,20.005,0,162,162,8.097906,SUCCESS,sigmoid,
2026-06-03T01:57:25,90.0,10.0,sensor2_serial,1,2,6,2,120,204,20.000,20.005,0,132,132,6.598270,SUCCESS,sigmoid,
2026-06-03T01:57:45,90.0,10.0,sensor2_serial,1,2,6,2,120,203,20.000,20.006,0,128,128,6.398131,SUCCESS,sigmoid,
2026-06-03T01:58:05,90.0,10.0,sensor2_serial,1,2,6,2,120,202,20.000,20.005,0,139,139,6.948121,SUCCESS,sigmoid,
2026-06-03T01:58:25,90.0,10.0,sensor2_serial,1,2,6,2,120,201,20.000,20.006,0,175,175,8.747498,SUCCESS,sigmoid,
2026-06-03T01:58:45,90.0,10.0,sensor2_serial,1,2,6,2,120,200,20.000,20.005,0,153,153,7.648026,SUCCESS,sigmoid,
2026-06-03T01:59:05,90.0,10.0,sensor2_serial,1,2,6,2,120,199,20.000,20.005,0,137,137,6.848213,SUCCESS,sigmoid,
2026-06-03T01:59:25,90.0,10.0,sensor2_serial,1,2,6,2,120,198,20.000,20.005,0,129,129,6.448497,SUCCESS,sigmoid,
2026-06-03T01:59:45,90.0,10.0,sensor2_serial,1,2,6,2,120,197,20.000,20.005,0,146,146,7.298173,SUCCESS,sigmoid,
2026-06-03T02:00:06,90.0,10.0,sensor2_serial,1,2,6,2,120,196,20.000,20.005,0,135,135,6.748379,SUCCESS,sigmoid,
2026-06-03T02:00:26,90.0,10.0,sensor2_serial,1,2,6,2,120,195,20.000,20.005,0,151,151,7.547940,SUCCESS,sigmoid,
2026-06-03T02:00:46,90.0,10.0,sensor2_serial,1,2,6,2,120,194,20.000,20.005,0,139,139,6.948108,SUCCESS,sigmoid,
2026-06-03T02:01:06,90.0,10.0,sensor2_serial,1,2,6,2,120,193,20.000,20.005,0,169,169,8.447740,SUCCESS,sigmoid,
2026-06-03T02:01:26,90.0,10.0,sensor2_serial,1,2,6,2,120,192,20.000,20.006,0,132,132,6.598183,SUCCESS,sigmoid,
2026-06-03T02:01:46,90.0,10.0,sensor2_serial,1,2,6,2,120,191,20.000,20.006,0,151,151,7.547916,SUCCESS,sigmoid,
2026-06-03T02:02:06,90.0,10.0,sensor2_serial,1,2,6,2,120,190,20.000,20.005,0,120,120,5.998540,SUCCESS,sigmoid,
2026-06-03T02:02:26,90.0,10.0,sensor2_serial,1,2,6,2,120,189,20.000,20.006,0,150,150,7.497860,SUCCESS,sigmoid,
2026-06-03T02:02:46,90.0,10.0,sensor2_serial,1,2,6,2,120,188,20.000,20.005,0,149,149,7.448102,SUCCESS,sigmoid,
2026-06-03T02:03:06,90.0,10.0,sensor2_serial,1,2,6,2,120,187,20.000,20.005,0,146,146,7.298049,SUCCESS,sigmoid,
2026-06-03T02:03:26,90.0,10.0,sensor2_serial,1,2,6,2,120,186,20.000,20.005,0,117,117,5.848445,SUCCESS,sigmoid,
2026-06-03T02:03:46,90.0,10.0,sensor2_serial,1,2,6,2,120,185,20.000,20.006,0,123,123,6.148263,SUCCESS,sigmoid,
2026-06-03T02:04:06,90.0,10.0,sensor2_serial,1,2,6,2,120,184,20.000,20.005,0,127,127,6.348313,SUCCESS,sigmoid,
2026-06-03T02:04:26,90.0,10.0,sensor2_serial,1,2,6,2,120,183,20.000,20.005,0,142,142,7.098129,SUCCESS,sigmoid,
2026-06-03T02:04:46,90.0,10.0,sensor2_serial,1,2,6,2,120,182,20.000,20.005,0,126,126,6.298321,SUCCESS,sigmoid,
2026-06-03T02:05:06,90.0,10.0,sensor2_serial,1,2,6,2,120,181,20.000,20.005,0,128,128,6.398343,SUCCESS,sigmoid,
2026-06-03T02:05:26,90.0,10.0,sensor2_serial,1,2,6,2,120,180,20.000,20.006,0,121,121,6.048298,SUCCESS,sigmoid,
2026-06-03T02:05:47,90.0,10.0,sensor2_serial,1,2,6,2,120,179,20.000,20.005,0,134,134,6.698209,SUCCESS,sigmoid,
2026-06-03T02:06:07,90.0,10.0,sensor2_serial,1,2,6,2,120,178,20.000,20.005,0,121,121,6.048341,SUCCESS,sigmoid,
2026-06-03T02:06:27,90.0,10.0,sensor2_serial,1,2,6,2,120,177,20.000,20.005,0,96,96,4.798714,SUCCESS,sigmoid,
2026-06-03T02:06:47,90.0,10.0,sensor2_serial,1,2,6,2,120,176,20.000,20.006,0,116,116,5.798404,SUCCESS,sigmoid,
2026-06-03T02:07:07,90.0,10.0,sensor2_serial,1,2,6,2,120,175,20.000,20.004,0,110,110,5.498776,SUCCESS,sigmoid,
2026-06-03T02:07:27,90.0,10.0,sensor2_serial,1,2,6,2,120,174,20.000,20.005,0,119,119,5.948481,SUCCESS,sigmoid,
2026-06-03T02:07:47,90.0,10.0,sensor2_serial,1,2,6,2,120,173,20.000,20.005,0,113,113,5.648595,SUCCESS,sigmoid,
2026-06-03T02:08:07,90.0,10.0,sensor2_serial,1,2,6,2,120,172,20.000,20.006,0,111,111,5.548402,SUCCESS,sigmoid,
2026-06-03T02:08:27,90.0,10.0,sensor2_serial,1,2,6,2,120,171,20.000,20.005,0,112,112,5.598519,SUCCESS,sigmoid,
2026-06-03T02:08:47,90.0,10.0,sensor2_serial,1,2,6,2,120,170,20.000,20.005,0,105,105,5.248610,SUCCESS,sigmoid,
2026-06-03T02:09:07,90.0,10.0,sensor2_serial,1,2,6,2,120,169,20.000,20.006,0,97,97,4.848619,SUCCESS,sigmoid,
2026-06-03T02:09:27,90.0,10.0,sensor2_serial,1,2,6,2,120,168,20.000,20.006,0,97,97,4.848606,SUCCESS,sigmoid,
2026-06-03T02:09:47,90.0,10.0,sensor2_serial,1,2,6,2,120,167,20.000,20.005,0,94,94,4.698900,SUCCESS,sigmoid,
2026-06-03T02:10:07,90.0,10.0,sensor2_serial,1,2,6,2,120,166,20.000,20.005,0,98,98,4.898700,SUCCESS,sigmoid,
2026-06-03T02:10:27,90.0,10.0,sensor2_serial,1,2,6,2,120,165,20.000,20.005,0,89,89,4.448850,SUCCESS,sigmoid,
2026-06-03T02:10:47,90.0,10.0,sensor2_serial,1,2,6,2,120,164,20.000,20.006,0,69,69,3.449046,SUCCESS,sigmoid,
2026-06-03T02:11:07,90.0,10.0,sensor2_serial,1,2,6,2,120,163,20.000,20.005,0,92,92,4.598757,SUCCESS,sigmoid,
2026-06-03T02:11:28,90.0,10.0,sensor2_serial,1,2,6,2,120,162,20.000,20.004,0,80,80,3.999135,SUCCESS,sigmoid,
2026-06-03T02:11:48,90.0,10.0,sensor2_serial,1,2,6,2,120,161,20.000,20.005,0,81,81,4.048906,SUCCESS,sigmoid,
2026-06-03T02:12:08,90.0,10.0,sensor2_serial,1,2,6,2,120,160,20.000,20.005,0,90,90,4.498919,SUCCESS,sigmoid,
2026-06-03T02:12:28,90.0,10.0,sensor2_serial,1,2,6,2,120,159,20.000,20.005,0,76,76,3.799001,SUCCESS,sigmoid,
2026-06-03T02:12:48,90.0,10.0,sensor2_serial,1,2,6,2,120,158,20.000,20.006,0,56,56,2.799194,SUCCESS,sigmoid,
2026-06-03T02:13:08,90.0,10.0,sensor2_serial,1,2,6,2,120,157,20.000,20.006,0,73,73,3.648977,SUCCESS,sigmoid,
2026-06-03T02:13:28,90.0,10.0,sensor2_serial,1,2,6,2,120,156,20.000,20.005,0,69,69,3.449111,SUCCESS,sigmoid,
2026-06-03T02:13:48,90.0,10.0,sensor2_serial,1,2,6,2,120,155,20.000,20.005,0,50,50,2.499369,SUCCESS,sigmoid,
2026-06-03T02:14:08,90.0,10.0,sensor2_serial,1,2,6,2,120,154,20.000,20.006,0,53,53,2.649270,SUCCESS,sigmoid,
2026-06-03T02:14:28,90.0,10.0,sensor2_serial,1,2,6,2,120,153,20.000,20.005,0,55,55,2.749256,SUCCESS,sigmoid,
2026-06-03T02:14:48,90.0,10.0,sensor2_serial,1,2,6,2,120,152,20.000,20.006,0,43,43,2.149390,SUCCESS,sigmoid,
2026-06-03T02:15:08,90.0,10.0,sensor2_serial,1,2,6,2,120,151,20.000,20.005,0,43,43,2.149430,SUCCESS,sigmoid,
2026-06-03T02:15:28,90.0,10.0,sensor2_serial,1,2,6,2,120,150,20.000,20.006,0,35,35,1.749510,SUCCESS,sigmoid,
2026-06-03T02:15:48,90.0,10.0,sensor2_serial,1,2,6,2,120,149,20.000,20.005,0,40,40,1.999472,SUCCESS,sigmoid,
2026-06-03T02:16:08,90.0,10.0,sensor2_serial,1,2,6,2,120,148,20.000,20.006,0,30,30,1.499586,SUCCESS,sigmoid,
2026-06-03T02:16:28,90.0,10.0,sensor2_serial,1,2,6,2,120,147,20.000,20.005,0,29,29,1.449608,SUCCESS,sigmoid,
2026-06-03T02:16:48,90.0,10.0,sensor2_serial,1,2,6,2,120,146,20.000,20.005,0,28,28,1.399625,SUCCESS,sigmoid,
2026-06-03T02:17:09,90.0,10.0,sensor2_serial,1,2,6,2,120,145,20.000,20.005,0,28,28,1.399633,SUCCESS,sigmoid,
2026-06-03T02:17:29,90.0,10.0,sensor2_serial,1,2,6,2,120,144,20.000,20.005,0,27,27,1.349685,SUCCESS,sigmoid,
2026-06-03T02:17:49,90.0,10.0,sensor2_serial,1,2,6,2,120,143,20.000,20.005,0,18,18,0.899764,SUCCESS,sigmoid,
2026-06-03T02:18:09,90.0,10.0,sensor2_serial,1,2,6,2,120,142,20.000,20.004,0,20,20,0.999784,SUCCESS,sigmoid,
2026-06-03T02:18:29,90.0,10.0,sensor2_serial,1,2,6,2,120,141,20.000,20.006,0,17,17,0.849764,SUCCESS,sigmoid,
2026-06-03T02:18:49,90.0,10.0,sensor2_serial,1,2,6,2,120,140,20.000,20.005,0,17,17,0.849767,SUCCESS,sigmoid,
2026-06-03T02:19:09,90.0,10.0,sensor2_serial,1,2,6,2,120,139,20.000,20.005,0,11,11,0.549853,SUCCESS,sigmoid,
2026-06-03T02:19:29,90.0,10.0,sensor2_serial,1,2,6,2,120,138,20.000,20.005,0,12,12,0.599839,SUCCESS,sigmoid,
2026-06-03T02:19:49,90.0,10.0,sensor2_serial,1,2,6,2,120,137,20.000,20.005,0,14,14,0.699827,SUCCESS,sigmoid,
2026-06-03T02:20:09,90.0,10.0,sensor2_serial,1,2,6,2,120,136,20.000,20.005,0,8,8,0.399899,SUCCESS,sigmoid,
2026-06-03T02:20:29,90.0,10.0,sensor2_serial,1,2,6,2,120,135,20.000,20.005,0,5,5,0.249943,SUCCESS,sigmoid,
2026-06-03T02:20:49,90.0,10.0,sensor2_serial,1,2,6,2,120,134,20.000,20.005,0,9,9,0.449879,SUCCESS,sigmoid,
2026-06-03T02:21:09,90.0,10.0,sensor2_serial,1,2,6,2,120,133,20.000,20.005,0,3,3,0.149961,SUCCESS,sigmoid,
2026-06-03T02:21:29,90.0,10.0,sensor2_serial,1,2,6,2,120,132,20.000,20.005,0,2,2,0.099977,SUCCESS,sigmoid,
2026-06-03T02:21:49,90.0,10.0,sensor2_serial,1,2,6,2,120,131,20.000,20.005,0,1,1,0.049986,SUCCESS,sigmoid,
2026-06-03T02:22:09,90.0,10.0,sensor2_serial,1,2,6,2,120,130,20.000,20.005,0,4,4,0.199948,SUCCESS,sigmoid,
2026-06-03T02:22:30,90.0,10.0,sensor2_serial,1,2,6,2,120,129,20.000,20.005,0,1,1,0.049986,SUCCESS,sigmoid,
2026-06-03T02:22:50,90.0,10.0,sensor2_serial,1,2,6,2,120,128,20.000,20.005,0,0,0,0.000000,SUCCESS,sigmoid,
2026-06-03T02:23:10,90.0,10.0,sensor2_serial,1,2,6,2,120,127,20.000,20.005,0,1,1,0.049987,SUCCESS,sigmoid,
2026-06-03T02:23:30,90.0,10.0,sensor2_serial,1,2,6,2,120,126,20.000,20.005,0,5,5,0.249934,SUCCESS,sigmoid,
2026-06-03T02:23:50,90.0,10.0,sensor2_serial,1,2,6,2,120,125,20.000,20.005,0,0,0,0.000000,SUCCESS,sigmoid,
2026-06-03T02:24:10,90.0,10.0,sensor2_serial,1,2,6,2,120,124,20.000,20.005,0,1,1,0.049988,SUCCESS,sigmoid,
2026-06-03T02:24:30,90.0,10.0,sensor2_serial,1,2,6,2,120,123,20.000,20.005,0,1,1,0.049988,SUCCESS,sigmoid,
2026-06-03T02:24:50,90.0,10.0,sensor2_serial,1,2,6,2,120,122,20.000,20.005,0,2,2,0.099974,SUCCESS,sigmoid,
2026-06-03T02:25:10,90.0,10.0,sensor2_serial,1,2,6,2,120,121,20.000,20.006,0,0,0,0.000000,SUCCESS,sigmoid,
2026-06-03T02:25:30,90.0,10.0,sensor2_serial,1,2,6,2,120,120,20.000,20.005,0,0,0,0.000000,SUCCESS,sigmoid,
2026-06-03T02:26:04,91.0,9.0,sensor2_serial,1,0,4,0,120,255,20.000,20.006,0,3462407,3462407,173071.178488,SUCCESS,sigmoid,
2026-06-03T02:26:24,91.0,9.0,sensor2_serial,1,0,4,0,120,254,20.000,20.006,0,3505807,3505807,175242.072094,SUCCESS,sigmoid,
2026-06-03T02:26:44,91.0,9.0,sensor2_serial,1,0,4,0,120,253,20.000,20.006,0,3306178,3306178,165261.244066,SUCCESS,sigmoid,
2026-06-03T02:27:04,91.0,9.0,sensor2_serial,1,0,4,0,120,252,20.000,20.006,0,2705250,2705250,135224.774249,SUCCESS,sigmoid,
2026-06-03T02:27:24,91.0,9.0,sensor2_serial,1,0,4,0,120,251,20.000,20.005,0,1882910,1882910,94121.050272,SUCCESS,sigmoid,
2026-06-03T02:27:44,91.0,9.0,sensor2_serial,1,0,4,0,120,250,20.000,20.006,0,1185745,1185745,59270.736934,SUCCESS,sigmoid,
2026-06-03T02:28:04,91.0,9.0,sensor2_serial,1,0,4,0,120,249,20.000,20.006,0,796139,796139,39795.557284,SUCCESS,sigmoid,
2026-06-03T02:28:25,91.0,9.0,sensor2_serial,1,0,4,0,120,248,20.000,20.005,0,410634,410634,20526.375715,SUCCESS,sigmoid,
2026-06-03T02:28:45,91.0,9.0,sensor2_serial,1,0,4,0,120,247,20.000,20.005,0,295141,295141,14753.070934,SUCCESS,sigmoid,
2026-06-03T02:29:05,91.0,9.0,sensor2_serial,1,0,4,0,120,246,20.000,20.006,0,159355,159355,7965.514158,SUCCESS,sigmoid,
2026-06-03T02:29:25,91.0,9.0,sensor2_serial,1,0,4,0,120,245,20.000,20.005,0,69323,69323,3465.261317,SUCCESS,sigmoid,
2026-06-03T02:29:45,91.0,9.0,sensor2_serial,1,0,4,0,120,244,20.000,20.006,0,34287,34287,1713.866136,SUCCESS,sigmoid,
2026-06-03T02:30:05,91.0,9.0,sensor2_serial,1,0,4,0,120,243,20.000,20.006,0,34320,34320,1715.506797,SUCCESS,sigmoid,
2026-06-03T02:30:25,91.0,9.0,sensor2_serial,1,0,4,0,120,242,20.000,20.006,0,15087,15087,754.141646,SUCCESS,sigmoid,
2026-06-03T02:30:45,91.0,9.0,sensor2_serial,1,0,4,0,120,241,20.000,20.005,0,5221,5221,260.984684,SUCCESS,sigmoid,
2026-06-03T02:31:05,91.0,9.0,sensor2_serial,1,0,4,0,120,240,20.000,20.005,0,2508,2508,125.366494,SUCCESS,sigmoid,
2026-06-03T02:31:25,91.0,9.0,sensor2_serial,1,0,4,0,120,239,20.000,20.005,0,1217,1217,60.835538,SUCCESS,sigmoid,
2026-06-03T02:31:45,91.0,9.0,sensor2_serial,1,0,4,0,120,238,20.000,20.005,0,366,366,18.295143,SUCCESS,sigmoid,
2026-06-03T02:32:05,91.0,9.0,sensor2_serial,1,0,4,0,120,237,20.000,20.004,0,281,281,14.047028,SUCCESS,sigmoid,
2026-06-03T02:32:25,91.0,9.0,sensor2_serial,1,0,4,0,120,236,20.000,20.004,0,220,220,10.997945,SUCCESS,sigmoid,
2026-06-03T02:32:45,91.0,9.0,sensor2_serial,1,0,4,0,120,235,20.000,20.005,0,183,183,9.147897,SUCCESS,sigmoid,
2026-06-03T02:33:05,91.0,9.0,sensor2_serial,1,0,4,0,120,234,20.000,20.006,0,157,157,7.847834,SUCCESS,sigmoid,
2026-06-03T02:33:25,91.0,9.0,sensor2_serial,1,0,4,0,120,233,20.000,20.004,0,186,186,9.298264,SUCCESS,sigmoid,
2026-06-03T02:33:45,91.0,9.0,sensor2_serial,1,0,4,0,120,232,20.000,20.006,0,153,153,7.647894,SUCCESS,sigmoid,
2026-06-03T02:34:06,91.0,9.0,sensor2_serial,1,0,4,0,120,231,20.000,20.004,0,159,159,7.948397,SUCCESS,sigmoid,
2026-06-03T02:34:26,91.0,9.0,sensor2_serial,1,0,4,0,120,230,20.000,20.004,0,164,164,8.198218,SUCCESS,sigmoid,
2026-06-03T02:34:46,91.0,9.0,sensor2_serial,1,0,4,0,120,229,20.000,20.006,0,183,183,9.147459,SUCCESS,sigmoid,
2026-06-03T02:35:06,91.0,9.0,sensor2_serial,1,0,4,0,120,228,20.000,20.004,0,178,178,8.898055,SUCCESS,sigmoid,
2026-06-03T02:35:26,91.0,9.0,sensor2_serial,1,0,4,0,120,227,20.000,20.004,0,180,180,8.998066,SUCCESS,sigmoid,
2026-06-03T02:35:46,91.0,9.0,sensor2_serial,1,0,4,0,120,226,20.000,20.004,0,176,176,8.798289,SUCCESS,sigmoid,
2026-06-03T02:36:06,91.0,9.0,sensor2_serial,1,0,4,0,120,225,20.000,20.004,0,173,173,8.648147,SUCCESS,sigmoid,
2026-06-03T02:36:26,91.0,9.0,sensor2_serial,1,0,4,0,120,224,20.000,20.005,0,163,163,8.147817,SUCCESS,sigmoid,
2026-06-03T02:36:46,91.0,9.0,sensor2_serial,1,0,4,0,120,223,20.000,20.006,0,175,175,8.747514,SUCCESS,sigmoid,
2026-06-03T02:37:06,91.0,9.0,sensor2_serial,1,0,4,0,120,222,20.000,20.004,0,164,164,8.198198,SUCCESS,sigmoid,
2026-06-03T02:37:26,91.0,9.0,sensor2_serial,1,0,4,0,120,221,20.000,20.005,0,171,171,8.548074,SUCCESS,sigmoid,
2026-06-03T02:37:46,91.0,9.0,sensor2_serial,1,0,4,0,120,220,20.000,20.005,0,191,191,9.547802,SUCCESS,sigmoid,
2026-06-03T02:38:06,91.0,9.0,sensor2_serial,1,0,4,0,120,219,20.000,20.004,0,168,168,8.398190,SUCCESS,sigmoid,
2026-06-03T02:38:26,91.0,9.0,sensor2_serial,1,0,4,0,120,218,20.000,20.004,0,155,155,7.748406,SUCCESS,sigmoid,
2026-06-03T02:38:46,91.0,9.0,sensor2_serial,1,0,4,0,120,217,20.000,20.004,0,162,162,8.098212,SUCCESS,sigmoid,
2026-06-03T02:39:06,91.0,9.0,sensor2_serial,1,0,4,0,120,216,20.000,20.005,0,173,173,8.647670,SUCCESS,sigmoid,
2026-06-03T02:39:26,91.0,9.0,sensor2_serial,1,0,4,0,120,215,20.000,20.004,0,187,187,9.348174,SUCCESS,sigmoid,
2026-06-03T02:39:47,91.0,9.0,sensor2_serial,1,0,4,0,120,214,20.000,20.005,0,149,149,7.448028,SUCCESS,sigmoid,
2026-06-03T02:40:07,91.0,9.0,sensor2_serial,1,0,4,0,120,213,20.000,20.004,0,141,141,7.048693,SUCCESS,sigmoid,
2026-06-03T02:40:27,91.0,9.0,sensor2_serial,1,0,4,0,120,212,20.000,20.005,0,162,162,8.097796,SUCCESS,sigmoid,
2026-06-03T02:40:47,91.0,9.0,sensor2_serial,1,0,4,0,120,211,20.000,20.005,0,154,154,7.698025,SUCCESS,sigmoid,
2026-06-03T02:41:07,91.0,9.0,sensor2_serial,1,0,4,0,120,210,20.000,20.005,0,153,153,7.648276,SUCCESS,sigmoid,
2026-06-03T02:41:27,91.0,9.0,sensor2_serial,1,0,4,0,120,209,20.000,20.005,0,187,187,9.347872,SUCCESS,sigmoid,
2026-06-03T02:41:47,91.0,9.0,sensor2_serial,1,0,4,0,120,208,20.000,20.005,0,159,159,7.947950,SUCCESS,sigmoid,
2026-06-03T02:42:07,91.0,9.0,sensor2_serial,1,0,4,0,120,207,20.000,20.004,0,180,180,8.998023,SUCCESS,sigmoid,
2026-06-03T02:42:27,91.0,9.0,sensor2_serial,1,0,4,0,120,206,20.000,20.004,0,172,172,8.598089,SUCCESS,sigmoid,
2026-06-03T02:42:47,91.0,9.0,sensor2_serial,1,0,4,0,120,205,20.000,20.004,0,155,155,7.748433,SUCCESS,sigmoid,
2026-06-03T02:43:07,91.0,9.0,sensor2_serial,1,0,4,0,120,204,20.000,20.004,0,171,171,8.548174,SUCCESS,sigmoid,
2026-06-03T02:43:27,91.0,9.0,sensor2_serial,1,0,4,0,120,203,20.000,20.004,0,123,123,6.148742,SUCCESS,sigmoid,
2026-06-03T02:43:47,91.0,9.0,sensor2_serial,1,0,4,0,120,202,20.000,20.006,0,166,166,8.297690,SUCCESS,sigmoid,
2026-06-03T02:44:07,91.0,9.0,sensor2_serial,1,0,4,0,120,201,20.000,20.006,0,132,132,6.598172,SUCCESS,sigmoid,
2026-06-03T02:44:27,91.0,9.0,sensor2_serial,1,0,4,0,120,200,20.000,20.004,0,142,142,7.098436,SUCCESS,sigmoid,
2026-06-03T02:44:47,91.0,9.0,sensor2_serial,1,0,4,0,120,199,20.000,20.005,0,149,149,7.448178,SUCCESS,sigmoid,
2026-06-03T02:45:08,91.0,9.0,sensor2_serial,1,0,4,0,120,198,20.000,20.004,0,160,160,7.998321,SUCCESS,sigmoid,
2026-06-03T02:45:28,91.0,9.0,sensor2_serial,1,0,4,0,120,197,20.000,20.004,0,155,155,7.748390,SUCCESS,sigmoid,
2026-06-03T02:45:48,91.0,9.0,sensor2_serial,1,0,4,0,120,196,20.000,20.006,0,162,162,8.097697,SUCCESS,sigmoid,
2026-06-03T02:46:08,91.0,9.0,sensor2_serial,1,0,4,0,120,195,20.000,20.005,0,138,138,6.898187,SUCCESS,sigmoid,
2026-06-03T02:46:28,91.0,9.0,sensor2_serial,1,0,4,0,120,194,20.000,20.004,0,153,153,7.648430,SUCCESS,sigmoid,
2026-06-03T02:46:48,91.0,9.0,sensor2_serial,1,0,4,0,120,193,20.000,20.004,0,154,154,7.698268,SUCCESS,sigmoid,
2026-06-03T02:47:08,91.0,9.0,sensor2_serial,1,0,4,0,120,192,20.000,20.004,0,158,158,7.898303,SUCCESS,sigmoid,
2026-06-03T02:47:28,91.0,9.0,sensor2_serial,1,0,4,0,120,191,20.000,20.006,0,142,142,7.097911,SUCCESS,sigmoid,
2026-06-03T02:47:48,91.0,9.0,sensor2_serial,1,0,4,0,120,190,20.000,20.004,0,152,152,7.598497,SUCCESS,sigmoid,
2026-06-03T02:48:08,91.0,9.0,sensor2_serial,1,0,4,0,120,189,20.000,20.006,0,148,148,7.397962,SUCCESS,sigmoid,
2026-06-03T02:48:28,91.0,9.0,sensor2_serial,1,0,4,0,120,188,20.000,20.005,0,143,143,7.148123,SUCCESS,sigmoid,
2026-06-03T02:48:48,91.0,9.0,sensor2_serial,1,0,4,0,120,187,20.000,20.005,0,155,155,7.747873,SUCCESS,sigmoid,
2026-06-03T02:49:08,91.0,9.0,sensor2_serial,1,0,4,0,120,186,20.000,20.004,0,151,151,7.548607,SUCCESS,sigmoid,
2026-06-03T02:49:28,91.0,9.0,sensor2_serial,1,0,4,0,120,185,20.000,20.005,0,175,175,8.747645,SUCCESS,sigmoid,
2026-06-03T02:49:48,91.0,9.0,sensor2_serial,1,0,4,0,120,184,20.000,20.004,0,141,141,7.048484,SUCCESS,sigmoid,
2026-06-03T02:50:08,91.0,9.0,sensor2_serial,1,0,4,0,120,183,20.000,20.004,0,152,152,7.598383,SUCCESS,sigmoid,
2026-06-03T02:50:28,91.0,9.0,sensor2_serial,1,0,4,0,120,182,20.000,20.004,0,130,130,6.498600,SUCCESS,sigmoid,
2026-06-03T02:50:49,91.0,9.0,sensor2_serial,1,0,4,0,120,181,20.000,20.005,0,136,136,6.798444,SUCCESS,sigmoid,
2026-06-03T02:51:09,91.0,9.0,sensor2_serial,1,0,4,0,120,180,20.000,20.006,0,154,154,7.697882,SUCCESS,sigmoid,
2026-06-03T02:51:29,91.0,9.0,sensor2_serial,1,0,4,0,120,179,20.000,20.004,0,138,138,6.898500,SUCCESS,sigmoid,
2026-06-03T02:51:49,91.0,9.0,sensor2_serial,1,0,4,0,120,178,20.000,20.004,0,127,127,6.348671,SUCCESS,sigmoid,
2026-06-03T02:52:09,91.0,9.0,sensor2_serial,1,0,4,0,120,177,20.000,20.005,0,151,151,7.548243,SUCCESS,sigmoid,
2026-06-03T02:52:29,91.0,9.0,sensor2_serial,1,0,4,0,120,176,20.000,20.004,0,142,142,7.098425,SUCCESS,sigmoid,
2026-06-03T02:52:49,91.0,9.0,sensor2_serial,1,0,4,0,120,175,20.000,20.005,0,144,144,7.198091,SUCCESS,sigmoid,
2026-06-03T02:53:09,91.0,9.0,sensor2_serial,1,0,4,0,120,174,20.000,20.006,0,147,147,7.347867,SUCCESS,sigmoid,
2026-06-03T02:53:29,91.0,9.0,sensor2_serial,1,0,4,0,120,173,20.000,20.004,0,134,134,6.698614,SUCCESS,sigmoid,
2026-06-03T02:53:49,91.0,9.0,sensor2_serial,1,0,4,0,120,172,20.000,20.004,0,116,116,5.798923,SUCCESS,sigmoid,
2026-06-03T02:54:09,91.0,9.0,sensor2_serial,1,0,4,0,120,171,20.000,20.004,0,122,122,6.098702,SUCCESS,sigmoid,
2026-06-03T02:54:29,91.0,9.0,sensor2_serial,1,0,4,0,120,170,20.000,20.004,0,123,123,6.148641,SUCCESS,sigmoid,
2026-06-03T02:54:49,91.0,9.0,sensor2_serial,1,0,4,0,120,169,20.000,20.005,0,125,125,6.248300,SUCCESS,sigmoid,
2026-06-03T02:55:09,91.0,9.0,sensor2_serial,1,0,4,0,120,168,20.000,20.005,0,134,134,6.698472,SUCCESS,sigmoid,
2026-06-03T02:55:29,91.0,9.0,sensor2_serial,1,0,4,0,120,167,20.000,20.005,0,146,146,7.298206,SUCCESS,sigmoid,
2026-06-03T02:55:49,91.0,9.0,sensor2_serial,1,0,4,0,120,166,20.000,20.005,0,131,131,6.548457,SUCCESS,sigmoid,
2026-06-03T02:56:09,91.0,9.0,sensor2_serial,1,0,4,0,120,165,20.000,20.004,0,117,117,5.848686,SUCCESS,sigmoid,
2026-06-03T02:56:30,91.0,9.0,sensor2_serial,1,0,4,0,120,164,20.000,20.005,0,115,115,5.748662,SUCCESS,sigmoid,
2026-06-03T02:56:50,91.0,9.0,sensor2_serial,1,0,4,0,120,163,20.000,20.004,0,110,110,5.498983,SUCCESS,sigmoid,
2026-06-03T02:57:10,91.0,9.0,sensor2_serial,1,0,4,0,120,162,20.000,20.005,0,125,125,6.248375,SUCCESS,sigmoid,
2026-06-03T02:57:30,91.0,9.0,sensor2_serial,1,0,4,0,120,161,20.000,20.005,0,129,129,6.448510,SUCCESS,sigmoid,
2026-06-03T02:57:50,91.0,9.0,sensor2_serial,1,0,4,0,120,160,20.000,20.004,0,103,103,5.148999,SUCCESS,sigmoid,
2026-06-03T02:58:10,91.0,9.0,sensor2_serial,1,0,4,0,120,159,20.000,20.005,0,104,104,5.198612,SUCCESS,sigmoid,
2026-06-03T02:58:30,91.0,9.0,sensor2_serial,1,0,4,0,120,158,20.000,20.005,0,104,104,5.198619,SUCCESS,sigmoid,
2026-06-03T02:58:50,91.0,9.0,sensor2_serial,1,0,4,0,120,157,20.000,20.006,0,97,97,4.848449,SUCCESS,sigmoid,
2026-06-03T02:59:10,91.0,9.0,sensor2_serial,1,0,4,0,120,156,20.000,20.004,0,105,105,5.248858,SUCCESS,sigmoid,
2026-06-03T02:59:30,91.0,9.0,sensor2_serial,1,0,4,0,120,155,20.000,20.005,0,111,111,5.548721,SUCCESS,sigmoid,
2026-06-03T02:59:50,91.0,9.0,sensor2_serial,1,0,4,0,120,154,20.000,20.005,0,102,102,5.098828,SUCCESS,sigmoid,
2026-06-03T03:00:10,91.0,9.0,sensor2_serial,1,0,4,0,120,153,20.000,20.005,0,95,95,4.748716,SUCCESS,sigmoid,
2026-06-03T03:00:30,91.0,9.0,sensor2_serial,1,0,4,0,120,152,20.000,20.005,0,94,94,4.698730,SUCCESS,sigmoid,
2026-06-03T03:00:50,91.0,9.0,sensor2_serial,1,0,4,0,120,151,20.000,20.005,0,88,88,4.398883,SUCCESS,sigmoid,
2026-06-03T03:01:10,91.0,9.0,sensor2_serial,1,0,4,0,120,150,20.000,20.005,0,76,76,3.798994,SUCCESS,sigmoid,
2026-06-03T03:01:30,91.0,9.0,sensor2_serial,1,0,4,0,120,149,20.000,20.006,0,75,75,3.748958,SUCCESS,sigmoid,
2026-06-03T03:01:50,91.0,9.0,sensor2_serial,1,0,4,0,120,148,20.000,20.005,0,83,83,4.148941,SUCCESS,sigmoid,
2026-06-03T03:02:11,91.0,9.0,sensor2_serial,1,0,4,0,120,147,20.000,20.005,0,65,65,3.249115,SUCCESS,sigmoid,
2026-06-03T03:02:31,91.0,9.0,sensor2_serial,1,0,4,0,120,146,20.000,20.005,0,75,75,3.748971,SUCCESS,sigmoid,
2026-06-03T03:02:51,91.0,9.0,sensor2_serial,1,0,4,0,120,145,20.000,20.005,0,53,53,2.649272,SUCCESS,sigmoid,
2026-06-03T03:03:11,91.0,9.0,sensor2_serial,1,0,4,0,120,144,20.000,20.005,0,68,68,3.399118,SUCCESS,sigmoid,
2026-06-03T03:03:31,91.0,9.0,sensor2_serial,1,0,4,0,120,143,20.000,20.006,0,49,49,2.449305,SUCCESS,sigmoid,
2026-06-03T03:03:51,91.0,9.0,sensor2_serial,1,0,4,0,120,142,20.000,20.004,0,46,46,2.299537,SUCCESS,sigmoid,
2026-06-03T03:04:11,91.0,9.0,sensor2_serial,1,0,4,0,120,141,20.000,20.005,0,52,52,2.599302,SUCCESS,sigmoid,
2026-06-03T03:04:31,91.0,9.0,sensor2_serial,1,0,4,0,120,140,20.000,20.005,0,55,55,2.749266,SUCCESS,sigmoid,
2026-06-03T03:04:51,91.0,9.0,sensor2_serial,1,0,4,0,120,139,20.000,20.005,0,56,56,2.799290,SUCCESS,sigmoid,
2026-06-03T03:05:11,91.0,9.0,sensor2_serial,1,0,4,0,120,138,20.000,20.006,0,40,40,1.999397,SUCCESS,sigmoid,
2026-06-03T03:05:31,91.0,9.0,sensor2_serial,1,0,4,0,120,137,20.000,20.006,0,41,41,2.049416,SUCCESS,sigmoid,
2026-06-03T03:05:51,91.0,9.0,sensor2_serial,1,0,4,0,120,136,20.000,20.006,0,35,35,1.749439,SUCCESS,sigmoid,
2026-06-03T03:06:11,91.0,9.0,sensor2_serial,1,0,4,0,120,135,20.000,20.005,0,25,25,1.249677,SUCCESS,sigmoid,
2026-06-03T03:06:31,91.0,9.0,sensor2_serial,1,0,4,0,120,134,20.000,20.005,0,38,38,1.899496,SUCCESS,sigmoid,
2026-06-03T03:06:51,91.0,9.0,sensor2_serial,1,0,4,0,120,133,20.000,20.005,0,22,22,1.099716,SUCCESS,sigmoid,
2026-06-03T03:07:11,91.0,9.0,sensor2_serial,1,0,4,0,120,132,20.000,20.005,0,25,25,1.249667,SUCCESS,sigmoid,
2026-06-03T03:07:31,91.0,9.0,sensor2_serial,1,0,4,0,120,131,20.000,20.005,0,15,15,0.749801,SUCCESS,sigmoid,
2026-06-03T03:07:52,91.0,9.0,sensor2_serial,1,0,4,0,120,130,20.000,20.005,0,22,22,1.099734,SUCCESS,sigmoid,
2026-06-03T03:08:12,91.0,9.0,sensor2_serial,1,0,4,0,120,129,20.000,20.005,0,18,18,0.899759,SUCCESS,sigmoid,
2026-06-03T03:08:32,91.0,9.0,sensor2_serial,1,0,4,0,120,128,20.000,20.006,0,15,15,0.749788,SUCCESS,sigmoid,
2026-06-03T03:08:52,91.0,9.0,sensor2_serial,1,0,4,0,120,127,20.000,20.005,0,12,12,0.599846,SUCCESS,sigmoid,
2026-06-03T03:09:12,91.0,9.0,sensor2_serial,1,0,4,0,120,126,20.000,20.006,0,16,16,0.799769,SUCCESS,sigmoid,
2026-06-03T03:09:32,91.0,9.0,sensor2_serial,1,0,4,0,120,125,20.000,20.006,0,13,13,0.649802,SUCCESS,sigmoid,
2026-06-03T03:09:52,91.0,9.0,sensor2_serial,1,0,4,0,120,124,20.000,20.005,0,17,17,0.849780,SUCCESS,sigmoid,
2026-06-03T03:10:12,91.0,9.0,sensor2_serial,1,0,4,0,120,123,20.000,20.005,0,13,13,0.649827,SUCCESS,sigmoid,
2026-06-03T03:10:32,91.0,9.0,sensor2_serial,1,0,4,0,120,122,20.000,20.006,0,7,7,0.349900,SUCCESS,sigmoid,
2026-06-03T03:10:52,91.0,9.0,sensor2_serial,1,0,4,0,120,121,20.000,20.005,0,15,15,0.749820,SUCCESS,sigmoid,
2026-06-03T03:11:12,91.0,9.0,sensor2_serial,1,0,4,0,120,120,20.000,20.005,0,8,8,0.399894,SUCCESS,sigmoid,
2026-06-03T03:11:32,91.0,9.0,sensor2_serial,1,0,4,0,120,119,20.000,20.006,0,7,7,0.349902,SUCCESS,sigmoid,
2026-06-03T03:11:52,91.0,9.0,sensor2_serial,1,0,4,0,120,118,20.000,20.006,0,10,10,0.499851,SUCCESS,sigmoid,
2026-06-03T03:12:12,91.0,9.0,sensor2_serial,1,0,4,0,120,117,20.000,20.005,0,6,6,0.299919,SUCCESS,sigmoid,
2026-06-03T03:12:32,91.0,9.0,sensor2_serial,1,0,4,0,120,116,20.000,20.005,0,4,4,0.199949,SUCCESS,sigmoid,
2026-06-03T03:12:52,91.0,9.0,sensor2_serial,1,0,4,0,120,115,20.000,20.005,0,1,1,0.049986,SUCCESS,sigmoid,
2026-06-03T03:13:13,91.0,9.0,sensor2_serial,1,0,4,0,120,114,20.000,20.005,0,6,6,0.299924,SUCCESS,sigmoid,
2026-06-03T03:13:33,91.0,9.0,sensor2_serial,1,0,4,0,120,113,20.000,20.005,0,3,3,0.149962,SUCCESS,sigmoid,
2026-06-03T03:13:53,91.0,9.0,sensor2_serial,1,0,4,0,120,112,20.000,20.006,0,4,4,0.199943,SUCCESS,sigmoid,
2026-06-03T03:14:13,91.0,9.0,sensor2_serial,1,0,4,0,120,111,20.000,20.006,0,2,2,0.099971,SUCCESS,sigmoid,
2026-06-03T03:14:33,91.0,9.0,sensor2_serial,1,0,4,0,120,110,20.000,20.005,0,2,2,0.099973,SUCCESS,sigmoid,
2026-06-03T03:14:53,91.0,9.0,sensor2_serial,1,0,4,0,120,109,20.000,20.005,0,2,2,0.099973,SUCCESS,sigmoid,
2026-06-03T03:15:13,91.0,9.0,sensor2_serial,1,0,4,0,120,108,20.000,20.006,0,1,1,0.049986,SUCCESS,sigmoid,
2026-06-03T03:15:33,91.0,9.0,sensor2_serial,1,0,4,0,120,107,20.000,20.005,0,0,0,0.000000,SUCCESS,sigmoid,
2026-06-03T03:15:53,91.0,9.0,sensor2_serial,1,0,4,0,120,106,20.000,20.005,0,0,0,0.000000,SUCCESS,sigmoid,
2026-06-03T03:16:13,91.0,9.0,sensor2_serial,1,1,5,1,120,255,20.000,20.006,0,1728015,1728015,86376.882753,SUCCESS,sigmoid,
2026-06-03T03:16:33,91.0,9.0,sensor2_serial,1,1,5,1,120,254,20.000,20.005,0,1825966,1825966,91275.107488,SUCCESS,sigmoid,
2026-06-03T03:16:53,91.0,9.0,sensor2_serial,1,1,5,1,120,253,20.000,20.006,0,2039476,2039476,101942.288651,SUCCESS,sigmoid,
2026-06-03T03:17:13,91.0,9.0,sensor2_serial,1,1,5,1,120,252,20.000,20.005,0,2262620,2262620,113101.027973,SUCCESS,sigmoid,
2026-06-03T03:17:33,91.0,9.0,sensor2_serial,1,1,5,1,120,251,20.000,20.005,0,2414955,2414955,120716.739789,SUCCESS,sigmoid,
2026-06-03T03:17:53,91.0,9.0,sensor2_serial,1,1,5,1,120,250,20.000,20.005,0,2693212,2693212,134623.983903,SUCCESS,sigmoid,
2026-06-03T03:18:13,91.0,9.0,sensor2_serial,1,1,5,1,120,249,20.000,20.005,0,3004664,3004664,150192.014777,SUCCESS,sigmoid,
2026-06-03T03:18:33,91.0,9.0,sensor2_serial,1,1,5,1,120,248,20.000,20.006,0,3027701,3027701,151341.552380,SUCCESS,sigmoid,
2026-06-03T03:18:54,91.0,9.0,sensor2_serial,1,1,5,1,120,247,20.000,20.005,0,2766709,2766709,138299.702085,SUCCESS,sigmoid,
2026-06-03T03:19:14,91.0,9.0,sensor2_serial,1,1,5,1,120,246,20.000,20.005,0,2196834,2196834,109813.384652,SUCCESS,sigmoid,
2026-06-03T03:19:34,91.0,9.0,sensor2_serial,1,1,5,1,120,245,20.000,20.006,0,1512893,1512893,75622.068695,SUCCESS,sigmoid,
2026-06-03T03:19:54,91.0,9.0,sensor2_serial,1,1,5,1,120,244,20.000,20.006,0,941033,941033,47038.487692,SUCCESS,sigmoid,
2026-06-03T03:20:14,91.0,9.0,sensor2_serial,1,1,5,1,120,243,20.000,20.005,0,695521,695521,34766.636583,SUCCESS,sigmoid,
2026-06-03T03:20:34,91.0,9.0,sensor2_serial,1,1,5,1,120,242,20.000,20.005,0,375661,375661,18778.414611,SUCCESS,sigmoid,
2026-06-03T03:20:54,91.0,9.0,sensor2_serial,1,1,5,1,120,241,20.000,20.006,0,181161,181161,9055.557851,SUCCESS,sigmoid,
2026-06-03T03:21:14,91.0,9.0,sensor2_serial,1,1,5,1,120,240,20.000,20.005,0,82611,82611,4129.481621,SUCCESS,sigmoid,
2026-06-03T03:21:34,91.0,9.0,sensor2_serial,1,1,5,1,120,239,20.000,20.005,0,57355,57355,2866.969228,SUCCESS,sigmoid,
2026-06-03T03:21:54,91.0,9.0,sensor2_serial,1,1,5,1,120,238,20.000,20.004,0,23079,23079,1153.736956,SUCCESS,sigmoid,
2026-06-03T03:22:14,91.0,9.0,sensor2_serial,1,1,5,1,120,237,20.000,20.005,0,9507,9507,475.227791,SUCCESS,sigmoid,
2026-06-03T03:22:34,91.0,9.0,sensor2_serial,1,1,5,1,120,236,20.000,20.005,0,4104,4104,205.143986,SUCCESS,sigmoid,
2026-06-03T03:22:54,91.0,9.0,sensor2_serial,1,1,5,1,120,235,20.000,20.005,0,2907,2907,145.311089,SUCCESS,sigmoid,
2026-06-03T03:23:14,91.0,9.0,sensor2_serial,1,1,5,1,120,234,20.000,20.005,0,1197,1197,59.833603,SUCCESS,sigmoid,
2026-06-03T03:23:34,91.0,9.0,sensor2_serial,1,1,5,1,120,233,20.000,20.004,0,434,434,21.695268,SUCCESS,sigmoid,
2026-06-03T03:23:54,91.0,9.0,sensor2_serial,1,1,5,1,120,232,20.000,20.005,0,225,225,11.246936,SUCCESS,sigmoid,
2026-06-03T03:24:14,91.0,9.0,sensor2_serial,1,1,5,1,120,231,20.000,20.005,0,213,213,10.647568,SUCCESS,sigmoid,
2026-06-03T03:24:35,91.0,9.0,sensor2_serial,1,1,5,1,120,230,20.000,20.005,0,185,185,9.247476,SUCCESS,sigmoid,
2026-06-03T03:24:55,91.0,9.0,sensor2_serial,1,1,5,1,120,229,20.000,20.004,0,167,167,8.348261,SUCCESS,sigmoid,
2026-06-03T03:25:15,91.0,9.0,sensor2_serial,1,1,5,1,120,228,20.000,20.005,0,183,183,9.147896,SUCCESS,sigmoid,
2026-06-03T03:25:35,91.0,9.0,sensor2_serial,1,1,5,1,120,227,20.000,20.004,0,165,165,8.248240,SUCCESS,sigmoid,
2026-06-03T03:25:55,91.0,9.0,sensor2_serial,1,1,5,1,120,226,20.000,20.006,0,161,161,8.047739,SUCCESS,sigmoid,
2026-06-03T03:26:15,91.0,9.0,sensor2_serial,1,1,5,1,120,225,20.000,20.004,0,145,145,7.248487,SUCCESS,sigmoid,
2026-06-03T03:26:35,91.0,9.0,sensor2_serial,1,1,5,1,120,224,20.000,20.006,0,155,155,7.747847,SUCCESS,sigmoid,
2026-06-03T03:26:55,91.0,9.0,sensor2_serial,1,1,5,1,120,223,20.000,20.004,0,178,178,8.898127,SUCCESS,sigmoid,
2026-06-03T03:27:15,91.0,9.0,sensor2_serial,1,1,5,1,120,222,20.000,20.005,0,151,151,7.548017,SUCCESS,sigmoid,
2026-06-03T03:27:35,91.0,9.0,sensor2_serial,1,1,5,1,120,221,20.000,20.004,0,187,187,9.348312,SUCCESS,sigmoid,
2026-06-03T03:27:55,91.0,9.0,sensor2_serial,1,1,5,1,120,220,20.000,20.003,0,188,188,9.398381,SUCCESS,sigmoid,
2026-06-03T03:28:15,91.0,9.0,sensor2_serial,1,1,5,1,120,219,20.000,20.004,0,168,168,8.398250,SUCCESS,sigmoid,
2026-06-03T03:28:35,91.0,9.0,sensor2_serial,1,1,5,1,120,218,20.000,20.005,0,165,165,8.247854,SUCCESS,sigmoid,
2026-06-03T03:28:55,91.0,9.0,sensor2_serial,1,1,5,1,120,217,20.000,20.006,0,154,154,7.697788,SUCCESS,sigmoid,
2026-06-03T03:29:15,91.0,9.0,sensor2_serial,1,1,5,1,120,216,20.000,20.005,0,148,148,7.398095,SUCCESS,sigmoid,
2026-06-03T03:29:35,91.0,9.0,sensor2_serial,1,1,5,1,120,215,20.000,20.005,0,161,161,8.047866,SUCCESS,sigmoid,
2026-06-03T03:29:55,91.0,9.0,sensor2_serial,1,1,5,1,120,214,20.000,20.006,0,164,164,8.197445,SUCCESS,sigmoid,
2026-06-03T03:30:16,91.0,9.0,sensor2_serial,1,1,5,1,120,213,20.000,20.006,0,149,149,7.447849,SUCCESS,sigmoid,
2026-06-03T03:30:36,91.0,9.0,sensor2_serial,1,1,5,1,120,212,20.000,20.006,0,169,169,8.447643,SUCCESS,sigmoid,
2026-06-03T03:30:56,91.0,9.0,sensor2_serial,1,1,5,1,120,211,20.000,20.004,0,174,174,8.698476,SUCCESS,sigmoid,
2026-06-03T03:31:16,91.0,9.0,sensor2_serial,1,1,5,1,120,210,20.000,20.004,0,164,164,8.198208,SUCCESS,sigmoid,
2026-06-03T03:31:36,91.0,9.0,sensor2_serial,1,1,5,1,120,209,20.000,20.004,0,176,176,8.798338,SUCCESS,sigmoid,
2026-06-03T03:31:56,91.0,9.0,sensor2_serial,1,1,5,1,120,208,20.000,20.006,0,171,171,8.547630,SUCCESS,sigmoid,
2026-06-03T03:32:16,91.0,9.0,sensor2_serial,1,1,5,1,120,207,20.000,20.006,0,162,162,8.097611,SUCCESS,sigmoid,
2026-06-03T03:32:36,91.0,9.0,sensor2_serial,1,1,5,1,120,206,20.000,20.004,0,169,169,8.448211,SUCCESS,sigmoid,
2026-06-03T03:32:56,91.0,9.0,sensor2_serial,1,1,5,1,120,205,20.000,20.005,0,149,149,7.448043,SUCCESS,sigmoid,
2026-06-03T03:33:16,91.0,9.0,sensor2_serial,1,1,5,1,120,204,20.000,20.005,0,152,152,7.597983,SUCCESS,sigmoid,
2026-06-03T03:33:36,91.0,9.0,sensor2_serial,1,1,5,1,120,203,20.000,20.005,0,161,161,8.047957,SUCCESS,sigmoid,
2026-06-03T03:33:56,91.0,9.0,sensor2_serial,1,1,5,1,120,202,20.000,20.005,0,155,155,7.748243,SUCCESS,sigmoid,
2026-06-03T03:34:16,91.0,9.0,sensor2_serial,1,1,5,1,120,201,20.000,20.006,0,141,141,7.048012,SUCCESS,sigmoid,
2026-06-03T03:34:36,91.0,9.0,sensor2_serial,1,1,5,1,120,200,20.000,20.006,0,148,148,7.397912,SUCCESS,sigmoid,
2026-06-03T03:34:56,91.0,9.0,sensor2_serial,1,1,5,1,120,199,20.000,20.004,0,145,145,7.248469,SUCCESS,sigmoid,
2026-06-03T03:35:16,91.0,9.0,sensor2_serial,1,1,5,1,120,198,20.000,20.005,0,147,147,7.348344,SUCCESS,sigmoid,
2026-06-03T03:35:37,91.0,9.0,sensor2_serial,1,1,5,1,120,197,20.000,20.006,0,168,168,8.397690,SUCCESS,sigmoid,
2026-06-03T03:35:57,91.0,9.0,sensor2_serial,1,1,5,1,120,196,20.000,20.004,0,162,162,8.098227,SUCCESS,sigmoid,
2026-06-03T03:36:17,91.0,9.0,sensor2_serial,1,1,5,1,120,195,20.000,20.004,0,155,155,7.748333,SUCCESS,sigmoid,
2026-06-03T03:36:37,91.0,9.0,sensor2_serial,1,1,5,1,120,194,20.000,20.005,0,124,124,6.198527,SUCCESS,sigmoid,
2026-06-03T03:36:57,91.0,9.0,sensor2_serial,1,1,5,1,120,193,20.000,20.005,0,165,165,8.248080,SUCCESS,sigmoid,
2026-06-03T03:37:17,91.0,9.0,sensor2_serial,1,1,5,1,120,192,20.000,20.005,0,154,154,7.698156,SUCCESS,sigmoid,
2026-06-03T03:37:37,91.0,9.0,sensor2_serial,1,1,5,1,120,191,20.000,20.003,0,158,158,7.898650,SUCCESS,sigmoid,
2026-06-03T03:37:57,91.0,9.0,sensor2_serial,1,1,5,1,120,190,20.000,20.004,0,155,155,7.748284,SUCCESS,sigmoid,
2026-06-03T03:38:17,91.0,9.0,sensor2_serial,1,1,5,1,120,189,20.000,20.005,0,149,149,7.448259,SUCCESS,sigmoid,
2026-06-03T03:38:37,91.0,9.0,sensor2_serial,1,1,5,1,120,188,20.000,20.004,0,164,164,8.198211,SUCCESS,sigmoid,
2026-06-03T03:38:57,91.0,9.0,sensor2_serial,1,1,5,1,120,187,20.000,20.004,0,172,172,8.598281,SUCCESS,sigmoid,
2026-06-03T03:39:17,91.0,9.0,sensor2_serial,1,1,5,1,120,186,20.000,20.004,0,158,158,7.898282,SUCCESS,sigmoid,
2026-06-03T03:39:37,91.0,9.0,sensor2_serial,1,1,5,1,120,185,20.000,20.004,0,146,146,7.298489,SUCCESS,sigmoid,
2026-06-03T03:39:57,91.0,9.0,sensor2_serial,1,1,5,1,120,184,20.000,20.005,0,152,152,7.598002,SUCCESS,sigmoid,
2026-06-03T03:40:17,91.0,9.0,sensor2_serial,1,1,5,1,120,183,20.000,20.005,0,147,147,7.348054,SUCCESS,sigmoid,
2026-06-03T03:40:37,91.0,9.0,sensor2_serial,1,1,5,1,120,182,20.000,20.005,0,158,158,7.898213,SUCCESS,sigmoid,
2026-06-03T03:40:57,91.0,9.0,sensor2_serial,1,1,5,1,120,181,20.000,20.004,0,153,153,7.648389,SUCCESS,sigmoid,
2026-06-03T03:41:18,91.0,9.0,sensor2_serial,1,1,5,1,120,180,20.000,20.005,0,141,141,7.048190,SUCCESS,sigmoid,
2026-06-03T03:41:38,91.0,9.0,sensor2_serial,1,1,5,1,120,179,20.000,20.005,0,166,166,8.297784,SUCCESS,sigmoid,
2026-06-03T03:41:58,91.0,9.0,sensor2_serial,1,1,5,1,120,178,20.000,20.004,0,147,147,7.348427,SUCCESS,sigmoid,
2026-06-03T03:42:18,91.0,9.0,sensor2_serial,1,1,5,1,120,177,20.000,20.005,0,139,139,6.948122,SUCCESS,sigmoid,
2026-06-03T03:42:38,91.0,9.0,sensor2_serial,1,1,5,1,120,176,20.000,20.005,0,167,167,8.347748,SUCCESS,sigmoid,
2026-06-03T03:42:58,91.0,9.0,sensor2_serial,1,1,5,1,120,175,20.000,20.005,0,134,134,6.698268,SUCCESS,sigmoid,
2026-06-03T03:43:18,91.0,9.0,sensor2_serial,1,1,5,1,120,174,20.000,20.005,0,146,146,7.298067,SUCCESS,sigmoid,
2026-06-03T03:43:38,91.0,9.0,sensor2_serial,1,1,5,1,120,173,20.000,20.006,0,130,130,6.498181,SUCCESS,sigmoid,
2026-06-03T03:43:58,91.0,9.0,sensor2_serial,1,1,5,1,120,172,20.000,20.004,0,135,135,6.748792,SUCCESS,sigmoid,
2026-06-03T03:44:18,91.0,9.0,sensor2_serial,1,1,5,1,120,171,20.000,20.005,0,130,130,6.498259,SUCCESS,sigmoid,
2026-06-03T03:44:38,91.0,9.0,sensor2_serial,1,1,5,1,120,170,20.000,20.004,0,139,139,6.948475,SUCCESS,sigmoid,
2026-06-03T03:44:58,91.0,9.0,sensor2_serial,1,1,5,1,120,169,20.000,20.004,0,143,143,7.148515,SUCCESS,sigmoid,
2026-06-03T03:45:18,91.0,9.0,sensor2_serial,1,1,5,1,120,168,20.000,20.005,0,145,145,7.248322,SUCCESS,sigmoid,
2026-06-03T03:45:38,91.0,9.0,sensor2_serial,1,1,5,1,120,167,20.000,20.005,0,131,131,6.548523,SUCCESS,sigmoid,
2026-06-03T03:45:58,91.0,9.0,sensor2_serial,1,1,5,1,120,166,20.000,20.004,0,149,149,7.448381,SUCCESS,sigmoid,
2026-06-03T03:46:18,91.0,9.0,sensor2_serial,1,1,5,1,120,165,20.000,20.006,0,128,128,6.398125,SUCCESS,sigmoid,
2026-06-03T03:46:38,91.0,9.0,sensor2_serial,1,1,5,1,120,164,20.000,20.004,0,130,130,6.498847,SUCCESS,sigmoid,
2026-06-03T03:46:59,91.0,9.0,sensor2_serial,1,1,5,1,120,163,20.000,20.004,0,120,120,5.998937,SUCCESS,sigmoid,
2026-06-03T03:47:19,91.0,9.0,sensor2_serial,1,1,5,1,120,162,20.000,20.004,0,126,126,6.298670,SUCCESS,sigmoid,
2026-06-03T03:47:39,91.0,9.0,sensor2_serial,1,1,5,1,120,161,20.000,20.004,0,129,129,6.448758,SUCCESS,sigmoid,
2026-06-03T03:47:59,91.0,9.0,sensor2_serial,1,1,5,1,120,160,20.000,20.006,0,110,110,5.498317,SUCCESS,sigmoid,
2026-06-03T03:48:19,91.0,9.0,sensor2_serial,1,1,5,1,120,159,20.000,20.006,0,119,119,5.948321,SUCCESS,sigmoid,
2026-06-03T03:48:39,91.0,9.0,sensor2_serial,1,1,5,1,120,158,20.000,20.004,0,112,112,5.598848,SUCCESS,sigmoid,
2026-06-03T03:48:59,91.0,9.0,sensor2_serial,1,1,5,1,120,157,20.000,20.004,0,119,119,5.948771,SUCCESS,sigmoid,
2026-06-03T03:49:19,91.0,9.0,sensor2_serial,1,1,5,1,120,156,20.000,20.006,0,93,93,4.648670,SUCCESS,sigmoid,
2026-06-03T03:49:39,91.0,9.0,sensor2_serial,1,1,5,1,120,155,20.000,20.004,0,114,114,5.698772,SUCCESS,sigmoid,
2026-06-03T03:49:59,91.0,9.0,sensor2_serial,1,1,5,1,120,154,20.000,20.004,0,109,109,5.448824,SUCCESS,sigmoid,
2026-06-03T03:50:19,91.0,9.0,sensor2_serial,1,1,5,1,120,153,20.000,20.005,0,99,99,4.948719,SUCCESS,sigmoid,
2026-06-03T03:50:39,91.0,9.0,sensor2_serial,1,1,5,1,120,152,20.000,20.004,0,105,105,5.249024,SUCCESS,sigmoid,
2026-06-03T03:50:59,91.0,9.0,sensor2_serial,1,1,5,1,120,151,20.000,20.005,0,94,94,4.698731,SUCCESS,sigmoid,
2026-06-03T03:51:19,91.0,9.0,sensor2_serial,1,1,5,1,120,150,20.000,20.006,0,99,99,4.948626,SUCCESS,sigmoid,
2026-06-03T03:51:39,91.0,9.0,sensor2_serial,1,1,5,1,120,149,20.000,20.005,0,84,84,4.198927,SUCCESS,sigmoid,
2026-06-03T03:51:59,91.0,9.0,sensor2_serial,1,1,5,1,120,148,20.000,20.005,0,88,88,4.398852,SUCCESS,sigmoid,
2026-06-03T03:52:19,91.0,9.0,sensor2_serial,1,1,5,1,120,147,20.000,20.006,0,87,87,4.348802,SUCCESS,sigmoid,
2026-06-03T03:52:40,91.0,9.0,sensor2_serial,1,1,5,1,120,146,20.000,20.005,0,87,87,4.348849,SUCCESS,sigmoid,
2026-06-03T03:53:00,91.0,9.0,sensor2_serial,1,1,5,1,120,145,20.000,20.005,0,68,68,3.399100,SUCCESS,sigmoid,
2026-06-03T03:53:20,91.0,9.0,sensor2_serial,1,1,5,1,120,144,20.000,20.005,0,56,56,2.799334,SUCCESS,sigmoid,
2026-06-03T03:53:40,91.0,9.0,sensor2_serial,1,1,5,1,120,143,20.000,20.006,0,64,64,3.199106,SUCCESS,sigmoid,
2026-06-03T03:54:00,91.0,9.0,sensor2_serial,1,1,5,1,120,142,20.000,20.005,0,66,66,3.299117,SUCCESS,sigmoid,
2026-06-03T03:54:20,91.0,9.0,sensor2_serial,1,1,5,1,120,141,20.000,20.005,0,73,73,3.649008,SUCCESS,sigmoid,
2026-06-03T03:54:40,91.0,9.0,sensor2_serial,1,1,5,1,120,140,20.000,20.005,0,63,63,3.149176,SUCCESS,sigmoid,
2026-06-03T03:55:00,91.0,9.0,sensor2_serial,1,1,5,1,120,139,20.000,20.005,0,66,66,3.299146,SUCCESS,sigmoid,
2026-06-03T03:55:20,91.0,9.0,sensor2_serial,1,1,5,1,120,138,20.000,20.006,0,50,50,2.499287,SUCCESS,sigmoid,
2026-06-03T03:55:40,91.0,9.0,sensor2_serial,1,1,5,1,120,137,20.000,20.006,0,54,54,2.699143,SUCCESS,sigmoid,
2026-06-03T03:56:00,91.0,9.0,sensor2_serial,1,1,5,1,120,136,20.000,20.005,0,45,45,2.249475,SUCCESS,sigmoid,
2026-06-03T03:56:20,91.0,9.0,sensor2_serial,1,1,5,1,120,135,20.000,20.006,0,33,33,1.649521,SUCCESS,sigmoid,
2026-06-03T03:56:40,91.0,9.0,sensor2_serial,1,1,5,1,120,134,20.000,20.006,0,39,39,1.949407,SUCCESS,sigmoid,
2026-06-03T03:57:00,91.0,9.0,sensor2_serial,1,1,5,1,120,133,20.000,20.005,0,34,34,1.699562,SUCCESS,sigmoid,
2026-06-03T03:57:20,91.0,9.0,sensor2_serial,1,1,5,1,120,132,20.000,20.006,0,30,30,1.499572,SUCCESS,sigmoid,
2026-06-03T03:57:40,91.0,9.0,sensor2_serial,1,1,5,1,120,131,20.000,20.005,0,28,28,1.399632,SUCCESS,sigmoid,
2026-06-03T03:58:00,91.0,9.0,sensor2_serial,1,1,5,1,120,130,20.000,20.005,0,22,22,1.099706,SUCCESS,sigmoid,
2026-06-03T03:58:21,91.0,9.0,sensor2_serial,1,1,5,1,120,129,20.000,20.006,0,25,25,1.249632,SUCCESS,sigmoid,
2026-06-03T03:58:41,91.0,9.0,sensor2_serial,1,1,5,1,120,128,20.000,20.005,0,25,25,1.249669,SUCCESS,sigmoid,
2026-06-03T03:59:01,91.0,9.0,sensor2_serial,1,1,5,1,120,127,20.000,20.007,0,19,19,0.949680,SUCCESS,sigmoid,
2026-06-03T03:59:21,91.0,9.0,sensor2_serial,1,1,5,1,120,126,20.000,20.006,0,20,20,0.999725,SUCCESS,sigmoid,
2026-06-03T03:59:41,91.0,9.0,sensor2_serial,1,1,5,1,120,125,20.000,20.005,0,16,16,0.799815,SUCCESS,sigmoid,
2026-06-03T04:00:01,91.0,9.0,sensor2_serial,1,1,5,1,120,124,20.000,20.005,0,12,12,0.599841,SUCCESS,sigmoid,
2026-06-03T04:00:21,91.0,9.0,sensor2_serial,1,1,5,1,120,123,20.000,20.005,0,11,11,0.549861,SUCCESS,sigmoid,
2026-06-03T04:00:41,91.0,9.0,sensor2_serial,1,1,5,1,120,122,20.000,20.005,0,13,13,0.649822,SUCCESS,sigmoid,
2026-06-03T04:01:01,91.0,9.0,sensor2_serial,1,1,5,1,120,121,20.000,20.005,0,7,7,0.349910,SUCCESS,sigmoid,
2026-06-03T04:01:21,91.0,9.0,sensor2_serial,1,1,5,1,120,120,20.000,20.005,0,13,13,0.649823,SUCCESS,sigmoid,
2026-06-03T04:01:41,91.0,9.0,sensor2_serial,1,1,5,1,120,119,20.000,20.006,0,4,4,0.199943,SUCCESS,sigmoid,
2026-06-03T04:02:01,91.0,9.0,sensor2_serial,1,1,5,1,120,118,20.000,20.006,0,12,12,0.599811,SUCCESS,sigmoid,
2026-06-03T04:02:21,91.0,9.0,sensor2_serial,1,1,5,1,120,117,20.000,20.006,0,7,7,0.349902,SUCCESS,sigmoid,
2026-06-03T04:02:41,91.0,9.0,sensor2_serial,1,1,5,1,120,116,20.000,20.005,0,12,12,0.599841,SUCCESS,sigmoid,
2026-06-03T04:03:01,91.0,9.0,sensor2_serial,1,1,5,1,120,115,20.000,20.005,0,3,3,0.149961,SUCCESS,sigmoid,
2026-06-03T04:03:21,91.0,9.0,sensor2_serial,1,1,5,1,120,114,20.000,20.006,0,2,2,0.099972,SUCCESS,sigmoid,
2026-06-03T04:03:41,91.0,9.0,sensor2_serial,1,1,5,1,120,113,20.000,20.005,0,2,2,0.099976,SUCCESS,sigmoid,
2026-06-03T04:04:02,91.0,9.0,sensor2_serial,1,1,5,1,120,112,20.000,20.005,0,2,2,0.099975,SUCCESS,sigmoid,
2026-06-03T04:04:22,91.0,9.0,sensor2_serial,1,1,5,1,120,111,20.000,20.005,0,1,1,0.049987,SUCCESS,sigmoid,
2026-06-03T04:04:42,91.0,9.0,sensor2_serial,1,1,5,1,120,110,20.000,20.005,0,0,0,0.000000,SUCCESS,sigmoid,
2026-06-03T04:05:02,91.0,9.0,sensor2_serial,1,1,5,1,120,109,20.000,20.005,0,0,0,0.000000,SUCCESS,sigmoid,
2026-06-03T04:05:22,91.0,9.0,sensor2_serial,1,2,6,2,120,255,20.000,20.005,0,1840756,1840756,92013.518221,SUCCESS,sigmoid,
2026-06-03T04:05:42,91.0,9.0,sensor2_serial,1,2,6,2,120,254,20.000,20.006,0,1803406,1803406,90143.000084,SUCCESS,sigmoid,
2026-06-03T04:06:02,91.0,9.0,sensor2_serial,1,2,6,2,120,253,20.000,20.006,0,1829063,1829063,91425.766763,SUCCESS,sigmoid,
2026-06-03T04:06:22,91.0,9.0,sensor2_serial,1,2,6,2,120,252,20.000,20.006,0,2057601,2057601,102850.759030,SUCCESS,sigmoid,
2026-06-03T04:06:42,91.0,9.0,sensor2_serial,1,2,6,2,120,251,20.000,20.005,0,2132255,2132255,106585.523616,SUCCESS,sigmoid,
2026-06-03T04:07:02,91.0,9.0,sensor2_serial,1,2,6,2,120,250,20.000,20.006,0,2437630,2437630,121847.510669,SUCCESS,sigmoid,
2026-06-03T04:07:22,91.0,9.0,sensor2_serial,1,2,6,2,120,249,20.000,20.006,0,2724708,2724708,136197.342843,SUCCESS,sigmoid,
2026-06-03T04:07:42,91.0,9.0,sensor2_serial,1,2,6,2,120,248,20.000,20.005,0,3000210,3000210,149970.410673,SUCCESS,sigmoid,
2026-06-03T04:08:02,91.0,9.0,sensor2_serial,1,2,6,2,120,247,20.000,20.006,0,3078607,3078607,153884.857463,SUCCESS,sigmoid,
2026-06-03T04:08:22,91.0,9.0,sensor2_serial,1,2,6,2,120,246,20.000,20.005,0,2655363,2655363,132732.657505,SUCCESS,sigmoid,
2026-06-03T04:08:42,91.0,9.0,sensor2_serial,1,2,6,2,120,245,20.000,20.006,0,2211583,2211583,110548.158433,SUCCESS,sigmoid,
2026-06-03T04:09:02,91.0,9.0,sensor2_serial,1,2,6,2,120,244,20.000,20.006,0,1504553,1504553,75206.935523,SUCCESS,sigmoid,
2026-06-03T04:09:23,91.0,9.0,sensor2_serial,1,2,6,2,120,243,20.000,20.006,0,1088045,1088045,54387.278374,SUCCESS,sigmoid,
2026-06-03T04:09:43,91.0,9.0,sensor2_serial,1,2,6,2,120,242,20.000,20.006,0,569853,569853,28484.283603,SUCCESS,sigmoid,
2026-06-03T04:10:03,91.0,9.0,sensor2_serial,1,2,6,2,120,241,20.000,20.005,0,389346,389346,19461.992189,SUCCESS,sigmoid,
2026-06-03T04:10:23,91.0,9.0,sensor2_serial,1,2,6,2,120,240,20.000,20.005,0,181846,181846,9089.887150,SUCCESS,sigmoid,
2026-06-03T04:10:43,91.0,9.0,sensor2_serial,1,2,6,2,120,239,20.000,20.006,0,111303,111303,5563.448456,SUCCESS,sigmoid,
2026-06-03T04:11:03,91.0,9.0,sensor2_serial,1,2,6,2,120,238,20.000,20.005,0,51699,51699,2584.242435,SUCCESS,sigmoid,
2026-06-03T04:11:23,91.0,9.0,sensor2_serial,1,2,6,2,120,237,20.000,20.005,0,31517,31517,1575.446363,SUCCESS,sigmoid,
2026-06-03T04:11:43,91.0,9.0,sensor2_serial,1,2,6,2,120,236,20.000,20.005,0,8406,8406,420.188689,SUCCESS,sigmoid,
2026-06-03T04:12:03,91.0,9.0,sensor2_serial,1,2,6,2,120,235,20.000,20.005,0,5317,5317,265.778193,SUCCESS,sigmoid,
2026-06-03T04:12:23,91.0,9.0,sensor2_serial,1,2,6,2,120,234,20.000,20.004,0,2930,2930,146.469104,SUCCESS,sigmoid,
2026-06-03T04:12:43,91.0,9.0,sensor2_serial,1,2,6,2,120,233,20.000,20.005,0,1338,1338,66.882162,SUCCESS,sigmoid,
2026-06-03T04:13:03,91.0,9.0,sensor2_serial,1,2,6,2,120,232,20.000,20.005,0,588,588,29.393107,SUCCESS,sigmoid,
2026-06-03T04:13:23,91.0,9.0,sensor2_serial,1,2,6,2,120,231,20.000,20.005,0,244,244,12.197177,SUCCESS,sigmoid,
2026-06-03T04:13:43,91.0,9.0,sensor2_serial,1,2,6,2,120,230,20.000,20.005,0,180,180,8.997720,SUCCESS,sigmoid,
2026-06-03T04:14:03,91.0,9.0,sensor2_serial,1,2,6,2,120,229,20.000,20.005,0,211,211,10.547553,SUCCESS,sigmoid,
2026-06-03T04:14:23,91.0,9.0,sensor2_serial,1,2,6,2,120,228,20.000,20.005,0,168,168,8.397887,SUCCESS,sigmoid,
2026-06-03T04:14:43,91.0,9.0,sensor2_serial,1,2,6,2,120,227,20.000,20.006,0,184,184,9.197454,SUCCESS,sigmoid,
2026-06-03T04:15:04,91.0,9.0,sensor2_serial,1,2,6,2,120,226,20.000,20.005,0,151,151,7.547974,SUCCESS,sigmoid,
2026-06-03T04:15:24,91.0,9.0,sensor2_serial,1,2,6,2,120,225,20.000,20.006,0,151,151,7.547887,SUCCESS,sigmoid,
2026-06-03T04:15:44,91.0,9.0,sensor2_serial,1,2,6,2,120,224,20.000,20.005,0,185,185,9.247692,SUCCESS,sigmoid,
2026-06-03T04:16:04,91.0,9.0,sensor2_serial,1,2,6,2,120,223,20.000,20.005,0,182,182,9.097627,SUCCESS,sigmoid,
2026-06-03T04:16:24,91.0,9.0,sensor2_serial,1,2,6,2,120,222,20.000,20.004,0,176,176,8.798067,SUCCESS,sigmoid,
2026-06-03T04:16:44,91.0,9.0,sensor2_serial,1,2,6,2,120,221,20.000,20.005,0,162,162,8.098165,SUCCESS,sigmoid,
2026-06-03T04:17:04,91.0,9.0,sensor2_serial,1,2,6,2,120,220,20.000,20.004,0,156,156,7.798394,SUCCESS,sigmoid,
2026-06-03T04:17:24,91.0,9.0,sensor2_serial,1,2,6,2,120,219,20.000,20.004,0,160,160,7.998220,SUCCESS,sigmoid,
2026-06-03T04:17:44,91.0,9.0,sensor2_serial,1,2,6,2,120,218,20.000,20.004,0,137,137,6.848468,SUCCESS,sigmoid,
2026-06-03T04:18:04,91.0,9.0,sensor2_serial,1,2,6,2,120,217,20.000,20.006,0,169,169,8.447611,SUCCESS,sigmoid,
2026-06-03T04:18:24,91.0,9.0,sensor2_serial,1,2,6,2,120,216,20.000,20.006,0,149,149,7.447842,SUCCESS,sigmoid,
2026-06-03T04:18:44,91.0,9.0,sensor2_serial,1,2,6,2,120,215,20.000,20.004,0,160,160,7.998232,SUCCESS,sigmoid,
2026-06-03T04:19:04,91.0,9.0,sensor2_serial,1,2,6,2,120,214,20.000,20.006,0,168,168,8.397603,SUCCESS,sigmoid,
2026-06-03T04:19:24,91.0,9.0,sensor2_serial,1,2,6,2,120,213,20.000,20.005,0,166,166,8.297800,SUCCESS,sigmoid,
2026-06-03T04:19:44,91.0,9.0,sensor2_serial,1,2,6,2,120,212,20.000,20.005,0,165,165,8.247790,SUCCESS,sigmoid,
2026-06-03T04:20:04,91.0,9.0,sensor2_serial,1,2,6,2,120,211,20.000,20.006,0,158,158,7.897594,SUCCESS,sigmoid,
2026-06-03T04:20:24,91.0,9.0,sensor2_serial,1,2,6,2,120,210,20.000,20.005,0,150,150,7.498015,SUCCESS,sigmoid,
2026-06-03T04:20:45,91.0,9.0,sensor2_serial,1,2,6,2,120,209,20.000,20.005,0,175,175,8.747619,SUCCESS,sigmoid,
2026-06-03T04:21:05,91.0,9.0,sensor2_serial,1,2,6,2,120,208,20.000,20.005,0,179,179,8.947620,SUCCESS,sigmoid,
2026-06-03T04:21:25,91.0,9.0,sensor2_serial,1,2,6,2,120,207,20.000,20.005,0,162,162,8.098114,SUCCESS,sigmoid,
2026-06-03T04:21:45,91.0,9.0,sensor2_serial,1,2,6,2,120,206,20.000,20.004,0,138,138,6.898582,SUCCESS,sigmoid,
2026-06-03T04:22:05,91.0,9.0,sensor2_serial,1,2,6,2,120,205,20.000,20.005,0,158,158,7.898123,SUCCESS,sigmoid,
2026-06-03T04:22:25,91.0,9.0,sensor2_serial,1,2,6,2,120,204,20.000,20.005,0,159,159,7.947906,SUCCESS,sigmoid,
2026-06-03T04:22:45,91.0,9.0,sensor2_serial,1,2,6,2,120,203,20.000,20.004,0,162,162,8.098221,SUCCESS,sigmoid,
2026-06-03T04:23:05,91.0,9.0,sensor2_serial,1,2,6,2,120,202,20.000,20.004,0,145,145,7.248369,SUCCESS,sigmoid,
2026-06-03T04:23:25,91.0,9.0,sensor2_serial,1,2,6,2,120,201,20.000,20.003,0,175,175,8.748492,SUCCESS,sigmoid,
2026-06-03T04:23:45,91.0,9.0,sensor2_serial,1,2,6,2,120,200,20.000,20.006,0,140,140,6.998007,SUCCESS,sigmoid,
2026-06-03T04:24:05,91.0,9.0,sensor2_serial,1,2,6,2,120,199,20.000,20.004,0,140,140,6.998445,SUCCESS,sigmoid,
2026-06-03T04:24:25,91.0,9.0,sensor2_serial,1,2,6,2,120,198,20.000,20.004,0,163,163,8.148452,SUCCESS,sigmoid,
2026-06-03T04:24:45,91.0,9.0,sensor2_serial,1,2,6,2,120,197,20.000,20.005,0,146,146,7.298031,SUCCESS,sigmoid,
2026-06-03T04:25:05,91.0,9.0,sensor2_serial,1,2,6,2,120,196,20.000,20.005,0,135,135,6.748455,SUCCESS,sigmoid,
2026-06-03T04:25:25,91.0,9.0,sensor2_serial,1,2,6,2,120,195,20.000,20.004,0,160,160,7.998536,SUCCESS,sigmoid,
2026-06-03T04:25:45,91.0,9.0,sensor2_serial,1,2,6,2,120,194,20.000,20.004,0,140,140,6.998679,SUCCESS,sigmoid,
2026-06-03T04:26:05,91.0,9.0,sensor2_serial,1,2,6,2,120,193,20.000,20.006,0,158,158,7.897743,SUCCESS,sigmoid,
2026-06-03T04:26:26,91.0,9.0,sensor2_serial,1,2,6,2,120,192,20.000,20.005,0,163,163,8.147895,SUCCESS,sigmoid,
2026-06-03T04:26:46,91.0,9.0,sensor2_serial,1,2,6,2,120,191,20.000,20.005,0,195,195,9.747807,SUCCESS,sigmoid,
2026-06-03T04:27:06,91.0,9.0,sensor2_serial,1,2,6,2,120,190,20.000,20.005,0,136,136,6.798195,SUCCESS,sigmoid,
2026-06-03T04:27:26,91.0,9.0,sensor2_serial,1,2,6,2,120,189,20.000,20.005,0,134,134,6.698161,SUCCESS,sigmoid,
2026-06-03T04:27:46,91.0,9.0,sensor2_serial,1,2,6,2,120,188,20.000,20.004,0,164,164,8.198269,SUCCESS,sigmoid,
2026-06-03T04:28:06,91.0,9.0,sensor2_serial,1,2,6,2,120,187,20.000,20.004,0,162,162,8.098281,SUCCESS,sigmoid,
2026-06-03T04:28:26,91.0,9.0,sensor2_serial,1,2,6,2,120,186,20.000,20.005,0,170,170,8.498068,SUCCESS,sigmoid,
2026-06-03T04:28:46,91.0,9.0,sensor2_serial,1,2,6,2,120,185,20.000,20.004,0,159,159,7.948530,SUCCESS,sigmoid,
2026-06-03T04:29:06,91.0,9.0,sensor2_serial,1,2,6,2,120,184,20.000,20.004,0,171,171,8.548109,SUCCESS,sigmoid,
2026-06-03T04:29:26,91.0,9.0,sensor2_serial,1,2,6,2,120,183,20.000,20.005,0,139,139,6.948267,SUCCESS,sigmoid,
2026-06-03T04:29:46,91.0,9.0,sensor2_serial,1,2,6,2,120,182,20.000,20.004,0,181,181,9.048063,SUCCESS,sigmoid,
2026-06-03T04:30:06,91.0,9.0,sensor2_serial,1,2,6,2,120,181,20.000,20.005,0,157,157,7.847998,SUCCESS,sigmoid,
2026-06-03T04:30:26,91.0,9.0,sensor2_serial,1,2,6,2,120,180,20.000,20.005,0,123,123,6.148583,SUCCESS,sigmoid,
2026-06-03T04:30:46,91.0,9.0,sensor2_serial,1,2,6,2,120,179,20.000,20.005,0,144,144,7.198214,SUCCESS,sigmoid,
2026-06-03T04:31:06,91.0,9.0,sensor2_serial,1,2,6,2,120,178,20.000,20.005,0,149,149,7.448127,SUCCESS,sigmoid,
2026-06-03T04:31:26,91.0,9.0,sensor2_serial,1,2,6,2,120,177,20.000,20.005,0,172,172,8.598033,SUCCESS,sigmoid,
2026-06-03T04:31:47,91.0,9.0,sensor2_serial,1,2,6,2,120,176,20.000,20.005,0,133,133,6.648490,SUCCESS,sigmoid,
2026-06-03T04:32:07,91.0,9.0,sensor2_serial,1,2,6,2,120,175,20.000,20.004,0,126,126,6.298657,SUCCESS,sigmoid,
2026-06-03T04:32:27,91.0,9.0,sensor2_serial,1,2,6,2,120,174,20.000,20.006,0,125,125,6.248275,SUCCESS,sigmoid,
2026-06-03T04:32:47,91.0,9.0,sensor2_serial,1,2,6,2,120,173,20.000,20.006,0,165,165,8.247730,SUCCESS,sigmoid,
2026-06-03T04:33:07,91.0,9.0,sensor2_serial,1,2,6,2,120,172,20.000,20.004,0,171,171,8.548158,SUCCESS,sigmoid,
2026-06-03T04:33:27,91.0,9.0,sensor2_serial,1,2,6,2,120,171,20.000,20.004,0,166,166,8.298416,SUCCESS,sigmoid,
2026-06-03T04:33:47,91.0,9.0,sensor2_serial,1,2,6,2,120,170,20.000,20.006,0,148,148,7.397915,SUCCESS,sigmoid,
2026-06-03T04:34:07,91.0,9.0,sensor2_serial,1,2,6,2,120,169,20.000,20.005,0,122,122,6.098580,SUCCESS,sigmoid,
2026-06-03T04:34:27,91.0,9.0,sensor2_serial,1,2,6,2,120,168,20.000,20.004,0,133,133,6.648801,SUCCESS,sigmoid,
2026-06-03T04:34:47,91.0,9.0,sensor2_serial,1,2,6,2,120,167,20.000,20.005,0,135,135,6.748481,SUCCESS,sigmoid,
2026-06-03T04:35:07,91.0,9.0,sensor2_serial,1,2,6,2,120,166,20.000,20.004,0,137,137,6.848571,SUCCESS,sigmoid,
2026-06-03T04:35:27,91.0,9.0,sensor2_serial,1,2,6,2,120,165,20.000,20.006,0,112,112,5.598195,SUCCESS,sigmoid,
2026-06-03T04:35:47,91.0,9.0,sensor2_serial,1,2,6,2,120,164,20.000,20.005,0,120,120,5.998421,SUCCESS,sigmoid,
2026-06-03T04:36:07,91.0,9.0,sensor2_serial,1,2,6,2,120,163,20.000,20.005,0,120,120,5.998549,SUCCESS,sigmoid,
2026-06-03T04:36:27,91.0,9.0,sensor2_serial,1,2,6,2,120,162,20.000,20.006,0,118,118,5.898317,SUCCESS,sigmoid,
2026-06-03T04:36:47,91.0,9.0,sensor2_serial,1,2,6,2,120,161,20.000,20.006,0,114,114,5.698376,SUCCESS,sigmoid,
2026-06-03T04:37:07,91.0,9.0,sensor2_serial,1,2,6,2,120,160,20.000,20.004,0,136,136,6.798509,SUCCESS,sigmoid,
2026-06-03T04:37:28,91.0,9.0,sensor2_serial,1,2,6,2,120,159,20.000,20.004,0,100,100,4.998929,SUCCESS,sigmoid,
2026-06-03T04:37:48,91.0,9.0,sensor2_serial,1,2,6,2,120,158,20.000,20.005,0,109,109,5.448732,SUCCESS,sigmoid,
2026-06-03T04:38:08,91.0,9.0,sensor2_serial,1,2,6,2,120,157,20.000,20.004,0,125,125,6.248704,SUCCESS,sigmoid,
2026-06-03T04:38:28,91.0,9.0,sensor2_serial,1,2,6,2,120,156,20.000,20.004,0,96,96,4.798945,SUCCESS,sigmoid,
2026-06-03T04:38:48,91.0,9.0,sensor2_serial,1,2,6,2,120,155,20.000,20.005,0,96,96,4.798729,SUCCESS,sigmoid,
2026-06-03T04:39:08,91.0,9.0,sensor2_serial,1,2,6,2,120,154,20.000,20.005,0,95,95,4.748801,SUCCESS,sigmoid,
2026-06-03T04:39:28,91.0,9.0,sensor2_serial,1,2,6,2,120,153,20.000,20.004,0,103,103,5.148932,SUCCESS,sigmoid,
2026-06-03T04:39:48,91.0,9.0,sensor2_serial,1,2,6,2,120,152,20.000,20.005,0,87,87,4.348879,SUCCESS,sigmoid,
2026-06-03T04:40:08,91.0,9.0,sensor2_serial,1,2,6,2,120,151,20.000,20.004,0,107,107,5.348850,SUCCESS,sigmoid,
2026-06-03T04:40:28,91.0,9.0,sensor2_serial,1,2,6,2,120,150,20.000,20.006,0,93,93,4.648719,SUCCESS,sigmoid,
2026-06-03T04:40:48,91.0,9.0,sensor2_serial,1,2,6,2,120,149,20.000,20.005,0,80,80,3.999045,SUCCESS,sigmoid,
2026-06-03T04:41:08,91.0,9.0,sensor2_serial,1,2,6,2,120,148,20.000,20.006,0,93,93,4.648700,SUCCESS,sigmoid,
2026-06-03T04:41:28,91.0,9.0,sensor2_serial,1,2,6,2,120,147,20.000,20.005,0,80,80,3.998939,SUCCESS,sigmoid,
2026-06-03T04:41:48,91.0,9.0,sensor2_serial,1,2,6,2,120,146,20.000,20.005,0,90,90,4.498830,SUCCESS,sigmoid,
2026-06-03T04:42:08,91.0,9.0,sensor2_serial,1,2,6,2,120,145,20.000,20.005,0,73,73,3.649059,SUCCESS,sigmoid,
2026-06-03T04:42:28,91.0,9.0,sensor2_serial,1,2,6,2,120,144,20.000,20.005,0,76,76,3.799039,SUCCESS,sigmoid,
2026-06-03T04:42:48,91.0,9.0,sensor2_serial,1,2,6,2,120,143,20.000,20.006,0,65,65,3.249082,SUCCESS,sigmoid,
2026-06-03T04:43:09,91.0,9.0,sensor2_serial,1,2,6,2,120,142,20.000,20.005,0,67,67,3.349147,SUCCESS,sigmoid,
2026-06-03T04:43:29,91.0,9.0,sensor2_serial,1,2,6,2,120,141,20.000,20.004,0,61,61,3.049381,SUCCESS,sigmoid,
2026-06-03T04:43:49,91.0,9.0,sensor2_serial,1,2,6,2,120,140,20.000,20.005,0,50,50,2.499355,SUCCESS,sigmoid,
2026-06-03T04:44:09,91.0,9.0,sensor2_serial,1,2,6,2,120,139,20.000,20.005,0,54,54,2.699301,SUCCESS,sigmoid,
2026-06-03T04:44:29,91.0,9.0,sensor2_serial,1,2,6,2,120,138,20.000,20.005,0,43,43,2.149411,SUCCESS,sigmoid,
2026-06-03T04:44:49,91.0,9.0,sensor2_serial,1,2,6,2,120,137,20.000,20.005,0,40,40,1.999465,SUCCESS,sigmoid,
2026-06-03T04:45:09,91.0,9.0,sensor2_serial,1,2,6,2,120,136,20.000,20.004,0,41,41,2.049552,SUCCESS,sigmoid,
2026-06-03T04:45:29,91.0,9.0,sensor2_serial,1,2,6,2,120,135,20.000,20.006,0,43,43,2.149401,SUCCESS,sigmoid,
2026-06-03T04:45:49,91.0,9.0,sensor2_serial,1,2,6,2,120,134,20.000,20.005,0,37,37,1.849520,SUCCESS,sigmoid,
2026-06-03T04:46:09,91.0,9.0,sensor2_serial,1,2,6,2,120,133,20.000,20.005,0,37,37,1.849533,SUCCESS,sigmoid,
2026-06-03T04:46:29,91.0,9.0,sensor2_serial,1,2,6,2,120,132,20.000,20.005,0,34,34,1.699562,SUCCESS,sigmoid,
2026-06-03T04:46:49,91.0,9.0,sensor2_serial,1,2,6,2,120,131,20.000,20.006,0,23,23,1.149678,SUCCESS,sigmoid,
2026-06-03T04:47:09,91.0,9.0,sensor2_serial,1,2,6,2,120,130,20.000,20.005,0,29,29,1.449628,SUCCESS,sigmoid,
2026-06-03T04:47:29,91.0,9.0,sensor2_serial,1,2,6,2,120,129,20.000,20.005,0,21,21,1.049714,SUCCESS,sigmoid,
2026-06-03T04:47:49,91.0,9.0,sensor2_serial,1,2,6,2,120,128,20.000,20.005,0,9,9,0.449888,SUCCESS,sigmoid,
2026-06-03T04:48:09,91.0,9.0,sensor2_serial,1,2,6,2,120,127,20.000,20.006,0,26,26,1.299626,SUCCESS,sigmoid,
2026-06-03T04:48:29,91.0,9.0,sensor2_serial,1,2,6,2,120,126,20.000,20.006,0,12,12,0.599831,SUCCESS,sigmoid,
2026-06-03T04:48:50,91.0,9.0,sensor2_serial,1,2,6,2,120,125,20.000,20.004,0,22,22,1.099762,SUCCESS,sigmoid,
2026-06-03T04:49:10,91.0,9.0,sensor2_serial,1,2,6,2,120,124,20.000,20.005,0,19,19,0.949751,SUCCESS,sigmoid,
2026-06-03T04:49:30,91.0,9.0,sensor2_serial,1,2,6,2,120,123,20.000,20.006,0,18,18,0.899727,SUCCESS,sigmoid,
2026-06-03T04:49:50,91.0,9.0,sensor2_serial,1,2,6,2,120,122,20.000,20.006,0,14,14,0.699804,SUCCESS,sigmoid,
2026-06-03T04:50:10,91.0,9.0,sensor2_serial,1,2,6,2,120,121,20.000,20.005,0,8,8,0.399907,SUCCESS,sigmoid,
2026-06-03T04:50:30,91.0,9.0,sensor2_serial,1,2,6,2,120,120,20.000,20.005,0,8,8,0.399891,SUCCESS,sigmoid,
2026-06-03T04:50:50,91.0,9.0,sensor2_serial,1,2,6,2,120,119,20.000,20.005,0,3,3,0.149960,SUCCESS,sigmoid,
2026-06-03T04:51:10,91.0,9.0,sensor2_serial,1,2,6,2,120,118,20.000,20.006,0,9,9,0.449871,SUCCESS,sigmoid,
2026-06-03T04:51:30,91.0,9.0,sensor2_serial,1,2,6,2,120,117,20.000,20.005,0,5,5,0.249932,SUCCESS,sigmoid,
2026-06-03T04:51:50,91.0,9.0,sensor2_serial,1,2,6,2,120,116,20.000,20.005,0,5,5,0.249936,SUCCESS,sigmoid,
2026-06-03T04:52:10,91.0,9.0,sensor2_serial,1,2,6,2,120,115,20.000,20.005,0,7,7,0.349904,SUCCESS,sigmoid,
2026-06-03T04:52:30,91.0,9.0,sensor2_serial,1,2,6,2,120,114,20.000,20.005,0,1,1,0.049987,SUCCESS,sigmoid,
2026-06-03T04:52:50,91.0,9.0,sensor2_serial,1,2,6,2,120,113,20.000,20.005,0,1,1,0.049988,SUCCESS,sigmoid,
2026-06-03T04:53:10,91.0,9.0,sensor2_serial,1,2,6,2,120,112,20.000,20.005,0,1,1,0.049987,SUCCESS,sigmoid,
2026-06-03T04:53:30,91.0,9.0,sensor2_serial,1,2,6,2,120,111,20.000,20.005,0,1,1,0.049987,SUCCESS,sigmoid,
2026-06-03T04:53:50,91.0,9.0,sensor2_serial,1,2,6,2,120,110,20.000,20.005,0,0,0,0.000000,SUCCESS,sigmoid,
2026-06-03T04:54:10,91.0,9.0,sensor2_serial,1,2,6,2,120,109,20.000,20.006,0,1,1,0.049986,SUCCESS,sigmoid,
2026-06-03T04:54:31,91.0,9.0,sensor2_serial,1,2,6,2,120,108,20.000,20.005,0,0,0,0.000000,SUCCESS,sigmoid,
2026-06-03T04:54:51,91.0,9.0,sensor2_serial,1,2,6,2,120,107,20.000,20.005,0,2,2,0.099974,SUCCESS,sigmoid,
2026-06-03T04:55:11,91.0,9.0,sensor2_serial,1,2,6,2,120,106,20.000,20.005,0,0,0,0.000000,SUCCESS,sigmoid,
2026-06-03T04:55:31,91.0,9.0,sensor2_serial,1,2,6,2,120,105,20.000,20.005,0,0,0,0.000000,SUCCESS,sigmoid,
2026-06-03T04:56:05,92.0,8.0,sensor2_serial,1,0,4,0,120,255,20.000,20.006,0,3569509,3569509,178423.188216,SUCCESS,sigmoid,
2026-06-03T04:56:25,92.0,8.0,sensor2_serial,1,0,4,0,120,254,20.000,20.007,0,3569589,3569589,178421.365166,SUCCESS,sigmoid,
2026-06-03T04:56:45,92.0,8.0,sensor2_serial,1,0,4,0,120,253,20.000,20.006,0,3295429,3295429,164720.191723,SUCCESS,sigmoid,
2026-06-03T04:57:05,92.0,8.0,sensor2_serial,1,0,4,0,120,252,20.000,20.006,0,2667183,2667183,133319.185750,SUCCESS,sigmoid,
2026-06-03T04:57:25,92.0,8.0,sensor2_serial,1,0,4,0,120,251,20.000,20.006,0,1866757,1866757,93309.438735,SUCCESS,sigmoid,
2026-06-03T04:57:45,92.0,8.0,sensor2_serial,1,0,4,0,120,250,20.000,20.006,0,1099448,1099448,54957.257058,SUCCESS,sigmoid,
2026-06-03T04:58:05,92.0,8.0,sensor2_serial,1,0,4,0,120,249,20.000,20.006,0,660597,660597,33019.734601,SUCCESS,sigmoid,
2026-06-03T04:58:25,92.0,8.0,sensor2_serial,1,0,4,0,120,248,20.000,20.006,0,380713,380713,19030.397964,SUCCESS,sigmoid,
2026-06-03T04:58:45,92.0,8.0,sensor2_serial,1,0,4,0,120,247,20.000,20.005,0,318446,318446,15917.932943,SUCCESS,sigmoid,
2026-06-03T04:59:05,92.0,8.0,sensor2_serial,1,0,4,0,120,246,20.000,20.005,0,150657,150657,7530.836536,SUCCESS,sigmoid,
2026-06-03T04:59:25,92.0,8.0,sensor2_serial,1,0,4,0,120,245,20.000,20.006,0,80644,80644,4031.084901,SUCCESS,sigmoid,
2026-06-03T04:59:45,92.0,8.0,sensor2_serial,1,0,4,0,120,244,20.000,20.006,0,28579,28579,1428.487733,SUCCESS,sigmoid,
2026-06-03T05:00:06,92.0,8.0,sensor2_serial,1,0,4,0,120,243,20.000,20.005,0,28606,28606,1429.912002,SUCCESS,sigmoid,
2026-06-03T05:00:26,92.0,8.0,sensor2_serial,1,0,4,0,120,242,20.000,20.006,0,13312,13312,665.402179,SUCCESS,sigmoid,
2026-06-03T05:00:46,92.0,8.0,sensor2_serial,1,0,4,0,120,241,20.000,20.005,0,6828,6828,341.310199,SUCCESS,sigmoid,
2026-06-03T05:01:06,92.0,8.0,sensor2_serial,1,0,4,0,120,240,20.000,20.004,0,2680,2680,133.972051,SUCCESS,sigmoid,
2026-06-03T05:01:26,92.0,8.0,sensor2_serial,1,0,4,0,120,239,20.000,20.006,0,1208,1208,60.382727,SUCCESS,sigmoid,
2026-06-03T05:01:46,92.0,8.0,sensor2_serial,1,0,4,0,120,238,20.000,20.005,0,412,412,20.594352,SUCCESS,sigmoid,
2026-06-03T05:02:06,92.0,8.0,sensor2_serial,1,0,4,0,120,237,20.000,20.006,0,257,257,12.846421,SUCCESS,sigmoid,
2026-06-03T05:02:26,92.0,8.0,sensor2_serial,1,0,4,0,120,236,20.000,20.006,0,248,248,12.396544,SUCCESS,sigmoid,
2026-06-03T05:02:46,92.0,8.0,sensor2_serial,1,0,4,0,120,235,20.000,20.005,0,199,199,9.947316,SUCCESS,sigmoid,
2026-06-03T05:03:06,92.0,8.0,sensor2_serial,1,0,4,0,120,234,20.000,20.005,0,205,205,10.247183,SUCCESS,sigmoid,
2026-06-03T05:03:26,92.0,8.0,sensor2_serial,1,0,4,0,120,233,20.000,20.006,0,198,198,9.897089,SUCCESS,sigmoid,
2026-06-03T05:03:46,92.0,8.0,sensor2_serial,1,0,4,0,120,232,20.000,20.005,0,186,186,9.297555,SUCCESS,sigmoid,
2026-06-03T05:04:06,92.0,8.0,sensor2_serial,1,0,4,0,120,231,20.000,20.005,0,185,185,9.247848,SUCCESS,sigmoid,
2026-06-03T05:04:26,92.0,8.0,sensor2_serial,1,0,4,0,120,230,20.000,20.006,0,201,201,10.047038,SUCCESS,sigmoid,
2026-06-03T05:04:46,92.0,8.0,sensor2_serial,1,0,4,0,120,229,20.000,20.006,0,193,193,9.647270,SUCCESS,sigmoid,
2026-06-03T05:05:06,92.0,8.0,sensor2_serial,1,0,4,0,120,228,20.000,20.005,0,194,194,9.697401,SUCCESS,sigmoid,
2026-06-03T05:05:26,92.0,8.0,sensor2_serial,1,0,4,0,120,227,20.000,20.005,0,181,181,9.047518,SUCCESS,sigmoid,
2026-06-03T05:05:47,92.0,8.0,sensor2_serial,1,0,4,0,120,226,20.000,20.005,0,180,180,8.997574,SUCCESS,sigmoid,
2026-06-03T05:06:07,92.0,8.0,sensor2_serial,1,0,4,0,120,225,20.000,20.006,0,166,166,8.297715,SUCCESS,sigmoid,
2026-06-03T05:06:27,92.0,8.0,sensor2_serial,1,0,4,0,120,224,20.000,20.006,0,182,182,9.097424,SUCCESS,sigmoid,
2026-06-03T05:06:47,92.0,8.0,sensor2_serial,1,0,4,0,120,223,20.000,20.006,0,187,187,9.347379,SUCCESS,sigmoid,
2026-06-03T05:07:07,92.0,8.0,sensor2_serial,1,0,4,0,120,222,20.000,20.006,0,156,156,7.797843,SUCCESS,sigmoid,
2026-06-03T05:07:27,92.0,8.0,sensor2_serial,1,0,4,0,120,221,20.000,20.005,0,172,172,8.597908,SUCCESS,sigmoid,
2026-06-03T05:07:47,92.0,8.0,sensor2_serial,1,0,4,0,120,220,20.000,20.005,0,182,182,9.097584,SUCCESS,sigmoid,
2026-06-03T05:08:07,92.0,8.0,sensor2_serial,1,0,4,0,120,219,20.000,20.005,0,182,182,9.097648,SUCCESS,sigmoid,
2026-06-03T05:08:27,92.0,8.0,sensor2_serial,1,0,4,0,120,218,20.000,20.006,0,200,200,9.997112,SUCCESS,sigmoid,
2026-06-03T05:08:47,92.0,8.0,sensor2_serial,1,0,4,0,120,217,20.000,20.005,0,170,170,8.497848,SUCCESS,sigmoid,
2026-06-03T05:09:07,92.0,8.0,sensor2_serial,1,0,4,0,120,216,20.000,20.006,0,162,162,8.097635,SUCCESS,sigmoid,
2026-06-03T05:09:27,92.0,8.0,sensor2_serial,1,0,4,0,120,215,20.000,20.005,0,158,158,7.897867,SUCCESS,sigmoid,
2026-06-03T05:09:47,92.0,8.0,sensor2_serial,1,0,4,0,120,214,20.000,20.005,0,185,185,9.247857,SUCCESS,sigmoid,
2026-06-03T05:10:07,92.0,8.0,sensor2_serial,1,0,4,0,120,213,20.000,20.005,0,169,169,8.447847,SUCCESS,sigmoid,
2026-06-03T05:10:27,92.0,8.0,sensor2_serial,1,0,4,0,120,212,20.000,20.006,0,161,161,8.047682,SUCCESS,sigmoid,
2026-06-03T05:10:47,92.0,8.0,sensor2_serial,1,0,4,0,120,211,20.000,20.005,0,163,163,8.147883,SUCCESS,sigmoid,
2026-06-03T05:11:07,92.0,8.0,sensor2_serial,1,0,4,0,120,210,20.000,20.005,0,180,180,8.997527,SUCCESS,sigmoid,
2026-06-03T05:11:28,92.0,8.0,sensor2_serial,1,0,4,0,120,209,20.000,20.006,0,159,159,7.947751,SUCCESS,sigmoid,
2026-06-03T05:11:48,92.0,8.0,sensor2_serial,1,0,4,0,120,208,20.000,20.005,0,160,160,7.997805,SUCCESS,sigmoid,
2026-06-03T05:12:08,92.0,8.0,sensor2_serial,1,0,4,0,120,207,20.000,20.006,0,176,176,8.797558,SUCCESS,sigmoid,
2026-06-03T05:12:28,92.0,8.0,sensor2_serial,1,0,4,0,120,206,20.000,20.005,0,148,148,7.398186,SUCCESS,sigmoid,
2026-06-03T05:12:48,92.0,8.0,sensor2_serial,1,0,4,0,120,205,20.000,20.006,0,160,160,7.997764,SUCCESS,sigmoid,
2026-06-03T05:13:08,92.0,8.0,sensor2_serial,1,0,4,0,120,204,20.000,20.005,0,190,190,9.497533,SUCCESS,sigmoid,
2026-06-03T05:13:28,92.0,8.0,sensor2_serial,1,0,4,0,120,203,20.000,20.005,0,178,178,8.897757,SUCCESS,sigmoid,
2026-06-03T05:13:48,92.0,8.0,sensor2_serial,1,0,4,0,120,202,20.000,20.006,0,170,170,8.497579,SUCCESS,sigmoid,
2026-06-03T05:14:08,92.0,8.0,sensor2_serial,1,0,4,0,120,201,20.000,20.005,0,181,181,9.047614,SUCCESS,sigmoid,
2026-06-03T05:14:28,92.0,8.0,sensor2_serial,1,0,4,0,120,200,20.000,20.005,0,153,153,7.647950,SUCCESS,sigmoid,
2026-06-03T05:14:48,92.0,8.0,sensor2_serial,1,0,4,0,120,199,20.000,20.005,0,160,160,7.997936,SUCCESS,sigmoid,
2026-06-03T05:15:08,92.0,8.0,sensor2_serial,1,0,4,0,120,198,20.000,20.006,0,180,180,8.997499,SUCCESS,sigmoid,
2026-06-03T05:15:28,92.0,8.0,sensor2_serial,1,0,4,0,120,197,20.000,20.006,0,158,158,7.897680,SUCCESS,sigmoid,
2026-06-03T05:15:48,92.0,8.0,sensor2_serial,1,0,4,0,120,196,20.000,20.006,0,158,158,7.897788,SUCCESS,sigmoid,
2026-06-03T05:16:08,92.0,8.0,sensor2_serial,1,0,4,0,120,195,20.000,20.005,0,162,162,8.097790,SUCCESS,sigmoid,
2026-06-03T05:16:28,92.0,8.0,sensor2_serial,1,0,4,0,120,194,20.000,20.006,0,192,192,9.597252,SUCCESS,sigmoid,
2026-06-03T05:16:49,92.0,8.0,sensor2_serial,1,0,4,0,120,193,20.000,20.006,0,185,185,9.247448,SUCCESS,sigmoid,
2026-06-03T05:17:09,92.0,8.0,sensor2_serial,1,0,4,0,120,192,20.000,20.006,0,149,149,7.447949,SUCCESS,sigmoid,
2026-06-03T05:17:29,92.0,8.0,sensor2_serial,1,0,4,0,120,191,20.000,20.005,0,186,186,9.297479,SUCCESS,sigmoid,
2026-06-03T05:17:49,92.0,8.0,sensor2_serial,1,0,4,0,120,190,20.000,20.005,0,179,179,8.947720,SUCCESS,sigmoid,
2026-06-03T05:18:09,92.0,8.0,sensor2_serial,1,0,4,0,120,189,20.000,20.006,0,145,145,7.247996,SUCCESS,sigmoid,
2026-06-03T05:18:29,92.0,8.0,sensor2_serial,1,0,4,0,120,188,20.000,20.005,0,173,173,8.647671,SUCCESS,sigmoid,
2026-06-03T05:18:49,92.0,8.0,sensor2_serial,1,0,4,0,120,187,20.000,20.005,0,177,177,8.847917,SUCCESS,sigmoid,
2026-06-03T05:19:09,92.0,8.0,sensor2_serial,1,0,4,0,120,186,20.000,20.006,0,174,174,8.697564,SUCCESS,sigmoid,
2026-06-03T05:19:29,92.0,8.0,sensor2_serial,1,0,4,0,120,185,20.000,20.006,0,170,170,8.497615,SUCCESS,sigmoid,
2026-06-03T05:19:49,92.0,8.0,sensor2_serial,1,0,4,0,120,184,20.000,20.005,0,168,168,8.397858,SUCCESS,sigmoid,
2026-06-03T05:20:09,92.0,8.0,sensor2_serial,1,0,4,0,120,183,20.000,20.005,0,160,160,7.997935,SUCCESS,sigmoid,
2026-06-03T05:20:29,92.0,8.0,sensor2_serial,1,0,4,0,120,182,20.000,20.005,0,187,187,9.347626,SUCCESS,sigmoid,
2026-06-03T05:20:49,92.0,8.0,sensor2_serial,1,0,4,0,120,181,20.000,20.005,0,143,143,7.148066,SUCCESS,sigmoid,
2026-06-03T05:21:09,92.0,8.0,sensor2_serial,1,0,4,0,120,180,20.000,20.006,0,146,146,7.297975,SUCCESS,sigmoid,
2026-06-03T05:21:29,92.0,8.0,sensor2_serial,1,0,4,0,120,179,20.000,20.006,0,135,135,6.748128,SUCCESS,sigmoid,
2026-06-03T05:21:49,92.0,8.0,sensor2_serial,1,0,4,0,120,178,20.000,20.005,0,150,150,7.497990,SUCCESS,sigmoid,
2026-06-03T05:22:09,92.0,8.0,sensor2_serial,1,0,4,0,120,177,20.000,20.006,0,151,151,7.547886,SUCCESS,sigmoid,
2026-06-03T05:22:30,92.0,8.0,sensor2_serial,1,0,4,0,120,176,20.000,20.005,0,134,134,6.698185,SUCCESS,sigmoid,
2026-06-03T05:22:50,92.0,8.0,sensor2_serial,1,0,4,0,120,175,20.000,20.005,0,163,163,8.147854,SUCCESS,sigmoid,
2026-06-03T05:23:10,92.0,8.0,sensor2_serial,1,0,4,0,120,174,20.000,20.005,0,160,160,7.998073,SUCCESS,sigmoid,
2026-06-03T05:23:30,92.0,8.0,sensor2_serial,1,0,4,0,120,173,20.000,20.005,0,148,148,7.397992,SUCCESS,sigmoid,
2026-06-03T05:23:50,92.0,8.0,sensor2_serial,1,0,4,0,120,172,20.000,20.005,0,152,152,7.598035,SUCCESS,sigmoid,
2026-06-03T05:24:10,92.0,8.0,sensor2_serial,1,0,4,0,120,171,20.000,20.005,0,155,155,7.747942,SUCCESS,sigmoid,
2026-06-03T05:24:30,92.0,8.0,sensor2_serial,1,0,4,0,120,170,20.000,20.006,0,157,157,7.847838,SUCCESS,sigmoid,
2026-06-03T05:24:50,92.0,8.0,sensor2_serial,1,0,4,0,120,169,20.000,20.005,0,145,145,7.248017,SUCCESS,sigmoid,
2026-06-03T05:25:10,92.0,8.0,sensor2_serial,1,0,4,0,120,168,20.000,20.005,0,146,146,7.298008,SUCCESS,sigmoid,
2026-06-03T05:25:30,92.0,8.0,sensor2_serial,1,0,4,0,120,167,20.000,20.005,0,150,150,7.497947,SUCCESS,sigmoid,
2026-06-03T05:25:50,92.0,8.0,sensor2_serial,1,0,4,0,120,166,20.000,20.006,0,152,152,7.597856,SUCCESS,sigmoid,
2026-06-03T05:26:10,92.0,8.0,sensor2_serial,1,0,4,0,120,165,20.000,20.005,0,173,173,8.647764,SUCCESS,sigmoid,
2026-06-03T05:26:30,92.0,8.0,sensor2_serial,1,0,4,0,120,164,20.000,20.005,0,143,143,7.148068,SUCCESS,sigmoid,
2026-06-03T05:26:50,92.0,8.0,sensor2_serial,1,0,4,0,120,163,20.000,20.005,0,153,153,7.648110,SUCCESS,sigmoid,
2026-06-03T05:27:10,92.0,8.0,sensor2_serial,1,0,4,0,120,162,20.000,20.006,0,149,149,7.447943,SUCCESS,sigmoid,
2026-06-03T05:27:30,92.0,8.0,sensor2_serial,1,0,4,0,120,161,20.000,20.005,0,141,141,7.048092,SUCCESS,sigmoid,
2026-06-03T05:27:50,92.0,8.0,sensor2_serial,1,0,4,0,120,160,20.000,20.004,0,158,158,7.898355,SUCCESS,sigmoid,
2026-06-03T05:28:11,92.0,8.0,sensor2_serial,1,0,4,0,120,159,20.000,20.006,0,123,123,6.148309,SUCCESS,sigmoid,
2026-06-03T05:28:31,92.0,8.0,sensor2_serial,1,0,4,0,120,158,20.000,20.005,0,144,144,7.198343,SUCCESS,sigmoid,
2026-06-03T05:28:51,92.0,8.0,sensor2_serial,1,0,4,0,120,157,20.000,20.005,0,144,144,7.198264,SUCCESS,sigmoid,
2026-06-03T05:29:11,92.0,8.0,sensor2_serial,1,0,4,0,120,156,20.000,20.005,0,130,130,6.498483,SUCCESS,sigmoid,
2026-06-03T05:29:31,92.0,8.0,sensor2_serial,1,0,4,0,120,155,20.000,20.005,0,140,140,6.998141,SUCCESS,sigmoid,
2026-06-03T05:29:51,92.0,8.0,sensor2_serial,1,0,4,0,120,154,20.000,20.006,0,121,121,6.048251,SUCCESS,sigmoid,
2026-06-03T05:30:11,92.0,8.0,sensor2_serial,1,0,4,0,120,153,20.000,20.006,0,146,146,7.297975,SUCCESS,sigmoid,
2026-06-03T05:30:31,92.0,8.0,sensor2_serial,1,0,4,0,120,152,20.000,20.004,0,117,117,5.848713,SUCCESS,sigmoid,
2026-06-03T05:30:51,92.0,8.0,sensor2_serial,1,0,4,0,120,151,20.000,20.005,0,134,134,6.698165,SUCCESS,sigmoid,
2026-06-03T05:31:11,92.0,8.0,sensor2_serial,1,0,4,0,120,150,20.000,20.006,0,142,142,7.098026,SUCCESS,sigmoid,
2026-06-03T05:31:31,92.0,8.0,sensor2_serial,1,0,4,0,120,149,20.000,20.006,0,109,109,5.448489,SUCCESS,sigmoid,
2026-06-03T05:31:51,92.0,8.0,sensor2_serial,1,0,4,0,120,148,20.000,20.006,0,105,105,5.248521,SUCCESS,sigmoid,
2026-06-03T05:32:11,92.0,8.0,sensor2_serial,1,0,4,0,120,147,20.000,20.005,0,111,111,5.548586,SUCCESS,sigmoid,
2026-06-03T05:32:31,92.0,8.0,sensor2_serial,1,0,4,0,120,146,20.000,20.005,0,141,141,7.048135,SUCCESS,sigmoid,
2026-06-03T05:32:51,92.0,8.0,sensor2_serial,1,0,4,0,120,145,20.000,20.005,0,130,130,6.498373,SUCCESS,sigmoid,
2026-06-03T05:33:11,92.0,8.0,sensor2_serial,1,0,4,0,120,144,20.000,20.005,0,105,105,5.248566,SUCCESS,sigmoid,
2026-06-03T05:33:31,92.0,8.0,sensor2_serial,1,0,4,0,120,143,20.000,20.005,0,122,122,6.098516,SUCCESS,sigmoid,
2026-06-03T05:33:52,92.0,8.0,sensor2_serial,1,0,4,0,120,142,20.000,20.004,0,98,98,4.898943,SUCCESS,sigmoid,
2026-06-03T05:34:12,92.0,8.0,sensor2_serial,1,0,4,0,120,141,20.000,20.005,0,113,113,5.648460,SUCCESS,sigmoid,
2026-06-03T05:34:32,92.0,8.0,sensor2_serial,1,0,4,0,120,140,20.000,20.005,0,98,98,4.898860,SUCCESS,sigmoid,
2026-06-03T05:34:52,92.0,8.0,sensor2_serial,1,0,4,0,120,139,20.000,20.004,0,87,87,4.349085,SUCCESS,sigmoid,
2026-06-03T05:35:12,92.0,8.0,sensor2_serial,1,0,4,0,120,138,20.000,20.003,0,76,76,3.799337,SUCCESS,sigmoid,
2026-06-03T05:35:32,92.0,8.0,sensor2_serial,1,0,4,0,120,137,20.000,20.005,0,103,103,5.148688,SUCCESS,sigmoid,
2026-06-03T05:35:52,92.0,8.0,sensor2_serial,1,0,4,0,120,136,20.000,20.005,0,98,98,4.898874,SUCCESS,sigmoid,
2026-06-03T05:36:12,92.0,8.0,sensor2_serial,1,0,4,0,120,135,20.000,20.004,0,81,81,4.049154,SUCCESS,sigmoid,
2026-06-03T05:36:32,92.0,8.0,sensor2_serial,1,0,4,0,120,134,20.000,20.004,0,73,73,3.649183,SUCCESS,sigmoid,
2026-06-03T05:36:52,92.0,8.0,sensor2_serial,1,0,4,0,120,133,20.000,20.004,0,83,83,4.149081,SUCCESS,sigmoid,
2026-06-03T05:37:12,92.0,8.0,sensor2_serial,1,0,4,0,120,132,20.000,20.004,0,70,70,3.499233,SUCCESS,sigmoid,
2026-06-03T05:37:32,92.0,8.0,sensor2_serial,1,0,4,0,120,131,20.000,20.004,0,79,79,3.949160,SUCCESS,sigmoid,
2026-06-03T05:37:52,92.0,8.0,sensor2_serial,1,0,4,0,120,130,20.000,20.004,0,68,68,3.399310,SUCCESS,sigmoid,
2026-06-03T05:38:12,92.0,8.0,sensor2_serial,1,0,4,0,120,129,20.000,20.005,0,52,52,2.599414,SUCCESS,sigmoid,
2026-06-03T05:38:32,92.0,8.0,sensor2_serial,1,0,4,0,120,128,20.000,20.004,0,54,54,2.699410,SUCCESS,sigmoid,
2026-06-03T05:38:52,92.0,8.0,sensor2_serial,1,0,4,0,120,127,20.000,20.004,0,46,46,2.299497,SUCCESS,sigmoid,
2026-06-03T05:39:12,92.0,8.0,sensor2_serial,1,0,4,0,120,126,20.000,20.004,0,54,54,2.699496,SUCCESS,sigmoid,
2026-06-03T05:39:33,92.0,8.0,sensor2_serial,1,0,4,0,120,125,20.000,20.005,0,64,64,3.199280,SUCCESS,sigmoid,
2026-06-03T05:39:53,92.0,8.0,sensor2_serial,1,0,4,0,120,124,20.000,20.004,0,57,57,2.849361,SUCCESS,sigmoid,
2026-06-03T05:40:13,92.0,8.0,sensor2_serial,1,0,4,0,120,123,20.000,20.004,0,49,49,2.449459,SUCCESS,sigmoid,
2026-06-03T05:40:33,92.0,8.0,sensor2_serial,1,0,4,0,120,122,20.000,20.004,0,60,60,2.999403,SUCCESS,sigmoid,
2026-06-03T05:40:53,92.0,8.0,sensor2_serial,1,0,4,0,120,121,20.000,20.005,0,34,34,1.699614,SUCCESS,sigmoid,
2026-06-03T05:41:13,92.0,8.0,sensor2_serial,1,0,4,0,120,120,20.000,20.005,0,33,33,1.649604,SUCCESS,sigmoid,
2026-06-03T05:41:33,92.0,8.0,sensor2_serial,1,0,4,0,120,119,20.000,20.004,0,37,37,1.849585,SUCCESS,sigmoid,
2026-06-03T05:41:53,92.0,8.0,sensor2_serial,1,0,4,0,120,118,20.000,20.004,0,31,31,1.549654,SUCCESS,sigmoid,
2026-06-03T05:42:13,92.0,8.0,sensor2_serial,1,0,4,0,120,117,20.000,20.004,0,39,39,1.949590,SUCCESS,sigmoid,
2026-06-03T05:42:33,92.0,8.0,sensor2_serial,1,0,4,0,120,116,20.000,20.004,0,27,27,1.349709,SUCCESS,sigmoid,
2026-06-03T05:42:53,92.0,8.0,sensor2_serial,1,0,4,0,120,115,20.000,20.005,0,29,29,1.449641,SUCCESS,sigmoid,
2026-06-03T05:43:13,92.0,8.0,sensor2_serial,1,0,4,0,120,114,20.000,20.005,0,22,22,1.099752,SUCCESS,sigmoid,
2026-06-03T05:43:33,92.0,8.0,sensor2_serial,1,0,4,0,120,113,20.000,20.004,0,22,22,1.099763,SUCCESS,sigmoid,
2026-06-03T05:43:53,92.0,8.0,sensor2_serial,1,0,4,0,120,112,20.000,20.005,0,13,13,0.649852,SUCCESS,sigmoid,
2026-06-03T05:44:13,92.0,8.0,sensor2_serial,1,0,4,0,120,111,20.000,20.006,0,9,9,0.449874,SUCCESS,sigmoid,
2026-06-03T05:44:33,92.0,8.0,sensor2_serial,1,0,4,0,120,110,20.000,20.005,0,5,5,0.249933,SUCCESS,sigmoid,
2026-06-03T05:44:53,92.0,8.0,sensor2_serial,1,0,4,0,120,109,20.000,20.004,0,11,11,0.549888,SUCCESS,sigmoid,
2026-06-03T05:45:14,92.0,8.0,sensor2_serial,1,0,4,0,120,108,20.000,20.004,0,10,10,0.499899,SUCCESS,sigmoid,
2026-06-03T05:45:34,92.0,8.0,sensor2_serial,1,0,4,0,120,107,20.000,20.005,0,8,8,0.399892,SUCCESS,sigmoid,
2026-06-03T05:45:54,92.0,8.0,sensor2_serial,1,0,4,0,120,106,20.000,20.005,0,9,9,0.449884,SUCCESS,sigmoid,
2026-06-03T05:46:14,92.0,8.0,sensor2_serial,1,0,4,0,120,105,20.000,20.006,0,8,8,0.399890,SUCCESS,sigmoid,
2026-06-03T05:46:34,92.0,8.0,sensor2_serial,1,0,4,0,120,104,20.000,20.006,0,3,3,0.149959,SUCCESS,sigmoid,
2026-06-03T05:46:54,92.0,8.0,sensor2_serial,1,0,4,0,120,103,20.000,20.005,0,5,5,0.249933,SUCCESS,sigmoid,
2026-06-03T05:47:14,92.0,8.0,sensor2_serial,1,0,4,0,120,102,20.000,20.006,0,2,2,0.099972,SUCCESS,sigmoid,
2026-06-03T05:47:34,92.0,8.0,sensor2_serial,1,0,4,0,120,101,20.000,20.005,0,2,2,0.099974,SUCCESS,sigmoid,
2026-06-03T05:47:54,92.0,8.0,sensor2_serial,1,0,4,0,120,100,20.000,20.005,0,1,1,0.049986,SUCCESS,sigmoid,
2026-06-03T05:48:14,92.0,8.0,sensor2_serial,1,0,4,0,120,99,20.000,20.005,0,0,0,0.000000,SUCCESS,sigmoid,
2026-06-03T05:48:34,92.0,8.0,sensor2_serial,1,0,4,0,120,98,20.000,20.005,0,2,2,0.099974,SUCCESS,sigmoid,
2026-06-03T05:48:54,92.0,8.0,sensor2_serial,1,0,4,0,120,97,20.000,20.005,0,0,0,0.000000,SUCCESS,sigmoid,
2026-06-03T05:49:14,92.0,8.0,sensor2_serial,1,0,4,0,120,96,20.000,20.005,0,0,0,0.000000,SUCCESS,sigmoid,
2026-06-03T05:49:34,92.0,8.0,sensor2_serial,1,1,5,1,120,255,20.000,20.005,0,1839281,1839281,91940.085714,SUCCESS,sigmoid,
2026-06-03T05:49:54,92.0,8.0,sensor2_serial,1,1,5,1,120,254,20.000,20.005,0,1837900,1837900,91871.067941,SUCCESS,sigmoid,
2026-06-03T05:50:14,92.0,8.0,sensor2_serial,1,1,5,1,120,253,20.000,20.005,0,1953507,1953507,97650.010332,SUCCESS,sigmoid,
2026-06-03T05:50:35,92.0,8.0,sensor2_serial,1,1,5,1,120,252,20.000,20.005,0,2251455,2251455,112542.974157,SUCCESS,sigmoid,
2026-06-03T05:50:55,92.0,8.0,sensor2_serial,1,1,5,1,120,251,20.000,20.006,0,2371041,2371041,118517.743380,SUCCESS,sigmoid,
2026-06-03T05:51:15,92.0,8.0,sensor2_serial,1,1,5,1,120,250,20.000,20.005,0,2698618,2698618,134894.068934,SUCCESS,sigmoid,
2026-06-03T05:51:35,92.0,8.0,sensor2_serial,1,1,5,1,120,249,20.000,20.005,0,3041406,3041406,152031.033600,SUCCESS,sigmoid,
2026-06-03T05:51:55,92.0,8.0,sensor2_serial,1,1,5,1,120,248,20.000,20.006,0,3018273,3018273,150867.506377,SUCCESS,sigmoid,
2026-06-03T05:52:15,92.0,8.0,sensor2_serial,1,1,5,1,120,247,20.000,20.006,0,2811469,2811469,140531.737481,SUCCESS,sigmoid,
2026-06-03T05:52:35,92.0,8.0,sensor2_serial,1,1,5,1,120,246,20.000,20.005,0,2152576,2152576,107601.169232,SUCCESS,sigmoid,
2026-06-03T05:52:55,92.0,8.0,sensor2_serial,1,1,5,1,120,245,20.000,20.006,0,1431884,1431884,71573.306341,SUCCESS,sigmoid,
2026-06-03T05:53:15,92.0,8.0,sensor2_serial,1,1,5,1,120,244,20.000,20.005,0,844149,844149,42196.053666,SUCCESS,sigmoid,
2026-06-03T05:53:35,92.0,8.0,sensor2_serial,1,1,5,1,120,243,20.000,20.006,0,689045,689045,34442.154598,SUCCESS,sigmoid,
2026-06-03T05:53:55,92.0,8.0,sensor2_serial,1,1,5,1,120,242,20.000,20.006,0,402313,402313,20109.915685,SUCCESS,sigmoid,
2026-06-03T05:54:15,92.0,8.0,sensor2_serial,1,1,5,1,120,241,20.000,20.005,0,164221,164221,8208.889207,SUCCESS,sigmoid,
2026-06-03T05:54:35,92.0,8.0,sensor2_serial,1,1,5,1,120,240,20.000,20.005,0,71902,71902,3594.182025,SUCCESS,sigmoid,
2026-06-03T05:54:55,92.0,8.0,sensor2_serial,1,1,5,1,120,239,20.000,20.006,0,52429,52429,2620.729071,SUCCESS,sigmoid,
2026-06-03T05:55:15,92.0,8.0,sensor2_serial,1,1,5,1,120,238,20.000,20.005,0,24075,24075,1203.419873,SUCCESS,sigmoid,
2026-06-03T05:55:35,92.0,8.0,sensor2_serial,1,1,5,1,120,237,20.000,20.005,0,8671,8671,433.434286,SUCCESS,sigmoid,
2026-06-03T05:55:55,92.0,8.0,sensor2_serial,1,1,5,1,120,236,20.000,20.005,0,2878,2878,143.865504,SUCCESS,sigmoid,
2026-06-03T05:56:16,92.0,8.0,sensor2_serial,1,1,5,1,120,235,20.000,20.005,0,2156,2156,107.771799,SUCCESS,sigmoid,
2026-06-03T05:56:36,92.0,8.0,sensor2_serial,1,1,5,1,120,234,20.000,20.006,0,985,985,49.236239,SUCCESS,sigmoid,
2026-06-03T05:56:56,92.0,8.0,sensor2_serial,1,1,5,1,120,233,20.000,20.005,0,422,422,21.094598,SUCCESS,sigmoid,
2026-06-03T05:57:16,92.0,8.0,sensor2_serial,1,1,5,1,120,232,20.000,20.005,0,247,247,12.346666,SUCCESS,sigmoid,
2026-06-03T05:57:36,92.0,8.0,sensor2_serial,1,1,5,1,120,231,20.000,20.005,0,202,202,10.097329,SUCCESS,sigmoid,
2026-06-03T05:57:56,92.0,8.0,sensor2_serial,1,1,5,1,120,230,20.000,20.005,0,193,193,9.647801,SUCCESS,sigmoid,
2026-06-03T05:58:16,92.0,8.0,sensor2_serial,1,1,5,1,120,229,20.000,20.005,0,197,197,9.847678,SUCCESS,sigmoid,
2026-06-03T05:58:36,92.0,8.0,sensor2_serial,1,1,5,1,120,228,20.000,20.005,0,172,172,8.597781,SUCCESS,sigmoid,
2026-06-03T05:58:56,92.0,8.0,sensor2_serial,1,1,5,1,120,227,20.000,20.006,0,177,177,8.847538,SUCCESS,sigmoid,
2026-06-03T05:59:16,92.0,8.0,sensor2_serial,1,1,5,1,120,226,20.000,20.005,0,165,165,8.247902,SUCCESS,sigmoid,
2026-06-03T05:59:36,92.0,8.0,sensor2_serial,1,1,5,1,120,225,20.000,20.005,0,187,187,9.347563,SUCCESS,sigmoid,
2026-06-03T05:59:56,92.0,8.0,sensor2_serial,1,1,5,1,120,224,20.000,20.005,0,175,175,8.747923,SUCCESS,sigmoid,
2026-06-03T06:00:16,92.0,8.0,sensor2_serial,1,1,5,1,120,223,20.000,20.005,0,182,182,9.097785,SUCCESS,sigmoid,
2026-06-03T06:00:36,92.0,8.0,sensor2_serial,1,1,5,1,120,222,20.000,20.006,0,173,173,8.647534,SUCCESS,sigmoid,
2026-06-03T06:00:56,92.0,8.0,sensor2_serial,1,1,5,1,120,221,20.000,20.005,0,189,189,9.447566,SUCCESS,sigmoid,
2026-06-03T06:01:16,92.0,8.0,sensor2_serial,1,1,5,1,120,220,20.000,20.005,0,170,170,8.497977,SUCCESS,sigmoid,
2026-06-03T06:01:36,92.0,8.0,sensor2_serial,1,1,5,1,120,219,20.000,20.006,0,176,176,8.797547,SUCCESS,sigmoid,
2026-06-03T06:01:57,92.0,8.0,sensor2_serial,1,1,5,1,120,218,20.000,20.006,0,201,201,10.047185,SUCCESS,sigmoid,
2026-06-03T06:02:17,92.0,8.0,sensor2_serial,1,1,5,1,120,217,20.000,20.005,0,178,178,8.897703,SUCCESS,sigmoid,
2026-06-03T06:02:37,92.0,8.0,sensor2_serial,1,1,5,1,120,216,20.000,20.006,0,171,171,8.547541,SUCCESS,sigmoid,
2026-06-03T06:02:57,92.0,8.0,sensor2_serial,1,1,5,1,120,215,20.000,20.005,0,185,185,9.247781,SUCCESS,sigmoid,
2026-06-03T06:03:17,92.0,8.0,sensor2_serial,1,1,5,1,120,214,20.000,20.005,0,181,181,9.047623,SUCCESS,sigmoid,
2026-06-03T06:03:37,92.0,8.0,sensor2_serial,1,1,5,1,120,213,20.000,20.006,0,196,196,9.797241,SUCCESS,sigmoid,
2026-06-03T06:03:57,92.0,8.0,sensor2_serial,1,1,5,1,120,212,20.000,20.005,0,159,159,7.947826,SUCCESS,sigmoid,
2026-06-03T06:04:17,92.0,8.0,sensor2_serial,1,1,5,1,120,211,20.000,20.005,0,174,174,8.697977,SUCCESS,sigmoid,
2026-06-03T06:04:37,92.0,8.0,sensor2_serial,1,1,5,1,120,210,20.000,20.005,0,177,177,8.847612,SUCCESS,sigmoid,
2026-06-03T06:04:57,92.0,8.0,sensor2_serial,1,1,5,1,120,209,20.000,20.005,0,164,164,8.197826,SUCCESS,sigmoid,
2026-06-03T06:05:17,92.0,8.0,sensor2_serial,1,1,5,1,120,208,20.000,20.005,0,140,140,6.998100,SUCCESS,sigmoid,
2026-06-03T06:05:37,92.0,8.0,sensor2_serial,1,1,5,1,120,207,20.000,20.005,0,164,164,8.197961,SUCCESS,sigmoid,
2026-06-03T06:05:57,92.0,8.0,sensor2_serial,1,1,5,1,120,206,20.000,20.006,0,185,185,9.247427,SUCCESS,sigmoid,
2026-06-03T06:06:17,92.0,8.0,sensor2_serial,1,1,5,1,120,205,20.000,20.006,0,152,152,7.597870,SUCCESS,sigmoid,
2026-06-03T06:06:37,92.0,8.0,sensor2_serial,1,1,5,1,120,204,20.000,20.005,0,164,164,8.197847,SUCCESS,sigmoid,
2026-06-03T06:06:57,92.0,8.0,sensor2_serial,1,1,5,1,120,203,20.000,20.005,0,174,174,8.697750,SUCCESS,sigmoid,
2026-06-03T06:07:18,92.0,8.0,sensor2_serial,1,1,5,1,120,202,20.000,20.005,0,169,169,8.447704,SUCCESS,sigmoid,
2026-06-03T06:07:38,92.0,8.0,sensor2_serial,1,1,5,1,120,201,20.000,20.005,0,150,150,7.498109,SUCCESS,sigmoid,
2026-06-03T06:07:58,92.0,8.0,sensor2_serial,1,1,5,1,120,200,20.000,20.006,0,158,158,7.897799,SUCCESS,sigmoid,
2026-06-03T06:08:18,92.0,8.0,sensor2_serial,1,1,5,1,120,199,20.000,20.005,0,165,165,8.247750,SUCCESS,sigmoid,
2026-06-03T06:08:38,92.0,8.0,sensor2_serial,1,1,5,1,120,198,20.000,20.006,0,175,175,8.747576,SUCCESS,sigmoid,
2026-06-03T06:08:58,92.0,8.0,sensor2_serial,1,1,5,1,120,197,20.000,20.006,0,183,183,9.147433,SUCCESS,sigmoid,
2026-06-03T06:09:18,92.0,8.0,sensor2_serial,1,1,5,1,120,196,20.000,20.006,0,158,158,7.897726,SUCCESS,sigmoid,
2026-06-03T06:09:38,92.0,8.0,sensor2_serial,1,1,5,1,120,195,20.000,20.005,0,162,162,8.097909,SUCCESS,sigmoid,
2026-06-03T06:09:58,92.0,8.0,sensor2_serial,1,1,5,1,120,194,20.000,20.005,0,163,163,8.148144,SUCCESS,sigmoid,
2026-06-03T06:10:18,92.0,8.0,sensor2_serial,1,1,5,1,120,193,20.000,20.005,0,146,146,7.298047,SUCCESS,sigmoid,
2026-06-03T06:10:38,92.0,8.0,sensor2_serial,1,1,5,1,120,192,20.000,20.006,0,174,174,8.697584,SUCCESS,sigmoid,
2026-06-03T06:10:58,92.0,8.0,sensor2_serial,1,1,5,1,120,191,20.000,20.005,0,159,159,7.947895,SUCCESS,sigmoid,
2026-06-03T06:11:18,92.0,8.0,sensor2_serial,1,1,5,1,120,190,20.000,20.005,0,152,152,7.598111,SUCCESS,sigmoid,
2026-06-03T06:11:38,92.0,8.0,sensor2_serial,1,1,5,1,120,189,20.000,20.006,0,173,173,8.647587,SUCCESS,sigmoid,
2026-06-03T06:11:58,92.0,8.0,sensor2_serial,1,1,5,1,120,188,20.000,20.006,0,148,148,7.397962,SUCCESS,sigmoid,
2026-06-03T06:12:18,92.0,8.0,sensor2_serial,1,1,5,1,120,187,20.000,20.005,0,164,164,8.197765,SUCCESS,sigmoid,
2026-06-03T06:12:38,92.0,8.0,sensor2_serial,1,1,5,1,120,186,20.000,20.005,0,165,165,8.247736,SUCCESS,sigmoid,
2026-06-03T06:12:59,92.0,8.0,sensor2_serial,1,1,5,1,120,185,20.000,20.006,0,168,168,8.397467,SUCCESS,sigmoid,
2026-06-03T06:13:19,92.0,8.0,sensor2_serial,1,1,5,1,120,184,20.000,20.005,0,161,161,8.047891,SUCCESS,sigmoid,
2026-06-03T06:13:39,92.0,8.0,sensor2_serial,1,1,5,1,120,183,20.000,20.005,0,161,161,8.047851,SUCCESS,sigmoid,
2026-06-03T06:13:59,92.0,8.0,sensor2_serial,1,1,5,1,120,182,20.000,20.006,0,170,170,8.497605,SUCCESS,sigmoid,
2026-06-03T06:14:19,92.0,8.0,sensor2_serial,1,1,5,1,120,181,20.000,20.005,0,145,145,7.248186,SUCCESS,sigmoid,
2026-06-03T06:14:39,92.0,8.0,sensor2_serial,1,1,5,1,120,180,20.000,20.006,0,158,158,7.897753,SUCCESS,sigmoid,
2026-06-03T06:14:59,92.0,8.0,sensor2_serial,1,1,5,1,120,179,20.000,20.005,0,150,150,7.497950,SUCCESS,sigmoid,
2026-06-03T06:15:19,92.0,8.0,sensor2_serial,1,1,5,1,120,178,20.000,20.005,0,143,143,7.148250,SUCCESS,sigmoid,
2026-06-03T06:15:39,92.0,8.0,sensor2_serial,1,1,5,1,120,177,20.000,20.005,0,164,164,8.197829,SUCCESS,sigmoid,
2026-06-03T06:15:59,92.0,8.0,sensor2_serial,1,1,5,1,120,176,20.000,20.005,0,168,168,8.397717,SUCCESS,sigmoid,
2026-06-03T06:16:19,92.0,8.0,sensor2_serial,1,1,5,1,120,175,20.000,20.006,0,136,136,6.798005,SUCCESS,sigmoid,
2026-06-03T06:16:39,92.0,8.0,sensor2_serial,1,1,5,1,120,174,20.000,20.005,0,169,169,8.447760,SUCCESS,sigmoid,
2026-06-03T06:16:59,92.0,8.0,sensor2_serial,1,1,5,1,120,173,20.000,20.005,0,172,172,8.598006,SUCCESS,sigmoid,
2026-06-03T06:17:19,92.0,8.0,sensor2_serial,1,1,5,1,120,172,20.000,20.005,0,187,187,9.347527,SUCCESS,sigmoid,
2026-06-03T06:17:39,92.0,8.0,sensor2_serial,1,1,5,1,120,171,20.000,20.005,0,135,135,6.748369,SUCCESS,sigmoid,
2026-06-03T06:17:59,92.0,8.0,sensor2_serial,1,1,5,1,120,170,20.000,20.005,0,144,144,7.198087,SUCCESS,sigmoid,
2026-06-03T06:18:19,92.0,8.0,sensor2_serial,1,1,5,1,120,169,20.000,20.004,0,169,169,8.448223,SUCCESS,sigmoid,
2026-06-03T06:18:40,92.0,8.0,sensor2_serial,1,1,5,1,120,168,20.000,20.005,0,179,179,8.947555,SUCCESS,sigmoid,
2026-06-03T06:19:00,92.0,8.0,sensor2_serial,1,1,5,1,120,167,20.000,20.006,0,190,190,9.497283,SUCCESS,sigmoid,
2026-06-03T06:19:20,92.0,8.0,sensor2_serial,1,1,5,1,120,166,20.000,20.005,0,164,164,8.197783,SUCCESS,sigmoid,
2026-06-03T06:19:40,92.0,8.0,sensor2_serial,1,1,5,1,120,165,20.000,20.006,0,155,155,7.747809,SUCCESS,sigmoid,
2026-06-03T06:20:00,92.0,8.0,sensor2_serial,1,1,5,1,120,164,20.000,20.005,0,154,154,7.697989,SUCCESS,sigmoid,
2026-06-03T06:20:20,92.0,8.0,sensor2_serial,1,1,5,1,120,163,20.000,20.005,0,161,161,8.047864,SUCCESS,sigmoid,
2026-06-03T06:20:40,92.0,8.0,sensor2_serial,1,1,5,1,120,162,20.000,20.006,0,170,170,8.497523,SUCCESS,sigmoid,
2026-06-03T06:21:00,92.0,8.0,sensor2_serial,1,1,5,1,120,161,20.000,20.005,0,136,136,6.798249,SUCCESS,sigmoid,
2026-06-03T06:21:20,92.0,8.0,sensor2_serial,1,1,5,1,120,160,20.000,20.005,0,138,138,6.898225,SUCCESS,sigmoid,
2026-06-03T06:21:40,92.0,8.0,sensor2_serial,1,1,5,1,120,159,20.000,20.005,0,150,150,7.498135,SUCCESS,sigmoid,
2026-06-03T06:22:00,92.0,8.0,sensor2_serial,1,1,5,1,120,158,20.000,20.005,0,163,163,8.148060,SUCCESS,sigmoid,
2026-06-03T06:22:20,92.0,8.0,sensor2_serial,1,1,5,1,120,157,20.000,20.006,0,157,157,7.847841,SUCCESS,sigmoid,
2026-06-03T06:22:40,92.0,8.0,sensor2_serial,1,1,5,1,120,156,20.000,20.005,0,150,150,7.498069,SUCCESS,sigmoid,
2026-06-03T06:23:00,92.0,8.0,sensor2_serial,1,1,5,1,120,155,20.000,20.005,0,144,144,7.198106,SUCCESS,sigmoid,
2026-06-03T06:23:20,92.0,8.0,sensor2_serial,1,1,5,1,120,154,20.000,20.005,0,153,153,7.648033,SUCCESS,sigmoid,
2026-06-03T06:23:40,92.0,8.0,sensor2_serial,1,1,5,1,120,153,20.000,20.006,0,158,158,7.897761,SUCCESS,sigmoid,
2026-06-03T06:24:01,92.0,8.0,sensor2_serial,1,1,5,1,120,152,20.000,20.005,0,122,122,6.098573,SUCCESS,sigmoid,
2026-06-03T06:24:21,92.0,8.0,sensor2_serial,1,1,5,1,120,151,20.000,20.006,0,130,130,6.498173,SUCCESS,sigmoid,
2026-06-03T06:24:41,92.0,8.0,sensor2_serial,1,1,5,1,120,150,20.000,20.005,0,128,128,6.398384,SUCCESS,sigmoid,
2026-06-03T06:25:01,92.0,8.0,sensor2_serial,1,1,5,1,120,149,20.000,20.005,0,133,133,6.648294,SUCCESS,sigmoid,
2026-06-03T06:25:21,92.0,8.0,sensor2_serial,1,1,5,1,120,148,20.000,20.006,0,121,121,6.048307,SUCCESS,sigmoid,
2026-06-03T06:25:41,92.0,8.0,sensor2_serial,1,1,5,1,120,147,20.000,20.005,0,136,136,6.798259,SUCCESS,sigmoid,
2026-06-03T06:26:01,92.0,8.0,sensor2_serial,1,1,5,1,120,146,20.000,20.005,0,105,105,5.248609,SUCCESS,sigmoid,
2026-06-03T06:26:21,92.0,8.0,sensor2_serial,1,1,5,1,120,145,20.000,20.005,0,122,122,6.098435,SUCCESS,sigmoid,
2026-06-03T06:26:41,92.0,8.0,sensor2_serial,1,1,5,1,120,144,20.000,20.004,0,102,102,5.098866,SUCCESS,sigmoid,
2026-06-03T06:27:01,92.0,8.0,sensor2_serial,1,1,5,1,120,143,20.000,20.006,0,119,119,5.948262,SUCCESS,sigmoid,
2026-06-03T06:27:21,92.0,8.0,sensor2_serial,1,1,5,1,120,142,20.000,20.006,0,109,109,5.448473,SUCCESS,sigmoid,
2026-06-03T06:27:41,92.0,8.0,sensor2_serial,1,1,5,1,120,141,20.000,20.005,0,109,109,5.448607,SUCCESS,sigmoid,
2026-06-03T06:28:01,92.0,8.0,sensor2_serial,1,1,5,1,120,140,20.000,20.005,0,103,103,5.148658,SUCCESS,sigmoid,
2026-06-03T06:28:21,92.0,8.0,sensor2_serial,1,1,5,1,120,139,20.000,20.005,0,123,123,6.148432,SUCCESS,sigmoid,
2026-06-03T06:28:41,92.0,8.0,sensor2_serial,1,1,5,1,120,138,20.000,20.005,0,99,99,4.948859,SUCCESS,sigmoid,
2026-06-03T06:29:01,92.0,8.0,sensor2_serial,1,1,5,1,120,137,20.000,20.005,0,103,103,5.148602,SUCCESS,sigmoid,
2026-06-03T06:29:21,92.0,8.0,sensor2_serial,1,1,5,1,120,136,20.000,20.004,0,96,96,4.798954,SUCCESS,sigmoid,
2026-06-03T06:29:42,92.0,8.0,sensor2_serial,1,1,5,1,120,135,20.000,20.004,0,94,94,4.699000,SUCCESS,sigmoid,
2026-06-03T06:30:02,92.0,8.0,sensor2_serial,1,1,5,1,120,134,20.000,20.005,0,97,97,4.848906,SUCCESS,sigmoid,
2026-06-03T06:30:22,92.0,8.0,sensor2_serial,1,1,5,1,120,133,20.000,20.003,0,87,87,4.349270,SUCCESS,sigmoid,
2026-06-03T06:30:42,92.0,8.0,sensor2_serial,1,1,5,1,120,132,20.000,20.005,0,76,76,3.799134,SUCCESS,sigmoid,
2026-06-03T06:31:02,92.0,8.0,sensor2_serial,1,1,5,1,120,131,20.000,20.005,0,89,89,4.448894,SUCCESS,sigmoid,
2026-06-03T06:31:22,92.0,8.0,sensor2_serial,1,1,5,1,120,130,20.000,20.004,0,71,71,3.549283,SUCCESS,sigmoid,
2026-06-03T06:31:42,92.0,8.0,sensor2_serial,1,1,5,1,120,129,20.000,20.005,0,83,83,4.149041,SUCCESS,sigmoid,
2026-06-03T06:32:02,92.0,8.0,sensor2_serial,1,1,5,1,120,128,20.000,20.005,0,63,63,3.149273,SUCCESS,sigmoid,
2026-06-03T06:32:22,92.0,8.0,sensor2_serial,1,1,5,1,120,127,20.000,20.003,0,72,72,3.599386,SUCCESS,sigmoid,
2026-06-03T06:32:42,92.0,8.0,sensor2_serial,1,1,5,1,120,126,20.000,20.005,0,57,57,2.849352,SUCCESS,sigmoid,
2026-06-03T06:33:02,92.0,8.0,sensor2_serial,1,1,5,1,120,125,20.000,20.004,0,57,57,2.849373,SUCCESS,sigmoid,
2026-06-03T06:33:22,92.0,8.0,sensor2_serial,1,1,5,1,120,124,20.000,20.004,0,64,64,3.199341,SUCCESS,sigmoid,
2026-06-03T06:33:42,92.0,8.0,sensor2_serial,1,1,5,1,120,123,20.000,20.004,0,68,68,3.399246,SUCCESS,sigmoid,
2026-06-03T06:34:02,92.0,8.0,sensor2_serial,1,1,5,1,120,122,20.000,20.005,0,55,55,2.749380,SUCCESS,sigmoid,
2026-06-03T06:34:22,92.0,8.0,sensor2_serial,1,1,5,1,120,121,20.000,20.005,0,36,36,1.799566,SUCCESS,sigmoid,
2026-06-03T06:34:42,92.0,8.0,sensor2_serial,1,1,5,1,120,120,20.000,20.004,0,43,43,2.149533,SUCCESS,sigmoid,
2026-06-03T06:35:02,92.0,8.0,sensor2_serial,1,1,5,1,120,119,20.000,20.004,0,43,43,2.149537,SUCCESS,sigmoid,
2026-06-03T06:35:23,92.0,8.0,sensor2_serial,1,1,5,1,120,118,20.000,20.004,0,32,32,1.599665,SUCCESS,sigmoid,
2026-06-03T06:35:43,92.0,8.0,sensor2_serial,1,1,5,1,120,117,20.000,20.004,0,22,22,1.099802,SUCCESS,sigmoid,
2026-06-03T06:36:03,92.0,8.0,sensor2_serial,1,1,5,1,120,116,20.000,20.005,0,31,31,1.549639,SUCCESS,sigmoid,
2026-06-03T06:36:23,92.0,8.0,sensor2_serial,1,1,5,1,120,115,20.000,20.004,0,21,21,1.049777,SUCCESS,sigmoid,
2026-06-03T06:36:43,92.0,8.0,sensor2_serial,1,1,5,1,120,114,20.000,20.005,0,22,22,1.099752,SUCCESS,sigmoid,
2026-06-03T06:37:03,92.0,8.0,sensor2_serial,1,1,5,1,120,113,20.000,20.005,0,9,9,0.449885,SUCCESS,sigmoid,
2026-06-03T06:37:23,92.0,8.0,sensor2_serial,1,1,5,1,120,112,20.000,20.004,0,19,19,0.949819,SUCCESS,sigmoid,
2026-06-03T06:37:43,92.0,8.0,sensor2_serial,1,1,5,1,120,111,20.000,20.004,0,18,18,0.899809,SUCCESS,sigmoid,
2026-06-03T06:38:03,92.0,8.0,sensor2_serial,1,1,5,1,120,110,20.000,20.004,0,12,12,0.599892,SUCCESS,sigmoid,
2026-06-03T06:38:23,92.0,8.0,sensor2_serial,1,1,5,1,120,109,20.000,20.005,0,8,8,0.399894,SUCCESS,sigmoid,
2026-06-03T06:38:43,92.0,8.0,sensor2_serial,1,1,5,1,120,108,20.000,20.005,0,7,7,0.349906,SUCCESS,sigmoid,
2026-06-03T06:39:03,92.0,8.0,sensor2_serial,1,1,5,1,120,107,20.000,20.005,0,9,9,0.449880,SUCCESS,sigmoid,
2026-06-03T06:39:23,92.0,8.0,sensor2_serial,1,1,5,1,120,106,20.000,20.005,0,8,8,0.399892,SUCCESS,sigmoid,
2026-06-03T06:39:43,92.0,8.0,sensor2_serial,1,1,5,1,120,105,20.000,20.006,0,8,8,0.399881,SUCCESS,sigmoid,
2026-06-03T06:40:03,92.0,8.0,sensor2_serial,1,1,5,1,120,104,20.000,20.005,0,4,4,0.199947,SUCCESS,sigmoid,
2026-06-03T06:40:23,92.0,8.0,sensor2_serial,1,1,5,1,120,103,20.000,20.006,0,4,4,0.199942,SUCCESS,sigmoid,
2026-06-03T06:40:43,92.0,8.0,sensor2_serial,1,1,5,1,120,102,20.000,20.005,0,2,2,0.099974,SUCCESS,sigmoid,
2026-06-03T06:41:04,92.0,8.0,sensor2_serial,1,1,5,1,120,101,20.000,20.005,0,3,3,0.149961,SUCCESS,sigmoid,
2026-06-03T06:41:24,92.0,8.0,sensor2_serial,1,1,5,1,120,100,20.000,20.005,0,1,1,0.049986,SUCCESS,sigmoid,
2026-06-03T06:41:44,92.0,8.0,sensor2_serial,1,1,5,1,120,99,20.000,20.006,0,0,0,0.000000,SUCCESS,sigmoid,
2026-06-03T06:42:04,92.0,8.0,sensor2_serial,1,1,5,1,120,98,20.000,20.005,0,1,1,0.049986,SUCCESS,sigmoid,
2026-06-03T06:42:24,92.0,8.0,sensor2_serial,1,1,5,1,120,97,20.000,20.005,0,0,0,0.000000,SUCCESS,sigmoid,
2026-06-03T06:42:44,92.0,8.0,sensor2_serial,1,1,5,1,120,96,20.000,20.005,0,1,1,0.049986,SUCCESS,sigmoid,
2026-06-03T06:43:04,92.0,8.0,sensor2_serial,1,1,5,1,120,95,20.000,20.005,0,1,1,0.049987,SUCCESS,sigmoid,
2026-06-03T06:43:24,92.0,8.0,sensor2_serial,1,1,5,1,120,94,20.000,20.005,0,0,0,0.000000,SUCCESS,sigmoid,
2026-06-03T06:43:44,92.0,8.0,sensor2_serial,1,1,5,1,120,93,20.000,20.006,0,1,1,0.049986,SUCCESS,sigmoid,
2026-06-03T06:44:04,92.0,8.0,sensor2_serial,1,1,5,1,120,92,20.000,20.005,0,0,0,0.000000,SUCCESS,sigmoid,
2026-06-03T06:44:24,92.0,8.0,sensor2_serial,1,1,5,1,120,91,20.000,20.005,0,0,0,0.000000,SUCCESS,sigmoid,
2026-06-03T06:44:44,92.0,8.0,sensor2_serial,1,2,6,2,120,255,20.000,20.005,0,1821534,1821534,91053.608273,SUCCESS,sigmoid,
2026-06-03T06:45:04,92.0,8.0,sensor2_serial,1,2,6,2,120,254,20.000,20.006,0,1864858,1864858,93216.827183,SUCCESS,sigmoid,
2026-06-03T06:45:24,92.0,8.0,sensor2_serial,1,2,6,2,120,253,20.000,20.006,0,1912424,1912424,95594.214939,SUCCESS,sigmoid,
2026-06-03T06:45:44,92.0,8.0,sensor2_serial,1,2,6,2,120,252,20.000,20.005,0,2077857,2077857,103865.032087,SUCCESS,sigmoid,
2026-06-03T06:46:04,92.0,8.0,sensor2_serial,1,2,6,2,120,251,20.000,20.005,0,2205533,2205533,110246.854753,SUCCESS,sigmoid,
2026-06-03T06:46:24,92.0,8.0,sensor2_serial,1,2,6,2,120,250,20.000,20.006,0,2396779,2396779,119805.767293,SUCCESS,sigmoid,
2026-06-03T06:46:45,92.0,8.0,sensor2_serial,1,2,6,2,120,249,20.000,20.006,0,2694420,2694420,134681.048161,SUCCESS,sigmoid,
2026-06-03T06:47:05,92.0,8.0,sensor2_serial,1,2,6,2,120,248,20.000,20.005,0,3023340,3023340,151128.062302,SUCCESS,sigmoid,
2026-06-03T06:47:25,92.0,8.0,sensor2_serial,1,2,6,2,120,247,20.000,20.005,0,3043468,3043468,152133.871274,SUCCESS,sigmoid,
2026-06-03T06:47:45,92.0,8.0,sensor2_serial,1,2,6,2,120,246,20.000,20.006,0,2552599,2552599,127593.256669,SUCCESS,sigmoid,
2026-06-03T06:48:05,92.0,8.0,sensor2_serial,1,2,6,2,120,245,20.000,20.005,0,2156048,2156048,107773.334914,SUCCESS,sigmoid,
2026-06-03T06:48:25,92.0,8.0,sensor2_serial,1,2,6,2,120,244,20.000,20.005,0,1572285,1572285,78592.807186,SUCCESS,sigmoid,
2026-06-03T06:48:45,92.0,8.0,sensor2_serial,1,2,6,2,120,243,20.000,20.006,0,1113174,1113174,55642.669731,SUCCESS,sigmoid,
2026-06-03T06:49:05,92.0,8.0,sensor2_serial,1,2,6,2,120,242,20.000,20.005,0,649471,649471,32464.686328,SUCCESS,sigmoid,
2026-06-03T06:49:25,92.0,8.0,sensor2_serial,1,2,6,2,120,241,20.000,20.005,0,420159,420159,21002.243652,SUCCESS,sigmoid,
2026-06-03T06:49:45,92.0,8.0,sensor2_serial,1,2,6,2,120,240,20.000,20.005,0,178942,178942,8944.673448,SUCCESS,sigmoid,
2026-06-03T06:50:05,92.0,8.0,sensor2_serial,1,2,6,2,120,239,20.000,20.006,0,115372,115372,5766.998241,SUCCESS,sigmoid,
2026-06-03T06:50:25,92.0,8.0,sensor2_serial,1,2,6,2,120,238,20.000,20.005,0,51814,51814,2590.020246,SUCCESS,sigmoid,
2026-06-03T06:50:45,92.0,8.0,sensor2_serial,1,2,6,2,120,237,20.000,20.005,0,25705,25705,1284.923355,SUCCESS,sigmoid,
2026-06-03T06:51:05,92.0,8.0,sensor2_serial,1,2,6,2,120,236,20.000,20.006,0,9294,9294,464.566084,SUCCESS,sigmoid,
2026-06-03T06:51:25,92.0,8.0,sensor2_serial,1,2,6,2,120,235,20.000,20.006,0,4885,4885,244.181141,SUCCESS,sigmoid,
2026-06-03T06:51:45,92.0,8.0,sensor2_serial,1,2,6,2,120,234,20.000,20.006,0,2288,2288,114.368278,SUCCESS,sigmoid,
2026-06-03T06:52:06,92.0,8.0,sensor2_serial,1,2,6,2,120,233,20.000,20.006,0,1242,1242,62.082737,SUCCESS,sigmoid,
2026-06-03T06:52:26,92.0,8.0,sensor2_serial,1,2,6,2,120,232,20.000,20.005,0,462,462,23.094043,SUCCESS,sigmoid,
2026-06-03T06:52:46,92.0,8.0,sensor2_serial,1,2,6,2,120,231,20.000,20.006,0,270,270,13.496194,SUCCESS,sigmoid,
2026-06-03T06:53:06,92.0,8.0,sensor2_serial,1,2,6,2,120,230,20.000,20.006,0,218,218,10.896917,SUCCESS,sigmoid,
2026-06-03T06:53:26,92.0,8.0,sensor2_serial,1,2,6,2,120,229,20.000,20.005,0,203,203,10.147351,SUCCESS,sigmoid,
2026-06-03T06:53:46,92.0,8.0,sensor2_serial,1,2,6,2,120,228,20.000,20.005,0,161,161,8.047942,SUCCESS,sigmoid,
2026-06-03T06:54:06,92.0,8.0,sensor2_serial,1,2,6,2,120,227,20.000,20.006,0,187,187,9.347281,SUCCESS,sigmoid,
2026-06-03T06:54:26,92.0,8.0,sensor2_serial,1,2,6,2,120,226,20.000,20.006,0,181,181,9.047460,SUCCESS,sigmoid,
2026-06-03T06:54:46,92.0,8.0,sensor2_serial,1,2,6,2,120,225,20.000,20.005,0,172,172,8.597861,SUCCESS,sigmoid,
2026-06-03T06:55:06,92.0,8.0,sensor2_serial,1,2,6,2,120,224,20.000,20.006,0,175,175,8.747571,SUCCESS,sigmoid,
2026-06-03T06:55:26,92.0,8.0,sensor2_serial,1,2,6,2,120,223,20.000,20.006,0,194,194,9.697237,SUCCESS,sigmoid,
2026-06-03T06:55:46,92.0,8.0,sensor2_serial,1,2,6,2,120,222,20.000,20.005,0,189,189,9.447557,SUCCESS,sigmoid,
2026-06-03T06:56:06,92.0,8.0,sensor2_serial,1,2,6,2,120,221,20.000,20.006,0,183,183,9.147468,SUCCESS,sigmoid,
2026-06-03T06:56:26,92.0,8.0,sensor2_serial,1,2,6,2,120,220,20.000,20.005,0,186,186,9.297447,SUCCESS,sigmoid,
2026-06-03T06:56:46,92.0,8.0,sensor2_serial,1,2,6,2,120,219,20.000,20.005,0,191,191,9.547565,SUCCESS,sigmoid,
2026-06-03T06:57:06,92.0,8.0,sensor2_serial,1,2,6,2,120,218,20.000,20.005,0,173,173,8.647670,SUCCESS,sigmoid,
2026-06-03T06:57:26,92.0,8.0,sensor2_serial,1,2,6,2,120,217,20.000,20.005,0,188,188,9.397493,SUCCESS,sigmoid,
2026-06-03T06:57:47,92.0,8.0,sensor2_serial,1,2,6,2,120,216,20.000,20.006,0,196,196,9.797146,SUCCESS,sigmoid,
2026-06-03T06:58:07,92.0,8.0,sensor2_serial,1,2,6,2,120,215,20.000,20.006,0,177,177,8.847499,SUCCESS,sigmoid,
2026-06-03T06:58:27,92.0,8.0,sensor2_serial,1,2,6,2,120,214,20.000,20.005,0,180,180,8.997627,SUCCESS,sigmoid,
2026-06-03T06:58:47,92.0,8.0,sensor2_serial,1,2,6,2,120,213,20.000,20.005,0,164,164,8.197843,SUCCESS,sigmoid,
2026-06-03T06:59:07,92.0,8.0,sensor2_serial,1,2,6,2,120,212,20.000,20.005,0,196,196,9.797314,SUCCESS,sigmoid,
2026-06-03T06:59:27,92.0,8.0,sensor2_serial,1,2,6,2,120,211,20.000,20.006,0,175,175,8.747351,SUCCESS,sigmoid,
2026-06-03T06:59:47,92.0,8.0,sensor2_serial,1,2,6,2,120,210,20.000,20.005,0,182,182,9.097563,SUCCESS,sigmoid,
2026-06-03T07:00:07,92.0,8.0,sensor2_serial,1,2,6,2,120,209,20.000,20.005,0,176,176,8.797688,SUCCESS,sigmoid,
2026-06-03T07:00:27,92.0,8.0,sensor2_serial,1,2,6,2,120,208,20.000,20.005,0,167,167,8.347798,SUCCESS,sigmoid,
2026-06-03T07:00:47,92.0,8.0,sensor2_serial,1,2,6,2,120,207,20.000,20.006,0,188,188,9.397351,SUCCESS,sigmoid,
2026-06-03T07:01:07,92.0,8.0,sensor2_serial,1,2,6,2,120,206,20.000,20.005,0,180,180,8.997929,SUCCESS,sigmoid,
2026-06-03T07:01:27,92.0,8.0,sensor2_serial,1,2,6,2,120,205,20.000,20.005,0,170,170,8.497936,SUCCESS,sigmoid,
2026-06-03T07:01:47,92.0,8.0,sensor2_serial,1,2,6,2,120,204,20.000,20.005,0,140,140,6.998108,SUCCESS,sigmoid,
2026-06-03T07:02:07,92.0,8.0,sensor2_serial,1,2,6,2,120,203,20.000,20.005,0,189,189,9.447560,SUCCESS,sigmoid,
2026-06-03T07:02:27,92.0,8.0,sensor2_serial,1,2,6,2,120,202,20.000,20.006,0,182,182,9.097454,SUCCESS,sigmoid,
2026-06-03T07:02:47,92.0,8.0,sensor2_serial,1,2,6,2,120,201,20.000,20.006,0,170,170,8.497631,SUCCESS,sigmoid,
2026-06-03T07:03:07,92.0,8.0,sensor2_serial,1,2,6,2,120,200,20.000,20.005,0,134,134,6.698434,SUCCESS,sigmoid,
2026-06-03T07:03:28,92.0,8.0,sensor2_serial,1,2,6,2,120,199,20.000,20.005,0,140,140,6.998084,SUCCESS,sigmoid,
2026-06-03T07:03:48,92.0,8.0,sensor2_serial,1,2,6,2,120,198,20.000,20.005,0,179,179,8.947689,SUCCESS,sigmoid,
2026-06-03T07:04:08,92.0,8.0,sensor2_serial,1,2,6,2,120,197,20.000,20.005,0,179,179,8.947636,SUCCESS,sigmoid,
2026-06-03T07:04:28,92.0,8.0,sensor2_serial,1,2,6,2,120,196,20.000,20.005,0,163,163,8.147898,SUCCESS,sigmoid,
2026-06-03T07:04:48,92.0,8.0,sensor2_serial,1,2,6,2,120,195,20.000,20.006,0,145,145,7.247936,SUCCESS,sigmoid,
2026-06-03T07:05:08,92.0,8.0,sensor2_serial,1,2,6,2,120,194,20.000,20.005,0,151,151,7.548007,SUCCESS,sigmoid,
2026-06-03T07:05:28,92.0,8.0,sensor2_serial,1,2,6,2,120,193,20.000,20.006,0,175,175,8.747569,SUCCESS,sigmoid,
2026-06-03T07:05:48,92.0,8.0,sensor2_serial,1,2,6,2,120,192,20.000,20.004,0,164,164,8.198176,SUCCESS,sigmoid,
2026-06-03T07:06:08,92.0,8.0,sensor2_serial,1,2,6,2,120,191,20.000,20.005,0,169,169,8.447755,SUCCESS,sigmoid,
2026-06-03T07:06:28,92.0,8.0,sensor2_serial,1,2,6,2,120,190,20.000,20.005,0,175,175,8.747696,SUCCESS,sigmoid,
2026-06-03T07:06:48,92.0,8.0,sensor2_serial,1,2,6,2,120,189,20.000,20.005,0,154,154,7.697957,SUCCESS,sigmoid,
2026-06-03T07:07:08,92.0,8.0,sensor2_serial,1,2,6,2,120,188,20.000,20.005,0,173,173,8.647730,SUCCESS,sigmoid,
2026-06-03T07:07:28,92.0,8.0,sensor2_serial,1,2,6,2,120,187,20.000,20.005,0,180,180,8.997649,SUCCESS,sigmoid,
2026-06-03T07:07:48,92.0,8.0,sensor2_serial,1,2,6,2,120,186,20.000,20.005,0,148,148,7.397984,SUCCESS,sigmoid,
2026-06-03T07:08:08,92.0,8.0,sensor2_serial,1,2,6,2,120,185,20.000,20.005,0,174,174,8.697758,SUCCESS,sigmoid,
2026-06-03T07:08:28,92.0,8.0,sensor2_serial,1,2,6,2,120,184,20.000,20.004,0,127,127,6.348681,SUCCESS,sigmoid,
2026-06-03T07:08:48,92.0,8.0,sensor2_serial,1,2,6,2,120,183,20.000,20.006,0,155,155,7.747853,SUCCESS,sigmoid,
2026-06-03T07:09:09,92.0,8.0,sensor2_serial,1,2,6,2,120,182,20.000,20.005,0,149,149,7.448080,SUCCESS,sigmoid,
2026-06-03T07:09:29,92.0,8.0,sensor2_serial,1,2,6,2,120,181,20.000,20.005,0,168,168,8.397867,SUCCESS,sigmoid,
2026-06-03T07:09:49,92.0,8.0,sensor2_serial,1,2,6,2,120,180,20.000,20.005,0,156,156,7.797954,SUCCESS,sigmoid,
2026-06-03T07:10:09,92.0,8.0,sensor2_serial,1,2,6,2,120,179,20.000,20.005,0,163,163,8.147804,SUCCESS,sigmoid,
2026-06-03T07:10:29,92.0,8.0,sensor2_serial,1,2,6,2,120,178,20.000,20.005,0,157,157,7.847902,SUCCESS,sigmoid,
2026-06-03T07:10:49,92.0,8.0,sensor2_serial,1,2,6,2,120,177,20.000,20.005,0,158,158,7.897907,SUCCESS,sigmoid,
2026-06-03T07:11:09,92.0,8.0,sensor2_serial,1,2,6,2,120,176,20.000,20.005,0,150,150,7.498023,SUCCESS,sigmoid,
2026-06-03T07:11:29,92.0,8.0,sensor2_serial,1,2,6,2,120,175,20.000,20.006,0,168,168,8.397671,SUCCESS,sigmoid,
2026-06-03T07:11:49,92.0,8.0,sensor2_serial,1,2,6,2,120,174,20.000,20.005,0,145,145,7.248110,SUCCESS,sigmoid,
2026-06-03T07:12:09,92.0,8.0,sensor2_serial,1,2,6,2,120,173,20.000,20.005,0,165,165,8.247740,SUCCESS,sigmoid,
2026-06-03T07:12:29,92.0,8.0,sensor2_serial,1,2,6,2,120,172,20.000,20.005,0,163,163,8.147919,SUCCESS,sigmoid,
2026-06-03T07:12:49,92.0,8.0,sensor2_serial,1,2,6,2,120,171,20.000,20.005,0,168,168,8.397830,SUCCESS,sigmoid,
2026-06-03T07:13:09,92.0,8.0,sensor2_serial,1,2,6,2,120,170,20.000,20.005,0,163,163,8.147812,SUCCESS,sigmoid,
2026-06-03T07:13:29,92.0,8.0,sensor2_serial,1,2,6,2,120,169,20.000,20.006,0,145,145,7.248004,SUCCESS,sigmoid,
2026-06-03T07:13:49,92.0,8.0,sensor2_serial,1,2,6,2,120,168,20.000,20.005,0,179,179,8.947730,SUCCESS,sigmoid,
2026-06-03T07:14:09,92.0,8.0,sensor2_serial,1,2,6,2,120,167,20.000,20.005,0,144,144,7.198185,SUCCESS,sigmoid,
2026-06-03T07:14:30,92.0,8.0,sensor2_serial,1,2,6,2,120,166,20.000,20.005,0,177,177,8.847765,SUCCESS,sigmoid,
2026-06-03T07:14:50,92.0,8.0,sensor2_serial,1,2,6,2,120,165,20.000,20.006,0,151,151,7.547802,SUCCESS,sigmoid,
2026-06-03T07:15:10,92.0,8.0,sensor2_serial,1,2,6,2,120,164,20.000,20.005,0,131,131,6.548283,SUCCESS,sigmoid,
2026-06-03T07:15:30,92.0,8.0,sensor2_serial,1,2,6,2,120,163,20.000,20.005,0,159,159,7.947819,SUCCESS,sigmoid,
2026-06-03T07:15:50,92.0,8.0,sensor2_serial,1,2,6,2,120,162,20.000,20.005,0,141,141,7.048203,SUCCESS,sigmoid,
2026-06-03T07:16:10,92.0,8.0,sensor2_serial,1,2,6,2,120,161,20.000,20.005,0,146,146,7.298223,SUCCESS,sigmoid,
2026-06-03T07:16:30,92.0,8.0,sensor2_serial,1,2,6,2,120,160,20.000,20.006,0,144,144,7.197931,SUCCESS,sigmoid,
2026-06-03T07:16:50,92.0,8.0,sensor2_serial,1,2,6,2,120,159,20.000,20.005,0,158,158,7.898095,SUCCESS,sigmoid,
2026-06-03T07:17:10,92.0,8.0,sensor2_serial,1,2,6,2,120,158,20.000,20.005,0,145,145,7.248008,SUCCESS,sigmoid,
2026-06-03T07:17:30,92.0,8.0,sensor2_serial,1,2,6,2,120,157,20.000,20.006,0,153,153,7.647897,SUCCESS,sigmoid,
2026-06-03T07:17:50,92.0,8.0,sensor2_serial,1,2,6,2,120,156,20.000,20.005,0,148,148,7.398040,SUCCESS,sigmoid,
2026-06-03T07:18:10,92.0,8.0,sensor2_serial,1,2,6,2,120,155,20.000,20.005,0,159,159,7.948051,SUCCESS,sigmoid,
2026-06-03T07:18:30,92.0,8.0,sensor2_serial,1,2,6,2,120,154,20.000,20.005,0,140,140,6.998374,SUCCESS,sigmoid,
2026-06-03T07:18:50,92.0,8.0,sensor2_serial,1,2,6,2,120,153,20.000,20.006,0,144,144,7.198000,SUCCESS,sigmoid,
2026-06-03T07:19:10,92.0,8.0,sensor2_serial,1,2,6,2,120,152,20.000,20.006,0,132,132,6.598183,SUCCESS,sigmoid,
2026-06-03T07:19:30,92.0,8.0,sensor2_serial,1,2,6,2,120,151,20.000,20.005,0,142,142,7.098083,SUCCESS,sigmoid,
2026-06-03T07:19:50,92.0,8.0,sensor2_serial,1,2,6,2,120,150,20.000,20.005,0,126,126,6.298278,SUCCESS,sigmoid,
2026-06-03T07:20:11,92.0,8.0,sensor2_serial,1,2,6,2,120,149,20.000,20.005,0,107,107,5.348592,SUCCESS,sigmoid,
2026-06-03T07:20:31,92.0,8.0,sensor2_serial,1,2,6,2,120,148,20.000,20.005,0,127,127,6.348292,SUCCESS,sigmoid,
2026-06-03T07:20:51,92.0,8.0,sensor2_serial,1,2,6,2,120,147,20.000,20.005,0,126,126,6.298334,SUCCESS,sigmoid,
2026-06-03T07:21:11,92.0,8.0,sensor2_serial,1,2,6,2,120,146,20.000,20.004,0,123,123,6.148677,SUCCESS,sigmoid,
2026-06-03T07:21:31,92.0,8.0,sensor2_serial,1,2,6,2,120,145,20.000,20.005,0,121,121,6.048426,SUCCESS,sigmoid,
2026-06-03T07:21:51,92.0,8.0,sensor2_serial,1,2,6,2,120,144,20.000,20.005,0,117,117,5.848447,SUCCESS,sigmoid,
2026-06-03T07:22:11,92.0,8.0,sensor2_serial,1,2,6,2,120,143,20.000,20.006,0,104,104,5.198549,SUCCESS,sigmoid,
2026-06-03T07:22:31,92.0,8.0,sensor2_serial,1,2,6,2,120,142,20.000,20.005,0,121,121,6.048630,SUCCESS,sigmoid,
2026-06-03T07:22:51,92.0,8.0,sensor2_serial,1,2,6,2,120,141,20.000,20.005,0,106,106,5.298588,SUCCESS,sigmoid,
2026-06-03T07:23:11,92.0,8.0,sensor2_serial,1,2,6,2,120,140,20.000,20.005,0,140,140,6.998250,SUCCESS,sigmoid,
2026-06-03T07:23:31,92.0,8.0,sensor2_serial,1,2,6,2,120,139,20.000,20.004,0,96,96,4.799003,SUCCESS,sigmoid,
2026-06-03T07:23:51,92.0,8.0,sensor2_serial,1,2,6,2,120,138,20.000,20.005,0,106,106,5.298578,SUCCESS,sigmoid,
2026-06-03T07:24:11,92.0,8.0,sensor2_serial,1,2,6,2,120,137,20.000,20.004,0,78,78,3.899177,SUCCESS,sigmoid,
2026-06-03T07:24:31,92.0,8.0,sensor2_serial,1,2,6,2,120,136,20.000,20.004,0,92,92,4.599137,SUCCESS,sigmoid,
2026-06-03T07:24:51,92.0,8.0,sensor2_serial,1,2,6,2,120,135,20.000,20.005,0,105,105,5.248611,SUCCESS,sigmoid,
2026-06-03T07:25:11,92.0,8.0,sensor2_serial,1,2,6,2,120,134,20.000,20.004,0,72,72,3.599250,SUCCESS,sigmoid,
2026-06-03T07:25:31,92.0,8.0,sensor2_serial,1,2,6,2,120,133,20.000,20.004,0,75,75,3.749283,SUCCESS,sigmoid,
2026-06-03T07:25:52,92.0,8.0,sensor2_serial,1,2,6,2,120,132,20.000,20.004,0,78,78,3.899204,SUCCESS,sigmoid,
2026-06-03T07:26:12,92.0,8.0,sensor2_serial,1,2,6,2,120,131,20.000,20.004,0,63,63,3.149312,SUCCESS,sigmoid,
2026-06-03T07:26:32,92.0,8.0,sensor2_serial,1,2,6,2,120,130,20.000,20.004,0,61,61,3.049335,SUCCESS,sigmoid,
2026-06-03T07:26:52,92.0,8.0,sensor2_serial,1,2,6,2,120,129,20.000,20.005,0,54,54,2.699391,SUCCESS,sigmoid,
2026-06-03T07:27:12,92.0,8.0,sensor2_serial,1,2,6,2,120,128,20.000,20.004,0,54,54,2.699453,SUCCESS,sigmoid,
2026-06-03T07:27:32,92.0,8.0,sensor2_serial,1,2,6,2,120,127,20.000,20.004,0,57,57,2.849392,SUCCESS,sigmoid,
2026-06-03T07:27:52,92.0,8.0,sensor2_serial,1,2,6,2,120,126,20.000,20.005,0,53,53,2.649402,SUCCESS,sigmoid,
2026-06-03T07:28:12,92.0,8.0,sensor2_serial,1,2,6,2,120,125,20.000,20.004,0,63,63,3.149308,SUCCESS,sigmoid,
2026-06-03T07:28:32,92.0,8.0,sensor2_serial,1,2,6,2,120,124,20.000,20.004,0,52,52,2.599492,SUCCESS,sigmoid,
2026-06-03T07:28:52,92.0,8.0,sensor2_serial,1,2,6,2,120,123,20.000,20.004,0,64,64,3.199302,SUCCESS,sigmoid,
2026-06-03T07:29:12,92.0,8.0,sensor2_serial,1,2,6,2,120,122,20.000,20.004,0,42,42,2.099574,SUCCESS,sigmoid,
2026-06-03T07:29:32,92.0,8.0,sensor2_serial,1,2,6,2,120,121,20.000,20.004,0,55,55,2.749474,SUCCESS,sigmoid,
2026-06-03T07:29:52,92.0,8.0,sensor2_serial,1,2,6,2,120,120,20.000,20.005,0,46,46,2.299458,SUCCESS,sigmoid,
2026-06-03T07:30:12,92.0,8.0,sensor2_serial,1,2,6,2,120,119,20.000,20.004,0,28,28,1.399716,SUCCESS,sigmoid,
2026-06-03T07:30:32,92.0,8.0,sensor2_serial,1,2,6,2,120,118,20.000,20.005,0,31,31,1.549639,SUCCESS,sigmoid,
2026-06-03T07:30:52,92.0,8.0,sensor2_serial,1,2,6,2,120,117,20.000,20.005,0,25,25,1.249719,SUCCESS,sigmoid,
2026-06-03T07:31:12,92.0,8.0,sensor2_serial,1,2,6,2,120,116,20.000,20.004,0,29,29,1.449735,SUCCESS,sigmoid,
2026-06-03T07:31:33,92.0,8.0,sensor2_serial,1,2,6,2,120,115,20.000,20.005,0,24,24,1.199720,SUCCESS,sigmoid,
2026-06-03T07:31:53,92.0,8.0,sensor2_serial,1,2,6,2,120,114,20.000,20.005,0,19,19,0.949786,SUCCESS,sigmoid,
2026-06-03T07:32:13,92.0,8.0,sensor2_serial,1,2,6,2,120,113,20.000,20.005,0,16,16,0.799817,SUCCESS,sigmoid,
2026-06-03T07:32:33,92.0,8.0,sensor2_serial,1,2,6,2,120,112,20.000,20.004,0,15,15,0.749837,SUCCESS,sigmoid,
2026-06-03T07:32:53,92.0,8.0,sensor2_serial,1,2,6,2,120,111,20.000,20.004,0,10,10,0.499904,SUCCESS,sigmoid,
2026-06-03T07:33:13,92.0,8.0,sensor2_serial,1,2,6,2,120,110,20.000,20.005,0,14,14,0.699837,SUCCESS,sigmoid,
2026-06-03T07:33:33,92.0,8.0,sensor2_serial,1,2,6,2,120,109,20.000,20.005,0,9,9,0.449879,SUCCESS,sigmoid,
2026-06-03T07:33:53,92.0,8.0,sensor2_serial,1,2,6,2,120,108,20.000,20.005,0,9,9,0.449883,SUCCESS,sigmoid,
2026-06-03T07:34:13,92.0,8.0,sensor2_serial,1,2,6,2,120,107,20.000,20.005,0,5,5,0.249943,SUCCESS,sigmoid,
2026-06-03T07:34:33,92.0,8.0,sensor2_serial,1,2,6,2,120,106,20.000,20.005,0,7,7,0.349908,SUCCESS,sigmoid,
2026-06-03T07:34:53,92.0,8.0,sensor2_serial,1,2,6,2,120,105,20.000,20.005,0,8,8,0.399900,SUCCESS,sigmoid,
2026-06-03T07:35:13,92.0,8.0,sensor2_serial,1,2,6,2,120,104,20.000,20.006,0,5,5,0.249928,SUCCESS,sigmoid,
2026-06-03T07:35:33,92.0,8.0,sensor2_serial,1,2,6,2,120,103,20.000,20.005,0,4,4,0.199948,SUCCESS,sigmoid,
2026-06-03T07:35:53,92.0,8.0,sensor2_serial,1,2,6,2,120,102,20.000,20.006,0,4,4,0.199944,SUCCESS,sigmoid,
2026-06-03T07:36:13,92.0,8.0,sensor2_serial,1,2,6,2,120,101,20.000,20.005,0,2,2,0.099976,SUCCESS,sigmoid,
2026-06-03T07:36:33,92.0,8.0,sensor2_serial,1,2,6,2,120,100,20.000,20.006,0,2,2,0.099972,SUCCESS,sigmoid,
2026-06-03T07:36:53,92.0,8.0,sensor2_serial,1,2,6,2,120,99,20.000,20.005,0,1,1,0.049986,SUCCESS,sigmoid,
2026-06-03T07:37:14,92.0,8.0,sensor2_serial,1,2,6,2,120,98,20.000,20.005,0,0,0,0.000000,SUCCESS,sigmoid,
2026-06-03T07:37:34,92.0,8.0,sensor2_serial,1,2,6,2,120,97,20.000,20.005,0,0,0,0.000000,SUCCESS,sigmoid,
2026-06-03T07:38:08,93.0,7.0,sensor2_serial,1,0,4,0,120,255,20.000,20.005,0,3402314,3402314,170071.662579,SUCCESS,sigmoid,
2026-06-03T07:38:28,93.0,7.0,sensor2_serial,1,0,4,0,120,254,20.000,20.005,0,3514656,3514656,175686.112935,SUCCESS,sigmoid,
2026-06-03T07:38:48,93.0,7.0,sensor2_serial,1,0,4,0,120,253,20.000,20.006,0,3246727,3246727,162290.858457,SUCCESS,sigmoid,
2026-06-03T07:39:08,93.0,7.0,sensor2_serial,1,0,4,0,120,252,20.000,20.006,0,2763432,2763432,138129.620728,SUCCESS,sigmoid,
2026-06-03T07:39:28,93.0,7.0,sensor2_serial,1,0,4,0,120,251,20.000,20.006,0,1918521,1918521,95896.340065,SUCCESS,sigmoid,
2026-06-03T07:39:48,93.0,7.0,sensor2_serial,1,0,4,0,120,250,20.000,20.007,0,1321958,1321958,66076.299153,SUCCESS,sigmoid,
2026-06-03T07:40:08,93.0,7.0,sensor2_serial,1,0,4,0,120,249,20.000,20.005,0,846197,846197,42298.682606,SUCCESS,sigmoid,
2026-06-03T07:40:28,93.0,7.0,sensor2_serial,1,0,4,0,120,248,20.000,20.006,0,408082,408082,20398.282485,SUCCESS,sigmoid,
2026-06-03T07:40:48,93.0,7.0,sensor2_serial,1,0,4,0,120,247,20.000,20.006,0,319000,319000,15945.328517,SUCCESS,sigmoid,
2026-06-03T07:41:08,93.0,7.0,sensor2_serial,1,0,4,0,120,246,20.000,20.006,0,161548,161548,8075.093933,SUCCESS,sigmoid,
2026-06-03T07:41:28,93.0,7.0,sensor2_serial,1,0,4,0,120,245,20.000,20.006,0,76220,76220,3809.927184,SUCCESS,sigmoid,
2026-06-03T07:41:48,93.0,7.0,sensor2_serial,1,0,4,0,120,244,20.000,20.006,0,39458,39458,1972.273799,SUCCESS,sigmoid,
2026-06-03T07:42:08,93.0,7.0,sensor2_serial,1,0,4,0,120,243,20.000,20.006,0,39485,39485,1973.692969,SUCCESS,sigmoid,
2026-06-03T07:42:28,93.0,7.0,sensor2_serial,1,0,4,0,120,242,20.000,20.005,0,14633,14633,731.462465,SUCCESS,sigmoid,
2026-06-03T07:42:49,93.0,7.0,sensor2_serial,1,0,4,0,120,241,20.000,20.005,0,5937,5937,296.774729,SUCCESS,sigmoid,
2026-06-03T07:43:09,93.0,7.0,sensor2_serial,1,0,4,0,120,240,20.000,20.005,0,2756,2756,137.762722,SUCCESS,sigmoid,
2026-06-03T07:43:29,93.0,7.0,sensor2_serial,1,0,4,0,120,239,20.000,20.005,0,1033,1033,51.636641,SUCCESS,sigmoid,
2026-06-03T07:43:49,93.0,7.0,sensor2_serial,1,0,4,0,120,238,20.000,20.005,0,420,420,20.994253,SUCCESS,sigmoid,
2026-06-03T07:44:09,93.0,7.0,sensor2_serial,1,0,4,0,120,237,20.000,20.006,0,265,265,13.246219,SUCCESS,sigmoid,
2026-06-03T07:44:29,93.0,7.0,sensor2_serial,1,0,4,0,120,236,20.000,20.005,0,244,244,12.196885,SUCCESS,sigmoid,
2026-06-03T07:44:49,93.0,7.0,sensor2_serial,1,0,4,0,120,235,20.000,20.005,0,230,230,11.497040,SUCCESS,sigmoid,
2026-06-03T07:45:09,93.0,7.0,sensor2_serial,1,0,4,0,120,234,20.000,20.005,0,195,195,9.747389,SUCCESS,sigmoid,
2026-06-03T07:45:29,93.0,7.0,sensor2_serial,1,0,4,0,120,233,20.000,20.006,0,218,218,10.896866,SUCCESS,sigmoid,
2026-06-03T07:45:49,93.0,7.0,sensor2_serial,1,0,4,0,120,232,20.000,20.005,0,189,189,9.447451,SUCCESS,sigmoid,
2026-06-03T07:46:09,93.0,7.0,sensor2_serial,1,0,4,0,120,231,20.000,20.006,0,188,188,9.397261,SUCCESS,sigmoid,
2026-06-03T07:46:29,93.0,7.0,sensor2_serial,1,0,4,0,120,230,20.000,20.006,0,179,179,8.947530,SUCCESS,sigmoid,
2026-06-03T07:46:49,93.0,7.0,sensor2_serial,1,0,4,0,120,229,20.000,20.006,0,185,185,9.247340,SUCCESS,sigmoid,
2026-06-03T07:47:09,93.0,7.0,sensor2_serial,1,0,4,0,120,228,20.000,20.005,0,188,188,9.397463,SUCCESS,sigmoid,
2026-06-03T07:47:29,93.0,7.0,sensor2_serial,1,0,4,0,120,227,20.000,20.005,0,183,183,9.147604,SUCCESS,sigmoid,
2026-06-03T07:47:49,93.0,7.0,sensor2_serial,1,0,4,0,120,226,20.000,20.005,0,171,171,8.547756,SUCCESS,sigmoid,
2026-06-03T07:48:09,93.0,7.0,sensor2_serial,1,0,4,0,120,225,20.000,20.005,0,202,202,10.097264,SUCCESS,sigmoid,
2026-06-03T07:48:30,93.0,7.0,sensor2_serial,1,0,4,0,120,224,20.000,20.005,0,183,183,9.147687,SUCCESS,sigmoid,
2026-06-03T07:48:50,93.0,7.0,sensor2_serial,1,0,4,0,120,223,20.000,20.006,0,193,193,9.647111,SUCCESS,sigmoid,
2026-06-03T07:49:10,93.0,7.0,sensor2_serial,1,0,4,0,120,222,20.000,20.005,0,197,197,9.847390,SUCCESS,sigmoid,
2026-06-03T07:49:30,93.0,7.0,sensor2_serial,1,0,4,0,120,221,20.000,20.005,0,168,168,8.397736,SUCCESS,sigmoid,
2026-06-03T07:49:50,93.0,7.0,sensor2_serial,1,0,4,0,120,220,20.000,20.005,0,191,191,9.547475,SUCCESS,sigmoid,
2026-06-03T07:50:10,93.0,7.0,sensor2_serial,1,0,4,0,120,219,20.000,20.005,0,208,208,10.397399,SUCCESS,sigmoid,
2026-06-03T07:50:30,93.0,7.0,sensor2_serial,1,0,4,0,120,218,20.000,20.006,0,188,188,9.397393,SUCCESS,sigmoid,
2026-06-03T07:50:50,93.0,7.0,sensor2_serial,1,0,4,0,120,217,20.000,20.006,0,173,173,8.647238,SUCCESS,sigmoid,
2026-06-03T07:51:10,93.0,7.0,sensor2_serial,1,0,4,0,120,216,20.000,20.006,0,180,180,8.997370,SUCCESS,sigmoid,
2026-06-03T07:51:30,93.0,7.0,sensor2_serial,1,0,4,0,120,215,20.000,20.005,0,176,176,8.797714,SUCCESS,sigmoid,
2026-06-03T07:51:50,93.0,7.0,sensor2_serial,1,0,4,0,120,214,20.000,20.005,0,163,163,8.147810,SUCCESS,sigmoid,
2026-06-03T07:52:10,93.0,7.0,sensor2_serial,1,0,4,0,120,213,20.000,20.005,0,201,201,10.047355,SUCCESS,sigmoid,
2026-06-03T07:52:30,93.0,7.0,sensor2_serial,1,0,4,0,120,212,20.000,20.005,0,213,213,10.647180,SUCCESS,sigmoid,
2026-06-03T07:52:50,93.0,7.0,sensor2_serial,1,0,4,0,120,211,20.000,20.005,0,176,176,8.797772,SUCCESS,sigmoid,
2026-06-03T07:53:10,93.0,7.0,sensor2_serial,1,0,4,0,120,210,20.000,20.006,0,179,179,8.947513,SUCCESS,sigmoid,
2026-06-03T07:53:30,93.0,7.0,sensor2_serial,1,0,4,0,120,209,20.000,20.005,0,192,192,9.597511,SUCCESS,sigmoid,
2026-06-03T07:53:51,93.0,7.0,sensor2_serial,1,0,4,0,120,208,20.000,20.005,0,189,189,9.447518,SUCCESS,sigmoid,
2026-06-03T07:54:11,93.0,7.0,sensor2_serial,1,0,4,0,120,207,20.000,20.005,0,187,187,9.347464,SUCCESS,sigmoid,
2026-06-03T07:54:31,93.0,7.0,sensor2_serial,1,0,4,0,120,206,20.000,20.005,0,176,176,8.797796,SUCCESS,sigmoid,
2026-06-03T07:54:51,93.0,7.0,sensor2_serial,1,0,4,0,120,205,20.000,20.006,0,164,164,8.197606,SUCCESS,sigmoid,
2026-06-03T07:55:11,93.0,7.0,sensor2_serial,1,0,4,0,120,204,20.000,20.006,0,176,176,8.797471,SUCCESS,sigmoid,
2026-06-03T07:55:31,93.0,7.0,sensor2_serial,1,0,4,0,120,203,20.000,20.005,0,182,182,9.097875,SUCCESS,sigmoid,
2026-06-03T07:55:51,93.0,7.0,sensor2_serial,1,0,4,0,120,202,20.000,20.006,0,167,167,8.347448,SUCCESS,sigmoid,
2026-06-03T07:56:11,93.0,7.0,sensor2_serial,1,0,4,0,120,201,20.000,20.006,0,180,180,8.997461,SUCCESS,sigmoid,
2026-06-03T07:56:31,93.0,7.0,sensor2_serial,1,0,4,0,120,200,20.000,20.005,0,186,186,9.297466,SUCCESS,sigmoid,
2026-06-03T07:56:51,93.0,7.0,sensor2_serial,1,0,4,0,120,199,20.000,20.006,0,169,169,8.447549,SUCCESS,sigmoid,
2026-06-03T07:57:11,93.0,7.0,sensor2_serial,1,0,4,0,120,198,20.000,20.006,0,169,169,8.447606,SUCCESS,sigmoid,
2026-06-03T07:57:31,93.0,7.0,sensor2_serial,1,0,4,0,120,197,20.000,20.005,0,202,202,10.097374,SUCCESS,sigmoid,
2026-06-03T07:57:51,93.0,7.0,sensor2_serial,1,0,4,0,120,196,20.000,20.006,0,163,163,8.147750,SUCCESS,sigmoid,
2026-06-03T07:58:11,93.0,7.0,sensor2_serial,1,0,4,0,120,195,20.000,20.006,0,205,205,10.247140,SUCCESS,sigmoid,
2026-06-03T07:58:31,93.0,7.0,sensor2_serial,1,0,4,0,120,194,20.000,20.005,0,171,171,8.547677,SUCCESS,sigmoid,
2026-06-03T07:58:51,93.0,7.0,sensor2_serial,1,0,4,0,120,193,20.000,20.006,0,173,173,8.647417,SUCCESS,sigmoid,
2026-06-03T07:59:11,93.0,7.0,sensor2_serial,1,0,4,0,120,192,20.000,20.005,0,163,163,8.147951,SUCCESS,sigmoid,
2026-06-03T07:59:32,93.0,7.0,sensor2_serial,1,0,4,0,120,191,20.000,20.005,0,156,156,7.797932,SUCCESS,sigmoid,
2026-06-03T07:59:52,93.0,7.0,sensor2_serial,1,0,4,0,120,190,20.000,20.006,0,182,182,9.097429,SUCCESS,sigmoid,
2026-06-03T08:00:12,93.0,7.0,sensor2_serial,1,0,4,0,120,189,20.000,20.005,0,211,211,10.547203,SUCCESS,sigmoid,
2026-06-03T08:00:32,93.0,7.0,sensor2_serial,1,0,4,0,120,188,20.000,20.006,0,182,182,9.097497,SUCCESS,sigmoid,
2026-06-03T08:00:52,93.0,7.0,sensor2_serial,1,0,4,0,120,187,20.000,20.005,0,194,194,9.697349,SUCCESS,sigmoid,
2026-06-03T08:01:12,93.0,7.0,sensor2_serial,1,0,4,0,120,186,20.000,20.005,0,196,196,9.797400,SUCCESS,sigmoid,
2026-06-03T08:01:32,93.0,7.0,sensor2_serial,1,0,4,0,120,185,20.000,20.006,0,182,182,9.097457,SUCCESS,sigmoid,
2026-06-03T08:01:52,93.0,7.0,sensor2_serial,1,0,4,0,120,184,20.000,20.006,0,163,163,8.147619,SUCCESS,sigmoid,
2026-06-03T08:02:12,93.0,7.0,sensor2_serial,1,0,4,0,120,183,20.000,20.005,0,162,162,8.097936,SUCCESS,sigmoid,
2026-06-03T08:02:32,93.0,7.0,sensor2_serial,1,0,4,0,120,182,20.000,20.006,0,180,180,8.997269,SUCCESS,sigmoid,
2026-06-03T08:02:52,93.0,7.0,sensor2_serial,1,0,4,0,120,181,20.000,20.005,0,176,176,8.797668,SUCCESS,sigmoid,
2026-06-03T08:03:12,93.0,7.0,sensor2_serial,1,0,4,0,120,180,20.000,20.005,0,186,186,9.297540,SUCCESS,sigmoid,
2026-06-03T08:03:32,93.0,7.0,sensor2_serial,1,0,4,0,120,179,20.000,20.005,0,194,194,9.697335,SUCCESS,sigmoid,
2026-06-03T08:03:52,93.0,7.0,sensor2_serial,1,0,4,0,120,178,20.000,20.006,0,171,171,8.547645,SUCCESS,sigmoid,
2026-06-03T08:04:12,93.0,7.0,sensor2_serial,1,0,4,0,120,177,20.000,20.005,0,203,203,10.147327,SUCCESS,sigmoid,
2026-06-03T08:04:32,93.0,7.0,sensor2_serial,1,0,4,0,120,176,20.000,20.005,0,157,157,7.847895,SUCCESS,sigmoid,
2026-06-03T08:04:52,93.0,7.0,sensor2_serial,1,0,4,0,120,175,20.000,20.005,0,183,183,9.147540,SUCCESS,sigmoid,
2026-06-03T08:05:13,93.0,7.0,sensor2_serial,1,0,4,0,120,174,20.000,20.006,0,171,171,8.547436,SUCCESS,sigmoid,
2026-06-03T08:05:33,93.0,7.0,sensor2_serial,1,0,4,0,120,173,20.000,20.006,0,186,186,9.297368,SUCCESS,sigmoid,
2026-06-03T08:05:53,93.0,7.0,sensor2_serial,1,0,4,0,120,172,20.000,20.005,0,158,158,7.897964,SUCCESS,sigmoid,
2026-06-03T08:06:13,93.0,7.0,sensor2_serial,1,0,4,0,120,171,20.000,20.005,0,158,158,7.897953,SUCCESS,sigmoid,
2026-06-03T08:06:33,93.0,7.0,sensor2_serial,1,0,4,0,120,170,20.000,20.005,0,177,177,8.847653,SUCCESS,sigmoid,
2026-06-03T08:06:53,93.0,7.0,sensor2_serial,1,0,4,0,120,169,20.000,20.005,0,138,138,6.898187,SUCCESS,sigmoid,
2026-06-03T08:07:13,93.0,7.0,sensor2_serial,1,0,4,0,120,168,20.000,20.005,0,181,181,9.047600,SUCCESS,sigmoid,
2026-06-03T08:07:33,93.0,7.0,sensor2_serial,1,0,4,0,120,167,20.000,20.005,0,158,158,7.898013,SUCCESS,sigmoid,
2026-06-03T08:07:53,93.0,7.0,sensor2_serial,1,0,4,0,120,166,20.000,20.005,0,163,163,8.147846,SUCCESS,sigmoid,
2026-06-03T08:08:13,93.0,7.0,sensor2_serial,1,0,4,0,120,165,20.000,20.005,0,175,175,8.747663,SUCCESS,sigmoid,
2026-06-03T08:08:33,93.0,7.0,sensor2_serial,1,0,4,0,120,164,20.000,20.005,0,180,180,8.997531,SUCCESS,sigmoid,
2026-06-03T08:08:53,93.0,7.0,sensor2_serial,1,0,4,0,120,163,20.000,20.006,0,179,179,8.947428,SUCCESS,sigmoid,
2026-06-03T08:09:13,93.0,7.0,sensor2_serial,1,0,4,0,120,162,20.000,20.005,0,160,160,7.997907,SUCCESS,sigmoid,
2026-06-03T08:09:33,93.0,7.0,sensor2_serial,1,0,4,0,120,161,20.000,20.006,0,154,154,7.697707,SUCCESS,sigmoid,
2026-06-03T08:09:53,93.0,7.0,sensor2_serial,1,0,4,0,120,160,20.000,20.006,0,168,168,8.397677,SUCCESS,sigmoid,
2026-06-03T08:10:13,93.0,7.0,sensor2_serial,1,0,4,0,120,159,20.000,20.005,0,156,156,7.797953,SUCCESS,sigmoid,
2026-06-03T08:10:34,93.0,7.0,sensor2_serial,1,0,4,0,120,158,20.000,20.005,0,158,158,7.897970,SUCCESS,sigmoid,
2026-06-03T08:10:54,93.0,7.0,sensor2_serial,1,0,4,0,120,157,20.000,20.005,0,199,199,9.947513,SUCCESS,sigmoid,
2026-06-03T08:11:14,93.0,7.0,sensor2_serial,1,0,4,0,120,156,20.000,20.006,0,178,178,8.897519,SUCCESS,sigmoid,
2026-06-03T08:11:34,93.0,7.0,sensor2_serial,1,0,4,0,120,155,20.000,20.005,0,166,166,8.298019,SUCCESS,sigmoid,
2026-06-03T08:11:54,93.0,7.0,sensor2_serial,1,0,4,0,120,154,20.000,20.005,0,158,158,7.897945,SUCCESS,sigmoid,
2026-06-03T08:12:14,93.0,7.0,sensor2_serial,1,0,4,0,120,153,20.000,20.006,0,175,175,8.747436,SUCCESS,sigmoid,
2026-06-03T08:12:34,93.0,7.0,sensor2_serial,1,0,4,0,120,152,20.000,20.005,0,144,144,7.198028,SUCCESS,sigmoid,
2026-06-03T08:12:54,93.0,7.0,sensor2_serial,1,0,4,0,120,151,20.000,20.005,0,171,171,8.547806,SUCCESS,sigmoid,
2026-06-03T08:13:14,93.0,7.0,sensor2_serial,1,0,4,0,120,150,20.000,20.005,0,157,157,7.847884,SUCCESS,sigmoid,
2026-06-03T08:13:34,93.0,7.0,sensor2_serial,1,0,4,0,120,149,20.000,20.005,0,154,154,7.697892,SUCCESS,sigmoid,
2026-06-03T08:13:54,93.0,7.0,sensor2_serial,1,0,4,0,120,148,20.000,20.006,0,165,165,8.247542,SUCCESS,sigmoid,
2026-06-03T08:14:14,93.0,7.0,sensor2_serial,1,0,4,0,120,147,20.000,20.006,0,168,168,8.397578,SUCCESS,sigmoid,
2026-06-03T08:14:34,93.0,7.0,sensor2_serial,1,0,4,0,120,146,20.000,20.006,0,149,149,7.447869,SUCCESS,sigmoid,
2026-06-03T08:14:54,93.0,7.0,sensor2_serial,1,0,4,0,120,145,20.000,20.005,0,146,146,7.298120,SUCCESS,sigmoid,
2026-06-03T08:15:14,93.0,7.0,sensor2_serial,1,0,4,0,120,144,20.000,20.006,0,183,183,9.147393,SUCCESS,sigmoid,
2026-06-03T08:15:34,93.0,7.0,sensor2_serial,1,0,4,0,120,143,20.000,20.005,0,148,148,7.397992,SUCCESS,sigmoid,
2026-06-03T08:15:54,93.0,7.0,sensor2_serial,1,0,4,0,120,142,20.000,20.005,0,142,142,7.098134,SUCCESS,sigmoid,
2026-06-03T08:16:15,93.0,7.0,sensor2_serial,1,0,4,0,120,141,20.000,20.005,0,122,122,6.098413,SUCCESS,sigmoid,
2026-06-03T08:16:35,93.0,7.0,sensor2_serial,1,0,4,0,120,140,20.000,20.005,0,149,149,7.448044,SUCCESS,sigmoid,
2026-06-03T08:16:55,93.0,7.0,sensor2_serial,1,0,4,0,120,139,20.000,20.005,0,143,143,7.148082,SUCCESS,sigmoid,
2026-06-03T08:17:15,93.0,7.0,sensor2_serial,1,0,4,0,120,138,20.000,20.005,0,135,135,6.748285,SUCCESS,sigmoid,
2026-06-03T08:17:35,93.0,7.0,sensor2_serial,1,0,4,0,120,137,20.000,20.005,0,144,144,7.198210,SUCCESS,sigmoid,
2026-06-03T08:17:55,93.0,7.0,sensor2_serial,1,0,4,0,120,136,20.000,20.005,0,142,142,7.098135,SUCCESS,sigmoid,
2026-06-03T08:18:15,93.0,7.0,sensor2_serial,1,0,4,0,120,135,20.000,20.006,0,120,120,5.998321,SUCCESS,sigmoid,
2026-06-03T08:18:35,93.0,7.0,sensor2_serial,1,0,4,0,120,134,20.000,20.006,0,136,136,6.797950,SUCCESS,sigmoid,
2026-06-03T08:18:55,93.0,7.0,sensor2_serial,1,0,4,0,120,133,20.000,20.006,0,111,111,5.548444,SUCCESS,sigmoid,
2026-06-03T08:19:15,93.0,7.0,sensor2_serial,1,0,4,0,120,132,20.000,20.005,0,115,115,5.748468,SUCCESS,sigmoid,
2026-06-03T08:19:35,93.0,7.0,sensor2_serial,1,0,4,0,120,131,20.000,20.006,0,131,131,6.548143,SUCCESS,sigmoid,
2026-06-03T08:19:55,93.0,7.0,sensor2_serial,1,0,4,0,120,130,20.000,20.006,0,118,118,5.898254,SUCCESS,sigmoid,
2026-06-03T08:20:15,93.0,7.0,sensor2_serial,1,0,4,0,120,129,20.000,20.005,0,103,103,5.148691,SUCCESS,sigmoid,
2026-06-03T08:20:35,93.0,7.0,sensor2_serial,1,0,4,0,120,128,20.000,20.006,0,116,116,5.798374,SUCCESS,sigmoid,
2026-06-03T08:20:55,93.0,7.0,sensor2_serial,1,0,4,0,120,127,20.000,20.006,0,81,81,4.048800,SUCCESS,sigmoid,
2026-06-03T08:21:15,93.0,7.0,sensor2_serial,1,0,4,0,120,126,20.000,20.005,0,126,126,6.298315,SUCCESS,sigmoid,
2026-06-03T08:21:35,93.0,7.0,sensor2_serial,1,0,4,0,120,125,20.000,20.005,0,115,115,5.748441,SUCCESS,sigmoid,
2026-06-03T08:21:56,93.0,7.0,sensor2_serial,1,0,4,0,120,124,20.000,20.005,0,97,97,4.848684,SUCCESS,sigmoid,
2026-06-03T08:22:16,93.0,7.0,sensor2_serial,1,0,4,0,120,123,20.000,20.006,0,124,124,6.198295,SUCCESS,sigmoid,
2026-06-03T08:22:36,93.0,7.0,sensor2_serial,1,0,4,0,120,122,20.000,20.005,0,96,96,4.798751,SUCCESS,sigmoid,
2026-06-03T08:22:56,93.0,7.0,sensor2_serial,1,0,4,0,120,121,20.000,20.005,0,87,87,4.348850,SUCCESS,sigmoid,
2026-06-03T08:23:16,93.0,7.0,sensor2_serial,1,0,4,0,120,120,20.000,20.005,0,92,92,4.598781,SUCCESS,sigmoid,
2026-06-03T08:23:36,93.0,7.0,sensor2_serial,1,0,4,0,120,119,20.000,20.004,0,92,92,4.599020,SUCCESS,sigmoid,
2026-06-03T08:23:56,93.0,7.0,sensor2_serial,1,0,4,0,120,118,20.000,20.005,0,89,89,4.448989,SUCCESS,sigmoid,
2026-06-03T08:24:16,93.0,7.0,sensor2_serial,1,0,4,0,120,117,20.000,20.006,0,81,81,4.048869,SUCCESS,sigmoid,
2026-06-03T08:24:36,93.0,7.0,sensor2_serial,1,0,4,0,120,116,20.000,20.006,0,80,80,3.998841,SUCCESS,sigmoid,
2026-06-03T08:24:56,93.0,7.0,sensor2_serial,1,0,4,0,120,115,20.000,20.005,0,74,74,3.698987,SUCCESS,sigmoid,
2026-06-03T08:25:16,93.0,7.0,sensor2_serial,1,0,4,0,120,114,20.000,20.005,0,71,71,3.549073,SUCCESS,sigmoid,
2026-06-03T08:25:36,93.0,7.0,sensor2_serial,1,0,4,0,120,113,20.000,20.006,0,68,68,3.399007,SUCCESS,sigmoid,
2026-06-03T08:25:56,93.0,7.0,sensor2_serial,1,0,4,0,120,112,20.000,20.006,0,75,75,3.748965,SUCCESS,sigmoid,
2026-06-03T08:26:16,93.0,7.0,sensor2_serial,1,0,4,0,120,111,20.000,20.005,0,43,43,2.149446,SUCCESS,sigmoid,
2026-06-03T08:26:36,93.0,7.0,sensor2_serial,1,0,4,0,120,110,20.000,20.005,0,52,52,2.599317,SUCCESS,sigmoid,
2026-06-03T08:26:56,93.0,7.0,sensor2_serial,1,0,4,0,120,109,20.000,20.005,0,55,55,2.749295,SUCCESS,sigmoid,
2026-06-03T08:27:16,93.0,7.0,sensor2_serial,1,0,4,0,120,108,20.000,20.006,0,54,54,2.699195,SUCCESS,sigmoid,
2026-06-03T08:27:37,93.0,7.0,sensor2_serial,1,0,4,0,120,107,20.000,20.006,0,44,44,2.199372,SUCCESS,sigmoid,
2026-06-03T08:27:57,93.0,7.0,sensor2_serial,1,0,4,0,120,106,20.000,20.004,0,35,35,1.749632,SUCCESS,sigmoid,
2026-06-03T08:28:17,93.0,7.0,sensor2_serial,1,0,4,0,120,105,20.000,20.006,0,26,26,1.299638,SUCCESS,sigmoid,
2026-06-03T08:28:37,93.0,7.0,sensor2_serial,1,0,4,0,120,104,20.000,20.005,0,36,36,1.799508,SUCCESS,sigmoid,
2026-06-03T08:28:57,93.0,7.0,sensor2_serial,1,0,4,0,120,103,20.000,20.006,0,26,26,1.299634,SUCCESS,sigmoid,
2026-06-03T08:29:17,93.0,7.0,sensor2_serial,1,0,4,0,120,102,20.000,20.006,0,28,28,1.399610,SUCCESS,sigmoid,
2026-06-03T08:29:37,93.0,7.0,sensor2_serial,1,0,4,0,120,101,20.000,20.005,0,15,15,0.749795,SUCCESS,sigmoid,
2026-06-03T08:29:57,93.0,7.0,sensor2_serial,1,0,4,0,120,100,20.000,20.005,0,22,22,1.099708,SUCCESS,sigmoid,
2026-06-03T08:30:17,93.0,7.0,sensor2_serial,1,0,4,0,120,99,20.000,20.005,0,15,15,0.749801,SUCCESS,sigmoid,
2026-06-03T08:30:37,93.0,7.0,sensor2_serial,1,0,4,0,120,98,20.000,20.006,0,11,11,0.549843,SUCCESS,sigmoid,
2026-06-03T08:30:57,93.0,7.0,sensor2_serial,1,0,4,0,120,97,20.000,20.005,0,10,10,0.499863,SUCCESS,sigmoid,
2026-06-03T08:31:17,93.0,7.0,sensor2_serial,1,0,4,0,120,96,20.000,20.006,0,8,8,0.399889,SUCCESS,sigmoid,
2026-06-03T08:31:37,93.0,7.0,sensor2_serial,1,0,4,0,120,95,20.000,20.005,0,14,14,0.699812,SUCCESS,sigmoid,
2026-06-03T08:31:57,93.0,7.0,sensor2_serial,1,0,4,0,120,94,20.000,20.005,0,5,5,0.249935,SUCCESS,sigmoid,
2026-06-03T08:32:17,93.0,7.0,sensor2_serial,1,0,4,0,120,93,20.000,20.004,0,7,7,0.349927,SUCCESS,sigmoid,
2026-06-03T08:32:37,93.0,7.0,sensor2_serial,1,0,4,0,120,92,20.000,20.004,0,9,9,0.449903,SUCCESS,sigmoid,
2026-06-03T08:32:58,93.0,7.0,sensor2_serial,1,0,4,0,120,91,20.000,20.006,0,5,5,0.249928,SUCCESS,sigmoid,
2026-06-03T08:33:18,93.0,7.0,sensor2_serial,1,0,4,0,120,90,20.000,20.004,0,1,1,0.049990,SUCCESS,sigmoid,
2026-06-03T08:33:38,93.0,7.0,sensor2_serial,1,0,4,0,120,89,20.000,20.005,0,1,1,0.049987,SUCCESS,sigmoid,
2026-06-03T08:33:58,93.0,7.0,sensor2_serial,1,0,4,0,120,88,20.000,20.006,0,1,1,0.049986,SUCCESS,sigmoid,
2026-06-03T08:34:18,93.0,7.0,sensor2_serial,1,0,4,0,120,87,20.000,20.005,0,5,5,0.249933,SUCCESS,sigmoid,
2026-06-03T08:34:38,93.0,7.0,sensor2_serial,1,0,4,0,120,86,20.000,20.004,0,0,0,0.000000,SUCCESS,sigmoid,
2026-06-03T08:34:58,93.0,7.0,sensor2_serial,1,0,4,0,120,85,20.000,20.004,0,1,1,0.049989,SUCCESS,sigmoid,
2026-06-03T08:35:18,93.0,7.0,sensor2_serial,1,0,4,0,120,84,20.000,20.004,0,0,0,0.000000,SUCCESS,sigmoid,
2026-06-03T08:35:38,93.0,7.0,sensor2_serial,1,0,4,0,120,83,20.000,20.005,0,0,0,0.000000,SUCCESS,sigmoid,
2026-06-03T08:35:58,93.0,7.0,sensor2_serial,1,1,5,1,120,255,20.000,20.005,0,1839236,1839236,91936.931262,SUCCESS,sigmoid,
2026-06-03T08:36:18,93.0,7.0,sensor2_serial,1,1,5,1,120,254,20.000,20.006,0,1782974,1782974,89123.964262,SUCCESS,sigmoid,
2026-06-03T08:36:38,93.0,7.0,sensor2_serial,1,1,5,1,120,253,20.000,20.005,0,1965315,1965315,98239.236229,SUCCESS,sigmoid,
2026-06-03T08:36:58,93.0,7.0,sensor2_serial,1,1,5,1,120,252,20.000,20.006,0,2305642,2305642,115250.051322,SUCCESS,sigmoid,
2026-06-03T08:37:18,93.0,7.0,sensor2_serial,1,1,5,1,120,251,20.000,20.005,0,2396725,2396725,119804.630040,SUCCESS,sigmoid,
2026-06-03T08:37:38,93.0,7.0,sensor2_serial,1,1,5,1,120,250,20.000,20.006,0,2763295,2763295,138124.557152,SUCCESS,sigmoid,
2026-06-03T08:37:58,93.0,7.0,sensor2_serial,1,1,5,1,120,249,20.000,20.005,0,2987781,2987781,149349.313642,SUCCESS,sigmoid,
2026-06-03T08:38:18,93.0,7.0,sensor2_serial,1,1,5,1,120,248,20.000,20.006,0,3008649,3008649,150385.815490,SUCCESS,sigmoid,
2026-06-03T08:38:39,93.0,7.0,sensor2_serial,1,1,5,1,120,247,20.000,20.006,0,2749254,2749254,137424.545664,SUCCESS,sigmoid,
2026-06-03T08:38:59,93.0,7.0,sensor2_serial,1,1,5,1,120,246,20.000,20.005,0,2231596,2231596,111549.470530,SUCCESS,sigmoid,
2026-06-03T08:39:19,93.0,7.0,sensor2_serial,1,1,5,1,120,245,20.000,20.006,0,1502877,1502877,75119.906146,SUCCESS,sigmoid,
2026-06-03T08:39:39,93.0,7.0,sensor2_serial,1,1,5,1,120,244,20.000,20.006,0,965327,965327,48252.154955,SUCCESS,sigmoid,
2026-06-03T08:39:59,93.0,7.0,sensor2_serial,1,1,5,1,120,243,20.000,20.006,0,765436,765436,38261.064143,SUCCESS,sigmoid,
2026-06-03T08:40:19,93.0,7.0,sensor2_serial,1,1,5,1,120,242,20.000,20.006,0,412229,412229,20605.750913,SUCCESS,sigmoid,
2026-06-03T08:40:39,93.0,7.0,sensor2_serial,1,1,5,1,120,241,20.000,20.006,0,166040,166040,8299.614677,SUCCESS,sigmoid,
2026-06-03T08:40:59,93.0,7.0,sensor2_serial,1,1,5,1,120,240,20.000,20.005,0,84392,84392,4218.448811,SUCCESS,sigmoid,
2026-06-03T08:41:19,93.0,7.0,sensor2_serial,1,1,5,1,120,239,20.000,20.005,0,59684,59684,2983.441461,SUCCESS,sigmoid,
2026-06-03T08:41:39,93.0,7.0,sensor2_serial,1,1,5,1,120,238,20.000,20.006,0,27965,27965,1397.812790,SUCCESS,sigmoid,
2026-06-03T08:41:59,93.0,7.0,sensor2_serial,1,1,5,1,120,237,20.000,20.005,0,11242,11242,561.963974,SUCCESS,sigmoid,
2026-06-03T08:42:19,93.0,7.0,sensor2_serial,1,1,5,1,120,236,20.000,20.006,0,3899,3899,194.892134,SUCCESS,sigmoid,
2026-06-03T08:42:39,93.0,7.0,sensor2_serial,1,1,5,1,120,235,20.000,20.006,0,2811,2811,140.511257,SUCCESS,sigmoid,
2026-06-03T08:42:59,93.0,7.0,sensor2_serial,1,1,5,1,120,234,20.000,20.005,0,1180,1180,58.984624,SUCCESS,sigmoid,
2026-06-03T08:43:19,93.0,7.0,sensor2_serial,1,1,5,1,120,233,20.000,20.005,0,478,478,23.893917,SUCCESS,sigmoid,
2026-06-03T08:43:39,93.0,7.0,sensor2_serial,1,1,5,1,120,232,20.000,20.005,0,301,301,15.046081,SUCCESS,sigmoid,
2026-06-03T08:43:59,93.0,7.0,sensor2_serial,1,1,5,1,120,231,20.000,20.006,0,223,223,11.146792,SUCCESS,sigmoid,
2026-06-03T08:44:20,93.0,7.0,sensor2_serial,1,1,5,1,120,230,20.000,20.006,0,208,208,10.396925,SUCCESS,sigmoid,
2026-06-03T08:44:40,93.0,7.0,sensor2_serial,1,1,5,1,120,229,20.000,20.005,0,208,208,10.397294,SUCCESS,sigmoid,
2026-06-03T08:45:00,93.0,7.0,sensor2_serial,1,1,5,1,120,228,20.000,20.005,0,186,186,9.297535,SUCCESS,sigmoid,
2026-06-03T08:45:20,93.0,7.0,sensor2_serial,1,1,5,1,120,227,20.000,20.005,0,199,199,9.947378,SUCCESS,sigmoid,
2026-06-03T08:45:40,93.0,7.0,sensor2_serial,1,1,5,1,120,226,20.000,20.006,0,178,178,8.897465,SUCCESS,sigmoid,
2026-06-03T08:46:00,93.0,7.0,sensor2_serial,1,1,5,1,120,225,20.000,20.006,0,178,178,8.897350,SUCCESS,sigmoid,
2026-06-03T08:46:20,93.0,7.0,sensor2_serial,1,1,5,1,120,224,20.000,20.005,0,187,187,9.347430,SUCCESS,sigmoid,
2026-06-03T08:46:40,93.0,7.0,sensor2_serial,1,1,5,1,120,223,20.000,20.005,0,202,202,10.097421,SUCCESS,sigmoid,
2026-06-03T08:47:00,93.0,7.0,sensor2_serial,1,1,5,1,120,222,20.000,20.006,0,194,194,9.697283,SUCCESS,sigmoid,
2026-06-03T08:47:20,93.0,7.0,sensor2_serial,1,1,5,1,120,221,20.000,20.005,0,172,172,8.597954,SUCCESS,sigmoid,
2026-06-03T08:47:40,93.0,7.0,sensor2_serial,1,1,5,1,120,220,20.000,20.006,0,186,186,9.297424,SUCCESS,sigmoid,
2026-06-03T08:48:00,93.0,7.0,sensor2_serial,1,1,5,1,120,219,20.000,20.005,0,175,175,8.747673,SUCCESS,sigmoid,
2026-06-03T08:48:20,93.0,7.0,sensor2_serial,1,1,5,1,120,218,20.000,20.005,0,186,186,9.297483,SUCCESS,sigmoid,
2026-06-03T08:48:40,93.0,7.0,sensor2_serial,1,1,5,1,120,217,20.000,20.006,0,182,182,9.097464,SUCCESS,sigmoid,
2026-06-03T08:49:00,93.0,7.0,sensor2_serial,1,1,5,1,120,216,20.000,20.005,0,176,176,8.797601,SUCCESS,sigmoid,
2026-06-03T08:49:20,93.0,7.0,sensor2_serial,1,1,5,1,120,215,20.000,20.006,0,193,193,9.647278,SUCCESS,sigmoid,
2026-06-03T08:49:41,93.0,7.0,sensor2_serial,1,1,5,1,120,214,20.000,20.006,0,181,181,9.047392,SUCCESS,sigmoid,
2026-06-03T08:50:01,93.0,7.0,sensor2_serial,1,1,5,1,120,213,20.000,20.006,0,205,205,10.247180,SUCCESS,sigmoid,
2026-06-03T08:50:21,93.0,7.0,sensor2_serial,1,1,5,1,120,212,20.000,20.005,0,189,189,9.447494,SUCCESS,sigmoid,
2026-06-03T08:50:41,93.0,7.0,sensor2_serial,1,1,5,1,120,211,20.000,20.005,0,175,175,8.747738,SUCCESS,sigmoid,
2026-06-03T08:51:01,93.0,7.0,sensor2_serial,1,1,5,1,120,210,20.000,20.005,0,200,200,9.997371,SUCCESS,sigmoid,
2026-06-03T08:51:21,93.0,7.0,sensor2_serial,1,1,5,1,120,209,20.000,20.005,0,197,197,9.847411,SUCCESS,sigmoid,
2026-06-03T08:51:41,93.0,7.0,sensor2_serial,1,1,5,1,120,208,20.000,20.005,0,173,173,8.647782,SUCCESS,sigmoid,
2026-06-03T08:52:01,93.0,7.0,sensor2_serial,1,1,5,1,120,207,20.000,20.006,0,177,177,8.847331,SUCCESS,sigmoid,
2026-06-03T08:52:21,93.0,7.0,sensor2_serial,1,1,5,1,120,206,20.000,20.005,0,193,193,9.647390,SUCCESS,sigmoid,
2026-06-03T08:52:41,93.0,7.0,sensor2_serial,1,1,5,1,120,205,20.000,20.006,0,197,197,9.847163,SUCCESS,sigmoid,
2026-06-03T08:53:01,93.0,7.0,sensor2_serial,1,1,5,1,120,204,20.000,20.005,0,182,182,9.097655,SUCCESS,sigmoid,
2026-06-03T08:53:21,93.0,7.0,sensor2_serial,1,1,5,1,120,203,20.000,20.006,0,171,171,8.547594,SUCCESS,sigmoid,
2026-06-03T08:53:41,93.0,7.0,sensor2_serial,1,1,5,1,120,202,20.000,20.006,0,188,188,9.397391,SUCCESS,sigmoid,
2026-06-03T08:54:01,93.0,7.0,sensor2_serial,1,1,5,1,120,201,20.000,20.005,0,183,183,9.147488,SUCCESS,sigmoid,
2026-06-03T08:54:21,93.0,7.0,sensor2_serial,1,1,5,1,120,200,20.000,20.005,0,191,191,9.547381,SUCCESS,sigmoid,
2026-06-03T08:54:41,93.0,7.0,sensor2_serial,1,1,5,1,120,199,20.000,20.005,0,177,177,8.847633,SUCCESS,sigmoid,
2026-06-03T08:55:01,93.0,7.0,sensor2_serial,1,1,5,1,120,198,20.000,20.005,0,174,174,8.697801,SUCCESS,sigmoid,
2026-06-03T08:55:22,93.0,7.0,sensor2_serial,1,1,5,1,120,197,20.000,20.005,0,175,175,8.747762,SUCCESS,sigmoid,
2026-06-03T08:55:42,93.0,7.0,sensor2_serial,1,1,5,1,120,196,20.000,20.006,0,164,164,8.197535,SUCCESS,sigmoid,
2026-06-03T08:56:02,93.0,7.0,sensor2_serial,1,1,5,1,120,195,20.000,20.005,0,177,177,8.847639,SUCCESS,sigmoid,
2026-06-03T08:56:22,93.0,7.0,sensor2_serial,1,1,5,1,120,194,20.000,20.005,0,185,185,9.247595,SUCCESS,sigmoid,
2026-06-03T08:56:42,93.0,7.0,sensor2_serial,1,1,5,1,120,193,20.000,20.012,0,191,191,9.544325,SUCCESS,sigmoid,
2026-06-03T08:57:02,93.0,7.0,sensor2_serial,1,1,5,1,120,192,20.000,20.005,0,174,174,8.697713,SUCCESS,sigmoid,
2026-06-03T08:57:22,93.0,7.0,sensor2_serial,1,1,5,1,120,191,20.000,20.006,0,215,215,10.746958,SUCCESS,sigmoid,
2026-06-03T08:57:42,93.0,7.0,sensor2_serial,1,1,5,1,120,190,20.000,20.005,0,158,158,7.898032,SUCCESS,sigmoid,
2026-06-03T08:58:02,93.0,7.0,sensor2_serial,1,1,5,1,120,189,20.000,20.005,0,174,174,8.697625,SUCCESS,sigmoid,
2026-06-03T08:58:22,93.0,7.0,sensor2_serial,1,1,5,1,120,188,20.000,20.006,0,192,192,9.597325,SUCCESS,sigmoid,
2026-06-03T08:58:42,93.0,7.0,sensor2_serial,1,1,5,1,120,187,20.000,20.005,0,178,178,8.897792,SUCCESS,sigmoid,
2026-06-03T08:59:02,93.0,7.0,sensor2_serial,1,1,5,1,120,186,20.000,20.005,0,185,185,9.247521,SUCCESS,sigmoid,
2026-06-03T08:59:22,93.0,7.0,sensor2_serial,1,1,5,1,120,185,20.000,20.006,0,155,155,7.747835,SUCCESS,sigmoid,
2026-06-03T08:59:42,93.0,7.0,sensor2_serial,1,1,5,1,120,184,20.000,20.005,0,174,174,8.697692,SUCCESS,sigmoid,
2026-06-03T09:00:02,93.0,7.0,sensor2_serial,1,1,5,1,120,183,20.000,20.005,0,176,176,8.797596,SUCCESS,sigmoid,
2026-06-03T09:00:22,93.0,7.0,sensor2_serial,1,1,5,1,120,182,20.000,20.006,0,175,175,8.747573,SUCCESS,sigmoid,
2026-06-03T09:00:42,93.0,7.0,sensor2_serial,1,1,5,1,120,181,20.000,20.005,0,180,180,8.997561,SUCCESS,sigmoid,
2026-06-03T09:01:03,93.0,7.0,sensor2_serial,1,1,5,1,120,180,20.000,20.005,0,183,183,9.147921,SUCCESS,sigmoid,
2026-06-03T09:01:23,93.0,7.0,sensor2_serial,1,1,5,1,120,179,20.000,20.005,0,184,184,9.197558,SUCCESS,sigmoid,
2026-06-03T09:01:43,93.0,7.0,sensor2_serial,1,1,5,1,120,178,20.000,20.005,0,175,175,8.747779,SUCCESS,sigmoid,
2026-06-03T09:02:03,93.0,7.0,sensor2_serial,1,1,5,1,120,177,20.000,20.005,0,169,169,8.447677,SUCCESS,sigmoid,
2026-06-03T09:02:23,93.0,7.0,sensor2_serial,1,1,5,1,120,176,20.000,20.006,0,170,170,8.497547,SUCCESS,sigmoid,
2026-06-03T09:02:43,93.0,7.0,sensor2_serial,1,1,5,1,120,175,20.000,20.006,0,166,166,8.297694,SUCCESS,sigmoid,
2026-06-03T09:03:03,93.0,7.0,sensor2_serial,1,1,5,1,120,174,20.000,20.005,0,180,180,8.997557,SUCCESS,sigmoid,
2026-06-03T09:03:23,93.0,7.0,sensor2_serial,1,1,5,1,120,173,20.000,20.005,0,175,175,8.747765,SUCCESS,sigmoid,
2026-06-03T09:03:43,93.0,7.0,sensor2_serial,1,1,5,1,120,172,20.000,20.005,0,167,167,8.347785,SUCCESS,sigmoid,
2026-06-03T09:04:03,93.0,7.0,sensor2_serial,1,1,5,1,120,171,20.000,20.006,0,199,199,9.947129,SUCCESS,sigmoid,
2026-06-03T09:04:23,93.0,7.0,sensor2_serial,1,1,5,1,120,170,20.000,20.006,0,158,158,7.897771,SUCCESS,sigmoid,
2026-06-03T09:04:43,93.0,7.0,sensor2_serial,1,1,5,1,120,169,20.000,20.006,0,178,178,8.897394,SUCCESS,sigmoid,
2026-06-03T09:05:03,93.0,7.0,sensor2_serial,1,1,5,1,120,168,20.000,20.005,0,150,150,7.498050,SUCCESS,sigmoid,
2026-06-03T09:05:23,93.0,7.0,sensor2_serial,1,1,5,1,120,167,20.000,20.006,0,172,172,8.597635,SUCCESS,sigmoid,
2026-06-03T09:05:43,93.0,7.0,sensor2_serial,1,1,5,1,120,166,20.000,20.006,0,161,161,8.047759,SUCCESS,sigmoid,
2026-06-03T09:06:03,93.0,7.0,sensor2_serial,1,1,5,1,120,165,20.000,20.005,0,201,201,10.047312,SUCCESS,sigmoid,
2026-06-03T09:06:23,93.0,7.0,sensor2_serial,1,1,5,1,120,164,20.000,20.006,0,174,174,8.697565,SUCCESS,sigmoid,
2026-06-03T09:06:44,93.0,7.0,sensor2_serial,1,1,5,1,120,163,20.000,20.005,0,173,173,8.647681,SUCCESS,sigmoid,
2026-06-03T09:07:04,93.0,7.0,sensor2_serial,1,1,5,1,120,162,20.000,20.005,0,187,187,9.347657,SUCCESS,sigmoid,
2026-06-03T09:07:24,93.0,7.0,sensor2_serial,1,1,5,1,120,161,20.000,20.006,0,181,181,9.047395,SUCCESS,sigmoid,
2026-06-03T09:07:44,93.0,7.0,sensor2_serial,1,1,5,1,120,160,20.000,20.006,0,180,180,8.997356,SUCCESS,sigmoid,
2026-06-03T09:08:04,93.0,7.0,sensor2_serial,1,1,5,1,120,159,20.000,20.006,0,163,163,8.147597,SUCCESS,sigmoid,
2026-06-03T09:08:24,93.0,7.0,sensor2_serial,1,1,5,1,120,158,20.000,20.005,0,154,154,7.697893,SUCCESS,sigmoid,
2026-06-03T09:08:44,93.0,7.0,sensor2_serial,1,1,5,1,120,157,20.000,20.006,0,183,183,9.147392,SUCCESS,sigmoid,
2026-06-03T09:09:04,93.0,7.0,sensor2_serial,1,1,5,1,120,156,20.000,20.005,0,177,177,8.847583,SUCCESS,sigmoid,
2026-06-03T09:09:24,93.0,7.0,sensor2_serial,1,1,5,1,120,155,20.000,20.006,0,171,171,8.547629,SUCCESS,sigmoid,
2026-06-03T09:09:44,93.0,7.0,sensor2_serial,1,1,5,1,120,154,20.000,20.005,0,203,203,10.147497,SUCCESS,sigmoid,
2026-06-03T09:10:04,93.0,7.0,sensor2_serial,1,1,5,1,120,153,20.000,20.005,0,157,157,7.847889,SUCCESS,sigmoid,
2026-06-03T09:10:24,93.0,7.0,sensor2_serial,1,1,5,1,120,152,20.000,20.005,0,175,175,8.747669,SUCCESS,sigmoid,
2026-06-03T09:10:44,93.0,7.0,sensor2_serial,1,1,5,1,120,151,20.000,20.005,0,189,189,9.447636,SUCCESS,sigmoid,
2026-06-03T09:11:04,93.0,7.0,sensor2_serial,1,1,5,1,120,150,20.000,20.005,0,159,159,7.947986,SUCCESS,sigmoid,
2026-06-03T09:11:24,93.0,7.0,sensor2_serial,1,1,5,1,120,149,20.000,20.005,0,174,174,8.697679,SUCCESS,sigmoid,
2026-06-03T09:11:44,93.0,7.0,sensor2_serial,1,1,5,1,120,148,20.000,20.005,0,160,160,7.997899,SUCCESS,sigmoid,
2026-06-03T09:12:05,93.0,7.0,sensor2_serial,1,1,5,1,120,147,20.000,20.006,0,177,177,8.847521,SUCCESS,sigmoid,
2026-06-03T09:12:25,93.0,7.0,sensor2_serial,1,1,5,1,120,146,20.000,20.005,0,166,166,8.297798,SUCCESS,sigmoid,
2026-06-03T09:12:45,93.0,7.0,sensor2_serial,1,1,5,1,120,145,20.000,20.006,0,168,168,8.397538,SUCCESS,sigmoid,
2026-06-03T09:13:05,93.0,7.0,sensor2_serial,1,1,5,1,120,144,20.000,20.005,0,141,141,7.048116,SUCCESS,sigmoid,
2026-06-03T09:13:25,93.0,7.0,sensor2_serial,1,1,5,1,120,143,20.000,20.005,0,148,148,7.397989,SUCCESS,sigmoid,
2026-06-03T09:13:45,93.0,7.0,sensor2_serial,1,1,5,1,120,142,20.000,20.006,0,141,141,7.047904,SUCCESS,sigmoid,
2026-06-03T09:14:05,93.0,7.0,sensor2_serial,1,1,5,1,120,141,20.000,20.005,0,135,135,6.748252,SUCCESS,sigmoid,
2026-06-03T09:14:25,93.0,7.0,sensor2_serial,1,1,5,1,120,140,20.000,20.006,0,140,140,6.997945,SUCCESS,sigmoid,
2026-06-03T09:14:45,93.0,7.0,sensor2_serial,1,1,5,1,120,139,20.000,20.005,0,149,149,7.448092,SUCCESS,sigmoid,
2026-06-03T09:15:05,93.0,7.0,sensor2_serial,1,1,5,1,120,138,20.000,20.005,0,133,133,6.648233,SUCCESS,sigmoid,
2026-06-03T09:15:25,93.0,7.0,sensor2_serial,1,1,5,1,120,137,20.000,20.005,0,149,149,7.447962,SUCCESS,sigmoid,
2026-06-03T09:15:45,93.0,7.0,sensor2_serial,1,1,5,1,120,136,20.000,20.005,0,140,140,6.998094,SUCCESS,sigmoid,
2026-06-03T09:16:05,93.0,7.0,sensor2_serial,1,1,5,1,120,135,20.000,20.006,0,153,153,7.647820,SUCCESS,sigmoid,
2026-06-03T09:16:25,93.0,7.0,sensor2_serial,1,1,5,1,120,134,20.000,20.005,0,148,148,7.398000,SUCCESS,sigmoid,
2026-06-03T09:16:45,93.0,7.0,sensor2_serial,1,1,5,1,120,133,20.000,20.006,0,131,131,6.548195,SUCCESS,sigmoid,
2026-06-03T09:17:05,93.0,7.0,sensor2_serial,1,1,5,1,120,132,20.000,20.004,0,154,154,7.698303,SUCCESS,sigmoid,
2026-06-03T09:17:25,93.0,7.0,sensor2_serial,1,1,5,1,120,131,20.000,20.005,0,148,148,7.398155,SUCCESS,sigmoid,
2026-06-03T09:17:46,93.0,7.0,sensor2_serial,1,1,5,1,120,130,20.000,20.006,0,139,139,6.947875,SUCCESS,sigmoid,
2026-06-03T09:18:06,93.0,7.0,sensor2_serial,1,1,5,1,120,129,20.000,20.005,0,130,130,6.498288,SUCCESS,sigmoid,
2026-06-03T09:18:26,93.0,7.0,sensor2_serial,1,1,5,1,120,128,20.000,20.005,0,114,114,5.698436,SUCCESS,sigmoid,
2026-06-03T09:18:46,93.0,7.0,sensor2_serial,1,1,5,1,120,127,20.000,20.006,0,127,127,6.348252,SUCCESS,sigmoid,
2026-06-03T09:19:06,93.0,7.0,sensor2_serial,1,1,5,1,120,126,20.000,20.006,0,107,107,5.348519,SUCCESS,sigmoid,
2026-06-03T09:19:26,93.0,7.0,sensor2_serial,1,1,5,1,120,125,20.000,20.006,0,96,96,4.798592,SUCCESS,sigmoid,
2026-06-03T09:19:46,93.0,7.0,sensor2_serial,1,1,5,1,120,124,20.000,20.006,0,117,117,5.848367,SUCCESS,sigmoid,
2026-06-03T09:20:06,93.0,7.0,sensor2_serial,1,1,5,1,120,123,20.000,20.005,0,98,98,4.898683,SUCCESS,sigmoid,
2026-06-03T09:20:26,93.0,7.0,sensor2_serial,1,1,5,1,120,122,20.000,20.006,0,132,132,6.598102,SUCCESS,sigmoid,
2026-06-03T09:20:46,93.0,7.0,sensor2_serial,1,1,5,1,120,121,20.000,20.005,0,111,111,5.548489,SUCCESS,sigmoid,
2026-06-03T09:21:06,93.0,7.0,sensor2_serial,1,1,5,1,120,120,20.000,20.005,0,88,88,4.398797,SUCCESS,sigmoid,
2026-06-03T09:21:26,93.0,7.0,sensor2_serial,1,1,5,1,120,119,20.000,20.006,0,74,74,3.698949,SUCCESS,sigmoid,
2026-06-03T09:21:46,93.0,7.0,sensor2_serial,1,1,5,1,120,118,20.000,20.006,0,96,96,4.798677,SUCCESS,sigmoid,
2026-06-03T09:22:06,93.0,7.0,sensor2_serial,1,1,5,1,120,117,20.000,20.005,0,85,85,4.248920,SUCCESS,sigmoid,
2026-06-03T09:22:26,93.0,7.0,sensor2_serial,1,1,5,1,120,116,20.000,20.006,0,67,67,3.349072,SUCCESS,sigmoid,
2026-06-03T09:22:46,93.0,7.0,sensor2_serial,1,1,5,1,120,115,20.000,20.006,0,69,69,3.449049,SUCCESS,sigmoid,
2026-06-03T09:23:06,93.0,7.0,sensor2_serial,1,1,5,1,120,114,20.000,20.005,0,80,80,3.998970,SUCCESS,sigmoid,
2026-06-03T09:23:27,93.0,7.0,sensor2_serial,1,1,5,1,120,113,20.000,20.006,0,70,70,3.499036,SUCCESS,sigmoid,
2026-06-03T09:23:47,93.0,7.0,sensor2_serial,1,1,5,1,120,112,20.000,20.006,0,65,65,3.249064,SUCCESS,sigmoid,
2026-06-03T09:24:07,93.0,7.0,sensor2_serial,1,1,5,1,120,111,20.000,20.006,0,57,57,2.849212,SUCCESS,sigmoid,
2026-06-03T09:24:27,93.0,7.0,sensor2_serial,1,1,5,1,120,110,20.000,20.005,0,63,63,3.149149,SUCCESS,sigmoid,
2026-06-03T09:24:47,93.0,7.0,sensor2_serial,1,1,5,1,120,109,20.000,20.005,0,56,56,2.799234,SUCCESS,sigmoid,
2026-06-03T09:25:07,93.0,7.0,sensor2_serial,1,1,5,1,120,108,20.000,20.005,0,38,38,1.899498,SUCCESS,sigmoid,
2026-06-03T09:25:27,93.0,7.0,sensor2_serial,1,1,5,1,120,107,20.000,20.006,0,44,44,2.199376,SUCCESS,sigmoid,
2026-06-03T09:25:47,93.0,7.0,sensor2_serial,1,1,5,1,120,106,20.000,20.005,0,39,39,1.949490,SUCCESS,sigmoid,
2026-06-03T09:26:07,93.0,7.0,sensor2_serial,1,1,5,1,120,105,20.000,20.006,0,37,37,1.849455,SUCCESS,sigmoid,
2026-06-03T09:26:27,93.0,7.0,sensor2_serial,1,1,5,1,120,104,20.000,20.004,0,32,32,1.599644,SUCCESS,sigmoid,
2026-06-03T09:26:47,93.0,7.0,sensor2_serial,1,1,5,1,120,103,20.000,20.005,0,35,35,1.749561,SUCCESS,sigmoid,
2026-06-03T09:27:07,93.0,7.0,sensor2_serial,1,1,5,1,120,102,20.000,20.005,0,27,27,1.349660,SUCCESS,sigmoid,
2026-06-03T09:27:27,93.0,7.0,sensor2_serial,1,1,5,1,120,101,20.000,20.006,0,29,29,1.449588,SUCCESS,sigmoid,
2026-06-03T09:27:47,93.0,7.0,sensor2_serial,1,1,5,1,120,100,20.000,20.005,0,22,22,1.099702,SUCCESS,sigmoid,
2026-06-03T09:28:07,93.0,7.0,sensor2_serial,1,1,5,1,120,99,20.000,20.005,0,18,18,0.899793,SUCCESS,sigmoid,
2026-06-03T09:28:27,93.0,7.0,sensor2_serial,1,1,5,1,120,98,20.000,20.005,0,17,17,0.849770,SUCCESS,sigmoid,
2026-06-03T09:28:48,93.0,7.0,sensor2_serial,1,1,5,1,120,97,20.000,20.004,0,5,5,0.249947,SUCCESS,sigmoid,
2026-06-03T09:29:08,93.0,7.0,sensor2_serial,1,1,5,1,120,96,20.000,20.005,0,9,9,0.449896,SUCCESS,sigmoid,
2026-06-03T09:29:28,93.0,7.0,sensor2_serial,1,1,5,1,120,95,20.000,20.006,0,9,9,0.449874,SUCCESS,sigmoid,
2026-06-03T09:29:48,93.0,7.0,sensor2_serial,1,1,5,1,120,94,20.000,20.006,0,10,10,0.499855,SUCCESS,sigmoid,
2026-06-03T09:30:08,93.0,7.0,sensor2_serial,1,1,5,1,120,93,20.000,20.004,0,7,7,0.349922,SUCCESS,sigmoid,
2026-06-03T09:30:28,93.0,7.0,sensor2_serial,1,1,5,1,120,92,20.000,20.004,0,6,6,0.299936,SUCCESS,sigmoid,
2026-06-03T09:30:48,93.0,7.0,sensor2_serial,1,1,5,1,120,91,20.000,20.005,0,3,3,0.149965,SUCCESS,sigmoid,
2026-06-03T09:31:08,93.0,7.0,sensor2_serial,1,1,5,1,120,90,20.000,20.004,0,8,8,0.399917,SUCCESS,sigmoid,
2026-06-03T09:31:28,93.0,7.0,sensor2_serial,1,1,5,1,120,89,20.000,20.005,0,5,5,0.249934,SUCCESS,sigmoid,
2026-06-03T09:31:48,93.0,7.0,sensor2_serial,1,1,5,1,120,88,20.000,20.004,0,5,5,0.249945,SUCCESS,sigmoid,
2026-06-03T09:32:08,93.0,7.0,sensor2_serial,1,1,5,1,120,87,20.000,20.004,0,3,3,0.149969,SUCCESS,sigmoid,
2026-06-03T09:32:28,93.0,7.0,sensor2_serial,1,1,5,1,120,86,20.000,20.004,0,0,0,0.000000,SUCCESS,sigmoid,
2026-06-03T09:32:48,93.0,7.0,sensor2_serial,1,1,5,1,120,85,20.000,20.005,0,3,3,0.149965,SUCCESS,sigmoid,
2026-06-03T09:33:08,93.0,7.0,sensor2_serial,1,1,5,1,120,84,20.000,20.006,0,0,0,0.000000,SUCCESS,sigmoid,
2026-06-03T09:33:28,93.0,7.0,sensor2_serial,1,1,5,1,120,83,20.000,20.005,0,0,0,0.000000,SUCCESS,sigmoid,
2026-06-03T09:33:48,93.0,7.0,sensor2_serial,1,2,6,2,120,255,20.000,20.005,0,1870007,1870007,93474.801181,SUCCESS,sigmoid,
2026-06-03T09:34:08,93.0,7.0,sensor2_serial,1,2,6,2,120,254,20.000,20.006,0,1893220,1893220,94631.358210,SUCCESS,sigmoid,
2026-06-03T09:34:29,93.0,7.0,sensor2_serial,1,2,6,2,120,253,20.000,20.006,0,1828182,1828182,91379.959226,SUCCESS,sigmoid,
2026-06-03T09:34:49,93.0,7.0,sensor2_serial,1,2,6,2,120,252,20.000,20.005,0,2011352,2011352,100540.305789,SUCCESS,sigmoid,
2026-06-03T09:35:09,93.0,7.0,sensor2_serial,1,2,6,2,120,251,20.000,20.006,0,2108430,2108430,105391.467870,SUCCESS,sigmoid,
2026-06-03T09:35:29,93.0,7.0,sensor2_serial,1,2,6,2,120,250,20.000,20.005,0,2398566,2398566,119895.781270,SUCCESS,sigmoid,
2026-06-03T09:35:49,93.0,7.0,sensor2_serial,1,2,6,2,120,249,20.000,20.006,0,2801556,2801556,140036.501575,SUCCESS,sigmoid,
2026-06-03T09:36:09,93.0,7.0,sensor2_serial,1,2,6,2,120,248,20.000,20.006,0,3010313,3010313,150471.652609,SUCCESS,sigmoid,
2026-06-03T09:36:29,93.0,7.0,sensor2_serial,1,2,6,2,120,247,20.000,20.006,0,3045336,3045336,152224.910335,SUCCESS,sigmoid,
2026-06-03T09:36:49,93.0,7.0,sensor2_serial,1,2,6,2,120,246,20.000,20.006,0,2631643,2631643,131540.384094,SUCCESS,sigmoid,
2026-06-03T09:37:09,93.0,7.0,sensor2_serial,1,2,6,2,120,245,20.000,20.006,0,2166035,2166035,108271.339936,SUCCESS,sigmoid,
2026-06-03T09:37:29,93.0,7.0,sensor2_serial,1,2,6,2,120,244,20.000,20.006,0,1470836,1470836,73521.499791,SUCCESS,sigmoid,
2026-06-03T09:37:49,93.0,7.0,sensor2_serial,1,2,6,2,120,243,20.000,20.005,0,1064999,1064999,53235.375429,SUCCESS,sigmoid,
2026-06-03T09:38:09,93.0,7.0,sensor2_serial,1,2,6,2,120,242,20.000,20.005,0,701032,701032,35042.575144,SUCCESS,sigmoid,
2026-06-03T09:38:29,93.0,7.0,sensor2_serial,1,2,6,2,120,241,20.000,20.006,0,447263,447263,22356.719045,SUCCESS,sigmoid,
2026-06-03T09:38:49,93.0,7.0,sensor2_serial,1,2,6,2,120,240,20.000,20.005,0,183851,183851,9190.147566,SUCCESS,sigmoid,
2026-06-03T09:39:09,93.0,7.0,sensor2_serial,1,2,6,2,120,239,20.000,20.005,0,120386,120386,6017.664272,SUCCESS,sigmoid,
2026-06-03T09:39:29,93.0,7.0,sensor2_serial,1,2,6,2,120,238,20.000,20.005,0,51545,51545,2576.586519,SUCCESS,sigmoid,
2026-06-03T09:39:49,93.0,7.0,sensor2_serial,1,2,6,2,120,237,20.000,20.006,0,32846,32846,1641.823244,SUCCESS,sigmoid,
2026-06-03T09:40:10,93.0,7.0,sensor2_serial,1,2,6,2,120,236,20.000,20.006,0,16211,16211,810.325167,SUCCESS,sigmoid,
2026-06-03T09:40:30,93.0,7.0,sensor2_serial,1,2,6,2,120,235,20.000,20.005,0,9928,9928,496.272202,SUCCESS,sigmoid,
2026-06-03T09:40:50,93.0,7.0,sensor2_serial,1,2,6,2,120,234,20.000,20.005,0,3755,3755,187.698492,SUCCESS,sigmoid,
2026-06-03T09:41:10,93.0,7.0,sensor2_serial,1,2,6,2,120,233,20.000,20.006,0,1581,1581,79.026054,SUCCESS,sigmoid,
2026-06-03T09:41:30,93.0,7.0,sensor2_serial,1,2,6,2,120,232,20.000,20.005,0,726,726,36.291397,SUCCESS,sigmoid,
2026-06-03T09:41:50,93.0,7.0,sensor2_serial,1,2,6,2,120,231,20.000,20.006,0,316,316,15.795636,SUCCESS,sigmoid,
2026-06-03T09:42:10,93.0,7.0,sensor2_serial,1,2,6,2,120,230,20.000,20.005,0,234,234,11.696852,SUCCESS,sigmoid,
2026-06-03T09:42:30,93.0,7.0,sensor2_serial,1,2,6,2,120,229,20.000,20.006,0,215,215,10.746993,SUCCESS,sigmoid,
2026-06-03T09:42:50,93.0,7.0,sensor2_serial,1,2,6,2,120,228,20.000,20.005,0,216,216,10.797119,SUCCESS,sigmoid,
2026-06-03T09:43:10,93.0,7.0,sensor2_serial,1,2,6,2,120,227,20.000,20.005,0,163,163,8.147785,SUCCESS,sigmoid,
2026-06-03T09:43:30,93.0,7.0,sensor2_serial,1,2,6,2,120,226,20.000,20.005,0,190,190,9.497440,SUCCESS,sigmoid,
2026-06-03T09:43:50,93.0,7.0,sensor2_serial,1,2,6,2,120,225,20.000,20.004,0,204,204,10.197715,SUCCESS,sigmoid,
2026-06-03T09:44:10,93.0,7.0,sensor2_serial,1,2,6,2,120,224,20.000,20.006,0,199,199,9.947019,SUCCESS,sigmoid,
2026-06-03T09:44:30,93.0,7.0,sensor2_serial,1,2,6,2,120,223,20.000,20.006,0,180,180,8.997391,SUCCESS,sigmoid,
2026-06-03T09:44:50,93.0,7.0,sensor2_serial,1,2,6,2,120,222,20.000,20.005,0,171,171,8.547663,SUCCESS,sigmoid,
2026-06-03T09:45:10,93.0,7.0,sensor2_serial,1,2,6,2,120,221,20.000,20.006,0,199,199,9.947017,SUCCESS,sigmoid,
2026-06-03T09:45:31,93.0,7.0,sensor2_serial,1,2,6,2,120,220,20.000,20.005,0,194,194,9.697352,SUCCESS,sigmoid,
2026-06-03T09:45:51,93.0,7.0,sensor2_serial,1,2,6,2,120,219,20.000,20.005,0,198,198,9.897359,SUCCESS,sigmoid,
2026-06-03T09:46:11,93.0,7.0,sensor2_serial,1,2,6,2,120,218,20.000,20.006,0,195,195,9.747274,SUCCESS,sigmoid,
2026-06-03T09:46:31,93.0,7.0,sensor2_serial,1,2,6,2,120,217,20.000,20.006,0,166,166,8.297593,SUCCESS,sigmoid,
2026-06-03T09:46:51,93.0,7.0,sensor2_serial,1,2,6,2,120,216,20.000,20.006,0,210,210,10.497097,SUCCESS,sigmoid,
2026-06-03T09:47:11,93.0,7.0,sensor2_serial,1,2,6,2,120,215,20.000,20.005,0,185,185,9.247564,SUCCESS,sigmoid,
2026-06-03T09:47:31,93.0,7.0,sensor2_serial,1,2,6,2,120,214,20.000,20.005,0,179,179,8.947627,SUCCESS,sigmoid,
2026-06-03T09:47:51,93.0,7.0,sensor2_serial,1,2,6,2,120,213,20.000,20.005,0,183,183,9.147529,SUCCESS,sigmoid,
2026-06-03T09:48:11,93.0,7.0,sensor2_serial,1,2,6,2,120,212,20.000,20.006,0,205,205,10.247177,SUCCESS,sigmoid,
2026-06-03T09:48:31,93.0,7.0,sensor2_serial,1,2,6,2,120,211,20.000,20.006,0,191,191,9.547349,SUCCESS,sigmoid,
2026-06-03T09:48:51,93.0,7.0,sensor2_serial,1,2,6,2,120,210,20.000,20.005,0,179,179,8.947669,SUCCESS,sigmoid,
2026-06-03T09:49:11,93.0,7.0,sensor2_serial,1,2,6,2,120,209,20.000,20.005,0,171,171,8.547873,SUCCESS,sigmoid,
2026-06-03T09:49:31,93.0,7.0,sensor2_serial,1,2,6,2,120,208,20.000,20.005,0,200,200,9.997282,SUCCESS,sigmoid,
2026-06-03T09:49:51,93.0,7.0,sensor2_serial,1,2,6,2,120,207,20.000,20.005,0,154,154,7.697921,SUCCESS,sigmoid,
2026-06-03T09:50:11,93.0,7.0,sensor2_serial,1,2,6,2,120,206,20.000,20.006,0,187,187,9.347378,SUCCESS,sigmoid,
2026-06-03T09:50:31,93.0,7.0,sensor2_serial,1,2,6,2,120,205,20.000,20.006,0,183,183,9.147432,SUCCESS,sigmoid,
2026-06-03T09:50:51,93.0,7.0,sensor2_serial,1,2,6,2,120,204,20.000,20.006,0,176,176,8.797419,SUCCESS,sigmoid,
2026-06-03T09:51:12,93.0,7.0,sensor2_serial,1,2,6,2,120,203,20.000,20.005,0,164,164,8.197855,SUCCESS,sigmoid,
2026-06-03T09:51:32,93.0,7.0,sensor2_serial,1,2,6,2,120,202,20.000,20.005,0,198,198,9.897483,SUCCESS,sigmoid,
2026-06-03T09:51:52,93.0,7.0,sensor2_serial,1,2,6,2,120,201,20.000,20.005,0,180,180,8.997703,SUCCESS,sigmoid,
2026-06-03T09:52:12,93.0,7.0,sensor2_serial,1,2,6,2,120,200,20.000,20.005,0,149,149,7.448052,SUCCESS,sigmoid,
2026-06-03T09:52:32,93.0,7.0,sensor2_serial,1,2,6,2,120,199,20.000,20.006,0,155,155,7.747841,SUCCESS,sigmoid,
2026-06-03T09:52:52,93.0,7.0,sensor2_serial,1,2,6,2,120,198,20.000,20.005,0,173,173,8.647699,SUCCESS,sigmoid,
2026-06-03T09:53:12,93.0,7.0,sensor2_serial,1,2,6,2,120,197,20.000,20.005,0,193,193,9.647445,SUCCESS,sigmoid,
2026-06-03T09:53:32,93.0,7.0,sensor2_serial,1,2,6,2,120,196,20.000,20.005,0,146,146,7.298009,SUCCESS,sigmoid,
2026-06-03T09:53:52,93.0,7.0,sensor2_serial,1,2,6,2,120,195,20.000,20.006,0,157,157,7.847627,SUCCESS,sigmoid,
2026-06-03T09:54:12,93.0,7.0,sensor2_serial,1,2,6,2,120,194,20.000,20.005,0,163,163,8.147825,SUCCESS,sigmoid,
2026-06-03T09:54:32,93.0,7.0,sensor2_serial,1,2,6,2,120,193,20.000,20.006,0,169,169,8.447645,SUCCESS,sigmoid,
2026-06-03T09:54:52,93.0,7.0,sensor2_serial,1,2,6,2,120,192,20.000,20.005,0,175,175,8.747715,SUCCESS,sigmoid,
2026-06-03T09:55:12,93.0,7.0,sensor2_serial,1,2,6,2,120,191,20.000,20.005,0,176,176,8.797643,SUCCESS,sigmoid,
2026-06-03T09:55:32,93.0,7.0,sensor2_serial,1,2,6,2,120,190,20.000,20.006,0,183,183,9.147343,SUCCESS,sigmoid,
2026-06-03T09:55:52,93.0,7.0,sensor2_serial,1,2,6,2,120,189,20.000,20.005,0,173,173,8.647696,SUCCESS,sigmoid,
2026-06-03T09:56:12,93.0,7.0,sensor2_serial,1,2,6,2,120,188,20.000,20.006,0,179,179,8.947468,SUCCESS,sigmoid,
2026-06-03T09:56:32,93.0,7.0,sensor2_serial,1,2,6,2,120,187,20.000,20.004,0,199,199,9.947979,SUCCESS,sigmoid,
2026-06-03T09:56:53,93.0,7.0,sensor2_serial,1,2,6,2,120,186,20.000,20.006,0,174,174,8.697560,SUCCESS,sigmoid,
2026-06-03T09:57:13,93.0,7.0,sensor2_serial,1,2,6,2,120,185,20.000,20.005,0,189,189,9.447477,SUCCESS,sigmoid,
2026-06-03T09:57:33,93.0,7.0,sensor2_serial,1,2,6,2,120,184,20.000,20.005,0,162,162,8.097780,SUCCESS,sigmoid,
2026-06-03T09:57:53,93.0,7.0,sensor2_serial,1,2,6,2,120,183,20.000,20.005,0,180,180,8.997728,SUCCESS,sigmoid,
2026-06-03T09:58:13,93.0,7.0,sensor2_serial,1,2,6,2,120,182,20.000,20.005,0,176,176,8.797675,SUCCESS,sigmoid,
2026-06-03T09:58:33,93.0,7.0,sensor2_serial,1,2,6,2,120,181,20.000,20.006,0,196,196,9.797269,SUCCESS,sigmoid,
2026-06-03T09:58:53,93.0,7.0,sensor2_serial,1,2,6,2,120,180,20.000,20.006,0,173,173,8.647596,SUCCESS,sigmoid,
2026-06-03T09:59:13,93.0,7.0,sensor2_serial,1,2,6,2,120,179,20.000,20.005,0,164,164,8.197868,SUCCESS,sigmoid,
2026-06-03T09:59:33,93.0,7.0,sensor2_serial,1,2,6,2,120,178,20.000,20.006,0,183,183,9.147322,SUCCESS,sigmoid,
2026-06-03T09:59:53,93.0,7.0,sensor2_serial,1,2,6,2,120,177,20.000,20.006,0,165,165,8.247601,SUCCESS,sigmoid,
2026-06-03T10:00:13,93.0,7.0,sensor2_serial,1,2,6,2,120,176,20.000,20.006,0,191,191,9.547355,SUCCESS,sigmoid,
2026-06-03T10:00:33,93.0,7.0,sensor2_serial,1,2,6,2,120,175,20.000,20.005,0,193,193,9.647613,SUCCESS,sigmoid,
2026-06-03T10:00:53,93.0,7.0,sensor2_serial,1,2,6,2,120,174,20.000,20.005,0,190,190,9.497701,SUCCESS,sigmoid,
2026-06-03T10:01:13,93.0,7.0,sensor2_serial,1,2,6,2,120,173,20.000,20.005,0,155,155,7.747937,SUCCESS,sigmoid,
2026-06-03T10:01:33,93.0,7.0,sensor2_serial,1,2,6,2,120,172,20.000,20.005,0,173,173,8.647813,SUCCESS,sigmoid,
2026-06-03T10:01:53,93.0,7.0,sensor2_serial,1,2,6,2,120,171,20.000,20.006,0,146,146,7.297865,SUCCESS,sigmoid,
2026-06-03T10:02:13,93.0,7.0,sensor2_serial,1,2,6,2,120,170,20.000,20.005,0,169,169,8.447708,SUCCESS,sigmoid,
2026-06-03T10:02:34,93.0,7.0,sensor2_serial,1,2,6,2,120,169,20.000,20.005,0,153,153,7.648003,SUCCESS,sigmoid,
2026-06-03T10:02:54,93.0,7.0,sensor2_serial,1,2,6,2,120,168,20.000,20.005,0,157,157,7.847990,SUCCESS,sigmoid,
2026-06-03T10:03:14,93.0,7.0,sensor2_serial,1,2,6,2,120,167,20.000,20.005,0,167,167,8.347722,SUCCESS,sigmoid,
2026-06-03T10:03:34,93.0,7.0,sensor2_serial,1,2,6,2,120,166,20.000,20.005,0,175,175,8.747723,SUCCESS,sigmoid,
2026-06-03T10:03:54,93.0,7.0,sensor2_serial,1,2,6,2,120,165,20.000,20.005,0,160,160,7.997924,SUCCESS,sigmoid,
2026-06-03T10:04:14,93.0,7.0,sensor2_serial,1,2,6,2,120,164,20.000,20.006,0,186,186,9.297350,SUCCESS,sigmoid,
2026-06-03T10:04:34,93.0,7.0,sensor2_serial,1,2,6,2,120,163,20.000,20.005,0,166,166,8.297780,SUCCESS,sigmoid,
2026-06-03T10:04:54,93.0,7.0,sensor2_serial,1,2,6,2,120,162,20.000,20.005,0,182,182,9.097569,SUCCESS,sigmoid,
2026-06-03T10:05:14,93.0,7.0,sensor2_serial,1,2,6,2,120,161,20.000,20.005,0,159,159,7.948016,SUCCESS,sigmoid,
2026-06-03T10:05:34,93.0,7.0,sensor2_serial,1,2,6,2,120,160,20.000,20.005,0,170,170,8.497734,SUCCESS,sigmoid,
2026-06-03T10:05:54,93.0,7.0,sensor2_serial,1,2,6,2,120,159,20.000,20.006,0,160,160,7.997591,SUCCESS,sigmoid,
2026-06-03T10:06:14,93.0,7.0,sensor2_serial,1,2,6,2,120,158,20.000,20.006,0,184,184,9.197194,SUCCESS,sigmoid,
2026-06-03T10:06:34,93.0,7.0,sensor2_serial,1,2,6,2,120,157,20.000,20.006,0,163,163,8.147687,SUCCESS,sigmoid,
2026-06-03T10:06:54,93.0,7.0,sensor2_serial,1,2,6,2,120,156,20.000,20.006,0,165,165,8.247719,SUCCESS,sigmoid,
2026-06-03T10:07:14,93.0,7.0,sensor2_serial,1,2,6,2,120,155,20.000,20.005,0,197,197,9.847516,SUCCESS,sigmoid,
2026-06-03T10:07:34,93.0,7.0,sensor2_serial,1,2,6,2,120,154,20.000,20.005,0,158,158,7.897891,SUCCESS,sigmoid,
2026-06-03T10:07:55,93.0,7.0,sensor2_serial,1,2,6,2,120,153,20.000,20.005,0,155,155,7.748097,SUCCESS,sigmoid,
2026-06-03T10:08:15,93.0,7.0,sensor2_serial,1,2,6,2,120,152,20.000,20.005,0,163,163,8.147823,SUCCESS,sigmoid,
2026-06-03T10:08:35,93.0,7.0,sensor2_serial,1,2,6,2,120,151,20.000,20.005,0,188,188,9.397502,SUCCESS,sigmoid,
2026-06-03T10:08:55,93.0,7.0,sensor2_serial,1,2,6,2,120,150,20.000,20.005,0,160,160,7.997883,SUCCESS,sigmoid,
2026-06-03T10:09:15,93.0,7.0,sensor2_serial,1,2,6,2,120,149,20.000,20.005,0,158,158,7.897916,SUCCESS,sigmoid,
2026-06-03T10:09:35,93.0,7.0,sensor2_serial,1,2,6,2,120,148,20.000,20.005,0,126,126,6.298338,SUCCESS,sigmoid,
2026-06-03T10:09:55,93.0,7.0,sensor2_serial,1,2,6,2,120,147,20.000,20.006,0,163,163,8.147754,SUCCESS,sigmoid,
2026-06-03T10:10:15,93.0,7.0,sensor2_serial,1,2,6,2,120,146,20.000,20.005,0,126,126,6.298319,SUCCESS,sigmoid,
2026-06-03T10:10:35,93.0,7.0,sensor2_serial,1,2,6,2,120,145,20.000,20.005,0,150,150,7.498073,SUCCESS,sigmoid,
2026-06-03T10:10:55,93.0,7.0,sensor2_serial,1,2,6,2,120,144,20.000,20.005,0,145,145,7.248165,SUCCESS,sigmoid,
2026-06-03T10:11:15,93.0,7.0,sensor2_serial,1,2,6,2,120,143,20.000,20.005,0,162,162,8.097782,SUCCESS,sigmoid,
2026-06-03T10:11:35,93.0,7.0,sensor2_serial,1,2,6,2,120,142,20.000,20.005,0,141,141,7.048098,SUCCESS,sigmoid,
2026-06-03T10:11:55,93.0,7.0,sensor2_serial,1,2,6,2,120,141,20.000,20.005,0,147,147,7.348019,SUCCESS,sigmoid,
2026-06-03T10:12:15,93.0,7.0,sensor2_serial,1,2,6,2,120,140,20.000,20.006,0,138,138,6.898084,SUCCESS,sigmoid,
2026-06-03T10:12:35,93.0,7.0,sensor2_serial,1,2,6,2,120,139,20.000,20.005,0,131,131,6.548314,SUCCESS,sigmoid,
2026-06-03T10:12:55,93.0,7.0,sensor2_serial,1,2,6,2,120,138,20.000,20.005,0,123,123,6.148338,SUCCESS,sigmoid,
2026-06-03T10:13:15,93.0,7.0,sensor2_serial,1,2,6,2,120,137,20.000,20.005,0,133,133,6.648218,SUCCESS,sigmoid,
2026-06-03T10:13:36,93.0,7.0,sensor2_serial,1,2,6,2,120,136,20.000,20.006,0,108,108,5.398513,SUCCESS,sigmoid,
2026-06-03T10:13:56,93.0,7.0,sensor2_serial,1,2,6,2,120,135,20.000,20.005,0,118,118,5.898481,SUCCESS,sigmoid,
2026-06-03T10:14:16,93.0,7.0,sensor2_serial,1,2,6,2,120,134,20.000,20.005,0,134,134,6.698180,SUCCESS,sigmoid,
2026-06-03T10:14:36,93.0,7.0,sensor2_serial,1,2,6,2,120,133,20.000,20.005,0,114,114,5.698612,SUCCESS,sigmoid,
2026-06-03T10:14:56,93.0,7.0,sensor2_serial,1,2,6,2,120,132,20.000,20.005,0,116,116,5.798454,SUCCESS,sigmoid,
2026-06-03T10:15:16,93.0,7.0,sensor2_serial,1,2,6,2,120,131,20.000,20.005,0,111,111,5.548551,SUCCESS,sigmoid,
2026-06-03T10:15:36,93.0,7.0,sensor2_serial,1,2,6,2,120,130,20.000,20.006,0,106,106,5.298515,SUCCESS,sigmoid,
2026-06-03T10:15:56,93.0,7.0,sensor2_serial,1,2,6,2,120,129,20.000,20.006,0,105,105,5.248542,SUCCESS,sigmoid,
2026-06-03T10:16:16,93.0,7.0,sensor2_serial,1,2,6,2,120,128,20.000,20.006,0,103,103,5.148457,SUCCESS,sigmoid,
2026-06-03T10:16:36,93.0,7.0,sensor2_serial,1,2,6,2,120,127,20.000,20.005,0,122,122,6.098342,SUCCESS,sigmoid,
2026-06-03T10:16:56,93.0,7.0,sensor2_serial,1,2,6,2,120,126,20.000,20.005,0,107,107,5.348554,SUCCESS,sigmoid,
2026-06-03T10:17:16,93.0,7.0,sensor2_serial,1,2,6,2,120,125,20.000,20.006,0,111,111,5.548401,SUCCESS,sigmoid,
2026-06-03T10:17:36,93.0,7.0,sensor2_serial,1,2,6,2,120,124,20.000,20.005,0,102,102,5.098829,SUCCESS,sigmoid,
2026-06-03T10:17:56,93.0,7.0,sensor2_serial,1,2,6,2,120,123,20.000,20.004,0,84,84,4.199088,SUCCESS,sigmoid,
2026-06-03T10:18:16,93.0,7.0,sensor2_serial,1,2,6,2,120,122,20.000,20.005,0,107,107,5.348618,SUCCESS,sigmoid,
2026-06-03T10:18:36,93.0,7.0,sensor2_serial,1,2,6,2,120,121,20.000,20.005,0,96,96,4.798706,SUCCESS,sigmoid,
2026-06-03T10:18:56,93.0,7.0,sensor2_serial,1,2,6,2,120,120,20.000,20.005,0,75,75,3.749016,SUCCESS,sigmoid,
2026-06-03T10:19:17,93.0,7.0,sensor2_serial,1,2,6,2,120,119,20.000,20.005,0,112,112,5.598485,SUCCESS,sigmoid,
2026-06-03T10:19:37,93.0,7.0,sensor2_serial,1,2,6,2,120,118,20.000,20.005,0,78,78,3.898973,SUCCESS,sigmoid,
2026-06-03T10:19:57,93.0,7.0,sensor2_serial,1,2,6,2,120,117,20.000,20.003,0,77,77,3.849336,SUCCESS,sigmoid,
2026-06-03T10:20:17,93.0,7.0,sensor2_serial,1,2,6,2,120,116,20.000,20.004,0,68,68,3.399309,SUCCESS,sigmoid,
2026-06-03T10:20:37,93.0,7.0,sensor2_serial,1,2,6,2,120,115,20.000,20.006,0,77,77,3.848902,SUCCESS,sigmoid,
2026-06-03T10:20:57,93.0,7.0,sensor2_serial,1,2,6,2,120,114,20.000,20.006,0,92,92,4.598721,SUCCESS,sigmoid,
2026-06-03T10:21:17,93.0,7.0,sensor2_serial,1,2,6,2,120,113,20.000,20.006,0,76,76,3.798946,SUCCESS,sigmoid,
2026-06-03T10:21:37,93.0,7.0,sensor2_serial,1,2,6,2,120,112,20.000,20.005,0,68,68,3.399081,SUCCESS,sigmoid,
2026-06-03T10:21:57,93.0,7.0,sensor2_serial,1,2,6,2,120,111,20.000,20.005,0,55,55,2.749276,SUCCESS,sigmoid,
2026-06-03T10:22:17,93.0,7.0,sensor2_serial,1,2,6,2,120,110,20.000,20.006,0,57,57,2.849210,SUCCESS,sigmoid,
2026-06-03T10:22:37,93.0,7.0,sensor2_serial,1,2,6,2,120,109,20.000,20.005,0,62,62,3.099170,SUCCESS,sigmoid,
2026-06-03T10:22:57,93.0,7.0,sensor2_serial,1,2,6,2,120,108,20.000,20.004,0,52,52,2.599459,SUCCESS,sigmoid,
2026-06-03T10:23:17,93.0,7.0,sensor2_serial,1,2,6,2,120,107,20.000,20.004,0,50,50,2.499493,SUCCESS,sigmoid,
2026-06-03T10:23:37,93.0,7.0,sensor2_serial,1,2,6,2,120,106,20.000,20.005,0,43,43,2.149430,SUCCESS,sigmoid,
2026-06-03T10:23:57,93.0,7.0,sensor2_serial,1,2,6,2,120,105,20.000,20.006,0,36,36,1.799501,SUCCESS,sigmoid,
2026-06-03T10:24:17,93.0,7.0,sensor2_serial,1,2,6,2,120,104,20.000,20.005,0,40,40,1.999477,SUCCESS,sigmoid,
2026-06-03T10:24:38,93.0,7.0,sensor2_serial,1,2,6,2,120,103,20.000,20.005,0,35,35,1.749547,SUCCESS,sigmoid,
2026-06-03T10:24:58,93.0,7.0,sensor2_serial,1,2,6,2,120,102,20.000,20.006,0,21,21,1.049701,SUCCESS,sigmoid,
2026-06-03T10:25:18,93.0,7.0,sensor2_serial,1,2,6,2,120,101,20.000,20.006,0,15,15,0.749794,SUCCESS,sigmoid,
2026-06-03T10:25:38,93.0,7.0,sensor2_serial,1,2,6,2,120,100,20.000,20.004,0,31,31,1.549691,SUCCESS,sigmoid,
2026-06-03T10:25:58,93.0,7.0,sensor2_serial,1,2,6,2,120,99,20.000,20.005,0,25,25,1.249700,SUCCESS,sigmoid,
2026-06-03T10:26:18,93.0,7.0,sensor2_serial,1,2,6,2,120,98,20.000,20.006,0,18,18,0.899745,SUCCESS,sigmoid,
2026-06-03T10:26:38,93.0,7.0,sensor2_serial,1,2,6,2,120,97,20.000,20.006,0,25,25,1.249638,SUCCESS,sigmoid,
2026-06-03T10:26:58,93.0,7.0,sensor2_serial,1,2,6,2,120,96,20.000,20.005,0,18,18,0.899760,SUCCESS,sigmoid,
2026-06-03T10:27:18,93.0,7.0,sensor2_serial,1,2,6,2,120,95,20.000,20.005,0,13,13,0.649824,SUCCESS,sigmoid,
2026-06-03T10:27:38,93.0,7.0,sensor2_serial,1,2,6,2,120,94,20.000,20.004,0,7,7,0.349924,SUCCESS,sigmoid,
2026-06-03T10:27:58,93.0,7.0,sensor2_serial,1,2,6,2,120,93,20.000,20.005,0,6,6,0.299932,SUCCESS,sigmoid,
2026-06-03T10:28:18,93.0,7.0,sensor2_serial,1,2,6,2,120,92,20.000,20.005,0,3,3,0.149962,SUCCESS,sigmoid,
2026-06-03T10:28:38,93.0,7.0,sensor2_serial,1,2,6,2,120,91,20.000,20.005,0,7,7,0.349904,SUCCESS,sigmoid,
2026-06-03T10:28:58,93.0,7.0,sensor2_serial,1,2,6,2,120,90,20.000,20.004,0,3,3,0.149971,SUCCESS,sigmoid,
2026-06-03T10:29:18,93.0,7.0,sensor2_serial,1,2,6,2,120,89,20.000,20.004,0,5,5,0.249948,SUCCESS,sigmoid,
2026-06-03T10:29:38,93.0,7.0,sensor2_serial,1,2,6,2,120,88,20.000,20.005,0,0,0,0.000000,SUCCESS,sigmoid,
2026-06-03T10:29:58,93.0,7.0,sensor2_serial,1,2,6,2,120,87,20.000,20.004,0,1,1,0.049989,SUCCESS,sigmoid,
2026-06-03T10:30:19,93.0,7.0,sensor2_serial,1,2,6,2,120,86,20.000,20.005,0,2,2,0.099976,SUCCESS,sigmoid,
2026-06-03T10:30:39,93.0,7.0,sensor2_serial,1,2,6,2,120,85,20.000,20.004,0,1,1,0.049990,SUCCESS,sigmoid,
2026-06-03T10:30:59,93.0,7.0,sensor2_serial,1,2,6,2,120,84,20.000,20.004,0,0,0,0.000000,SUCCESS,sigmoid,
2026-06-03T10:31:19,93.0,7.0,sensor2_serial,1,2,6,2,120,83,20.000,20.005,0,0,0,0.000000,SUCCESS,sigmoid,
2026-06-03T10:31:53,94.0,6.0,sensor2_serial,1,0,4,0,120,255,20.000,20.007,0,3095544,3095544,154726.181688,SUCCESS,sigmoid,
2026-06-03T10:32:13,94.0,6.0,sensor2_serial,1,0,4,0,120,254,20.000,20.006,0,3306991,3306991,165298.269476,SUCCESS,sigmoid,
2026-06-03T10:32:33,94.0,6.0,sensor2_serial,1,0,4,0,120,253,20.000,20.006,0,3370851,3370851,168488.080555,SUCCESS,sigmoid,
2026-06-03T10:32:53,94.0,6.0,sensor2_serial,1,0,4,0,120,252,20.000,20.006,0,3113060,3113060,155602.614599,SUCCESS,sigmoid,
2026-06-03T10:33:13,94.0,6.0,sensor2_serial,1,0,4,0,120,251,20.000,20.006,0,2450934,2450934,122507.788925,SUCCESS,sigmoid,
2026-06-03T10:33:33,94.0,6.0,sensor2_serial,1,0,4,0,120,250,20.000,20.006,0,1761283,1761283,88036.180494,SUCCESS,sigmoid,
2026-06-03T10:33:53,94.0,6.0,sensor2_serial,1,0,4,0,120,249,20.000,20.007,0,1194607,1194607,59710.389612,SUCCESS,sigmoid,
2026-06-03T10:34:13,94.0,6.0,sensor2_serial,1,0,4,0,120,248,20.000,20.007,0,770150,770150,38494.885900,SUCCESS,sigmoid,
2026-06-03T10:34:33,94.0,6.0,sensor2_serial,1,0,4,0,120,247,20.000,20.006,0,620794,620794,31030.804999,SUCCESS,sigmoid,
2026-06-03T10:34:53,94.0,6.0,sensor2_serial,1,0,4,0,120,246,20.000,20.006,0,269715,269715,13481.608418,SUCCESS,sigmoid,
2026-06-03T10:35:13,94.0,6.0,sensor2_serial,1,0,4,0,120,245,20.000,20.006,0,152788,152788,7636.948124,SUCCESS,sigmoid,
2026-06-03T10:35:33,94.0,6.0,sensor2_serial,1,0,4,0,120,244,20.000,20.006,0,74432,74432,3720.536389,SUCCESS,sigmoid,
2026-06-03T10:35:53,94.0,6.0,sensor2_serial,1,0,4,0,120,243,20.000,20.007,0,41430,41430,2070.813926,SUCCESS,sigmoid,
2026-06-03T10:36:14,94.0,6.0,sensor2_serial,1,0,4,0,120,242,20.000,20.006,0,41457,41457,2072.275521,SUCCESS,sigmoid,
2026-06-03T10:36:34,94.0,6.0,sensor2_serial,1,0,4,0,120,241,20.000,20.006,0,19863,19863,992.843162,SUCCESS,sigmoid,
2026-06-03T10:36:54,94.0,6.0,sensor2_serial,1,0,4,0,120,240,20.000,20.005,0,8264,8264,413.091574,SUCCESS,sigmoid,
2026-06-03T10:37:14,94.0,6.0,sensor2_serial,1,0,4,0,120,239,20.000,20.007,0,3947,3947,197.285769,SUCCESS,sigmoid,
2026-06-03T10:37:34,94.0,6.0,sensor2_serial,1,0,4,0,120,238,20.000,20.006,0,1272,1272,63.582103,SUCCESS,sigmoid,
2026-06-03T10:37:54,94.0,6.0,sensor2_serial,1,0,4,0,120,237,20.000,20.006,0,481,481,24.042721,SUCCESS,sigmoid,
2026-06-03T10:38:14,94.0,6.0,sensor2_serial,1,0,4,0,120,236,20.000,20.005,0,295,295,14.746046,SUCCESS,sigmoid,
2026-06-03T10:38:34,94.0,6.0,sensor2_serial,1,0,4,0,120,235,20.000,20.006,0,264,264,13.196321,SUCCESS,sigmoid,
2026-06-03T10:38:54,94.0,6.0,sensor2_serial,1,0,4,0,120,234,20.000,20.005,0,211,211,10.547251,SUCCESS,sigmoid,
2026-06-03T10:39:14,94.0,6.0,sensor2_serial,1,0,4,0,120,233,20.000,20.006,0,216,216,10.796753,SUCCESS,sigmoid,
2026-06-03T10:39:34,94.0,6.0,sensor2_serial,1,0,4,0,120,232,20.000,20.005,0,218,218,10.897099,SUCCESS,sigmoid,
2026-06-03T10:39:54,94.0,6.0,sensor2_serial,1,0,4,0,120,231,20.000,20.006,0,223,223,11.146865,SUCCESS,sigmoid,
2026-06-03T10:40:14,94.0,6.0,sensor2_serial,1,0,4,0,120,230,20.000,20.006,0,230,230,11.496722,SUCCESS,sigmoid,
2026-06-03T10:40:34,94.0,6.0,sensor2_serial,1,0,4,0,120,229,20.000,20.005,0,210,210,10.497139,SUCCESS,sigmoid,
2026-06-03T10:40:54,94.0,6.0,sensor2_serial,1,0,4,0,120,228,20.000,20.005,0,199,199,9.947623,SUCCESS,sigmoid,
2026-06-03T10:41:14,94.0,6.0,sensor2_serial,1,0,4,0,120,227,20.000,20.005,0,230,230,11.496890,SUCCESS,sigmoid,
2026-06-03T10:41:35,94.0,6.0,sensor2_serial,1,0,4,0,120,226,20.000,20.006,0,239,239,11.946678,SUCCESS,sigmoid,
2026-06-03T10:41:55,94.0,6.0,sensor2_serial,1,0,4,0,120,225,20.000,20.006,0,202,202,10.096992,SUCCESS,sigmoid,
2026-06-03T10:42:15,94.0,6.0,sensor2_serial,1,0,4,0,120,224,20.000,20.005,0,205,205,10.247306,SUCCESS,sigmoid,
2026-06-03T10:42:35,94.0,6.0,sensor2_serial,1,0,4,0,120,223,20.000,20.006,0,197,197,9.847121,SUCCESS,sigmoid,
2026-06-03T10:42:55,94.0,6.0,sensor2_serial,1,0,4,0,120,222,20.000,20.006,0,215,215,10.746938,SUCCESS,sigmoid,
2026-06-03T10:43:15,94.0,6.0,sensor2_serial,1,0,4,0,120,221,20.000,20.005,0,181,181,9.047666,SUCCESS,sigmoid,
2026-06-03T10:43:35,94.0,6.0,sensor2_serial,1,0,4,0,120,220,20.000,20.006,0,193,193,9.647036,SUCCESS,sigmoid,
2026-06-03T10:43:55,94.0,6.0,sensor2_serial,1,0,4,0,120,219,20.000,20.005,0,188,188,9.397455,SUCCESS,sigmoid,
2026-06-03T10:44:15,94.0,6.0,sensor2_serial,1,0,4,0,120,218,20.000,20.006,0,200,200,9.996958,SUCCESS,sigmoid,
2026-06-03T10:44:35,94.0,6.0,sensor2_serial,1,0,4,0,120,217,20.000,20.005,0,202,202,10.097292,SUCCESS,sigmoid,
2026-06-03T10:44:55,94.0,6.0,sensor2_serial,1,0,4,0,120,216,20.000,20.006,0,189,189,9.447335,SUCCESS,sigmoid,
2026-06-03T10:45:15,94.0,6.0,sensor2_serial,1,0,4,0,120,215,20.000,20.005,0,210,210,10.497245,SUCCESS,sigmoid,
2026-06-03T10:45:35,94.0,6.0,sensor2_serial,1,0,4,0,120,214,20.000,20.005,0,203,203,10.147302,SUCCESS,sigmoid,
2026-06-03T10:45:55,94.0,6.0,sensor2_serial,1,0,4,0,120,213,20.000,20.005,0,206,206,10.297211,SUCCESS,sigmoid,
2026-06-03T10:46:15,94.0,6.0,sensor2_serial,1,0,4,0,120,212,20.000,20.005,0,187,187,9.347586,SUCCESS,sigmoid,
2026-06-03T10:46:35,94.0,6.0,sensor2_serial,1,0,4,0,120,211,20.000,20.006,0,195,195,9.747248,SUCCESS,sigmoid,
2026-06-03T10:46:55,94.0,6.0,sensor2_serial,1,0,4,0,120,210,20.000,20.005,0,216,216,10.797117,SUCCESS,sigmoid,
2026-06-03T10:47:16,94.0,6.0,sensor2_serial,1,0,4,0,120,209,20.000,20.006,0,179,179,8.947539,SUCCESS,sigmoid,
2026-06-03T10:47:36,94.0,6.0,sensor2_serial,1,0,4,0,120,208,20.000,20.005,0,190,190,9.497532,SUCCESS,sigmoid,
2026-06-03T10:47:56,94.0,6.0,sensor2_serial,1,0,4,0,120,207,20.000,20.005,0,186,186,9.297450,SUCCESS,sigmoid,
2026-06-03T10:48:16,94.0,6.0,sensor2_serial,1,0,4,0,120,206,20.000,20.005,0,222,222,11.096954,SUCCESS,sigmoid,
2026-06-03T10:48:36,94.0,6.0,sensor2_serial,1,0,4,0,120,205,20.000,20.006,0,185,185,9.247455,SUCCESS,sigmoid,
2026-06-03T10:48:56,94.0,6.0,sensor2_serial,1,0,4,0,120,204,20.000,20.005,0,181,181,9.047779,SUCCESS,sigmoid,
2026-06-03T10:49:16,94.0,6.0,sensor2_serial,1,0,4,0,120,203,20.000,20.005,0,197,197,9.847354,SUCCESS,sigmoid,
2026-06-03T10:49:36,94.0,6.0,sensor2_serial,1,0,4,0,120,202,20.000,20.005,0,228,228,11.397040,SUCCESS,sigmoid,
2026-06-03T10:49:56,94.0,6.0,sensor2_serial,1,0,4,0,120,201,20.000,20.006,0,189,189,9.447286,SUCCESS,sigmoid,
2026-06-03T10:50:16,94.0,6.0,sensor2_serial,1,0,4,0,120,200,20.000,20.006,0,174,174,8.697277,SUCCESS,sigmoid,
2026-06-03T10:50:36,94.0,6.0,sensor2_serial,1,0,4,0,120,199,20.000,20.006,0,212,212,10.596873,SUCCESS,sigmoid,
2026-06-03T10:50:56,94.0,6.0,sensor2_serial,1,0,4,0,120,198,20.000,20.005,0,188,188,9.397416,SUCCESS,sigmoid,
2026-06-03T10:51:16,94.0,6.0,sensor2_serial,1,0,4,0,120,197,20.000,20.006,0,199,199,9.947081,SUCCESS,sigmoid,
2026-06-03T10:51:36,94.0,6.0,sensor2_serial,1,0,4,0,120,196,20.000,20.006,0,234,234,11.696695,SUCCESS,sigmoid,
2026-06-03T10:51:56,94.0,6.0,sensor2_serial,1,0,4,0,120,195,20.000,20.005,0,194,194,9.697493,SUCCESS,sigmoid,
2026-06-03T10:52:16,94.0,6.0,sensor2_serial,1,0,4,0,120,194,20.000,20.006,0,195,195,9.747239,SUCCESS,sigmoid,
2026-06-03T10:52:36,94.0,6.0,sensor2_serial,1,0,4,0,120,193,20.000,20.006,0,191,191,9.547036,SUCCESS,sigmoid,
2026-06-03T10:52:57,94.0,6.0,sensor2_serial,1,0,4,0,120,192,20.000,20.006,0,211,211,10.547071,SUCCESS,sigmoid,
2026-06-03T10:53:17,94.0,6.0,sensor2_serial,1,0,4,0,120,191,20.000,20.005,0,207,207,10.347311,SUCCESS,sigmoid,
2026-06-03T10:53:37,94.0,6.0,sensor2_serial,1,0,4,0,120,190,20.000,20.006,0,191,191,9.547356,SUCCESS,sigmoid,
2026-06-03T10:53:57,94.0,6.0,sensor2_serial,1,0,4,0,120,189,20.000,20.006,0,207,207,10.347058,SUCCESS,sigmoid,
2026-06-03T10:54:17,94.0,6.0,sensor2_serial,1,0,4,0,120,188,20.000,20.005,0,178,178,8.897675,SUCCESS,sigmoid,
2026-06-03T10:54:37,94.0,6.0,sensor2_serial,1,0,4,0,120,187,20.000,20.005,0,187,187,9.347437,SUCCESS,sigmoid,
2026-06-03T10:54:57,94.0,6.0,sensor2_serial,1,0,4,0,120,186,20.000,20.006,0,202,202,10.096836,SUCCESS,sigmoid,
2026-06-03T10:55:17,94.0,6.0,sensor2_serial,1,0,4,0,120,185,20.000,20.005,0,221,221,11.047020,SUCCESS,sigmoid,
2026-06-03T10:55:37,94.0,6.0,sensor2_serial,1,0,4,0,120,184,20.000,20.005,0,200,200,9.997255,SUCCESS,sigmoid,
2026-06-03T10:55:57,94.0,6.0,sensor2_serial,1,0,4,0,120,183,20.000,20.006,0,189,189,9.447332,SUCCESS,sigmoid,
2026-06-03T10:56:17,94.0,6.0,sensor2_serial,1,0,4,0,120,182,20.000,20.005,0,189,189,9.447473,SUCCESS,sigmoid,
2026-06-03T10:56:37,94.0,6.0,sensor2_serial,1,0,4,0,120,181,20.000,20.006,0,197,197,9.847194,SUCCESS,sigmoid,
2026-06-03T10:56:57,94.0,6.0,sensor2_serial,1,0,4,0,120,180,20.000,20.005,0,180,180,8.997598,SUCCESS,sigmoid,
2026-06-03T10:57:17,94.0,6.0,sensor2_serial,1,0,4,0,120,179,20.000,20.005,0,175,175,8.747756,SUCCESS,sigmoid,
2026-06-03T10:57:37,94.0,6.0,sensor2_serial,1,0,4,0,120,178,20.000,20.006,0,198,198,9.897124,SUCCESS,sigmoid,
2026-06-03T10:57:57,94.0,6.0,sensor2_serial,1,0,4,0,120,177,20.000,20.005,0,184,184,9.197493,SUCCESS,sigmoid,
2026-06-03T10:58:18,94.0,6.0,sensor2_serial,1,0,4,0,120,176,20.000,20.005,0,192,192,9.597452,SUCCESS,sigmoid,
2026-06-03T10:58:38,94.0,6.0,sensor2_serial,1,0,4,0,120,175,20.000,20.005,0,187,187,9.347573,SUCCESS,sigmoid,
2026-06-03T10:58:58,94.0,6.0,sensor2_serial,1,0,4,0,120,174,20.000,20.006,0,228,228,11.396818,SUCCESS,sigmoid,
2026-06-03T10:59:18,94.0,6.0,sensor2_serial,1,0,4,0,120,173,20.000,20.006,0,171,171,8.547629,SUCCESS,sigmoid,
2026-06-03T10:59:38,94.0,6.0,sensor2_serial,1,0,4,0,120,172,20.000,20.005,0,188,188,9.397438,SUCCESS,sigmoid,
2026-06-03T10:59:58,94.0,6.0,sensor2_serial,1,0,4,0,120,171,20.000,20.006,0,200,200,9.997164,SUCCESS,sigmoid,
2026-06-03T11:00:18,94.0,6.0,sensor2_serial,1,0,4,0,120,170,20.000,20.005,0,181,181,9.047702,SUCCESS,sigmoid,
2026-06-03T11:00:38,94.0,6.0,sensor2_serial,1,0,4,0,120,169,20.000,20.006,0,198,198,9.897127,SUCCESS,sigmoid,
2026-06-03T11:00:58,94.0,6.0,sensor2_serial,1,0,4,0,120,168,20.000,20.006,0,163,163,8.147754,SUCCESS,sigmoid,
2026-06-03T11:01:18,94.0,6.0,sensor2_serial,1,0,4,0,120,167,20.000,20.006,0,173,173,8.647560,SUCCESS,sigmoid,
2026-06-03T11:01:38,94.0,6.0,sensor2_serial,1,0,4,0,120,166,20.000,20.006,0,187,187,9.347229,SUCCESS,sigmoid,
2026-06-03T11:01:58,94.0,6.0,sensor2_serial,1,0,4,0,120,165,20.000,20.006,0,173,173,8.647483,SUCCESS,sigmoid,
2026-06-03T11:02:18,94.0,6.0,sensor2_serial,1,0,4,0,120,164,20.000,20.006,0,185,185,9.247455,SUCCESS,sigmoid,
2026-06-03T11:02:38,94.0,6.0,sensor2_serial,1,0,4,0,120,163,20.000,20.005,0,174,174,8.697650,SUCCESS,sigmoid,
2026-06-03T11:02:58,94.0,6.0,sensor2_serial,1,0,4,0,120,162,20.000,20.006,0,190,190,9.497100,SUCCESS,sigmoid,
2026-06-03T11:03:18,94.0,6.0,sensor2_serial,1,0,4,0,120,161,20.000,20.005,0,187,187,9.347459,SUCCESS,sigmoid,
2026-06-03T11:03:38,94.0,6.0,sensor2_serial,1,0,4,0,120,160,20.000,20.005,0,182,182,9.097581,SUCCESS,sigmoid,
2026-06-03T11:03:59,94.0,6.0,sensor2_serial,1,0,4,0,120,159,20.000,20.005,0,184,184,9.197579,SUCCESS,sigmoid,
2026-06-03T11:04:19,94.0,6.0,sensor2_serial,1,0,4,0,120,158,20.000,20.005,0,158,158,7.897850,SUCCESS,sigmoid,
2026-06-03T11:04:39,94.0,6.0,sensor2_serial,1,0,4,0,120,157,20.000,20.005,0,188,188,9.397511,SUCCESS,sigmoid,
2026-06-03T11:04:59,94.0,6.0,sensor2_serial,1,0,4,0,120,156,20.000,20.005,0,187,187,9.347620,SUCCESS,sigmoid,
2026-06-03T11:05:19,94.0,6.0,sensor2_serial,1,0,4,0,120,155,20.000,20.005,0,181,181,9.047519,SUCCESS,sigmoid,
2026-06-03T11:05:39,94.0,6.0,sensor2_serial,1,0,4,0,120,154,20.000,20.005,0,158,158,7.897843,SUCCESS,sigmoid,
2026-06-03T11:05:59,94.0,6.0,sensor2_serial,1,0,4,0,120,153,20.000,20.006,0,192,192,9.597326,SUCCESS,sigmoid,
2026-06-03T11:06:19,94.0,6.0,sensor2_serial,1,0,4,0,120,152,20.000,20.006,0,181,181,9.047423,SUCCESS,sigmoid,
2026-06-03T11:06:39,94.0,6.0,sensor2_serial,1,0,4,0,120,151,20.000,20.005,0,173,173,8.647756,SUCCESS,sigmoid,
2026-06-03T11:06:59,94.0,6.0,sensor2_serial,1,0,4,0,120,150,20.000,20.005,0,182,182,9.097684,SUCCESS,sigmoid,
2026-06-03T11:07:19,94.0,6.0,sensor2_serial,1,0,4,0,120,149,20.000,20.005,0,202,202,10.097336,SUCCESS,sigmoid,
2026-06-03T11:07:39,94.0,6.0,sensor2_serial,1,0,4,0,120,148,20.000,20.006,0,179,179,8.947507,SUCCESS,sigmoid,
2026-06-03T11:07:59,94.0,6.0,sensor2_serial,1,0,4,0,120,147,20.000,20.006,0,172,172,8.597486,SUCCESS,sigmoid,
2026-06-03T11:08:19,94.0,6.0,sensor2_serial,1,0,4,0,120,146,20.000,20.005,0,179,179,8.947654,SUCCESS,sigmoid,
2026-06-03T11:08:39,94.0,6.0,sensor2_serial,1,0,4,0,120,145,20.000,20.005,0,170,170,8.497687,SUCCESS,sigmoid,
2026-06-03T11:08:59,94.0,6.0,sensor2_serial,1,0,4,0,120,144,20.000,20.006,0,156,156,7.797616,SUCCESS,sigmoid,
2026-06-03T11:09:20,94.0,6.0,sensor2_serial,1,0,4,0,120,143,20.000,20.005,0,197,197,9.847362,SUCCESS,sigmoid,
2026-06-03T11:09:40,94.0,6.0,sensor2_serial,1,0,4,0,120,142,20.000,20.006,0,172,172,8.597505,SUCCESS,sigmoid,
2026-06-03T11:10:00,94.0,6.0,sensor2_serial,1,0,4,0,120,141,20.000,20.007,0,195,195,9.746807,SUCCESS,sigmoid,
2026-06-03T11:10:20,94.0,6.0,sensor2_serial,1,0,4,0,120,140,20.000,20.005,0,178,178,8.897569,SUCCESS,sigmoid,
2026-06-03T11:10:40,94.0,6.0,sensor2_serial,1,0,4,0,120,139,20.000,20.005,0,171,171,8.547674,SUCCESS,sigmoid,
2026-06-03T11:11:00,94.0,6.0,sensor2_serial,1,0,4,0,120,138,20.000,20.006,0,173,173,8.647556,SUCCESS,sigmoid,
2026-06-03T11:11:20,94.0,6.0,sensor2_serial,1,0,4,0,120,137,20.000,20.006,0,155,155,7.747715,SUCCESS,sigmoid,
2026-06-03T11:11:40,94.0,6.0,sensor2_serial,1,0,4,0,120,136,20.000,20.005,0,167,167,8.347827,SUCCESS,sigmoid,
2026-06-03T11:12:00,94.0,6.0,sensor2_serial,1,0,4,0,120,135,20.000,20.006,0,170,170,8.497626,SUCCESS,sigmoid,
2026-06-03T11:12:20,94.0,6.0,sensor2_serial,1,0,4,0,120,134,20.000,20.006,0,152,152,7.597796,SUCCESS,sigmoid,
2026-06-03T11:12:40,94.0,6.0,sensor2_serial,1,0,4,0,120,133,20.000,20.006,0,154,154,7.697857,SUCCESS,sigmoid,
2026-06-03T11:13:00,94.0,6.0,sensor2_serial,1,0,4,0,120,132,20.000,20.005,0,170,170,8.497883,SUCCESS,sigmoid,
2026-06-03T11:13:20,94.0,6.0,sensor2_serial,1,0,4,0,120,131,20.000,20.005,0,168,168,8.397835,SUCCESS,sigmoid,
2026-06-03T11:13:40,94.0,6.0,sensor2_serial,1,0,4,0,120,130,20.000,20.005,0,163,163,8.147760,SUCCESS,sigmoid,
2026-06-03T11:14:00,94.0,6.0,sensor2_serial,1,0,4,0,120,129,20.000,20.005,0,143,143,7.148051,SUCCESS,sigmoid,
2026-06-03T11:14:20,94.0,6.0,sensor2_serial,1,0,4,0,120,128,20.000,20.006,0,137,137,6.848014,SUCCESS,sigmoid,
2026-06-03T11:14:40,94.0,6.0,sensor2_serial,1,0,4,0,120,127,20.000,20.006,0,146,146,7.297962,SUCCESS,sigmoid,
2026-06-03T11:15:01,94.0,6.0,sensor2_serial,1,0,4,0,120,126,20.000,20.006,0,154,154,7.697778,SUCCESS,sigmoid,
2026-06-03T11:15:21,94.0,6.0,sensor2_serial,1,0,4,0,120,125,20.000,20.006,0,144,144,7.197905,SUCCESS,sigmoid,
2026-06-03T11:15:41,94.0,6.0,sensor2_serial,1,0,4,0,120,124,20.000,20.005,0,159,159,7.947938,SUCCESS,sigmoid,
2026-06-03T11:16:01,94.0,6.0,sensor2_serial,1,0,4,0,120,123,20.000,20.005,0,155,155,7.748008,SUCCESS,sigmoid,
2026-06-03T11:16:21,94.0,6.0,sensor2_serial,1,0,4,0,120,122,20.000,20.005,0,174,174,8.697805,SUCCESS,sigmoid,
2026-06-03T11:16:41,94.0,6.0,sensor2_serial,1,0,4,0,120,121,20.000,20.006,0,155,155,7.747846,SUCCESS,sigmoid,
2026-06-03T11:17:01,94.0,6.0,sensor2_serial,1,0,4,0,120,120,20.000,20.005,0,138,138,6.898155,SUCCESS,sigmoid,
2026-06-03T11:17:21,94.0,6.0,sensor2_serial,1,0,4,0,120,119,20.000,20.006,0,141,141,7.048038,SUCCESS,sigmoid,
2026-06-03T11:17:41,94.0,6.0,sensor2_serial,1,0,4,0,120,118,20.000,20.005,0,121,121,6.048378,SUCCESS,sigmoid,
2026-06-03T11:18:01,94.0,6.0,sensor2_serial,1,0,4,0,120,117,20.000,20.005,0,117,117,5.848489,SUCCESS,sigmoid,
2026-06-03T11:18:21,94.0,6.0,sensor2_serial,1,0,4,0,120,116,20.000,20.006,0,148,148,7.397779,SUCCESS,sigmoid,
2026-06-03T11:18:41,94.0,6.0,sensor2_serial,1,0,4,0,120,115,20.000,20.006,0,128,128,6.398167,SUCCESS,sigmoid,
2026-06-03T11:19:01,94.0,6.0,sensor2_serial,1,0,4,0,120,114,20.000,20.006,0,119,119,5.948324,SUCCESS,sigmoid,
2026-06-03T11:19:21,94.0,6.0,sensor2_serial,1,0,4,0,120,113,20.000,20.006,0,134,134,6.698130,SUCCESS,sigmoid,
2026-06-03T11:19:41,94.0,6.0,sensor2_serial,1,0,4,0,120,112,20.000,20.005,0,107,107,5.348758,SUCCESS,sigmoid,
2026-06-03T11:20:01,94.0,6.0,sensor2_serial,1,0,4,0,120,111,20.000,20.006,0,101,101,5.048583,SUCCESS,sigmoid,
2026-06-03T11:20:21,94.0,6.0,sensor2_serial,1,0,4,0,120,110,20.000,20.006,0,94,94,4.698675,SUCCESS,sigmoid,
2026-06-03T11:20:42,94.0,6.0,sensor2_serial,1,0,4,0,120,109,20.000,20.006,0,132,132,6.598161,SUCCESS,sigmoid,
2026-06-03T11:21:02,94.0,6.0,sensor2_serial,1,0,4,0,120,108,20.000,20.006,0,105,105,5.248533,SUCCESS,sigmoid,
2026-06-03T11:21:22,94.0,6.0,sensor2_serial,1,0,4,0,120,107,20.000,20.005,0,105,105,5.248564,SUCCESS,sigmoid,
2026-06-03T11:21:42,94.0,6.0,sensor2_serial,1,0,4,0,120,106,20.000,20.005,0,109,109,5.448564,SUCCESS,sigmoid,
2026-06-03T11:22:02,94.0,6.0,sensor2_serial,1,0,4,0,120,105,20.000,20.006,0,94,94,4.698685,SUCCESS,sigmoid,
2026-06-03T11:22:22,94.0,6.0,sensor2_serial,1,0,4,0,120,104,20.000,20.006,0,89,89,4.448745,SUCCESS,sigmoid,
2026-06-03T11:22:42,94.0,6.0,sensor2_serial,1,0,4,0,120,103,20.000,20.006,0,97,97,4.848636,SUCCESS,sigmoid,
2026-06-03T11:23:02,94.0,6.0,sensor2_serial,1,0,4,0,120,102,20.000,20.005,0,90,90,4.498814,SUCCESS,sigmoid,
2026-06-03T11:23:22,94.0,6.0,sensor2_serial,1,0,4,0,120,101,20.000,20.006,0,72,72,3.598992,SUCCESS,sigmoid,
2026-06-03T11:23:42,94.0,6.0,sensor2_serial,1,0,4,0,120,100,20.000,20.005,0,92,92,4.598821,SUCCESS,sigmoid,
2026-06-03T11:24:02,94.0,6.0,sensor2_serial,1,0,4,0,120,99,20.000,20.006,0,70,70,3.499032,SUCCESS,sigmoid,
2026-06-03T11:24:22,94.0,6.0,sensor2_serial,1,0,4,0,120,98,20.000,20.006,0,61,61,3.049129,SUCCESS,sigmoid,
2026-06-03T11:24:42,94.0,6.0,sensor2_serial,1,0,4,0,120,97,20.000,20.006,0,51,51,2.549273,SUCCESS,sigmoid,
2026-06-03T11:25:02,94.0,6.0,sensor2_serial,1,0,4,0,120,96,20.000,20.005,0,56,56,2.799271,SUCCESS,sigmoid,
2026-06-03T11:25:22,94.0,6.0,sensor2_serial,1,0,4,0,120,95,20.000,20.006,0,54,54,2.699205,SUCCESS,sigmoid,
2026-06-03T11:25:42,94.0,6.0,sensor2_serial,1,0,4,0,120,94,20.000,20.006,0,46,46,2.299330,SUCCESS,sigmoid,
2026-06-03T11:26:03,94.0,6.0,sensor2_serial,1,0,4,0,120,93,20.000,20.006,0,58,58,2.899154,SUCCESS,sigmoid,
2026-06-03T11:26:23,94.0,6.0,sensor2_serial,1,0,4,0,120,92,20.000,20.006,0,44,44,2.199353,SUCCESS,sigmoid,
2026-06-03T11:26:43,94.0,6.0,sensor2_serial,1,0,4,0,120,91,20.000,20.005,0,41,41,2.049443,SUCCESS,sigmoid,
2026-06-03T11:27:03,94.0,6.0,sensor2_serial,1,0,4,0,120,90,20.000,20.006,0,41,41,2.049421,SUCCESS,sigmoid,
2026-06-03T11:27:23,94.0,6.0,sensor2_serial,1,0,4,0,120,89,20.000,20.005,0,31,31,1.549575,SUCCESS,sigmoid,
2026-06-03T11:27:43,94.0,6.0,sensor2_serial,1,0,4,0,120,88,20.000,20.005,0,19,19,0.949740,SUCCESS,sigmoid,
2026-06-03T11:28:03,94.0,6.0,sensor2_serial,1,0,4,0,120,87,20.000,20.005,0,28,28,1.399628,SUCCESS,sigmoid,
2026-06-03T11:28:23,94.0,6.0,sensor2_serial,1,0,4,0,120,86,20.000,20.005,0,28,28,1.399660,SUCCESS,sigmoid,
2026-06-03T11:28:43,94.0,6.0,sensor2_serial,1,0,4,0,120,85,20.000,20.005,0,23,23,1.149687,SUCCESS,sigmoid,
2026-06-03T11:29:03,94.0,6.0,sensor2_serial,1,0,4,0,120,84,20.000,20.006,0,18,18,0.899739,SUCCESS,sigmoid,
2026-06-03T11:29:23,94.0,6.0,sensor2_serial,1,0,4,0,120,83,20.000,20.006,0,22,22,1.099696,SUCCESS,sigmoid,
2026-06-03T11:29:43,94.0,6.0,sensor2_serial,1,0,4,0,120,82,20.000,20.006,0,16,16,0.799776,SUCCESS,sigmoid,
2026-06-03T11:30:03,94.0,6.0,sensor2_serial,1,0,4,0,120,81,20.000,20.006,0,11,11,0.549840,SUCCESS,sigmoid,
2026-06-03T11:30:23,94.0,6.0,sensor2_serial,1,0,4,0,120,80,20.000,20.005,0,9,9,0.449879,SUCCESS,sigmoid,
2026-06-03T11:30:43,94.0,6.0,sensor2_serial,1,0,4,0,120,79,20.000,20.005,0,5,5,0.249934,SUCCESS,sigmoid,
2026-06-03T11:31:03,94.0,6.0,sensor2_serial,1,0,4,0,120,78,20.000,20.006,0,2,2,0.099972,SUCCESS,sigmoid,
2026-06-03T11:31:23,94.0,6.0,sensor2_serial,1,0,4,0,120,77,20.000,20.005,0,8,8,0.399892,SUCCESS,sigmoid,
2026-06-03T11:31:44,94.0,6.0,sensor2_serial,1,0,4,0,120,76,20.000,20.005,0,6,6,0.299921,SUCCESS,sigmoid,
2026-06-03T11:32:04,94.0,6.0,sensor2_serial,1,0,4,0,120,75,20.000,20.006,0,6,6,0.299917,SUCCESS,sigmoid,
2026-06-03T11:32:24,94.0,6.0,sensor2_serial,1,0,4,0,120,74,20.000,20.005,0,3,3,0.149961,SUCCESS,sigmoid,
2026-06-03T11:32:44,94.0,6.0,sensor2_serial,1,0,4,0,120,73,20.000,20.006,0,2,2,0.099972,SUCCESS,sigmoid,
2026-06-03T11:33:04,94.0,6.0,sensor2_serial,1,0,4,0,120,72,20.000,20.006,0,1,1,0.049986,SUCCESS,sigmoid,
2026-06-03T11:33:24,94.0,6.0,sensor2_serial,1,0,4,0,120,71,20.000,20.005,0,2,2,0.099974,SUCCESS,sigmoid,
2026-06-03T11:33:44,94.0,6.0,sensor2_serial,1,0,4,0,120,70,20.000,20.005,0,0,0,0.000000,SUCCESS,sigmoid,
2026-06-03T11:34:04,94.0,6.0,sensor2_serial,1,0,4,0,120,69,20.000,20.006,0,3,3,0.149957,SUCCESS,sigmoid,
2026-06-03T11:34:24,94.0,6.0,sensor2_serial,1,0,4,0,120,68,20.000,20.005,0,1,1,0.049987,SUCCESS,sigmoid,
2026-06-03T11:34:44,94.0,6.0,sensor2_serial,1,0,4,0,120,67,20.000,20.005,0,0,0,0.000000,SUCCESS,sigmoid,
2026-06-03T11:35:04,94.0,6.0,sensor2_serial,1,0,4,0,120,66,20.000,20.005,0,0,0,0.000000,SUCCESS,sigmoid,
2026-06-03T11:35:24,94.0,6.0,sensor2_serial,1,1,5,1,120,255,20.000,20.006,0,1508196,1508196,75385.831595,SUCCESS,sigmoid,
2026-06-03T11:35:44,94.0,6.0,sensor2_serial,1,1,5,1,120,254,20.000,20.006,0,1632346,1632346,81591.676546,SUCCESS,sigmoid,
2026-06-03T11:36:04,94.0,6.0,sensor2_serial,1,1,5,1,120,253,20.000,20.006,0,1764471,1764471,88195.483622,SUCCESS,sigmoid,
2026-06-03T11:36:24,94.0,6.0,sensor2_serial,1,1,5,1,120,252,20.000,20.006,0,1934732,1934732,96709.128436,SUCCESS,sigmoid,
2026-06-03T11:36:44,94.0,6.0,sensor2_serial,1,1,5,1,120,251,20.000,20.006,0,2083661,2083661,104149.673120,SUCCESS,sigmoid,
2026-06-03T11:37:04,94.0,6.0,sensor2_serial,1,1,5,1,120,250,20.000,20.006,0,2401834,2401834,120053.273715,SUCCESS,sigmoid,
2026-06-03T11:37:25,94.0,6.0,sensor2_serial,1,1,5,1,120,249,20.000,20.006,0,2798562,2798562,139883.596628,SUCCESS,sigmoid,
2026-06-03T11:37:45,94.0,6.0,sensor2_serial,1,1,5,1,120,248,20.000,20.005,0,3015241,3015241,150722.397502,SUCCESS,sigmoid,
2026-06-03T11:38:05,94.0,6.0,sensor2_serial,1,1,5,1,120,247,20.000,20.005,0,2885426,2885426,144233.163857,SUCCESS,sigmoid,
2026-06-03T11:38:25,94.0,6.0,sensor2_serial,1,1,5,1,120,246,20.000,20.006,0,2603391,2603391,130129.958487,SUCCESS,sigmoid,
2026-06-03T11:38:45,94.0,6.0,sensor2_serial,1,1,5,1,120,245,20.000,20.006,0,1940038,1940038,96973.923178,SUCCESS,sigmoid,
2026-06-03T11:39:05,94.0,6.0,sensor2_serial,1,1,5,1,120,244,20.000,20.006,0,1295072,1295072,64732.952241,SUCCESS,sigmoid,
2026-06-03T11:39:25,94.0,6.0,sensor2_serial,1,1,5,1,120,243,20.000,20.006,0,1070811,1070811,53523.219381,SUCCESS,sigmoid,
2026-06-03T11:39:45,94.0,6.0,sensor2_serial,1,1,5,1,120,242,20.000,20.006,0,498988,498988,24942.146845,SUCCESS,sigmoid,
2026-06-03T11:40:05,94.0,6.0,sensor2_serial,1,1,5,1,120,241,20.000,20.006,0,273005,273005,13646.450647,SUCCESS,sigmoid,
2026-06-03T11:40:25,94.0,6.0,sensor2_serial,1,1,5,1,120,240,20.000,20.007,0,152771,152771,7635.985922,SUCCESS,sigmoid,
2026-06-03T11:40:45,94.0,6.0,sensor2_serial,1,1,5,1,120,239,20.000,20.006,0,111328,111328,5564.866522,SUCCESS,sigmoid,
2026-06-03T11:41:05,94.0,6.0,sensor2_serial,1,1,5,1,120,238,20.000,20.006,0,49351,49351,2466.817243,SUCCESS,sigmoid,
2026-06-03T11:41:25,94.0,6.0,sensor2_serial,1,1,5,1,120,237,20.000,20.006,0,19729,19729,986.169736,SUCCESS,sigmoid,
2026-06-03T11:41:45,94.0,6.0,sensor2_serial,1,1,5,1,120,236,20.000,20.005,0,7030,7030,351.404292,SUCCESS,sigmoid,
2026-06-03T11:42:05,94.0,6.0,sensor2_serial,1,1,5,1,120,235,20.000,20.006,0,6411,6411,320.446951,SUCCESS,sigmoid,
2026-06-03T11:42:25,94.0,6.0,sensor2_serial,1,1,5,1,120,234,20.000,20.005,0,2618,2618,130.864654,SUCCESS,sigmoid,
2026-06-03T11:42:46,94.0,6.0,sensor2_serial,1,1,5,1,120,233,20.000,20.005,0,941,941,47.037524,SUCCESS,sigmoid,
2026-06-03T11:43:06,94.0,6.0,sensor2_serial,1,1,5,1,120,232,20.000,20.005,0,488,488,24.393303,SUCCESS,sigmoid,
2026-06-03T11:43:26,94.0,6.0,sensor2_serial,1,1,5,1,120,231,20.000,20.006,0,274,274,13.696016,SUCCESS,sigmoid,
2026-06-03T11:43:46,94.0,6.0,sensor2_serial,1,1,5,1,120,230,20.000,20.005,0,232,232,11.596876,SUCCESS,sigmoid,
2026-06-03T11:44:06,94.0,6.0,sensor2_serial,1,1,5,1,120,229,20.000,20.006,0,196,196,9.797007,SUCCESS,sigmoid,
2026-06-03T11:44:26,94.0,6.0,sensor2_serial,1,1,5,1,120,228,20.000,20.005,0,228,228,11.397072,SUCCESS,sigmoid,
2026-06-03T11:44:46,94.0,6.0,sensor2_serial,1,1,5,1,120,227,20.000,20.005,0,208,208,10.397257,SUCCESS,sigmoid,
2026-06-03T11:45:06,94.0,6.0,sensor2_serial,1,1,5,1,120,226,20.000,20.006,0,216,216,10.797011,SUCCESS,sigmoid,
2026-06-03T11:45:26,94.0,6.0,sensor2_serial,1,1,5,1,120,225,20.000,20.005,0,231,231,11.546937,SUCCESS,sigmoid,
2026-06-03T11:45:46,94.0,6.0,sensor2_serial,1,1,5,1,120,224,20.000,20.005,0,196,196,9.797352,SUCCESS,sigmoid,
2026-06-03T11:46:06,94.0,6.0,sensor2_serial,1,1,5,1,120,223,20.000,20.005,0,208,208,10.397309,SUCCESS,sigmoid,
2026-06-03T11:46:26,94.0,6.0,sensor2_serial,1,1,5,1,120,222,20.000,20.006,0,208,208,10.397139,SUCCESS,sigmoid,
2026-06-03T11:46:46,94.0,6.0,sensor2_serial,1,1,5,1,120,221,20.000,20.005,0,193,193,9.647530,SUCCESS,sigmoid,
2026-06-03T11:47:06,94.0,6.0,sensor2_serial,1,1,5,1,120,220,20.000,20.006,0,225,225,11.246792,SUCCESS,sigmoid,
2026-06-03T11:47:26,94.0,6.0,sensor2_serial,1,1,5,1,120,219,20.000,20.005,0,188,188,9.397416,SUCCESS,sigmoid,
2026-06-03T11:47:46,94.0,6.0,sensor2_serial,1,1,5,1,120,218,20.000,20.005,0,181,181,9.047635,SUCCESS,sigmoid,
2026-06-03T11:48:06,94.0,6.0,sensor2_serial,1,1,5,1,120,217,20.000,20.006,0,206,206,10.297167,SUCCESS,sigmoid,
2026-06-03T11:48:27,94.0,6.0,sensor2_serial,1,1,5,1,120,216,20.000,20.006,0,191,191,9.547345,SUCCESS,sigmoid,
2026-06-03T11:48:47,94.0,6.0,sensor2_serial,1,1,5,1,120,215,20.000,20.005,0,227,227,11.346960,SUCCESS,sigmoid,
2026-06-03T11:49:07,94.0,6.0,sensor2_serial,1,1,5,1,120,214,20.000,20.005,0,193,193,9.647472,SUCCESS,sigmoid,
2026-06-03T11:49:27,94.0,6.0,sensor2_serial,1,1,5,1,120,213,20.000,20.006,0,208,208,10.397130,SUCCESS,sigmoid,
2026-06-03T11:49:47,94.0,6.0,sensor2_serial,1,1,5,1,120,212,20.000,20.005,0,223,223,11.147059,SUCCESS,sigmoid,
2026-06-03T11:50:07,94.0,6.0,sensor2_serial,1,1,5,1,120,211,20.000,20.005,0,199,199,9.947392,SUCCESS,sigmoid,
2026-06-03T11:50:27,94.0,6.0,sensor2_serial,1,1,5,1,120,210,20.000,20.006,0,173,173,8.647572,SUCCESS,sigmoid,
2026-06-03T11:50:47,94.0,6.0,sensor2_serial,1,1,5,1,120,209,20.000,20.005,0,176,176,8.797643,SUCCESS,sigmoid,
2026-06-03T11:51:07,94.0,6.0,sensor2_serial,1,1,5,1,120,208,20.000,20.006,0,196,196,9.797287,SUCCESS,sigmoid,
2026-06-03T11:51:27,94.0,6.0,sensor2_serial,1,1,5,1,120,207,20.000,20.005,0,183,183,9.147544,SUCCESS,sigmoid,
2026-06-03T11:51:47,94.0,6.0,sensor2_serial,1,1,5,1,120,206,20.000,20.006,0,206,206,10.297145,SUCCESS,sigmoid,
2026-06-03T11:52:07,94.0,6.0,sensor2_serial,1,1,5,1,120,205,20.000,20.005,0,188,188,9.397504,SUCCESS,sigmoid,
2026-06-03T11:52:27,94.0,6.0,sensor2_serial,1,1,5,1,120,204,20.000,20.006,0,186,186,9.297426,SUCCESS,sigmoid,
2026-06-03T11:52:47,94.0,6.0,sensor2_serial,1,1,5,1,120,203,20.000,20.005,0,203,203,10.147414,SUCCESS,sigmoid,
2026-06-03T11:53:07,94.0,6.0,sensor2_serial,1,1,5,1,120,202,20.000,20.005,0,193,193,9.647556,SUCCESS,sigmoid,
2026-06-03T11:53:27,94.0,6.0,sensor2_serial,1,1,5,1,120,201,20.000,20.006,0,152,152,7.597826,SUCCESS,sigmoid,
2026-06-03T11:53:47,94.0,6.0,sensor2_serial,1,1,5,1,120,200,20.000,20.005,0,180,180,8.997587,SUCCESS,sigmoid,
2026-06-03T11:54:08,94.0,6.0,sensor2_serial,1,1,5,1,120,199,20.000,20.006,0,175,175,8.747419,SUCCESS,sigmoid,
2026-06-03T11:54:28,94.0,6.0,sensor2_serial,1,1,5,1,120,198,20.000,20.006,0,197,197,9.847269,SUCCESS,sigmoid,
2026-06-03T11:54:48,94.0,6.0,sensor2_serial,1,1,5,1,120,197,20.000,20.005,0,188,188,9.397556,SUCCESS,sigmoid,
2026-06-03T11:55:08,94.0,6.0,sensor2_serial,1,1,5,1,120,196,20.000,20.005,0,169,169,8.447719,SUCCESS,sigmoid,
2026-06-03T11:55:28,94.0,6.0,sensor2_serial,1,1,5,1,120,195,20.000,20.006,0,186,186,9.297331,SUCCESS,sigmoid,
2026-06-03T11:55:48,94.0,6.0,sensor2_serial,1,1,5,1,120,194,20.000,20.005,0,189,189,9.447438,SUCCESS,sigmoid,
2026-06-03T11:56:08,94.0,6.0,sensor2_serial,1,1,5,1,120,193,20.000,20.006,0,196,196,9.797157,SUCCESS,sigmoid,
2026-06-03T11:56:28,94.0,6.0,sensor2_serial,1,1,5,1,120,192,20.000,20.006,0,196,196,9.797297,SUCCESS,sigmoid,
2026-06-03T11:56:48,94.0,6.0,sensor2_serial,1,1,5,1,120,191,20.000,20.005,0,190,190,9.497577,SUCCESS,sigmoid,
2026-06-03T11:57:08,94.0,6.0,sensor2_serial,1,1,5,1,120,190,20.000,20.005,0,196,196,9.797506,SUCCESS,sigmoid,
2026-06-03T11:57:28,94.0,6.0,sensor2_serial,1,1,5,1,120,189,20.000,20.006,0,186,186,9.297293,SUCCESS,sigmoid,
2026-06-03T11:57:48,94.0,6.0,sensor2_serial,1,1,5,1,120,188,20.000,20.005,0,175,175,8.747627,SUCCESS,sigmoid,
2026-06-03T11:58:08,94.0,6.0,sensor2_serial,1,1,5,1,120,187,20.000,20.005,0,200,200,9.997437,SUCCESS,sigmoid,
2026-06-03T11:58:28,94.0,6.0,sensor2_serial,1,1,5,1,120,186,20.000,20.006,0,182,182,9.097271,SUCCESS,sigmoid,
2026-06-03T11:58:48,94.0,6.0,sensor2_serial,1,1,5,1,120,185,20.000,20.006,0,216,216,10.796921,SUCCESS,sigmoid,
2026-06-03T11:59:08,94.0,6.0,sensor2_serial,1,1,5,1,120,184,20.000,20.005,0,185,185,9.247660,SUCCESS,sigmoid,
2026-06-03T11:59:29,94.0,6.0,sensor2_serial,1,1,5,1,120,183,20.000,20.005,0,206,206,10.297299,SUCCESS,sigmoid,
2026-06-03T11:59:49,94.0,6.0,sensor2_serial,1,1,5,1,120,182,20.000,20.006,0,194,194,9.697185,SUCCESS,sigmoid,
2026-06-03T12:00:09,94.0,6.0,sensor2_serial,1,1,5,1,120,181,20.000,20.006,0,192,192,9.597316,SUCCESS,sigmoid,
2026-06-03T12:00:29,94.0,6.0,sensor2_serial,1,1,5,1,120,180,20.000,20.005,0,188,188,9.397483,SUCCESS,sigmoid,
2026-06-03T12:00:49,94.0,6.0,sensor2_serial,1,1,5,1,120,179,20.000,20.006,0,188,188,9.397241,SUCCESS,sigmoid,
2026-06-03T12:01:09,94.0,6.0,sensor2_serial,1,1,5,1,120,178,20.000,20.006,0,198,198,9.897265,SUCCESS,sigmoid,
2026-06-03T12:01:29,94.0,6.0,sensor2_serial,1,1,5,1,120,177,20.000,20.006,0,193,193,9.647177,SUCCESS,sigmoid,
2026-06-03T12:01:49,94.0,6.0,sensor2_serial,1,1,5,1,120,176,20.000,20.006,0,191,191,9.547173,SUCCESS,sigmoid,
2026-06-03T12:02:09,94.0,6.0,sensor2_serial,1,1,5,1,120,175,20.000,20.005,0,197,197,9.847302,SUCCESS,sigmoid,
2026-06-03T12:02:29,94.0,6.0,sensor2_serial,1,1,5,1,120,174,20.000,20.006,0,210,210,10.497049,SUCCESS,sigmoid,
2026-06-03T12:02:49,94.0,6.0,sensor2_serial,1,1,5,1,120,173,20.000,20.005,0,188,188,9.397494,SUCCESS,sigmoid,
2026-06-03T12:03:09,94.0,6.0,sensor2_serial,1,1,5,1,120,172,20.000,20.006,0,206,206,10.297008,SUCCESS,sigmoid,
2026-06-03T12:03:29,94.0,6.0,sensor2_serial,1,1,5,1,120,171,20.000,20.006,0,187,187,9.347381,SUCCESS,sigmoid,
2026-06-03T12:03:49,94.0,6.0,sensor2_serial,1,1,5,1,120,170,20.000,20.006,0,181,181,9.047486,SUCCESS,sigmoid,
2026-06-03T12:04:09,94.0,6.0,sensor2_serial,1,1,5,1,120,169,20.000,20.006,0,198,198,9.897236,SUCCESS,sigmoid,
2026-06-03T12:04:29,94.0,6.0,sensor2_serial,1,1,5,1,120,168,20.000,20.005,0,191,191,9.547466,SUCCESS,sigmoid,
2026-06-03T12:04:49,94.0,6.0,sensor2_serial,1,1,5,1,120,167,20.000,20.005,0,220,220,10.997137,SUCCESS,sigmoid,
2026-06-03T12:05:10,94.0,6.0,sensor2_serial,1,1,5,1,120,166,20.000,20.006,0,183,183,9.147420,SUCCESS,sigmoid,
2026-06-03T12:05:30,94.0,6.0,sensor2_serial,1,1,5,1,120,165,20.000,20.006,0,185,185,9.247410,SUCCESS,sigmoid,
2026-06-03T12:05:50,94.0,6.0,sensor2_serial,1,1,5,1,120,164,20.000,20.006,0,191,191,9.547120,SUCCESS,sigmoid,
2026-06-03T12:06:10,94.0,6.0,sensor2_serial,1,1,5,1,120,163,20.000,20.005,0,198,198,9.897482,SUCCESS,sigmoid,
2026-06-03T12:06:30,94.0,6.0,sensor2_serial,1,1,5,1,120,162,20.000,20.006,0,177,177,8.847512,SUCCESS,sigmoid,
2026-06-03T12:06:50,94.0,6.0,sensor2_serial,1,1,5,1,120,161,20.000,20.006,0,201,201,10.047014,SUCCESS,sigmoid,
2026-06-03T12:07:10,94.0,6.0,sensor2_serial,1,1,5,1,120,160,20.000,20.005,0,185,185,9.247568,SUCCESS,sigmoid,
2026-06-03T12:07:30,94.0,6.0,sensor2_serial,1,1,5,1,120,159,20.000,20.005,0,170,170,8.497710,SUCCESS,sigmoid,
2026-06-03T12:07:50,94.0,6.0,sensor2_serial,1,1,5,1,120,158,20.000,20.006,0,181,181,9.047428,SUCCESS,sigmoid,
2026-06-03T12:08:10,94.0,6.0,sensor2_serial,1,1,5,1,120,157,20.000,20.006,0,178,178,8.897524,SUCCESS,sigmoid,
2026-06-03T12:08:30,94.0,6.0,sensor2_serial,1,1,5,1,120,156,20.000,20.006,0,170,170,8.497580,SUCCESS,sigmoid,
2026-06-03T12:08:50,94.0,6.0,sensor2_serial,1,1,5,1,120,155,20.000,20.006,0,194,194,9.697300,SUCCESS,sigmoid,
2026-06-03T12:09:10,94.0,6.0,sensor2_serial,1,1,5,1,120,154,20.000,20.006,0,197,197,9.846963,SUCCESS,sigmoid,
2026-06-03T12:09:30,94.0,6.0,sensor2_serial,1,1,5,1,120,153,20.000,20.006,0,180,180,8.997512,SUCCESS,sigmoid,
2026-06-03T12:09:50,94.0,6.0,sensor2_serial,1,1,5,1,120,152,20.000,20.006,0,153,153,7.647815,SUCCESS,sigmoid,
2026-06-03T12:10:10,94.0,6.0,sensor2_serial,1,1,5,1,120,151,20.000,20.005,0,153,153,7.648050,SUCCESS,sigmoid,
2026-06-03T12:10:31,94.0,6.0,sensor2_serial,1,1,5,1,120,150,20.000,20.006,0,157,157,7.847817,SUCCESS,sigmoid,
2026-06-03T12:10:51,94.0,6.0,sensor2_serial,1,1,5,1,120,149,20.000,20.005,0,166,166,8.297753,SUCCESS,sigmoid,
2026-06-03T12:11:11,94.0,6.0,sensor2_serial,1,1,5,1,120,148,20.000,20.005,0,196,196,9.797420,SUCCESS,sigmoid,
2026-06-03T12:11:31,94.0,6.0,sensor2_serial,1,1,5,1,120,147,20.000,20.006,0,180,180,8.997198,SUCCESS,sigmoid,
2026-06-03T12:11:51,94.0,6.0,sensor2_serial,1,1,5,1,120,146,20.000,20.005,0,181,181,9.047579,SUCCESS,sigmoid,
2026-06-03T12:12:11,94.0,6.0,sensor2_serial,1,1,5,1,120,145,20.000,20.005,0,199,199,9.947303,SUCCESS,sigmoid,
2026-06-03T12:12:31,94.0,6.0,sensor2_serial,1,1,5,1,120,144,20.000,20.005,0,179,179,8.947583,SUCCESS,sigmoid,
2026-06-03T12:12:51,94.0,6.0,sensor2_serial,1,1,5,1,120,143,20.000,20.006,0,189,189,9.447354,SUCCESS,sigmoid,
2026-06-03T12:13:11,94.0,6.0,sensor2_serial,1,1,5,1,120,142,20.000,20.005,0,169,169,8.447788,SUCCESS,sigmoid,
2026-06-03T12:13:31,94.0,6.0,sensor2_serial,1,1,5,1,120,141,20.000,20.005,0,192,192,9.597486,SUCCESS,sigmoid,
2026-06-03T12:13:51,94.0,6.0,sensor2_serial,1,1,5,1,120,140,20.000,20.006,0,190,190,9.497370,SUCCESS,sigmoid,
2026-06-03T12:14:11,94.0,6.0,sensor2_serial,1,1,5,1,120,139,20.000,20.005,0,171,171,8.547748,SUCCESS,sigmoid,
2026-06-03T12:14:31,94.0,6.0,sensor2_serial,1,1,5,1,120,138,20.000,20.005,0,160,160,7.997840,SUCCESS,sigmoid,
2026-06-03T12:14:51,94.0,6.0,sensor2_serial,1,1,5,1,120,137,20.000,20.006,0,188,188,9.397255,SUCCESS,sigmoid,
2026-06-03T12:15:11,94.0,6.0,sensor2_serial,1,1,5,1,120,136,20.000,20.006,0,178,178,8.897473,SUCCESS,sigmoid,
2026-06-03T12:15:31,94.0,6.0,sensor2_serial,1,1,5,1,120,135,20.000,20.005,0,155,155,7.747935,SUCCESS,sigmoid,
2026-06-03T12:15:51,94.0,6.0,sensor2_serial,1,1,5,1,120,134,20.000,20.005,0,197,197,9.847391,SUCCESS,sigmoid,
2026-06-03T12:16:12,94.0,6.0,sensor2_serial,1,1,5,1,120,133,20.000,20.005,0,164,164,8.197796,SUCCESS,sigmoid,
2026-06-03T12:16:32,94.0,6.0,sensor2_serial,1,1,5,1,120,132,20.000,20.005,0,178,178,8.897650,SUCCESS,sigmoid,
2026-06-03T12:16:52,94.0,6.0,sensor2_serial,1,1,5,1,120,131,20.000,20.005,0,177,177,8.847698,SUCCESS,sigmoid,
2026-06-03T12:17:12,94.0,6.0,sensor2_serial,1,1,5,1,120,130,20.000,20.005,0,164,164,8.197764,SUCCESS,sigmoid,
2026-06-03T12:17:32,94.0,6.0,sensor2_serial,1,1,5,1,120,129,20.000,20.006,0,161,161,8.047681,SUCCESS,sigmoid,
2026-06-03T12:17:52,94.0,6.0,sensor2_serial,1,1,5,1,120,128,20.000,20.006,0,183,183,9.147418,SUCCESS,sigmoid,
2026-06-03T12:18:12,94.0,6.0,sensor2_serial,1,1,5,1,120,127,20.000,20.006,0,177,177,8.847386,SUCCESS,sigmoid,
2026-06-03T12:18:32,94.0,6.0,sensor2_serial,1,1,5,1,120,126,20.000,20.006,0,165,165,8.247629,SUCCESS,sigmoid,
2026-06-03T12:18:52,94.0,6.0,sensor2_serial,1,1,5,1,120,125,20.000,20.006,0,162,162,8.097607,SUCCESS,sigmoid,
2026-06-03T12:19:12,94.0,6.0,sensor2_serial,1,1,5,1,120,124,20.000,20.006,0,163,163,8.147716,SUCCESS,sigmoid,
2026-06-03T12:19:32,94.0,6.0,sensor2_serial,1,1,5,1,120,123,20.000,20.005,0,162,162,8.097888,SUCCESS,sigmoid,
2026-06-03T12:19:52,94.0,6.0,sensor2_serial,1,1,5,1,120,122,20.000,20.005,0,152,152,7.597942,SUCCESS,sigmoid,
2026-06-03T12:20:12,94.0,6.0,sensor2_serial,1,1,5,1,120,121,20.000,20.006,0,158,158,7.897627,SUCCESS,sigmoid,
2026-06-03T12:20:32,94.0,6.0,sensor2_serial,1,1,5,1,120,120,20.000,20.005,0,129,129,6.448285,SUCCESS,sigmoid,
2026-06-03T12:20:52,94.0,6.0,sensor2_serial,1,1,5,1,120,119,20.000,20.005,0,116,116,5.798431,SUCCESS,sigmoid,
2026-06-03T12:21:12,94.0,6.0,sensor2_serial,1,1,5,1,120,118,20.000,20.006,0,131,131,6.548181,SUCCESS,sigmoid,
2026-06-03T12:21:32,94.0,6.0,sensor2_serial,1,1,5,1,120,117,20.000,20.005,0,133,133,6.648213,SUCCESS,sigmoid,
2026-06-03T12:21:53,94.0,6.0,sensor2_serial,1,1,5,1,120,116,20.000,20.005,0,133,133,6.648271,SUCCESS,sigmoid,
2026-06-03T12:22:13,94.0,6.0,sensor2_serial,1,1,5,1,120,115,20.000,20.005,0,137,137,6.848143,SUCCESS,sigmoid,
2026-06-03T12:22:33,94.0,6.0,sensor2_serial,1,1,5,1,120,114,20.000,20.006,0,127,127,6.348168,SUCCESS,sigmoid,
2026-06-03T12:22:53,94.0,6.0,sensor2_serial,1,1,5,1,120,113,20.000,20.005,0,102,102,5.098622,SUCCESS,sigmoid,
2026-06-03T12:23:13,94.0,6.0,sensor2_serial,1,1,5,1,120,112,20.000,20.006,0,127,127,6.348172,SUCCESS,sigmoid,
2026-06-03T12:23:33,94.0,6.0,sensor2_serial,1,1,5,1,120,111,20.000,20.005,0,110,110,5.498539,SUCCESS,sigmoid,
2026-06-03T12:23:53,94.0,6.0,sensor2_serial,1,1,5,1,120,110,20.000,20.005,0,124,124,6.198296,SUCCESS,sigmoid,
2026-06-03T12:24:13,94.0,6.0,sensor2_serial,1,1,5,1,120,109,20.000,20.005,0,96,96,4.798686,SUCCESS,sigmoid,
2026-06-03T12:24:33,94.0,6.0,sensor2_serial,1,1,5,1,120,108,20.000,20.005,0,104,104,5.198594,SUCCESS,sigmoid,
2026-06-03T12:24:53,94.0,6.0,sensor2_serial,1,1,5,1,120,107,20.000,20.006,0,117,117,5.848308,SUCCESS,sigmoid,
2026-06-03T12:25:13,94.0,6.0,sensor2_serial,1,1,5,1,120,106,20.000,20.005,0,110,110,5.498583,SUCCESS,sigmoid,
2026-06-03T12:25:33,94.0,6.0,sensor2_serial,1,1,5,1,120,105,20.000,20.005,0,85,85,4.248863,SUCCESS,sigmoid,
2026-06-03T12:25:53,94.0,6.0,sensor2_serial,1,1,5,1,120,104,20.000,20.006,0,111,111,5.548453,SUCCESS,sigmoid,
2026-06-03T12:26:13,94.0,6.0,sensor2_serial,1,1,5,1,120,103,20.000,20.006,0,102,102,5.098595,SUCCESS,sigmoid,
2026-06-03T12:26:33,94.0,6.0,sensor2_serial,1,1,5,1,120,102,20.000,20.005,0,89,89,4.448798,SUCCESS,sigmoid,
2026-06-03T12:26:53,94.0,6.0,sensor2_serial,1,1,5,1,120,101,20.000,20.006,0,66,66,3.299057,SUCCESS,sigmoid,
2026-06-03T12:27:14,94.0,6.0,sensor2_serial,1,1,5,1,120,100,20.000,20.006,0,87,87,4.348689,SUCCESS,sigmoid,
2026-06-03T12:27:34,94.0,6.0,sensor2_serial,1,1,5,1,120,99,20.000,20.006,0,84,84,4.198844,SUCCESS,sigmoid,
2026-06-03T12:27:54,94.0,6.0,sensor2_serial,1,1,5,1,120,98,20.000,20.005,0,52,52,2.599327,SUCCESS,sigmoid,
2026-06-03T12:28:14,94.0,6.0,sensor2_serial,1,1,5,1,120,97,20.000,20.005,0,68,68,3.399120,SUCCESS,sigmoid,
2026-06-03T12:28:34,94.0,6.0,sensor2_serial,1,1,5,1,120,96,20.000,20.006,0,68,68,3.399064,SUCCESS,sigmoid,
2026-06-03T12:28:54,94.0,6.0,sensor2_serial,1,1,5,1,120,95,20.000,20.005,0,55,55,2.749304,SUCCESS,sigmoid,
2026-06-03T12:29:14,94.0,6.0,sensor2_serial,1,1,5,1,120,94,20.000,20.005,0,54,54,2.699289,SUCCESS,sigmoid,
2026-06-03T12:29:34,94.0,6.0,sensor2_serial,1,1,5,1,120,93,20.000,20.005,0,35,35,1.749570,SUCCESS,sigmoid,
2026-06-03T12:29:54,94.0,6.0,sensor2_serial,1,1,5,1,120,92,20.000,20.006,0,37,37,1.849462,SUCCESS,sigmoid,
2026-06-03T12:30:14,94.0,6.0,sensor2_serial,1,1,5,1,120,91,20.000,20.006,0,43,43,2.149403,SUCCESS,sigmoid,
2026-06-03T12:30:34,94.0,6.0,sensor2_serial,1,1,5,1,120,90,20.000,20.005,0,43,43,2.149446,SUCCESS,sigmoid,
2026-06-03T12:30:54,94.0,6.0,sensor2_serial,1,1,5,1,120,89,20.000,20.005,0,30,30,1.499595,SUCCESS,sigmoid,
2026-06-03T12:31:14,94.0,6.0,sensor2_serial,1,1,5,1,120,88,20.000,20.006,0,28,28,1.399604,SUCCESS,sigmoid,
2026-06-03T12:31:34,94.0,6.0,sensor2_serial,1,1,5,1,120,87,20.000,20.005,0,39,39,1.949491,SUCCESS,sigmoid,
2026-06-03T12:31:54,94.0,6.0,sensor2_serial,1,1,5,1,120,86,20.000,20.005,0,26,26,1.299654,SUCCESS,sigmoid,
2026-06-03T12:32:14,94.0,6.0,sensor2_serial,1,1,5,1,120,85,20.000,20.005,0,19,19,0.949752,SUCCESS,sigmoid,
2026-06-03T12:32:34,94.0,6.0,sensor2_serial,1,1,5,1,120,84,20.000,20.005,0,23,23,1.149688,SUCCESS,sigmoid,
2026-06-03T12:32:55,94.0,6.0,sensor2_serial,1,1,5,1,120,83,20.000,20.006,0,13,13,0.649813,SUCCESS,sigmoid,
2026-06-03T12:33:15,94.0,6.0,sensor2_serial,1,1,5,1,120,82,20.000,20.005,0,13,13,0.649825,SUCCESS,sigmoid,
2026-06-03T12:33:35,94.0,6.0,sensor2_serial,1,1,5,1,120,81,20.000,20.006,0,6,6,0.299914,SUCCESS,sigmoid,
2026-06-03T12:33:55,94.0,6.0,sensor2_serial,1,1,5,1,120,80,20.000,20.005,0,13,13,0.649841,SUCCESS,sigmoid,
2026-06-03T12:34:15,94.0,6.0,sensor2_serial,1,1,5,1,120,79,20.000,20.006,0,5,5,0.249931,SUCCESS,sigmoid,
2026-06-03T12:34:35,94.0,6.0,sensor2_serial,1,1,5,1,120,78,20.000,20.005,0,3,3,0.149960,SUCCESS,sigmoid,
2026-06-03T12:34:55,94.0,6.0,sensor2_serial,1,1,5,1,120,77,20.000,20.005,0,7,7,0.349908,SUCCESS,sigmoid,
2026-06-03T12:35:15,94.0,6.0,sensor2_serial,1,1,5,1,120,76,20.000,20.006,0,7,7,0.349902,SUCCESS,sigmoid,
2026-06-03T12:35:35,94.0,6.0,sensor2_serial,1,1,5,1,120,75,20.000,20.005,0,4,4,0.199947,SUCCESS,sigmoid,
2026-06-03T12:35:55,94.0,6.0,sensor2_serial,1,1,5,1,120,74,20.000,20.005,0,0,0,0.000000,SUCCESS,sigmoid,
2026-06-03T12:36:15,94.0,6.0,sensor2_serial,1,1,5,1,120,73,20.000,20.005,0,1,1,0.049987,SUCCESS,sigmoid,
2026-06-03T12:36:35,94.0,6.0,sensor2_serial,1,1,5,1,120,72,20.000,20.005,0,1,1,0.049987,SUCCESS,sigmoid,
2026-06-03T12:36:55,94.0,6.0,sensor2_serial,1,1,5,1,120,71,20.000,20.006,0,2,2,0.099972,SUCCESS,sigmoid,
2026-06-03T12:37:15,94.0,6.0,sensor2_serial,1,1,5,1,120,70,20.000,20.006,0,0,0,0.000000,SUCCESS,sigmoid,
2026-06-03T12:37:35,94.0,6.0,sensor2_serial,1,1,5,1,120,69,20.000,20.006,0,1,1,0.049986,SUCCESS,sigmoid,
2026-06-03T12:37:55,94.0,6.0,sensor2_serial,1,1,5,1,120,68,20.000,20.005,0,1,1,0.049987,SUCCESS,sigmoid,
2026-06-03T12:38:15,94.0,6.0,sensor2_serial,1,1,5,1,120,67,20.000,20.006,0,0,0,0.000000,SUCCESS,sigmoid,
2026-06-03T12:38:36,94.0,6.0,sensor2_serial,1,1,5,1,120,66,20.000,20.005,0,0,0,0.000000,SUCCESS,sigmoid,
2026-06-03T12:38:56,94.0,6.0,sensor2_serial,1,2,6,2,120,255,20.000,20.006,0,1522650,1522650,76107.982631,SUCCESS,sigmoid,
2026-06-03T12:39:16,94.0,6.0,sensor2_serial,1,2,6,2,120,254,20.000,20.006,0,1525993,1525993,76275.982336,SUCCESS,sigmoid,
2026-06-03T12:39:36,94.0,6.0,sensor2_serial,1,2,6,2,120,253,20.000,20.006,0,1623971,1623971,81175.436805,SUCCESS,sigmoid,
2026-06-03T12:39:56,94.0,6.0,sensor2_serial,1,2,6,2,120,252,20.000,20.006,0,1833653,1833653,91653.566196,SUCCESS,sigmoid,
2026-06-03T12:40:16,94.0,6.0,sensor2_serial,1,2,6,2,120,251,20.000,20.005,0,1832716,1832716,91611.619911,SUCCESS,sigmoid,
2026-06-03T12:40:36,94.0,6.0,sensor2_serial,1,2,6,2,120,250,20.000,20.005,0,2097064,2097064,104824.399122,SUCCESS,sigmoid,
2026-06-03T12:40:56,94.0,6.0,sensor2_serial,1,2,6,2,120,249,20.000,20.006,0,2346727,2346727,117298.427935,SUCCESS,sigmoid,
2026-06-03T12:41:16,94.0,6.0,sensor2_serial,1,2,6,2,120,248,20.000,20.006,0,2750723,2750723,137497.332930,SUCCESS,sigmoid,
2026-06-03T12:41:36,94.0,6.0,sensor2_serial,1,2,6,2,120,247,20.000,20.006,0,3073049,3073049,153609.093551,SUCCESS,sigmoid,
2026-06-03T12:41:56,94.0,6.0,sensor2_serial,1,2,6,2,120,246,20.000,20.006,0,2871845,2871845,143547.417785,SUCCESS,sigmoid,
2026-06-03T12:42:16,94.0,6.0,sensor2_serial,1,2,6,2,120,245,20.000,20.005,0,2636880,2636880,131808.456092,SUCCESS,sigmoid,
2026-06-03T12:42:36,94.0,6.0,sensor2_serial,1,2,6,2,120,244,20.000,20.006,0,2024000,2024000,101172.039802,SUCCESS,sigmoid,
2026-06-03T12:42:56,94.0,6.0,sensor2_serial,1,2,6,2,120,243,20.000,20.006,0,1559347,1559347,77943.704702,SUCCESS,sigmoid,
2026-06-03T12:43:16,94.0,6.0,sensor2_serial,1,2,6,2,120,242,20.000,20.006,0,877481,877481,43861.779213,SUCCESS,sigmoid,
2026-06-03T12:43:36,94.0,6.0,sensor2_serial,1,2,6,2,120,241,20.000,20.006,0,556210,556210,27801.981703,SUCCESS,sigmoid,
2026-06-03T12:43:57,94.0,6.0,sensor2_serial,1,2,6,2,120,240,20.000,20.007,0,256084,256084,12799.973477,SUCCESS,sigmoid,
2026-06-03T12:44:17,94.0,6.0,sensor2_serial,1,2,6,2,120,239,20.000,20.006,0,200062,200062,10000.279787,SUCCESS,sigmoid,
2026-06-03T12:44:37,94.0,6.0,sensor2_serial,1,2,6,2,120,238,20.000,20.005,0,90923,90923,4544.947583,SUCCESS,sigmoid,
2026-06-03T12:44:57,94.0,6.0,sensor2_serial,1,2,6,2,120,237,20.000,20.006,0,47810,47810,2389.841531,SUCCESS,sigmoid,
2026-06-03T12:45:17,94.0,6.0,sensor2_serial,1,2,6,2,120,236,20.000,20.005,0,20826,20826,1041.033295,SUCCESS,sigmoid,
2026-06-03T12:45:37,94.0,6.0,sensor2_serial,1,2,6,2,120,235,20.000,20.006,0,11670,11670,583.313872,SUCCESS,sigmoid,
2026-06-03T12:45:57,94.0,6.0,sensor2_serial,1,2,6,2,120,234,20.000,20.006,0,4589,4589,229.382434,SUCCESS,sigmoid,
2026-06-03T12:46:17,94.0,6.0,sensor2_serial,1,2,6,2,120,233,20.000,20.005,0,2804,2804,140.161746,SUCCESS,sigmoid,
2026-06-03T12:46:37,94.0,6.0,sensor2_serial,1,2,6,2,120,232,20.000,20.005,0,1060,1060,52.986252,SUCCESS,sigmoid,
2026-06-03T12:46:57,94.0,6.0,sensor2_serial,1,2,6,2,120,231,20.000,20.005,0,338,338,16.895672,SUCCESS,sigmoid,
2026-06-03T12:47:17,94.0,6.0,sensor2_serial,1,2,6,2,120,230,20.000,20.006,0,299,299,14.945766,SUCCESS,sigmoid,
2026-06-03T12:47:37,94.0,6.0,sensor2_serial,1,2,6,2,120,229,20.000,20.006,0,242,242,12.096581,SUCCESS,sigmoid,
2026-06-03T12:47:57,94.0,6.0,sensor2_serial,1,2,6,2,120,228,20.000,20.005,0,222,222,11.097108,SUCCESS,sigmoid,
2026-06-03T12:48:17,94.0,6.0,sensor2_serial,1,2,6,2,120,227,20.000,20.005,0,199,199,9.947328,SUCCESS,sigmoid,
2026-06-03T12:48:37,94.0,6.0,sensor2_serial,1,2,6,2,120,226,20.000,20.006,0,199,199,9.947149,SUCCESS,sigmoid,
2026-06-03T12:48:57,94.0,6.0,sensor2_serial,1,2,6,2,120,225,20.000,20.005,0,197,197,9.847367,SUCCESS,sigmoid,
2026-06-03T12:49:17,94.0,6.0,sensor2_serial,1,2,6,2,120,224,20.000,20.006,0,209,209,10.447121,SUCCESS,sigmoid,
2026-06-03T12:49:38,94.0,6.0,sensor2_serial,1,2,6,2,120,223,20.000,20.006,0,203,203,10.147084,SUCCESS,sigmoid,
2026-06-03T12:49:58,94.0,6.0,sensor2_serial,1,2,6,2,120,222,20.000,20.005,0,245,245,12.246854,SUCCESS,sigmoid,
2026-06-03T12:50:18,94.0,6.0,sensor2_serial,1,2,6,2,120,221,20.000,20.005,0,212,212,10.597184,SUCCESS,sigmoid,
2026-06-03T12:50:38,94.0,6.0,sensor2_serial,1,2,6,2,120,220,20.000,20.005,0,187,187,9.347504,SUCCESS,sigmoid,
2026-06-03T12:50:58,94.0,6.0,sensor2_serial,1,2,6,2,120,219,20.000,20.005,0,180,180,8.997545,SUCCESS,sigmoid,
2026-06-03T12:51:18,94.0,6.0,sensor2_serial,1,2,6,2,120,218,20.000,20.005,0,175,175,8.747773,SUCCESS,sigmoid,
2026-06-03T12:51:38,94.0,6.0,sensor2_serial,1,2,6,2,120,217,20.000,20.005,0,224,224,11.196935,SUCCESS,sigmoid,
2026-06-03T12:51:58,94.0,6.0,sensor2_serial,1,2,6,2,120,216,20.000,20.006,0,207,207,10.347096,SUCCESS,sigmoid,
2026-06-03T12:52:18,94.0,6.0,sensor2_serial,1,2,6,2,120,215,20.000,20.005,0,183,183,9.147553,SUCCESS,sigmoid,
2026-06-03T12:52:38,94.0,6.0,sensor2_serial,1,2,6,2,120,214,20.000,20.005,0,179,179,8.947721,SUCCESS,sigmoid,
2026-06-03T12:52:58,94.0,6.0,sensor2_serial,1,2,6,2,120,213,20.000,20.005,0,209,209,10.447258,SUCCESS,sigmoid,
2026-06-03T12:53:18,94.0,6.0,sensor2_serial,1,2,6,2,120,212,20.000,20.006,0,176,176,8.797440,SUCCESS,sigmoid,
2026-06-03T12:53:38,94.0,6.0,sensor2_serial,1,2,6,2,120,211,20.000,20.005,0,187,187,9.347486,SUCCESS,sigmoid,
2026-06-03T12:53:58,94.0,6.0,sensor2_serial,1,2,6,2,120,210,20.000,20.006,0,210,210,10.496799,SUCCESS,sigmoid,
2026-06-03T12:54:18,94.0,6.0,sensor2_serial,1,2,6,2,120,209,20.000,20.005,0,182,182,9.097515,SUCCESS,sigmoid,
2026-06-03T12:54:38,94.0,6.0,sensor2_serial,1,2,6,2,120,208,20.000,20.005,0,199,199,9.947295,SUCCESS,sigmoid,
2026-06-03T12:54:59,94.0,6.0,sensor2_serial,1,2,6,2,120,207,20.000,20.005,0,204,204,10.197312,SUCCESS,sigmoid,
2026-06-03T12:55:19,94.0,6.0,sensor2_serial,1,2,6,2,120,206,20.000,20.006,0,214,214,10.697030,SUCCESS,sigmoid,
2026-06-03T12:55:39,94.0,6.0,sensor2_serial,1,2,6,2,120,205,20.000,20.006,0,185,185,9.247386,SUCCESS,sigmoid,
2026-06-03T12:55:59,94.0,6.0,sensor2_serial,1,2,6,2,120,204,20.000,20.006,0,172,172,8.597499,SUCCESS,sigmoid,
2026-06-03T12:56:19,94.0,6.0,sensor2_serial,1,2,6,2,120,203,20.000,20.005,0,156,156,7.797890,SUCCESS,sigmoid,
2026-06-03T12:56:39,94.0,6.0,sensor2_serial,1,2,6,2,120,202,20.000,20.006,0,200,200,9.997247,SUCCESS,sigmoid,
2026-06-03T12:56:59,94.0,6.0,sensor2_serial,1,2,6,2,120,201,20.000,20.006,0,167,167,8.347472,SUCCESS,sigmoid,
2026-06-03T12:57:19,94.0,6.0,sensor2_serial,1,2,6,2,120,200,20.000,20.006,0,178,178,8.897450,SUCCESS,sigmoid,
2026-06-03T12:57:39,94.0,6.0,sensor2_serial,1,2,6,2,120,199,20.000,20.005,0,205,205,10.247385,SUCCESS,sigmoid,
2026-06-03T12:57:59,94.0,6.0,sensor2_serial,1,2,6,2,120,198,20.000,20.006,0,164,164,8.197705,SUCCESS,sigmoid,
2026-06-03T12:58:19,94.0,6.0,sensor2_serial,1,2,6,2,120,197,20.000,20.005,0,201,201,10.047438,SUCCESS,sigmoid,
2026-06-03T12:58:39,94.0,6.0,sensor2_serial,1,2,6,2,120,196,20.000,20.006,0,178,178,8.897328,SUCCESS,sigmoid,
2026-06-03T12:58:59,94.0,6.0,sensor2_serial,1,2,6,2,120,195,20.000,20.005,0,184,184,9.197646,SUCCESS,sigmoid,
2026-06-03T12:59:19,94.0,6.0,sensor2_serial,1,2,6,2,120,194,20.000,20.006,0,187,187,9.347170,SUCCESS,sigmoid,
2026-06-03T12:59:39,94.0,6.0,sensor2_serial,1,2,6,2,120,193,20.000,20.006,0,213,213,10.647009,SUCCESS,sigmoid,
2026-06-03T12:59:59,94.0,6.0,sensor2_serial,1,2,6,2,120,192,20.000,20.005,0,174,174,8.697688,SUCCESS,sigmoid,
2026-06-03T13:00:19,94.0,6.0,sensor2_serial,1,2,6,2,120,191,20.000,20.005,0,205,205,10.247387,SUCCESS,sigmoid,
2026-06-03T13:00:40,94.0,6.0,sensor2_serial,1,2,6,2,120,190,20.000,20.006,0,176,176,8.797477,SUCCESS,sigmoid,
2026-06-03T13:01:00,94.0,6.0,sensor2_serial,1,2,6,2,120,189,20.000,20.005,0,190,190,9.497432,SUCCESS,sigmoid,
2026-06-03T13:01:20,94.0,6.0,sensor2_serial,1,2,6,2,120,188,20.000,20.005,0,187,187,9.347540,SUCCESS,sigmoid,
2026-06-03T13:01:40,94.0,6.0,sensor2_serial,1,2,6,2,120,187,20.000,20.005,0,173,173,8.647625,SUCCESS,sigmoid,
2026-06-03T13:02:00,94.0,6.0,sensor2_serial,1,2,6,2,120,186,20.000,20.005,0,193,193,9.647452,SUCCESS,sigmoid,
2026-06-03T13:02:20,94.0,6.0,sensor2_serial,1,2,6,2,120,185,20.000,20.006,0,200,200,9.997211,SUCCESS,sigmoid,
2026-06-03T13:02:40,94.0,6.0,sensor2_serial,1,2,6,2,120,184,20.000,20.006,0,176,176,8.797444,SUCCESS,sigmoid,
2026-06-03T13:03:00,94.0,6.0,sensor2_serial,1,2,6,2,120,183,20.000,20.006,0,189,189,9.447318,SUCCESS,sigmoid,
2026-06-03T13:03:20,94.0,6.0,sensor2_serial,1,2,6,2,120,182,20.000,20.006,0,182,182,9.097134,SUCCESS,sigmoid,
2026-06-03T13:03:40,94.0,6.0,sensor2_serial,1,2,6,2,120,181,20.000,20.005,0,197,197,9.847383,SUCCESS,sigmoid,
2026-06-03T13:04:00,94.0,6.0,sensor2_serial,1,2,6,2,120,180,20.000,20.006,0,168,168,8.397453,SUCCESS,sigmoid,
2026-06-03T13:04:20,94.0,6.0,sensor2_serial,1,2,6,2,120,179,20.000,20.006,0,187,187,9.347350,SUCCESS,sigmoid,
2026-06-03T13:04:40,94.0,6.0,sensor2_serial,1,2,6,2,120,178,20.000,20.006,0,177,177,8.847403,SUCCESS,sigmoid,
2026-06-03T13:05:00,94.0,6.0,sensor2_serial,1,2,6,2,120,177,20.000,20.006,0,163,163,8.147525,SUCCESS,sigmoid,
2026-06-03T13:05:20,94.0,6.0,sensor2_serial,1,2,6,2,120,176,20.000,20.006,0,187,187,9.347406,SUCCESS,sigmoid,
2026-06-03T13:05:40,94.0,6.0,sensor2_serial,1,2,6,2,120,175,20.000,20.006,0,184,184,9.197316,SUCCESS,sigmoid,
2026-06-03T13:06:00,94.0,6.0,sensor2_serial,1,2,6,2,120,174,20.000,20.005,0,181,181,9.047545,SUCCESS,sigmoid,
2026-06-03T13:06:21,94.0,6.0,sensor2_serial,1,2,6,2,120,173,20.000,20.005,0,192,192,9.597386,SUCCESS,sigmoid,
2026-06-03T13:06:41,94.0,6.0,sensor2_serial,1,2,6,2,120,172,20.000,20.006,0,199,199,9.947111,SUCCESS,sigmoid,
2026-06-03T13:07:01,94.0,6.0,sensor2_serial,1,2,6,2,120,171,20.000,20.005,0,179,179,8.947606,SUCCESS,sigmoid,
2026-06-03T13:07:21,94.0,6.0,sensor2_serial,1,2,6,2,120,170,20.000,20.006,0,182,182,9.097303,SUCCESS,sigmoid,
2026-06-03T13:07:41,94.0,6.0,sensor2_serial,1,2,6,2,120,169,20.000,20.005,0,184,184,9.197656,SUCCESS,sigmoid,
2026-06-03T13:08:01,94.0,6.0,sensor2_serial,1,2,6,2,120,168,20.000,20.006,0,183,183,9.147465,SUCCESS,sigmoid,
2026-06-03T13:08:21,94.0,6.0,sensor2_serial,1,2,6,2,120,167,20.000,20.006,0,177,177,8.847551,SUCCESS,sigmoid,
2026-06-03T13:08:41,94.0,6.0,sensor2_serial,1,2,6,2,120,166,20.000,20.005,0,192,192,9.597388,SUCCESS,sigmoid,
2026-06-03T13:09:01,94.0,6.0,sensor2_serial,1,2,6,2,120,165,20.000,20.006,0,208,208,10.396773,SUCCESS,sigmoid,
2026-06-03T13:09:21,94.0,6.0,sensor2_serial,1,2,6,2,120,164,20.000,20.006,0,191,191,9.547334,SUCCESS,sigmoid,
2026-06-03T13:09:41,94.0,6.0,sensor2_serial,1,2,6,2,120,163,20.000,20.006,0,177,177,8.847565,SUCCESS,sigmoid,
2026-06-03T13:10:01,94.0,6.0,sensor2_serial,1,2,6,2,120,162,20.000,20.006,0,188,188,9.397415,SUCCESS,sigmoid,
2026-06-03T13:10:21,94.0,6.0,sensor2_serial,1,2,6,2,120,161,20.000,20.005,0,204,204,10.197360,SUCCESS,sigmoid,
2026-06-03T13:10:41,94.0,6.0,sensor2_serial,1,2,6,2,120,160,20.000,20.006,0,166,166,8.297675,SUCCESS,sigmoid,
2026-06-03T13:11:01,94.0,6.0,sensor2_serial,1,2,6,2,120,159,20.000,20.005,0,195,195,9.747370,SUCCESS,sigmoid,
2026-06-03T13:11:21,94.0,6.0,sensor2_serial,1,2,6,2,120,158,20.000,20.005,0,203,203,10.147270,SUCCESS,sigmoid,
2026-06-03T13:11:42,94.0,6.0,sensor2_serial,1,2,6,2,120,157,20.000,20.005,0,185,185,9.247590,SUCCESS,sigmoid,
2026-06-03T13:12:02,94.0,6.0,sensor2_serial,1,2,6,2,120,156,20.000,20.005,0,183,183,9.147651,SUCCESS,sigmoid,
2026-06-03T13:12:22,94.0,6.0,sensor2_serial,1,2,6,2,120,155,20.000,20.005,0,194,194,9.697418,SUCCESS,sigmoid,
2026-06-03T13:12:42,94.0,6.0,sensor2_serial,1,2,6,2,120,154,20.000,20.005,0,216,216,10.797217,SUCCESS,sigmoid,
2026-06-03T13:13:02,94.0,6.0,sensor2_serial,1,2,6,2,120,153,20.000,20.005,0,183,183,9.147570,SUCCESS,sigmoid,
2026-06-03T13:13:22,94.0,6.0,sensor2_serial,1,2,6,2,120,152,20.000,20.005,0,199,199,9.947324,SUCCESS,sigmoid,
2026-06-03T13:13:42,94.0,6.0,sensor2_serial,1,2,6,2,120,151,20.000,20.005,0,217,217,10.847111,SUCCESS,sigmoid,
2026-06-03T13:14:02,94.0,6.0,sensor2_serial,1,2,6,2,120,150,20.000,20.005,0,207,207,10.347309,SUCCESS,sigmoid,
2026-06-03T13:14:22,94.0,6.0,sensor2_serial,1,2,6,2,120,149,20.000,20.006,0,175,175,8.747469,SUCCESS,sigmoid,
2026-06-03T13:14:42,94.0,6.0,sensor2_serial,1,2,6,2,120,148,20.000,20.005,0,203,203,10.147346,SUCCESS,sigmoid,
2026-06-03T13:15:02,94.0,6.0,sensor2_serial,1,2,6,2,120,147,20.000,20.005,0,182,182,9.097590,SUCCESS,sigmoid,
2026-06-03T13:15:22,94.0,6.0,sensor2_serial,1,2,6,2,120,146,20.000,20.006,0,181,181,9.047512,SUCCESS,sigmoid,
2026-06-03T13:15:42,94.0,6.0,sensor2_serial,1,2,6,2,120,145,20.000,20.006,0,191,191,9.546965,SUCCESS,sigmoid,
2026-06-03T13:16:02,94.0,6.0,sensor2_serial,1,2,6,2,120,144,20.000,20.006,0,171,171,8.547392,SUCCESS,sigmoid,
2026-06-03T13:16:22,94.0,6.0,sensor2_serial,1,2,6,2,120,143,20.000,20.005,0,195,195,9.747451,SUCCESS,sigmoid,
2026-06-03T13:16:42,94.0,6.0,sensor2_serial,1,2,6,2,120,142,20.000,20.005,0,187,187,9.347639,SUCCESS,sigmoid,
2026-06-03T13:17:02,94.0,6.0,sensor2_serial,1,2,6,2,120,141,20.000,20.006,0,184,184,9.197467,SUCCESS,sigmoid,
2026-06-03T13:17:23,94.0,6.0,sensor2_serial,1,2,6,2,120,140,20.000,20.006,0,173,173,8.647497,SUCCESS,sigmoid,
2026-06-03T13:17:43,94.0,6.0,sensor2_serial,1,2,6,2,120,139,20.000,20.005,0,177,177,8.847745,SUCCESS,sigmoid,
2026-06-03T13:18:03,94.0,6.0,sensor2_serial,1,2,6,2,120,138,20.000,20.005,0,176,176,8.797671,SUCCESS,sigmoid,
2026-06-03T13:18:23,94.0,6.0,sensor2_serial,1,2,6,2,120,137,20.000,20.006,0,166,166,8.297518,SUCCESS,sigmoid,
2026-06-03T13:18:43,94.0,6.0,sensor2_serial,1,2,6,2,120,136,20.000,20.005,0,190,190,9.497535,SUCCESS,sigmoid,
2026-06-03T13:19:03,94.0,6.0,sensor2_serial,1,2,6,2,120,135,20.000,20.005,0,174,174,8.697639,SUCCESS,sigmoid,
2026-06-03T13:19:23,94.0,6.0,sensor2_serial,1,2,6,2,120,134,20.000,20.006,0,165,165,8.247715,SUCCESS,sigmoid,
2026-06-03T13:19:43,94.0,6.0,sensor2_serial,1,2,6,2,120,133,20.000,20.005,0,161,161,8.047929,SUCCESS,sigmoid,
2026-06-03T13:20:03,94.0,6.0,sensor2_serial,1,2,6,2,120,132,20.000,20.005,0,153,153,7.648059,SUCCESS,sigmoid,
2026-06-03T13:20:23,94.0,6.0,sensor2_serial,1,2,6,2,120,131,20.000,20.006,0,169,169,8.447503,SUCCESS,sigmoid,
2026-06-03T13:20:43,94.0,6.0,sensor2_serial,1,2,6,2,120,130,20.000,20.005,0,160,160,7.997843,SUCCESS,sigmoid,
2026-06-03T13:21:03,94.0,6.0,sensor2_serial,1,2,6,2,120,129,20.000,20.005,0,183,183,9.147618,SUCCESS,sigmoid,
2026-06-03T13:21:23,94.0,6.0,sensor2_serial,1,2,6,2,120,128,20.000,20.005,0,160,160,7.997871,SUCCESS,sigmoid,
2026-06-03T13:21:43,94.0,6.0,sensor2_serial,1,2,6,2,120,127,20.000,20.006,0,157,157,7.847817,SUCCESS,sigmoid,
2026-06-03T13:22:03,94.0,6.0,sensor2_serial,1,2,6,2,120,126,20.000,20.005,0,168,168,8.397693,SUCCESS,sigmoid,
2026-06-03T13:22:23,94.0,6.0,sensor2_serial,1,2,6,2,120,125,20.000,20.005,0,166,166,8.297893,SUCCESS,sigmoid,
2026-06-03T13:22:43,94.0,6.0,sensor2_serial,1,2,6,2,120,124,20.000,20.005,0,152,152,7.598052,SUCCESS,sigmoid,
2026-06-03T13:23:04,94.0,6.0,sensor2_serial,1,2,6,2,120,123,20.000,20.005,0,146,146,7.298038,SUCCESS,sigmoid,
2026-06-03T13:23:24,94.0,6.0,sensor2_serial,1,2,6,2,120,122,20.000,20.006,0,147,147,7.347869,SUCCESS,sigmoid,
2026-06-03T13:23:44,94.0,6.0,sensor2_serial,1,2,6,2,120,121,20.000,20.006,0,153,153,7.647840,SUCCESS,sigmoid,
2026-06-03T13:24:04,94.0,6.0,sensor2_serial,1,2,6,2,120,120,20.000,20.006,0,169,169,8.447578,SUCCESS,sigmoid,
2026-06-03T13:24:24,94.0,6.0,sensor2_serial,1,2,6,2,120,119,20.000,20.005,0,137,137,6.848264,SUCCESS,sigmoid,
2026-06-03T13:24:44,94.0,6.0,sensor2_serial,1,2,6,2,120,118,20.000,20.005,0,124,124,6.198297,SUCCESS,sigmoid,
2026-06-03T13:25:04,94.0,6.0,sensor2_serial,1,2,6,2,120,117,20.000,20.005,0,160,160,7.997915,SUCCESS,sigmoid,
2026-06-03T13:25:24,94.0,6.0,sensor2_serial,1,2,6,2,120,116,20.000,20.006,0,156,156,7.797810,SUCCESS,sigmoid,
2026-06-03T13:25:44,94.0,6.0,sensor2_serial,1,2,6,2,120,115,20.000,20.005,0,131,131,6.548227,SUCCESS,sigmoid,
2026-06-03T13:26:04,94.0,6.0,sensor2_serial,1,2,6,2,120,114,20.000,20.006,0,115,115,5.748414,SUCCESS,sigmoid,
2026-06-03T13:26:24,94.0,6.0,sensor2_serial,1,2,6,2,120,113,20.000,20.005,0,101,101,5.048650,SUCCESS,sigmoid,
2026-06-03T13:26:44,94.0,6.0,sensor2_serial,1,2,6,2,120,112,20.000,20.005,0,138,138,6.898188,SUCCESS,sigmoid,
2026-06-03T13:27:04,94.0,6.0,sensor2_serial,1,2,6,2,120,111,20.000,20.005,0,123,123,6.148352,SUCCESS,sigmoid,
2026-06-03T13:27:24,94.0,6.0,sensor2_serial,1,2,6,2,120,110,20.000,20.005,0,122,122,6.098379,SUCCESS,sigmoid,
2026-06-03T13:27:44,94.0,6.0,sensor2_serial,1,2,6,2,120,109,20.000,20.005,0,109,109,5.448542,SUCCESS,sigmoid,
2026-06-03T13:28:04,94.0,6.0,sensor2_serial,1,2,6,2,120,108,20.000,20.005,0,89,89,4.448810,SUCCESS,sigmoid,
2026-06-03T13:28:24,94.0,6.0,sensor2_serial,1,2,6,2,120,107,20.000,20.006,0,112,112,5.598448,SUCCESS,sigmoid,
2026-06-03T13:28:45,94.0,6.0,sensor2_serial,1,2,6,2,120,106,20.000,20.005,0,109,109,5.448552,SUCCESS,sigmoid,
2026-06-03T13:29:05,94.0,6.0,sensor2_serial,1,2,6,2,120,105,20.000,20.005,0,94,94,4.698767,SUCCESS,sigmoid,
2026-06-03T13:29:25,94.0,6.0,sensor2_serial,1,2,6,2,120,104,20.000,20.005,0,111,111,5.548535,SUCCESS,sigmoid,
2026-06-03T13:29:45,94.0,6.0,sensor2_serial,1,2,6,2,120,103,20.000,20.005,0,83,83,4.148981,SUCCESS,sigmoid,
2026-06-03T13:30:05,94.0,6.0,sensor2_serial,1,2,6,2,120,102,20.000,20.005,0,70,70,3.499061,SUCCESS,sigmoid,
2026-06-03T13:30:25,94.0,6.0,sensor2_serial,1,2,6,2,120,101,20.000,20.005,0,84,84,4.198861,SUCCESS,sigmoid,
2026-06-03T13:30:45,94.0,6.0,sensor2_serial,1,2,6,2,120,100,20.000,20.005,0,76,76,3.799027,SUCCESS,sigmoid,
2026-06-03T13:31:05,94.0,6.0,sensor2_serial,1,2,6,2,120,99,20.000,20.006,0,80,80,3.998847,SUCCESS,sigmoid,
2026-06-03T13:31:25,94.0,6.0,sensor2_serial,1,2,6,2,120,98,20.000,20.005,0,86,86,4.298886,SUCCESS,sigmoid,
2026-06-03T13:31:45,94.0,6.0,sensor2_serial,1,2,6,2,120,97,20.000,20.006,0,72,72,3.598990,SUCCESS,sigmoid,
2026-06-03T13:32:05,94.0,6.0,sensor2_serial,1,2,6,2,120,96,20.000,20.005,0,61,61,3.049163,SUCCESS,sigmoid,
2026-06-03T13:32:25,94.0,6.0,sensor2_serial,1,2,6,2,120,95,20.000,20.005,0,51,51,2.549304,SUCCESS,sigmoid,
2026-06-03T13:32:45,94.0,6.0,sensor2_serial,1,2,6,2,120,94,20.000,20.006,0,50,50,2.499311,SUCCESS,sigmoid,
2026-06-03T13:33:05,94.0,6.0,sensor2_serial,1,2,6,2,120,93,20.000,20.005,0,42,42,2.099452,SUCCESS,sigmoid,
2026-06-03T13:33:25,94.0,6.0,sensor2_serial,1,2,6,2,120,92,20.000,20.005,0,33,33,1.649563,SUCCESS,sigmoid,
2026-06-03T13:33:45,94.0,6.0,sensor2_serial,1,2,6,2,120,91,20.000,20.006,0,43,43,2.149404,SUCCESS,sigmoid,
2026-06-03T13:34:06,94.0,6.0,sensor2_serial,1,2,6,2,120,90,20.000,20.005,0,31,31,1.549579,SUCCESS,sigmoid,
2026-06-03T13:34:26,94.0,6.0,sensor2_serial,1,2,6,2,120,89,20.000,20.006,0,28,28,1.399579,SUCCESS,sigmoid,
2026-06-03T13:34:46,94.0,6.0,sensor2_serial,1,2,6,2,120,88,20.000,20.005,0,19,19,0.949755,SUCCESS,sigmoid,
2026-06-03T13:35:06,94.0,6.0,sensor2_serial,1,2,6,2,120,87,20.000,20.005,0,25,25,1.249679,SUCCESS,sigmoid,
2026-06-03T13:35:26,94.0,6.0,sensor2_serial,1,2,6,2,120,86,20.000,20.005,0,23,23,1.149696,SUCCESS,sigmoid,
2026-06-03T13:35:46,94.0,6.0,sensor2_serial,1,2,6,2,120,85,20.000,20.005,0,16,16,0.799797,SUCCESS,sigmoid,
2026-06-03T13:36:06,94.0,6.0,sensor2_serial,1,2,6,2,120,84,20.000,20.006,0,13,13,0.649812,SUCCESS,sigmoid,
2026-06-03T13:36:26,94.0,6.0,sensor2_serial,1,2,6,2,120,83,20.000,20.005,0,19,19,0.949747,SUCCESS,sigmoid,
2026-06-03T13:36:46,94.0,6.0,sensor2_serial,1,2,6,2,120,82,20.000,20.006,0,14,14,0.699794,SUCCESS,sigmoid,
2026-06-03T13:37:06,94.0,6.0,sensor2_serial,1,2,6,2,120,81,20.000,20.006,0,15,15,0.749794,SUCCESS,sigmoid,
2026-06-03T13:37:26,94.0,6.0,sensor2_serial,1,2,6,2,120,80,20.000,20.006,0,9,9,0.449864,SUCCESS,sigmoid,
2026-06-03T13:37:46,94.0,6.0,sensor2_serial,1,2,6,2,120,79,20.000,20.005,0,9,9,0.449883,SUCCESS,sigmoid,
2026-06-03T13:38:06,94.0,6.0,sensor2_serial,1,2,6,2,120,78,20.000,20.005,0,9,9,0.449880,SUCCESS,sigmoid,
2026-06-03T13:38:26,94.0,6.0,sensor2_serial,1,2,6,2,120,77,20.000,20.006,0,4,4,0.199943,SUCCESS,sigmoid,
2026-06-03T13:38:46,94.0,6.0,sensor2_serial,1,2,6,2,120,76,20.000,20.005,0,7,7,0.349912,SUCCESS,sigmoid,
2026-06-03T13:39:06,94.0,6.0,sensor2_serial,1,2,6,2,120,75,20.000,20.005,0,1,1,0.049986,SUCCESS,sigmoid,
2026-06-03T13:39:26,94.0,6.0,sensor2_serial,1,2,6,2,120,74,20.000,20.005,0,6,6,0.299921,SUCCESS,sigmoid,
2026-06-03T13:39:47,94.0,6.0,sensor2_serial,1,2,6,2,120,73,20.000,20.006,0,2,2,0.099972,SUCCESS,sigmoid,
2026-06-03T13:40:07,94.0,6.0,sensor2_serial,1,2,6,2,120,72,20.000,20.005,0,5,5,0.249932,SUCCESS,sigmoid,
2026-06-03T13:40:27,94.0,6.0,sensor2_serial,1,2,6,2,120,71,20.000,20.005,0,0,0,0.000000,SUCCESS,sigmoid,
2026-06-03T13:40:47,94.0,6.0,sensor2_serial,1,2,6,2,120,70,20.000,20.005,0,1,1,0.049987,SUCCESS,sigmoid,
2026-06-03T13:41:07,94.0,6.0,sensor2_serial,1,2,6,2,120,69,20.000,20.005,0,1,1,0.049987,SUCCESS,sigmoid,
2026-06-03T13:41:27,94.0,6.0,sensor2_serial,1,2,6,2,120,68,20.000,20.006,0,1,1,0.049986,SUCCESS,sigmoid,
2026-06-03T13:41:47,94.0,6.0,sensor2_serial,1,2,6,2,120,67,20.000,20.005,0,0,0,0.000000,SUCCESS,sigmoid,
2026-06-03T13:42:07,94.0,6.0,sensor2_serial,1,2,6,2,120,66,20.000,20.006,0,0,0,0.000000,SUCCESS,sigmoid,
2026-06-03T13:42:41,95.0,5.0,sensor2_serial,1,0,4,0,120,255,20.000,20.006,0,3203692,3203692,160133.797283,SUCCESS,sigmoid,
2026-06-03T13:43:01,95.0,5.0,sensor2_serial,1,0,4,0,120,254,20.000,20.006,0,3433840,3433840,171637.488382,SUCCESS,sigmoid,
2026-06-03T13:43:21,95.0,5.0,sensor2_serial,1,0,4,0,120,253,20.000,20.006,0,3402698,3402698,170080.793573,SUCCESS,sigmoid,
2026-06-03T13:43:41,95.0,5.0,sensor2_serial,1,0,4,0,120,252,20.000,20.006,0,2939025,2939025,146904.617994,SUCCESS,sigmoid,
2026-06-03T13:44:01,95.0,5.0,sensor2_serial,1,0,4,0,120,251,20.000,20.006,0,2251617,2251617,112544.763959,SUCCESS,sigmoid,
2026-06-03T13:44:21,95.0,5.0,sensor2_serial,1,0,4,0,120,250,20.000,20.006,0,1916625,1916625,95800.201701,SUCCESS,sigmoid,
2026-06-03T13:44:41,95.0,5.0,sensor2_serial,1,0,4,0,120,249,20.000,20.007,0,1093394,1093394,54651.688661,SUCCESS,sigmoid,
2026-06-03T13:45:01,95.0,5.0,sensor2_serial,1,0,4,0,120,248,20.000,20.007,0,896834,896834,44827.084694,SUCCESS,sigmoid,
2026-06-03T13:45:22,95.0,5.0,sensor2_serial,1,0,4,0,120,247,20.000,20.007,0,769291,769291,38452.041616,SUCCESS,sigmoid,
2026-06-03T13:45:42,95.0,5.0,sensor2_serial,1,0,4,0,120,246,20.000,20.006,0,558568,558568,27919.471941,SUCCESS,sigmoid,
2026-06-03T13:46:02,95.0,5.0,sensor2_serial,1,0,4,0,120,245,20.000,20.007,0,250596,250596,12525.716148,SUCCESS,sigmoid,
2026-06-03T13:46:22,95.0,5.0,sensor2_serial,1,0,4,0,120,244,20.000,20.007,0,108350,108350,5415.739044,SUCCESS,sigmoid,
2026-06-03T13:46:42,95.0,5.0,sensor2_serial,1,0,4,0,120,243,20.000,20.007,0,38767,38767,1937.715853,SUCCESS,sigmoid,
2026-06-03T13:47:02,95.0,5.0,sensor2_serial,1,0,4,0,120,242,20.000,20.005,0,38797,38797,1939.320633,SUCCESS,sigmoid,
2026-06-03T13:47:22,95.0,5.0,sensor2_serial,1,0,4,0,120,241,20.000,20.006,0,17302,17302,864.821788,SUCCESS,sigmoid,
2026-06-03T13:47:42,95.0,5.0,sensor2_serial,1,0,4,0,120,240,20.000,20.006,0,4948,4948,247.328852,SUCCESS,sigmoid,
2026-06-03T13:48:02,95.0,5.0,sensor2_serial,1,0,4,0,120,239,20.000,20.006,0,1733,1733,86.625839,SUCCESS,sigmoid,
2026-06-03T13:48:22,95.0,5.0,sensor2_serial,1,0,4,0,120,238,20.000,20.005,0,658,658,32.891096,SUCCESS,sigmoid,
2026-06-03T13:48:42,95.0,5.0,sensor2_serial,1,0,4,0,120,237,20.000,20.006,0,417,417,20.843894,SUCCESS,sigmoid,
2026-06-03T13:49:02,95.0,5.0,sensor2_serial,1,0,4,0,120,236,20.000,20.005,0,344,344,17.195277,SUCCESS,sigmoid,
2026-06-03T13:49:22,95.0,5.0,sensor2_serial,1,0,4,0,120,235,20.000,20.005,0,242,242,12.096876,SUCCESS,sigmoid,
2026-06-03T13:49:42,95.0,5.0,sensor2_serial,1,0,4,0,120,234,20.000,20.005,0,206,206,10.297213,SUCCESS,sigmoid,
2026-06-03T13:50:02,95.0,5.0,sensor2_serial,1,0,4,0,120,233,20.000,20.006,0,213,213,10.647025,SUCCESS,sigmoid,
2026-06-03T13:50:22,95.0,5.0,sensor2_serial,1,0,4,0,120,232,20.000,20.005,0,209,209,10.447214,SUCCESS,sigmoid,
2026-06-03T13:50:42,95.0,5.0,sensor2_serial,1,0,4,0,120,231,20.000,20.006,0,238,238,11.896680,SUCCESS,sigmoid,
2026-06-03T13:51:03,95.0,5.0,sensor2_serial,1,0,4,0,120,230,20.000,20.005,0,229,229,11.447028,SUCCESS,sigmoid,
2026-06-03T13:51:23,95.0,5.0,sensor2_serial,1,0,4,0,120,229,20.000,20.005,0,235,235,11.746828,SUCCESS,sigmoid,
2026-06-03T13:51:43,95.0,5.0,sensor2_serial,1,0,4,0,120,228,20.000,20.005,0,206,206,10.297278,SUCCESS,sigmoid,
2026-06-03T13:52:03,95.0,5.0,sensor2_serial,1,0,4,0,120,227,20.000,20.005,0,233,233,11.646853,SUCCESS,sigmoid,
2026-06-03T13:52:23,95.0,5.0,sensor2_serial,1,0,4,0,120,226,20.000,20.006,0,237,237,11.846559,SUCCESS,sigmoid,
2026-06-03T13:52:43,95.0,5.0,sensor2_serial,1,0,4,0,120,225,20.000,20.006,0,199,199,9.947112,SUCCESS,sigmoid,
2026-06-03T13:53:03,95.0,5.0,sensor2_serial,1,0,4,0,120,224,20.000,20.006,0,222,222,11.096843,SUCCESS,sigmoid,
2026-06-03T13:53:23,95.0,5.0,sensor2_serial,1,0,4,0,120,223,20.000,20.005,0,222,222,11.097102,SUCCESS,sigmoid,
2026-06-03T13:53:43,95.0,5.0,sensor2_serial,1,0,4,0,120,222,20.000,20.005,0,241,241,12.046896,SUCCESS,sigmoid,
2026-06-03T13:54:03,95.0,5.0,sensor2_serial,1,0,4,0,120,221,20.000,20.006,0,199,199,9.947027,SUCCESS,sigmoid,
2026-06-03T13:54:23,95.0,5.0,sensor2_serial,1,0,4,0,120,220,20.000,20.006,0,211,211,10.546987,SUCCESS,sigmoid,
2026-06-03T13:54:43,95.0,5.0,sensor2_serial,1,0,4,0,120,219,20.000,20.006,0,208,208,10.396930,SUCCESS,sigmoid,
2026-06-03T13:55:03,95.0,5.0,sensor2_serial,1,0,4,0,120,218,20.000,20.005,0,199,199,9.947426,SUCCESS,sigmoid,
2026-06-03T13:55:23,95.0,5.0,sensor2_serial,1,0,4,0,120,217,20.000,20.005,0,183,183,9.147536,SUCCESS,sigmoid,
2026-06-03T13:55:43,95.0,5.0,sensor2_serial,1,0,4,0,120,216,20.000,20.005,0,214,214,10.697180,SUCCESS,sigmoid,
2026-06-03T13:56:03,95.0,5.0,sensor2_serial,1,0,4,0,120,215,20.000,20.005,0,223,223,11.147140,SUCCESS,sigmoid,
2026-06-03T13:56:24,95.0,5.0,sensor2_serial,1,0,4,0,120,214,20.000,20.005,0,196,196,9.797412,SUCCESS,sigmoid,
2026-06-03T13:56:44,95.0,5.0,sensor2_serial,1,0,4,0,120,213,20.000,20.005,0,219,219,10.946993,SUCCESS,sigmoid,
2026-06-03T13:57:04,95.0,5.0,sensor2_serial,1,0,4,0,120,212,20.000,20.006,0,205,205,10.247154,SUCCESS,sigmoid,
2026-06-03T13:57:24,95.0,5.0,sensor2_serial,1,0,4,0,120,211,20.000,20.006,0,224,224,11.196748,SUCCESS,sigmoid,
2026-06-03T13:57:44,95.0,5.0,sensor2_serial,1,0,4,0,120,210,20.000,20.006,0,231,231,11.546672,SUCCESS,sigmoid,
2026-06-03T13:58:04,95.0,5.0,sensor2_serial,1,0,4,0,120,209,20.000,20.006,0,189,189,9.447344,SUCCESS,sigmoid,
2026-06-03T13:58:24,95.0,5.0,sensor2_serial,1,0,4,0,120,208,20.000,20.006,0,221,221,11.046955,SUCCESS,sigmoid,
2026-06-03T13:58:44,95.0,5.0,sensor2_serial,1,0,4,0,120,207,20.000,20.006,0,218,218,10.896898,SUCCESS,sigmoid,
2026-06-03T13:59:04,95.0,5.0,sensor2_serial,1,0,4,0,120,206,20.000,20.005,0,221,221,11.047067,SUCCESS,sigmoid,
2026-06-03T13:59:24,95.0,5.0,sensor2_serial,1,0,4,0,120,205,20.000,20.006,0,208,208,10.397140,SUCCESS,sigmoid,
2026-06-03T13:59:44,95.0,5.0,sensor2_serial,1,0,4,0,120,204,20.000,20.005,0,214,214,10.697323,SUCCESS,sigmoid,
2026-06-03T14:00:04,95.0,5.0,sensor2_serial,1,0,4,0,120,203,20.000,20.006,0,217,217,10.846998,SUCCESS,sigmoid,
2026-06-03T14:00:24,95.0,5.0,sensor2_serial,1,0,4,0,120,202,20.000,20.006,0,192,192,9.597244,SUCCESS,sigmoid,
2026-06-03T14:00:44,95.0,5.0,sensor2_serial,1,0,4,0,120,201,20.000,20.005,0,207,207,10.347325,SUCCESS,sigmoid,
2026-06-03T14:01:04,95.0,5.0,sensor2_serial,1,0,4,0,120,200,20.000,20.005,0,207,207,10.347214,SUCCESS,sigmoid,
2026-06-03T14:01:24,95.0,5.0,sensor2_serial,1,0,4,0,120,199,20.000,20.006,0,211,211,10.546918,SUCCESS,sigmoid,
2026-06-03T14:01:44,95.0,5.0,sensor2_serial,1,0,4,0,120,198,20.000,20.006,0,203,203,10.147059,SUCCESS,sigmoid,
2026-06-03T14:02:05,95.0,5.0,sensor2_serial,1,0,4,0,120,197,20.000,20.006,0,193,193,9.647331,SUCCESS,sigmoid,
2026-06-03T14:02:25,95.0,5.0,sensor2_serial,1,0,4,0,120,196,20.000,20.005,0,240,240,11.996903,SUCCESS,sigmoid,
2026-06-03T14:02:45,95.0,5.0,sensor2_serial,1,0,4,0,120,195,20.000,20.005,0,202,202,10.097337,SUCCESS,sigmoid,
2026-06-03T14:03:05,95.0,5.0,sensor2_serial,1,0,4,0,120,194,20.000,20.005,0,215,215,10.747204,SUCCESS,sigmoid,
2026-06-03T14:03:25,95.0,5.0,sensor2_serial,1,0,4,0,120,193,20.000,20.006,0,192,192,9.597105,SUCCESS,sigmoid,
2026-06-03T14:03:45,95.0,5.0,sensor2_serial,1,0,4,0,120,192,20.000,20.005,0,184,184,9.197549,SUCCESS,sigmoid,
2026-06-03T14:04:05,95.0,5.0,sensor2_serial,1,0,4,0,120,191,20.000,20.006,0,198,198,9.897171,SUCCESS,sigmoid,
2026-06-03T14:04:25,95.0,5.0,sensor2_serial,1,0,4,0,120,190,20.000,20.005,0,207,207,10.347204,SUCCESS,sigmoid,
2026-06-03T14:04:45,95.0,5.0,sensor2_serial,1,0,4,0,120,189,20.000,20.005,0,212,212,10.597128,SUCCESS,sigmoid,
2026-06-03T14:05:05,95.0,5.0,sensor2_serial,1,0,4,0,120,188,20.000,20.005,0,224,224,11.196986,SUCCESS,sigmoid,
2026-06-03T14:05:25,95.0,5.0,sensor2_serial,1,0,4,0,120,187,20.000,20.006,0,205,205,10.247138,SUCCESS,sigmoid,
2026-06-03T14:05:45,95.0,5.0,sensor2_serial,1,0,4,0,120,186,20.000,20.005,0,214,214,10.697226,SUCCESS,sigmoid,
2026-06-03T14:06:05,95.0,5.0,sensor2_serial,1,0,4,0,120,185,20.000,20.005,0,220,220,10.997199,SUCCESS,sigmoid,
2026-06-03T14:06:25,95.0,5.0,sensor2_serial,1,0,4,0,120,184,20.000,20.005,0,195,195,9.747340,SUCCESS,sigmoid,
2026-06-03T14:06:45,95.0,5.0,sensor2_serial,1,0,4,0,120,183,20.000,20.005,0,208,208,10.397225,SUCCESS,sigmoid,
2026-06-03T14:07:05,95.0,5.0,sensor2_serial,1,0,4,0,120,182,20.000,20.006,0,203,203,10.147187,SUCCESS,sigmoid,
2026-06-03T14:07:25,95.0,5.0,sensor2_serial,1,0,4,0,120,181,20.000,20.005,0,221,221,11.047067,SUCCESS,sigmoid,
2026-06-03T14:07:46,95.0,5.0,sensor2_serial,1,0,4,0,120,180,20.000,20.006,0,216,216,10.796922,SUCCESS,sigmoid,
2026-06-03T14:08:06,95.0,5.0,sensor2_serial,1,0,4,0,120,179,20.000,20.005,0,202,202,10.097295,SUCCESS,sigmoid,
2026-06-03T14:08:26,95.0,5.0,sensor2_serial,1,0,4,0,120,178,20.000,20.006,0,198,198,9.897272,SUCCESS,sigmoid,
2026-06-03T14:08:46,95.0,5.0,sensor2_serial,1,0,4,0,120,177,20.000,20.005,0,216,216,10.797260,SUCCESS,sigmoid,
2026-06-03T14:09:06,95.0,5.0,sensor2_serial,1,0,4,0,120,176,20.000,20.006,0,203,203,10.147189,SUCCESS,sigmoid,
2026-06-03T14:09:26,95.0,5.0,sensor2_serial,1,0,4,0,120,175,20.000,20.005,0,220,220,10.997012,SUCCESS,sigmoid,
2026-06-03T14:09:46,95.0,5.0,sensor2_serial,1,0,4,0,120,174,20.000,20.006,0,190,190,9.497143,SUCCESS,sigmoid,
2026-06-03T14:10:06,95.0,5.0,sensor2_serial,1,0,4,0,120,173,20.000,20.005,0,184,184,9.197508,SUCCESS,sigmoid,
2026-06-03T14:10:26,95.0,5.0,sensor2_serial,1,0,4,0,120,172,20.000,20.006,0,204,204,10.197152,SUCCESS,sigmoid,
2026-06-03T14:10:46,95.0,5.0,sensor2_serial,1,0,4,0,120,171,20.000,20.005,0,173,173,8.647642,SUCCESS,sigmoid,
2026-06-03T14:11:06,95.0,5.0,sensor2_serial,1,0,4,0,120,170,20.000,20.005,0,226,226,11.297002,SUCCESS,sigmoid,
2026-06-03T14:11:26,95.0,5.0,sensor2_serial,1,0,4,0,120,169,20.000,20.005,0,203,203,10.147309,SUCCESS,sigmoid,
2026-06-03T14:11:46,95.0,5.0,sensor2_serial,1,0,4,0,120,168,20.000,20.005,0,185,185,9.247591,SUCCESS,sigmoid,
2026-06-03T14:12:06,95.0,5.0,sensor2_serial,1,0,4,0,120,167,20.000,20.006,0,195,195,9.747112,SUCCESS,sigmoid,
2026-06-03T14:12:26,95.0,5.0,sensor2_serial,1,0,4,0,120,166,20.000,20.006,0,215,215,10.746847,SUCCESS,sigmoid,
2026-06-03T14:12:46,95.0,5.0,sensor2_serial,1,0,4,0,120,165,20.000,20.005,0,199,199,9.947273,SUCCESS,sigmoid,
2026-06-03T14:13:07,95.0,5.0,sensor2_serial,1,0,4,0,120,164,20.000,20.005,0,193,193,9.647437,SUCCESS,sigmoid,
2026-06-03T14:13:27,95.0,5.0,sensor2_serial,1,0,4,0,120,163,20.000,20.006,0,199,199,9.946921,SUCCESS,sigmoid,
2026-06-03T14:13:47,95.0,5.0,sensor2_serial,1,0,4,0,120,162,20.000,20.006,0,227,227,11.346820,SUCCESS,sigmoid,
2026-06-03T14:14:07,95.0,5.0,sensor2_serial,1,0,4,0,120,161,20.000,20.005,0,186,186,9.297513,SUCCESS,sigmoid,
2026-06-03T14:14:27,95.0,5.0,sensor2_serial,1,0,4,0,120,160,20.000,20.005,0,211,211,10.547233,SUCCESS,sigmoid,
2026-06-03T14:14:47,95.0,5.0,sensor2_serial,1,0,4,0,120,159,20.000,20.006,0,214,214,10.696781,SUCCESS,sigmoid,
2026-06-03T14:15:07,95.0,5.0,sensor2_serial,1,0,4,0,120,158,20.000,20.006,0,222,222,11.096790,SUCCESS,sigmoid,
2026-06-03T14:15:27,95.0,5.0,sensor2_serial,1,0,4,0,120,157,20.000,20.006,0,215,215,10.746716,SUCCESS,sigmoid,
2026-06-03T14:15:47,95.0,5.0,sensor2_serial,1,0,4,0,120,156,20.000,20.005,0,209,209,10.447161,SUCCESS,sigmoid,
2026-06-03T14:16:07,95.0,5.0,sensor2_serial,1,0,4,0,120,155,20.000,20.005,0,205,205,10.247343,SUCCESS,sigmoid,
2026-06-03T14:16:27,95.0,5.0,sensor2_serial,1,0,4,0,120,154,20.000,20.006,0,175,175,8.747439,SUCCESS,sigmoid,
2026-06-03T14:16:47,95.0,5.0,sensor2_serial,1,0,4,0,120,153,20.000,20.006,0,204,204,10.197017,SUCCESS,sigmoid,
2026-06-03T14:17:07,95.0,5.0,sensor2_serial,1,0,4,0,120,152,20.000,20.006,0,215,215,10.746717,SUCCESS,sigmoid,
2026-06-03T14:17:27,95.0,5.0,sensor2_serial,1,0,4,0,120,151,20.000,20.005,0,194,194,9.697418,SUCCESS,sigmoid,
2026-06-03T14:17:47,95.0,5.0,sensor2_serial,1,0,4,0,120,150,20.000,20.006,0,209,209,10.447016,SUCCESS,sigmoid,
2026-06-03T14:18:07,95.0,5.0,sensor2_serial,1,0,4,0,120,149,20.000,20.006,0,185,185,9.247449,SUCCESS,sigmoid,
2026-06-03T14:18:27,95.0,5.0,sensor2_serial,1,0,4,0,120,148,20.000,20.006,0,196,196,9.797219,SUCCESS,sigmoid,
2026-06-03T14:18:48,95.0,5.0,sensor2_serial,1,0,4,0,120,147,20.000,20.005,0,200,200,9.997462,SUCCESS,sigmoid,
2026-06-03T14:19:08,95.0,5.0,sensor2_serial,1,0,4,0,120,146,20.000,20.005,0,193,193,9.647532,SUCCESS,sigmoid,
2026-06-03T14:19:28,95.0,5.0,sensor2_serial,1,0,4,0,120,145,20.000,20.005,0,204,204,10.197220,SUCCESS,sigmoid,
2026-06-03T14:19:48,95.0,5.0,sensor2_serial,1,0,4,0,120,144,20.000,20.005,0,194,194,9.697371,SUCCESS,sigmoid,
2026-06-03T14:20:08,95.0,5.0,sensor2_serial,1,0,4,0,120,143,20.000,20.006,0,207,207,10.347128,SUCCESS,sigmoid,
2026-06-03T14:20:28,95.0,5.0,sensor2_serial,1,0,4,0,120,142,20.000,20.006,0,189,189,9.447247,SUCCESS,sigmoid,
2026-06-03T14:20:48,95.0,5.0,sensor2_serial,1,0,4,0,120,141,20.000,20.005,0,190,190,9.497559,SUCCESS,sigmoid,
2026-06-03T14:21:08,95.0,5.0,sensor2_serial,1,0,4,0,120,140,20.000,20.005,0,200,200,9.997484,SUCCESS,sigmoid,
2026-06-03T14:21:28,95.0,5.0,sensor2_serial,1,0,4,0,120,139,20.000,20.005,0,190,190,9.497412,SUCCESS,sigmoid,
2026-06-03T14:21:48,95.0,5.0,sensor2_serial,1,0,4,0,120,138,20.000,20.005,0,180,180,8.997568,SUCCESS,sigmoid,
2026-06-03T14:22:08,95.0,5.0,sensor2_serial,1,0,4,0,120,137,20.000,20.006,0,192,192,9.597263,SUCCESS,sigmoid,
2026-06-03T14:22:28,95.0,5.0,sensor2_serial,1,0,4,0,120,136,20.000,20.006,0,187,187,9.347398,SUCCESS,sigmoid,
2026-06-03T14:22:48,95.0,5.0,sensor2_serial,1,0,4,0,120,135,20.000,20.005,0,185,185,9.247533,SUCCESS,sigmoid,
2026-06-03T14:23:08,95.0,5.0,sensor2_serial,1,0,4,0,120,134,20.000,20.006,0,201,201,10.047233,SUCCESS,sigmoid,
2026-06-03T14:23:28,95.0,5.0,sensor2_serial,1,0,4,0,120,133,20.000,20.006,0,215,215,10.747041,SUCCESS,sigmoid,
2026-06-03T14:23:48,95.0,5.0,sensor2_serial,1,0,4,0,120,132,20.000,20.006,0,208,208,10.397090,SUCCESS,sigmoid,
2026-06-03T14:24:08,95.0,5.0,sensor2_serial,1,0,4,0,120,131,20.000,20.005,0,182,182,9.097653,SUCCESS,sigmoid,
2026-06-03T14:24:29,95.0,5.0,sensor2_serial,1,0,4,0,120,130,20.000,20.006,0,173,173,8.647605,SUCCESS,sigmoid,
2026-06-03T14:24:49,95.0,5.0,sensor2_serial,1,0,4,0,120,129,20.000,20.006,0,175,175,8.747290,SUCCESS,sigmoid,
2026-06-03T14:25:09,95.0,5.0,sensor2_serial,1,0,4,0,120,128,20.000,20.006,0,143,143,7.147979,SUCCESS,sigmoid,
2026-06-03T14:25:29,95.0,5.0,sensor2_serial,1,0,4,0,120,127,20.000,20.006,0,163,163,8.147652,SUCCESS,sigmoid,
2026-06-03T14:25:49,95.0,5.0,sensor2_serial,1,0,4,0,120,126,20.000,20.005,0,191,191,9.547498,SUCCESS,sigmoid,
2026-06-03T14:26:09,95.0,5.0,sensor2_serial,1,0,4,0,120,125,20.000,20.005,0,192,192,9.597406,SUCCESS,sigmoid,
2026-06-03T14:26:29,95.0,5.0,sensor2_serial,1,0,4,0,120,124,20.000,20.005,0,199,199,9.947430,SUCCESS,sigmoid,
2026-06-03T14:26:49,95.0,5.0,sensor2_serial,1,0,4,0,120,123,20.000,20.005,0,190,190,9.497430,SUCCESS,sigmoid,
2026-06-03T14:27:09,95.0,5.0,sensor2_serial,1,0,4,0,120,122,20.000,20.005,0,200,200,9.997264,SUCCESS,sigmoid,
2026-06-03T14:27:29,95.0,5.0,sensor2_serial,1,0,4,0,120,121,20.000,20.006,0,166,166,8.297654,SUCCESS,sigmoid,
2026-06-03T14:27:49,95.0,5.0,sensor2_serial,1,0,4,0,120,120,20.000,20.006,0,183,183,9.147436,SUCCESS,sigmoid,
2026-06-03T14:28:09,95.0,5.0,sensor2_serial,1,0,4,0,120,119,20.000,20.006,0,173,173,8.647367,SUCCESS,sigmoid,
2026-06-03T14:28:29,95.0,5.0,sensor2_serial,1,0,4,0,120,118,20.000,20.005,0,177,177,8.847596,SUCCESS,sigmoid,
2026-06-03T14:28:49,95.0,5.0,sensor2_serial,1,0,4,0,120,117,20.000,20.006,0,167,167,8.347552,SUCCESS,sigmoid,
2026-06-03T14:29:09,95.0,5.0,sensor2_serial,1,0,4,0,120,116,20.000,20.005,0,195,195,9.747398,SUCCESS,sigmoid,
2026-06-03T14:29:29,95.0,5.0,sensor2_serial,1,0,4,0,120,115,20.000,20.006,0,182,182,9.097232,SUCCESS,sigmoid,
2026-06-03T14:29:50,95.0,5.0,sensor2_serial,1,0,4,0,120,114,20.000,20.005,0,188,188,9.397456,SUCCESS,sigmoid,
2026-06-03T14:30:10,95.0,5.0,sensor2_serial,1,0,4,0,120,113,20.000,20.005,0,189,189,9.447492,SUCCESS,sigmoid,
2026-06-03T14:30:30,95.0,5.0,sensor2_serial,1,0,4,0,120,112,20.000,20.006,0,161,161,8.047591,SUCCESS,sigmoid,
2026-06-03T14:30:50,95.0,5.0,sensor2_serial,1,0,4,0,120,111,20.000,20.006,0,166,166,8.297603,SUCCESS,sigmoid,
2026-06-03T14:31:10,95.0,5.0,sensor2_serial,1,0,4,0,120,110,20.000,20.006,0,160,160,7.997720,SUCCESS,sigmoid,
2026-06-03T14:31:30,95.0,5.0,sensor2_serial,1,0,4,0,120,109,20.000,20.006,0,155,155,7.747864,SUCCESS,sigmoid,
2026-06-03T14:31:50,95.0,5.0,sensor2_serial,1,0,4,0,120,108,20.000,20.005,0,148,148,7.398001,SUCCESS,sigmoid,
2026-06-03T14:32:10,95.0,5.0,sensor2_serial,1,0,4,0,120,107,20.000,20.006,0,148,148,7.397837,SUCCESS,sigmoid,
2026-06-03T14:32:30,95.0,5.0,sensor2_serial,1,0,4,0,120,106,20.000,20.006,0,148,148,7.397950,SUCCESS,sigmoid,
2026-06-03T14:32:50,95.0,5.0,sensor2_serial,1,0,4,0,120,105,20.000,20.006,0,142,142,7.097971,SUCCESS,sigmoid,
2026-06-03T14:33:10,95.0,5.0,sensor2_serial,1,0,4,0,120,104,20.000,20.005,0,125,125,6.248414,SUCCESS,sigmoid,
2026-06-03T14:33:30,95.0,5.0,sensor2_serial,1,0,4,0,120,103,20.000,20.006,0,134,134,6.697921,SUCCESS,sigmoid,
2026-06-03T14:33:50,95.0,5.0,sensor2_serial,1,0,4,0,120,102,20.000,20.006,0,140,140,6.998052,SUCCESS,sigmoid,
2026-06-03T14:34:10,95.0,5.0,sensor2_serial,1,0,4,0,120,101,20.000,20.005,0,135,135,6.748157,SUCCESS,sigmoid,
2026-06-03T14:34:30,95.0,5.0,sensor2_serial,1,0,4,0,120,100,20.000,20.006,0,137,137,6.848099,SUCCESS,sigmoid,
2026-06-03T14:34:50,95.0,5.0,sensor2_serial,1,0,4,0,120,99,20.000,20.005,0,107,107,5.348584,SUCCESS,sigmoid,
2026-06-03T14:35:10,95.0,5.0,sensor2_serial,1,0,4,0,120,98,20.000,20.005,0,139,139,6.948161,SUCCESS,sigmoid,
2026-06-03T14:35:31,95.0,5.0,sensor2_serial,1,0,4,0,120,97,20.000,20.005,0,113,113,5.648472,SUCCESS,sigmoid,
2026-06-03T14:35:51,95.0,5.0,sensor2_serial,1,0,4,0,120,96,20.000,20.006,0,122,122,6.098274,SUCCESS,sigmoid,
2026-06-03T14:36:11,95.0,5.0,sensor2_serial,1,0,4,0,120,95,20.000,20.006,0,126,126,6.298140,SUCCESS,sigmoid,
2026-06-03T14:36:31,95.0,5.0,sensor2_serial,1,0,4,0,120,94,20.000,20.006,0,107,107,5.348517,SUCCESS,sigmoid,
2026-06-03T14:36:51,95.0,5.0,sensor2_serial,1,0,4,0,120,93,20.000,20.005,0,126,126,6.298358,SUCCESS,sigmoid,
2026-06-03T14:37:11,95.0,5.0,sensor2_serial,1,0,4,0,120,92,20.000,20.006,0,97,97,4.848435,SUCCESS,sigmoid,
2026-06-03T14:37:31,95.0,5.0,sensor2_serial,1,0,4,0,120,91,20.000,20.006,0,95,95,4.748681,SUCCESS,sigmoid,
2026-06-03T14:37:51,95.0,5.0,sensor2_serial,1,0,4,0,120,90,20.000,20.006,0,110,110,5.498480,SUCCESS,sigmoid,
2026-06-03T14:38:11,95.0,5.0,sensor2_serial,1,0,4,0,120,89,20.000,20.006,0,81,81,4.048863,SUCCESS,sigmoid,
2026-06-03T14:38:31,95.0,5.0,sensor2_serial,1,0,4,0,120,88,20.000,20.005,0,85,85,4.248900,SUCCESS,sigmoid,
2026-06-03T14:38:51,95.0,5.0,sensor2_serial,1,0,4,0,120,87,20.000,20.005,0,78,78,3.898939,SUCCESS,sigmoid,
2026-06-03T14:39:11,95.0,5.0,sensor2_serial,1,0,4,0,120,86,20.000,20.006,0,83,83,4.148789,SUCCESS,sigmoid,
2026-06-03T14:39:31,95.0,5.0,sensor2_serial,1,0,4,0,120,85,20.000,20.006,0,80,80,3.998888,SUCCESS,sigmoid,
2026-06-03T14:39:51,95.0,5.0,sensor2_serial,1,0,4,0,120,84,20.000,20.006,0,75,75,3.748892,SUCCESS,sigmoid,
2026-06-03T14:40:11,95.0,5.0,sensor2_serial,1,0,4,0,120,83,20.000,20.006,0,61,61,3.049115,SUCCESS,sigmoid,
2026-06-03T14:40:31,95.0,5.0,sensor2_serial,1,0,4,0,120,82,20.000,20.005,0,61,61,3.049179,SUCCESS,sigmoid,
2026-06-03T14:40:52,95.0,5.0,sensor2_serial,1,0,4,0,120,81,20.000,20.005,0,51,51,2.549339,SUCCESS,sigmoid,
2026-06-03T14:41:12,95.0,5.0,sensor2_serial,1,0,4,0,120,80,20.000,20.005,0,57,57,2.849220,SUCCESS,sigmoid,
2026-06-03T14:41:32,95.0,5.0,sensor2_serial,1,0,4,0,120,79,20.000,20.005,0,49,49,2.449329,SUCCESS,sigmoid,
2026-06-03T14:41:52,95.0,5.0,sensor2_serial,1,0,4,0,120,78,20.000,20.006,0,43,43,2.149386,SUCCESS,sigmoid,
2026-06-03T14:42:12,95.0,5.0,sensor2_serial,1,0,4,0,120,77,20.000,20.006,0,52,52,2.599256,SUCCESS,sigmoid,
2026-06-03T14:42:32,95.0,5.0,sensor2_serial,1,0,4,0,120,76,20.000,20.005,0,35,35,1.749530,SUCCESS,sigmoid,
2026-06-03T14:42:52,95.0,5.0,sensor2_serial,1,0,4,0,120,75,20.000,20.006,0,33,33,1.649541,SUCCESS,sigmoid,
2026-06-03T14:43:12,95.0,5.0,sensor2_serial,1,0,4,0,120,74,20.000,20.006,0,33,33,1.649545,SUCCESS,sigmoid,
2026-06-03T14:43:32,95.0,5.0,sensor2_serial,1,0,4,0,120,73,20.000,20.005,0,20,20,0.999743,SUCCESS,sigmoid,
2026-06-03T14:43:52,95.0,5.0,sensor2_serial,1,0,4,0,120,72,20.000,20.005,0,25,25,1.249659,SUCCESS,sigmoid,
2026-06-03T14:44:12,95.0,5.0,sensor2_serial,1,0,4,0,120,71,20.000,20.005,0,19,19,0.949741,SUCCESS,sigmoid,
2026-06-03T14:44:32,95.0,5.0,sensor2_serial,1,0,4,0,120,70,20.000,20.005,0,24,24,1.199678,SUCCESS,sigmoid,
2026-06-03T14:44:52,95.0,5.0,sensor2_serial,1,0,4,0,120,69,20.000,20.006,0,8,8,0.399882,SUCCESS,sigmoid,
2026-06-03T14:45:12,95.0,5.0,sensor2_serial,1,0,4,0,120,68,20.000,20.005,0,10,10,0.499874,SUCCESS,sigmoid,
2026-06-03T14:45:32,95.0,5.0,sensor2_serial,1,0,4,0,120,67,20.000,20.006,0,13,13,0.649814,SUCCESS,sigmoid,
2026-06-03T14:45:52,95.0,5.0,sensor2_serial,1,0,4,0,120,66,20.000,20.005,0,8,8,0.399894,SUCCESS,sigmoid,
2026-06-03T14:46:12,95.0,5.0,sensor2_serial,1,0,4,0,120,65,20.000,20.005,0,1,1,0.049987,SUCCESS,sigmoid,
2026-06-03T14:46:33,95.0,5.0,sensor2_serial,1,0,4,0,120,64,20.000,20.005,0,10,10,0.499864,SUCCESS,sigmoid,
2026-06-03T14:46:53,95.0,5.0,sensor2_serial,1,0,4,0,120,63,20.000,20.005,0,5,5,0.249939,SUCCESS,sigmoid,
2026-06-03T14:47:13,95.0,5.0,sensor2_serial,1,0,4,0,120,62,20.000,20.005,0,9,9,0.449880,SUCCESS,sigmoid,
2026-06-03T14:47:33,95.0,5.0,sensor2_serial,1,0,4,0,120,61,20.000,20.006,0,2,2,0.099972,SUCCESS,sigmoid,
2026-06-03T14:47:53,95.0,5.0,sensor2_serial,1,0,4,0,120,60,20.000,20.005,0,4,4,0.199946,SUCCESS,sigmoid,
2026-06-03T14:48:13,95.0,5.0,sensor2_serial,1,0,4,0,120,59,20.000,20.006,0,2,2,0.099972,SUCCESS,sigmoid,
2026-06-03T14:48:33,95.0,5.0,sensor2_serial,1,0,4,0,120,58,20.000,20.006,0,4,4,0.199943,SUCCESS,sigmoid,
2026-06-03T14:48:53,95.0,5.0,sensor2_serial,1,0,4,0,120,57,20.000,20.006,0,1,1,0.049986,SUCCESS,sigmoid,
2026-06-03T14:49:13,95.0,5.0,sensor2_serial,1,0,4,0,120,56,20.000,20.006,0,0,0,0.000000,SUCCESS,sigmoid,
2026-06-03T14:49:33,95.0,5.0,sensor2_serial,1,0,4,0,120,55,20.000,20.005,0,0,0,0.000000,SUCCESS,sigmoid,
2026-06-03T14:49:53,95.0,5.0,sensor2_serial,1,1,5,1,120,255,20.000,20.007,0,1666753,1666753,83309.730154,SUCCESS,sigmoid,
2026-06-03T14:50:13,95.0,5.0,sensor2_serial,1,1,5,1,120,254,20.000,20.005,0,1716529,1716529,85803.169855,SUCCESS,sigmoid,
2026-06-03T14:50:33,95.0,5.0,sensor2_serial,1,1,5,1,120,253,20.000,20.005,0,1857317,1857317,92840.807598,SUCCESS,sigmoid,
2026-06-03T14:50:53,95.0,5.0,sensor2_serial,1,1,5,1,120,252,20.000,20.006,0,2132396,2132396,106586.395693,SUCCESS,sigmoid,
2026-06-03T14:51:13,95.0,5.0,sensor2_serial,1,1,5,1,120,251,20.000,20.006,0,2289489,2289489,114437.799272,SUCCESS,sigmoid,
2026-06-03T14:51:33,95.0,5.0,sensor2_serial,1,1,5,1,120,250,20.000,20.005,0,2623506,2623506,131140.216125,SUCCESS,sigmoid,
2026-06-03T14:51:53,95.0,5.0,sensor2_serial,1,1,5,1,120,249,20.000,20.007,0,3036134,3036134,151756.302758,SUCCESS,sigmoid,
2026-06-03T14:52:14,95.0,5.0,sensor2_serial,1,1,5,1,120,248,20.000,20.006,0,3040532,3040532,151978.701554,SUCCESS,sigmoid,
2026-06-03T14:52:34,95.0,5.0,sensor2_serial,1,1,5,1,120,247,20.000,20.006,0,2898878,2898878,144899.141364,SUCCESS,sigmoid,
2026-06-03T14:52:54,95.0,5.0,sensor2_serial,1,1,5,1,120,246,20.000,20.006,0,2400636,2400636,119994.396733,SUCCESS,sigmoid,
2026-06-03T14:53:14,95.0,5.0,sensor2_serial,1,1,5,1,120,245,20.000,20.006,0,1783156,1783156,89132.591161,SUCCESS,sigmoid,
2026-06-03T14:53:34,95.0,5.0,sensor2_serial,1,1,5,1,120,244,20.000,20.006,0,1129451,1129451,56455.194045,SUCCESS,sigmoid,
2026-06-03T14:53:54,95.0,5.0,sensor2_serial,1,1,5,1,120,243,20.000,20.005,0,835689,835689,41773.058852,SUCCESS,sigmoid,
2026-06-03T14:54:14,95.0,5.0,sensor2_serial,1,1,5,1,120,242,20.000,20.006,0,645021,645021,32241.427469,SUCCESS,sigmoid,
2026-06-03T14:54:34,95.0,5.0,sensor2_serial,1,1,5,1,120,241,20.000,20.006,0,270179,270179,13504.898824,SUCCESS,sigmoid,
2026-06-03T14:54:54,95.0,5.0,sensor2_serial,1,1,5,1,120,240,20.000,20.007,0,117321,117321,5864.115919,SUCCESS,sigmoid,
2026-06-03T14:55:14,95.0,5.0,sensor2_serial,1,1,5,1,120,239,20.000,20.006,0,94072,94072,4702.282694,SUCCESS,sigmoid,
2026-06-03T14:55:34,95.0,5.0,sensor2_serial,1,1,5,1,120,238,20.000,20.005,0,36983,36983,1848.649856,SUCCESS,sigmoid,
2026-06-03T14:55:54,95.0,5.0,sensor2_serial,1,1,5,1,120,237,20.000,20.006,0,16259,16259,812.721983,SUCCESS,sigmoid,
2026-06-03T14:56:14,95.0,5.0,sensor2_serial,1,1,5,1,120,236,20.000,20.006,0,7736,7736,386.692501,SUCCESS,sigmoid,
2026-06-03T14:56:34,95.0,5.0,sensor2_serial,1,1,5,1,120,235,20.000,20.006,0,4830,4830,241.425644,SUCCESS,sigmoid,
2026-06-03T14:56:54,95.0,5.0,sensor2_serial,1,1,5,1,120,234,20.000,20.006,0,1807,1807,90.323992,SUCCESS,sigmoid,
2026-06-03T14:57:14,95.0,5.0,sensor2_serial,1,1,5,1,120,233,20.000,20.006,0,770,770,38.489200,SUCCESS,sigmoid,
2026-06-03T14:57:35,95.0,5.0,sensor2_serial,1,1,5,1,120,232,20.000,20.006,0,401,401,20.043854,SUCCESS,sigmoid,
2026-06-03T14:57:55,95.0,5.0,sensor2_serial,1,1,5,1,120,231,20.000,20.006,0,289,289,14.445970,SUCCESS,sigmoid,
2026-06-03T14:58:15,95.0,5.0,sensor2_serial,1,1,5,1,120,230,20.000,20.005,0,256,256,12.796508,SUCCESS,sigmoid,
2026-06-03T14:58:35,95.0,5.0,sensor2_serial,1,1,5,1,120,229,20.000,20.005,0,228,228,11.397345,SUCCESS,sigmoid,
2026-06-03T14:58:55,95.0,5.0,sensor2_serial,1,1,5,1,120,228,20.000,20.005,0,216,216,10.797135,SUCCESS,sigmoid,
2026-06-03T14:59:15,95.0,5.0,sensor2_serial,1,1,5,1,120,227,20.000,20.005,0,206,206,10.297215,SUCCESS,sigmoid,
2026-06-03T14:59:35,95.0,5.0,sensor2_serial,1,1,5,1,120,226,20.000,20.005,0,239,239,11.946862,SUCCESS,sigmoid,
2026-06-03T14:59:55,95.0,5.0,sensor2_serial,1,1,5,1,120,225,20.000,20.005,0,232,232,11.596919,SUCCESS,sigmoid,
2026-06-03T15:00:15,95.0,5.0,sensor2_serial,1,1,5,1,120,224,20.000,20.006,0,214,214,10.696937,SUCCESS,sigmoid,
2026-06-03T15:00:35,95.0,5.0,sensor2_serial,1,1,5,1,120,223,20.000,20.005,0,207,207,10.347182,SUCCESS,sigmoid,
2026-06-03T15:00:55,95.0,5.0,sensor2_serial,1,1,5,1,120,222,20.000,20.005,0,209,209,10.447216,SUCCESS,sigmoid,
2026-06-03T15:01:15,95.0,5.0,sensor2_serial,1,1,5,1,120,221,20.000,20.006,0,214,214,10.696990,SUCCESS,sigmoid,
2026-06-03T15:01:35,95.0,5.0,sensor2_serial,1,1,5,1,120,220,20.000,20.006,0,189,189,9.447354,SUCCESS,sigmoid,
2026-06-03T15:01:55,95.0,5.0,sensor2_serial,1,1,5,1,120,219,20.000,20.006,0,208,208,10.397034,SUCCESS,sigmoid,
2026-06-03T15:02:15,95.0,5.0,sensor2_serial,1,1,5,1,120,218,20.000,20.006,0,208,208,10.396693,SUCCESS,sigmoid,
2026-06-03T15:02:35,95.0,5.0,sensor2_serial,1,1,5,1,120,217,20.000,20.006,0,220,220,10.996832,SUCCESS,sigmoid,
2026-06-03T15:02:55,95.0,5.0,sensor2_serial,1,1,5,1,120,216,20.000,20.006,0,192,192,9.597258,SUCCESS,sigmoid,
2026-06-03T15:03:16,95.0,5.0,sensor2_serial,1,1,5,1,120,215,20.000,20.005,0,219,219,10.946996,SUCCESS,sigmoid,
2026-06-03T15:03:36,95.0,5.0,sensor2_serial,1,1,5,1,120,214,20.000,20.005,0,195,195,9.747339,SUCCESS,sigmoid,
2026-06-03T15:03:56,95.0,5.0,sensor2_serial,1,1,5,1,120,213,20.000,20.006,0,194,194,9.697292,SUCCESS,sigmoid,
2026-06-03T15:04:16,95.0,5.0,sensor2_serial,1,1,5,1,120,212,20.000,20.005,0,225,225,11.247039,SUCCESS,sigmoid,
2026-06-03T15:04:36,95.0,5.0,sensor2_serial,1,1,5,1,120,211,20.000,20.005,0,210,210,10.497115,SUCCESS,sigmoid,
2026-06-03T15:04:56,95.0,5.0,sensor2_serial,1,1,5,1,120,210,20.000,20.005,0,266,266,13.296442,SUCCESS,sigmoid,
2026-06-03T15:05:16,95.0,5.0,sensor2_serial,1,1,5,1,120,209,20.000,20.006,0,208,208,10.397099,SUCCESS,sigmoid,
2026-06-03T15:05:36,95.0,5.0,sensor2_serial,1,1,5,1,120,208,20.000,20.006,0,212,212,10.596979,SUCCESS,sigmoid,
2026-06-03T15:05:56,95.0,5.0,sensor2_serial,1,1,5,1,120,207,20.000,20.005,0,202,202,10.097416,SUCCESS,sigmoid,
2026-06-03T15:06:16,95.0,5.0,sensor2_serial,1,1,5,1,120,206,20.000,20.006,0,204,204,10.197054,SUCCESS,sigmoid,
2026-06-03T15:06:36,95.0,5.0,sensor2_serial,1,1,5,1,120,205,20.000,20.005,0,197,197,9.847339,SUCCESS,sigmoid,
2026-06-03T15:06:56,95.0,5.0,sensor2_serial,1,1,5,1,120,204,20.000,20.005,0,210,210,10.497129,SUCCESS,sigmoid,
2026-06-03T15:07:16,95.0,5.0,sensor2_serial,1,1,5,1,120,203,20.000,20.005,0,222,222,11.097169,SUCCESS,sigmoid,
2026-06-03T15:07:36,95.0,5.0,sensor2_serial,1,1,5,1,120,202,20.000,20.006,0,205,205,10.246952,SUCCESS,sigmoid,
2026-06-03T15:07:56,95.0,5.0,sensor2_serial,1,1,5,1,120,201,20.000,20.005,0,233,233,11.647024,SUCCESS,sigmoid,
2026-06-03T15:08:16,95.0,5.0,sensor2_serial,1,1,5,1,120,200,20.000,20.005,0,198,198,9.897413,SUCCESS,sigmoid,
2026-06-03T15:08:37,95.0,5.0,sensor2_serial,1,1,5,1,120,199,20.000,20.006,0,199,199,9.947238,SUCCESS,sigmoid,
2026-06-03T15:08:57,95.0,5.0,sensor2_serial,1,1,5,1,120,198,20.000,20.005,0,223,223,11.146971,SUCCESS,sigmoid,
2026-06-03T15:09:17,95.0,5.0,sensor2_serial,1,1,5,1,120,197,20.000,20.006,0,219,219,10.946923,SUCCESS,sigmoid,
2026-06-03T15:09:37,95.0,5.0,sensor2_serial,1,1,5,1,120,196,20.000,20.006,0,198,198,9.897186,SUCCESS,sigmoid,
2026-06-03T15:09:57,95.0,5.0,sensor2_serial,1,1,5,1,120,195,20.000,20.005,0,237,237,11.846875,SUCCESS,sigmoid,
2026-06-03T15:10:17,95.0,5.0,sensor2_serial,1,1,5,1,120,194,20.000,20.005,0,211,211,10.547177,SUCCESS,sigmoid,
2026-06-03T15:10:37,95.0,5.0,sensor2_serial,1,1,5,1,120,193,20.000,20.006,0,229,229,11.446602,SUCCESS,sigmoid,
2026-06-03T15:10:57,95.0,5.0,sensor2_serial,1,1,5,1,120,192,20.000,20.006,0,197,197,9.847270,SUCCESS,sigmoid,
2026-06-03T15:11:17,95.0,5.0,sensor2_serial,1,1,5,1,120,191,20.000,20.005,0,193,193,9.647369,SUCCESS,sigmoid,
2026-06-03T15:11:37,95.0,5.0,sensor2_serial,1,1,5,1,120,190,20.000,20.006,0,244,244,12.196508,SUCCESS,sigmoid,
2026-06-03T15:11:57,95.0,5.0,sensor2_serial,1,1,5,1,120,189,20.000,20.005,0,196,196,9.797354,SUCCESS,sigmoid,
2026-06-03T15:12:17,95.0,5.0,sensor2_serial,1,1,5,1,120,188,20.000,20.006,0,231,231,11.546796,SUCCESS,sigmoid,
2026-06-03T15:12:37,95.0,5.0,sensor2_serial,1,1,5,1,120,187,20.000,20.005,0,212,212,10.597112,SUCCESS,sigmoid,
2026-06-03T15:12:57,95.0,5.0,sensor2_serial,1,1,5,1,120,186,20.000,20.005,0,227,227,11.346936,SUCCESS,sigmoid,
2026-06-03T15:13:17,95.0,5.0,sensor2_serial,1,1,5,1,120,185,20.000,20.005,0,223,223,11.147019,SUCCESS,sigmoid,
2026-06-03T15:13:37,95.0,5.0,sensor2_serial,1,1,5,1,120,184,20.000,20.005,0,248,248,12.396645,SUCCESS,sigmoid,
2026-06-03T15:13:57,95.0,5.0,sensor2_serial,1,1,5,1,120,183,20.000,20.005,0,230,230,11.496987,SUCCESS,sigmoid,
2026-06-03T15:14:18,95.0,5.0,sensor2_serial,1,1,5,1,120,182,20.000,20.006,0,198,198,9.896992,SUCCESS,sigmoid,
2026-06-03T15:14:38,95.0,5.0,sensor2_serial,1,1,5,1,120,181,20.000,20.006,0,218,218,10.896889,SUCCESS,sigmoid,
2026-06-03T15:14:58,95.0,5.0,sensor2_serial,1,1,5,1,120,180,20.000,20.006,0,205,205,10.247026,SUCCESS,sigmoid,
2026-06-03T15:15:18,95.0,5.0,sensor2_serial,1,1,5,1,120,179,20.000,20.006,0,194,194,9.697011,SUCCESS,sigmoid,
2026-06-03T15:15:38,95.0,5.0,sensor2_serial,1,1,5,1,120,178,20.000,20.005,0,188,188,9.397427,SUCCESS,sigmoid,
2026-06-03T15:15:58,95.0,5.0,sensor2_serial,1,1,5,1,120,177,20.000,20.006,0,194,194,9.697246,SUCCESS,sigmoid,
2026-06-03T15:16:18,95.0,5.0,sensor2_serial,1,1,5,1,120,176,20.000,20.006,0,198,198,9.897102,SUCCESS,sigmoid,
2026-06-03T15:16:38,95.0,5.0,sensor2_serial,1,1,5,1,120,175,20.000,20.005,0,180,180,8.997678,SUCCESS,sigmoid,
2026-06-03T15:16:58,95.0,5.0,sensor2_serial,1,1,5,1,120,174,20.000,20.006,0,185,185,9.247455,SUCCESS,sigmoid,
2026-06-03T15:17:18,95.0,5.0,sensor2_serial,1,1,5,1,120,173,20.000,20.006,0,216,216,10.796697,SUCCESS,sigmoid,
2026-06-03T15:17:38,95.0,5.0,sensor2_serial,1,1,5,1,120,172,20.000,20.005,0,216,216,10.797130,SUCCESS,sigmoid,
2026-06-03T15:17:58,95.0,5.0,sensor2_serial,1,1,5,1,120,171,20.000,20.005,0,233,233,11.646951,SUCCESS,sigmoid,
2026-06-03T15:18:18,95.0,5.0,sensor2_serial,1,1,5,1,120,170,20.000,20.006,0,201,201,10.047172,SUCCESS,sigmoid,
2026-06-03T15:18:38,95.0,5.0,sensor2_serial,1,1,5,1,120,169,20.000,20.005,0,189,189,9.447425,SUCCESS,sigmoid,
2026-06-03T15:18:58,95.0,5.0,sensor2_serial,1,1,5,1,120,168,20.000,20.006,0,211,211,10.547044,SUCCESS,sigmoid,
2026-06-03T15:19:18,95.0,5.0,sensor2_serial,1,1,5,1,120,167,20.000,20.005,0,204,204,10.197243,SUCCESS,sigmoid,
2026-06-03T15:19:38,95.0,5.0,sensor2_serial,1,1,5,1,120,166,20.000,20.006,0,181,181,9.047437,SUCCESS,sigmoid,
2026-06-03T15:19:59,95.0,5.0,sensor2_serial,1,1,5,1,120,165,20.000,20.005,0,169,169,8.447759,SUCCESS,sigmoid,
2026-06-03T15:20:19,95.0,5.0,sensor2_serial,1,1,5,1,120,164,20.000,20.005,0,181,181,9.047618,SUCCESS,sigmoid,
2026-06-03T15:20:39,95.0,5.0,sensor2_serial,1,1,5,1,120,163,20.000,20.006,0,179,179,8.947468,SUCCESS,sigmoid,
2026-06-03T15:20:59,95.0,5.0,sensor2_serial,1,1,5,1,120,162,20.000,20.005,0,217,217,10.847106,SUCCESS,sigmoid,
2026-06-03T15:21:19,95.0,5.0,sensor2_serial,1,1,5,1,120,161,20.000,20.006,0,203,203,10.147020,SUCCESS,sigmoid,
2026-06-03T15:21:39,95.0,5.0,sensor2_serial,1,1,5,1,120,160,20.000,20.006,0,191,191,9.547213,SUCCESS,sigmoid,
2026-06-03T15:21:59,95.0,5.0,sensor2_serial,1,1,5,1,120,159,20.000,20.006,0,205,205,10.247164,SUCCESS,sigmoid,
2026-06-03T15:22:19,95.0,5.0,sensor2_serial,1,1,5,1,120,158,20.000,20.005,0,198,198,9.897282,SUCCESS,sigmoid,
2026-06-03T15:22:39,95.0,5.0,sensor2_serial,1,1,5,1,120,157,20.000,20.006,0,211,211,10.547090,SUCCESS,sigmoid,
2026-06-03T15:22:59,95.0,5.0,sensor2_serial,1,1,5,1,120,156,20.000,20.005,0,175,175,8.747618,SUCCESS,sigmoid,
2026-06-03T15:23:19,95.0,5.0,sensor2_serial,1,1,5,1,120,155,20.000,20.006,0,197,197,9.847141,SUCCESS,sigmoid,
2026-06-03T15:23:39,95.0,5.0,sensor2_serial,1,1,5,1,120,154,20.000,20.006,0,174,174,8.697567,SUCCESS,sigmoid,
2026-06-03T15:23:59,95.0,5.0,sensor2_serial,1,1,5,1,120,153,20.000,20.006,0,185,185,9.247406,SUCCESS,sigmoid,
2026-06-03T15:24:19,95.0,5.0,sensor2_serial,1,1,5,1,120,152,20.000,20.006,0,210,210,10.497105,SUCCESS,sigmoid,
2026-06-03T15:24:39,95.0,5.0,sensor2_serial,1,1,5,1,120,151,20.000,20.006,0,210,210,10.497061,SUCCESS,sigmoid,
2026-06-03T15:24:59,95.0,5.0,sensor2_serial,1,1,5,1,120,150,20.000,20.006,0,205,205,10.246997,SUCCESS,sigmoid,
2026-06-03T15:25:20,95.0,5.0,sensor2_serial,1,1,5,1,120,149,20.000,20.005,0,214,214,10.697258,SUCCESS,sigmoid,
2026-06-03T15:25:40,95.0,5.0,sensor2_serial,1,1,5,1,120,148,20.000,20.005,0,207,207,10.347167,SUCCESS,sigmoid,
2026-06-03T15:26:00,95.0,5.0,sensor2_serial,1,1,5,1,120,147,20.000,20.006,0,204,204,10.197012,SUCCESS,sigmoid,
2026-06-03T15:26:20,95.0,5.0,sensor2_serial,1,1,5,1,120,146,20.000,20.006,0,194,194,9.697260,SUCCESS,sigmoid,
2026-06-03T15:26:40,95.0,5.0,sensor2_serial,1,1,5,1,120,145,20.000,20.005,0,189,189,9.447412,SUCCESS,sigmoid,
2026-06-03T15:27:00,95.0,5.0,sensor2_serial,1,1,5,1,120,144,20.000,20.005,0,184,184,9.197630,SUCCESS,sigmoid,
2026-06-03T15:27:20,95.0,5.0,sensor2_serial,1,1,5,1,120,143,20.000,20.005,0,197,197,9.847467,SUCCESS,sigmoid,
2026-06-03T15:27:40,95.0,5.0,sensor2_serial,1,1,5,1,120,142,20.000,20.005,0,187,187,9.347473,SUCCESS,sigmoid,
2026-06-03T15:28:00,95.0,5.0,sensor2_serial,1,1,5,1,120,141,20.000,20.006,0,177,177,8.847415,SUCCESS,sigmoid,
2026-06-03T15:28:20,95.0,5.0,sensor2_serial,1,1,5,1,120,140,20.000,20.006,0,226,226,11.296557,SUCCESS,sigmoid,
2026-06-03T15:28:40,95.0,5.0,sensor2_serial,1,1,5,1,120,139,20.000,20.006,0,192,192,9.597360,SUCCESS,sigmoid,
2026-06-03T15:29:00,95.0,5.0,sensor2_serial,1,1,5,1,120,138,20.000,20.005,0,207,207,10.347238,SUCCESS,sigmoid,
2026-06-03T15:29:20,95.0,5.0,sensor2_serial,1,1,5,1,120,137,20.000,20.005,0,222,222,11.096988,SUCCESS,sigmoid,
2026-06-03T15:29:40,95.0,5.0,sensor2_serial,1,1,5,1,120,136,20.000,20.006,0,217,217,10.846903,SUCCESS,sigmoid,
2026-06-03T15:30:00,95.0,5.0,sensor2_serial,1,1,5,1,120,135,20.000,20.005,0,206,206,10.297197,SUCCESS,sigmoid,
2026-06-03T15:30:20,95.0,5.0,sensor2_serial,1,1,5,1,120,134,20.000,20.005,0,176,176,8.797722,SUCCESS,sigmoid,
2026-06-03T15:30:40,95.0,5.0,sensor2_serial,1,1,5,1,120,133,20.000,20.005,0,195,195,9.747322,SUCCESS,sigmoid,
2026-06-03T15:31:01,95.0,5.0,sensor2_serial,1,1,5,1,120,132,20.000,20.005,0,195,195,9.747459,SUCCESS,sigmoid,
2026-06-03T15:31:21,95.0,5.0,sensor2_serial,1,1,5,1,120,131,20.000,20.006,0,188,188,9.397322,SUCCESS,sigmoid,
2026-06-03T15:31:41,95.0,5.0,sensor2_serial,1,1,5,1,120,130,20.000,20.006,0,186,186,9.297084,SUCCESS,sigmoid,
2026-06-03T15:32:01,95.0,5.0,sensor2_serial,1,1,5,1,120,129,20.000,20.006,0,214,214,10.697032,SUCCESS,sigmoid,
2026-06-03T15:32:21,95.0,5.0,sensor2_serial,1,1,5,1,120,128,20.000,20.005,0,191,191,9.547383,SUCCESS,sigmoid,
2026-06-03T15:32:41,95.0,5.0,sensor2_serial,1,1,5,1,120,127,20.000,20.005,0,182,182,9.097632,SUCCESS,sigmoid,
2026-06-03T15:33:01,95.0,5.0,sensor2_serial,1,1,5,1,120,126,20.000,20.006,0,185,185,9.247266,SUCCESS,sigmoid,
2026-06-03T15:33:21,95.0,5.0,sensor2_serial,1,1,5,1,120,125,20.000,20.005,0,189,189,9.447548,SUCCESS,sigmoid,
2026-06-03T15:33:41,95.0,5.0,sensor2_serial,1,1,5,1,120,124,20.000,20.005,0,180,180,8.997551,SUCCESS,sigmoid,
2026-06-03T15:34:01,95.0,5.0,sensor2_serial,1,1,5,1,120,123,20.000,20.006,0,181,181,9.047213,SUCCESS,sigmoid,
2026-06-03T15:34:21,95.0,5.0,sensor2_serial,1,1,5,1,120,122,20.000,20.005,0,187,187,9.347566,SUCCESS,sigmoid,
2026-06-03T15:34:41,95.0,5.0,sensor2_serial,1,1,5,1,120,121,20.000,20.005,0,182,182,9.097675,SUCCESS,sigmoid,
2026-06-03T15:35:01,95.0,5.0,sensor2_serial,1,1,5,1,120,120,20.000,20.005,0,185,185,9.247465,SUCCESS,sigmoid,
2026-06-03T15:35:21,95.0,5.0,sensor2_serial,1,1,5,1,120,119,20.000,20.005,0,194,194,9.697480,SUCCESS,sigmoid,
2026-06-03T15:35:41,95.0,5.0,sensor2_serial,1,1,5,1,120,118,20.000,20.005,0,177,177,8.847665,SUCCESS,sigmoid,
2026-06-03T15:36:01,95.0,5.0,sensor2_serial,1,1,5,1,120,117,20.000,20.006,0,173,173,8.647398,SUCCESS,sigmoid,
2026-06-03T15:36:22,95.0,5.0,sensor2_serial,1,1,5,1,120,116,20.000,20.005,0,164,164,8.197747,SUCCESS,sigmoid,
2026-06-03T15:36:42,95.0,5.0,sensor2_serial,1,1,5,1,120,115,20.000,20.005,0,184,184,9.197496,SUCCESS,sigmoid,
2026-06-03T15:37:02,95.0,5.0,sensor2_serial,1,1,5,1,120,114,20.000,20.005,0,185,185,9.247616,SUCCESS,sigmoid,
2026-06-03T15:37:22,95.0,5.0,sensor2_serial,1,1,5,1,120,113,20.000,20.005,0,157,157,7.847855,SUCCESS,sigmoid,
2026-06-03T15:37:42,95.0,5.0,sensor2_serial,1,1,5,1,120,112,20.000,20.005,0,181,181,9.047558,SUCCESS,sigmoid,
2026-06-03T15:38:02,95.0,5.0,sensor2_serial,1,1,5,1,120,111,20.000,20.006,0,176,176,8.797382,SUCCESS,sigmoid,
2026-06-03T15:38:22,95.0,5.0,sensor2_serial,1,1,5,1,120,110,20.000,20.005,0,168,168,8.397729,SUCCESS,sigmoid,
2026-06-03T15:38:42,95.0,5.0,sensor2_serial,1,1,5,1,120,109,20.000,20.006,0,180,180,8.997301,SUCCESS,sigmoid,
2026-06-03T15:39:02,95.0,5.0,sensor2_serial,1,1,5,1,120,108,20.000,20.006,0,187,187,9.347192,SUCCESS,sigmoid,
2026-06-03T15:39:22,95.0,5.0,sensor2_serial,1,1,5,1,120,107,20.000,20.006,0,163,163,8.147716,SUCCESS,sigmoid,
2026-06-03T15:39:42,95.0,5.0,sensor2_serial,1,1,5,1,120,106,20.000,20.006,0,155,155,7.747656,SUCCESS,sigmoid,
2026-06-03T15:40:02,95.0,5.0,sensor2_serial,1,1,5,1,120,105,20.000,20.006,0,153,153,7.647739,SUCCESS,sigmoid,
2026-06-03T15:40:22,95.0,5.0,sensor2_serial,1,1,5,1,120,104,20.000,20.006,0,146,146,7.297979,SUCCESS,sigmoid,
2026-06-03T15:40:42,95.0,5.0,sensor2_serial,1,1,5,1,120,103,20.000,20.005,0,166,166,8.297892,SUCCESS,sigmoid,
2026-06-03T15:41:02,95.0,5.0,sensor2_serial,1,1,5,1,120,102,20.000,20.006,0,118,118,5.898316,SUCCESS,sigmoid,
2026-06-03T15:41:22,95.0,5.0,sensor2_serial,1,1,5,1,120,101,20.000,20.006,0,134,134,6.698138,SUCCESS,sigmoid,
2026-06-03T15:41:42,95.0,5.0,sensor2_serial,1,1,5,1,120,100,20.000,20.005,0,146,146,7.298005,SUCCESS,sigmoid,
2026-06-03T15:42:03,95.0,5.0,sensor2_serial,1,1,5,1,120,99,20.000,20.007,0,129,129,6.447899,SUCCESS,sigmoid,
2026-06-03T15:42:23,95.0,5.0,sensor2_serial,1,1,5,1,120,98,20.000,20.006,0,150,150,7.497905,SUCCESS,sigmoid,
2026-06-03T15:42:43,95.0,5.0,sensor2_serial,1,1,5,1,120,97,20.000,20.006,0,129,129,6.448106,SUCCESS,sigmoid,
2026-06-03T15:43:03,95.0,5.0,sensor2_serial,1,1,5,1,120,96,20.000,20.005,0,123,123,6.148337,SUCCESS,sigmoid,
2026-06-03T15:43:23,95.0,5.0,sensor2_serial,1,1,5,1,120,95,20.000,20.006,0,103,103,5.148328,SUCCESS,sigmoid,
2026-06-03T15:43:43,95.0,5.0,sensor2_serial,1,1,5,1,120,94,20.000,20.006,0,121,121,6.048163,SUCCESS,sigmoid,
2026-06-03T15:44:03,95.0,5.0,sensor2_serial,1,1,5,1,120,93,20.000,20.006,0,109,109,5.448446,SUCCESS,sigmoid,
2026-06-03T15:44:23,95.0,5.0,sensor2_serial,1,1,5,1,120,92,20.000,20.006,0,117,117,5.848377,SUCCESS,sigmoid,
2026-06-03T15:44:43,95.0,5.0,sensor2_serial,1,1,5,1,120,91,20.000,20.006,0,94,94,4.698692,SUCCESS,sigmoid,
2026-06-03T15:45:03,95.0,5.0,sensor2_serial,1,1,5,1,120,90,20.000,20.005,0,88,88,4.398891,SUCCESS,sigmoid,
2026-06-03T15:45:23,95.0,5.0,sensor2_serial,1,1,5,1,120,89,20.000,20.005,0,96,96,4.798733,SUCCESS,sigmoid,
2026-06-03T15:45:43,95.0,5.0,sensor2_serial,1,1,5,1,120,88,20.000,20.005,0,94,94,4.698744,SUCCESS,sigmoid,
2026-06-03T15:46:03,95.0,5.0,sensor2_serial,1,1,5,1,120,87,20.000,20.005,0,79,79,3.948995,SUCCESS,sigmoid,
2026-06-03T15:46:23,95.0,5.0,sensor2_serial,1,1,5,1,120,86,20.000,20.005,0,76,76,3.798998,SUCCESS,sigmoid,
2026-06-03T15:46:43,95.0,5.0,sensor2_serial,1,1,5,1,120,85,20.000,20.005,0,61,61,3.049175,SUCCESS,sigmoid,
2026-06-03T15:47:03,95.0,5.0,sensor2_serial,1,1,5,1,120,84,20.000,20.006,0,67,67,3.349042,SUCCESS,sigmoid,
2026-06-03T15:47:23,95.0,5.0,sensor2_serial,1,1,5,1,120,83,20.000,20.005,0,75,75,3.749004,SUCCESS,sigmoid,
2026-06-03T15:47:44,95.0,5.0,sensor2_serial,1,1,5,1,120,82,20.000,20.006,0,60,60,2.999145,SUCCESS,sigmoid,
2026-06-03T15:48:04,95.0,5.0,sensor2_serial,1,1,5,1,120,81,20.000,20.006,0,72,72,3.598988,SUCCESS,sigmoid,
2026-06-03T15:48:24,95.0,5.0,sensor2_serial,1,1,5,1,120,80,20.000,20.005,0,56,56,2.799249,SUCCESS,sigmoid,
2026-06-03T15:48:44,95.0,5.0,sensor2_serial,1,1,5,1,120,79,20.000,20.006,0,42,42,2.099395,SUCCESS,sigmoid,
2026-06-03T15:49:04,95.0,5.0,sensor2_serial,1,1,5,1,120,78,20.000,20.006,0,50,50,2.499308,SUCCESS,sigmoid,
2026-06-03T15:49:24,95.0,5.0,sensor2_serial,1,1,5,1,120,77,20.000,20.006,0,31,31,1.549546,SUCCESS,sigmoid,
2026-06-03T15:49:44,95.0,5.0,sensor2_serial,1,1,5,1,120,76,20.000,20.005,0,36,36,1.799537,SUCCESS,sigmoid,
2026-06-03T15:50:04,95.0,5.0,sensor2_serial,1,1,5,1,120,75,20.000,20.005,0,30,30,1.499602,SUCCESS,sigmoid,
2026-06-03T15:50:24,95.0,5.0,sensor2_serial,1,1,5,1,120,74,20.000,20.005,0,33,33,1.649576,SUCCESS,sigmoid,
2026-06-03T15:50:44,95.0,5.0,sensor2_serial,1,1,5,1,120,73,20.000,20.006,0,29,29,1.449599,SUCCESS,sigmoid,
2026-06-03T15:51:04,95.0,5.0,sensor2_serial,1,1,5,1,120,72,20.000,20.005,0,19,19,0.949748,SUCCESS,sigmoid,
2026-06-03T15:51:24,95.0,5.0,sensor2_serial,1,1,5,1,120,71,20.000,20.006,0,20,20,0.999703,SUCCESS,sigmoid,
2026-06-03T15:51:44,95.0,5.0,sensor2_serial,1,1,5,1,120,70,20.000,20.005,0,19,19,0.949739,SUCCESS,sigmoid,
2026-06-03T15:52:04,95.0,5.0,sensor2_serial,1,1,5,1,120,69,20.000,20.005,0,11,11,0.549851,SUCCESS,sigmoid,
2026-06-03T15:52:24,95.0,5.0,sensor2_serial,1,1,5,1,120,68,20.000,20.005,0,9,9,0.449879,SUCCESS,sigmoid,
2026-06-03T15:52:44,95.0,5.0,sensor2_serial,1,1,5,1,120,67,20.000,20.006,0,8,8,0.399890,SUCCESS,sigmoid,
2026-06-03T15:53:05,95.0,5.0,sensor2_serial,1,1,5,1,120,66,20.000,20.005,0,4,4,0.199949,SUCCESS,sigmoid,
2026-06-03T15:53:25,95.0,5.0,sensor2_serial,1,1,5,1,120,65,20.000,20.006,0,7,7,0.349894,SUCCESS,sigmoid,
2026-06-03T15:53:45,95.0,5.0,sensor2_serial,1,1,5,1,120,64,20.000,20.006,0,6,6,0.299915,SUCCESS,sigmoid,
2026-06-03T15:54:05,95.0,5.0,sensor2_serial,1,1,5,1,120,63,20.000,20.005,0,3,3,0.149959,SUCCESS,sigmoid,
2026-06-03T15:54:25,95.0,5.0,sensor2_serial,1,1,5,1,120,62,20.000,20.006,0,5,5,0.249929,SUCCESS,sigmoid,
2026-06-03T15:54:45,95.0,5.0,sensor2_serial,1,1,5,1,120,61,20.000,20.005,0,4,4,0.199947,SUCCESS,sigmoid,
2026-06-03T15:55:05,95.0,5.0,sensor2_serial,1,1,5,1,120,60,20.000,20.005,0,3,3,0.149961,SUCCESS,sigmoid,
2026-06-03T15:55:25,95.0,5.0,sensor2_serial,1,1,5,1,120,59,20.000,20.005,0,1,1,0.049988,SUCCESS,sigmoid,
2026-06-03T15:55:45,95.0,5.0,sensor2_serial,1,1,5,1,120,58,20.000,20.005,0,2,2,0.099974,SUCCESS,sigmoid,
2026-06-03T15:56:05,95.0,5.0,sensor2_serial,1,1,5,1,120,57,20.000,20.005,0,0,0,0.000000,SUCCESS,sigmoid,
2026-06-03T15:56:25,95.0,5.0,sensor2_serial,1,1,5,1,120,56,20.000,20.006,0,1,1,0.049985,SUCCESS,sigmoid,
2026-06-03T15:56:45,95.0,5.0,sensor2_serial,1,1,5,1,120,55,20.000,20.006,0,1,1,0.049986,SUCCESS,sigmoid,
2026-06-03T15:57:05,95.0,5.0,sensor2_serial,1,1,5,1,120,54,20.000,20.005,0,1,1,0.049987,SUCCESS,sigmoid,
2026-06-03T15:57:25,95.0,5.0,sensor2_serial,1,1,5,1,120,53,20.000,20.005,0,0,0,0.000000,SUCCESS,sigmoid,
2026-06-03T15:57:45,95.0,5.0,sensor2_serial,1,1,5,1,120,52,20.000,20.005,0,1,1,0.049987,SUCCESS,sigmoid,
2026-06-03T15:58:05,95.0,5.0,sensor2_serial,1,1,5,1,120,51,20.000,20.005,0,0,0,0.000000,SUCCESS,sigmoid,
2026-06-03T15:58:25,95.0,5.0,sensor2_serial,1,1,5,1,120,50,20.000,20.006,0,0,0,0.000000,SUCCESS,sigmoid,
2026-06-03T15:58:46,95.0,5.0,sensor2_serial,1,2,6,2,120,255,20.000,20.006,0,1633574,1633574,81653.366708,SUCCESS,sigmoid,
2026-06-03T15:59:06,95.0,5.0,sensor2_serial,1,2,6,2,120,254,20.000,20.006,0,1645991,1645991,82274.559492,SUCCESS,sigmoid,
2026-06-03T15:59:26,95.0,5.0,sensor2_serial,1,2,6,2,120,253,20.000,20.006,0,1705879,1705879,85266.417286,SUCCESS,sigmoid,
2026-06-03T15:59:46,95.0,5.0,sensor2_serial,1,2,6,2,120,252,20.000,20.007,0,1862482,1862482,93093.574889,SUCCESS,sigmoid,
2026-06-03T16:00:06,95.0,5.0,sensor2_serial,1,2,6,2,120,251,20.000,20.005,0,1991587,1991587,99552.631289,SUCCESS,sigmoid,
2026-06-03T16:00:26,95.0,5.0,sensor2_serial,1,2,6,2,120,250,20.000,20.006,0,2304422,2304422,115185.286399,SUCCESS,sigmoid,
2026-06-03T16:00:46,95.0,5.0,sensor2_serial,1,2,6,2,120,249,20.000,20.006,0,2600947,2600947,130006.969861,SUCCESS,sigmoid,
2026-06-03T16:01:06,95.0,5.0,sensor2_serial,1,2,6,2,120,248,20.000,20.006,0,2939168,2939168,146910.741533,SUCCESS,sigmoid,
2026-06-03T16:01:26,95.0,5.0,sensor2_serial,1,2,6,2,120,247,20.000,20.006,0,3091141,3091141,154506.923615,SUCCESS,sigmoid,
2026-06-03T16:01:46,95.0,5.0,sensor2_serial,1,2,6,2,120,246,20.000,20.007,0,2751366,2751366,137523.222932,SUCCESS,sigmoid,
2026-06-03T16:02:06,95.0,5.0,sensor2_serial,1,2,6,2,120,245,20.000,20.006,0,2347989,2347989,117363.731368,SUCCESS,sigmoid,
2026-06-03T16:02:26,95.0,5.0,sensor2_serial,1,2,6,2,120,244,20.000,20.005,0,1565562,1565562,78257.709504,SUCCESS,sigmoid,
2026-06-03T16:02:46,95.0,5.0,sensor2_serial,1,2,6,2,120,243,20.000,20.006,0,1204744,1204744,60219.888396,SUCCESS,sigmoid,
2026-06-03T16:03:06,95.0,5.0,sensor2_serial,1,2,6,2,120,242,20.000,20.005,0,685565,685565,34269.262120,SUCCESS,sigmoid,
2026-06-03T16:03:26,95.0,5.0,sensor2_serial,1,2,6,2,120,241,20.000,20.006,0,430430,430430,21514.670075,SUCCESS,sigmoid,
2026-06-03T16:03:46,95.0,5.0,sensor2_serial,1,2,6,2,120,240,20.000,20.006,0,241042,241042,12048.721058,SUCCESS,sigmoid,
2026-06-03T16:04:06,95.0,5.0,sensor2_serial,1,2,6,2,120,239,20.000,20.005,0,113891,113891,5693.025794,SUCCESS,sigmoid,
2026-06-03T16:04:27,95.0,5.0,sensor2_serial,1,2,6,2,120,238,20.000,20.005,0,54934,54934,2745.999899,SUCCESS,sigmoid,
2026-06-03T16:04:47,95.0,5.0,sensor2_serial,1,2,6,2,120,237,20.000,20.007,0,31454,31454,1572.186865,SUCCESS,sigmoid,
2026-06-03T16:05:07,95.0,5.0,sensor2_serial,1,2,6,2,120,236,20.000,20.006,0,12843,12843,641.958268,SUCCESS,sigmoid,
2026-06-03T16:05:27,95.0,5.0,sensor2_serial,1,2,6,2,120,235,20.000,20.005,0,7235,7235,361.652432,SUCCESS,sigmoid,
2026-06-03T16:05:47,95.0,5.0,sensor2_serial,1,2,6,2,120,234,20.000,20.006,0,2682,2682,134.061253,SUCCESS,sigmoid,
2026-06-03T16:06:07,95.0,5.0,sensor2_serial,1,2,6,2,120,233,20.000,20.006,0,1609,1609,80.427710,SUCCESS,sigmoid,
2026-06-03T16:06:27,95.0,5.0,sensor2_serial,1,2,6,2,120,232,20.000,20.006,0,760,760,37.987835,SUCCESS,sigmoid,
2026-06-03T16:06:47,95.0,5.0,sensor2_serial,1,2,6,2,120,231,20.000,20.006,0,307,307,15.345580,SUCCESS,sigmoid,
2026-06-03T16:07:07,95.0,5.0,sensor2_serial,1,2,6,2,120,230,20.000,20.005,0,240,240,11.996872,SUCCESS,sigmoid,
2026-06-03T16:07:27,95.0,5.0,sensor2_serial,1,2,6,2,120,229,20.000,20.006,0,210,210,10.496956,SUCCESS,sigmoid,
2026-06-03T16:07:47,95.0,5.0,sensor2_serial,1,2,6,2,120,228,20.000,20.005,0,210,210,10.497335,SUCCESS,sigmoid,
2026-06-03T16:08:07,95.0,5.0,sensor2_serial,1,2,6,2,120,227,20.000,20.006,0,243,243,12.146634,SUCCESS,sigmoid,
2026-06-03T16:08:27,95.0,5.0,sensor2_serial,1,2,6,2,120,226,20.000,20.006,0,228,228,11.396604,SUCCESS,sigmoid,
2026-06-03T16:08:47,95.0,5.0,sensor2_serial,1,2,6,2,120,225,20.000,20.006,0,221,221,11.046734,SUCCESS,sigmoid,
2026-06-03T16:09:07,95.0,5.0,sensor2_serial,1,2,6,2,120,224,20.000,20.005,0,197,197,9.847320,SUCCESS,sigmoid,
2026-06-03T16:09:27,95.0,5.0,sensor2_serial,1,2,6,2,120,223,20.000,20.006,0,227,227,11.346751,SUCCESS,sigmoid,
2026-06-03T16:09:48,95.0,5.0,sensor2_serial,1,2,6,2,120,222,20.000,20.006,0,241,241,12.046395,SUCCESS,sigmoid,
2026-06-03T16:10:08,95.0,5.0,sensor2_serial,1,2,6,2,120,221,20.000,20.005,0,200,200,9.997578,SUCCESS,sigmoid,
2026-06-03T16:10:28,95.0,5.0,sensor2_serial,1,2,6,2,120,220,20.000,20.005,0,216,216,10.797232,SUCCESS,sigmoid,
2026-06-03T16:10:48,95.0,5.0,sensor2_serial,1,2,6,2,120,219,20.000,20.006,0,223,223,11.146904,SUCCESS,sigmoid,
2026-06-03T16:11:08,95.0,5.0,sensor2_serial,1,2,6,2,120,218,20.000,20.005,0,202,202,10.097311,SUCCESS,sigmoid,
2026-06-03T16:11:28,95.0,5.0,sensor2_serial,1,2,6,2,120,217,20.000,20.006,0,207,207,10.347152,SUCCESS,sigmoid,
2026-06-03T16:11:48,95.0,5.0,sensor2_serial,1,2,6,2,120,216,20.000,20.006,0,208,208,10.396906,SUCCESS,sigmoid,
2026-06-03T16:12:08,95.0,5.0,sensor2_serial,1,2,6,2,120,215,20.000,20.005,0,223,223,11.147084,SUCCESS,sigmoid,
2026-06-03T16:12:28,95.0,5.0,sensor2_serial,1,2,6,2,120,214,20.000,20.006,0,203,203,10.147177,SUCCESS,sigmoid,
2026-06-03T16:12:48,95.0,5.0,sensor2_serial,1,2,6,2,120,213,20.000,20.006,0,240,240,11.996308,SUCCESS,sigmoid,
2026-06-03T16:13:08,95.0,5.0,sensor2_serial,1,2,6,2,120,212,20.000,20.006,0,242,242,12.096494,SUCCESS,sigmoid,
2026-06-03T16:13:28,95.0,5.0,sensor2_serial,1,2,6,2,120,211,20.000,20.005,0,224,224,11.197090,SUCCESS,sigmoid,
2026-06-03T16:13:48,95.0,5.0,sensor2_serial,1,2,6,2,120,210,20.000,20.006,0,215,215,10.746935,SUCCESS,sigmoid,
2026-06-03T16:14:08,95.0,5.0,sensor2_serial,1,2,6,2,120,209,20.000,20.005,0,207,207,10.347201,SUCCESS,sigmoid,
2026-06-03T16:14:28,95.0,5.0,sensor2_serial,1,2,6,2,120,208,20.000,20.005,0,237,237,11.846772,SUCCESS,sigmoid,
2026-06-03T16:14:48,95.0,5.0,sensor2_serial,1,2,6,2,120,207,20.000,20.006,0,196,196,9.797305,SUCCESS,sigmoid,
2026-06-03T16:15:08,95.0,5.0,sensor2_serial,1,2,6,2,120,206,20.000,20.006,0,225,225,11.246852,SUCCESS,sigmoid,
2026-06-03T16:15:29,95.0,5.0,sensor2_serial,1,2,6,2,120,205,20.000,20.006,0,227,227,11.346735,SUCCESS,sigmoid,
2026-06-03T16:15:49,95.0,5.0,sensor2_serial,1,2,6,2,120,204,20.000,20.005,0,234,234,11.696954,SUCCESS,sigmoid,
2026-06-03T16:16:09,95.0,5.0,sensor2_serial,1,2,6,2,120,203,20.000,20.006,0,224,224,11.196555,SUCCESS,sigmoid,
2026-06-03T16:16:29,95.0,5.0,sensor2_serial,1,2,6,2,120,202,20.000,20.006,0,209,209,10.446734,SUCCESS,sigmoid,
2026-06-03T16:16:49,95.0,5.0,sensor2_serial,1,2,6,2,120,201,20.000,20.005,0,195,195,9.747338,SUCCESS,sigmoid,
2026-06-03T16:17:09,95.0,5.0,sensor2_serial,1,2,6,2,120,200,20.000,20.006,0,196,196,9.797145,SUCCESS,sigmoid,
2026-06-03T16:17:29,95.0,5.0,sensor2_serial,1,2,6,2,120,199,20.000,20.006,0,229,229,11.446592,SUCCESS,sigmoid,
2026-06-03T16:17:49,95.0,5.0,sensor2_serial,1,2,6,2,120,198,20.000,20.005,0,186,186,9.297553,SUCCESS,sigmoid,
2026-06-03T16:18:09,95.0,5.0,sensor2_serial,1,2,6,2,120,197,20.000,20.006,0,227,227,11.346645,SUCCESS,sigmoid,
2026-06-03T16:18:29,95.0,5.0,sensor2_serial,1,2,6,2,120,196,20.000,20.005,0,199,199,9.947295,SUCCESS,sigmoid,
2026-06-03T16:18:49,95.0,5.0,sensor2_serial,1,2,6,2,120,195,20.000,20.006,0,216,216,10.796957,SUCCESS,sigmoid,
2026-06-03T16:19:09,95.0,5.0,sensor2_serial,1,2,6,2,120,194,20.000,20.005,0,215,215,10.747164,SUCCESS,sigmoid,
2026-06-03T16:19:29,95.0,5.0,sensor2_serial,1,2,6,2,120,193,20.000,20.005,0,197,197,9.847373,SUCCESS,sigmoid,
2026-06-03T16:19:49,95.0,5.0,sensor2_serial,1,2,6,2,120,192,20.000,20.006,0,212,212,10.597001,SUCCESS,sigmoid,
2026-06-03T16:20:09,95.0,5.0,sensor2_serial,1,2,6,2,120,191,20.000,20.005,0,205,205,10.247360,SUCCESS,sigmoid,
2026-06-03T16:20:29,95.0,5.0,sensor2_serial,1,2,6,2,120,190,20.000,20.005,0,230,230,11.496962,SUCCESS,sigmoid,
2026-06-03T16:20:50,95.0,5.0,sensor2_serial,1,2,6,2,120,189,20.000,20.005,0,221,221,11.047037,SUCCESS,sigmoid,
2026-06-03T16:21:10,95.0,5.0,sensor2_serial,1,2,6,2,120,188,20.000,20.006,0,228,228,11.396730,SUCCESS,sigmoid,
2026-06-03T16:21:30,95.0,5.0,sensor2_serial,1,2,6,2,120,187,20.000,20.005,0,198,198,9.897390,SUCCESS,sigmoid,
2026-06-03T16:21:50,95.0,5.0,sensor2_serial,1,2,6,2,120,186,20.000,20.006,0,223,223,11.146874,SUCCESS,sigmoid,
2026-06-03T16:22:10,95.0,5.0,sensor2_serial,1,2,6,2,120,185,20.000,20.006,0,191,191,9.547276,SUCCESS,sigmoid,
2026-06-03T16:22:30,95.0,5.0,sensor2_serial,1,2,6,2,120,184,20.000,20.005,0,208,208,10.397142,SUCCESS,sigmoid,
2026-06-03T16:22:50,95.0,5.0,sensor2_serial,1,2,6,2,120,183,20.000,20.005,0,223,223,11.146960,SUCCESS,sigmoid,
2026-06-03T16:23:10,95.0,5.0,sensor2_serial,1,2,6,2,120,182,20.000,20.006,0,226,226,11.296714,SUCCESS,sigmoid,
2026-06-03T16:23:30,95.0,5.0,sensor2_serial,1,2,6,2,120,181,20.000,20.005,0,199,199,9.947284,SUCCESS,sigmoid,
2026-06-03T16:23:50,95.0,5.0,sensor2_serial,1,2,6,2,120,180,20.000,20.006,0,186,186,9.297389,SUCCESS,sigmoid,
2026-06-03T16:24:10,95.0,5.0,sensor2_serial,1,2,6,2,120,179,20.000,20.005,0,215,215,10.747200,SUCCESS,sigmoid,
2026-06-03T16:24:30,95.0,5.0,sensor2_serial,1,2,6,2,120,178,20.000,20.005,0,197,197,9.847462,SUCCESS,sigmoid,
2026-06-03T16:24:50,95.0,5.0,sensor2_serial,1,2,6,2,120,177,20.000,20.005,0,209,209,10.447172,SUCCESS,sigmoid,
2026-06-03T16:25:10,95.0,5.0,sensor2_serial,1,2,6,2,120,176,20.000,20.005,0,210,210,10.497146,SUCCESS,sigmoid,
2026-06-03T16:25:30,95.0,5.0,sensor2_serial,1,2,6,2,120,175,20.000,20.005,0,187,187,9.347542,SUCCESS,sigmoid,
2026-06-03T16:25:50,95.0,5.0,sensor2_serial,1,2,6,2,120,174,20.000,20.006,0,224,224,11.196777,SUCCESS,sigmoid,
2026-06-03T16:26:10,95.0,5.0,sensor2_serial,1,2,6,2,120,173,20.000,20.005,0,218,218,10.897230,SUCCESS,sigmoid,
2026-06-03T16:26:31,95.0,5.0,sensor2_serial,1,2,6,2,120,172,20.000,20.005,0,244,244,12.196824,SUCCESS,sigmoid,
2026-06-03T16:26:51,95.0,5.0,sensor2_serial,1,2,6,2,120,171,20.000,20.006,0,205,205,10.247014,SUCCESS,sigmoid,
2026-06-03T16:27:11,95.0,5.0,sensor2_serial,1,2,6,2,120,170,20.000,20.006,0,217,217,10.846875,SUCCESS,sigmoid,
2026-06-03T16:27:31,95.0,5.0,sensor2_serial,1,2,6,2,120,169,20.000,20.006,0,188,188,9.397167,SUCCESS,sigmoid,
2026-06-03T16:27:51,95.0,5.0,sensor2_serial,1,2,6,2,120,168,20.000,20.005,0,202,202,10.097303,SUCCESS,sigmoid,
2026-06-03T16:28:11,95.0,5.0,sensor2_serial,1,2,6,2,120,167,20.000,20.005,0,211,211,10.547139,SUCCESS,sigmoid,
2026-06-03T16:28:31,95.0,5.0,sensor2_serial,1,2,6,2,120,166,20.000,20.006,0,187,187,9.347161,SUCCESS,sigmoid,
2026-06-03T16:28:51,95.0,5.0,sensor2_serial,1,2,6,2,120,165,20.000,20.005,0,193,193,9.647519,SUCCESS,sigmoid,
2026-06-03T16:29:11,95.0,5.0,sensor2_serial,1,2,6,2,120,164,20.000,20.006,0,181,181,9.047261,SUCCESS,sigmoid,
2026-06-03T16:29:31,95.0,5.0,sensor2_serial,1,2,6,2,120,163,20.000,20.006,0,224,224,11.196688,SUCCESS,sigmoid,
2026-06-03T16:29:51,95.0,5.0,sensor2_serial,1,2,6,2,120,162,20.000,20.005,0,231,231,11.546900,SUCCESS,sigmoid,
2026-06-03T16:30:11,95.0,5.0,sensor2_serial,1,2,6,2,120,161,20.000,20.006,0,199,199,9.947161,SUCCESS,sigmoid,
2026-06-03T16:30:31,95.0,5.0,sensor2_serial,1,2,6,2,120,160,20.000,20.006,0,196,196,9.797165,SUCCESS,sigmoid,
2026-06-03T16:30:51,95.0,5.0,sensor2_serial,1,2,6,2,120,159,20.000,20.005,0,215,215,10.747079,SUCCESS,sigmoid,
2026-06-03T16:31:11,95.0,5.0,sensor2_serial,1,2,6,2,120,158,20.000,20.005,0,209,209,10.447247,SUCCESS,sigmoid,
2026-06-03T16:31:31,95.0,5.0,sensor2_serial,1,2,6,2,120,157,20.000,20.006,0,198,198,9.897001,SUCCESS,sigmoid,
2026-06-03T16:31:51,95.0,5.0,sensor2_serial,1,2,6,2,120,156,20.000,20.005,0,221,221,11.046987,SUCCESS,sigmoid,
2026-06-03T16:32:12,95.0,5.0,sensor2_serial,1,2,6,2,120,155,20.000,20.006,0,212,212,10.596950,SUCCESS,sigmoid,
2026-06-03T16:32:32,95.0,5.0,sensor2_serial,1,2,6,2,120,154,20.000,20.005,0,217,217,10.847200,SUCCESS,sigmoid,
2026-06-03T16:32:52,95.0,5.0,sensor2_serial,1,2,6,2,120,153,20.000,20.006,0,182,182,9.097463,SUCCESS,sigmoid,
2026-06-03T16:33:12,95.0,5.0,sensor2_serial,1,2,6,2,120,152,20.000,20.006,0,219,219,10.946887,SUCCESS,sigmoid,
2026-06-03T16:33:32,95.0,5.0,sensor2_serial,1,2,6,2,120,151,20.000,20.006,0,214,214,10.696655,SUCCESS,sigmoid,
2026-06-03T16:33:52,95.0,5.0,sensor2_serial,1,2,6,2,120,150,20.000,20.006,0,199,199,9.947163,SUCCESS,sigmoid,
2026-06-03T16:34:12,95.0,5.0,sensor2_serial,1,2,6,2,120,149,20.000,20.006,0,211,211,10.547084,SUCCESS,sigmoid,
2026-06-03T16:34:32,95.0,5.0,sensor2_serial,1,2,6,2,120,148,20.000,20.006,0,187,187,9.347415,SUCCESS,sigmoid,
2026-06-03T16:34:52,95.0,5.0,sensor2_serial,1,2,6,2,120,147,20.000,20.006,0,179,179,8.947166,SUCCESS,sigmoid,
2026-06-03T16:35:12,95.0,5.0,sensor2_serial,1,2,6,2,120,146,20.000,20.006,0,222,222,11.096691,SUCCESS,sigmoid,
2026-06-03T16:35:32,95.0,5.0,sensor2_serial,1,2,6,2,120,145,20.000,20.005,0,197,197,9.847378,SUCCESS,sigmoid,
2026-06-03T16:35:52,95.0,5.0,sensor2_serial,1,2,6,2,120,144,20.000,20.005,0,216,216,10.797188,SUCCESS,sigmoid,
2026-06-03T16:36:12,95.0,5.0,sensor2_serial,1,2,6,2,120,143,20.000,20.005,0,205,205,10.247380,SUCCESS,sigmoid,
2026-06-03T16:36:32,95.0,5.0,sensor2_serial,1,2,6,2,120,142,20.000,20.005,0,193,193,9.647419,SUCCESS,sigmoid,
2026-06-03T16:36:52,95.0,5.0,sensor2_serial,1,2,6,2,120,141,20.000,20.006,0,171,171,8.547410,SUCCESS,sigmoid,
2026-06-03T16:37:12,95.0,5.0,sensor2_serial,1,2,6,2,120,140,20.000,20.006,0,215,215,10.746967,SUCCESS,sigmoid,
2026-06-03T16:37:33,95.0,5.0,sensor2_serial,1,2,6,2,120,139,20.000,20.006,0,190,190,9.497251,SUCCESS,sigmoid,
2026-06-03T16:37:53,95.0,5.0,sensor2_serial,1,2,6,2,120,138,20.000,20.006,0,178,178,8.897418,SUCCESS,sigmoid,
2026-06-03T16:38:13,95.0,5.0,sensor2_serial,1,2,6,2,120,137,20.000,20.005,0,171,171,8.548051,SUCCESS,sigmoid,
2026-06-03T16:38:33,95.0,5.0,sensor2_serial,1,2,6,2,120,136,20.000,20.005,0,189,189,9.447585,SUCCESS,sigmoid,
2026-06-03T16:38:53,95.0,5.0,sensor2_serial,1,2,6,2,120,135,20.000,20.006,0,180,180,8.997318,SUCCESS,sigmoid,
2026-06-03T16:39:13,95.0,5.0,sensor2_serial,1,2,6,2,120,134,20.000,20.006,0,188,188,9.397374,SUCCESS,sigmoid,
2026-06-03T16:39:33,95.0,5.0,sensor2_serial,1,2,6,2,120,133,20.000,20.005,0,186,186,9.297537,SUCCESS,sigmoid,
2026-06-03T16:39:53,95.0,5.0,sensor2_serial,1,2,6,2,120,132,20.000,20.006,0,195,195,9.747197,SUCCESS,sigmoid,
2026-06-03T16:40:13,95.0,5.0,sensor2_serial,1,2,6,2,120,131,20.000,20.005,0,192,192,9.597504,SUCCESS,sigmoid,
2026-06-03T16:40:33,95.0,5.0,sensor2_serial,1,2,6,2,120,130,20.000,20.006,0,202,202,10.097113,SUCCESS,sigmoid,
2026-06-03T16:40:53,95.0,5.0,sensor2_serial,1,2,6,2,120,129,20.000,20.006,0,179,179,8.947400,SUCCESS,sigmoid,
2026-06-03T16:41:13,95.0,5.0,sensor2_serial,1,2,6,2,120,128,20.000,20.005,0,213,213,10.647137,SUCCESS,sigmoid,
2026-06-03T16:41:33,95.0,5.0,sensor2_serial,1,2,6,2,120,127,20.000,20.005,0,195,195,9.747462,SUCCESS,sigmoid,
2026-06-03T16:41:53,95.0,5.0,sensor2_serial,1,2,6,2,120,126,20.000,20.005,0,223,223,11.147210,SUCCESS,sigmoid,
2026-06-03T16:42:13,95.0,5.0,sensor2_serial,1,2,6,2,120,125,20.000,20.006,0,176,176,8.797315,SUCCESS,sigmoid,
2026-06-03T16:42:33,95.0,5.0,sensor2_serial,1,2,6,2,120,124,20.000,20.005,0,173,173,8.647693,SUCCESS,sigmoid,
2026-06-03T16:42:53,95.0,5.0,sensor2_serial,1,2,6,2,120,123,20.000,20.006,0,180,180,8.997335,SUCCESS,sigmoid,
2026-06-03T16:43:14,95.0,5.0,sensor2_serial,1,2,6,2,120,122,20.000,20.005,0,196,196,9.797323,SUCCESS,sigmoid,
2026-06-03T16:43:34,95.0,5.0,sensor2_serial,1,2,6,2,120,121,20.000,20.005,0,189,189,9.447498,SUCCESS,sigmoid,
2026-06-03T16:43:54,95.0,5.0,sensor2_serial,1,2,6,2,120,120,20.000,20.006,0,189,189,9.447402,SUCCESS,sigmoid,
2026-06-03T16:44:14,95.0,5.0,sensor2_serial,1,2,6,2,120,119,20.000,20.005,0,195,195,9.747395,SUCCESS,sigmoid,
2026-06-03T16:44:34,95.0,5.0,sensor2_serial,1,2,6,2,120,118,20.000,20.006,0,186,186,9.297368,SUCCESS,sigmoid,
2026-06-03T16:44:54,95.0,5.0,sensor2_serial,1,2,6,2,120,117,20.000,20.006,0,165,165,8.247654,SUCCESS,sigmoid,
2026-06-03T16:45:14,95.0,5.0,sensor2_serial,1,2,6,2,120,116,20.000,20.005,0,184,184,9.197491,SUCCESS,sigmoid,
2026-06-03T16:45:34,95.0,5.0,sensor2_serial,1,2,6,2,120,115,20.000,20.005,0,149,149,7.448063,SUCCESS,sigmoid,
2026-06-03T16:45:54,95.0,5.0,sensor2_serial,1,2,6,2,120,114,20.000,20.005,0,162,162,8.097830,SUCCESS,sigmoid,
2026-06-03T16:46:14,95.0,5.0,sensor2_serial,1,2,6,2,120,113,20.000,20.006,0,168,168,8.397664,SUCCESS,sigmoid,
2026-06-03T16:46:34,95.0,5.0,sensor2_serial,1,2,6,2,120,112,20.000,20.005,0,182,182,9.097667,SUCCESS,sigmoid,
2026-06-03T16:46:54,95.0,5.0,sensor2_serial,1,2,6,2,120,111,20.000,20.005,0,182,182,9.097527,SUCCESS,sigmoid,
2026-06-03T16:47:14,95.0,5.0,sensor2_serial,1,2,6,2,120,110,20.000,20.006,0,161,161,8.047732,SUCCESS,sigmoid,
2026-06-03T16:47:34,95.0,5.0,sensor2_serial,1,2,6,2,120,109,20.000,20.006,0,150,150,7.497824,SUCCESS,sigmoid,
2026-06-03T16:47:54,95.0,5.0,sensor2_serial,1,2,6,2,120,108,20.000,20.005,0,175,175,8.747747,SUCCESS,sigmoid,
2026-06-03T16:48:14,95.0,5.0,sensor2_serial,1,2,6,2,120,107,20.000,20.005,0,158,158,7.897905,SUCCESS,sigmoid,
2026-06-03T16:48:34,95.0,5.0,sensor2_serial,1,2,6,2,120,106,20.000,20.005,0,176,176,8.797677,SUCCESS,sigmoid,
2026-06-03T16:48:55,95.0,5.0,sensor2_serial,1,2,6,2,120,105,20.000,20.006,0,134,134,6.698155,SUCCESS,sigmoid,
2026-06-03T16:49:15,95.0,5.0,sensor2_serial,1,2,6,2,120,104,20.000,20.005,0,135,135,6.748159,SUCCESS,sigmoid,
2026-06-03T16:49:35,95.0,5.0,sensor2_serial,1,2,6,2,120,103,20.000,20.006,0,139,139,6.948068,SUCCESS,sigmoid,
2026-06-03T16:49:55,95.0,5.0,sensor2_serial,1,2,6,2,120,102,20.000,20.006,0,149,149,7.447914,SUCCESS,sigmoid,
2026-06-03T16:50:15,95.0,5.0,sensor2_serial,1,2,6,2,120,101,20.000,20.006,0,136,136,6.797946,SUCCESS,sigmoid,
2026-06-03T16:50:35,95.0,5.0,sensor2_serial,1,2,6,2,120,100,20.000,20.006,0,148,148,7.397927,SUCCESS,sigmoid,
2026-06-03T16:50:55,95.0,5.0,sensor2_serial,1,2,6,2,120,99,20.000,20.006,0,141,141,7.048013,SUCCESS,sigmoid,
2026-06-03T16:51:15,95.0,5.0,sensor2_serial,1,2,6,2,120,98,20.000,20.006,0,144,144,7.197976,SUCCESS,sigmoid,
2026-06-03T16:51:35,95.0,5.0,sensor2_serial,1,2,6,2,120,97,20.000,20.005,0,127,127,6.348298,SUCCESS,sigmoid,
2026-06-03T16:51:55,95.0,5.0,sensor2_serial,1,2,6,2,120,96,20.000,20.006,0,118,118,5.898312,SUCCESS,sigmoid,
2026-06-03T16:52:15,95.0,5.0,sensor2_serial,1,2,6,2,120,95,20.000,20.005,0,112,112,5.598551,SUCCESS,sigmoid,
2026-06-03T16:52:35,95.0,5.0,sensor2_serial,1,2,6,2,120,94,20.000,20.005,0,140,140,6.998095,SUCCESS,sigmoid,
2026-06-03T16:52:55,95.0,5.0,sensor2_serial,1,2,6,2,120,93,20.000,20.006,0,107,107,5.348377,SUCCESS,sigmoid,
2026-06-03T16:53:15,95.0,5.0,sensor2_serial,1,2,6,2,120,92,20.000,20.006,0,104,104,5.198568,SUCCESS,sigmoid,
2026-06-03T16:53:35,95.0,5.0,sensor2_serial,1,2,6,2,120,91,20.000,20.005,0,98,98,4.898674,SUCCESS,sigmoid,
2026-06-03T16:53:55,95.0,5.0,sensor2_serial,1,2,6,2,120,90,20.000,20.006,0,103,103,5.148572,SUCCESS,sigmoid,
2026-06-03T16:54:16,95.0,5.0,sensor2_serial,1,2,6,2,120,89,20.000,20.005,0,89,89,4.448796,SUCCESS,sigmoid,
2026-06-03T16:54:36,95.0,5.0,sensor2_serial,1,2,6,2,120,88,20.000,20.005,0,86,86,4.298900,SUCCESS,sigmoid,
2026-06-03T16:54:56,95.0,5.0,sensor2_serial,1,2,6,2,120,87,20.000,20.005,0,77,77,3.848955,SUCCESS,sigmoid,
2026-06-03T16:55:16,95.0,5.0,sensor2_serial,1,2,6,2,120,86,20.000,20.006,0,70,70,3.498963,SUCCESS,sigmoid,
2026-06-03T16:55:36,95.0,5.0,sensor2_serial,1,2,6,2,120,85,20.000,20.005,0,73,73,3.649043,SUCCESS,sigmoid,
2026-06-03T16:55:56,95.0,5.0,sensor2_serial,1,2,6,2,120,84,20.000,20.005,0,74,74,3.699029,SUCCESS,sigmoid,
2026-06-03T16:56:16,95.0,5.0,sensor2_serial,1,2,6,2,120,83,20.000,20.006,0,58,58,2.899163,SUCCESS,sigmoid,
2026-06-03T16:56:36,95.0,5.0,sensor2_serial,1,2,6,2,120,82,20.000,20.005,0,54,54,2.699287,SUCCESS,sigmoid,
2026-06-03T16:56:56,95.0,5.0,sensor2_serial,1,2,6,2,120,81,20.000,20.006,0,35,35,1.749501,SUCCESS,sigmoid,
2026-06-03T16:57:16,95.0,5.0,sensor2_serial,1,2,6,2,120,80,20.000,20.005,0,40,40,1.999463,SUCCESS,sigmoid,
2026-06-03T16:57:36,95.0,5.0,sensor2_serial,1,2,6,2,120,79,20.000,20.005,0,52,52,2.599329,SUCCESS,sigmoid,
2026-06-03T16:57:56,95.0,5.0,sensor2_serial,1,2,6,2,120,78,20.000,20.006,0,41,41,2.049420,SUCCESS,sigmoid,
2026-06-03T16:58:16,95.0,5.0,sensor2_serial,1,2,6,2,120,77,20.000,20.005,0,38,38,1.899514,SUCCESS,sigmoid,
2026-06-03T16:58:36,95.0,5.0,sensor2_serial,1,2,6,2,120,76,20.000,20.006,0,32,32,1.599556,SUCCESS,sigmoid,
2026-06-03T16:58:56,95.0,5.0,sensor2_serial,1,2,6,2,120,75,20.000,20.005,0,30,30,1.499613,SUCCESS,sigmoid,
2026-06-03T16:59:16,95.0,5.0,sensor2_serial,1,2,6,2,120,74,20.000,20.005,0,23,23,1.149689,SUCCESS,sigmoid,
2026-06-03T16:59:36,95.0,5.0,sensor2_serial,1,2,6,2,120,73,20.000,20.005,0,21,21,1.049725,SUCCESS,sigmoid,
2026-06-03T16:59:57,95.0,5.0,sensor2_serial,1,2,6,2,120,72,20.000,20.005,0,16,16,0.799797,SUCCESS,sigmoid,
2026-06-03T17:00:17,95.0,5.0,sensor2_serial,1,2,6,2,120,71,20.000,20.006,0,10,10,0.499846,SUCCESS,sigmoid,
2026-06-03T17:00:37,95.0,5.0,sensor2_serial,1,2,6,2,120,70,20.000,20.005,0,12,12,0.599843,SUCCESS,sigmoid,
2026-06-03T17:00:57,95.0,5.0,sensor2_serial,1,2,6,2,120,69,20.000,20.005,0,14,14,0.699819,SUCCESS,sigmoid,
2026-06-03T17:01:17,95.0,5.0,sensor2_serial,1,2,6,2,120,68,20.000,20.006,0,7,7,0.349898,SUCCESS,sigmoid,
2026-06-03T17:01:37,95.0,5.0,sensor2_serial,1,2,6,2,120,67,20.000,20.005,0,8,8,0.399890,SUCCESS,sigmoid,
2026-06-03T17:01:57,95.0,5.0,sensor2_serial,1,2,6,2,120,66,20.000,20.005,0,3,3,0.149960,SUCCESS,sigmoid,
2026-06-03T17:02:17,95.0,5.0,sensor2_serial,1,2,6,2,120,65,20.000,20.005,0,0,0,0.000000,SUCCESS,sigmoid,
2026-06-03T17:02:37,95.0,5.0,sensor2_serial,1,2,6,2,120,64,20.000,20.006,0,4,4,0.199942,SUCCESS,sigmoid,
2026-06-03T17:02:57,95.0,5.0,sensor2_serial,1,2,6,2,120,63,20.000,20.005,0,12,12,0.599844,SUCCESS,sigmoid,
2026-06-03T17:03:17,95.0,5.0,sensor2_serial,1,2,6,2,120,62,20.000,20.006,0,9,9,0.449873,SUCCESS,sigmoid,
2026-06-03T17:03:37,95.0,5.0,sensor2_serial,1,2,6,2,120,61,20.000,20.005,0,6,6,0.299923,SUCCESS,sigmoid,
2026-06-03T17:03:57,95.0,5.0,sensor2_serial,1,2,6,2,120,60,20.000,20.005,0,3,3,0.149961,SUCCESS,sigmoid,
2026-06-03T17:04:17,95.0,5.0,sensor2_serial,1,2,6,2,120,59,20.000,20.006,0,4,4,0.199945,SUCCESS,sigmoid,
2026-06-03T17:04:37,95.0,5.0,sensor2_serial,1,2,6,2,120,58,20.000,20.005,0,1,1,0.049987,SUCCESS,sigmoid,
2026-06-03T17:04:57,95.0,5.0,sensor2_serial,1,2,6,2,120,57,20.000,20.006,0,0,0,0.000000,SUCCESS,sigmoid,
2026-06-03T17:05:17,95.0,5.0,sensor2_serial,1,2,6,2,120,56,20.000,20.005,0,1,1,0.049986,SUCCESS,sigmoid,
2026-06-03T17:05:38,95.0,5.0,sensor2_serial,1,2,6,2,120,55,20.000,20.005,0,1,1,0.049987,SUCCESS,sigmoid,
2026-06-03T17:05:58,95.0,5.0,sensor2_serial,1,2,6,2,120,54,20.000,20.006,0,0,0,0.000000,SUCCESS,sigmoid,
2026-06-03T17:06:18,95.0,5.0,sensor2_serial,1,2,6,2,120,53,20.000,20.005,0,0,0,0.000000,SUCCESS,sigmoid,
