esp_abeast_id,serial_port,chip,threshold,dac,hits_per_s,count0,count1,dt_s,mu_est,sigma_est,r2_est
2,COM6,1,0,238,48.77244916824953,0,488,10.005648851394653,,,
2,COM6,1,0,237,50.16902998627651,0,502,10.006173133850098,,,
2,COM6,1,0,236,24.4862130544783,0,245,10.005630493164062,,,
2,COM6,1,0,235,15.091106822792554,0,151,10.005892992019653,,,
2,COM6,1,0,234,13.39139583763055,0,134,10.006425142288208,237,1,0.3626982715469108
2,COM6,1,0,233,11.49373124609028,0,115,10.005454063415527,236,2,0.19005765983529188
2,COM6,1,0,232,11.492920884822384,0,115,10.006159543991089,236,2,-0.06562800146815184
2,COM6,1,0,231,9.994310518449568,0,100,10.005692720413208,236,2,-0.2833193129956848
2,COM6,1,0,230,10.793383420121714,0,108,10.00613021850586,236,2,-0.574686173583763
2,COM6,1,0,229,9.394977836654768,0,94,10.005345582962036,235,3,-0.8053078198020971
2,COM6,1,0,228,9.494273742607433,0,95,10.006031274795532,235,3,-1.059289193188075
2,COM6,1,0,227,12.592346065745351,0,126,10.006078243255615,234,4,-1.4860570862782647
2,COM6,1,0,226,11.592494445344025,0,116,10.006474494934082,234,4,-1.8427333282323346
2,COM6,1,0,225,9.194289606946446,0,92,10.006210803985596,234,4,-2.063194549474969
2,COM6,1,0,224,9.394659274679531,0,94,10.005684852600098,233,4,-2.3024239885964115
2,COM6,1,0,223,8.194896438363397,0,82,10.006227731704712,233,5,-2.4825549626095005
2,COM6,1,0,222,11.79333727550315,0,118,10.00564956665039,233,5,-2.858578144064187
2,COM6,1,0,221,9.793211326138795,0,98,10.006932020187378,232,6,-3.1232336538863716
2,COM6,1,0,220,9.69392290094477,0,97,10.006268978118896,232,6,-3.383565383194954
2,COM6,1,0,219,9.793695036092648,0,98,10.0064377784729,231,6,-3.64985246348143
2,COM6,1,0,218,10.79365114766445,0,108,10.005882024765015,231,7,-3.964453491606367
2,COM6,1,0,217,9.194840827368944,0,92,10.005610942840576,231,7,-4.194519105278031
2,COM6,1,0,216,8.2948913184991,0,83,10.006158828735352,230,7,-4.3805997456668635
2,COM6,1,0,215,7.695611947647573,0,77,10.005702018737793,230,7,-4.541328967231875
2,COM6,1,0,214,9.994689425265038,0,100,10.005313396453857,229,8,-4.83046542603237
2,COM6,1,0,213,8.794502680986163,0,88,10.006250858306885,229,8,-5.057236050969719
2,COM6,1,0,212,10.494058801643757,0,105,10.005661487579346,229,8,-5.369766482956342
2,COM6,1,0,211,10.093354125955187,0,101,10.006584405899048,228,9,-5.658264049740943
2,COM6,1,0,210,9.594745461863065,0,96,10.005476474761963,228,9,-5.919851709574389
2,COM6,1,0,209,9.893621506234405,0,99,10.006447076797485,227,9,-6.1945114583550405
2,COM6,1,0,208,9.994167870216573,0,100,10.00583553314209,227,10,-6.47129099771959
2,COM6,1,0,207,10.19422053408432,0,102,10.005669355392456,226,10,-6.754097979963011
2,COM6,1,0,206,10.193908645334767,0,102,10.005975484848022,226,10,-7.033101729436645
2,COM6,1,0,205,9.094330007322037,0,91,10.006234645843506,225,11,-7.257749283489497
2,COM6,1,0,204,8.694875080543966,0,87,10.005894184112549,225,11,-7.463712862785018
2,COM6,1,0,203,9.894001753888181,0,99,10.006062507629395,224,11,-7.729112067839546
2,COM6,1,0,202,9.794302482932066,0,98,10.005817174911499,224,12,-7.987751770145259
2,COM6,1,0,201,11.29418878821758,0,113,10.00514531135559,223,12,-8.304987841600973
2,COM6,1,0,200,7.794889829501109,0,78,10.006555795669556,223,12,-8.455833016306288
2,COM6,1,0,199,9.494652005347577,0,95,10.005632638931274,223,13,-8.697212472755444
2,COM6,1,0,198,9.593690215628426,0,96,10.006577014923096,222,13,-8.942439174675318
2,COM6,1,0,197,10.293505303279257,0,103,10.006309509277344,222,13,-9.216374746884588
2,COM6,1,0,196,10.993203002608617,0,110,10.00618290901184,221,14,-9.513279922596162
2,COM6,1,0,195,10.194078675776055,0,102,10.005808591842651,221,14,-9.774147656498085
2,COM6,1,0,194,10.19342457544057,0,102,10.006450653076172,220,14,-10.032335289211282
2,COM6,1,0,193,9.793982764676501,0,98,10.006143808364868,220,15,-10.2717296004583
2,COM6,1,0,192,9.394369610231829,0,94,10.005993366241455,219,15,-10.49279741074774
2,COM6,1,0,191,9.494645896798346,0,95,10.00563907623291,219,15,-10.718482966699776
2,COM6,1,0,190,7.895613677637514,0,79,10.005555391311646,218,16,-10.865667161623172
2,COM6,1,0,189,9.59375124715993,0,96,10.006513357162476,218,16,-11.09971597733623
2,COM6,1,0,188,9.69460779416013,0,97,10.00556206703186,217,16,-11.337477886917513
2,COM6,1,0,187,8.894907324207223,0,89,10.005725383758545,217,16,-11.538703014534116
2,COM6,1,0,186,9.39448422030427,0,94,10.005871295928955,216,17,-11.764137675831561
2,COM6,1,0,185,10.494297610834872,0,105,10.005433797836304,216,17,-12.03318892572627
2,COM6,1,0,184,8.894188448700307,0,89,10.006534099578857,215,17,-12.23297191230406
2,COM6,1,0,183,10.493687481192637,0,105,10.006015539169312,215,18,-12.499987481179762
2,COM6,1,0,182,10.693422517596925,0,107,10.006150960922241,214,18,-12.770720654856689
2,COM6,1,0,181,11.093925497699257,0,111,10.005475521087646,214,18,-13.05039582108625
2,COM6,1,0,180,7.894970850201233,0,79,10.006370067596436,214,19,-13.190701794857594
2,COM6,1,0,179,9.794580911525896,0,98,10.00553274154663,213,19,-13.424766336094125
2,COM6,1,0,178,9.993577078406748,0,100,10.00642704963684,213,19,-13.665709471534583
2,COM6,1,0,177,9.094648553697937,0,91,10.005884170532227,212,20,-13.86807723635409
2,COM6,1,0,176,8.594749058613134,0,86,10.006109476089478,212,20,-14.047639838441414
2,COM6,1,0,175,9.594118367062276,0,96,10.006130456924438,211,20,-14.274340507896497
2,COM6,1,0,174,11.092770386426846,0,111,10.00651741027832,211,20,-14.55189440286895
2,COM6,1,0,173,9.993639226131897,0,100,10.006364822387695,210,21,-14.78999140622727
2,COM6,1,0,172,9.094291653243186,0,91,10.006276845932007,210,21,-14.990085499950673
2,COM6,1,0,171,9.093955798011276,0,91,10.006646394729614,209,21,-15.191025792930745
2,COM6,1,0,170,8.994278303773372,0,90,10.006361484527588,209,22,-15.388256194487976
2,COM6,1,0,169,9.293899354052169,0,93,10.006564140319824,208,22,-15.599824508548664
2,COM6,1,0,168,7.7951669379181725,0,78,10.006200075149536,208,22,-15.736516061696591
2,COM6,1,0,167,10.792868834161732,0,108,10.006607294082642,207,23,-16.005312438442434
2,COM6,1,0,166,9.694826102555284,0,97,10.00533676147461,207,23,-16.23398463742696
2,COM6,1,0,165,9.693679919932116,0,97,10.006519794464111,206,23,-16.462089223068926
2,COM6,1,0,164,8.694607205237288,0,87,10.006202459335327,206,23,-16.645898137822083
2,COM6,1,0,163,9.494636620868247,0,95,10.005648851394653,205,24,-16.866979275044923
2,COM6,1,0,162,8.795319358744466,0,88,10.005321741104126,205,24,-17.056964120207354
2,COM6,1,0,161,8.895142594671526,0,89,10.005460739135742,205,24,-17.252848595585586
2,COM6,1,0,160,7.196208452925653,0,72,10.005268812179565,204,25,-17.355277167793908
2,COM6,1,0,159,8.394782562450457,0,84,10.00621509552002,204,25,-17.53123443377647
2,COM6,1,0,158,8.695237660419103,0,87,10.005476951599121,203,25,-17.724012485977966
2,COM6,1,0,157,7.995885486687203,0,80,10.005145788192749,203,25,-17.88117830507549
2,COM6,1,0,156,6.995450451435703,0,70,10.006503582000732,202,26,-17.979134629257896
2,COM6,1,0,155,9.19477597447701,0,92,10.00568151473999,202,26,-18.20205321573157
2,COM6,1,0,154,7.495731638563742,0,75,10.005694389343262,202,26,-18.335864802384393
2,COM6,1,0,153,8.094853173627037,0,81,10.00635814666748,201,26,-18.507492502505407
2,COM6,1,0,152,8.695096975837338,0,87,10.005638837814331,201,27,-18.712062780187953
2,COM6,1,0,151,8.294736566216711,0,83,10.006345510482788,200,27,-18.89702574258133
2,COM6,1,0,150,8.094779303671274,0,81,10.006449460983276,200,27,-19.072528190361112
2,COM6,1,0,149,5.796549962204541,0,58,10.005951881408691,200,27,-19.093683464487334
2,COM6,1,0,148,9.094721150722162,0,91,10.005804300308228,199,28,-19.32535149219595
2,COM6,1,0,147,9.294222222561096,0,93,10.006216526031494,199,28,-19.565361269045592
2,COM6,1,0,146,7.196207767003201,0,72,10.005269765853882,198,28,-19.692745498155315
2,COM6,1,0,145,7.3955095900838215,0,74,10.00607180595398,198,29,-19.835726774137683
2,COM6,1,0,144,5.897033419486257,0,59,10.005030632019043,197,29,-19.874189183137695
2,COM6,1,0,143,6.896281637925108,0,69,10.005391836166382,197,29,-19.991488522004794
2,COM6,1,0,142,7.69492857669245,0,77,10.006590604782104,197,29,-20.16273878463905
2,COM6,1,0,141,6.795557770658591,0,68,10.006536960601807,196,30,-20.277738543261833
2,COM6,1,0,140,6.7964833907474045,0,68,10.005174160003662,196,30,-20.395810753656498
2,COM6,1,0,139,5.196648937134679,0,52,10.00644850730896,196,30,-20.391472248516518
2,COM6,1,0,138,6.995531456976049,0,70,10.006387710571289,195,30,-20.53122532892535
2,COM6,1,0,137,7.495523920354054,0,75,10.005971670150757,195,31,-20.705292070595586
2,COM6,1,0,136,5.496359482698706,0,55,10.00662350654602,195,31,-20.736148655219214
2,COM6,1,0,135,7.0962734575468085,0,71,10.005251407623291,194,31,-20.890864883088554
2,COM6,1,0,134,5.79700647918385,0,58,10.00516390800476,194,31,-20.953065656628098
2,COM6,1,0,133,5.4964300692571,0,55,10.006494998931885,193,32,-20.99478998045176
2,COM6,1,0,132,6.596180028607967,0,66,10.005791187286377,193,32,-21.125391797207268
2,COM6,1,0,131,5.596383695904968,0,56,10.00646185874939,193,32,-21.182273926269193
2,COM6,1,0,130,6.0960644428019,0,61,10.006455898284912,192,32,-21.282538239682797
2,COM6,1,0,129,5.796229959737501,0,58,10.00650429725647,192,33,-21.362586973403783
2,COM6,1,0,128,5.796671646993767,0,58,10.005741834640503,192,33,-21.44610759705065
2,COM6,1,0,127,5.196971750507774,0,52,10.005826950073242,191,33,-21.483640277419635
2,COM6,1,0,126,6.196340080996356,0,62,10.005906581878662,191,33,-21.605155695140418
2,COM6,1,0,125,5.097118161676264,0,51,10.005653858184814,191,34,-21.640967720644714
2,COM6,1,0,124,6.496437286127675,0,65,10.005484104156494,190,34,-21.790555107207375
2,COM6,1,0,123,5.597040215683368,0,56,10.005288124084473,190,34,-21.874128120688926
2,COM6,1,0,122,6.495958982425464,0,65,10.006220817565918,190,34,-22.028575827095327
2,COM6,1,0,121,4.197759955803614,0,42,10.005336284637451,189,35,-21.993643797633432
2,COM6,1,0,120,4.997427000139522,0,50,10.005148649215698,189,35,-22.037266013485137
2,COM6,1,0,119,5.397099880287602,0,54,10.005373477935791,189,35,-22.118369973483766
2,COM6,1,0,118,3.2982119073733864,0,33,10.00542140007019,189,35,-22.007119878557603
2,COM6,1,0,117,4.797228583197606,0,48,10.00577712059021,188,35,-22.046857010517503
2,COM6,1,0,116,4.896637395694061,0,49,10.006867170333862,188,36,-22.099050705731866
2,COM6,1,0,115,4.397361774165986,0,44,10.005999565124512,188,36,-22.110615292341343
2,COM6,1,0,114,4.197378879842262,0,42,10.006244659423828,187,36,-22.10820838088567
2,COM6,1,0,113,4.397624783710238,0,44,10.005401134490967,187,36,-22.128758686938394
2,COM6,1,0,112,3.0980721549214496,0,31,10.00622272491455,187,36,-22.02772174324941
2,COM6,1,0,111,3.99779717706301,0,40,10.005510091781616,187,37,-22.021955117272967
2,COM6,1,0,110,3.598022260589173,0,36,10.005496740341187,186,37,-21.982836009430073
2,COM6,1,0,109,2.9983682452781983,0,30,10.005442142486572,186,37,-21.889487981431788
2,COM6,1,0,108,5.197354547447361,0,52,10.00508999824524,186,37,-22.001861143408853
2,COM6,1,0,107,3.0981254523341812,0,31,10.00605058670044,186,37,-21.92752755860417
2,COM6,1,0,106,2.5986134298191224,0,26,10.005335807800293,186,38,-21.808244265862005
2,COM6,1,0,105,2.5983915796141264,0,26,10.006190061569214,185,38,-21.69621264328789
2,COM6,1,0,104,3.1980401414919637,0,32,10.006128311157227,185,38,-21.650991889146617
2,COM6,1,0,103,3.0979581843364765,0,31,10.006590843200684,185,38,-21.60117243093345
2,COM6,1,0,102,2.198803484660771,0,22,10.005441665649414,185,38,-21.4657499070011
2,COM6,1,0,101,2.1988025415503003,0,22,10.005445957183838,185,38,-21.337737056386015
2,COM6,1,0,100,1.3992049395722193,0,14,10.005682229995728,185,38,-21.1315568558138
2,COM6,1,0,99,1.2991644011009098,0,13,10.006431818008423,184,39,-20.924007769652267
2,COM6,1,0,98,1.7988217585045958,0,18,10.006550073623657,184,39,-20.778925529251936
2,COM6,1,0,97,1.2993193782315462,0,13,10.00523829460144,184,39,-20.58863004902421
2,COM6,1,0,96,1.7990500125961546,0,18,10.005280494689941,184,39,-20.458843618571272
2,COM6,1,0,95,1.6990662294470076,0,17,10.00549578666687,184,39,-20.325530526755866
2,COM6,1,0,94,0.6995393115314693,0,7,10.006585597991943,184,39,-20.094007279476685
2,COM6,1,0,93,0.7995025106424032,0,8,10.006222486495972,184,39,-19.882812276724803
2,COM6,1,0,92,0.3997611423971745,0,4,10.005975008010864,184,39,-19.637672398557694
2,COM6,1,0,91,0.7995056919669131,0,8,10.006182670593262,184,39,-19.444491473854747
2,COM6,1,0,90,0.49967993733414606,0,5,10.006405353546143,184,39,-19.228006835138203
2,COM6,1,0,89,0.3997471120388308,0,4,10.00632619857788,184,39,-19.0095901535703
2,COM6,1,0,88,0.3997434641164869,0,4,10.006417512893677,184,39,-18.799564789260476
2,COM6,1,0,87,0.09993981171503254,0,1,10.006022453308105,184,39,-18.566524491950695
2,COM6,1,0,86,0.09993565887136073,0,1,10.006438255310059,184,39,-18.342031240588735
2,COM6,1,0,85,0.3997781554086891,0,4,10.005549192428589,184,39,-18.155962583371046
2,COM6,1,0,84,0.29983385232935333,0,3,10.005541324615479,184,39,-17.9667426963393
2,COM6,1,0,83,0.09993717090464628,0,1,10.006286859512329,184,39,-17.76434690962345
2,COM6,1,0,82,0.09994138817152397,0,1,10.00586462020874,184,39,-17.56893220746684
2,COM6,1,0,81,0.0,0,0,10.005961656570435,184,39,-17.56893220746684
2,COM6,1,0,80,0.0999392211519922,0,1,10.006081581115723,184,39,-17.380202387161173
2,COM6,1,0,79,0.19989447442405944,0,2,10.005279064178467,184,39,-17.207662857110073
2,COM6,1,0,78,0.09994626788152551,0,1,10.005376100540161,184,39,-17.031114577532282
2,COM6,1,0,77,0.0,0,0,10.006197690963745,184,39,-17.031114577532282
2,COM6,1,0,76,0.0,0,0,10.005975246429443,184,39,-17.031114577532282
2,COM6,1,0,75,0.0,0,0,10.005537986755371,184,39,-17.031114577532282
2,COM6,1,0,74,0.0,0,0,10.00579023361206,184,39,-17.031114577532282
2,COM6,1,1,222,10.893779515757503,0,109,10.005710124969482,,,
2,COM6,1,1,221,9.794172026028022,0,98,10.005950450897217,,,
2,COM6,1,1,220,10.493578465498116,0,105,10.0061194896698,,,
2,COM6,1,1,219,10.99387045715712,0,110,10.00557541847229,,,
2,COM6,1,1,218,10.693217921658707,0,107,10.00634241104126,220,1,-105.97530901258769
2,COM6,1,1,217,8.995154463769092,0,90,10.00538682937622,220,2,-31.729514892676434
2,COM6,1,1,216,10.593712933007993,0,106,10.005934715270996,219,2,-38.22159886372483
2,COM6,1,1,215,10.293479550881687,0,103,10.00633454322815,219,2,-44.586685036434055
2,COM6,1,1,214,8.394986590763915,0,84,10.005971908569336,218,3,-20.828176607867643
2,COM6,1,1,213,8.794344685915267,0,88,10.006430625915527,218,3,-17.27997114383284
2,COM6,1,1,212,8.495019613926257,0,85,10.005862712860107,217,3,-14.188017493091886
2,COM6,1,1,211,10.094757316145477,0,101,10.00519347190857,217,3,-16.58051676778868
2,COM6,1,1,210,8.694482906757274,0,87,10.006345510482788,216,4,-15.5060666705584
2,COM6,1,1,209,10.393334029228203,0,104,10.006413698196411,216,4,-17.49709602057197
2,COM6,1,1,208,9.095237164757568,0,91,10.005236625671387,215,4,-17.822238015621192
2,COM6,1,1,207,9.295081985964,0,93,10.005290985107422,215,5,-18.66201787307938
2,COM6,1,1,206,11.79266821362956,0,118,10.006217241287231,214,5,-15.586715964979891
2,COM6,1,1,205,11.893299799419392,0,119,10.00563359260559,214,5,-14.381713096359146
2,COM6,1,1,204,10.094000834159996,0,101,10.005943298339844,213,6,-15.11462382603911
2,COM6,1,1,203,10.593100587800562,0,106,10.006513118743896,212,6,-15.746848892566344
2,COM6,1,1,202,8.994838743590307,0,90,10.005738019943237,212,6,-15.045447399444427
2,COM6,1,1,201,9.294821293859096,0,93,10.005571603775024,212,6,-14.902930730104124
2,COM6,1,1,200,9.494019925298536,0,95,10.006298780441284,211,7,-15.023897625314607
2,COM6,1,1,199,7.495512489935523,0,75,10.00598692893982,211,7,-11.47868812466692
2,COM6,1,1,198,10.393384547537194,0,104,10.006365060806274,210,7,-11.93103369546271
2,COM6,1,1,197,9.690234919563647,0,97,10.010077238082886,210,8,-12.272013253927675
2,COM6,1,1,196,9.89465977160335,0,99,10.005397081375122,209,8,-12.718338006278218
2,COM6,1,1,195,7.6957988094010625,0,77,10.005459070205688,209,8,-10.704903403912938
2,COM6,1,1,194,9.594891788157712,0,96,10.005323886871338,208,8,-11.042338256396235
2,COM6,1,1,193,10.094402753714487,0,101,10.005544900894165,208,9,-11.530632648214908
2,COM6,1,1,192,9.294369491710308,0,93,10.006057977676392,207,9,-11.736805801804909
2,COM6,1,1,191,8.894752815510888,0,89,10.00589919090271,207,9,-11.655576970310864
2,COM6,1,1,190,8.195391647529435,0,82,10.00562310218811,206,9,-10.889306147729544
2,COM6,1,1,189,9.494447260110604,0,95,10.005848407745361,206,10,-11.248234440910027
2,COM6,1,1,188,11.392207740596056,0,114,10.006839990615845,205,10,-11.28430542028069
2,COM6,1,1,187,9.994391251056973,0,100,10.005611896514893,205,10,-11.740816781308503
2,COM6,1,1,186,9.294970575399192,0,93,10.00541090965271,204,11,-11.968908150371483
2,COM6,1,1,185,10.49376299339146,0,105,10.005943536758423,204,11,-12.388507367038946
2,COM6,1,1,184,10.093497457628189,0,101,10.006442308425903,203,11,-12.828601899639171
2,COM6,1,1,183,12.991714587843175,0,130,10.006377458572388,203,12,-10.919700977609264
2,COM6,1,1,182,9.294411790930184,0,93,10.006012439727783,202,12,-11.027767275287662
2,COM6,1,1,181,9.195139250100773,0,92,10.00528621673584,202,12,-11.088232721960289
2,COM6,1,1,180,11.593539433546537,0,116,10.00557255744934,201,13,-11.020229757560172
2,COM6,1,1,179,7.195891399211209,0,72,10.005709648132324,201,13,-9.546967579504232
2,COM6,1,1,178,8.994481468531818,0,90,10.0061354637146,200,13,-9.527037817944187
2,COM6,1,1,177,12.592303159806539,0,126,10.006112337112427,199,13,-9.03738517786494
2,COM6,1,1,176,11.09318455999073,0,111,10.006143808364868,199,14,-9.181106893385458
2,COM6,1,1,175,10.494309364028561,0,105,10.005422592163086,198,14,-9.37685155359158
2,COM6,1,1,174,10.89287910813651,0,109,10.006537199020386,198,14,-9.533466621667857
2,COM6,1,1,173,9.095083069596217,0,91,10.005406141281128,197,15,-9.488605537821286
2,COM6,1,1,172,8.994012360402596,0,90,10.006657361984253,197,15,-9.412649239295801
2,COM6,1,1,171,9.793690602451115,0,98,10.006442308425903,196,15,-9.541532710403345
2,COM6,1,1,170,11.293738272582795,0,113,10.005544424057007,196,15,-9.603901512709106
2,COM6,1,1,169,8.29470474685903,0,83,10.006383895874023,195,16,-9.225389123106252
2,COM6,1,1,168,10.294407944902977,0,103,10.00543212890625,195,16,-9.38310662040613
2,COM6,1,1,167,8.09568724546879,0,81,10.005327224731445,195,16,-8.936642998812037
2,COM6,1,1,166,9.395048581388197,0,94,10.00527024269104,194,17,-8.984875791825067
2,COM6,1,1,165,9.294730708437319,0,93,10.005669116973877,194,17,-9.01335277296979
2,COM6,1,1,164,9.39495343444638,0,94,10.005371570587158,193,17,-9.067674023488154
2,COM6,1,1,163,9.19516861138683,0,92,10.00525426864624,193,17,-9.078974446360787
2,COM6,1,1,162,9.394749714534075,0,94,10.00558853149414,192,18,-9.140587442430064
2,COM6,1,1,161,8.895233102930675,0,89,10.005358934402466,192,18,-9.076183581844814
2,COM6,1,1,160,9.094987277486476,0,91,10.00551152229309,191,18,-9.07678831778575
2,COM6,1,1,159,9.694328281362143,0,97,10.005850553512573,191,18,-9.2017507010902
2,COM6,1,1,158,9.394857841695028,0,94,10.005473375320435,190,19,-9.279654554196036
2,COM6,1,1,157,8.09547813268441,0,81,10.005585670471191,190,19,-8.93063315395121
2,COM6,1,1,156,7.995859573505474,0,80,10.005178213119507,189,19,-8.573272514059658
2,COM6,1,1,155,7.795549015812143,0,78,10.005709648132324,189,19,-8.167443039144011
2,COM6,1,1,154,8.095583266451687,0,81,10.005455732345581,189,20,-7.9218312250878515
2,COM6,1,1,153,10.293698818274517,0,103,10.006121397018433,188,20,-8.09306755477209
2,COM6,1,1,152,7.696211991301812,0,77,10.004921913146973,188,20,-7.717431246917352
2,COM6,1,1,151,11.89329724883156,0,119,10.005635738372803,187,21,-7.700371364241194
2,COM6,1,1,150,8.99509358999367,0,90,10.005454540252686,187,21,-7.73662622263512
2,COM6,1,1,149,9.994599637708916,0,100,10.005403280258179,186,21,-7.898009039018493
2,COM6,1,1,148,9.593896857358263,0,96,10.006361484527588,185,22,-8.0296889753826
2,COM6,1,1,147,10.294558809417582,0,103,10.005285501480103,185,22,-8.201330713263893
2,COM6,1,1,146,8.095461735920985,0,81,10.005605936050415,185,22,-8.00372218282385
2,COM6,1,1,145,10.894327516111746,0,109,10.005206823348999,184,22,-8.147223252308168
2,COM6,1,1,144,8.694652989406377,0,87,10.006149768829346,183,23,-8.125342732000075
2,COM6,1,1,143,9.495043873893472,0,95,10.00521969795227,183,23,-8.247231372950282
2,COM6,1,1,142,8.395411281499186,0,84,10.005465745925903,183,23,-8.154357223248148
2,COM6,1,1,141,8.894351838559627,0,89,10.00635027885437,182,24,-8.184978326721989
2,COM6,1,1,140,8.195255537153407,0,82,10.005789279937744,182,24,-8.04795148008094
2,COM6,1,1,139,8.1945438140608,0,82,10.00665831565857,181,24,-7.9214720225897555
2,COM6,1,1,138,7.2962399428757365,0,73,10.00515341758728,181,24,-7.5185007287494265
2,COM6,1,1,137,8.395584530850266,0,84,10.005259275436401,180,25,-7.468854220004443
2,COM6,1,1,136,8.195644547534835,0,82,10.005314350128174,180,25,-7.378600415869039
2,COM6,1,1,135,7.396067002334116,0,74,10.005317687988281,180,25,-7.076712748118171
2,COM6,1,1,134,8.594489188379471,0,86,10.006412029266357,179,25,-7.087523961276792
2,COM6,1,1,133,8.594599155189197,0,86,10.00628399848938,179,26,-7.101679171263916
2,COM6,1,1,132,6.9964289772142365,0,70,10.005104064941406,178,26,-6.718934415271468
2,COM6,1,1,131,8.69454650570221,0,87,10.006272315979004,178,26,-6.759498823609108
2,COM6,1,1,130,7.395786082844547,0,74,10.00569772720337,177,26,-6.532748524791986
2,COM6,1,1,129,7.99506130115386,0,80,10.006177186965942,177,27,-6.460374076938695
2,COM6,1,1,128,8.094949611629554,0,81,10.00623893737793,176,27,-6.413814468593619
2,COM6,1,1,127,8.995081158126764,0,90,10.005468368530273,176,27,-6.504833719155386
2,COM6,1,1,126,6.596564656215055,0,66,10.005207777023315,176,28,-6.105242101812714
2,COM6,1,1,125,7.895625342432671,0,79,10.005540609359741,175,28,-6.043296640586378
2,COM6,1,1,124,6.696331015037142,0,67,10.005479097366333,175,28,-5.728944483709663
2,COM6,1,1,123,8.594780801129227,0,86,10.006072521209717,174,28,-5.783348688012295
2,COM6,1,1,122,7.396004965579506,0,74,10.005401611328125,174,29,-5.652885496929234
2,COM6,1,1,121,7.095803222881555,0,71,10.005914449691772,174,29,-5.4748855354421915
2,COM6,1,1,120,8.094748637427701,0,81,10.006487369537354,173,29,-5.476516998767763
2,COM6,1,1,119,7.595951111817196,0,76,10.005330324172974,173,29,-5.406806917325362
2,COM6,1,1,118,6.895966135760763,0,69,10.005849599838257,172,30,-5.219594577156044
2,COM6,1,1,117,6.596406838725939,0,66,10.005447149276733,172,30,-4.992043636778049
2,COM6,1,1,116,6.396510387642621,0,64,10.005455493927002,172,30,-4.749029796343677
2,COM6,1,1,115,6.296785629341368,0,63,10.005104780197144,171,30,-4.512734919343558
2,COM6,1,1,114,6.396240003263462,0,64,10.005878448486328,171,31,-4.316711301100027
2,COM6,1,1,113,5.796894173482263,0,58,10.00535774230957,170,31,-4.0428498959528145
2,COM6,1,1,112,4.796731391432321,0,48,10.006814241409302,170,31,-3.636103643943377
2,COM6,1,1,111,5.19704766143253,0,52,10.005680799484253,170,31,-3.352096086994396
2,COM6,1,1,110,5.096975819105285,0,51,10.005933284759521,170,32,-3.091506945656076
2,COM6,1,1,109,4.597411101989319,0,46,10.0056312084198,169,32,-2.8040144985731583
2,COM6,1,1,108,4.9970335688869545,0,50,10.00593638420105,169,32,-2.5990385986097913
2,COM6,1,1,107,3.797941889257409,0,38,10.0054190158844,169,32,-2.2990499749140842
2,COM6,1,1,106,4.997303391274102,0,50,10.005396127700806,168,32,-2.1489004495674
2,COM6,1,1,105,4.797361756651904,0,48,10.005499362945557,168,33,-1.9995166656738514
2,COM6,1,1,104,5.297276912033549,0,53,10.005140542984009,168,33,-1.8997967182428694
2,COM6,1,1,103,4.1974205847842025,0,42,10.006145238876343,168,33,-1.7372061781091515
2,COM6,1,1,102,4.297619062086446,0,43,10.005540132522583,167,33,-1.600039081191829
2,COM6,1,1,101,4.497667687601916,0,45,10.005185604095459,167,33,-1.4890998574570018
2,COM6,1,1,100,4.2971839809679775,0,43,10.006553173065186,167,34,-1.378915006424334
2,COM6,1,1,99,2.9982640780241314,0,30,10.005789756774902,167,34,-1.214637820480906
2,COM6,1,1,98,3.897828841799951,0,39,10.00557017326355,166,34,-1.1131890287922426
2,COM6,1,1,97,3.69782581133048,0,37,10.005879640579224,166,34,-1.0141030437356746
2,COM6,1,1,96,4.597466644070678,0,46,10.005510330200195,166,34,-0.9581873153905927
2,COM6,1,1,95,2.1986101639297857,0,22,10.006321430206299,166,34,-0.8204886999742991
2,COM6,1,1,94,2.398447926673275,0,24,10.006471157073975,166,35,-0.708549060149209
2,COM6,1,1,93,2.598632502160366,0,26,10.00526237487793,165,35,-0.616412452397181
2,COM6,1,1,92,3.198193388081936,0,32,10.005648851394653,165,35,-0.5503764004278051
2,COM6,1,1,91,1.8989740216659314,0,19,10.00540280342102,165,35,-0.4586427192628968
2,COM6,1,1,90,1.5990114220336733,0,16,10.006182432174683,165,35,-0.3712862415926679
2,COM6,1,1,89,2.0988512699662842,0,21,10.005473136901855,165,35,-0.30444743960849685
2,COM6,1,1,88,2.198599948739269,0,22,10.006367921829224,165,35,-0.24631936369625973
2,COM6,1,1,87,1.5991195948199373,0,16,10.005505561828613,164,35,-0.1838435543565129
2,COM6,1,1,86,1.598988714846641,0,16,10.006324529647827,164,36,-0.1279267912147759
2,COM6,1,1,85,1.4991658679518607,0,15,10.005563974380493,164,36,-0.07623089603762145
2,COM6,1,1,84,0.8995286502677063,0,9,10.005239963531494,164,36,-0.022062766344318918
2,COM6,1,1,83,1.7990657889155726,0,18,10.005192756652832,164,36,0.01615605499582018
2,COM6,1,1,82,1.399243815909023,0,14,10.005404233932495,164,36,0.05543961284557697
2,COM6,1,1,81,0.7995602737227926,0,8,10.005499601364136,164,36,0.09714082171898175
2,COM6,1,1,80,0.7995672279546493,0,8,10.005412578582764,164,36,0.1349084872871853
2,COM6,1,1,79,0.7995395832168237,0,8,10.00575852394104,164,36,0.1692726287303895
2,COM6,1,1,78,0.2998347239776048,0,3,10.005512237548828,164,36,0.20432551852853087
2,COM6,1,1,77,0.5996891822068215,0,6,10.005182981491089,164,36,0.23419099680027
2,COM6,1,1,76,0.2998133700542749,0,3,10.006224870681763,164,36,0.26342611540576466
2,COM6,1,1,75,0.7995214656144909,0,8,10.005985260009766,164,36,0.28738625394033945
2,COM6,1,1,74,0.1998866961907879,0,2,10.00566840171814,164,36,0.31274217643804914
2,COM6,1,1,73,0.0,0,0,10.005608797073364,164,36,0.31274217643804914
2,COM6,1,1,72,0.09993594460642817,0,1,10.006409645080566,164,36,0.33657689152895587
2,COM6,1,1,71,0.0,0,0,10.00544023513794,164,36,0.33657689152895587
2,COM6,1,1,70,0.09994257173725511,0,1,10.005746126174927,164,36,0.35857310948944443
2,COM6,1,1,69,0.09994384582827594,0,1,10.005618572235107,164,36,0.3789154144745259
2,COM6,1,1,68,0.0,0,0,10.005335330963135,164,36,0.3789154144745259
2,COM6,1,1,67,0.0,0,0,10.00658369064331,164,36,0.3789154144745259
2,COM6,1,1,66,0.0,0,0,10.005338430404663,164,36,0.3789154144745259
2,COM6,1,1,65,0.0,0,0,10.005740642547607,164,36,0.3789154144745259
2,COM6,1,2,220,9.494695217901794,0,95,10.005587100982666,,,
2,COM6,1,2,219,10.293394936768337,0,103,10.00641679763794,,,
2,COM6,1,2,218,10.593382015491677,0,106,10.006247282028198,,,
2,COM6,1,2,217,10.094312553542487,0,101,10.005634307861328,,,
2,COM6,1,2,216,10.094470344766584,0,101,10.005477905273438,218,1,-122.64756940585842
2,COM6,1,2,215,10.094488385236017,0,101,10.005460023880005,217,2,-148.89663639213492
2,COM6,1,2,214,10.693831478147928,0,107,10.005768299102783,217,2,-125.76526898836143
2,COM6,1,2,213,8.795227561376825,0,88,10.005426168441772,217,2,-45.08584180241051
2,COM6,1,2,212,10.893841296081241,0,109,10.005653381347656,216,3,-42.460863608510046
2,COM6,1,2,211,8.595408736769233,0,86,10.005341529846191,216,3,-26.248555686887872
2,COM6,1,2,210,9.59499924937269,0,96,10.00521183013916,215,3,-28.06727909808655
2,COM6,1,2,209,10.494232593643282,0,105,10.00549578666687,215,3,-30.828939100063455
2,COM6,1,2,208,9.694942768744532,0,97,10.005216360092163,214,4,-32.98359778045686
2,COM6,1,2,207,10.59418372467451,0,106,10.005490064620972,214,4,-34.897370956856065
2,COM6,1,2,206,9.694748249650472,0,97,10.005417108535767,213,4,-36.55274843790854
2,COM6,1,2,205,9.59595781844291,0,96,10.004212379455566,213,5,-37.63165097348868
2,COM6,1,2,204,8.095815920788885,0,81,10.005168199539185,212,5,-24.645031987541945
2,COM6,1,2,203,9.195219227178406,0,92,10.005199193954468,212,5,-24.534257021637018
2,COM6,1,2,202,10.594058007845055,0,106,10.005608797073364,211,5,-25.5222070787867
2,COM6,1,2,201,9.894614502085016,0,99,10.00544285774231,211,6,-27.131930862012542
2,COM6,1,2,200,8.39525084217233,0,84,10.005656957626343,210,6,-22.909605873835705
2,COM6,1,2,199,11.59333776902564,0,116,10.005746603012085,210,6,-19.060205418281654
2,COM6,1,2,198,9.894586444622727,0,99,10.005471229553223,209,7,-20.071603195913827
2,COM6,1,2,197,10.094370040932477,0,101,10.005577325820923,209,7,-21.121801298125238
2,COM6,1,2,196,9.293930576981685,0,93,10.006530523300171,208,7,-21.23497902373981
2,COM6,1,2,195,9.99368280143465,0,100,10.00632119178772,208,8,-22.191703581836048
2,COM6,1,2,194,8.995047292180882,0,90,10.005506038665771,207,8,-21.558466854984914
2,COM6,1,2,193,9.095284196247677,0,91,10.005184888839722,207,8,-21.288007991298837
2,COM6,1,2,192,8.395712972051562,0,84,10.005106210708618,206,8,-19.164892149993168
2,COM6,1,2,191,10.29333975440038,0,103,10.006470441818237,206,9,-19.894292808143774
2,COM6,1,2,190,10.593791689879007,0,106,10.005860328674316,205,9,-20.38358275604155
2,COM6,1,2,189,11.393667383812632,0,114,10.005558013916016,205,9,-19.54571103787734
2,COM6,1,2,188,10.193771653505221,0,102,10.006109952926636,204,10,-20.22610295485353
2,COM6,1,2,187,8.195656655880287,0,82,10.00529956817627,204,10,-17.97968119929896
2,COM6,1,2,186,9.794542868797757,0,98,10.005571603775024,203,10,-18.51050187267294
2,COM6,1,2,185,8.895259810637771,0,89,10.005328893661499,203,10,-18.10110603652964
2,COM6,1,2,184,10.793906028395833,0,108,10.005645751953125,202,11,-18.32655969867599
2,COM6,1,2,183,8.395283249621931,0,84,10.005618333816528,202,11,-17.074176297443753
2,COM6,1,2,182,8.395411681604923,0,84,10.005465269088745,201,11,-16.0395660347854
2,COM6,1,2,181,12.493509743599812,0,125,10.005194902420044,201,12,-13.327510171176572
2,COM6,1,2,180,11.193689394487809,0,112,10.005637645721436,200,12,-13.381519469529502
2,COM6,1,2,179,10.39369856451042,0,104,10.006062746047974,199,12,-13.734335680593677
2,COM6,1,2,178,8.595523847773478,0,86,10.005207538604736,199,12,-13.226736519046856
2,COM6,1,2,177,9.195309066102805,0,92,10.005101442337036,199,13,-13.247912257095523
2,COM6,1,2,176,9.994025464189313,0,100,10.005978107452393,198,13,-13.56989561622747
2,COM6,1,2,175,11.294098628388888,0,113,10.00522518157959,197,13,-13.529856253006322
2,COM6,1,2,174,9.59441441509276,0,96,10.005821704864502,197,14,-13.722637751572927
2,COM6,1,2,173,9.094402165872662,0,91,10.006155252456665,197,14,-13.654518228672506
2,COM6,1,2,172,10.69393060164518,0,107,10.005675554275513,196,14,-13.883290521444975
2,COM6,1,2,171,9.494589336530643,0,95,10.005698680877686,196,15,-14.025358672492711
2,COM6,1,2,170,9.994622024906155,0,100,10.005380868911743,195,15,-14.30455887139702
2,COM6,1,2,169,8.794574975053559,0,88,10.006168603897095,195,15,-14.00491734321334
2,COM6,1,2,168,8.394448337496904,0,84,10.006613492965698,194,15,-13.385670664508353
2,COM6,1,2,167,10.194577869341153,0,102,10.005318641662598,194,16,-13.661645965034667
2,COM6,1,2,166,8.095135357697231,0,81,10.006009340286255,193,16,-12.815458383992867
2,COM6,1,2,165,9.994315757694249,0,100,10.005687475204468,193,16,-13.074739108992283
2,COM6,1,2,164,10.793183083222923,0,108,10.00631594657898,192,16,-13.244878005618611
2,COM6,1,2,163,8.495546946534644,0,85,10.005241632461548,192,17,-12.831912701266718
2,COM6,1,2,162,9.594940031086264,0,96,10.005273580551147,191,17,-13.016181098061358
2,COM6,1,2,161,10.293679687190432,0,103,10.006139993667603,191,17,-13.273135822193977
2,COM6,1,2,160,10.094750099565463,0,101,10.005200624465942,190,18,-13.533350669180752
2,COM6,1,2,159,9.395207760933937,0,94,10.005100727081299,190,18,-13.653890956370626
2,COM6,1,2,158,10.293821455117879,0,103,10.006002187728882,189,18,-13.91011574876986
2,COM6,1,2,157,9.394836350384107,0,94,10.005496263504028,189,18,-14.02977477274372
2,COM6,1,2,156,9.99416501253064,0,100,10.005838394165039,188,19,-14.284887228824994
2,COM6,1,2,155,9.794651396379884,0,98,10.005460739135742,188,19,-14.515337332254594
2,COM6,1,2,154,10.494125317038439,0,105,10.005598068237305,187,19,-14.741374038543809
2,COM6,1,2,153,10.993494807538312,0,110,10.005917310714722,187,20,-14.811249536930527
2,COM6,1,2,152,9.195188769990295,0,92,10.005232334136963,186,20,-14.828457515398213
2,COM6,1,2,151,8.095774443289935,0,81,10.005219459533691,186,20,-14.061763205833639
2,COM6,1,2,150,9.79396992970789,0,98,10.006156921386719,185,21,-14.272680283893218
2,COM6,1,2,149,8.99482545510754,0,90,10.005752801895142,185,21,-14.21203310380668
2,COM6,1,2,148,9.49420836412419,0,95,10.006100177764893,184,21,-14.357651053245005
2,COM6,1,2,147,10.49417732966385,0,105,10.005548477172852,184,21,-14.561082832405518
2,COM6,1,2,146,8.295553873751594,0,83,10.005359649658203,183,22,-14.044297263190597
2,COM6,1,2,145,9.594626346409237,0,96,10.005600690841675,183,22,-14.214045762348233
2,COM6,1,2,144,7.695630835125998,0,77,10.005677461624146,182,22,-13.239555934535044
2,COM6,1,2,143,8.995316940767323,0,90,10.005206108093262,182,22,-13.221312494388947
2,COM6,1,2,142,8.595084926796693,0,86,10.005718469619751,181,23,-13.015097158233443
2,COM6,1,2,141,8.195824028127072,0,82,10.00509524345398,181,23,-12.588079268909029
2,COM6,1,2,140,9.494890923660849,0,95,10.005380868911743,180,23,-12.740868020012613
2,COM6,1,2,139,9.294883752317673,0,93,10.005504369735718,180,24,-12.848210277190962
2,COM6,1,2,138,11.293624976517105,0,113,10.005644798278809,179,24,-12.810286888813204
2,COM6,1,2,137,8.095576900476186,0,81,10.005463600158691,179,24,-12.364524248031726
2,COM6,1,2,136,8.895329124244872,0,89,10.005250930786133,179,24,-12.346325560885706
2,COM6,1,2,135,8.595484316422644,0,86,10.005253553390503,178,25,-12.210409039594117
2,COM6,1,2,134,9.394169497004842,0,94,10.006206512451172,178,25,-12.34518703556723
2,COM6,1,2,133,8.894763200700805,0,89,10.005887508392334,177,25,-12.34059492342468
2,COM6,1,2,132,7.795705052558076,0,78,10.005509376525879,177,26,-11.790960238677336
2,COM6,1,2,131,7.096253334758324,0,71,10.005279779434204,176,26,-10.84023101989709
2,COM6,1,2,130,7.395986108022287,0,74,10.005427122116089,176,26,-10.211944197595757
2,COM6,1,2,129,9.894601298553528,0,99,10.00545620918274,175,26,-10.394293851612144
2,COM6,1,2,128,9.094979258781485,0,91,10.005520343780518,175,27,-10.477612268104394
2,COM6,1,2,127,8.495430745549468,0,85,10.005378484725952,174,27,-10.39853225687104
2,COM6,1,2,126,9.195134210495903,0,92,10.00529170036316,174,27,-10.507502638531557
2,COM6,1,2,125,9.195035172425511,0,92,10.005399465560913,173,27,-10.618701409007603
2,COM6,1,2,124,10.193134835577721,0,102,10.00673508644104,173,28,-10.807538031830545
2,COM6,1,2,123,7.995629601377459,0,80,10.005465984344482,173,28,-10.544248950643015
2,COM6,1,2,122,7.49543104921257,0,75,10.00609564781189,172,28,-10.074055580864687
2,COM6,1,2,121,8.994603200336941,0,90,10.00600004196167,172,29,-10.152791710928291
2,COM6,1,2,120,8.695070455542508,0,87,10.005669355392456,171,29,-10.164783810503266
2,COM6,1,2,119,8.495529941313865,0,85,10.005261659622192,171,29,-10.125524941086436
2,COM6,1,2,118,6.796928315729507,0,68,10.00451922416687,170,29,-9.376171300732286
2,COM6,1,2,117,8.395627544210535,0,84,10.005208015441895,170,30,-9.332509641674202
2,COM6,1,2,116,7.196051208624418,0,72,10.005487442016602,169,30,-8.878845473196362
2,COM6,1,2,115,7.795851249796231,0,78,10.005321741104126,169,30,-8.68449334392189
2,COM6,1,2,114,5.896904700901627,0,59,10.0052490234375,169,30,-7.739376675675253
2,COM6,1,2,113,8.49540058239877,0,85,10.005414009094238,168,31,-7.755601543573206
2,COM6,1,2,112,7.695734442846124,0,77,10.005542755126953,168,31,-7.597936292692303
2,COM6,1,2,111,8.095367021799296,0,81,10.005722999572754,167,31,-7.544735991850514
2,COM6,1,2,110,8.39543508785692,0,84,10.00543737411499,167,32,-7.5547371713685685
2,COM6,1,2,109,5.8968444186931235,0,59,10.005351305007935,167,32,-6.849249453224017
2,COM6,1,2,108,7.495875422742809,0,75,10.005502462387085,166,32,-6.701127563886765
2,COM6,1,2,107,6.496610359642258,0,65,10.005217552185059,166,32,-6.314438621723519
2,COM6,1,2,106,7.895767204151503,0,79,10.005360841751099,165,33,-6.2702968641886025
2,COM6,1,2,105,6.5963552824575675,0,66,10.005525350570679,165,33,-5.9609165239885895
2,COM6,1,2,104,6.096617451078795,0,61,10.005548238754272,165,33,-5.5628310697445205
2,COM6,1,2,103,5.297055762744025,0,53,10.005558252334595,164,33,-5.020915259122601
2,COM6,1,2,102,7.695987330748173,0,77,10.005213975906372,164,34,-4.98791678112986
2,COM6,1,2,101,5.9967462074711415,0,60,10.005425930023193,164,34,-4.6848257141427165
2,COM6,1,2,100,5.6969995803658895,0,57,10.005266666412354,163,34,-4.360944027758084
2,COM6,1,2,99,4.997198007041702,0,50,10.00560712814331,163,34,-3.9535788799264697
2,COM6,1,2,98,2.998445125067944,0,30,10.005185604095459,163,34,-3.261379865540058
2,COM6,1,2,97,4.89727470186195,0,49,10.00556492805481,163,34,-2.991252478748388
2,COM6,1,2,96,5.096818911422176,0,51,10.00624132156372,162,35,-2.7764977791870877
2,COM6,1,2,95,4.797342780411851,0,48,10.005538940429688,162,35,-2.5563459366152537
2,COM6,1,2,94,4.6978910305448975,0,47,10.004489183425903,162,35,-2.353133671111352
2,COM6,1,2,93,4.197745251589463,0,42,10.005371332168579,161,35,-2.1317147887197097
2,COM6,1,2,92,4.097844146992027,0,41,10.005260944366455,161,35,-1.9312216076794821
2,COM6,1,2,91,3.8979361208588594,0,39,10.005294799804688,161,36,-1.7422098132902026
2,COM6,1,2,90,5.097583016551729,0,51,10.004741430282593,161,36,-1.6466241564198034
2,COM6,1,2,89,4.1975683089549305,0,42,10.00579309463501,160,36,-1.510643060549992
2,COM6,1,2,88,3.4981773931843456,0,35,10.005210161209106,160,36,-1.3523897054502876
2,COM6,1,2,87,3.29816931057645,0,33,10.005550622940063,160,36,-1.2040093130856464
2,COM6,1,2,86,3.598021574698037,0,36,10.00549864768982,160,37,-1.0866329846768954
2,COM6,1,2,85,2.8985052426243314,0,29,10.005156993865967,159,37,-0.9545590117179352
2,COM6,1,2,84,2.7985089712147775,0,28,10.005327939987183,159,37,-0.8351963050138895
2,COM6,1,2,83,1.4990542060981755,0,15,10.006309270858765,159,37,-0.6882389330468885
2,COM6,1,2,82,2.1988099292706402,0,22,10.005412340164185,159,37,-0.5830732525651818
2,COM6,1,2,81,2.4985746527739305,0,25,10.005704641342163,159,37,-0.4978969259841166
2,COM6,1,2,80,1.499224027290143,0,15,10.005175828933716,159,37,-0.39984325398968057
2,COM6,1,2,79,2.1988757922056186,0,22,10.005112648010254,159,37,-0.32779548777831735
2,COM6,1,2,78,1.2993130000971995,0,13,10.005287408828735,159,37,-0.2474207881446555
2,COM6,1,2,77,1.3992610208779939,0,14,10.005281209945679,158,38,-0.17817345267506246
2,COM6,1,2,76,1.4991751559954904,0,15,10.005501985549927,158,38,-0.11792400884329446
2,COM6,1,2,75,0.8995116739078788,0,9,10.005428791046143,158,38,-0.05644294301955188
2,COM6,1,2,74,1.3992008720185947,0,14,10.005711317062378,158,38,-0.007215747434073938
2,COM6,1,2,73,1.0993927042588003,0,11,10.005523920059204,158,38,0.040359888944487166
2,COM6,1,2,72,1.2992753827630616,0,13,10.005577087402344,158,38,0.08158461245674631
2,COM6,1,2,71,0.4997246233172719,0,5,10.005510568618774,158,38,0.12564199829522893
2,COM6,1,2,70,0.899621238435518,0,9,10.004210233688354,158,38,0.1624729165745451
2,COM6,1,2,69,0.39978027975537966,0,4,10.00549602508545,158,38,0.19931915941576805
2,COM6,1,2,68,0.9994461744311779,0,10,10.005541324615479,158,38,0.2292789348049009
2,COM6,1,2,67,0.39978145148989647,0,4,10.00546669960022,158,38,0.26009574845496053
2,COM6,1,2,66,0.09994759208219853,0,1,10.00524353981018,158,38,0.2896609284705195
2,COM6,1,2,65,0.39979542709693067,0,4,10.005116939544678,158,38,0.3154337222097431
2,COM6,1,2,64,0.09995283683314884,0,1,10.004718542098999,158,38,0.3402993775515645
2,COM6,1,2,63,0.6996290933485103,0,7,10.005301475524902,158,38,0.3611520820703559
2,COM6,1,2,62,0.19987972820805275,0,2,10.006017208099365,158,38,0.3821581448617922
2,COM6,1,2,61,0.2998661495673132,0,3,10.00446367263794,158,38,0.401366239759404
2,COM6,1,2,60,0.39983503472147336,0,4,10.004125833511353,158,38,0.41900943064475316
2,COM6,1,2,59,0.09994596065293104,0,1,10.005406856536865,158,38,0.43617597171588784
2,COM6,1,2,58,0.0,0,0,10.0052809715271,158,38,0.43617597171588784
2,COM6,1,2,57,0.0999438791694117,0,1,10.005615234375,158,38,0.4522055012602251
2,COM6,1,2,56,0.0,0,0,10.005300045013428,158,38,0.4522055012602251
2,COM6,1,2,55,0.0,0,0,10.005694389343262,158,38,0.4522055012602251
2,COM6,1,2,54,0.09994522235938079,0,1,10.005480766296387,158,38,0.4672190484311357
2,COM6,1,2,53,0.0,0,0,10.00547981262207,158,38,0.4672190484311357
2,COM6,1,2,52,0.0,0,0,10.005400657653809,158,38,0.4672190484311357
2,COM6,1,2,51,0.0,0,0,10.005110740661621,158,38,0.4672190484311357
2,COM6,1,2,50,0.0,0,0,10.004753828048706,158,38,0.4672190484311357
2,COM6,2,0,238,11.393466752317906,0,114,10.005734205245972,,,
2,COM6,2,0,237,30.184357662245116,0,302,10.005182266235352,,,
2,COM6,2,0,236,18.091893745442437,0,181,10.004480600357056,,,
2,COM6,2,0,235,12.29507177480035,0,123,10.004008293151855,,,
2,COM6,2,0,234,12.093359802335554,0,121,10.005490779876709,236,1,0.021304516955433672
2,COM6,2,0,233,13.193240920045616,0,132,10.005123138427734,236,2,-0.797899125947525
2,COM6,2,0,232,12.294951051785565,0,123,10.004106521606445,235,2,-1.4096849317193905
2,COM6,2,0,231,10.094718827837962,0,101,10.005231618881226,235,2,-1.6661431510838098
2,COM6,2,0,230,10.793986275880462,0,108,10.005571365356445,235,3,-2.086659383955582
2,COM6,2,0,229,12.49321203686933,0,125,10.005433320999146,234,3,-2.749049689850997
2,COM6,2,0,228,11.59336788013182,0,116,10.005720615386963,234,3,-3.2569023800758847
2,COM6,2,0,227,10.194030337973564,0,102,10.005856037139893,233,3,-3.548945063668037
2,COM6,2,0,226,10.494241095845625,0,105,10.00548768043518,233,4,-3.908719481555492
2,COM6,2,0,225,11.19390758222849,0,112,10.00544261932373,232,4,-4.373707888802497
2,COM6,2,0,224,10.495421035062776,0,105,10.00436282157898,232,4,-4.738041746015288
2,COM6,2,0,223,10.194575440057012,0,102,10.005321025848389,231,5,-5.066949438381825
2,COM6,2,0,222,13.292380094838135,0,133,10.005732536315918,231,5,-5.722815019120738
2,COM6,2,0,221,10.595428431789157,0,106,10.004314661026001,230,5,-6.06209175552029
2,COM6,2,0,220,10.094703673147409,0,101,10.005246639251709,230,6,-6.3319872375404636
2,COM6,2,0,219,14.193697561660091,0,142,10.004440307617188,229,6,-6.936967090248156
2,COM6,2,0,218,10.195669706817693,0,102,10.004247188568115,229,6,-7.1649332964449695
2,COM6,2,0,217,9.595278888453937,0,96,10.004920244216919,229,7,-7.31137764591767
2,COM6,2,0,216,11.294238847729035,0,113,10.005100965499878,228,7,-7.702329669121195
2,COM6,2,0,215,11.494008695790384,0,115,10.005212545394897,228,7,-8.105629789926732
2,COM6,2,0,214,11.19254338169778,0,112,10.006662130355835,227,8,-8.470495373003288
2,COM6,2,0,213,10.594187258925684,0,106,10.005486726760864,227,8,-8.762211618748447
2,COM6,2,0,212,10.194522724876283,0,102,10.005372762680054,226,8,-9.004203956878216
2,COM6,2,0,211,10.394392044601982,0,104,10.00539517402649,226,8,-9.28289855475548
2,COM6,2,0,210,14.092190723681675,0,141,10.005541563034058,225,9,-9.746844591257204
2,COM6,2,0,209,10.594227145638143,0,106,10.005449056625366,225,9,-10.01499951963953
2,COM6,2,0,208,11.294004433090516,0,113,10.005308628082275,224,9,-10.362261314830782
2,COM6,2,0,207,11.59473492333055,0,116,10.004540920257568,224,10,-10.730722766976319
2,COM6,2,0,206,9.29396445741913,0,93,10.006494045257568,223,10,-10.788303466828435
2,COM6,2,0,205,8.994348167412273,0,90,10.0062837600708,223,10,-10.81089746525036
2,COM6,2,0,204,10.294629950316358,0,103,10.005216360092163,222,10,-11.067316855923563
2,COM6,2,0,203,11.99365760503579,0,120,10.005288124084473,222,11,-11.478486632821324
2,COM6,2,0,202,10.394341516498418,0,104,10.005443811416626,221,11,-11.743062268262396
2,COM6,2,0,201,11.993134899716203,0,120,10.00572419166565,221,11,-12.146684009982485
2,COM6,2,0,200,10.894385148912333,0,109,10.005153894424438,220,12,-12.46287806577555
2,COM6,2,0,199,10.194495760178924,0,102,10.005399227142334,220,12,-12.695050764026792
2,COM6,2,0,198,11.39399210144721,0,114,10.00527286529541,219,12,-13.05872497755476
2,COM6,2,0,197,9.794866358109704,0,98,10.00524115562439,219,13,-13.231649889401343
2,COM6,2,0,196,11.393732543057599,0,114,10.005500793457031,218,13,-13.597011395992212
2,COM6,2,0,195,10.394472791512749,0,104,10.005317449569702,218,13,-13.860577997787392
2,COM6,2,0,194,11.394645393831434,0,114,10.004699230194092,217,13,-14.22420483640907
2,COM6,2,0,193,8.39560453700952,0,84,10.005235433578491,217,14,-14.11233961533233
2,COM6,2,0,192,12.393237104157448,0,124,10.005456924438477,216,14,-14.511643136719504
2,COM6,2,0,191,11.893387370265136,0,119,10.005559921264648,216,14,-14.89191425370558
2,COM6,2,0,190,12.193732050347197,0,122,10.00514030456543,215,15,-15.270520880660424
2,COM6,2,0,189,10.29427695393534,0,103,10.00555944442749,215,15,-15.503680514889066
2,COM6,2,0,188,10.594548017396749,0,106,10.005146026611328,214,15,-15.777111878158397
2,COM6,2,0,187,10.294113587849354,0,103,10.005718231201172,214,16,-16.014842975048293
2,COM6,2,0,186,12.19328197114298,0,122,10.005509614944458,213,16,-16.38448818986107
2,COM6,2,0,185,11.292735640994795,0,113,10.00643277168274,213,16,-16.715090793121618
2,COM6,2,0,184,9.794588846856133,0,98,10.005524635314941,212,16,-16.866752167818802
2,COM6,2,0,183,11.39354792713248,0,114,10.00566291809082,212,17,-17.20437277509856
2,COM6,2,0,182,10.495451049694243,0,105,10.004334211349487,211,17,-17.45980840434084
2,COM6,2,0,181,8.495293089959203,0,85,10.005540609359741,211,17,-17.336417475785343
2,COM6,2,0,180,9.9940928565024,0,100,10.005910634994507,211,18,-17.53732438313081
2,COM6,2,0,179,10.795020597851119,0,108,10.004612684249878,210,18,-17.83917030338066
2,COM6,2,0,178,9.595052066298914,0,96,10.005156755447388,210,18,-17.978594282992493
2,COM6,2,0,177,12.19307335951478,0,122,10.005680799484253,209,18,-18.338677829632115
2,COM6,2,0,176,12.193292140415956,0,122,10.00550127029419,208,19,-18.690975611400624
2,COM6,2,0,175,10.394150306749562,0,104,10.005627870559692,208,19,-18.938928984137167
2,COM6,2,0,174,11.193763545357516,0,112,10.005571365356445,207,19,-19.261661978708677
2,COM6,2,0,173,10.393934337359058,0,104,10.005835771560669,207,20,-19.50912858182099
2,COM6,2,0,172,10.294647367720717,0,103,10.005199432373047,207,20,-19.745760660257098
2,COM6,2,0,171,10.693941049215947,0,107,10.00566577911377,206,20,-20.0300436832535
2,COM6,2,0,170,11.29513380365772,0,113,10.004308223724365,206,21,-20.35891205215935
2,COM6,2,0,169,9.494629607372158,0,95,10.005656242370605,205,21,-20.464499475117222
2,COM6,2,0,168,11.093902234503883,0,111,10.005496501922607,205,21,-20.782983024816744
2,COM6,2,0,167,12.493415964448973,0,125,10.005270004272461,204,21,-21.106878464200058
2,COM6,2,0,166,11.094138307594427,0,111,10.00528359413147,203,22,-21.415532545279362
2,COM6,2,0,165,10.993866527634939,0,110,10.005578994750977,203,22,-21.71591190080043
2,COM6,2,0,164,12.293409111721628,0,123,10.005361318588257,202,22,-22.036075991599624
2,COM6,2,0,163,9.894606957205566,0,99,10.00545048713684,202,23,-22.195108212700358
2,COM6,2,0,162,11.093902763211785,0,111,10.00549602508545,201,23,-22.496886520220837
2,COM6,2,0,161,11.993300937310236,0,120,10.005585670471191,201,23,-22.81773483947347
2,COM6,2,0,160,11.99381279641447,0,120,10.00515866279602,200,24,-23.1335307084859
2,COM6,2,0,159,8.294971760344344,0,83,10.006061792373657,200,24,-22.89395534772945
2,COM6,2,0,158,7.0960627657726985,0,71,10.005548477172852,200,24,-22.26497028209397
2,COM6,2,0,157,10.594207202244371,0,106,10.005467891693115,199,24,-22.525667904372277
2,COM6,2,0,156,10.694451730974532,0,107,10.00518798828125,199,25,-22.79607643727995
2,COM6,2,0,155,10.594087038574862,0,106,10.005581378936768,198,25,-23.057368701372
2,COM6,2,0,154,10.69442318859146,0,107,10.00521469116211,198,25,-23.328343369815542
2,COM6,2,0,153,10.894302074799183,0,109,10.005230188369751,197,25,-23.6151873715742
2,COM6,2,0,152,9.793788610200407,0,98,10.00634217262268,197,26,-23.771093036331003
2,COM6,2,0,151,9.195017205570569,0,92,10.0054190158844,196,26,-23.81591559898625
2,COM6,2,0,150,10.993895868135043,0,110,10.005552291870117,196,26,-24.113843018365
2,COM6,2,0,149,10.794207477047602,0,108,10.005366325378418,195,27,-24.397542849398363
2,COM6,2,0,148,11.193804888894894,0,112,10.005534410476685,195,27,-24.703950512443505
2,COM6,2,0,147,9.89476398738146,0,99,10.00529170036316,194,27,-24.88067651889215
2,COM6,2,0,146,10.194231465110947,0,102,10.005658626556396,194,27,-25.10305306714764
2,COM6,2,0,145,11.294219469800991,0,113,10.005118131637573,193,28,-25.41360447668813
2,COM6,2,0,144,9.694644062704539,0,97,10.005524635314941,193,28,-25.55846431840977
2,COM6,2,0,143,10.294298540232429,0,103,10.00553846359253,192,28,-25.795457729878645
2,COM6,2,0,142,8.295323390557929,0,83,10.005637645721436,192,29,-25.610291821968
2,COM6,2,0,141,9.494949071319597,0,95,10.005319595336914,192,29,-25.732007006105256
2,COM6,2,0,140,9.893366452580787,0,99,10.006705045700073,191,29,-25.925103332419702
2,COM6,2,0,139,8.795177681418906,0,88,10.005482912063599,191,29,-25.900630466111316
2,COM6,2,0,138,9.295119418741251,0,93,10.005250692367554,190,30,-25.996760403808867
2,COM6,2,0,137,9.695804799425602,0,97,10.004326820373535,190,30,-26.17034405908632
2,COM6,2,0,136,8.895354348730828,0,89,10.00522255897522,189,30,-26.18743945016057
2,COM6,2,0,135,8.495438438199361,0,85,10.005369424819946,189,30,-26.112385878773175
2,COM6,2,0,134,9.096137132773185,0,91,10.004246711730957,189,31,-26.189544371531312
2,COM6,2,0,133,9.694555817419921,0,97,10.005615711212158,188,31,-26.380267884632268
2,COM6,2,0,132,10.594267032650945,0,106,10.005411386489868,188,31,-26.675827829397246
2,COM6,2,0,131,8.495256652461434,0,85,10.00558352470398,187,32,-26.618178762622982
2,COM6,2,0,130,8.795267381917418,0,88,10.005380868911743,187,32,-26.643414727883957
2,COM6,2,0,129,7.99544403285062,0,80,10.005698204040527,186,32,-26.466063681230477
2,COM6,2,0,128,8.095812641157215,0,81,10.00517225265503,186,32,-26.332818069874847
2,COM6,2,0,127,7.7958337875759955,0,78,10.005344152450562,186,32,-26.127215504518745
2,COM6,2,0,126,7.89563719540499,0,79,10.005525588989258,185,33,-25.967220106882834
2,COM6,2,0,125,8.696025909790066,0,87,10.004570007324219,185,33,-26.017104893758738
2,COM6,2,0,124,7.5960173602635965,0,76,10.005243062973022,184,33,-25.793921460430767
2,COM6,2,0,123,9.295015316497945,0,93,10.005362749099731,184,34,-25.96789420798099
2,COM6,2,0,122,7.895635690263675,0,79,10.00552749633789,184,34,-25.848035344499515
2,COM6,2,0,121,7.295986628449164,0,73,10.005500793457031,183,34,-25.571702513851715
2,COM6,2,0,120,8.29509944274207,0,83,10.005907773971558,183,34,-25.574226578160136
2,COM6,2,0,119,6.9958745012303964,0,70,10.005897045135498,182,35,-25.23878295384195
2,COM6,2,0,118,7.89570455106625,0,79,10.00544023513794,182,35,-25.170888024212537
2,COM6,2,0,117,6.096530287873701,0,61,10.005691289901733,182,35,-24.583517181532503
2,COM6,2,0,116,5.997314844716336,0,60,10.004477262496948,181,35,-24.01064925208398
2,COM6,2,0,115,6.596517655993962,0,66,10.005279064178467,181,35,-23.66674327321031
2,COM6,2,0,114,6.89561451632445,0,69,10.006359815597534,181,36,-23.428807262962557
2,COM6,2,0,113,5.496870392204146,0,55,10.005693435668945,180,36,-22.802483300104548
2,COM6,2,0,112,6.296325608207891,0,63,10.005835771560669,180,36,-22.460074478722927
2,COM6,2,0,111,6.295864154218646,0,63,10.006569147109985,180,36,-22.14281210318949
2,COM6,2,0,110,4.997210271870712,0,50,10.005582571029663,180,36,-21.485024125307458
2,COM6,2,0,109,6.296278499596513,0,63,10.005910634994507,179,37,-21.226489169187303
2,COM6,2,0,108,5.297074191146224,0,53,10.005523443222046,179,37,-20.73818298651733
2,COM6,2,0,107,5.097283711713779,0,51,10.005328893661499,179,37,-20.23642640874544
2,COM6,2,0,106,5.0971553275130645,0,51,10.00558090209961,178,37,-19.774748226165464
2,COM6,2,0,105,4.097680689345239,0,41,10.005660057067871,178,37,-19.093557604332705
2,COM6,2,0,104,5.5970882304861735,0,56,10.005202293395996,178,38,-18.820711829888484
2,COM6,2,0,103,3.6975906574090245,0,37,10.006515979766846,178,38,-18.132518655009854
2,COM6,2,0,102,3.697928904345227,0,37,10.005600690841675,177,38,-17.50888842497803
2,COM6,2,0,101,4.097803134887431,0,41,10.005361080169678,177,38,-17.029224375574405
2,COM6,2,0,100,3.797912567176554,0,38,10.005496263504028,177,38,-16.526761608657164
2,COM6,2,0,99,2.4986096013046635,0,25,10.00556468963623,177,38,-15.79029332785587
2,COM6,2,0,98,2.8984350690704783,0,29,10.005399227142334,177,39,-15.210857161702311
2,COM6,2,0,97,3.0983362977481392,0,31,10.005369663238525,177,39,-14.721239691846673
2,COM6,2,0,96,2.5985997449675557,0,26,10.005388498306274,176,39,-14.184722706400077
2,COM6,2,0,95,2.4986269866278694,0,25,10.005495071411133,176,39,-13.679177343196496
2,COM6,2,0,94,2.09864653614038,0,21,10.006449222564697,176,39,-13.152693936037457
2,COM6,2,0,93,1.7989801371169003,0,18,10.005669116973877,176,39,-12.626806240397803
2,COM6,2,0,92,1.3992049062315197,0,14,10.005682468414307,176,39,-12.088845801830436
2,COM6,2,0,91,1.3991338274725877,0,14,10.006190776824951,176,39,-11.601437431132466
2,COM6,2,0,90,1.1993224062190015,0,12,10.00564980506897,176,39,-11.131250680718713
2,COM6,2,0,89,1.4991929107683861,0,15,10.005383491516113,176,39,-10.740330355350228
2,COM6,2,0,88,1.699034367054895,0,17,10.005683422088623,176,39,-10.404365220154729
2,COM6,2,0,87,0.7996441707896323,0,8,10.004449844360352,175,40,-9.993733981023945
2,COM6,2,0,86,0.8995953615643675,0,9,10.00449800491333,175,40,-9.62886387178081
2,COM6,2,0,85,0.7996350809315655,0,8,10.004563570022583,175,40,-9.283273446776295
2,COM6,2,0,84,0.6995618465016461,0,7,10.006263256072998,175,40,-8.955301958816525
2,COM6,2,0,83,0.3998081269791612,0,4,10.004799127578735,175,40,-8.62491371381218
2,COM6,2,0,82,0.0,0,0,10.004493474960327,175,40,-8.62491371381218
2,COM6,2,0,81,0.09995532363767062,0,1,10.004469633102417,175,40,-8.293379664516015
2,COM6,2,0,80,0.09995664331407993,0,1,10.004337549209595,175,40,-7.987861574737382
2,COM6,2,0,79,0.299871037631588,0,3,10.004300594329834,175,40,-7.721487148267151
2,COM6,2,0,78,0.09995783438768813,0,1,10.004218339920044,175,40,-7.45868941180683
2,COM6,2,0,77,0.0,0,0,10.004471063613892,175,40,-7.45868941180683
2,COM6,2,0,76,0.0,0,0,10.004611015319824,175,40,-7.45868941180683
2,COM6,2,0,75,0.0,0,0,10.004531383514404,175,40,-7.45868941180683
2,COM6,2,0,74,0.0,0,0,10.005675792694092,175,40,-7.45868941180683
2,COM6,2,1,224,11.793822610642119,0,118,10.005237817764282,,,
2,COM6,2,1,223,10.795137135480934,0,108,10.004504680633545,,,
2,COM6,2,1,222,12.592968684825184,0,126,10.00558352470398,,,
2,COM6,2,1,221,9.09500569888933,0,91,10.005491256713867,,,
2,COM6,2,1,220,13.394253725968717,0,134,10.004290103912354,222,1,-9.326242519146074
2,COM6,2,1,219,11.994665134475621,0,120,10.00444769859314,221,2,-11.114586611147843
2,COM6,2,1,218,9.594835314824515,0,96,10.005382776260376,221,2,-7.863525748720081
2,COM6,2,1,217,9.894722489433024,0,99,10.005333662033081,221,2,-7.0414910494168605
2,COM6,2,1,216,10.993977603211132,0,110,10.005477905273438,220,3,-8.258170021761808
2,COM6,2,1,215,12.094727611550102,0,121,10.004359245300293,220,3,-9.90018607658457
2,COM6,2,1,214,9.195005592884609,0,92,10.005431652069092,219,3,-8.07817565642843
2,COM6,2,1,213,10.595143107973646,0,106,10.004584074020386,219,3,-8.803626627103405
2,COM6,2,1,212,11.493999657237651,0,115,10.005220413208008,218,4,-10.011347156759424
2,COM6,2,1,211,11.894696835736553,0,119,10.0044584274292,218,4,-11.112706334005642
2,COM6,2,1,210,10.795347835728387,0,108,10.00430941581726,217,4,-11.787743854139475
2,COM6,2,1,209,7.795640222246808,0,78,10.005592584609985,217,5,-7.513437563119
2,COM6,2,1,208,10.695374088732155,0,107,10.004325151443481,216,5,-8.021665031837681
2,COM6,2,1,207,10.595413028960708,0,106,10.004329204559326,216,5,-8.513678419282622
2,COM6,2,1,206,9.194713094337079,0,92,10.005749940872192,215,5,-7.910488880799861
2,COM6,2,1,205,10.295542848895781,0,103,10.004329204559326,215,6,-8.299103731932163
2,COM6,2,1,204,10.39493277560401,0,104,10.00487470626831,214,6,-8.763128698466002
2,COM6,2,1,203,10.195690603184383,0,102,10.004226684570312,214,6,-9.132464586317276
2,COM6,2,1,202,8.795115017903875,0,88,10.00555419921875,213,7,-8.31137125765035
2,COM6,2,1,201,11.394840635811931,0,114,10.004527807235718,213,7,-8.975267644608483
2,COM6,2,1,200,11.096255483624573,0,111,10.003374576568604,212,7,-9.6135433825965
2,COM6,2,1,199,10.594303890537368,0,106,10.00537657737732,212,8,-10.129102324377765
2,COM6,2,1,198,9.99384543829748,0,100,10.006158351898193,211,8,-10.346249210406011
2,COM6,2,1,197,10.093901020680258,0,101,10.006042242050171,211,8,-10.620756942918707
2,COM6,2,1,196,11.394795558488036,0,114,10.004567384719849,210,8,-11.171423387889213
2,COM6,2,1,195,12.693654540663859,0,127,10.004998922348022,210,9,-11.11466903127341
2,COM6,2,1,194,11.694865394920171,0,117,10.004390478134155,209,9,-11.524722840069721
2,COM6,2,1,193,9.995544512267081,0,100,10.004457473754883,209,9,-11.576700551309624
2,COM6,2,1,192,9.394518469560014,0,94,10.005834817886353,208,10,-11.20128365173223
2,COM6,2,1,191,9.394652335059654,0,94,10.00569224357605,208,10,-10.874196141944328
2,COM6,2,1,190,9.095355069504052,0,91,10.005106925964355,207,10,-10.362624109187957
2,COM6,2,1,189,10.294797257960392,0,103,10.005053758621216,207,10,-10.579606414485097
2,COM6,2,1,188,9.59438583823138,0,96,10.00585150718689,206,11,-10.476081383864338
2,COM6,2,1,187,10.895046931388672,0,109,10.004546165466309,206,11,-10.821505464420072
2,COM6,2,1,186,11.594880542927397,0,116,10.004415273666382,205,11,-11.12287475909891
2,COM6,2,1,185,9.095180814303944,0,91,10.005298614501953,205,12,-10.678690163810474
2,COM6,2,1,184,10.794792417769882,0,108,10.004824161529541,204,12,-10.997786025434195
2,COM6,2,1,183,10.495620135325703,0,105,10.004173040390015,204,12,-11.266966771170223
2,COM6,2,1,182,10.095497310919871,0,101,10.004460096359253,203,13,-11.416149681231003
2,COM6,2,1,181,10.49523669896599,0,105,10.004538536071777,203,13,-11.688044010780663
2,COM6,2,1,180,10.195185226703392,0,102,10.004722595214844,202,13,-11.876582356610779
2,COM6,2,1,179,10.895169482905766,0,109,10.004433631896973,202,13,-12.203500427115873
2,COM6,2,1,178,11.594760344324914,0,116,10.004518985748291,201,14,-12.458378925880066
2,COM6,2,1,177,11.095405025832683,0,111,10.004141330718994,201,14,-12.774961762966234
2,COM6,2,1,176,9.495112884117548,0,95,10.005146980285645,200,14,-12.589636680651445
2,COM6,2,1,175,12.094305938259058,0,121,10.004708051681519,200,15,-12.65276685067765
2,COM6,2,1,174,10.594645721784481,0,106,10.005053758621216,199,15,-12.903584201718239
2,COM6,2,1,173,10.59560367367904,0,106,10.004149198532104,199,15,-13.151367271472587
2,COM6,2,1,172,11.294892622626287,0,113,10.00452184677124,198,15,-13.416456281178684
2,COM6,2,1,171,9.995737939421925,0,100,10.004263877868652,198,16,-13.468635845118433
2,COM6,2,1,170,11.39515890272885,0,114,10.00424838066101,197,16,-13.707026193135173
2,COM6,2,1,169,12.294716937938393,0,123,10.004297018051147,197,16,-13.630844820198353
2,COM6,2,1,168,9.995089082817586,0,100,10.004913330078125,196,17,-13.654857094231058
2,COM6,2,1,167,9.594945747105204,0,96,10.00526762008667,196,17,-13.483732730849937
2,COM6,2,1,166,11.994478764498087,0,120,10.004603147506714,195,17,-13.53774904551261
2,COM6,2,1,165,10.291964555661577,0,103,10.007807493209839,195,18,-13.658320354062662
2,COM6,2,1,164,9.995647894815084,0,100,10.004354000091553,194,18,-13.676543829399861
2,COM6,2,1,163,11.794875478366798,0,118,10.004344701766968,194,18,-13.78468639254426
2,COM6,2,1,162,10.49511139413578,0,105,10.004657983779907,193,18,-13.945305368790997
2,COM6,2,1,161,10.595386010992748,0,106,10.00435471534729,193,19,-14.123489475842714
2,COM6,2,1,160,12.294585088006716,0,123,10.004404306411743,192,19,-14.02842486160587
2,COM6,2,1,159,9.894650576198915,0,99,10.005406379699707,192,19,-13.981968829967796
2,COM6,2,1,158,10.19430992627897,0,102,10.005581617355347,191,20,-14.049526181365014
2,COM6,2,1,157,10.695385303787168,0,107,10.004314661026001,191,20,-14.227155394955258
2,COM6,2,1,156,10.695094994370658,0,107,10.004586219787598,190,20,-14.403891481081427
2,COM6,2,1,155,10.095235317269786,0,101,10.004719734191895,190,20,-14.436629177403109
2,COM6,2,1,154,9.295125399153715,0,93,10.005244255065918,189,21,-14.080839135077772
2,COM6,2,1,153,9.493864067384274,0,95,10.006463050842285,189,21,-13.864070527229874
2,COM6,2,1,152,12.19482673282487,0,122,10.004242181777954,188,21,-13.808088021323622
2,COM6,2,1,151,10.994218361987821,0,110,10.005258798599243,188,22,-13.993263807310568
2,COM6,2,1,150,12.093045993415947,0,121,10.00575041770935,187,22,-13.984030131266534
2,COM6,2,1,149,10.495351501826061,0,105,10.00442910194397,187,22,-14.114621290890097
2,COM6,2,1,148,8.295781404457673,0,83,10.005085229873657,186,22,-13.103356950994437
2,COM6,2,1,147,9.694509616340957,0,97,10.005663394927979,186,23,-13.012845486571035
2,COM6,2,1,146,9.69452370762337,0,97,10.005648851394653,185,23,-12.929343719799972
2,COM6,2,1,145,10.394420776487802,0,104,10.005367517471313,185,23,-13.044951161166374
2,COM6,2,1,144,10.095684251341186,0,101,10.004274845123291,184,23,-13.096603079796907
2,COM6,2,1,143,9.594195406374165,0,96,10.006050109863281,184,24,-12.985864662173626
2,COM6,2,1,142,8.895220173066603,0,89,10.005373477935791,183,24,-12.552147035777393
2,COM6,2,1,141,10.395415839877739,0,104,10.004409790039062,183,24,-12.67544630632489
2,COM6,2,1,140,9.795036280247292,0,98,10.005067586898804,182,25,-12.658717326764135
2,COM6,2,1,139,11.693868830932116,0,117,10.005243062973022,182,25,-12.763438892617641
2,COM6,2,1,138,8.994898756582193,0,90,10.005671262741089,181,25,-12.422319844459805
2,COM6,2,1,137,9.894118686506939,0,99,10.00594425201416,181,25,-12.444490464173223
2,COM6,2,1,136,9.49473571588819,0,95,10.005544424057007,180,26,-12.3439675559335
2,COM6,2,1,135,10.89485376256123,0,109,10.00472354888916,180,26,-12.5148281058597
2,COM6,2,1,134,8.795074360448671,0,88,10.005600452423096,180,26,-12.116394963839852
2,COM6,2,1,133,9.794993332337095,0,98,10.005111455917358,179,26,-12.12795261609401
2,COM6,2,1,132,10.195504725721054,0,102,10.004409074783325,179,27,-12.232321122857673
2,COM6,2,1,131,10.894219521154325,0,109,10.005306005477905,178,27,-12.40486628654816
2,COM6,2,1,130,10.295272961456973,0,103,10.004591464996338,178,27,-12.528594355559461
2,COM6,2,1,129,9.593610898656078,0,96,10.006659746170044,177,28,-12.487318723481595
2,COM6,2,1,128,9.493779241206978,0,95,10.006552457809448,177,28,-12.418520301471727
2,COM6,2,1,127,8.894473696124054,0,89,10.006213188171387,176,28,-12.12054305071994
2,COM6,2,1,126,9.593685644009387,0,96,10.006581783294678,176,28,-12.098398822076962
2,COM6,2,1,125,9.395163208028055,0,94,10.00514817237854,175,29,-12.01918026819243
2,COM6,2,1,124,7.395675236546355,0,74,10.005847692489624,175,29,-10.94824369898925
2,COM6,2,1,123,9.394497203652874,0,94,10.005857467651367,174,29,-10.900074542030397
2,COM6,2,1,122,9.295039016165354,0,93,10.005337238311768,174,30,-10.829302933492103
2,COM6,2,1,121,9.394766280438692,0,94,10.005570888519287,174,30,-10.791833758809592
2,COM6,2,1,120,11.095241084406174,0,111,10.004289150238037,173,30,-10.954326414555792
2,COM6,2,1,119,7.1961851316356205,0,72,10.005301237106323,173,30,-9.986849423846625
2,COM6,2,1,118,8.094562909106296,0,81,10.006716966629028,172,31,-9.564633306655725
2,COM6,2,1,117,7.096361897709692,0,71,10.005126714706421,172,31,-8.770266734927352
2,COM6,2,1,116,7.596001612577379,0,76,10.005263805389404,171,31,-8.281061940028087
2,COM6,2,1,115,9.09462666646429,0,91,10.005908250808716,171,31,-8.239695043773777
2,COM6,2,1,114,6.896281309261999,0,69,10.00539231300354,171,32,-7.572082388736529
2,COM6,2,1,113,8.394661550342267,0,84,10.006359338760376,170,32,-7.412018277794168
2,COM6,2,1,112,9.194049071212167,0,92,10.00647258758545,170,32,-7.411036801482707
2,COM6,2,1,111,6.595647408375348,0,66,10.006599187850952,169,32,-6.776937031492686
2,COM6,2,1,110,7.495939904147567,0,75,10.00541639328003,169,33,-6.4696891101594876
2,COM6,2,1,109,9.394687704842193,0,94,10.005654573440552,169,33,-6.509669611358568
2,COM6,2,1,108,7.695317645034339,0,77,10.006084680557251,168,33,-6.276208237979974
2,COM6,2,1,107,7.994724131364059,0,80,10.006599187850952,168,33,-6.118999575240214
2,COM6,2,1,106,6.796468814649371,0,68,10.005195617675781,167,34,-5.7293122728843855
2,COM6,2,1,105,7.195324064540215,0,72,10.006498575210571,167,34,-5.463623519188918
2,COM6,2,1,104,7.795155979503399,0,78,10.006214141845703,167,34,-5.322662721583766
2,COM6,2,1,103,7.395575495340715,0,74,10.005982637405396,166,34,-5.129396804048333
2,COM6,2,1,102,5.79671999083656,0,58,10.005658388137817,166,35,-4.665448476533312
2,COM6,2,1,101,5.496354899218638,0,55,10.006631851196289,166,35,-4.215582195799439
2,COM6,2,1,100,5.297223642651167,0,53,10.00524115562439,165,35,-3.802092650977354
2,COM6,2,1,99,5.19716989134983,0,52,10.00544548034668,165,35,-3.436749732111547
2,COM6,2,1,98,6.196782900150995,0,62,10.005191564559937,165,35,-3.238230939440058
2,COM6,2,1,97,4.697394221512034,0,47,10.005547285079956,165,36,-2.896964210305511
2,COM6,2,1,96,6.4963670066712265,0,65,10.005592346191406,164,36,-2.7717762475314602
2,COM6,2,1,95,6.19610828693602,0,62,10.006280899047852,164,36,-2.6330498813116763
2,COM6,2,1,94,5.096749447638408,0,51,10.006377696990967,164,36,-2.417765303090353
2,COM6,2,1,93,3.29783431176464,0,33,10.006567001342773,163,36,-2.079983929883262
2,COM6,2,1,92,4.897330832890513,0,49,10.005450248718262,163,37,-1.9128053591903242
2,COM6,2,1,91,4.29773365800267,0,43,10.005273342132568,163,37,-1.7278031013317947
2,COM6,2,1,90,3.7972874087014317,0,38,10.007143497467041,163,37,-1.537689025839343
2,COM6,2,1,89,3.697916656241727,0,37,10.00563383102417,162,37,-1.3677685149576964
2,COM6,2,1,88,2.798140778890445,0,28,10.006644487380981,162,37,-1.1791112421484446
2,COM6,2,1,87,4.597123005824568,0,46,10.006258249282837,162,37,-1.0863266506120635
2,COM6,2,1,86,3.897504811306162,0,39,10.006402015686035,162,38,-0.9781235634999177
2,COM6,2,1,85,2.9981422729603775,0,30,10.00619626045227,162,38,-0.8521360391800952
2,COM6,2,1,84,2.0987883053108907,0,21,10.005773305892944,162,38,-0.7150432446115953
2,COM6,2,1,83,1.699048213081013,0,17,10.00560188293457,161,38,-0.5868780277835179
2,COM6,2,1,82,2.3985218193409885,0,24,10.006162881851196,161,38,-0.4924103314727093
2,COM6,2,1,81,1.599086710878394,0,16,10.005711317062378,161,38,-0.3930715091450938
2,COM6,2,1,80,1.3992758588363672,0,14,10.005175113677979,161,38,-0.3030468586505606
2,COM6,2,1,79,1.5991134218332455,0,16,10.005544185638428,161,38,-0.2273114806458394
2,COM6,2,1,78,1.1992351641502137,0,12,10.006377696990967,161,38,-0.15485089665265184
2,COM6,2,1,77,0.899509959159689,0,9,10.00544786453247,161,38,-0.08732240990107853
2,COM6,2,1,76,1.4991924463524713,0,15,10.005386590957642,161,38,-0.03376691388804298
2,COM6,2,1,75,1.0993271892321685,0,11,10.006120204925537,161,38,0.018254898711958845
2,COM6,2,1,74,0.29984144727089357,0,3,10.005287885665894,161,38,0.07147333821755131
2,COM6,2,1,73,0.39978104185834956,0,4,10.005476951599121,161,39,0.1180535696087679
2,COM6,2,1,72,0.999351255036065,0,10,10.006491661071777,161,39,0.15609186970497724
2,COM6,2,1,71,0.29983978964029245,0,3,10.005343198776245,161,39,0.1946937684990978
2,COM6,2,1,70,0.19989269295038053,0,2,10.00536823272705,161,39,0.23006114960922275
2,COM6,2,1,69,0.2998397039012771,0,3,10.005346059799194,161,39,0.26170621647348535
2,COM6,2,1,68,0.09994538668829181,0,1,10.005464315414429,161,39,0.29132338867216967
2,COM6,2,1,67,0.19988311450125285,0,2,10.005847692489624,160,39,0.3180389381482318
2,COM6,2,1,66,0.0,0,0,10.006513833999634,160,39,0.3180389381482318
2,COM6,2,1,65,0.09994450789213677,0,1,10.005552291870117,160,39,0.34288879890759505
2,COM6,2,1,64,0.09994660131004436,0,1,10.005342721939087,160,39,0.3657463424194014
2,COM6,2,1,63,0.0,0,0,10.006723642349243,160,39,0.3657463424194014
2,COM6,2,1,62,0.0,0,0,10.00545597076416,160,39,0.3657463424194014
2,COM6,2,1,61,0.09994626549990122,0,1,10.00537633895874,160,39,0.38688738374971543
2,COM6,2,1,60,0.0,0,0,10.005531787872314,160,39,0.38688738374971543
2,COM6,2,1,59,0.0,0,0,10.005642414093018,160,39,0.38688738374971543
2,COM6,2,1,58,0.0,0,0,10.005765914916992,160,39,0.38688738374971543
2,COM6,2,1,57,0.0,0,0,10.006565570831299,160,39,0.38688738374971543
2,COM6,2,2,231,13.492092868452087,0,135,10.005860567092896,,,
2,COM6,2,2,230,11.793222059941842,0,118,10.005747318267822,,,
2,COM6,2,2,229,10.59429253020257,0,106,10.005387306213379,,,
2,COM6,2,2,228,10.194746950361939,0,102,10.005152702331543,,,
2,COM6,2,2,227,11.193012746507126,0,112,10.006242513656616,229,1,-15.675374614026826
2,COM6,2,2,226,10.694087827002226,0,107,10.005528450012207,229,2,-17.05506783689901
2,COM6,2,2,225,13.192514089695578,0,132,10.005674362182617,228,2,-16.35478496518626
2,COM6,2,2,224,10.194404907203584,0,102,10.005488395690918,228,2,-14.022011255761146
2,COM6,2,2,223,10.8939973074967,0,109,10.005510091781616,227,3,-14.516901852979704
2,COM6,2,2,222,12.29364317576418,0,123,10.005170822143555,227,3,-15.750271875449787
2,COM6,2,2,221,9.394854483671216,0,94,10.005476951599121,226,3,-11.692316044547098
2,COM6,2,2,220,11.393929111295241,0,114,10.005328178405762,226,3,-12.836174030997249
2,COM6,2,2,219,12.99392576450194,0,130,10.004674673080444,225,4,-13.046439594428879
2,COM6,2,2,218,12.293265572474986,0,123,10.005478143692017,224,4,-13.978969060162125
2,COM6,2,2,217,12.39307438682192,0,124,10.005588293075562,224,4,-14.743596664023686
2,COM6,2,2,216,11.292869099662195,0,113,10.006314516067505,223,5,-15.28406765959528
2,COM6,2,2,215,10.194396405002658,0,102,10.005496740341187,223,5,-14.122031918860749
2,COM6,2,2,214,10.393566813753798,0,104,10.006189584732056,223,5,-13.595481645476603
2,COM6,2,2,213,11.793646963608365,0,118,10.00538682937622,222,6,-14.338660618655375
2,COM6,2,2,212,8.795247052438484,0,88,10.005403995513916,222,6,-10.79850021451983
2,COM6,2,2,211,9.39386956697018,0,94,10.006525993347168,221,6,-9.562945693957753
2,COM6,2,2,210,11.993343233335684,0,120,10.005550384521484,221,6,-10.21415517345738
2,COM6,2,2,209,12.19291937500913,0,122,10.005807161331177,220,7,-10.858181762712519
2,COM6,2,2,208,10.29455046882488,0,103,10.005293607711792,220,7,-10.83856569810857
2,COM6,2,2,207,11.193924653510749,0,112,10.005427360534668,219,7,-11.411491276403341
2,COM6,2,2,206,11.094360643174351,0,111,10.005083084106445,219,8,-11.950919913139899
2,COM6,2,2,205,12.093468443378262,0,121,10.005400896072388,218,8,-12.573978727558007
2,COM6,2,2,204,12.192019950778276,0,122,10.006545305252075,218,8,-13.14421975974752
2,COM6,2,2,203,9.99457629797177,0,100,10.00542664527893,217,8,-12.731345713800145
2,COM6,2,2,202,9.594650123538036,0,96,10.005575895309448,217,9,-11.942869804425458
2,COM6,2,2,201,10.794196159558526,0,108,10.005376815795898,216,9,-12.259827302127785
2,COM6,2,2,200,12.193427829195628,0,122,10.005389928817749,216,9,-12.71487417393665
2,COM6,2,2,199,10.494136819786194,0,105,10.005587100982666,215,10,-12.827657146094726
2,COM6,2,2,198,10.493676729544104,0,105,10.006025791168213,215,10,-12.948228204972297
2,COM6,2,2,197,12.093790631741177,0,121,10.005134344100952,214,10,-13.384344284881655
2,COM6,2,2,196,11.692618628596115,0,117,10.006312847137451,214,10,-13.870227022629823
2,COM6,2,2,195,10.592978682509603,0,106,10.006628274917603,213,11,-14.017454095733054
2,COM6,2,2,194,10.494049799625047,0,105,10.005670070648193,213,11,-14.104145901982184
2,COM6,2,2,193,8.39567355899086,0,84,10.005153179168701,212,11,-11.860618714715832
2,COM6,2,2,192,11.19391931872945,0,112,10.00543212890625,212,12,-12.228193358212867
2,COM6,2,2,191,10.294402302901213,0,103,10.00543761253357,211,12,-12.25564540306757
2,COM6,2,2,190,11.094208364811994,0,111,10.005220413208008,211,12,-12.60887539466356
2,COM6,2,2,189,11.492889666701288,0,115,10.006186723709106,210,12,-13.012889408511686
2,COM6,2,2,188,8.694958782013392,0,87,10.005797863006592,210,13,-11.639068448087404
2,COM6,2,2,187,11.793650335982152,0,118,10.005383968353271,209,13,-11.999418674984168
2,COM6,2,2,186,11.094235066097603,0,111,10.005196332931519,209,13,-12.329527037672362
2,COM6,2,2,185,11.892691940258308,0,119,10.006145000457764,208,14,-12.674013333956712
2,COM6,2,2,184,9.09479960015272,0,91,10.005717992782593,208,14,-11.86618281997449
2,COM6,2,2,183,10.693281872972614,0,107,10.006282567977905,207,14,-12.084536823303488
2,COM6,2,2,182,8.795229447604823,0,88,10.00542402267456,207,14,-11.144509340376674
2,COM6,2,2,181,10.394519853174371,0,104,10.005272150039673,206,15,-11.272247631983717
2,COM6,2,2,180,9.894673682632291,0,99,10.005383014678955,206,15,-11.192746807350987
2,COM6,2,2,179,11.093309055984061,0,111,10.006031513214111,206,15,-11.494012833485291
2,COM6,2,2,178,10.094589172511663,0,101,10.005360126495361,205,16,-11.517937872872936
2,COM6,2,2,177,10.992757204881741,0,110,10.006588697433472,205,16,-11.80863226892927
2,COM6,2,2,176,10.894005873976717,0,109,10.005502223968506,204,16,-12.084758484404242
2,COM6,2,2,175,10.293625973372926,0,103,10.006192207336426,204,16,-12.194737100676543
2,COM6,2,2,174,9.295110337388893,0,93,10.005260467529297,203,17,-11.786813179793052
2,COM6,2,2,173,12.593022097907603,0,126,10.0055410861969,203,17,-11.882433226581187
2,COM6,2,2,172,10.394355634595549,0,104,10.005430221557617,202,17,-12.023737274702373
2,COM6,2,2,171,10.294505822352567,0,103,10.005336999893188,202,18,-12.133942931878098
2,COM6,2,2,170,9.4957141074236,0,95,10.004513502120972,201,18,-11.886865306873316
2,COM6,2,2,169,11.793535114303873,0,118,10.005481719970703,201,18,-12.153548192650392
2,COM6,2,2,168,12.19355567577684,0,122,10.005285024642944,200,19,-12.344445438817765
2,COM6,2,2,167,10.59457982792979,0,106,10.005115985870361,199,19,-12.529015610421707
2,COM6,2,2,166,10.493344689478171,0,105,10.00634241104126,199,19,-12.68714220148435
2,COM6,2,2,165,10.793551616277679,0,108,10.005974292755127,199,19,-12.911393185892981
2,COM6,2,2,164,11.593773980971637,0,116,10.005370140075684,198,20,-13.175647020324774
2,COM6,2,2,163,11.29411558370946,0,113,10.005210161209106,197,20,-13.443476253229766
2,COM6,2,2,162,10.19430798295372,0,102,10.00558352470398,197,20,-13.492666671024852
2,COM6,2,2,161,9.494820785409226,0,95,10.005454778671265,197,21,-13.217761053047296
2,COM6,2,2,160,10.294232800427807,0,103,10.005602359771729,196,21,-13.30721474938641
2,COM6,2,2,159,9.794964622802809,0,98,10.005140781402588,196,21,-13.205132377051477
2,COM6,2,2,158,9.694854055980485,0,97,10.005307912826538,195,21,-13.065761231823833
2,COM6,2,2,157,10.894276893208863,0,109,10.005253314971924,195,22,-13.285457155502515
2,COM6,2,2,156,12.593188341524503,0,126,10.005409002304077,194,22,-13.282429350673006
2,COM6,2,2,155,9.994497229468344,0,100,10.005505800247192,194,22,-13.266803171206437
2,COM6,2,2,154,10.694326859173378,0,107,10.00530481338501,193,23,-13.444593159360268
2,COM6,2,2,153,11.692187096410963,0,117,10.00668215751648,193,23,-13.650825762871522
2,COM6,2,2,152,8.39533266146183,0,84,10.00555944442749,192,23,-12.720723796999387
2,COM6,2,2,151,11.593728949340017,0,116,10.005409002304077,192,24,-12.922696956376182
2,COM6,2,2,150,8.895045941515116,0,89,10.005569458007812,191,24,-12.413807978772729
2,COM6,2,2,149,8.695431808474071,0,87,10.005253553390503,191,24,-11.843190664858904
2,COM6,2,2,148,10.79451382991523,0,108,10.005082368850708,190,24,-12.012766901319004
2,COM6,2,2,147,9.494835491730967,0,95,10.005439281463623,190,25,-11.859358883872417
2,COM6,2,2,146,8.994071933779495,0,90,10.006591081619263,189,25,-11.507583045925646
2,COM6,2,2,145,9.894821283416425,0,99,10.005233764648438,189,25,-11.506225492335599
2,COM6,2,2,144,8.695131576777719,0,87,10.005599021911621,188,25,-11.053773041671255
2,COM6,2,2,143,10.594367003952142,0,106,10.005316972732544,188,26,-11.196595762107902
2,COM6,2,2,142,10.293441290414659,0,103,10.00637173652649,188,26,-11.294752175262746
2,COM6,2,2,141,10.593271966650018,0,106,10.006351232528687,187,26,-11.439806636157211
2,COM6,2,2,140,10.993886437242931,0,110,10.005560874938965,186,27,-11.619724781105681
2,COM6,2,2,139,11.094135135213063,0,111,10.005286455154419,186,27,-11.803581465874133
2,COM6,2,2,138,10.09354844235918,0,101,10.006391763687134,185,27,-11.862480239481625
2,COM6,2,2,137,11.194276226807592,0,112,10.005113124847412,185,28,-12.047535619451462
2,COM6,2,2,136,11.992343926588958,0,120,10.006384134292603,184,28,-12.170962400587532
2,COM6,2,2,135,9.29514400493059,0,93,10.005224227905273,184,28,-11.985841878245676
2,COM6,2,2,134,10.69383045889272,0,107,10.0057692527771,183,28,-12.139050127435784
2,COM6,2,2,133,8.894754722992932,0,89,10.005897045135498,183,29,-11.803818565744827
2,COM6,2,2,132,9.594789816549737,0,96,10.005430221557617,183,29,-11.739786033249812
2,COM6,2,2,131,8.695392025028697,0,87,10.00529932975769,182,29,-11.355533330211813
2,COM6,2,2,130,8.995267425387476,0,90,10.005261182785034,182,29,-11.117012253705377
2,COM6,2,2,129,11.992948005755759,0,120,10.005880117416382,181,30,-11.229749435730747
2,COM6,2,2,128,8.595132646784153,0,86,10.00566291809082,181,30,-10.853824655411639
2,COM6,2,2,127,8.894889944360273,0,89,10.005744934082031,180,30,-10.615209666132671
2,COM6,2,2,126,8.895263838004343,0,89,10.005324363708496,180,31,-10.392496021478834
2,COM6,2,2,125,9.694449786598073,0,97,10.005725145339966,179,31,-10.392596020839141
2,COM6,2,2,124,8.995355095847467,0,90,10.005163669586182,179,31,-10.219056860789737
2,COM6,2,2,123,11.193855301750482,0,112,10.005489349365234,178,31,-10.37327392523825
2,COM6,2,2,122,10.69425423099767,0,107,10.005372762680054,178,32,-10.512490271508794
2,COM6,2,2,121,10.193572244674511,0,102,10.006305694580078,177,32,-10.60219273675436
2,COM6,2,2,120,9.894641380811569,0,99,10.005415678024292,177,32,-10.646232577267627
2,COM6,2,2,119,8.995239559829008,0,90,10.005292177200317,176,33,-10.480483096045072
2,COM6,2,2,118,9.194084340236426,0,92,10.006434202194214,176,33,-10.378302511938662
2,COM6,2,2,117,9.095190567217104,0,91,10.005287885665894,176,33,-10.256554010183292
2,COM6,2,2,116,10.094865806641883,0,101,10.005085945129395,175,33,-10.338110030062285
2,COM6,2,2,115,10.19451106444911,0,102,10.00538420677185,175,34,-10.433198609286219
2,COM6,2,2,114,10.194604348613385,0,102,10.005292654037476,174,34,-10.529025026554647
2,COM6,2,2,113,10.694491741535845,0,107,10.005150556564331,174,34,-10.66912951793057
2,COM6,2,2,112,9.49457621464484,0,95,10.005712509155273,173,35,-10.648467026269662
2,COM6,2,2,111,8.994000145814898,0,90,10.006670951843262,173,35,-10.509507136824096
2,COM6,2,2,110,8.395538116927995,0,84,10.005314588546753,172,35,-10.200239539063325
2,COM6,2,2,109,9.195113394795179,0,92,10.005314350128174,172,35,-10.129344555106714
2,COM6,2,2,108,8.495472245536405,0,85,10.005329608917236,171,36,-9.880631103351122
2,COM6,2,2,107,9.49476354431374,0,95,10.005515098571777,171,36,-9.880480842171684
2,COM6,2,2,106,8.5955416677241,0,86,10.005186796188354,171,36,-9.67956392452107
2,COM6,2,2,105,8.294818190902756,0,83,10.00624704360962,170,37,-9.408235105645577
2,COM6,2,2,104,8.094845651559444,0,81,10.006367444992065,170,37,-9.099181711511498
2,COM6,2,2,103,8.994442463615249,0,90,10.006178855895996,169,37,-9.026250446314707
2,COM6,2,2,102,6.7955289502880065,0,68,10.006579399108887,169,37,-8.340341266112683
2,COM6,2,2,101,8.995175255352981,0,90,10.005363702774048,168,38,-8.288179403966533
2,COM6,2,2,100,8.195585568686301,0,82,10.005386352539062,168,38,-8.082378571272516
2,COM6,2,2,99,6.196752628736982,0,62,10.005240440368652,168,38,-7.3454321130943825
2,COM6,2,2,98,6.5963383067894705,0,66,10.005551099777222,167,38,-6.829453971413855
2,COM6,2,2,97,7.895827788560918,0,79,10.005284070968628,167,38,-6.644759396610829
2,COM6,2,2,96,5.596873770744777,0,56,10.005585670471191,167,39,-5.978212390599241
2,COM6,2,2,95,6.296580667070058,0,63,10.005430459976196,166,39,-5.564395981951956
2,COM6,2,2,94,6.9959476816910104,0,70,10.005792379379272,166,39,-5.315819194702653
2,COM6,2,2,93,4.897424543067302,0,49,10.005258798599243,166,39,-4.728965227486597
2,COM6,2,2,92,6.5964073102808936,0,66,10.005446434020996,165,39,-4.4929537005512685
2,COM6,2,2,91,4.897418357851693,0,49,10.005271434783936,165,40,-4.045799816035976
2,COM6,2,2,90,4.6973720589789405,0,47,10.005594491958618,165,40,-3.6406180906291903
2,COM6,2,2,89,4.896670295393588,0,49,10.006799936294556,165,40,-3.3183783708409864
2,COM6,2,2,88,6.4964283076101905,0,65,10.005497932434082,164,40,-3.180802901369016
2,COM6,2,2,87,5.39702194509751,0,54,10.005517959594727,164,40,-2.9639267611208284
2,COM6,2,2,86,5.297143235683651,0,53,10.005393028259277,164,41,-2.7614470849673283
2,COM6,2,2,85,4.797362328227728,0,48,10.005498170852661,163,41,-2.5422490456240747
2,COM6,2,2,84,4.597567872144052,0,46,10.005290031433105,163,41,-2.3339501024431155
2,COM6,2,2,83,3.2981223924997303,0,33,10.005692958831787,163,41,-2.0638805950073693
2,COM6,2,2,82,3.6979512859813606,0,37,10.005540132522583,163,41,-1.857686084178288
2,COM6,2,2,81,2.7984858980063567,0,28,10.005410432815552,163,41,-1.6311510421177187
2,COM6,2,2,80,3.7979515728835636,0,38,10.005393505096436,162,42,-1.4823197429121082
2,COM6,2,2,79,2.798507037318539,0,28,10.005334854125977,162,42,-1.3099756528289594
2,COM6,2,2,78,2.898365451422025,0,29,10.005639553070068,162,42,-1.1637507389854695
2,COM6,2,2,77,2.998320233134313,0,30,10.005602359771729,162,42,-1.0382188858225079
2,COM6,2,2,76,2.7981593128776168,0,28,10.006578207015991,162,42,-0.9210090198416403
2,COM6,2,2,75,1.3990798231124788,0,14,10.006577014923096,162,42,-0.7807070100357831
2,COM6,2,2,74,1.099382277914438,0,11,10.005618810653687,162,42,-0.6532869374068242
2,COM6,2,2,73,1.3992418153586945,0,14,10.005418539047241,162,42,-0.5493456484062804
2,COM6,2,2,72,1.1993126612245912,0,12,10.005731105804443,162,42,-0.4547058434448077
2,COM6,2,2,71,0.7995512238761784,0,8,10.005612850189209,161,42,-0.36543002338928754
2,COM6,2,2,70,0.7995637031918775,0,8,10.005456686019897,161,42,-0.2870160379057429
2,COM6,2,2,69,0.8995393679965537,0,9,10.005120754241943,161,42,-0.2187157494553138
2,COM6,2,2,68,0.7995454130300396,0,8,10.005685567855835,161,42,-0.156653503471327
2,COM6,2,2,67,0.6995455451723371,0,7,10.00649642944336,161,43,-0.10006400232475854
2,COM6,2,2,66,0.3997809751742237,0,4,10.005478620529175,161,43,-0.04673277571644574
2,COM6,2,2,65,0.3997765073884667,0,4,10.005590438842773,161,43,0.001260333410847081
2,COM6,2,2,64,0.0,0,0,10.00577688217163,161,43,0.001260333410847081
2,COM6,2,2,63,0.3997799844412599,0,4,10.005503416061401,161,43,0.044755046241372054
2,COM6,2,2,62,0.39979554142085366,0,4,10.005114078521729,161,43,0.08430098641286154
2,COM6,2,2,61,0.199891035350984,0,2,10.005451202392578,161,43,0.12138101850439231
2,COM6,2,2,60,0.09993789955434597,0,1,10.006213903427124,161,43,0.1556803639122043
2,COM6,2,2,59,0.09994481273024482,0,1,10.005521774291992,161,43,0.18708329977912486
2,COM6,2,2,58,0.0,0,0,10.00553274154663,161,43,0.18708329977912486
2,COM6,2,2,57,0.0,0,0,10.006322145462036,161,43,0.18708329977912486
2,COM6,2,2,56,0.0,0,0,10.005162239074707,161,43,0.18708329977912486
2,COM6,2,2,55,0.0,0,0,10.005285024642944,161,43,0.18708329977912486
2,COM6,3,0,228,30.381462421743933,0,304,10.006101608276367,,,
2,COM6,3,0,227,10.89413878593818,0,109,10.005380153656006,,,
2,COM6,3,0,226,10.893936823339367,0,109,10.005565643310547,,,
2,COM6,3,0,225,9.39490395879825,0,94,10.00542426109314,,,
2,COM6,3,0,224,11.19359203962175,0,112,10.005724668502808,227,2,-1.7050809067008648
2,COM6,3,0,223,11.39407898555829,0,114,10.005196571350098,226,2,-2.4000019964370254
2,COM6,3,0,222,8.895066925245567,0,89,10.005545854568481,226,2,-2.6536896050979775
2,COM6,3,0,221,9.395188506862464,0,94,10.005121231079102,225,2,-3.046652330675381
2,COM6,3,0,220,9.394860080378903,0,94,10.005470991134644,225,3,-3.47402415611434
2,COM6,3,0,219,9.894652226654863,0,99,10.005404710769653,224,3,-3.987211232971579
2,COM6,3,0,218,9.794449747047715,0,98,10.005666732788086,224,3,-4.481165782087414
2,COM6,3,0,217,7.795450195770443,0,78,10.005836486816406,223,4,-4.681466296928938
2,COM6,3,0,216,8.895460759481544,0,89,10.00510287284851,223,4,-5.101275154583727
2,COM6,3,0,215,7.596063336640631,0,76,10.00518250465393,223,4,-5.3379384442532585
2,COM6,3,0,214,9.095167376991185,0,91,10.005313396453857,222,5,-5.837002783478803
2,COM6,3,0,213,8.994579625258254,0,90,10.006026268005371,222,5,-6.321773683099287
2,COM6,3,0,212,8.595320664595237,0,86,10.005444049835205,221,5,-6.7511817051974745
2,COM6,3,0,211,8.695058438587175,0,87,10.005683183670044,221,6,-7.199206510562311
2,COM6,3,0,210,10.093441904097308,0,101,10.006497383117676,220,6,-7.8018721842017555
2,COM6,3,0,209,9.395062685687115,0,94,10.005255222320557,220,6,-8.305668845150924
2,COM6,3,0,208,8.99509937725378,0,90,10.00544810295105,219,6,-8.749200044038538
2,COM6,3,0,207,8.196103517910311,0,82,10.004754066467285,219,7,-9.077429273672905
2,COM6,3,0,206,8.295445351338483,0,83,10.00549054145813,218,7,-9.430544337184559
2,COM6,3,0,205,9.095022820024775,0,91,10.005472421646118,218,7,-9.895045450369409
2,COM6,3,0,204,9.094821704932796,0,91,10.005693674087524,217,8,-10.352714209456249
2,COM6,3,0,203,10.494214338961264,0,105,10.005513191223145,217,8,-10.912981920455639
2,COM6,3,0,202,9.594513863897374,0,96,10.005717992782593,216,8,-11.385393127777466
2,COM6,3,0,201,8.195199883567343,0,82,10.005857229232788,216,9,-11.676518522426791
2,COM6,3,0,200,10.094687075205202,0,101,10.005263090133667,215,9,-12.178340354932867
2,COM6,3,0,199,8.595540848414405,0,86,10.005187749862671,215,9,-12.518868280120211
2,COM6,3,0,198,7.89583418572674,0,79,10.005275964736938,214,9,-12.755588354493666
2,COM6,3,0,197,10.194184583317636,0,102,10.005704641342163,214,10,-13.253099766631603
2,COM6,3,0,196,8.29549496687995,0,83,10.005430698394775,213,10,-13.549431111364598
2,COM6,3,0,195,9.094354276736793,0,91,10.006207942962646,213,10,-13.955144142271937
2,COM6,3,0,194,7.9957629721684595,0,80,10.005299091339111,212,11,-14.208724616686423
2,COM6,3,0,193,8.99507729996816,0,90,10.005472660064697,212,11,-14.610956115400887
2,COM6,3,0,192,7.295376798741566,0,73,10.00633716583252,212,11,-14.74080398242622
2,COM6,3,0,191,9.095209639641062,0,91,10.005266904830933,211,12,-15.16620186745049
2,COM6,3,0,190,7.096222728046742,0,71,10.005322933197021,211,12,-15.268129824737706
2,COM6,3,0,189,7.195998909698175,0,72,10.005560159683228,210,12,-15.41243661740365
2,COM6,3,0,188,7.396180151595024,0,74,10.005164623260498,210,12,-15.615136678656935
2,COM6,3,0,187,7.795666785825617,0,78,10.005558490753174,209,13,-15.904777924590341
2,COM6,3,0,186,8.095670654945602,0,81,10.005347728729248,209,13,-16.25106957863623
2,COM6,3,0,185,7.095451728935619,0,71,10.006410121917725,209,13,-16.419217545802585
2,COM6,3,0,184,6.89627407868154,0,69,10.00540280342102,208,13,-16.559043859806604
2,COM6,3,0,183,7.495838449141343,0,75,10.005551815032959,208,14,-16.836881736875736
2,COM6,3,0,182,7.69576543401595,0,77,10.005502462387085,207,14,-17.158539884999243
2,COM6,3,0,181,6.896958421708909,0,69,10.004410028457642,207,14,-17.330053569994632
2,COM6,3,0,180,8.294898236041185,0,83,10.006150484085083,206,15,-17.757783420090256
2,COM6,3,0,179,9.195117338815448,0,92,10.00531005859375,206,15,-18.27236870185157
2,COM6,3,0,178,8.195329547830063,0,82,10.005698919296265,205,15,-18.679501360766746
2,COM6,3,0,177,8.59525041296908,0,86,10.005525827407837,205,16,-19.13534227851918
2,COM6,3,0,176,7.995682377572783,0,80,10.005399942398071,204,16,-19.511699077827796
2,COM6,3,0,175,9.095002664770787,0,91,10.005494594573975,204,16,-20.0088606908215
2,COM6,3,0,174,6.696400267199884,0,67,10.005375623703003,203,16,-20.120826839349032
2,COM6,3,0,173,8.095641139415468,0,81,10.00538420677185,203,17,-20.515225262232498
2,COM6,3,0,172,9.395056193226797,0,94,10.00526213645935,202,17,-21.025431407361047
2,COM6,3,0,171,8.79578780665673,0,88,10.004788875579834,202,17,-21.489076560314036
2,COM6,3,0,170,8.095475817843193,0,81,10.00558853149414,201,18,-21.86879691601029
2,COM6,3,0,169,6.7962268605548175,0,68,10.005551815032959,201,18,-21.997290909041972
2,COM6,3,0,168,9.594689218880998,0,96,10.005535125732422,200,18,-22.49859485450998
2,COM6,3,0,167,7.895627411996702,0,79,10.005537986755371,200,19,-22.84496588234289
2,COM6,3,0,166,7.596051932999149,0,76,10.005197525024414,199,19,-23.142175924104777
2,COM6,3,0,165,8.89518223155131,0,89,10.00541615486145,199,19,-23.604208384764775
2,COM6,3,0,164,7.096201083680797,0,71,10.005353450775146,198,19,-23.797172955331686
2,COM6,3,0,163,7.795617002483545,0,78,10.005622386932373,198,20,-24.131464482763487
2,COM6,3,0,162,7.396049730633124,0,74,10.005341053009033,198,20,-24.395582367408668
2,COM6,3,0,161,6.39646344215337,0,64,10.005528926849365,197,20,-24.425524195889594
2,COM6,3,0,160,7.995336010785677,0,80,10.005833387374878,197,21,-24.8024729624218
2,COM6,3,0,159,6.696398831080583,0,67,10.005377769470215,196,21,-24.92447010150292
2,COM6,3,0,158,7.795913668584732,0,78,10.005241632461548,196,21,-25.27790562186015
2,COM6,3,0,157,7.296005057045457,0,73,10.005475521087646,195,21,-25.544004198976523
2,COM6,3,0,156,6.896259781896625,0,69,10.005423545837402,195,22,-25.727851600381047
2,COM6,3,0,155,7.295843201518376,0,73,10.00569748878479,194,22,-26.003283419635537
2,COM6,3,0,154,7.4964232820815795,0,75,10.00477123260498,194,22,-26.3191634205082
2,COM6,3,0,153,8.095101988357055,0,81,10.00605058670044,194,23,-26.725921743512146
2,COM6,3,0,152,7.595705857818113,0,76,10.005653381347656,193,23,-27.05924762850005
2,COM6,3,0,151,8.695137999737076,0,87,10.005591630935669,193,23,-27.520455080703535
2,COM6,3,0,150,8.195536550487928,0,82,10.005446195602417,192,24,-27.9337260883186
2,COM6,3,0,149,7.895563820433799,0,79,10.005618572235107,192,24,-28.307600323325968
2,COM6,3,0,148,7.295884925134804,0,73,10.005640268325806,191,24,-28.579840909268462
2,COM6,3,0,147,7.596009938932072,0,76,10.005252838134766,191,24,-28.909703179167334
2,COM6,3,0,146,8.994897041914168,0,90,10.005673170089722,190,25,-29.376952363518672
2,COM6,3,0,145,8.095658501465953,0,81,10.005362749099731,190,25,-29.77304143693365
2,COM6,3,0,144,7.096560431075017,0,71,10.004846811294556,189,25,-29.99875158972902
2,COM6,3,0,143,7.595751287437569,0,76,10.005593538284302,189,26,-30.32488290192139
2,COM6,3,0,142,6.296617127171905,0,63,10.005372524261475,188,26,-30.348104694224073
2,COM6,3,0,141,8.995306437459378,0,90,10.005217790603638,188,26,-30.80949935448484
2,COM6,3,0,140,8.195581076954475,0,82,10.005391836166382,187,27,-31.21650861777691
2,COM6,3,0,139,7.396154772020371,0,74,10.005198955535889,187,27,-31.505867769688514
2,COM6,3,0,138,6.096810526452746,0,61,10.005231380462646,186,27,-31.46684406753623
2,COM6,3,0,137,7.496116027986521,0,75,10.005181312561035,186,27,-31.78248394632488
2,COM6,3,0,136,7.696114056027447,0,77,10.005049228668213,185,28,-32.131352629297666
2,COM6,3,0,135,8.594772404698938,0,86,10.00608229637146,185,28,-32.57178691661812
2,COM6,3,0,134,7.8955243113987965,0,79,10.005668640136719,184,28,-32.94472547693322
2,COM6,3,0,133,7.296048347227479,0,73,10.00541615486145,184,29,-33.21980873846644
2,COM6,3,0,132,6.496113765559068,0,65,10.005982398986816,184,29,-33.30671732595856
2,COM6,3,0,131,7.695645138326689,0,77,10.005658864974976,183,29,-33.656515119421556
2,COM6,3,0,130,7.595689206460223,0,76,10.005675315856934,183,29,-33.99096026109187
2,COM6,3,0,129,7.295677181022102,0,73,10.005925178527832,182,30,-34.273178174411214
2,COM6,3,0,128,7.495892570044105,0,75,10.005479574203491,182,30,-34.59308192052571
2,COM6,3,0,127,7.4956180440321045,0,75,10.00584602355957,181,30,-34.913619792216736
2,COM6,3,0,126,7.595951111817196,0,76,10.005330324172974,181,31,-35.251132996238034
2,COM6,3,0,125,7.096236424940281,0,71,10.005303621292114,180,31,-35.49617723999888
2,COM6,3,0,124,7.69527290567363,0,77,10.006142854690552,180,31,-35.850705494673235
2,COM6,3,0,123,7.295883186641258,0,73,10.005642652511597,179,31,-36.138160079061606
2,COM6,3,0,122,7.196055323982025,0,72,10.005481719970703,179,32,-36.4073827137765
2,COM6,3,0,121,6.196516374204069,0,62,10.005621910095215,178,32,-36.41938317843604
2,COM6,3,0,120,6.896829069810337,0,69,10.004597663879395,178,32,-36.63109387844208
2,COM6,3,0,119,7.495948477935915,0,75,10.005404949188232,177,33,-36.9636264686601
2,COM6,3,0,118,5.497081803716623,0,55,10.005308628082275,177,33,-36.74207091424213
2,COM6,3,0,117,8.094783546817615,0,81,10.006444215774536,177,33,-37.15303556434219
2,COM6,3,0,116,5.296887009983156,0,53,10.005877017974854,176,33,-36.86555639389701
2,COM6,3,0,115,7.095945081431585,0,71,10.005714416503906,176,34,-37.13656762494666
2,COM6,3,0,114,6.796255362953238,0,68,10.005509853363037,175,34,-37.344762599061944
2,COM6,3,0,113,5.2972405574574495,0,53,10.00520920753479,175,34,-37.08487241501593
2,COM6,3,0,112,7.695737560289786,0,77,10.005538702011108,175,34,-37.46049575099082
2,COM6,3,0,111,7.795865368244252,0,78,10.005303621292114,174,35,-37.84701221575755
2,COM6,3,0,110,6.496579862119306,0,65,10.005264520645142,174,35,-37.99076034101515
2,COM6,3,0,109,6.096238309295586,0,61,10.006170511245728,173,35,-38.026192827295205
2,COM6,3,0,108,7.595846854307417,0,76,10.005467653274536,173,36,-38.3920486021205
2,COM6,3,0,107,6.696362928298245,0,67,10.005431413650513,172,36,-38.59349649620156
2,COM6,3,0,106,6.9960028597705,0,70,10.00571346282959,172,36,-38.86217775197615
2,COM6,3,0,105,7.5953230760315735,0,76,10.006157636642456,171,37,-39.229890634627544
2,COM6,3,0,104,8.595175861478923,0,86,10.00561261177063,171,37,-39.665706371252334
2,COM6,3,0,103,6.49581194528045,0,65,10.006447315216064,170,37,-39.81571839889487
2,COM6,3,0,102,7.796005069328426,0,78,10.00512433052063,170,38,-40.20364428207951
2,COM6,3,0,101,5.696845773472849,0,57,10.005536794662476,169,38,-40.112130404613744
2,COM6,3,0,100,6.596380431756094,0,66,10.005487203598022,169,38,-40.29544065382158
2,COM6,3,0,99,6.796025731107411,0,68,10.005847930908203,169,38,-40.527226839546906
2,COM6,3,0,98,5.397107853981827,0,54,10.005358695983887,168,39,-40.344387830951256
2,COM6,3,0,97,6.797129660593309,0,68,10.004222869873047,168,39,-40.58406900540096
2,COM6,3,0,96,6.496497195146841,0,65,10.005391836166382,167,39,-40.75657565170808
2,COM6,3,0,95,6.2966855472680905,0,63,10.005263805389404,167,39,-40.88068844222613
2,COM6,3,0,94,5.297198270644284,0,53,10.005289077758789,167,40,-40.686313627556
2,COM6,3,0,93,6.396542243902778,0,64,10.00540566444397,166,40,-40.84764453305584
2,COM6,3,0,92,6.196501313588419,0,62,10.005646228790283,166,40,-40.96004796331709
2,COM6,3,0,91,7.995538149692257,0,80,10.005580425262451,165,41,-41.37485696273973
2,COM6,3,0,90,4.89730971066848,0,49,10.005493402481079,165,41,-41.04235787523535
2,COM6,3,0,89,4.997343759971027,0,50,10.00531530380249,164,41,-40.770172586392725
2,COM6,3,0,88,6.996713417821933,0,70,10.004697322845459,164,41,-41.071523717926574
2,COM6,3,0,87,6.896311053400181,0,69,10.005349159240723,164,42,-41.355686290668395
2,COM6,3,0,86,5.797016839707655,0,58,10.005146026611328,163,42,-41.375584824903406
2,COM6,3,0,85,5.396986707813178,0,54,10.0055832862854,163,42,-41.27338438677438
2,COM6,3,0,84,5.596542777458097,0,56,10.006177425384521,162,42,-41.245949900172775
2,COM6,3,0,83,4.897167694713155,0,49,10.005783557891846,162,43,-40.98212839001845
2,COM6,3,0,82,5.497096736743156,0,55,10.005281448364258,162,43,-40.94210839418901
2,COM6,3,0,81,3.797883879035638,0,38,10.005571842193604,161,43,-40.236194513781776
2,COM6,3,0,80,6.0969161492322455,0,61,10.00505805015564,161,43,-40.38296914427142
2,COM6,3,0,79,4.9973022004669865,0,50,10.005398511886597,161,44,-40.210607180321475
2,COM6,3,0,78,4.897279252978494,0,49,10.005555629730225,160,44,-40.01554985499585
2,COM6,3,0,77,6.096707377064103,0,61,10.005400657653809,160,44,-40.17727849146495
2,COM6,3,0,76,3.8978544767783787,0,39,10.005504369735718,160,44,-39.60943837373403
2,COM6,3,0,75,4.796885681295696,0,48,10.006492376327515,159,44,-39.41714222874232
2,COM6,3,0,74,4.4973018144879395,0,45,10.005999565124512,159,45,-39.13294876963977
2,COM6,3,0,73,5.497262577386111,0,55,10.004979610443115,159,45,-39.17465584613563
2,COM6,3,0,72,4.397523243627925,0,44,10.005632162094116,158,45,-38.87837980451358
2,COM6,3,0,71,4.097788390259973,0,41,10.005397081375122,158,45,-38.48973732014964
2,COM6,3,0,70,5.097284197569773,0,51,10.005327939987183,158,46,-38.44823288428315
2,COM6,3,0,69,4.697507499947278,0,47,10.005306005477905,157,46,-38.29442579596566
2,COM6,3,0,68,2.898597730480452,0,29,10.00483775138855,157,46,-37.46680619353125
2,COM6,3,0,67,3.8978431453332893,0,39,10.005533456802368,157,46,-37.085928222866336
2,COM6,3,0,66,4.597540154490306,0,46,10.005350351333618,156,46,-36.950612587246304
2,COM6,3,0,65,4.997298032646552,0,50,10.005406856536865,156,47,-36.93477183229664
2,COM6,3,0,64,3.598047210057026,0,36,10.005427360534668,156,47,-36.49132664548558
2,COM6,3,0,63,3.897846953434535,0,39,10.005523681640625,155,47,-36.17393661955307
2,COM6,3,0,62,2.9983720320156793,0,30,10.00542950630188,155,47,-35.556718323570095
2,COM6,3,0,61,3.997883296147405,0,40,10.005294561386108,155,48,-35.311589928128726
2,COM6,3,0,60,3.3981757801564694,0,34,10.00536823272705,155,48,-34.889861559048114
2,COM6,3,0,59,3.897844074137785,0,39,10.005531072616577,154,48,-34.64626127024151
2,COM6,3,0,58,3.997823660191699,0,40,10.005443811416626,154,48,-34.4445102097772
2,COM6,3,0,57,3.198377745433894,0,32,10.005072116851807,154,48,-34.0120866551353
2,COM6,3,0,56,3.198358615179259,0,32,10.005131959915161,154,49,-33.60270636722711
2,COM6,3,0,55,2.198590990881088,0,22,10.00640869140625,153,49,-32.87840544626172
2,COM6,3,0,54,3.0984138216595967,0,31,10.005119323730469,153,49,-32.4913689043448
2,COM6,3,0,53,2.198753867669383,0,22,10.005667448043823,153,49,-31.839887045465943
2,COM6,3,0,52,3.1983077801166453,0,32,10.005290985107422,153,49,-31.528425195904163
2,COM6,3,0,51,4.29772638676653,0,43,10.005290269851685,152,49,-31.499300035337512
2,COM6,3,0,50,3.6979933183687668,0,37,10.005426406860352,152,50,-31.3387309600064
2,COM6,3,0,49,2.698509686508696,0,27,10.005522727966309,152,50,-30.924182659100282
2,COM6,3,0,48,3.098365313386442,0,31,10.005275964736938,152,50,-30.63903086988155
2,COM6,3,0,47,3.5980883645745236,0,36,10.0053129196167,151,50,-30.489724670247174
2,COM6,3,0,46,2.7982531199528493,0,28,10.006242752075195,151,50,-30.151818188686942
2,COM6,3,0,45,2.5985890944135885,0,26,10.00542950630188,151,51,-29.778396196029217
2,COM6,3,0,44,2.4985848931280077,0,25,10.005663633346558,151,51,-29.397575324788598
2,COM6,3,0,43,2.1987798023538687,0,22,10.005549430847168,151,51,-28.9570832538789
2,COM6,3,0,42,2.8986433203930226,0,29,10.004680395126343,150,51,-28.712256521080278
2,COM6,3,0,41,2.998435836408124,0,30,10.005216598510742,150,51,-28.501983839650638
2,COM6,3,0,40,1.8989586365795144,0,19,10.005483865737915,150,51,-28.036580638629452
2,COM6,3,0,39,1.9989323596305741,0,20,10.005341053009033,150,52,-27.620626332969227
2,COM6,3,0,38,2.898473954192866,0,29,10.0052649974823,149,52,-27.429951129987654
2,COM6,3,0,37,1.3991999384850338,0,14,10.005717992782593,149,52,-26.898387590896913
2,COM6,3,0,36,2.4985843572934456,0,25,10.00566577911377,149,52,-26.650810078026097
2,COM6,3,0,35,2.1988704999703916,0,22,10.005136728286743,149,52,-26.35064000216374
2,COM6,3,0,34,1.7990695615546883,0,18,10.005171775817871,149,52,-25.976393179058196
2,COM6,3,0,33,1.1993643600854793,0,12,10.005299806594849,149,53,-25.48242616890867
2,COM6,3,0,32,1.299291698820745,0,13,10.005451440811157,149,53,-25.03733953483916
2,COM6,3,0,31,1.3992368140079008,0,14,10.005454301834106,148,53,-24.636695838053235
2,COM6,3,0,30,1.7990169603892527,0,18,10.005464315414429,148,53,-24.33803609284583
2,COM6,3,0,29,1.4991617240925994,0,15,10.005591630935669,148,53,-23.993102486191717
2,COM6,3,0,28,1.3992745917624645,0,14,10.005184173583984,148,53,-23.64432194519545
2,COM6,3,0,27,0.6996618045943654,0,7,10.004833698272705,148,53,-23.168652176334966
2,COM6,3,0,26,1.099392940032693,0,11,10.005521774291992,148,53,-22.79790167768368
2,COM6,3,0,25,1.69920948327429,0,17,10.004652261734009,148,53,-22.555035634775983
2,COM6,3,0,24,1.59916802774588,0,16,10.005202531814575,148,54,-22.30530275015739
2,COM6,3,0,23,0.6996361288424833,0,7,10.005200862884521,148,54,-21.902512965627377
2,COM6,3,0,22,1.2993154770351398,0,13,10.005268335342407,147,54,-21.626927469897442
2,COM6,3,0,21,0.4997341259236339,0,5,10.005320310592651,147,54,-21.22090797110951
2,COM6,3,0,20,0.9994660369168464,0,10,10.005342483520508,147,54,-20.922031696962083
2,COM6,3,0,19,1.399259020278468,0,14,10.005295515060425,147,54,-20.701211754572192
2,COM6,3,0,18,1.0994195569355778,0,11,10.005279541015625,147,54,-20.44196667568766
2,COM6,3,0,17,1.099402973615407,0,11,10.005430459976196,147,54,-20.193566681371635
2,COM6,3,0,16,0.7995811748883177,0,8,10.005238056182861,147,54,-19.908139067640015
2,COM6,3,0,15,0.6996151561526596,0,7,10.005500793457031,147,54,-19.618933161721497
2,COM6,3,0,14,0.6996062206350148,0,7,10.00562858581543,147,54,-19.341825130222627
2,COM6,3,0,13,0.49970660746299306,0,5,10.005871295928955,147,54,-19.04552218439444
2,COM6,3,0,12,0.5996964989284812,0,6,10.005060911178589,147,55,-18.77656148166809
2,COM6,3,0,11,0.3997823755455385,0,4,10.005443572998047,147,55,-18.48889834928001
2,COM6,3,0,10,0.09994258364449744,0,1,10.005744934082031,147,55,-18.16850205297134
2,COM6,3,0,9,0.29983899655627155,0,3,10.005369663238525,147,55,-17.89050388926541
2,COM6,3,0,8,0.09994767305963716,0,1,10.005235433578491,146,55,-17.595176944748154
2,COM6,3,0,7,0.19988788217744574,0,2,10.005609035491943,146,55,-17.32563588032819
2,COM6,3,0,6,0.19989330264902816,0,2,10.005337715148926,146,55,-17.0665718479031
2,COM6,3,0,5,0.4996736512183791,0,5,10.006531238555908,146,55,-16.856665245243942
2,COM6,3,0,4,0.09994382439470041,0,1,10.00562071800232,146,55,-16.60272800055144
2,COM6,3,0,3,0.09994408397973374,0,1,10.005594730377197,146,55,-16.358283404443405
2,COM6,3,0,2,0.5996940838189747,0,6,10.005101203918457,146,55,-16.184616451408033
2,COM6,3,0,1,0.09994617737988283,0,1,10.005385160446167,146,55,-15.956133970358863
2,COM6,3,0,0,0.0999434362104234,0,1,10.005659580230713,146,55,-15.735777467062714
2,COM6,3,1,135,7.896422957511122,0,79,10.00452995300293,,,
2,COM6,3,1,134,8.196596724225225,0,82,10.004152059555054,,,
2,COM6,3,1,133,7.895628728992559,0,79,10.005536317825317,,,
2,COM6,3,1,132,8.995217267506536,0,90,10.005316972732544,,,
2,COM6,3,1,131,7.895873886016996,0,79,10.005225658416748,133,1,-53.955742267936174
2,COM6,3,1,130,8.596289352923996,0,86,10.004316568374634,132,2,-57.94577037382777
2,COM6,3,1,129,9.894794639498699,0,99,10.005260705947876,132,2,-21.794477322098658
2,COM6,3,1,128,7.995489185795701,0,80,10.00564169883728,131,2,-21.137536109536995
2,COM6,3,1,127,7.595850836312515,0,76,10.005462408065796,131,3,-18.009959508758055
2,COM6,3,1,126,7.995711909682837,0,80,10.00536298751831,130,3,-18.8408170463222
2,COM6,3,1,125,8.695135927813666,0,87,10.00559401512146,130,3,-21.22313304437287
2,COM6,3,1,124,8.59512527370427,0,86,10.005671501159668,129,3,-23.76648463561074
2,COM6,3,1,123,8.295206572492182,0,83,10.005778551101685,129,4,-25.954390342860563
2,COM6,3,1,122,9.794789101505017,0,98,10.005320072174072,128,4,-21.675385290233105
2,COM6,3,1,121,9.594726028237796,0,96,10.005496740341187,128,4,-20.745458089449475
2,COM6,3,1,120,8.99458412594555,0,90,10.00602126121521,127,5,-21.783607047408363
2,COM6,3,1,119,8.09552848080838,0,81,10.005523443222046,127,5,-21.697239386503274
2,COM6,3,1,118,6.896456655480251,0,69,10.005137920379639,126,5,-15.901937037999549
2,COM6,3,1,117,7.796465077963171,0,78,10.004534006118774,126,5,-15.522161864293047
2,COM6,3,1,116,7.296176308359288,0,73,10.005240678787231,126,6,-13.917944603130518
2,COM6,3,1,115,9.694536643918697,0,97,10.005635499954224,125,6,-13.711826024642724
2,COM6,3,1,114,7.696095349573161,0,77,10.005073547363281,125,6,-13.494219317906165
2,COM6,3,1,113,7.1960966492922775,0,72,10.00542426109314,124,7,-12.325662040276875
2,COM6,3,1,112,8.195558813660725,0,82,10.0054190158844,124,7,-12.922187925006316
2,COM6,3,1,111,9.594715739879817,0,96,10.005507469177246,123,7,-13.08104518302109
2,COM6,3,1,110,8.095489128198263,0,81,10.005572080612183,123,7,-13.54051842524442
2,COM6,3,1,109,7.795760967245579,0,78,10.00543761253357,122,8,-13.658965351898537
2,COM6,3,1,108,9.894607664537526,0,99,10.005449771881104,121,8,-13.346077028299772
2,COM6,3,1,107,7.795758923837563,0,78,10.00544023513794,121,8,-13.402391271624044
2,COM6,3,1,106,7.396016773631583,0,74,10.005385637283325,121,9,-12.91881811564065
2,COM6,3,1,105,8.495512733719282,0,85,10.005281925201416,120,9,-13.481731139024701
2,COM6,3,1,104,8.495424469976978,0,85,10.005385875701904,120,9,-14.039287711645104
2,COM6,3,1,103,7.49616925974099,0,75,10.005110263824463,119,9,-13.722770162621082
2,COM6,3,1,102,8.695456051689602,0,87,10.005225658416748,119,10,-14.272674243844033
2,COM6,3,1,101,8.095567447985578,0,81,10.005475282669067,118,10,-14.617233519396294
2,COM6,3,1,100,7.596026953713642,0,76,10.00523042678833,118,10,-14.454905202903811
2,COM6,3,1,99,8.79627580009322,0,88,10.004233837127686,117,11,-14.960625350721596
2,COM6,3,1,98,7.895857892961053,0,79,10.005245923995972,117,11,-15.136183083409417
2,COM6,3,1,97,6.196554616684539,0,62,10.005560159683228,116,11,-12.42950204736092
2,COM6,3,1,96,8.195682825652362,0,82,10.00526762008667,116,11,-12.790141272827901
2,COM6,3,1,95,7.39606612112293,0,74,10.005318880081177,115,12,-12.56763213391466
2,COM6,3,1,94,7.995741442011044,0,80,10.00532603263855,115,12,-12.848102705087973
2,COM6,3,1,93,6.996236417715719,0,70,10.005379438400269,114,12,-12.20201942079688
2,COM6,3,1,92,6.9959536828901,0,70,10.005783796310425,114,13,-11.65397311834616
2,COM6,3,1,91,6.696526807685509,0,67,10.005186557769775,114,13,-10.845772675538521
2,COM6,3,1,90,7.995764305898839,0,80,10.005297422409058,113,13,-11.141893783227662
2,COM6,3,1,89,7.695454800086914,0,77,10.005906343460083,113,13,-11.30749538163203
2,COM6,3,1,88,6.5963832610641795,0,66,10.005482912063599,112,14,-10.528008001121913
2,COM6,3,1,87,7.7957988633702096,0,78,10.005388975143433,112,14,-10.761966252843758
2,COM6,3,1,86,7.795772670421218,0,78,10.005422592163086,111,14,-11.003762863925353
2,COM6,3,1,85,7.296609949157733,0,73,10.004646062850952,111,15,-10.966429459195995
2,COM6,3,1,84,7.096206156567219,0,71,10.005346298217773,110,15,-10.796220963651857
2,COM6,3,1,83,6.196804902486297,0,62,10.00515604019165,110,15,-9.807313710481889
2,COM6,3,1,82,6.09661454559847,0,61,10.005553007125854,109,15,-8.909143968852566
2,COM6,3,1,81,8.39603769373632,0,84,10.004719257354736,109,16,-9.251721373152911
2,COM6,3,1,80,6.996366623454283,0,70,10.00519323348999,108,16,-9.149264992699003
2,COM6,3,1,79,7.295967678385909,0,73,10.005526781082153,108,16,-9.218616629171462
2,COM6,3,1,78,6.296434080716292,0,63,10.005663394927979,108,17,-8.673859154520006
2,COM6,3,1,77,6.796474645081082,0,68,10.005187034606934,107,17,-8.522009587276163
2,COM6,3,1,76,7.396135208717121,0,74,10.005225419998169,107,17,-8.659374247930057
2,COM6,3,1,75,8.195646109899979,0,82,10.005312442779541,106,17,-8.97558535381657
2,COM6,3,1,74,7.795686476427438,0,78,10.005533218383789,106,18,-9.233191790559932
2,COM6,3,1,73,6.496373663030326,0,65,10.005582094192505,105,18,-8.914112371575465
2,COM6,3,1,72,7.496201949414563,0,75,10.005066633224487,105,18,-9.092482322851614
2,COM6,3,1,71,7.895660148881142,0,79,10.005496501922607,104,19,-9.367144696020564
2,COM6,3,1,70,6.796277063803245,0,68,10.005477905273438,104,19,-9.248781408558253
2,COM6,3,1,69,7.794837827436145,0,78,10.006622552871704,103,19,-9.502665260588115
2,COM6,3,1,68,7.196271043899819,0,72,10.005181789398193,103,20,-9.578393966231044
2,COM6,3,1,67,6.596827806948701,0,66,10.0048086643219,102,20,-9.363228182936975
2,COM6,3,1,66,5.597608843859304,0,56,10.004271745681763,102,20,-8.502992372104385
2,COM6,3,1,65,6.496082808342252,0,65,10.006030082702637,101,20,-8.312172076541877
2,COM6,3,1,64,7.096372551262401,0,71,10.005111694335938,101,21,-8.378411115322045
2,COM6,3,1,63,6.897165197590798,0,69,10.004110097885132,101,21,-8.378327986662073
2,COM6,3,1,62,7.695839520427568,0,77,10.005406141281128,100,21,-8.593470459950622
2,COM6,3,1,61,6.29669905141014,0,63,10.005242347717285,100,22,-8.333210716918702
2,COM6,3,1,60,6.296528753414983,0,63,10.005512952804565,99,22,-8.098529005543892
2,COM6,3,1,59,7.496176762263814,0,75,10.00510025024414,99,22,-8.274028000761506
2,COM6,3,1,58,6.896798006353909,0,69,10.004642724990845,98,22,-8.29476479056591
2,COM6,3,1,57,6.196770053222095,0,62,10.005212306976318,98,23,-8.040410814830086
2,COM6,3,1,56,7.196106423397718,0,72,10.00541067123413,97,23,-8.153320651181351
2,COM6,3,1,55,6.996197740376189,0,70,10.00543475151062,97,23,-8.215185479149929
2,COM6,3,1,54,5.79694113966696,0,58,10.005276679992676,96,24,-7.799764600586766
2,COM6,3,1,53,5.6967639184684415,0,57,10.005680561065674,96,24,-7.384999116505364
2,COM6,3,1,52,4.8973153121239745,0,49,10.005481958389282,96,24,-6.63464173454917
2,COM6,3,1,51,5.197234290376635,0,52,10.005321502685547,95,24,-6.145979068716016
2,COM6,3,1,50,5.597036347860107,0,56,10.005295038223267,95,24,-5.865881085216437
2,COM6,3,1,49,5.097327924988586,0,51,10.005242109298706,95,25,-5.450804370485324
2,COM6,3,1,48,4.7974037106793235,0,48,10.005411863327026,94,25,-4.994841644708741
2,COM6,3,1,47,6.3964265568952285,0,64,10.005586624145508,94,25,-4.987603897454291
2,COM6,3,1,46,4.497626210417271,0,45,10.005277872085571,93,25,-4.519962503940513
2,COM6,3,1,45,4.797414342197902,0,48,10.00538969039917,93,26,-4.20190276656887
2,COM6,3,1,44,5.597037014725805,0,56,10.005293846130371,93,26,-4.087314617647034
2,COM6,3,1,43,4.997362217852091,0,50,10.00527834892273,92,26,-3.8691070375683223
2,COM6,3,1,42,3.9977305897392825,0,40,10.005676746368408,92,26,-3.469002185585053
2,COM6,3,1,41,4.297725874708574,0,43,10.00529146194458,92,27,-3.189489453495125
2,COM6,3,1,40,3.7978597161743353,0,38,10.005635499954224,91,27,-2.8629580690257224
2,COM6,3,1,39,3.9981467254486995,0,40,10.004635334014893,91,27,-2.616548498085463
2,COM6,3,1,38,5.397369198420226,0,54,10.004874229431152,91,27,-2.567057318235041
2,COM6,3,1,37,4.597462809761582,0,46,10.005518674850464,90,28,-2.43636274255386
2,COM6,3,1,36,3.098348036834056,0,31,10.005331754684448,90,28,-2.1384508443128367
2,COM6,3,1,35,2.5985771436052314,0,26,10.005475521087646,90,28,-1.8338394413548067
2,COM6,3,1,34,3.598006399423537,0,36,10.00554084777832,90,28,-1.676756094679726
2,COM6,3,1,33,2.7984378189303296,0,28,10.005582332611084,89,28,-1.4723444879221046
2,COM6,3,1,32,3.1984338418425615,0,32,10.004896640777588,89,28,-1.327612059342917
2,COM6,3,1,31,2.598534480735259,0,26,10.005639791488647,89,29,-1.1609994260319367
2,COM6,3,1,30,1.8989443829719217,0,19,10.005558967590332,89,29,-0.9759871325928269
2,COM6,3,1,29,3.5981328639558794,0,36,10.005189180374146,89,29,-0.9054843491320033
2,COM6,3,1,28,2.6985549558565967,0,27,10.005354881286621,88,29,-0.8005983090333897
2,COM6,3,1,27,1.999016768552417,0,20,10.004918575286865,88,29,-0.6777547886577653
2,COM6,3,1,26,2.3987483833225007,0,24,10.005217790603638,88,29,-0.5867188843588285
2,COM6,3,1,25,2.4986351435238534,0,25,10.005462408065796,88,30,-0.5094453694706587
2,COM6,3,1,24,2.498640383017978,0,25,10.005441427230835,88,30,-0.44034835850053655
2,COM6,3,1,23,2.598570022709509,0,26,10.005502939224243,87,30,-0.38118639826043776
2,COM6,3,1,22,2.3987140873371655,0,24,10.005360841751099,87,30,-0.3223258424831019
2,COM6,3,1,21,0.9995271535448876,0,10,10.004730701446533,87,30,-0.23397751147257528
2,COM6,3,1,20,1.3992719909337483,0,14,10.005202770233154,87,30,-0.1662281304834614
2,COM6,3,1,19,1.5990980657829708,0,16,10.005640268325806,87,31,-0.11010571514999512
2,COM6,3,1,18,0.8995184472271434,0,9,10.005353450775146,87,31,-0.04712021473172556
2,COM6,3,1,17,1.2993142695267141,0,13,10.005277633666992,87,31,0.0021492672099674426
2,COM6,3,1,16,1.1993427826281566,0,12,10.00547981262207,86,31,0.047976937949524845
2,COM6,3,1,15,1.299336624277299,0,13,10.00510549545288,86,31,0.08798668177689661
2,COM6,3,1,14,0.9994680374987335,0,10,10.005322456359863,86,31,0.12804177080482249
2,COM6,3,1,13,0.0999527296460805,0,1,10.004729270935059,86,31,0.17402811323034595
2,COM6,3,1,12,0.3997892632288759,0,4,10.005271196365356,86,31,0.2120622428919089
2,COM6,3,1,11,0.5997474922903453,0,6,10.004210233688354,86,31,0.24464684917739143
2,COM6,3,1,10,0.7995517192309037,0,8,10.005606651306152,86,31,0.2727368194979827
2,COM6,3,1,9,0.19988993029999236,0,2,10.00550651550293,86,31,0.3028241832761789
2,COM6,3,1,8,0.49968578308751743,0,5,10.006288290023804,86,31,0.32828865899417337
2,COM6,3,1,7,0.49973313754046844,0,5,10.005340099334717,86,31,0.35170675773011595
2,COM6,3,1,6,0.3997881867150025,0,4,10.005298137664795,86,31,0.3738555197895087
2,COM6,3,1,5,0.39979054933712166,0,4,10.005239009857178,86,31,0.39431702759719234
2,COM6,3,1,4,0.0,0,0,10.005801916122437,86,31,0.39431702759719234
2,COM6,3,1,3,0.0,0,0,10.005468130111694,86,31,0.39431702759719234
2,COM6,3,1,2,0.2998292369648786,0,3,10.005695343017578,86,31,0.41379140545778625
2,COM6,3,1,1,0.19988820606379878,0,2,10.005592823028564,86,31,0.4322359614625181
2,COM6,3,1,0,0.0,0,0,10.005324363708496,86,31,0.4322359614625181
2,COM6,3,2,134,9.795779525475385,0,98,10.004308462142944,,,
2,COM6,3,2,133,7.595430033866533,0,76,10.006016731262207,,,
2,COM6,3,2,132,7.896636359567641,0,79,10.004259586334229,,,
2,COM6,3,2,131,6.796278359380763,0,68,10.005475997924805,,,
2,COM6,3,2,130,8.695259208975056,0,87,10.005452156066895,132,1,-10.869756995932445
2,COM6,3,2,129,10.994213122293928,0,110,10.005263566970825,131,2,-7.216470857125463
2,COM6,3,2,128,8.595371869127932,0,86,10.00538444519043,131,2,-7.176366390803848
2,COM6,3,2,127,8.995591107216095,0,90,10.00490117073059,130,2,-7.2734046717766
2,COM6,3,2,126,8.595390302909049,0,86,10.00536298751831,130,3,-7.328989556776321
2,COM6,3,2,125,8.595202691673943,0,86,10.005581378936768,129,3,-7.596475374318917
2,COM6,3,2,124,9.595046121507615,0,96,10.005162954330444,129,3,-8.178987087711773
2,COM6,3,2,123,7.995748872760235,0,80,10.005316734313965,128,3,-7.91115988360111
2,COM6,3,2,122,7.19661728597181,0,72,10.004700422286987,128,4,-6.567843569848512
2,COM6,3,2,121,8.09537242295235,0,81,10.005716323852539,128,4,-6.849331940519624
2,COM6,3,2,120,8.395532115165171,0,84,10.005321741104126,127,4,-7.496504680486108
2,COM6,3,2,119,8.794974604573888,0,88,10.005713939666748,127,5,-8.408277139419718
2,COM6,3,2,118,8.79485578067619,0,88,10.005849123001099,126,5,-9.320563654831163
2,COM6,3,2,117,6.896394371219481,0,69,10.005228281021118,126,5,-7.8630290635382405
2,COM6,3,2,116,8.994940551817454,0,90,10.005624771118164,125,5,-8.6938768491626
2,COM6,3,2,115,10.294613514228267,0,103,10.005232334136963,124,6,-8.780842017656918
2,COM6,3,2,114,6.995911674712684,0,70,10.005843877792358,124,6,-7.805312248401124
2,COM6,3,2,113,10.094341417422141,0,101,10.005605697631836,123,6,-8.060693533202047
2,COM6,3,2,112,8.196429320417817,0,82,10.004356384277344,123,7,-8.292793654686584
2,COM6,3,2,111,6.496684359898377,0,65,10.005103588104248,123,7,-6.932681299379329
2,COM6,3,2,110,6.396555047465153,0,64,10.005385637283325,122,7,-5.87974917158179
2,COM6,3,2,109,9.894827413895676,0,99,10.00522756576538,122,7,-6.191760207219518
2,COM6,3,2,108,6.996780279727482,0,70,10.00460171699524,121,8,-5.822663591878022
2,COM6,3,2,107,7.1966370085390245,0,72,10.00467300415039,121,8,-5.640612631210101
2,COM6,3,2,106,7.396096258664744,0,74,10.00527811050415,120,8,-5.599263036563674
2,COM6,3,2,105,5.497111276873265,0,55,10.005254983901978,120,8,-4.4508896835781675
2,COM6,3,2,104,8.695282000833155,0,87,10.005425930023193,119,9,-4.784419859376282
2,COM6,3,2,103,8.695213625617308,0,87,10.005504608154297,119,9,-5.126333600334197
2,COM6,3,2,102,8.495409894489553,0,85,10.0054030418396,118,9,-5.447431770015869
2,COM6,3,2,101,7.495823266850244,0,75,10.005572080612183,118,10,-5.5257818151532945
2,COM6,3,2,100,8.095272888574911,0,81,10.005839347839355,117,10,-5.779448252442446
2,COM6,3,2,99,6.596133819727322,0,66,10.005861282348633,117,10,-5.4761430025416935
2,COM6,3,2,98,7.79560994370293,0,78,10.005631446838379,116,11,-5.6622757516273925
2,COM6,3,2,97,8.195559399535327,0,82,10.005418300628662,116,11,-5.936098385400109
2,COM6,3,2,96,7.695894536012571,0,77,10.005334615707397,116,11,-6.096025331213849
2,COM6,3,2,95,8.196484209360824,0,82,10.004289388656616,115,12,-6.3685830580736384
2,COM6,3,2,94,6.69718831088623,0,67,10.0041983127594,115,12,-6.137446787624147
2,COM6,3,2,93,6.596595780475893,0,66,10.005160570144653,114,12,-5.89396287650861
2,COM6,3,2,92,8.295340982734436,0,83,10.005616426467896,114,12,-6.1684919528232545
2,COM6,3,2,91,8.595023895138606,0,86,10.005789518356323,113,13,-6.465421098673762
2,COM6,3,2,90,9.195158313003953,0,92,10.005265474319458,112,13,-6.742367927631604
2,COM6,3,2,89,7.796520074550732,0,78,10.00446343421936,112,13,-6.908406834904871
2,COM6,3,2,88,7.29603756809798,0,73,10.005430936813354,112,14,-6.929358207672461
2,COM6,3,2,87,7.096686422660318,0,71,10.004669189453125,111,14,-6.883423304655217
2,COM6,3,2,86,7.095237704947717,0,71,10.006711959838867,111,14,-6.844920618874868
2,COM6,3,2,85,6.496441310988396,0,65,10.005477905273438,110,14,-6.571886952485018
2,COM6,3,2,84,6.996279930233858,0,70,10.005317211151123,110,15,-6.524152091883194
2,COM6,3,2,83,8.295324774209558,0,83,10.005635976791382,109,15,-6.757181488022646
2,COM6,3,2,82,6.696120235586995,0,67,10.005794048309326,109,15,-6.603018830165584
2,COM6,3,2,81,7.1958128688603065,0,72,10.005818843841553,108,16,-6.631314933320443
2,COM6,3,2,80,6.79638557013208,0,68,10.00531816482544,108,16,-6.537667500808309
2,COM6,3,2,79,7.39637332406562,0,74,10.004903316497803,107,16,-6.628427646772331
2,COM6,3,2,78,9.594752092176757,0,96,10.005469560623169,107,17,-6.774051989075485
2,COM6,3,2,77,7.196782101356296,0,72,10.00447130203247,106,17,-6.804882648081773
2,COM6,3,2,76,6.797160114435068,0,68,10.004178047180176,106,17,-6.720179533783639
2,COM6,3,2,75,7.19600096734648,0,72,10.005557298660278,105,17,-6.759316543183264
2,COM6,3,2,74,7.4960881620004205,0,75,10.005218505859375,105,18,-6.86856750020084
2,COM6,3,2,73,6.396595439991894,0,64,10.005322456359863,105,18,-6.659630450197249
2,COM6,3,2,72,6.896142451901281,0,69,10.00559377670288,104,18,-6.631996564007649
2,COM6,3,2,71,6.896481306553834,0,69,10.005102157592773,104,18,-6.610474150008124
2,COM6,3,2,70,7.396030167885551,0,74,10.005367517471313,103,19,-6.710117203062225
2,COM6,3,2,69,7.595734273890936,0,76,10.005615949630737,103,19,-6.846072474054228
2,COM6,3,2,68,7.196205537756133,0,72,10.00527286529541,102,19,-6.906268430311403
2,COM6,3,2,67,7.495897214118373,0,75,10.005473375320435,102,20,-7.027870765045016
2,COM6,3,2,66,6.796159978024502,0,68,10.005650281906128,101,20,-6.988311811384028
2,COM6,3,2,65,6.296461837076234,0,63,10.005619287490845,101,20,-6.795814998019823
2,COM6,3,2,64,5.697113345794086,0,57,10.005066871643066,100,20,-6.399512784738772
2,COM6,3,2,63,6.796246293982353,0,68,10.005523204803467,100,21,-6.390988845552555
2,COM6,3,2,62,7.495984202265146,0,75,10.005357265472412,99,21,-6.519058238097153
2,COM6,3,2,61,6.796181192437569,0,68,10.005619049072266,99,21,-6.515648772706698
2,COM6,3,2,60,7.096691158001759,0,71,10.00466251373291,99,22,-6.580710101471922
2,COM6,3,2,59,6.996186237284439,0,70,10.005451202392578,98,22,-6.62778220464045
2,COM6,3,2,58,6.0965644264987775,0,61,10.005635261535645,98,22,-6.440314181373374
2,COM6,3,2,57,5.197254477323197,0,52,10.005282640457153,97,22,-5.958724786163862
2,COM6,3,2,56,6.996095380860077,0,70,10.005581140518188,97,23,-6.019914594306325
2,COM6,3,2,55,6.597105128290982,0,66,10.004388093948364,96,23,-6.0064672147558555
2,COM6,3,2,54,3.6980736848386204,0,37,10.005208969116211,96,23,-5.033472675362521
2,COM6,3,2,53,6.796450675592466,0,68,10.00522232055664,96,23,-5.075851283524683
2,COM6,3,2,52,5.4969271075751465,0,55,10.005590200424194,95,24,-4.866939561034438
2,COM6,3,2,51,6.296530703912558,0,63,10.005509853363037,95,24,-4.839417789510983
2,COM6,3,2,50,5.39718823527982,0,54,10.005209684371948,94,24,-4.637980972477441
2,COM6,3,2,49,4.897179597131054,0,49,10.005759239196777,94,24,-4.3453720166817815
2,COM6,3,2,48,4.697539178590012,0,47,10.00523853302002,94,25,-4.045565084047123
2,COM6,3,2,47,6.496393632189467,0,65,10.0055513381958,93,25,-4.076376632407386
2,COM6,3,2,46,4.2975660161801725,0,43,10.005663633346558,93,25,-3.736540066189371
2,COM6,3,2,45,4.297643230153637,0,43,10.005483865737915,93,25,-3.445798053256513
2,COM6,3,2,44,4.897220555893587,0,49,10.005675554275513,92,26,-3.2904861205653857
2,COM6,3,2,43,3.2981236499182143,0,33,10.005689144134521,92,26,-2.8946575837727053
2,COM6,3,2,42,5.097308247557279,0,51,10.00528073310852,92,26,-2.8099195255920772
2,COM6,3,2,41,4.497978094125113,0,45,10.00449514389038,91,26,-2.6640118182218835
2,COM6,3,2,40,5.396980020497296,0,54,10.005595684051514,91,27,-2.6283512098499755
2,COM6,3,2,39,5.097380641818687,0,51,10.005138635635376,91,27,-2.5685655786302464
2,COM6,3,2,38,3.098280778245142,0,31,10.00554895401001,90,27,-2.2887579420773343
2,COM6,3,2,37,3.6980713055179546,0,37,10.005215406417847,90,27,-2.1178188073232427
2,COM6,3,2,36,3.398152459414375,0,34,10.005436897277832,90,27,-1.939139393989409
2,COM6,3,2,35,2.5985188772488024,0,26,10.005699872970581,90,28,-1.7110982859702437
2,COM6,3,2,34,3.598071902654551,0,36,10.005358695983887,89,28,-1.596737530545699
2,COM6,3,2,33,2.89842042698574,0,29,10.005449771881104,89,28,-1.4452351362395155
2,COM6,3,2,32,3.4985298731562047,0,35,10.004202127456665,89,28,-1.3518738002592188
2,COM6,3,2,31,2.9984559142758265,0,30,10.005149602890015,89,28,-1.2385434776818132
2,COM6,3,2,30,2.6985287843296226,0,27,10.005451917648315,88,29,-1.1214176024783158
2,COM6,3,2,29,2.7984630252301885,0,28,10.005492210388184,88,29,-1.0235688132113343
2,COM6,3,2,28,2.498652291040892,0,25,10.005393743515015,88,29,-0.9223888649559562
2,COM6,3,2,27,1.9988641993888847,0,20,10.005682229995728,88,29,-0.8107077060073267
2,COM6,3,2,26,1.8989538401035482,0,19,10.0055091381073,88,29,-0.7091291454364179
2,COM6,3,2,25,1.4991736913348133,0,15,10.00551176071167,87,29,-0.6053261176203606
2,COM6,3,2,24,2.099100314942319,0,21,10.004286050796509,87,29,-0.5346888146154134
2,COM6,3,2,23,1.1993612734612153,0,12,10.005325555801392,87,30,-0.4441507529061288
2,COM6,3,2,22,0.799563436454338,0,8,10.005460023880005,87,30,-0.35402850365898697
2,COM6,3,2,21,1.3992112076519745,0,14,10.005637407302856,87,30,-0.2903033281025933
2,COM6,3,2,20,1.199235449887991,0,12,10.006375312805176,87,30,-0.22893230784518592
2,COM6,3,2,19,1.4992269925370072,0,15,10.00515604019165,87,30,-0.18027387535629713
2,COM6,3,2,18,1.0994278618826554,0,11,10.00520396232605,87,30,-0.12866390540205241
2,COM6,3,2,17,1.2992703363234497,0,13,10.005615949630737,87,30,-0.0857602134356279
2,COM6,3,2,16,0.7994847376006408,0,8,10.006444931030273,86,30,-0.038616577898759274
2,COM6,3,2,15,0.999464846098097,0,10,10.005354404449463,86,30,0.0008599447483974565
2,COM6,3,2,14,0.79954526061554,0,8,10.005687475204468,86,30,0.03958199969140286
2,COM6,3,2,13,0.9995588580603229,0,10,10.004413366317749,86,30,0.0721565371688242
2,COM6,3,2,12,0.09994577250611969,0,1,10.005425691604614,86,30,0.1129558082542409
2,COM6,3,2,11,0.7995446890616837,0,8,10.00569462776184,86,31,0.14200334925129743
2,COM6,3,2,10,0.6996216745567174,0,7,10.005407571792603,86,31,0.16977670206318984
2,COM6,3,2,9,0.5996156104913976,0,6,10.006410598754883,86,31,0.1963519285376728
2,COM6,3,2,8,0.19991400603063572,0,2,10.00430154800415,86,31,0.22456692338616613
2,COM6,3,2,7,0.299870923289083,0,3,10.0043044090271,86,31,0.24962892043154483
2,COM6,3,2,6,0.29986727866742174,0,3,10.004426002502441,86,31,0.2727698401926446
2,COM6,3,2,5,0.19989013511455545,0,2,10.005496263504028,86,31,0.29495429111070093
2,COM6,3,2,4,0.09994407207213389,0,1,10.005595922470093,86,31,0.3162214830015
2,COM6,3,2,3,0.399807917372156,0,4,10.004804372787476,86,31,0.3339613355976071
2,COM6,3,2,2,0.1998938742448882,0,2,10.005309104919434,86,31,0.3518174471347264
2,COM6,3,2,1,0.3997635332760673,0,4,10.00591516494751,86,31,0.3672854044640529
2,COM6,3,2,0,0.09994769687655583,0,1,10.0052330493927,86,31,0.3835271418496161
